date,ticker,sentiment_score,prob_negative,prob_neutral,prob_positive,news_count,sentiment_3d,sentiment_7d,sentiment_14d
2026-05-31,EKIZ,-0.1091936322806262,0.2510284023779294,0.6071368275247674,0.1418347700973032,1,-0.1091936322806262,-0.1091936322806262,-0.1091936322806262
2026-06-01,AEFES,-0.0112062720015912,0.1279899772463064,0.7552263175089783,0.1167837052447152,1,-0.0112062720015912,-0.0112062720015912,-0.0112062720015912
2026-06-01,AFYON,-0.0110737565397146,0.1578719914367594,0.6953297736661959,0.1467982348970448,2,-0.0110737565397146,-0.0110737565397146,-0.0110737565397146
2026-06-01,AGESA,-0.2139030413996051,0.3399607794321356,0.5339814825353338,0.1260577380325305,1,-0.2139030413996051,-0.2139030413996051,-0.2139030413996051
2026-06-01,AHGAZ,0.8083527160070597,0.0526718323421769,0.0863036193085866,0.8610245483492366,1,0.8083527160070597,0.8083527160070597,0.8083527160070597
2026-06-01,AKBNK,-0.0627768721009615,0.1671151513629649,0.7285465693750317,0.1043382792620033,2,-0.0627768721009615,-0.0627768721009615,-0.0627768721009615
2026-06-01,AKFGY,0.0113265562906991,0.1113321159818686,0.7660092117455636,0.1226586722725677,6,0.0113265562906991,0.0113265562906991,0.0113265562906991
2026-06-01,AKGRT,-0.2558935303270434,0.3705033065791752,0.5148869171686931,0.1146097762521318,1,-0.2558935303270434,-0.2558935303270434,-0.2558935303270434
2026-06-01,AKM,0.0182443915849572,0.0974774301191182,0.7868007481768062,0.1157218217040755,4,0.0182443915849572,0.0182443915849572,0.0182443915849572
2026-06-01,AKMEN,0.0182443915849572,0.0974774301191182,0.7868007481768062,0.1157218217040755,4,0.0182443915849572,0.0182443915849572,0.0182443915849572
2026-06-01,AKSEN,-0.217402076534086,0.3664795666179222,0.4844429432982415,0.1490774900838361,1,-0.217402076534086,-0.217402076534086,-0.217402076534086
2026-06-01,AKTVK,0.0205564776944606,0.0514022455620439,0.8766390311814515,0.0719587232565045,2,0.0205564776944606,0.0205564776944606,0.0205564776944606
2026-06-01,AKYHO,0.0104210791841908,0.2238080565917756,0.5419628076322578,0.2342291357759665,1,0.0104210791841908,0.0104210791841908,0.0104210791841908
2026-06-01,ALNUS,0.0111359949523281,0.0300513682100306,0.9287612686276104,0.0411873631623587,1,0.0111359949523281,0.0111359949523281,0.0111359949523281
2026-06-01,ANC,0.0111359949523281,0.0300513682100306,0.9287612686276104,0.0411873631623587,1,0.0111359949523281,0.0111359949523281,0.0111359949523281
2026-06-01,ANSGR,0.0382067332317188,0.2133147021964757,0.5351638623753296,0.2515214354281946,1,0.0382067332317188,0.0382067332317188,0.0382067332317188
2026-06-01,ARDYZ,0.7246512265900074,0.0771354981013162,0.1210777772073601,0.8017867246913236,1,0.7246512265900074,0.7246512265900074,0.7246512265900074
2026-06-01,ASELS,0.7975964910117361,0.0398901562664652,0.1226231964553332,0.8374866472782014,1,0.7975964910117361,0.7975964910117361,0.7975964910117361
2026-06-01,ATLAS,-0.0509638184067195,0.1510838240851553,0.7487961702364089,0.1001200056784357,2,-0.0509638184067195,-0.0509638184067195,-0.0509638184067195
2026-06-01,AVGYO,0.0283276226298842,0.1233284740026116,0.7250154293648924,0.1516560966324959,3,0.0283276226298842,0.0283276226298842,0.0283276226298842
2026-06-01,BAHKM,-0.1007118460884763,0.2183730852521508,0.6639656755841747,0.1176612391636744,1,-0.1007118460884763,-0.1007118460884763,-0.1007118460884763
2026-06-01,BAKAB,0.3645430765051061,0.1082516210104518,0.41895368147399,0.472794697515558,2,0.3645430765051061,0.3645430765051061,0.3645430765051061
2026-06-01,BLS,0.0243419235047936,0.1256139573602277,0.7244301617747508,0.1499558808650214,1,0.0243419235047936,0.0243419235047936,0.0243419235047936
2026-06-01,BLSMD,0.0243419235047936,0.1256139573602277,0.7244301617747508,0.1499558808650214,1,0.0243419235047936,0.0243419235047936,0.0243419235047936
2026-06-01,BOBET,0.8034682268895937,0.0471098052933328,0.1023121625237407,0.8505780321829265,1,0.8034682268895937,0.8034682268895937,0.8034682268895937
2026-06-01,BRKO,-0.0920468519053419,0.2391755308750447,0.6136957901552524,0.1471286789697028,1,-0.0920468519053419,-0.0920468519053419,-0.0920468519053419
2026-06-01,BRMEN,0.0335072880829603,0.1234196469690263,0.7196534179789871,0.1569269350519866,4,0.0335072880829603,0.0335072880829603,0.0335072880829603
2026-06-01,BRSAN,0.6288248155160161,0.0863666923213593,0.1984417998412652,0.7151915078373754,1,0.6288248155160161,0.6288248155160161,0.6288248155160161
2026-06-01,BULGS,-0.021023190066971,0.1107063981293413,0.7996103938082884,0.0896832080623703,2,-0.021023190066971,-0.021023190066971,-0.021023190066971
2026-06-01,CIMSA,-0.0415516451629817,0.1828794552633852,0.6757927346362111,0.1413278101004035,5,-0.0415516451629817,-0.0415516451629817,-0.0415516451629817
2026-06-01,CMSAN,0.0230215752422125,0.0351338019515935,0.9067108208546004,0.0581553771938061,1,0.0230215752422125,0.0230215752422125,0.0230215752422125
2026-06-01,CVKMD,-0.1020353449500991,0.2286969041913164,0.6446415365674661,0.1266615592412173,1,-0.1020353449500991,-0.1020353449500991,-0.1020353449500991
2026-06-01,DAPGM,0.5874422311023288,0.101439280598805,0.2096792077000611,0.6888815117011339,1,0.5874422311023288,0.5874422311023288,0.5874422311023288
2026-06-01,DCTTR,0.0262656625539452,0.1339206905575142,0.7058929563310262,0.1601863531114594,1,0.0262656625539452,0.0262656625539452,0.0262656625539452
2026-06-01,DESPC,-0.1364360684442429,0.2678192285086863,0.6007976114268702,0.1313831600644434,1,-0.1364360684442429,-0.1364360684442429,-0.1364360684442429
2026-06-01,DNZEN,0.0322185808415133,0.0468469533678334,0.8740875124228199,0.0790655342093467,1,0.0322185808415133,0.0322185808415133,0.0322185808415133
2026-06-01,DOGVY,0.0115057258107579,0.0450745381081477,0.8983451979729467,0.0565802639189056,1,0.0115057258107579,0.0115057258107579,0.0115057258107579
2026-06-01,DOHOL,-0.1591859140087199,0.3300546212075615,0.4990766715935967,0.1708687071988416,1,-0.1591859140087199,-0.1591859140087199,-0.1591859140087199
2026-06-01,DUNYH,-0.0174738974162359,0.1222193324665336,0.7730352324831686,0.1047454350502977,2,-0.0174738974162359,-0.0174738974162359,-0.0174738974162359
2026-06-01,EBEBK,-0.1432796447108023,0.2614375520013101,0.6204045407081822,0.1181579072905077,2,-0.1432796447108023,-0.1432796447108023,-0.1432796447108023
2026-06-01,ECOGR,-0.0651746180351557,0.2092551597119631,0.6466642986112295,0.1440805416768073,2,-0.0651746180351557,-0.0651746180351557,-0.0651746180351557
2026-06-01,EKGYO,-0.0420420302368701,0.1675482952504378,0.7069454397359944,0.1255062650135677,3,-0.0420420302368701,-0.0420420302368701,-0.0420420302368701
2026-06-01,EKTVK,0.0192473810113762,0.0559287463357018,0.86889512631722,0.0751761273470781,2,0.0192473810113762,0.0192473810113762,0.0192473810113762
2026-06-01,EMVAR,0.0186586362985983,0.0494082118545017,0.8825249399923981,0.0680668481531001,3,0.0186586362985983,0.0186586362985983,0.0186586362985983
2026-06-01,ETYAT,-0.0365966197948792,0.1401599620781863,0.7562766956385065,0.103563342283307,2,-0.0365966197948792,-0.0365966197948792,-0.0365966197948792
2026-06-01,EUKYO,-0.0365966197948792,0.1401599620781863,0.7562766956385065,0.103563342283307,2,-0.0365966197948792,-0.0365966197948792,-0.0365966197948792
2026-06-01,EUYO,-0.0337010411760751,0.1322084557810877,0.7692841296138996,0.0985074146050126,2,-0.0337010411760751,-0.0337010411760751,-0.0337010411760751
2026-06-01,EXIMB,0.0156388351971976,0.0506682330275505,0.8830246987477014,0.0663070682247481,1,0.0156388351971976,0.0156388351971976,0.0156388351971976
2026-06-01,FADE,0.0030250707339881,0.0888676390664336,0.8192396511331443,0.0918927098004218,1,0.0030250707339881,0.0030250707339881,0.0030250707339881
2026-06-01,FIN,-0.1095282942868574,0.198968382164628,0.7115915299576013,0.0894400878777706,2,-0.1095282942868574,-0.1095282942868574,-0.1095282942868574
2026-06-01,FORTE,0.697695282227449,0.0817143916181878,0.1388759345361754,0.7794096738456369,1,0.697695282227449,0.697695282227449,0.697695282227449
2026-06-01,GRNYO,-0.0362159213861983,0.1566641849462942,0.72288755149361,0.1204482635600958,3,-0.0362159213861983,-0.0362159213861983,-0.0362159213861983
2026-06-01,GUNDG,-0.009685586291345,0.1320356362638394,0.7456143137636662,0.1223500499724943,4,-0.009685586291345,-0.009685586291345,-0.009685586291345
2026-06-01,HEDEF,0.6795444848902354,0.0829089824452122,0.1546375502193399,0.7624534673354477,1,0.6795444848902354,0.6795444848902354,0.6795444848902354
2026-06-01,HLVKS,0.0178932688074793,0.0411209852589686,0.8998647606745834,0.0590142540664479,1,0.0178932688074793,0.0178932688074793,0.0178932688074793
2026-06-01,IMASM,0.179559340987339,0.1259671305862624,0.568506397840136,0.3055264715736015,3,0.179559340987339,0.179559340987339,0.179559340987339
2026-06-01,INDES,-0.1021242397821514,0.2378846532969298,0.6263549331882918,0.1357604135147783,1,-0.1021242397821514,-0.1021242397821514,-0.1021242397821514
2026-06-01,INFO,0.0247387543344979,0.0896839257415894,0.795893394182323,0.1144226800760874,2,0.0247387543344979,0.0247387543344979,0.0247387543344979
2026-06-01,ISFIN,0.0134370098205567,0.1322273069606301,0.7221083762581829,0.1456643167811868,1,0.0134370098205567,0.0134370098205567,0.0134370098205567
2026-06-01,ISMEN,0.0161122158784812,0.0836796478193483,0.8165284884828221,0.0997918636978295,4,0.0161122158784812,0.0161122158784812,0.0161122158784812
2026-06-01,ISYAT,0.0232821517096559,0.0751373719245844,0.8264431044411752,0.0984195236342403,1,0.0232821517096559,0.0232821517096559,0.0232821517096559
2026-06-01,IYF,0.0247387543344979,0.0896839257415894,0.795893394182323,0.1144226800760874,2,0.0247387543344979,0.0247387543344979,0.0247387543344979
2026-06-01,IYM,0.0161122158784812,0.0836796478193483,0.8165284884828221,0.0997918636978295,4,0.0161122158784812,0.0161122158784812,0.0161122158784812
2026-06-01,KAREL,0.0238412723016368,0.1089512023157037,0.7582563230669559,0.1327924746173405,1,0.0238412723016368,0.0238412723016368,0.0238412723016368
2026-06-01,KAYSE,-0.2883229753863779,0.4094159760818135,0.4694910232227509,0.1210930006954355,1,-0.2883229753863779,-0.2883229753863779,-0.2883229753863779
2026-06-01,KCAER,-0.0624470595043228,0.1667957405390349,0.7288555784262529,0.1043486810347121,2,-0.0624470595043228,-0.0624470595043228,-0.0624470595043228
2026-06-01,KIMMR,0.0639912817713724,0.107188918847722,0.7216308805331836,0.1711802006190944,1,0.0639912817713724,0.0639912817713724,0.0639912817713724
2026-06-01,KLGYO,0.0735622100757335,0.1023758235006244,0.7216861429230176,0.175938033576358,1,0.0735622100757335,0.0735622100757335,0.0735622100757335
2026-06-01,KMPUR,0.0451960230693757,0.1596144436185789,0.6355750896934663,0.2048104666879546,1,0.0451960230693757,0.0451960230693757,0.0451960230693757
2026-06-01,KNTFA,0.0174566719033389,0.0367070525030895,0.9091292230904818,0.0541637244064285,1,0.0174566719033389,0.0174566719033389,0.0174566719033389
2026-06-01,KONKA,0.3753514633374144,0.0901322320106062,0.4443840726413731,0.4654836953480207,5,0.3753514633374144,0.3753514633374144,0.3753514633374144
2026-06-01,KOTON,0.0156452407230005,0.0636725879379349,0.8570095834011295,0.0793178286609355,1,0.0156452407230005,0.0156452407230005,0.0156452407230005
2026-06-01,KTLEV,-0.2492960823590187,0.3738262579313148,0.501643566496389,0.1245301755722961,2,-0.2492960823590187,-0.2492960823590187,-0.2492960823590187
2026-06-01,KTSVK,0.018504798785632,0.0473768049109599,0.886741591392448,0.065881603696592,2,0.018504798785632,0.018504798785632,0.018504798785632
2026-06-01,LIDER,0.824330939006812,0.0512332312436053,0.0732025985059773,0.8755641702504173,1,0.824330939006812,0.824330939006812,0.824330939006812
2026-06-01,MEDTR,0.5925559196622294,0.0934331656586469,0.2205777490204767,0.6859890853208763,1,0.5925559196622294,0.5925559196622294,0.5925559196622294
2026-06-01,MEPET,0.0353983850947508,0.1286315310007116,0.707338552903826,0.1640299160954624,4,0.0353983850947508,0.0353983850947508,0.0353983850947508
2026-06-01,MERCN,-0.0084081794746684,0.0824605488294362,0.843487081815796,0.0740523693547678,2,-0.0084081794746684,-0.0084081794746684,-0.0084081794746684
2026-06-01,MIATK,0.3966770868263646,0.1904042725464872,0.2225143680806608,0.5870813593728519,1,0.3966770868263646,0.3966770868263646,0.3966770868263646
2026-06-01,MINTF,0.0129287852347827,0.0337980621046858,0.9194750905558456,0.0467268473394685,1,0.0129287852347827,0.0129287852347827,0.0129287852347827
2026-06-01,MMCAS,-0.0269781583991239,0.1224046580414442,0.7821688423162354,0.0954264996423203,2,-0.0269781583991239,-0.0269781583991239,-0.0269781583991239
2026-06-01,MRBAS,0.0146393490031131,0.1013833448365411,0.7825939613238044,0.1160226938396542,2,0.0146393490031131,0.0146393490031131,0.0146393490031131
2026-06-01,MRGYO,0.0419057729402047,0.1284943493635446,0.701105528332706,0.1704001223037494,3,0.0419057729402047,0.0419057729402047,0.0419057729402047
2026-06-01,MRS,0.0146393490031131,0.1013833448365411,0.7825939613238044,0.1160226938396542,2,0.0146393490031131,0.0146393490031131,0.0146393490031131
2026-06-01,MTRYO,-0.0544891155064404,0.1640835965954758,0.7263219223154888,0.1095944810890353,2,-0.0544891155064404,-0.0544891155064404,-0.0544891155064404
2026-06-01,NUHCM,-0.0142978494745941,0.2003048225920785,0.6136882042904372,0.1860069731174843,1,-0.0142978494745941,-0.0142978494745941,-0.0142978494745941
2026-06-01,ONRYT,0.1457921610422777,0.1403583867306928,0.5734910654963365,0.2861505477729706,4,0.1457921610422777,0.1457921610422777,0.1457921610422777
2026-06-01,OYA,0.0143978847408829,0.0954617465729673,0.7946786221131826,0.1098596313138502,1,0.0143978847408829,0.0143978847408829,0.0143978847408829
2026-06-01,OYAYO,-0.024187364126893,0.1226808931199334,0.7788255778870263,0.0984935289930403,2,-0.024187364126893,-0.024187364126893,-0.024187364126893
2026-06-01,OYYAT,0.0143978847408829,0.0954617465729673,0.7946786221131826,0.1098596313138502,1,0.0143978847408829,0.0143978847408829,0.0143978847408829
2026-06-01,PASEU,-0.0573394853975326,0.1820719317245207,0.6931956219484912,0.1247324463269881,3,-0.0573394853975326,-0.0573394853975326,-0.0573394853975326
2026-06-01,PBT,0.0086840886727996,0.0585965445641054,0.8741228221989894,0.067280633236905,2,0.0086840886727996,0.0086840886727996,0.0086840886727996
2026-06-01,PBTR,0.0086840886727996,0.0585965445641054,0.8741228221989894,0.067280633236905,2,0.0086840886727996,0.0086840886727996,0.0086840886727996
2026-06-01,PGSUS,0.0070596613260661,0.2248550273357517,0.5432302840024303,0.2319146886618178,2,0.0070596613260661,0.0070596613260661,0.0070596613260661
2026-06-01,PNSUT,0.0194324830320474,0.0442286682090696,0.8921101805498132,0.0636611512411171,1,0.0194324830320474,0.0194324830320474,0.0194324830320474
2026-06-01,POLTK,0.0601388736533408,0.1524819644045209,0.6348971975376175,0.2126208380578617,1,0.0601388736533408,0.0601388736533408,0.0601388736533408
2026-06-01,QNBTR,-0.1095282942868574,0.198968382164628,0.7115915299576013,0.0894400878777706,2,-0.1095282942868574,-0.1095282942868574,-0.1095282942868574
2026-06-01,SAHOL,-0.0746978321868556,0.220200679542972,0.6342964731009116,0.1455028473561163,2,-0.0746978321868556,-0.0746978321868556,-0.0746978321868556
2026-06-01,SAYAS,0.0395118193826317,0.0814392385517185,0.7976097035139312,0.1209510579343502,2,0.0395118193826317,0.0395118193826317,0.0395118193826317
2026-06-01,SMRVA,0.0120752657409655,0.0403906456537964,0.9071434429514416,0.0524659113947619,2,0.0120752657409655,0.0120752657409655,0.0120752657409655
2026-06-01,SNPAM,-0.0196476676047427,0.1908936162747322,0.6378604350552783,0.1712459486699894,3,-0.0196476676047427,-0.0196476676047427,-0.0196476676047427
2026-06-01,SONME,-0.0108311126520621,0.1802051393015317,0.6504208340489986,0.1693740266494696,3,-0.0108311126520621,-0.0108311126520621,-0.0108311126520621
2026-06-01,TATEN,-0.0313147141779837,0.1285865590771199,0.7741415960237439,0.0972718448991361,2,-0.0313147141779837,-0.0313147141779837,-0.0313147141779837
2026-06-01,TATGD,0.0121036548661819,0.0407495349489166,0.9063972752359848,0.0528531898150985,1,0.0121036548661819,0.0121036548661819,0.0121036548661819
2026-06-01,TCELL,-0.0973502518260717,0.2252949724461218,0.6467603069338281,0.12794472062005,2,-0.0973502518260717,-0.0973502518260717,-0.0973502518260717
2026-06-01,TEBFA,-0.1115652809439845,0.2342857825565418,0.6429937158309009,0.1227205016125572,2,-0.1115652809439845,-0.1115652809439845,-0.1115652809439845
2026-06-01,TEHOL,0.0118250907717166,0.1163442204428643,0.7554864683425548,0.1281693112145809,1,0.0118250907717166,0.0118250907717166,0.0118250907717166
2026-06-01,THR,0.0156388351971976,0.0506682330275505,0.8830246987477014,0.0663070682247481,1,0.0156388351971976,0.0156388351971976,0.0156388351971976
2026-06-01,TRILC,-0.2122159702419817,0.3351719876971927,0.5418719948475963,0.122956017455211,1,-0.2122159702419817,-0.2122159702419817,-0.2122159702419817
2026-06-01,TVB,0.0162349427239796,0.0537033221487764,0.8763584129784674,0.069938264872756,1,0.0162349427239796,0.0162349427239796,0.0162349427239796
2026-06-01,VAKBN,0.0162349427239796,0.0537033221487764,0.8763584129784674,0.069938264872756,1,0.0162349427239796,0.0162349427239796,0.0162349427239796
2026-06-01,VAKFA,-0.069854573441798,0.2171455978388095,0.6355633777641789,0.1472910243970115,2,-0.069854573441798,-0.069854573441798,-0.069854573441798
2026-06-01,VAKFN,-0.0462341582232522,0.1979994880025062,0.6502351822182397,0.1517653297792539,5,-0.0462341582232522,-0.0462341582232522,-0.0462341582232522
2026-06-01,VKFYO,-0.1191072975391567,0.2232930143046258,0.6725212689299052,0.104185716765469,1,-0.1191072975391567,-0.1191072975391567,-0.1191072975391567
2026-06-01,VKING,-0.002776409947674,0.1167930842371459,0.7691902414733822,0.1140166742894719,1,-0.002776409947674,-0.002776409947674,-0.002776409947674
2026-06-01,YBTAS,0.0633253643970123,0.2457541205950609,0.4451663944128657,0.3090794849920733,1,0.0633253643970123,0.0633253643970123,0.0633253643970123
2026-06-01,YEOTK,0.764714260428938,0.0677243757886666,0.0998369879937288,0.8324386362176046,1,0.764714260428938,0.764714260428938,0.764714260428938
2026-06-01,YKB,0.0147256967543858,0.0397861042983778,0.9057020946488584,0.0545118010527636,1,0.0147256967543858,0.0147256967543858,0.0147256967543858
2026-06-01,YKBNK,0.0147256967543858,0.0397861042983778,0.9057020946488584,0.0545118010527636,1,0.0147256967543858,0.0147256967543858,0.0147256967543858
2026-06-01,YKR,0.0114720745311634,0.0313486179966246,0.9258306894755872,0.0428206925277881,1,0.0114720745311634,0.0114720745311634,0.0114720745311634
2026-06-01,YKYAT,0.0114720745311634,0.0313486179966246,0.9258306894755872,0.0428206925277881,1,0.0114720745311634,0.0114720745311634,0.0114720745311634
2026-06-01,YYLGD,-0.0462697105591255,0.1352144513937318,0.775840807771662,0.0889447408346062,3,-0.0462697105591255,-0.0462697105591255,-0.0462697105591255
2026-06-02,A1CAP,-0.0124222040460292,0.102997895577916,0.8064264128901972,0.0905756915318867,1,-0.0124222040460292,-0.0124222040460292,-0.0124222040460292
2026-06-02,A1YEN,0.0396537816536456,0.1331315405198783,0.6940831373065979,0.1727853221735239,1,0.0396537816536456,0.0396537816536456,0.0396537816536456
2026-06-02,ACP,-0.0124222040460292,0.102997895577916,0.8064264128901972,0.0905756915318867,1,-0.0124222040460292,-0.0124222040460292,-0.0124222040460292
2026-06-02,AFB,0.0449325174684503,0.0876159977300939,0.7798354870713619,0.1325485151985442,2,0.0449325174684503,0.0449325174684503,0.0449325174684503
2026-06-02,AHGAZ,0.8202536419222413,0.0499359397442059,0.079874478589347,0.8701895816664471,1,0.8202536419222413,0.8202536419222413,0.8202536419222413
2026-06-02,AKBNK,-0.0572557994264624,0.1706399217741152,0.7159759558782319,0.1133841223476527,2,-0.0572557994264624,-0.0572557994264624,-0.0572557994264624
2026-06-02,AKGRT,-0.1595785394732347,0.2730445859786226,0.6134893675159895,0.1134660465053878,2,-0.1595785394732347,-0.1595785394732347,-0.1595785394732347
2026-06-02,AKM,0.0099745092988698,0.0344407414250936,0.9211440078509427,0.0444152507239634,1,0.0099745092988698,0.0099745092988698,0.0099745092988698
2026-06-02,AKMEN,0.0099745092988698,0.0344407414250936,0.9211440078509427,0.0444152507239634,1,0.0099745092988698,0.0099745092988698,0.0099745092988698
2026-06-02,AKTIF,0.0449325174684503,0.0876159977300939,0.7798354870713619,0.1325485151985442,2,0.0449325174684503,0.0449325174684503,0.0449325174684503
2026-06-02,ALFAS,0.1472102959520642,0.1027691550095358,0.647251394028864,0.2499794509616001,4,0.1472102959520642,0.1472102959520642,0.1472102959520642
2026-06-02,ALKA,-0.1239298931192135,0.2419142622158272,0.6401013686875591,0.1179843690966136,1,-0.1239298931192135,-0.1239298931192135,-0.1239298931192135
2026-06-02,ALNUS,0.0108181661629279,0.0323872877526455,0.9244072583317812,0.0432054539155734,2,0.0108181661629279,0.0108181661629279,0.0108181661629279
2026-06-02,ALVES,0.1729087541268566,0.1454074182767514,0.5362764093196405,0.318316172403608,2,0.1729087541268566,0.1729087541268566,0.1729087541268566
2026-06-02,ANC,0.0108181661629279,0.0323872877526455,0.9244072583317812,0.0432054539155734,2,0.0108181661629279,0.0108181661629279,0.0108181661629279
2026-06-02,ASTOR,0.5549310288285028,0.0955977339988197,0.2538735031738578,0.6505287628273224,1,0.5549310288285028,0.5549310288285028,0.5549310288285028
2026-06-02,ASUZU,0.0344959844741628,0.1757411661186684,0.6140216832885003,0.2102371505928312,1,0.0344959844741628,0.0344959844741628,0.0344959844741628
2026-06-02,ATAKP,0.1070877946325811,0.1462306951588949,0.6004508150496289,0.2533184897914761,3,0.1070877946325811,0.1070877946325811,0.1070877946325811
2026-06-02,ATLFA,0.016879513614159,0.0376866522856764,0.9077471818144882,0.0545661658998355,1,0.016879513614159,0.016879513614159,0.016879513614159
2026-06-02,BINHO,0.3041583843413252,0.1322864660181075,0.4312686836224597,0.4364448503594327,1,0.3041583843413252,0.3041583843413252,0.3041583843413252
2026-06-02,BLCYT,0.5587007415360155,0.0681377326427749,0.3050237931784346,0.6268384741787905,1,0.5587007415360155,0.5587007415360155,0.5587007415360155
2026-06-02,BLS,0.0243419235047936,0.1256139573602277,0.7244301617747508,0.1499558808650214,1,0.0243419235047936,0.0243419235047936,0.0243419235047936
2026-06-02,BLSMD,0.0243419235047936,0.1256139573602277,0.7244301617747508,0.1499558808650214,1,0.0243419235047936,0.0243419235047936,0.0243419235047936
2026-06-02,CCOLA,0.0109648220857253,0.0373215784404444,0.9143920210333858,0.0482864005261697,1,0.0109648220857253,0.0109648220857253,0.0109648220857253
2026-06-02,CELHA,-0.1954436187024077,0.3303792455746583,0.5346851275530912,0.1349356268722505,1,-0.1954436187024077,-0.1954436187024077,-0.1954436187024077
2026-06-02,CEMAS,-0.1166551890348286,0.1847479390067391,0.7471593110213504,0.0680927499719105,1,-0.1166551890348286,-0.1166551890348286,-0.1166551890348286
2026-06-02,CGCAM,-0.0355366446808836,0.1778377533737689,0.6798611379333458,0.1423011086928853,3,-0.0355366446808836,-0.0355366446808836,-0.0355366446808836
2026-06-02,CRFSA,-0.0048994545122257,0.108609144267794,0.7876811659766376,0.1037096897555682,1,-0.0048994545122257,-0.0048994545122257,-0.0048994545122257
2026-06-02,CWENE,-0.0821059833932237,0.2685038512106544,0.5450982809719149,0.1863978678174306,1,-0.0821059833932237,-0.0821059833932237,-0.0821059833932237
2026-06-02,DERHL,0.3095772457399031,0.1470384101083326,0.3963459340434315,0.4566156558482357,2,0.3095772457399031,0.3095772457399031,0.3095772457399031
2026-06-02,EGEEN,-0.1201206475504852,0.2855701947620214,0.5489802580264422,0.1654495472115361,1,-0.1201206475504852,-0.1201206475504852,-0.1201206475504852
2026-06-02,EKSUN,-0.124803851274892,0.2341130265907098,0.6565777980934724,0.1093091753158177,1,-0.124803851274892,-0.124803851274892,-0.124803851274892
2026-06-02,EMVAR,0.0190467383276634,0.0580172774193117,0.864918706833713,0.0770640157469752,2,0.0190467383276634,0.0190467383276634,0.0190467383276634
2026-06-02,ENJSA,0.0193044301096656,0.0410903284865604,0.8985149129172133,0.0603947585962261,1,0.0193044301096656,0.0193044301096656,0.0193044301096656
2026-06-02,ENPRA,-0.2510227451578564,0.3649731693715259,0.5210764064148045,0.1139504242136695,1,-0.2510227451578564,-0.2510227451578564,-0.2510227451578564
2026-06-02,ERGLI,-0.1181812439621087,0.2508525387681725,0.6164761664257637,0.1326712948060637,1,-0.1181812439621087,-0.1181812439621087,-0.1181812439621087
2026-06-02,ESEN,-0.203832179717184,0.3414575959643012,0.5209169877885815,0.1376254162471172,1,-0.203832179717184,-0.203832179717184,-0.203832179717184
2026-06-02,ETYAT,-0.097136834014876,0.2036970678701662,0.6897426982745436,0.1065602338552901,1,-0.097136834014876,-0.097136834014876,-0.097136834014876
2026-06-02,EUKYO,-0.097136834014876,0.2036970678701662,0.6897426982745436,0.1065602338552901,1,-0.097136834014876,-0.097136834014876,-0.097136834014876
2026-06-02,EUPWR,0.7150332255214613,0.0677126281141664,0.1495415182502059,0.7827458536356277,1,0.7150332255214613,0.7150332255214613,0.7150332255214613
2026-06-02,EUYO,-0.0906507119107435,0.1926719590356213,0.7053067938395009,0.1020212471248777,1,-0.0906507119107435,-0.0906507119107435,-0.0906507119107435
2026-06-02,FRIGO,0.0120682808852427,0.0844445154166005,0.819042688281556,0.0965127963018432,1,0.0120682808852427,0.0120682808852427,0.0120682808852427
2026-06-02,GARAN,0.0147478080763183,0.0396104211293047,0.9060313496650724,0.054358229205623,1,0.0147478080763183,0.0147478080763183,0.0147478080763183
2026-06-02,GLRMK,0.1876824741415254,0.1458294359757314,0.5206586539070117,0.3335119101172569,3,0.1876824741415254,0.1876824741415254,0.1876824741415254
2026-06-02,GLRYH,-0.1976435571042172,0.3352832934597018,0.5270769701848136,0.1376397363554845,1,-0.1976435571042172,-0.1976435571042172,-0.1976435571042172
2026-06-02,GLYHO,0.8324346307120287,0.0463489619800408,0.0748674453278896,0.8787835926920696,1,0.8324346307120287,0.8324346307120287,0.8324346307120287
2026-06-02,GRNYO,-0.0566754111459113,0.1608137870998377,0.735047836946236,0.1041383759539263,1,-0.0566754111459113,-0.0566754111459113,-0.0566754111459113
2026-06-02,GSDHO,-0.182125719803186,0.3646633430498369,0.4527990337035121,0.1825376232466509,2,-0.182125719803186,-0.182125719803186,-0.182125719803186
2026-06-02,HALKB,-0.0172266085664151,0.1305623222252727,0.7561019641158696,0.1133357136588576,1,-0.0172266085664151,-0.0172266085664151,-0.0172266085664151
2026-06-02,HDFFL,0.0139316132792101,0.027497864120324,0.9310726584801416,0.0414294773995342,1,0.0139316132792101,0.0139316132792101,0.0139316132792101
2026-06-02,HEDEF,-0.118863839231914,0.2644751548082881,0.5899135296153378,0.145611315576374,3,-0.118863839231914,-0.118863839231914,-0.118863839231914
2026-06-02,HLVKS,0.0185923208814153,0.089757544802286,0.8018925895140125,0.1083498656837013,2,0.0185923208814153,0.0185923208814153,0.0185923208814153
2026-06-02,HUZFA,0.0165100195123045,0.0393579316775463,0.9047741171326028,0.0558679511898509,1,0.0165100195123045,0.0165100195123045,0.0165100195123045
2026-06-02,IHLAS,0.3977264929006756,0.1668787837608809,0.2685159395775625,0.5646052766615565,1,0.3977264929006756,0.3977264929006756,0.3977264929006756
2026-06-02,INFO,-0.195791565991896,0.2959227838246224,0.6039459983426514,0.1001312178327263,1,-0.195791565991896,-0.195791565991896,-0.195791565991896
2026-06-02,INGRM,0.3372666836902083,0.1508780915098005,0.3609771332901906,0.4881447752000089,2,0.3372666836902083,0.3372666836902083,0.3372666836902083
2026-06-02,INVEO,0.0101365543062911,0.1171810902656686,0.7555012651623714,0.1273176445719598,1,0.0101365543062911,0.0101365543062911,0.0101365543062911
2026-06-02,ISATR,0.0137482387194534,0.0443848913760433,0.8974819785284599,0.0581331300954967,1,0.0137482387194534,0.0137482387194534,0.0137482387194534
2026-06-02,ISBTR,0.0137482387194534,0.0443848913760433,0.8974819785284599,0.0581331300954967,1,0.0137482387194534,0.0137482387194534,0.0137482387194534
2026-06-02,ISCTR,0.0137482387194534,0.0443848913760433,0.8974819785284599,0.0581331300954967,1,0.0137482387194534,0.0137482387194534,0.0137482387194534
2026-06-02,ISKUR,0.0137482387194534,0.0443848913760433,0.8974819785284599,0.0581331300954967,1,0.0137482387194534,0.0137482387194534,0.0137482387194534
2026-06-02,ISMEN,-0.0555062337671357,0.1722034401722977,0.7110993534225402,0.1166972064051619,3,-0.0555062337671357,-0.0555062337671357,-0.0555062337671357
2026-06-02,IYF,-0.195791565991896,0.2959227838246224,0.6039459983426514,0.1001312178327263,1,-0.195791565991896,-0.195791565991896,-0.195791565991896
2026-06-02,IYM,-0.0555062337671357,0.1722034401722977,0.7110993534225402,0.1166972064051619,3,-0.0555062337671357,-0.0555062337671357,-0.0555062337671357
2026-06-02,IZFAS,0.1879443860335433,0.1176847925192238,0.5766860289280089,0.3056291785527672,3,0.1879443860335433,0.1879443860335433,0.1879443860335433
2026-06-02,KAREL,0.1384721503657873,0.1681488940803854,0.525230061473442,0.3066210444461728,2,0.1384721503657873,0.1384721503657873,0.1384721503657873
2026-06-02,KLYPV,-0.0600132607630346,0.1668428132911342,0.7263276341807661,0.1068295525280996,3,-0.0600132607630346,-0.0600132607630346,-0.0600132607630346
2026-06-02,KNTFA,0.0188536999518872,0.0451231577715478,0.890899984505017,0.0639768577234351,1,0.0188536999518872,0.0188536999518872,0.0188536999518872
2026-06-02,KTLEV,-0.2699082954816924,0.3915937676577516,0.4867207601661891,0.1216854721760591,1,-0.2699082954816924,-0.2699082954816924,-0.2699082954816924
2026-06-02,KTSVK,0.018504798785632,0.0473768049109599,0.886741591392448,0.065881603696592,1,0.018504798785632,0.018504798785632,0.018504798785632
2026-06-02,KZBGY,-0.1150100456327117,0.2223232384540679,0.6703635687245759,0.1073131928213562,1,-0.1150100456327117,-0.1150100456327117,-0.1150100456327117
2026-06-02,LIDFA,0.0207347722665985,0.0449032244608753,0.8894587788116509,0.0656379967274739,1,0.0207347722665985,0.0207347722665985,0.0207347722665985
2026-06-02,MGROS,-0.0349912895459979,0.1859127768194558,0.6631657359070863,0.1509214872734578,3,-0.0349912895459979,-0.0349912895459979,-0.0349912895459979
2026-06-02,MINTF,0.0137058697453532,0.0548600469144611,0.8765740364257245,0.0685659166598143,1,0.0137058697453532,0.0137058697453532,0.0137058697453532
2026-06-02,MOBTL,0.221715953417595,0.0930037634324232,0.5922765197175586,0.3147197168500182,5,0.221715953417595,0.221715953417595,0.221715953417595
2026-06-02,MRSHL,0.0044242516409627,0.2260003078528584,0.5435751326533204,0.2304245594938211,1,0.0044242516409627,0.0044242516409627,0.0044242516409627
2026-06-02,NRBNK,0.013330225964528,0.0338090193411808,0.91905173535311,0.0471392453057088,1,0.013330225964528,0.013330225964528,0.013330225964528
2026-06-02,NYB,0.013330225964528,0.0338090193411808,0.91905173535311,0.0471392453057088,1,0.013330225964528,0.013330225964528,0.013330225964528
2026-06-02,ODINE,0.0514369800504383,0.1735679966320287,0.6014270266855042,0.225004976682467,1,0.0514369800504383,0.0514369800504383,0.0514369800504383
2026-06-02,ONRYT,-0.134053025661966,0.283192929864397,0.567667165933172,0.1491399042024309,4,-0.134053025661966,-0.134053025661966,-0.134053025661966
2026-06-02,ORFIN,0.0251416975399244,0.1045016997755504,0.7658549029089747,0.1296433973154748,2,0.0251416975399244,0.0251416975399244,0.0251416975399244
2026-06-02,ORGE,0.0535744204832744,0.1964975364233387,0.5534305066700481,0.2500719569066131,1,0.0535744204832744,0.0535744204832744,0.0535744204832744
2026-06-02,ORMA,0.0115703583015601,0.0874627792552078,0.8135040831880241,0.0990331375567679,1,0.0115703583015601,0.0115703583015601,0.0115703583015601
2026-06-02,OTKAR,-0.0411219870890922,0.1315624443933993,0.7779970983022936,0.090440457304307,3,-0.0411219870890922,-0.0411219870890922,-0.0411219870890922
2026-06-02,OYA,0.0111052450238623,0.0936259817790101,0.8016427914181172,0.1047312268028724,1,0.0111052450238623,0.0111052450238623,0.0111052450238623
2026-06-02,OYAYO,-0.0710236592077837,0.172150023290422,0.7267236126269396,0.1011263640826383,1,-0.0710236592077837,-0.0710236592077837,-0.0710236592077837
2026-06-02,OYYAT,0.0111052450238623,0.0936259817790101,0.8016427914181172,0.1047312268028724,1,0.0111052450238623,0.0111052450238623,0.0111052450238623
2026-06-02,PETKM,-0.0941927113506854,0.2242374058178193,0.6457178997150468,0.1300446944671339,2,-0.0941927113506854,-0.0941927113506854,-0.0941927113506854
2026-06-02,PKART,0.4256051807667581,0.1028159201305031,0.3687629789722355,0.5284211008972612,1,0.4256051807667581,0.4256051807667581,0.4256051807667581
2026-06-02,PNSUT,0.0159049891233937,0.03797876164597,0.9081374875846664,0.0538837507693637,1,0.0159049891233937,0.0159049891233937,0.0159049891233937
2026-06-02,QNBFF,0.021027332397935,0.0463735184742896,0.8862256306534857,0.0674008508722247,2,0.021027332397935,0.021027332397935,0.021027332397935
2026-06-02,SASA,-0.2070241940021914,0.3352574782672531,0.5365092374676853,0.1282332842650616,1,-0.2070241940021914,-0.2070241940021914,-0.2070241940021914
2026-06-02,SEK,0.01834499814906,0.0390973118236887,0.9034603782035624,0.0574423099727487,1,0.01834499814906,0.01834499814906,0.01834499814906
2026-06-02,SKBNK,0.01834499814906,0.0390973118236887,0.9034603782035624,0.0574423099727487,1,0.01834499814906,0.01834499814906,0.01834499814906
2026-06-02,SMRTG,0.7358158043948676,0.0598319307133864,0.1445203341783595,0.795647735108254,1,0.7358158043948676,0.7358158043948676,0.7358158043948676
2026-06-02,SMRVA,-0.0175498843551609,0.1307578357616944,0.7560342128317721,0.1132079514065334,1,-0.0175498843551609,-0.0175498843551609,-0.0175498843551609
2026-06-02,TABGD,0.1418104904530533,0.1348272098006557,0.5885350899456351,0.2766377002537091,3,0.1418104904530533,0.1418104904530533,0.1418104904530533
2026-06-02,TAC,0.0094873435700976,0.0344360941849878,0.9216404680599266,0.0439234377550855,1,0.0094873435700976,0.0094873435700976,0.0094873435700976
2026-06-02,TAMFA,0.0164379961086853,0.0429314549751828,0.8976990939409488,0.0593694510838682,1,0.0164379961086853,0.0164379961086853,0.0164379961086853
2026-06-02,TCRYT,0.0094873435700976,0.0344360941849878,0.9216404680599266,0.0439234377550855,1,0.0094873435700976,0.0094873435700976,0.0094873435700976
2026-06-02,TEZOL,0.8020428876215544,0.0473030286430245,0.1033510550923965,0.849345916264579,1,0.8020428876215544,0.8020428876215544,0.8020428876215544
2026-06-02,TGB,0.0147478080763183,0.0396104211293047,0.9060313496650724,0.054358229205623,1,0.0147478080763183,0.0147478080763183,0.0147478080763183
2026-06-02,THL,-0.0172266085664151,0.1305623222252727,0.7561019641158696,0.1133357136588576,1,-0.0172266085664151,-0.0172266085664151,-0.0172266085664151
2026-06-02,TIB,0.0137482387194534,0.0443848913760433,0.8974819785284599,0.0581331300954967,1,0.0137482387194534,0.0137482387194534,0.0137482387194534
2026-06-02,TRILC,-0.2854208541926195,0.4148179721943852,0.4557849098038491,0.1293971180017657,1,-0.2854208541926195,-0.2854208541926195,-0.2854208541926195
2026-06-02,TUCLK,0.4603654720300218,0.0944798266509463,0.3506748746680855,0.5548452986809682,1,0.4603654720300218,0.4603654720300218,0.4603654720300218
2026-06-02,TVB,0.0152615700522929,0.0449341830114993,0.8948700639247084,0.0601957530637922,1,0.0152615700522929,0.0152615700522929,0.0152615700522929
2026-06-02,UNLU,0.0042362563150276,0.1144500333465662,0.7668636769918399,0.1186862896615938,1,0.0042362563150276,0.0042362563150276,0.0042362563150276
2026-06-02,VAKBN,0.0152615700522929,0.0449341830114993,0.8948700639247084,0.0601957530637922,1,0.0152615700522929,0.0152615700522929,0.0152615700522929
2026-06-02,VESBE,0.0199062280983524,0.1565083038146561,0.6670771642723352,0.1764145319130086,2,0.0199062280983524,0.0199062280983524,0.0199062280983524
2026-06-02,VESTL,0.0237253662831306,0.1530992545550728,0.6700761246067237,0.1768246208382035,2,0.0237253662831306,0.0237253662831306,0.0237253662831306
2026-06-02,VKFYO,-0.0482517486558682,0.1467992648866853,0.7546532188824977,0.098547516230817,2,-0.0482517486558682,-0.0482517486558682,-0.0482517486558682
2026-06-02,VRGYO,0.112466459270569,0.1243959308981744,0.638741678933082,0.2368623901687434,4,0.112466459270569,0.112466459270569,0.112466459270569
2026-06-02,YATAS,0.3189629144769341,0.1261401321612738,0.4287568212005182,0.4451030466382079,2,0.3189629144769341,0.3189629144769341,0.3189629144769341
2026-06-02,YKB,-0.0109337249418223,0.1199459519837446,0.771041820974333,0.1090122270419223,1,-0.0109337249418223,-0.0109337249418223,-0.0109337249418223
2026-06-02,YKBNK,-0.0109337249418223,0.1199459519837446,0.771041820974333,0.1090122270419223,1,-0.0109337249418223,-0.0109337249418223,-0.0109337249418223
2026-06-02,YKFIN,0.0097826721315647,0.0411853870988149,0.9078465536708056,0.0509680592303796,1,0.0097826721315647,0.0097826721315647,0.0097826721315647
2026-06-02,ZKBVR,0.0156570024157585,0.1373869691080504,0.7095690593681404,0.153043971523809,1,0.0156570024157585,0.0156570024157585,0.0156570024157585
2026-06-02,ZOREN,0.0282547193816927,0.0508631846850919,0.8700189112481234,0.0791179040667846,1,0.0282547193816927,0.0282547193816927,0.0282547193816927
2026-06-03,AHGAZ,0.8220553551534341,0.0493669805339327,0.0792106837787004,0.8714223356873668,1,0.8220553551534341,0.8220553551534341,0.8220553551534341
2026-06-03,AKENR,-0.1312664073457542,0.2318551540984645,0.667556099148825,0.1005887467527103,1,-0.1312664073457542,-0.1312664073457542,-0.1312664073457542
2026-06-03,AKM,0.013689515946552,0.0341988972274118,0.9179126895986244,0.0478884131739639,2,0.013689515946552,0.013689515946552,0.013689515946552
2026-06-03,AKMEN,0.013689515946552,0.0341988972274118,0.9179126895986244,0.0478884131739639,2,0.013689515946552,0.013689515946552,0.013689515946552
2026-06-03,AKSEN,-0.2387009903728588,0.3810875884191031,0.4765258135346526,0.1423865980462443,1,-0.2387009903728588,-0.2387009903728588,-0.2387009903728588
2026-06-03,ALFAS,-0.0266359446760873,0.1682683755766743,0.6900991935227386,0.1416324309005869,3,-0.0266359446760873,-0.0266359446760873,-0.0266359446760873
2026-06-03,ALNUS,0.0116385508650102,0.031103726948561,0.9261539952378676,0.0427422778135713,2,0.0116385508650102,0.0116385508650102,0.0116385508650102
2026-06-03,ALVES,0.3111996955043332,0.151091075919854,0.3866181526559587,0.4622907714241872,1,0.3111996955043332,0.3111996955043332,0.3111996955043332
2026-06-03,ANC,0.0116385508650102,0.031103726948561,0.9261539952378676,0.0427422778135713,2,0.0116385508650102,0.0116385508650102,0.0116385508650102
2026-06-03,ARDYZ,0.7965686019832033,0.0596398896729028,0.084151618670991,0.8562084916561061,1,0.7965686019832033,0.7965686019832033,0.7965686019832033
2026-06-03,ATAVK,0.022869533011405,0.1334907519650434,0.7101489630585082,0.1563602849764484,1,0.022869533011405,0.022869533011405,0.022869533011405
2026-06-03,ATEKS,-0.3742756334988322,0.506948789421555,0.3603780546557221,0.1326731559227228,1,-0.3742756334988322,-0.3742756334988322,-0.3742756334988322
2026-06-03,BAGFS,-0.9226884191916876,0.9476655886087074,0.0273572419742727,0.0249771694170198,1,-0.9226884191916876,-0.9226884191916876,-0.9226884191916876
2026-06-03,BAHKM,0.1675335267622377,0.1170678178911863,0.5983308374553896,0.284601344653424,4,0.1675335267622377,0.1675335267622377,0.1675335267622377
2026-06-03,BALAT,-0.1148403033734083,0.2419591688662606,0.6309219656408871,0.1271188654928522,1,-0.1148403033734083,-0.1148403033734083,-0.1148403033734083
2026-06-03,BASGZ,-0.1841322446981887,0.2669624419141395,0.6502073608699097,0.0828301972159507,1,-0.1841322446981887,-0.1841322446981887,-0.1841322446981887
2026-06-03,BERA,-0.1900279868222464,0.3440737074738019,0.5018805718746426,0.1540457206515555,1,-0.1900279868222464,-0.1900279868222464,-0.1900279868222464
2026-06-03,BIGEN,0.092787442138686,0.2038324847259961,0.4995475884093218,0.2966199268646821,1,0.092787442138686,0.092787442138686,0.092787442138686
2026-06-03,BLS,0.0243419235047936,0.1256139573602277,0.7244301617747508,0.1499558808650214,1,0.0243419235047936,0.0243419235047936,0.0243419235047936
2026-06-03,BLSMD,0.0243419235047936,0.1256139573602277,0.7244301617747508,0.1499558808650214,1,0.0243419235047936,0.0243419235047936,0.0243419235047936
2026-06-03,BRKT,0.0193489167548915,0.0728528793117422,0.8349453246216239,0.0922017960666338,1,0.0193489167548915,0.0193489167548915,0.0193489167548915
2026-06-03,BSOKE,0.2131531126870161,0.156555998414983,0.4737348904830176,0.3697091111019993,5,0.2131531126870161,0.2131531126870161,0.2131531126870161
2026-06-03,BTCIM,0.1232928559199495,0.1803967672557441,0.5159136095685621,0.3036896231756937,5,0.1232928559199495,0.1232928559199495,0.1232928559199495
2026-06-03,BVSAN,0.2229413881675215,0.0949416536034231,0.5871753046256323,0.3178830417709447,6,0.2229413881675215,0.2229413881675215,0.2229413881675215
2026-06-03,CELHA,-0.1985762272921686,0.3380718755152103,0.522432476261748,0.1394956482230416,1,-0.1985762272921686,-0.1985762272921686,-0.1985762272921686
2026-06-03,CUSAN,0.5295992815685566,0.0921069668929709,0.2861867846455014,0.6217062484615276,1,0.5295992815685566,0.5295992815685566,0.5295992815685566
2026-06-03,DAPGM,0.5863302398349769,0.1022489479961116,0.2091718641727997,0.6885791878310886,1,0.5863302398349769,0.5863302398349769,0.5863302398349769
2026-06-03,DGNMO,-0.0145829671874157,0.0897909944324216,0.8350009783225727,0.0752080272450058,2,-0.0145829671874157,-0.0145829671874157,-0.0145829671874157
2026-06-03,DNFIN,0.0118187527758948,0.0354986597695399,0.9171839276850252,0.0473174125454347,1,0.0118187527758948,0.0118187527758948,0.0118187527758948
2026-06-03,DNZEN,0.066098704557343,0.0971499414072857,0.7396014126280855,0.1632486459646287,2,0.066098704557343,0.066098704557343,0.066098704557343
2026-06-03,EBEBK,-0.2568376695249921,0.3779000643064125,0.501037540912167,0.1210623947814204,2,-0.2568376695249921,-0.2568376695249921,-0.2568376695249921
2026-06-03,EGEEN,-0.1064972248640029,0.2598157536763655,0.5868657175112719,0.1533185288123625,1,-0.1064972248640029,-0.1064972248640029,-0.1064972248640029
2026-06-03,EMPAE,0.0924371442804432,0.1292988055617703,0.6489652445960161,0.2217359498422136,1,0.0924371442804432,0.0924371442804432,0.0924371442804432
2026-06-03,ENERY,0.8498932830089483,0.0460262478609336,0.0580542212691844,0.8959195308698819,1,0.8498932830089483,0.8498932830089483,0.8498932830089483
2026-06-03,ENJSA,0.0169510106004512,0.0485979658078665,0.8858530577838158,0.0655489764083177,1,0.0169510106004512,0.0169510106004512,0.0169510106004512
2026-06-03,ENPRA,-0.2510227451578564,0.3649731693715259,0.5210764064148045,0.1139504242136695,1,-0.2510227451578564,-0.2510227451578564,-0.2510227451578564
2026-06-03,ESEN,-0.2032940271267524,0.3271738102503906,0.5489464066259713,0.1238797831236382,1,-0.2032940271267524,-0.2032940271267524,-0.2032940271267524
2026-06-03,ETYAT,-0.097136834014876,0.2036970678701662,0.6897426982745436,0.1065602338552901,1,-0.097136834014876,-0.097136834014876,-0.097136834014876
2026-06-03,EUKYO,-0.097136834014876,0.2036970678701662,0.6897426982745436,0.1065602338552901,1,-0.097136834014876,-0.097136834014876,-0.097136834014876
2026-06-03,EUYO,-0.0906507119107435,0.1926719590356213,0.7053067938395009,0.1020212471248777,1,-0.0906507119107435,-0.0906507119107435,-0.0906507119107435
2026-06-03,FIN,0.0251418181277819,0.0761125826349971,0.8226330166022237,0.1012544007627791,2,0.0251418181277819,0.0251418181277819,0.0251418181277819
2026-06-03,FZLGY,0.0102339284953321,0.1585732913745479,0.6726194887555719,0.1688072198698801,1,0.0102339284953321,0.0102339284953321,0.0102339284953321
2026-06-03,GEDIK,-0.094726384934361,0.1923614912803942,0.7100034023735726,0.0976351063460331,2,-0.094726384934361,-0.094726384934361,-0.094726384934361
2026-06-03,GLYHO,0.3234332712005334,0.1842413820346622,0.3080839647301421,0.5076746532351957,2,0.3234332712005334,0.3234332712005334,0.3234332712005334
2026-06-03,GOKNR,0.6017997509091637,0.074906896554414,0.2483864559820081,0.6767066474635778,2,0.6017997509091637,0.6017997509091637,0.6017997509091637
2026-06-03,GOODY,0.0897804616850403,0.1977609349619382,0.5146976683910833,0.2875413966469785,4,0.0897804616850403,0.0897804616850403,0.0897804616850403
2026-06-03,GRNYO,-0.0680307004618061,0.1951261875872133,0.6777783252873796,0.1270954871254072,2,-0.0680307004618061,-0.0680307004618061,-0.0680307004618061
2026-06-03,HDFFL,0.0132387652333561,0.0404183265108298,0.905924581744984,0.053657091744186,1,0.0132387652333561,0.0132387652333561,0.0132387652333561
2026-06-03,HLGYO,-0.0022124901580305,0.0829156048311637,0.8363812804957033,0.0807031146731331,1,-0.0022124901580305,-0.0022124901580305,-0.0022124901580305
2026-06-03,HLVKS,0.0205285093893568,0.1273589431991691,0.7247536042123048,0.1478874525885259,1,0.0205285093893568,0.0205285093893568,0.0205285093893568
2026-06-03,HRKET,0.0687825642520092,0.2008547376148557,0.5295079605182794,0.2696373018668649,1,0.0687825642520092,0.0687825642520092,0.0687825642520092
2026-06-03,HUZFA,0.0130849489725923,0.0455463856071799,0.8958222798130479,0.0586313345797722,1,0.0130849489725923,0.0130849489725923,0.0130849489725923
2026-06-03,IHLAS,0.0367310387374646,0.1339497178828199,0.6953695254968953,0.1706807566202846,1,0.0367310387374646,0.0367310387374646,0.0367310387374646
2026-06-03,IMASM,-0.1112971651884577,0.2506131268863893,0.6100709114156792,0.1393159616979315,1,-0.1112971651884577,-0.1112971651884577,-0.1112971651884577
2026-06-03,INFO,-0.0118137023905401,0.1029800284095425,0.8058536455714552,0.0911663260190023,1,-0.0118137023905401,-0.0118137023905401,-0.0118137023905401
2026-06-03,ISATR,0.0137482387194534,0.0443848913760433,0.8974819785284599,0.0581331300954967,1,0.0137482387194534,0.0137482387194534,0.0137482387194534
2026-06-03,ISBTR,0.0137482387194534,0.0443848913760433,0.8974819785284599,0.0581331300954967,1,0.0137482387194534,0.0137482387194534,0.0137482387194534
2026-06-03,ISCTR,0.0137482387194534,0.0443848913760433,0.8974819785284599,0.0581331300954967,1,0.0137482387194534,0.0137482387194534,0.0137482387194534
2026-06-03,ISFIN,0.0112057740166783,0.0372281711650959,0.91433788365313,0.0484339451817742,1,0.0112057740166783,0.0112057740166783,0.0112057740166783
2026-06-03,ISKUR,0.0137482387194534,0.0443848913760433,0.8974819785284599,0.0581331300954967,1,0.0137482387194534,0.0137482387194534,0.0137482387194534
2026-06-03,ISMEN,0.0176921445679698,0.0992540888345678,0.7837996777628944,0.1169462334025376,2,0.0176921445679698,0.0176921445679698,0.0176921445679698
2026-06-03,ISTFK,0.016298179475689,0.046789270227622,0.8901232800690668,0.063087449703311,1,0.016298179475689,0.016298179475689,0.016298179475689
2026-06-03,IYF,-0.0118137023905401,0.1029800284095425,0.8058536455714552,0.0911663260190023,1,-0.0118137023905401,-0.0118137023905401,-0.0118137023905401
2026-06-03,IYM,0.0176921445679698,0.0992540888345678,0.7837996777628944,0.1169462334025376,2,0.0176921445679698,0.0176921445679698,0.0176921445679698
2026-06-03,KAREL,-0.0102746033075936,0.0865907562913693,0.837093090724855,0.0763161529837756,2,-0.0102746033075936,-0.0102746033075936,-0.0102746033075936
2026-06-03,KAYSE,-0.1624916667468073,0.2856906792678803,0.5911103082110467,0.123199012521073,2,-0.1624916667468073,-0.1624916667468073,-0.1624916667468073
2026-06-03,KLGYO,0.002225425131849,0.1856994954519463,0.6263755839642582,0.1879249205837954,4,0.002225425131849,0.002225425131849,0.002225425131849
2026-06-03,KLMSN,0.0498515382951895,0.127144466378014,0.6958595289487824,0.1769960046732035,11,0.0498515382951895,0.0498515382951895,0.0498515382951895
2026-06-03,KLSYN,0.2402795595251123,0.1125168165688906,0.5346868073371063,0.352796376094003,5,0.2402795595251123,0.2402795595251123,0.2402795595251123
2026-06-03,KLYPV,0.8571208405037952,0.0437299278858642,0.0554193037244762,0.9008507683896596,1,0.8571208405037952,0.8571208405037952,0.8571208405037952
2026-06-03,KNFRT,0.0129493852544092,0.2373838315696045,0.5122829516063818,0.2503332168240137,1,0.0129493852544092,0.0129493852544092,0.0129493852544092
2026-06-03,KONKA,0.0156552651108889,0.1724616367297306,0.6394214614296496,0.1881169018406196,2,0.0156552651108889,0.0156552651108889,0.0156552651108889
2026-06-03,KTSVK,0.0202193722986478,0.0516426317196288,0.8764953642620944,0.0718620040182767,4,0.0202193722986478,0.0202193722986478,0.0202193722986478
2026-06-03,LIDFA,0.0162588073071034,0.0476736831865654,0.8883938263197656,0.0639324904936689,1,0.0162588073071034,0.0162588073071034,0.0162588073071034
2026-06-03,LRSHO,-0.1499754707664914,0.2745061561694791,0.6009631584275333,0.1245306854029876,1,-0.1499754707664914,-0.1499754707664914,-0.1499754707664914
2026-06-03,MAGEN,-0.105139373399476,0.2424027101646628,0.6203339530701505,0.1372633367651867,1,-0.105139373399476,-0.105139373399476,-0.105139373399476
2026-06-03,MEGMT,0.3890935019424633,0.0932165191215962,0.4244734598143443,0.4823100210640595,1,0.3890935019424633,0.3890935019424633,0.3890935019424633
2026-06-03,MEKMD,0.0124314589511613,0.0329006760687058,0.9217671889114268,0.0453321350198672,2,0.0124314589511613,0.0124314589511613,0.0124314589511613
2026-06-03,METEN,0.0423075788911678,0.1514611125894735,0.6547701959298851,0.1937686914806413,2,0.0423075788911678,0.0423075788911678,0.0423075788911678
2026-06-03,MINTF,0.0160406223604593,0.0546761127215689,0.8746071521964028,0.0707167350820282,1,0.0160406223604593,0.0160406223604593,0.0160406223604593
2026-06-03,MSA,0.0124314589511613,0.0329006760687058,0.9217671889114268,0.0453321350198672,2,0.0124314589511613,0.0124314589511613,0.0124314589511613
2026-06-03,NRBNK,0.0141013156554241,0.0369096634359924,0.912079357472591,0.0510109790914166,1,0.0141013156554241,0.0141013156554241,0.0141013156554241
2026-06-03,NTHOL,0.7522667638100917,0.0697202414369322,0.1082927533160436,0.821987005247024,1,0.7522667638100917,0.7522667638100917,0.7522667638100917
2026-06-03,NYB,0.0141013156554241,0.0369096634359924,0.912079357472591,0.0510109790914166,1,0.0141013156554241,0.0141013156554241,0.0141013156554241
2026-06-03,ONRYT,-0.0441840322444292,0.1656518837642045,0.7128802647160201,0.1214678515197753,3,-0.0441840322444292,-0.0441840322444292,-0.0441840322444292
2026-06-03,OTKAR,0.0417147503452499,0.2060040554485866,0.5462771387575768,0.2477188057938365,1,0.0417147503452499,0.0417147503452499,0.0417147503452499
2026-06-03,OTOSR,0.0222304744475498,0.1054629939985616,0.7668435375553267,0.1276934684461115,2,0.0222304744475498,0.0222304744475498,0.0222304744475498
2026-06-03,OYA,0.0154812341985951,0.0941601915065112,0.7961983827883823,0.1096414257051064,1,0.0154812341985951,0.0154812341985951,0.0154812341985951
2026-06-03,OYAYO,-0.0710236592077837,0.172150023290422,0.7267236126269396,0.1011263640826383,1,-0.0710236592077837,-0.0710236592077837,-0.0710236592077837
2026-06-03,OYYAT,0.0154812341985951,0.0941601915065112,0.7961983827883823,0.1096414257051064,1,0.0154812341985951,0.0154812341985951,0.0154812341985951
2026-06-03,OZKGY,0.5901175075666436,0.0833355807835767,0.2432113308662029,0.6734530883502203,1,0.5901175075666436,0.5901175075666436,0.5901175075666436
2026-06-03,PBT,0.0139910053675535,0.0351675636246994,0.9156738673830472,0.049158568992253,1,0.0139910053675535,0.0139910053675535,0.0139910053675535
2026-06-03,PBTR,0.0139910053675535,0.0351675636246994,0.9156738673830472,0.049158568992253,1,0.0139910053675535,0.0139910053675535,0.0139910053675535
2026-06-03,PNSUT,0.0139191974647168,0.0376279300471777,0.9108249424409276,0.0515471275118946,1,0.0139191974647168,0.0139191974647168,0.0139191974647168
2026-06-03,PRDGS,-0.007018774619761,0.1110738675664122,0.7848710394869366,0.1040550929466511,1,-0.007018774619761,-0.007018774619761,-0.007018774619761
2026-06-03,PRZMA,-0.1122751376898808,0.23632396319825,0.6396272112933806,0.1240488255083692,1,-0.1122751376898808,-0.1122751376898808,-0.1122751376898808
2026-06-03,QNBFK,0.0132241879375034,0.0351704070468217,0.9164349979688532,0.0483945949843251,1,0.0132241879375034,0.0132241879375034,0.0132241879375034
2026-06-03,QNBTR,0.0251418181277819,0.0761125826349971,0.8226330166022237,0.1012544007627791,2,0.0251418181277819,0.0251418181277819,0.0251418181277819
2026-06-03,RTALB,0.042119595491488,0.2598160764496003,0.4382482516093113,0.3019356719410883,2,0.042119595491488,0.042119595491488,0.042119595491488
2026-06-03,SANEL,0.0834666629561074,0.1356934844308529,0.6451463681821865,0.2191601473869604,1,0.0834666629561074,0.0834666629561074,0.0834666629561074
2026-06-03,SASA,0.1255372890224426,0.222500461373523,0.4294617882305114,0.3480377503959657,3,0.1255372890224426,0.1255372890224426,0.1255372890224426
2026-06-03,SAYAS,0.1561165065154741,0.1333476593777944,0.577188174728937,0.2894641658932685,1,0.1561165065154741,0.1561165065154741,0.1561165065154741
2026-06-03,SEK,0.1082410008532827,0.127530418932361,0.6366981612819953,0.2357714197856437,4,0.1082410008532827,0.1082410008532827,0.1082410008532827
2026-06-03,SELVA,-0.146036461651408,0.2593879118948925,0.6272606378616229,0.1133514502434844,1,-0.146036461651408,-0.146036461651408,-0.146036461651408
2026-06-03,SKBNK,0.1082410008532827,0.127530418932361,0.6366981612819953,0.2357714197856437,4,0.1082410008532827,0.1082410008532827,0.1082410008532827
2026-06-03,SKY,-0.0011221777397258,0.0632197355343888,0.874682706670948,0.0620975577946629,3,-0.0011221777397258,-0.0011221777397258,-0.0011221777397258
2026-06-03,SKYMD,-0.0011221777397258,0.0632197355343888,0.874682706670948,0.0620975577946629,3,-0.0011221777397258,-0.0011221777397258,-0.0011221777397258
2026-06-03,SMRTG,0.0397505026176012,0.0456042795599093,0.8690409382625801,0.0853547821775105,4,0.0397505026176012,0.0397505026176012,0.0397505026176012
2026-06-03,SVGYO,0.0478605071225185,0.0994450604146321,0.7532493720482171,0.1473055675371507,2,0.0478605071225185,0.0478605071225185,0.0478605071225185
2026-06-03,TAC,0.0099321646450069,0.0612760619612447,0.8675157114325035,0.0712082266062517,1,0.0099321646450069,0.0099321646450069,0.0099321646450069
2026-06-03,TAMFA,0.0162175101743281,0.0458581516482138,0.8920661865292441,0.062075661822542,2,0.0162175101743281,0.0162175101743281,0.0162175101743281
2026-06-03,TCRYT,0.0099321646450069,0.0612760619612447,0.8675157114325035,0.0712082266062517,1,0.0099321646450069,0.0099321646450069,0.0099321646450069
2026-06-03,TEBFA,0.0140947163731645,0.0422563055679034,0.9013926724910284,0.0563510219410679,1,0.0140947163731645,0.0140947163731645,0.0140947163731645
2026-06-03,TIB,0.0137482387194534,0.0443848913760433,0.8974819785284599,0.0581331300954967,1,0.0137482387194534,0.0137482387194534,0.0137482387194534
2026-06-03,TKNSA,0.0246269924366748,0.0810207697092537,0.8133314681448178,0.1056477621459285,3,0.0246269924366748,0.0246269924366748,0.0246269924366748
2026-06-03,TRILC,0.000885185559719,0.2233773478748306,0.5523601186906196,0.2242625334345497,6,0.000885185559719,0.000885185559719,0.000885185559719
2026-06-03,TRYKI,0.022786996834967,0.0308834710324461,0.9154460611001408,0.0536704678674131,1,0.022786996834967,0.022786996834967,0.022786996834967
2026-06-03,TSPOR,0.0923439993708467,0.1843497601630593,0.5389564803030347,0.276693759533906,2,0.0923439993708467,0.0923439993708467,0.0923439993708467
2026-06-03,ULUFA,0.0162040412571302,0.0365869981153271,0.9106219625122156,0.0527910393724573,1,0.0162040412571302,0.0162040412571302,0.0162040412571302
2026-06-03,VAKVK,0.0153418956764413,0.0482379429283525,0.8881822184668535,0.0635798386047938,4,0.0153418956764413,0.0153418956764413,0.0153418956764413
2026-06-03,VKFYO,-0.1191072975391567,0.2232930143046258,0.6725212689299052,0.104185716765469,1,-0.1191072975391567,-0.1191072975391567,-0.1191072975391567
2026-06-03,ZKBVR,0.0241729518658251,0.0505187553072462,0.8747895375196825,0.0746917071730714,1,0.0241729518658251,0.0241729518658251,0.0241729518658251
2026-06-03,ZOREN,0.0271120071386518,0.0539904701266528,0.8649070526080425,0.0811024772653046,3,0.0271120071386518,0.0271120071386518,0.0271120071386518
2026-06-04,AAGYO,0.35247391157817254,0.10543381226933225,0.43665846388316293,0.45790772384750483,2,0.35247391157817254,0.35247391157817254,0.35247391157817254
2026-06-04,ADESE,-0.07577275455388,0.15297476621698322,0.7698232221199135,0.07720201166310323,2,-0.07577275455388,-0.07577275455388,-0.07577275455388
2026-06-04,AHGAZ,0.8145121971955329,0.05158014961164644,0.08232750358117419,0.8660923468071794,1,0.8145121971955329,0.8145121971955329,0.8145121971955329
2026-06-04,AKCNS,0.10635714309127121,0.1096837762683074,0.6742753043721139,0.21604091935957861,1,0.10635714309127121,0.10635714309127121,0.10635714309127121
2026-06-04,AKENR,0.09153627406980977,0.15761578077542768,0.5932321643793348,0.24915205484523745,1,0.09153627406980977,0.09153627406980977,0.09153627406980977
2026-06-04,AKM,0.010129008682271144,0.03359939616718391,0.9226721989833612,0.04372840484945505,3,0.010129008682271144,0.010129008682271144,0.010129008682271144
2026-06-04,AKMEN,0.010129008682271144,0.03359939616718391,0.9226721989833612,0.04372840484945505,3,0.010129008682271144,0.010129008682271144,0.010129008682271144
2026-06-04,AKSGY,-0.07424824820466464,0.17113569303549475,0.7319768621336752,0.09688744483083009,2,-0.07424824820466464,-0.07424824820466464,-0.07424824820466464
2026-06-04,ALKA,-0.12271923627408735,0.2555959047054901,0.611527426863107,0.13287666843140275,1,-0.12271923627408735,-0.12271923627408735,-0.12271923627408735
2026-06-04,ANELE,-0.1573833161988633,0.2851883349317875,0.5870066463352883,0.1278050187329242,1,-0.1573833161988633,-0.1573833161988633,-0.1573833161988633
2026-06-04,ANHYT,-0.14583416193519885,0.31188355170742293,0.522067058520353,0.16604938977222408,1,-0.14583416193519885,-0.14583416193519885,-0.14583416193519885
2026-06-04,ARENA,-0.13231504916588716,0.2538526765392652,0.6246096960873568,0.12153762737337802,1,-0.13231504916588716,-0.13231504916588716,-0.13231504916588716
2026-06-04,ARSAN,-0.21946482454131697,0.341053838210988,0.537357148119341,0.12158901366967104,1,-0.21946482454131697,-0.21946482454131697,-0.21946482454131697
2026-06-04,ASELS,0.7975964910116985,0.039890156266468385,0.12262319645536482,0.8374866472781669,1,0.7975964910116985,0.7975964910116985,0.7975964910116985
2026-06-04,AVGYO,-0.03841182248814108,0.11297282235227843,0.8124661777835843,0.07456099986413735,1,-0.03841182248814108,-0.03841182248814108,-0.03841182248814108
2026-06-04,AVPGY,-0.022249876131619262,0.08693047242094071,0.8483889312897377,0.06468059628932145,2,-0.022249876131619262,-0.022249876131619262,-0.022249876131619262
2026-06-04,BASGZ,0.41407516212182394,0.09593402971684672,0.3940567784444825,0.5100091918386707,1,0.41407516212182394,0.41407516212182394,0.41407516212182394
2026-06-04,BIGTK,-0.17136378930611487,0.33364279411896525,0.5040782010681844,0.16227900481285037,1,-0.17136378930611487,-0.17136378930611487,-0.17136378930611487
2026-06-04,BIZIM,0.11066453457283408,0.17140165598190782,0.5465321534633502,0.28206619055474186,3,0.11066453457283408,0.11066453457283408,0.11066453457283408
2026-06-04,BLCYT,0.3766435647726111,0.09796671346462762,0.4274230082981337,0.4746102782372387,1,0.3766435647726111,0.3766435647726111,0.3766435647726111
2026-06-04,BLS,0.02434192350478881,0.12561395736021347,0.7244301617747843,0.14995588086500228,1,0.02434192350478881,0.02434192350478881,0.02434192350478881
2026-06-04,BLSMD,0.02434192350478881,0.12561395736021347,0.7244301617747843,0.14995588086500228,1,0.02434192350478881,0.02434192350478881,0.02434192350478881
2026-06-04,BOBET,0.8119256349369233,0.045567662020047445,0.09693904102298191,0.8574932969569707,1,0.8119256349369233,0.8119256349369233,0.8119256349369233
2026-06-04,BRKO,0.06448199711304527,0.10967726239860878,0.7161634780897372,0.17415925951165406,2,0.06448199711304527,0.06448199711304527,0.06448199711304527
2026-06-04,BRKVY,-0.20942823308669442,0.33598364424226057,0.5374609446021733,0.12655541115556615,1,-0.20942823308669442,-0.20942823308669442,-0.20942823308669442
2026-06-04,BSOKE,-0.013530126250783297,0.093329066006465,0.8268719942378533,0.0797989397556817,4,-0.013530126250783297,-0.013530126250783297,-0.013530126250783297
2026-06-04,BTCIM,-0.018448461577116798,0.1006293579667919,0.8171897456435331,0.0821808963896751,4,-0.018448461577116798,-0.018448461577116798,-0.018448461577116798
2026-06-04,BYDNR,0.0931445715487329,0.15790447953972625,0.5910464693718146,0.25104905108845915,1,0.0931445715487329,0.0931445715487329,0.0931445715487329
2026-06-04,CVKMD,0.01854094604868614,0.14266732164206922,0.6961244106671755,0.16120826769075536,3,0.01854094604868614,0.01854094604868614,0.01854094604868614
2026-06-04,DFKTR,0.013082408655011646,0.04240597721816104,0.9021056369086664,0.05548838587317269,1,0.013082408655011646,0.013082408655011646,0.013082408655011646
2026-06-04,DGATE,-0.03179563752078302,0.11395477337142124,0.8038860907779406,0.08215913585063822,2,-0.03179563752078302,-0.03179563752078302,-0.03179563752078302
2026-06-04,DGNMO,-0.10494892409455805,0.23675019649704018,0.6314485311004777,0.13180127240248213,1,-0.10494892409455805,-0.10494892409455805,-0.10494892409455805
2026-06-04,DIRIT,0.06967893390964165,0.11273856256758365,0.704843940955191,0.1824174964772253,2,0.06967893390964165,0.06967893390964165,0.06967893390964165
2026-06-04,DOGUB,-0.07374967167071667,0.22031678792917658,0.6331160958123635,0.14656711625845992,1,-0.07374967167071667,-0.07374967167071667,-0.07374967167071667
2026-06-04,DOGVY,-0.21650397067721314,0.3485438486219436,0.519416273433326,0.13203987794473046,1,-0.21650397067721314,-0.21650397067721314,-0.21650397067721314
2026-06-04,DURDO,-0.18273899891107434,0.3138487115134689,0.5550415758841367,0.13110971260239454,1,-0.18273899891107434,-0.18273899891107434,-0.18273899891107434
2026-06-04,DYBNK,0.019752727310457838,0.09002963399459869,0.8001880047003447,0.10978236130505653,1,0.019752727310457838,0.019752727310457838,0.019752727310457838
2026-06-04,ECOGR,0.048024960804141675,0.09313310523542587,0.7657088287250067,0.14115806603956754,1,0.048024960804141675,0.048024960804141675,0.048024960804141675
2026-06-04,EKGYO,-0.09579270664449169,0.19646681498130472,0.7028590766818823,0.10067410833681303,2,-0.09579270664449169,-0.09579270664449169,-0.09579270664449169
2026-06-04,EKTVK,0.018439294063979633,0.05213357614979859,0.8772935536364233,0.07057287021377823,2,0.018439294063979633,0.018439294063979633,0.018439294063979633
2026-06-04,EMIRV,0.015123564877925287,0.041075334080037045,0.9027257669620007,0.05619889895796233,1,0.015123564877925287,0.015123564877925287,0.015123564877925287
2026-06-04,ENERY,0.8412114923578025,0.048761460753772606,0.06126558613465238,0.8899729531115751,1,0.8412114923578025,0.8412114923578025,0.8412114923578025
2026-06-04,ENJSA,-0.2299773779930663,0.36773262225939396,0.4945121334742783,0.13775524426632765,1,-0.2299773779930663,-0.2299773779930663,-0.2299773779930663
2026-06-04,ERBOS,-0.09891768126625844,0.22771835189070103,0.6434809774848566,0.1288006706244426,1,-0.09891768126625844,-0.09891768126625844,-0.09891768126625844
2026-06-04,ETYAT,-0.0971368340148599,0.20369706787014202,0.6897426982745759,0.10656023385528213,1,-0.0971368340148599,-0.0971368340148599,-0.0971368340148599
2026-06-04,EUKYO,-0.0971368340148599,0.20369706787014202,0.6897426982745759,0.10656023385528213,1,-0.0971368340148599,-0.0971368340148599,-0.0971368340148599
2026-06-04,EUYO,-0.09065071191072792,0.19267195903559778,0.7053067938395325,0.10202124712486986,1,-0.09065071191072792,-0.09065071191072792,-0.09065071191072792
2026-06-04,FIN,-0.05964316278030638,0.14714141474860362,0.7653603332830992,0.08749825196829723,3,-0.05964316278030638,-0.05964316278030638,-0.05964316278030638
2026-06-04,FLAP,0.14647199402806285,0.15699591721344358,0.5395361715450501,0.3034679112415064,3,0.14647199402806285,0.14647199402806285,0.14647199402806285
2026-06-04,FORTE,0.5974324037456907,0.10701592862706669,0.18853573900017595,0.7044483323727574,1,0.5974324037456907,0.5974324037456907,0.5974324037456907
2026-06-04,GATEG,-0.024489002556550246,0.1246000980524809,0.7752888064515885,0.10011109549593067,2,-0.024489002556550246,-0.024489002556550246,-0.024489002556550246
2026-06-04,GEDIK,0.01031833064992966,0.03182478815587814,0.926032093038314,0.0421431188058078,1,0.01031833064992966,0.01031833064992966,0.01031833064992966
2026-06-04,GLCVY,-0.23477735197488275,0.36323399147145813,0.5083093690319666,0.12845663949657538,1,-0.23477735197488275,-0.23477735197488275,-0.23477735197488275
2026-06-04,GOLTS,-0.12035281589872249,0.2510224177828391,0.6183079803330442,0.13066960188411664,1,-0.12035281589872249,-0.12035281589872249,-0.12035281589872249
2026-06-04,GRNYO,-0.056675411145897844,0.16081378709981559,0.7350478369462666,0.10413837595391774,1,-0.056675411145897844,-0.056675411145897844,-0.056675411145897844
2026-06-04,GUBRF,-0.24363230619417897,0.39142260950407026,0.4607870871860383,0.1477903033098913,1,-0.24363230619417897,-0.24363230619417897,-0.24363230619417897
2026-06-04,HALKB,0.01880592727399237,0.04425759213897365,0.8926788884480603,0.06306351941296602,1,0.01880592727399237,0.01880592727399237,0.01880592727399237
2026-06-04,HLVKS,0.019284613335573235,0.05129594518040776,0.8781234963036112,0.070580558515981,1,0.019284613335573235,0.019284613335573235,0.019284613335573235
2026-06-04,IHEVA,-0.07526930337961552,0.23425410402795216,0.6067610953237111,0.15898480064833664,1,-0.07526930337961552,-0.07526930337961552,-0.07526930337961552
2026-06-04,IHLAS,-0.1699202610626715,0.32854502372481803,0.5128302136130354,0.15862476266214653,1,-0.1699202610626715,-0.1699202610626715,-0.1699202610626715
2026-06-04,IHLGM,-0.061558625349650675,0.22163275233228164,0.6182931206850873,0.16007412698263096,1,-0.061558625349650675,-0.061558625349650675,-0.061558625349650675
2026-06-04,INDES,-0.009217862891488869,0.09275988792248271,0.8236980870465234,0.08354202503099385,2,-0.009217862891488869,-0.009217862891488869,-0.009217862891488869
2026-06-04,ISMEN,0.017692144567968304,0.09925408883455826,0.783799677762915,0.11694623340252656,2,0.017692144567968304,0.017692144567968304,0.017692144567968304
2026-06-04,ISTFK,0.013640520438587794,0.04974421492390527,0.8868710497136018,0.06338473536249306,1,0.013640520438587794,0.013640520438587794,0.013640520438587794
2026-06-04,IYM,0.017692144567968304,0.09925408883455826,0.783799677762915,0.11694623340252656,2,0.017692144567968304,0.017692144567968304,0.017692144567968304
2026-06-04,IZMDC,-0.22094666355241357,0.35697089274302407,0.5070048780663654,0.1360242291906105,1,-0.22094666355241357,-0.22094666355241357,-0.22094666355241357
2026-06-04,KCAER,0.16070533584203192,0.12590464858853365,0.5874853669809007,0.28660998443056557,5,0.16070533584203192,0.16070533584203192,0.16070533584203192
2026-06-04,KFILO,0.020512490069362697,0.03648047911202663,0.9065265517065841,0.056992969181389325,1,0.020512490069362697,0.020512490069362697,0.020512490069362697
2026-06-04,KLGYO,0.19285143523563442,0.14314451199526568,0.5208595407738342,0.33599594723090004,3,0.19285143523563442,0.19285143523563442,0.19285143523563442
2026-06-04,KLRHO,0.0428115227326478,0.2404926245199855,0.4762032282273812,0.2833041472526333,8,0.0428115227326478,0.0428115227326478,0.0428115227326478
2026-06-04,KMPUR,0.05248691762792888,0.1669409818296764,0.6136311187127185,0.21942789945760524,6,0.05248691762792888,0.05248691762792888,0.05248691762792888
2026-06-04,KOCFN,0.012273257082186996,0.03838759589244433,0.9109515511329244,0.050660852974631326,1,0.012273257082186996,0.012273257082186996,0.012273257082186996
2026-06-04,KONTR,-0.017215502617249096,0.0977594155688402,0.8216966714795687,0.08054391295159109,3,-0.017215502617249096,-0.017215502617249096,-0.017215502617249096
2026-06-04,KRVGD,-0.12774263210390738,0.25070437731164724,0.6263338774806129,0.12296174520773986,1,-0.12774263210390738,-0.12774263210390738,-0.12774263210390738
2026-06-04,KTSVK,0.019821218296998466,0.05256762025222453,0.8750435411985524,0.072388838549223,2,0.019821218296998466,0.019821218296998466,0.019821218296998466
2026-06-04,KUYAS,0.3372234102242228,0.15048913902238403,0.3617983117310091,0.4877125492466068,2,0.3372234102242228,0.3372234102242228,0.3372234102242228
2026-06-04,LIDFA,0.02073477226659399,0.044903224460866815,0.8894587788116725,0.0656379967274608,1,0.02073477226659399,0.02073477226659399,0.02073477226659399
2026-06-04,LRSHO,-0.08583497634946721,0.1866283472133901,0.7125782819226869,0.1007933708639229,2,-0.08583497634946721,-0.08583497634946721,-0.08583497634946721
2026-06-04,MEDTR,0.6087530802520218,0.0880199471251459,0.21520702549768647,0.6967730273771677,2,0.6087530802520218,0.6087530802520218,0.6087530802520218
2026-06-04,MEKMD,0.010342741231755638,0.03185795399271138,0.9259413507828217,0.04220069522446702,1,0.010342741231755638,0.010342741231755638,0.010342741231755638
2026-06-04,MERCN,0.7836158719574778,0.048537996627406606,0.11930813478770881,0.8321538685848845,1,0.7836158719574778,0.7836158719574778,0.7836158719574778
2026-06-04,MSA,0.010342741231755638,0.03185795399271138,0.9259413507828217,0.04220069522446702,1,0.010342741231755638,0.010342741231755638,0.010342741231755638
2026-06-04,MSY,0.013854447139674944,0.03396754655349042,0.9182104597533441,0.047821993693165366,1,0.013854447139674944,0.013854447139674944,0.013854447139674944
2026-06-04,MSYBN,0.013854447139674944,0.03396754655349042,0.9182104597533441,0.047821993693165366,1,0.013854447139674944,0.013854447139674944,0.013854447139674944
2026-06-04,NTHOL,0.38685159398877206,0.1449603412204305,0.323227723570367,0.5318119352092026,2,0.38685159398877206,0.38685159398877206,0.38685159398877206
2026-06-04,OFSYM,-0.05323988865590074,0.17725024847060467,0.6987393917146915,0.12401035981470393,3,-0.05323988865590074,-0.05323988865590074,-0.05323988865590074
2026-06-04,OSVKS,0.04403356066273122,0.05942661631808314,0.8371132067011025,0.10346017698081438,3,0.04403356066273122,0.04403356066273122,0.04403356066273122
2026-06-04,OYA,0.012749457456417382,0.09527990794229452,0.7966907266589935,0.1080293653987119,1,0.012749457456417382,0.012749457456417382,0.012749457456417382
2026-06-04,OYAYO,-0.07102365920776876,0.17215002329039886,0.7267236126269709,0.1011263640826301,1,-0.07102365920776876,-0.07102365920776876,-0.07102365920776876
2026-06-04,OYLUM,0.1991993874782408,0.13878034988641189,0.5232399127489356,0.33797973736465264,3,0.1991993874782408,0.1991993874782408,0.1991993874782408
2026-06-04,OYYAT,0.012749457456417382,0.09527990794229452,0.7966907266589935,0.1080293653987119,1,0.012749457456417382,0.012749457456417382,0.012749457456417382
2026-06-04,PBT,0.014006599763298051,0.03692727622261326,0.9121388477914755,0.050933875985911314,2,0.014006599763298051,0.014006599763298051,0.014006599763298051
2026-06-04,PBTR,0.014006599763298051,0.03692727622261326,0.9121388477914755,0.050933875985911314,2,0.014006599763298051,0.014006599763298051,0.014006599763298051
2026-06-04,PEKGY,0.016171527154464557,0.13332238861631562,0.7171836956129041,0.1494939157707802,2,0.016171527154464557,0.016171527154464557,0.016171527154464557
2026-06-04,PNSUT,0.014912093294051684,0.03780334584656591,0.9094812150128164,0.05271543914061759,2,0.014912093294051684,0.014912093294051684,0.014912093294051684
2026-06-04,POLHO,-0.19565112642540156,0.33239824126467477,0.5308546438960521,0.1367471148392732,1,-0.19565112642540156,-0.19565112642540156,-0.19565112642540156
2026-06-04,QNBTR,-0.05964316278030638,0.14714141474860362,0.7653603332830992,0.08749825196829723,3,-0.05964316278030638,-0.05964316278030638,-0.05964316278030638
2026-06-04,RGYAS,-0.16593760968428928,0.2793403348907066,0.6072569399028762,0.11340272520641731,1,-0.16593760968428928,-0.16593760968428928,-0.16593760968428928
2026-06-04,SASA,0.5102256470516193,0.11979641034869991,0.2501815322509809,0.6300220574003192,1,0.5102256470516193,0.5102256470516193,0.5102256470516193
2026-06-04,SAYAS,-0.012527326931228988,0.2297176885999786,0.5530919497312717,0.2171903616687496,1,-0.012527326931228988,-0.012527326931228988,-0.012527326931228988
2026-06-04,SMRFA,0.013989686566017304,0.04449274167973586,0.8970248300745108,0.058482428245753164,1,0.013989686566017304,0.013989686566017304,0.013989686566017304
2026-06-04,SMRVA,0.04377771212858997,0.1979114678429851,0.5603993521854397,0.2416891799715751,3,0.04377771212858997,0.04377771212858997,0.04377771212858997
2026-06-04,SVGYO,0.07855456100557588,0.10698658340799237,0.7074722721784394,0.18554114441356825,1,0.07855456100557588,0.07855456100557588,0.07855456100557588
2026-06-04,TAC,0.009932164645008276,0.06127606196123381,0.8675157114325243,0.07120822660624208,1,0.009932164645008276,0.009932164645008276,0.009932164645008276
2026-06-04,TAMFA,0.01599702423996753,0.04878484832123564,0.8864332791175613,0.06478187256120317,1,0.01599702423996753,0.01599702423996753,0.01599702423996753
2026-06-04,TCRYT,0.009932164645008276,0.06127606196123381,0.8675157114325243,0.07120822660624208,1,0.009932164645008276,0.009932164645008276,0.009932164645008276
2026-06-04,TGSAS,0.043629353317835046,0.1171363195205366,0.7220980076410918,0.16076567283837165,1,0.043629353317835046,0.043629353317835046,0.043629353317835046
2026-06-04,THL,0.01880592727399237,0.04425759213897365,0.8926788884480603,0.06306351941296602,1,0.01880592727399237,0.01880592727399237,0.01880592727399237
2026-06-04,THYAO,-0.23370607559654452,0.37414085416089116,0.48542436727476207,0.14043477856434664,1,-0.23370607559654452,-0.23370607559654452,-0.23370607559654452
2026-06-04,TRALT,-0.21672921319145252,0.3550708213258737,0.5065875705397052,0.13834160813442117,1,-0.21672921319145252,-0.21672921319145252,-0.21672921319145252
2026-06-04,TRYKI,0.017481313426001344,0.030146414697289917,0.9222258571794187,0.04762772812329126,1,0.017481313426001344,0.017481313426001344,0.017481313426001344
2026-06-04,TSK,0.009437790378289096,0.21670492061904853,0.5571523683836139,0.22614271099733763,1,0.009437790378289096,0.009437790378289096,0.009437790378289096
2026-06-04,TSKB,0.009437790378289096,0.21670492061904853,0.5571523683836139,0.22614271099733763,1,0.009437790378289096,0.009437790378289096,0.009437790378289096
2026-06-04,TSPOR,0.15153712583533513,0.19501574842206804,0.4584313773205288,0.34655287425740317,2,0.15153712583533513,0.15153712583533513,0.15153712583533513
2026-06-04,TUREX,0.02658067042274374,0.2708378211598412,0.4317436872575738,0.2974184915825849,3,0.02658067042274374,0.02658067042274374,0.02658067042274374
2026-06-04,TURSG,-0.23236705714914535,0.35990531707532153,0.5125564229985022,0.12753825992617618,1,-0.23236705714914535,-0.23236705714914535,-0.23236705714914535
2026-06-04,TVB,0.01406530739866832,0.04293785387087462,0.9000589848595825,0.05700316126954294,1,0.01406530739866832,0.01406530739866832,0.01406530739866832
2026-06-04,UCAYM,0.010990529194996235,0.15142769229750183,0.6861540862100002,0.16241822149249804,3,0.010990529194996235,0.010990529194996235,0.010990529194996235
2026-06-04,ULUFA,0.016204041257126718,0.03658699811531962,0.910621962512234,0.052791039372446336,2,0.016204041257126718,0.016204041257126718,0.016204041257126718
2026-06-04,VAKBN,0.01406530739866832,0.04293785387087462,0.9000589848595825,0.05700316126954294,1,0.01406530739866832,0.01406530739866832,0.01406530739866832
2026-06-04,VKFYO,-0.11910729753913961,0.223293014304601,0.6725212689299377,0.10418571676546139,1,-0.11910729753913961,-0.11910729753913961,-0.11910729753913961
2026-06-04,VKGYO,0.039833509419090696,0.17477007107183667,0.6106263484372358,0.21460358049092737,1,0.039833509419090696,0.039833509419090696,0.039833509419090696
2026-06-04,YKB,-0.11198221557144836,0.2245964624235332,0.662789290724382,0.11261424685208483,2,-0.11198221557144836,-0.11198221557144836,-0.11198221557144836
2026-06-04,YKBNK,-0.11198221557144836,0.2245964624235332,0.662789290724382,0.11261424685208483,2,-0.11198221557144836,-0.11198221557144836,-0.11198221557144836
2026-06-04,ZKBVK,0.02139310238211469,0.04960420527653396,0.8793984870648174,0.07099730765864865,2,0.02139310238211469,0.02139310238211469,0.02139310238211469
2026-06-04,ZOREN,0.024086403019972967,0.056823307021914675,0.8622669829361976,0.08090971004188764,2,0.024086403019972967,0.024086403019972967,0.024086403019972967
2026-06-05,A1YEN,0.06853591187331395,0.2922067586999568,0.34705057072677237,0.36074267057327075,2,0.06853591187331395,0.06853591187331395,0.06853591187331395
2026-06-05,ADEL,-0.11618210061073353,0.2453855220833252,0.6254110564440831,0.12920342147259167,1,-0.11618210061073353,-0.11618210061073353,-0.11618210061073353
2026-06-05,AEFES,0.014591706068590359,0.037069440250025856,0.9112694134313579,0.051661146318616215,1,0.014591706068590359,0.014591706068590359,0.014591706068590359
2026-06-05,AGESA,-0.06237963208897609,0.2070155714626582,0.6483484891636597,0.1446359393736821,2,-0.06237963208897609,-0.06237963208897609,-0.06237963208897609
2026-06-05,AHGAZ,0.8149105489545627,0.05040562171109171,0.08427820762325387,0.8653161706656545,1,0.8147113730750478,0.8147113730750478,0.8147113730750478
2026-06-05,AKFIS,0.6167116461877961,0.09327154740335372,0.19674525900549653,0.7099831935911498,1,0.6167116461877961,0.6167116461877961,0.6167116461877961
2026-06-05,AKHAN,0.8269038572656772,0.03961350123554191,0.09386914026323903,0.866517358501219,1,0.8269038572656772,0.8269038572656772,0.8269038572656772
2026-06-05,ALKIM,-0.2432739047694671,0.3734925633496644,0.49628877807013816,0.13021865858019732,1,-0.2432739047694671,-0.2432739047694671,-0.2432739047694671
2026-06-05,ALTNY,0.2251486724197609,0.13169709634151308,0.511457134897213,0.35684576876127394,5,0.2251486724197609,0.2251486724197609,0.2251486724197609
2026-06-05,ALVES,0.03394097132843621,0.06308721961659008,0.8398845894383837,0.0970281909450263,1,0.03394097132843621,0.03394097132843621,0.03394097132843621
2026-06-05,ANSGR,-0.2486770505756596,0.38706627686034684,0.4745444968549658,0.13838922628468725,2,-0.2486770505756596,-0.2486770505756596,-0.2486770505756596
2026-06-05,ARENA,0.017214913846745797,0.09182243078493331,0.7991402245833877,0.1090373446316791,1,-0.05755006765957068,-0.05755006765957068,-0.05755006765957068
2026-06-05,ARSAN,-0.07699014836311047,0.21594970513866588,0.6450907380857788,0.1389595567755554,2,-0.14822748645221373,-0.14822748645221373,-0.14822748645221373
2026-06-05,AVGYO,0.26879837216353497,0.09702782909781613,0.5371459696408327,0.3658262012613511,2,0.11519327483769695,0.11519327483769695,0.11519327483769695
2026-06-05,AVHOL,0.09953620884624689,0.1692701701756326,0.561923450802488,0.2688063790218795,1,0.09953620884624689,0.09953620884624689,0.09953620884624689
2026-06-05,AVTUR,0.1085028283856555,0.16185460571682733,0.5677879601806898,0.2703574341024828,3,0.1085028283856555,0.1085028283856555,0.1085028283856555
2026-06-05,AYCES,0.04816897044910057,0.21064968299454417,0.5305316635618111,0.25881865344364474,1,0.04816897044910057,0.04816897044910057,0.04816897044910057
2026-06-05,BAKAB,-0.1285673624695245,0.2540128954994363,0.6205415714706519,0.1254455330299118,1,-0.1285673624695245,-0.1285673624695245,-0.1285673624695245
2026-06-05,BANVT,-0.21323546021109002,0.3400537539342281,0.5331279523426339,0.12681829372313808,1,-0.21323546021109002,-0.21323546021109002,-0.21323546021109002
2026-06-05,BASGZ,0.18955683406973334,0.13705627070436693,0.5363306245215329,0.3266131047741002,4,0.30181599809577864,0.30181599809577864,0.30181599809577864
2026-06-05,BIENY,0.020469121541597295,0.038020402257588896,0.9034900739432249,0.05848952379918619,1,0.020469121541597295,0.020469121541597295,0.020469121541597295
2026-06-05,BJKAS,0.16345118246565682,0.12101956468930967,0.5945096881557238,0.2844707471549665,1,0.16345118246565682,0.16345118246565682,0.16345118246565682
2026-06-05,BLS,0.02434192350478881,0.12561395736021347,0.7244301617747843,0.14995588086500228,1,0.02434192350478881,0.02434192350478881,0.02434192350478881
2026-06-05,BLSMD,0.02434192350478881,0.12561395736021347,0.7244301617747843,0.14995588086500228,1,0.02434192350478881,0.02434192350478881,0.02434192350478881
2026-06-05,BRISA,-0.059628263729323644,0.14411347354366053,0.7714013166420025,0.08448520981433688,2,-0.059628263729323644,-0.059628263729323644,-0.059628263729323644
2026-06-05,BRKO,-0.08811363207806391,0.23605833956447594,0.615996952949112,0.14794470748641203,1,-0.011815817482509323,-0.011815817482509323,-0.011815817482509323
2026-06-05,BRKT,0.021017450163501292,0.04497184527787032,0.889038859280758,0.06598929544137161,2,0.021017450163501292,0.021017450163501292,0.021017450163501292
2026-06-05,CCOLA,-0.2635421540008273,0.4069828844222595,0.44957638515630843,0.14344073042143218,1,-0.2635421540008273,-0.2635421540008273,-0.2635421540008273
2026-06-05,CRFSA,0.014788534407713518,0.031173956588369866,0.9228635524155467,0.045962490996083384,1,0.014788534407713518,0.014788534407713518,0.014788534407713518
2026-06-05,CVKMD,-0.10152330550006775,0.23341415675863128,0.6346949919828052,0.13189085125856354,1,-0.0414911797256908,-0.0414911797256908,-0.0414911797256908
2026-06-05,CWENE,0.8071464349943929,0.04489746916824794,0.10305862666911134,0.8520439041626408,1,0.8071464349943929,0.8071464349943929,0.8071464349943929
2026-06-05,DERHL,0.6163677155906127,0.09948708206756213,0.1846581202742632,0.7158547976581747,1,0.6163677155906127,0.6163677155906127,0.6163677155906127
2026-06-05,DMD,-0.01242220404602648,0.10299789557790312,0.8064264128902203,0.09057569153187664,1,-0.01242220404602648,-0.01242220404602648,-0.01242220404602648
2026-06-05,DMSAS,-0.1282554688339696,0.29865811029316836,0.5309392482476329,0.17040264145919876,1,-0.1282554688339696,-0.1282554688339696,-0.1282554688339696
2026-06-05,DOKTA,-0.13080787895508209,0.2633960030083059,0.6040158729384701,0.13258812405322382,1,-0.13080787895508209,-0.13080787895508209,-0.13080787895508209
2026-06-05,DSYAT,-0.01242220404602648,0.10299789557790312,0.8064264128902203,0.09057569153187664,1,-0.01242220404602648,-0.01242220404602648,-0.01242220404602648
2026-06-05,DURDO,-0.17696446415233902,0.30773349668581323,0.5614974707807125,0.13076903253347422,1,-0.1798517315317067,-0.1798517315317067,-0.1798517315317067
2026-06-05,DVRLK,0.026784677576834143,0.09972244035428027,0.7737704417146052,0.1265071179311144,2,0.026784677576834143,0.026784677576834143,0.026784677576834143
2026-06-05,EBEBK,-0.2595108645055304,0.3781635888154118,0.5031836868747068,0.11865272430988141,2,-0.2595108645055304,-0.2595108645055304,-0.2595108645055304
2026-06-05,ECZIP,-0.21575624375963365,0.3132798710216615,0.5891965017163108,0.09752362726202786,1,-0.21575624375963365,-0.21575624375963365,-0.21575624375963365
2026-06-05,EKDMR,0.10624452145684121,0.1586488401181015,0.5764577983069558,0.2648933615749427,1,0.10624452145684121,0.10624452145684121,0.10624452145684121
2026-06-05,EKTVK,0.018439294063979633,0.05213357614979859,0.8772935536364233,0.07057287021377823,2,0.018439294063979633,0.018439294063979633,0.018439294063979633
2026-06-05,ENERY,0.8435173511233517,0.047100731428292915,0.06228118602006244,0.8906180825516447,1,0.842364421740577,0.842364421740577,0.842364421740577
2026-06-05,ENSRI,0.012723613557442254,0.2430041324972946,0.5012681214479685,0.25572774605473686,1,0.012723613557442254,0.012723613557442254,0.012723613557442254
2026-06-05,ERCB,0.020484412403462028,0.03764544594407615,0.9042246957083856,0.05812985834753817,2,0.020484412403462028,0.020484412403462028,0.020484412403462028
2026-06-05,ETYAT,-0.0971368340148599,0.20369706787014202,0.6897426982745759,0.10656023385528213,1,-0.0971368340148599,-0.0971368340148599,-0.0971368340148599
2026-06-05,EUKYO,-0.0971368340148599,0.20369706787014202,0.6897426982745759,0.10656023385528213,1,-0.0971368340148599,-0.0971368340148599,-0.0971368340148599
2026-06-05,EUYO,-0.09065071191072792,0.19267195903559778,0.7053067938395325,0.10202124712486986,1,-0.09065071191072792,-0.09065071191072792,-0.09065071191072792
2026-06-05,FBB,-0.275463716446386,0.3891615670086672,0.49714058242905146,0.1136978505622812,1,-0.275463716446386,-0.275463716446386,-0.275463716446386
2026-06-05,FBBNK,-0.275463716446386,0.3891615670086672,0.49714058242905146,0.1136978505622812,1,-0.275463716446386,-0.275463716446386,-0.275463716446386
2026-06-05,FIN,-0.06668277887087178,0.15033823901889526,0.7660063008330814,0.08365546014802348,3,-0.06316297082558908,-0.06316297082558908,-0.06316297082558908
2026-06-05,FLAP,-0.0412870576368531,0.1274762014548669,0.7863346547271193,0.0861891438180138,2,0.052592468195604876,0.052592468195604876,0.052592468195604876
2026-06-05,FORTE,0.273966900920665,0.1797807540588658,0.3664715909616034,0.45374765497953085,2,0.43569965233317787,0.43569965233317787,0.43569965233317787
2026-06-05,GARFA,-0.21717703183981027,0.34660324738825177,0.5239705370633068,0.1294262155484415,1,-0.21717703183981027,-0.21717703183981027,-0.21717703183981027
2026-06-05,GEDIK,-0.17293848771030204,0.29019675620535296,0.592544975299596,0.11725826849505092,1,-0.0813100785301862,-0.0813100785301862,-0.0813100785301862
2026-06-05,GENTS,-0.0870979848633047,0.26044308741686356,0.5662118100295775,0.17334510255355887,1,-0.0870979848633047,-0.0870979848633047,-0.0870979848633047
2026-06-05,GLRMK,-0.10112608752059782,0.2564606183921621,0.5882048507362736,0.1553345308715643,3,-0.10112608752059782,-0.10112608752059782,-0.10112608752059782
2026-06-05,GLRYH,0.01612784646097544,0.2911568628129633,0.4015584279130979,0.30728470927393875,2,0.01612784646097544,0.01612784646097544,0.01612784646097544
2026-06-05,GLYHO,0.8259719191964858,0.047044170974129405,0.07993973885525525,0.8730160901706152,1,0.8259719191964858,0.8259719191964858,0.8259719191964858
2026-06-05,GRNYO,-0.056675411145897844,0.16081378709981559,0.7350478369462666,0.10413837595391774,1,-0.056675411145897844,-0.056675411145897844,-0.056675411145897844
2026-06-05,GUBRF,-0.2568465572690196,0.3768522488439612,0.5031420595810974,0.12000569157494154,1,-0.2502394317315993,-0.2502394317315993,-0.2502394317315993
2026-06-05,HALKB,0.01768552205702479,0.04094078866929709,0.9004329006043809,0.05862631072632188,1,0.01824572466550858,0.01824572466550858,0.01824572466550858
2026-06-05,HDFFL,0.014474478461146443,0.036709142168717124,0.9121072372014193,0.05118362062986357,2,0.014474478461146443,0.014474478461146443,0.014474478461146443
2026-06-05,HLVKS,0.015886360628109567,0.047063922543912715,0.889985794284065,0.06295028317202228,1,0.0175854869818414,0.0175854869818414,0.0175854869818414
2026-06-05,HRKET,0.15346747150789922,0.16391886430520222,0.5186947998816963,0.31738633581310144,3,0.15346747150789922,0.15346747150789922,0.15346747150789922
2026-06-05,IHAAS,0.06995754047781994,0.20357247775570653,0.5228975040107671,0.27353001823352646,1,0.06995754047781994,0.06995754047781994,0.06995754047781994
2026-06-05,IHLAS,0.20058315336955052,0.19997533403023077,0.399466178569988,0.4005584873997813,2,0.01533144615343951,0.01533144615343951,0.01533144615343951
2026-06-05,IMASM,0.19614864244911245,0.13392017870137773,0.5360110001481321,0.33006882115049024,3,0.19614864244911245,0.19614864244911245,0.19614864244911245
2026-06-05,ISATR,0.013748238719450252,0.04438489137603475,0.8974819785284803,0.058133130095485,1,0.013748238719450252,0.013748238719450252,0.013748238719450252
2026-06-05,ISBTR,0.013748238719450252,0.04438489137603475,0.8974819785284803,0.058133130095485,1,0.013748238719450252,0.013748238719450252,0.013748238719450252
2026-06-05,ISCTR,0.013748238719450252,0.04438489137603475,0.8974819785284803,0.058133130095485,1,0.013748238719450252,0.013748238719450252,0.013748238719450252
2026-06-05,ISFAK,0.014402777624452166,0.044768275946110284,0.8960606704833274,0.05917105357056245,2,0.014402777624452166,0.014402777624452166,0.014402777624452166
2026-06-05,ISKUR,0.013748238719450252,0.04438489137603475,0.8974819785284803,0.058133130095485,1,0.013748238719450252,0.013748238719450252,0.013748238719450252
2026-06-05,ISMEN,0.017692144567968304,0.09925408883455826,0.783799677762915,0.11694623340252656,2,0.017692144567968304,0.017692144567968304,0.017692144567968304
2026-06-05,IYM,0.017692144567968304,0.09925408883455826,0.783799677762915,0.11694623340252656,2,0.017692144567968304,0.017692144567968304,0.017692144567968304
2026-06-05,IZENR,0.03548046114545311,0.3209543927597565,0.3226107533350338,0.3564348539052096,1,0.03548046114545311,0.03548046114545311,0.03548046114545311
2026-06-05,KAYSE,-0.11055173088252503,0.3096374469718207,0.4912768369388836,0.1990857160892957,2,-0.11055173088252503,-0.11055173088252503,-0.11055173088252503
2026-06-05,KCAER,-0.02089997167137716,0.08491629700007175,0.8510673776712336,0.06401632532869458,2,0.06990268208532738,0.06990268208532738,0.06990268208532738
2026-06-05,KFILO,0.01384804125633251,0.03331445510131058,0.9195230485410463,0.04716249635764309,1,0.017180265662847603,0.017180265662847603,0.017180265662847603
2026-06-05,KLSYN,-0.015877718021985364,0.18696549882342295,0.6419467203751394,0.17108778080143758,2,-0.015877718021985364,-0.015877718021985364,-0.015877718021985364
2026-06-05,KNFRT,-0.05945070807176801,0.13861096781649407,0.78222877243878,0.07916025974472604,2,-0.05945070807176801,-0.05945070807176801,-0.05945070807176801
2026-06-05,KONYA,-0.21333494962129468,0.35505507578072076,0.5032247980598533,0.14172012615942609,1,-0.21333494962129468,-0.21333494962129468,-0.21333494962129468
2026-06-05,LIDFA,0.018349536075988493,0.046406726950920664,0.8888370100221701,0.06475626302690915,2,0.01954215417129124,0.01954215417129124,0.01954215417129124
2026-06-05,LYDYE,0.29738957000912736,0.1635567916458852,0.3754968466991023,0.46094636165501257,2,0.29738957000912736,0.29738957000912736,0.29738957000912736
2026-06-05,MAGEN,0.06667166971715019,0.05795832440580154,0.8174116814712468,0.12462999412295173,1,0.06667166971715019,0.06667166971715019,0.06667166971715019
2026-06-05,MAKTK,-0.18861221187867294,0.3431877013484605,0.5022368091817518,0.15457548946978755,1,-0.18861221187867294,-0.18861221187867294,-0.18861221187867294
2026-06-05,MEDTR,0.6037990005670282,0.08968042749050593,0.2168401444519599,0.6934794280575342,1,0.606276040409525,0.606276040409525,0.606276040409525
2026-06-05,MEGAP,0.051278913948263366,0.12705336803311768,0.6946143499855012,0.17833228198138104,3,0.051278913948263366,0.051278913948263366,0.051278913948263366
2026-06-05,NTHOL,0.7522667638100901,0.06972024143692848,0.10829275331605306,0.8219870052470185,1,0.5695591788994311,0.5695591788994311,0.5695591788994311
2026-06-05,OBAMS,-0.14610275302053077,0.2616786651534978,0.6227454227135352,0.11557591213296703,1,-0.14610275302053077,-0.14610275302053077,-0.14610275302053077
2026-06-05,OSVKS,0.013727828148721026,0.04651913414086986,0.8932339035695392,0.06024696228959089,3,0.028880694405726125,0.028880694405726125,0.028880694405726125
2026-06-05,OYA,0.011428846063279721,0.0915791883191201,0.8054127772984802,0.10300803438239982,1,0.012089151759848552,0.012089151759848552,0.012089151759848552
2026-06-05,OYAYO,-0.07102365920776876,0.17215002329039886,0.7267236126269709,0.1011263640826301,1,-0.07102365920776876,-0.07102365920776876,-0.07102365920776876
2026-06-05,OYYAT,0.011428846063279721,0.0915791883191201,0.8054127772984802,0.10300803438239982,1,0.012089151759848552,0.012089151759848552,0.012089151759848552
2026-06-05,OZSUB,0.18059744479048093,0.20037054923885997,0.41866145673179916,0.38096799402934095,3,0.18059744479048093,0.18059744479048093,0.18059744479048093
2026-06-05,OZYSR,0.22745951254805696,0.11286038009788485,0.5468197272561733,0.3403198926459418,3,0.22745951254805696,0.22745951254805696,0.22745951254805696
2026-06-05,PETKM,-0.10236809212512823,0.23866549657819172,0.6250370989687448,0.1362974044530635,2,-0.10236809212512823,-0.10236809212512823,-0.10236809212512823
2026-06-05,PRKME,0.0689401491715525,0.15883735231556093,0.6133851461973256,0.22777750148711343,1,0.0689401491715525,0.0689401491715525,0.0689401491715525
2026-06-05,QNBTR,-0.06668277887087178,0.15033823901889526,0.7660063008330814,0.08365546014802348,3,-0.06316297082558908,-0.06316297082558908,-0.06316297082558908
2026-06-05,REEDR,0.22578904848836104,0.13369589713625732,0.5068191572391244,0.35948494562461836,3,0.22578904848836104,0.22578904848836104,0.22578904848836104
2026-06-05,SASA,0.5037203336239708,0.11890584818718171,0.25846797000166566,0.6226261818111526,1,0.5069729903377951,0.5069729903377951,0.5069729903377951
2026-06-05,SEKFK,-0.00921925812778035,0.14743956644213108,0.7143401252435182,0.13822030831435073,1,-0.00921925812778035,-0.00921925812778035,-0.00921925812778035
2026-06-05,SELVA,0.18365326940716356,0.13301829024535902,0.5503101501021183,0.31667155965252264,3,0.18365326940716356,0.18365326940716356,0.18365326940716356
2026-06-05,SISE,-0.18819022568239924,0.33324929751442844,0.5216916306535423,0.1450590718320292,1,-0.18819022568239924,-0.18819022568239924,-0.18819022568239924
2026-06-05,SMRFA,0.017654126309272246,0.05142576600333522,0.8794943416840574,0.06907989231260747,2,0.015821906437644775,0.015821906437644775,0.015821906437644775
2026-06-05,SMRVA,0.034332944829314496,0.08483220644799373,0.7960026422746981,0.11916515127730823,1,0.03905532847895223,0.03905532847895223,0.03905532847895223
2026-06-05,SOKM,0.26429832374198986,0.13786504168227567,0.4599715928934588,0.40216336542426556,2,0.26429832374198986,0.26429832374198986,0.26429832374198986
2026-06-05,TAC,0.011790836444139662,0.03098956496217111,0.926230033631518,0.04278040140631077,1,0.010861500544573969,0.010861500544573969,0.010861500544573969
2026-06-05,TAE,0.015524789831936787,0.03938645403912482,0.9057023020898135,0.05491124387106161,1,0.015524789831936787,0.015524789831936787,0.015524789831936787
2026-06-05,TCRYT,0.011790836444139662,0.03098956496217111,0.926230033631518,0.04278040140631077,1,0.010861500544573969,0.010861500544573969,0.010861500544573969
2026-06-05,THL,0.01768552205702479,0.04094078866929709,0.9004329006043809,0.05862631072632188,1,0.01824572466550858,0.01824572466550858,0.01824572466550858
2026-06-05,TIB,0.013748238719450252,0.04438489137603475,0.8974819785284803,0.058133130095485,1,0.013748238719450252,0.013748238719450252,0.013748238719450252
2026-06-05,TRALT,-0.28632408213132643,0.40622134691158823,0.4738813883081499,0.11989726478026183,1,-0.2515266476613895,-0.2515266476613895,-0.2515266476613895
2026-06-05,TRBNK,0.015524789831936787,0.03938645403912482,0.9057023020898135,0.05491124387106161,1,0.015524789831936787,0.015524789831936787,0.015524789831936787
2026-06-05,TRCAS,-0.1575373336561667,0.34610942977408765,0.4653184741079913,0.18857209611792095,1,-0.1575373336561667,-0.1575373336561667,-0.1575373336561667
2026-06-05,TRILC,0.026515604689617583,0.14476483989786082,0.6839547155146608,0.1712804445874784,2,0.026515604689617583,0.026515604689617583,0.026515604689617583
2026-06-05,TSK,0.009528817067862794,0.2158846737823724,0.5587018353673926,0.22541349085023518,1,0.009483303723075945,0.009483303723075945,0.009483303723075945
2026-06-05,TSKB,0.009528817067862794,0.2158846737823724,0.5587018353673926,0.22541349085023518,1,0.009483303723075945,0.009483303723075945,0.009483303723075945
2026-06-05,TSPOR,0.2689497542402513,0.14279406290217084,0.445462119955407,0.41174381714242214,2,0.21024344003779322,0.21024344003779322,0.21024344003779322
2026-06-05,TUREX,-0.05460263914771553,0.11572139101336175,0.8231598571209922,0.06111875186564622,1,-0.014010984362485894,-0.014010984362485894,-0.014010984362485894
2026-06-05,TVB,0.01393185518560552,0.041052174703236036,0.9039637954079224,0.05498402988884155,2,0.01399858129213692,0.01399858129213692,0.01399858129213692
2026-06-05,ULKER,-0.19878575702332899,0.33257148445018553,0.533642788122958,0.13378572742685654,1,-0.19878575702332899,-0.19878575702332899,-0.19878575702332899
2026-06-05,ULUFA,0.0163906603801873,0.03646516918049296,0.910679001258827,0.05285582956068026,1,0.01629735081865701,0.01629735081865701,0.01629735081865701
2026-06-05,VAKBN,0.01393185518560552,0.041052174703236036,0.9039637954079224,0.05498402988884155,2,0.01399858129213692,0.01399858129213692,0.01399858129213692
2026-06-05,VDFAS,0.014476678834042724,0.04093590743486233,0.9036515062962327,0.05541258626890505,1,0.014476678834042724,0.014476678834042724,0.014476678834042724
2026-06-05,VKFYO,-0.11910729753913961,0.223293014304601,0.6725212689299377,0.10418571676546139,1,-0.11910729753913961,-0.11910729753913961,-0.11910729753913961
2026-06-05,YBTAS,-0.06541827713601027,0.14882714230133398,0.7677639925333424,0.08340886516532371,1,-0.06541827713601027,-0.06541827713601027,-0.06541827713601027
2026-06-05,ZERGY,-0.1277952926820847,0.2251344943613089,0.6775263039594669,0.09733920167922419,1,-0.1277952926820847,-0.1277952926820847,-0.1277952926820847
2026-06-05,ZKBVR,0.021693215458929372,0.0478219689358888,0.8826628466692932,0.06951518439481819,2,0.021693215458929372,0.021693215458929372,0.021693215458929372
2026-06-06,BJKAS,0.16766587654412368,0.08961583828976354,0.6531024468763492,0.25728171483388723,1,0.16555852950489025,0.16555852950489025,0.16555852950489025
2026-06-06,BRYAT,-0.22870412396289894,0.35868307600014143,0.511337971962616,0.1299789520372425,1,-0.22870412396289894,-0.22870412396289894,-0.22870412396289894
2026-06-06,CLEBI,0.10378743066356783,0.21109298681515787,0.47402659570611655,0.3148804174787257,1,0.10378743066356783,0.10378743066356783,0.10378743066356783
2026-06-06,KUVVA,0.014117920358034303,0.09798016676161447,0.7899217461187369,0.11209808711964878,1,0.014117920358034303,0.014117920358034303,0.014117920358034303
2026-06-07,FRIGO,-0.12393230058952187,0.24034965004152634,0.6432330005064693,0.11641734945200446,1,-0.12393230058952187,-0.12393230058952187,-0.12393230058952187
2026-06-07,PENTA,0.21952594758485042,0.11347523610517342,0.5535235802048027,0.3330011836900238,3,0.21952594758485042,0.21952594758485042,0.21952594758485042
2026-06-08,A1CAP,0.378885467302254,0.1328441778415726,0.35542617701460083,0.5117296451438266,1,0.378885467302254,0.378885467302254,0.378885467302254
2026-06-08,A1YEN,0.16029557092881153,0.3952646373194142,0.0491751544323601,0.5555602082482257,1,0.11441574140106274,0.11441574140106274,0.11441574140106274
2026-06-08,ACP,0.378885467302254,0.1328441778415726,0.35542617701460083,0.5117296451438266,1,0.378885467302254,0.378885467302254,0.378885467302254
2026-06-08,AEFES,0.012891844367089754,0.046002420414688605,0.8951033148035331,0.05889426478177836,1,0.013741775217840056,0.013741775217840056,0.013741775217840056
2026-06-08,AFYON,-0.22543549183547248,0.3623895619932821,0.5006563678489083,0.1369540701578096,1,-0.22543549183547248,-0.22543549183547248,-0.22543549183547248
2026-06-08,AHGAZ,0.8090115627767491,0.05315992505943287,0.0846685871043851,0.862171487836182,1,0.8128114363089484,0.8128114363089484,0.8128114363089484
2026-06-08,AKBNK,0.0026880655888887224,0.09360102561110474,0.8101098831889019,0.09628909119999346,2,0.0026880655888887224,0.0026880655888887224,0.0026880655888887224
2026-06-08,AKENR,-0.26828241919735507,0.3921591633336987,0.4839640925299576,0.12387674413634366,1,-0.08837307256377265,-0.08837307256377265,-0.08837307256377265
2026-06-08,AKM,0.017969010017858722,0.08356675735911726,0.8148974752639069,0.10153576737697598,5,0.014049009350064933,0.014049009350064933,0.014049009350064933
2026-06-08,AKMEN,0.017969010017858722,0.08356675735911726,0.8148974752639069,0.10153576737697598,5,0.014049009350064933,0.014049009350064933,0.014049009350064933
2026-06-08,AKSEN,-0.2562378384849907,0.38811896937590257,0.4799998997331855,0.13188113089091183,1,-0.2562378384849907,-0.2562378384849907,-0.2562378384849907
2026-06-08,AKSUE,-0.14945057216617944,0.30393559465107034,0.5415793828640386,0.1544850224848909,1,-0.14945057216617944,-0.14945057216617944,-0.14945057216617944
2026-06-08,ALARK,-0.14276954077192866,0.32558170589869495,0.4916061289745389,0.1828121651267663,1,-0.14276954077192866,-0.14276954077192866,-0.14276954077192866
2026-06-08,ALFAS,0.004285426962898735,0.0895846005371425,0.8165453719628163,0.09387002750004121,3,0.004285426962898735,0.004285426962898735,0.004285426962898735
2026-06-08,ALKLC,-0.029342634017700674,0.13597003490470413,0.7574025642082924,0.10662740088700347,4,-0.029342634017700674,-0.029342634017700674,-0.029342634017700674
2026-06-08,ANELE,-0.1573833161988633,0.2851883349317875,0.5870066463352883,0.1278050187329242,1,-0.1573833161988633,-0.1573833161988633,-0.1573833161988633
2026-06-08,ARSAN,-0.19687796555148307,0.3333231146119405,0.5302317363276021,0.1364451490604574,1,-0.16444431281863683,-0.16444431281863683,-0.16444431281863683
2026-06-08,ATAGY,-0.147757064885367,0.24831930355307433,0.6511184577792185,0.10056223866770735,1,-0.147757064885367,-0.147757064885367,-0.147757064885367
2026-06-08,ATLAS,0.010371618719386924,0.07932870559513744,0.8309709700903382,0.08970032431452436,1,0.010371618719386924,0.010371618719386924,0.010371618719386924
2026-06-08,ATLFA,0.046902082086786645,0.09287044046845774,0.7673570369762978,0.1397725225552444,1,0.046902082086786645,0.046902082086786645,0.046902082086786645
2026-06-08,BESLR,-0.08503971378461034,0.2184295938600364,0.6481805260645375,0.13338988007542607,1,-0.08503971378461034,-0.08503971378461034,-0.08503971378461034
2026-06-08,BLS,0.02434192350478881,0.12561395736021347,0.7244301617747843,0.14995588086500228,1,0.02434192350478881,0.02434192350478881,0.02434192350478881
2026-06-08,BLSMD,0.02434192350478881,0.12561395736021347,0.7244301617747843,0.14995588086500228,1,0.02434192350478881,0.02434192350478881,0.02434192350478881
2026-06-08,BORLS,-0.14705355692196034,0.3109506200578875,0.5251523168061855,0.16389706313592714,1,-0.14705355692196034,-0.14705355692196034,-0.14705355692196034
2026-06-08,BRGFK,0.03100136633589408,0.06512246407327732,0.8387537055175514,0.0961238304091714,1,0.03100136633589408,0.03100136633589408,0.03100136633589408
2026-06-08,BRISA,0.03087402663567952,0.07990012099166739,0.8093257313809857,0.1107741476273469,3,-0.014377118546822063,-0.014377118546822063,-0.014377118546822063
2026-06-08,BRSAN,-0.06770053252302974,0.24987211669991718,0.5679562991231953,0.18217158417688745,1,-0.06770053252302974,-0.06770053252302974,-0.06770053252302974
2026-06-08,BVSAN,0.28711644860367136,0.08248242939958164,0.5479186925971653,0.369598878003253,5,0.28711644860367136,0.28711644860367136,0.28711644860367136
2026-06-08,CAGFA,0.020169260925076374,0.09912554021589874,0.7815796586431262,0.11929480114097508,3,0.020169260925076374,0.020169260925076374,0.020169260925076374
2026-06-08,CGCAM,0.06455137939453481,0.16233584426592007,0.6107769320736252,0.22688722366045488,1,0.06455137939453481,0.06455137939453481,0.06455137939453481
2026-06-08,CIMSA,-0.12158509240614013,0.25884978864123237,0.6038855151236754,0.13726469623509224,1,-0.12158509240614013,-0.12158509240614013,-0.12158509240614013
2026-06-08,COSMO,-0.18835480544942748,0.32118290349259015,0.5459889984642472,0.13282809804316267,1,-0.18835480544942748,-0.18835480544942748,-0.18835480544942748
2026-06-08,DARDL,0.11973728112209692,0.2019063959699706,0.47644992693796195,0.32164367709206754,4,0.11973728112209692,0.11973728112209692,0.11973728112209692
2026-06-08,DENGE,-0.09459466066084887,0.183685536368859,0.7272235879231308,0.08909087570801014,2,-0.09459466066084887,-0.09459466066084887,-0.09459466066084887
2026-06-08,DESPC,-0.021065977101709342,0.10266298540957874,0.8157400062825518,0.0815970083078694,2,-0.021065977101709342,-0.021065977101709342,-0.021065977101709342
2026-06-08,DGRVK,0.031016995315278323,0.10044647585878252,0.7680900529671565,0.13146347117406085,3,0.031016995315278323,0.031016995315278323,0.031016995315278323
2026-06-08,DIRIT,0.06180976461928511,0.13465512824150258,0.6688799788977097,0.1964648928607877,3,0.06574434926446338,0.06574434926446338,0.06574434926446338
2026-06-08,DKVRL,0.01563755966428118,0.13668286387014064,0.7109967125954375,0.15232042353442182,1,0.01563755966428118,0.01563755966428118,0.01563755966428118
2026-06-08,DNYVA,-0.24088800576367822,0.34942523292239763,0.5420375399188829,0.10853722715871941,1,-0.24088800576367822,-0.24088800576367822,-0.24088800576367822
2026-06-08,EBEBK,-0.018692310141231808,0.13686345865452784,0.7449653928321761,0.11817114851329603,1,-0.1391015873233811,-0.1391015873233811,-0.1391015873233811
2026-06-08,EKTVK,0.019751900204646185,0.04904653159775344,0.882155036599847,0.06879843180239963,1,0.018876829444201815,0.018876829444201815,0.018876829444201815
2026-06-08,EMNIS,-0.1269720465416933,0.24488662070916217,0.637198805123369,0.11791457416746887,1,-0.1269720465416933,-0.1269720465416933,-0.1269720465416933
2026-06-08,EMVAR,0.019006149201496958,0.05294123806451806,0.8751113746694669,0.07194738726601502,3,0.019006149201496958,0.019006149201496958,0.019006149201496958
2026-06-08,ENKAI,-0.24064545520952785,0.3705560144683689,0.49953342627279007,0.12991055925884104,1,-0.24064545520952785,-0.24064545520952785,-0.24064545520952785
2026-06-08,ENPRA,-0.0035300923160005993,0.1680255548803134,0.6674789825553737,0.1644954625643128,1,-0.0035300923160005993,-0.0035300923160005993,-0.0035300923160005993
2026-06-08,EPLAS,-0.13825078570235738,0.27090326689360616,0.596444251915145,0.13265248119124878,1,-0.13825078570235738,-0.13825078570235738,-0.13825078570235738
2026-06-08,EREGL,-0.20986848355650134,0.3614100104164474,0.4870484627236067,0.15154152685994604,1,-0.20986848355650134,-0.20986848355650134,-0.20986848355650134
2026-06-08,ESEN,-0.006815042943113664,0.23498753207934306,0.5368399787844275,0.2281724891362294,1,-0.006815042943113664,-0.006815042943113664,-0.006815042943113664
2026-06-08,ETYAT,-0.03589036614185716,0.14212988428877268,0.7516305975643118,0.10623951814691553,2,-0.07672134472385898,-0.07672134472385898,-0.07672134472385898
2026-06-08,EUKYO,-0.03589036614185716,0.14212988428877268,0.7516305975643118,0.10623951814691553,2,-0.07672134472385898,-0.07672134472385898,-0.07672134472385898
2026-06-08,EUYO,-0.03301526869193076,0.13405308734144059,0.7649090940090496,0.10103781864950984,2,-0.0714388975044622,-0.0714388975044622,-0.0714388975044622
2026-06-08,FENER,-0.2861851866513764,0.41170142056611214,0.4627823455191521,0.12551623391473574,1,-0.2861851866513764,-0.2861851866513764,-0.2861851866513764
2026-06-08,FIN,0.0193274714086134,0.09922164906338544,0.7822292304646158,0.11854912047199884,3,-0.035666156747521584,-0.035666156747521584,-0.035666156747521584
2026-06-08,FORTE,0.28130191121642567,0.19034357784965694,0.33801093308426033,0.4716454890660826,2,0.3842337386275938,0.3842337386275938,0.3842337386275938
2026-06-08,GARFA,-0.007421277863353261,0.15939532869649356,0.688630620470366,0.1519740508331403,2,-0.11229915485158176,-0.11229915485158176,-0.11229915485158176
2026-06-08,GENIL,-0.11240250541804407,0.23197213340730483,0.6484582386034343,0.11956962798926075,1,-0.11240250541804407,-0.11240250541804407,-0.11240250541804407
2026-06-08,GESAN,0.6474088367801533,0.08289709712547874,0.18679696896888914,0.730305933905632,1,0.6474088367801533,0.6474088367801533,0.6474088367801533
2026-06-08,GLB,-0.2566022318494262,0.3614823312012592,0.5336375694469078,0.10488009935183298,1,-0.2566022318494262,-0.2566022318494262,-0.2566022318494262
2026-06-08,GLBMD,-0.2566022318494262,0.3614823312012592,0.5336375694469078,0.10488009935183298,1,-0.2566022318494262,-0.2566022318494262,-0.2566022318494262
2026-06-08,GLYHO,-0.20649882798996955,0.337132865199332,0.5322330975913054,0.13063403720936245,1,0.30973654560325814,0.30973654560325814,0.30973654560325814
2026-06-08,GOKNR,0.7585229484427005,0.057247915573322455,0.12698122041065454,0.815770864016023,1,0.7585229484427005,0.7585229484427005,0.7585229484427005
2026-06-08,GOZDE,-0.0999280883216075,0.20563670579707155,0.6886546767274644,0.10570861747546406,2,-0.0999280883216075,-0.0999280883216075,-0.0999280883216075
2026-06-08,GRNYO,-0.013461422282454373,0.12241305818560494,0.7686353059112444,0.10895163590315057,2,-0.042270748191416685,-0.042270748191416685,-0.042270748191416685
2026-06-08,GSDDE,-0.08942269568804054,0.22212629871319406,0.6451700982616525,0.13270360302515352,1,-0.08942269568804054,-0.08942269568804054,-0.08942269568804054
2026-06-08,GSDHO,-0.21872502434200788,0.36204090371741865,0.49464321690717045,0.14331587937541077,1,-0.21872502434200788,-0.21872502434200788,-0.21872502434200788
2026-06-08,GUBRF,-0.01162208625091768,0.14374184736120288,0.724138391528512,0.1321197611102852,1,-0.17070031657137208,-0.17070031657137208,-0.17070031657137208
2026-06-08,HALKI,0.019339326600453066,0.08203505638281978,0.8165905606339074,0.10137438298327285,1,0.019339326600453066,0.019339326600453066,0.019339326600453066
2026-06-08,HDFFL,0.013931613279206861,0.02749786412031805,0.9310726584801569,0.04142947739952491,1,0.014203045870176652,0.014203045870176652,0.014203045870176652
2026-06-08,HEKTS,-0.08858686072164874,0.23286964423850676,0.6228475722446353,0.144282783516858,5,-0.08858686072164874,-0.08858686072164874,-0.08858686072164874
2026-06-08,HLVKS,0.019429417713059872,0.0993503039751922,0.7818699743365558,0.11877972168825207,2,0.018200130558914226,0.018200130558914226,0.018200130558914226
2026-06-08,HLY,0.019339326600453066,0.08203505638281978,0.8165905606339074,0.10137438298327285,1,0.019339326600453066,0.019339326600453066,0.019339326600453066
2026-06-08,HRKET,-0.21414420608763396,0.3434024282111326,0.5273393496653688,0.12925822212349863,1,-0.03033836728986737,-0.03033836728986737,-0.03033836728986737
2026-06-08,HTTBT,0.6892074743818375,0.0735892016939821,0.16361412223019833,0.7627966760758196,1,0.6892074743818375,0.6892074743818375,0.6892074743818375
2026-06-08,HUBVC,-0.03398116092212565,0.18224281738597065,0.6694955261501844,0.148261656463845,2,-0.03398116092212565,-0.03398116092212565,-0.03398116092212565
2026-06-08,ICUGS,-0.1712821872851426,0.29487611785982615,0.5815299515654904,0.12359393057468353,1,-0.1712821872851426,-0.1712821872851426,-0.1712821872851426
2026-06-08,IHLAS,0.49825686278488895,0.14584655400365182,0.2100500292078073,0.6441034167885408,1,0.1763065850305893,0.1763065850305893,0.1763065850305893
2026-06-08,IMASM,-0.022973094963408033,0.12484099760003328,0.7732910997633415,0.10186790263662525,2,0.0865877737428522,0.0865877737428522,0.0865877737428522
2026-06-08,INFO,0.024771916908012587,0.0908255093886651,0.7935770643146572,0.11559742629667769,1,0.024771916908012587,0.024771916908012587,0.024771916908012587
2026-06-08,INVEO,-0.17946871341462173,0.32172197943447756,0.5360247545456666,0.14225326601985583,1,-0.17946871341462173,-0.17946871341462173,-0.17946871341462173
2026-06-08,ISATR,0.011722957151027565,0.04563225900894843,0.8970125248310756,0.05735521615997599,1,0.012735597935238908,0.012735597935238908,0.012735597935238908
2026-06-08,ISBIR,-0.9216908160210281,0.94628262069275,0.029125574635527725,0.02459180467172198,1,-0.9216908160210281,-0.9216908160210281,-0.9216908160210281
2026-06-08,ISBTR,0.011722957151027565,0.04563225900894843,0.8970125248310756,0.05735521615997599,1,0.012735597935238908,0.012735597935238908,0.012735597935238908
2026-06-08,ISCTR,0.011722957151027565,0.04563225900894843,0.8970125248310756,0.05735521615997599,1,0.012735597935238908,0.012735597935238908,0.012735597935238908
2026-06-08,ISFAK,0.014697510592592562,0.04578854239361328,0.8937254046201809,0.060486052986205845,1,0.014550144108522364,0.014550144108522364,0.014550144108522364
2026-06-08,ISKUR,0.011722957151027565,0.04563225900894843,0.8970125248310756,0.05735521615997599,1,0.012735597935238908,0.012735597935238908,0.012735597935238908
2026-06-08,ISMEN,-0.21749778578583934,0.29435115845963616,0.6287954688665669,0.07685337267379683,4,-0.06070449888330091,-0.06070449888330091,-0.06070449888330091
2026-06-08,ISSEN,-0.9477165168277144,0.9629249415234857,0.021866633780742786,0.015208424695771463,2,-0.9477165168277144,-0.9477165168277144,-0.9477165168277144
2026-06-08,ISYAT,-0.08226954435772549,0.19420382185601648,0.6938619006456925,0.11193427749829096,2,-0.08226954435772549,-0.08226954435772549,-0.08226954435772549
2026-06-08,IYF,0.024771916908012587,0.0908255093886651,0.7935770643146572,0.11559742629667769,1,0.024771916908012587,0.024771916908012587,0.024771916908012587
2026-06-08,IYM,-0.21749778578583934,0.29435115845963616,0.6287954688665669,0.07685337267379683,4,-0.06070449888330091,-0.06070449888330091,-0.06070449888330091
2026-06-08,IZFAS,-0.03603004477860553,0.11064970610308075,0.8147306325724442,0.07461966132447521,2,-0.03603004477860553,-0.03603004477860553,-0.03603004477860553
2026-06-08,KARTN,0.12238234875587672,0.1354585582920662,0.6067005346599909,0.25784090704794294,1,0.12238234875587672,0.12238234875587672,0.12238234875587672
2026-06-08,KATVK,-0.013771622221579124,0.10903594344765519,0.7956997353262688,0.09526432122607606,5,-0.013771622221579124,-0.013771622221579124,-0.013771622221579124
2026-06-08,KBORU,0.6485533735871141,0.10158759050133749,0.14827144541021103,0.7501409640884515,1,0.6485533735871141,0.6485533735871141,0.6485533735871141
2026-06-08,KCAER,0.09357703632089001,0.11222474158406875,0.6819734805109725,0.20580177790495877,1,0.07779413349718159,0.07779413349718159,0.07779413349718159
2026-06-08,KFILO,0.012980071364257426,0.03531856308611991,0.9163828024635028,0.04829863445037733,1,0.015780200896650876,0.015780200896650876,0.015780200896650876
2026-06-08,KGYO,-0.0022124901580284767,0.08291560483115182,0.8363812804957249,0.08070311467312334,1,-0.0022124901580284767,-0.0022124901580284767,-0.0022124901580284767
2026-06-08,KLN,-0.1481637652541305,0.2715286617789565,0.6051064416962175,0.123364896524826,1,-0.1481637652541305,-0.1481637652541305,-0.1481637652541305
2026-06-08,KLNMA,-0.1481637652541305,0.2715286617789565,0.6051064416962175,0.123364896524826,1,-0.1481637652541305,-0.1481637652541305,-0.1481637652541305
2026-06-08,KTSKR,0.13630864692187483,0.19852198321095849,0.4666473866562082,0.3348306301328334,3,0.13630864692187483,0.13630864692187483,0.13630864692187483
2026-06-08,KUVVA,0.5976192098245641,0.0828210522804575,0.23673868561452083,0.6804402621050216,1,0.30586856509129917,0.30586856509129917,0.30586856509129917
2026-06-08,KZBGY,-0.22790809069745044,0.32966972883935936,0.5685686330187316,0.10176163814190893,3,-0.22790809069745044,-0.22790809069745044,-0.22790809069745044
2026-06-08,LIDER,-0.01996555424494162,0.25585865781511047,0.5082482386147207,0.23589310357016885,1,-0.01996555424494162,-0.01996555424494162,-0.01996555424494162
2026-06-08,LILAK,-0.11405750980832904,0.2431280503499246,0.6278014091084799,0.12907054054159556,1,-0.11405750980832904,-0.11405750980832904,-0.11405750980832904
2026-06-08,LINK,-0.08276219397608489,0.23708958100628152,0.6085830319635218,0.15432738703019663,1,-0.08276219397608489,-0.08276219397608489,-0.08276219397608489
2026-06-08,LMKDC,-0.14416500550945072,0.2782101721573902,0.5877446611946703,0.13404516664793947,1,-0.14416500550945072,-0.14416500550945072,-0.14416500550945072
2026-06-08,LYDHO,-0.1917241639903179,0.34355185297275187,0.5046204580448141,0.15182768898243398,1,-0.1917241639903179,-0.1917241639903179,-0.1917241639903179
2026-06-08,MAGEN,-0.10513937339946328,0.2424027101646394,0.6203339530701846,0.13726333676517613,1,-0.019233851841156543,-0.019233851841156543,-0.019233851841156543
2026-06-08,MARKA,-0.2309730229049441,0.36266978559551455,0.505633451713915,0.13169676269057046,1,-0.2309730229049441,-0.2309730229049441,-0.2309730229049441
2026-06-08,MHRGY,0.05302303737002298,0.14117228132698134,0.6646323999760144,0.19419531869700432,1,0.05302303737002298,0.05302303737002298,0.05302303737002298
2026-06-08,MPARK,-0.01130888341867961,0.13038200511796463,0.7505448731827503,0.11907312169928502,1,-0.01130888341867961,-0.01130888341867961,-0.01130888341867961
2026-06-08,MTRYO,0.00862287812266782,0.08024396053962495,0.8308892007980823,0.08886683866229277,1,0.00862287812266782,0.00862287812266782,0.00862287812266782
2026-06-08,MZHLD,-0.191883776109026,0.3499238888344404,0.49203599844014534,0.15804011272541443,1,-0.191883776109026,-0.191883776109026,-0.191883776109026
2026-06-08,NRBNK,0.013330225964524954,0.03380901934117378,0.9190517353531273,0.04713924530569873,1,0.013330225964524954,0.013330225964524954,0.013330225964524954
2026-06-08,NYB,0.013330225964524954,0.03380901934117378,0.9190517353531273,0.04713924530569873,1,0.013330225964524954,0.013330225964524954,0.013330225964524954
2026-06-08,OBAMS,0.1914164380729838,0.08397087778854523,0.6406418063499257,0.27538731586152904,4,0.022656842526226517,0.022656842526226517,0.022656842526226517
2026-06-08,OTOSR,0.013902634281720366,0.03869906689297676,0.9086992319323263,0.052601701174697126,1,0.013902634281720366,0.013902634281720366,0.013902634281720366
2026-06-08,OYA,0.012749457456417382,0.09527990794229452,0.7966907266589935,0.1080293653987119,1,0.012309253658704828,0.012309253658704828,0.012309253658704828
2026-06-08,OYAKC,-0.2235827693089158,0.37307666324199684,0.4774294428249221,0.14949389393308105,1,-0.2235827693089158,-0.2235827693089158,-0.2235827693089158
2026-06-08,OYAYO,-0.02328697043880571,0.1245631474959509,0.7741606754469037,0.1012761770571452,2,-0.05511142961811441,-0.05511142961811441,-0.05511142961811441
2026-06-08,OYYAT,0.012749457456417382,0.09527990794229452,0.7966907266589935,0.1080293653987119,1,0.012309253658704828,0.012309253658704828,0.012309253658704828
2026-06-08,OZYSR,-0.0847273043338458,0.1716386440339632,0.7414500162659194,0.0869113397001174,1,0.07136610410710559,0.07136610410710559,0.07136610410710559
2026-06-08,PAPIL,-0.03856836214430032,0.18741104480231585,0.6637462725396687,0.14884268265801553,3,-0.03856836214430032,-0.03856836214430032,-0.03856836214430032
2026-06-08,PARSN,-0.08565590735642518,0.1961593604166456,0.693337186523134,0.11050345306022041,3,-0.08565590735642518,-0.08565590735642518,-0.08565590735642518
2026-06-08,PBT,-0.19144544467560465,0.3191402181643049,0.5531650083469948,0.12769477348870023,1,-0.0887194224561533,-0.0887194224561533,-0.0887194224561533
2026-06-08,PBTR,-0.19144544467560465,0.3191402181643049,0.5531650083469948,0.12769477348870023,1,-0.0887194224561533,-0.0887194224561533,-0.0887194224561533
2026-06-08,PENGD,-0.2115412311297934,0.3419194254242041,0.5277023802813853,0.13037819429441072,1,-0.2115412311297934,-0.2115412311297934,-0.2115412311297934
2026-06-08,PENTA,-0.08187170787641118,0.1579475675270138,0.7659765728223836,0.07607585965060262,1,0.06882711985421962,0.06882711985421962,0.06882711985421962
2026-06-08,QNBFK,-0.011101569044813256,0.11441030211276754,0.7822809648192781,0.10330873306795428,1,-0.011101569044813256,-0.011101569044813256,-0.011101569044813256
2026-06-08,QNBTR,0.0193274714086134,0.09922164906338544,0.7822292304646158,0.11854912047199884,3,-0.035666156747521584,-0.035666156747521584,-0.035666156747521584
2026-06-08,RAYSG,-0.2423458646500756,0.37678795834776413,0.4887699479545473,0.13444209369768853,1,-0.2423458646500756,-0.2423458646500756,-0.2423458646500756
2026-06-08,RUBNS,-0.17283547477212613,0.29448686704377514,0.5838617406845759,0.12165139227164899,1,-0.17283547477212613,-0.17283547477212613,-0.17283547477212613
2026-06-08,SAHOL,-0.21872502434200788,0.36204090371741865,0.49464321690717045,0.14331587937541077,1,-0.21872502434200788,-0.21872502434200788,-0.21872502434200788
2026-06-08,SARKY,-0.06457839391399361,0.21516197613666374,0.6342544416406661,0.15058358222267013,1,-0.06457839391399361,-0.06457839391399361,-0.06457839391399361
2026-06-08,SASA,-0.012624328376033181,0.1262624982039589,0.7600993319681154,0.11363816982792573,1,0.3337738840998523,0.3337738840998523,0.3337738840998523
2026-06-08,SELVA,-0.039653416555188024,0.12106429330729221,0.7975248299406036,0.08141087675210419,2,0.07199992642598776,0.07199992642598776,0.07199992642598776
2026-06-08,SISE,-0.0008378907499043686,0.13658294131824872,0.727672008113407,0.13574505056834435,1,-0.0945140582161518,-0.0945140582161518,-0.0945140582161518
2026-06-08,SMRVA,0.019568218156507153,0.08462185251638195,0.8111880768107288,0.1041900706728891,2,0.032559625038137203,0.032559625038137203,0.032559625038137203
2026-06-08,TAC,0.016674440270297047,0.06862535514953058,0.8460748494306418,0.08529979541982763,1,0.012799147119814995,0.012799147119814995,0.012799147119814995
2026-06-08,TARKM,-0.11443553907365839,0.2789938804660353,0.5564477781415877,0.1645583413923769,1,-0.11443553907365839,-0.11443553907365839,-0.11443553907365839
2026-06-08,TAVHL,0.3550570428896443,0.06386454940152178,0.5172138583073121,0.41892159229116605,2,0.3550570428896443,0.3550570428896443,0.3550570428896443
2026-06-08,TCRYT,0.016674440270297047,0.06862535514953058,0.8460748494306418,0.08529979541982763,1,0.012799147119814995,0.012799147119814995,0.012799147119814995
2026-06-08,TEVKS,0.018581392102935607,0.07363306160870971,0.8341524846796449,0.09221445371164531,1,0.018581392102935607,0.018581392102935607,0.018581392102935607
2026-06-08,TIB,0.011722957151027565,0.04563225900894843,0.8970125248310756,0.05735521615997599,1,0.012735597935238908,0.012735597935238908,0.012735597935238908
2026-06-08,TMSN,0.036845369267794546,0.162060155042362,0.6390343206474814,0.1989055243101565,3,0.036845369267794546,0.036845369267794546,0.036845369267794546
2026-06-08,TSPOR,0.15153712583533513,0.19501574842206804,0.4584313773205288,0.34655287425740317,2,0.19067466863697388,0.19067466863697388,0.19067466863697388
2026-06-08,TURSG,-0.22650444834992567,0.3694061678214943,0.4876921127069372,0.14290171947156866,1,-0.2294357527495355,-0.2294357527495355,-0.2294357527495355
2026-06-08,TVB,0.014369332084977746,0.04847444897903283,0.8886817699569565,0.06284378106401058,1,0.01412216488975053,0.01412216488975053,0.01412216488975053
2026-06-08,ULKER,0.21719426794143284,0.13883036279865582,0.5051450064612555,0.35602463074008867,5,0.00920425545905193,0.00920425545905193,0.00920425545905193
2026-06-08,ULUSE,-0.14628420818359364,0.280896606378885,0.5844909954258236,0.1346123981952914,1,-0.14628420818359364,-0.14628420818359364,-0.14628420818359364
2026-06-08,VAKBN,0.014369332084977746,0.04847444897903283,0.8886817699569565,0.06284378106401058,1,0.01412216488975053,0.01412216488975053,0.01412216488975053
2026-06-08,VAKVK,-0.15485319572812678,0.24360086524649163,0.6676514652351435,0.08874766951836485,1,-0.15485319572812678,-0.15485319572812678,-0.15485319572812678
2026-06-08,VKFYO,-0.04734418219502809,0.14859874211035395,0.7501466979743201,0.10125455991532586,2,-0.09518625909110244,-0.09518625909110244,-0.09518625909110244
2026-06-08,YKB,0.01472569675438224,0.03978610429836984,0.905702094648878,0.05451180105275208,1,-0.04862825940853306,-0.04862825940853306,-0.04862825940853306
2026-06-08,YKBNK,0.01472569675438224,0.03978610429836984,0.905702094648878,0.05451180105275208,1,-0.04862825940853306,-0.04862825940853306,-0.04862825940853306
2026-06-08,YKFIN,0.011348283754144657,0.04027550946252351,0.9081006973208083,0.051623793216668164,1,0.011348283754144657,0.011348283754144657,0.011348283754144657
2026-06-09,A1YEN,-0.06365563948566902,0.24476209795163884,0.5741314435823913,0.1811064584659698,2,0.05505861443881882,0.05505861443881882,0.05505861443881882
2026-06-09,AHGAZ,0.8198731573873427,0.0500265145611882,0.08007381349028078,0.8698996719485309,1,0.8145984230395515,0.8145768665785469,0.8145768665785469
2026-06-09,AKBNK,0.014551152453029452,0.04471966112583381,0.896009525295303,0.05927081357886326,1,0.008619609020959087,0.008619609020959087,0.008619609020959087
2026-06-09,AKFK,0.013910620798948689,0.039763446616712286,0.9065624859676267,0.05367406741566098,4,0.013910620798948689,0.013910620798948689,0.013910620798948689
2026-06-09,AKSEN,0.1258113500208644,0.17979356917563707,0.5146015116278614,0.3056049191965015,3,-0.06521324423206315,-0.06521324423206315,-0.06521324423206315
2026-06-09,AKSFA,0.015017135361362122,0.045739224826894014,0.8935044149848498,0.060756360188256135,1,0.015017135361362122,0.015017135361362122,0.015017135361362122
2026-06-09,ALKLC,-0.09746677770533532,0.2547287615626293,0.5880092545800768,0.15726198385729398,1,-0.063404705861518,-0.063404705861518,-0.063404705861518
2026-06-09,ALVES,0.7228160836216602,0.05649353446788413,0.16419684744257163,0.7793096180895442,2,0.3783785274750482,0.3783785274750482,0.3783785274750482
2026-06-09,ARMGD,-0.09688047466967531,0.24557959201940033,0.6057212906308745,0.14869911734972502,1,-0.09688047466967531,-0.09688047466967531,-0.09688047466967531
2026-06-09,ASTOR,0.44082362813761833,0.08361903859085541,0.3919382946806707,0.5244426667284738,2,0.44082362813761833,0.44082362813761833,0.44082362813761833
2026-06-09,ATAGY,0.3386910203619922,0.10670302971083408,0.44790292021633954,0.4453940500728263,2,0.09546697773831261,0.09546697773831261,0.09546697773831261
2026-06-09,BAGFS,-0.92268841919169,0.9476655886087084,0.027357241974273104,0.02497716941701848,1,-0.92268841919169,-0.92268841919169,-0.92268841919169
2026-06-09,BAYRK,0.01157035830155917,0.08746277925519554,0.8135040831880497,0.0990331375567547,1,0.01157035830155917,0.01157035830155917,0.01157035830155917
2026-06-09,BESLR,0.05997682564550075,0.15577114738354209,0.628480879587415,0.21574797302904283,1,-0.012531444069554795,-0.012531444069554795,-0.012531444069554795
2026-06-09,BLCYT,-0.04781735293836128,0.1543023335001488,0.7392126859380637,0.10648498056178751,2,0.1644131059171249,0.1644131059171249,0.1644131059171249
2026-06-09,BLS,0.024306891662325608,0.12517909166970115,0.7253349249982721,0.14948598333202676,1,0.024330246223967743,0.02433316554417301,0.02433316554417301
2026-06-09,BLSMD,0.024306891662325608,0.12517909166970115,0.7253349249982721,0.14948598333202676,1,0.024330246223967743,0.02433316554417301,0.02433316554417301
2026-06-09,BOBET,0.8181482742694568,0.043947856775883115,0.09395601217877694,0.8620961310453399,1,0.81503695460319,0.81503695460319,0.81503695460319
2026-06-09,BRGFK,0.02853777414959678,0.11194597967291069,0.7475702665045818,0.14048375382250747,1,0.02976957024274543,0.02976957024274543,0.02976957024274543
2026-06-09,BRYAT,-0.22593177692012634,0.33932522460242504,0.5472813277152764,0.1133934476822987,1,-0.22731795044151265,-0.22731795044151265,-0.22731795044151265
2026-06-09,BUCIM,-0.2244973726910742,0.39047483304402536,0.44354770660302345,0.16597746035295116,1,-0.2244973726910742,-0.2244973726910742,-0.2244973726910742
2026-06-09,BURCE,-0.23624132232116335,0.3611616834161816,0.5139179554888,0.12492036109501824,1,-0.23624132232116335,-0.23624132232116335,-0.23624132232116335
2026-06-09,BURVA,-0.14843985603458304,0.2624414441424209,0.6235569677497412,0.11400158810783782,1,-0.14843985603458304,-0.14843985603458304,-0.14843985603458304
2026-06-09,BVSAN,0.8516778893965238,0.04867270419961654,0.05097670220424312,0.9003505935961403,2,0.5693971690000976,0.5693971690000976,0.5693971690000976
2026-06-09,CAGFA,0.01502047174629987,0.03583453286862177,0.9133104625164565,0.05085500461492164,2,0.017594866335688124,0.017594866335688124,0.017594866335688124
2026-06-09,CELHA,-0.17560422411794807,0.29384419122620176,0.5879158416655447,0.1182399671082537,1,-0.17560422411794807,-0.17560422411794807,-0.17560422411794807
2026-06-09,CEMTS,-0.0818486687916587,0.24990554409394747,0.5820375806037638,0.16805687530228877,1,-0.0818486687916587,-0.0818486687916587,-0.0818486687916587
2026-06-09,CGCAM,0.07717695062902896,0.18411992336579575,0.5545832026393795,0.2612968739948247,1,0.07086416501178189,0.07086416501178189,0.07086416501178189
2026-06-09,DAPGM,-0.16045622631808928,0.30301341237286655,0.5544294015723561,0.14255718605477727,1,-0.16045622631808928,-0.16045622631808928,-0.16045622631808928
2026-06-09,DERHL,0.6163677155906127,0.09948708206756213,0.1846581202742632,0.7158547976581747,1,0.6163677155906127,0.6163677155906127,0.6163677155906127
2026-06-09,DNISI,0.6099344175812327,0.0833476797584507,0.22337022290186587,0.6932820973396834,1,0.6099344175812327,0.6099344175812327,0.6099344175812327
2026-06-09,DNYVA,0.014208421920171063,0.044961332914112334,0.8958689122516043,0.0591697548342834,4,-0.11333979192175359,-0.11333979192175359,-0.11333979192175359
2026-06-09,DOAS,-0.17861998865641054,0.2996525536856046,0.5793148812852013,0.12103256502919407,1,-0.17861998865641054,-0.17861998865641054,-0.17861998865641054
2026-06-09,DUNYH,-0.22596950902001126,0.3588457815439495,0.5082779459321123,0.13287627252393827,1,-0.22596950902001126,-0.22596950902001126,-0.22596950902001126
2026-06-09,EFOR,-0.11062644576423834,0.2165972607584492,0.6774319242473399,0.10597081499421086,3,-0.11062644576423834,-0.11062644576423834,-0.11062644576423834
2026-06-09,EGGUB,-0.21952661901494255,0.3574399741739202,0.5046466706671021,0.13791335515897765,1,-0.21952661901494255,-0.21952661901494255,-0.21952661901494255
2026-06-09,EKTVK,0.01866395830812073,0.056841917954622456,0.8676522057826344,0.07550587626274319,1,0.018951717525582182,0.018823611660181545,0.018823611660181545
2026-06-09,ENERY,0.8474882482707718,0.04680959877552725,0.05889255417817373,0.8942978470462991,1,0.8440723639173088,0.8440723639173088,0.8440723639173088
2026-06-09,ETYAT,0.05574496654667326,0.17358780771144813,0.5970794180304305,0.2293327742581214,7,-0.025760744536681267,-0.043604766906225924,-0.043604766906225924
2026-06-09,EUKYO,0.05574496654667326,0.17358780771144813,0.5970794180304305,0.2293327742581214,7,-0.025760744536681267,-0.043604766906225924,-0.043604766906225924
2026-06-09,EUPWR,-0.05337950569595801,0.14503393864320405,0.76331162840955,0.09165443294724604,1,-0.05337950569595801,-0.05337950569595801,-0.05337950569595801
2026-06-09,EUYO,0.05817690564177523,0.16600149586205587,0.609820102634113,0.2241784015038311,7,-0.021829691653627817,-0.03903494671790284,-0.03903494671790284
2026-06-09,FBB,0.013818066645162504,0.04774915605890458,0.8906836212370283,0.06156722270406708,1,-0.13082282490061176,-0.13082282490061176,-0.13082282490061176
2026-06-09,FBBNK,0.013818066645162504,0.04774915605890458,0.8906836212370283,0.06156722270406708,1,-0.13082282490061176,-0.13082282490061176,-0.13082282490061176
2026-06-09,FIN,0.014857514094641686,0.046535640326908365,0.8920712052515416,0.06139315442155005,2,-0.010832597789205561,-0.023035239036980765,-0.023035239036980765
2026-06-09,FONET,0.18864924238965025,0.15863455356496173,0.49408165048042635,0.34728379595461195,4,0.18864924238965025,0.18864924238965025,0.18864924238965025
2026-06-09,FORMT,-0.21375516605458367,0.339867845934687,0.5340194741852098,0.12611267988010333,1,-0.21375516605458367,-0.21375516605458367,-0.21375516605458367
2026-06-09,FRIGO,-0.039961951984182884,0.11507123200150556,0.8098194879811719,0.07510928001732267,1,-0.08194712628685238,-0.08194712628685238,-0.08194712628685238
2026-06-09,GARAN,-0.21700066391891037,0.3496047962763052,0.5177910713663,0.13260413235739482,1,-0.21700066391891037,-0.21700066391891037,-0.21700066391891037
2026-06-09,GARFA,-0.11242628731244886,0.24125263627710097,0.6299210147582468,0.12882634896465214,2,-0.11234153233853746,-0.11234153233853746,-0.11234153233853746
2026-06-09,GEREL,-0.13629977940317956,0.25812753985717185,0.620044699688836,0.12182776045399227,2,-0.13629977940317956,-0.13629977940317956,-0.13629977940317956
2026-06-09,GESAN,-0.06467587765480363,0.13777295267166043,0.7891299723114827,0.07309707501685679,1,0.2913664795626748,0.2913664795626748,0.2913664795626748
2026-06-09,GLB,-0.20277452662680662,0.320848690515265,0.5610771455962765,0.11807416388845839,1,-0.2296883792381164,-0.2296883792381164,-0.2296883792381164
2026-06-09,GLBMD,-0.20277452662680662,0.320848690515265,0.5610771455962765,0.11807416388845839,1,-0.2296883792381164,-0.2296883792381164,-0.2296883792381164
2026-06-09,GRNYO,-0.07632845941976205,0.20339356399900327,0.6695413314217555,0.12706510457924122,2,-0.04882176428270476,-0.050785175998503025,-0.050785175998503025
2026-06-09,GUBRF,-0.09560329531420356,0.2511725125266958,0.593258270260812,0.15556921721249223,2,-0.12135731294471362,-0.15192606125707997,-0.15192606125707997
2026-06-09,GUNDG,0.0012906833548559093,0.0803270835068921,0.83805514963136,0.08161776686174801,1,0.0012906833548559093,0.0012906833548559093,0.0012906833548559093
2026-06-09,HALKB,0.021952487029432213,0.06981060084293163,0.8384263112847045,0.09176308787236384,2,0.01948131212014979,0.01948131212014979,0.01948131212014979
2026-06-09,HDFFL,0.013238765233352934,0.040418326510821743,0.9059245817450035,0.05365709174417468,1,0.013881618991235412,0.013881618991235412,0.013881618991235412
2026-06-09,HLGYO,-0.17808765651756192,0.2609325523456975,0.656222551826167,0.08284489582813559,1,-0.17808765651756192,-0.17808765651756192,-0.17808765651756192
2026-06-09,HLVKS,-0.1035889485647989,0.20459544665287205,0.6943980552590547,0.10100649808807316,2,-0.02275772340787649,-0.012247139222014057,-0.012247139222014057
2026-06-09,HRKET,-0.2591866969651812,0.3798146406553551,0.4995574156544709,0.12062794369017386,1,-0.1066211438483053,-0.1066211438483053,-0.1066211438483053
2026-06-09,INDES,-0.10784603488089545,0.2540514026311363,0.5997432296186229,0.14620536775024084,1,-0.05853194888619216,-0.05853194888619216,-0.05853194888619216
2026-06-09,INFO,-8.813133573150334e-05,0.10476554062112803,0.7905570500934755,0.10467740928539651,2,0.012341892786140542,0.012341892786140542,0.012341892786140542
2026-06-09,ISMEN,0.02503433252454268,0.1276383738058547,0.7196889198637478,0.15267270633039737,3,-0.058257102897776115,-0.03926979103134001,-0.03926979103134001
2026-06-09,IYF,-8.813133573150334e-05,0.10476554062112803,0.7905570500934755,0.10467740928539651,2,0.012341892786140542,0.012341892786140542,0.012341892786140542
2026-06-09,IYM,0.02503433252454268,0.1276383738058547,0.7196889198637478,0.15267270633039737,3,-0.058257102897776115,-0.03926979103134001,-0.03926979103134001
2026-06-09,IZFAS,0.001127311154863156,0.10997892568490936,0.7789148374753181,0.11110623683977251,1,-0.017451366811871188,-0.017451366811871188,-0.017451366811871188
2026-06-09,KAPLM,-0.12999084927772186,0.24599588035657646,0.637999088564569,0.11600503107885458,1,-0.12999084927772186,-0.12999084927772186,-0.12999084927772186
2026-06-09,KARTN,-0.06696548786371997,0.22423405963098117,0.6184973686017577,0.1572685717672612,1,0.027708430446078375,0.027708430446078375,0.027708430446078375
2026-06-09,KATVK,0.01730288537093344,0.07525900622720656,0.8321791021746534,0.09256189159814,1,0.0017656315746771584,0.0017656315746771584,0.0017656315746771584
2026-06-09,KGYO,-0.12718919404826978,0.2300489032276594,0.6670913875929511,0.10285970917938962,1,-0.06470084210314914,-0.06470084210314914,-0.06470084210314914
2026-06-09,KLN,-0.1902206110034799,0.32120301277653107,0.5478145854504177,0.13098240177305118,1,-0.1691921881288052,-0.1691921881288052,-0.1691921881288052
2026-06-09,KLNMA,-0.1902206110034799,0.32120301277653107,0.5478145854504177,0.13098240177305118,1,-0.1691921881288052,-0.1691921881288052,-0.1691921881288052
2026-06-09,KLVKS,0.016060996994608057,0.12801109567254787,0.7279168116602962,0.14407209266715593,1,0.016060996994608057,0.016060996994608057,0.016060996994608057
2026-06-09,KNTFA,0.01774891479212372,0.04335605544149002,0.8955389743248963,0.06110497023361374,1,0.01774891479212372,0.01774891479212372,0.01774891479212372
2026-06-09,KRONT,0.10374828721787327,0.15780872013028985,0.580634272521547,0.2615570073481631,1,0.10374828721787327,0.10374828721787327,0.10374828721787327
2026-06-09,KUVVA,-0.1198775607707622,0.2504113812588944,0.6190547982529733,0.1305338204881322,1,0.16395318980394538,0.16395318980394538,0.16395318980394538
2026-06-09,LIDFA,0.02073477226659399,0.044903224460866815,0.8894587788116725,0.0656379967274608,2,0.019939693536392158,0.019939693536392158,0.019939693536392158
2026-06-09,LKMNH,0.02489460679221893,0.09163858788113445,0.7918282174455121,0.11653319467335338,1,0.02489460679221893,0.02489460679221893,0.02489460679221893
2026-06-09,LOGO,-0.13275261565595378,0.2601615240698785,0.6124295675161967,0.12740890841392474,1,-0.13275261565595378,-0.13275261565595378,-0.13275261565595378
2026-06-09,LYDHO,-0.2161778237083025,0.35461635401362324,0.506945115681056,0.13843853030532074,1,-0.2039509938493102,-0.2039509938493102,-0.2039509938493102
2026-06-09,MAGEN,0.03858806364904811,0.10472921112646051,0.7519535140980308,0.14331727477550862,1,4.0119988911675265e-05,4.0119988911675265e-05,4.0119988911675265e-05
2026-06-09,MANAS,-0.04342085921807872,0.16192640699238317,0.7195680452333123,0.11850554777430446,3,-0.04342085921807872,-0.04342085921807872,-0.04342085921807872
2026-06-09,MARTI,0.04214320282933821,0.1789999433730786,0.5998569104245046,0.2211431462024168,3,0.04214320282933821,0.04214320282933821,0.04214320282933821
2026-06-09,MAVI,0.012974595257724476,0.15321513545827173,0.680595133825732,0.1661897307159962,4,0.012974595257724476,0.012974595257724476,0.012974595257724476
2026-06-09,METRO,-0.027832419037303012,0.11962725470578855,0.7885779096257258,0.09179483566848554,2,-0.027832419037303012,-0.027832419037303012,-0.027832419037303012
2026-06-09,MEYSU,0.09653576663248728,0.14092755245699648,0.6216091284535198,0.23746331908948376,8,0.09653576663248728,0.09653576663248728,0.09653576663248728
2026-06-09,MNDRS,-0.11538125417077075,0.26115217279197334,0.593076908586824,0.1457709186212026,1,-0.11538125417077075,-0.11538125417077075,-0.11538125417077075
2026-06-09,MNDTR,-0.1166983477449956,0.300321147810021,0.5160560521249535,0.1836228000650254,1,-0.1166983477449956,-0.1166983477449956,-0.1166983477449956
2026-06-09,MRBAS,0.024845062697588224,0.08618369010628608,0.8027875570898396,0.11102875280387431,1,0.024845062697588224,0.024845062697588224,0.024845062697588224
2026-06-09,MRS,0.024845062697588224,0.08618369010628608,0.8027875570898396,0.11102875280387431,1,0.024845062697588224,0.024845062697588224,0.024845062697588224
2026-06-09,NETAS,-0.21977510390450988,0.36958556542022536,0.4806039730640592,0.14981046151571548,1,-0.21977510390450988,-0.21977510390450988,-0.21977510390450988
2026-06-09,NURVK,0.01627172619226839,0.04040428386543798,0.9029197060768557,0.056676010057706366,1,0.01627172619226839,0.01627172619226839,0.01627172619226839
2026-06-09,OTOSR,0.014348939226750703,0.038845973483491836,0.9079591138062656,0.05319491271024254,2,0.014125786754235535,0.014125786754235535,0.014125786754235535
2026-06-09,OYA,0.014440588627852802,0.09449087851161676,0.7965776543489138,0.10893146713946956,1,0.012872964049183302,0.012842087400991822,0.012842087400991822
2026-06-09,OYAYO,-0.07102365920776876,0.17215002329039886,0.7267236126269709,0.1011263640826301,1,-0.05511142961811441,-0.059089487015528,-0.059089487015528
2026-06-09,OYYAT,0.014440588627852802,0.09449087851161676,0.7965776543489138,0.10893146713946956,1,0.012872964049183302,0.012842087400991822,0.012842087400991822
2026-06-09,OZRDN,-0.039348064015532896,0.24215740169695082,0.5550332606216313,0.20280933768141793,1,-0.039348064015532896,-0.039348064015532896,-0.039348064015532896
2026-06-09,PETUN,-0.21524767674252107,0.34125564364235234,0.5327363894578164,0.12600796689983126,1,-0.21524767674252107,-0.21524767674252107,-0.21524767674252107
2026-06-09,PNSUT,-0.24922261838044246,0.3687167393915509,0.5117891395973407,0.11949412101110844,1,-0.11715526254319539,-0.11715526254319539,-0.11715526254319539
2026-06-09,PRKME,-0.1650766815952711,0.3027113599852544,0.5596539616247623,0.13763467838998328,1,-0.048068266211859306,-0.048068266211859306,-0.048068266211859306
2026-06-09,QNBTR,0.014857514094641686,0.046535640326908365,0.8920712052515416,0.06139315442155005,2,-0.010832597789205561,-0.023035239036980765,-0.023035239036980765
2026-06-09,RALYH,-0.07172813112545336,0.26172817470883253,0.5482717817077882,0.19000004358337919,2,-0.07172813112545336,-0.07172813112545336,-0.07172813112545336
2026-06-09,RAYSG,-0.2766466482684464,0.40270211656732474,0.4712424151337969,0.1260554682988783,1,-0.259496256459261,-0.259496256459261,-0.259496256459261
2026-06-09,RUBNS,-0.17283547477212613,0.29448686704377514,0.5838617406845759,0.12165139227164899,1,-0.17283547477212613,-0.17283547477212613,-0.17283547477212613
2026-06-09,SANKO,-0.27268483728157955,0.4031975701689997,0.46628969694358,0.13051273288742016,1,-0.27268483728157955,-0.27268483728157955,-0.27268483728157955
2026-06-09,SASA,0.07088798300502944,0.1396611949376187,0.6497896271197331,0.21054917794264813,1,0.18732799608432238,0.2680524088261466,0.2680524088261466
2026-06-09,SMRVA,-0.06440923547108392,0.14453865587653994,0.7753319237180039,0.08012942040545604,3,-0.003502690828420756,0.008317409910831925,0.008317409910831925
2026-06-09,TATEN,-0.008803987115294842,0.13663079316536547,0.7355424007845639,0.12782680605007063,1,-0.008803987115294842,-0.008803987115294842,-0.008803987115294842
2026-06-09,TATGD,-0.2115412311297934,0.3419194254242041,0.5277023802813853,0.13037819429441072,1,-0.2115412311297934,-0.2115412311297934,-0.2115412311297934
2026-06-09,TAVHL,-0.21438481076140495,0.34466557155678146,0.525053667647842,0.1302807607953765,1,0.07033611606411967,0.07033611606411967,0.07033611606411967
2026-06-09,TFNVK,0.013736115853581393,0.11868824195050195,0.7488874002454147,0.13242435780408335,1,0.013736115853581393,0.013736115853581393,0.013736115853581393
2026-06-09,TGB,-0.21700066391891037,0.3496047962763052,0.5177910713663,0.13260413235739482,1,-0.21700066391891037,-0.21700066391891037,-0.21700066391891037
2026-06-09,THL,0.021952487029432213,0.06981060084293163,0.8384263112847045,0.09176308787236384,2,0.01948131212014979,0.01948131212014979,0.01948131212014979
2026-06-09,TKFEN,-0.2598041445640229,0.3922518429311791,0.4753004587016648,0.13244769836715622,1,-0.2598041445640229,-0.2598041445640229,-0.2598041445640229
2026-06-09,TMSN,0.03161207755020977,0.08734208289061303,0.7937037566685642,0.1189541604408228,1,0.034228723409002154,0.034228723409002154,0.034228723409002154
2026-06-09,TRALT,0.5083823721605762,0.09665091369490611,0.29831580044961153,0.6050332858554823,1,0.0017763589459324214,0.0017763589459324214,0.0017763589459324214
2026-06-09,TRENJ,0.4990120915548035,0.09911370173396583,0.3027605049772648,0.5981257932887694,1,0.4990120915548035,0.4990120915548035,0.4990120915548035
2026-06-09,TRMET,0.46263129772129735,0.1186401723273121,0.30008835762407854,0.5812714700486095,1,0.46263129772129735,0.46263129772129735,0.46263129772129735
2026-06-09,TSPOR,0.034124497430418926,0.24723743394196526,0.4714006346856506,0.2813619313723842,1,0.1515371258353351,0.15153712583533513,0.15153712583533513
2026-06-09,TTKOM,-0.013766514468982782,0.18963034467998416,0.6345058251090144,0.17586383021100135,3,-0.013766514468982782,-0.013766514468982782,-0.013766514468982782
2026-06-09,TTRAK,-0.16549048079444095,0.3078705497651312,0.5497493812641787,0.14238006897069022,1,-0.16549048079444095,-0.16549048079444095,-0.16549048079444095
2026-06-09,TUREX,-0.05556388539811963,0.1396432940890716,0.7762772972199763,0.08407940869095198,2,-0.027861951374363803,-0.027861951374363803,-0.027861951374363803
2026-06-09,UFUK,-0.1754414443001347,0.28527383178054483,0.604893780739045,0.10983238748041015,1,-0.1754414443001347,-0.1754414443001347,-0.1754414443001347
2026-06-09,ULKER,-0.008694533897769077,0.1822874362849423,0.6441196613278843,0.1735929023871732,3,0.003237992340111594,0.003237992340111594,0.003237992340111594
2026-06-09,ULUFA,0.2535719165155974,0.178035172910133,0.3903577376641366,0.43160708942573034,4,0.09538887271763714,0.09538887271763714,0.09538887271763714
2026-06-09,VKFYO,-0.11910729753913961,0.223293014304601,0.6725212689299377,0.10418571676546139,1,-0.09518625909110244,-0.10116651870311173,-0.10116651870311173
2026-06-09,YKB,0.014553070173832904,0.039282862753830514,0.906881204318506,0.053835932927663414,2,-0.02756781621441107,-0.02756781621441107,-0.02756781621441107
2026-06-09,YKBNK,0.014553070173832904,0.039282862753830514,0.906881204318506,0.053835932927663414,2,-0.02756781621441107,-0.02756781621441107,-0.02756781621441107
2026-06-09,YKR,-0.0008554623523733505,0.06778866664837116,0.8652781290556311,0.0669332042959978,2,-0.0008554623523733505,-0.0008554623523733505,-0.0008554623523733505
2026-06-09,YKYAT,-0.0008554623523733505,0.06778866664837116,0.8652781290556311,0.0669332042959978,2,-0.0008554623523733505,-0.0008554623523733505,-0.0008554623523733505
2026-06-09,YUNSA,-0.1379421721725185,0.26224399997655357,0.6134541722194113,0.12430182780403506,1,-0.1379421721725185,-0.1379421721725185,-0.1379421721725185
2026-06-09,ZGYO,-0.11447909886367538,0.20275951055301483,0.7089600777576457,0.08828041168933945,1,-0.11447909886367538,-0.11447909886367538,-0.11447909886367538
2026-06-10,ADEL,0.011838023078425602,0.09563691837098233,0.7968881401796097,0.10747494144940793,1,-0.052172038766153964,-0.052172038766153964,-0.052172038766153964
2026-06-10,AGESA,-0.22884712505899837,0.36691712274890087,0.4950128795611966,0.1380699976899025,1,-0.14561337857398723,-0.14561337857398723,-0.14561337857398723
2026-06-10,AHGAZ,0.3642058382937703,0.17029501138963005,0.2952041389269696,0.5345008496834004,2,0.6643635194859541,0.7245026609215915,0.7245026609215915
2026-06-10,AKBNK,0.03857524903266334,0.09837047101717689,0.7646838089329829,0.13694572004984024,2,0.01860482235819384,0.01860482235819384,0.01860482235819384
2026-06-10,AKCNS,-0.13291591451738313,0.2602938959035674,0.6123281227102484,0.12737798138618425,1,-0.01327938571305596,-0.01327938571305596,-0.01327938571305596
2026-06-10,AKM,0.009895068481261073,0.033049286527116466,0.9240063584645061,0.04294435500837754,1,0.01266436239379698,0.01266436239379698,0.01266436239379698
2026-06-10,AKMEN,0.009895068481261073,0.033049286527116466,0.9240063584645061,0.04294435500837754,1,0.01266436239379698,0.01266436239379698,0.01266436239379698
2026-06-10,AKSA,-0.07893326897399545,0.20989402391847323,0.659145221137049,0.1309607549444778,2,-0.07893326897399545,-0.07893326897399545,-0.07893326897399545
2026-06-10,AKSFA,0.013261808407525638,0.046841933514654106,0.8930543245631661,0.060103741922179744,1,0.01413947188444388,0.01413947188444388,0.01413947188444388
2026-06-10,AKYHO,-0.016883907113539487,0.11443834146461634,0.7880072241843068,0.09755443435107686,2,-0.016883907113539487,-0.016883907113539487,-0.016883907113539487
2026-06-10,ALARK,-0.17599810798916626,0.3335560698913981,0.5088859682063701,0.1575579619022318,1,-0.15938382438054746,-0.15938382438054746,-0.15938382438054746
2026-06-10,ALFAS,-0.026040485612776852,0.18050279928791133,0.6650348870369542,0.15446231367513447,2,-0.010877529324939059,-0.010877529324939059,-0.010877529324939059
2026-06-10,ALTNY,-0.14573629577488317,0.28575387263177116,0.5742285505113409,0.14001757685688795,3,0.03970618832243886,0.03970618832243886,0.03970618832243886
2026-06-10,ANELE,0.2536754188770259,0.09782248330102383,0.5506796145209265,0.3514979021780497,3,-0.02036373784023358,-0.02036373784023358,-0.02036373784023358
2026-06-10,ATA,-0.20016662808641172,0.3185140373219438,0.5631385534425241,0.11834740923553205,1,-0.20016662808641172,-0.20016662808641172,-0.20016662808641172
2026-06-10,ATAYM,-0.20016662808641172,0.3185140373219438,0.5631385534425241,0.11834740923553205,1,-0.20016662808641172,-0.20016662808641172,-0.20016662808641172
2026-06-10,ATEKS,0.0019020759333636394,0.07895949809374653,0.8401789278791433,0.08086157402711017,1,0.0019020759333636394,0.0019020759333636394,0.0019020759333636394
2026-06-10,BLCYT,-0.05099284293553116,0.15352452689217305,0.7439437891511851,0.10253168395664189,2,0.09261112296623954,0.09261112296623954,0.09261112296623954
2026-06-10,BLKOM,0.024903070433338254,0.04517889602622094,0.88473913751422,0.07008196645955919,1,0.024903070433338254,0.024903070433338254,0.024903070433338254
2026-06-10,BORLS,-0.1194007996883538,0.29307939177179615,0.5332420161447615,0.17367859208344233,2,-0.13322717830515707,-0.13322717830515707,-0.13322717830515707
2026-06-10,BRISA,-0.0483821810193681,0.16315951901744527,0.7220631429844776,0.11477733799807716,2,-0.025712139371004073,-0.025712139371004073,-0.025712139371004073
2026-06-10,BRKO,-0.09049272509624559,0.2374692189765983,0.6155542871430489,0.14697649388035272,1,-0.038041453353754744,-0.038041453353754744,-0.038041453353754744
2026-06-10,BURCE,-0.22179871773195883,0.34481539215889095,0.5321679334141769,0.12301667442693212,1,-0.22902002002656108,-0.22902002002656108,-0.22902002002656108
2026-06-10,CAGFA,0.015792867685838874,0.03636928586416487,0.9114685605858313,0.05216215355000375,1,0.01699420011907171,0.01699420011907171,0.01699420011907171
2026-06-10,CELHA,-0.07727527703366957,0.23761627360169574,0.6020427298302781,0.1603409965680262,2,-0.1264397505758088,-0.1264397505758088,-0.1264397505758088
2026-06-10,CMSAN,0.020244099154033697,0.03568508536255981,0.9083857301208467,0.055929184516593504,1,0.020244099154033697,0.020244099154033697,0.020244099154033697
2026-06-10,CRDFA,-0.23413831072127217,0.3681659087824614,0.4978064931563493,0.13402759806118925,1,-0.23413831072127217,-0.23413831072127217,-0.23413831072127217
2026-06-10,DENFA,-0.010212639735708615,0.13157672943650353,0.7470591808627016,0.12136408970079492,1,-0.010212639735708615,-0.010212639735708615,-0.010212639735708615
2026-06-10,DERIM,0.25882313161910503,0.08475242743648947,0.571672013507916,0.3435755590555945,3,0.25882313161910503,0.25882313161910503,0.25882313161910503
2026-06-10,DEVA,0.021144638726938524,0.04080312569415481,0.8972491098847519,0.061947764421093336,1,0.021144638726938524,0.021144638726938524,0.021144638726938524
2026-06-10,DIMES,0.013915751301361044,0.052870768834869526,0.8803427110288999,0.06678652013623057,1,0.013915751301361044,0.013915751301361044,0.013915751301361044
2026-06-10,DIRIT,0.11974534177337179,0.12036726776193918,0.6395201227027498,0.24011260953531097,1,0.08374468010076619,0.08374468010076619,0.08374468010076619
2026-06-10,DNISI,0.5767592092115285,0.07874788016773857,0.2657450304529944,0.6555070893792669,2,0.5933468133963806,0.5933468133963806,0.5933468133963806
2026-06-10,DNYVA,0.011294349872736607,0.0486334962288602,0.8914386576695431,0.0599278461015968,3,-0.07179507799025685,-0.07179507799025685,-0.07179507799025685
2026-06-10,DOHOL,-0.18381307558799415,0.3454476948010246,0.4929176859859449,0.16163461921303046,1,-0.18381307558799415,-0.18381307558799415,-0.18381307558799415
2026-06-10,EBEBK,-0.018692310141231808,0.13686345865452784,0.7449653928321761,0.11817114851329603,1,-0.098965161595998,-0.098965161595998,-0.098965161595998
2026-06-10,EKGYO,-0.08505258021058246,0.19537965749713693,0.6942932652163086,0.11032707728655447,2,-0.09042264342753707,-0.09042264342753707,-0.09042264342753707
2026-06-10,ENDAE,0.11935590242059974,0.14964436907043943,0.5813553594385215,0.26900027149103917,4,0.11935590242059974,0.11935590242059974,0.11935590242059974
2026-06-10,ENERY,-0.24105104037918973,0.3743177814298308,0.49241547751952824,0.13326674105064107,1,0.4833181863383113,0.5727915128431841,0.5727915128431841
2026-06-10,ESCOM,-0.24656572989305625,0.3779322904533023,0.4907011489864517,0.13136656056024604,1,-0.24656572989305625,-0.24656572989305625,-0.24656572989305625
2026-06-10,ETYAT,-0.05339623490233273,0.15516706157213772,0.7430621117580574,0.101770826669805,2,-0.011180544832505543,-0.045563060505447284,-0.045563060505447284
2026-06-10,EUKYO,-0.05339623490233273,0.15516706157213772,0.7430621117580574,0.101770826669805,2,-0.011180544832505543,-0.045563060505447284,-0.045563060505447284
2026-06-10,EUYO,-0.04929963265489637,0.1460435662908629,0.7572125000731706,0.09674393363596655,2,-0.008045998568350634,-0.04108788390530155,-0.04108788390530155
2026-06-10,FBB,0.012633870102489383,0.04860794668540894,0.8901502365266928,0.06124181678789832,1,-0.08300392656624471,-0.08300392656624471,-0.08300392656624471
2026-06-10,FBBNK,0.012633870102489383,0.04860794668540894,0.8901502365266928,0.06124181678789832,1,-0.08300392656624471,-0.08300392656624471,-0.08300392656624471
2026-06-10,FMIZP,-0.19505303231461338,0.3321096799807225,0.5308336723531684,0.13705664766610912,1,-0.19505303231461338,-0.19505303231461338,-0.19505303231461338
2026-06-10,FRIGO,0.6130328722121133,0.1597310467982098,0.06750503419146708,0.7727639190103232,1,0.14971287321280285,0.14971287321280285,0.14971287321280285
2026-06-10,GLYHO,0.832434630712029,0.04634896198003796,0.07486744532789526,0.8787835926920669,1,0.4839692406395151,0.4839692406395151,0.4839692406395151
2026-06-10,GOKNR,0.7844351769592429,0.04999830754392453,0.11556820795290801,0.8344334845031675,1,0.7714790627009718,0.7714790627009718,0.7714790627009718
2026-06-10,GOODY,-0.1959466119937825,0.3197907245668083,0.5563651628601659,0.12384411257302574,3,-0.1959466119937825,-0.1959466119937825,-0.1959466119937825
2026-06-10,GRNYO,-0.056675411145897844,0.16081378709981559,0.7350478369462666,0.10413837595391774,1,-0.04882176428270476,-0.05196322302798199,-0.05196322302798199
2026-06-10,GSDHO,-0.12984265138648396,0.31945249607383885,0.4909376592388063,0.1896098446873549,1,-0.17428383786424592,-0.17428383786424592,-0.17428383786424592
2026-06-10,GSRAY,-0.17612658735823944,0.3143128346230785,0.5475009181120825,0.13818624726483908,1,-0.17612658735823944,-0.17612658735823944,-0.17612658735823944
2026-06-10,HALKB,0.01768552205702479,0.04094078866929709,0.9004329006043809,0.05862631072632188,1,0.019107843714493932,0.01903236460436854,0.01903236460436854
2026-06-10,HEDEF,0.2916472513367843,0.13077437965609587,0.44680398935102394,0.4224216309928802,2,0.2916472513367843,0.2916472513367843,0.2916472513367843
2026-06-10,HLVKS,0.0227587368653297,0.16263486351797685,0.6519715360987166,0.18539360038330654,1,-0.020466931328803107,-0.005245964004545306,-0.005245964004545306
2026-06-10,HOROZ,-0.01135753855126901,0.1788020194406772,0.6537534996699146,0.1674444808894082,9,-0.01135753855126901,-0.01135753855126901,-0.01135753855126901
2026-06-10,HRKET,0.8812143388569533,0.03567814128677471,0.047429378569497346,0.916892480143728,1,0.13596114526804606,0.14033772682800935,0.14033772682800935
2026-06-10,IAZ,0.014198547331017927,0.03157405999380196,0.9226533326813782,0.045772607324819886,1,0.014198547331017927,0.014198547331017927,0.014198547331017927
2026-06-10,ICB,-0.27016966338944737,0.394178323091909,0.4818130172056293,0.12400865970246164,1,-0.27016966338944737,-0.27016966338944737,-0.27016966338944737
2026-06-10,ICBCT,-0.27016966338944737,0.394178323091909,0.4818130172056293,0.12400865970246164,1,-0.27016966338944737,-0.27016966338944737,-0.27016966338944737
2026-06-10,IHLGM,-0.06684669361544213,0.22078255941718355,0.625281574781075,0.15393586580174143,1,-0.0642026594825464,-0.0642026594825464,-0.0642026594825464
2026-06-10,INVAZ,0.014198547331017927,0.03157405999380196,0.9226533326813782,0.045772607324819886,1,0.014198547331017927,0.014198547331017927,0.014198547331017927
2026-06-10,ISATR,0.01026696962762623,0.04632825997654357,0.8970765104192865,0.0565952296041698,1,0.011912721832701348,0.011912721832701348,0.011912721832701348
2026-06-10,ISBTR,0.01026696962762623,0.04632825997654357,0.8970765104192865,0.0565952296041698,1,0.011912721832701348,0.011912721832701348,0.011912721832701348
2026-06-10,ISCTR,0.01026696962762623,0.04632825997654357,0.8970765104192865,0.0565952296041698,1,0.011912721832701348,0.011912721832701348,0.011912721832701348
2026-06-10,ISFIN,0.040072628904991026,0.18708409923362354,0.5857591726277619,0.22715672813861457,1,0.040072628904991026,0.040072628904991026,0.040072628904991026
2026-06-10,ISGSY,-0.13670235459590904,0.2848828078523784,0.5669367388911524,0.14818045325646936,1,-0.13670235459590904,-0.13670235459590904,-0.13670235459590904
2026-06-10,ISKUR,0.01026696962762623,0.04632825997654357,0.8970765104192865,0.0565952296041698,1,0.011912721832701348,0.011912721832701348,0.011912721832701348
2026-06-10,ISMEN,0.01665832095162213,0.07724702047914427,0.8288476380900893,0.09390534143076638,3,-0.05860171076989151,-0.028084168634747587,-0.028084168634747587
2026-06-10,IYM,0.01665832095162213,0.07724702047914427,0.8288476380900893,0.09390534143076638,3,-0.05860171076989151,-0.028084168634747587,-0.028084168634747587
2026-06-10,JANTS,-0.05363726070617679,0.15792091709838674,0.7377954265094033,0.10428365639220996,2,-0.05363726070617679,-0.05363726070617679,-0.05363726070617679
2026-06-10,KATVK,0.03175723521402393,0.17851644459246982,0.6112098756010363,0.21027367980649375,1,0.011762832787792749,0.011762832787792749,0.011762832787792749
2026-06-10,KERVN,-0.19975249738020642,0.3337977901963168,0.532156916987573,0.13404529281611036,1,-0.19975249738020642,-0.19975249738020642,-0.19975249738020642
2026-06-10,KLSYN,0.21196591665818443,0.131024603786343,0.5259848757691294,0.34299052044452744,2,0.09804409931809953,0.09804409931809953,0.09804409931809953
2026-06-10,KTSVK,-0.15341260370100282,0.2654421594733833,0.6225282847542362,0.11202955577238045,2,-0.06679569270200218,-0.06679569270200218,-0.06679569270200218
2026-06-10,LIDFA,-0.06177694919447211,0.15113880938024768,0.7594993304339767,0.08936186018577558,3,-0.007564213617296543,-0.00048946714632391,-0.00048946714632391
2026-06-10,LOGO,0.6333672266008519,0.15969341535692658,0.04724594268529487,0.7930606419577785,1,0.25030730547244906,0.25030730547244906,0.25030730547244906
2026-06-10,LYDYE,-0.047620275400002424,0.22932807747432432,0.5889641204513538,0.18170780207432186,5,0.12488464730456247,0.12488464730456247,0.12488464730456247
2026-06-10,MAVI,0.8161187711701036,0.04452325543369058,0.09483471796251525,0.8606420266037942,1,0.414546683213914,0.414546683213914,0.414546683213914
2026-06-10,MEDTR,0.6213618147249261,0.08656341931711621,0.20551134664084153,0.7079252340420423,1,0.6113046318479921,0.6113046318479921,0.6113046318479921
2026-06-10,MERKO,0.18882261425540758,0.11427383751229203,0.5826297107200084,0.3030964517676996,2,0.18882261425540758,0.18882261425540758,0.18882261425540758
2026-06-10,METEN,0.01854081431563604,0.03991173238039125,0.9016357209235814,0.05845254669602729,1,0.01854081431563604,0.01854081431563604,0.01854081431563604
2026-06-10,MEYSU,0.10193277989535429,0.0998993097873879,0.6982686005298698,0.2018320896827422,1,0.09923427326392079,0.09923427326392079,0.09923427326392079
2026-06-10,MRBAS,0.02703609005607301,0.06372304279086226,0.8455178243622026,0.09075913284693526,2,0.025940576376830615,0.025940576376830615,0.025940576376830615
2026-06-10,MRS,0.02703609005607301,0.06372304279086226,0.8455178243622026,0.09075913284693526,2,0.025940576376830615,0.025940576376830615,0.025940576376830615
2026-06-10,NTHOL,0.2808445723077451,0.20441618533576256,0.3103230570207297,0.4852607576435077,2,0.4733209767022024,0.4733209767022024,0.4733209767022024
2026-06-10,NUHCM,-0.22789492801634123,0.3601133992255445,0.5076681295652523,0.13221847120920324,1,-0.22789492801634123,-0.22789492801634123,-0.22789492801634123
2026-06-10,NURVK,0.017491011680612463,0.042408279484527224,0.8976924293503329,0.05989929116513969,1,0.016881368936440426,0.016881368936440426,0.016881368936440426
2026-06-10,OPET,0.015272146251907044,0.05090862197933298,0.8829106097894268,0.06618076823124001,2,0.015272146251907044,0.015272146251907044,0.015272146251907044
2026-06-10,ORGE,-0.2687343429836945,0.3986758711014377,0.47138260078081906,0.12994152811774323,1,-0.2687343429836945,-0.2687343429836945,-0.2687343429836945
2026-06-10,OTOSR,0.014800504653586621,0.03893498739259517,0.9073295205612231,0.05373549204618179,1,0.014350692720685898,0.014350692720685898,0.014350692720685898
2026-06-10,OYA,0.01110524502386151,0.0936259817790018,0.801642791418135,0.10473122680286331,1,0.012765097036043898,0.01249471892556576,0.01249471892556576
2026-06-10,OYAYO,-0.07102365920776876,0.17215002329039886,0.7267236126269709,0.1011263640826301,1,-0.05511142961811441,-0.06147632145397615,-0.06147632145397615
2026-06-10,OYYAT,0.01110524502386151,0.0936259817790018,0.801642791418135,0.10473122680286331,1,0.012765097036043898,0.01249471892556576,0.01249471892556576
2026-06-10,OZRDN,-0.011058136108299144,0.12610102749452037,0.7588560811192584,0.11504289138622123,1,-0.02520310006191602,-0.02520310006191602,-0.02520310006191602
2026-06-10,OZSUB,-0.03749562068765131,0.1425337623441067,0.7524280959994378,0.10503814165645538,3,0.07155091205141481,0.07155091205141481,0.07155091205141481
2026-06-10,OZYSR,-0.0847273043338458,0.1716386440339632,0.7414500162659194,0.0869113397001174,1,0.019334967960121786,0.019334967960121786,0.019334967960121786
2026-06-10,PRKME,-0.09683249671040553,0.23974327060187117,0.6173459555066632,0.14291077389146564,1,-0.06432300971137471,-0.06432300971137471,-0.06432300971137471
2026-06-10,RNPOL,0.058777304201711594,0.1475086772805498,0.6462053412371888,0.2062859814822614,1,0.058777304201711594,0.058777304201711594,0.058777304201711594
2026-06-10,RUBNS,-0.17283547477212613,0.29448686704377514,0.5838617406845759,0.12165139227164899,1,-0.17283547477212613,-0.17283547477212613,-0.17283547477212613
2026-06-10,SANFM,-0.13796368058382086,0.25833308619772727,0.6212975081883664,0.1203694056139064,1,-0.13796368058382086,-0.13796368058382086,-0.13796368058382086
2026-06-10,SASA,0.24963546472818565,0.14092107186098207,0.4685223915498502,0.3905565365891677,2,0.1026330397857273,0.2643690200065544,0.2643690200065544
2026-06-10,SISE,-0.19132372698043917,0.3481929933833925,0.49493774021365416,0.15686926640295332,1,-0.1267839478042476,-0.1267839478042476,-0.1267839478042476
2026-06-10,SMRFA,0.013989686566017304,0.04449274167973586,0.8970248300745108,0.058482428245753164,1,0.015211166480435618,0.015211166480435618,0.015211166480435618
2026-06-10,SMRVA,0.010690615323316374,0.04447515072385553,0.9003590832289725,0.0551657660471719,1,-0.01138346733042013,0.008792050993328814,0.008792050993328814
2026-06-10,TAMFA,0.0045946569538054816,0.11845784365858773,0.758489655729019,0.12305250061239321,1,0.010295840596886506,0.010295840596886506,0.010295840596886506
2026-06-10,TERA,0.01624988684486571,0.036546274213033525,0.9106575647290673,0.052796161057899235,1,0.01624988684486571,0.01624988684486571,0.01624988684486571
2026-06-10,THL,0.01768552205702479,0.04094078866929709,0.9004329006043809,0.05862631072632188,1,0.019107843714493932,0.01903236460436854,0.01903236460436854
2026-06-10,THYAO,-0.27482259580288837,0.3972688359114331,0.4802849239800222,0.12244624010854468,2,-0.25426433569971646,-0.25426433569971646,-0.25426433569971646
2026-06-10,TIB,0.01026696962762623,0.04632825997654357,0.8970765104192865,0.0565952296041698,1,0.011912721832701348,0.011912721832701348,0.011912721832701348
2026-06-10,TIMUR,0.018839961632764735,0.030361605506065082,0.9204368273551051,0.04920156713882982,1,0.018839961632764735,0.018839961632764735,0.018839961632764735
2026-06-10,TRA,0.01624988684486571,0.036546274213033525,0.9106575647290673,0.052796161057899235,1,0.01624988684486571,0.01624988684486571,0.01624988684486571
2026-06-10,UFUK,-0.03421016059452057,0.18283938179171075,0.6685313970110991,0.1486292211971902,4,-0.10482580244732763,-0.10482580244732763,-0.10482580244732763
2026-06-10,UNLU,0.017553103290455147,0.03476279345455787,0.9129213098004291,0.05231589674501302,1,0.017553103290455147,0.017553103290455147,0.017553103290455147
2026-06-10,USAK,-0.21952661901494255,0.3574399741739202,0.5046466706671021,0.13791335515897765,1,-0.21952661901494255,-0.21952661901494255,-0.21952661901494255
2026-06-10,VESTL,-0.11657899444377545,0.24789073073105738,0.6207975329816607,0.13131173628728193,1,-0.11657899444377545,-0.11657899444377545,-0.11657899444377545
2026-06-10,VKFYO,-0.11910729753913961,0.223293014304601,0.6725212689299377,0.10418571676546139,1,-0.09518625909110244,-0.1047546744703173,-0.1047546744703173
2026-06-10,VSNMD,-0.12352304253274561,0.24563777927645639,0.6322474839798328,0.12211473674371078,1,-0.12352304253274561,-0.12352304253274561,-0.12352304253274561
2026-06-10,YATAS,-0.006636396167831675,0.11461783587992441,0.7774007244079828,0.10798143971209273,4,-0.006636396167831675,-0.006636396167831675,-0.006636396167831675
2026-06-10,YATVK,0.013852029882365946,0.0719755748480138,0.8421968204216064,0.08582760473037974,1,0.013852029882365946,0.013852029882365946,0.013852029882365946
2026-06-10,YKB,-0.07971319514534761,0.16871784902585638,0.7422774970936348,0.08900465388050878,2,-0.016811476072377488,-0.04060416094714521,-0.04060416094714521
2026-06-10,YKBNK,-0.07971319514534761,0.16871784902585638,0.7422774970936348,0.08900465388050878,2,-0.016811476072377488,-0.04060416094714521,-0.04060416094714521
2026-06-10,ZKBVR,0.01565700241575585,0.13738696910803871,0.7095690593681667,0.15304397152379456,2,0.01867510893734261,0.01867510893734261,0.01867510893734261
2026-06-10,ZOREN,-0.18339354404350489,0.34571187551351445,0.4919697930164761,0.16231833147000957,1,-0.07965357051176596,-0.07965357051176596,-0.07965357051176596
2026-06-11,HALKB,-0.28095755461320654,0.40105270322176,0.47885214816968646,0.12009514860855348,1,-0.08043984850891651,-0.040965619239146475,-0.040965619239146475
2026-06-11,PENTA,-0.18101340767258742,0.3100714668252796,0.5608704740220283,0.12905805915269217,1,-0.014453055988049393,-0.014453055988049393,-0.014453055988049393
2026-06-11,THL,-0.28095755461320654,0.40105270322176,0.47885214816968646,0.12009514860855348,1,-0.08043984850891651,-0.040965619239146475,-0.040965619239146475
2026-06-11,TURSG,0.6587269588625628,0.08121948061772871,0.17883407990197986,0.7399464394802915,1,0.06661848445449726,0.06661848445449726,0.06661848445449726
