date,ticker,source,title,text,url,language,published_at,prob_negative,prob_neutral,prob_positive,prediction,sentiment_score
2026-05-31,EKIZ,KAP,EKİZ KİMYA SANAYİ VE TİCARET A.Ş. - Özel Durum Açıklaması (Genel),EKİZ KİMYA SANAYİ VE TİCARET A.Ş. - Özel Durum Açıklaması (Genel). Özel Durum Açıklaması (Genel) Banka İle Yapılan Protokol Süresinin Uzatılması Hakkında,https://www.kap.org.tr/tr/Bildirim/1611279,tr,2026-05-31T22:10:25+00:00,0.2510284023779294,0.6071368275247674,0.1418347700973032,neutral,-0.1091936322806262
2026-06-01,AEFES,KAP,ANADOLU EFES BİRACILIK VE MALT SANAYİİ A.Ş. - Şirket Genel Bilgi Formu,ANADOLU EFES BİRACILIK VE MALT SANAYİİ A.Ş. - Şirket Genel Bilgi Formu. Şirket Genel Bilgi Formu,https://www.kap.org.tr/tr/Bildirim/1611685,tr,2026-06-01T19:13:11+00:00,0.1279899772463064,0.7552263175089783,0.1167837052447152,neutral,-0.0112062720015912
2026-06-01,AFYON,KAP,AFYON ÇİMENTO SANAYİ T.A.Ş. - Şirket Genel Bilgi Formu,AFYON ÇİMENTO SANAYİ T.A.Ş. - Şirket Genel Bilgi Formu. Şirket Genel Bilgi Formu,https://www.kap.org.tr/tr/Bildirim/1611709,tr,2026-06-01T20:28:07+00:00,0.128241916481599,0.755651968224621,0.1161061152937799,neutral,-0.0121358011878191
2026-06-01,AFYON,KAP,AFYON ÇİMENTO SANAYİ T.A.Ş. - Kurumsal Yönetim Bilgi Formu (Güncelleme) - Yönetim Kurulu-1,AFYON ÇİMENTO SANAYİ T.A.Ş. - Kurumsal Yönetim Bilgi Formu (Güncelleme) - Yönetim Kurulu-1. Kurumsal Yönetim Bilgi Formu (Güncelleme) - Yönetim Kurulu-1 Yönetim Kurulu I Bilgi Formu Güncelleme,https://www.kap.org.tr/tr/Bildirim/1611710,tr,2026-06-01T20:28:16+00:00,0.1875020663919197,0.6350075791077707,0.1774903545003096,neutral,-0.01001171189161
2026-06-01,AGESA,KAP,AGESA HAYAT VE EMEKLİLİK A.Ş. - Özel Durum Açıklaması (Genel),AGESA HAYAT VE EMEKLİLİK A.Ş. - Özel Durum Açıklaması (Genel). Özel Durum Açıklaması (Genel) Genel Müdür Yardımcısı Ataması AKGRT,https://www.kap.org.tr/tr/Bildirim/1611413,tr,2026-06-01T14:42:07+00:00,0.3399607794321356,0.5339814825353338,0.1260577380325305,neutral,-0.2139030413996051
2026-06-01,AHGAZ,KAP,AHLATCI DOĞAL GAZ DAĞITIM ENERJİ VE YATIRIM A.Ş. - Payların Geri Alınmasına İlişkin Bildirim,AHLATCI DOĞAL GAZ DAĞITIM ENERJİ VE YATIRIM A.Ş. - Payların Geri Alınmasına İlişkin Bildirim. Payların Geri Alınmasına İlişkin Bildirim 01.06.2026 Tarihli Pay Geri Alım İşlemleri,https://www.kap.org.tr/tr/Bildirim/1611665,tr,2026-06-01T18:30:16+00:00,0.0526718323421769,0.0863036193085866,0.8610245483492366,positive,0.8083527160070597
2026-06-01,AKBNK,KAP,AKBANK T.A.Ş. - Özel Durum Açıklaması (Genel),AKBANK T.A.Ş. - Özel Durum Açıklaması (Genel). Özel Durum Açıklaması (Genel) Yurtdışı Piyasalara Sermaye Benzeri (Basel III uyumlu) Tahvil İhracı,https://www.kap.org.tr/tr/Bildirim/1611351,tr,2026-06-01T11:02:35+00:00,0.2895106416000874,0.561083613454781,0.1494057449451315,neutral,-0.1401048966549558
2026-06-01,AKBNK,KAP,AKBANK T.A.Ş. - Pay Dışında Sermaye Piyasası Aracı İşlemlerine İlişkin Bildirim (Faiz İçeren),AKBANK T.A.Ş. - Pay Dışında Sermaye Piyasası Aracı İşlemlerine İlişkin Bildirim (Faiz İçeren). Pay Dışında Sermaye Piyasası Aracı İşlemlerine İlişkin Bildirim (Faiz İçeren) Yurtdışı Piyasalara Tahvil İhracı,https://www.kap.org.tr/tr/Bildirim/1611586,tr,2026-06-01T17:41:42+00:00,0.0447196611258424,0.8960095252952823,0.0592708135788751,neutral,0.0145511524530327
2026-06-01,AKFGY,KAP,AKFEN GAYRİMENKUL YATIRIM ORTAKLIĞI A.Ş. - Bağımsız Denetim Kuruluşunun Belirlenmesi,AKFEN GAYRİMENKUL YATIRIM ORTAKLIĞI A.Ş. - Bağımsız Denetim Kuruluşunun Belirlenmesi. Bağımsız Denetim Kuruluşunun Belirlenmesi Bağımsız denetim kuruluşu seçiminin tescili ve TTSG'de ilanı,https://www.kap.org.tr/tr/Bildirim/1611457,tr,2026-06-01T16:16:06+00:00,0.0554897013266676,0.8777986862203114,0.0667116124530209,neutral,0.0112219111263532
2026-06-01,AKFGY,KAP,AKFEN GAYRİMENKUL YATIRIM ORTAKLIĞI A.Ş. - Genel Kurul İşlemlerine İlişkin Bildirim,AKFEN GAYRİMENKUL YATIRIM ORTAKLIĞI A.Ş. - Genel Kurul İşlemlerine İlişkin Bildirim. Genel Kurul İşlemlerine İlişkin Bildirim 2025 Yılı Olağan Genel Kurul Toplantısı Tescil İşlemi,https://www.kap.org.tr/tr/Bildirim/1611460,tr,2026-06-01T16:17:50+00:00,0.1206019852469053,0.8176267321904841,0.0617712825626104,neutral,-0.0588307026842948
2026-06-01,AKFGY,KAP,AKFEN GAYRİMENKUL YATIRIM ORTAKLIĞI A.Ş. - Yönetim Kurulu Komiteleri,AKFEN GAYRİMENKUL YATIRIM ORTAKLIĞI A.Ş. - Yönetim Kurulu Komiteleri. Yönetim Kurulu Komiteleri Yönetim Kurulu Komitelerinin Üyelerinin Belirlenmesi hk,https://www.kap.org.tr/tr/Bildirim/1611462,tr,2026-06-01T16:18:21+00:00,0.1702024599695229,0.6575581079893763,0.1722394320411006,neutral,0.0020369720715776
2026-06-01,AKFGY,KAP,AKFEN GAYRİMENKUL YATIRIM ORTAKLIĞI A.Ş. - Şirket Genel Bilgi Formu,AKFEN GAYRİMENKUL YATIRIM ORTAKLIĞI A.Ş. - Şirket Genel Bilgi Formu. Şirket Genel Bilgi Formu,https://www.kap.org.tr/tr/Bildirim/1611463,tr,2026-06-01T16:19:25+00:00,0.0825825795974323,0.8366935247889262,0.0807238956136414,neutral,-0.0018586839837909
2026-06-01,AKFGY,KAP,AKFEN GAYRİMENKUL YATIRIM ORTAKLIĞI A.Ş. - Esas Sözleşme,AKFEN GAYRİMENKUL YATIRIM ORTAKLIĞI A.Ş. - Esas Sözleşme. Esas Sözleşme Esas Sözleşme,https://www.kap.org.tr/tr/Bildirim/1611465,tr,2026-06-01T16:20:54+00:00,0.1051806565123514,0.7168469702615727,0.1779723732260758,neutral,0.0727917167137244
2026-06-01,AKFGY,KAP,AKFEN GAYRİMENKUL YATIRIM ORTAKLIĞI A.Ş. - İlişkili Taraf İşlemleri,AKFEN GAYRİMENKUL YATIRIM ORTAKLIĞI A.Ş. - İlişkili Taraf İşlemleri. İlişkili Taraf İşlemleri Yaygın ve Süreklilik Arz Eden İşlemler Raporu Hk.,https://www.kap.org.tr/tr/Bildirim/1611641,tr,2026-06-01T18:20:52+00:00,0.1339353132383319,0.6895312490227107,0.1765334377389573,neutral,0.0425981245006254
2026-06-01,AKGRT,KAP,AKSİGORTA A.Ş. - Özel Durum Açıklaması (Genel),AKSİGORTA A.Ş. - Özel Durum Açıklaması (Genel). Özel Durum Açıklaması (Genel) Genel Müdür Yardımcısı Ataması AGESA,https://www.kap.org.tr/tr/Bildirim/1611414,tr,2026-06-01T14:43:10+00:00,0.3705033065791752,0.5148869171686931,0.1146097762521318,neutral,-0.2558935303270434
2026-06-01,AKM,KAP,AK YATIRIM MENKUL DEĞERLER A.Ş. - Likidite Sağlayıcılık Kapsamındaki İşlemler,AK YATIRIM MENKUL DEĞERLER A.Ş. - Likidite Sağlayıcılık Kapsamındaki İşlemler. Likidite Sağlayıcılık Kapsamındaki İşlemler ORGE Paylarında Likidite Sağlayıcılığı Kapsamında Gerçekleştirilen İşlemler 18.05.2026 - 29.05.2026 ORGE,https://www.kap.org.tr/tr/Bildirim/1611377,tr,2026-06-01T11:54:32+00:00,0.0966113223141683,0.7892513042297326,0.1141373734560989,neutral,0.0175260511419306
2026-06-01,AKM,KAP,AK YATIRIM MENKUL DEĞERLER A.Ş. - Likidite Sağlayıcılık Kapsamındaki İşlemler,AK YATIRIM MENKUL DEĞERLER A.Ş. - Likidite Sağlayıcılık Kapsamındaki İşlemler. Likidite Sağlayıcılık Kapsamındaki İşlemler LOGO Paylarında Likidite Sağlayıcılığı Kapsamında Gerçekleştirilen İşlemler 18.05.2026 - 29.05.2026 LOGO,https://www.kap.org.tr/tr/Bildirim/1611379,tr,2026-06-01T11:54:41+00:00,0.0966113223141683,0.7892513042297326,0.1141373734560989,neutral,0.0175260511419306
2026-06-01,AKM,KAP,AK YATIRIM MENKUL DEĞERLER A.Ş. - Yatırım Kuruluşu Varant - Sertifika - Senetlerine İlişkin Bildirim,AK YATIRIM MENKUL DEĞERLER A.Ş. - Yatırım Kuruluşu Varant - Sertifika - Senetlerine İlişkin Bildirim. Yatırım Kuruluşu Varant - Sertifika - Senetlerine İlişkin Bildirim Varant ve Sertifika PY Alım Satım Bildirimi,https://www.kap.org.tr/tr/Bildirim/1611380,tr,2026-06-01T11:54:48+00:00,0.0988126570740151,0.7799402066088867,0.1212471363170981,neutral,0.022434479243083
2026-06-01,AKM,KAP,AK YATIRIM MENKUL DEĞERLER A.Ş. - Piyasa Yapıcılığı Kapsamında Gerçekleştirilen İşlemler Bildirimi,"AK YATIRIM MENKUL DEĞERLER A.Ş. - Piyasa Yapıcılığı Kapsamında Gerçekleştirilen İşlemler Bildirimi. Piyasa Yapıcılığı Kapsamında Gerçekleştirilen İşlemler Bildirimi 25.05.2026 - 26.05.2026 Tarih Aralığında Gerçekleşen Borsa Yatırım Fonları Piyasa Yapıcı İşlemleri APGLD, APMDL",https://www.kap.org.tr/tr/Bildirim/1611448,tr,2026-06-01T16:14:39+00:00,0.0978744187741212,0.7887601776388729,0.1133654035870059,neutral,0.0154909848128846
2026-06-01,AKMEN,KAP,AK YATIRIM MENKUL DEĞERLER A.Ş. - Likidite Sağlayıcılık Kapsamındaki İşlemler,AK YATIRIM MENKUL DEĞERLER A.Ş. - Likidite Sağlayıcılık Kapsamındaki İşlemler. Likidite Sağlayıcılık Kapsamındaki İşlemler ORGE Paylarında Likidite Sağlayıcılığı Kapsamında Gerçekleştirilen İşlemler 18.05.2026 - 29.05.2026 ORGE,https://www.kap.org.tr/tr/Bildirim/1611377,tr,2026-06-01T11:54:32+00:00,0.0966113223141683,0.7892513042297326,0.1141373734560989,neutral,0.0175260511419306
2026-06-01,AKMEN,KAP,AK YATIRIM MENKUL DEĞERLER A.Ş. - Likidite Sağlayıcılık Kapsamındaki İşlemler,AK YATIRIM MENKUL DEĞERLER A.Ş. - Likidite Sağlayıcılık Kapsamındaki İşlemler. Likidite Sağlayıcılık Kapsamındaki İşlemler LOGO Paylarında Likidite Sağlayıcılığı Kapsamında Gerçekleştirilen İşlemler 18.05.2026 - 29.05.2026 LOGO,https://www.kap.org.tr/tr/Bildirim/1611379,tr,2026-06-01T11:54:41+00:00,0.0966113223141683,0.7892513042297326,0.1141373734560989,neutral,0.0175260511419306
2026-06-01,AKMEN,KAP,AK YATIRIM MENKUL DEĞERLER A.Ş. - Yatırım Kuruluşu Varant - Sertifika - Senetlerine İlişkin Bildirim,AK YATIRIM MENKUL DEĞERLER A.Ş. - Yatırım Kuruluşu Varant - Sertifika - Senetlerine İlişkin Bildirim. Yatırım Kuruluşu Varant - Sertifika - Senetlerine İlişkin Bildirim Varant ve Sertifika PY Alım Satım Bildirimi,https://www.kap.org.tr/tr/Bildirim/1611380,tr,2026-06-01T11:54:48+00:00,0.0988126570740151,0.7799402066088867,0.1212471363170981,neutral,0.022434479243083
2026-06-01,AKMEN,KAP,AK YATIRIM MENKUL DEĞERLER A.Ş. - Piyasa Yapıcılığı Kapsamında Gerçekleştirilen İşlemler Bildirimi,"AK YATIRIM MENKUL DEĞERLER A.Ş. - Piyasa Yapıcılığı Kapsamında Gerçekleştirilen İşlemler Bildirimi. Piyasa Yapıcılığı Kapsamında Gerçekleştirilen İşlemler Bildirimi 25.05.2026 - 26.05.2026 Tarih Aralığında Gerçekleşen Borsa Yatırım Fonları Piyasa Yapıcı İşlemleri APGLD, APMDL",https://www.kap.org.tr/tr/Bildirim/1611448,tr,2026-06-01T16:14:39+00:00,0.0978744187741212,0.7887601776388729,0.1133654035870059,neutral,0.0154909848128846
2026-06-01,AKSEN,KAP,AKSA ENERJİ ÜRETİM A.Ş. - Özel Durum Açıklaması (Genel),AKSA ENERJİ ÜRETİM A.Ş. - Özel Durum Açıklaması (Genel). Özel Durum Açıklaması (Genel) Kazakistan Kombine Isı ve Enerji Santrali?ne ilişkin Bakanlık Kabulü Hakkında,https://www.kap.org.tr/tr/Bildirim/1611385,tr,2026-06-01T12:10:57+00:00,0.3664795666179222,0.4844429432982415,0.1490774900838361,neutral,-0.217402076534086
2026-06-01,AKTVK,KAP,AKTİF BANK SUKUK VARLIK KİRALAMA A.Ş. - Pay Dışında Sermaye Piyasası Aracı İşlemlerine İlişkin Bildirim (Faizsiz),AKTİF BANK SUKUK VARLIK KİRALAMA A.Ş. - Pay Dışında Sermaye Piyasası Aracı İşlemlerine İlişkin Bildirim (Faizsiz). Pay Dışında Sermaye Piyasası Aracı İşlemlerine İlişkin Bildirim (Faizsiz) Kupon Oranı Belirlenmesi,https://www.kap.org.tr/tr/Bildirim/1611404,tr,2026-06-01T14:04:44+00:00,0.0522663522878191,0.8752353401944255,0.0724983075177553,neutral,0.0202319552299361
2026-06-01,AKTVK,KAP,AKTİF BANK SUKUK VARLIK KİRALAMA A.Ş. - Pay Dışında Sermaye Piyasası Aracı İşlemlerine İlişkin Bildirim (Faizsiz),AKTİF BANK SUKUK VARLIK KİRALAMA A.Ş. - Pay Dışında Sermaye Piyasası Aracı İşlemlerine İlişkin Bildirim (Faizsiz). Pay Dışında Sermaye Piyasası Aracı İşlemlerine İlişkin Bildirim (Faizsiz) İtfa,https://www.kap.org.tr/tr/Bildirim/1611447,tr,2026-06-01T16:14:13+00:00,0.0505381388362687,0.8780427221684775,0.0714191389952538,neutral,0.0208810001589851
2026-06-01,AKYHO,KAP,AKDENİZ YATIRIM HOLDİNG A.Ş. - Yönetim Kurulu Komiteleri,AKDENİZ YATIRIM HOLDİNG A.Ş. - Yönetim Kurulu Komiteleri. Yönetim Kurulu Komiteleri Yönetim Kurulu Komiteleri Hakkında,https://www.kap.org.tr/tr/Bildirim/1611728,tr,2026-06-01T21:46:01+00:00,0.2238080565917756,0.5419628076322578,0.2342291357759665,neutral,0.0104210791841908
2026-06-01,ALNUS,KAP,ALNUS YATIRIM MENKUL DEĞERLER A.Ş. - Pay Dışında Sermaye Piyasası Aracı İşlemlerine İlişkin Bildirim (Faiz İçeren),ALNUS YATIRIM MENKUL DEĞERLER A.Ş. - Pay Dışında Sermaye Piyasası Aracı İşlemlerine İlişkin Bildirim (Faiz İçeren). Pay Dışında Sermaye Piyasası Aracı İşlemlerine İlişkin Bildirim (Faiz İçeren) TRFSRMD62613 ISIN Kodlu Değişken Faizli Finansman Bonosunun 4. Kupon Oranının Belirlenmesi,https://www.kap.org.tr/tr/Bildirim/1611519,tr,2026-06-01T17:15:17+00:00,0.0300513682100306,0.9287612686276104,0.0411873631623587,neutral,0.0111359949523281
2026-06-01,ANC,KAP,ALNUS YATIRIM MENKUL DEĞERLER A.Ş. - Pay Dışında Sermaye Piyasası Aracı İşlemlerine İlişkin Bildirim (Faiz İçeren),ALNUS YATIRIM MENKUL DEĞERLER A.Ş. - Pay Dışında Sermaye Piyasası Aracı İşlemlerine İlişkin Bildirim (Faiz İçeren). Pay Dışında Sermaye Piyasası Aracı İşlemlerine İlişkin Bildirim (Faiz İçeren) TRFSRMD62613 ISIN Kodlu Değişken Faizli Finansman Bonosunun 4. Kupon Oranının Belirlenmesi,https://www.kap.org.tr/tr/Bildirim/1611519,tr,2026-06-01T17:15:17+00:00,0.0300513682100306,0.9287612686276104,0.0411873631623587,neutral,0.0111359949523281
2026-06-01,ANSGR,KAP,ANADOLU ANONİM TÜRK SİGORTA ŞİRKETİ - TSRS Uyumlu Sürdürülebilirlik Raporu,ANADOLU ANONİM TÜRK SİGORTA ŞİRKETİ - TSRS Uyumlu Sürdürülebilirlik Raporu. TSRS Uyumlu Sürdürülebilirlik Raporu 2025 TSRS Uyumlu Sürdürülebilirlik Raporu,https://www.kap.org.tr/tr/Bildirim/1611661,tr,2026-06-01T18:27:38+00:00,0.2133147021964757,0.5351638623753296,0.2515214354281946,neutral,0.0382067332317188
2026-06-01,ARDYZ,KAP,ARD GRUP BİLİŞİM TEKNOLOJİLERİ A.Ş. - Yeni İş İlişkisi,ARD GRUP BİLİŞİM TEKNOLOJİLERİ A.Ş. - Yeni İş İlişkisi. Yeni İş İlişkisi Sözleşme İmzalanması Hk.,https://www.kap.org.tr/tr/Bildirim/1611290,tr,2026-06-01T09:17:23+00:00,0.0771354981013162,0.1210777772073601,0.8017867246913236,positive,0.7246512265900074
2026-06-01,ASELS,KAP,ASELSAN ELEKTRONİK SANAYİ VE TİCARET A.Ş. - Yeni İş İlişkisi,ASELSAN ELEKTRONİK SANAYİ VE TİCARET A.Ş. - Yeni İş İlişkisi. Yeni İş İlişkisi Sözleşme İmzalanması,https://www.kap.org.tr/tr/Bildirim/1611291,tr,2026-06-01T09:17:57+00:00,0.0398901562664652,0.1226231964553332,0.8374866472782014,positive,0.7975964910117361
2026-06-01,ATLAS,KAP,ATLAS MENKUL KIYMETLER YATIRIM ORTAKLIĞI A.Ş. - Haftalık Rapor,ATLAS MENKUL KIYMETLER YATIRIM ORTAKLIĞI A.Ş. - Haftalık Rapor. Haftalık Rapor Haftalık Rapor,https://www.kap.org.tr/tr/Bildirim/1611391,tr,2026-06-01T13:04:44+00:00,0.0793287055951439,0.8309709700903247,0.0897003243145312,neutral,0.0103716187193872
2026-06-01,ATLAS,KAP,ATLAS MENKUL KIYMETLER YATIRIM ORTAKLIĞI A.Ş. - Özel Durum Açıklaması (Genel),ATLAS MENKUL KIYMETLER YATIRIM ORTAKLIĞI A.Ş. - Özel Durum Açıklaması (Genel). Özel Durum Açıklaması (Genel) Portföy Yönetim Şirketi Değişikliği Hakkında,https://www.kap.org.tr/tr/Bildirim/1611663,tr,2026-06-01T18:29:08+00:00,0.2228389425751666,0.666621370382493,0.1105396870423402,neutral,-0.1122992555328263
2026-06-01,AVGYO,KAP,AVRASYA GAYRİMENKUL YATIRIM ORTAKLIĞI A.Ş. - Finansal Rapor,AVRASYA GAYRİMENKUL YATIRIM ORTAKLIĞI A.Ş. - Finansal Rapor. Finansal Rapor,https://www.kap.org.tr/tr/Bildirim/1611730,tr,2026-06-01T23:53:40+00:00,0.1011735055938123,0.7707957127351248,0.1280307816710628,neutral,0.0268572760772504
2026-06-01,AVGYO,KAP,AVRASYA GAYRİMENKUL YATIRIM ORTAKLIĞI A.Ş. - Faaliyet Raporu (Konsolide),AVRASYA GAYRİMENKUL YATIRIM ORTAKLIĞI A.Ş. - Faaliyet Raporu (Konsolide). Faaliyet Raporu (Konsolide) 2026/3 Aylık Faaliyet Raporu,https://www.kap.org.tr/tr/Bildirim/1611731,tr,2026-06-01T23:53:52+00:00,0.1269756777633192,0.7173749726423186,0.155649349594362,neutral,0.0286736718310427
2026-06-01,AVGYO,KAP,AVRASYA GAYRİMENKUL YATIRIM ORTAKLIĞI A.Ş. - Sorumluluk Beyanı (Konsolide),AVRASYA GAYRİMENKUL YATIRIM ORTAKLIĞI A.Ş. - Sorumluluk Beyanı (Konsolide). Sorumluluk Beyanı (Konsolide) Sorumluluk Beyanı,https://www.kap.org.tr/tr/Bildirim/1611732,tr,2026-06-01T23:53:59+00:00,0.1418362386507033,0.6868756027172337,0.1712881586320629,neutral,0.0294519199813596
2026-06-01,BAHKM,KAP,BAHADIR KİMYA SANAYİ VE TİCARET A.Ş. - Özel Durum Açıklaması (Genel),BAHADIR KİMYA SANAYİ VE TİCARET A.Ş. - Özel Durum Açıklaması (Genel). Özel Durum Açıklaması (Genel) Yatırım Teşvik Tutarının Artırılması Hk.,https://www.kap.org.tr/tr/Bildirim/1611418,tr,2026-06-01T14:59:42+00:00,0.2183730852521508,0.6639656755841747,0.1176612391636744,neutral,-0.1007118460884763
2026-06-01,BAKAB,KAP,BAK AMBALAJ SANAYİ VE TİCARET A.Ş. - Genel Kurul İşlemlerine İlişkin Bildirim,BAK AMBALAJ SANAYİ VE TİCARET A.Ş. - Genel Kurul İşlemlerine İlişkin Bildirim. Genel Kurul İşlemlerine İlişkin Bildirim Bak Ambalaj Sanayi ve Ticaret A.Ş. 2025 Yılı Olağan Genel Kurul Toplantısı İlanı Hk,https://www.kap.org.tr/tr/Bildirim/1611547,tr,2026-06-01T17:27:30+00:00,0.1308602010626733,0.7887772479448502,0.0803625509924764,neutral,-0.0504976500701969
2026-06-01,BAKAB,KAP,BAK AMBALAJ SANAYİ VE TİCARET A.Ş. - Kar Payı Dağıtım İşlemlerine İlişkin Bildirim,BAK AMBALAJ SANAYİ VE TİCARET A.Ş. - Kar Payı Dağıtım İşlemlerine İlişkin Bildirim. Kar Payı Dağıtım İşlemlerine İlişkin Bildirim 2025 Yılına İlişkin Kar Payı Dağıtımı Hakkında,https://www.kap.org.tr/tr/Bildirim/1611596,tr,2026-06-01T17:48:18+00:00,0.0856430409582303,0.0491301150031299,0.8652268440386396,positive,0.7795838030804092
2026-06-01,BLS,KAP,BULLS YATIRIM MENKUL DEĞERLER A.Ş. - Pay Alım Teklifi Yoluyla Pay Toplanmasına İlişkin Bildirim,BULLS YATIRIM MENKUL DEĞERLER A.Ş. - Pay Alım Teklifi Yoluyla Pay Toplanmasına İlişkin Bildirim. Pay Alım Teklifi Yoluyla Pay Toplanmasına İlişkin Bildirim Özerden Ambalaj Sanayi A.Ş. Paylarına Yönelik Zorunlu Pay Alım Teklifi OZRDN,https://www.kap.org.tr/tr/Bildirim/1611618,tr,2026-06-01T18:05:28+00:00,0.1256139573602277,0.7244301617747508,0.1499558808650214,neutral,0.0243419235047936
2026-06-01,BLSMD,KAP,BULLS YATIRIM MENKUL DEĞERLER A.Ş. - Pay Alım Teklifi Yoluyla Pay Toplanmasına İlişkin Bildirim,BULLS YATIRIM MENKUL DEĞERLER A.Ş. - Pay Alım Teklifi Yoluyla Pay Toplanmasına İlişkin Bildirim. Pay Alım Teklifi Yoluyla Pay Toplanmasına İlişkin Bildirim Özerden Ambalaj Sanayi A.Ş. Paylarına Yönelik Zorunlu Pay Alım Teklifi OZRDN,https://www.kap.org.tr/tr/Bildirim/1611618,tr,2026-06-01T18:05:28+00:00,0.1256139573602277,0.7244301617747508,0.1499558808650214,neutral,0.0243419235047936
2026-06-01,BOBET,KAP,BOĞAZİÇİ BETON SANAYİ VE TİCARET A.Ş. - Payların Geri Alınmasına İlişkin Bildirim,BOĞAZİÇİ BETON SANAYİ VE TİCARET A.Ş. - Payların Geri Alınmasına İlişkin Bildirim. Payların Geri Alınmasına İlişkin Bildirim 01.06.2026 Tarihli Pay Geri Alım İşlemleri Hakkında,https://www.kap.org.tr/tr/Bildirim/1611716,tr,2026-06-01T20:49:01+00:00,0.0471098052933328,0.1023121625237407,0.8505780321829265,positive,0.8034682268895937
2026-06-01,BRKO,KAP,BİRKO BİRLEŞİK KOYUNLULULAR MENSUCAT TİCARET VE SANAYİ A.Ş. - Özel Durum Açıklaması (Genel),BİRKO BİRLEŞİK KOYUNLULULAR MENSUCAT TİCARET VE SANAYİ A.Ş. - Özel Durum Açıklaması (Genel). Özel Durum Açıklaması (Genel) Şirket Hakim Hisse Alımı Hakkında,https://www.kap.org.tr/tr/Bildirim/1611657,tr,2026-06-01T18:24:18+00:00,0.2391755308750447,0.6136957901552524,0.1471286789697028,neutral,-0.0920468519053419
2026-06-01,BRMEN,KAP,BİRLİK MENSUCAT TİCARET VE SANAYİ İŞLETMESİ A.Ş. - Finansal Rapor,BİRLİK MENSUCAT TİCARET VE SANAYİ İŞLETMESİ A.Ş. - Finansal Rapor. Finansal Rapor,https://www.kap.org.tr/tr/Bildirim/1611638,tr,2026-06-01T18:20:17+00:00,0.1136957123724139,0.7313866845031737,0.1549176031244123,neutral,0.0412218907519983
2026-06-01,BRMEN,KAP,BİRLİK MENSUCAT TİCARET VE SANAYİ İŞLETMESİ A.Ş. - Faaliyet Raporu (Konsolide),BİRLİK MENSUCAT TİCARET VE SANAYİ İŞLETMESİ A.Ş. - Faaliyet Raporu (Konsolide). Faaliyet Raporu (Konsolide) BRMEN Yönetim Kurulu Faaliyet Raporu,https://www.kap.org.tr/tr/Bildirim/1611639,tr,2026-06-01T18:20:32+00:00,0.1378221745859487,0.6983713436262862,0.1638064817877651,neutral,0.0259843072018164
2026-06-01,BRMEN,KAP,BİRLİK MENSUCAT TİCARET VE SANAYİ İŞLETMESİ A.Ş. - Sorumluluk Beyanı (Konsolide),BİRLİK MENSUCAT TİCARET VE SANAYİ İŞLETMESİ A.Ş. - Sorumluluk Beyanı (Konsolide). Sorumluluk Beyanı (Konsolide) BRMEN Sorumluluk Beyanı,https://www.kap.org.tr/tr/Bildirim/1611640,tr,2026-06-01T18:20:47+00:00,0.1401699368129018,0.680879986240502,0.178950076946596,neutral,0.0387801401336941
2026-06-01,BRMEN,KAP,BİRLİK MENSUCAT TİCARET VE SANAYİ İŞLETMESİ A.Ş. - Sermaye Artırımından Elde Edilecek - Edilen Fonun Kullanımına İlişkin Rapor,BİRLİK MENSUCAT TİCARET VE SANAYİ İŞLETMESİ A.Ş. - Sermaye Artırımından Elde Edilecek - Edilen Fonun Kullanımına İlişkin Rapor. Sermaye Artırımından Elde Edilecek - Edilen Fonun Kullanımına İlişkin Rapor Sermaye Artırımından Elde Edilen Fonun Kullanımına İlişkin Rapor,https://www.kap.org.tr/tr/Bildirim/1611664,tr,2026-06-01T18:29:12+00:00,0.1019907641048406,0.7679756575459863,0.1300335783491731,neutral,0.0280428142443325
2026-06-01,BRSAN,KAP,BORUSAN BİRLEŞİK BORU FABRİKALARI SANAYİ VE TİCARET A.Ş. - Yeni İş İlişkisi,BORUSAN BİRLEŞİK BORU FABRİKALARI SANAYİ VE TİCARET A.Ş. - Yeni İş İlişkisi. Yeni İş İlişkisi Amerika Birleşik Devletleri'nde Yeni Satış Siparişlerinin Alınması,https://www.kap.org.tr/tr/Bildirim/1611282,tr,2026-06-01T08:00:11+00:00,0.0863666923213593,0.1984417998412652,0.7151915078373754,positive,0.6288248155160161
2026-06-01,BULGS,KAP,BULLS GİRİŞİM SERMAYESİ YATIRIM ORTAKLIĞI A.Ş. - Genel Kurul İşlemlerine İlişkin Bildirim,BULLS GİRİŞİM SERMAYESİ YATIRIM ORTAKLIĞI A.Ş. - Genel Kurul İşlemlerine İlişkin Bildirim. Genel Kurul İşlemlerine İlişkin Bildirim 2025 Yılı Olağan Genel Kurulunun Tescili,https://www.kap.org.tr/tr/Bildirim/1611608,tr,2026-06-01T18:00:14+00:00,0.1479661242137082,0.7598288330880154,0.0922050426982764,neutral,-0.0557610815154318
2026-06-01,BULGS,KAP,BULLS GİRİŞİM SERMAYESİ YATIRIM ORTAKLIĞI A.Ş. - Bağımsız Denetim Kuruluşunun Belirlenmesi,BULLS GİRİŞİM SERMAYESİ YATIRIM ORTAKLIĞI A.Ş. - Bağımsız Denetim Kuruluşunun Belirlenmesi. Bağımsız Denetim Kuruluşunun Belirlenmesi 2026 Yılı Bağımsız Denetim Şirketi Seçiminin Tescili,https://www.kap.org.tr/tr/Bildirim/1611609,tr,2026-06-01T18:00:57+00:00,0.0734466720449744,0.8393919545285612,0.0871613734264643,neutral,0.0137147013814898
2026-06-01,CIMSA,KAP,ÇİMSA ÇİMENTO SANAYİ VE TİCARET A.Ş. - Özel Durum Açıklaması (Genel),ÇİMSA ÇİMENTO SANAYİ VE TİCARET A.Ş. - Özel Durum Açıklaması (Genel). Özel Durum Açıklaması (Genel) Genel Müdür Ataması hk.,https://www.kap.org.tr/tr/Bildirim/1611691,tr,2026-06-01T19:35:33+00:00,0.2500896524804534,0.6252494875412561,0.1246608599782904,neutral,-0.125428792502163
2026-06-01,CIMSA,KAP,ÇİMSA ÇİMENTO SANAYİ VE TİCARET A.Ş. - Özel Durum Açıklaması (Genel),ÇİMSA ÇİMENTO SANAYİ VE TİCARET A.Ş. - Özel Durum Açıklaması (Genel). Özel Durum Açıklaması (Genel) Yatırımcı İlişkileri Bölümü Yöneticisi Ataması hk.,https://www.kap.org.tr/tr/Bildirim/1611692,tr,2026-06-01T19:35:51+00:00,0.2498928859128663,0.6169720197464532,0.1331350943406803,neutral,-0.1167577915721859
2026-06-01,CIMSA,KAP,ÇİMSA ÇİMENTO SANAYİ VE TİCARET A.Ş. - Şirket Genel Bilgi Formu,ÇİMSA ÇİMENTO SANAYİ VE TİCARET A.Ş. - Şirket Genel Bilgi Formu. Şirket Genel Bilgi Formu,https://www.kap.org.tr/tr/Bildirim/1611711,tr,2026-06-01T20:30:10+00:00,0.0973427743195824,0.7924557350579784,0.1102014906224392,neutral,0.0128587163028568
2026-06-01,CIMSA,KAP,ÇİMSA ÇİMENTO SANAYİ VE TİCARET A.Ş. - Kurumsal Yönetim Bilgi Formu (Güncelleme) - Yönetim Kurulu-1,ÇİMSA ÇİMENTO SANAYİ VE TİCARET A.Ş. - Kurumsal Yönetim Bilgi Formu (Güncelleme) - Yönetim Kurulu-1. Kurumsal Yönetim Bilgi Formu (Güncelleme) - Yönetim Kurulu-1 Yönetim Kurulu I Bilgi Formu Güncelleme,https://www.kap.org.tr/tr/Bildirim/1611712,tr,2026-06-01T20:30:20+00:00,0.1585359818020121,0.6721432154176841,0.1693208027803037,neutral,0.0107848209782915
2026-06-01,CIMSA,KAP,ÇİMSA ÇİMENTO SANAYİ VE TİCARET A.Ş. - Kurumsal Yönetim Bilgi Formu (Güncelleme) - Yönetim Kurulu-2,ÇİMSA ÇİMENTO SANAYİ VE TİCARET A.Ş. - Kurumsal Yönetim Bilgi Formu (Güncelleme) - Yönetim Kurulu-2. Kurumsal Yönetim Bilgi Formu (Güncelleme) - Yönetim Kurulu-2 Yönetim Kurulu II Bilgi Formu Güncelleme,https://www.kap.org.tr/tr/Bildirim/1611713,tr,2026-06-01T20:30:39+00:00,0.1585359818020121,0.6721432154176841,0.1693208027803037,neutral,0.0107848209782915
2026-06-01,CMSAN,KAP,ÇAMSAN ENTEGRE AĞAÇ SANAYİ VE TİCARET A.Ş. - Pay Dışında Sermaye Piyasası Aracı İşlemlerine İlişkin Bildirim (Faiz İçeren),ÇAMSAN ENTEGRE AĞAÇ SANAYİ VE TİCARET A.Ş. - Pay Dışında Sermaye Piyasası Aracı İşlemlerine İlişkin Bildirim (Faiz İçeren). Pay Dışında Sermaye Piyasası Aracı İşlemlerine İlişkin Bildirim (Faiz İçeren) Finansman Bonosu İtfası,https://www.kap.org.tr/tr/Bildirim/1611545,tr,2026-06-01T17:25:06+00:00,0.0351338019515935,0.9067108208546004,0.0581553771938061,neutral,0.0230215752422125
2026-06-01,CVKMD,KAP,CVK MADEN İŞLETMELERİ SANAYİ VE TİCARET A.Ş. - Özel Durum Açıklaması (Genel),CVK MADEN İŞLETMELERİ SANAYİ VE TİCARET A.Ş. - Özel Durum Açıklaması (Genel). Özel Durum Açıklaması (Genel) Yenipazar Polimetalik Maden İşletmesi Projesi Maden Tesisi Detay Mühendislik ve Tasarım İşleri Hizmet Sözleşmesi Hk.,https://www.kap.org.tr/tr/Bildirim/1611724,tr,2026-06-01T21:31:44+00:00,0.2286969041913164,0.6446415365674661,0.1266615592412173,neutral,-0.1020353449500991
2026-06-01,DAPGM,KAP,DAP GAYRİMENKUL GELİŞTİRME A.Ş. - İhale Süreci / Sonucu,DAP GAYRİMENKUL GELİŞTİRME A.Ş. - İhale Süreci / Sonucu. İhale Süreci / Sonucu İstanbul Ümraniye Tepeüstü Arsa Satışı Karşılığı Gelir Paylaşımı İşi,https://www.kap.org.tr/tr/Bildirim/1611390,tr,2026-06-01T12:57:17+00:00,0.101439280598805,0.2096792077000611,0.6888815117011339,positive,0.5874422311023288
2026-06-01,DCTTR,KAP,DCT TRADİNG DIŞ TİCARET A.Ş. - Pay Satış Bilgi Formu,DCT TRADİNG DIŞ TİCARET A.Ş. - Pay Satış Bilgi Formu. Pay Satış Bilgi Formu Pay Satış Bilgi Formu SPK Başvurusu Hakkında,https://www.kap.org.tr/tr/Bildirim/1611677,tr,2026-06-01T18:50:38+00:00,0.1339206905575142,0.7058929563310262,0.1601863531114594,neutral,0.0262656625539452
2026-06-01,DESPC,KAP,DESPEC BİLGİSAYAR PAZARLAMA VE TİCARET A.Ş. - Özel Durum Açıklaması (Genel),DESPEC BİLGİSAYAR PAZARLAMA VE TİCARET A.Ş. - Özel Durum Açıklaması (Genel). Özel Durum Açıklaması (Genel) Ankara şube adres değişikliği hakkında,https://www.kap.org.tr/tr/Bildirim/1611366,tr,2026-06-01T11:39:44+00:00,0.2678192285086863,0.6007976114268702,0.1313831600644434,neutral,-0.1364360684442429
2026-06-01,DNZEN,KAP,DENİZ EKO ENERJİ VE GERİ DÖNÜŞÜM A.Ş. - Pay Dışında Sermaye Piyasası Aracı İşlemlerine İlişkin Bildirim (Faiz İçeren),DENİZ EKO ENERJİ VE GERİ DÖNÜŞÜM A.Ş. - Pay Dışında Sermaye Piyasası Aracı İşlemlerine İlişkin Bildirim (Faiz İçeren). Pay Dışında Sermaye Piyasası Aracı İşlemlerine İlişkin Bildirim (Faiz İçeren) TRFDEKOK2628 Kodlu Finansman Bonosu İhracı,https://www.kap.org.tr/tr/Bildirim/1611422,tr,2026-06-01T15:13:53+00:00,0.0468469533678334,0.8740875124228199,0.0790655342093467,neutral,0.0322185808415133
2026-06-01,DOGVY,KAP,DOĞRU VARLIK YÖNETİM A.Ş. - Pay Dışında Sermaye Piyasası Aracı İşlemlerine İlişkin Bildirim (Faiz İçeren),DOĞRU VARLIK YÖNETİM A.Ş. - Pay Dışında Sermaye Piyasası Aracı İşlemlerine İlişkin Bildirim (Faiz İçeren). Pay Dışında Sermaye Piyasası Aracı İşlemlerine İlişkin Bildirim (Faiz İçeren) TRFDGRV82617 ISIN Kodlu Finansman Bonosu Kupon Ödeme Bildirimi,https://www.kap.org.tr/tr/Bildirim/1611417,tr,2026-06-01T14:56:35+00:00,0.0450745381081477,0.8983451979729467,0.0565802639189056,neutral,0.0115057258107579
2026-06-01,DOHOL,KAP,DOĞAN ŞİRKETLER GRUBU HOLDİNG A.Ş. - Özel Durum Açıklaması (Genel),"DOĞAN ŞİRKETLER GRUBU HOLDİNG A.Ş. - Özel Durum Açıklaması (Genel). Özel Durum Açıklaması (Genel) Bağlı Ortaklığımız Öncü GSYO'nun, Karel Elektronik'in Tahsisli Sermaye Artırımına İştiraki Hakkında (Güncelleme) KAREL",https://www.kap.org.tr/tr/Bildirim/1611703,tr,2026-06-01T20:04:46+00:00,0.3300546212075615,0.4990766715935967,0.1708687071988416,neutral,-0.1591859140087199
2026-06-01,DUNYH,KAP,DÜNYA HOLDİNG A.Ş. - Genel Kurul İşlemlerine İlişkin Bildirim,DÜNYA HOLDİNG A.Ş. - Genel Kurul İşlemlerine İlişkin Bildirim. Genel Kurul İşlemlerine İlişkin Bildirim 2025 Yılı Olağan Genel Kurulunun Tescili,https://www.kap.org.tr/tr/Bildirim/1611620,tr,2026-06-01T18:07:00+00:00,0.1641114313298821,0.7281116115229548,0.1077769571471631,neutral,-0.0563344741827189
2026-06-01,DUNYH,KAP,DÜNYA HOLDİNG A.Ş. - Bağımsız Denetim Kuruluşunun Belirlenmesi,DÜNYA HOLDİNG A.Ş. - Bağımsız Denetim Kuruluşunun Belirlenmesi. Bağımsız Denetim Kuruluşunun Belirlenmesi 2026 Yılı Bağımsız Denetim Şirketi Seçiminin Tescili,https://www.kap.org.tr/tr/Bildirim/1611623,tr,2026-06-01T18:08:05+00:00,0.0803272336031852,0.8179588534433825,0.1017139129534323,neutral,0.021386679350247
2026-06-01,EBEBK,KAP,EBEBEK MAĞAZACILIK A.Ş. - Şirket Genel Bilgi Formu,EBEBEK MAĞAZACILIK A.Ş. - Şirket Genel Bilgi Formu. Şirket Genel Bilgi Formu,https://www.kap.org.tr/tr/Bildirim/1611672,tr,2026-06-01T18:37:08+00:00,0.136863458654543,0.7449653928321489,0.1181711485133079,neutral,-0.018692310141235
2026-06-01,EBEBK,KAP,EBEBEK MAĞAZACILIK A.Ş. - Özel Durum Açıklaması (Genel),EBEBEK MAĞAZACILIK A.Ş. - Özel Durum Açıklaması (Genel). Özel Durum Açıklaması (Genel) Mayıs 2026 Mağaza Sayısı,https://www.kap.org.tr/tr/Bildirim/1611674,tr,2026-06-01T18:38:06+00:00,0.3860116453480771,0.4958436885842154,0.1181446660677076,neutral,-0.2678669792803695
2026-06-01,ECOGR,KAP,ECOGREEN ENERJİ HOLDİNG A.Ş. - Özel Durum Açıklaması (Genel),ECOGREEN ENERJİ HOLDİNG A.Ş. - Özel Durum Açıklaması (Genel). Özel Durum Açıklaması (Genel) Birleşme İşlemlerine İlişkin Bildirim,https://www.kap.org.tr/tr/Bildirim/1611676,tr,2026-06-01T18:47:45+00:00,0.2956769442529863,0.5468657467230212,0.1574573090239925,neutral,-0.1382196352289937
2026-06-01,ECOGR,KAP,ECOGREEN ENERJİ HOLDİNG A.Ş. - Şirket Genel Bilgi Formu,ECOGREEN ENERJİ HOLDİNG A.Ş. - Şirket Genel Bilgi Formu. Şirket Genel Bilgi Formu,https://www.kap.org.tr/tr/Bildirim/1611678,tr,2026-06-01T18:52:11+00:00,0.12283337517094,0.7464628504994378,0.1307037743296222,neutral,0.0078703991586822
2026-06-01,EKGYO,KAP,EMLAK KONUT GAYRİMENKUL YATIRIM ORTAKLIĞI A.Ş. - Değerleme Raporu,EMLAK KONUT GAYRİMENKUL YATIRIM ORTAKLIĞI A.Ş. - Değerleme Raporu. Değerleme Raporu Hayat Flora Gayrimenkul Değerleme Raporu,https://www.kap.org.tr/tr/Bildirim/1611682,tr,2026-06-01T19:05:46+00:00,0.1377250576083031,0.6914926676666284,0.1707822747250683,neutral,0.0330572171167651
2026-06-01,EKGYO,KAP,EMLAK KONUT GAYRİMENKUL YATIRIM ORTAKLIĞI A.Ş. - Özel Durum Açıklaması (Genel),EMLAK KONUT GAYRİMENKUL YATIRIM ORTAKLIĞI A.Ş. - Özel Durum Açıklaması (Genel). Özel Durum Açıklaması (Genel) İstanbul Hoşdere Emlak Konut Vadi Evleri 1. Etap Kesin Kabul,https://www.kap.org.tr/tr/Bildirim/1611683,tr,2026-06-01T19:06:06+00:00,0.1830494695202752,0.7021126050429417,0.114837925436783,neutral,-0.0682115440834922
2026-06-01,EKGYO,KAP,EMLAK KONUT GAYRİMENKUL YATIRIM ORTAKLIĞI A.Ş. - Özel Durum Açıklaması (Genel),EMLAK KONUT GAYRİMENKUL YATIRIM ORTAKLIĞI A.Ş. - Özel Durum Açıklaması (Genel). Özel Durum Açıklaması (Genel) Kira Sertifikası (Sukuk) İhracı Satışının Tamamlanması,https://www.kap.org.tr/tr/Bildirim/1611684,tr,2026-06-01T19:07:26+00:00,0.1818703586227352,0.727231046498413,0.0908985948788518,neutral,-0.0909717637438833
2026-06-01,EKTVK,KAP,EMLAK KATILIM VARLIK KİRALAMA A.Ş. - Pay Dışında Sermaye Piyasası Aracı İşlemlerine İlişkin Bildirim (Faizsiz),EMLAK KATILIM VARLIK KİRALAMA A.Ş. - Pay Dışında Sermaye Piyasası Aracı İşlemlerine İlişkin Bildirim (Faizsiz). Pay Dışında Sermaye Piyasası Aracı İşlemlerine İlişkin Bildirim (Faizsiz) TRDEVKSE2614 ISIN Kodlu Kira Sertifikası İhracının Nitelikli Yatırımcıya Satışının Tamamlanması Hk. EKT,https://www.kap.org.tr/tr/Bildirim/1611310,tr,2026-06-01T09:36:12+00:00,0.0529807696335345,0.8733784513944023,0.0736407789720631,neutral,0.0206600093385286
2026-06-01,EKTVK,KAP,EMLAK KATILIM VARLIK KİRALAMA A.Ş. - Pay Dışında Sermaye Piyasası Aracı İşlemlerine İlişkin Bildirim (Faizsiz),EMLAK KATILIM VARLIK KİRALAMA A.Ş. - Pay Dışında Sermaye Piyasası Aracı İşlemlerine İlişkin Bildirim (Faizsiz). Pay Dışında Sermaye Piyasası Aracı İşlemlerine İlişkin Bildirim (Faizsiz) Şirketimiz Tarafından İhraç Edilmiş Olan TRDEVKS62612 ISIN Kodlu Kira Sertifikasının İtfası Hk. EKT,https://www.kap.org.tr/tr/Bildirim/1611530,tr,2026-06-01T17:23:31+00:00,0.0588767230378692,0.8644118012400377,0.0767114757220931,neutral,0.0178347526842239
2026-06-01,EMVAR,KAP,EMLAK VARLIK KİRALAMA A.Ş. - Pay Dışında Sermaye Piyasası Aracı İşlemlerine İlişkin Bildirim (Faizsiz),EMLAK VARLIK KİRALAMA A.Ş. - Pay Dışında Sermaye Piyasası Aracı İşlemlerine İlişkin Bildirim (Faizsiz). Pay Dışında Sermaye Piyasası Aracı İşlemlerine İlişkin Bildirim (Faizsiz) TRDEMVK62722 ISIN Kodlu Kira Sertifikası İhracının 4. Kupon Oranının Belirlenmesi Hk. GRFIN,https://www.kap.org.tr/tr/Bildirim/1611520,tr,2026-06-01T17:15:52+00:00,0.0428919307539438,0.896172606016997,0.0609354632290591,neutral,0.0180435324751153
2026-06-01,EMVAR,KAP,EMLAK VARLIK KİRALAMA A.Ş. - Pay Dışında Sermaye Piyasası Aracı İşlemlerine İlişkin Bildirim (Faizsiz),EMLAK VARLIK KİRALAMA A.Ş. - Pay Dışında Sermaye Piyasası Aracı İşlemlerine İlişkin Bildirim (Faizsiz). Pay Dışında Sermaye Piyasası Aracı İşlemlerine İlişkin Bildirim (Faizsiz) TRDEMVK62714 ISIN Kodlu Kira Sertifikası İhracının 4. Kupon Oranının Belirlenmesi Hk. GRFIN,https://www.kap.org.tr/tr/Bildirim/1611521,tr,2026-06-01T17:16:39+00:00,0.0428919307539438,0.896172606016997,0.0609354632290591,neutral,0.0180435324751153
2026-06-01,EMVAR,KAP,EMLAK VARLIK KİRALAMA A.Ş. - Pay Dışında Sermaye Piyasası Aracı İşlemlerine İlişkin Bildirim (Faizsiz),EMLAK VARLIK KİRALAMA A.Ş. - Pay Dışında Sermaye Piyasası Aracı İşlemlerine İlişkin Bildirim (Faizsiz). Pay Dışında Sermaye Piyasası Aracı İşlemlerine İlişkin Bildirim (Faizsiz) TRDEMVK32717 ISIN Kodlu Kira Sertifikasının 9. Dönemsel Getiri Ödemesi Hk. GRFIN,https://www.kap.org.tr/tr/Bildirim/1611529,tr,2026-06-01T17:22:31+00:00,0.0624407740556177,0.8552296079432001,0.0823296180011821,neutral,0.0198888439455644
2026-06-01,ETYAT,KAP,EURO TREND YATIRIM ORTAKLIĞI A.Ş. - Özel Durum Açıklaması (Genel),"EURO TREND YATIRIM ORTAKLIĞI A.Ş. - Özel Durum Açıklaması (Genel). Özel Durum Açıklaması (Genel) BİAŞ'da oluşan ağırlıklı ortalama fiyatın,pay başına net aktif değerin 2 katını aşması",https://www.kap.org.tr/tr/Bildirim/1611487,tr,2026-06-01T16:48:06+00:00,0.2036970678701662,0.6897426982745436,0.1065602338552901,neutral,-0.097136834014876
2026-06-01,ETYAT,KAP,EURO TREND YATIRIM ORTAKLIĞI A.Ş. - Haftalık Rapor,EURO TREND YATIRIM ORTAKLIĞI A.Ş. - Haftalık Rapor. Haftalık Rapor 26.05.2026 Tarihli Kağıt Bazlı Haftalık Rapor,https://www.kap.org.tr/tr/Bildirim/1611488,tr,2026-06-01T16:48:17+00:00,0.0766228562862064,0.8228106930024696,0.1005664507113239,neutral,0.0239435944251175
2026-06-01,EUKYO,KAP,EURO KAPİTAL YATIRIM ORTAKLIĞI A.Ş. - Özel Durum Açıklaması (Genel),"EURO KAPİTAL YATIRIM ORTAKLIĞI A.Ş. - Özel Durum Açıklaması (Genel). Özel Durum Açıklaması (Genel) BİAŞ'da oluşan ağırlıklı ortalama fiyatın,pay başına net aktif değerin 2 katını aşması",https://www.kap.org.tr/tr/Bildirim/1611491,tr,2026-06-01T16:50:59+00:00,0.2036970678701662,0.6897426982745436,0.1065602338552901,neutral,-0.097136834014876
2026-06-01,EUKYO,KAP,EURO KAPİTAL YATIRIM ORTAKLIĞI A.Ş. - Haftalık Rapor,EURO KAPİTAL YATIRIM ORTAKLIĞI A.Ş. - Haftalık Rapor. Haftalık Rapor 26.05.2026 Tarihli Kağıt Bazlı Haftalık Rapor,https://www.kap.org.tr/tr/Bildirim/1611492,tr,2026-06-01T16:51:09+00:00,0.0766228562862064,0.8228106930024696,0.1005664507113239,neutral,0.0239435944251175
2026-06-01,EUYO,KAP,EURO MENKUL KIYMET YATIRIM ORTAKLIĞI A.Ş. - Özel Durum Açıklaması (Genel),"EURO MENKUL KIYMET YATIRIM ORTAKLIĞI A.Ş. - Özel Durum Açıklaması (Genel). Özel Durum Açıklaması (Genel) BİAŞ'da oluşan ağırlıklı ortalama fiyatın,pay başına net aktif değerin 2 katını aşması",https://www.kap.org.tr/tr/Bildirim/1611485,tr,2026-06-01T16:46:27+00:00,0.1926719590356213,0.7053067938395009,0.1020212471248777,neutral,-0.0906507119107435
2026-06-01,EUYO,KAP,EURO MENKUL KIYMET YATIRIM ORTAKLIĞI A.Ş. - Haftalık Rapor,EURO MENKUL KIYMET YATIRIM ORTAKLIĞI A.Ş. - Haftalık Rapor. Haftalık Rapor 26.05.2026 Tarihli Kağıt Bazlı Haftalık Rapor,https://www.kap.org.tr/tr/Bildirim/1611486,tr,2026-06-01T16:46:38+00:00,0.0717449525265542,0.8332614653882983,0.0949935820851474,neutral,0.0232486295585932
2026-06-01,EXIMB,KAP,TÜRKİYE İHRACAT KREDİ BANKASI A.Ş. - Pay Dışında Sermaye Piyasası Aracı İşlemlerine İlişkin Bildirim (Faiz İçeren),TÜRKİYE İHRACAT KREDİ BANKASI A.Ş. - Pay Dışında Sermaye Piyasası Aracı İşlemlerine İlişkin Bildirim (Faiz İçeren). Pay Dışında Sermaye Piyasası Aracı İşlemlerine İlişkin Bildirim (Faiz İçeren) GMTN programı çerçevesinde yurt dışında borçlanma aracı ihracı,https://www.kap.org.tr/tr/Bildirim/1611497,tr,2026-06-01T16:55:08+00:00,0.0506682330275505,0.8830246987477014,0.0663070682247481,neutral,0.0156388351971976
2026-06-01,FADE,KAP,FADE GIDA YATIRIM SANAYİ TİCARET A.Ş. - Şirket Genel Bilgi Formu,FADE GIDA YATIRIM SANAYİ TİCARET A.Ş. - Şirket Genel Bilgi Formu. Şirket Genel Bilgi Formu,https://www.kap.org.tr/tr/Bildirim/1611523,tr,2026-06-01T17:17:30+00:00,0.0888676390664336,0.8192396511331443,0.0918927098004218,neutral,0.0030250707339881
2026-06-01,FIN,KAP,QNB BANK A.Ş. - Özel Durum Açıklaması (Genel),QNB BANK A.Ş. - Özel Durum Açıklaması (Genel). Özel Durum Açıklaması (Genel) Takipteki Kredi Portföyünden Satış,https://www.kap.org.tr/tr/Bildirim/1611339,tr,2026-06-01T10:22:47+00:00,0.3515728151444145,0.5307117526552876,0.1177154322002979,neutral,-0.2338573829441166
2026-06-01,FIN,KAP,QNB BANK A.Ş. - Pay Dışında Sermaye Piyasası Aracı İşlemlerine İlişkin Bildirim (Faiz İçeren),QNB BANK A.Ş. - Pay Dışında Sermaye Piyasası Aracı İşlemlerine İlişkin Bildirim (Faiz İçeren). Pay Dışında Sermaye Piyasası Aracı İşlemlerine İlişkin Bildirim (Faiz İçeren) MTN programı kapsamında yurtdışında ihraç edilen borçlanma aracının ihracı,https://www.kap.org.tr/tr/Bildirim/1611429,tr,2026-06-01T15:23:27+00:00,0.0463639491848416,0.8924713072599151,0.0611647435552432,neutral,0.0148007943704016
2026-06-01,FORTE,KAP,FORTE BİLGİ İLETİŞİM TEKNOLOJİLERİ VE SAVUNMA SANAYİ A.Ş. - Yeni İş İlişkisi,FORTE BİLGİ İLETİŞİM TEKNOLOJİLERİ VE SAVUNMA SANAYİ A.Ş. - Yeni İş İlişkisi. Yeni İş İlişkisi T.C. Milli Eğitim Bakanlığı İhale Sonucu,https://www.kap.org.tr/tr/Bildirim/1611370,tr,2026-06-01T11:43:26+00:00,0.0817143916181878,0.1388759345361754,0.7794096738456369,positive,0.697695282227449
2026-06-01,GRNYO,KAP,GARANTİ YATIRIM ORTAKLIĞI A.Ş. - Haftalık Rapor,GARANTİ YATIRIM ORTAKLIĞI A.Ş. - Haftalık Rapor. Haftalık Rapor 26.05.2026 tarihli haftalık rapordur.,https://www.kap.org.tr/tr/Bildirim/1611358,tr,2026-06-01T11:20:54+00:00,0.0797401796644559,0.8131060039060708,0.1071538164294732,neutral,0.0274136367650172
2026-06-01,GRNYO,KAP,GARANTİ YATIRIM ORTAKLIĞI A.Ş. - Özel Durum Açıklaması (Genel),"GARANTİ YATIRIM ORTAKLIĞI A.Ş. - Özel Durum Açıklaması (Genel). Özel Durum Açıklaması (Genel) Paylarının BİAŞ'ta oluşan ağırlıklı ortalama fiyatının, pay başına net aktif değerinin 2 katını aşması hakkında.",https://www.kap.org.tr/tr/Bildirim/1611359,tr,2026-06-01T11:21:05+00:00,0.1608137870998377,0.735047836946236,0.1041383759539263,neutral,-0.0566754111459113
2026-06-01,GRNYO,KAP,GARANTİ YATIRIM ORTAKLIĞI A.Ş. - Özel Durum Açıklaması (Genel),GARANTİ YATIRIM ORTAKLIĞI A.Ş. - Özel Durum Açıklaması (Genel). Özel Durum Açıklaması (Genel) Rota Portföy Yönetimi A.Ş.ile Portföy Yönetim Sözleşmesi Düzenlenmesi,https://www.kap.org.tr/tr/Bildirim/1611431,tr,2026-06-01T15:34:33+00:00,0.2294385880745889,0.6205088136285232,0.1500525982968879,neutral,-0.0793859897777009
2026-06-01,GUNDG,KAP,GÜNDOĞDU GIDA SÜT ÜRÜNLERİ SANAYİ VE DIŞ TİCARET A.Ş. - Özel Durum Açıklaması (Genel),GÜNDOĞDU GIDA SÜT ÜRÜNLERİ SANAYİ VE DIŞ TİCARET A.Ş. - Özel Durum Açıklaması (Genel). Özel Durum Açıklaması (Genel) Yatırımcı İlişkileri Bölüm Yöneticisi Ataması,https://www.kap.org.tr/tr/Bildirim/1611341,tr,2026-06-01T10:40:43+00:00,0.2003769345207131,0.7053648942602542,0.0942581712190327,neutral,-0.1061187633016803
2026-06-01,GUNDG,KAP,GÜNDOĞDU GIDA SÜT ÜRÜNLERİ SANAYİ VE DIŞ TİCARET A.Ş. - Kurumsal Yönetim Bilgi Formu (Güncelleme) - Yönetim Kurulu-2,GÜNDOĞDU GIDA SÜT ÜRÜNLERİ SANAYİ VE DIŞ TİCARET A.Ş. - Kurumsal Yönetim Bilgi Formu (Güncelleme) - Yönetim Kurulu-2. Kurumsal Yönetim Bilgi Formu (Güncelleme) - Yönetim Kurulu-2 Güncelleme,https://www.kap.org.tr/tr/Bildirim/1611342,tr,2026-06-01T10:41:08+00:00,0.140264921782272,0.7129308524263003,0.1468042257914279,neutral,0.0065393040091558
2026-06-01,GUNDG,KAP,GÜNDOĞDU GIDA SÜT ÜRÜNLERİ SANAYİ VE DIŞ TİCARET A.Ş. - Şirket Genel Bilgi Formu,GÜNDOĞDU GIDA SÜT ÜRÜNLERİ SANAYİ VE DIŞ TİCARET A.Ş. - Şirket Genel Bilgi Formu. Şirket Genel Bilgi Formu,https://www.kap.org.tr/tr/Bildirim/1611344,tr,2026-06-01T10:41:57+00:00,0.0803270835069044,0.8380551496313353,0.0816177668617602,neutral,0.0012906833548558
2026-06-01,GUNDG,KAP,GÜNDOĞDU GIDA SÜT ÜRÜNLERİ SANAYİ VE DIŞ TİCARET A.Ş. - Esas Sözleşme Tadili,GÜNDOĞDU GIDA SÜT ÜRÜNLERİ SANAYİ VE DIŞ TİCARET A.Ş. - Esas Sözleşme Tadili. Esas Sözleşme Tadili Yatırımlar Holding Yapısına Dönüşüm Amacıyla Esas Sözleşme Tadiline İlişkin SPK Başvurusu,https://www.kap.org.tr/tr/Bildirim/1611714,tr,2026-06-01T20:40:31+00:00,0.1071736052454682,0.726106358736775,0.1667200360177567,neutral,0.0595464307722884
2026-06-01,HEDEF,KAP,HEDEF HOLDİNG A.Ş. - Sermaye Artırımı - Azaltımı İşlemlerine İlişkin Bildirim,HEDEF HOLDİNG A.Ş. - Sermaye Artırımı - Azaltımı İşlemlerine İlişkin Bildirim. Sermaye Artırımı - Azaltımı İşlemlerine İlişkin Bildirim Bedelsiz Sermaye Artırımı Kapsamında Payların Dağıtım Tarihine İlişkin Bildirim Hk.,https://www.kap.org.tr/tr/Bildirim/1611434,tr,2026-06-01T15:43:02+00:00,0.0829089824452122,0.1546375502193399,0.7624534673354477,positive,0.6795444848902354
2026-06-01,HLVKS,KAP,HALK VARLIK KİRALAMA A.Ş. - Pay Dışında Sermaye Piyasası Aracı İşlemlerine İlişkin Bildirim (Faizsiz),HALK VARLIK KİRALAMA A.Ş. - Pay Dışında Sermaye Piyasası Aracı İşlemlerine İlişkin Bildirim (Faizsiz). Pay Dışında Sermaye Piyasası Aracı İşlemlerine İlişkin Bildirim (Faizsiz) TRDHVKA32715 ISIN Kodlu Kira Sertifikası İhracının 1. Kupon Oranının Belirlenmesi Hk. HALKF,https://www.kap.org.tr/tr/Bildirim/1611631,tr,2026-06-01T18:16:06+00:00,0.0411209852589686,0.8998647606745834,0.0590142540664479,neutral,0.0178932688074793
2026-06-01,IMASM,KAP,İMAŞ MAKİNA SANAYİ A.Ş. - Sermaye Artırımı - Azaltımı İşlemlerine İlişkin Bildirim,İMAŞ MAKİNA SANAYİ A.Ş. - Sermaye Artırımı - Azaltımı İşlemlerine İlişkin Bildirim. Sermaye Artırımı - Azaltımı İşlemlerine İlişkin Bildirim Sermaye Artırımına İlişkin SPK Başvurusu Hk.,https://www.kap.org.tr/tr/Bildirim/1611655,tr,2026-06-01T18:23:18+00:00,0.1093969414693993,0.3318535185747612,0.5587495399558394,positive,0.44935259848644
2026-06-01,IMASM,KAP,İMAŞ MAKİNA SANAYİ A.Ş. - İzahname (SPK Onayına Sunulan),İMAŞ MAKİNA SANAYİ A.Ş. - İzahname (SPK Onayına Sunulan). İzahname (SPK Onayına Sunulan) Sermaye Artırımı Başvurusu Kapsamında SPK Onayına Sunulan Taslak İzahname,https://www.kap.org.tr/tr/Bildirim/1611658,tr,2026-06-01T18:26:44+00:00,0.1499530538201614,0.6429124563708251,0.2071344898090135,neutral,0.057181435988852
2026-06-01,IMASM,KAP,İMAŞ MAKİNA SANAYİ A.Ş. - Sermaye Artırımından Elde Edilecek - Edilen Fonun Kullanımına İlişkin Rapor,İMAŞ MAKİNA SANAYİ A.Ş. - Sermaye Artırımından Elde Edilecek - Edilen Fonun Kullanımına İlişkin Rapor. Sermaye Artırımından Elde Edilecek - Edilen Fonun Kullanımına İlişkin Rapor Sermaye Artırımından Elde Edilecek Fonun Kullanımına İlişkin Rapor,https://www.kap.org.tr/tr/Bildirim/1611659,tr,2026-06-01T18:27:18+00:00,0.1185513964692265,0.7307532185748219,0.1506953849559516,neutral,0.032143988486725
2026-06-01,INDES,KAP,İNDEKS BİLGİSAYAR SİSTEMLERİ MÜHENDİSLİK SANAYİ VE TİCARET A.Ş. - Özel Durum Açıklaması (Genel),İNDEKS BİLGİSAYAR SİSTEMLERİ MÜHENDİSLİK SANAYİ VE TİCARET A.Ş. - Özel Durum Açıklaması (Genel). Özel Durum Açıklaması (Genel) Ankara şube adres değişikliği hakkında,https://www.kap.org.tr/tr/Bildirim/1611354,tr,2026-06-01T11:07:37+00:00,0.2378846532969298,0.6263549331882918,0.1357604135147783,neutral,-0.1021242397821514
2026-06-01,INFO,KAP,İNFO YATIRIM MENKUL DEĞERLER A.Ş. - Yatırım Kuruluşu Varant - Sertifika - Senetlerine İlişkin Bildirim,İNFO YATIRIM MENKUL DEĞERLER A.Ş. - Yatırım Kuruluşu Varant - Sertifika - Senetlerine İlişkin Bildirim. Yatırım Kuruluşu Varant - Sertifika - Senetlerine İlişkin Bildirim İnfo Yatırım Varantları Piyasa Yapıcı Alım Satım İşlemleri Bildirimi,https://www.kap.org.tr/tr/Bildirim/1611406,tr,2026-06-01T14:26:03+00:00,0.0947919096752065,0.7877059355826393,0.1175021547421541,neutral,0.0227102450669475
2026-06-01,INFO,KAP,İNFO YATIRIM MENKUL DEĞERLER A.Ş. - Yatırım Kuruluşu Varant - Sertifika - Senetlerine İlişkin Bildirim,İNFO YATIRIM MENKUL DEĞERLER A.Ş. - Yatırım Kuruluşu Varant - Sertifika - Senetlerine İlişkin Bildirim. Yatırım Kuruluşu Varant - Sertifika - Senetlerine İlişkin Bildirim 26.05.2026 Vadeli Varantların İtfası,https://www.kap.org.tr/tr/Bildirim/1611506,tr,2026-06-01T17:08:31+00:00,0.0845759418079724,0.8040808527820067,0.1113432054100208,neutral,0.0267672636020483
2026-06-01,ISFIN,KAP,İŞ FİNANSAL KİRALAMA A.Ş. - Kredi Derecelendirmesi,İŞ FİNANSAL KİRALAMA A.Ş. - Kredi Derecelendirmesi. Kredi Derecelendirmesi Kredi Derecelendirme Notu Hakkında,https://www.kap.org.tr/tr/Bildirim/1611598,tr,2026-06-01T17:55:37+00:00,0.1322273069606301,0.7221083762581829,0.1456643167811868,neutral,0.0134370098205567
2026-06-01,ISMEN,KAP,İŞ YATIRIM MENKUL DEĞERLER A.Ş. - Yatırım Kuruluşu Varant - Sertifika - Senetlerine İlişkin Bildirim,İŞ YATIRIM MENKUL DEĞERLER A.Ş. - Yatırım Kuruluşu Varant - Sertifika - Senetlerine İlişkin Bildirim. Yatırım Kuruluşu Varant - Sertifika - Senetlerine İlişkin Bildirim İş Yatırım Aracı Kuruluş Varantlarının İtfa Bildirimi,https://www.kap.org.tr/tr/Bildirim/1611355,tr,2026-06-01T11:08:28+00:00,0.0996503754324761,0.7889265663464861,0.1114230582210378,neutral,0.0117726827885616
2026-06-01,ISMEN,KAP,İŞ YATIRIM MENKUL DEĞERLER A.Ş. - Piyasa Yapıcılığı Kapsamında Gerçekleştirilen İşlemler Bildirimi,İŞ YATIRIM MENKUL DEĞERLER A.Ş. - Piyasa Yapıcılığı Kapsamında Gerçekleştirilen İşlemler Bildirimi. Piyasa Yapıcılığı Kapsamında Gerçekleştirilen İşlemler Bildirimi Borsa Yatırım Fonu Piyasa Yapıcılığı İşlemleri ISGLK,https://www.kap.org.tr/tr/Bildirim/1611546,tr,2026-06-01T17:25:11+00:00,0.1089235163408319,0.7776769728658276,0.1133995107933403,neutral,0.0044759944525084
2026-06-01,ISMEN,KAP,İŞ YATIRIM MENKUL DEĞERLER A.Ş. - Yatırım Kuruluşu Varant - Sertifika - Senetlerine İlişkin Bildirim,İŞ YATIRIM MENKUL DEĞERLER A.Ş. - Yatırım Kuruluşu Varant - Sertifika - Senetlerine İlişkin Bildirim. Yatırım Kuruluşu Varant - Sertifika - Senetlerine İlişkin Bildirim İş Yatırım Sertifika ve Varant Alım Satım İşlemleri,https://www.kap.org.tr/tr/Bildirim/1611605,tr,2026-06-01T17:57:49+00:00,0.0895846613283037,0.7899223826599613,0.1204929560117349,neutral,0.0309082946834312
2026-06-01,ISMEN,KAP,İŞ YATIRIM MENKUL DEĞERLER A.Ş. - Pay Dışında Sermaye Piyasası Aracı İşlemlerine İlişkin Bildirim (Faiz İçeren),İŞ YATIRIM MENKUL DEĞERLER A.Ş. - Pay Dışında Sermaye Piyasası Aracı İşlemlerine İlişkin Bildirim (Faiz İçeren). Pay Dışında Sermaye Piyasası Aracı İşlemlerine İlişkin Bildirim (Faiz İçeren) 01.06.2026 Vadeli Borçlanma Aracının İtfası,https://www.kap.org.tr/tr/Bildirim/1611619,tr,2026-06-01T18:06:56+00:00,0.0365600381757814,0.9095880320590134,0.053851929765205,neutral,0.0172918915894235
2026-06-01,ISYAT,KAP,İŞ YATIRIM ORTAKLIĞI A.Ş. - Haftalık Rapor,İŞ YATIRIM ORTAKLIĞI A.Ş. - Haftalık Rapor. Haftalık Rapor 26.05.2026 Tarihli Haftalık Rapor,https://www.kap.org.tr/tr/Bildirim/1611590,tr,2026-06-01T17:44:33+00:00,0.0751373719245844,0.8264431044411752,0.0984195236342403,neutral,0.0232821517096559
2026-06-01,IYF,KAP,İNFO YATIRIM MENKUL DEĞERLER A.Ş. - Yatırım Kuruluşu Varant - Sertifika - Senetlerine İlişkin Bildirim,İNFO YATIRIM MENKUL DEĞERLER A.Ş. - Yatırım Kuruluşu Varant - Sertifika - Senetlerine İlişkin Bildirim. Yatırım Kuruluşu Varant - Sertifika - Senetlerine İlişkin Bildirim İnfo Yatırım Varantları Piyasa Yapıcı Alım Satım İşlemleri Bildirimi,https://www.kap.org.tr/tr/Bildirim/1611406,tr,2026-06-01T14:26:03+00:00,0.0947919096752065,0.7877059355826393,0.1175021547421541,neutral,0.0227102450669475
2026-06-01,IYF,KAP,İNFO YATIRIM MENKUL DEĞERLER A.Ş. - Yatırım Kuruluşu Varant - Sertifika - Senetlerine İlişkin Bildirim,İNFO YATIRIM MENKUL DEĞERLER A.Ş. - Yatırım Kuruluşu Varant - Sertifika - Senetlerine İlişkin Bildirim. Yatırım Kuruluşu Varant - Sertifika - Senetlerine İlişkin Bildirim 26.05.2026 Vadeli Varantların İtfası,https://www.kap.org.tr/tr/Bildirim/1611506,tr,2026-06-01T17:08:31+00:00,0.0845759418079724,0.8040808527820067,0.1113432054100208,neutral,0.0267672636020483
2026-06-01,IYM,KAP,İŞ YATIRIM MENKUL DEĞERLER A.Ş. - Yatırım Kuruluşu Varant - Sertifika - Senetlerine İlişkin Bildirim,İŞ YATIRIM MENKUL DEĞERLER A.Ş. - Yatırım Kuruluşu Varant - Sertifika - Senetlerine İlişkin Bildirim. Yatırım Kuruluşu Varant - Sertifika - Senetlerine İlişkin Bildirim İş Yatırım Aracı Kuruluş Varantlarının İtfa Bildirimi,https://www.kap.org.tr/tr/Bildirim/1611355,tr,2026-06-01T11:08:28+00:00,0.0996503754324761,0.7889265663464861,0.1114230582210378,neutral,0.0117726827885616
2026-06-01,IYM,KAP,İŞ YATIRIM MENKUL DEĞERLER A.Ş. - Piyasa Yapıcılığı Kapsamında Gerçekleştirilen İşlemler Bildirimi,İŞ YATIRIM MENKUL DEĞERLER A.Ş. - Piyasa Yapıcılığı Kapsamında Gerçekleştirilen İşlemler Bildirimi. Piyasa Yapıcılığı Kapsamında Gerçekleştirilen İşlemler Bildirimi Borsa Yatırım Fonu Piyasa Yapıcılığı İşlemleri ISGLK,https://www.kap.org.tr/tr/Bildirim/1611546,tr,2026-06-01T17:25:11+00:00,0.1089235163408319,0.7776769728658276,0.1133995107933403,neutral,0.0044759944525084
2026-06-01,IYM,KAP,İŞ YATIRIM MENKUL DEĞERLER A.Ş. - Yatırım Kuruluşu Varant - Sertifika - Senetlerine İlişkin Bildirim,İŞ YATIRIM MENKUL DEĞERLER A.Ş. - Yatırım Kuruluşu Varant - Sertifika - Senetlerine İlişkin Bildirim. Yatırım Kuruluşu Varant - Sertifika - Senetlerine İlişkin Bildirim İş Yatırım Sertifika ve Varant Alım Satım İşlemleri,https://www.kap.org.tr/tr/Bildirim/1611605,tr,2026-06-01T17:57:49+00:00,0.0895846613283037,0.7899223826599613,0.1204929560117349,neutral,0.0309082946834312
2026-06-01,IYM,KAP,İŞ YATIRIM MENKUL DEĞERLER A.Ş. - Pay Dışında Sermaye Piyasası Aracı İşlemlerine İlişkin Bildirim (Faiz İçeren),İŞ YATIRIM MENKUL DEĞERLER A.Ş. - Pay Dışında Sermaye Piyasası Aracı İşlemlerine İlişkin Bildirim (Faiz İçeren). Pay Dışında Sermaye Piyasası Aracı İşlemlerine İlişkin Bildirim (Faiz İçeren) 01.06.2026 Vadeli Borçlanma Aracının İtfası,https://www.kap.org.tr/tr/Bildirim/1611619,tr,2026-06-01T18:06:56+00:00,0.0365600381757814,0.9095880320590134,0.053851929765205,neutral,0.0172918915894235
2026-06-01,KAREL,KAP,KAREL ELEKTRONİK SANAYİ VE TİCARET A.Ş. - Sermaye Artırımından Elde Edilecek - Edilen Fonun Kullanımına İlişkin Rapor,KAREL ELEKTRONİK SANAYİ VE TİCARET A.Ş. - Sermaye Artırımından Elde Edilecek - Edilen Fonun Kullanımına İlişkin Rapor. Sermaye Artırımından Elde Edilecek - Edilen Fonun Kullanımına İlişkin Rapor Tahsisli Sermaye Artırımından Sağlanacak Fonların Kullanım Yeri Raporu,https://www.kap.org.tr/tr/Bildirim/1611686,tr,2026-06-01T19:26:48+00:00,0.1089512023157037,0.7582563230669559,0.1327924746173405,neutral,0.0238412723016368
2026-06-01,KAYSE,KAP,KAYSERİ ŞEKER FABRİKASI A.Ş. - Özel Durum Açıklaması (Genel),KAYSERİ ŞEKER FABRİKASI A.Ş. - Özel Durum Açıklaması (Genel). Özel Durum Açıklaması (Genel) Yönetici Sorumluluk Sigortası,https://www.kap.org.tr/tr/Bildirim/1611517,tr,2026-06-01T17:14:27+00:00,0.4094159760818135,0.4694910232227509,0.1210930006954355,neutral,-0.2883229753863779
2026-06-01,KCAER,KAP,KOCAER ÇELİK SANAYİ VE TİCARET A.Ş. - Özel Durum Açıklaması (Genel),KOCAER ÇELİK SANAYİ VE TİCARET A.Ş. - Özel Durum Açıklaması (Genel). Özel Durum Açıklaması (Genel) Genel Müdür Atama,https://www.kap.org.tr/tr/Bildirim/1611283,tr,2026-06-01T08:44:04+00:00,0.2468231765975588,0.6444959440128591,0.108680879389582,neutral,-0.1381422972079768
2026-06-01,KCAER,KAP,KOCAER ÇELİK SANAYİ VE TİCARET A.Ş. - Şirket Genel Bilgi Formu,KOCAER ÇELİK SANAYİ VE TİCARET A.Ş. - Şirket Genel Bilgi Formu. Şirket Genel Bilgi Formu,https://www.kap.org.tr/tr/Bildirim/1611285,tr,2026-06-01T08:59:25+00:00,0.086768304480511,0.8132152128396466,0.1000164826798422,neutral,0.0132481781993311
2026-06-01,KIMMR,KAP,ERSAN ALIŞVERİŞ HİZMETLERİ VE GIDA SANAYİ TİCARET A.Ş. - Esas Sözleşme,ERSAN ALIŞVERİŞ HİZMETLERİ VE GIDA SANAYİ TİCARET A.Ş. - Esas Sözleşme. Esas Sözleşme Esas Sözleşmenin Güncel Hali,https://www.kap.org.tr/tr/Bildirim/1611281,tr,2026-06-01T00:38:13+00:00,0.107188918847722,0.7216308805331836,0.1711802006190944,neutral,0.0639912817713724
2026-06-01,KLGYO,KAP,KİLER GAYRİMENKUL YATIRIM ORTAKLIĞI A.Ş. - Esas Sözleşme,KİLER GAYRİMENKUL YATIRIM ORTAKLIĞI A.Ş. - Esas Sözleşme. Esas Sözleşme Esas Sözleşme,https://www.kap.org.tr/tr/Bildirim/1611705,tr,2026-06-01T20:08:37+00:00,0.1023758235006244,0.7216861429230176,0.175938033576358,neutral,0.0735622100757335
2026-06-01,KMPUR,KAP,KİMTEKS POLİÜRETAN SANAYİ VE TİCARET A.Ş. - Kurumsal Yönetim İlkelerine Uyum Derecelendirmesi,KİMTEKS POLİÜRETAN SANAYİ VE TİCARET A.Ş. - Kurumsal Yönetim İlkelerine Uyum Derecelendirmesi. Kurumsal Yönetim İlkelerine Uyum Derecelendirmesi Kurumsal Yönetim İlkelerine Uyum Derecelendirme Sözleşmesinin Yenilenmesi,https://www.kap.org.tr/tr/Bildirim/1611360,tr,2026-06-01T11:22:39+00:00,0.1596144436185789,0.6355750896934663,0.2048104666879546,neutral,0.0451960230693757
2026-06-01,KNTFA,KAP,KENT FİNANS FAKTORİNG A.Ş. - Pay Dışında Sermaye Piyasası Aracı İşlemlerine İlişkin Bildirim (Faiz İçeren),KENT FİNANS FAKTORİNG A.Ş. - Pay Dışında Sermaye Piyasası Aracı İşlemlerine İlişkin Bildirim (Faiz İçeren). Pay Dışında Sermaye Piyasası Aracı İşlemlerine İlişkin Bildirim (Faiz İçeren) Kupon Faiz Oranının Belirlenmesi Hk.,https://www.kap.org.tr/tr/Bildirim/1611551,tr,2026-06-01T17:30:05+00:00,0.0367070525030895,0.9091292230904818,0.0541637244064285,neutral,0.0174566719033389
2026-06-01,KONKA,KAP,KONYA KAĞIT SANAYİ VE TİCARET A.Ş. - Genel Kurul İşlemlerine İlişkin Bildirim,KONYA KAĞIT SANAYİ VE TİCARET A.Ş. - Genel Kurul İşlemlerine İlişkin Bildirim. Genel Kurul İşlemlerine İlişkin Bildirim 2025 Yılı Olağan Genel Kurul Kararlarının Tescili Hakkında,https://www.kap.org.tr/tr/Bildirim/1611515,tr,2026-06-01T17:13:07+00:00,0.1291742415248229,0.7774431758516315,0.0933825826235455,neutral,-0.0357916589012773
2026-06-01,KONKA,KAP,KONYA KAĞIT SANAYİ VE TİCARET A.Ş. - Kayıtlı Sermaye Tavanı İşlemlerine İlişkin Bildirim,KONYA KAĞIT SANAYİ VE TİCARET A.Ş. - Kayıtlı Sermaye Tavanı İşlemlerine İlişkin Bildirim. Kayıtlı Sermaye Tavanı İşlemlerine İlişkin Bildirim Kayıtlı Sermaye Tavan Artırımı ve Geçerlilik Süresine İlişkin Genel Kurul Kararının Tescili Hakkında,https://www.kap.org.tr/tr/Bildirim/1611553,tr,2026-06-01T17:34:02+00:00,0.0966869038036897,0.3431523381995505,0.5601607579967598,positive,0.46347385419307
2026-06-01,KONKA,KAP,KONYA KAĞIT SANAYİ VE TİCARET A.Ş. - Sermaye Artırımı - Azaltımı İşlemlerine İlişkin Bildirim,KONYA KAĞIT SANAYİ VE TİCARET A.Ş. - Sermaye Artırımı - Azaltımı İşlemlerine İlişkin Bildirim. Sermaye Artırımı - Azaltımı İşlemlerine İlişkin Bildirim Bedelsiz Sermaye Artırımına İlişkin Esas Sözleşme Tescili,https://www.kap.org.tr/tr/Bildirim/1611555,tr,2026-06-01T17:34:58+00:00,0.0591049415109246,0.2403644981483294,0.7005305603407459,positive,0.6414256188298213
2026-06-01,KONKA,KAP,KONYA KAĞIT SANAYİ VE TİCARET A.Ş. - Kar Payı Dağıtım İşlemlerine İlişkin Bildirim,KONYA KAĞIT SANAYİ VE TİCARET A.Ş. - Kar Payı Dağıtım İşlemlerine İlişkin Bildirim. Kar Payı Dağıtım İşlemlerine İlişkin Bildirim 2025 Yılı Kar Payı Dağıtım Kararının Tescili Hakkında,https://www.kap.org.tr/tr/Bildirim/1611556,tr,2026-06-01T17:35:31+00:00,0.0928167156019687,0.047588431163963,0.859594853234068,positive,0.7667781376320992
2026-06-01,KONKA,KAP,KONYA KAĞIT SANAYİ VE TİCARET A.Ş. - Bağımsız Denetim Kuruluşunun Belirlenmesi,KONYA KAĞIT SANAYİ VE TİCARET A.Ş. - Bağımsız Denetim Kuruluşunun Belirlenmesi. Bağımsız Denetim Kuruluşunun Belirlenmesi 01.01.2026 - 31.12.2026 Hesap Dönemi Bağımsız Denetim Kuruluşu Seçiminin Tescili,https://www.kap.org.tr/tr/Bildirim/1611563,tr,2026-06-01T17:36:26+00:00,0.0728783576116252,0.8133719198433906,0.1137497225449841,neutral,0.0408713649333589
2026-06-01,KOTON,KAP,KOTON MAĞAZACILIK TEKSTİL SANAYİ VE TİCARET A.Ş. - Bağımsız Denetim Kuruluşunun Belirlenmesi,KOTON MAĞAZACILIK TEKSTİL SANAYİ VE TİCARET A.Ş. - Bağımsız Denetim Kuruluşunun Belirlenmesi. Bağımsız Denetim Kuruluşunun Belirlenmesi Bağımsız Denetim Kuruluşunun Belirlenmesi,https://www.kap.org.tr/tr/Bildirim/1611432,tr,2026-06-01T15:39:19+00:00,0.0636725879379349,0.8570095834011295,0.0793178286609355,neutral,0.0156452407230005
2026-06-01,KTLEV,KAP,KATILIMEVİM TASARRUF FİNANSMAN A.Ş. - Özel Durum Açıklaması (Genel),KATILIMEVİM TASARRUF FİNANSMAN A.Ş. - Özel Durum Açıklaması (Genel). Özel Durum Açıklaması (Genel) Mayıs 2026 Aylık Gerçekleşen Sözleşme Büyüklüğü,https://www.kap.org.tr/tr/Bildirim/1611347,tr,2026-06-01T10:45:10+00:00,0.3560587482048781,0.5165663728265888,0.1273748789685331,neutral,-0.2286838692363449
2026-06-01,KTLEV,KAP,KATILIMEVİM TASARRUF FİNANSMAN A.Ş. - Özel Durum Açıklaması (Genel),KATILIMEVİM TASARRUF FİNANSMAN A.Ş. - Özel Durum Açıklaması (Genel). Özel Durum Açıklaması (Genel) Karaman Şube Açılışı Hk.,https://www.kap.org.tr/tr/Bildirim/1611552,tr,2026-06-01T17:30:31+00:00,0.3915937676577516,0.4867207601661891,0.1216854721760591,neutral,-0.2699082954816924
2026-06-01,KTSVK,KAP,KT SUKUK VARLIK KİRALAMA A.Ş. - Pay Dışında Sermaye Piyasası Aracı İşlemlerine İlişkin Bildirim (Faizsiz),KT SUKUK VARLIK KİRALAMA A.Ş. - Pay Dışında Sermaye Piyasası Aracı İşlemlerine İlişkin Bildirim (Faizsiz). Pay Dışında Sermaye Piyasası Aracı İşlemlerine İlişkin Bildirim (Faizsiz) TRDKTSK52663 ISIN Kodlu Kira Sertifikası İtfa ve Kupon Ödemesi Hk.,https://www.kap.org.tr/tr/Bildirim/1611420,tr,2026-06-01T15:11:30+00:00,0.0473768049109599,0.886741591392448,0.065881603696592,neutral,0.018504798785632
2026-06-01,KTSVK,KAP,KT SUKUK VARLIK KİRALAMA A.Ş. - Pay Dışında Sermaye Piyasası Aracı İşlemlerine İlişkin Bildirim (Faizsiz),KT SUKUK VARLIK KİRALAMA A.Ş. - Pay Dışında Sermaye Piyasası Aracı İşlemlerine İlişkin Bildirim (Faizsiz). Pay Dışında Sermaye Piyasası Aracı İşlemlerine İlişkin Bildirim (Faizsiz) TRDKTSK52655 ISIN Kodlu Kira Sertifikası İtfa ve Kupon Ödemesi Hk.,https://www.kap.org.tr/tr/Bildirim/1611421,tr,2026-06-01T15:11:55+00:00,0.0473768049109599,0.886741591392448,0.065881603696592,neutral,0.018504798785632
2026-06-01,LIDER,KAP,LDR TURİZM A.Ş. - Payların Geri Alınmasına İlişkin Bildirim,LDR TURİZM A.Ş. - Payların Geri Alınmasına İlişkin Bildirim. Payların Geri Alınmasına İlişkin Bildirim Payların Geri Alınmasına İlişkin Bildirim,https://www.kap.org.tr/tr/Bildirim/1611688,tr,2026-06-01T19:32:20+00:00,0.0512332312436053,0.0732025985059773,0.8755641702504173,positive,0.824330939006812
2026-06-01,MEDTR,KAP,MEDİTERA TIBBİ MALZEME SANAYİ VE TİCARET A.Ş. - İhale Süreci / Sonucu,MEDİTERA TIBBİ MALZEME SANAYİ VE TİCARET A.Ş. - İhale Süreci / Sonucu. İhale Süreci / Sonucu Tepecik Eğitim ve Araştırma Hastanesi İhalesi Hakkında,https://www.kap.org.tr/tr/Bildirim/1611416,tr,2026-06-01T14:55:41+00:00,0.0934331656586469,0.2205777490204767,0.6859890853208763,positive,0.5925559196622294
2026-06-01,MEPET,KAP,MEPET METRO PETROL VE TESİSLERİ SANAYİ TİCARET A.Ş. - Sürdürülebilirlik Raporu,MEPET METRO PETROL VE TESİSLERİ SANAYİ TİCARET A.Ş. - Sürdürülebilirlik Raporu. Sürdürülebilirlik Raporu 2024 Yılı TSRS Uyumlu Sürdürülebilirlik Raporu,https://www.kap.org.tr/tr/Bildirim/1611624,tr,2026-06-01T18:10:03+00:00,0.1447042067187383,0.6656088337471298,0.189686959534132,neutral,0.0449827528153936
2026-06-01,MEPET,KAP,MEPET METRO PETROL VE TESİSLERİ SANAYİ TİCARET A.Ş. - Finansal Rapor,MEPET METRO PETROL VE TESİSLERİ SANAYİ TİCARET A.Ş. - Finansal Rapor. Finansal Rapor,https://www.kap.org.tr/tr/Bildirim/1611625,tr,2026-06-01T18:11:12+00:00,0.107570834723229,0.752224125739594,0.140205039537177,neutral,0.032634204813948
2026-06-01,MEPET,KAP,MEPET METRO PETROL VE TESİSLERİ SANAYİ TİCARET A.Ş. - Faaliyet Raporu (Konsolide),MEPET METRO PETROL VE TESİSLERİ SANAYİ TİCARET A.Ş. - Faaliyet Raporu (Konsolide). Faaliyet Raporu (Konsolide) Faaliyet Raporu,https://www.kap.org.tr/tr/Bildirim/1611627,tr,2026-06-01T18:11:37+00:00,0.1271533727731147,0.7146110201463034,0.1582356070805818,neutral,0.031082234307467
2026-06-01,MEPET,KAP,MEPET METRO PETROL VE TESİSLERİ SANAYİ TİCARET A.Ş. - Sorumluluk Beyanı (Konsolide),MEPET METRO PETROL VE TESİSLERİ SANAYİ TİCARET A.Ş. - Sorumluluk Beyanı (Konsolide). Sorumluluk Beyanı (Konsolide) Sorumluluk Beyanı,https://www.kap.org.tr/tr/Bildirim/1611629,tr,2026-06-01T18:11:55+00:00,0.1350977097877643,0.6969102319822769,0.1679920582299588,neutral,0.0328943484421945
2026-06-01,MERCN,KAP,MERCAN KİMYA SANAYİ VE TİCARET A.Ş. - Genel Kurul İşlemlerine İlişkin Bildirim,MERCAN KİMYA SANAYİ VE TİCARET A.Ş. - Genel Kurul İşlemlerine İlişkin Bildirim. Genel Kurul İşlemlerine İlişkin Bildirim Genel Kurul İşlemlerine İlişkin Tescil Bildirimi,https://www.kap.org.tr/tr/Bildirim/1611635,tr,2026-06-01T18:17:49+00:00,0.1093768530094808,0.8151381773313191,0.0754849696592001,neutral,-0.0338918833502807
2026-06-01,MERCN,KAP,MERCAN KİMYA SANAYİ VE TİCARET A.Ş. - Bağımsız Denetim Kuruluşunun Belirlenmesi,MERCAN KİMYA SANAYİ VE TİCARET A.Ş. - Bağımsız Denetim Kuruluşunun Belirlenmesi. Bağımsız Denetim Kuruluşunun Belirlenmesi Bağımsız Denetim Kuruluşunun Belirlenmesi,https://www.kap.org.tr/tr/Bildirim/1611636,tr,2026-06-01T18:17:58+00:00,0.0555442446493917,0.8718359863002728,0.0726197690503354,neutral,0.0170755244009437
2026-06-01,MIATK,KAP,MİA TEKNOLOJİ A.Ş. - Geri Alınan Payların Elden Çıkarılması,MİA TEKNOLOJİ A.Ş. - Geri Alınan Payların Elden Çıkarılması. Geri Alınan Payların Elden Çıkarılması Geri alınan payların elden çıkarılması hk.,https://www.kap.org.tr/tr/Bildirim/1611675,tr,2026-06-01T18:46:32+00:00,0.1904042725464872,0.2225143680806608,0.5870813593728519,positive,0.3966770868263646
2026-06-01,MINTF,KAP,MİNT FİNANSMAN A.Ş. - Pay Dışında Sermaye Piyasası Aracı İşlemlerine İlişkin Bildirim (Faiz İçeren),MİNT FİNANSMAN A.Ş. - Pay Dışında Sermaye Piyasası Aracı İşlemlerine İlişkin Bildirim (Faiz İçeren). Pay Dışında Sermaye Piyasası Aracı İşlemlerine İlişkin Bildirim (Faiz İçeren) TRFMINTA2619 ISIN Kodlu Kıymetin 2. Kupon Oranının Belirlenmesi,https://www.kap.org.tr/tr/Bildirim/1611587,tr,2026-06-01T17:42:13+00:00,0.0337980621046858,0.9194750905558456,0.0467268473394685,neutral,0.0129287852347827
2026-06-01,MMCAS,KAP,MMC SANAYİ VE TİCARİ YATIRIMLAR A.Ş. - Genel Kurul İşlemlerine İlişkin Bildirim,MMC SANAYİ VE TİCARİ YATIRIMLAR A.Ş. - Genel Kurul İşlemlerine İlişkin Bildirim. Genel Kurul İşlemlerine İlişkin Bildirim Şirketimizin 2025 yılı Olağan Genel Kurul Toplantısının tescili hakkında,https://www.kap.org.tr/tr/Bildirim/1611628,tr,2026-06-01T18:11:51+00:00,0.1753898585997938,0.7228003964504053,0.1018097449498007,neutral,-0.073580113649993
2026-06-01,MMCAS,KAP,MMC SANAYİ VE TİCARİ YATIRIMLAR A.Ş. - Bağımsız Denetim Kuruluşunun Belirlenmesi,MMC SANAYİ VE TİCARİ YATIRIMLAR A.Ş. - Bağımsız Denetim Kuruluşunun Belirlenmesi. Bağımsız Denetim Kuruluşunun Belirlenmesi Bağımsız Denetim Kuruluşu seçiminin tescili ve TTSG'de ilanı,https://www.kap.org.tr/tr/Bildirim/1611630,tr,2026-06-01T18:12:04+00:00,0.0694194574830946,0.8415372881820654,0.0890432543348398,neutral,0.0196237968517452
2026-06-01,MRBAS,KAP,MARBAŞ MENKUL DEĞERLER A.Ş. - Likidite Sağlayıcılık Kapsamındaki İşlemler,MARBAŞ MENKUL DEĞERLER A.Ş. - Likidite Sağlayıcılık Kapsamındaki İşlemler. Likidite Sağlayıcılık Kapsamındaki İşlemler ÖZSU BALIK ÜRETİM A.Ş. (OZSUB) Paylarında Likidite Sağlayıcılık Kapsamında Gerçekleştirilen İşlemler OZSUB,https://www.kap.org.tr/tr/Bildirim/1611376,tr,2026-06-01T11:54:15+00:00,0.1148424063615167,0.7585452572686292,0.126612336369854,neutral,0.0117699300083373
2026-06-01,MRBAS,KAP,MARBAŞ MENKUL DEĞERLER A.Ş. - Likidite Sağlayıcılık Kapsamındaki İşlemler,MARBAŞ MENKUL DEĞERLER A.Ş. - Likidite Sağlayıcılık Kapsamındaki İşlemler. Likidite Sağlayıcılık Kapsamındaki İşlemler DCT TRADİNG DIŞ TİCARET A.Ş. Paylarında Likidite Sağlayıcılık Kapsamında Gerçekleştirilen İşlemler DCTTR,https://www.kap.org.tr/tr/Bildirim/1611378,tr,2026-06-01T11:54:38+00:00,0.0879242833115655,0.8066426653789798,0.1054330513094544,neutral,0.0175087679978889
2026-06-01,MRGYO,KAP,MARTI GAYRİMENKUL YATIRIM ORTAKLIĞI A.Ş. - Finansal Rapor,MARTI GAYRİMENKUL YATIRIM ORTAKLIĞI A.Ş. - Finansal Rapor. Finansal Rapor,https://www.kap.org.tr/tr/Bildirim/1611725,tr,2026-06-01T21:44:07+00:00,0.1011735055938123,0.7707957127351248,0.1280307816710628,neutral,0.0268572760772504
2026-06-01,MRGYO,KAP,MARTI GAYRİMENKUL YATIRIM ORTAKLIĞI A.Ş. - Faaliyet Raporu (Konsolide Olmayan),MARTI GAYRİMENKUL YATIRIM ORTAKLIĞI A.Ş. - Faaliyet Raporu (Konsolide Olmayan). Faaliyet Raporu (Konsolide Olmayan) Şirketimizin 01.04.2025-31.03.2026 Özel Hesap Dönemi Faaliyet Raporu,https://www.kap.org.tr/tr/Bildirim/1611726,tr,2026-06-01T21:44:25+00:00,0.1406779399112614,0.6737995941989848,0.1855224658897537,neutral,0.0448445259784922
2026-06-01,MRGYO,KAP,MARTI GAYRİMENKUL YATIRIM ORTAKLIĞI A.Ş. - Sorumluluk Beyanı (Konsolide Olmayan),MARTI GAYRİMENKUL YATIRIM ORTAKLIĞI A.Ş. - Sorumluluk Beyanı (Konsolide Olmayan). Sorumluluk Beyanı (Konsolide Olmayan) 01.04.2025-31.03.2026 Özel Hesap Dönemi Sorumluluk Beyanı,https://www.kap.org.tr/tr/Bildirim/1611727,tr,2026-06-01T21:44:50+00:00,0.1436316025855601,0.6587212780640082,0.1976471193504318,neutral,0.0540155167648716
2026-06-01,MRS,KAP,MARBAŞ MENKUL DEĞERLER A.Ş. - Likidite Sağlayıcılık Kapsamındaki İşlemler,MARBAŞ MENKUL DEĞERLER A.Ş. - Likidite Sağlayıcılık Kapsamındaki İşlemler. Likidite Sağlayıcılık Kapsamındaki İşlemler ÖZSU BALIK ÜRETİM A.Ş. (OZSUB) Paylarında Likidite Sağlayıcılık Kapsamında Gerçekleştirilen İşlemler OZSUB,https://www.kap.org.tr/tr/Bildirim/1611376,tr,2026-06-01T11:54:15+00:00,0.1148424063615167,0.7585452572686292,0.126612336369854,neutral,0.0117699300083373
2026-06-01,MRS,KAP,MARBAŞ MENKUL DEĞERLER A.Ş. - Likidite Sağlayıcılık Kapsamındaki İşlemler,MARBAŞ MENKUL DEĞERLER A.Ş. - Likidite Sağlayıcılık Kapsamındaki İşlemler. Likidite Sağlayıcılık Kapsamındaki İşlemler DCT TRADİNG DIŞ TİCARET A.Ş. Paylarında Likidite Sağlayıcılık Kapsamında Gerçekleştirilen İşlemler DCTTR,https://www.kap.org.tr/tr/Bildirim/1611378,tr,2026-06-01T11:54:38+00:00,0.0879242833115655,0.8066426653789798,0.1054330513094544,neutral,0.0175087679978889
2026-06-01,MTRYO,KAP,METRO YATIRIM ORTAKLIĞI A.Ş. - Haftalık Rapor,METRO YATIRIM ORTAKLIĞI A.Ş. - Haftalık Rapor. Haftalık Rapor Haftalık Rapor,https://www.kap.org.tr/tr/Bildirim/1611369,tr,2026-06-01T11:42:31+00:00,0.0802439605396312,0.8308892007980695,0.0888668386622992,neutral,0.008622878122668
2026-06-01,MTRYO,KAP,METRO YATIRIM ORTAKLIĞI A.Ş. - Özel Durum Açıklaması (Genel),METRO YATIRIM ORTAKLIĞI A.Ş. - Özel Durum Açıklaması (Genel). Özel Durum Açıklaması (Genel) Portföy Yönetim Sözleşmesi İmzalanması hakkında,https://www.kap.org.tr/tr/Bildirim/1611656,tr,2026-06-01T18:23:37+00:00,0.2479232326513204,0.621754643832908,0.1303221235157714,neutral,-0.117601109135549
2026-06-01,NUHCM,KAP,NUH ÇİMENTO SANAYİ A.Ş. - Kurumsal Yönetim Bilgi Formu (Güncelleme) - Yönetim Kurulu-2,NUH ÇİMENTO SANAYİ A.Ş. - Kurumsal Yönetim Bilgi Formu (Güncelleme) - Yönetim Kurulu-2. Kurumsal Yönetim Bilgi Formu (Güncelleme) - Yönetim Kurulu-2 Yönetim Kurulu Komite Üyelerinin Güncellenmesi,https://www.kap.org.tr/tr/Bildirim/1611405,tr,2026-06-01T14:17:10+00:00,0.2003048225920785,0.6136882042904372,0.1860069731174843,neutral,-0.0142978494745941
2026-06-01,ONRYT,KAP,ONUR YÜKSEK TEKNOLOJİ A.Ş. - Genel Kurul İşlemlerine İlişkin Bildirim,ONUR YÜKSEK TEKNOLOJİ A.Ş. - Genel Kurul İşlemlerine İlişkin Bildirim. Genel Kurul İşlemlerine İlişkin Bildirim 2025 Yılı Olağan Genel Kurul Toplantı Sonucu,https://www.kap.org.tr/tr/Bildirim/1611681,tr,2026-06-01T19:04:31+00:00,0.1985042327080141,0.6869752948123526,0.1145204724796331,neutral,-0.083983760228381
2026-06-01,ONRYT,KAP,ONUR YÜKSEK TEKNOLOJİ A.Ş. - Kar Payı Dağıtım İşlemlerine İlişkin Bildirim,ONUR YÜKSEK TEKNOLOJİ A.Ş. - Kar Payı Dağıtım İşlemlerine İlişkin Bildirim. Kar Payı Dağıtım İşlemlerine İlişkin Bildirim Kar Payı Dağıtım İşlemlerine İlişkin Genel Kurul Kararı,https://www.kap.org.tr/tr/Bildirim/1611699,tr,2026-06-01T20:01:16+00:00,0.1473312509791314,0.0305846299159576,0.8220841191049109,positive,0.6747528681257795
2026-06-01,ONRYT,KAP,ONUR YÜKSEK TEKNOLOJİ A.Ş. - Bağımsız Denetim Kuruluşunun Belirlenmesi,ONUR YÜKSEK TEKNOLOJİ A.Ş. - Bağımsız Denetim Kuruluşunun Belirlenmesi. Bağımsız Denetim Kuruluşunun Belirlenmesi Bağımsız Denetim Kuruluşunun Belirlenmesi,https://www.kap.org.tr/tr/Bildirim/1611700,tr,2026-06-01T20:02:00+00:00,0.0796395822883038,0.8354656162691222,0.0848948014425738,neutral,0.0052552191542699
2026-06-01,ONRYT,KAP,ONUR YÜKSEK TEKNOLOJİ A.Ş. - Şirket Genel Bilgi Formu,ONUR YÜKSEK TEKNOLOJİ A.Ş. - Şirket Genel Bilgi Formu. Şirket Genel Bilgi Formu,https://www.kap.org.tr/tr/Bildirim/1611702,tr,2026-06-01T20:02:46+00:00,0.1359584809473219,0.7409387209879135,0.1231027980647645,neutral,-0.0128556828825573
2026-06-01,OYA,KAP,OYAK YATIRIM MENKUL DEĞERLER A.Ş. - Piyasa Yapıcılığı Kapsamında Gerçekleştirilen İşlemler Bildirimi,OYAK YATIRIM MENKUL DEĞERLER A.Ş. - Piyasa Yapıcılığı Kapsamında Gerçekleştirilen İşlemler Bildirimi. Piyasa Yapıcılığı Kapsamında Gerçekleştirilen İşlemler Bildirimi 01/06/2026 TARİHLİ OYAYO PİYASA YAPICILIĞI İŞLEMLERİ OYAYO,https://www.kap.org.tr/tr/Bildirim/1611668,tr,2026-06-01T18:33:22+00:00,0.0954617465729673,0.7946786221131826,0.1098596313138502,neutral,0.0143978847408829
2026-06-01,OYAYO,KAP,OYAK YATIRIM ORTAKLIĞI A.Ş. - Haftalık Rapor,OYAK YATIRIM ORTAKLIĞI A.Ş. - Haftalık Rapor. Haftalık Rapor 26.05.2026 Tarihli Haftalık Rapor,https://www.kap.org.tr/tr/Bildirim/1611383,tr,2026-06-01T11:59:24+00:00,0.0732117629494447,0.830927543147113,0.0958606939034423,neutral,0.0226489309539976
2026-06-01,OYAYO,KAP,OYAK YATIRIM ORTAKLIĞI A.Ş. - Özel Durum Açıklaması (Genel),"OYAK YATIRIM ORTAKLIĞI A.Ş. - Özel Durum Açıklaması (Genel). Özel Durum Açıklaması (Genel) Ortaklık paylarının BİAŞ'ta oluşan ağırlıklı ortalama fiyatının, pay başına net aktif değerinin 2 katını aşması hakkında",https://www.kap.org.tr/tr/Bildirim/1611384,tr,2026-06-01T11:59:36+00:00,0.172150023290422,0.7267236126269396,0.1011263640826383,neutral,-0.0710236592077837
2026-06-01,OYYAT,KAP,OYAK YATIRIM MENKUL DEĞERLER A.Ş. - Piyasa Yapıcılığı Kapsamında Gerçekleştirilen İşlemler Bildirimi,OYAK YATIRIM MENKUL DEĞERLER A.Ş. - Piyasa Yapıcılığı Kapsamında Gerçekleştirilen İşlemler Bildirimi. Piyasa Yapıcılığı Kapsamında Gerçekleştirilen İşlemler Bildirimi 01/06/2026 TARİHLİ OYAYO PİYASA YAPICILIĞI İŞLEMLERİ OYAYO,https://www.kap.org.tr/tr/Bildirim/1611668,tr,2026-06-01T18:33:22+00:00,0.0954617465729673,0.7946786221131826,0.1098596313138502,neutral,0.0143978847408829
2026-06-01,PASEU,KAP,PASİFİK EURASİA LOJİSTİK DIŞ TİCARET A.Ş. - Özel Durum Açıklaması (Genel),PASİFİK EURASİA LOJİSTİK DIŞ TİCARET A.Ş. - Özel Durum Açıklaması (Genel). Özel Durum Açıklaması (Genel) Genel Müdür Değişikliği Hakkında Bilgilendirme,https://www.kap.org.tr/tr/Bildirim/1611715,tr,2026-06-01T20:41:41+00:00,0.2738729131970542,0.6175891502542828,0.1085379365486629,neutral,-0.1653349766483912
2026-06-01,PASEU,KAP,PASİFİK EURASİA LOJİSTİK DIŞ TİCARET A.Ş. - Şirket Genel Bilgi Formu,PASİFİK EURASİA LOJİSTİK DIŞ TİCARET A.Ş. - Şirket Genel Bilgi Formu. Şirket Genel Bilgi Formu,https://www.kap.org.tr/tr/Bildirim/1611719,tr,2026-06-01T21:12:57+00:00,0.1039277771716404,0.7969231898474667,0.0991490329808929,neutral,-0.0047787441907475
2026-06-01,PASEU,KAP,PASİFİK EURASİA LOJİSTİK DIŞ TİCARET A.Ş. - Kurumsal Yönetim Bilgi Formu (Güncelleme) - Yönetim Kurulu-1,PASİFİK EURASİA LOJİSTİK DIŞ TİCARET A.Ş. - Kurumsal Yönetim Bilgi Formu (Güncelleme) - Yönetim Kurulu-1. Kurumsal Yönetim Bilgi Formu (Güncelleme) - Yönetim Kurulu-1 Kurumsal Yönetim Bilgi Formu (Güncelleme) Genel Müdür Değişikliği Hk.,https://www.kap.org.tr/tr/Bildirim/1611720,tr,2026-06-01T21:14:13+00:00,0.1684151048048676,0.6650745257437238,0.1665103694514084,neutral,-0.0019047353534592
2026-06-01,PBT,KAP,PASHA YATIRIM BANKASI A.Ş. - Pay Dışında Sermaye Piyasası Aracı İşlemlerine İlişkin Bildirim (Faiz İçeren),PASHA YATIRIM BANKASI A.Ş. - Pay Dışında Sermaye Piyasası Aracı İşlemlerine İlişkin Bildirim (Faiz İçeren). Pay Dışında Sermaye Piyasası Aracı İşlemlerine İlişkin Bildirim (Faiz İçeren) PASHA Yatırım Bankası A.Ş. Maygold Otomotiv Üçüncü Varlık Finansmanı Fonu tarafından gerçekleştirilen Varlığa Dayalı Menkul Kıymet İhracı (550 mn ),https://www.kap.org.tr/tr/Bildirim/1611331,tr,2026-06-01T10:11:43+00:00,0.0758265841465524,0.8456130586682925,0.078560357185155,neutral,0.0027337730386026
2026-06-01,PBT,KAP,PASHA YATIRIM BANKASI A.Ş. - Pay Dışında Sermaye Piyasası Aracı İşlemlerine İlişkin Bildirim (Faiz İçeren),PASHA YATIRIM BANKASI A.Ş. - Pay Dışında Sermaye Piyasası Aracı İşlemlerine İlişkin Bildirim (Faiz İçeren). Pay Dışında Sermaye Piyasası Aracı İşlemlerine İlişkin Bildirim (Faiz İçeren) PASHA Yatırım Bankası A.Ş. VDMK İtfası,https://www.kap.org.tr/tr/Bildirim/1611350,tr,2026-06-01T10:59:37+00:00,0.0413665049816585,0.9026325857296864,0.0560009092886551,neutral,0.0146344043069966
2026-06-01,PBTR,KAP,PASHA YATIRIM BANKASI A.Ş. - Pay Dışında Sermaye Piyasası Aracı İşlemlerine İlişkin Bildirim (Faiz İçeren),PASHA YATIRIM BANKASI A.Ş. - Pay Dışında Sermaye Piyasası Aracı İşlemlerine İlişkin Bildirim (Faiz İçeren). Pay Dışında Sermaye Piyasası Aracı İşlemlerine İlişkin Bildirim (Faiz İçeren) PASHA Yatırım Bankası A.Ş. Maygold Otomotiv Üçüncü Varlık Finansmanı Fonu tarafından gerçekleştirilen Varlığa Dayalı Menkul Kıymet İhracı (550 mn ),https://www.kap.org.tr/tr/Bildirim/1611331,tr,2026-06-01T10:11:43+00:00,0.0758265841465524,0.8456130586682925,0.078560357185155,neutral,0.0027337730386026
2026-06-01,PBTR,KAP,PASHA YATIRIM BANKASI A.Ş. - Pay Dışında Sermaye Piyasası Aracı İşlemlerine İlişkin Bildirim (Faiz İçeren),PASHA YATIRIM BANKASI A.Ş. - Pay Dışında Sermaye Piyasası Aracı İşlemlerine İlişkin Bildirim (Faiz İçeren). Pay Dışında Sermaye Piyasası Aracı İşlemlerine İlişkin Bildirim (Faiz İçeren) PASHA Yatırım Bankası A.Ş. VDMK İtfası,https://www.kap.org.tr/tr/Bildirim/1611350,tr,2026-06-01T10:59:37+00:00,0.0413665049816585,0.9026325857296864,0.0560009092886551,neutral,0.0146344043069966
2026-06-01,PGSUS,KAP,PEGASUS HAVA TAŞIMACILIĞI A.Ş. - Kurumsal Yönetim İlkelerine Uyum Derecelendirmesi,PEGASUS HAVA TAŞIMACILIĞI A.Ş. - Kurumsal Yönetim İlkelerine Uyum Derecelendirmesi. Kurumsal Yönetim İlkelerine Uyum Derecelendirmesi Kurumsal Yönetim Derecelendirme Sözleşmesinin Yenilenmesi,https://www.kap.org.tr/tr/Bildirim/1611375,tr,2026-06-01T11:54:10+00:00,0.2253688247258535,0.5423101042801448,0.2323210709940016,neutral,0.006952246268148
2026-06-01,PGSUS,KAP,PEGASUS HAVA TAŞIMACILIĞI A.Ş. - Kurumsal Yönetim İlkelerine Uyum Derecelendirmesi,PEGASUS HAVA TAŞIMACILIĞI A.Ş. - Kurumsal Yönetim İlkelerine Uyum Derecelendirmesi. Kurumsal Yönetim İlkelerine Uyum Derecelendirmesi Kurumsal Yönetim Derecelendirme Sözleşmesinin Yenilenmesi - Düzeltme,https://www.kap.org.tr/tr/Bildirim/1611571,tr,2026-06-01T17:38:22+00:00,0.2243412299456499,0.5441504637247159,0.2315083063296341,neutral,0.0071670763839841
2026-06-01,PNSUT,KAP,PINAR SÜT MAMÜLLERİ SANAYİİ A.Ş. - Pay Dışında Sermaye Piyasası Aracı İşlemlerine İlişkin Bildirim (Faiz İçeren),PINAR SÜT MAMÜLLERİ SANAYİİ A.Ş. - Pay Dışında Sermaye Piyasası Aracı İşlemlerine İlişkin Bildirim (Faiz İçeren). Pay Dışında Sermaye Piyasası Aracı İşlemlerine İlişkin Bildirim (Faiz İçeren) TRFPNST62611 ISIN Kodlu Finansman Bonosu 2. Kupon Dönemine İlişkin Faiz Oranı Hakkında,https://www.kap.org.tr/tr/Bildirim/1611548,tr,2026-06-01T17:28:22+00:00,0.0442286682090696,0.8921101805498132,0.0636611512411171,neutral,0.0194324830320474
2026-06-01,POLTK,KAP,POLİTEKNİK METAL SANAYİ VE TİCARET A.Ş. - İlişkili Taraf İşlemleri,POLİTEKNİK METAL SANAYİ VE TİCARET A.Ş. - İlişkili Taraf İşlemleri. İlişkili Taraf İşlemleri Rotatif Nitelikte Grup İçi Kredi Temin Edilmesi,https://www.kap.org.tr/tr/Bildirim/1611311,tr,2026-06-01T09:41:37+00:00,0.1524819644045209,0.6348971975376175,0.2126208380578617,neutral,0.0601388736533408
2026-06-01,QNBTR,KAP,QNB BANK A.Ş. - Özel Durum Açıklaması (Genel),QNB BANK A.Ş. - Özel Durum Açıklaması (Genel). Özel Durum Açıklaması (Genel) Takipteki Kredi Portföyünden Satış,https://www.kap.org.tr/tr/Bildirim/1611339,tr,2026-06-01T10:22:47+00:00,0.3515728151444145,0.5307117526552876,0.1177154322002979,neutral,-0.2338573829441166
2026-06-01,QNBTR,KAP,QNB BANK A.Ş. - Pay Dışında Sermaye Piyasası Aracı İşlemlerine İlişkin Bildirim (Faiz İçeren),QNB BANK A.Ş. - Pay Dışında Sermaye Piyasası Aracı İşlemlerine İlişkin Bildirim (Faiz İçeren). Pay Dışında Sermaye Piyasası Aracı İşlemlerine İlişkin Bildirim (Faiz İçeren) MTN programı kapsamında yurtdışında ihraç edilen borçlanma aracının ihracı,https://www.kap.org.tr/tr/Bildirim/1611429,tr,2026-06-01T15:23:27+00:00,0.0463639491848416,0.8924713072599151,0.0611647435552432,neutral,0.0148007943704016
2026-06-01,SAHOL,KAP,HACI ÖMER SABANCI HOLDİNG A.Ş. - Özel Durum Açıklaması (Genel),HACI ÖMER SABANCI HOLDİNG A.Ş. - Özel Durum Açıklaması (Genel). Özel Durum Açıklaması (Genel) Lucky 7 ve Pepper Güneş Enerjisi Projelerine İlişkin Proje Finansmanı ve Vergi Avantajlı Özsermaye Yatırımı Sözleşmelerinin İmzalanması,https://www.kap.org.tr/tr/Bildirim/1611286,tr,2026-06-01T09:06:16+00:00,0.317501874856592,0.5151963612366761,0.1673017639067318,neutral,-0.1502001109498601
2026-06-01,SAHOL,KAP,HACI ÖMER SABANCI HOLDİNG A.Ş. - Şirket Genel Bilgi Formu,HACI ÖMER SABANCI HOLDİNG A.Ş. - Şirket Genel Bilgi Formu. Şirket Genel Bilgi Formu,https://www.kap.org.tr/tr/Bildirim/1611287,tr,2026-06-01T09:06:27+00:00,0.1228994842293519,0.7533965849651472,0.1237039308055008,neutral,0.0008044465761488
2026-06-01,SAYAS,KAP,SAY YENİLENEBİLİR ENERJİ EKİPMANLARI SANAYİ VE TİCARET A.Ş. - Bağımsız Denetim Kuruluşunun Belirlenmesi,SAY YENİLENEBİLİR ENERJİ EKİPMANLARI SANAYİ VE TİCARET A.Ş. - Bağımsız Denetim Kuruluşunun Belirlenmesi. Bağımsız Denetim Kuruluşunun Belirlenmesi 2026 yılı Bağımsız Denetim Şirketi Seçimi Tescili,https://www.kap.org.tr/tr/Bildirim/1611679,tr,2026-06-01T19:02:43+00:00,0.0600905741007499,0.8257692267996642,0.1141401990995857,neutral,0.0540496249988357
2026-06-01,SAYAS,KAP,SAY YENİLENEBİLİR ENERJİ EKİPMANLARI SANAYİ VE TİCARET A.Ş. - Genel Kurul İşlemlerine İlişkin Bildirim,SAY YENİLENEBİLİR ENERJİ EKİPMANLARI SANAYİ VE TİCARET A.Ş. - Genel Kurul İşlemlerine İlişkin Bildirim. Genel Kurul İşlemlerine İlişkin Bildirim Genel Kurulun Tescil Edilmesi,https://www.kap.org.tr/tr/Bildirim/1611680,tr,2026-06-01T19:02:55+00:00,0.102787903002687,0.7694501802281982,0.1277619167691148,neutral,0.0249740137664277
2026-06-01,SMRVA,KAP,SÜMER VARLIK YÖNETİM A.Ş. - Pay Dışında Sermaye Piyasası Aracı İşlemlerine İlişkin Bildirim (Faiz İçeren),SÜMER VARLIK YÖNETİM A.Ş. - Pay Dışında Sermaye Piyasası Aracı İşlemlerine İlişkin Bildirim (Faiz İçeren). Pay Dışında Sermaye Piyasası Aracı İşlemlerine İlişkin Bildirim (Faiz İçeren) TRFSUVY62622 ISIN NOLU BONONUN KUPON ÖDEMESİ VE İTFASI,https://www.kap.org.tr/tr/Bildirim/1611398,tr,2026-06-01T13:45:03+00:00,0.0402743722848026,0.9072116115722302,0.0525140161429671,neutral,0.0122396438581645
2026-06-01,SMRVA,KAP,SÜMER VARLIK YÖNETİM A.Ş. - Pay Dışında Sermaye Piyasası Aracı İşlemlerine İlişkin Bildirim (Faiz İçeren),SÜMER VARLIK YÖNETİM A.Ş. - Pay Dışında Sermaye Piyasası Aracı İşlemlerine İlişkin Bildirim (Faiz İçeren). Pay Dışında Sermaye Piyasası Aracı İşlemlerine İlişkin Bildirim (Faiz İçeren) TRFSUVY62614 ISIN KODLU BONONUN KUPON ÖDEMESİ VE İTFASI,https://www.kap.org.tr/tr/Bildirim/1611399,tr,2026-06-01T13:45:21+00:00,0.0405069190227901,0.9070752743306528,0.0524178066465567,neutral,0.0119108876237665
2026-06-01,SNPAM,KAP,SÖNMEZ PAMUKLU SANAYİİ A.Ş. - Yönetim Kurulu Komiteleri,SÖNMEZ PAMUKLU SANAYİİ A.Ş. - Yönetim Kurulu Komiteleri. Yönetim Kurulu Komiteleri Yönetim Kurulu Komite Yapılandırması,https://www.kap.org.tr/tr/Bildirim/1611564,tr,2026-06-01T17:37:03+00:00,0.2487883287875003,0.5321075108626004,0.2191041603498991,neutral,-0.0296841684376012
2026-06-01,SNPAM,KAP,SÖNMEZ PAMUKLU SANAYİİ A.Ş. - Kurumsal Yönetim Bilgi Formu (Güncelleme) - Yönetim Kurulu-2,SÖNMEZ PAMUKLU SANAYİİ A.Ş. - Kurumsal Yönetim Bilgi Formu (Güncelleme) - Yönetim Kurulu-2. Kurumsal Yönetim Bilgi Formu (Güncelleme) - Yönetim Kurulu-2 Yönetim Kurulu Komiteleri,https://www.kap.org.tr/tr/Bildirim/1611592,tr,2026-06-01T17:46:06+00:00,0.1976300218327227,0.6213744623351457,0.1809955158321315,neutral,-0.0166345060005912
2026-06-01,SNPAM,KAP,SÖNMEZ PAMUKLU SANAYİİ A.Ş. - Şirket Genel Bilgi Formu,SÖNMEZ PAMUKLU SANAYİİ A.Ş. - Şirket Genel Bilgi Formu. Şirket Genel Bilgi Formu,https://www.kap.org.tr/tr/Bildirim/1611626,tr,2026-06-01T18:11:20+00:00,0.1262624982039736,0.7600993319680888,0.1136381698279377,neutral,-0.0126243283760358
2026-06-01,SONME,KAP,SÖNMEZ FİLAMENT SENTETİK İPLİK VE ELYAF SANAYİ A.Ş. - Yönetim Kurulu Komiteleri,SÖNMEZ FİLAMENT SENTETİK İPLİK VE ELYAF SANAYİ A.Ş. - Yönetim Kurulu Komiteleri. Yönetim Kurulu Komiteleri Yönetim Kurulu Komite Yapılandırması,https://www.kap.org.tr/tr/Bildirim/1611557,tr,2026-06-01T17:35:49+00:00,0.2334321952400907,0.5498931837929267,0.2166746209669825,neutral,-0.0167575742731082
2026-06-01,SONME,KAP,SÖNMEZ FİLAMENT SENTETİK İPLİK VE ELYAF SANAYİ A.Ş. - Kurumsal Yönetim Bilgi Formu (Güncelleme) - Yönetim Kurulu-2,SÖNMEZ FİLAMENT SENTETİK İPLİK VE ELYAF SANAYİ A.Ş. - Kurumsal Yönetim Bilgi Formu (Güncelleme) - Yönetim Kurulu-2. Kurumsal Yönetim Bilgi Formu (Güncelleme) - Yönetim Kurulu-2 Yönetim Kurulu Komiteleri,https://www.kap.org.tr/tr/Bildirim/1611594,tr,2026-06-01T17:47:04+00:00,0.1890954923049708,0.6318988336384459,0.1790056740565832,neutral,-0.0100898182483876
2026-06-01,SONME,KAP,SÖNMEZ FİLAMENT SENTETİK İPLİK VE ELYAF SANAYİ A.Ş. - Şirket Genel Bilgi Formu,SÖNMEZ FİLAMENT SENTETİK İPLİK VE ELYAF SANAYİ A.Ş. - Şirket Genel Bilgi Formu. Şirket Genel Bilgi Formu,https://www.kap.org.tr/tr/Bildirim/1611621,tr,2026-06-01T18:07:18+00:00,0.1180877303595337,0.7694704847156231,0.1124417849248431,neutral,-0.0056459454346906
2026-06-01,TATEN,KAP,TATLIPINAR ENERJİ ÜRETİM A.Ş. - Bağımsız Denetim Kuruluşunun Belirlenmesi,TATLIPINAR ENERJİ ÜRETİM A.Ş. - Bağımsız Denetim Kuruluşunun Belirlenmesi. Bağımsız Denetim Kuruluşunun Belirlenmesi Bağımsız Denetim Kuruluşunun Tescil ve TTSG İlanı,https://www.kap.org.tr/tr/Bildirim/1611666,tr,2026-06-01T18:30:51+00:00,0.0798021496168283,0.8262612372286533,0.0939366131545183,neutral,0.01413446353769
2026-06-01,TATEN,KAP,TATLIPINAR ENERJİ ÜRETİM A.Ş. - Genel Kurul İşlemlerine İlişkin Bildirim,TATLIPINAR ENERJİ ÜRETİM A.Ş. - Genel Kurul İşlemlerine İlişkin Bildirim. Genel Kurul İşlemlerine İlişkin Bildirim 2025 Yılı Olağan Genel Kurul Toplantısı Sonuçlarının Tescil ve TTSG İlanı,https://www.kap.org.tr/tr/Bildirim/1611667,tr,2026-06-01T18:31:01+00:00,0.1773709685374115,0.7220219548188345,0.1006070766437539,neutral,-0.0767638918936575
2026-06-01,TATGD,KAP,TAT GIDA SANAYİ A.Ş. - Pay Dışında Sermaye Piyasası Aracı İşlemlerine İlişkin Bildirim (Faiz İçeren),TAT GIDA SANAYİ A.Ş. - Pay Dışında Sermaye Piyasası Aracı İşlemlerine İlişkin Bildirim (Faiz İçeren). Pay Dışında Sermaye Piyasası Aracı İşlemlerine İlişkin Bildirim (Faiz İçeren) TRSTATK22713 ISIN Kodlu Tahvilin 5. Kupon Ödemesi,https://www.kap.org.tr/tr/Bildirim/1611427,tr,2026-06-01T15:19:54+00:00,0.0407495349489166,0.9063972752359848,0.0528531898150985,neutral,0.0121036548661819
2026-06-01,TCELL,KAP,TURKCELL İLETİŞİM HİZMETLERİ A.Ş. - Özel Durum Açıklaması (Genel),TURKCELL İLETİŞİM HİZMETLERİ A.Ş. - Özel Durum Açıklaması (Genel). Özel Durum Açıklaması (Genel) ABD Sermaye Piyasası Mevzuatı Uyarınca SEC'ye Yapılan Açıklama,https://www.kap.org.tr/tr/Bildirim/1611689,tr,2026-06-01T19:32:59+00:00,0.3141714636687291,0.5583783188720116,0.1274502174592592,neutral,-0.1867212462094699
2026-06-01,TCELL,KAP,TURKCELL İLETİŞİM HİZMETLERİ A.Ş. - Şirket Genel Bilgi Formu,TURKCELL İLETİŞİM HİZMETLERİ A.Ş. - Şirket Genel Bilgi Formu. Şirket Genel Bilgi Formu,https://www.kap.org.tr/tr/Bildirim/1611690,tr,2026-06-01T19:33:20+00:00,0.1364184812235144,0.7351422949956445,0.1284392237808409,neutral,-0.0079792574426735
2026-06-01,TEBFA,KAP,TEB FAKTORİNG A.Ş. - Özel Durum Açıklaması (Genel),TEB FAKTORİNG A.Ş. - Özel Durum Açıklaması (Genel). Özel Durum Açıklaması (Genel) Şirketimiz Genel Müdür Yardımcısı'nın görevden ayrılması hakkında,https://www.kap.org.tr/tr/Bildirim/1611549,tr,2026-06-01T17:29:14+00:00,0.3375014342925386,0.536007204507569,0.1264913611998923,neutral,-0.2110100730926462
2026-06-01,TEBFA,KAP,TEB FAKTORİNG A.Ş. - Şirket Genel Bilgi Formu,TEB FAKTORİNG A.Ş. - Şirket Genel Bilgi Formu. Şirket Genel Bilgi Formu,https://www.kap.org.tr/tr/Bildirim/1611550,tr,2026-06-01T17:30:05+00:00,0.131070130820545,0.7499802271542328,0.1189496420252221,neutral,-0.0121204887953228
2026-06-01,TEHOL,KAP,TERA YATIRIM TEKNOLOJİ HOLDİNG A.Ş. - Şirket Genel Bilgi Formu,TERA YATIRIM TEKNOLOJİ HOLDİNG A.Ş. - Şirket Genel Bilgi Formu. Şirket Genel Bilgi Formu,https://www.kap.org.tr/tr/Bildirim/1611660,tr,2026-06-01T18:27:33+00:00,0.1163442204428643,0.7554864683425548,0.1281693112145809,neutral,0.0118250907717166
2026-06-01,THR,KAP,TÜRKİYE İHRACAT KREDİ BANKASI A.Ş. - Pay Dışında Sermaye Piyasası Aracı İşlemlerine İlişkin Bildirim (Faiz İçeren),TÜRKİYE İHRACAT KREDİ BANKASI A.Ş. - Pay Dışında Sermaye Piyasası Aracı İşlemlerine İlişkin Bildirim (Faiz İçeren). Pay Dışında Sermaye Piyasası Aracı İşlemlerine İlişkin Bildirim (Faiz İçeren) GMTN programı çerçevesinde yurt dışında borçlanma aracı ihracı,https://www.kap.org.tr/tr/Bildirim/1611497,tr,2026-06-01T16:55:08+00:00,0.0506682330275505,0.8830246987477014,0.0663070682247481,neutral,0.0156388351971976
2026-06-01,TRILC,KAP,TURK İLAÇ VE SERUM SANAYİ A.Ş. - Özel Durum Açıklaması (Genel),TURK İLAÇ VE SERUM SANAYİ A.Ş. - Özel Durum Açıklaması (Genel). Özel Durum Açıklaması (Genel) Yönetim Kurulu Üyesi İstifa ve Ataması Hakkında,https://www.kap.org.tr/tr/Bildirim/1611723,tr,2026-06-01T21:26:41+00:00,0.3351719876971927,0.5418719948475963,0.122956017455211,neutral,-0.2122159702419817
2026-06-01,TVB,KAP,TÜRKİYE VAKIFLAR BANKASI T.A.O. - Pay Dışında Sermaye Piyasası Aracı İşlemlerine İlişkin Bildirim (Faiz İçeren),TÜRKİYE VAKIFLAR BANKASI T.A.O. - Pay Dışında Sermaye Piyasası Aracı İşlemlerine İlişkin Bildirim (Faiz İçeren). Pay Dışında Sermaye Piyasası Aracı İşlemlerine İlişkin Bildirim (Faiz İçeren) GMTN Programı Çerçevesinde Türkiye Dışında Sürdürülebilir Borçlanma Aracı İhracı SPK Onayı,https://www.kap.org.tr/tr/Bildirim/1611554,tr,2026-06-01T17:34:43+00:00,0.0537033221487764,0.8763584129784674,0.069938264872756,neutral,0.0162349427239796
2026-06-01,VAKBN,KAP,TÜRKİYE VAKIFLAR BANKASI T.A.O. - Pay Dışında Sermaye Piyasası Aracı İşlemlerine İlişkin Bildirim (Faiz İçeren),TÜRKİYE VAKIFLAR BANKASI T.A.O. - Pay Dışında Sermaye Piyasası Aracı İşlemlerine İlişkin Bildirim (Faiz İçeren). Pay Dışında Sermaye Piyasası Aracı İşlemlerine İlişkin Bildirim (Faiz İçeren) GMTN Programı Çerçevesinde Türkiye Dışında Sürdürülebilir Borçlanma Aracı İhracı SPK Onayı,https://www.kap.org.tr/tr/Bildirim/1611554,tr,2026-06-01T17:34:43+00:00,0.0537033221487764,0.8763584129784674,0.069938264872756,neutral,0.0162349427239796
2026-06-01,VAKFA,KAP,VAKIF FAKTORİNG A.Ş. - Özel Durum Açıklaması (Genel),VAKIF FAKTORİNG A.Ş. - Özel Durum Açıklaması (Genel). Özel Durum Açıklaması (Genel) Yönetim Kurulu Üye Değişikliği ve Yeni Üye Ataması,https://www.kap.org.tr/tr/Bildirim/1611632,tr,2026-06-01T18:16:07+00:00,0.303221064857074,0.521146528374125,0.1756324067688009,neutral,-0.1275886580882731
2026-06-01,VAKFA,KAP,VAKIF FAKTORİNG A.Ş. - Şirket Genel Bilgi Formu,VAKIF FAKTORİNG A.Ş. - Şirket Genel Bilgi Formu. Şirket Genel Bilgi Formu,https://www.kap.org.tr/tr/Bildirim/1611634,tr,2026-06-01T18:17:07+00:00,0.131070130820545,0.7499802271542328,0.1189496420252221,neutral,-0.0121204887953228
2026-06-01,VAKFN,KAP,VAKIF FİNANSAL KİRALAMA A.Ş. - Özel Durum Açıklaması (Genel),VAKIF FİNANSAL KİRALAMA A.Ş. - Özel Durum Açıklaması (Genel). Özel Durum Açıklaması (Genel) Yönetim Kurulu Üyesi İstifası ve Ataması Hakkında,https://www.kap.org.tr/tr/Bildirim/1611599,tr,2026-06-01T17:56:00+00:00,0.2997390707749931,0.5894529614672221,0.1108079677577845,neutral,-0.1889311030172085
2026-06-01,VAKFN,KAP,VAKIF FİNANSAL KİRALAMA A.Ş. - Şirket Genel Bilgi Formu,VAKIF FİNANSAL KİRALAMA A.Ş. - Şirket Genel Bilgi Formu. Şirket Genel Bilgi Formu,https://www.kap.org.tr/tr/Bildirim/1611601,tr,2026-06-01T17:56:48+00:00,0.1139112783952319,0.7834996234666007,0.1025890981381673,neutral,-0.0113221802570646
2026-06-01,VAKFN,KAP,VAKIF FİNANSAL KİRALAMA A.Ş. - Kurumsal Yönetim Bilgi Formu (Güncelleme) - Yönetim Kurulu-1,VAKIF FİNANSAL KİRALAMA A.Ş. - Kurumsal Yönetim Bilgi Formu (Güncelleme) - Yönetim Kurulu-1. Kurumsal Yönetim Bilgi Formu (Güncelleme) - Yönetim Kurulu-1 Kurumsal Yönetim Bilgi Formu Güncelleme,https://www.kap.org.tr/tr/Bildirim/1611602,tr,2026-06-01T17:57:08+00:00,0.1758992884823896,0.6500015061609493,0.1740992053566609,neutral,-0.0018000831257286
2026-06-01,VAKFN,KAP,VAKIF FİNANSAL KİRALAMA A.Ş. - Yönetim Kurulu Komiteleri,VAKIF FİNANSAL KİRALAMA A.Ş. - Yönetim Kurulu Komiteleri. Yönetim Kurulu Komiteleri Yönetim Kurulu Komiteleri Hakkında,https://www.kap.org.tr/tr/Bildirim/1611603,tr,2026-06-01T17:57:27+00:00,0.2255947208064539,0.5672931687796973,0.2071121104138489,neutral,-0.0184826103926049
2026-06-01,VAKFN,KAP,VAKIF FİNANSAL KİRALAMA A.Ş. - Kurumsal Yönetim Bilgi Formu (Güncelleme) - Yönetim Kurulu-2,VAKIF FİNANSAL KİRALAMA A.Ş. - Kurumsal Yönetim Bilgi Formu (Güncelleme) - Yönetim Kurulu-2. Kurumsal Yönetim Bilgi Formu (Güncelleme) - Yönetim Kurulu-2 Yönetim Kurulu II Bilgi Formu Güncelleme,https://www.kap.org.tr/tr/Bildirim/1611604,tr,2026-06-01T17:57:40+00:00,0.1748530815534623,0.6609286512167295,0.1642182672298081,neutral,-0.0106348143236542
2026-06-01,VKFYO,KAP,VAKIF MENKUL KIYMET YATIRIM ORTAKLIĞI A.Ş. - Özel Durum Açıklaması (Genel),"VAKIF MENKUL KIYMET YATIRIM ORTAKLIĞI A.Ş. - Özel Durum Açıklaması (Genel). Özel Durum Açıklaması (Genel) Şirketimizin BİAŞ'da oluşan ağırlıklı ortalama fiyatın, pay başına net aktif değerin 2 katını aşması sebebiyle yapılan açıklamadır.",https://www.kap.org.tr/tr/Bildirim/1611441,tr,2026-06-01T16:00:25+00:00,0.2232930143046258,0.6725212689299052,0.104185716765469,neutral,-0.1191072975391567
2026-06-01,VKING,KAP,VİKİNG KAĞIT VE SELÜLOZ A.Ş. - Şirket Genel Bilgi Formu,VİKİNG KAĞIT VE SELÜLOZ A.Ş. - Şirket Genel Bilgi Formu. Şirket Genel Bilgi Formu,https://www.kap.org.tr/tr/Bildirim/1611425,tr,2026-06-01T15:16:44+00:00,0.1167930842371459,0.7691902414733822,0.1140166742894719,neutral,-0.002776409947674
2026-06-01,YBTAS,KAP,YİBİTAŞ YOZGAT İŞÇİ BİRLİĞİ İNŞAAT MALZEMELERİ TİCARET VE SANAYİ A.Ş. - Faaliyetlerin Kısmen veya Tamamen Durdurulması ya da İmkansız Hale Gelmesi,YİBİTAŞ YOZGAT İŞÇİ BİRLİĞİ İNŞAAT MALZEMELERİ TİCARET VE SANAYİ A.Ş. - Faaliyetlerin Kısmen veya Tamamen Durdurulması ya da İmkansız Hale Gelmesi. Faaliyetlerin Kısmen veya Tamamen Durdurulması ya da İmkansız Hale Gelmesi Geçici Fırın Duruşu,https://www.kap.org.tr/tr/Bildirim/1611313,tr,2026-06-01T09:42:17+00:00,0.2457541205950609,0.4451663944128657,0.3090794849920733,neutral,0.0633253643970123
2026-06-01,YEOTK,KAP,YEO TEKNOLOJİ ENERJİ VE ENDÜSTRİ A.Ş. - Yeni İş İlişkisi,YEO TEKNOLOJİ ENERJİ VE ENDÜSTRİ A.Ş. - Yeni İş İlişkisi. Yeni İş İlişkisi Yeni iş ilişkisi.,https://www.kap.org.tr/tr/Bildirim/1611305,tr,2026-06-01T09:25:33+00:00,0.0677243757886666,0.0998369879937288,0.8324386362176046,positive,0.764714260428938
2026-06-01,YKB,KAP,YAPI VE KREDİ BANKASI A.Ş. - Pay Dışında Sermaye Piyasası Aracı İşlemlerine İlişkin Bildirim (Faiz İçeren),YAPI VE KREDİ BANKASI A.Ş. - Pay Dışında Sermaye Piyasası Aracı İşlemlerine İlişkin Bildirim (Faiz İçeren). Pay Dışında Sermaye Piyasası Aracı İşlemlerine İlişkin Bildirim (Faiz İçeren) Yurtdışında ihraç edilen borçlanma aracının itfası,https://www.kap.org.tr/tr/Bildirim/1611505,tr,2026-06-01T17:05:44+00:00,0.0397861042983778,0.9057020946488584,0.0545118010527636,neutral,0.0147256967543858
2026-06-01,YKBNK,KAP,YAPI VE KREDİ BANKASI A.Ş. - Pay Dışında Sermaye Piyasası Aracı İşlemlerine İlişkin Bildirim (Faiz İçeren),YAPI VE KREDİ BANKASI A.Ş. - Pay Dışında Sermaye Piyasası Aracı İşlemlerine İlişkin Bildirim (Faiz İçeren). Pay Dışında Sermaye Piyasası Aracı İşlemlerine İlişkin Bildirim (Faiz İçeren) Yurtdışında ihraç edilen borçlanma aracının itfası,https://www.kap.org.tr/tr/Bildirim/1611505,tr,2026-06-01T17:05:44+00:00,0.0397861042983778,0.9057020946488584,0.0545118010527636,neutral,0.0147256967543858
2026-06-01,YKR,KAP,YAPI KREDİ YATIRIM MENKUL DEĞERLER A.Ş. - Pay Dışında Sermaye Piyasası Aracı İşlemlerine İlişkin Bildirim (Faiz İçeren),YAPI KREDİ YATIRIM MENKUL DEĞERLER A.Ş. - Pay Dışında Sermaye Piyasası Aracı İşlemlerine İlişkin Bildirim (Faiz İçeren). Pay Dışında Sermaye Piyasası Aracı İşlemlerine İlişkin Bildirim (Faiz İçeren) Borçlanma Aracının İtfası,https://www.kap.org.tr/tr/Bildirim/1611673,tr,2026-06-01T18:37:21+00:00,0.0313486179966246,0.9258306894755872,0.0428206925277881,neutral,0.0114720745311634
2026-06-01,YKYAT,KAP,YAPI KREDİ YATIRIM MENKUL DEĞERLER A.Ş. - Pay Dışında Sermaye Piyasası Aracı İşlemlerine İlişkin Bildirim (Faiz İçeren),YAPI KREDİ YATIRIM MENKUL DEĞERLER A.Ş. - Pay Dışında Sermaye Piyasası Aracı İşlemlerine İlişkin Bildirim (Faiz İçeren). Pay Dışında Sermaye Piyasası Aracı İşlemlerine İlişkin Bildirim (Faiz İçeren) Borçlanma Aracının İtfası,https://www.kap.org.tr/tr/Bildirim/1611673,tr,2026-06-01T18:37:21+00:00,0.0313486179966246,0.9258306894755872,0.0428206925277881,neutral,0.0114720745311634
2026-06-01,YYLGD,KAP,YAYLA AGRO GIDA SANAYİ VE TİCARET A.Ş. - Genel Kurul İşlemlerine İlişkin Bildirim,YAYLA AGRO GIDA SANAYİ VE TİCARET A.Ş. - Genel Kurul İşlemlerine İlişkin Bildirim. Genel Kurul İşlemlerine İlişkin Bildirim 2025 yılı Olağan Genel Kurul tescili hakkında,https://www.kap.org.tr/tr/Bildirim/1611669,tr,2026-06-01T18:35:03+00:00,0.114454801564573,0.8149526440306469,0.0705925544047801,neutral,-0.0438622471597928
2026-06-01,YYLGD,KAP,YAYLA AGRO GIDA SANAYİ VE TİCARET A.Ş. - Özel Durum Açıklaması (Genel),YAYLA AGRO GIDA SANAYİ VE TİCARET A.Ş. - Özel Durum Açıklaması (Genel). Özel Durum Açıklaması (Genel) Yönetim Kurulu Görev Dağılımı,https://www.kap.org.tr/tr/Bildirim/1611670,tr,2026-06-01T18:35:19+00:00,0.2310935279417738,0.6534737011583988,0.1154327708998272,neutral,-0.1156607570419466
2026-06-01,YYLGD,KAP,YAYLA AGRO GIDA SANAYİ VE TİCARET A.Ş. - Bağımsız Denetim Kuruluşunun Belirlenmesi,YAYLA AGRO GIDA SANAYİ VE TİCARET A.Ş. - Bağımsız Denetim Kuruluşunun Belirlenmesi. Bağımsız Denetim Kuruluşunun Belirlenmesi 2026 yılı faaliyet dönemine ilişkin Bağımsız Denetim Kuruluşunun tescili,https://www.kap.org.tr/tr/Bildirim/1611671,tr,2026-06-01T18:35:52+00:00,0.0600950246748486,0.85909607812594,0.0808088971992112,neutral,0.0207138725243626
2026-06-02,A1CAP,KAP,A1 CAPİTAL YATIRIM MENKUL DEĞERLER A.Ş. - Şirket Genel Bilgi Formu,A1 CAPİTAL YATIRIM MENKUL DEĞERLER A.Ş. - Şirket Genel Bilgi Formu. Şirket Genel Bilgi Formu,https://www.kap.org.tr/tr/Bildirim/1612172,tr,2026-06-02T18:40:27+00:00,0.102997895577916,0.8064264128901972,0.0905756915318867,neutral,-0.0124222040460292
2026-06-02,A1YEN,KAP,A1 YENİLENEBİLİR ENERJİ ÜRETİM A.Ş. - Şirket Genel Bilgi Formu,A1 YENİLENEBİLİR ENERJİ ÜRETİM A.Ş. - Şirket Genel Bilgi Formu. Şirket Genel Bilgi Formu,https://www.kap.org.tr/tr/Bildirim/1612173,tr,2026-06-02T18:41:13+00:00,0.1331315405198783,0.6940831373065979,0.1727853221735239,neutral,0.0396537816536456
2026-06-02,ACP,KAP,A1 CAPİTAL YATIRIM MENKUL DEĞERLER A.Ş. - Şirket Genel Bilgi Formu,A1 CAPİTAL YATIRIM MENKUL DEĞERLER A.Ş. - Şirket Genel Bilgi Formu. Şirket Genel Bilgi Formu,https://www.kap.org.tr/tr/Bildirim/1612172,tr,2026-06-02T18:40:27+00:00,0.102997895577916,0.8064264128901972,0.0905756915318867,neutral,-0.0124222040460292
2026-06-02,AFB,KAP,AKTİF YATIRIM BANKASI A.Ş. - İhraç Tavanına İlişkin Bildirim,AKTİF YATIRIM BANKASI A.Ş. - İhraç Tavanına İlişkin Bildirim. İhraç Tavanına İlişkin Bildirim Yurtiçinde borçlanma aracı ihraç kararı alınması hk.,https://www.kap.org.tr/tr/Bildirim/1612028,tr,2026-06-02T17:31:05+00:00,0.0863627909332546,0.7823769204560043,0.131260288610741,neutral,0.0448974976774864
2026-06-02,AFB,KAP,AKTİF YATIRIM BANKASI A.Ş. - İhraç Tavanına İlişkin Bildirim,AKTİF YATIRIM BANKASI A.Ş. - İhraç Tavanına İlişkin Bildirim. İhraç Tavanına İlişkin Bildirim Yurt dışında borçlanma aracı ihraç kararı alınması hk.,https://www.kap.org.tr/tr/Bildirim/1612029,tr,2026-06-02T17:31:24+00:00,0.0888692045269332,0.7772940536867194,0.1338367417863474,neutral,0.0449675372594142
2026-06-02,AHGAZ,KAP,AHLATCI DOĞAL GAZ DAĞITIM ENERJİ VE YATIRIM A.Ş. - Payların Geri Alınmasına İlişkin Bildirim,AHLATCI DOĞAL GAZ DAĞITIM ENERJİ VE YATIRIM A.Ş. - Payların Geri Alınmasına İlişkin Bildirim. Payların Geri Alınmasına İlişkin Bildirim 02.06.2026 Tarihli Pay Geri Alım İşlemleri,https://www.kap.org.tr/tr/Bildirim/1612165,tr,2026-06-02T18:30:15+00:00,0.0499359397442059,0.079874478589347,0.8701895816664471,positive,0.8202536419222413
2026-06-02,AKBNK,KAP,AKBANK T.A.Ş. - Özel Durum Açıklaması (Genel),AKBANK T.A.Ş. - Özel Durum Açıklaması (Genel). Özel Durum Açıklaması (Genel) Yurtdışı Piyasalara Sermaye Benzeri (Basel III Uyumlu) Tahvil Fiyatlanması,https://www.kap.org.tr/tr/Bildirim/1611798,tr,2026-06-02T12:00:17+00:00,0.2872755913861463,0.5607105293596008,0.152013879254253,neutral,-0.1352617121318932
2026-06-02,AKBNK,KAP,AKBANK T.A.Ş. - Pay Dışında Sermaye Piyasası Aracı İşlemlerine İlişkin Bildirim (Faiz İçeren),AKBANK T.A.Ş. - Pay Dışında Sermaye Piyasası Aracı İşlemlerine İlişkin Bildirim (Faiz İçeren). Pay Dışında Sermaye Piyasası Aracı İşlemlerine İlişkin Bildirim (Faiz İçeren) Yurtdışı Piyasalara Sermaye Benzeri (Basel III Uyumlu) Tahvil İhracı,https://www.kap.org.tr/tr/Bildirim/1612021,tr,2026-06-02T17:16:03+00:00,0.0540042521620841,0.8712413823968632,0.0747543654410524,neutral,0.0207501132789682
2026-06-02,AKGRT,KAP,AKSİGORTA A.Ş. - Özel Durum Açıklaması (Genel),AKSİGORTA A.Ş. - Özel Durum Açıklaması (Genel). Özel Durum Açıklaması (Genel) Yatırımcı İlişkileri Sorumlusu,https://www.kap.org.tr/tr/Bildirim/1611937,tr,2026-06-02T16:07:43+00:00,0.4119716294314264,0.4758591911099315,0.112169179458642,neutral,-0.2998024499727845
2026-06-02,AKGRT,KAP,AKSİGORTA A.Ş. - Şirket Genel Bilgi Formu,AKSİGORTA A.Ş. - Şirket Genel Bilgi Formu. Şirket Genel Bilgi Formu,https://www.kap.org.tr/tr/Bildirim/1611938,tr,2026-06-02T16:07:52+00:00,0.1341175425258187,0.7511195439220474,0.1147629135521337,neutral,-0.019354628973685
2026-06-02,AKM,KAP,AK YATIRIM MENKUL DEĞERLER A.Ş. - Pay Dışında Sermaye Piyasası Aracı İşlemlerine İlişkin Bildirim (Faiz İçeren),AK YATIRIM MENKUL DEĞERLER A.Ş. - Pay Dışında Sermaye Piyasası Aracı İşlemlerine İlişkin Bildirim (Faiz İçeren). Pay Dışında Sermaye Piyasası Aracı İşlemlerine İlişkin Bildirim (Faiz İçeren) Nitelikli Yatırımcıya Borçlanma Aracı İtfa ve Kupon Ödemesi,https://www.kap.org.tr/tr/Bildirim/1611804,tr,2026-06-02T12:28:54+00:00,0.0344407414250936,0.9211440078509427,0.0444152507239634,neutral,0.0099745092988698
2026-06-02,AKMEN,KAP,AK YATIRIM MENKUL DEĞERLER A.Ş. - Pay Dışında Sermaye Piyasası Aracı İşlemlerine İlişkin Bildirim (Faiz İçeren),AK YATIRIM MENKUL DEĞERLER A.Ş. - Pay Dışında Sermaye Piyasası Aracı İşlemlerine İlişkin Bildirim (Faiz İçeren). Pay Dışında Sermaye Piyasası Aracı İşlemlerine İlişkin Bildirim (Faiz İçeren) Nitelikli Yatırımcıya Borçlanma Aracı İtfa ve Kupon Ödemesi,https://www.kap.org.tr/tr/Bildirim/1611804,tr,2026-06-02T12:28:54+00:00,0.0344407414250936,0.9211440078509427,0.0444152507239634,neutral,0.0099745092988698
2026-06-02,AKTIF,KAP,AKTİF YATIRIM BANKASI A.Ş. - İhraç Tavanına İlişkin Bildirim,AKTİF YATIRIM BANKASI A.Ş. - İhraç Tavanına İlişkin Bildirim. İhraç Tavanına İlişkin Bildirim Yurtiçinde borçlanma aracı ihraç kararı alınması hk.,https://www.kap.org.tr/tr/Bildirim/1612028,tr,2026-06-02T17:31:05+00:00,0.0863627909332546,0.7823769204560043,0.131260288610741,neutral,0.0448974976774864
2026-06-02,AKTIF,KAP,AKTİF YATIRIM BANKASI A.Ş. - İhraç Tavanına İlişkin Bildirim,AKTİF YATIRIM BANKASI A.Ş. - İhraç Tavanına İlişkin Bildirim. İhraç Tavanına İlişkin Bildirim Yurt dışında borçlanma aracı ihraç kararı alınması hk.,https://www.kap.org.tr/tr/Bildirim/1612029,tr,2026-06-02T17:31:24+00:00,0.0888692045269332,0.7772940536867194,0.1338367417863474,neutral,0.0449675372594142
2026-06-02,ALFAS,KAP,ALFA SOLAR ENERJİ SANAYİ VE TİCARET A.Ş. - Genel Kurul İşlemlerine İlişkin Bildirim,ALFA SOLAR ENERJİ SANAYİ VE TİCARET A.Ş. - Genel Kurul İşlemlerine İlişkin Bildirim. Genel Kurul İşlemlerine İlişkin Bildirim 2025 Yılı Olağan Genel Kurul Toplantı Sonuçları,https://www.kap.org.tr/tr/Bildirim/1612202,tr,2026-06-02T19:56:39+00:00,0.1242356420680207,0.7903268359443533,0.0854375219876261,neutral,-0.0387981200803946
2026-06-02,ALFAS,KAP,ALFA SOLAR ENERJİ SANAYİ VE TİCARET A.Ş. - Bağımsız Denetim Kuruluşunun Belirlenmesi,ALFA SOLAR ENERJİ SANAYİ VE TİCARET A.Ş. - Bağımsız Denetim Kuruluşunun Belirlenmesi. Bağımsız Denetim Kuruluşunun Belirlenmesi Bağımsız Denetim Şirketi'nin Genel Kurul Tarafından Onaylanması Hakkında,https://www.kap.org.tr/tr/Bildirim/1612206,tr,2026-06-02T19:59:10+00:00,0.0928291670064322,0.8412005057869578,0.0659703272066098,neutral,-0.0268588397998224
2026-06-02,ALFAS,KAP,ALFA SOLAR ENERJİ SANAYİ VE TİCARET A.Ş. - Bağımsız Denetim Kuruluşunun Belirlenmesi,ALFA SOLAR ENERJİ SANAYİ VE TİCARET A.Ş. - Bağımsız Denetim Kuruluşunun Belirlenmesi. Bağımsız Denetim Kuruluşunun Belirlenmesi Sürdürülebilirlik Güvence Denetimi İçin Bağımsız Denetim Şirketinin Genel Kurulca Seçilmesi,https://www.kap.org.tr/tr/Bildirim/1612207,tr,2026-06-02T19:59:24+00:00,0.0587665717710155,0.8635938509471068,0.0776395772818777,neutral,0.0188730055108622
2026-06-02,ALFAS,KAP,ALFA SOLAR ENERJİ SANAYİ VE TİCARET A.Ş. - Kar Payı Dağıtım İşlemlerine İlişkin Bildirim,ALFA SOLAR ENERJİ SANAYİ VE TİCARET A.Ş. - Kar Payı Dağıtım İşlemlerine İlişkin Bildirim. Kar Payı Dağıtım İşlemlerine İlişkin Bildirim 2025 Yılı Olağan Genel Kurul Toplantısı Kâr Dağıtım Sonucu,https://www.kap.org.tr/tr/Bildirim/1612211,tr,2026-06-02T22:18:56+00:00,0.135245239192675,0.0938843834370381,0.7708703773702867,positive,0.6356251381776117
2026-06-02,ALKA,KAP,ALKİM KAĞIT SANAYİ VE TİCARET A.Ş. - Özel Durum Açıklaması (Genel),ALKİM KAĞIT SANAYİ VE TİCARET A.Ş. - Özel Durum Açıklaması (Genel). Özel Durum Açıklaması (Genel) Genel Müdür Yardımcısı Ataması,https://www.kap.org.tr/tr/Bildirim/1611780,tr,2026-06-02T11:18:48+00:00,0.2419142622158272,0.6401013686875591,0.1179843690966136,neutral,-0.1239298931192135
2026-06-02,ALNUS,KAP,ALNUS YATIRIM MENKUL DEĞERLER A.Ş. - Pay Dışında Sermaye Piyasası Aracı İşlemlerine İlişkin Bildirim (Faiz İçeren),ALNUS YATIRIM MENKUL DEĞERLER A.Ş. - Pay Dışında Sermaye Piyasası Aracı İşlemlerine İlişkin Bildirim (Faiz İçeren). Pay Dışında Sermaye Piyasası Aracı İşlemlerine İlişkin Bildirim (Faiz İçeren) TRFSRMD62613 ISIN Kodlu Finansman Bonosu 4. Kupon Ödemesi ve Bononun İtfası,https://www.kap.org.tr/tr/Bildirim/1611768,tr,2026-06-02T10:38:05+00:00,0.0349446815976866,0.9198226484800508,0.0452326699222625,neutral,0.0102879883245759
2026-06-02,ALNUS,KAP,ALNUS YATIRIM MENKUL DEĞERLER A.Ş. - Pay Dışında Sermaye Piyasası Aracı İşlemlerine İlişkin Bildirim (Faiz İçeren),ALNUS YATIRIM MENKUL DEĞERLER A.Ş. - Pay Dışında Sermaye Piyasası Aracı İşlemlerine İlişkin Bildirim (Faiz İçeren). Pay Dışında Sermaye Piyasası Aracı İşlemlerine İlişkin Bildirim (Faiz İçeren) TRFSRMDA2611 ISIN Kodlu Değişken Faizli Finansman Bonosu Satışının Tamamlanması,https://www.kap.org.tr/tr/Bildirim/1611898,tr,2026-06-02T15:35:39+00:00,0.0298298939076044,0.9289918681835112,0.0411782379088843,neutral,0.0113483440012798
2026-06-02,ALVES,KAP,ALVES KABLO SANAYİ VE TİCARET A.Ş. - Sermaye Artırımı - Azaltımı İşlemlerine İlişkin Bildirim,ALVES KABLO SANAYİ VE TİCARET A.Ş. - Sermaye Artırımı - Azaltımı İşlemlerine İlişkin Bildirim. Sermaye Artırımı - Azaltımı İşlemlerine İlişkin Bildirim Bedelli Sermaye Artırımı Kapsamında SPK'ya Başvuru Yapılması Hk.,https://www.kap.org.tr/tr/Bildirim/1612169,tr,2026-06-02T18:34:29+00:00,0.151091075919854,0.3866181526559587,0.4622907714241872,positive,0.3111996955043332
2026-06-02,ALVES,KAP,ALVES KABLO SANAYİ VE TİCARET A.Ş. - İzahname (SPK Onayına Sunulan),ALVES KABLO SANAYİ VE TİCARET A.Ş. - İzahname (SPK Onayına Sunulan). İzahname (SPK Onayına Sunulan) Bedelli Sermaye Artırımı Başvurusu Kapsamında SPK Onayına Sunulan Taslak İzahname Hk.,https://www.kap.org.tr/tr/Bildirim/1612181,tr,2026-06-02T19:09:07+00:00,0.1397237606336488,0.6859346659833223,0.1743415733830288,neutral,0.03461781274938
2026-06-02,ANC,KAP,ALNUS YATIRIM MENKUL DEĞERLER A.Ş. - Pay Dışında Sermaye Piyasası Aracı İşlemlerine İlişkin Bildirim (Faiz İçeren),ALNUS YATIRIM MENKUL DEĞERLER A.Ş. - Pay Dışında Sermaye Piyasası Aracı İşlemlerine İlişkin Bildirim (Faiz İçeren). Pay Dışında Sermaye Piyasası Aracı İşlemlerine İlişkin Bildirim (Faiz İçeren) TRFSRMD62613 ISIN Kodlu Finansman Bonosu 4. Kupon Ödemesi ve Bononun İtfası,https://www.kap.org.tr/tr/Bildirim/1611768,tr,2026-06-02T10:38:05+00:00,0.0349446815976866,0.9198226484800508,0.0452326699222625,neutral,0.0102879883245759
2026-06-02,ANC,KAP,ALNUS YATIRIM MENKUL DEĞERLER A.Ş. - Pay Dışında Sermaye Piyasası Aracı İşlemlerine İlişkin Bildirim (Faiz İçeren),ALNUS YATIRIM MENKUL DEĞERLER A.Ş. - Pay Dışında Sermaye Piyasası Aracı İşlemlerine İlişkin Bildirim (Faiz İçeren). Pay Dışında Sermaye Piyasası Aracı İşlemlerine İlişkin Bildirim (Faiz İçeren) TRFSRMDA2611 ISIN Kodlu Değişken Faizli Finansman Bonosu Satışının Tamamlanması,https://www.kap.org.tr/tr/Bildirim/1611898,tr,2026-06-02T15:35:39+00:00,0.0298298939076044,0.9289918681835112,0.0411782379088843,neutral,0.0113483440012798
2026-06-02,ASTOR,KAP,ASTOR ENERJİ A.Ş. - Kayıtlı Sermaye Tavanı İşlemlerine İlişkin Bildirim,ASTOR ENERJİ A.Ş. - Kayıtlı Sermaye Tavanı İşlemlerine İlişkin Bildirim. Kayıtlı Sermaye Tavanı İşlemlerine İlişkin Bildirim Kayıtlı Sermaye Tavanı Artırımı ve Geçerlilik Süresinin Uzatılmasına İlişkin SPK Başvurusu,https://www.kap.org.tr/tr/Bildirim/1612153,tr,2026-06-02T18:19:51+00:00,0.0955977339988197,0.2538735031738578,0.6505287628273224,positive,0.5549310288285028
2026-06-02,ASUZU,KAP,ANADOLU ISUZU OTOMOTİV SANAYİ VE TİCARET A.Ş. - Kurumsal Yönetim İlkelerine Uyum Derecelendirmesi,ANADOLU ISUZU OTOMOTİV SANAYİ VE TİCARET A.Ş. - Kurumsal Yönetim İlkelerine Uyum Derecelendirmesi. Kurumsal Yönetim İlkelerine Uyum Derecelendirmesi Kurumsal Yönetim Derecelendirme Notu'na ilişkin açıklama,https://www.kap.org.tr/tr/Bildirim/1611864,tr,2026-06-02T14:34:19+00:00,0.1757411661186684,0.6140216832885003,0.2102371505928312,neutral,0.0344959844741628
2026-06-02,ATAKP,KAP,ATAKEY PATATES GIDA SANAYİ VE TİCARET A.Ş. - Genel Kurul İşlemlerine İlişkin Bildirim,ATAKEY PATATES GIDA SANAYİ VE TİCARET A.Ş. - Genel Kurul İşlemlerine İlişkin Bildirim. Genel Kurul İşlemlerine İlişkin Bildirim 2025 Yılı Olağan Genel Kurul Toplantı Sonucu,https://www.kap.org.tr/tr/Bildirim/1612216,tr,2026-06-02T23:08:11+00:00,0.1110418366341303,0.8033903882715431,0.0855677750943265,neutral,-0.0254740615398038
2026-06-02,ATAKP,KAP,ATAKEY PATATES GIDA SANAYİ VE TİCARET A.Ş. - Kar Payı Dağıtım İşlemlerine İlişkin Bildirim,ATAKEY PATATES GIDA SANAYİ VE TİCARET A.Ş. - Kar Payı Dağıtım İşlemlerine İlişkin Bildirim. Kar Payı Dağıtım İşlemlerine İlişkin Bildirim Kar Dağıtım Kararının Olağan Genel Kurul'da Onaylanması,https://www.kap.org.tr/tr/Bildirim/1612220,tr,2026-06-02T23:48:04+00:00,0.2747794800076809,0.1176193458484533,0.6076011741438657,positive,0.3328216941361848
2026-06-02,ATAKP,KAP,ATAKEY PATATES GIDA SANAYİ VE TİCARET A.Ş. - Bağımsız Denetim Kuruluşunun Belirlenmesi,ATAKEY PATATES GIDA SANAYİ VE TİCARET A.Ş. - Bağımsız Denetim Kuruluşunun Belirlenmesi. Bağımsız Denetim Kuruluşunun Belirlenmesi Bağımsız Denetim Kuruluşunun Belirlenmesi,https://www.kap.org.tr/tr/Bildirim/1612221,tr,2026-06-02T23:48:48+00:00,0.0528707688348736,0.8803427110288903,0.0667865201362361,neutral,0.0139157513013625
2026-06-02,ATLFA,KAP,ATILIM FAKTORİNG A.Ş. - Pay Dışında Sermaye Piyasası Aracı İşlemlerine İlişkin Bildirim (Faiz İçeren),ATILIM FAKTORİNG A.Ş. - Pay Dışında Sermaye Piyasası Aracı İşlemlerine İlişkin Bildirim (Faiz İçeren). Pay Dışında Sermaye Piyasası Aracı İşlemlerine İlişkin Bildirim (Faiz İçeren) Bono İtfası,https://www.kap.org.tr/tr/Bildirim/1611743,tr,2026-06-02T09:34:09+00:00,0.0376866522856764,0.9077471818144882,0.0545661658998355,neutral,0.016879513614159
2026-06-02,BINHO,KAP,1000 YATIRIMLAR HOLDİNG A.Ş. - Kayıtlı Sermaye Tavanı İşlemlerine İlişkin Bildirim,1000 YATIRIMLAR HOLDİNG A.Ş. - Kayıtlı Sermaye Tavanı İşlemlerine İlişkin Bildirim. Kayıtlı Sermaye Tavanı İşlemlerine İlişkin Bildirim Esas Sözleşme Tadil Metni Ticaret Bakanlığı İç Ticaret Genel Müdürlüğü Onayı Hakkında,https://www.kap.org.tr/tr/Bildirim/1612178,tr,2026-06-02T18:56:29+00:00,0.1322864660181075,0.4312686836224597,0.4364448503594327,positive,0.3041583843413252
2026-06-02,BLCYT,KAP,BİLİCİ YATIRIM SANAYİ VE TİCARET A.Ş. - Sermaye Artırımı - Azaltımı İşlemlerine İlişkin Bildirim,BİLİCİ YATIRIM SANAYİ VE TİCARET A.Ş. - Sermaye Artırımı - Azaltımı İşlemlerine İlişkin Bildirim. Sermaye Artırımı - Azaltımı İşlemlerine İlişkin Bildirim Bilici Yatırım Sanayi Ve Ticaret A.Ş. Kayıtlı Sermaye Tavanı İçerisinde İç Kaynaklardan Bedelsiz Sermaye Arttırımı Hk.,https://www.kap.org.tr/tr/Bildirim/1612064,tr,2026-06-02T18:10:27+00:00,0.0681377326427749,0.3050237931784346,0.6268384741787905,positive,0.5587007415360155
2026-06-02,BLS,KAP,BULLS YATIRIM MENKUL DEĞERLER A.Ş. - Pay Alım Teklifi Yoluyla Pay Toplanmasına İlişkin Bildirim,BULLS YATIRIM MENKUL DEĞERLER A.Ş. - Pay Alım Teklifi Yoluyla Pay Toplanmasına İlişkin Bildirim. Pay Alım Teklifi Yoluyla Pay Toplanmasına İlişkin Bildirim Özerden Ambalaj Sanayi A.Ş. Paylarına Yönelik Zorunlu Pay Alım Teklifi OZRDN,https://www.kap.org.tr/tr/Bildirim/1612059,tr,2026-06-02T18:01:02+00:00,0.1256139573602277,0.7244301617747508,0.1499558808650214,neutral,0.0243419235047936
2026-06-02,BLSMD,KAP,BULLS YATIRIM MENKUL DEĞERLER A.Ş. - Pay Alım Teklifi Yoluyla Pay Toplanmasına İlişkin Bildirim,BULLS YATIRIM MENKUL DEĞERLER A.Ş. - Pay Alım Teklifi Yoluyla Pay Toplanmasına İlişkin Bildirim. Pay Alım Teklifi Yoluyla Pay Toplanmasına İlişkin Bildirim Özerden Ambalaj Sanayi A.Ş. Paylarına Yönelik Zorunlu Pay Alım Teklifi OZRDN,https://www.kap.org.tr/tr/Bildirim/1612059,tr,2026-06-02T18:01:02+00:00,0.1256139573602277,0.7244301617747508,0.1499558808650214,neutral,0.0243419235047936
2026-06-02,CCOLA,KAP,COCA-COLA İÇECEK A.Ş. - Pay Dışında Sermaye Piyasası Aracı İşlemlerine İlişkin Bildirim (Faiz İçeren),COCA-COLA İÇECEK A.Ş. - Pay Dışında Sermaye Piyasası Aracı İşlemlerine İlişkin Bildirim (Faiz İçeren). Pay Dışında Sermaye Piyasası Aracı İşlemlerine İlişkin Bildirim (Faiz İçeren) Borçlanma Aracı Kupon Ödemesi ve İtfası,https://www.kap.org.tr/tr/Bildirim/1611737,tr,2026-06-02T09:01:56+00:00,0.0373215784404444,0.9143920210333858,0.0482864005261697,neutral,0.0109648220857253
2026-06-02,CELHA,KAP,ÇELİK HALAT VE TEL SANAYİİ A.Ş. - Özel Durum Açıklaması (Genel),ÇELİK HALAT VE TEL SANAYİİ A.Ş. - Özel Durum Açıklaması (Genel). Özel Durum Açıklaması (Genel) Pay Devri İşlemlerine İlişkin Bildirim Hakkında.,https://www.kap.org.tr/tr/Bildirim/1612217,tr,2026-06-02T23:44:55+00:00,0.3303792455746583,0.5346851275530912,0.1349356268722505,neutral,-0.1954436187024077
2026-06-02,CEMAS,KAP,ÇEMAŞ DÖKÜM SANAYİ A.Ş. - Genel Kurul İşlemlerine İlişkin Bildirim,ÇEMAŞ DÖKÜM SANAYİ A.Ş. - Genel Kurul İşlemlerine İlişkin Bildirim. Genel Kurul İşlemlerine İlişkin Bildirim 2025 Yılı Olağan Genel Kurul Toplantısı 2. Çağrı,https://www.kap.org.tr/tr/Bildirim/1611867,tr,2026-06-02T14:49:45+00:00,0.1847479390067391,0.7471593110213504,0.0680927499719105,neutral,-0.1166551890348286
2026-06-02,CGCAM,KAP,ÇAĞDAŞ CAM SANAYİ VE TİCARET A.Ş. - Özel Durum Açıklaması (Genel),ÇAĞDAŞ CAM SANAYİ VE TİCARET A.Ş. - Özel Durum Açıklaması (Genel). Özel Durum Açıklaması (Genel) Genel Müdür Ataması Hk.,https://www.kap.org.tr/tr/Bildirim/1611808,tr,2026-06-02T12:43:56+00:00,0.2517040264141056,0.6356185669759773,0.1126774066099171,neutral,-0.1390266198041884
2026-06-02,CGCAM,KAP,ÇAĞDAŞ CAM SANAYİ VE TİCARET A.Ş. - Pay Alım Satım Bildirimi,ÇAĞDAŞ CAM SANAYİ VE TİCARET A.Ş. - Pay Alım Satım Bildirimi. Pay Alım Satım Bildirimi Pay Alım Satım Bildirimi,https://www.kap.org.tr/tr/Bildirim/1612114,tr,2026-06-02T18:13:05+00:00,0.1943464544519934,0.5904607636360356,0.2151927819119709,neutral,0.0208463274599775
2026-06-02,CGCAM,KAP,ÇAĞDAŞ CAM SANAYİ VE TİCARET A.Ş. - Şirket Genel Bilgi Formu,ÇAĞDAŞ CAM SANAYİ VE TİCARET A.Ş. - Şirket Genel Bilgi Formu. Şirket Genel Bilgi Formu,https://www.kap.org.tr/tr/Bildirim/1612115,tr,2026-06-02T18:13:24+00:00,0.0874627792552078,0.8135040831880241,0.0990331375567679,neutral,0.0115703583015601
2026-06-02,CRFSA,KAP,CARREFOURSA CARREFOUR SABANCI TİCARET MERKEZİ A.Ş. - Şirket Genel Bilgi Formu,CARREFOURSA CARREFOUR SABANCI TİCARET MERKEZİ A.Ş. - Şirket Genel Bilgi Formu. Şirket Genel Bilgi Formu,https://www.kap.org.tr/tr/Bildirim/1611776,tr,2026-06-02T11:04:21+00:00,0.108609144267794,0.7876811659766376,0.1037096897555682,neutral,-0.0048994545122257
2026-06-02,CWENE,KAP,CW ENERJİ MÜHENDİSLİK TİCARET VE SANAYİ A.Ş. - Özel Durum Açıklaması (Genel),CW ENERJİ MÜHENDİSLİK TİCARET VE SANAYİ A.Ş. - Özel Durum Açıklaması (Genel). Özel Durum Açıklaması (Genel) CW Solar Cell Enerji A.Ş. Kayıtlı Sermaye Sistemine Geçiş Başvurusu Hakkında,https://www.kap.org.tr/tr/Bildirim/1612154,tr,2026-06-02T18:20:26+00:00,0.2685038512106544,0.5450982809719149,0.1863978678174306,neutral,-0.0821059833932237
2026-06-02,DERHL,KAP,DERLÜKS YATIRIM HOLDİNG A.Ş. - Genel Kurul İşlemlerine İlişkin Bildirim,DERLÜKS YATIRIM HOLDİNG A.Ş. - Genel Kurul İşlemlerine İlişkin Bildirim. Genel Kurul İşlemlerine İlişkin Bildirim 2025 Yılı Olağan Genel Kurul Daveti,https://www.kap.org.tr/tr/Bildirim/1612107,tr,2026-06-02T18:12:14+00:00,0.1693485818624259,0.7389360371255655,0.0917153810120085,neutral,-0.0776332008504174
2026-06-02,DERHL,KAP,DERLÜKS YATIRIM HOLDİNG A.Ş. - Kar Payı Dağıtım İşlemlerine İlişkin Bildirim,DERLÜKS YATIRIM HOLDİNG A.Ş. - Kar Payı Dağıtım İşlemlerine İlişkin Bildirim. Kar Payı Dağıtım İşlemlerine İlişkin Bildirim 2025 Yılı Yönetim Kurulu Kar Dağıtım Teklifi,https://www.kap.org.tr/tr/Bildirim/1612112,tr,2026-06-02T18:12:48+00:00,0.1247282383542394,0.0537558309612975,0.821515930684463,positive,0.6967876923302236
2026-06-02,EGEEN,KAP,EGE ENDÜSTRİ VE TİCARET A.Ş. - Özel Durum Açıklaması (Genel),EGE ENDÜSTRİ VE TİCARET A.Ş. - Özel Durum Açıklaması (Genel). Özel Durum Açıklaması (Genel) Bağlı Ortaklığımızın sermaye artırımına iştirak kararı,https://www.kap.org.tr/tr/Bildirim/1611744,tr,2026-06-02T09:35:50+00:00,0.2855701947620214,0.5489802580264422,0.1654495472115361,neutral,-0.1201206475504852
2026-06-02,EKSUN,KAP,EKSUN GIDA TARIM SANAYİ VE TİCARET A.Ş. - Özel Durum Açıklaması (Genel),EKSUN GIDA TARIM SANAYİ VE TİCARET A.Ş. - Özel Durum Açıklaması (Genel). Özel Durum Açıklaması (Genel) Yönetici Sorumluluk Sigortasının Yenilenmesi,https://www.kap.org.tr/tr/Bildirim/1611868,tr,2026-06-02T14:49:55+00:00,0.2341130265907098,0.6565777980934724,0.1093091753158177,neutral,-0.124803851274892
2026-06-02,EMVAR,KAP,EMLAK VARLIK KİRALAMA A.Ş. - Pay Dışında Sermaye Piyasası Aracı İşlemlerine İlişkin Bildirim (Faizsiz),EMLAK VARLIK KİRALAMA A.Ş. - Pay Dışında Sermaye Piyasası Aracı İşlemlerine İlişkin Bildirim (Faizsiz). Pay Dışında Sermaye Piyasası Aracı İşlemlerine İlişkin Bildirim (Faizsiz) TRDEMVK62722 ISIN Kodlu Kira Sertifikasının 4. Dönemsel Getiri Ödemesi Hk. GRFIN,https://www.kap.org.tr/tr/Bildirim/1611897,tr,2026-06-02T15:35:26+00:00,0.0580172774193117,0.864918706833713,0.0770640157469752,neutral,0.0190467383276634
2026-06-02,EMVAR,KAP,EMLAK VARLIK KİRALAMA A.Ş. - Pay Dışında Sermaye Piyasası Aracı İşlemlerine İlişkin Bildirim (Faizsiz),EMLAK VARLIK KİRALAMA A.Ş. - Pay Dışında Sermaye Piyasası Aracı İşlemlerine İlişkin Bildirim (Faizsiz). Pay Dışında Sermaye Piyasası Aracı İşlemlerine İlişkin Bildirim (Faizsiz) TRDEMVK62714 ISIN Kodlu Kira Sertifikasının 4. Dönemsel Getiri Ödemesi Hk. GRFIN,https://www.kap.org.tr/tr/Bildirim/1611899,tr,2026-06-02T15:36:03+00:00,0.0580172774193117,0.864918706833713,0.0770640157469752,neutral,0.0190467383276634
2026-06-02,ENJSA,KAP,ENERJİSA ENERJİ A.Ş. - Pay Dışında Sermaye Piyasası Aracı İşlemlerine İlişkin Bildirim (Faiz İçeren),ENERJİSA ENERJİ A.Ş. - Pay Dışında Sermaye Piyasası Aracı İşlemlerine İlişkin Bildirim (Faiz İçeren). Pay Dışında Sermaye Piyasası Aracı İşlemlerine İlişkin Bildirim (Faiz İçeren) TRSENSA32710 ISIN Kodlu Tahvilin 5. Kupon Faiz Oranının Belirlenmesi.,https://www.kap.org.tr/tr/Bildirim/1612027,tr,2026-06-02T17:27:40+00:00,0.0410903284865604,0.8985149129172133,0.0603947585962261,neutral,0.0193044301096656
2026-06-02,ENPRA,KAP,ENPARA BANK A.Ş. - Özel Durum Açıklaması (Genel),ENPARA BANK A.Ş. - Özel Durum Açıklaması (Genel). Özel Durum Açıklaması (Genel) Takipteki Kredi Portföyünden Satış,https://www.kap.org.tr/tr/Bildirim/1612013,tr,2026-06-02T17:09:10+00:00,0.3649731693715259,0.5210764064148045,0.1139504242136695,neutral,-0.2510227451578564
2026-06-02,ERGLI,KAP,EREĞLİ TEKSTİL TURİZM SANAYİ VE TİCARET A.Ş. - Özel Durum Açıklaması (Genel),EREĞLİ TEKSTİL TURİZM SANAYİ VE TİCARET A.Ş. - Özel Durum Açıklaması (Genel). Özel Durum Açıklaması (Genel) Hisse Rehini Kaldırılması Hk. TMSN,https://www.kap.org.tr/tr/Bildirim/1612164,tr,2026-06-02T18:29:50+00:00,0.2508525387681725,0.6164761664257637,0.1326712948060637,neutral,-0.1181812439621087
2026-06-02,ESEN,KAP,ESENBOĞA ELEKTRİK ÜRETİM A.Ş. - Özel Durum Açıklaması (Genel),ESENBOĞA ELEKTRİK ÜRETİM A.Ş. - Özel Durum Açıklaması (Genel). Özel Durum Açıklaması (Genel) Margün Enerji Üretim Sanayi ve Ticaret A.Ş. Paylarına İlişkin Hızlandırılmış Talep Toplama Sürecinin Başlaması MAGEN,https://www.kap.org.tr/tr/Bildirim/1612167,tr,2026-06-02T18:32:19+00:00,0.3414575959643012,0.5209169877885815,0.1376254162471172,neutral,-0.203832179717184
2026-06-02,ETYAT,KAP,EURO TREND YATIRIM ORTAKLIĞI A.Ş. - Özel Durum Açıklaması (Genel),"EURO TREND YATIRIM ORTAKLIĞI A.Ş. - Özel Durum Açıklaması (Genel). Özel Durum Açıklaması (Genel) BİAŞ'da oluşan ağırlıklı ortalama fiyatın,pay başına net aktif değerin 2 katını aşması",https://www.kap.org.tr/tr/Bildirim/1611886,tr,2026-06-02T14:57:06+00:00,0.2036970678701662,0.6897426982745436,0.1065602338552901,neutral,-0.097136834014876
2026-06-02,EUKYO,KAP,EURO KAPİTAL YATIRIM ORTAKLIĞI A.Ş. - Özel Durum Açıklaması (Genel),"EURO KAPİTAL YATIRIM ORTAKLIĞI A.Ş. - Özel Durum Açıklaması (Genel). Özel Durum Açıklaması (Genel) BİAŞ'da oluşan ağırlıklı ortalama fiyatın,pay başına net aktif değerin 2 katını aşması",https://www.kap.org.tr/tr/Bildirim/1611887,tr,2026-06-02T14:57:38+00:00,0.2036970678701662,0.6897426982745436,0.1065602338552901,neutral,-0.097136834014876
2026-06-02,EUPWR,KAP,EUROPOWER ENERJİ VE OTOMASYON TEKNOLOJİLERİ SANAYİ TİCARET A.Ş. - İhale Süreci / Sonucu,EUROPOWER ENERJİ VE OTOMASYON TEKNOLOJİLERİ SANAYİ TİCARET A.Ş. - İhale Süreci / Sonucu. İhale Süreci / Sonucu Peak PV İhale Sonucu Hakkında GESAN,https://www.kap.org.tr/tr/Bildirim/1611757,tr,2026-06-02T10:17:48+00:00,0.0677126281141664,0.1495415182502059,0.7827458536356277,positive,0.7150332255214613
2026-06-02,EUYO,KAP,EURO MENKUL KIYMET YATIRIM ORTAKLIĞI A.Ş. - Özel Durum Açıklaması (Genel),"EURO MENKUL KIYMET YATIRIM ORTAKLIĞI A.Ş. - Özel Durum Açıklaması (Genel). Özel Durum Açıklaması (Genel) BİAŞ'da oluşan ağırlıklı ortalama fiyatın,pay başına net aktif değerin 2 katını aşması",https://www.kap.org.tr/tr/Bildirim/1611885,tr,2026-06-02T14:56:29+00:00,0.1926719590356213,0.7053067938395009,0.1020212471248777,neutral,-0.0906507119107435
2026-06-02,FRIGO,KAP,FRİGO-PAK GIDA MADDELERİ SANAYİ VE TİCARET A.Ş. - Şirket Genel Bilgi Formu,FRİGO-PAK GIDA MADDELERİ SANAYİ VE TİCARET A.Ş. - Şirket Genel Bilgi Formu. Şirket Genel Bilgi Formu,https://www.kap.org.tr/tr/Bildirim/1611858,tr,2026-06-02T14:17:01+00:00,0.0844445154166005,0.819042688281556,0.0965127963018432,neutral,0.0120682808852427
2026-06-02,GARAN,KAP,TÜRKİYE GARANTİ BANKASI A.Ş. - Pay Dışında Sermaye Piyasası Aracı İşlemlerine İlişkin Bildirim (Faiz İçeren),TÜRKİYE GARANTİ BANKASI A.Ş. - Pay Dışında Sermaye Piyasası Aracı İşlemlerine İlişkin Bildirim (Faiz İçeren). Pay Dışında Sermaye Piyasası Aracı İşlemlerine İlişkin Bildirim (Faiz İçeren) MTN ihracı itfası,https://www.kap.org.tr/tr/Bildirim/1612083,tr,2026-06-02T18:11:14+00:00,0.0396104211293047,0.9060313496650724,0.054358229205623,neutral,0.0147478080763183
2026-06-02,GLRMK,KAP,GÜLERMAK AĞIR SANAYİ İNŞAAT VE TAAHHÜT A.Ş. - Genel Kurul İşlemlerine İlişkin Bildirim,GÜLERMAK AĞIR SANAYİ İNŞAAT VE TAAHHÜT A.Ş. - Genel Kurul İşlemlerine İlişkin Bildirim. Genel Kurul İşlemlerine İlişkin Bildirim 2025 Yılı Olağan Genel Kurul Toplantısı Sonucu,https://www.kap.org.tr/tr/Bildirim/1612032,tr,2026-06-02T17:34:59+00:00,0.2083390240221148,0.6980467276935144,0.0936142482843707,neutral,-0.114724775737744
2026-06-02,GLRMK,KAP,GÜLERMAK AĞIR SANAYİ İNŞAAT VE TAAHHÜT A.Ş. - Kar Payı Dağıtım İşlemlerine İlişkin Bildirim,GÜLERMAK AĞIR SANAYİ İNŞAAT VE TAAHHÜT A.Ş. - Kar Payı Dağıtım İşlemlerine İlişkin Bildirim. Kar Payı Dağıtım İşlemlerine İlişkin Bildirim Kâr Payı Dağıtımına İlişkin Genel Kurul Kararı,https://www.kap.org.tr/tr/Bildirim/1612055,tr,2026-06-02T17:55:06+00:00,0.1377384609305534,0.0461146114418124,0.8161469276276342,positive,0.6784084666970808
2026-06-02,GLRMK,KAP,GÜLERMAK AĞIR SANAYİ İNŞAAT VE TAAHHÜT A.Ş. - Bağımsız Denetim Kuruluşunun Belirlenmesi,GÜLERMAK AĞIR SANAYİ İNŞAAT VE TAAHHÜT A.Ş. - Bağımsız Denetim Kuruluşunun Belirlenmesi. Bağımsız Denetim Kuruluşunun Belirlenmesi Bağımsız Denetim Şirketi Seçimi Hakkında,https://www.kap.org.tr/tr/Bildirim/1612056,tr,2026-06-02T17:56:03+00:00,0.0914108229745261,0.8178146225857081,0.0907745544397657,neutral,-0.0006362685347603
2026-06-02,GLRYH,KAP,GÜLER YATIRIM HOLDİNG A.Ş. - Özel Durum Açıklaması (Genel),GÜLER YATIRIM HOLDİNG A.Ş. - Özel Durum Açıklaması (Genel). Özel Durum Açıklaması (Genel) Girişim Yatırımından Çıkış Yapılması Hk. PRDGS,https://www.kap.org.tr/tr/Bildirim/1612175,tr,2026-06-02T18:42:38+00:00,0.3352832934597018,0.5270769701848136,0.1376397363554845,neutral,-0.1976435571042172
2026-06-02,GLYHO,KAP,GLOBAL YATIRIM HOLDİNG A.Ş. - Payların Geri Alınmasına İlişkin Bildirim,GLOBAL YATIRIM HOLDİNG A.Ş. - Payların Geri Alınmasına İlişkin Bildirim. Payların Geri Alınmasına İlişkin Bildirim 02.06.2026 Tarihli Pay Geri Alım İşlemleri,https://www.kap.org.tr/tr/Bildirim/1612166,tr,2026-06-02T18:30:28+00:00,0.0463489619800408,0.0748674453278896,0.8787835926920696,positive,0.8324346307120287
2026-06-02,GRNYO,KAP,GARANTİ YATIRIM ORTAKLIĞI A.Ş. - Özel Durum Açıklaması (Genel),"GARANTİ YATIRIM ORTAKLIĞI A.Ş. - Özel Durum Açıklaması (Genel). Özel Durum Açıklaması (Genel) Paylarının BİAŞ'ta oluşan ağırlıklı ortalama fiyatının, pay başına net aktif değerinin 2 katını aşması hakkında.",https://www.kap.org.tr/tr/Bildirim/1611782,tr,2026-06-02T11:21:52+00:00,0.1608137870998377,0.735047836946236,0.1041383759539263,neutral,-0.0566754111459113
2026-06-02,GSDHO,KAP,GSD HOLDİNG A.Ş. - Özel Durum Açıklaması (Genel),GSD HOLDİNG A.Ş. - Özel Durum Açıklaması (Genel). Özel Durum Açıklaması (Genel) GSD 4 Limited tarafından bir adet kuru yük gemisi satın alınması,https://www.kap.org.tr/tr/Bildirim/1612176,tr,2026-06-02T18:47:58+00:00,0.3463566256619524,0.5073178950779534,0.1463254792600941,neutral,-0.2000311464018582
2026-06-02,GSDHO,KAP,GSD HOLDİNG A.Ş. - Özel Durum Açıklaması (Genel),GSD HOLDİNG A.Ş. - Özel Durum Açıklaması (Genel). Özel Durum Açıklaması (Genel) Şirketimizin bağlı ortaklığı GSD Shipping B.V. tarafından yeni inşa edilecek kuru yük gemisi alımı ile ilgili niyet mektubu imzalanması hakkında,https://www.kap.org.tr/tr/Bildirim/1612177,tr,2026-06-02T18:48:13+00:00,0.3829700604377214,0.3982801723290708,0.2187497672332076,neutral,-0.1642202932045138
2026-06-02,HALKB,KAP,TÜRKİYE HALK BANKASI A.Ş. - Şirket Genel Bilgi Formu,TÜRKİYE HALK BANKASI A.Ş. - Şirket Genel Bilgi Formu. Şirket Genel Bilgi Formu,https://www.kap.org.tr/tr/Bildirim/1612057,tr,2026-06-02T17:58:14+00:00,0.1305623222252727,0.7561019641158696,0.1133357136588576,neutral,-0.0172266085664151
2026-06-02,HDFFL,KAP,HEDEF ARAÇ KİRALAMA VE SERVİS A.Ş. - Pay Dışında Sermaye Piyasası Aracı İşlemlerine İlişkin Bildirim (Faiz İçeren),HEDEF ARAÇ KİRALAMA VE SERVİS A.Ş. - Pay Dışında Sermaye Piyasası Aracı İşlemlerine İlişkin Bildirim (Faiz İçeren). Pay Dışında Sermaye Piyasası Aracı İşlemlerine İlişkin Bildirim (Faiz İçeren) 4. Kupon Oranının Belirlenmesi,https://www.kap.org.tr/tr/Bildirim/1612210,tr,2026-06-02T21:01:45+00:00,0.027497864120324,0.9310726584801416,0.0414294773995342,neutral,0.0139316132792101
2026-06-02,HEDEF,KAP,HEDEF HOLDİNG A.Ş. - Özel Durum Açıklaması (Genel),HEDEF HOLDİNG A.Ş. - Özel Durum Açıklaması (Genel). Özel Durum Açıklaması (Genel) İştirakimiz Colendi Menkul Değerler A.Ş.'nin. Sermaye Artırım İşlemi Hk. COL,https://www.kap.org.tr/tr/Bildirim/1612105,tr,2026-06-02T18:12:05+00:00,0.3173871752794249,0.5317585965910758,0.1508542281294993,neutral,-0.1665329471499256
2026-06-02,HEDEF,KAP,HEDEF HOLDİNG A.Ş. - Özel Durum Açıklaması (Genel),HEDEF HOLDİNG A.Ş. - Özel Durum Açıklaması (Genel). Özel Durum Açıklaması (Genel) Yönetim Kurulu Üyesi İstifası Hk.,https://www.kap.org.tr/tr/Bildirim/1612108,tr,2026-06-02T18:12:30+00:00,0.3475583116797623,0.5038919578334824,0.1485497304867553,neutral,-0.1990085811930069
2026-06-02,HEDEF,KAP,HEDEF HOLDİNG A.Ş. - Şirket Genel Bilgi Formu,HEDEF HOLDİNG A.Ş. - Şirket Genel Bilgi Formu. Şirket Genel Bilgi Formu,https://www.kap.org.tr/tr/Bildirim/1612111,tr,2026-06-02T18:12:41+00:00,0.1284799774656772,0.7340900344214554,0.1374299881128675,neutral,0.0089500106471903
2026-06-02,HLVKS,KAP,HALK VARLIK KİRALAMA A.Ş. - Pay Dışında Sermaye Piyasası Aracı İşlemlerine İlişkin Bildirim (Faizsiz),HALK VARLIK KİRALAMA A.Ş. - Pay Dışında Sermaye Piyasası Aracı İşlemlerine İlişkin Bildirim (Faizsiz). Pay Dışında Sermaye Piyasası Aracı İşlemlerine İlişkin Bildirim (Faizsiz) TRDHVKA32715 ISIN Kodlu Kira Sertifikası İhracının Birinci Dönem Dönemsel Getiri Ödemesi HALKF,https://www.kap.org.tr/tr/Bildirim/1611785,tr,2026-06-02T11:32:49+00:00,0.0521561464054029,0.8790315748157204,0.0688122787788767,neutral,0.0166561323734737
2026-06-02,HLVKS,KAP,HALK VARLIK KİRALAMA A.Ş. - Tertip İhraç Belgesi,HALK VARLIK KİRALAMA A.Ş. - Tertip İhraç Belgesi. Tertip İhraç Belgesi Emlak Konut GYO 10.Tertip İhraç Belgesi EKGYO,https://www.kap.org.tr/tr/Bildirim/1611788,tr,2026-06-02T11:39:25+00:00,0.1273589431991691,0.7247536042123048,0.1478874525885259,neutral,0.0205285093893568
2026-06-02,HUZFA,KAP,HUZUR FAKTORİNG A.Ş. - Pay Dışında Sermaye Piyasası Aracı İşlemlerine İlişkin Bildirim (Faiz İçeren),HUZUR FAKTORİNG A.Ş. - Pay Dışında Sermaye Piyasası Aracı İşlemlerine İlişkin Bildirim (Faiz İçeren). Pay Dışında Sermaye Piyasası Aracı İşlemlerine İlişkin Bildirim (Faiz İçeren) TRFHZRF92610 ISIN KODLU FİNANSMAN BONOSU 3.KUPON ORANI BELİRLENMESİ,https://www.kap.org.tr/tr/Bildirim/1611975,tr,2026-06-02T16:36:16+00:00,0.0393579316775463,0.9047741171326028,0.0558679511898509,neutral,0.0165100195123045
2026-06-02,IHLAS,KAP,İHLAS HOLDİNG A.Ş. - Sermaye Artırımı - Azaltımı İşlemlerine İlişkin Bildirim,İHLAS HOLDİNG A.Ş. - Sermaye Artırımı - Azaltımı İşlemlerine İlişkin Bildirim. Sermaye Artırımı - Azaltımı İşlemlerine İlişkin Bildirim Bedelli Sermaye Artırımına İlişkin Alınan Yönetim Kurulu Kararının Revizesi Hakkında,https://www.kap.org.tr/tr/Bildirim/1612048,tr,2026-06-02T17:45:09+00:00,0.1668787837608809,0.2685159395775625,0.5646052766615565,positive,0.3977264929006756
2026-06-02,INFO,KAP,İNFO YATIRIM MENKUL DEĞERLER A.Ş. - Özel Durum Açıklaması (Genel),İNFO YATIRIM MENKUL DEĞERLER A.Ş. - Özel Durum Açıklaması (Genel). Özel Durum Açıklaması (Genel) Yönetim Kurulu Üyesi Ataması hk.,https://www.kap.org.tr/tr/Bildirim/1612082,tr,2026-06-02T18:11:12+00:00,0.2959227838246224,0.6039459983426514,0.1001312178327263,neutral,-0.195791565991896
2026-06-02,INGRM,KAP,INGRAM MİCRO BİLİŞİM SİSTEMLERİ A.Ş. - Genel Kurul İşlemlerine İlişkin Bildirim,INGRAM MİCRO BİLİŞİM SİSTEMLERİ A.Ş. - Genel Kurul İşlemlerine İlişkin Bildirim. Genel Kurul İşlemlerine İlişkin Bildirim 2025 Yılı Olağan Genel Kurul Toplantısı,https://www.kap.org.tr/tr/Bildirim/1612019,tr,2026-06-02T17:13:22+00:00,0.2076876063379962,0.6882427660411671,0.1040696276208367,neutral,-0.1036179787171595
2026-06-02,INGRM,KAP,INGRAM MİCRO BİLİŞİM SİSTEMLERİ A.Ş. - Kar Payı Dağıtım İşlemlerine İlişkin Bildirim,INGRAM MİCRO BİLİŞİM SİSTEMLERİ A.Ş. - Kar Payı Dağıtım İşlemlerine İlişkin Bildirim. Kar Payı Dağıtım İşlemlerine İlişkin Bildirim 2025 yılı Kar Payı Dağıtımına İlişkin Yönetim Kurulu Kararı,https://www.kap.org.tr/tr/Bildirim/1612023,tr,2026-06-02T17:18:46+00:00,0.0940685766816048,0.033711500539214,0.872219922779181,positive,0.7781513460975762
2026-06-02,INVEO,KAP,INVEO YATIRIM HOLDİNG A.Ş. - Şirket Genel Bilgi Formu,INVEO YATIRIM HOLDİNG A.Ş. - Şirket Genel Bilgi Formu. Şirket Genel Bilgi Formu,https://www.kap.org.tr/tr/Bildirim/1612062,tr,2026-06-02T18:10:20+00:00,0.1171810902656686,0.7555012651623714,0.1273176445719598,neutral,0.0101365543062911
2026-06-02,ISATR,KAP,TÜRKİYE İŞ BANKASI A.Ş. - Pay Dışında Sermaye Piyasası Aracı İşlemlerine İlişkin Bildirim (Faiz İçeren),TÜRKİYE İŞ BANKASI A.Ş. - Pay Dışında Sermaye Piyasası Aracı İşlemlerine İlişkin Bildirim (Faiz İçeren). Pay Dışında Sermaye Piyasası Aracı İşlemlerine İlişkin Bildirim (Faiz İçeren) Yurtdışı Piyasalara Tahvil İhracı,https://www.kap.org.tr/tr/Bildirim/1611786,tr,2026-06-02T11:35:03+00:00,0.0443848913760433,0.8974819785284599,0.0581331300954967,neutral,0.0137482387194534
2026-06-02,ISBTR,KAP,TÜRKİYE İŞ BANKASI A.Ş. - Pay Dışında Sermaye Piyasası Aracı İşlemlerine İlişkin Bildirim (Faiz İçeren),TÜRKİYE İŞ BANKASI A.Ş. - Pay Dışında Sermaye Piyasası Aracı İşlemlerine İlişkin Bildirim (Faiz İçeren). Pay Dışında Sermaye Piyasası Aracı İşlemlerine İlişkin Bildirim (Faiz İçeren) Yurtdışı Piyasalara Tahvil İhracı,https://www.kap.org.tr/tr/Bildirim/1611786,tr,2026-06-02T11:35:03+00:00,0.0443848913760433,0.8974819785284599,0.0581331300954967,neutral,0.0137482387194534
2026-06-02,ISCTR,KAP,TÜRKİYE İŞ BANKASI A.Ş. - Pay Dışında Sermaye Piyasası Aracı İşlemlerine İlişkin Bildirim (Faiz İçeren),TÜRKİYE İŞ BANKASI A.Ş. - Pay Dışında Sermaye Piyasası Aracı İşlemlerine İlişkin Bildirim (Faiz İçeren). Pay Dışında Sermaye Piyasası Aracı İşlemlerine İlişkin Bildirim (Faiz İçeren) Yurtdışı Piyasalara Tahvil İhracı,https://www.kap.org.tr/tr/Bildirim/1611786,tr,2026-06-02T11:35:03+00:00,0.0443848913760433,0.8974819785284599,0.0581331300954967,neutral,0.0137482387194534
2026-06-02,ISKUR,KAP,TÜRKİYE İŞ BANKASI A.Ş. - Pay Dışında Sermaye Piyasası Aracı İşlemlerine İlişkin Bildirim (Faiz İçeren),TÜRKİYE İŞ BANKASI A.Ş. - Pay Dışında Sermaye Piyasası Aracı İşlemlerine İlişkin Bildirim (Faiz İçeren). Pay Dışında Sermaye Piyasası Aracı İşlemlerine İlişkin Bildirim (Faiz İçeren) Yurtdışı Piyasalara Tahvil İhracı,https://www.kap.org.tr/tr/Bildirim/1611786,tr,2026-06-02T11:35:03+00:00,0.0443848913760433,0.8974819785284599,0.0581331300954967,neutral,0.0137482387194534
2026-06-02,ISMEN,KAP,İŞ YATIRIM MENKUL DEĞERLER A.Ş. - Özel Durum Açıklaması (Genel),İŞ YATIRIM MENKUL DEĞERLER A.Ş. - Özel Durum Açıklaması (Genel). Özel Durum Açıklaması (Genel) DO & CO Aktiengesellschaft Temettü Dağıtımı DOCO,https://www.kap.org.tr/tr/Bildirim/1611833,tr,2026-06-02T13:33:06+00:00,0.3181021428477574,0.5656987047418318,0.1161991524104106,neutral,-0.2019029904373468
2026-06-02,ISMEN,KAP,İŞ YATIRIM MENKUL DEĞERLER A.Ş. - Piyasa Yapıcılığı Kapsamında Gerçekleştirilen İşlemler Bildirimi,İŞ YATIRIM MENKUL DEĞERLER A.Ş. - Piyasa Yapıcılığı Kapsamında Gerçekleştirilen İşlemler Bildirimi. Piyasa Yapıcılığı Kapsamında Gerçekleştirilen İşlemler Bildirimi Borsa Yatırım Fonu Piyasa Yapıcılığı İşlemleri ISGLK,https://www.kap.org.tr/tr/Bildirim/1612035,tr,2026-06-02T17:36:51+00:00,0.1089235163408319,0.7776769728658276,0.1133995107933403,neutral,0.0044759944525084
2026-06-02,ISMEN,KAP,İŞ YATIRIM MENKUL DEĞERLER A.Ş. - Yatırım Kuruluşu Varant - Sertifika - Senetlerine İlişkin Bildirim,İŞ YATIRIM MENKUL DEĞERLER A.Ş. - Yatırım Kuruluşu Varant - Sertifika - Senetlerine İlişkin Bildirim. Yatırım Kuruluşu Varant - Sertifika - Senetlerine İlişkin Bildirim İş Yatırım Sertifika ve Varant Alım Satım İşlemleri,https://www.kap.org.tr/tr/Bildirim/1612036,tr,2026-06-02T17:37:15+00:00,0.0895846613283037,0.7899223826599613,0.1204929560117349,neutral,0.0309082946834312
2026-06-02,IYF,KAP,İNFO YATIRIM MENKUL DEĞERLER A.Ş. - Özel Durum Açıklaması (Genel),İNFO YATIRIM MENKUL DEĞERLER A.Ş. - Özel Durum Açıklaması (Genel). Özel Durum Açıklaması (Genel) Yönetim Kurulu Üyesi Ataması hk.,https://www.kap.org.tr/tr/Bildirim/1612082,tr,2026-06-02T18:11:12+00:00,0.2959227838246224,0.6039459983426514,0.1001312178327263,neutral,-0.195791565991896
2026-06-02,IYM,KAP,İŞ YATIRIM MENKUL DEĞERLER A.Ş. - Özel Durum Açıklaması (Genel),İŞ YATIRIM MENKUL DEĞERLER A.Ş. - Özel Durum Açıklaması (Genel). Özel Durum Açıklaması (Genel) DO & CO Aktiengesellschaft Temettü Dağıtımı DOCO,https://www.kap.org.tr/tr/Bildirim/1611833,tr,2026-06-02T13:33:06+00:00,0.3181021428477574,0.5656987047418318,0.1161991524104106,neutral,-0.2019029904373468
2026-06-02,IYM,KAP,İŞ YATIRIM MENKUL DEĞERLER A.Ş. - Piyasa Yapıcılığı Kapsamında Gerçekleştirilen İşlemler Bildirimi,İŞ YATIRIM MENKUL DEĞERLER A.Ş. - Piyasa Yapıcılığı Kapsamında Gerçekleştirilen İşlemler Bildirimi. Piyasa Yapıcılığı Kapsamında Gerçekleştirilen İşlemler Bildirimi Borsa Yatırım Fonu Piyasa Yapıcılığı İşlemleri ISGLK,https://www.kap.org.tr/tr/Bildirim/1612035,tr,2026-06-02T17:36:51+00:00,0.1089235163408319,0.7776769728658276,0.1133995107933403,neutral,0.0044759944525084
2026-06-02,IYM,KAP,İŞ YATIRIM MENKUL DEĞERLER A.Ş. - Yatırım Kuruluşu Varant - Sertifika - Senetlerine İlişkin Bildirim,İŞ YATIRIM MENKUL DEĞERLER A.Ş. - Yatırım Kuruluşu Varant - Sertifika - Senetlerine İlişkin Bildirim. Yatırım Kuruluşu Varant - Sertifika - Senetlerine İlişkin Bildirim İş Yatırım Sertifika ve Varant Alım Satım İşlemleri,https://www.kap.org.tr/tr/Bildirim/1612036,tr,2026-06-02T17:37:15+00:00,0.0895846613283037,0.7899223826599613,0.1204929560117349,neutral,0.0309082946834312
2026-06-02,IZFAS,KAP,İZMİR FIRÇA SANAYİ VE TİCARET A.Ş. - Genel Kurul İşlemlerine İlişkin Bildirim,İZMİR FIRÇA SANAYİ VE TİCARET A.Ş. - Genel Kurul İşlemlerine İlişkin Bildirim. Genel Kurul İşlemlerine İlişkin Bildirim ERTELENEN 2025 YILI OLAĞAN GENEL KURUL TOPLANTISI YAPILMIŞTIR,https://www.kap.org.tr/tr/Bildirim/1611888,tr,2026-06-02T15:05:24+00:00,0.1310773898040409,0.8002532916183892,0.0686693185775697,neutral,-0.0624080712264712
2026-06-02,IZFAS,KAP,İZMİR FIRÇA SANAYİ VE TİCARET A.Ş. - Kar Payı Dağıtım İşlemlerine İlişkin Bildirim,İZMİR FIRÇA SANAYİ VE TİCARET A.Ş. - Kar Payı Dağıtım İşlemlerine İlişkin Bildirim. Kar Payı Dağıtım İşlemlerine İlişkin Bildirim 2025 YILI KAR PAYI DAĞITIMI 2025 GENEL KURUL TOPLANTISINDA GÖRÜŞÜLMÜŞTÜR.,https://www.kap.org.tr/tr/Bildirim/1611890,tr,2026-06-02T15:14:49+00:00,0.1374693006034496,0.0899110493676401,0.7726196500289103,positive,0.6351503494254607
2026-06-02,IZFAS,KAP,İZMİR FIRÇA SANAYİ VE TİCARET A.Ş. - Bağımsız Denetim Kuruluşunun Belirlenmesi,İZMİR FIRÇA SANAYİ VE TİCARET A.Ş. - Bağımsız Denetim Kuruluşunun Belirlenmesi. Bağımsız Denetim Kuruluşunun Belirlenmesi 2026 YILI İÇİN BAĞIMSIZ DENETİM ŞİRKLETİNİN SEÇİMİNİN GENEL KURULDA ONAYLANMASI,https://www.kap.org.tr/tr/Bildirim/1611893,tr,2026-06-02T15:22:20+00:00,0.0845076871501808,0.8398937457979975,0.0755985670518216,neutral,-0.0089091200983592
2026-06-02,KAREL,KAP,KAREL ELEKTRONİK SANAYİ VE TİCARET A.Ş. - Özel Durum Açıklaması (Genel),KAREL ELEKTRONİK SANAYİ VE TİCARET A.Ş. - Özel Durum Açıklaması (Genel). Özel Durum Açıklaması (Genel) Yatırımcı Sunumu Hk.,https://www.kap.org.tr/tr/Bildirim/1611928,tr,2026-06-02T15:51:09+00:00,0.2342137554647153,0.6403178722914395,0.1254683722438452,neutral,-0.10874538322087
2026-06-02,KAREL,KAP,KAREL ELEKTRONİK SANAYİ VE TİCARET A.Ş. - Sermaye Artırımı - Azaltımı İşlemlerine İlişkin Bildirim,KAREL ELEKTRONİK SANAYİ VE TİCARET A.Ş. - Sermaye Artırımı - Azaltımı İşlemlerine İlişkin Bildirim. Sermaye Artırımı - Azaltımı İşlemlerine İlişkin Bildirim Tahsisli Sermaye Artırımı Borsa Başvurusu Pay Satış Fiyatı Hk.,https://www.kap.org.tr/tr/Bildirim/1612208,tr,2026-06-02T20:09:54+00:00,0.1020840326960555,0.4101422506554443,0.4877737166485003,positive,0.3856896839524447
2026-06-02,KLYPV,KAP,KALYON GÜNEŞ TEKNOLOJİLERİ ÜRETİM A.Ş. - Genel Kurul İşlemlerine İlişkin Bildirim,KALYON GÜNEŞ TEKNOLOJİLERİ ÜRETİM A.Ş. - Genel Kurul İşlemlerine İlişkin Bildirim. Genel Kurul İşlemlerine İlişkin Bildirim 2025 Olağan Genel Kurul Toplantı Tutanağı Düzeltmesi,https://www.kap.org.tr/tr/Bildirim/1611980,tr,2026-06-02T16:48:49+00:00,0.2116712364549379,0.6783182937764728,0.1100104697685891,neutral,-0.1016607666863488
2026-06-02,KLYPV,KAP,KALYON GÜNEŞ TEKNOLOJİLERİ ÜRETİM A.Ş. - Genel Kurul İşlemlerine İlişkin Bildirim,KALYON GÜNEŞ TEKNOLOJİLERİ ÜRETİM A.Ş. - Genel Kurul İşlemlerine İlişkin Bildirim. Genel Kurul İşlemlerine İlişkin Bildirim 2025 Yılı Olağan Genel Kurul Toplantısı Sonuçlarının Tescili,https://www.kap.org.tr/tr/Bildirim/1612014,tr,2026-06-02T17:10:27+00:00,0.2059218462944268,0.6855996011864878,0.1084785525190853,neutral,-0.0974432937753414
2026-06-02,KLYPV,KAP,KALYON GÜNEŞ TEKNOLOJİLERİ ÜRETİM A.Ş. - Bağımsız Denetim Kuruluşunun Belirlenmesi,KALYON GÜNEŞ TEKNOLOJİLERİ ÜRETİM A.Ş. - Bağımsız Denetim Kuruluşunun Belirlenmesi. Bağımsız Denetim Kuruluşunun Belirlenmesi Bağımsız Denetim Kuruluşu seçiminin tescil ve ilanı,https://www.kap.org.tr/tr/Bildirim/1612020,tr,2026-06-02T17:14:32+00:00,0.082935357124038,0.8150650075793375,0.1019996352966243,neutral,0.0190642781725863
2026-06-02,KNTFA,KAP,KENT FİNANS FAKTORİNG A.Ş. - Pay Dışında Sermaye Piyasası Aracı İşlemlerine İlişkin Bildirim (Faiz İçeren),KENT FİNANS FAKTORİNG A.Ş. - Pay Dışında Sermaye Piyasası Aracı İşlemlerine İlişkin Bildirim (Faiz İçeren). Pay Dışında Sermaye Piyasası Aracı İşlemlerine İlişkin Bildirim (Faiz İçeren) Finansman Bonosu ve Kupon Ödemesi Hk.,https://www.kap.org.tr/tr/Bildirim/1611944,tr,2026-06-02T16:18:54+00:00,0.0451231577715478,0.890899984505017,0.0639768577234351,neutral,0.0188536999518872
2026-06-02,KTLEV,KAP,KATILIMEVİM TASARRUF FİNANSMAN A.Ş. - Özel Durum Açıklaması (Genel),KATILIMEVİM TASARRUF FİNANSMAN A.Ş. - Özel Durum Açıklaması (Genel). Özel Durum Açıklaması (Genel) Antalya Alanya Şube Açılışı Hk.,https://www.kap.org.tr/tr/Bildirim/1611835,tr,2026-06-02T13:40:57+00:00,0.3915937676577516,0.4867207601661891,0.1216854721760591,neutral,-0.2699082954816924
2026-06-02,KTSVK,KAP,KT SUKUK VARLIK KİRALAMA A.Ş. - Pay Dışında Sermaye Piyasası Aracı İşlemlerine İlişkin Bildirim (Faizsiz),KT SUKUK VARLIK KİRALAMA A.Ş. - Pay Dışında Sermaye Piyasası Aracı İşlemlerine İlişkin Bildirim (Faizsiz). Pay Dışında Sermaye Piyasası Aracı İşlemlerine İlişkin Bildirim (Faizsiz) TRDKTSK62654 ISIN Kodlu Kira Sertifikası İtfa ve Kupon Ödemesi Hk. DINCR,https://www.kap.org.tr/tr/Bildirim/1611767,tr,2026-06-02T10:37:11+00:00,0.0473768049109599,0.886741591392448,0.065881603696592,neutral,0.018504798785632
2026-06-02,KZBGY,KAP,KIZILBÜK GAYRİMENKUL YATIRIM ORTAKLIĞI A.Ş. - Özel Durum Açıklaması (Genel),KIZILBÜK GAYRİMENKUL YATIRIM ORTAKLIĞI A.Ş. - Özel Durum Açıklaması (Genel). Özel Durum Açıklaması (Genel) Marmaris Sinpaş Kızılbük Thermal Wellness Resort Projemize Ait Güncel Satış Bilgisi Hk.,https://www.kap.org.tr/tr/Bildirim/1612214,tr,2026-06-02T22:58:18+00:00,0.2223232384540679,0.6703635687245759,0.1073131928213562,neutral,-0.1150100456327117
2026-06-02,LIDFA,KAP,LİDER FAKTORİNG A.Ş. - Pay Dışında Sermaye Piyasası Aracı İşlemlerine İlişkin Bildirim (Faiz İçeren),LİDER FAKTORİNG A.Ş. - Pay Dışında Sermaye Piyasası Aracı İşlemlerine İlişkin Bildirim (Faiz İçeren). Pay Dışında Sermaye Piyasası Aracı İşlemlerine İlişkin Bildirim (Faiz İçeren) TRFLDFK32719 ISIN Kodlu BOno Kupon Oranı,https://www.kap.org.tr/tr/Bildirim/1611979,tr,2026-06-02T16:47:42+00:00,0.0449032244608753,0.8894587788116509,0.0656379967274739,neutral,0.0207347722665985
2026-06-02,MGROS,KAP,MİGROS TİCARET A.Ş. - Özel Durum Açıklaması (Genel),MİGROS TİCARET A.Ş. - Özel Durum Açıklaması (Genel). Özel Durum Açıklaması (Genel) Üst Yönetim Değişikliği,https://www.kap.org.tr/tr/Bildirim/1612203,tr,2026-06-02T19:57:53+00:00,0.3096833923399439,0.5769538799773617,0.1133627276826942,neutral,-0.1963206646572496
2026-06-02,MGROS,KAP,MİGROS TİCARET A.Ş. - Şirket Genel Bilgi Formu,MİGROS TİCARET A.Ş. - Şirket Genel Bilgi Formu. Şirket Genel Bilgi Formu,https://www.kap.org.tr/tr/Bildirim/1612204,tr,2026-06-02T19:58:05+00:00,0.1131239779003367,0.7778757076313925,0.1090003144682708,neutral,-0.0041236634320659
2026-06-02,MGROS,KAP,MİGROS TİCARET A.Ş. - Esas Sözleşme,MİGROS TİCARET A.Ş. - Esas Sözleşme. Esas Sözleşme Esas Sözleşme,https://www.kap.org.tr/tr/Bildirim/1612205,tr,2026-06-02T19:58:48+00:00,0.1349309602180867,0.6346676201125048,0.2304014196694084,neutral,0.0954704594513217
2026-06-02,MINTF,KAP,MİNT FİNANSMAN A.Ş. - Pay Dışında Sermaye Piyasası Aracı İşlemlerine İlişkin Bildirim (Faiz İçeren),MİNT FİNANSMAN A.Ş. - Pay Dışında Sermaye Piyasası Aracı İşlemlerine İlişkin Bildirim (Faiz İçeren). Pay Dışında Sermaye Piyasası Aracı İşlemlerine İlişkin Bildirim (Faiz İçeren) TRFMINTA2619 ISIN Kodlu 75.000.000 TL Tutarındaki Bononun 2. Kupon Ödemesi Hakkında,https://www.kap.org.tr/tr/Bildirim/1611945,tr,2026-06-02T16:20:38+00:00,0.0548600469144611,0.8765740364257245,0.0685659166598143,neutral,0.0137058697453532
2026-06-02,MOBTL,KAP,MOBİLTEL İLETİŞİM HİZMETLERİ SANAYİ VE TİCARET A.Ş. - Genel Kurul İşlemlerine İlişkin Bildirim,MOBİLTEL İLETİŞİM HİZMETLERİ SANAYİ VE TİCARET A.Ş. - Genel Kurul İşlemlerine İlişkin Bildirim. Genel Kurul İşlemlerine İlişkin Bildirim 2025 Yılı Olağan Genel Kurul Toplantı Sonucu,https://www.kap.org.tr/tr/Bildirim/1612025,tr,2026-06-02T17:24:53+00:00,0.1228123970447961,0.7733925995904566,0.103795003364747,neutral,-0.0190173936800491
2026-06-02,MOBTL,KAP,MOBİLTEL İLETİŞİM HİZMETLERİ SANAYİ VE TİCARET A.Ş. - Kar Payı Dağıtım İşlemlerine İlişkin Bildirim,MOBİLTEL İLETİŞİM HİZMETLERİ SANAYİ VE TİCARET A.Ş. - Kar Payı Dağıtım İşlemlerine İlişkin Bildirim. Kar Payı Dağıtım İşlemlerine İlişkin Bildirim 2025 Yılı Kar-Zarar Dağıtımı Hakkında Genel Kurul Kararı,https://www.kap.org.tr/tr/Bildirim/1612030,tr,2026-06-02T17:31:37+00:00,0.1195139042460061,0.0868647503619221,0.7936213453920717,positive,0.6741074411460656
2026-06-02,MOBTL,KAP,MOBİLTEL İLETİŞİM HİZMETLERİ SANAYİ VE TİCARET A.Ş. - Bağımsız Denetim Kuruluşunun Belirlenmesi,MOBİLTEL İLETİŞİM HİZMETLERİ SANAYİ VE TİCARET A.Ş. - Bağımsız Denetim Kuruluşunun Belirlenmesi. Bağımsız Denetim Kuruluşunun Belirlenmesi Bağımsız Denetim Şirketinin Seçimi,https://www.kap.org.tr/tr/Bildirim/1612042,tr,2026-06-02T17:38:45+00:00,0.0588252900512528,0.8616900292785215,0.0794846806702258,neutral,0.0206593906189729
2026-06-02,MOBTL,KAP,MOBİLTEL İLETİŞİM HİZMETLERİ SANAYİ VE TİCARET A.Ş. - Kayıtlı Sermaye Tavanı İşlemlerine İlişkin Bildirim,MOBİLTEL İLETİŞİM HİZMETLERİ SANAYİ VE TİCARET A.Ş. - Kayıtlı Sermaye Tavanı İşlemlerine İlişkin Bildirim. Kayıtlı Sermaye Tavanı İşlemlerine İlişkin Bildirim Kayıtlı Sermaye Tavanı Genel Kurul Onayı Hakkında,https://www.kap.org.tr/tr/Bildirim/1612053,tr,2026-06-02T17:51:06+00:00,0.1022179855029651,0.3907687969589635,0.5070132175380714,positive,0.4047952320351062
2026-06-02,MOBTL,KAP,MOBİLTEL İLETİŞİM HİZMETLERİ SANAYİ VE TİCARET A.Ş. - Bağımsız Denetim Kuruluşunun Belirlenmesi,MOBİLTEL İLETİŞİM HİZMETLERİ SANAYİ VE TİCARET A.Ş. - Bağımsız Denetim Kuruluşunun Belirlenmesi. Bağımsız Denetim Kuruluşunun Belirlenmesi Sürdürülebilirlik Güvence Denetimi Şirketinin Belirlenmesi Hk.,https://www.kap.org.tr/tr/Bildirim/1612060,tr,2026-06-02T18:01:19+00:00,0.0616492403170956,0.8486664223979289,0.0896843372849753,neutral,0.0280350969678796
2026-06-02,MRSHL,KAP,MARSHALL BOYA VE VERNİK SANAYİİ A.Ş. - Yönetim Kurulu Komiteleri,MARSHALL BOYA VE VERNİK SANAYİİ A.Ş. - Yönetim Kurulu Komiteleri. Yönetim Kurulu Komiteleri Komite Çalışma Esaslarının Güncellenmesi,https://www.kap.org.tr/tr/Bildirim/1611857,tr,2026-06-02T14:12:17+00:00,0.2260003078528584,0.5435751326533204,0.2304245594938211,neutral,0.0044242516409627
2026-06-02,NRBNK,KAP,NUROL YATIRIM BANKASI A.Ş. - Pay Dışında Sermaye Piyasası Aracı İşlemlerine İlişkin Bildirim (Faiz İçeren),NUROL YATIRIM BANKASI A.Ş. - Pay Dışında Sermaye Piyasası Aracı İşlemlerine İlişkin Bildirim (Faiz İçeren). Pay Dışında Sermaye Piyasası Aracı İşlemlerine İlişkin Bildirim (Faiz İçeren) TRSNURL62720 ISIN Kodlu Tahvil Satışının Tamamlanması,https://www.kap.org.tr/tr/Bildirim/1611802,tr,2026-06-02T12:22:04+00:00,0.0338090193411808,0.91905173535311,0.0471392453057088,neutral,0.013330225964528
2026-06-02,NYB,KAP,NUROL YATIRIM BANKASI A.Ş. - Pay Dışında Sermaye Piyasası Aracı İşlemlerine İlişkin Bildirim (Faiz İçeren),NUROL YATIRIM BANKASI A.Ş. - Pay Dışında Sermaye Piyasası Aracı İşlemlerine İlişkin Bildirim (Faiz İçeren). Pay Dışında Sermaye Piyasası Aracı İşlemlerine İlişkin Bildirim (Faiz İçeren) TRSNURL62720 ISIN Kodlu Tahvil Satışının Tamamlanması,https://www.kap.org.tr/tr/Bildirim/1611802,tr,2026-06-02T12:22:04+00:00,0.0338090193411808,0.91905173535311,0.0471392453057088,neutral,0.013330225964528
2026-06-02,ODINE,KAP,ODİNE SOLUTİONS TEKNOLOJİ TİCARET VE SANAYİ A.Ş. - Kurumsal Yönetim İlkelerine Uyum Derecelendirmesi,ODİNE SOLUTİONS TEKNOLOJİ TİCARET VE SANAYİ A.Ş. - Kurumsal Yönetim İlkelerine Uyum Derecelendirmesi. Kurumsal Yönetim İlkelerine Uyum Derecelendirmesi Kurumsal Yönetim Derecelendirme Sözleşmesi Hakkında,https://www.kap.org.tr/tr/Bildirim/1611734,tr,2026-06-02T08:47:24+00:00,0.1735679966320287,0.6014270266855042,0.225004976682467,neutral,0.0514369800504383
2026-06-02,ONRYT,KAP,ONUR YÜKSEK TEKNOLOJİ A.Ş. - Özel Durum Açıklaması (Genel),ONUR YÜKSEK TEKNOLOJİ A.Ş. - Özel Durum Açıklaması (Genel). Özel Durum Açıklaması (Genel) Yönetim Kurulu Görev Dağılımı Hakkında,https://www.kap.org.tr/tr/Bildirim/1612146,tr,2026-06-02T18:13:59+00:00,0.3679949256327766,0.496984855894096,0.1350202184731273,neutral,-0.2329747071596493
2026-06-02,ONRYT,KAP,ONUR YÜKSEK TEKNOLOJİ A.Ş. - Yönetim Kurulu Komiteleri,ONUR YÜKSEK TEKNOLOJİ A.Ş. - Yönetim Kurulu Komiteleri. Yönetim Kurulu Komiteleri Yönetim Kurulu Komite Üyelerinin Belirlenmesi,https://www.kap.org.tr/tr/Bildirim/1612147,tr,2026-06-02T18:14:40+00:00,0.2474223621830008,0.529900326700401,0.2226773111165982,neutral,-0.0247450510664026
2026-06-02,ONRYT,KAP,ONUR YÜKSEK TEKNOLOJİ A.Ş. - Özel Durum Açıklaması (Genel),ONUR YÜKSEK TEKNOLOJİ A.Ş. - Özel Durum Açıklaması (Genel). Özel Durum Açıklaması (Genel) Yönetim Kurulu Başkanı ve Genel Müdürün Aynı Kişi Olmasının Gerekçesi Hk.,https://www.kap.org.tr/tr/Bildirim/1612148,tr,2026-06-02T18:15:18+00:00,0.3813959506944887,0.5028447601502775,0.1157592891552337,neutral,-0.2656366615392549
2026-06-02,ONRYT,KAP,ONUR YÜKSEK TEKNOLOJİ A.Ş. - Şirket Genel Bilgi Formu,ONUR YÜKSEK TEKNOLOJİ A.Ş. - Şirket Genel Bilgi Formu. Şirket Genel Bilgi Formu,https://www.kap.org.tr/tr/Bildirim/1612149,tr,2026-06-02T18:15:52+00:00,0.1359584809473219,0.7409387209879135,0.1231027980647645,neutral,-0.0128556828825573
2026-06-02,ORFIN,KAP,ORFİN FİNANSMAN A.Ş. - İhraç Tavanına İlişkin Bildirim,ORFİN FİNANSMAN A.Ş. - İhraç Tavanına İlişkin Bildirim. İhraç Tavanına İlişkin Bildirim 07.05.2026 TARİHLİ İHRAÇ BELGESİ VE SPK ONAYI,https://www.kap.org.tr/tr/Bildirim/1611769,tr,2026-06-02T10:43:35+00:00,0.0712285279468838,0.8290682291851786,0.0997032428679375,neutral,0.0284747149210537
2026-06-02,ORFIN,KAP,ORFİN FİNANSMAN A.Ş. - İhraç Belgesi,ORFİN FİNANSMAN A.Ş. - İhraç Belgesi. İhraç Belgesi 08.05.2026 TARİHLİ İHRAÇ BELGESİ,https://www.kap.org.tr/tr/Bildirim/1611770,tr,2026-06-02T10:45:15+00:00,0.137774871604217,0.7026415766327708,0.1595835517630122,neutral,0.0218086801587951
2026-06-02,ORGE,KAP,ORGE ENERJİ ELEKTRİK TAAHHÜT A.Ş. - Sürdürülebilirlik Raporu,ORGE ENERJİ ELEKTRİK TAAHHÜT A.Ş. - Sürdürülebilirlik Raporu. Sürdürülebilirlik Raporu 2025 Yılı TSRS Uyumlu Sürdürülebilirlik Raporu,https://www.kap.org.tr/tr/Bildirim/1612110,tr,2026-06-02T18:12:33+00:00,0.1964975364233387,0.5534305066700481,0.2500719569066131,neutral,0.0535744204832744
2026-06-02,ORMA,KAP,ORMA ORMAN MAHSÜLLERİ İNTEGRE SANAYİ VE TİCARET A.Ş. - Şirket Genel Bilgi Formu,ORMA ORMAN MAHSÜLLERİ İNTEGRE SANAYİ VE TİCARET A.Ş. - Şirket Genel Bilgi Formu. Şirket Genel Bilgi Formu,https://www.kap.org.tr/tr/Bildirim/1611733,tr,2026-06-02T08:45:17+00:00,0.0874627792552078,0.8135040831880241,0.0990331375567679,neutral,0.0115703583015601
2026-06-02,OTKAR,KAP,OTOKAR OTOMOTİV VE SAVUNMA SANAYİ A.Ş. - Pay Dışında Sermaye Piyasası Aracı İşlemlerine İlişkin Bildirim (Faiz İçeren),OTOKAR OTOMOTİV VE SAVUNMA SANAYİ A.Ş. - Pay Dışında Sermaye Piyasası Aracı İşlemlerine İlişkin Bildirim (Faiz İçeren). Pay Dışında Sermaye Piyasası Aracı İşlemlerine İlişkin Bildirim (Faiz İçeren) Tahvil İhracı Talep Toplama,https://www.kap.org.tr/tr/Bildirim/1611736,tr,2026-06-02T08:56:57+00:00,0.0384864778372046,0.9041712755290996,0.0573422466336955,neutral,0.0188557687964908
2026-06-02,OTKAR,KAP,OTOKAR OTOMOTİV VE SAVUNMA SANAYİ A.Ş. - Pay Dışında Sermaye Piyasası Aracı İşlemlerine İlişkin Bildirim (Faiz İçeren),OTOKAR OTOMOTİV VE SAVUNMA SANAYİ A.Ş. - Pay Dışında Sermaye Piyasası Aracı İşlemlerine İlişkin Bildirim (Faiz İçeren). Pay Dışında Sermaye Piyasası Aracı İşlemlerine İlişkin Bildirim (Faiz İçeren) Tahvil İhracı - Satışın Tamamlanması,https://www.kap.org.tr/tr/Bildirim/1612155,tr,2026-06-02T18:20:49+00:00,0.0424982105070438,0.8951526787178888,0.0623491107750675,neutral,0.0198509002680236
2026-06-02,OTKAR,KAP,OTOKAR OTOMOTİV VE SAVUNMA SANAYİ A.Ş. - Özel Durum Açıklaması (Genel),OTOKAR OTOMOTİV VE SAVUNMA SANAYİ A.Ş. - Özel Durum Açıklaması (Genel). Özel Durum Açıklaması (Genel) Automecanica S.A. paylarının devralınması işlemine ilişkin Romanya doğrudan yabancı yatırım otoritesi izni,https://www.kap.org.tr/tr/Bildirim/1612209,tr,2026-06-02T21:01:45+00:00,0.3137026448359495,0.5346673406598924,0.151630014504158,neutral,-0.1620726303317914
2026-06-02,OYA,KAP,OYAK YATIRIM MENKUL DEĞERLER A.Ş. - Piyasa Yapıcılığı Kapsamında Gerçekleştirilen İşlemler Bildirimi,OYAK YATIRIM MENKUL DEĞERLER A.Ş. - Piyasa Yapıcılığı Kapsamında Gerçekleştirilen İşlemler Bildirimi. Piyasa Yapıcılığı Kapsamında Gerçekleştirilen İşlemler Bildirimi 02/06/2026 TARİHLİ OYAYO PİYASA YAPICILIĞI İŞLEMLERİ OYAYO,https://www.kap.org.tr/tr/Bildirim/1612168,tr,2026-06-02T18:33:43+00:00,0.0936259817790101,0.8016427914181172,0.1047312268028724,neutral,0.0111052450238623
2026-06-02,OYAYO,KAP,OYAK YATIRIM ORTAKLIĞI A.Ş. - Özel Durum Açıklaması (Genel),"OYAK YATIRIM ORTAKLIĞI A.Ş. - Özel Durum Açıklaması (Genel). Özel Durum Açıklaması (Genel) Ortaklık paylarının BİAŞ'ta oluşan ağırlıklı ortalama fiyatının, pay başına net aktif değerinin 2 katını aşması hakkında",https://www.kap.org.tr/tr/Bildirim/1611807,tr,2026-06-02T12:40:34+00:00,0.172150023290422,0.7267236126269396,0.1011263640826383,neutral,-0.0710236592077837
2026-06-02,OYYAT,KAP,OYAK YATIRIM MENKUL DEĞERLER A.Ş. - Piyasa Yapıcılığı Kapsamında Gerçekleştirilen İşlemler Bildirimi,OYAK YATIRIM MENKUL DEĞERLER A.Ş. - Piyasa Yapıcılığı Kapsamında Gerçekleştirilen İşlemler Bildirimi. Piyasa Yapıcılığı Kapsamında Gerçekleştirilen İşlemler Bildirimi 02/06/2026 TARİHLİ OYAYO PİYASA YAPICILIĞI İŞLEMLERİ OYAYO,https://www.kap.org.tr/tr/Bildirim/1612168,tr,2026-06-02T18:33:43+00:00,0.0936259817790101,0.8016427914181172,0.1047312268028724,neutral,0.0111052450238623
2026-06-02,PETKM,KAP,PETKİM PETROKİMYA HOLDİNG A.Ş. - Şirket Genel Bilgi Formu,PETKİM PETROKİMYA HOLDİNG A.Ş. - Şirket Genel Bilgi Formu. Şirket Genel Bilgi Formu,https://www.kap.org.tr/tr/Bildirim/1612150,tr,2026-06-02T18:16:22+00:00,0.123258569717488,0.7508598098041463,0.1258816204783655,neutral,0.0026230507608775
2026-06-02,PETKM,KAP,PETKİM PETROKİMYA HOLDİNG A.Ş. - Özel Durum Açıklaması (Genel),PETKİM PETROKİMYA HOLDİNG A.Ş. - Özel Durum Açıklaması (Genel). Özel Durum Açıklaması (Genel) Kolaylaştırılmış Birleşme Nedeniyle Çoğunluk Doğrudan Hissedar Değişikliği,https://www.kap.org.tr/tr/Bildirim/1612151,tr,2026-06-02T18:16:33+00:00,0.3252162419181507,0.5405759896259471,0.1342077684559023,neutral,-0.1910084734622484
2026-06-02,PKART,KAP,PLASTİKKART AKILLI KART İLETİŞİM SİSTEMLERİ SANAYİ VE TİCARET A.Ş. - Sermaye Artırımı - Azaltımı İşlemlerine İlişkin Bildirim,PLASTİKKART AKILLI KART İLETİŞİM SİSTEMLERİ SANAYİ VE TİCARET A.Ş. - Sermaye Artırımı - Azaltımı İşlemlerine İlişkin Bildirim. Sermaye Artırımı - Azaltımı İşlemlerine İlişkin Bildirim İçsel Kaynaklardan Yapılacak Sermaye Artışı T.C. Ticaret Bakanlığı Onayı Hk.,https://www.kap.org.tr/tr/Bildirim/1611932,tr,2026-06-02T16:01:12+00:00,0.1028159201305031,0.3687629789722355,0.5284211008972612,positive,0.4256051807667581
2026-06-02,PNSUT,KAP,PINAR SÜT MAMÜLLERİ SANAYİİ A.Ş. - Pay Dışında Sermaye Piyasası Aracı İşlemlerine İlişkin Bildirim (Faiz İçeren),PINAR SÜT MAMÜLLERİ SANAYİİ A.Ş. - Pay Dışında Sermaye Piyasası Aracı İşlemlerine İlişkin Bildirim (Faiz İçeren). Pay Dışında Sermaye Piyasası Aracı İşlemlerine İlişkin Bildirim (Faiz İçeren) TRFPNST62611 ISIN Kodlu Finansman Bonosunun İtfası,https://www.kap.org.tr/tr/Bildirim/1611933,tr,2026-06-02T16:01:35+00:00,0.03797876164597,0.9081374875846664,0.0538837507693637,neutral,0.0159049891233937
2026-06-02,QNBFF,KAP,QNB FAKTORİNG A.Ş. - Pay Dışında Sermaye Piyasası Aracı İşlemlerine İlişkin Bildirim (Faiz İçeren),"QNB FAKTORİNG A.Ş. - Pay Dışında Sermaye Piyasası Aracı İşlemlerine İlişkin Bildirim (Faiz İçeren). Pay Dışında Sermaye Piyasası Aracı İşlemlerine İlişkin Bildirim (Faiz İçeren) TRFQNBFA2618 ISIN kodlu 500,000,000 TL nominal tutarlı 182 gün vadeli finansman bonolarının satışı tamamlanmıştır.",https://www.kap.org.tr/tr/Bildirim/1611739,tr,2026-06-02T09:14:01+00:00,0.0506414023473812,0.8743337087773028,0.075024888875316,neutral,0.0243834865279347
2026-06-02,QNBFF,KAP,QNB FAKTORİNG A.Ş. - Pay Dışında Sermaye Piyasası Aracı İşlemlerine İlişkin Bildirim (Faiz İçeren),QNB FAKTORİNG A.Ş. - Pay Dışında Sermaye Piyasası Aracı İşlemlerine İlişkin Bildirim (Faiz İçeren). Pay Dışında Sermaye Piyasası Aracı İşlemlerine İlişkin Bildirim (Faiz İçeren) TRFQNBF62614 ISIN nolu finansman bonosunun itfası gerçekleşmiştir.,https://www.kap.org.tr/tr/Bildirim/1611745,tr,2026-06-02T09:41:23+00:00,0.042105634601198,0.8981175525296685,0.0597768128691334,neutral,0.0176711782679353
2026-06-02,SASA,KAP,SASA POLYESTER SANAYİ A.Ş. - Özel Durum Açıklaması (Genel),SASA POLYESTER SANAYİ A.Ş. - Özel Durum Açıklaması (Genel). Özel Durum Açıklaması (Genel) Şirket Satış Performansına İlişkin Bilgilendirme,https://www.kap.org.tr/tr/Bildirim/1611742,tr,2026-06-02T09:33:25+00:00,0.3352574782672531,0.5365092374676853,0.1282332842650616,neutral,-0.2070241940021914
2026-06-02,SEK,KAP,ŞEKERBANK T.A.Ş. - Pay Dışında Sermaye Piyasası Aracı İşlemlerine İlişkin Bildirim (Faiz İçeren),ŞEKERBANK T.A.Ş. - Pay Dışında Sermaye Piyasası Aracı İşlemlerine İlişkin Bildirim (Faiz İçeren). Pay Dışında Sermaye Piyasası Aracı İşlemlerine İlişkin Bildirim (Faiz İçeren) TRSSKBKA0017 ISIN Kodlu Sermaye Benzeri Borçlanma Aracı Kupon Oranı Hk.,https://www.kap.org.tr/tr/Bildirim/1612192,tr,2026-06-02T19:12:54+00:00,0.0390973118236887,0.9034603782035624,0.0574423099727487,neutral,0.01834499814906
2026-06-02,SKBNK,KAP,ŞEKERBANK T.A.Ş. - Pay Dışında Sermaye Piyasası Aracı İşlemlerine İlişkin Bildirim (Faiz İçeren),ŞEKERBANK T.A.Ş. - Pay Dışında Sermaye Piyasası Aracı İşlemlerine İlişkin Bildirim (Faiz İçeren). Pay Dışında Sermaye Piyasası Aracı İşlemlerine İlişkin Bildirim (Faiz İçeren) TRSSKBKA0017 ISIN Kodlu Sermaye Benzeri Borçlanma Aracı Kupon Oranı Hk.,https://www.kap.org.tr/tr/Bildirim/1612192,tr,2026-06-02T19:12:54+00:00,0.0390973118236887,0.9034603782035624,0.0574423099727487,neutral,0.01834499814906
2026-06-02,SMRTG,KAP,SMART GÜNEŞ ENERJİSİ TEKNOLOJİLERİ ARAŞTIRMA GELİŞTİRME ÜRETİM SANAYİ VE TİCARET A.Ş. - Yeni İş İlişkisi,SMART GÜNEŞ ENERJİSİ TEKNOLOJİLERİ ARAŞTIRMA GELİŞTİRME ÜRETİM SANAYİ VE TİCARET A.Ş. - Yeni İş İlişkisi. Yeni İş İlişkisi Yeni iş ilişkisi,https://www.kap.org.tr/tr/Bildirim/1611869,tr,2026-06-02T14:50:23+00:00,0.0598319307133864,0.1445203341783595,0.795647735108254,positive,0.7358158043948676
2026-06-02,SMRVA,KAP,SÜMER VARLIK YÖNETİM A.Ş. - Şirket Genel Bilgi Formu,SÜMER VARLIK YÖNETİM A.Ş. - Şirket Genel Bilgi Formu. Şirket Genel Bilgi Formu,https://www.kap.org.tr/tr/Bildirim/1611943,tr,2026-06-02T16:17:27+00:00,0.1307578357616944,0.7560342128317721,0.1132079514065334,neutral,-0.0175498843551609
2026-06-02,TABGD,KAP,TAB GIDA SANAYİ VE TİCARET A.Ş. - Genel Kurul İşlemlerine İlişkin Bildirim,TAB GIDA SANAYİ VE TİCARET A.Ş. - Genel Kurul İşlemlerine İlişkin Bildirim. Genel Kurul İşlemlerine İlişkin Bildirim 2025 Yılı Olağan Genel Kurul Toplantı Sonucu,https://www.kap.org.tr/tr/Bildirim/1612215,tr,2026-06-02T23:06:33+00:00,0.1110418366341303,0.8033903882715431,0.0855677750943265,neutral,-0.0254740615398038
2026-06-02,TABGD,KAP,TAB GIDA SANAYİ VE TİCARET A.Ş. - Bağımsız Denetim Kuruluşunun Belirlenmesi,TAB GIDA SANAYİ VE TİCARET A.Ş. - Bağımsız Denetim Kuruluşunun Belirlenmesi. Bağımsız Denetim Kuruluşunun Belirlenmesi Bağımsız Denetim Kuruluşu Seçimi,https://www.kap.org.tr/tr/Bildirim/1612218,tr,2026-06-02T23:45:47+00:00,0.050572367048431,0.8839703553682917,0.0654572775832771,neutral,0.0148849105348461
2026-06-02,TABGD,KAP,TAB GIDA SANAYİ VE TİCARET A.Ş. - Kar Payı Dağıtım İşlemlerine İlişkin Bildirim,TAB GIDA SANAYİ VE TİCARET A.Ş. - Kar Payı Dağıtım İşlemlerine İlişkin Bildirim. Kar Payı Dağıtım İşlemlerine İlişkin Bildirim Yönetim Kurulunun kar payı dağıtım teklifinin Genel Kurul'da onaylanması,https://www.kap.org.tr/tr/Bildirim/1612219,tr,2026-06-02T23:46:04+00:00,0.2428674257194059,0.0782445261970705,0.6788880480835237,positive,0.4360206223641177
2026-06-02,TAC,KAP,TACİRLER YATIRIM MENKUL DEĞERLER A.Ş. - Pay Dışında Sermaye Piyasası Aracı İşlemlerine İlişkin Bildirim (Faiz İçeren),TACİRLER YATIRIM MENKUL DEĞERLER A.Ş. - Pay Dışında Sermaye Piyasası Aracı İşlemlerine İlişkin Bildirim (Faiz İçeren). Pay Dışında Sermaye Piyasası Aracı İşlemlerine İlişkin Bildirim (Faiz İçeren) TRFTCMD62613 Tac Bono İtfa Ödemesi,https://www.kap.org.tr/tr/Bildirim/1611766,tr,2026-06-02T10:34:06+00:00,0.0344360941849878,0.9216404680599266,0.0439234377550855,neutral,0.0094873435700976
2026-06-02,TAMFA,KAP,TAM FİNANS FAKTORİNG A.Ş. - Pay Dışında Sermaye Piyasası Aracı İşlemlerine İlişkin Bildirim (Faiz İçeren),TAM FİNANS FAKTORİNG A.Ş. - Pay Dışında Sermaye Piyasası Aracı İşlemlerine İlişkin Bildirim (Faiz İçeren). Pay Dışında Sermaye Piyasası Aracı İşlemlerine İlişkin Bildirim (Faiz İçeren) TRFTAMF32714 ISIN Kodlu Finansman Bonosunun 1. Kupon Oranının Belirlenmesi Hakkında,https://www.kap.org.tr/tr/Bildirim/1612037,tr,2026-06-02T17:37:19+00:00,0.0429314549751828,0.8976990939409488,0.0593694510838682,neutral,0.0164379961086853
2026-06-02,TCRYT,KAP,TACİRLER YATIRIM MENKUL DEĞERLER A.Ş. - Pay Dışında Sermaye Piyasası Aracı İşlemlerine İlişkin Bildirim (Faiz İçeren),TACİRLER YATIRIM MENKUL DEĞERLER A.Ş. - Pay Dışında Sermaye Piyasası Aracı İşlemlerine İlişkin Bildirim (Faiz İçeren). Pay Dışında Sermaye Piyasası Aracı İşlemlerine İlişkin Bildirim (Faiz İçeren) TRFTCMD62613 Tac Bono İtfa Ödemesi,https://www.kap.org.tr/tr/Bildirim/1611766,tr,2026-06-02T10:34:06+00:00,0.0344360941849878,0.9216404680599266,0.0439234377550855,neutral,0.0094873435700976
2026-06-02,TEZOL,KAP,EUROPAP TEZOL KAĞIT SANAYİ VE TİCARET A.Ş. - Payların Geri Alınmasına İlişkin Bildirim,EUROPAP TEZOL KAĞIT SANAYİ VE TİCARET A.Ş. - Payların Geri Alınmasına İlişkin Bildirim. Payların Geri Alınmasına İlişkin Bildirim Pay Geri Alım İşleminin Tamamlanması,https://www.kap.org.tr/tr/Bildirim/1612213,tr,2026-06-02T22:39:00+00:00,0.0473030286430245,0.1033510550923965,0.849345916264579,positive,0.8020428876215544
2026-06-02,TGB,KAP,TÜRKİYE GARANTİ BANKASI A.Ş. - Pay Dışında Sermaye Piyasası Aracı İşlemlerine İlişkin Bildirim (Faiz İçeren),TÜRKİYE GARANTİ BANKASI A.Ş. - Pay Dışında Sermaye Piyasası Aracı İşlemlerine İlişkin Bildirim (Faiz İçeren). Pay Dışında Sermaye Piyasası Aracı İşlemlerine İlişkin Bildirim (Faiz İçeren) MTN ihracı itfası,https://www.kap.org.tr/tr/Bildirim/1612083,tr,2026-06-02T18:11:14+00:00,0.0396104211293047,0.9060313496650724,0.054358229205623,neutral,0.0147478080763183
2026-06-02,THL,KAP,TÜRKİYE HALK BANKASI A.Ş. - Şirket Genel Bilgi Formu,TÜRKİYE HALK BANKASI A.Ş. - Şirket Genel Bilgi Formu. Şirket Genel Bilgi Formu,https://www.kap.org.tr/tr/Bildirim/1612057,tr,2026-06-02T17:58:14+00:00,0.1305623222252727,0.7561019641158696,0.1133357136588576,neutral,-0.0172266085664151
2026-06-02,TIB,KAP,TÜRKİYE İŞ BANKASI A.Ş. - Pay Dışında Sermaye Piyasası Aracı İşlemlerine İlişkin Bildirim (Faiz İçeren),TÜRKİYE İŞ BANKASI A.Ş. - Pay Dışında Sermaye Piyasası Aracı İşlemlerine İlişkin Bildirim (Faiz İçeren). Pay Dışında Sermaye Piyasası Aracı İşlemlerine İlişkin Bildirim (Faiz İçeren) Yurtdışı Piyasalara Tahvil İhracı,https://www.kap.org.tr/tr/Bildirim/1611786,tr,2026-06-02T11:35:03+00:00,0.0443848913760433,0.8974819785284599,0.0581331300954967,neutral,0.0137482387194534
2026-06-02,TRILC,KAP,TURK İLAÇ VE SERUM SANAYİ A.Ş. - Özel Durum Açıklaması (Genel),TURK İLAÇ VE SERUM SANAYİ A.Ş. - Özel Durum Açıklaması (Genel). Özel Durum Açıklaması (Genel) Ankara 3. Asliye Ticaret Mahkemesi'nin Şirketimiz Hakkındaki Konkordato Kararı,https://www.kap.org.tr/tr/Bildirim/1612170,tr,2026-06-02T18:38:37+00:00,0.4148179721943852,0.4557849098038491,0.1293971180017657,neutral,-0.2854208541926195
2026-06-02,TUCLK,KAP,TUĞÇELİK ALÜMİNYUM VE METAL MAMÜLLERİ SANAYİ VE TİCARET A.Ş. - Kayıtlı Sermaye Tavanı İşlemlerine İlişkin Bildirim,TUĞÇELİK ALÜMİNYUM VE METAL MAMÜLLERİ SANAYİ VE TİCARET A.Ş. - Kayıtlı Sermaye Tavanı İşlemlerine İlişkin Bildirim. Kayıtlı Sermaye Tavanı İşlemlerine İlişkin Bildirim Kayıtlı Sermaye Tavanının Artırılması Ve Geçerlilik Süresinin Uzatılması Hakkında Yönetim Kurulu Kararı,https://www.kap.org.tr/tr/Bildirim/1611896,tr,2026-06-02T15:33:48+00:00,0.0944798266509463,0.3506748746680855,0.5548452986809682,positive,0.4603654720300218
2026-06-02,TVB,KAP,TÜRKİYE VAKIFLAR BANKASI T.A.O. - Pay Dışında Sermaye Piyasası Aracı İşlemlerine İlişkin Bildirim (Faiz İçeren),TÜRKİYE VAKIFLAR BANKASI T.A.O. - Pay Dışında Sermaye Piyasası Aracı İşlemlerine İlişkin Bildirim (Faiz İçeren). Pay Dışında Sermaye Piyasası Aracı İşlemlerine İlişkin Bildirim (Faiz İçeren) Nitelikli Yatırımcılara Finansman Bonosu İhracının Tamamlanması,https://www.kap.org.tr/tr/Bildirim/1611841,tr,2026-06-02T13:57:26+00:00,0.0449341830114993,0.8948700639247084,0.0601957530637922,neutral,0.0152615700522929
2026-06-02,UNLU,KAP,ÜNLÜ YATIRIM HOLDİNG A.Ş. - Şirket Genel Bilgi Formu,ÜNLÜ YATIRIM HOLDİNG A.Ş. - Şirket Genel Bilgi Formu. Şirket Genel Bilgi Formu,https://www.kap.org.tr/tr/Bildirim/1612156,tr,2026-06-02T18:21:01+00:00,0.1144500333465662,0.7668636769918399,0.1186862896615938,neutral,0.0042362563150276
2026-06-02,VAKBN,KAP,TÜRKİYE VAKIFLAR BANKASI T.A.O. - Pay Dışında Sermaye Piyasası Aracı İşlemlerine İlişkin Bildirim (Faiz İçeren),TÜRKİYE VAKIFLAR BANKASI T.A.O. - Pay Dışında Sermaye Piyasası Aracı İşlemlerine İlişkin Bildirim (Faiz İçeren). Pay Dışında Sermaye Piyasası Aracı İşlemlerine İlişkin Bildirim (Faiz İçeren) Nitelikli Yatırımcılara Finansman Bonosu İhracının Tamamlanması,https://www.kap.org.tr/tr/Bildirim/1611841,tr,2026-06-02T13:57:26+00:00,0.0449341830114993,0.8948700639247084,0.0601957530637922,neutral,0.0152615700522929
2026-06-02,VESBE,KAP,VESTEL BEYAZ EŞYA SANAYİ VE TİCARET A.Ş. - Kurumsal Yönetim Bilgi Formu (Güncelleme) - Yönetim Kurulu-1,VESTEL BEYAZ EŞYA SANAYİ VE TİCARET A.Ş. - Kurumsal Yönetim Bilgi Formu (Güncelleme) - Yönetim Kurulu-1. Kurumsal Yönetim Bilgi Formu (Güncelleme) - Yönetim Kurulu-1 Güncelleme,https://www.kap.org.tr/tr/Bildirim/1611992,tr,2026-06-02T17:00:43+00:00,0.1565083038146561,0.6670771642723352,0.1764145319130086,neutral,0.0199062280983524
2026-06-02,VESBE,KAP,VESTEL BEYAZ EŞYA SANAYİ VE TİCARET A.Ş. - Kurumsal Yönetim Bilgi Formu (Güncelleme) - Yönetim Kurulu-2,VESTEL BEYAZ EŞYA SANAYİ VE TİCARET A.Ş. - Kurumsal Yönetim Bilgi Formu (Güncelleme) - Yönetim Kurulu-2. Kurumsal Yönetim Bilgi Formu (Güncelleme) - Yönetim Kurulu-2 Güncelleme,https://www.kap.org.tr/tr/Bildirim/1611994,tr,2026-06-02T17:01:10+00:00,0.1565083038146561,0.6670771642723352,0.1764145319130086,neutral,0.0199062280983524
2026-06-02,VESTL,KAP,VESTEL ELEKTRONİK SANAYİ VE TİCARET A.Ş. - Kurumsal Yönetim Bilgi Formu (Güncelleme) - Yönetim Kurulu-1,VESTEL ELEKTRONİK SANAYİ VE TİCARET A.Ş. - Kurumsal Yönetim Bilgi Formu (Güncelleme) - Yönetim Kurulu-1. Kurumsal Yönetim Bilgi Formu (Güncelleme) - Yönetim Kurulu-1 Güncelleme,https://www.kap.org.tr/tr/Bildirim/1611985,tr,2026-06-02T16:59:27+00:00,0.1530992545550728,0.6700761246067237,0.1768246208382035,neutral,0.0237253662831306
2026-06-02,VESTL,KAP,VESTEL ELEKTRONİK SANAYİ VE TİCARET A.Ş. - Kurumsal Yönetim Bilgi Formu (Güncelleme) - Yönetim Kurulu-2,VESTEL ELEKTRONİK SANAYİ VE TİCARET A.Ş. - Kurumsal Yönetim Bilgi Formu (Güncelleme) - Yönetim Kurulu-2. Kurumsal Yönetim Bilgi Formu (Güncelleme) - Yönetim Kurulu-2 Güncelleme,https://www.kap.org.tr/tr/Bildirim/1611986,tr,2026-06-02T16:59:54+00:00,0.1530992545550728,0.6700761246067237,0.1768246208382035,neutral,0.0237253662831306
2026-06-02,VKFYO,KAP,VAKIF MENKUL KIYMET YATIRIM ORTAKLIĞI A.Ş. - Haftalık Rapor,VAKIF MENKUL KIYMET YATIRIM ORTAKLIĞI A.Ş. - Haftalık Rapor. Haftalık Rapor 26.05.2026 Tarihli Haftalık Rapor,https://www.kap.org.tr/tr/Bildirim/1611740,tr,2026-06-02T09:14:05+00:00,0.0703055154687447,0.8367851688350901,0.0929093156961651,neutral,0.0226038002274203
2026-06-02,VKFYO,KAP,VAKIF MENKUL KIYMET YATIRIM ORTAKLIĞI A.Ş. - Özel Durum Açıklaması (Genel),"VAKIF MENKUL KIYMET YATIRIM ORTAKLIĞI A.Ş. - Özel Durum Açıklaması (Genel). Özel Durum Açıklaması (Genel) Şirketimizin BİAŞ'da oluşan ağırlıklı ortalama fiyatın, pay başına net aktif değerin 2 katını aşması sebebiyle yapılan açıklamadır.",https://www.kap.org.tr/tr/Bildirim/1611982,tr,2026-06-02T16:55:55+00:00,0.2232930143046258,0.6725212689299052,0.104185716765469,neutral,-0.1191072975391567
2026-06-02,VRGYO,KAP,VERA KONSEPT GAYRİMENKUL YATIRIM ORTAKLIĞI A.Ş. - Genel Kurul İşlemlerine İlişkin Bildirim,VERA KONSEPT GAYRİMENKUL YATIRIM ORTAKLIĞI A.Ş. - Genel Kurul İşlemlerine İlişkin Bildirim. Genel Kurul İşlemlerine İlişkin Bildirim 2025 Yılına Ait Olağan Genel Kurul Toplantısı Sonucu,https://www.kap.org.tr/tr/Bildirim/1611831,tr,2026-06-02T13:25:30+00:00,0.1309635801900193,0.7919012416226665,0.077135178187314,neutral,-0.0538284020027053
2026-06-02,VRGYO,KAP,VERA KONSEPT GAYRİMENKUL YATIRIM ORTAKLIĞI A.Ş. - Kar Payı Dağıtım İşlemlerine İlişkin Bildirim,VERA KONSEPT GAYRİMENKUL YATIRIM ORTAKLIĞI A.Ş. - Kar Payı Dağıtım İşlemlerine İlişkin Bildirim. Kar Payı Dağıtım İşlemlerine İlişkin Bildirim Kar dağıtımına ilişkin Genel Kurul kararı,https://www.kap.org.tr/tr/Bildirim/1611834,tr,2026-06-02T13:38:34+00:00,0.1643951543884567,0.0934907558382185,0.7421140897733246,positive,0.577718935384868
2026-06-02,VRGYO,KAP,VERA KONSEPT GAYRİMENKUL YATIRIM ORTAKLIĞI A.Ş. - Bağımsız Denetim Kuruluşunun Belirlenmesi,VERA KONSEPT GAYRİMENKUL YATIRIM ORTAKLIĞI A.Ş. - Bağımsız Denetim Kuruluşunun Belirlenmesi. Bağımsız Denetim Kuruluşunun Belirlenmesi Bağımsız Denetim Kuruluşunun Genel Kurul'ca onaylanması,https://www.kap.org.tr/tr/Bildirim/1611836,tr,2026-06-02T13:45:43+00:00,0.0671639986870268,0.8853461432807163,0.0474898580322567,neutral,-0.01967414065477
2026-06-02,VRGYO,KAP,VERA KONSEPT GAYRİMENKUL YATIRIM ORTAKLIĞI A.Ş. - Genel Kurul İşlemlerine İlişkin Bildirim,VERA KONSEPT GAYRİMENKUL YATIRIM ORTAKLIĞI A.Ş. - Genel Kurul İşlemlerine İlişkin Bildirim. Genel Kurul İşlemlerine İlişkin Bildirim 2025 Yılına Ait Olağan Genel Kurul Toplantı Sonuçları Revize,https://www.kap.org.tr/tr/Bildirim/1611865,tr,2026-06-02T14:44:47+00:00,0.1350609903271947,0.7842285749907268,0.0807104346820784,neutral,-0.0543505556451162
2026-06-02,YATAS,KAP,YATAŞ YATAK VE YORGAN SANAYİ TİCARET A.Ş. - Genel Kurul İşlemlerine İlişkin Bildirim,YATAŞ YATAK VE YORGAN SANAYİ TİCARET A.Ş. - Genel Kurul İşlemlerine İlişkin Bildirim. Genel Kurul İşlemlerine İlişkin Bildirim 2025 Yılı Olağan Genel Kurul Toplantısı Sonucu,https://www.kap.org.tr/tr/Bildirim/1612179,tr,2026-06-02T19:00:41+00:00,0.1275566549291079,0.797883562374227,0.074559782696665,neutral,-0.0529968722324428
2026-06-02,YATAS,KAP,YATAŞ YATAK VE YORGAN SANAYİ TİCARET A.Ş. - Kar Payı Dağıtım İşlemlerine İlişkin Bildirim,YATAŞ YATAK VE YORGAN SANAYİ TİCARET A.Ş. - Kar Payı Dağıtım İşlemlerine İlişkin Bildirim. Kar Payı Dağıtım İşlemlerine İlişkin Bildirim Kar Dağıtımı Genel Kurul Sonucu,https://www.kap.org.tr/tr/Bildirim/1612180,tr,2026-06-02T19:07:33+00:00,0.1247236093934398,0.0596300800268094,0.8156463105797508,positive,0.6909227011863109
2026-06-02,YKB,KAP,YAPI VE KREDİ BANKASI A.Ş. - Şirket Genel Bilgi Formu,YAPI VE KREDİ BANKASI A.Ş. - Şirket Genel Bilgi Formu. Şirket Genel Bilgi Formu,https://www.kap.org.tr/tr/Bildirim/1611810,tr,2026-06-02T12:57:49+00:00,0.1199459519837446,0.771041820974333,0.1090122270419223,neutral,-0.0109337249418223
2026-06-02,YKBNK,KAP,YAPI VE KREDİ BANKASI A.Ş. - Şirket Genel Bilgi Formu,YAPI VE KREDİ BANKASI A.Ş. - Şirket Genel Bilgi Formu. Şirket Genel Bilgi Formu,https://www.kap.org.tr/tr/Bildirim/1611810,tr,2026-06-02T12:57:49+00:00,0.1199459519837446,0.771041820974333,0.1090122270419223,neutral,-0.0109337249418223
2026-06-02,YKFIN,KAP,YAPI KREDİ FİNANSAL KİRALAMA A.O. - Pay Dışında Sermaye Piyasası Aracı İşlemlerine İlişkin Bildirim (Faiz İçeren),YAPI KREDİ FİNANSAL KİRALAMA A.O. - Pay Dışında Sermaye Piyasası Aracı İşlemlerine İlişkin Bildirim (Faiz İçeren). Pay Dışında Sermaye Piyasası Aracı İşlemlerine İlişkin Bildirim (Faiz İçeren) TRSYKFK22810 ISIN Kodlu Tahvilin Kupon Ödemesi,https://www.kap.org.tr/tr/Bildirim/1611775,tr,2026-06-02T11:02:18+00:00,0.0411853870988149,0.9078465536708056,0.0509680592303796,neutral,0.0097826721315647
2026-06-02,ZKBVR,KAP,ZKB VARLIK KİRALAMA A.Ş. - Tertip İhraç Belgesi,ZKB VARLIK KİRALAMA A.Ş. - Tertip İhraç Belgesi. Tertip İhraç Belgesi Tertip İhraç Belgesi FZLGY,https://www.kap.org.tr/tr/Bildirim/1612033,tr,2026-06-02T17:35:03+00:00,0.1373869691080504,0.7095690593681404,0.153043971523809,neutral,0.0156570024157585
2026-06-02,ZOREN,KAP,ZORLU ENERJİ ELEKTRİK ÜRETİM A.Ş. - Pay Dışında Sermaye Piyasası Aracı İşlemlerine İlişkin Bildirim (Faiz İçeren),ZORLU ENERJİ ELEKTRİK ÜRETİM A.Ş. - Pay Dışında Sermaye Piyasası Aracı İşlemlerine İlişkin Bildirim (Faiz İçeren). Pay Dışında Sermaye Piyasası Aracı İşlemlerine İlişkin Bildirim (Faiz İçeren) TRSZORN42717 ISIN Kodlu Tahvilin 3. Kupon Dönemine İlişkin Faiz Oranı,https://www.kap.org.tr/tr/Bildirim/1611984,tr,2026-06-02T16:59:25+00:00,0.0508631846850919,0.8700189112481234,0.0791179040667846,neutral,0.0282547193816927
2026-06-03,AHGAZ,KAP,AHLATCI DOĞAL GAZ DAĞITIM ENERJİ VE YATIRIM A.Ş. - Payların Geri Alınmasına İlişkin Bildirim,AHLATCI DOĞAL GAZ DAĞITIM ENERJİ VE YATIRIM A.Ş. - Payların Geri Alınmasına İlişkin Bildirim. Payların Geri Alınmasına İlişkin Bildirim 03.06.2026 Tarihli Pay Geri Alım İşlemleri,https://www.kap.org.tr/tr/Bildirim/1612719,tr,2026-06-03T18:30:47+00:00,0.04936698053393277,0.07921068377870044,0.8714223356873668,positive,0.8220553551534341
2026-06-03,AKENR,KAP,AKENERJİ ELEKTRİK ÜRETİM A.Ş. - Genel Kurul İşlemlerine İlişkin Bildirim,AKENERJİ ELEKTRİK ÜRETİM A.Ş. - Genel Kurul İşlemlerine İlişkin Bildirim. Genel Kurul İşlemlerine İlişkin Bildirim Şirketimizin 5 Mayıs 2026 tarihinde yapılan 2025 yılına ait Olağan Genel Kurul'unun tescilinin kamuya açıklanmasıdır.,https://www.kap.org.tr/tr/Bildirim/1612436,tr,2026-06-03T13:09:21+00:00,0.23185515409846458,0.667556099148825,0.10058874675271036,neutral,-0.13126640734575423
2026-06-03,AKM,KAP,AK YATIRIM MENKUL DEĞERLER A.Ş. - Pay Dışında Sermaye Piyasası Aracı İşlemlerine İlişkin Bildirim (Faiz İçeren),AK YATIRIM MENKUL DEĞERLER A.Ş. - Pay Dışında Sermaye Piyasası Aracı İşlemlerine İlişkin Bildirim (Faiz İçeren). Pay Dışında Sermaye Piyasası Aracı İşlemlerine İlişkin Bildirim (Faiz İçeren) Nitelikli Yatırımcıya Borçlanma Aracı İhracı,https://www.kap.org.tr/tr/Bildirim/1612257,tr,2026-06-03T10:00:47+00:00,0.03304928652712338,0.9240063584644898,0.042944355008386795,neutral,0.009895068481263418
2026-06-03,AKM,KAP,AK YATIRIM MENKUL DEĞERLER A.Ş. - Pay Dışında Sermaye Piyasası Aracı İşlemlerine İlişkin Bildirim (Faiz İçeren),AK YATIRIM MENKUL DEĞERLER A.Ş. - Pay Dışında Sermaye Piyasası Aracı İşlemlerine İlişkin Bildirim (Faiz İçeren). Pay Dışında Sermaye Piyasası Aracı İşlemlerine İlişkin Bildirim (Faiz İçeren) 03.06.2026 Vadeli Borçlanma Aracının İtfası,https://www.kap.org.tr/tr/Bildirim/1612259,tr,2026-06-03T10:00:55+00:00,0.0353485079277004,0.9118190207327587,0.052832471339541096,neutral,0.0174839634118407
2026-06-03,AKMEN,KAP,AK YATIRIM MENKUL DEĞERLER A.Ş. - Pay Dışında Sermaye Piyasası Aracı İşlemlerine İlişkin Bildirim (Faiz İçeren),AK YATIRIM MENKUL DEĞERLER A.Ş. - Pay Dışında Sermaye Piyasası Aracı İşlemlerine İlişkin Bildirim (Faiz İçeren). Pay Dışında Sermaye Piyasası Aracı İşlemlerine İlişkin Bildirim (Faiz İçeren) Nitelikli Yatırımcıya Borçlanma Aracı İhracı,https://www.kap.org.tr/tr/Bildirim/1612257,tr,2026-06-03T10:00:47+00:00,0.03304928652712338,0.9240063584644898,0.042944355008386795,neutral,0.009895068481263418
2026-06-03,AKMEN,KAP,AK YATIRIM MENKUL DEĞERLER A.Ş. - Pay Dışında Sermaye Piyasası Aracı İşlemlerine İlişkin Bildirim (Faiz İçeren),AK YATIRIM MENKUL DEĞERLER A.Ş. - Pay Dışında Sermaye Piyasası Aracı İşlemlerine İlişkin Bildirim (Faiz İçeren). Pay Dışında Sermaye Piyasası Aracı İşlemlerine İlişkin Bildirim (Faiz İçeren) 03.06.2026 Vadeli Borçlanma Aracının İtfası,https://www.kap.org.tr/tr/Bildirim/1612259,tr,2026-06-03T10:00:55+00:00,0.0353485079277004,0.9118190207327587,0.052832471339541096,neutral,0.0174839634118407
2026-06-03,AKSEN,KAP,AKSA ENERJİ ÜRETİM A.Ş. - Özel Durum Açıklaması (Genel),AKSA ENERJİ ÜRETİM A.Ş. - Özel Durum Açıklaması (Genel). Özel Durum Açıklaması (Genel) Gaziantep ili Pamuk Depolamalı Güneş Enerjisi Santrali Hakkında,https://www.kap.org.tr/tr/Bildirim/1612435,tr,2026-06-03T13:00:18+00:00,0.3810875884191031,0.4765258135346526,0.1423865980462443,neutral,-0.23870099037285883
2026-06-03,ALFAS,KAP,ALFA SOLAR ENERJİ SANAYİ VE TİCARET A.Ş. - Özel Durum Açıklaması (Genel),ALFA SOLAR ENERJİ SANAYİ VE TİCARET A.Ş. - Özel Durum Açıklaması (Genel). Özel Durum Açıklaması (Genel) Yatırımcı İlişkileri Müdürü Ataması,https://www.kap.org.tr/tr/Bildirim/1612693,tr,2026-06-03T18:13:01+00:00,0.2506838193481046,0.6188712864078154,0.13044489424407996,neutral,-0.12023892510402462
2026-06-03,ALFAS,KAP,ALFA SOLAR ENERJİ SANAYİ VE TİCARET A.Ş. - Şirket Genel Bilgi Formu,ALFA SOLAR ENERJİ SANAYİ VE TİCARET A.Ş. - Şirket Genel Bilgi Formu. Şirket Genel Bilgi Formu,https://www.kap.org.tr/tr/Bildirim/1612696,tr,2026-06-03T18:13:24+00:00,0.09104630509575677,0.7965560459222045,0.11239764898203859,neutral,0.02135134388628182
2026-06-03,ALFAS,KAP,ALFA SOLAR ENERJİ SANAYİ VE TİCARET A.Ş. - Kurumsal Yönetim Bilgi Formu (Güncelleme) - Yönetim Kurulu-2,ALFA SOLAR ENERJİ SANAYİ VE TİCARET A.Ş. - Kurumsal Yönetim Bilgi Formu (Güncelleme) - Yönetim Kurulu-2. Kurumsal Yönetim Bilgi Formu (Güncelleme) - Yönetim Kurulu-2 Yönetim Kurulu Komiteleri (Güncelleme),https://www.kap.org.tr/tr/Bildirim/1612697,tr,2026-06-03T18:13:47+00:00,0.16307500228616173,0.654870248238196,0.18205474947564237,neutral,0.018979747189480645
2026-06-03,ALNUS,KAP,ALNUS YATIRIM MENKUL DEĞERLER A.Ş. - Pay Dışında Sermaye Piyasası Aracı İşlemlerine İlişkin Bildirim (Faiz İçeren),ALNUS YATIRIM MENKUL DEĞERLER A.Ş. - Pay Dışında Sermaye Piyasası Aracı İşlemlerine İlişkin Bildirim (Faiz İçeren). Pay Dışında Sermaye Piyasası Aracı İşlemlerine İlişkin Bildirim (Faiz İçeren) TRFSRMD62621 ISIN Kodlu Finansman Bonosu İtfası,https://www.kap.org.tr/tr/Bildirim/1612281,tr,2026-06-03T10:17:07+00:00,0.03125060784134389,0.925833342913786,0.042916049244870004,neutral,0.011665441403526114
2026-06-03,ALNUS,KAP,ALNUS YATIRIM MENKUL DEĞERLER A.Ş. - Pay Dışında Sermaye Piyasası Aracı İşlemlerine İlişkin Bildirim (Faiz İçeren),ALNUS YATIRIM MENKUL DEĞERLER A.Ş. - Pay Dışında Sermaye Piyasası Aracı İşlemlerine İlişkin Bildirim (Faiz İçeren). Pay Dışında Sermaye Piyasası Aracı İşlemlerine İlişkin Bildirim (Faiz İçeren) TRFSRMD92610 ISIN Kodlu Finansman Bonosu Satışının Tamamlanması,https://www.kap.org.tr/tr/Bildirim/1612468,tr,2026-06-03T14:33:24+00:00,0.030956846055778163,0.9264746475619492,0.04256850638227263,neutral,0.011611660326494466
2026-06-03,ALVES,KAP,ALVES KABLO SANAYİ VE TİCARET A.Ş. - Sermaye Artırımı - Azaltımı İşlemlerine İlişkin Bildirim,ALVES KABLO SANAYİ VE TİCARET A.Ş. - Sermaye Artırımı - Azaltımı İşlemlerine İlişkin Bildirim. Sermaye Artırımı - Azaltımı İşlemlerine İlişkin Bildirim Bedelli Sermaye Artırımı Kapsamında SPK'ya Başvuru Yapılması Hk.,https://www.kap.org.tr/tr/Bildirim/1612306,tr,2026-06-03T11:09:14+00:00,0.15109107591985402,0.3866181526559587,0.46229077142418723,positive,0.31119969550433324
2026-06-03,ANC,KAP,ALNUS YATIRIM MENKUL DEĞERLER A.Ş. - Pay Dışında Sermaye Piyasası Aracı İşlemlerine İlişkin Bildirim (Faiz İçeren),ALNUS YATIRIM MENKUL DEĞERLER A.Ş. - Pay Dışında Sermaye Piyasası Aracı İşlemlerine İlişkin Bildirim (Faiz İçeren). Pay Dışında Sermaye Piyasası Aracı İşlemlerine İlişkin Bildirim (Faiz İçeren) TRFSRMD62621 ISIN Kodlu Finansman Bonosu İtfası,https://www.kap.org.tr/tr/Bildirim/1612281,tr,2026-06-03T10:17:07+00:00,0.03125060784134389,0.925833342913786,0.042916049244870004,neutral,0.011665441403526114
2026-06-03,ANC,KAP,ALNUS YATIRIM MENKUL DEĞERLER A.Ş. - Pay Dışında Sermaye Piyasası Aracı İşlemlerine İlişkin Bildirim (Faiz İçeren),ALNUS YATIRIM MENKUL DEĞERLER A.Ş. - Pay Dışında Sermaye Piyasası Aracı İşlemlerine İlişkin Bildirim (Faiz İçeren). Pay Dışında Sermaye Piyasası Aracı İşlemlerine İlişkin Bildirim (Faiz İçeren) TRFSRMD92610 ISIN Kodlu Finansman Bonosu Satışının Tamamlanması,https://www.kap.org.tr/tr/Bildirim/1612468,tr,2026-06-03T14:33:24+00:00,0.030956846055778163,0.9264746475619492,0.04256850638227263,neutral,0.011611660326494466
2026-06-03,ARDYZ,KAP,ARD GRUP BİLİŞİM TEKNOLOJİLERİ A.Ş. - Yeni İş İlişkisi,ARD GRUP BİLİŞİM TEKNOLOJİLERİ A.Ş. - Yeni İş İlişkisi. Yeni İş İlişkisi Yeni İş İlişkisi Hk.,https://www.kap.org.tr/tr/Bildirim/1612232,tr,2026-06-03T09:19:52+00:00,0.059639889672902825,0.08415161867099107,0.8562084916561061,positive,0.7965686019832033
2026-06-03,ATAVK,KAP,ATA VARLIK KİRALAMA A.Ş. - Tertip İhraç Belgesi,ATA VARLIK KİRALAMA A.Ş. - Tertip İhraç Belgesi. Tertip İhraç Belgesi Tertip İhraç Belgesi Spk Onayı FKPET,https://www.kap.org.tr/tr/Bildirim/1612299,tr,2026-06-03T10:44:09+00:00,0.1334907519650434,0.7101489630585082,0.1563602849764484,neutral,0.022869533011405013
2026-06-03,ATEKS,KAP,AKIN TEKSTİL A.Ş. - Özel Durum Açıklaması (Genel),AKIN TEKSTİL A.Ş. - Özel Durum Açıklaması (Genel). Özel Durum Açıklaması (Genel) Konkordato Süreci Hakkında Bilgilendirme,https://www.kap.org.tr/tr/Bildirim/1612493,tr,2026-06-03T15:09:29+00:00,0.506948789421555,0.36037805465572215,0.1326731559227228,negative,-0.3742756334988322
2026-06-03,BAGFS,KAP,BAGFAŞ BANDIRMA GÜBRE FABRİKALARI A.Ş. - Ortaklık Aleyhine Dava Açılması veya Davaya İlişkin Gelişmeler,"BAGFAŞ BANDIRMA GÜBRE FABRİKALARI A.Ş. - Ortaklık Aleyhine Dava Açılması veya Davaya İlişkin Gelişmeler. Ortaklık Aleyhine Dava Açılması veya Davaya İlişkin Gelişmeler Dava Açılması hk,",https://www.kap.org.tr/tr/Bildirim/1612694,tr,2026-06-03T18:13:01+00:00,0.9476655886087074,0.02735724197427277,0.02497716941701987,negative,-0.9226884191916875
2026-06-03,BAHKM,KAP,BAHADIR KİMYA SANAYİ VE TİCARET A.Ş. - Özel Durum Açıklaması (Genel),BAHADIR KİMYA SANAYİ VE TİCARET A.Ş. - Özel Durum Açıklaması (Genel). Özel Durum Açıklaması (Genel) Kırıkkale Şubesi'ne Alınan Yatırım Teşvik Tutarının Artırılması Hk,https://www.kap.org.tr/tr/Bildirim/1612427,tr,2026-06-03T12:33:08+00:00,0.22417053974839113,0.6545885531821404,0.12124090706946854,neutral,-0.10292963267892259
2026-06-03,BAHKM,KAP,BAHADIR KİMYA SANAYİ VE TİCARET A.Ş. - Genel Kurul İşlemlerine İlişkin Bildirim,BAHADIR KİMYA SANAYİ VE TİCARET A.Ş. - Genel Kurul İşlemlerine İlişkin Bildirim. Genel Kurul İşlemlerine İlişkin Bildirim Genel Kurul Çağrısı,https://www.kap.org.tr/tr/Bildirim/1612489,tr,2026-06-03T15:06:23+00:00,0.10933847372673794,0.8252098167171509,0.06545170955611117,neutral,-0.04388676417062677
2026-06-03,BAHKM,KAP,BAHADIR KİMYA SANAYİ VE TİCARET A.Ş. - Kar Payı Dağıtım İşlemlerine İlişkin Bildirim,BAHADIR KİMYA SANAYİ VE TİCARET A.Ş. - Kar Payı Dağıtım İşlemlerine İlişkin Bildirim. Kar Payı Dağıtım İşlemlerine İlişkin Bildirim 2025 Yılı Kar Payı Dağıtım Önerisi Hk.,https://www.kap.org.tr/tr/Bildirim/1612490,tr,2026-06-03T15:07:32+00:00,0.07923296145155574,0.0429598191509486,0.8778072193974956,positive,0.7985742579459398
2026-06-03,BAHKM,KAP,BAHADIR KİMYA SANAYİ VE TİCARET A.Ş. - Bağımsız Denetim Kuruluşunun Belirlenmesi,BAHADIR KİMYA SANAYİ VE TİCARET A.Ş. - Bağımsız Denetim Kuruluşunun Belirlenmesi. Bağımsız Denetim Kuruluşunun Belirlenmesi Bağımsız Denetim Kuruluşunun Belirlenmesi Hk.,https://www.kap.org.tr/tr/Bildirim/1612491,tr,2026-06-03T15:07:45+00:00,0.05552929663806037,0.8705651607713187,0.07390554259062085,neutral,0.01837624595256048
2026-06-03,BALAT,KAP,BALATACILAR BALATACILIK SANAYİ VE TİCARET A.Ş. - Özel Durum Açıklaması (Genel),BALATACILAR BALATACILIK SANAYİ VE TİCARET A.Ş. - Özel Durum Açıklaması (Genel). Özel Durum Açıklaması (Genel) Esas Sözleşme Tadil Tasarısına İlişkin Yönetim Kurulu Kararı,https://www.kap.org.tr/tr/Bildirim/1612428,tr,2026-06-03T12:36:08+00:00,0.24195916886626065,0.6309219656408871,0.12711886549285226,neutral,-0.11484030337340839
2026-06-03,BASGZ,KAP,BAŞKENT DOĞALGAZ DAĞITIM GAYRİMENKUL YATIRIM ORTAKLIĞI A.Ş. - Özel Durum Açıklaması (Genel),BAŞKENT DOĞALGAZ DAĞITIM GAYRİMENKUL YATIRIM ORTAKLIĞI A.Ş. - Özel Durum Açıklaması (Genel). Özel Durum Açıklaması (Genel) Bağımsız Yönetim Kurulu Üye Adaylarının Bağımsızlık ölçütlerini taşımış olduklarını tespit eden Aday Gösterme Komitesi Raporu'nun SPK tarafından onaylanması hk,https://www.kap.org.tr/tr/Bildirim/1612683,tr,2026-06-03T18:07:08+00:00,0.2669624419141395,0.6502073608699097,0.08283019721595075,neutral,-0.18413224469818873
2026-06-03,BERA,KAP,BERA HOLDİNG A.Ş. - Özel Durum Açıklaması (Genel),BERA HOLDİNG A.Ş. - Özel Durum Açıklaması (Genel). Özel Durum Açıklaması (Genel) Bağlı Ortaklığımız Konya Kağıt Sanayi ve Ticaret A.Ş.'nin Özel Endüstri Bölgesi İmar Planı Onayı Hakkında KONKA,https://www.kap.org.tr/tr/Bildirim/1612539,tr,2026-06-03T15:52:41+00:00,0.34407370747380195,0.5018805718746426,0.15404572065155553,neutral,-0.19002798682224642
2026-06-03,BIGEN,KAP,BİRLEŞİM GRUP ENERJİ YATIRIMLARI A.Ş. - Olağan Dışı Fiyat ve Miktar Hareketleri,BİRLEŞİM GRUP ENERJİ YATIRIMLARI A.Ş. - Olağan Dışı Fiyat ve Miktar Hareketleri. Olağan Dışı Fiyat ve Miktar Hareketleri Olağandışı Fiyat ve Miktar Hareketlerine İlişkin Açıklama Hk.,https://www.kap.org.tr/tr/Bildirim/1612479,tr,2026-06-03T14:55:08+00:00,0.2038324847259961,0.49954758840932184,0.29661992686468214,neutral,0.09278744213868603
2026-06-03,BLS,KAP,BULLS YATIRIM MENKUL DEĞERLER A.Ş. - Pay Alım Teklifi Yoluyla Pay Toplanmasına İlişkin Bildirim,BULLS YATIRIM MENKUL DEĞERLER A.Ş. - Pay Alım Teklifi Yoluyla Pay Toplanmasına İlişkin Bildirim. Pay Alım Teklifi Yoluyla Pay Toplanmasına İlişkin Bildirim Özerden Ambalaj Sanayi A.Ş. Paylarına Yönelik Zorunlu Pay Alım Teklifi OZRDN,https://www.kap.org.tr/tr/Bildirim/1612680,tr,2026-06-03T18:06:32+00:00,0.12561395736022773,0.7244301617747508,0.1499558808650214,neutral,0.024341923504793667
2026-06-03,BLSMD,KAP,BULLS YATIRIM MENKUL DEĞERLER A.Ş. - Pay Alım Teklifi Yoluyla Pay Toplanmasına İlişkin Bildirim,BULLS YATIRIM MENKUL DEĞERLER A.Ş. - Pay Alım Teklifi Yoluyla Pay Toplanmasına İlişkin Bildirim. Pay Alım Teklifi Yoluyla Pay Toplanmasına İlişkin Bildirim Özerden Ambalaj Sanayi A.Ş. Paylarına Yönelik Zorunlu Pay Alım Teklifi OZRDN,https://www.kap.org.tr/tr/Bildirim/1612680,tr,2026-06-03T18:06:32+00:00,0.12561395736022773,0.7244301617747508,0.1499558808650214,neutral,0.024341923504793667
2026-06-03,BRKT,KAP,BEREKET VARLIK KİRALAMA A.Ş. - İhraç Tavanına İlişkin Bildirim,BEREKET VARLIK KİRALAMA A.Ş. - İhraç Tavanına İlişkin Bildirim. İhraç Tavanına İlişkin Bildirim Yurt İçi Kira Sertifikası İhraç Tavanına İlişkin SPK Başvurusu Hk. ALBRK,https://www.kap.org.tr/tr/Bildirim/1612681,tr,2026-06-03T18:06:36+00:00,0.07285287931174225,0.8349453246216239,0.09220179606663384,neutral,0.019348916754891587
2026-06-03,BSOKE,KAP,BATISÖKE SÖKE ÇİMENTO SANAYİİ T.A.Ş. - Genel Kurul İşlemlerine İlişkin Bildirim,BATISÖKE SÖKE ÇİMENTO SANAYİİ T.A.Ş. - Genel Kurul İşlemlerine İlişkin Bildirim. Genel Kurul İşlemlerine İlişkin Bildirim 2025 Yılı A Grubu Pay Sahipleri Özel Genel Kurul Toplantı Sonucu,https://www.kap.org.tr/tr/Bildirim/1612794,tr,2026-06-03T21:09:21+00:00,0.17268574138177162,0.707951237075895,0.11936302154233329,neutral,-0.05332271983943833
2026-06-03,BSOKE,KAP,BATISÖKE SÖKE ÇİMENTO SANAYİİ T.A.Ş. - Genel Kurul İşlemlerine İlişkin Bildirim,BATISÖKE SÖKE ÇİMENTO SANAYİİ T.A.Ş. - Genel Kurul İşlemlerine İlişkin Bildirim. Genel Kurul İşlemlerine İlişkin Bildirim 2025 Yılı Olağan Genel Kurul Toplantı Sonucu,https://www.kap.org.tr/tr/Bildirim/1612795,tr,2026-06-03T21:09:45+00:00,0.18048214928964132,0.712780567048174,0.10673728366218471,neutral,-0.07374486562745661
2026-06-03,BSOKE,KAP,BATISÖKE SÖKE ÇİMENTO SANAYİİ T.A.Ş. - Kar Payı Dağıtım İşlemlerine İlişkin Bildirim,BATISÖKE SÖKE ÇİMENTO SANAYİİ T.A.Ş. - Kar Payı Dağıtım İşlemlerine İlişkin Bildirim. Kar Payı Dağıtım İşlemlerine İlişkin Bildirim 2025 Yılı Olağan Genel Kurulu toplantısında onaylanan Kar Payı Dağıtım Kararı,https://www.kap.org.tr/tr/Bildirim/1612802,tr,2026-06-03T21:49:14+00:00,0.16050625802075097,0.051621068877153536,0.7878726731020955,positive,0.6273664150813445
2026-06-03,BSOKE,KAP,BATISÖKE SÖKE ÇİMENTO SANAYİİ T.A.Ş. - Kayıtlı Sermaye Tavanı İşlemlerine İlişkin Bildirim,BATISÖKE SÖKE ÇİMENTO SANAYİİ T.A.Ş. - Kayıtlı Sermaye Tavanı İşlemlerine İlişkin Bildirim. Kayıtlı Sermaye Tavanı İşlemlerine İlişkin Bildirim Kayıtlı Sermaye Tavanı Artışı ve Süre Uzatımı Genel Kurul Toplantı Sonucu,https://www.kap.org.tr/tr/Bildirim/1612803,tr,2026-06-03T21:49:22+00:00,0.1094143233510477,0.3105927361328765,0.5799929405160756,positive,0.4705786171650279
2026-06-03,BSOKE,KAP,BATISÖKE SÖKE ÇİMENTO SANAYİİ T.A.Ş. - Esas Sözleşme Tadili,BATISÖKE SÖKE ÇİMENTO SANAYİİ T.A.Ş. - Esas Sözleşme Tadili. Esas Sözleşme Tadili Esas Sözleşme Değişikliği hk.,https://www.kap.org.tr/tr/Bildirim/1612804,tr,2026-06-03T21:49:31+00:00,0.15969152003170373,0.5857288432809891,0.25457963668730715,neutral,0.09488811665560343
2026-06-03,BTCIM,KAP,BATIÇİM BATI ANADOLU ÇİMENTO SANAYİİ A.Ş. - Genel Kurul İşlemlerine İlişkin Bildirim,BATIÇİM BATI ANADOLU ÇİMENTO SANAYİİ A.Ş. - Genel Kurul İşlemlerine İlişkin Bildirim. Genel Kurul İşlemlerine İlişkin Bildirim 2025 Yılı A Grubu Pay Sahipleri Özel Genel Kurul Toplantı Sonucu,https://www.kap.org.tr/tr/Bildirim/1612798,tr,2026-06-03T21:13:06+00:00,0.18786564076018297,0.6891360201853295,0.12299833905448758,neutral,-0.0648673017056954
2026-06-03,BTCIM,KAP,BATIÇİM BATI ANADOLU ÇİMENTO SANAYİİ A.Ş. - Genel Kurul İşlemlerine İlişkin Bildirim,BATIÇİM BATI ANADOLU ÇİMENTO SANAYİİ A.Ş. - Genel Kurul İşlemlerine İlişkin Bildirim. Genel Kurul İşlemlerine İlişkin Bildirim 2025 Yılı Olağan Genel Kurul Toplantı Sonucu,https://www.kap.org.tr/tr/Bildirim/1612799,tr,2026-06-03T21:13:25+00:00,0.1957517268823655,0.6939839543309982,0.11026431878663633,neutral,-0.08548740809572918
2026-06-03,BTCIM,KAP,BATIÇİM BATI ANADOLU ÇİMENTO SANAYİİ A.Ş. - Kar Payı Dağıtım İşlemlerine İlişkin Bildirim,BATIÇİM BATI ANADOLU ÇİMENTO SANAYİİ A.Ş. - Kar Payı Dağıtım İşlemlerine İlişkin Bildirim. Kar Payı Dağıtım İşlemlerine İlişkin Bildirim Kar Payı Dağıtım İşlemlerine İlişkin Genel Kurul Toplantı Sonucu,https://www.kap.org.tr/tr/Bildirim/1612805,tr,2026-06-03T22:09:12+00:00,0.14791760140388402,0.043401988337492634,0.8086804102586234,positive,0.6607628088547394
2026-06-03,BTCIM,KAP,BATIÇİM BATI ANADOLU ÇİMENTO SANAYİİ A.Ş. - Ayrılma Hakkı Kullanımına İlişkin Bildirim,BATIÇİM BATI ANADOLU ÇİMENTO SANAYİİ A.Ş. - Ayrılma Hakkı Kullanımına İlişkin Bildirim. Ayrılma Hakkı Kullanımına İlişkin Bildirim Ayrılma Hakkı Kullanımına İlişkin Genel Kurul Toplantı Sonucu BSOKE,https://www.kap.org.tr/tr/Bildirim/1612806,tr,2026-06-03T22:09:26+00:00,0.18522443361614407,0.5765230424944953,0.23825252388936063,neutral,0.05302809027321656
2026-06-03,BTCIM,KAP,BATIÇİM BATI ANADOLU ÇİMENTO SANAYİİ A.Ş. - Ayrılma Hakkı Kullanımına İlişkin Bildirim,BATIÇİM BATI ANADOLU ÇİMENTO SANAYİİ A.Ş. - Ayrılma Hakkı Kullanımına İlişkin Bildirim. Ayrılma Hakkı Kullanımına İlişkin Bildirim Ayrılma Hakkı Kullanımına İlişkin Genel Kurul Toplantı Sonucu,https://www.kap.org.tr/tr/Bildirim/1612807,tr,2026-06-03T22:09:38+00:00,0.18522443361614407,0.5765230424944953,0.23825252388936063,neutral,0.05302809027321656
2026-06-03,BVSAN,KAP,BÜLBÜLOĞLU VİNÇ SANAYİ VE TİCARET A.Ş. - Genel Kurul İşlemlerine İlişkin Bildirim,BÜLBÜLOĞLU VİNÇ SANAYİ VE TİCARET A.Ş. - Genel Kurul İşlemlerine İlişkin Bildirim. Genel Kurul İşlemlerine İlişkin Bildirim Genel Kurul İşlemlerine İlişkin Bildirim,https://www.kap.org.tr/tr/Bildirim/1612473,tr,2026-06-03T14:40:17+00:00,0.0997456172008648,0.8315833632796519,0.06867101951948333,neutral,-0.031074597681381474
2026-06-03,BVSAN,KAP,BÜLBÜLOĞLU VİNÇ SANAYİ VE TİCARET A.Ş. - Kar Payı Dağıtım İşlemlerine İlişkin Bildirim,BÜLBÜLOĞLU VİNÇ SANAYİ VE TİCARET A.Ş. - Kar Payı Dağıtım İşlemlerine İlişkin Bildirim. Kar Payı Dağıtım İşlemlerine İlişkin Bildirim 2025 Yılı Kar Payı Dağıtımına İlişkin Genel Kurul Kararı,https://www.kap.org.tr/tr/Bildirim/1612474,tr,2026-06-03T14:45:08+00:00,0.07748384294098985,0.041399066665905586,0.8811170903931046,positive,0.8036332474521147
2026-06-03,BVSAN,KAP,BÜLBÜLOĞLU VİNÇ SANAYİ VE TİCARET A.Ş. - Kayıtlı Sermaye Tavanı İşlemlerine İlişkin Bildirim,BÜLBÜLOĞLU VİNÇ SANAYİ VE TİCARET A.Ş. - Kayıtlı Sermaye Tavanı İşlemlerine İlişkin Bildirim. Kayıtlı Sermaye Tavanı İşlemlerine İlişkin Bildirim Kayıtlı Sermaye Sistemi Süre Uzatımı ve Tavan Artırımı Başvurusu Hk.,https://www.kap.org.tr/tr/Bildirim/1612476,tr,2026-06-03T14:49:13+00:00,0.08180652810400478,0.32151825962694125,0.596675212269054,positive,0.5148686841650492
2026-06-03,BVSAN,KAP,BÜLBÜLOĞLU VİNÇ SANAYİ VE TİCARET A.Ş. - Bağımsız Denetim Kuruluşunun Belirlenmesi,BÜLBÜLOĞLU VİNÇ SANAYİ VE TİCARET A.Ş. - Bağımsız Denetim Kuruluşunun Belirlenmesi. Bağımsız Denetim Kuruluşunun Belirlenmesi Bağımsız Denetim Kuruluşunun Belirlenmesi,https://www.kap.org.tr/tr/Bildirim/1612478,tr,2026-06-03T14:55:07+00:00,0.05511261640510193,0.8756423603027568,0.06924502329214134,neutral,0.014132406887039414
2026-06-03,BVSAN,KAP,BÜLBÜLOĞLU VİNÇ SANAYİ VE TİCARET A.Ş. - Bağımsız Denetim Kuruluşunun Belirlenmesi,BÜLBÜLOĞLU VİNÇ SANAYİ VE TİCARET A.Ş. - Bağımsız Denetim Kuruluşunun Belirlenmesi. Bağımsız Denetim Kuruluşunun Belirlenmesi Sürdürebilirlik Denetim Kuruluşunun Belirlenmesi,https://www.kap.org.tr/tr/Bildirim/1612488,tr,2026-06-03T15:02:49+00:00,0.05943635144590255,0.8641648270112433,0.07639882154285427,neutral,0.016962470096951718
2026-06-03,BVSAN,KAP,BÜLBÜLOĞLU VİNÇ SANAYİ VE TİCARET A.Ş. - Yönetim Kurulu Komiteleri,BÜLBÜLOĞLU VİNÇ SANAYİ VE TİCARET A.Ş. - Yönetim Kurulu Komiteleri. Yönetim Kurulu Komiteleri Yönetim Kurulu Komiteleri Hakkında,https://www.kap.org.tr/tr/Bildirim/1612496,tr,2026-06-03T15:11:57+00:00,0.19606496552367467,0.588743950867295,0.21519108360903033,neutral,0.019126118085355664
2026-06-03,CELHA,KAP,ÇELİK HALAT VE TEL SANAYİİ A.Ş. - Özel Durum Açıklaması (Genel),ÇELİK HALAT VE TEL SANAYİİ A.Ş. - Özel Durum Açıklaması (Genel). Özel Durum Açıklaması (Genel) Yatırımcı Tazmin Merkezi?ne (YTM) Devredilen Paylardan Kaynaklanan Ödemelere İlişkin Son Başvuru Süresi Hakkında Duyuru,https://www.kap.org.tr/tr/Bildirim/1612666,tr,2026-06-03T17:40:28+00:00,0.3380718755152103,0.522432476261748,0.1394956482230416,neutral,-0.19857622729216867
2026-06-03,CUSAN,KAP,ÇUHADAROĞLU METAL SANAYİ VE PAZARLAMA A.Ş. - Kayıtlı Sermaye Tavanı İşlemlerine İlişkin Bildirim,ÇUHADAROĞLU METAL SANAYİ VE PAZARLAMA A.Ş. - Kayıtlı Sermaye Tavanı İşlemlerine İlişkin Bildirim. Kayıtlı Sermaye Tavanı İşlemlerine İlişkin Bildirim Kayıtlı Sermaye Tavanı Artırımı ve Geçerlilik Süresinin Uzatılmasına İlişkin SPK Başvurusu,https://www.kap.org.tr/tr/Bildirim/1612796,tr,2026-06-03T21:11:43+00:00,0.09210696689297093,0.2861867846455014,0.6217062484615276,positive,0.5295992815685566
2026-06-03,DAPGM,KAP,DAP GAYRİMENKUL GELİŞTİRME A.Ş. - İhale Süreci / Sonucu,DAP GAYRİMENKUL GELİŞTİRME A.Ş. - İhale Süreci / Sonucu. İhale Süreci / Sonucu İstanbul Ümraniye Tepeüstü Arsa Satışı Karşılığı Gelir Paylaşımı İşi İhalesi 1.Oturum,https://www.kap.org.tr/tr/Bildirim/1612672,tr,2026-06-03T17:53:41+00:00,0.10224894799611169,0.20917186417279976,0.6885791878310886,positive,0.5863302398349769
2026-06-03,DGNMO,KAP,DOĞANLAR MOBİLYA GRUBU İMALAT SANAYİ VE TİCARET A.Ş. - Genel Kurul İşlemlerine İlişkin Bildirim,DOĞANLAR MOBİLYA GRUBU İMALAT SANAYİ VE TİCARET A.Ş. - Genel Kurul İşlemlerine İlişkin Bildirim. Genel Kurul İşlemlerine İlişkin Bildirim 2025 Yılı Olağan Genel Kurul Toplantısı Sonuçlarının Tescili,https://www.kap.org.tr/tr/Bildirim/1612446,tr,2026-06-03T13:42:33+00:00,0.1254624609197309,0.7994183194124656,0.07511921966780377,neutral,-0.05034324125192713
2026-06-03,DGNMO,KAP,DOĞANLAR MOBİLYA GRUBU İMALAT SANAYİ VE TİCARET A.Ş. - Bağımsız Denetim Kuruluşunun Belirlenmesi,DOĞANLAR MOBİLYA GRUBU İMALAT SANAYİ VE TİCARET A.Ş. - Bağımsız Denetim Kuruluşunun Belirlenmesi. Bağımsız Denetim Kuruluşunun Belirlenmesi Bağımsız Denetim Kuruluşu seçiminin tescil ve ilanı,https://www.kap.org.tr/tr/Bildirim/1612447,tr,2026-06-03T13:42:59+00:00,0.05411952794511229,0.8705836372326797,0.07529683482220796,neutral,0.021177306877095674
2026-06-03,DNFIN,KAP,DENİZ FİNANSAL KİRALAMA A.Ş. - Pay Dışında Sermaye Piyasası Aracı İşlemlerine İlişkin Bildirim (Faiz İçeren),DENİZ FİNANSAL KİRALAMA A.Ş. - Pay Dışında Sermaye Piyasası Aracı İşlemlerine İlişkin Bildirim (Faiz İçeren). Pay Dışında Sermaye Piyasası Aracı İşlemlerine İlişkin Bildirim (Faiz İçeren) TRFDNFK62712 ISIN Numaralı Finansan Bonosu İhracı,https://www.kap.org.tr/tr/Bildirim/1612252,tr,2026-06-03T09:57:52+00:00,0.035498659769539906,0.9171839276850253,0.04731741254543479,neutral,0.011818752775894885
2026-06-03,DNZEN,KAP,DENİZ EKO ENERJİ VE GERİ DÖNÜŞÜM A.Ş. - İhraç Tavanına İlişkin Bildirim,DENİZ EKO ENERJİ VE GERİ DÖNÜŞÜM A.Ş. - İhraç Tavanına İlişkin Bildirim. İhraç Tavanına İlişkin Bildirim Yurt İçinde Borçlanma Aracı İhracına İlişkin Yönetim Kurulu Kararı,https://www.kap.org.tr/tr/Bildirim/1612300,tr,2026-06-03T10:54:25+00:00,0.1061568646147736,0.7202506096729969,0.17359252571222936,neutral,0.06743566109745576
2026-06-03,DNZEN,KAP,DENİZ EKO ENERJİ VE GERİ DÖNÜŞÜM A.Ş. - İhraç Tavanına İlişkin Bildirim,DENİZ EKO ENERJİ VE GERİ DÖNÜŞÜM A.Ş. - İhraç Tavanına İlişkin Bildirim. İhraç Tavanına İlişkin Bildirim Yurt İçinde Borçlanma Aracı İhracına İlişkin SPK Başvurusu,https://www.kap.org.tr/tr/Bildirim/1612308,tr,2026-06-03T11:09:55+00:00,0.08814301819979779,0.7589522155831742,0.15290476621702814,neutral,0.06476174801723035
2026-06-03,EBEBK,KAP,EBEBEK MAĞAZACILIK A.Ş. - Özel Durum Açıklaması (Genel),EBEBEK MAĞAZACILIK A.Ş. - Özel Durum Açıklaması (Genel). Özel Durum Açıklaması (Genel) Mayıs 2026 Ziyaretçi Sayısı,https://www.kap.org.tr/tr/Bildirim/1612731,tr,2026-06-03T18:48:09+00:00,0.38601164534807714,0.4958436885842154,0.11814466606770761,neutral,-0.2678669792803695
2026-06-03,EBEBK,KAP,EBEBEK MAĞAZACILIK A.Ş. - Özel Durum Açıklaması (Genel),EBEBEK MAĞAZACILIK A.Ş. - Özel Durum Açıklaması (Genel). Özel Durum Açıklaması (Genel) Denetimden Sorumlu Komite Görev ve Çalışma Esasları Dokümanında Değişiklik,https://www.kap.org.tr/tr/Bildirim/1612733,tr,2026-06-03T18:50:19+00:00,0.369788483264748,0.5062313932401187,0.12398012349513335,neutral,-0.24580835976961465
2026-06-03,EGEEN,KAP,EGE ENDÜSTRİ VE TİCARET A.Ş. - Özel Durum Açıklaması (Genel),EGE ENDÜSTRİ VE TİCARET A.Ş. - Özel Durum Açıklaması (Genel). Özel Durum Açıklaması (Genel) Yatırımcı Tazmin Merkezinden 03.06.2026 tarihinde şirketimize tebliğ edilen yazı hk,https://www.kap.org.tr/tr/Bildirim/1612669,tr,2026-06-03T17:44:11+00:00,0.2598157536763655,0.5868657175112719,0.15331852881236258,neutral,-0.10649722486400293
2026-06-03,EMPAE,KAP,EMPA ELEKTRONİK SANAYİ VE TİCARET A.Ş. - Olağan Dışı Fiyat ve Miktar Hareketleri,EMPA ELEKTRONİK SANAYİ VE TİCARET A.Ş. - Olağan Dışı Fiyat ve Miktar Hareketleri. Olağan Dışı Fiyat ve Miktar Hareketleri Olağandışı Fiyat ve Miktar Hareketi Hakkında,https://www.kap.org.tr/tr/Bildirim/1612550,tr,2026-06-03T16:16:40+00:00,0.12929880556177037,0.6489652445960161,0.22173594984221362,neutral,0.09243714428044325
2026-06-03,ENERY,KAP,ENERYA ENERJİ A.Ş. - Payların Geri Alınmasına İlişkin Bildirim,ENERYA ENERJİ A.Ş. - Payların Geri Alınmasına İlişkin Bildirim. Payların Geri Alınmasına İlişkin Bildirim 03.06.2026 Tarihli Pay Geri Alım İşlemleri,https://www.kap.org.tr/tr/Bildirim/1612720,tr,2026-06-03T18:31:07+00:00,0.0460262478609336,0.05805422126918449,0.8959195308698819,positive,0.8498932830089483
2026-06-03,ENJSA,KAP,ENERJİSA ENERJİ A.Ş. - Pay Dışında Sermaye Piyasası Aracı İşlemlerine İlişkin Bildirim (Faiz İçeren),ENERJİSA ENERJİ A.Ş. - Pay Dışında Sermaye Piyasası Aracı İşlemlerine İlişkin Bildirim (Faiz İçeren). Pay Dışında Sermaye Piyasası Aracı İşlemlerine İlişkin Bildirim (Faiz İçeren) TRSENSA32710 ISIN Kodlu Tahvilin 5. Kupon Faiz Ödemesi.,https://www.kap.org.tr/tr/Bildirim/1612452,tr,2026-06-03T14:08:35+00:00,0.04859796580786651,0.8858530577838158,0.06554897640831772,neutral,0.016951010600451212
2026-06-03,ENPRA,KAP,ENPARA BANK A.Ş. - Özel Durum Açıklaması (Genel),"ENPARA BANK A.Ş. - Özel Durum Açıklaması (Genel). Özel Durum Açıklaması (Genel) Takipteki Kredi Portföyünden Satış GLCVY, ISTVY",https://www.kap.org.tr/tr/Bildirim/1612668,tr,2026-06-03T17:43:35+00:00,0.36497316937152596,0.5210764064148045,0.11395042421366958,neutral,-0.2510227451578564
2026-06-03,ESEN,KAP,ESENBOĞA ELEKTRİK ÜRETİM A.Ş. - Özel Durum Açıklaması (Genel),ESENBOĞA ELEKTRİK ÜRETİM A.Ş. - Özel Durum Açıklaması (Genel). Özel Durum Açıklaması (Genel) Margün Enerji Üretim Sanayi ve Ticaret A.Ş. Paylarına İlişkin Hızlandırılmış Talep Toplama Sürecinde Fiyatın Belirlenmesi MAGEN,https://www.kap.org.tr/tr/Bildirim/1612229,tr,2026-06-03T08:55:20+00:00,0.3271738102503906,0.5489464066259713,0.1238797831236382,neutral,-0.2032940271267524
2026-06-03,ETYAT,KAP,EURO TREND YATIRIM ORTAKLIĞI A.Ş. - Özel Durum Açıklaması (Genel),"EURO TREND YATIRIM ORTAKLIĞI A.Ş. - Özel Durum Açıklaması (Genel). Özel Durum Açıklaması (Genel) BİAŞ'da oluşan ağırlıklı ortalama fiyatın,pay başına net aktif değerin 2 katını aşması",https://www.kap.org.tr/tr/Bildirim/1612582,tr,2026-06-03T16:45:21+00:00,0.2036970678701662,0.6897426982745436,0.10656023385529015,neutral,-0.09713683401487605
2026-06-03,EUKYO,KAP,EURO KAPİTAL YATIRIM ORTAKLIĞI A.Ş. - Özel Durum Açıklaması (Genel),"EURO KAPİTAL YATIRIM ORTAKLIĞI A.Ş. - Özel Durum Açıklaması (Genel). Özel Durum Açıklaması (Genel) BİAŞ'da oluşan ağırlıklı ortalama fiyatın,pay başına net aktif değerin 2 katını aşması",https://www.kap.org.tr/tr/Bildirim/1612583,tr,2026-06-03T16:46:00+00:00,0.2036970678701662,0.6897426982745436,0.10656023385529015,neutral,-0.09713683401487605
2026-06-03,EUYO,KAP,EURO MENKUL KIYMET YATIRIM ORTAKLIĞI A.Ş. - Özel Durum Açıklaması (Genel),"EURO MENKUL KIYMET YATIRIM ORTAKLIĞI A.Ş. - Özel Durum Açıklaması (Genel). Özel Durum Açıklaması (Genel) BİAŞ'da oluşan ağırlıklı ortalama fiyatın,pay başına net aktif değerin 2 katını aşması",https://www.kap.org.tr/tr/Bildirim/1612581,tr,2026-06-03T16:44:43+00:00,0.19267195903562132,0.7053067938395009,0.10202124712487778,neutral,-0.09065071191074353
2026-06-03,FIN,KAP,QNB BANK A.Ş. - İhraç Tavanına İlişkin Bildirim,QNB BANK A.Ş. - İhraç Tavanına İlişkin Bildirim. İhraç Tavanına İlişkin Bildirim Orta Vadeli Borçlanma (Medium Term Note) Programına ilişkin güncelleme hk.,https://www.kap.org.tr/tr/Bildirim/1612335,tr,2026-06-03T11:47:14+00:00,0.10586121608515274,0.7527947259445322,0.141344057970315,neutral,0.03548284188516225
2026-06-03,FIN,KAP,QNB BANK A.Ş. - Pay Dışında Sermaye Piyasası Aracı İşlemlerine İlişkin Bildirim (Faiz İçeren),QNB BANK A.Ş. - Pay Dışında Sermaye Piyasası Aracı İşlemlerine İlişkin Bildirim (Faiz İçeren). Pay Dışında Sermaye Piyasası Aracı İşlemlerine İlişkin Bildirim (Faiz İçeren) MTN programı kapsamında yurtdışında ihraç edilen borçlanma aracının ihracı,https://www.kap.org.tr/tr/Bildirim/1612676,tr,2026-06-03T17:58:05+00:00,0.04636394918484161,0.8924713072599151,0.06116474355524326,neutral,0.014800794370401653
2026-06-03,FZLGY,KAP,FUZUL GAYRİMENKUL YATIRIM ORTAKLIĞI A.Ş. - Şirket Merkezi Değişikliği,FUZUL GAYRİMENKUL YATIRIM ORTAKLIĞI A.Ş. - Şirket Merkezi Değişikliği. Şirket Merkezi Değişikliği Şirket Merkezi Değişikliği Hak.,https://www.kap.org.tr/tr/Bildirim/1612710,tr,2026-06-03T18:21:17+00:00,0.15857329137454798,0.6726194887555719,0.1688072198698801,neutral,0.010233928495332112
2026-06-03,GEDIK,KAP,GEDİK YATIRIM MENKUL DEĞERLER A.Ş. - Özel Durum Açıklaması (Genel),GEDİK YATIRIM MENKUL DEĞERLER A.Ş. - Özel Durum Açıklaması (Genel). Özel Durum Açıklaması (Genel) Yönetim Kurulu Üye Değişikliği Hakkında,https://www.kap.org.tr/tr/Bildirim/1612687,tr,2026-06-03T18:10:14+00:00,0.2817250869828724,0.6135803918569481,0.10469452116017958,neutral,-0.17703056582269283
2026-06-03,GEDIK,KAP,GEDİK YATIRIM MENKUL DEĞERLER A.Ş. - Şirket Genel Bilgi Formu,GEDİK YATIRIM MENKUL DEĞERLER A.Ş. - Şirket Genel Bilgi Formu. Şirket Genel Bilgi Formu,https://www.kap.org.tr/tr/Bildirim/1612689,tr,2026-06-03T18:10:29+00:00,0.10299789557791604,0.8064264128901972,0.09057569153188678,neutral,-0.012422204046029256
2026-06-03,GLYHO,KAP,GLOBAL YATIRIM HOLDİNG A.Ş. - Payların Geri Alınmasına İlişkin Bildirim,GLOBAL YATIRIM HOLDİNG A.Ş. - Payların Geri Alınmasına İlişkin Bildirim. Payların Geri Alınmasına İlişkin Bildirim 03.06.2026 Tarihli Pay Geri Alım İşlemleri,https://www.kap.org.tr/tr/Bildirim/1612727,tr,2026-06-03T18:45:15+00:00,0.04603921547071902,0.07464582514024526,0.8793149593890357,positive,0.8332757439183167
2026-06-03,GLYHO,KAP,GLOBAL YATIRIM HOLDİNG A.Ş. - Özel Durum Açıklaması (Genel),"GLOBAL YATIRIM HOLDİNG A.Ş. - Özel Durum Açıklaması (Genel). Özel Durum Açıklaması (Genel) İspanya, Ferrol Kruvaziyer Limanı Hk",https://www.kap.org.tr/tr/Bildirim/1612734,tr,2026-06-03T18:52:10+00:00,0.3224435485986055,0.541522104320039,0.13603434708135556,neutral,-0.18640920151724996
2026-06-03,GOKNR,KAP,GÖKNUR GIDA MADDELERİ ENERJİ İMALAT İTHALAT İHRACAT TİCARET VE SANAYİ A.Ş. - Kayıtlı Sermaye Tavanı İşlemlerine İlişkin Bildirim,GÖKNUR GIDA MADDELERİ ENERJİ İMALAT İTHALAT İHRACAT TİCARET VE SANAYİ A.Ş. - Kayıtlı Sermaye Tavanı İşlemlerine İlişkin Bildirim. Kayıtlı Sermaye Tavanı İşlemlerine İlişkin Bildirim Kayıtlı Sermaye Tavanı Geçerlilik Süresinin Uzatılmasına İlişkin SPK Başvurusu,https://www.kap.org.tr/tr/Bildirim/1612658,tr,2026-06-03T17:30:28+00:00,0.09256587753550248,0.36979169155337416,0.5376424309111234,positive,0.4450765533756209
2026-06-03,GOKNR,KAP,GÖKNUR GIDA MADDELERİ ENERJİ İMALAT İTHALAT İHRACAT TİCARET VE SANAYİ A.Ş. - Payların Geri Alınmasına İlişkin Bildirim,GÖKNUR GIDA MADDELERİ ENERJİ İMALAT İTHALAT İHRACAT TİCARET VE SANAYİ A.Ş. - Payların Geri Alınmasına İlişkin Bildirim. Payların Geri Alınmasına İlişkin Bildirim Payların geri alınmasına ilişkin bildirim.,https://www.kap.org.tr/tr/Bildirim/1612726,tr,2026-06-03T18:41:51+00:00,0.05724791557332567,0.12698122041064216,0.8157708640160322,positive,0.7585229484427065
2026-06-03,GOODY,KAP,GOODYEAR LASTİKLERİ T.A.Ş. - Özel Durum Açıklaması (Genel),GOODYEAR LASTİKLERİ T.A.Ş. - Özel Durum Açıklaması (Genel). Özel Durum Açıklaması (Genel) Toplu İş Sözleşmesi Görüşmeleri Sonucu,https://www.kap.org.tr/tr/Bildirim/1612500,tr,2026-06-03T15:12:39+00:00,0.38021403040125423,0.46520886946693824,0.1545771001318075,neutral,-0.22563693026944673
2026-06-03,GOODY,KAP,GOODYEAR LASTİKLERİ T.A.Ş. - Genel Kurul İşlemlerine İlişkin Bildirim,GOODYEAR LASTİKLERİ T.A.Ş. - Genel Kurul İşlemlerine İlişkin Bildirim. Genel Kurul İşlemlerine İlişkin Bildirim Olağan Genel Kurul İlanı,https://www.kap.org.tr/tr/Bildirim/1612753,tr,2026-06-03T20:29:52+00:00,0.21113504371587472,0.7231277599051982,0.06573719637892725,neutral,-0.14539784733694747
2026-06-03,GOODY,KAP,GOODYEAR LASTİKLERİ T.A.Ş. - Kar Payı Dağıtım İşlemlerine İlişkin Bildirim,GOODYEAR LASTİKLERİ T.A.Ş. - Kar Payı Dağıtım İşlemlerine İlişkin Bildirim. Kar Payı Dağıtım İşlemlerine İlişkin Bildirim Kar Dağıtım Teklifine İlişkin Açıklama,https://www.kap.org.tr/tr/Bildirim/1612797,tr,2026-06-03T21:12:07+00:00,0.12184558168968095,0.027936297353856797,0.8502181209564623,positive,0.7283725392667814
2026-06-03,GOODY,KAP,GOODYEAR LASTİKLERİ T.A.Ş. - Bağımsız Denetim Kuruluşunun Belirlenmesi,GOODYEAR LASTİKLERİ T.A.Ş. - Bağımsız Denetim Kuruluşunun Belirlenmesi. Bağımsız Denetim Kuruluşunun Belirlenmesi Bağımsız Denetim Kuruluşu Seçimi,https://www.kap.org.tr/tr/Bildirim/1612801,tr,2026-06-03T21:43:05+00:00,0.07784908404094303,0.84251774683834,0.07963316912071702,neutral,0.0017840850797739977
2026-06-03,GRNYO,KAP,GARANTİ YATIRIM ORTAKLIĞI A.Ş. - Özel Durum Açıklaması (Genel),GARANTİ YATIRIM ORTAKLIĞI A.Ş. - Özel Durum Açıklaması (Genel). Özel Durum Açıklaması (Genel) Rota Portföy Yönetimi A.Ş.ile Portföy Yönetim Sözleşmesi Düzenlenmesi ROP,https://www.kap.org.tr/tr/Bildirim/1612294,tr,2026-06-03T10:34:07+00:00,0.22943858807458892,0.6205088136285232,0.15005259829688797,neutral,-0.07938598977770095
2026-06-03,GRNYO,KAP,GARANTİ YATIRIM ORTAKLIĞI A.Ş. - Özel Durum Açıklaması (Genel),"GARANTİ YATIRIM ORTAKLIĞI A.Ş. - Özel Durum Açıklaması (Genel). Özel Durum Açıklaması (Genel) Paylarının BİAŞ'ta oluşan ağırlıklı ortalama fiyatının, pay başına net aktif değerinin 2 katını aşması hakkında.",https://www.kap.org.tr/tr/Bildirim/1612312,tr,2026-06-03T11:16:55+00:00,0.16081378709983776,0.735047836946236,0.10413837595392639,neutral,-0.056675411145911375
2026-06-03,HDFFL,KAP,HEDEF ARAÇ KİRALAMA VE SERVİS A.Ş. - Pay Dışında Sermaye Piyasası Aracı İşlemlerine İlişkin Bildirim (Faiz İçeren),HEDEF ARAÇ KİRALAMA VE SERVİS A.Ş. - Pay Dışında Sermaye Piyasası Aracı İşlemlerine İlişkin Bildirim (Faiz İçeren). Pay Dışında Sermaye Piyasası Aracı İşlemlerine İlişkin Bildirim (Faiz İçeren) TRSHDAKK2618 ISIN Kodlu Tahvilin 4. Kupon Ödemesi,https://www.kap.org.tr/tr/Bildirim/1612445,tr,2026-06-03T13:38:20+00:00,0.040418326510829876,0.9059245817449841,0.05365709174418604,neutral,0.013238765233356167
2026-06-03,HLGYO,KAP,HALK GAYRİMENKUL YATIRIM ORTAKLIĞI A.Ş. - Şirket Genel Bilgi Formu,HALK GAYRİMENKUL YATIRIM ORTAKLIĞI A.Ş. - Şirket Genel Bilgi Formu. Şirket Genel Bilgi Formu,https://www.kap.org.tr/tr/Bildirim/1612729,tr,2026-06-03T18:47:22+00:00,0.08291560483116371,0.8363812804957033,0.08070311467313315,neutral,-0.0022124901580305584
2026-06-03,HLVKS,KAP,HALK VARLIK KİRALAMA A.Ş. - Tertip İhraç Belgesi,HALK VARLIK KİRALAMA A.Ş. - Tertip İhraç Belgesi. Tertip İhraç Belgesi Emlak Konut GYO 1.Tertip İhraç Belgesi EKGYO,https://www.kap.org.tr/tr/Bildirim/1612240,tr,2026-06-03T09:33:00+00:00,0.1273589431991691,0.7247536042123048,0.14788745258852598,neutral,0.02052850938935688
2026-06-03,HRKET,KAP,HAREKET PROJE TAŞIMACILIĞI VE YÜK MÜHENDİSLİĞİ A.Ş. - Olağan Dışı Fiyat ve Miktar Hareketleri,HAREKET PROJE TAŞIMACILIĞI VE YÜK MÜHENDİSLİĞİ A.Ş. - Olağan Dışı Fiyat ve Miktar Hareketleri. Olağan Dışı Fiyat ve Miktar Hareketleri Olağandışı Fiyat ve Miktar Hareketi Hk.,https://www.kap.org.tr/tr/Bildirim/1612480,tr,2026-06-03T14:57:30+00:00,0.2008547376148557,0.5295079605182794,0.26963730186686496,neutral,0.06878256425200927
2026-06-03,HUZFA,KAP,HUZUR FAKTORİNG A.Ş. - Pay Dışında Sermaye Piyasası Aracı İşlemlerine İlişkin Bildirim (Faiz İçeren),HUZUR FAKTORİNG A.Ş. - Pay Dışında Sermaye Piyasası Aracı İşlemlerine İlişkin Bildirim (Faiz İçeren). Pay Dışında Sermaye Piyasası Aracı İşlemlerine İlişkin Bildirim (Faiz İçeren) TRFHZRF92610 ISIN KODLU FİNANSMAN BONOSU 3.KUPON ÖDEMESİ,https://www.kap.org.tr/tr/Bildirim/1612287,tr,2026-06-03T10:24:34+00:00,0.045546385607179926,0.8958222798130479,0.05863133457977227,neutral,0.013084948972592346
2026-06-03,IHLAS,KAP,İHLAS HOLDİNG A.Ş. - Sermaye Artırımından Elde Edilecek - Edilen Fonun Kullanımına İlişkin Rapor,İHLAS HOLDİNG A.Ş. - Sermaye Artırımından Elde Edilecek - Edilen Fonun Kullanımına İlişkin Rapor. Sermaye Artırımından Elde Edilecek - Edilen Fonun Kullanımına İlişkin Rapor Sermaye Artırımından Elde Edilecek Fonun Kullanım Yerleri Hk. (Revize),https://www.kap.org.tr/tr/Bildirim/1612249,tr,2026-06-03T09:50:59+00:00,0.13394971788281998,0.6953695254968953,0.17068075662028467,neutral,0.036731038737464694
2026-06-03,IMASM,KAP,İMAŞ MAKİNA SANAYİ A.Ş. - Özel Durum Açıklaması (Genel),İMAŞ MAKİNA SANAYİ A.Ş. - Özel Durum Açıklaması (Genel). Özel Durum Açıklaması (Genel) Sürdürülebilirlik Denetimi İçin Bağımsız Denetim Firmasının Seçimi Hakkında,https://www.kap.org.tr/tr/Bildirim/1612779,tr,2026-06-03T20:44:49+00:00,0.2506131268863893,0.6100709114156792,0.13931596169793153,neutral,-0.11129716518845778
2026-06-03,INFO,KAP,İNFO YATIRIM MENKUL DEĞERLER A.Ş. - Şirket Genel Bilgi Formu,İNFO YATIRIM MENKUL DEĞERLER A.Ş. - Şirket Genel Bilgi Formu. Şirket Genel Bilgi Formu,https://www.kap.org.tr/tr/Bildirim/1612426,tr,2026-06-03T12:32:25+00:00,0.1029800284095425,0.8058536455714552,0.0911663260190023,neutral,-0.011813702390540193
2026-06-03,ISATR,KAP,TÜRKİYE İŞ BANKASI A.Ş. - Pay Dışında Sermaye Piyasası Aracı İşlemlerine İlişkin Bildirim (Faiz İçeren),TÜRKİYE İŞ BANKASI A.Ş. - Pay Dışında Sermaye Piyasası Aracı İşlemlerine İlişkin Bildirim (Faiz İçeren). Pay Dışında Sermaye Piyasası Aracı İşlemlerine İlişkin Bildirim (Faiz İçeren) Yurtdışı Piyasalara Tahvil İhracı,https://www.kap.org.tr/tr/Bildirim/1612587,tr,2026-06-03T16:49:56+00:00,0.04438489137604333,0.8974819785284599,0.058133130095496775,neutral,0.013748238719453444
2026-06-03,ISBTR,KAP,TÜRKİYE İŞ BANKASI A.Ş. - Pay Dışında Sermaye Piyasası Aracı İşlemlerine İlişkin Bildirim (Faiz İçeren),TÜRKİYE İŞ BANKASI A.Ş. - Pay Dışında Sermaye Piyasası Aracı İşlemlerine İlişkin Bildirim (Faiz İçeren). Pay Dışında Sermaye Piyasası Aracı İşlemlerine İlişkin Bildirim (Faiz İçeren) Yurtdışı Piyasalara Tahvil İhracı,https://www.kap.org.tr/tr/Bildirim/1612587,tr,2026-06-03T16:49:56+00:00,0.04438489137604333,0.8974819785284599,0.058133130095496775,neutral,0.013748238719453444
2026-06-03,ISCTR,KAP,TÜRKİYE İŞ BANKASI A.Ş. - Pay Dışında Sermaye Piyasası Aracı İşlemlerine İlişkin Bildirim (Faiz İçeren),TÜRKİYE İŞ BANKASI A.Ş. - Pay Dışında Sermaye Piyasası Aracı İşlemlerine İlişkin Bildirim (Faiz İçeren). Pay Dışında Sermaye Piyasası Aracı İşlemlerine İlişkin Bildirim (Faiz İçeren) Yurtdışı Piyasalara Tahvil İhracı,https://www.kap.org.tr/tr/Bildirim/1612587,tr,2026-06-03T16:49:56+00:00,0.04438489137604333,0.8974819785284599,0.058133130095496775,neutral,0.013748238719453444
2026-06-03,ISFIN,KAP,İŞ FİNANSAL KİRALAMA A.Ş. - Pay Dışında Sermaye Piyasası Aracı İşlemlerine İlişkin Bildirim (Faiz İçeren),İŞ FİNANSAL KİRALAMA A.Ş. - Pay Dışında Sermaye Piyasası Aracı İşlemlerine İlişkin Bildirim (Faiz İçeren). Pay Dışında Sermaye Piyasası Aracı İşlemlerine İlişkin Bildirim (Faiz İçeren) TRFISFNA2619 ISIN Kodlu Finansman Bonosu İhracı,https://www.kap.org.tr/tr/Bildirim/1612278,tr,2026-06-03T10:14:56+00:00,0.037228171165095934,0.91433788365313,0.04843394518177424,neutral,0.011205774016678306
2026-06-03,ISKUR,KAP,TÜRKİYE İŞ BANKASI A.Ş. - Pay Dışında Sermaye Piyasası Aracı İşlemlerine İlişkin Bildirim (Faiz İçeren),TÜRKİYE İŞ BANKASI A.Ş. - Pay Dışında Sermaye Piyasası Aracı İşlemlerine İlişkin Bildirim (Faiz İçeren). Pay Dışında Sermaye Piyasası Aracı İşlemlerine İlişkin Bildirim (Faiz İçeren) Yurtdışı Piyasalara Tahvil İhracı,https://www.kap.org.tr/tr/Bildirim/1612587,tr,2026-06-03T16:49:56+00:00,0.04438489137604333,0.8974819785284599,0.058133130095496775,neutral,0.013748238719453444
2026-06-03,ISMEN,KAP,İŞ YATIRIM MENKUL DEĞERLER A.Ş. - Yatırım Kuruluşu Varant - Sertifika - Senetlerine İlişkin Bildirim,İŞ YATIRIM MENKUL DEĞERLER A.Ş. - Yatırım Kuruluşu Varant - Sertifika - Senetlerine İlişkin Bildirim. Yatırım Kuruluşu Varant - Sertifika - Senetlerine İlişkin Bildirim İş Yatırım Sertifika ve Varant Alım Satım İşlemleri,https://www.kap.org.tr/tr/Bildirim/1612721,tr,2026-06-03T18:32:04+00:00,0.0895846613283037,0.7899223826599613,0.12049295601173492,neutral,0.030908294683431217
2026-06-03,ISMEN,KAP,İŞ YATIRIM MENKUL DEĞERLER A.Ş. - Piyasa Yapıcılığı Kapsamında Gerçekleştirilen İşlemler Bildirimi,İŞ YATIRIM MENKUL DEĞERLER A.Ş. - Piyasa Yapıcılığı Kapsamında Gerçekleştirilen İşlemler Bildirimi. Piyasa Yapıcılığı Kapsamında Gerçekleştirilen İşlemler Bildirimi Borsa Yatırım Fonu Piyasa Yapıcılığı İşlemleri ISGLK,https://www.kap.org.tr/tr/Bildirim/1612725,tr,2026-06-03T18:35:14+00:00,0.10892351634083196,0.7776769728658276,0.11339951079334036,neutral,0.004475994452508403
2026-06-03,ISTFK,KAP,İSTANBUL FAKTORİNG A.Ş. - Pay Dışında Sermaye Piyasası Aracı İşlemlerine İlişkin Bildirim (Faiz İçeren),İSTANBUL FAKTORİNG A.Ş. - Pay Dışında Sermaye Piyasası Aracı İşlemlerine İlişkin Bildirim (Faiz İçeren). Pay Dışında Sermaye Piyasası Aracı İşlemlerine İlişkin Bildirim (Faiz İçeren) TRFIFAS92619 ISIN kodlu finansman bonosunun 1. kupon oranına ilişkin açıklama,https://www.kap.org.tr/tr/Bildirim/1612579,tr,2026-06-03T16:44:24+00:00,0.046789270227622005,0.8901232800690668,0.06308744970331102,neutral,0.01629817947568902
2026-06-03,IYF,KAP,İNFO YATIRIM MENKUL DEĞERLER A.Ş. - Şirket Genel Bilgi Formu,İNFO YATIRIM MENKUL DEĞERLER A.Ş. - Şirket Genel Bilgi Formu. Şirket Genel Bilgi Formu,https://www.kap.org.tr/tr/Bildirim/1612426,tr,2026-06-03T12:32:25+00:00,0.1029800284095425,0.8058536455714552,0.0911663260190023,neutral,-0.011813702390540193
2026-06-03,IYM,KAP,İŞ YATIRIM MENKUL DEĞERLER A.Ş. - Yatırım Kuruluşu Varant - Sertifika - Senetlerine İlişkin Bildirim,İŞ YATIRIM MENKUL DEĞERLER A.Ş. - Yatırım Kuruluşu Varant - Sertifika - Senetlerine İlişkin Bildirim. Yatırım Kuruluşu Varant - Sertifika - Senetlerine İlişkin Bildirim İş Yatırım Sertifika ve Varant Alım Satım İşlemleri,https://www.kap.org.tr/tr/Bildirim/1612721,tr,2026-06-03T18:32:04+00:00,0.0895846613283037,0.7899223826599613,0.12049295601173492,neutral,0.030908294683431217
2026-06-03,IYM,KAP,İŞ YATIRIM MENKUL DEĞERLER A.Ş. - Piyasa Yapıcılığı Kapsamında Gerçekleştirilen İşlemler Bildirimi,İŞ YATIRIM MENKUL DEĞERLER A.Ş. - Piyasa Yapıcılığı Kapsamında Gerçekleştirilen İşlemler Bildirimi. Piyasa Yapıcılığı Kapsamında Gerçekleştirilen İşlemler Bildirimi Borsa Yatırım Fonu Piyasa Yapıcılığı İşlemleri ISGLK,https://www.kap.org.tr/tr/Bildirim/1612725,tr,2026-06-03T18:35:14+00:00,0.10892351634083196,0.7776769728658276,0.11339951079334036,neutral,0.004475994452508403
2026-06-03,KAREL,KAP,KAREL ELEKTRONİK SANAYİ VE TİCARET A.Ş. - Genel Kurul İşlemlerine İlişkin Bildirim,KAREL ELEKTRONİK SANAYİ VE TİCARET A.Ş. - Genel Kurul İşlemlerine İlişkin Bildirim. Genel Kurul İşlemlerine İlişkin Bildirim 2025 Yılı Olağan Genel Kurul Toplantısı Tescili Hk.,https://www.kap.org.tr/tr/Bildirim/1612533,tr,2026-06-03T15:46:12+00:00,0.11802157191958072,0.8072229932452483,0.07475543483517108,neutral,-0.04326613708440964
2026-06-03,KAREL,KAP,KAREL ELEKTRONİK SANAYİ VE TİCARET A.Ş. - Bağımsız Denetim Kuruluşunun Belirlenmesi,KAREL ELEKTRONİK SANAYİ VE TİCARET A.Ş. - Bağımsız Denetim Kuruluşunun Belirlenmesi. Bağımsız Denetim Kuruluşunun Belirlenmesi Bağımsız Denetim Kuruluşu Seçimi Tescili Hk.,https://www.kap.org.tr/tr/Bildirim/1612534,tr,2026-06-03T15:46:58+00:00,0.0551599406631579,0.8669631882044618,0.07787687113238025,neutral,0.022716930469222345
2026-06-03,KAYSE,KAP,KAYSERİ ŞEKER FABRİKASI A.Ş. - Özel Durum Açıklaması (Genel),KAYSERİ ŞEKER FABRİKASI A.Ş. - Özel Durum Açıklaması (Genel). Özel Durum Açıklaması (Genel) Yönetim Kurulu Üyesi İstifası hk.,https://www.kap.org.tr/tr/Bildirim/1612748,tr,2026-06-03T20:07:52+00:00,0.41780464210610285,0.4591367142670273,0.1230586436268698,neutral,-0.29474599847923305
2026-06-03,KAYSE,KAP,KAYSERİ ŞEKER FABRİKASI A.Ş. - Şirket Genel Bilgi Formu,KAYSERİ ŞEKER FABRİKASI A.Ş. - Şirket Genel Bilgi Formu. Şirket Genel Bilgi Formu,https://www.kap.org.tr/tr/Bildirim/1612749,tr,2026-06-03T20:08:09+00:00,0.15357671642965776,0.723083902155066,0.12333938141527624,neutral,-0.030237335014381514
2026-06-03,KLGYO,KAP,KİLER GAYRİMENKUL YATIRIM ORTAKLIĞI A.Ş. - Bilgilendirme Politikası,KİLER GAYRİMENKUL YATIRIM ORTAKLIĞI A.Ş. - Bilgilendirme Politikası. Bilgilendirme Politikası Bilgilendirme politikası Güncellemesi,https://www.kap.org.tr/tr/Bildirim/1612774,tr,2026-06-03T20:43:35+00:00,0.14722350909173598,0.6466949953444048,0.20608149556385927,neutral,0.058857986472123286
2026-06-03,KLGYO,KAP,KİLER GAYRİMENKUL YATIRIM ORTAKLIĞI A.Ş. - Kar Dağıtım Politikası,KİLER GAYRİMENKUL YATIRIM ORTAKLIĞI A.Ş. - Kar Dağıtım Politikası. Kar Dağıtım Politikası Kar Dağıtım Politikası Güncellemesi,https://www.kap.org.tr/tr/Bildirim/1612775,tr,2026-06-03T20:43:50+00:00,0.18695790330123,0.43879460141504956,0.3742474952837204,neutral,0.18728959198249043
2026-06-03,KLGYO,KAP,KİLER GAYRİMENKUL YATIRIM ORTAKLIĞI A.Ş. - Özel Durum Açıklaması (Genel),KİLER GAYRİMENKUL YATIRIM ORTAKLIĞI A.Ş. - Özel Durum Açıklaması (Genel). Özel Durum Açıklaması (Genel) Ücret Politikası Güncellemesi,https://www.kap.org.tr/tr/Bildirim/1612777,tr,2026-06-03T20:44:09+00:00,0.21062164430493027,0.7036262857690887,0.08575206992598094,neutral,-0.12486957437894933
2026-06-03,KLGYO,KAP,KİLER GAYRİMENKUL YATIRIM ORTAKLIĞI A.Ş. - Özel Durum Açıklaması (Genel),KİLER GAYRİMENKUL YATIRIM ORTAKLIĞI A.Ş. - Özel Durum Açıklaması (Genel). Özel Durum Açıklaması (Genel) Bağış ve Yardım Politikası Güncellemesi,https://www.kap.org.tr/tr/Bildirim/1612778,tr,2026-06-03T20:44:22+00:00,0.19799492510988922,0.7163864533284896,0.08561862156162106,neutral,-0.11237630354826816
2026-06-03,KLMSN,KAP,KLİMASAN KLİMA SANAYİ VE TİCARET A.Ş. - Genel Kurul İşlemlerine İlişkin Bildirim,KLİMASAN KLİMA SANAYİ VE TİCARET A.Ş. - Genel Kurul İşlemlerine İlişkin Bildirim. Genel Kurul İşlemlerine İlişkin Bildirim 2025 YILI A GRUBU İMTİYAZLI PAY SAHİPLERİ GENEL KURULU TOPLANTI SONUCU,https://www.kap.org.tr/tr/Bildirim/1612469,tr,2026-06-03T14:39:26+00:00,0.10658341781921916,0.7674350550274043,0.12598152715337663,neutral,0.019398109334157462
2026-06-03,KLMSN,KAP,KLİMASAN KLİMA SANAYİ VE TİCARET A.Ş. - Genel Kurul İşlemlerine İlişkin Bildirim,KLİMASAN KLİMA SANAYİ VE TİCARET A.Ş. - Genel Kurul İşlemlerine İlişkin Bildirim. Genel Kurul İşlemlerine İlişkin Bildirim 2025 YILI B GRUBU İMTİYAZLI PAY SAHİPLERİ GENEL KURUL TOPLANTI SONUCU,https://www.kap.org.tr/tr/Bildirim/1612470,tr,2026-06-03T14:39:36+00:00,0.1183671001695827,0.7727354787747598,0.10889742105565746,neutral,-0.009469679113925239
2026-06-03,KLMSN,KAP,KLİMASAN KLİMA SANAYİ VE TİCARET A.Ş. - Genel Kurul İşlemlerine İlişkin Bildirim,KLİMASAN KLİMA SANAYİ VE TİCARET A.Ş. - Genel Kurul İşlemlerine İlişkin Bildirim. Genel Kurul İşlemlerine İlişkin Bildirim 2025 YILI C GRUBU İMTİYAZLI PAY SAHİPLERİ GENEL KURUL TOPLANTI SONUCU,https://www.kap.org.tr/tr/Bildirim/1612471,tr,2026-06-03T14:39:46+00:00,0.1183671001695827,0.7727354787747598,0.10889742105565746,neutral,-0.009469679113925239
2026-06-03,KLMSN,KAP,KLİMASAN KLİMA SANAYİ VE TİCARET A.Ş. - Genel Kurul İşlemlerine İlişkin Bildirim,KLİMASAN KLİMA SANAYİ VE TİCARET A.Ş. - Genel Kurul İşlemlerine İlişkin Bildirim. Genel Kurul İşlemlerine İlişkin Bildirim 2025 YILI OLAĞAN GENEL KURUL TOPLANTI SONUCU,https://www.kap.org.tr/tr/Bildirim/1612472,tr,2026-06-03T14:39:56+00:00,0.1322389524598763,0.767769051606792,0.09999199593333173,neutral,-0.032246956526544565
2026-06-03,KLMSN,KAP,KLİMASAN KLİMA SANAYİ VE TİCARET A.Ş. - Kar Payı Dağıtım İşlemlerine İlişkin Bildirim,KLİMASAN KLİMA SANAYİ VE TİCARET A.Ş. - Kar Payı Dağıtım İşlemlerine İlişkin Bildirim. Kar Payı Dağıtım İşlemlerine İlişkin Bildirim KAR PAYI DAĞITIM İŞLEMLERİNE İLİŞKİN GENEL KURUL SONUCU,https://www.kap.org.tr/tr/Bildirim/1612494,tr,2026-06-03T15:11:50+00:00,0.12440773290225465,0.08168871781379049,0.7939035492839548,positive,0.6694958163817002
2026-06-03,KLMSN,KAP,KLİMASAN KLİMA SANAYİ VE TİCARET A.Ş. - Yönetim Kurulu Komiteleri,KLİMASAN KLİMA SANAYİ VE TİCARET A.Ş. - Yönetim Kurulu Komiteleri. Yönetim Kurulu Komiteleri Yönetim Kurulu ve Komite Atamaları,https://www.kap.org.tr/tr/Bildirim/1612497,tr,2026-06-03T15:12:20+00:00,0.17772850527448303,0.61949361973801,0.20277787498750707,neutral,0.025049369713024044
2026-06-03,KLMSN,KAP,KLİMASAN KLİMA SANAYİ VE TİCARET A.Ş. - Bağımsız Denetim Kuruluşunun Belirlenmesi,KLİMASAN KLİMA SANAYİ VE TİCARET A.Ş. - Bağımsız Denetim Kuruluşunun Belirlenmesi. Bağımsız Denetim Kuruluşunun Belirlenmesi Bağımsız Denetim Kuruluşu Seçiminin Genel Kurul tarafından onaylanması,https://www.kap.org.tr/tr/Bildirim/1612498,tr,2026-06-03T15:12:29+00:00,0.08021033521817238,0.8662552480751619,0.05353441670666579,neutral,-0.026675918511506587
2026-06-03,KLMSN,KAP,KLİMASAN KLİMA SANAYİ VE TİCARET A.Ş. - Bağımsız Denetim Kuruluşunun Belirlenmesi,KLİMASAN KLİMA SANAYİ VE TİCARET A.Ş. - Bağımsız Denetim Kuruluşunun Belirlenmesi. Bağımsız Denetim Kuruluşunun Belirlenmesi Sürdürülebilirlik Denetim Kuruluşunun Genel Kurul Tarafından Onaylanması,https://www.kap.org.tr/tr/Bildirim/1612499,tr,2026-06-03T15:12:38+00:00,0.0868240118683096,0.8555231011581811,0.057652886973509336,neutral,-0.02917112489480026
2026-06-03,KLMSN,KAP,KLİMASAN KLİMA SANAYİ VE TİCARET A.Ş. - Kurumsal Yönetim Bilgi Formu (Güncelleme) - Yönetim Kurulu-1,KLİMASAN KLİMA SANAYİ VE TİCARET A.Ş. - Kurumsal Yönetim Bilgi Formu (Güncelleme) - Yönetim Kurulu-1. Kurumsal Yönetim Bilgi Formu (Güncelleme) - Yönetim Kurulu-1 Genel Kurul'da Yönetim Kurulu Üye Değişikliği,https://www.kap.org.tr/tr/Bildirim/1612546,tr,2026-06-03T16:08:25+00:00,0.17817464694497395,0.679528229304606,0.1422971237504201,neutral,-0.03587752319455384
2026-06-03,KLMSN,KAP,KLİMASAN KLİMA SANAYİ VE TİCARET A.Ş. - Kurumsal Yönetim Bilgi Formu (Güncelleme) - Yönetim Kurulu-2,KLİMASAN KLİMA SANAYİ VE TİCARET A.Ş. - Kurumsal Yönetim Bilgi Formu (Güncelleme) - Yönetim Kurulu-2. Kurumsal Yönetim Bilgi Formu (Güncelleme) - Yönetim Kurulu-2 Genel Kurulda Seçilen Yönetim Kurulu Üyeleri ve Komitelerinin Güncellenmesi,https://www.kap.org.tr/tr/Bildirim/1612547,tr,2026-06-03T16:08:49+00:00,0.1882245480764923,0.6577867549751171,0.1539886969483907,neutral,-0.034235851128101596
2026-06-03,KLMSN,KAP,KLİMASAN KLİMA SANAYİ VE TİCARET A.Ş. - Şirket Genel Bilgi Formu,KLİMASAN KLİMA SANAYİ VE TİCARET A.Ş. - Şirket Genel Bilgi Formu. Şirket Genel Bilgi Formu,https://www.kap.org.tr/tr/Bildirim/1612548,tr,2026-06-03T16:09:02+00:00,0.08746277925520785,0.8135040831880241,0.09903313755676796,neutral,0.011570358301560113
2026-06-03,KLSYN,KAP,KOLEKSİYON MOBİLYA SANAYİ A.Ş. - Genel Kurul İşlemlerine İlişkin Bildirim,KOLEKSİYON MOBİLYA SANAYİ A.Ş. - Genel Kurul İşlemlerine İlişkin Bildirim. Genel Kurul İşlemlerine İlişkin Bildirim 2025 Yılı Olağan Genel Kurul Toplantısı Sonuçları Hakkında,https://www.kap.org.tr/tr/Bildirim/1612345,tr,2026-06-03T11:57:29+00:00,0.19211212727081475,0.7250792313322886,0.08280864139689659,neutral,-0.10930348587391817
2026-06-03,KLSYN,KAP,KOLEKSİYON MOBİLYA SANAYİ A.Ş. - Kayıtlı Sermaye Tavanı İşlemlerine İlişkin Bildirim,KOLEKSİYON MOBİLYA SANAYİ A.Ş. - Kayıtlı Sermaye Tavanı İşlemlerine İlişkin Bildirim. Kayıtlı Sermaye Tavanı İşlemlerine İlişkin Bildirim Kayıtlı Sermaye Tavanı İşlemleri Hakkında,https://www.kap.org.tr/tr/Bildirim/1612347,tr,2026-06-03T12:00:55+00:00,0.09642435472098027,0.27032153139413717,0.6332541138848824,positive,0.5368297591639022
2026-06-03,KLSYN,KAP,KOLEKSİYON MOBİLYA SANAYİ A.Ş. - Kar Payı Dağıtım İşlemlerine İlişkin Bildirim,KOLEKSİYON MOBİLYA SANAYİ A.Ş. - Kar Payı Dağıtım İşlemlerine İlişkin Bildirim. Kar Payı Dağıtım İşlemlerine İlişkin Bildirim Kar Payı Dağıtım İşlemleri Hakkında,https://www.kap.org.tr/tr/Bildirim/1612418,tr,2026-06-03T12:10:16+00:00,0.10642938940531727,0.024654314026611134,0.8689162965680716,positive,0.7624869071627542
2026-06-03,KLSYN,KAP,KOLEKSİYON MOBİLYA SANAYİ A.Ş. - Bağımsız Denetim Kuruluşunun Belirlenmesi,KOLEKSİYON MOBİLYA SANAYİ A.Ş. - Bağımsız Denetim Kuruluşunun Belirlenmesi. Bağımsız Denetim Kuruluşunun Belirlenmesi Bağımsız Denetim Şirketi Seçimi Hakkında,https://www.kap.org.tr/tr/Bildirim/1612421,tr,2026-06-03T12:14:51+00:00,0.08163443732817757,0.8315483247838218,0.0868172378880005,neutral,0.005182800559822925
2026-06-03,KLSYN,KAP,KOLEKSİYON MOBİLYA SANAYİ A.Ş. - Bağımsız Denetim Kuruluşunun Belirlenmesi,KOLEKSİYON MOBİLYA SANAYİ A.Ş. - Bağımsız Denetim Kuruluşunun Belirlenmesi. Bağımsız Denetim Kuruluşunun Belirlenmesi Sürdürülebilirlik Güvence Denetimi Bağımısz Denetim Şirketi Seçimi Hakkında,https://www.kap.org.tr/tr/Bildirim/1612423,tr,2026-06-03T12:17:59+00:00,0.08598377411916316,0.8218306351486729,0.0921855907321639,neutral,0.006201816613000732
2026-06-03,KLYPV,KAP,KALYON GÜNEŞ TEKNOLOJİLERİ ÜRETİM A.Ş. - Yeni İş İlişkisi,KALYON GÜNEŞ TEKNOLOJİLERİ ÜRETİM A.Ş. - Yeni İş İlişkisi. Yeni İş İlişkisi Yeni İş İlişkisi,https://www.kap.org.tr/tr/Bildirim/1612236,tr,2026-06-03T09:28:08+00:00,0.04372992788586429,0.05541930372447624,0.9008507683896595,positive,0.8571208405037952
2026-06-03,KNFRT,KAP,KONFRUT TARIM A.Ş. - Olağan Dışı Fiyat ve Miktar Hareketleri,KONFRUT TARIM A.Ş. - Olağan Dışı Fiyat ve Miktar Hareketleri. Olağan Dışı Fiyat ve Miktar Hareketleri Olağan Dışı Fiyat ve Miktar Hareketleri,https://www.kap.org.tr/tr/Bildirim/1612718,tr,2026-06-03T18:29:19+00:00,0.2373838315696045,0.5122829516063818,0.2503332168240137,neutral,0.012949385254409224
2026-06-03,KONKA,KAP,KONYA KAĞIT SANAYİ VE TİCARET A.Ş. - Esas Sözleşme,KONYA KAĞIT SANAYİ VE TİCARET A.Ş. - Esas Sözleşme. Esas Sözleşme Esas Sözleşme,https://www.kap.org.tr/tr/Bildirim/1612307,tr,2026-06-03T11:09:38+00:00,0.10867575319630897,0.6648534107193854,0.22647083608430557,neutral,0.1177950828879966
2026-06-03,KONKA,KAP,KONYA KAĞIT SANAYİ VE TİCARET A.Ş. - Özel Durum Açıklaması (Genel),KONYA KAĞIT SANAYİ VE TİCARET A.Ş. - Özel Durum Açıklaması (Genel). Özel Durum Açıklaması (Genel) Konya Kağıt Sanayi ve Ticaret A.Ş. İzmir Özel Endüstri Bölgesi İlk İmar Planı Onayı Hakkında,https://www.kap.org.tr/tr/Bildirim/1612532,tr,2026-06-03T15:43:41+00:00,0.23624752026315238,0.6139895121399138,0.1497629675969337,neutral,-0.08648455266621868
2026-06-03,KTSVK,KAP,KT SUKUK VARLIK KİRALAMA A.Ş. - Pay Dışında Sermaye Piyasası Aracı İşlemlerine İlişkin Bildirim (Faizsiz),KT SUKUK VARLIK KİRALAMA A.Ş. - Pay Dışında Sermaye Piyasası Aracı İşlemlerine İlişkin Bildirim (Faizsiz). Pay Dışında Sermaye Piyasası Aracı İşlemlerine İlişkin Bildirim (Faizsiz) TRDKTSKK2646 ISIN Kodlu Yurtiçi Kira Sertifikası İhracının Nitelikli Yatırımcıya Satışının Tamamlanması Hk ALVES,https://www.kap.org.tr/tr/Bildirim/1612329,tr,2026-06-03T11:31:06+00:00,0.05301933802785481,0.8733590207546403,0.07362164121750497,neutral,0.020602303189650166
2026-06-03,KTSVK,KAP,KT SUKUK VARLIK KİRALAMA A.Ş. - Pay Dışında Sermaye Piyasası Aracı İşlemlerine İlişkin Bildirim (Faizsiz),KT SUKUK VARLIK KİRALAMA A.Ş. - Pay Dışında Sermaye Piyasası Aracı İşlemlerine İlişkin Bildirim (Faizsiz). Pay Dışında Sermaye Piyasası Aracı İşlemlerine İlişkin Bildirim (Faizsiz) TRDKTSK62621 ISIN Kodlu Kira Sertifikası İtfa ve Kupon Ödemesi Hk. ALVES,https://www.kap.org.tr/tr/Bildirim/1612442,tr,2026-06-03T13:25:36+00:00,0.04761947529617296,0.8866942757449929,0.06568624895883411,neutral,0.01806677366266115
2026-06-03,KTSVK,KAP,KT SUKUK VARLIK KİRALAMA A.Ş. - Pay Dışında Sermaye Piyasası Aracı İşlemlerine İlişkin Bildirim (Faizsiz),KT SUKUK VARLIK KİRALAMA A.Ş. - Pay Dışında Sermaye Piyasası Aracı İşlemlerine İlişkin Bildirim (Faizsiz). Pay Dışında Sermaye Piyasası Aracı İşlemlerine İlişkin Bildirim (Faizsiz) TRDKTSK92669 ISIN Kodlu Yurtiçi Kira Sertifikası İhracının Nitelikli Yatırımcıya Satışının Tamamlanması Hk DINCR,https://www.kap.org.tr/tr/Bildirim/1612453,tr,2026-06-03T14:10:45+00:00,0.05296585677724391,0.8729640802743721,0.074070062948384,neutral,0.021104206171140096
2026-06-03,KTSVK,KAP,KT SUKUK VARLIK KİRALAMA A.Ş. - Pay Dışında Sermaye Piyasası Aracı İşlemlerine İlişkin Bildirim (Faizsiz),KT SUKUK VARLIK KİRALAMA A.Ş. - Pay Dışında Sermaye Piyasası Aracı İşlemlerine İlişkin Bildirim (Faizsiz). Pay Dışında Sermaye Piyasası Aracı İşlemlerine İlişkin Bildirim (Faizsiz) TRDKTSKE26B4 ISIN Kodlu Yurtiçi Kira Sertifikası İhracının Nitelikli Yatırımcıya Satışının Tamamlanması Hk EFOR,https://www.kap.org.tr/tr/Bildirim/1612477,tr,2026-06-03T14:50:02+00:00,0.05296585677724391,0.8729640802743721,0.074070062948384,neutral,0.021104206171140096
2026-06-03,LIDFA,KAP,LİDER FAKTORİNG A.Ş. - Pay Dışında Sermaye Piyasası Aracı İşlemlerine İlişkin Bildirim (Faiz İçeren),LİDER FAKTORİNG A.Ş. - Pay Dışında Sermaye Piyasası Aracı İşlemlerine İlişkin Bildirim (Faiz İçeren). Pay Dışında Sermaye Piyasası Aracı İşlemlerine İlişkin Bildirim (Faiz İçeren) trfldfk32719 ISIN Kodlu Bono Kupon Ödemesi,https://www.kap.org.tr/tr/Bildirim/1612230,tr,2026-06-03T09:17:35+00:00,0.047673683186565466,0.8883938263197656,0.06393249049366896,neutral,0.016258807307103496
2026-06-03,LRSHO,KAP,LORAS HOLDİNG A.Ş. - Özel Durum Açıklaması (Genel),LORAS HOLDİNG A.Ş. - Özel Durum Açıklaması (Genel). Özel Durum Açıklaması (Genel) Sürdürülebilirlik Denetimi İçin Bağımsız Denetim Firmasının Seçimi Hakkında,https://www.kap.org.tr/tr/Bildirim/1612776,tr,2026-06-03T20:44:01+00:00,0.2745061561694791,0.6009631584275333,0.12453068540298762,neutral,-0.14997547076649148
2026-06-03,MAGEN,KAP,MARGÜN ENERJİ ÜRETİM SANAYİ VE TİCARET A.Ş. - Özel Durum Açıklaması (Genel),MARGÜN ENERJİ ÜRETİM SANAYİ VE TİCARET A.Ş. - Özel Durum Açıklaması (Genel). Özel Durum Açıklaması (Genel) Jeotermal Enerji Yatırımları,https://www.kap.org.tr/tr/Bildirim/1612248,tr,2026-06-03T09:49:03+00:00,0.2424027101646628,0.6203339530701505,0.13726333676518676,neutral,-0.10513937339947604
2026-06-03,MEGMT,KAP,MEGA METAL SANAYİ VE TİCARET A.Ş. - Sermaye Artırımı - Azaltımı İşlemlerine İlişkin Bildirim,MEGA METAL SANAYİ VE TİCARET A.Ş. - Sermaye Artırımı - Azaltımı İşlemlerine İlişkin Bildirim. Sermaye Artırımı - Azaltımı İşlemlerine İlişkin Bildirim SPK Başvurusu Hk.,https://www.kap.org.tr/tr/Bildirim/1612679,tr,2026-06-03T18:03:19+00:00,0.09321651912159624,0.4244734598143443,0.4823100210640595,positive,0.3890935019424633
2026-06-03,MEKMD,KAP,MEKSA YATIRIM MENKUL DEĞERLER A.Ş. - Pay Dışında Sermaye Piyasası Aracı İşlemlerine İlişkin Bildirim (Faiz İçeren),MEKSA YATIRIM MENKUL DEĞERLER A.Ş. - Pay Dışında Sermaye Piyasası Aracı İşlemlerine İlişkin Bildirim (Faiz İçeren). Pay Dışında Sermaye Piyasası Aracı İşlemlerine İlişkin Bildirim (Faiz İçeren) Finansman Bonosu İtfası Hk.,https://www.kap.org.tr/tr/Bildirim/1612279,tr,2026-06-03T10:16:00+00:00,0.032501383960178355,0.9206102485343631,0.04688836750545834,neutral,0.014386983545279987
2026-06-03,MEKMD,KAP,MEKSA YATIRIM MENKUL DEĞERLER A.Ş. - Pay Dışında Sermaye Piyasası Aracı İşlemlerine İlişkin Bildirim (Faiz İçeren),MEKSA YATIRIM MENKUL DEĞERLER A.Ş. - Pay Dışında Sermaye Piyasası Aracı İşlemlerine İlişkin Bildirim (Faiz İçeren). Pay Dışında Sermaye Piyasası Aracı İşlemlerine İlişkin Bildirim (Faiz İçeren) Finansman Bonosu İhracı Hakkında,https://www.kap.org.tr/tr/Bildirim/1612280,tr,2026-06-03T10:16:13+00:00,0.03329996817723337,0.9229241292884903,0.043775902534276184,neutral,0.010475934357042811
2026-06-03,METEN,KAP,METGÜN ENERJİ YATIRIMLARI A.Ş. - Esas Sözleşme,METGÜN ENERJİ YATIRIMLARI A.Ş. - Esas Sözleşme. Esas Sözleşme Metgün Enerji SPK ve Ticaret Bakanlığı Onaylı Esas Sözleşme,https://www.kap.org.tr/tr/Bildirim/1612580,tr,2026-06-03T16:44:36+00:00,0.16755392002359168,0.5703788879027263,0.26206719207368195,neutral,0.09451327205009027
2026-06-03,METEN,KAP,METGÜN ENERJİ YATIRIMLARI A.Ş. - Şirket Genel Bilgi Formu,METGÜN ENERJİ YATIRIMLARI A.Ş. - Şirket Genel Bilgi Formu. Şirket Genel Bilgi Formu,https://www.kap.org.tr/tr/Bildirim/1612682,tr,2026-06-03T18:06:47+00:00,0.1353683051553554,0.7391615039570438,0.1254701908876008,neutral,-0.009898114267754582
2026-06-03,MINTF,KAP,MİNT FİNANSMAN A.Ş. - Pay Dışında Sermaye Piyasası Aracı İşlemlerine İlişkin Bildirim (Faiz İçeren),MİNT FİNANSMAN A.Ş. - Pay Dışında Sermaye Piyasası Aracı İşlemlerine İlişkin Bildirim (Faiz İçeren). Pay Dışında Sermaye Piyasası Aracı İşlemlerine İlişkin Bildirim (Faiz İçeren) TRFMINT62619 ISIN Kodlu 75.000.000 TL Tutarındaki Bono İtfa ve Kupon Ödemesi Hakkında,https://www.kap.org.tr/tr/Bildirim/1612544,tr,2026-06-03T16:05:28+00:00,0.05467611272156891,0.8746071521964028,0.07071673508202826,neutral,0.016040622360459354
2026-06-03,MSA,KAP,MEKSA YATIRIM MENKUL DEĞERLER A.Ş. - Pay Dışında Sermaye Piyasası Aracı İşlemlerine İlişkin Bildirim (Faiz İçeren),MEKSA YATIRIM MENKUL DEĞERLER A.Ş. - Pay Dışında Sermaye Piyasası Aracı İşlemlerine İlişkin Bildirim (Faiz İçeren). Pay Dışında Sermaye Piyasası Aracı İşlemlerine İlişkin Bildirim (Faiz İçeren) Finansman Bonosu İtfası Hk.,https://www.kap.org.tr/tr/Bildirim/1612279,tr,2026-06-03T10:16:00+00:00,0.032501383960178355,0.9206102485343631,0.04688836750545834,neutral,0.014386983545279987
2026-06-03,MSA,KAP,MEKSA YATIRIM MENKUL DEĞERLER A.Ş. - Pay Dışında Sermaye Piyasası Aracı İşlemlerine İlişkin Bildirim (Faiz İçeren),MEKSA YATIRIM MENKUL DEĞERLER A.Ş. - Pay Dışında Sermaye Piyasası Aracı İşlemlerine İlişkin Bildirim (Faiz İçeren). Pay Dışında Sermaye Piyasası Aracı İşlemlerine İlişkin Bildirim (Faiz İçeren) Finansman Bonosu İhracı Hakkında,https://www.kap.org.tr/tr/Bildirim/1612280,tr,2026-06-03T10:16:13+00:00,0.03329996817723337,0.9229241292884903,0.043775902534276184,neutral,0.010475934357042811
2026-06-03,NRBNK,KAP,NUROL YATIRIM BANKASI A.Ş. - Pay Dışında Sermaye Piyasası Aracı İşlemlerine İlişkin Bildirim (Faiz İçeren),NUROL YATIRIM BANKASI A.Ş. - Pay Dışında Sermaye Piyasası Aracı İşlemlerine İlişkin Bildirim (Faiz İçeren). Pay Dışında Sermaye Piyasası Aracı İşlemlerine İlişkin Bildirim (Faiz İçeren) TRSNURL62613 ISIN Kodlu Tahvilin İtfası,https://www.kap.org.tr/tr/Bildirim/1612434,tr,2026-06-03T12:58:35+00:00,0.03690966343599243,0.912079357472591,0.05101097909141662,neutral,0.01410131565542419
2026-06-03,NTHOL,KAP,NET HOLDİNG A.Ş. - Payların Geri Alınmasına İlişkin Bildirim,NET HOLDİNG A.Ş. - Payların Geri Alınmasına İlişkin Bildirim. Payların Geri Alınmasına İlişkin Bildirim Şirketimizin kendi paylarının geri alımı hakkında,https://www.kap.org.tr/tr/Bildirim/1612695,tr,2026-06-03T18:13:10+00:00,0.06972024143693228,0.10829275331604368,0.821987005247024,positive,0.7522667638100917
2026-06-03,NYB,KAP,NUROL YATIRIM BANKASI A.Ş. - Pay Dışında Sermaye Piyasası Aracı İşlemlerine İlişkin Bildirim (Faiz İçeren),NUROL YATIRIM BANKASI A.Ş. - Pay Dışında Sermaye Piyasası Aracı İşlemlerine İlişkin Bildirim (Faiz İçeren). Pay Dışında Sermaye Piyasası Aracı İşlemlerine İlişkin Bildirim (Faiz İçeren) TRSNURL62613 ISIN Kodlu Tahvilin İtfası,https://www.kap.org.tr/tr/Bildirim/1612434,tr,2026-06-03T12:58:35+00:00,0.03690966343599243,0.912079357472591,0.05101097909141662,neutral,0.01410131565542419
2026-06-03,ONRYT,KAP,ONUR YÜKSEK TEKNOLOJİ A.Ş. - Kurumsal Yönetim Bilgi Formu (Güncelleme) - Yönetim Kurulu-2,ONUR YÜKSEK TEKNOLOJİ A.Ş. - Kurumsal Yönetim Bilgi Formu (Güncelleme) - Yönetim Kurulu-2. Kurumsal Yönetim Bilgi Formu (Güncelleme) - Yönetim Kurulu-2 Kurumsal Yönetim Bilgi Formu Yönetim Kurulu II (Güncelleme),https://www.kap.org.tr/tr/Bildirim/1612728,tr,2026-06-03T18:46:52+00:00,0.19867041292995108,0.6120510072261716,0.18927857984387728,neutral,-0.009391833086073803
2026-06-03,ONRYT,KAP,ONUR YÜKSEK TEKNOLOJİ A.Ş. - Genel Kurul İşlemlerine İlişkin Bildirim,ONUR YÜKSEK TEKNOLOJİ A.Ş. - Genel Kurul İşlemlerine İlişkin Bildirim. Genel Kurul İşlemlerine İlişkin Bildirim Genel Kurul Karar Tescili,https://www.kap.org.tr/tr/Bildirim/1612730,tr,2026-06-03T18:47:51+00:00,0.21872493540233723,0.6945492423672094,0.08672582223045346,neutral,-0.1319991131718838
2026-06-03,ONRYT,KAP,ONUR YÜKSEK TEKNOLOJİ A.Ş. - Bağımsız Denetim Kuruluşunun Belirlenmesi,ONUR YÜKSEK TEKNOLOJİ A.Ş. - Bağımsız Denetim Kuruluşunun Belirlenmesi. Bağımsız Denetim Kuruluşunun Belirlenmesi Bağımsız Denetim Kuruluşu Seçiminin Tescili,https://www.kap.org.tr/tr/Bildirim/1612732,tr,2026-06-03T18:48:39+00:00,0.07956030296032542,0.8320405445546795,0.08839915248499518,neutral,0.008838849524669762
2026-06-03,OTKAR,KAP,OTOKAR OTOMOTİV VE SAVUNMA SANAYİ A.Ş. - Finansal Duran Varlık Edinimi,OTOKAR OTOMOTİV VE SAVUNMA SANAYİ A.Ş. - Finansal Duran Varlık Edinimi. Finansal Duran Varlık Edinimi Automecanica S.A. paylarının devralınması işleminin tamamlanması,https://www.kap.org.tr/tr/Bildirim/1612692,tr,2026-06-03T18:12:34+00:00,0.20600405544858666,0.5462771387575768,0.24771880579383657,neutral,0.04171475034524991
2026-06-03,OTOSR,KAP,OTOSOR OTOMOTİV A.Ş. - İhraç Tavanına İlişkin Bildirim,OTOSOR OTOMOTİV A.Ş. - İhraç Tavanına İlişkin Bildirim. İhraç Tavanına İlişkin Bildirim Borçlanma Aracı İhraç Belgesi Onayı,https://www.kap.org.tr/tr/Bildirim/1612575,tr,2026-06-03T16:40:37+00:00,0.07409334004498942,0.8257332361925563,0.10017342376245424,neutral,0.026080083717464814
2026-06-03,OTOSR,KAP,OTOSOR OTOMOTİV A.Ş. - İhraç Belgesi,OTOSOR OTOMOTİV A.Ş. - İhraç Belgesi. İhraç Belgesi Borçlanma Aracı İhraç Belgesi Onayı,https://www.kap.org.tr/tr/Bildirim/1612576,tr,2026-06-03T16:41:11+00:00,0.13683264795213393,0.7079538389180972,0.1552135131297689,neutral,0.01838086517763496
2026-06-03,OYA,KAP,OYAK YATIRIM MENKUL DEĞERLER A.Ş. - Piyasa Yapıcılığı Kapsamında Gerçekleştirilen İşlemler Bildirimi,OYAK YATIRIM MENKUL DEĞERLER A.Ş. - Piyasa Yapıcılığı Kapsamında Gerçekleştirilen İşlemler Bildirimi. Piyasa Yapıcılığı Kapsamında Gerçekleştirilen İşlemler Bildirimi 03/06/2026 TARİHLİ OYAYO PİYASA YAPICILIĞI İŞLEMLERİ OYAYO,https://www.kap.org.tr/tr/Bildirim/1612724,tr,2026-06-03T18:33:45+00:00,0.09416019150651127,0.7961983827883823,0.10964142570510642,neutral,0.01548123419859515
2026-06-03,OYAYO,KAP,OYAK YATIRIM ORTAKLIĞI A.Ş. - Özel Durum Açıklaması (Genel),"OYAK YATIRIM ORTAKLIĞI A.Ş. - Özel Durum Açıklaması (Genel). Özel Durum Açıklaması (Genel) Ortaklık paylarının BİAŞ'ta oluşan ağırlıklı ortalama fiyatının, pay başına net aktif değerinin 2 katını aşması hakkında",https://www.kap.org.tr/tr/Bildirim/1612425,tr,2026-06-03T12:25:22+00:00,0.17215002329042206,0.7267236126269396,0.10112636408263831,neutral,-0.07102365920778375
2026-06-03,OYYAT,KAP,OYAK YATIRIM MENKUL DEĞERLER A.Ş. - Piyasa Yapıcılığı Kapsamında Gerçekleştirilen İşlemler Bildirimi,OYAK YATIRIM MENKUL DEĞERLER A.Ş. - Piyasa Yapıcılığı Kapsamında Gerçekleştirilen İşlemler Bildirimi. Piyasa Yapıcılığı Kapsamında Gerçekleştirilen İşlemler Bildirimi 03/06/2026 TARİHLİ OYAYO PİYASA YAPICILIĞI İŞLEMLERİ OYAYO,https://www.kap.org.tr/tr/Bildirim/1612724,tr,2026-06-03T18:33:45+00:00,0.09416019150651127,0.7961983827883823,0.10964142570510642,neutral,0.01548123419859515
2026-06-03,OZKGY,KAP,ÖZAK GAYRİMENKUL YATIRIM ORTAKLIĞI A.Ş. - İhale Süreci / Sonucu,ÖZAK GAYRİMENKUL YATIRIM ORTAKLIĞI A.Ş. - İhale Süreci / Sonucu. İhale Süreci / Sonucu İstanbul Ümraniye Tepeüstü Arsa Satışı Karşılığı Gelir Paylaşımı İşi İhalesi HK.,https://www.kap.org.tr/tr/Bildirim/1612684,tr,2026-06-03T18:07:36+00:00,0.08333558078357678,0.24321133086620295,0.6734530883502203,positive,0.5901175075666436
2026-06-03,PBT,KAP,PASHA YATIRIM BANKASI A.Ş. - Pay Dışında Sermaye Piyasası Aracı İşlemlerine İlişkin Bildirim (Faiz İçeren),PASHA YATIRIM BANKASI A.Ş. - Pay Dışında Sermaye Piyasası Aracı İşlemlerine İlişkin Bildirim (Faiz İçeren). Pay Dışında Sermaye Piyasası Aracı İşlemlerine İlişkin Bildirim (Faiz İçeren) Yeşil Bono Satışının tamamlanması,https://www.kap.org.tr/tr/Bildirim/1612659,tr,2026-06-03T17:31:59+00:00,0.03516756362469949,0.9156738673830473,0.049158568992253085,neutral,0.013991005367553593
2026-06-03,PBTR,KAP,PASHA YATIRIM BANKASI A.Ş. - Pay Dışında Sermaye Piyasası Aracı İşlemlerine İlişkin Bildirim (Faiz İçeren),PASHA YATIRIM BANKASI A.Ş. - Pay Dışında Sermaye Piyasası Aracı İşlemlerine İlişkin Bildirim (Faiz İçeren). Pay Dışında Sermaye Piyasası Aracı İşlemlerine İlişkin Bildirim (Faiz İçeren) Yeşil Bono Satışının tamamlanması,https://www.kap.org.tr/tr/Bildirim/1612659,tr,2026-06-03T17:31:59+00:00,0.03516756362469949,0.9156738673830473,0.049158568992253085,neutral,0.013991005367553593
2026-06-03,PNSUT,KAP,PINAR SÜT MAMÜLLERİ SANAYİİ A.Ş. - Pay Dışında Sermaye Piyasası Aracı İşlemlerine İlişkin Bildirim (Faiz İçeren),PINAR SÜT MAMÜLLERİ SANAYİİ A.Ş. - Pay Dışında Sermaye Piyasası Aracı İşlemlerine İlişkin Bildirim (Faiz İçeren). Pay Dışında Sermaye Piyasası Aracı İşlemlerine İlişkin Bildirim (Faiz İçeren) Nitelikli Yatırımcılara Satılmak Üzere Finansman Bonosu İhracı,https://www.kap.org.tr/tr/Bildirim/1612424,tr,2026-06-03T12:20:49+00:00,0.03762793004717776,0.9108249424409276,0.05154712751189462,neutral,0.013919197464716863
2026-06-03,PRDGS,KAP,PARDUS GİRİŞİM SERMAYESİ YATIRIM ORTAKLIĞI A.Ş. - Şirket Genel Bilgi Formu,PARDUS GİRİŞİM SERMAYESİ YATIRIM ORTAKLIĞI A.Ş. - Şirket Genel Bilgi Formu. Şirket Genel Bilgi Formu,https://www.kap.org.tr/tr/Bildirim/1612250,tr,2026-06-03T09:56:54+00:00,0.11107386756641228,0.7848710394869366,0.10405509294665119,neutral,-0.007018774619761095
2026-06-03,PRZMA,KAP,PRİZMA PRES MATBAACILIK YAYINCILIK SANAYİ VE TİCARET A.Ş. - Özel Durum Açıklaması (Genel),PRİZMA PRES MATBAACILIK YAYINCILIK SANAYİ VE TİCARET A.Ş. - Özel Durum Açıklaması (Genel). Özel Durum Açıklaması (Genel) Şirketimiz Paylarının Tera Grubuna Devri Hk. TEHOL,https://www.kap.org.tr/tr/Bildirim/1612717,tr,2026-06-03T18:28:55+00:00,0.23632396319825008,0.6396272112933806,0.12404882550836925,neutral,-0.11227513768988083
2026-06-03,QNBFK,KAP,QNB FİNANSAL KİRALAMA A.Ş. - Pay Dışında Sermaye Piyasası Aracı İşlemlerine İlişkin Bildirim (Faiz İçeren),QNB FİNANSAL KİRALAMA A.Ş. - Pay Dışında Sermaye Piyasası Aracı İşlemlerine İlişkin Bildirim (Faiz İçeren). Pay Dışında Sermaye Piyasası Aracı İşlemlerine İlişkin Bildirim (Faiz İçeren) TRFQFKRA2613 ISIN KODLU FİNANSMAN BONOSU İHRACININ TAMAMLANMASI,https://www.kap.org.tr/tr/Bildirim/1612448,tr,2026-06-03T13:47:06+00:00,0.035170407046821735,0.9164349979688532,0.04839459498432519,neutral,0.013224187937503455
2026-06-03,QNBTR,KAP,QNB BANK A.Ş. - İhraç Tavanına İlişkin Bildirim,QNB BANK A.Ş. - İhraç Tavanına İlişkin Bildirim. İhraç Tavanına İlişkin Bildirim Orta Vadeli Borçlanma (Medium Term Note) Programına ilişkin güncelleme hk.,https://www.kap.org.tr/tr/Bildirim/1612335,tr,2026-06-03T11:47:14+00:00,0.10586121608515274,0.7527947259445322,0.141344057970315,neutral,0.03548284188516225
2026-06-03,QNBTR,KAP,QNB BANK A.Ş. - Pay Dışında Sermaye Piyasası Aracı İşlemlerine İlişkin Bildirim (Faiz İçeren),QNB BANK A.Ş. - Pay Dışında Sermaye Piyasası Aracı İşlemlerine İlişkin Bildirim (Faiz İçeren). Pay Dışında Sermaye Piyasası Aracı İşlemlerine İlişkin Bildirim (Faiz İçeren) MTN programı kapsamında yurtdışında ihraç edilen borçlanma aracının ihracı,https://www.kap.org.tr/tr/Bildirim/1612676,tr,2026-06-03T17:58:05+00:00,0.04636394918484161,0.8924713072599151,0.06116474355524326,neutral,0.014800794370401653
2026-06-03,RTALB,KAP,RTA LABORATUVARLARI BİYOLOJİK ÜRÜNLER İLAÇ VE MAKİNE SANAYİ TİCARET A.Ş. - Genel Kurul İşlemlerine İlişkin Bildirim,RTA LABORATUVARLARI BİYOLOJİK ÜRÜNLER İLAÇ VE MAKİNE SANAYİ TİCARET A.Ş. - Genel Kurul İşlemlerine İlişkin Bildirim. Genel Kurul İşlemlerine İlişkin Bildirim 2025 Yılı Olağan Genel Kurulu Daveti,https://www.kap.org.tr/tr/Bildirim/1612688,tr,2026-06-03T18:10:26+00:00,0.11754751539809202,0.7975389351955371,0.08491354940637087,neutral,-0.03263396599172115
2026-06-03,RTALB,KAP,RTA LABORATUVARLARI BİYOLOJİK ÜRÜNLER İLAÇ VE MAKİNE SANAYİ TİCARET A.Ş. - Kar Payı Dağıtım İşlemlerine İlişkin Bildirim,RTA LABORATUVARLARI BİYOLOJİK ÜRÜNLER İLAÇ VE MAKİNE SANAYİ TİCARET A.Ş. - Kar Payı Dağıtım İşlemlerine İlişkin Bildirim. Kar Payı Dağıtım İşlemlerine İlişkin Bildirim Yönetim Kurulu'nun Kar Payı Dağıtılmamasına İlişkin Teklifi,https://www.kap.org.tr/tr/Bildirim/1612690,tr,2026-06-03T18:10:34+00:00,0.40208463750110857,0.07895756802308555,0.5189577944758058,positive,0.11687315697469725
2026-06-03,SANEL,KAP,SAN-EL MÜHENDİSLİK ELEKTRİK TAAHHÜT SANAYİ VE TİCARET A.Ş. - Olağan Dışı Fiyat ve Miktar Hareketleri,SAN-EL MÜHENDİSLİK ELEKTRİK TAAHHÜT SANAYİ VE TİCARET A.Ş. - Olağan Dışı Fiyat ve Miktar Hareketleri. Olağan Dışı Fiyat ve Miktar Hareketleri Olağandışı Fiyat ve Miktar Haraketleri Hakkında,https://www.kap.org.tr/tr/Bildirim/1612800,tr,2026-06-03T21:24:21+00:00,0.13569348443085297,0.6451463681821865,0.21916014738696044,neutral,0.08346666295610747
2026-06-03,SASA,KAP,SASA POLYESTER SANAYİ A.Ş. - Sermaye Artırımı - Azaltımı İşlemlerine İlişkin Bildirim,SASA POLYESTER SANAYİ A.Ş. - Sermaye Artırımı - Azaltımı İşlemlerine İlişkin Bildirim. Sermaye Artırımı - Azaltımı İşlemlerine İlişkin Bildirim Şarta bağlı sermaye artırımı tescili,https://www.kap.org.tr/tr/Bildirim/1612739,tr,2026-06-03T19:08:27+00:00,0.11979641034871318,0.2501815322509498,0.630022057400337,positive,0.5102256470516239
2026-06-03,SASA,KAP,SASA POLYESTER SANAYİ A.Ş. - Esas Sözleşme,SASA POLYESTER SANAYİ A.Ş. - Esas Sözleşme. Esas Sözleşme Güncel Esas Sözleşme,https://www.kap.org.tr/tr/Bildirim/1612740,tr,2026-06-03T19:09:18+00:00,0.1487869609199899,0.6029721295223712,0.24824090955763878,neutral,0.09945394863764886
2026-06-03,SASA,KAP,SASA POLYESTER SANAYİ A.Ş. - Özel Durum Açıklaması (Genel),SASA POLYESTER SANAYİ A.Ş. - Özel Durum Açıklaması (Genel). Özel Durum Açıklaması (Genel) Şarta Bağlı Sermaye Artırımı Yönetim Kurulu Kararı,https://www.kap.org.tr/tr/Bildirim/1612741,tr,2026-06-03T19:14:05+00:00,0.3989180128518659,0.43523170291821306,0.16585028422992107,neutral,-0.23306772862194483
2026-06-03,SAYAS,KAP,SAY YENİLENEBİLİR ENERJİ EKİPMANLARI SANAYİ VE TİCARET A.Ş. - Esas Sözleşme Tadili,SAY YENİLENEBİLİR ENERJİ EKİPMANLARI SANAYİ VE TİCARET A.Ş. - Esas Sözleşme Tadili. Esas Sözleşme Tadili Esas Sözleşme Tadili Hakkında(Güncelleme),https://www.kap.org.tr/tr/Bildirim/1612523,tr,2026-06-03T15:30:18+00:00,0.13334765937779447,0.577188174728937,0.28946416589326857,neutral,0.1561165065154741
2026-06-03,SEK,KAP,ŞEKERBANK T.A.Ş. - Pay Dışında Sermaye Piyasası Aracı İşlemlerine İlişkin Bildirim (Faiz İçeren),ŞEKERBANK T.A.Ş. - Pay Dışında Sermaye Piyasası Aracı İşlemlerine İlişkin Bildirim (Faiz İçeren). Pay Dışında Sermaye Piyasası Aracı İşlemlerine İlişkin Bildirim (Faiz İçeren) TRSSKBKA0017 ISIN kodlu sermaye benzeri borçlanma aracının yirmi altıncı kupon ödemesi yapılmıştır.,https://www.kap.org.tr/tr/Bildirim/1612735,tr,2026-06-03T19:07:08+00:00,0.043771895211829004,0.8992162901708749,0.05701181461729619,neutral,0.013239919405467183
2026-06-03,SEK,KAP,ŞEKERBANK T.A.Ş. - Şirket Genel Bilgi Formu,ŞEKERBANK T.A.Ş. - Şirket Genel Bilgi Formu. Şirket Genel Bilgi Formu,https://www.kap.org.tr/tr/Bildirim/1612736,tr,2026-06-03T19:07:25+00:00,0.13411754252581878,0.7511195439220474,0.11476291355213378,neutral,-0.019354628973685006
2026-06-03,SEK,KAP,ŞEKERBANK T.A.Ş. - Sermaye Artırımı - Azaltımı İşlemlerine İlişkin Bildirim,ŞEKERBANK T.A.Ş. - Sermaye Artırımı - Azaltımı İşlemlerine İlişkin Bildirim. Sermaye Artırımı - Azaltımı İşlemlerine İlişkin Bildirim Bankamızın Bedelli Sermaye Artırımı İşlemine İlişkin SPK Başvurusu,https://www.kap.org.tr/tr/Bildirim/1612737,tr,2026-06-03T19:08:04+00:00,0.15738080323883827,0.2749826232989934,0.5676365734621683,positive,0.41025577022333004
2026-06-03,SEK,KAP,ŞEKERBANK T.A.Ş. - İzahname (SPK Onayına Sunulan),ŞEKERBANK T.A.Ş. - İzahname (SPK Onayına Sunulan). İzahname (SPK Onayına Sunulan) Bedelli Sermaye Artırımına İlişkin SPK Onayına Sunulan Taslak İzahname,https://www.kap.org.tr/tr/Bildirim/1612738,tr,2026-06-03T19:08:18+00:00,0.174851434752958,0.6214741877360652,0.20367437751097664,neutral,0.028822942758018638
2026-06-03,SELVA,KAP,SELVA GIDA SANAYİ A.Ş. - Özel Durum Açıklaması (Genel),SELVA GIDA SANAYİ A.Ş. - Özel Durum Açıklaması (Genel). Özel Durum Açıklaması (Genel) Sürdürülebilirlik Denetimi İçin Bağımsız Denetim Firmasının Seçimi Hakkında,https://www.kap.org.tr/tr/Bildirim/1612790,tr,2026-06-03T20:45:37+00:00,0.2593879118948925,0.6272606378616229,0.11335145024348448,neutral,-0.14603646165140804
2026-06-03,SKBNK,KAP,ŞEKERBANK T.A.Ş. - Pay Dışında Sermaye Piyasası Aracı İşlemlerine İlişkin Bildirim (Faiz İçeren),ŞEKERBANK T.A.Ş. - Pay Dışında Sermaye Piyasası Aracı İşlemlerine İlişkin Bildirim (Faiz İçeren). Pay Dışında Sermaye Piyasası Aracı İşlemlerine İlişkin Bildirim (Faiz İçeren) TRSSKBKA0017 ISIN kodlu sermaye benzeri borçlanma aracının yirmi altıncı kupon ödemesi yapılmıştır.,https://www.kap.org.tr/tr/Bildirim/1612735,tr,2026-06-03T19:07:08+00:00,0.043771895211829004,0.8992162901708749,0.05701181461729619,neutral,0.013239919405467183
2026-06-03,SKBNK,KAP,ŞEKERBANK T.A.Ş. - Şirket Genel Bilgi Formu,ŞEKERBANK T.A.Ş. - Şirket Genel Bilgi Formu. Şirket Genel Bilgi Formu,https://www.kap.org.tr/tr/Bildirim/1612736,tr,2026-06-03T19:07:25+00:00,0.13411754252581878,0.7511195439220474,0.11476291355213378,neutral,-0.019354628973685006
2026-06-03,SKBNK,KAP,ŞEKERBANK T.A.Ş. - Sermaye Artırımı - Azaltımı İşlemlerine İlişkin Bildirim,ŞEKERBANK T.A.Ş. - Sermaye Artırımı - Azaltımı İşlemlerine İlişkin Bildirim. Sermaye Artırımı - Azaltımı İşlemlerine İlişkin Bildirim Bankamızın Bedelli Sermaye Artırımı İşlemine İlişkin SPK Başvurusu,https://www.kap.org.tr/tr/Bildirim/1612737,tr,2026-06-03T19:08:04+00:00,0.15738080323883827,0.2749826232989934,0.5676365734621683,positive,0.41025577022333004
2026-06-03,SKBNK,KAP,ŞEKERBANK T.A.Ş. - İzahname (SPK Onayına Sunulan),ŞEKERBANK T.A.Ş. - İzahname (SPK Onayına Sunulan). İzahname (SPK Onayına Sunulan) Bedelli Sermaye Artırımına İlişkin SPK Onayına Sunulan Taslak İzahname,https://www.kap.org.tr/tr/Bildirim/1612738,tr,2026-06-03T19:08:18+00:00,0.174851434752958,0.6214741877360652,0.20367437751097664,neutral,0.028822942758018638
2026-06-03,SKY,KAP,ŞEKER YATIRIM MENKUL DEĞERLER A.Ş. - Pay Dışında Sermaye Piyasası Aracı İşlemlerine İlişkin Bildirim (Faiz İçeren),ŞEKER YATIRIM MENKUL DEĞERLER A.Ş. - Pay Dışında Sermaye Piyasası Aracı İşlemlerine İlişkin Bildirim (Faiz İçeren). Pay Dışında Sermaye Piyasası Aracı İşlemlerine İlişkin Bildirim (Faiz İçeren) TRFSKMD92615 ISIN kodlu 91 gün vadeli iskontolu finansman bonosunun ihracı,https://www.kap.org.tr/tr/Bildirim/1612226,tr,2026-06-03T08:51:57+00:00,0.03640348300089939,0.9175696810285885,0.04602683597051222,neutral,0.00962335296961283
2026-06-03,SKY,KAP,ŞEKER YATIRIM MENKUL DEĞERLER A.Ş. - Pay Dışında Sermaye Piyasası Aracı İşlemlerine İlişkin Bildirim (Faiz İçeren),ŞEKER YATIRIM MENKUL DEĞERLER A.Ş. - Pay Dışında Sermaye Piyasası Aracı İşlemlerine İlişkin Bildirim (Faiz İçeren). Pay Dışında Sermaye Piyasası Aracı İşlemlerine İlişkin Bildirim (Faiz İçeren) TRFSKMD62618 ISIN kodlu 98 gün vadeli iskontolu finansman bonosunun itfası,https://www.kap.org.tr/tr/Bildirim/1612663,tr,2026-06-03T17:37:35+00:00,0.03673796443278123,0.9168049962441409,0.04645703932307765,neutral,0.009719074890296414
2026-06-03,SKY,KAP,ŞEKER YATIRIM MENKUL DEĞERLER A.Ş. - Şirket Genel Bilgi Formu,ŞEKER YATIRIM MENKUL DEĞERLER A.Ş. - Şirket Genel Bilgi Formu. Şirket Genel Bilgi Formu,https://www.kap.org.tr/tr/Bildirim/1612664,tr,2026-06-03T17:37:45+00:00,0.11651775916948603,0.7896734427401149,0.0938087980903991,neutral,-0.02270896107908693
2026-06-03,SKYMD,KAP,ŞEKER YATIRIM MENKUL DEĞERLER A.Ş. - Pay Dışında Sermaye Piyasası Aracı İşlemlerine İlişkin Bildirim (Faiz İçeren),ŞEKER YATIRIM MENKUL DEĞERLER A.Ş. - Pay Dışında Sermaye Piyasası Aracı İşlemlerine İlişkin Bildirim (Faiz İçeren). Pay Dışında Sermaye Piyasası Aracı İşlemlerine İlişkin Bildirim (Faiz İçeren) TRFSKMD92615 ISIN kodlu 91 gün vadeli iskontolu finansman bonosunun ihracı,https://www.kap.org.tr/tr/Bildirim/1612226,tr,2026-06-03T08:51:57+00:00,0.03640348300089939,0.9175696810285885,0.04602683597051222,neutral,0.00962335296961283
2026-06-03,SKYMD,KAP,ŞEKER YATIRIM MENKUL DEĞERLER A.Ş. - Pay Dışında Sermaye Piyasası Aracı İşlemlerine İlişkin Bildirim (Faiz İçeren),ŞEKER YATIRIM MENKUL DEĞERLER A.Ş. - Pay Dışında Sermaye Piyasası Aracı İşlemlerine İlişkin Bildirim (Faiz İçeren). Pay Dışında Sermaye Piyasası Aracı İşlemlerine İlişkin Bildirim (Faiz İçeren) TRFSKMD62618 ISIN kodlu 98 gün vadeli iskontolu finansman bonosunun itfası,https://www.kap.org.tr/tr/Bildirim/1612663,tr,2026-06-03T17:37:35+00:00,0.03673796443278123,0.9168049962441409,0.04645703932307765,neutral,0.009719074890296414
2026-06-03,SKYMD,KAP,ŞEKER YATIRIM MENKUL DEĞERLER A.Ş. - Şirket Genel Bilgi Formu,ŞEKER YATIRIM MENKUL DEĞERLER A.Ş. - Şirket Genel Bilgi Formu. Şirket Genel Bilgi Formu,https://www.kap.org.tr/tr/Bildirim/1612664,tr,2026-06-03T17:37:45+00:00,0.11651775916948603,0.7896734427401149,0.0938087980903991,neutral,-0.02270896107908693
2026-06-03,SMRTG,KAP,SMART GÜNEŞ ENERJİSİ TEKNOLOJİLERİ ARAŞTIRMA GELİŞTİRME ÜRETİM SANAYİ VE TİCARET A.Ş. - Pay Dışında Sermaye Piyasası Aracı İşlemlerine İlişkin Bildirim (Faiz İçeren),"SMART GÜNEŞ ENERJİSİ TEKNOLOJİLERİ ARAŞTIRMA GELİŞTİRME ÜRETİM SANAYİ VE TİCARET A.Ş. - Pay Dışında Sermaye Piyasası Aracı İşlemlerine İlişkin Bildirim (Faiz İçeren). Pay Dışında Sermaye Piyasası Aracı İşlemlerine İlişkin Bildirim (Faiz İçeren) Şirketimizin TRSSMAR82610 ISIN kodlu özel sektör tahvilinin 03.06.2026 tarihli 3. kupon faiz oranı %12,0872 olarak belirlenmiştir.",https://www.kap.org.tr/tr/Bildirim/1612227,tr,2026-06-03T08:52:58+00:00,0.043736607497585935,0.8639737039294219,0.09228968857299229,neutral,0.04855308107540635
2026-06-03,SMRTG,KAP,SMART GÜNEŞ ENERJİSİ TEKNOLOJİLERİ ARAŞTIRMA GELİŞTİRME ÜRETİM SANAYİ VE TİCARET A.Ş. - Pay Dışında Sermaye Piyasası Aracı İşlemlerine İlişkin Bildirim (Faiz İçeren),"SMART GÜNEŞ ENERJİSİ TEKNOLOJİLERİ ARAŞTIRMA GELİŞTİRME ÜRETİM SANAYİ VE TİCARET A.Ş. - Pay Dışında Sermaye Piyasası Aracı İşlemlerine İlişkin Bildirim (Faiz İçeren). Pay Dışında Sermaye Piyasası Aracı İşlemlerine İlişkin Bildirim (Faiz İçeren) Şirketimizin, TRFSMAR62619 ISIN kodlu özel sektör finansman bonosunun 2. kupon faiz oranı %11,5900 olarak belirlenmiştir.",https://www.kap.org.tr/tr/Bildirim/1612228,tr,2026-06-03T08:53:51+00:00,0.045662347026790596,0.8746488648304873,0.07968878814272205,neutral,0.034026441115931456
2026-06-03,SMRTG,KAP,SMART GÜNEŞ ENERJİSİ TEKNOLOJİLERİ ARAŞTIRMA GELİŞTİRME ÜRETİM SANAYİ VE TİCARET A.Ş. - Pay Dışında Sermaye Piyasası Aracı İşlemlerine İlişkin Bildirim (Faiz İçeren),"SMART GÜNEŞ ENERJİSİ TEKNOLOJİLERİ ARAŞTIRMA GELİŞTİRME ÜRETİM SANAYİ VE TİCARET A.Ş. - Pay Dışında Sermaye Piyasası Aracı İşlemlerine İlişkin Bildirim (Faiz İçeren). Pay Dışında Sermaye Piyasası Aracı İşlemlerine İlişkin Bildirim (Faiz İçeren) Şirketimizin, TRFSMAR62619 ISIN kodlu özel sektör finansman bonosunun 2. kupon ve anapara ödemesi gerçekleştirilmiştir.",https://www.kap.org.tr/tr/Bildirim/1612309,tr,2026-06-03T11:11:05+00:00,0.04751324834148234,0.871306324008376,0.0811804276501415,neutral,0.03366717930865915
2026-06-03,SMRTG,KAP,SMART GÜNEŞ ENERJİSİ TEKNOLOJİLERİ ARAŞTIRMA GELİŞTİRME ÜRETİM SANAYİ VE TİCARET A.Ş. - Pay Dışında Sermaye Piyasası Aracı İşlemlerine İlişkin Bildirim (Faiz İçeren),SMART GÜNEŞ ENERJİSİ TEKNOLOJİLERİ ARAŞTIRMA GELİŞTİRME ÜRETİM SANAYİ VE TİCARET A.Ş. - Pay Dışında Sermaye Piyasası Aracı İşlemlerine İlişkin Bildirim (Faiz İçeren). Pay Dışında Sermaye Piyasası Aracı İşlemlerine İlişkin Bildirim (Faiz İçeren) Şirketimizin TRSSMAR82610 ISIN kodlu özel sektör tahvilinin 03.06.2026 tarihli 3. kupon faiz ödemesi gerçekleştirilmiştir.,https://www.kap.org.tr/tr/Bildirim/1612311,tr,2026-06-03T11:16:45+00:00,0.04550491537377834,0.8662348602820352,0.08826022434418651,neutral,0.04275530897040817
2026-06-03,SVGYO,KAP,SAVUR GAYRİMENKUL YATIRIM ORTAKLIĞI A.Ş. - Esas Sözleşme Tadili,SAVUR GAYRİMENKUL YATIRIM ORTAKLIĞI A.Ş. - Esas Sözleşme Tadili. Esas Sözleşme Tadili Esas Sözleşme Sermaye ve Paylar Maddesinin Tescili Hk.,https://www.kap.org.tr/tr/Bildirim/1612346,tr,2026-06-03T12:00:40+00:00,0.11597451599810063,0.6701174636007309,0.21390802040116838,neutral,0.09793350440306775
2026-06-03,SVGYO,KAP,SAVUR GAYRİMENKUL YATIRIM ORTAKLIĞI A.Ş. - Şirket Genel Bilgi Formu,SAVUR GAYRİMENKUL YATIRIM ORTAKLIĞI A.Ş. - Şirket Genel Bilgi Formu. Şirket Genel Bilgi Formu,https://www.kap.org.tr/tr/Bildirim/1612450,tr,2026-06-03T13:59:14+00:00,0.08291560483116371,0.8363812804957033,0.08070311467313315,neutral,-0.0022124901580305584
2026-06-03,TAC,KAP,TACİRLER YATIRIM MENKUL DEĞERLER A.Ş. - İhraç Tavanına İlişkin Bildirim,TACİRLER YATIRIM MENKUL DEĞERLER A.Ş. - İhraç Tavanına İlişkin Bildirim. İhraç Tavanına İlişkin Bildirim Sermaye Piyasası Aracı İhracına İlişkin Yönetim Kurulu Kararı,https://www.kap.org.tr/tr/Bildirim/1612518,tr,2026-06-03T15:22:33+00:00,0.06127606196124478,0.8675157114325035,0.07120822660625174,neutral,0.009932164645006965
2026-06-03,TAMFA,KAP,TAM FİNANS FAKTORİNG A.Ş. - Pay Dışında Sermaye Piyasası Aracı İşlemlerine İlişkin Bildirim (Faiz İçeren),TAM FİNANS FAKTORİNG A.Ş. - Pay Dışında Sermaye Piyasası Aracı İşlemlerine İlişkin Bildirim (Faiz İçeren). Pay Dışında Sermaye Piyasası Aracı İşlemlerine İlişkin Bildirim (Faiz İçeren) TRFTAMF32714 ISIN Kodlu Finansman Bonosunun 1. Kupon Ödemesinin Yapılması Hakkında,https://www.kap.org.tr/tr/Bildirim/1612333,tr,2026-06-03T11:38:32+00:00,0.04878484832124488,0.8864332791175393,0.0647818725612158,neutral,0.015997024239970924
2026-06-03,TAMFA,KAP,TAM FİNANS FAKTORİNG A.Ş. - Pay Dışında Sermaye Piyasası Aracı İşlemlerine İlişkin Bildirim (Faiz İçeren),TAM FİNANS FAKTORİNG A.Ş. - Pay Dışında Sermaye Piyasası Aracı İşlemlerine İlişkin Bildirim (Faiz İçeren). Pay Dışında Sermaye Piyasası Aracı İşlemlerine İlişkin Bildirim (Faiz İçeren) TRFTAMF92619 ISIN Kodlu Finansman Bonosunun 3. Kupon Oranının Belirlenmesi Hakkında,https://www.kap.org.tr/tr/Bildirim/1612574,tr,2026-06-03T16:35:29+00:00,0.042931454975182866,0.8976990939409488,0.05936945108386824,neutral,0.016437996108685377
2026-06-03,TCRYT,KAP,TACİRLER YATIRIM MENKUL DEĞERLER A.Ş. - İhraç Tavanına İlişkin Bildirim,TACİRLER YATIRIM MENKUL DEĞERLER A.Ş. - İhraç Tavanına İlişkin Bildirim. İhraç Tavanına İlişkin Bildirim Sermaye Piyasası Aracı İhracına İlişkin Yönetim Kurulu Kararı,https://www.kap.org.tr/tr/Bildirim/1612518,tr,2026-06-03T15:22:33+00:00,0.06127606196124478,0.8675157114325035,0.07120822660625174,neutral,0.009932164645006965
2026-06-03,TEBFA,KAP,TEB FAKTORİNG A.Ş. - Pay Dışında Sermaye Piyasası Aracı İşlemlerine İlişkin Bildirim (Faiz İçeren),TEB FAKTORİNG A.Ş. - Pay Dışında Sermaye Piyasası Aracı İşlemlerine İlişkin Bildirim (Faiz İçeren). Pay Dışında Sermaye Piyasası Aracı İşlemlerine İlişkin Bildirim (Faiz İçeren) Nitelikli Yatırımcıya Borçlanma Aracı İhracı,https://www.kap.org.tr/tr/Bildirim/1612293,tr,2026-06-03T10:33:24+00:00,0.042256305567903475,0.9013926724910285,0.056351021941067975,neutral,0.0140947163731645
2026-06-03,TIB,KAP,TÜRKİYE İŞ BANKASI A.Ş. - Pay Dışında Sermaye Piyasası Aracı İşlemlerine İlişkin Bildirim (Faiz İçeren),TÜRKİYE İŞ BANKASI A.Ş. - Pay Dışında Sermaye Piyasası Aracı İşlemlerine İlişkin Bildirim (Faiz İçeren). Pay Dışında Sermaye Piyasası Aracı İşlemlerine İlişkin Bildirim (Faiz İçeren) Yurtdışı Piyasalara Tahvil İhracı,https://www.kap.org.tr/tr/Bildirim/1612587,tr,2026-06-03T16:49:56+00:00,0.04438489137604333,0.8974819785284599,0.058133130095496775,neutral,0.013748238719453444
2026-06-03,TKNSA,KAP,TEKNOSA İÇ VE DIŞ TİCARET A.Ş. - Pay Dışında Sermaye Piyasası Aracı İşlemlerine İlişkin Bildirim (Faiz İçeren),TEKNOSA İÇ VE DIŞ TİCARET A.Ş. - Pay Dışında Sermaye Piyasası Aracı İşlemlerine İlişkin Bildirim (Faiz İçeren). Pay Dışında Sermaye Piyasası Aracı İşlemlerine İlişkin Bildirim (Faiz İçeren) TRFTKNOA2613 ISIN kodlu finansman bonosu ihracı,https://www.kap.org.tr/tr/Bildirim/1612258,tr,2026-06-03T10:00:49+00:00,0.031623175929977536,0.9214004888999809,0.04697633517004152,neutral,0.01535315924006398
2026-06-03,TKNSA,KAP,TEKNOSA İÇ VE DIŞ TİCARET A.Ş. - Pay Dışında Sermaye Piyasası Aracı İşlemlerine İlişkin Bildirim (Faiz İçeren),TEKNOSA İÇ VE DIŞ TİCARET A.Ş. - Pay Dışında Sermaye Piyasası Aracı İşlemlerine İlişkin Bildirim (Faiz İçeren). Pay Dışında Sermaye Piyasası Aracı İşlemlerine İlişkin Bildirim (Faiz İçeren) TRFTKNO62611 ISIN Kodlu Finansman Bonosu Kupon Ödemesi ve Anapara İtfası,https://www.kap.org.tr/tr/Bildirim/1612457,tr,2026-06-03T14:19:49+00:00,0.03606924741528177,0.9137034905800885,0.05022726200462969,neutral,0.014158014589347914
2026-06-03,TKNSA,KAP,TEKNOSA İÇ VE DIŞ TİCARET A.Ş. - TSRS Uyumlu Sürdürülebilirlik Raporu,TEKNOSA İÇ VE DIŞ TİCARET A.Ş. - TSRS Uyumlu Sürdürülebilirlik Raporu. TSRS Uyumlu Sürdürülebilirlik Raporu 2025 TSRS Uyumlu Sürdürülebilirlik Raporu,https://www.kap.org.tr/tr/Bildirim/1612750,tr,2026-06-03T20:13:17+00:00,0.1753698857825018,0.6048904249543838,0.21973968926311432,neutral,0.044369803480612535
2026-06-03,TRILC,KAP,TURK İLAÇ VE SERUM SANAYİ A.Ş. - Genel Kurul İşlemlerine İlişkin Bildirim,TURK İLAÇ VE SERUM SANAYİ A.Ş. - Genel Kurul İşlemlerine İlişkin Bildirim. Genel Kurul İşlemlerine İlişkin Bildirim Olağan Genel Kurul Neticesi Hakkında,https://www.kap.org.tr/tr/Bildirim/1612744,tr,2026-06-03T19:42:28+00:00,0.284402153390181,0.6533640909084152,0.062233755701403874,neutral,-0.2221683976887771
2026-06-03,TRILC,KAP,TURK İLAÇ VE SERUM SANAYİ A.Ş. - Kar Payı Dağıtım İşlemlerine İlişkin Bildirim,TURK İLAÇ VE SERUM SANAYİ A.Ş. - Kar Payı Dağıtım İşlemlerine İlişkin Bildirim. Kar Payı Dağıtım İşlemlerine İlişkin Bildirim Kar Dağıtılmamasına İlişkin Olağan Genel Kurul Toplantı Neticesi Hakkında.,https://www.kap.org.tr/tr/Bildirim/1612745,tr,2026-06-03T19:45:33+00:00,0.4933070638616677,0.07712604588132999,0.42956689025700223,negative,-0.0637401736046655
2026-06-03,TRILC,KAP,TURK İLAÇ VE SERUM SANAYİ A.Ş. - Kayıtlı Sermaye Tavanı İşlemlerine İlişkin Bildirim,TURK İLAÇ VE SERUM SANAYİ A.Ş. - Kayıtlı Sermaye Tavanı İşlemlerine İlişkin Bildirim. Kayıtlı Sermaye Tavanı İşlemlerine İlişkin Bildirim Kayıtlı Sermaye Tavanının Yükseltilmesine İlişkin Olağan Genel Kurul Kararı Hakkında.,https://www.kap.org.tr/tr/Bildirim/1612746,tr,2026-06-03T19:50:01+00:00,0.15391017393707707,0.36134543019606635,0.48474439586685647,positive,0.3308342219297794
2026-06-03,TRILC,KAP,TURK İLAÇ VE SERUM SANAYİ A.Ş. - Bağımsız Denetim Kuruluşunun Belirlenmesi,TURK İLAÇ VE SERUM SANAYİ A.Ş. - Bağımsız Denetim Kuruluşunun Belirlenmesi. Bağımsız Denetim Kuruluşunun Belirlenmesi 2026 Yılı Bağımsız Denetim Şirketinin Belirlenmesi Hakkında Genel Kurul Neticesi,https://www.kap.org.tr/tr/Bildirim/1612747,tr,2026-06-03T19:56:05+00:00,0.10283485596292938,0.8288685995215568,0.06829654451551406,neutral,-0.034538311447415315
2026-06-03,TRILC,KAP,TURK İLAÇ VE SERUM SANAYİ A.Ş. - Şirket Genel Bilgi Formu,TURK İLAÇ VE SERUM SANAYİ A.Ş. - Şirket Genel Bilgi Formu. Şirket Genel Bilgi Formu,https://www.kap.org.tr/tr/Bildirim/1612751,tr,2026-06-03T20:17:22+00:00,0.11920561657434729,0.7680970174310247,0.11269736599462811,neutral,-0.0065082505797191825
2026-06-03,TRILC,KAP,TURK İLAÇ VE SERUM SANAYİ A.Ş. - Kurumsal Yönetim Bilgi Formu (Güncelleme) - Yönetim Kurulu-2,TURK İLAÇ VE SERUM SANAYİ A.Ş. - Kurumsal Yönetim Bilgi Formu (Güncelleme) - Yönetim Kurulu-2. Kurumsal Yönetim Bilgi Formu (Güncelleme) - Yönetim Kurulu-2 Güncelleme,https://www.kap.org.tr/tr/Bildirim/1612752,tr,2026-06-03T20:24:10+00:00,0.18660422352278155,0.6253595282053251,0.18803624827189336,neutral,0.0014320247491118043
2026-06-03,TRYKI,KAP,TİRYAKİ AGRO GIDA SANAYİ VE TİCARET A.Ş. - Pay Dışında Sermaye Piyasası Aracı İşlemlerine İlişkin Bildirim (Faiz İçeren),TİRYAKİ AGRO GIDA SANAYİ VE TİCARET A.Ş. - Pay Dışında Sermaye Piyasası Aracı İşlemlerine İlişkin Bildirim (Faiz İçeren). Pay Dışında Sermaye Piyasası Aracı İşlemlerine İlişkin Bildirim (Faiz İçeren) TRFTRYK92618 ISIN Kodlu Finansman Bonosu 3. Kupon Dönemine İlişkin Faiz Oranı Hakkında,https://www.kap.org.tr/tr/Bildirim/1612812,tr,2026-06-03T23:53:00+00:00,0.030883471032446104,0.9154460611001407,0.05367046786741314,neutral,0.022786996834967037
2026-06-03,TSPOR,KAP,TRABZONSPOR SPORTİF YATIRIM VE FUTBOL İŞLETMECİLİĞİ TİCARET A.Ş. - Transfer Görüşmelerinin Sonuçlanması veya Sona Ermesi,TRABZONSPOR SPORTİF YATIRIM VE FUTBOL İŞLETMECİLİĞİ TİCARET A.Ş. - Transfer Görüşmelerinin Sonuçlanması veya Sona Ermesi. Transfer Görüşmelerinin Sonuçlanması veya Sona Ermesi Oleksandr Zubkov Kesin Transferi Hakkında.,https://www.kap.org.tr/tr/Bildirim/1612542,tr,2026-06-03T16:00:04+00:00,0.24446550529404068,0.4764500753951711,0.2790844193107882,neutral,0.03461891401674752
2026-06-03,TSPOR,KAP,TRABZONSPOR SPORTİF YATIRIM VE FUTBOL İŞLETMECİLİĞİ TİCARET A.Ş. - Sözleşme Feshi,TRABZONSPOR SPORTİF YATIRIM VE FUTBOL İŞLETMECİLİĞİ TİCARET A.Ş. - Sözleşme Feshi. Sözleşme Feshi Oleksandr Zubkov İle Olan Sözleşmenin Feshi Hakkında.,https://www.kap.org.tr/tr/Bildirim/1612543,tr,2026-06-03T16:00:42+00:00,0.12423401503207791,0.6014628852108983,0.2743030997570238,neutral,0.1500690847249459
2026-06-03,ULUFA,KAP,ULUSAL FAKTORİNG A.Ş. - Pay Dışında Sermaye Piyasası Aracı İşlemlerine İlişkin Bildirim (Faiz İçeren),ULUSAL FAKTORİNG A.Ş. - Pay Dışında Sermaye Piyasası Aracı İşlemlerine İlişkin Bildirim (Faiz İçeren). Pay Dışında Sermaye Piyasası Aracı İşlemlerine İlişkin Bildirim (Faiz İçeren) Şirketimiz TRSULFK92710 ISIN Kodlu Değişken Faizli Borçlanma Aracımızın Kupon Oranına İlişkin Açıklama,https://www.kap.org.tr/tr/Bildirim/1612711,tr,2026-06-03T18:22:17+00:00,0.03658699811532713,0.9106219625122156,0.05279103937245734,neutral,0.01620404125713021
2026-06-03,VAKVK,KAP,VAKIF VARLIK KİRALAMA A.Ş. - Pay Dışında Sermaye Piyasası Aracı İşlemlerine İlişkin Bildirim (Faizsiz),VAKIF VARLIK KİRALAMA A.Ş. - Pay Dışında Sermaye Piyasası Aracı İşlemlerine İlişkin Bildirim (Faizsiz). Pay Dışında Sermaye Piyasası Aracı İşlemlerine İlişkin Bildirim (Faizsiz) TRDVVRK62634 ISIN Kodlu Yurtiçi Kira Sertifikası İhracının İtfa Ödemesi,https://www.kap.org.tr/tr/Bildirim/1612514,tr,2026-06-03T15:20:24+00:00,0.0514132934963426,0.8835657996770983,0.06502090682655902,neutral,0.013607613330216421
2026-06-03,VAKVK,KAP,VAKIF VARLIK KİRALAMA A.Ş. - Pay Dışında Sermaye Piyasası Aracı İşlemlerine İlişkin Bildirim (Faizsiz),VAKIF VARLIK KİRALAMA A.Ş. - Pay Dışında Sermaye Piyasası Aracı İşlemlerine İlişkin Bildirim (Faizsiz). Pay Dışında Sermaye Piyasası Aracı İşlemlerine İlişkin Bildirim (Faizsiz) TRDVVRK62626 ISIN Kodlu Yurtiçi Kira Sertifikası İhracının İtfa Ödemesi,https://www.kap.org.tr/tr/Bildirim/1612515,tr,2026-06-03T15:20:37+00:00,0.0514132934963426,0.8835657996770983,0.06502090682655902,neutral,0.013607613330216421
2026-06-03,VAKVK,KAP,VAKIF VARLIK KİRALAMA A.Ş. - Pay Dışında Sermaye Piyasası Aracı İşlemlerine İlişkin Bildirim (Faizsiz),VAKIF VARLIK KİRALAMA A.Ş. - Pay Dışında Sermaye Piyasası Aracı İşlemlerine İlişkin Bildirim (Faizsiz). Pay Dışında Sermaye Piyasası Aracı İşlemlerine İlişkin Bildirim (Faizsiz) TRDVVRK92615 ISIN Kodlu Yurtiçi Kira Sertifikası İhracının Satışının Tamamlanması,https://www.kap.org.tr/tr/Bildirim/1612516,tr,2026-06-03T15:20:49+00:00,0.04506259236036251,0.8927986372566087,0.06213877038302876,neutral,0.017076178022666248
2026-06-03,VAKVK,KAP,VAKIF VARLIK KİRALAMA A.Ş. - Pay Dışında Sermaye Piyasası Aracı İşlemlerine İlişkin Bildirim (Faizsiz),VAKIF VARLIK KİRALAMA A.Ş. - Pay Dışında Sermaye Piyasası Aracı İşlemlerine İlişkin Bildirim (Faizsiz). Pay Dışında Sermaye Piyasası Aracı İşlemlerine İlişkin Bildirim (Faizsiz) TRDVVRK92623 ISIN Kodlu Yurtiçi Kira Sertifikası İhracının Satışının Tamamlanması,https://www.kap.org.tr/tr/Bildirim/1612517,tr,2026-06-03T15:20:59+00:00,0.04506259236036251,0.8927986372566087,0.06213877038302876,neutral,0.017076178022666248
2026-06-03,VKFYO,KAP,VAKIF MENKUL KIYMET YATIRIM ORTAKLIĞI A.Ş. - Özel Durum Açıklaması (Genel),"VAKIF MENKUL KIYMET YATIRIM ORTAKLIĞI A.Ş. - Özel Durum Açıklaması (Genel). Özel Durum Açıklaması (Genel) Şirketimizin BİAŞ'da oluşan ağırlıklı ortalama fiyatın, pay başına net aktif değerin 2 katını aşması sebebiyle yapılan açıklamadır.",https://www.kap.org.tr/tr/Bildirim/1612743,tr,2026-06-03T19:31:56+00:00,0.22329301430462584,0.6725212689299052,0.10418571676546907,neutral,-0.11910729753915676
2026-06-03,ZKBVR,KAP,ZKB VARLIK KİRALAMA A.Ş. - Pay Dışında Sermaye Piyasası Aracı İşlemlerine İlişkin Bildirim (Faizsiz),ZKB VARLIK KİRALAMA A.Ş. - Pay Dışında Sermaye Piyasası Aracı İşlemlerine İlişkin Bildirim (Faizsiz). Pay Dışında Sermaye Piyasası Aracı İşlemlerine İlişkin Bildirim (Faizsiz) TRDZKBV62613 ISIN kodlu Yurtiçi Kira Sertifikalarının İtfa ve Getiri Ödeme İşlemlerinin Tamamlanması Hk BALSU,https://www.kap.org.tr/tr/Bildirim/1612344,tr,2026-06-03T11:56:30+00:00,0.050518755307246234,0.8747895375196825,0.0746917071730714,neutral,0.024172951865825167
2026-06-03,ZOREN,KAP,ZORLU ENERJİ ELEKTRİK ÜRETİM A.Ş. - Pay Dışında Sermaye Piyasası Aracı İşlemlerine İlişkin Bildirim (Faiz İçeren),ZORLU ENERJİ ELEKTRİK ÜRETİM A.Ş. - Pay Dışında Sermaye Piyasası Aracı İşlemlerine İlişkin Bildirim (Faiz İçeren). Pay Dışında Sermaye Piyasası Aracı İşlemlerine İlişkin Bildirim (Faiz İçeren) TRSZORN42717 ISIN Kodlu Tahvilin 2. Kupon Dönemine İlişkin Faiz Ödemesi Hakkında,https://www.kap.org.tr/tr/Bildirim/1612437,tr,2026-06-03T13:10:14+00:00,0.05682330702192506,0.8622669829361719,0.080909710041903,neutral,0.024086403019977942
2026-06-03,ZOREN,KAP,ZORLU ENERJİ ELEKTRİK ÜRETİM A.Ş. - Pay Dışında Sermaye Piyasası Aracı İşlemlerine İlişkin Bildirim (Faiz İçeren),ZORLU ENERJİ ELEKTRİK ÜRETİM A.Ş. - Pay Dışında Sermaye Piyasası Aracı İşlemlerine İlişkin Bildirim (Faiz İçeren). Pay Dışında Sermaye Piyasası Aracı İşlemlerine İlişkin Bildirim (Faiz İçeren) TRSZORN92621 ISIN Kodlu Tahvilin 4. Kupon Dönemine İlişkin Faiz Oranı Hakkında,https://www.kap.org.tr/tr/Bildirim/1612570,tr,2026-06-03T16:30:04+00:00,0.05257405167901668,0.8662270874439778,0.08119886087700547,neutral,0.028624809197988786
2026-06-03,ZOREN,KAP,ZORLU ENERJİ ELEKTRİK ÜRETİM A.Ş. - Pay Dışında Sermaye Piyasası Aracı İşlemlerine İlişkin Bildirim (Faiz İçeren),ZORLU ENERJİ ELEKTRİK ÜRETİM A.Ş. - Pay Dışında Sermaye Piyasası Aracı İşlemlerine İlişkin Bildirim (Faiz İçeren). Pay Dışında Sermaye Piyasası Aracı İşlemlerine İlişkin Bildirim (Faiz İçeren) TRSZORNA2613 ISIN Kodlu Tahvilin 3. Kupon Dönemine İlişkin Faiz Oranı Hakkında,https://www.kap.org.tr/tr/Bildirim/1612571,tr,2026-06-03T16:30:26+00:00,0.05257405167901668,0.8662270874439778,0.08119886087700547,neutral,0.028624809197988786
2026-06-04,AAGYO,KAP,AĞAOĞLU AVRASYA GAYRİMENKUL YATIRIM ORTAKLIĞI A.Ş. - Genel Kurul İşlemlerine İlişkin Bildirim,AĞAOĞLU AVRASYA GAYRİMENKUL YATIRIM ORTAKLIĞI A.Ş. - Genel Kurul İşlemlerine İlişkin Bildirim. Genel Kurul İşlemlerine İlişkin Bildirim 2025 Yılı Olağan Genel Kurul Toplantısı Sonucu,https://www.kap.org.tr/tr/Bildirim/1613178,tr,2026-06-04T16:13:38+00:00,0.1180081974336666,0.8174681804497018,0.0645236221166315,neutral,-0.0534845753170351
2026-06-04,AAGYO,KAP,AĞAOĞLU AVRASYA GAYRİMENKUL YATIRIM ORTAKLIĞI A.Ş. - Kar Payı Dağıtım İşlemlerine İlişkin Bildirim,AĞAOĞLU AVRASYA GAYRİMENKUL YATIRIM ORTAKLIĞI A.Ş. - Kar Payı Dağıtım İşlemlerine İlişkin Bildirim. Kar Payı Dağıtım İşlemlerine İlişkin Bildirim 2025 Yılı Kar Payı Dağıtımına İlişkin Genel Kurul Kararı,https://www.kap.org.tr/tr/Bildirim/1613230,tr,2026-06-04T17:06:28+00:00,0.0928594271050362,0.0558487473165936,0.8512918255783701,positive,0.7584323984733339
2026-06-04,ADESE,KAP,ADESE GAYRİMENKUL YATIRIM A.Ş. - Genel Kurul İşlemlerine İlişkin Bildirim,"ADESE GAYRİMENKUL YATIRIM A.Ş. - Genel Kurul İşlemlerine İlişkin Bildirim. Genel Kurul İşlemlerine İlişkin Bildirim 2025 yılı Olağan Genel Kurul Toplantısının, Toplantı Nisabının Sağlanamaması Nedeniyle Ertelenmesi Hk.",https://www.kap.org.tr/tr/Bildirim/1613154,tr,2026-06-04T15:32:53+00:00,0.1519129853416967,0.7730711050362741,0.075015909622029,neutral,-0.0768970757196677
2026-06-04,ADESE,KAP,ADESE GAYRİMENKUL YATIRIM A.Ş. - Genel Kurul İşlemlerine İlişkin Bildirim,ADESE GAYRİMENKUL YATIRIM A.Ş. - Genel Kurul İşlemlerine İlişkin Bildirim. Genel Kurul İşlemlerine İlişkin Bildirim 04.06.2026 Tarihinde Ertelenen Olağan Genel Kurul 2.Toplantı Çağrısı Hk.,https://www.kap.org.tr/tr/Bildirim/1613313,tr,2026-06-04T18:46:38+00:00,0.1540365470923136,0.7665753392034976,0.0793881137041887,neutral,-0.0746484333881248
2026-06-04,AHGAZ,KAP,AHLATCI DOĞAL GAZ DAĞITIM ENERJİ VE YATIRIM A.Ş. - Payların Geri Alınmasına İlişkin Bildirim,AHLATCI DOĞAL GAZ DAĞITIM ENERJİ VE YATIRIM A.Ş. - Payların Geri Alınmasına İlişkin Bildirim. Payların Geri Alınmasına İlişkin Bildirim 04.06.2026 Tarihli Pay Geri Alım İşlemleri,https://www.kap.org.tr/tr/Bildirim/1613307,tr,2026-06-04T18:30:21+00:00,0.0515801496116494,0.0823275035811677,0.8660923468071828,positive,0.8145121971955334
2026-06-04,AKCNS,KAP,AKÇANSA ÇİMENTO SANAYİ VE TİCARET A.Ş. - Esas Sözleşme,AKÇANSA ÇİMENTO SANAYİ VE TİCARET A.Ş. - Esas Sözleşme. Esas Sözleşme Esas Sözleşme,https://www.kap.org.tr/tr/Bildirim/1613059,tr,2026-06-04T13:46:27+00:00,0.1096837762683207,0.6742753043720704,0.2160409193596086,neutral,0.1063571430912878
2026-06-04,AKENR,KAP,AKENERJİ ELEKTRİK ÜRETİM A.Ş. - Esas Sözleşme,AKENERJİ ELEKTRİK ÜRETİM A.Ş. - Esas Sözleşme. Esas Sözleşme Esas Sözleşme,https://www.kap.org.tr/tr/Bildirim/1612977,tr,2026-06-04T11:12:49+00:00,0.1576157807754426,0.5932321643792927,0.2491520548452645,neutral,0.0915362740698219
2026-06-04,AKM,KAP,AK YATIRIM MENKUL DEĞERLER A.Ş. - Pay Dışında Sermaye Piyasası Aracı İşlemlerine İlişkin Bildirim (Faiz İçeren),AK YATIRIM MENKUL DEĞERLER A.Ş. - Pay Dışında Sermaye Piyasası Aracı İşlemlerine İlişkin Bildirim (Faiz İçeren). Pay Dışında Sermaye Piyasası Aracı İşlemlerine İlişkin Bildirim (Faiz İçeren) Nitelikli Yatırımcıya Borçlanma Aracı İhracı,https://www.kap.org.tr/tr/Bildirim/1612845,tr,2026-06-04T09:56:21+00:00,0.0330492865271233,0.9240063584644898,0.0429443550083867,neutral,0.0098950684812634
2026-06-04,AKM,KAP,AK YATIRIM MENKUL DEĞERLER A.Ş. - Pay Dışında Sermaye Piyasası Aracı İşlemlerine İlişkin Bildirim (Faiz İçeren),AK YATIRIM MENKUL DEĞERLER A.Ş. - Pay Dışında Sermaye Piyasası Aracı İşlemlerine İlişkin Bildirim (Faiz İçeren). Pay Dışında Sermaye Piyasası Aracı İşlemlerine İlişkin Bildirim (Faiz İçeren) TRFAKYM92619 Isın Kodlu Bono İhracı Hakkında,https://www.kap.org.tr/tr/Bildirim/1612846,tr,2026-06-04T09:57:03+00:00,0.0333081605493558,0.922866230634601,0.0438256088160431,neutral,0.0105174482666873
2026-06-04,AKM,KAP,AK YATIRIM MENKUL DEĞERLER A.Ş. - Pay Dışında Sermaye Piyasası Aracı İşlemlerine İlişkin Bildirim (Faiz İçeren),AK YATIRIM MENKUL DEĞERLER A.Ş. - Pay Dışında Sermaye Piyasası Aracı İşlemlerine İlişkin Bildirim (Faiz İçeren). Pay Dışında Sermaye Piyasası Aracı İşlemlerine İlişkin Bildirim (Faiz İçeren) Nitelikli Yatırımcıya Borçlanma Aracı İtfa ve Kupon Ödemesi,https://www.kap.org.tr/tr/Bildirim/1612847,tr,2026-06-04T09:57:11+00:00,0.0344407414250936,0.9211440078509427,0.0444152507239634,neutral,0.0099745092988698
2026-06-04,AKMEN,KAP,AK YATIRIM MENKUL DEĞERLER A.Ş. - Pay Dışında Sermaye Piyasası Aracı İşlemlerine İlişkin Bildirim (Faiz İçeren),AK YATIRIM MENKUL DEĞERLER A.Ş. - Pay Dışında Sermaye Piyasası Aracı İşlemlerine İlişkin Bildirim (Faiz İçeren). Pay Dışında Sermaye Piyasası Aracı İşlemlerine İlişkin Bildirim (Faiz İçeren) Nitelikli Yatırımcıya Borçlanma Aracı İhracı,https://www.kap.org.tr/tr/Bildirim/1612845,tr,2026-06-04T09:56:21+00:00,0.0330492865271233,0.9240063584644898,0.0429443550083867,neutral,0.0098950684812634
2026-06-04,AKMEN,KAP,AK YATIRIM MENKUL DEĞERLER A.Ş. - Pay Dışında Sermaye Piyasası Aracı İşlemlerine İlişkin Bildirim (Faiz İçeren),AK YATIRIM MENKUL DEĞERLER A.Ş. - Pay Dışında Sermaye Piyasası Aracı İşlemlerine İlişkin Bildirim (Faiz İçeren). Pay Dışında Sermaye Piyasası Aracı İşlemlerine İlişkin Bildirim (Faiz İçeren) TRFAKYM92619 Isın Kodlu Bono İhracı Hakkında,https://www.kap.org.tr/tr/Bildirim/1612846,tr,2026-06-04T09:57:03+00:00,0.0333081605493558,0.922866230634601,0.0438256088160431,neutral,0.0105174482666873
2026-06-04,AKMEN,KAP,AK YATIRIM MENKUL DEĞERLER A.Ş. - Pay Dışında Sermaye Piyasası Aracı İşlemlerine İlişkin Bildirim (Faiz İçeren),AK YATIRIM MENKUL DEĞERLER A.Ş. - Pay Dışında Sermaye Piyasası Aracı İşlemlerine İlişkin Bildirim (Faiz İçeren). Pay Dışında Sermaye Piyasası Aracı İşlemlerine İlişkin Bildirim (Faiz İçeren) Nitelikli Yatırımcıya Borçlanma Aracı İtfa ve Kupon Ödemesi,https://www.kap.org.tr/tr/Bildirim/1612847,tr,2026-06-04T09:57:11+00:00,0.0344407414250936,0.9211440078509427,0.0444152507239634,neutral,0.0099745092988698
2026-06-04,AKSGY,KAP,AKİŞ GAYRİMENKUL YATIRIM ORTAKLIĞI A.Ş. - Özel Durum Açıklaması (Genel),AKİŞ GAYRİMENKUL YATIRIM ORTAKLIĞI A.Ş. - Özel Durum Açıklaması (Genel). Özel Durum Açıklaması (Genel) Bağlı Ortaklık Yurt Dışı Yatırımı hk,https://www.kap.org.tr/tr/Bildirim/1613357,tr,2026-06-04T21:36:52+00:00,0.2593557812398617,0.6275724437715938,0.1130717749885445,neutral,-0.1462840062513172
2026-06-04,AKSGY,KAP,AKİŞ GAYRİMENKUL YATIRIM ORTAKLIĞI A.Ş. - Şirket Genel Bilgi Formu,AKİŞ GAYRİMENKUL YATIRIM ORTAKLIĞI A.Ş. - Şirket Genel Bilgi Formu. Şirket Genel Bilgi Formu,https://www.kap.org.tr/tr/Bildirim/1613358,tr,2026-06-04T21:37:09+00:00,0.0829156048311637,0.8363812804957033,0.0807031146731331,neutral,-0.0022124901580305
2026-06-04,ALKA,KAP,ALKİM KAĞIT SANAYİ VE TİCARET A.Ş. - Özel Durum Açıklaması (Genel),ALKİM KAĞIT SANAYİ VE TİCARET A.Ş. - Özel Durum Açıklaması (Genel). Özel Durum Açıklaması (Genel) Yatırımcı Tazmin Merkezine Başvuru Süresi Hakkında Duyuru,https://www.kap.org.tr/tr/Bildirim/1613158,tr,2026-06-04T16:02:36+00:00,0.2555959047055164,0.6115274268630698,0.1328766684314139,neutral,-0.1227192362741025
2026-06-04,ANELE,KAP,ANEL ELEKTRİK PROJE TAAHHÜT VE TİCARET A.Ş. - Özel Durum Açıklaması (Genel),"ANEL ELEKTRİK PROJE TAAHHÜT VE TİCARET A.Ş. - Özel Durum Açıklaması (Genel). Özel Durum Açıklaması (Genel) Finansal sektöre olan borçların yeniden yapılandırılması hakkında,",https://www.kap.org.tr/tr/Bildirim/1613305,tr,2026-06-04T18:23:55+00:00,0.2851883349318144,0.5870066463352522,0.1278050187329333,neutral,-0.157383316198881
2026-06-04,ANHYT,KAP,ANADOLU HAYAT EMEKLİLİK A.Ş. - Özel Durum Açıklaması (Genel),ANADOLU HAYAT EMEKLİLİK A.Ş. - Özel Durum Açıklaması (Genel). Özel Durum Açıklaması (Genel) 01.01.2026-31.05.2026 dönemine ait prim üretimi,https://www.kap.org.tr/tr/Bildirim/1613284,tr,2026-06-04T18:10:32+00:00,0.3118835517074437,0.5220670585203239,0.1660493897722324,neutral,-0.1458341619352112
2026-06-04,ARENA,KAP,ARENA BİLGİSAYAR SANAYİ VE TİCARET A.Ş. - Özel Durum Açıklaması (Genel),ARENA BİLGİSAYAR SANAYİ VE TİCARET A.Ş. - Özel Durum Açıklaması (Genel). Özel Durum Açıklaması (Genel) Mali İşlerden Sorumlu Genel Müdür Yardımcısının (CFO) Görevden Ayrılması Hakkında,https://www.kap.org.tr/tr/Bildirim/1613359,tr,2026-06-04T21:43:26+00:00,0.2538526765392906,0.6246096960873213,0.121537627373388,neutral,-0.1323150491659026
2026-06-04,ARSAN,KAP,ARSAN HOLDİNG A.Ş. - Özel Durum Açıklaması (Genel),ARSAN HOLDİNG A.Ş. - Özel Durum Açıklaması (Genel). Özel Durum Açıklaması (Genel) Genel Kredi Sözleşmesi hakkında.,https://www.kap.org.tr/tr/Bildirim/1613026,tr,2026-06-04T13:22:44+00:00,0.341053838211016,0.5373571481193079,0.1215890136696761,neutral,-0.2194648245413398
2026-06-04,ASELS,KAP,ASELSAN ELEKTRONİK SANAYİ VE TİCARET A.Ş. - Yeni İş İlişkisi,ASELSAN ELEKTRONİK SANAYİ VE TİCARET A.Ş. - Yeni İş İlişkisi. Yeni İş İlişkisi Sözleşme İmzalanması,https://www.kap.org.tr/tr/Bildirim/1612829,tr,2026-06-04T09:15:07+00:00,0.0398901562664652,0.1226231964553332,0.8374866472782014,positive,0.7975964910117361
2026-06-04,AVGYO,KAP,AVRASYA GAYRİMENKUL YATIRIM ORTAKLIĞI A.Ş. - Genel Kurul İşlemlerine İlişkin Bildirim,AVRASYA GAYRİMENKUL YATIRIM ORTAKLIĞI A.Ş. - Genel Kurul İşlemlerine İlişkin Bildirim. Genel Kurul İşlemlerine İlişkin Bildirim 2025 Yılı Olağan Genel Kurulu Tescili Hakkında,https://www.kap.org.tr/tr/Bildirim/1613295,tr,2026-06-04T18:16:08+00:00,0.1129728223522974,0.812466177783559,0.0745609998641436,neutral,-0.0384118224881538
2026-06-04,AVPGY,KAP,AVRUPAKENT GAYRİMENKUL YATIRIM ORTAKLIĞI A.Ş. - Genel Kurul İşlemlerine İlişkin Bildirim,AVRUPAKENT GAYRİMENKUL YATIRIM ORTAKLIĞI A.Ş. - Genel Kurul İşlemlerine İlişkin Bildirim. Genel Kurul İşlemlerine İlişkin Bildirim 2025 Yılı Olağan Genel Kurul Kararlarının Tescili,https://www.kap.org.tr/tr/Bildirim/1612964,tr,2026-06-04T10:57:06+00:00,0.1222400834010946,0.8116367326834085,0.0661231839154968,neutral,-0.0561168994855977
2026-06-04,AVPGY,KAP,AVRUPAKENT GAYRİMENKUL YATIRIM ORTAKLIĞI A.Ş. - Bağımsız Denetim Kuruluşunun Belirlenmesi,AVRUPAKENT GAYRİMENKUL YATIRIM ORTAKLIĞI A.Ş. - Bağımsız Denetim Kuruluşunun Belirlenmesi. Bağımsız Denetim Kuruluşunun Belirlenmesi Bağımsız Denetim Kuruluşu Seçiminin Tescil ve TTSG'de İlanı,https://www.kap.org.tr/tr/Bildirim/1612965,tr,2026-06-04T10:58:16+00:00,0.0516208614408103,0.8851411298960333,0.0632380086631561,neutral,0.0116171472223457
2026-06-04,BASGZ,KAP,BAŞKENT DOĞALGAZ DAĞITIM GAYRİMENKUL YATIRIM ORTAKLIĞI A.Ş. - Kayıtlı Sermaye Tavanı İşlemlerine İlişkin Bildirim,BAŞKENT DOĞALGAZ DAĞITIM GAYRİMENKUL YATIRIM ORTAKLIĞI A.Ş. - Kayıtlı Sermaye Tavanı İşlemlerine İlişkin Bildirim. Kayıtlı Sermaye Tavanı İşlemlerine İlişkin Bildirim Kayıtlı Sermaye Tavan Artışı ve Süre Uzatımı SPK ve Ticaret Bakanlığı Onayı hk,https://www.kap.org.tr/tr/Bildirim/1613290,tr,2026-06-04T18:13:07+00:00,0.0959340297168546,0.3940567784444325,0.510009191838713,positive,0.4140751621218583
2026-06-04,BIGTK,KAP,BİG MEDYA TEKNOLOJİ A.Ş. - Özel Durum Açıklaması (Genel),BİG MEDYA TEKNOLOJİ A.Ş. - Özel Durum Açıklaması (Genel). Özel Durum Açıklaması (Genel) Big Medya Teknoloji A.Ş. Paylarında Gerçekleştirilen Satış İşlemleri Hakkında,https://www.kap.org.tr/tr/Bildirim/1613310,tr,2026-06-04T18:30:51+00:00,0.3336427941189889,0.5040782010681523,0.1622790048128588,neutral,-0.1713637893061301
2026-06-04,BIZIM,KAP,BİZİM TOPTAN SATIŞ MAĞAZALARI A.Ş. - Genel Kurul İşlemlerine İlişkin Bildirim,BİZİM TOPTAN SATIŞ MAĞAZALARI A.Ş. - Genel Kurul İşlemlerine İlişkin Bildirim. Genel Kurul İşlemlerine İlişkin Bildirim 2025 Yılı Olağan Genel Kurul Toplantısı Tescil Bildirimi,https://www.kap.org.tr/tr/Bildirim/1613248,tr,2026-06-04T17:18:21+00:00,0.2012188280237125,0.7214892479591619,0.0772919240171255,neutral,-0.1239269040065869
2026-06-04,BIZIM,KAP,BİZİM TOPTAN SATIŞ MAĞAZALARI A.Ş. - Bağımsız Denetim Kuruluşunun Belirlenmesi,BİZİM TOPTAN SATIŞ MAĞAZALARI A.Ş. - Bağımsız Denetim Kuruluşunun Belirlenmesi. Bağımsız Denetim Kuruluşunun Belirlenmesi Bağımsız Denetim Şirketinin Seçiminin Tescili,https://www.kap.org.tr/tr/Bildirim/1613250,tr,2026-06-04T17:18:52+00:00,0.0790161337877486,0.8346594130926095,0.0863244531196418,neutral,0.0073083193318932
2026-06-04,BIZIM,KAP,BİZİM TOPTAN SATIŞ MAĞAZALARI A.Ş. - Kar Payı Dağıtım İşlemlerine İlişkin Bildirim,BİZİM TOPTAN SATIŞ MAĞAZALARI A.Ş. - Kar Payı Dağıtım İşlemlerine İlişkin Bildirim. Kar Payı Dağıtım İşlemlerine İlişkin Bildirim 2025 Yılı Olağan Genel Kurul Toplantısı Kar Dağıtım KararıTescil Bildirimi,https://www.kap.org.tr/tr/Bildirim/1613251,tr,2026-06-04T17:20:45+00:00,0.2339700061343239,0.0834477993382288,0.6825821945274473,positive,0.4486121883931233
2026-06-04,BLCYT,KAP,BİLİCİ YATIRIM SANAYİ VE TİCARET A.Ş. - Sermaye Artırımı - Azaltımı İşlemlerine İlişkin Bildirim,BİLİCİ YATIRIM SANAYİ VE TİCARET A.Ş. - Sermaye Artırımı - Azaltımı İşlemlerine İlişkin Bildirim. Sermaye Artırımı - Azaltımı İşlemlerine İlişkin Bildirim Sermaye Arttırım işlemleri için SPK Başvurusu,https://www.kap.org.tr/tr/Bildirim/1613010,tr,2026-06-04T12:06:56+00:00,0.0979667134646406,0.4274230082980855,0.4746102782372737,positive,0.3766435647726331
2026-06-04,BLS,KAP,BULLS YATIRIM MENKUL DEĞERLER A.Ş. - Pay Alım Teklifi Yoluyla Pay Toplanmasına İlişkin Bildirim,BULLS YATIRIM MENKUL DEĞERLER A.Ş. - Pay Alım Teklifi Yoluyla Pay Toplanmasına İlişkin Bildirim. Pay Alım Teklifi Yoluyla Pay Toplanmasına İlişkin Bildirim Özerden Ambalaj Sanayi A.Ş. Paylarına Yönelik Zorunlu pay alım teklifi OZRDN,https://www.kap.org.tr/tr/Bildirim/1613280,tr,2026-06-04T18:02:31+00:00,0.1256139573602277,0.7244301617747508,0.1499558808650214,neutral,0.0243419235047936
2026-06-04,BLSMD,KAP,BULLS YATIRIM MENKUL DEĞERLER A.Ş. - Pay Alım Teklifi Yoluyla Pay Toplanmasına İlişkin Bildirim,BULLS YATIRIM MENKUL DEĞERLER A.Ş. - Pay Alım Teklifi Yoluyla Pay Toplanmasına İlişkin Bildirim. Pay Alım Teklifi Yoluyla Pay Toplanmasına İlişkin Bildirim Özerden Ambalaj Sanayi A.Ş. Paylarına Yönelik Zorunlu pay alım teklifi OZRDN,https://www.kap.org.tr/tr/Bildirim/1613280,tr,2026-06-04T18:02:31+00:00,0.1256139573602277,0.7244301617747508,0.1499558808650214,neutral,0.0243419235047936
2026-06-04,BOBET,KAP,BOĞAZİÇİ BETON SANAYİ VE TİCARET A.Ş. - Payların Geri Alınmasına İlişkin Bildirim,BOĞAZİÇİ BETON SANAYİ VE TİCARET A.Ş. - Payların Geri Alınmasına İlişkin Bildirim. Payların Geri Alınmasına İlişkin Bildirim 04.06.2026 Tarihli Pay Geri Alım İşlemleri Hakkında,https://www.kap.org.tr/tr/Bildirim/1613293,tr,2026-06-04T18:15:59+00:00,0.0455676620200499,0.0969390410229719,0.8574932969569781,positive,0.8119256349369282
2026-06-04,BRKO,KAP,BİRKO BİRLEŞİK KOYUNLULULAR MENSUCAT TİCARET VE SANAYİ A.Ş. - Şirket Genel Bilgi Formu,BİRKO BİRLEŞİK KOYUNLULULAR MENSUCAT TİCARET VE SANAYİ A.Ş. - Şirket Genel Bilgi Formu. Şirket Genel Bilgi Formu,https://www.kap.org.tr/tr/Bildirim/1613152,tr,2026-06-04T15:30:43+00:00,0.0996827194225431,0.7863016670932226,0.1140156134842343,neutral,0.0143328940616911
2026-06-04,BRKO,KAP,BİRKO BİRLEŞİK KOYUNLULULAR MENSUCAT TİCARET VE SANAYİ A.Ş. - Esas Sözleşme,BİRKO BİRLEŞİK KOYUNLULULAR MENSUCAT TİCARET VE SANAYİ A.Ş. - Esas Sözleşme. Esas Sözleşme ŞİRKETİMİZ GÜNCEL ESAS SÖZLEŞMESİ HAKKINDA,https://www.kap.org.tr/tr/Bildirim/1613153,tr,2026-06-04T15:30:57+00:00,0.1196718053747003,0.6460252890861818,0.2343029055391178,neutral,0.1146311001644174
2026-06-04,BRKVY,KAP,BİRİKİM VARLIK YÖNETİM A.Ş. - Özel Durum Açıklaması (Genel),"BİRİKİM VARLIK YÖNETİM A.Ş. - Özel Durum Açıklaması (Genel). Özel Durum Açıklaması (Genel) Tahsili Gecikmiş Alacak Portföyü Alımı ISATR, ISBTR, ISCTR, ISKUR, TIB",https://www.kap.org.tr/tr/Bildirim/1613285,tr,2026-06-04T18:10:33+00:00,0.3359836442422858,0.5374609446021414,0.1265554111555727,neutral,-0.209428233086713
2026-06-04,BSOKE,KAP,BATISÖKE SÖKE ÇİMENTO SANAYİİ T.A.Ş. - Bağımsız Denetim Kuruluşunun Belirlenmesi,BATISÖKE SÖKE ÇİMENTO SANAYİİ T.A.Ş. - Bağımsız Denetim Kuruluşunun Belirlenmesi. Bağımsız Denetim Kuruluşunun Belirlenmesi 2024 ve 2025 Yılları Bağımsız Denetim Kuruluşunun Genel Kurulca Onaylanması - TSRS,https://www.kap.org.tr/tr/Bildirim/1612817,tr,2026-06-04T08:57:49+00:00,0.0945878172084618,0.8229163544499114,0.0824958283416267,neutral,-0.0120919888668351
2026-06-04,BSOKE,KAP,BATISÖKE SÖKE ÇİMENTO SANAYİİ T.A.Ş. - Bağımsız Denetim Kuruluşunun Belirlenmesi,BATISÖKE SÖKE ÇİMENTO SANAYİİ T.A.Ş. - Bağımsız Denetim Kuruluşunun Belirlenmesi. Bağımsız Denetim Kuruluşunun Belirlenmesi 2026 Yılı Bağımsız Denetim Kuruluşunun Genel Kurulca Onaylanması - TSRS,https://www.kap.org.tr/tr/Bildirim/1612818,tr,2026-06-04T08:58:23+00:00,0.0957410207382729,0.8238457596680696,0.0804132195936574,neutral,-0.0153278011446155
2026-06-04,BSOKE,KAP,BATISÖKE SÖKE ÇİMENTO SANAYİİ T.A.Ş. - Bağımsız Denetim Kuruluşunun Belirlenmesi,BATISÖKE SÖKE ÇİMENTO SANAYİİ T.A.Ş. - Bağımsız Denetim Kuruluşunun Belirlenmesi. Bağımsız Denetim Kuruluşunun Belirlenmesi 2025 Yılı Bağımsız Denetim Kuruluşunun Genel Kurulca Onaylanması (Faaliyet Raporu),https://www.kap.org.tr/tr/Bildirim/1612819,tr,2026-06-04T08:58:54+00:00,0.0886102943643716,0.8339923703576096,0.0773973352780188,neutral,-0.0112129590863528
2026-06-04,BSOKE,KAP,BATISÖKE SÖKE ÇİMENTO SANAYİİ T.A.Ş. - Bağımsız Denetim Kuruluşunun Belirlenmesi,BATISÖKE SÖKE ÇİMENTO SANAYİİ T.A.Ş. - Bağımsız Denetim Kuruluşunun Belirlenmesi. Bağımsız Denetim Kuruluşunun Belirlenmesi 2026 Yılı Bağımsız Denetim Kuruluşunun Genel Kurulca Onaylanması,https://www.kap.org.tr/tr/Bildirim/1612820,tr,2026-06-04T08:59:17+00:00,0.0943771317147758,0.8267334924757801,0.0788893758094441,neutral,-0.0154877559053316
2026-06-04,BTCIM,KAP,BATIÇİM BATI ANADOLU ÇİMENTO SANAYİİ A.Ş. - Bağımsız Denetim Kuruluşunun Belirlenmesi,BATIÇİM BATI ANADOLU ÇİMENTO SANAYİİ A.Ş. - Bağımsız Denetim Kuruluşunun Belirlenmesi. Bağımsız Denetim Kuruluşunun Belirlenmesi 2024 ve 2025 Yılları Bağımsız Denetim Kuruluşunun Genel Kurulca Onaylanması - TSRS,https://www.kap.org.tr/tr/Bildirim/1612821,tr,2026-06-04T08:59:51+00:00,0.1020822075148716,0.8129590084835914,0.0849587840015369,neutral,-0.0171234235133346
2026-06-04,BTCIM,KAP,BATIÇİM BATI ANADOLU ÇİMENTO SANAYİİ A.Ş. - Bağımsız Denetim Kuruluşunun Belirlenmesi,BATIÇİM BATI ANADOLU ÇİMENTO SANAYİİ A.Ş. - Bağımsız Denetim Kuruluşunun Belirlenmesi. Bağımsız Denetim Kuruluşunun Belirlenmesi 2026 Yılı Bağımsız Denetim Kuruluşunun Genel Kurulca Onaylanması - TSRS,https://www.kap.org.tr/tr/Bildirim/1612822,tr,2026-06-04T09:00:22+00:00,0.1030364087888935,0.8142381713754651,0.0827254198356413,neutral,-0.0203109889532521
2026-06-04,BTCIM,KAP,BATIÇİM BATI ANADOLU ÇİMENTO SANAYİİ A.Ş. - Bağımsız Denetim Kuruluşunun Belirlenmesi,BATIÇİM BATI ANADOLU ÇİMENTO SANAYİİ A.Ş. - Bağımsız Denetim Kuruluşunun Belirlenmesi. Bağımsız Denetim Kuruluşunun Belirlenmesi 2025 Yılı Bağımsız Denetim Kuruluşunun Genel Kurulca Onaylanması (Faaliyet Raporu),https://www.kap.org.tr/tr/Bildirim/1612823,tr,2026-06-04T09:00:47+00:00,0.0956295115944309,0.8246023482196634,0.0797681401859057,neutral,-0.0158613714085252
2026-06-04,BTCIM,KAP,BATIÇİM BATI ANADOLU ÇİMENTO SANAYİİ A.Ş. - Bağımsız Denetim Kuruluşunun Belirlenmesi,BATIÇİM BATI ANADOLU ÇİMENTO SANAYİİ A.Ş. - Bağımsız Denetim Kuruluşunun Belirlenmesi. Bağımsız Denetim Kuruluşunun Belirlenmesi 2026 Yılı Bağımsız Denetim Kuruluşunun Genel Kurulca Onaylanması,https://www.kap.org.tr/tr/Bildirim/1612824,tr,2026-06-04T09:01:11+00:00,0.1017693039689947,0.816959454495368,0.0812712415356372,neutral,-0.0204980624333574
2026-06-04,BYDNR,KAP,BAYDÖNER RESTORANLARI A.Ş. - Esas Sözleşme,BAYDÖNER RESTORANLARI A.Ş. - Esas Sözleşme. Esas Sözleşme Esas Sözleşme,https://www.kap.org.tr/tr/Bildirim/1613287,tr,2026-06-04T18:10:49+00:00,0.1579044795397414,0.5910464693717719,0.2510490510884868,neutral,0.0931445715487453
2026-06-04,CVKMD,KAP,CVK MADEN İŞLETMELERİ SANAYİ VE TİCARET A.Ş. - Yönetim Kurulu Komiteleri,CVK MADEN İŞLETMELERİ SANAYİ VE TİCARET A.Ş. - Yönetim Kurulu Komiteleri. Yönetim Kurulu Komiteleri Yönetim Kurulu Komiteleri Üye Değişikliği Hk.,https://www.kap.org.tr/tr/Bildirim/1613349,tr,2026-06-04T21:05:46+00:00,0.1844623949955862,0.6021632491801701,0.2133743558242436,neutral,0.0289119608286573
2026-06-04,CVKMD,KAP,CVK MADEN İŞLETMELERİ SANAYİ VE TİCARET A.Ş. - Şirket Genel Bilgi Formu,CVK MADEN İŞLETMELERİ SANAYİ VE TİCARET A.Ş. - Şirket Genel Bilgi Formu. Şirket Genel Bilgi Formu,https://www.kap.org.tr/tr/Bildirim/1613350,tr,2026-06-04T21:06:03+00:00,0.0874627792552078,0.8135040831880241,0.0990331375567679,neutral,0.0115703583015601
2026-06-04,CVKMD,KAP,CVK MADEN İŞLETMELERİ SANAYİ VE TİCARET A.Ş. - Kurumsal Yönetim Bilgi Formu (Güncelleme) - Yönetim Kurulu-2,CVK MADEN İŞLETMELERİ SANAYİ VE TİCARET A.Ş. - Kurumsal Yönetim Bilgi Formu (Güncelleme) - Yönetim Kurulu-2. Kurumsal Yönetim Bilgi Formu (Güncelleme) - Yönetim Kurulu-2 Yönetim Kurulu Komiteleri Üye Değişikliği Hk.,https://www.kap.org.tr/tr/Bildirim/1613351,tr,2026-06-04T21:06:28+00:00,0.1560767906754617,0.6727058996332314,0.1712173096913069,neutral,0.0151405190158452
2026-06-04,DFKTR,KAP,DORUK FAKTORİNG A.Ş. - Pay Dışında Sermaye Piyasası Aracı İşlemlerine İlişkin Bildirim (Faiz İçeren),DORUK FAKTORİNG A.Ş. - Pay Dışında Sermaye Piyasası Aracı İşlemlerine İlişkin Bildirim (Faiz İçeren). Pay Dışında Sermaye Piyasası Aracı İşlemlerine İlişkin Bildirim (Faiz İçeren) Kupon Ödemesi,https://www.kap.org.tr/tr/Bildirim/1613005,tr,2026-06-04T11:53:10+00:00,0.0424059772181696,0.9021056369086462,0.0554883858731842,neutral,0.0130824086550146
2026-06-04,DGATE,KAP,DATAGATE BİLGİSAYAR MALZEMELERİ TİCARET A.Ş. - Genel Kurul İşlemlerine İlişkin Bildirim,DATAGATE BİLGİSAYAR MALZEMELERİ TİCARET A.Ş. - Genel Kurul İşlemlerine İlişkin Bildirim. Genel Kurul İşlemlerine İlişkin Bildirim 2025 Olağan Genel Kurul Tescili,https://www.kap.org.tr/tr/Bildirim/1613191,tr,2026-06-04T16:35:14+00:00,0.1578667158280554,0.7621427951659054,0.0799904890060391,neutral,-0.0778762268220163
2026-06-04,DGATE,KAP,DATAGATE BİLGİSAYAR MALZEMELERİ TİCARET A.Ş. - Bağımsız Denetim Kuruluşunun Belirlenmesi,DATAGATE BİLGİSAYAR MALZEMELERİ TİCARET A.Ş. - Bağımsız Denetim Kuruluşunun Belirlenmesi. Bağımsız Denetim Kuruluşunun Belirlenmesi Bağımsız Denetim Kuruluşunun Tescili,https://www.kap.org.tr/tr/Bildirim/1613192,tr,2026-06-04T16:35:22+00:00,0.0700428309148151,0.8456293863899348,0.0843277826952499,neutral,0.0142849517804347
2026-06-04,DGNMO,KAP,DOĞANLAR MOBİLYA GRUBU İMALAT SANAYİ VE TİCARET A.Ş. - Özel Durum Açıklaması (Genel),DOĞANLAR MOBİLYA GRUBU İMALAT SANAYİ VE TİCARET A.Ş. - Özel Durum Açıklaması (Genel). Özel Durum Açıklaması (Genel) 2026 İlk Çeyrek Sonuçları Yatırımcı Sunumu Hk.,https://www.kap.org.tr/tr/Bildirim/1613352,tr,2026-06-04T21:19:20+00:00,0.2367501964970647,0.6314485311004424,0.131801272402493,neutral,-0.1049489240945716
2026-06-04,DIRIT,KAP,DİRİTEKS DİRİLİŞ TEKSTİL SANAYİ VE TİCARET A.Ş. - Şirket Genel Bilgi Formu,DİRİTEKS DİRİLİŞ TEKSTİL SANAYİ VE TİCARET A.Ş. - Şirket Genel Bilgi Formu. Şirket Genel Bilgi Formu,https://www.kap.org.tr/tr/Bildirim/1612978,tr,2026-06-04T11:13:14+00:00,0.1021867029994762,0.7764245245043817,0.1213887724961419,neutral,0.0192020694966656
2026-06-04,DIRIT,KAP,DİRİTEKS DİRİLİŞ TEKSTİL SANAYİ VE TİCARET A.Ş. - Esas Sözleşme,DİRİTEKS DİRİLİŞ TEKSTİL SANAYİ VE TİCARET A.Ş. - Esas Sözleşme. Esas Sözleşme ŞİRKETİMİZİN GÜNCEL ESAS SÖZLEŞMESİ HAKKINDA,https://www.kap.org.tr/tr/Bildirim/1612979,tr,2026-06-04T11:13:27+00:00,0.1232904221357167,0.6332633574059291,0.2434462204583542,neutral,0.1201557983226375
2026-06-04,DOGUB,KAP,DOĞUSAN BORU SANAYİ VE TİCARET A.Ş. - Özel Durum Açıklaması (Genel),DOĞUSAN BORU SANAYİ VE TİCARET A.Ş. - Özel Durum Açıklaması (Genel). Özel Durum Açıklaması (Genel) Yatırımcı Tazmin Merkezinden 03.06.2026 Tarihinde Şirketimize tebliğ edilen yazı hk.,https://www.kap.org.tr/tr/Bildirim/1613099,tr,2026-06-04T14:11:07+00:00,0.2203167879291988,0.6331160958123293,0.1465671162584718,neutral,-0.0737496716707269
2026-06-04,DOGVY,KAP,DOĞRU VARLIK YÖNETİM A.Ş. - Özel Durum Açıklaması (Genel),"DOĞRU VARLIK YÖNETİM A.Ş. - Özel Durum Açıklaması (Genel). Özel Durum Açıklaması (Genel) Türkiye İş Bankası A.Ş. Tahsili Gecikmiş Alacak Portföyü Alımı ISATR, ISBTR, ISCTR, ISKUR, TIB",https://www.kap.org.tr/tr/Bildirim/1613204,tr,2026-06-04T16:44:57+00:00,0.3485438486219679,0.5194162734332949,0.1320398779447369,neutral,-0.2165039706772309
2026-06-04,DURDO,KAP,DURAN DOĞAN BASIM VE AMBALAJ SANAYİ A.Ş. - Özel Durum Açıklaması (Genel),DURAN DOĞAN BASIM VE AMBALAJ SANAYİ A.Ş. - Özel Durum Açıklaması (Genel). Özel Durum Açıklaması (Genel) Operasyonların Merkezileştirilmesi ve Verimlilik Artışı Hakkında,https://www.kap.org.tr/tr/Bildirim/1613291,tr,2026-06-04T18:14:50+00:00,0.3138487115134952,0.555041575884102,0.1311097126024027,neutral,-0.1827389989110925
2026-06-04,DYBNK,KAP,D YATIRIM BANKASI A.Ş. - İhraç Tavanına İlişkin Bildirim,D YATIRIM BANKASI A.Ş. - İhraç Tavanına İlişkin Bildirim. İhraç Tavanına İlişkin Bildirim İhraç tavan başvurusu bildirimi,https://www.kap.org.tr/tr/Bildirim/1612941,tr,2026-06-04T10:21:53+00:00,0.0900296339946106,0.8001880047003205,0.1097823613050687,neutral,0.019752727310458
2026-06-04,ECOGR,KAP,ECOGREEN ENERJİ HOLDİNG A.Ş. - İhraç Tavanına İlişkin Bildirim,ECOGREEN ENERJİ HOLDİNG A.Ş. - İhraç Tavanına İlişkin Bildirim. İhraç Tavanına İlişkin Bildirim Yurt Dışı Borçlanma Aracı İhracına İlişkin Yönetim Kurulu Kararı ve SPK Başvurusu,https://www.kap.org.tr/tr/Bildirim/1613343,tr,2026-06-04T20:20:25+00:00,0.0931331052354391,0.7657088287249785,0.1411580660395823,neutral,0.0480249608041431
2026-06-04,EKGYO,KAP,EMLAK KONUT GAYRİMENKUL YATIRIM ORTAKLIĞI A.Ş. - Özel Durum Açıklaması (Genel),EMLAK KONUT GAYRİMENKUL YATIRIM ORTAKLIĞI A.Ş. - Özel Durum Açıklaması (Genel). Özel Durum Açıklaması (Genel) İstanbul Ümraniye Tepeüstü İhalesi 1. Oturum Sonucu,https://www.kap.org.tr/tr/Bildirim/1613041,tr,2026-06-04T13:41:52+00:00,0.1954096170734004,0.6890414727026357,0.1155489102239639,neutral,-0.0798607068494364
2026-06-04,EKGYO,KAP,EMLAK KONUT GAYRİMENKUL YATIRIM ORTAKLIĞI A.Ş. - Özel Durum Açıklaması (Genel),EMLAK KONUT GAYRİMENKUL YATIRIM ORTAKLIĞI A.Ş. - Özel Durum Açıklaması (Genel). Özel Durum Açıklaması (Genel) Nezih Park Bahçekent STG Artışı,https://www.kap.org.tr/tr/Bildirim/1613061,tr,2026-06-04T13:46:50+00:00,0.1975240128892566,0.716676680661065,0.0857993064496783,neutral,-0.1117247064395783
2026-06-04,EKTVK,KAP,EMLAK KATILIM VARLIK KİRALAMA A.Ş. - Pay Dışında Sermaye Piyasası Aracı İşlemlerine İlişkin Bildirim (Faizsiz),EMLAK KATILIM VARLIK KİRALAMA A.Ş. - Pay Dışında Sermaye Piyasası Aracı İşlemlerine İlişkin Bildirim (Faizsiz). Pay Dışında Sermaye Piyasası Aracı İşlemlerine İlişkin Bildirim (Faizsiz) TRDEVKS92627 ISIN Kodlu Kira Sertifikası İhracının Nitelikli Yatırımcıya Satışının Tamamlanması Hk. EKT,https://www.kap.org.tr/tr/Bildirim/1612949,tr,2026-06-04T10:35:04+00:00,0.0490465315977622,0.8821550365998256,0.068798431802412,neutral,0.0197519002046497
2026-06-04,EKTVK,KAP,EMLAK KATILIM VARLIK KİRALAMA A.Ş. - Pay Dışında Sermaye Piyasası Aracı İşlemlerine İlişkin Bildirim (Faizsiz),EMLAK KATILIM VARLIK KİRALAMA A.Ş. - Pay Dışında Sermaye Piyasası Aracı İşlemlerine İlişkin Bildirim (Faizsiz). Pay Dışında Sermaye Piyasası Aracı İşlemlerine İlişkin Bildirim (Faizsiz) Şirketimiz Tarafından İhraç Edilmiş Olan TRDEVKS62638 ISIN Kodlu Kira Sertifikasının İtfası Hk. EKT,https://www.kap.org.tr/tr/Bildirim/1613236,tr,2026-06-04T17:12:36+00:00,0.0552206207018531,0.8724320706729775,0.0723473086251693,neutral,0.0171266879233162
2026-06-04,EMIRV,KAP,EMİR VARLIK YÖNETİM A.Ş. - Pay Dışında Sermaye Piyasası Aracı İşlemlerine İlişkin Bildirim (Faiz İçeren),EMİR VARLIK YÖNETİM A.Ş. - Pay Dışında Sermaye Piyasası Aracı İşlemlerine İlişkin Bildirim (Faiz İçeren). Pay Dışında Sermaye Piyasası Aracı İşlemlerine İlişkin Bildirim (Faiz İçeren) TRFEMIRA2612 Finansman Bonosu İhracının Gerçekleşmesi,https://www.kap.org.tr/tr/Bildirim/1613231,tr,2026-06-04T17:08:51+00:00,0.0410753340800454,0.9027257669619804,0.0561988989579742,neutral,0.0151235648779287
2026-06-04,ENERY,KAP,ENERYA ENERJİ A.Ş. - Payların Geri Alınmasına İlişkin Bildirim,ENERYA ENERJİ A.Ş. - Payların Geri Alınmasına İlişkin Bildirim. Payların Geri Alınmasına İlişkin Bildirim 04.06.2026 Tarihli Pay Geri Alım İşlemleri,https://www.kap.org.tr/tr/Bildirim/1613309,tr,2026-06-04T18:30:34+00:00,0.0487614607537752,0.0612655861346474,0.8899729531115774,positive,0.8412114923578022
2026-06-04,ENJSA,KAP,ENERJİSA ENERJİ A.Ş. - Özel Durum Açıklaması (Genel),ENERJİSA ENERJİ A.Ş. - Özel Durum Açıklaması (Genel). Özel Durum Açıklaması (Genel) Yönetici Sorumluluk Sigortası,https://www.kap.org.tr/tr/Bildirim/1613336,tr,2026-06-04T19:47:01+00:00,0.3677326222594192,0.4945121334742473,0.1377552442663334,neutral,-0.2299773779930857
2026-06-04,ERBOS,KAP,ERBOSAN ERCİYAS BORU SANAYİ VE TİCARET A.Ş. - Özel Durum Açıklaması (Genel),ERBOSAN ERCİYAS BORU SANAYİ VE TİCARET A.Ş. - Özel Durum Açıklaması (Genel). Özel Durum Açıklaması (Genel) Yatırımcı Tazmin Merkezi (YTM) Başvuruları Hakkında Bilgilendirme,https://www.kap.org.tr/tr/Bildirim/1613122,tr,2026-06-04T14:48:38+00:00,0.2277183518907246,0.6434809774848222,0.1288006706244532,neutral,-0.0989176812662714
2026-06-04,ETYAT,KAP,EURO TREND YATIRIM ORTAKLIĞI A.Ş. - Özel Durum Açıklaması (Genel),"EURO TREND YATIRIM ORTAKLIĞI A.Ş. - Özel Durum Açıklaması (Genel). Özel Durum Açıklaması (Genel) BİAŞ'da oluşan ağırlıklı ortalama fiyatın,pay başına net aktif değerin 2 katını aşması",https://www.kap.org.tr/tr/Bildirim/1613196,tr,2026-06-04T16:40:58+00:00,0.2036970678701662,0.6897426982745436,0.1065602338552901,neutral,-0.097136834014876
2026-06-04,EUKYO,KAP,EURO KAPİTAL YATIRIM ORTAKLIĞI A.Ş. - Özel Durum Açıklaması (Genel),"EURO KAPİTAL YATIRIM ORTAKLIĞI A.Ş. - Özel Durum Açıklaması (Genel). Özel Durum Açıklaması (Genel) BİAŞ'da oluşan ağırlıklı ortalama fiyatın,pay başına net aktif değerin 2 katını aşması",https://www.kap.org.tr/tr/Bildirim/1613199,tr,2026-06-04T16:41:27+00:00,0.2036970678701662,0.6897426982745436,0.1065602338552901,neutral,-0.097136834014876
2026-06-04,EUYO,KAP,EURO MENKUL KIYMET YATIRIM ORTAKLIĞI A.Ş. - Özel Durum Açıklaması (Genel),"EURO MENKUL KIYMET YATIRIM ORTAKLIĞI A.Ş. - Özel Durum Açıklaması (Genel). Özel Durum Açıklaması (Genel) BİAŞ'da oluşan ağırlıklı ortalama fiyatın,pay başına net aktif değerin 2 katını aşması",https://www.kap.org.tr/tr/Bildirim/1613195,tr,2026-06-04T16:40:27+00:00,0.1926719590356213,0.7053067938395009,0.1020212471248777,neutral,-0.0906507119107435
2026-06-04,FIN,KAP,QNB BANK A.Ş. - Pay Dışında Sermaye Piyasası Aracı İşlemlerine İlişkin Bildirim (Faiz İçeren),QNB BANK A.Ş. - Pay Dışında Sermaye Piyasası Aracı İşlemlerine İlişkin Bildirim (Faiz İçeren). Pay Dışında Sermaye Piyasası Aracı İşlemlerine İlişkin Bildirim (Faiz İçeren) MTN programı kapsamında yurtdışında ihraç edilen borçlanma aracının ihracı,https://www.kap.org.tr/tr/Bildirim/1613277,tr,2026-06-04T17:56:35+00:00,0.0463639491848416,0.8924713072599151,0.0611647435552432,neutral,0.0148007943704016
2026-06-04,FIN,KAP,QNB BANK A.Ş. - Pay Dışında Sermaye Piyasası Aracı İşlemlerine İlişkin Bildirim (Faiz İçeren),QNB BANK A.Ş. - Pay Dışında Sermaye Piyasası Aracı İşlemlerine İlişkin Bildirim (Faiz İçeren). Pay Dışında Sermaye Piyasası Aracı İşlemlerine İlişkin Bildirim (Faiz İçeren) MTN programı kapsamında yurtdışında ihraç edilen borçlanma aracının itfası,https://www.kap.org.tr/tr/Bildirim/1613278,tr,2026-06-04T17:56:59+00:00,0.0467073314689925,0.8916711032431265,0.0616215652878811,neutral,0.0149142338188886
2026-06-04,FIN,KAP,QNB BANK A.Ş. - Özel Durum Açıklaması (Genel),QNB BANK A.Ş. - Özel Durum Açıklaması (Genel). Özel Durum Açıklaması (Genel) Bankamızca sürdürülebilirlik bağlantılı sendikasyon kredisi temin edilmesi hk,https://www.kap.org.tr/tr/Bildirim/1613292,tr,2026-06-04T18:15:13+00:00,0.3483529635920183,0.5119385893461831,0.1397084470617987,neutral,-0.2086445165302196
2026-06-04,FLAP,KAP,FLAP KONGRE TOPLANTI HİZMETLERİ OTOMOTİV VE TURİZM A.Ş. - Genel Kurul İşlemlerine İlişkin Bildirim,FLAP KONGRE TOPLANTI HİZMETLERİ OTOMOTİV VE TURİZM A.Ş. - Genel Kurul İşlemlerine İlişkin Bildirim. Genel Kurul İşlemlerine İlişkin Bildirim 2025 YILI OLAĞAN GENEL KURUL SONUÇLARI,https://www.kap.org.tr/tr/Bildirim/1613344,tr,2026-06-04T20:53:01+00:00,0.1912364127365348,0.7202498773110384,0.0885137099524267,neutral,-0.1027227027841081
2026-06-04,FLAP,KAP,FLAP KONGRE TOPLANTI HİZMETLERİ OTOMOTİV VE TURİZM A.Ş. - Kar Payı Dağıtım İşlemlerine İlişkin Bildirim,FLAP KONGRE TOPLANTI HİZMETLERİ OTOMOTİV VE TURİZM A.Ş. - Kar Payı Dağıtım İşlemlerine İlişkin Bildirim. Kar Payı Dağıtım İşlemlerine İlişkin Bildirim 2025 Yılı Olağan Genel Kurul Kar Dağıtım Sonucu,https://www.kap.org.tr/tr/Bildirim/1613345,tr,2026-06-04T20:57:57+00:00,0.1720934356590513,0.0698475147596969,0.7580590495812517,positive,0.5859656139222004
2026-06-04,FLAP,KAP,FLAP KONGRE TOPLANTI HİZMETLERİ OTOMOTİV VE TURİZM A.Ş. - Bağımsız Denetim Kuruluşunun Belirlenmesi,FLAP KONGRE TOPLANTI HİZMETLERİ OTOMOTİV VE TURİZM A.Ş. - Bağımsız Denetim Kuruluşunun Belirlenmesi. Bağımsız Denetim Kuruluşunun Belirlenmesi Bağımsız Denetim Kuruluşunun Genel Kurul Tarafından Onaylanması,https://www.kap.org.tr/tr/Bildirim/1613348,tr,2026-06-04T21:02:21+00:00,0.1076579032447999,0.8285111225643653,0.0638309741908345,neutral,-0.0438269290539654
2026-06-04,FORTE,KAP,FORTE BİLGİ İLETİŞİM TEKNOLOJİLERİ VE SAVUNMA SANAYİ A.Ş. - İhale Süreci / Sonucu,FORTE BİLGİ İLETİŞİM TEKNOLOJİLERİ VE SAVUNMA SANAYİ A.Ş. - İhale Süreci / Sonucu. İhale Süreci / Sonucu İhale süreci güncel gelişme,https://www.kap.org.tr/tr/Bildirim/1613146,tr,2026-06-04T15:20:51+00:00,0.107015928627064,0.1885357390001439,0.704448332372792,positive,0.597432403745728
2026-06-04,GATEG,KAP,GATE GROUP TEKNOLOJİ MEDYA VE SİBER GÜVENLİK HİZMETLERİ A.Ş. - Genel Kurul İşlemlerine İlişkin Bildirim,GATE GROUP TEKNOLOJİ MEDYA VE SİBER GÜVENLİK HİZMETLERİ A.Ş. - Genel Kurul İşlemlerine İlişkin Bildirim. Genel Kurul İşlemlerine İlişkin Bildirim 2025 Yılı Olağan Genel Kurul Toplantısı Sonuçlarının Tescili ve İlanı Hakkında,https://www.kap.org.tr/tr/Bildirim/1613066,tr,2026-06-04T13:58:12+00:00,0.1723538190200827,0.7258317389009852,0.1018144420789321,neutral,-0.0705393769411506
2026-06-04,GATEG,KAP,GATE GROUP TEKNOLOJİ MEDYA VE SİBER GÜVENLİK HİZMETLERİ A.Ş. - Bağımsız Denetim Kuruluşunun Belirlenmesi,GATE GROUP TEKNOLOJİ MEDYA VE SİBER GÜVENLİK HİZMETLERİ A.Ş. - Bağımsız Denetim Kuruluşunun Belirlenmesi. Bağımsız Denetim Kuruluşunun Belirlenmesi Bağımsız Denetim Şirketi Seçimi Tescil ve İlanı Hakkında,https://www.kap.org.tr/tr/Bildirim/1613067,tr,2026-06-04T13:58:42+00:00,0.0768463770849063,0.8247458740021498,0.0984077489129437,neutral,0.0215613718280374
2026-06-04,GEDIK,KAP,GEDİK YATIRIM MENKUL DEĞERLER A.Ş. - Pay Dışında Sermaye Piyasası Aracı İşlemlerine İlişkin Bildirim (Faiz İçeren),GEDİK YATIRIM MENKUL DEĞERLER A.Ş. - Pay Dışında Sermaye Piyasası Aracı İşlemlerine İlişkin Bildirim (Faiz İçeren). Pay Dışında Sermaye Piyasası Aracı İşlemlerine İlişkin Bildirim (Faiz İçeren) Finansman Bono İhracı Hakkında,https://www.kap.org.tr/tr/Bildirim/1613013,tr,2026-06-04T12:42:22+00:00,0.0318247881558851,0.9260320930382976,0.0421431188058172,neutral,0.010318330649932
2026-06-04,GLCVY,KAP,GELECEK VARLIK YÖNETİMİ A.Ş. - Özel Durum Açıklaması (Genel),"GELECEK VARLIK YÖNETİMİ A.Ş. - Özel Durum Açıklaması (Genel). Özel Durum Açıklaması (Genel) Tahsili Gecikmiş Alacak Portföyü Alımı ISATR, ISBTR, ISCTR, ISKUR, TIB",https://www.kap.org.tr/tr/Bildirim/1613297,tr,2026-06-04T18:18:11+00:00,0.3632339914714835,0.5083093690319351,0.1284566394965814,neutral,-0.2347773519749021
2026-06-04,GOLTS,KAP,GÖLTAŞ GÖLLER BÖLGESİ ÇİMENTO SANAYİ VE TİCARET A.Ş. - Özel Durum Açıklaması (Genel),GÖLTAŞ GÖLLER BÖLGESİ ÇİMENTO SANAYİ VE TİCARET A.Ş. - Özel Durum Açıklaması (Genel). Özel Durum Açıklaması (Genel) Süresi İçinde Kaydileştirilmeyen Paylar Hk.,https://www.kap.org.tr/tr/Bildirim/1612997,tr,2026-06-04T11:28:57+00:00,0.2510224177828644,0.6183079803330082,0.1306696018841273,neutral,-0.1203528158987371
2026-06-04,GRNYO,KAP,GARANTİ YATIRIM ORTAKLIĞI A.Ş. - Özel Durum Açıklaması (Genel),"GARANTİ YATIRIM ORTAKLIĞI A.Ş. - Özel Durum Açıklaması (Genel). Özel Durum Açıklaması (Genel) Paylarının BİAŞ'ta oluşan ağırlıklı ortalama fiyatının, pay başına net aktif değerinin 2 katını aşması hakkında.",https://www.kap.org.tr/tr/Bildirim/1612945,tr,2026-06-04T10:31:35+00:00,0.1608137870998377,0.735047836946236,0.1041383759539263,neutral,-0.0566754111459113
2026-06-04,GUBRF,KAP,GÜBRE FABRİKALARI T.A.Ş. - Özel Durum Açıklaması (Genel),GÜBRE FABRİKALARI T.A.Ş. - Özel Durum Açıklaması (Genel). Özel Durum Açıklaması (Genel) Yatırımcı Tazmin Merkezine Başvuru Süresi Hakkında Duyuru,https://www.kap.org.tr/tr/Bildirim/1613019,tr,2026-06-04T13:21:03+00:00,0.3914226095040961,0.4607870871860055,0.1477903033098982,neutral,-0.2436323061941978
2026-06-04,HALKB,KAP,TÜRKİYE HALK BANKASI A.Ş. - Pay Dışında Sermaye Piyasası Aracı İşlemlerine İlişkin Bildirim (Faiz İçeren),TÜRKİYE HALK BANKASI A.Ş. - Pay Dışında Sermaye Piyasası Aracı İşlemlerine İlişkin Bildirim (Faiz İçeren). Pay Dışında Sermaye Piyasası Aracı İşlemlerine İlişkin Bildirim (Faiz İçeren) Yurtiçinde Nitelikli Yatırımcılara Sermaye Benzeri Tahvil Kupon Oranı,https://www.kap.org.tr/tr/Bildirim/1613281,tr,2026-06-04T18:03:59+00:00,0.0442575921389822,0.8926788884480391,0.0630635194129786,neutral,0.0188059272739964
2026-06-04,HLVKS,KAP,HALK VARLIK KİRALAMA A.Ş. - Pay Dışında Sermaye Piyasası Aracı İşlemlerine İlişkin Bildirim (Faizsiz),HALK VARLIK KİRALAMA A.Ş. - Pay Dışında Sermaye Piyasası Aracı İşlemlerine İlişkin Bildirim (Faizsiz). Pay Dışında Sermaye Piyasası Aracı İşlemlerine İlişkin Bildirim (Faizsiz) Yurtiçi Kira Sertifikası İhracı Nitelikli Yatırımcıya Satışın Tamamlanması Hk. EKGYO,https://www.kap.org.tr/tr/Bildirim/1613300,tr,2026-06-04T18:20:18+00:00,0.0512959451804171,0.8781234963035891,0.0705805585159938,neutral,0.0192846133355767
2026-06-04,IHEVA,KAP,İHLAS EV ALETLERİ İMALAT SANAYİ VE TİCARET A.Ş. - Özel Durum Açıklaması (Genel),İHLAS EV ALETLERİ İMALAT SANAYİ VE TİCARET A.Ş. - Özel Durum Açıklaması (Genel). Özel Durum Açıklaması (Genel) Süresi İçinde Kaydileştirilmeyen Paylar Hk.,https://www.kap.org.tr/tr/Bildirim/1613271,tr,2026-06-04T17:47:17+00:00,0.2342541040279758,0.6067610953236746,0.1589848006483496,neutral,-0.0752693033796262
2026-06-04,IHLAS,KAP,İHLAS HOLDİNG A.Ş. - Özel Durum Açıklaması (Genel),İHLAS HOLDİNG A.Ş. - Özel Durum Açıklaması (Genel). Özel Durum Açıklaması (Genel) Süresi İçinde Kaydileştirilmeyen Paylar Hk.,https://www.kap.org.tr/tr/Bildirim/1613228,tr,2026-06-04T17:04:45+00:00,0.3285450237248435,0.5128302136130032,0.1586247626621532,neutral,-0.1699202610626903
2026-06-04,IHLGM,KAP,İHLAS GAYRİMENKUL PROJE GELİŞTİRME VE TİCARET A.Ş. - Özel Durum Açıklaması (Genel),İHLAS GAYRİMENKUL PROJE GELİŞTİRME VE TİCARET A.Ş. - Özel Durum Açıklaması (Genel). Özel Durum Açıklaması (Genel) Süresi İçinde Kaydileştirilmeyen Paylar Hk.,https://www.kap.org.tr/tr/Bildirim/1613227,tr,2026-06-04T17:03:49+00:00,0.2216327523323049,0.6182931206850499,0.160074126982645,neutral,-0.0615586253496599
2026-06-04,INDES,KAP,İNDEKS BİLGİSAYAR SİSTEMLERİ MÜHENDİSLİK SANAYİ VE TİCARET A.Ş. - Genel Kurul İşlemlerine İlişkin Bildirim,İNDEKS BİLGİSAYAR SİSTEMLERİ MÜHENDİSLİK SANAYİ VE TİCARET A.Ş. - Genel Kurul İşlemlerine İlişkin Bildirim. Genel Kurul İşlemlerine İlişkin Bildirim 2025 Olağan Genel Kurul Tescili,https://www.kap.org.tr/tr/Bildirim/1613189,tr,2026-06-04T16:34:46+00:00,0.1257823201586957,0.7909820406794096,0.0832356391618946,neutral,-0.042546680996801
2026-06-04,INDES,KAP,İNDEKS BİLGİSAYAR SİSTEMLERİ MÜHENDİSLİK SANAYİ VE TİCARET A.Ş. - Bağımsız Denetim Kuruluşunun Belirlenmesi,İNDEKS BİLGİSAYAR SİSTEMLERİ MÜHENDİSLİK SANAYİ VE TİCARET A.Ş. - Bağımsız Denetim Kuruluşunun Belirlenmesi. Bağımsız Denetim Kuruluşunun Belirlenmesi Bağımsız Denetim Kuruluşunun Tescili,https://www.kap.org.tr/tr/Bildirim/1613190,tr,2026-06-04T16:34:55+00:00,0.0597374556862944,0.8564141334135963,0.0838484109001091,neutral,0.0241109552138146
2026-06-04,ISMEN,KAP,İŞ YATIRIM MENKUL DEĞERLER A.Ş. - Piyasa Yapıcılığı Kapsamında Gerçekleştirilen İşlemler Bildirimi,İŞ YATIRIM MENKUL DEĞERLER A.Ş. - Piyasa Yapıcılığı Kapsamında Gerçekleştirilen İşlemler Bildirimi. Piyasa Yapıcılığı Kapsamında Gerçekleştirilen İşlemler Bildirimi Borsa Yatırım Fonu Piyasa Yapıcılığı İşlemleri ISGLK,https://www.kap.org.tr/tr/Bildirim/1613057,tr,2026-06-04T13:45:52+00:00,0.1089235163408319,0.7776769728658276,0.1133995107933403,neutral,0.0044759944525084
2026-06-04,ISMEN,KAP,İŞ YATIRIM MENKUL DEĞERLER A.Ş. - Yatırım Kuruluşu Varant - Sertifika - Senetlerine İlişkin Bildirim,İŞ YATIRIM MENKUL DEĞERLER A.Ş. - Yatırım Kuruluşu Varant - Sertifika - Senetlerine İlişkin Bildirim. Yatırım Kuruluşu Varant - Sertifika - Senetlerine İlişkin Bildirim İş Yatırım Sertifika ve Varant Alım Satım İşlemleri,https://www.kap.org.tr/tr/Bildirim/1613063,tr,2026-06-04T13:48:27+00:00,0.0895846613283037,0.7899223826599613,0.1204929560117349,neutral,0.0309082946834312
2026-06-04,ISTFK,KAP,İSTANBUL FAKTORİNG A.Ş. - Pay Dışında Sermaye Piyasası Aracı İşlemlerine İlişkin Bildirim (Faiz İçeren),İSTANBUL FAKTORİNG A.Ş. - Pay Dışında Sermaye Piyasası Aracı İşlemlerine İlişkin Bildirim (Faiz İçeren). Pay Dışında Sermaye Piyasası Aracı İşlemlerine İlişkin Bildirim (Faiz İçeren) TRFIFAS92619 ISIN kodlu finansman bonosunun 1. Kupon Ödemesi,https://www.kap.org.tr/tr/Bildirim/1613060,tr,2026-06-04T13:46:28+00:00,0.0497442149239145,0.8868710497135799,0.0633847353625055,neutral,0.0136405204385909
2026-06-04,IYM,KAP,İŞ YATIRIM MENKUL DEĞERLER A.Ş. - Piyasa Yapıcılığı Kapsamında Gerçekleştirilen İşlemler Bildirimi,İŞ YATIRIM MENKUL DEĞERLER A.Ş. - Piyasa Yapıcılığı Kapsamında Gerçekleştirilen İşlemler Bildirimi. Piyasa Yapıcılığı Kapsamında Gerçekleştirilen İşlemler Bildirimi Borsa Yatırım Fonu Piyasa Yapıcılığı İşlemleri ISGLK,https://www.kap.org.tr/tr/Bildirim/1613057,tr,2026-06-04T13:45:52+00:00,0.1089235163408319,0.7776769728658276,0.1133995107933403,neutral,0.0044759944525084
2026-06-04,IYM,KAP,İŞ YATIRIM MENKUL DEĞERLER A.Ş. - Yatırım Kuruluşu Varant - Sertifika - Senetlerine İlişkin Bildirim,İŞ YATIRIM MENKUL DEĞERLER A.Ş. - Yatırım Kuruluşu Varant - Sertifika - Senetlerine İlişkin Bildirim. Yatırım Kuruluşu Varant - Sertifika - Senetlerine İlişkin Bildirim İş Yatırım Sertifika ve Varant Alım Satım İşlemleri,https://www.kap.org.tr/tr/Bildirim/1613063,tr,2026-06-04T13:48:27+00:00,0.0895846613283037,0.7899223826599613,0.1204929560117349,neutral,0.0309082946834312
2026-06-04,IZMDC,KAP,İZMİR DEMİR ÇELİK SANAYİ A.Ş. - Özel Durum Açıklaması (Genel),İZMİR DEMİR ÇELİK SANAYİ A.Ş. - Özel Durum Açıklaması (Genel). Özel Durum Açıklaması (Genel) Süresi İçinde Kaydileştirilmeyen Paylar Hakkında,https://www.kap.org.tr/tr/Bildirim/1613180,tr,2026-06-04T16:15:42+00:00,0.3569708927430509,0.5070048780663315,0.1360242291906175,neutral,-0.2209466635524333
2026-06-04,KCAER,KAP,KOCAER ÇELİK SANAYİ VE TİCARET A.Ş. - Genel Kurul İşlemlerine İlişkin Bildirim,KOCAER ÇELİK SANAYİ VE TİCARET A.Ş. - Genel Kurul İşlemlerine İlişkin Bildirim. Genel Kurul İşlemlerine İlişkin Bildirim 2025 Mali Yılına İlişkin Olağan Genel Kurul Toplantısı Sonucu,https://www.kap.org.tr/tr/Bildirim/1613105,tr,2026-06-04T14:24:22+00:00,0.130598991898413,0.7863448666489419,0.083056141452645,neutral,-0.047542850445768
2026-06-04,KCAER,KAP,KOCAER ÇELİK SANAYİ VE TİCARET A.Ş. - Bağımsız Denetim Kuruluşunun Belirlenmesi,KOCAER ÇELİK SANAYİ VE TİCARET A.Ş. - Bağımsız Denetim Kuruluşunun Belirlenmesi. Bağımsız Denetim Kuruluşunun Belirlenmesi Bağımsız Denetim Kuruluşunun Belirlenmesi,https://www.kap.org.tr/tr/Bildirim/1613107,tr,2026-06-04T14:24:56+00:00,0.0548149608565942,0.8754420406252345,0.0697429985181712,neutral,0.014928037661577
2026-06-04,KCAER,KAP,KOCAER ÇELİK SANAYİ VE TİCARET A.Ş. - Kar Payı Dağıtım İşlemlerine İlişkin Bildirim,KOCAER ÇELİK SANAYİ VE TİCARET A.Ş. - Kar Payı Dağıtım İşlemlerine İlişkin Bildirim. Kar Payı Dağıtım İşlemlerine İlişkin Bildirim Kar Payı Dağıtımına İlişkin Genel Kurul Onayı,https://www.kap.org.tr/tr/Bildirim/1613110,tr,2026-06-04T14:36:27+00:00,0.097102251572341,0.0530936860670454,0.8498040623606136,positive,0.7527018107882725
2026-06-04,KCAER,KAP,KOCAER ÇELİK SANAYİ VE TİCARET A.Ş. - Esas Sözleşme Tadili,KOCAER ÇELİK SANAYİ VE TİCARET A.Ş. - Esas Sözleşme Tadili. Esas Sözleşme Tadili Esas Sözleşme Tadilinin Genel kurulda Onaylanması,https://www.kap.org.tr/tr/Bildirim/1613111,tr,2026-06-04T14:36:53+00:00,0.1986837830493035,0.6223322471863024,0.178983969764394,neutral,-0.0196998132849094
2026-06-04,KCAER,KAP,KOCAER ÇELİK SANAYİ VE TİCARET A.Ş. - Bilgilendirme Politikası,KOCAER ÇELİK SANAYİ VE TİCARET A.Ş. - Bilgilendirme Politikası. Bilgilendirme Politikası Bilgilendirme Politikasının Güncellenmesi,https://www.kap.org.tr/tr/Bildirim/1613129,tr,2026-06-04T15:08:23+00:00,0.1483232555660919,0.6002139943768545,0.2514627500570536,neutral,0.1031394944909616
2026-06-04,KFILO,KAP,KAYATUR FİLO KİRALAMA A.Ş. - Pay Dışında Sermaye Piyasası Aracı İşlemlerine İlişkin Bildirim (Faiz İçeren),KAYATUR FİLO KİRALAMA A.Ş. - Pay Dışında Sermaye Piyasası Aracı İşlemlerine İlişkin Bildirim (Faiz İçeren). Pay Dışında Sermaye Piyasası Aracı İşlemlerine İlişkin Bildirim (Faiz İçeren) TRFKYTR62611- ISIN kodlu tahvilin 05.06.2026 tarihli ödemesine ait faiz bildirimidir,https://www.kap.org.tr/tr/Bildirim/1613225,tr,2026-06-04T17:02:37+00:00,0.0364804791120337,0.9065265517065652,0.0569929691814008,neutral,0.020512490069367
2026-06-04,KLGYO,KAP,KİLER GAYRİMENKUL YATIRIM ORTAKLIĞI A.Ş. - Kar Payı Dağıtım İşlemlerine İlişkin Bildirim,KİLER GAYRİMENKUL YATIRIM ORTAKLIĞI A.Ş. - Kar Payı Dağıtım İşlemlerine İlişkin Bildirim. Kar Payı Dağıtım İşlemlerine İlişkin Bildirim Kar Payı Dağıtım İşlemlerine İlişkin Bildirim,https://www.kap.org.tr/tr/Bildirim/1613353,tr,2026-06-04T21:22:59+00:00,0.1036328116983691,0.0512443860888592,0.8451228022127717,positive,0.7414899905144026
2026-06-04,KLGYO,KAP,KİLER GAYRİMENKUL YATIRIM ORTAKLIĞI A.Ş. - Genel Kurul İşlemlerine İlişkin Bildirim,KİLER GAYRİMENKUL YATIRIM ORTAKLIĞI A.Ş. - Genel Kurul İşlemlerine İlişkin Bildirim. Genel Kurul İşlemlerine İlişkin Bildirim Genel Kurul İşlemlerine İlişkin Bildirim,https://www.kap.org.tr/tr/Bildirim/1613354,tr,2026-06-04T21:23:38+00:00,0.0955429578463093,0.8469511089818607,0.0575059331718301,neutral,-0.0380370246744792
2026-06-04,KLGYO,KAP,KİLER GAYRİMENKUL YATIRIM ORTAKLIĞI A.Ş. - Özel Durum Açıklaması (Genel),KİLER GAYRİMENKUL YATIRIM ORTAKLIĞI A.Ş. - Özel Durum Açıklaması (Genel). Özel Durum Açıklaması (Genel) Yönetim Kurulu Üyelerinin Teklif edilmesi hakkında,https://www.kap.org.tr/tr/Bildirim/1613355,tr,2026-06-04T21:24:09+00:00,0.2302577664411823,0.6643831272507187,0.1053591063080988,neutral,-0.1248986601330834
2026-06-04,KLRHO,KAP,KİLER HOLDİNG A.Ş. - Kar Payı Dağıtım İşlemlerine İlişkin Bildirim,KİLER HOLDİNG A.Ş. - Kar Payı Dağıtım İşlemlerine İlişkin Bildirim. Kar Payı Dağıtım İşlemlerine İlişkin Bildirim Kar Payı Dağıtım İşlemlerine İlişkin Bildirim,https://www.kap.org.tr/tr/Bildirim/1613320,tr,2026-06-04T19:03:55+00:00,0.099959597650616,0.0296439662324204,0.8703964361169636,positive,0.7704368384663476
2026-06-04,KLRHO,KAP,KİLER HOLDİNG A.Ş. - Genel Kurul İşlemlerine İlişkin Bildirim,KİLER HOLDİNG A.Ş. - Genel Kurul İşlemlerine İlişkin Bildirim. Genel Kurul İşlemlerine İlişkin Bildirim Genel Kurul İşlemlerine İlişkin Bildirim,https://www.kap.org.tr/tr/Bildirim/1613322,tr,2026-06-04T19:06:48+00:00,0.1424592646444704,0.7692645608741029,0.0882761744814265,neutral,-0.0541830901630438
2026-06-04,KLRHO,KAP,KİLER HOLDİNG A.Ş. - Özel Durum Açıklaması (Genel),KİLER HOLDİNG A.Ş. - Özel Durum Açıklaması (Genel). Özel Durum Açıklaması (Genel) Bağış ve Yardım Politikasının Güncellenmesi,https://www.kap.org.tr/tr/Bildirim/1613323,tr,2026-06-04T19:07:11+00:00,0.3197220432440523,0.54419396792924,0.1360839888267077,neutral,-0.1836380544173446
2026-06-04,KLRHO,KAP,KİLER HOLDİNG A.Ş. - Özel Durum Açıklaması (Genel),KİLER HOLDİNG A.Ş. - Özel Durum Açıklaması (Genel). Özel Durum Açıklaması (Genel) Ücret Politikasının Güncellenmesi,https://www.kap.org.tr/tr/Bildirim/1613324,tr,2026-06-04T19:07:26+00:00,0.3378107082374012,0.5271667597154683,0.1350225320471305,neutral,-0.2027881761902706
2026-06-04,KLRHO,KAP,KİLER HOLDİNG A.Ş. - Bilgilendirme Politikası,KİLER HOLDİNG A.Ş. - Bilgilendirme Politikası. Bilgilendirme Politikası Bilgilendirme Politikasının Güncellenmesi,https://www.kap.org.tr/tr/Bildirim/1613325,tr,2026-06-04T19:07:55+00:00,0.19470447961561,0.5170784482399798,0.2882170721444101,neutral,0.0935125925288001
2026-06-04,KLRHO,KAP,KİLER HOLDİNG A.Ş. - Kar Dağıtım Politikası,KİLER HOLDİNG A.Ş. - Kar Dağıtım Politikası. Kar Dağıtım Politikası Kar Dağıtım Politikasının Güncellenmesi,https://www.kap.org.tr/tr/Bildirim/1613326,tr,2026-06-04T19:08:06+00:00,0.2148302074264984,0.3144244126467055,0.470745379926796,positive,0.2559151725002976
2026-06-04,KLRHO,KAP,KİLER HOLDİNG A.Ş. - Özel Durum Açıklaması (Genel),KİLER HOLDİNG A.Ş. - Özel Durum Açıklaması (Genel). Özel Durum Açıklaması (Genel) Sürdürülebilirlik raporu ve Güvence Denetimi firmasını seçimi,https://www.kap.org.tr/tr/Bildirim/1613327,tr,2026-06-04T19:08:48+00:00,0.284168538198638,0.5883710230014673,0.1274604387998947,neutral,-0.1567080993987433
2026-06-04,KLRHO,KAP,KİLER HOLDİNG A.Ş. - Özel Durum Açıklaması (Genel),KİLER HOLDİNG A.Ş. - Özel Durum Açıklaması (Genel). Özel Durum Açıklaması (Genel) Yönetim Kurulu Üyelerinin Teklif edilmesi hakkında,https://www.kap.org.tr/tr/Bildirim/1613328,tr,2026-06-04T19:09:05+00:00,0.3302861571427709,0.5194826871794418,0.1502311556777873,neutral,-0.1800550014649835
2026-06-04,KMPUR,KAP,KİMTEKS POLİÜRETAN SANAYİ VE TİCARET A.Ş. - Genel Kurul İşlemlerine İlişkin Bildirim,KİMTEKS POLİÜRETAN SANAYİ VE TİCARET A.Ş. - Genel Kurul İşlemlerine İlişkin Bildirim. Genel Kurul İşlemlerine İlişkin Bildirim 2025 Yılı Olağan Genel Kurul Toplantı Sonucu,https://www.kap.org.tr/tr/Bildirim/1613335,tr,2026-06-04T19:46:44+00:00,0.1147387396299841,0.7969778549405112,0.0882834054295045,neutral,-0.0264553342004796
2026-06-04,KMPUR,KAP,KİMTEKS POLİÜRETAN SANAYİ VE TİCARET A.Ş. - Kar Payı Dağıtım İşlemlerine İlişkin Bildirim,KİMTEKS POLİÜRETAN SANAYİ VE TİCARET A.Ş. - Kar Payı Dağıtım İşlemlerine İlişkin Bildirim. Kar Payı Dağıtım İşlemlerine İlişkin Bildirim 2025 Yılı Olağan Genel Kurul Toplantısı Kâr Payı Dağıtım Sonucu,https://www.kap.org.tr/tr/Bildirim/1613337,tr,2026-06-04T19:51:55+00:00,0.1348511494943644,0.0807760832653149,0.7843727672403207,positive,0.6495216177459563
2026-06-04,KMPUR,KAP,KİMTEKS POLİÜRETAN SANAYİ VE TİCARET A.Ş. - Bağımsız Denetim Kuruluşunun Belirlenmesi,KİMTEKS POLİÜRETAN SANAYİ VE TİCARET A.Ş. - Bağımsız Denetim Kuruluşunun Belirlenmesi. Bağımsız Denetim Kuruluşunun Belirlenmesi Bağımsız Denetim Kuruluşunun Genel Kurul Tarafından Onaylanması,https://www.kap.org.tr/tr/Bildirim/1613338,tr,2026-06-04T19:52:23+00:00,0.0798505619666421,0.8648863420014824,0.0552630960318755,neutral,-0.0245874659347666
2026-06-04,KMPUR,KAP,KİMTEKS POLİÜRETAN SANAYİ VE TİCARET A.Ş. - Özel Durum Açıklaması (Genel),KİMTEKS POLİÜRETAN SANAYİ VE TİCARET A.Ş. - Özel Durum Açıklaması (Genel). Özel Durum Açıklaması (Genel) Sürdürülebilirlik Raporunun Sınırlı Güvence Denetimine İlişkin Bağımsız Denetim Kuruluşu Seçiminin Genel Kurul Tarafından Onaylanması,https://www.kap.org.tr/tr/Bildirim/1613339,tr,2026-06-04T19:53:29+00:00,0.2458654878035976,0.6870262045924754,0.067108307603927,neutral,-0.1787571801996706
2026-06-04,KMPUR,KAP,KİMTEKS POLİÜRETAN SANAYİ VE TİCARET A.Ş. - Özel Durum Açıklaması (Genel),KİMTEKS POLİÜRETAN SANAYİ VE TİCARET A.Ş. - Özel Durum Açıklaması (Genel). Özel Durum Açıklaması (Genel) Yönetim Kurulu Üyelerinin Görev Dağılımı Hakkında,https://www.kap.org.tr/tr/Bildirim/1613340,tr,2026-06-04T19:54:58+00:00,0.242373075688925,0.6370257649254096,0.1206011593856653,neutral,-0.1217719163032596
2026-06-04,KMPUR,KAP,KİMTEKS POLİÜRETAN SANAYİ VE TİCARET A.Ş. - Yönetim Kurulu Komiteleri,KİMTEKS POLİÜRETAN SANAYİ VE TİCARET A.Ş. - Yönetim Kurulu Komiteleri. Yönetim Kurulu Komiteleri Yönetim Kurulu Komitelerinin Oluşturulması Hakkında,https://www.kap.org.tr/tr/Bildirim/1613341,tr,2026-06-04T19:57:27+00:00,0.1839668763946583,0.6150944625509641,0.2009386610543774,neutral,0.0169717846597191
2026-06-04,KOCFN,KAP,KOÇ FİNANSMAN A.Ş. - Pay Dışında Sermaye Piyasası Aracı İşlemlerine İlişkin Bildirim (Faiz İçeren),KOÇ FİNANSMAN A.Ş. - Pay Dışında Sermaye Piyasası Aracı İşlemlerine İlişkin Bildirim (Faiz İçeren). Pay Dışında Sermaye Piyasası Aracı İşlemlerine İlişkin Bildirim (Faiz İçeren) TRSKCTFA2711 ISIN Kodlu Tahvil İhracı,https://www.kap.org.tr/tr/Bildirim/1612838,tr,2026-06-04T09:36:38+00:00,0.038387595892452,0.910951551132906,0.0506608529746419,neutral,0.0122732570821898
2026-06-04,KONTR,KAP,KONTROLMATİK TEKNOLOJİ ENERJİ VE MÜHENDİSLİK A.Ş. - Genel Kurul İşlemlerine İlişkin Bildirim,KONTROLMATİK TEKNOLOJİ ENERJİ VE MÜHENDİSLİK A.Ş. - Genel Kurul İşlemlerine İlişkin Bildirim. Genel Kurul İşlemlerine İlişkin Bildirim 2025 Yılı Olağan Genel Kurul Toplantısının Ertelenmesi Hakkında,https://www.kap.org.tr/tr/Bildirim/1613273,tr,2026-06-04T17:50:00+00:00,0.2122464058903216,0.6781747541702935,0.1095788399393847,neutral,-0.1026675659509369
2026-06-04,KONTR,KAP,KONTROLMATİK TEKNOLOJİ ENERJİ VE MÜHENDİSLİK A.Ş. - Pay Dışında Sermaye Piyasası Aracı İşlemlerine İlişkin Bildirim (Faiz İçeren),KONTROLMATİK TEKNOLOJİ ENERJİ VE MÜHENDİSLİK A.Ş. - Pay Dışında Sermaye Piyasası Aracı İşlemlerine İlişkin Bildirim (Faiz İçeren). Pay Dışında Sermaye Piyasası Aracı İşlemlerine İlişkin Bildirim (Faiz İçeren) TRSKNTR32719 ISIN kodlu Tahvile İlişkin Kupon Oranının Açıklanması,https://www.kap.org.tr/tr/Bildirim/1613274,tr,2026-06-04T17:50:15+00:00,0.0374651259282073,0.9000373112374438,0.0624975628343487,neutral,0.0250324369061414
2026-06-04,KONTR,KAP,KONTROLMATİK TEKNOLOJİ ENERJİ VE MÜHENDİSLİK A.Ş. - Pay Dışında Sermaye Piyasası Aracı İşlemlerine İlişkin Bildirim (Faiz İçeren),KONTROLMATİK TEKNOLOJİ ENERJİ VE MÜHENDİSLİK A.Ş. - Pay Dışında Sermaye Piyasası Aracı İşlemlerine İlişkin Bildirim (Faiz İçeren). Pay Dışında Sermaye Piyasası Aracı İşlemlerine İlişkin Bildirim (Faiz İçeren) TRFKNTR92611 ISIN Kodlu Finansman Bonosunun Kupon Oranının Açıklanması,https://www.kap.org.tr/tr/Bildirim/1613275,tr,2026-06-04T17:52:49+00:00,0.0435667148880335,0.886877949030893,0.0695553360810734,neutral,0.0259886211930399
2026-06-04,KRVGD,KAP,KERVAN GIDA SANAYİ VE TİCARET A.Ş. - Özel Durum Açıklaması (Genel),KERVAN GIDA SANAYİ VE TİCARET A.Ş. - Özel Durum Açıklaması (Genel). Özel Durum Açıklaması (Genel) Bağlı Ortaklığımız Kervan USA LLC?nin ABD Gümrük Vergisi İadeleri Hk.,https://www.kap.org.tr/tr/Bildirim/1613056,tr,2026-06-04T13:44:28+00:00,0.2507043773116715,0.6263338774805788,0.1229617452077497,neutral,-0.1277426321039217
2026-06-04,KTSVK,KAP,KT SUKUK VARLIK KİRALAMA A.Ş. - Pay Dışında Sermaye Piyasası Aracı İşlemlerine İlişkin Bildirim (Faizsiz),KT SUKUK VARLIK KİRALAMA A.Ş. - Pay Dışında Sermaye Piyasası Aracı İşlemlerine İlişkin Bildirim (Faizsiz). Pay Dışında Sermaye Piyasası Aracı İşlemlerine İlişkin Bildirim (Faizsiz) TRDKTSKE26D0 ISIN Kodlu Yurtiçi Kira Sertifikası İhracının Nitelikli Yatırımcıya Satışının Tamamlanması Hk SUKKR,https://www.kap.org.tr/tr/Bildirim/1612826,tr,2026-06-04T09:03:13+00:00,0.0529658567772439,0.8729640802743721,0.074070062948384,neutral,0.02110420617114
2026-06-04,KTSVK,KAP,KT SUKUK VARLIK KİRALAMA A.Ş. - Pay Dışında Sermaye Piyasası Aracı İşlemlerine İlişkin Bildirim (Faizsiz),KT SUKUK VARLIK KİRALAMA A.Ş. - Pay Dışında Sermaye Piyasası Aracı İşlemlerine İlişkin Bildirim (Faizsiz). Pay Dışında Sermaye Piyasası Aracı İşlemlerine İlişkin Bildirim (Faizsiz) TRDKTSKE26C2 ISIN Kodlu Yurtiçi Kira Sertifikası İhracının Nitelikli Yatırımcıya Satışının Tamamlanması SUKKR,https://www.kap.org.tr/tr/Bildirim/1612827,tr,2026-06-04T09:03:24+00:00,0.0521693837272237,0.8771230021226882,0.0707076141500879,neutral,0.0185382304228642
2026-06-04,KUYAS,KAP,KUYAŞ YATIRIM A.Ş. - Genel Kurul İşlemlerine İlişkin Bildirim,KUYAŞ YATIRIM A.Ş. - Genel Kurul İşlemlerine İlişkin Bildirim. Genel Kurul İşlemlerine İlişkin Bildirim 29.06.2026 Tarihinde Yapılacak Olağan Genel Kurula Davet Çağrısı ve Genel Kurul Gündemi hk.,https://www.kap.org.tr/tr/Bildirim/1613360,tr,2026-06-04T21:55:11+00:00,0.1993298192180706,0.7008377276480413,0.0998324531338882,neutral,-0.0994973660841824
2026-06-04,KUYAS,KAP,KUYAŞ YATIRIM A.Ş. - Kar Payı Dağıtım İşlemlerine İlişkin Bildirim,KUYAŞ YATIRIM A.Ş. - Kar Payı Dağıtım İşlemlerine İlişkin Bildirim. Kar Payı Dağıtım İşlemlerine İlişkin Bildirim Kar Payı Dağıtımı Yapılmaması,https://www.kap.org.tr/tr/Bildirim/1613369,tr,2026-06-04T22:33:15+00:00,0.1016484588267401,0.0227588958139437,0.8755926453593161,positive,0.773944186532576
2026-06-04,LIDFA,KAP,LİDER FAKTORİNG A.Ş. - Pay Dışında Sermaye Piyasası Aracı İşlemlerine İlişkin Bildirim (Faiz İçeren),LİDER FAKTORİNG A.Ş. - Pay Dışında Sermaye Piyasası Aracı İşlemlerine İlişkin Bildirim (Faiz İçeren). Pay Dışında Sermaye Piyasası Aracı İşlemlerine İlişkin Bildirim (Faiz İçeren) TRFLDFK62617 ISIN Kodlu Bono Kupon Oranı,https://www.kap.org.tr/tr/Bildirim/1613184,tr,2026-06-04T16:25:04+00:00,0.0449032244608753,0.8894587788116509,0.0656379967274739,neutral,0.0207347722665985
2026-06-04,LRSHO,KAP,LORAS HOLDİNG A.Ş. - Genel Kurul İşlemlerine İlişkin Bildirim,"LORAS HOLDİNG A.Ş. - Genel Kurul İşlemlerine İlişkin Bildirim. Genel Kurul İşlemlerine İlişkin Bildirim 2025 yılı Olağan Genel Kurul Toplantısının, Toplantı Nisabının Sağlanamaması Nedeniyle Ertelenmesi Hk.",https://www.kap.org.tr/tr/Bildirim/1613002,tr,2026-06-04T11:37:44+00:00,0.1864028434499487,0.7149488801955564,0.0986482763544949,neutral,-0.0877545670954538
2026-06-04,LRSHO,KAP,LORAS HOLDİNG A.Ş. - Genel Kurul İşlemlerine İlişkin Bildirim,LORAS HOLDİNG A.Ş. - Genel Kurul İşlemlerine İlişkin Bildirim. Genel Kurul İşlemlerine İlişkin Bildirim 04.06.2026 Tarihinde Ertelenen Olağan Genel Kurul 2.Toplantı Çağrısı Hk.,https://www.kap.org.tr/tr/Bildirim/1613312,tr,2026-06-04T18:44:11+00:00,0.1868538509768793,0.7102076836497585,0.1029384653733621,neutral,-0.0839153856035172
2026-06-04,MEDTR,KAP,MEDİTERA TIBBİ MALZEME SANAYİ VE TİCARET A.Ş. - İhale Süreci / Sonucu,MEDİTERA TIBBİ MALZEME SANAYİ VE TİCARET A.Ş. - İhale Süreci / Sonucu. İhale Süreci / Sonucu İzmir Atatürk Eğitim ve Araştırma Hastanesi İhalesi Hakkında,https://www.kap.org.tr/tr/Bildirim/1613014,tr,2026-06-04T12:44:32+00:00,0.0896804274905046,0.2168401444519193,0.6934794280575759,positive,0.6037990005670713
2026-06-04,MEDTR,KAP,MEDİTERA TIBBİ MALZEME SANAYİ VE TİCARET A.Ş. - İhale Süreci / Sonucu,MEDİTERA TIBBİ MALZEME SANAYİ VE TİCARET A.Ş. - İhale Süreci / Sonucu. İhale Süreci / Sonucu Isparta İl Sağlık Müdürlüğü İhalesi Hakkında,https://www.kap.org.tr/tr/Bildirim/1613229,tr,2026-06-04T17:06:04+00:00,0.0863594667597845,0.2135739065433736,0.7000666266968417,positive,0.6137071599370572
2026-06-04,MEKMD,KAP,MEKSA YATIRIM MENKUL DEĞERLER A.Ş. - Pay Dışında Sermaye Piyasası Aracı İşlemlerine İlişkin Bildirim (Faiz İçeren),MEKSA YATIRIM MENKUL DEĞERLER A.Ş. - Pay Dışında Sermaye Piyasası Aracı İşlemlerine İlişkin Bildirim (Faiz İçeren). Pay Dışında Sermaye Piyasası Aracı İşlemlerine İlişkin Bildirim (Faiz İçeren) Finansman Bonosu İhracı,https://www.kap.org.tr/tr/Bildirim/1612938,tr,2026-06-04T10:10:34+00:00,0.0318579539927183,0.9259413507828052,0.0422006952244764,neutral,0.0103427412317581
2026-06-04,MERCN,KAP,MERCAN KİMYA SANAYİ VE TİCARET A.Ş. - Payların Geri Alınmasına İlişkin Bildirim,MERCAN KİMYA SANAYİ VE TİCARET A.Ş. - Payların Geri Alınmasına İlişkin Bildirim. Payların Geri Alınmasına İlişkin Bildirim 04.06.2026 Tarihli Pay Geri Alım İşlemleri,https://www.kap.org.tr/tr/Bildirim/1613301,tr,2026-06-04T18:20:39+00:00,0.0485379966274092,0.1193081347876965,0.8321538685848943,positive,0.783615871957485
2026-06-04,MSA,KAP,MEKSA YATIRIM MENKUL DEĞERLER A.Ş. - Pay Dışında Sermaye Piyasası Aracı İşlemlerine İlişkin Bildirim (Faiz İçeren),MEKSA YATIRIM MENKUL DEĞERLER A.Ş. - Pay Dışında Sermaye Piyasası Aracı İşlemlerine İlişkin Bildirim (Faiz İçeren). Pay Dışında Sermaye Piyasası Aracı İşlemlerine İlişkin Bildirim (Faiz İçeren) Finansman Bonosu İhracı,https://www.kap.org.tr/tr/Bildirim/1612938,tr,2026-06-04T10:10:34+00:00,0.0318579539927183,0.9259413507828052,0.0422006952244764,neutral,0.0103427412317581
2026-06-04,MSY,KAP,MİSYON YATIRIM BANKASI A.Ş. - Pay Dışında Sermaye Piyasası Aracı İşlemlerine İlişkin Bildirim (Faiz İçeren),MİSYON YATIRIM BANKASI A.Ş. - Pay Dışında Sermaye Piyasası Aracı İşlemlerine İlişkin Bildirim (Faiz İçeren). Pay Dışında Sermaye Piyasası Aracı İşlemlerine İlişkin Bildirim (Faiz İçeren) FİNANSMAN BONOSU İHRACI ISIN: TRFMSYN62717,https://www.kap.org.tr/tr/Bildirim/1612982,tr,2026-06-04T11:18:35+00:00,0.0339675465534976,0.9182104597533264,0.0478219936931757,neutral,0.0138544471396781
2026-06-04,MSYBN,KAP,MİSYON YATIRIM BANKASI A.Ş. - Pay Dışında Sermaye Piyasası Aracı İşlemlerine İlişkin Bildirim (Faiz İçeren),MİSYON YATIRIM BANKASI A.Ş. - Pay Dışında Sermaye Piyasası Aracı İşlemlerine İlişkin Bildirim (Faiz İçeren). Pay Dışında Sermaye Piyasası Aracı İşlemlerine İlişkin Bildirim (Faiz İçeren) FİNANSMAN BONOSU İHRACI ISIN: TRFMSYN62717,https://www.kap.org.tr/tr/Bildirim/1612982,tr,2026-06-04T11:18:35+00:00,0.0339675465534976,0.9182104597533264,0.0478219936931757,neutral,0.0138544471396781
2026-06-04,NTHOL,KAP,NET HOLDİNG A.Ş. - Payların Geri Alınmasına İlişkin Bildirim,NET HOLDİNG A.Ş. - Payların Geri Alınmasına İlişkin Bildirim. Payların Geri Alınmasına İlişkin Bildirim Şirketimizin kendi paylarının geri alımı hakkında,https://www.kap.org.tr/tr/Bildirim/1613317,tr,2026-06-04T18:54:24+00:00,0.0697202414369322,0.1082927533160436,0.821987005247024,positive,0.7522667638100917
2026-06-04,NTHOL,KAP,NET HOLDİNG A.Ş. - Pay Alım Satım Bildirimi,NET HOLDİNG A.Ş. - Pay Alım Satım Bildirimi. Pay Alım Satım Bildirimi Şirketimizin MERİT paylarının alışı hk. MERIT,https://www.kap.org.tr/tr/Bildirim/1613318,tr,2026-06-04T18:54:34+00:00,0.2202004410039471,0.5381626938246482,0.2416368651714047,neutral,0.0214364241674576
2026-06-04,OFSYM,KAP,OFİS YEM GIDA SANAYİ TİCARET A.Ş. - Özel Durum Açıklaması (Genel),OFİS YEM GIDA SANAYİ TİCARET A.Ş. - Özel Durum Açıklaması (Genel). Özel Durum Açıklaması (Genel) Yatırımcı İlişkileri Müdürü Ataması,https://www.kap.org.tr/tr/Bildirim/1613282,tr,2026-06-04T18:09:44+00:00,0.2680705710092966,0.624750764087721,0.1071786649029822,neutral,-0.1608919061063144
2026-06-04,OFSYM,KAP,OFİS YEM GIDA SANAYİ TİCARET A.Ş. - Şirket Genel Bilgi Formu,OFİS YEM GIDA SANAYİ TİCARET A.Ş. - Şirket Genel Bilgi Formu. Şirket Genel Bilgi Formu,https://www.kap.org.tr/tr/Bildirim/1613283,tr,2026-06-04T18:10:12+00:00,0.0944433018898034,0.8093055529690641,0.0962511451411324,neutral,0.0018078432513289
2026-06-04,OFSYM,KAP,OFİS YEM GIDA SANAYİ TİCARET A.Ş. - Kurumsal Yönetim Bilgi Formu (Güncelleme) - Yönetim Kurulu-2,OFİS YEM GIDA SANAYİ TİCARET A.Ş. - Kurumsal Yönetim Bilgi Formu (Güncelleme) - Yönetim Kurulu-2. Kurumsal Yönetim Bilgi Formu (Güncelleme) - Yönetim Kurulu-2 Yönetim Kurulu Komiteleri (Güncelleme),https://www.kap.org.tr/tr/Bildirim/1613286,tr,2026-06-04T18:10:43+00:00,0.169236872512772,0.6621618580871932,0.1686012694000347,neutral,-0.0006356031127373
2026-06-04,OSVKS,KAP,OSMANLI VARLIK KİRALAMA A.Ş. - Pay Dışında Sermaye Piyasası Aracı İşlemlerine İlişkin Bildirim (Faizsiz),OSMANLI VARLIK KİRALAMA A.Ş. - Pay Dışında Sermaye Piyasası Aracı İşlemlerine İlişkin Bildirim (Faizsiz). Pay Dışında Sermaye Piyasası Aracı İşlemlerine İlişkin Bildirim (Faizsiz) TRDOSMV92614 ISIN Kodlu İhracın Kupon Kar Payı/Getiri Oranının Belirlenmesi,https://www.kap.org.tr/tr/Bildirim/1613253,tr,2026-06-04T17:26:37+00:00,0.0594266163180946,0.8371132067010739,0.1034601769808315,neutral,0.0440335606627368
2026-06-04,OSVKS,KAP,OSMANLI VARLIK KİRALAMA A.Ş. - Pay Dışında Sermaye Piyasası Aracı İşlemlerine İlişkin Bildirim (Faizsiz),OSMANLI VARLIK KİRALAMA A.Ş. - Pay Dışında Sermaye Piyasası Aracı İşlemlerine İlişkin Bildirim (Faizsiz). Pay Dışında Sermaye Piyasası Aracı İşlemlerine İlişkin Bildirim (Faizsiz) TRDOSMV32818 ISIN Kodlu İhracın Kupon Kar Payı/Getiri Oranının Belirlenmesi,https://www.kap.org.tr/tr/Bildirim/1613258,tr,2026-06-04T17:28:59+00:00,0.0594266163180946,0.8371132067010739,0.1034601769808315,neutral,0.0440335606627368
2026-06-04,OSVKS,KAP,OSMANLI VARLIK KİRALAMA A.Ş. - Pay Dışında Sermaye Piyasası Aracı İşlemlerine İlişkin Bildirim (Faizsiz),OSMANLI VARLIK KİRALAMA A.Ş. - Pay Dışında Sermaye Piyasası Aracı İşlemlerine İlişkin Bildirim (Faizsiz). Pay Dışında Sermaye Piyasası Aracı İşlemlerine İlişkin Bildirim (Faizsiz) TRDOSMV32719 ISIN Kodlu İhracın Kupon Kar Payı/Getiri Oranının Belirlenmesi,https://www.kap.org.tr/tr/Bildirim/1613260,tr,2026-06-04T17:30:39+00:00,0.0594266163180946,0.8371132067010739,0.1034601769808315,neutral,0.0440335606627368
2026-06-04,OYA,KAP,OYAK YATIRIM MENKUL DEĞERLER A.Ş. - Piyasa Yapıcılığı Kapsamında Gerçekleştirilen İşlemler Bildirimi,OYAK YATIRIM MENKUL DEĞERLER A.Ş. - Piyasa Yapıcılığı Kapsamında Gerçekleştirilen İşlemler Bildirimi. Piyasa Yapıcılığı Kapsamında Gerçekleştirilen İşlemler Bildirimi 04/06/2026 TARİHLİ OYAYO PİYASA YAPICILIĞI İŞLEMLERİ OYAYO,https://www.kap.org.tr/tr/Bildirim/1613311,tr,2026-06-04T18:31:24+00:00,0.095279907942303,0.7966907266589754,0.1080293653987215,neutral,0.0127494574564184
2026-06-04,OYAYO,KAP,OYAK YATIRIM ORTAKLIĞI A.Ş. - Özel Durum Açıklaması (Genel),"OYAK YATIRIM ORTAKLIĞI A.Ş. - Özel Durum Açıklaması (Genel). Özel Durum Açıklaması (Genel) Ortaklık paylarının BİAŞ'ta oluşan ağırlıklı ortalama fiyatının, pay başına net aktif değerinin 2 katını aşması hakkında",https://www.kap.org.tr/tr/Bildirim/1613015,tr,2026-06-04T12:45:31+00:00,0.172150023290422,0.7267236126269396,0.1011263640826383,neutral,-0.0710236592077837
2026-06-04,OYLUM,KAP,OYLUM SINAİ YATIRIMLAR A.Ş. - Genel Kurul İşlemlerine İlişkin Bildirim,OYLUM SINAİ YATIRIMLAR A.Ş. - Genel Kurul İşlemlerine İlişkin Bildirim. Genel Kurul İşlemlerine İlişkin Bildirim 2025 Yılı Olağan Genel Kurul Toplantısı Sonucu,https://www.kap.org.tr/tr/Bildirim/1613321,tr,2026-06-04T19:06:19+00:00,0.2027139975517597,0.7020760528119566,0.0952099496362837,neutral,-0.107504047915476
2026-06-04,OYLUM,KAP,OYLUM SINAİ YATIRIMLAR A.Ş. - Kar Payı Dağıtım İşlemlerine İlişkin Bildirim,OYLUM SINAİ YATIRIMLAR A.Ş. - Kar Payı Dağıtım İşlemlerine İlişkin Bildirim. Kar Payı Dağıtım İşlemlerine İlişkin Bildirim 2025 Yılı Olağan Genel Kurulu Kar Payı Dağıtım Kararı Sonucu,https://www.kap.org.tr/tr/Bildirim/1613331,tr,2026-06-04T19:10:30+00:00,0.1327295422085963,0.031864483771678,0.8354059740197256,positive,0.7026764318111293
2026-06-04,OYLUM,KAP,OYLUM SINAİ YATIRIMLAR A.Ş. - Bağımsız Denetim Kuruluşunun Belirlenmesi,OYLUM SINAİ YATIRIMLAR A.Ş. - Bağımsız Denetim Kuruluşunun Belirlenmesi. Bağımsız Denetim Kuruluşunun Belirlenmesi Bağımsız Denetim Kuruluşunun Belirlenmesi,https://www.kap.org.tr/tr/Bildirim/1613332,tr,2026-06-04T19:15:13+00:00,0.0808975098989302,0.8357792016631276,0.0833232884379422,neutral,0.002425778539012
2026-06-04,OYYAT,KAP,OYAK YATIRIM MENKUL DEĞERLER A.Ş. - Piyasa Yapıcılığı Kapsamında Gerçekleştirilen İşlemler Bildirimi,OYAK YATIRIM MENKUL DEĞERLER A.Ş. - Piyasa Yapıcılığı Kapsamında Gerçekleştirilen İşlemler Bildirimi. Piyasa Yapıcılığı Kapsamında Gerçekleştirilen İşlemler Bildirimi 04/06/2026 TARİHLİ OYAYO PİYASA YAPICILIĞI İŞLEMLERİ OYAYO,https://www.kap.org.tr/tr/Bildirim/1613311,tr,2026-06-04T18:31:24+00:00,0.095279907942303,0.7966907266589754,0.1080293653987215,neutral,0.0127494574564184
2026-06-04,PBT,KAP,PASHA YATIRIM BANKASI A.Ş. - Pay Dışında Sermaye Piyasası Aracı İşlemlerine İlişkin Bildirim (Faiz İçeren),PASHA YATIRIM BANKASI A.Ş. - Pay Dışında Sermaye Piyasası Aracı İşlemlerine İlişkin Bildirim (Faiz İçeren). Pay Dışında Sermaye Piyasası Aracı İşlemlerine İlişkin Bildirim (Faiz İçeren) Yeşil Bono Satışının tamamlanması,https://www.kap.org.tr/tr/Bildirim/1612843,tr,2026-06-04T09:47:53+00:00,0.0351675636246994,0.9156738673830472,0.049158568992253,neutral,0.0139910053675535
2026-06-04,PBT,KAP,PASHA YATIRIM BANKASI A.Ş. - Pay Dışında Sermaye Piyasası Aracı İşlemlerine İlişkin Bildirim (Faiz İçeren),PASHA YATIRIM BANKASI A.Ş. - Pay Dışında Sermaye Piyasası Aracı İşlemlerine İlişkin Bildirim (Faiz İçeren). Pay Dışında Sermaye Piyasası Aracı İşlemlerine İlişkin Bildirim (Faiz İçeren) PASHA Yatırım Bankası Bono İtfası,https://www.kap.org.tr/tr/Bildirim/1613218,tr,2026-06-04T16:54:07+00:00,0.0386869888205419,0.9086038281998672,0.0527091829795908,neutral,0.0140221941590489
2026-06-04,PBTR,KAP,PASHA YATIRIM BANKASI A.Ş. - Pay Dışında Sermaye Piyasası Aracı İşlemlerine İlişkin Bildirim (Faiz İçeren),PASHA YATIRIM BANKASI A.Ş. - Pay Dışında Sermaye Piyasası Aracı İşlemlerine İlişkin Bildirim (Faiz İçeren). Pay Dışında Sermaye Piyasası Aracı İşlemlerine İlişkin Bildirim (Faiz İçeren) Yeşil Bono Satışının tamamlanması,https://www.kap.org.tr/tr/Bildirim/1612843,tr,2026-06-04T09:47:53+00:00,0.0351675636246994,0.9156738673830472,0.049158568992253,neutral,0.0139910053675535
2026-06-04,PBTR,KAP,PASHA YATIRIM BANKASI A.Ş. - Pay Dışında Sermaye Piyasası Aracı İşlemlerine İlişkin Bildirim (Faiz İçeren),PASHA YATIRIM BANKASI A.Ş. - Pay Dışında Sermaye Piyasası Aracı İşlemlerine İlişkin Bildirim (Faiz İçeren). Pay Dışında Sermaye Piyasası Aracı İşlemlerine İlişkin Bildirim (Faiz İçeren) PASHA Yatırım Bankası Bono İtfası,https://www.kap.org.tr/tr/Bildirim/1613218,tr,2026-06-04T16:54:07+00:00,0.0386869888205419,0.9086038281998672,0.0527091829795908,neutral,0.0140221941590489
2026-06-04,PEKGY,KAP,PEKER GAYRİMENKUL YATIRIM ORTAKLIĞI A.Ş. - Finansal Tablo ve-veya Dipnot Değişikliği,PEKER GAYRİMENKUL YATIRIM ORTAKLIĞI A.Ş. - Finansal Tablo ve-veya Dipnot Değişikliği. Finansal Tablo ve-veya Dipnot Değişikliği Finansal Tablo Dipnot Düzeltme,https://www.kap.org.tr/tr/Bildirim/1613037,tr,2026-06-04T13:32:01+00:00,0.1654712716388464,0.6635716784906255,0.170957049870528,neutral,0.0054857782316816
2026-06-04,PEKGY,KAP,PEKER GAYRİMENKUL YATIRIM ORTAKLIĞI A.Ş. - Finansal Rapor,PEKER GAYRİMENKUL YATIRIM ORTAKLIĞI A.Ş. - Finansal Rapor. Finansal Rapor,https://www.kap.org.tr/tr/Bildirim/1613303,tr,2026-06-04T18:22:23+00:00,0.1011735055938123,0.7707957127351248,0.1280307816710628,neutral,0.0268572760772504
2026-06-04,PNSUT,KAP,PINAR SÜT MAMÜLLERİ SANAYİİ A.Ş. - Pay Dışında Sermaye Piyasası Aracı İşlemlerine İlişkin Bildirim (Faiz İçeren),PINAR SÜT MAMÜLLERİ SANAYİİ A.Ş. - Pay Dışında Sermaye Piyasası Aracı İşlemlerine İlişkin Bildirim (Faiz İçeren). Pay Dışında Sermaye Piyasası Aracı İşlemlerine İlişkin Bildirim (Faiz İçeren) Nitelikli Yatırımcılara Satılmak Üzere Finansman Bonosu İhracı,https://www.kap.org.tr/tr/Bildirim/1612992,tr,2026-06-04T11:25:28+00:00,0.0376279300471777,0.9108249424409276,0.0515471275118946,neutral,0.0139191974647168
2026-06-04,PNSUT,KAP,PINAR SÜT MAMÜLLERİ SANAYİİ A.Ş. - Pay Dışında Sermaye Piyasası Aracı İşlemlerine İlişkin Bildirim (Faiz İçeren),PINAR SÜT MAMÜLLERİ SANAYİİ A.Ş. - Pay Dışında Sermaye Piyasası Aracı İşlemlerine İlişkin Bildirim (Faiz İçeren). Pay Dışında Sermaye Piyasası Aracı İşlemlerine İlişkin Bildirim (Faiz İçeren) TRFPNST62629 ISIN Kodlu Finansman Bonosunun İtfası,https://www.kap.org.tr/tr/Bildirim/1613151,tr,2026-06-04T15:30:20+00:00,0.03797876164597,0.9081374875846664,0.0538837507693637,neutral,0.0159049891233937
2026-06-04,POLHO,KAP,POLİSAN HOLDİNG A.Ş. - Özel Durum Açıklaması (Genel),POLİSAN HOLDİNG A.Ş. - Özel Durum Açıklaması (Genel). Özel Durum Açıklaması (Genel) Yönetici Sorumluluk Sigortasının Yenilenmesi,https://www.kap.org.tr/tr/Bildirim/1613294,tr,2026-06-04T18:16:05+00:00,0.3323982412647004,0.5308546438960202,0.1367471148392794,neutral,-0.1956511264254209
2026-06-04,QNBTR,KAP,QNB BANK A.Ş. - Pay Dışında Sermaye Piyasası Aracı İşlemlerine İlişkin Bildirim (Faiz İçeren),QNB BANK A.Ş. - Pay Dışında Sermaye Piyasası Aracı İşlemlerine İlişkin Bildirim (Faiz İçeren). Pay Dışında Sermaye Piyasası Aracı İşlemlerine İlişkin Bildirim (Faiz İçeren) MTN programı kapsamında yurtdışında ihraç edilen borçlanma aracının ihracı,https://www.kap.org.tr/tr/Bildirim/1613277,tr,2026-06-04T17:56:35+00:00,0.0463639491848416,0.8924713072599151,0.0611647435552432,neutral,0.0148007943704016
2026-06-04,QNBTR,KAP,QNB BANK A.Ş. - Pay Dışında Sermaye Piyasası Aracı İşlemlerine İlişkin Bildirim (Faiz İçeren),QNB BANK A.Ş. - Pay Dışında Sermaye Piyasası Aracı İşlemlerine İlişkin Bildirim (Faiz İçeren). Pay Dışında Sermaye Piyasası Aracı İşlemlerine İlişkin Bildirim (Faiz İçeren) MTN programı kapsamında yurtdışında ihraç edilen borçlanma aracının itfası,https://www.kap.org.tr/tr/Bildirim/1613278,tr,2026-06-04T17:56:59+00:00,0.0467073314689925,0.8916711032431265,0.0616215652878811,neutral,0.0149142338188886
2026-06-04,QNBTR,KAP,QNB BANK A.Ş. - Özel Durum Açıklaması (Genel),QNB BANK A.Ş. - Özel Durum Açıklaması (Genel). Özel Durum Açıklaması (Genel) Bankamızca sürdürülebilirlik bağlantılı sendikasyon kredisi temin edilmesi hk,https://www.kap.org.tr/tr/Bildirim/1613292,tr,2026-06-04T18:15:13+00:00,0.3483529635920183,0.5119385893461831,0.1397084470617987,neutral,-0.2086445165302196
2026-06-04,RGYAS,KAP,RÖNESANS GAYRİMENKUL YATIRIM A.Ş. - Özel Durum Açıklaması (Genel),RÖNESANS GAYRİMENKUL YATIRIM A.Ş. - Özel Durum Açıklaması (Genel). Özel Durum Açıklaması (Genel) Müşterek Yönetime Tabi Ortaklığımızın Paylarının Alımı Hk.,https://www.kap.org.tr/tr/Bildirim/1612839,tr,2026-06-04T09:45:45+00:00,0.2793403348907337,0.6072569399028418,0.1134027252064243,neutral,-0.1659376096843093
2026-06-04,SASA,KAP,SASA POLYESTER SANAYİ A.Ş. - Sermaye Artırımı - Azaltımı İşlemlerine İlişkin Bildirim,SASA POLYESTER SANAYİ A.Ş. - Sermaye Artırımı - Azaltımı İşlemlerine İlişkin Bildirim. Sermaye Artırımı - Azaltımı İşlemlerine İlişkin Bildirim Şarta bağlı sermaye artırımı tescili,https://www.kap.org.tr/tr/Bildirim/1613299,tr,2026-06-04T18:20:12+00:00,0.1197964103487131,0.2501815322509498,0.630022057400337,positive,0.5102256470516239
2026-06-04,SAYAS,KAP,SAY YENİLENEBİLİR ENERJİ EKİPMANLARI SANAYİ VE TİCARET A.Ş. - Özel Durum Açıklaması (Genel),SAY YENİLENEBİLİR ENERJİ EKİPMANLARI SANAYİ VE TİCARET A.Ş. - Özel Durum Açıklaması (Genel). Özel Durum Açıklaması (Genel) Kurumlar Vergisi İnceleme Sonucu,https://www.kap.org.tr/tr/Bildirim/1613333,tr,2026-06-04T19:34:06+00:00,0.2297176885999992,0.5530919497312318,0.2171903616687691,neutral,-0.0125273269312301
2026-06-04,SMRFA,KAP,SÜMER FAKTORİNG A.Ş. - Pay Dışında Sermaye Piyasası Aracı İşlemlerine İlişkin Bildirim (Faiz İçeren),SÜMER FAKTORİNG A.Ş. - Pay Dışında Sermaye Piyasası Aracı İşlemlerine İlişkin Bildirim (Faiz İçeren). Pay Dışında Sermaye Piyasası Aracı İşlemlerine İlişkin Bildirim (Faiz İçeren) TRFSUMF32714 ISIN Kodlu Finansman Bonosunun 1.Kuponuna İlişkin Faiz Oranlarının Bildirimi,https://www.kap.org.tr/tr/Bildirim/1613235,tr,2026-06-04T17:11:46+00:00,0.0444927416797446,0.8970248300744903,0.058482428245765,neutral,0.0139896865660204
2026-06-04,SMRVA,KAP,SÜMER VARLIK YÖNETİM A.Ş. - Halka Arz Fiyatının Belirlenmesinde Esas Alınan Varsayımlara İlişkin Değerlendirme Raporu,SÜMER VARLIK YÖNETİM A.Ş. - Halka Arz Fiyatının Belirlenmesinde Esas Alınan Varsayımlara İlişkin Değerlendirme Raporu. Halka Arz Fiyatının Belirlenmesinde Esas Alınan Varsayımlara İlişkin Değerlendirme Raporu 2025-1 Çeyrek Halka Arz Fiyatının Belirlenmesinde Esas Alınan Varsayımlara İlişkin Değerlendirme Raporu Hakkındadır,https://www.kap.org.tr/tr/Bildirim/1613314,tr,2026-06-04T18:49:06+00:00,0.1979114678430013,0.5603993521854039,0.2416891799715947,neutral,0.0437777121285934
2026-06-04,SMRVA,KAP,SÜMER VARLIK YÖNETİM A.Ş. - Halka Arz Fiyatının Belirlenmesinde Esas Alınan Varsayımlara İlişkin Değerlendirme Raporu,SÜMER VARLIK YÖNETİM A.Ş. - Halka Arz Fiyatının Belirlenmesinde Esas Alınan Varsayımlara İlişkin Değerlendirme Raporu. Halka Arz Fiyatının Belirlenmesinde Esas Alınan Varsayımlara İlişkin Değerlendirme Raporu 2025-2. Çeyrek Halka Arz Fiyatının Belirlenmesinde Esas Alınan Varsayımlara İlişkin Değerlendirme Raporu Hakkındadır.,https://www.kap.org.tr/tr/Bildirim/1613315,tr,2026-06-04T18:49:24+00:00,0.1979114678430013,0.5603993521854039,0.2416891799715947,neutral,0.0437777121285934
2026-06-04,SMRVA,KAP,SÜMER VARLIK YÖNETİM A.Ş. - Halka Arz Fiyatının Belirlenmesinde Esas Alınan Varsayımlara İlişkin Değerlendirme Raporu,SÜMER VARLIK YÖNETİM A.Ş. - Halka Arz Fiyatının Belirlenmesinde Esas Alınan Varsayımlara İlişkin Değerlendirme Raporu. Halka Arz Fiyatının Belirlenmesinde Esas Alınan Varsayımlara İlişkin Değerlendirme Raporu 2025-3. Çeyrek Halka Arz Fiyatının Belirlenmesinde Esas Alınan Varsayımlara İlişkin Değerlendirme Raporu Hakkındadır.,https://www.kap.org.tr/tr/Bildirim/1613316,tr,2026-06-04T18:49:36+00:00,0.1979114678430013,0.5603993521854039,0.2416891799715947,neutral,0.0437777121285934
2026-06-04,SVGYO,KAP,SAVUR GAYRİMENKUL YATIRIM ORTAKLIĞI A.Ş. - Esas Sözleşme,SAVUR GAYRİMENKUL YATIRIM ORTAKLIĞI A.Ş. - Esas Sözleşme. Esas Sözleşme Güncel Esas Sözleşme,https://www.kap.org.tr/tr/Bildirim/1613109,tr,2026-06-04T14:35:17+00:00,0.1069865834080062,0.7074722721784008,0.1855411444135929,neutral,0.0785545610055866
2026-06-04,TAC,KAP,TACİRLER YATIRIM MENKUL DEĞERLER A.Ş. - İhraç Tavanına İlişkin Bildirim,TACİRLER YATIRIM MENKUL DEĞERLER A.Ş. - İhraç Tavanına İlişkin Bildirim. İhraç Tavanına İlişkin Bildirim Sermaye Piyasası Aracı İhracına İlişkin Yönetim Kurulu Kararı,https://www.kap.org.tr/tr/Bildirim/1612957,tr,2026-06-04T10:47:16+00:00,0.0612760619612447,0.8675157114325035,0.0712082266062517,neutral,0.0099321646450069
2026-06-04,TAMFA,KAP,TAM FİNANS FAKTORİNG A.Ş. - Pay Dışında Sermaye Piyasası Aracı İşlemlerine İlişkin Bildirim (Faiz İçeren),TAM FİNANS FAKTORİNG A.Ş. - Pay Dışında Sermaye Piyasası Aracı İşlemlerine İlişkin Bildirim (Faiz İçeren). Pay Dışında Sermaye Piyasası Aracı İşlemlerine İlişkin Bildirim (Faiz İçeren) TRFTAMF92619 ISIN Kodlu Finansman Bonosunun 3. Kupon Ödemesinin Yapılması Hakkında,https://www.kap.org.tr/tr/Bildirim/1612976,tr,2026-06-04T11:11:35+00:00,0.0487848483212448,0.8864332791175393,0.0647818725612158,neutral,0.0159970242399709
2026-06-04,TCRYT,KAP,TACİRLER YATIRIM MENKUL DEĞERLER A.Ş. - İhraç Tavanına İlişkin Bildirim,TACİRLER YATIRIM MENKUL DEĞERLER A.Ş. - İhraç Tavanına İlişkin Bildirim. İhraç Tavanına İlişkin Bildirim Sermaye Piyasası Aracı İhracına İlişkin Yönetim Kurulu Kararı,https://www.kap.org.tr/tr/Bildirim/1612957,tr,2026-06-04T10:47:16+00:00,0.0612760619612447,0.8675157114325035,0.0712082266062517,neutral,0.0099321646450069
2026-06-04,TGSAS,KAP,TGS DIŞ TİCARET A.Ş. - Yatırımcı Raporu,TGS DIŞ TİCARET A.Ş. - Yatırımcı Raporu. Yatırımcı Raporu 2026 1. Çeyrek Yatırımcı Sunumu,https://www.kap.org.tr/tr/Bildirim/1612937,tr,2026-06-04T10:08:04+00:00,0.1171363195205499,0.7220980076410585,0.1607656728383917,neutral,0.0436293533178417
2026-06-04,THL,KAP,TÜRKİYE HALK BANKASI A.Ş. - Pay Dışında Sermaye Piyasası Aracı İşlemlerine İlişkin Bildirim (Faiz İçeren),TÜRKİYE HALK BANKASI A.Ş. - Pay Dışında Sermaye Piyasası Aracı İşlemlerine İlişkin Bildirim (Faiz İçeren). Pay Dışında Sermaye Piyasası Aracı İşlemlerine İlişkin Bildirim (Faiz İçeren) Yurtiçinde Nitelikli Yatırımcılara Sermaye Benzeri Tahvil Kupon Oranı,https://www.kap.org.tr/tr/Bildirim/1613281,tr,2026-06-04T18:03:59+00:00,0.0442575921389822,0.8926788884480391,0.0630635194129786,neutral,0.0188059272739964
2026-06-04,THYAO,KAP,TÜRK HAVA YOLLARI A.O. - Özel Durum Açıklaması (Genel),TÜRK HAVA YOLLARI A.O. - Özel Durum Açıklaması (Genel). Özel Durum Açıklaması (Genel) Air Europa Yatırım Süreci Güncellemesi - 5,https://www.kap.org.tr/tr/Bildirim/1613157,tr,2026-06-04T15:53:23+00:00,0.3741408541609166,0.4854243672747299,0.1404347785643533,neutral,-0.2337060755965633
2026-06-04,TRALT,KAP,TÜRK ALTIN İŞLETMELERİ A.Ş. - Özel Durum Açıklaması (Genel),"TÜRK ALTIN İŞLETMELERİ A.Ş. - Özel Durum Açıklaması (Genel). Özel Durum Açıklaması (Genel) Üretim Faaliyetlerinden Elde Edilen Kazançlara Uygulanan Kurumlar Vergisi Oranının 2027 Yılından İtibaren %25 ten %12,5 e Düşürülmesine İlişkin Yasal Düzenleme Hk. TRENJ, TRMET",https://www.kap.org.tr/tr/Bildirim/1613296,tr,2026-06-04T18:16:44+00:00,0.3550708213259002,0.5065875705396724,0.1383416081344274,neutral,-0.2167292131914728
2026-06-04,TRYKI,KAP,TİRYAKİ AGRO GIDA SANAYİ VE TİCARET A.Ş. - Pay Dışında Sermaye Piyasası Aracı İşlemlerine İlişkin Bildirim (Faiz İçeren),TİRYAKİ AGRO GIDA SANAYİ VE TİCARET A.Ş. - Pay Dışında Sermaye Piyasası Aracı İşlemlerine İlişkin Bildirim (Faiz İçeren). Pay Dışında Sermaye Piyasası Aracı İşlemlerine İlişkin Bildirim (Faiz İçeren) TRFTRYK92618 ISIN Kodlu Finansman Bonosunun Kupon Ödemesi,https://www.kap.org.tr/tr/Bildirim/1613156,tr,2026-06-04T15:48:17+00:00,0.0301464146972964,0.9222258571794014,0.0476277281233022,neutral,0.0174813134260057
2026-06-04,TSK,KAP,TÜRKİYE SINAİ KALKINMA BANKASI A.Ş. - Kurumsal Yönetim İlkelerine Uyum Derecelendirmesi,TÜRKİYE SINAİ KALKINMA BANKASI A.Ş. - Kurumsal Yönetim İlkelerine Uyum Derecelendirmesi. Kurumsal Yönetim İlkelerine Uyum Derecelendirmesi Kurumsal Yönetim İlkelerine Uyum Derecelendirmesi Sözleşmesi'nin Yenilenmesi,https://www.kap.org.tr/tr/Bildirim/1613334,tr,2026-06-04T19:38:41+00:00,0.2167049206190642,0.5571523683835796,0.226142710997356,neutral,0.0094377903782918
2026-06-04,TSKB,KAP,TÜRKİYE SINAİ KALKINMA BANKASI A.Ş. - Kurumsal Yönetim İlkelerine Uyum Derecelendirmesi,TÜRKİYE SINAİ KALKINMA BANKASI A.Ş. - Kurumsal Yönetim İlkelerine Uyum Derecelendirmesi. Kurumsal Yönetim İlkelerine Uyum Derecelendirmesi Kurumsal Yönetim İlkelerine Uyum Derecelendirmesi Sözleşmesi'nin Yenilenmesi,https://www.kap.org.tr/tr/Bildirim/1613334,tr,2026-06-04T19:38:41+00:00,0.2167049206190642,0.5571523683835796,0.226142710997356,neutral,0.0094377903782918
2026-06-04,TSPOR,KAP,TRABZONSPOR SPORTİF YATIRIM VE FUTBOL İŞLETMECİLİĞİ TİCARET A.Ş. - Transfer Görüşmelerinin Sonuçlanması veya Sona Ermesi,TRABZONSPOR SPORTİF YATIRIM VE FUTBOL İŞLETMECİLİĞİ TİCARET A.Ş. - Transfer Görüşmelerinin Sonuçlanması veya Sona Ermesi. Transfer Görüşmelerinin Sonuçlanması veya Sona Ermesi Sidny Lopes Cabral Transferi Hakkında.,https://www.kap.org.tr/tr/Bildirim/1613346,tr,2026-06-04T21:00:01+00:00,0.2472374339419791,0.4714006346856149,0.2813619313724057,neutral,0.0341244974304265
2026-06-04,TSPOR,KAP,TRABZONSPOR SPORTİF YATIRIM VE FUTBOL İŞLETMECİLİĞİ TİCARET A.Ş. - Sözleşme İmzalanması,TRABZONSPOR SPORTİF YATIRIM VE FUTBOL İŞLETMECİLİĞİ TİCARET A.Ş. - Sözleşme İmzalanması. Sözleşme İmzalanması Sidny Lopes Cabral İle Sözleşme İmzalanması Hakkında.,https://www.kap.org.tr/tr/Bildirim/1613347,tr,2026-06-04T21:00:14+00:00,0.1427940629021778,0.4454621199553565,0.4117438171424656,neutral,0.2689497542402878
2026-06-04,TUREX,KAP,TUREKS TURİZM TAŞIMACILIK A.Ş. - Genel Kurul İşlemlerine İlişkin Bildirim,TUREKS TURİZM TAŞIMACILIK A.Ş. - Genel Kurul İşlemlerine İlişkin Bildirim. Genel Kurul İşlemlerine İlişkin Bildirim 2025 Yılı Olağan Genel Kurul Toplantı Sonucu,https://www.kap.org.tr/tr/Bildirim/1613194,tr,2026-06-04T16:38:41+00:00,0.1973303882571064,0.6969497656609607,0.1057198460819327,neutral,-0.0916105421751737
2026-06-04,TUREX,KAP,TUREKS TURİZM TAŞIMACILIK A.Ş. - Kar Payı Dağıtım İşlemlerine İlişkin Bildirim,TUREKS TURİZM TAŞIMACILIK A.Ş. - Kar Payı Dağıtım İşlemlerine İlişkin Bildirim. Kar Payı Dağıtım İşlemlerine İlişkin Bildirim 2025 yılı Kar Payı Dağıtım Önerisinin Genel Kurul tarafından onaylanması.,https://www.kap.org.tr/tr/Bildirim/1613213,tr,2026-06-04T16:47:34+00:00,0.2356786233895713,0.042853387158122,0.7214679894523066,positive,0.4857893660627353
2026-06-04,TUREX,KAP,TUREKS TURİZM TAŞIMACILIK A.Ş. - Özel Durum Açıklaması (Genel),TUREKS TURİZM TAŞIMACILIK A.Ş. - Özel Durum Açıklaması (Genel). Özel Durum Açıklaması (Genel) Bağımsız Denetim Kuruluşu seçiminin Genel Kurul tarafından onaylanması,https://www.kap.org.tr/tr/Bildirim/1613215,tr,2026-06-04T16:51:00+00:00,0.3795044518329254,0.555427908953575,0.0650676392134994,neutral,-0.314436812619426
2026-06-04,TURSG,KAP,TÜRKİYE SİGORTA A.Ş. - Özel Durum Açıklaması (Genel),TÜRKİYE SİGORTA A.Ş. - Özel Durum Açıklaması (Genel). Özel Durum Açıklaması (Genel) 2026 Mayıs Sonu Brüt Prim Üretimi,https://www.kap.org.tr/tr/Bildirim/1612956,tr,2026-06-04T10:43:41+00:00,0.3599053170753468,0.5125564229984706,0.1275382599261825,neutral,-0.2323670571491643
2026-06-04,TVB,KAP,TÜRKİYE VAKIFLAR BANKASI T.A.O. - Pay Dışında Sermaye Piyasası Aracı İşlemlerine İlişkin Bildirim (Faiz İçeren),TÜRKİYE VAKIFLAR BANKASI T.A.O. - Pay Dışında Sermaye Piyasası Aracı İşlemlerine İlişkin Bildirim (Faiz İçeren). Pay Dışında Sermaye Piyasası Aracı İşlemlerine İlişkin Bildirim (Faiz İçeren) Borçlanma Araçlarına İlişkin Satış Sonuçları Açıklaması,https://www.kap.org.tr/tr/Bildirim/1613123,tr,2026-06-04T14:50:54+00:00,0.0429378538708833,0.9000589848595619,0.0570031612695548,neutral,0.0140653073986714
2026-06-04,UCAYM,KAP,ÜÇAY MÜHENDİSLİK ENERJİ VE İKLİMLENDİRME TEKNOLOJİLERİ A.Ş. - Genel Kurul İşlemlerine İlişkin Bildirim,ÜÇAY MÜHENDİSLİK ENERJİ VE İKLİMLENDİRME TEKNOLOJİLERİ A.Ş. - Genel Kurul İşlemlerine İlişkin Bildirim. Genel Kurul İşlemlerine İlişkin Bildirim Genel Kurul - Tescil ve İlanı hk.,https://www.kap.org.tr/tr/Bildirim/1613249,tr,2026-06-04T17:18:37+00:00,0.1715863103203075,0.7033785202089751,0.1250351694707173,neutral,-0.0465511408495901
2026-06-04,UCAYM,KAP,ÜÇAY MÜHENDİSLİK ENERJİ VE İKLİMLENDİRME TEKNOLOJİLERİ A.Ş. - Bağımsız Denetim Kuruluşunun Belirlenmesi,ÜÇAY MÜHENDİSLİK ENERJİ VE İKLİMLENDİRME TEKNOLOJİLERİ A.Ş. - Bağımsız Denetim Kuruluşunun Belirlenmesi. Bağımsız Denetim Kuruluşunun Belirlenmesi Bağımsız Denetim Kuruluşunun Tescil Edilmesi Hk.,https://www.kap.org.tr/tr/Bildirim/1613252,tr,2026-06-04T17:20:47+00:00,0.0836373753775487,0.8046665436314739,0.1116960809909772,neutral,0.0280587056134285
2026-06-04,UCAYM,KAP,ÜÇAY MÜHENDİSLİK ENERJİ VE İKLİMLENDİRME TEKNOLOJİLERİ A.Ş. - İç Yönerge,ÜÇAY MÜHENDİSLİK ENERJİ VE İKLİMLENDİRME TEKNOLOJİLERİ A.Ş. - İç Yönerge. İç Yönerge Genel Kurul Çalışma Esasları İç Yönerge Tescil ve İlanı hk,https://www.kap.org.tr/tr/Bildirim/1613264,tr,2026-06-04T17:35:28+00:00,0.1990593911946906,0.550417194789474,0.2505234140158354,neutral,0.0514640228211448
2026-06-04,ULUFA,KAP,ULUSAL FAKTORİNG A.Ş. - Pay Dışında Sermaye Piyasası Aracı İşlemlerine İlişkin Bildirim (Faiz İçeren),ULUSAL FAKTORİNG A.Ş. - Pay Dışında Sermaye Piyasası Aracı İşlemlerine İlişkin Bildirim (Faiz İçeren). Pay Dışında Sermaye Piyasası Aracı İşlemlerine İlişkin Bildirim (Faiz İçeren) Şirketimiz TRSULFK92710 ISIN Kodlu Değişken Faizli Borçlanma Aracımızın Kupon Ödemesine İlişkin Açıklama,https://www.kap.org.tr/tr/Bildirim/1613000,tr,2026-06-04T11:31:19+00:00,0.0365869981153271,0.9106219625122156,0.0527910393724573,neutral,0.0162040412571302
2026-06-04,ULUFA,KAP,ULUSAL FAKTORİNG A.Ş. - Pay Dışında Sermaye Piyasası Aracı İşlemlerine İlişkin Bildirim (Faiz İçeren),ULUSAL FAKTORİNG A.Ş. - Pay Dışında Sermaye Piyasası Aracı İşlemlerine İlişkin Bildirim (Faiz İçeren). Pay Dışında Sermaye Piyasası Aracı İşlemlerine İlişkin Bildirim (Faiz İçeren) Şirketimiz TRFULFK62629 ISIN Kodlu Değişken Faizli Borçlanma Aracımızın Kupon Oranına İlişkin Açıklama,https://www.kap.org.tr/tr/Bildirim/1613304,tr,2026-06-04T18:23:24+00:00,0.0365869981153271,0.9106219625122156,0.0527910393724573,neutral,0.0162040412571302
2026-06-04,VAKBN,KAP,TÜRKİYE VAKIFLAR BANKASI T.A.O. - Pay Dışında Sermaye Piyasası Aracı İşlemlerine İlişkin Bildirim (Faiz İçeren),TÜRKİYE VAKIFLAR BANKASI T.A.O. - Pay Dışında Sermaye Piyasası Aracı İşlemlerine İlişkin Bildirim (Faiz İçeren). Pay Dışında Sermaye Piyasası Aracı İşlemlerine İlişkin Bildirim (Faiz İçeren) Borçlanma Araçlarına İlişkin Satış Sonuçları Açıklaması,https://www.kap.org.tr/tr/Bildirim/1613123,tr,2026-06-04T14:50:54+00:00,0.0429378538708833,0.9000589848595619,0.0570031612695548,neutral,0.0140653073986714
2026-06-04,VKFYO,KAP,VAKIF MENKUL KIYMET YATIRIM ORTAKLIĞI A.Ş. - Özel Durum Açıklaması (Genel),"VAKIF MENKUL KIYMET YATIRIM ORTAKLIĞI A.Ş. - Özel Durum Açıklaması (Genel). Özel Durum Açıklaması (Genel) Şirketimizin BİAŞ'da oluşan ağırlıklı ortalama fiyatın, pay başına net aktif değerin 2 katını aşması sebebiyle yapılan açıklamadır.",https://www.kap.org.tr/tr/Bildirim/1613279,tr,2026-06-04T18:01:00+00:00,0.2232930143046258,0.6725212689299052,0.104185716765469,neutral,-0.1191072975391567
2026-06-04,VKGYO,KAP,VAKIF GAYRİMENKUL YATIRIM ORTAKLIĞI A.Ş. - Maddi Duran Varlık Alımı,VAKIF GAYRİMENKUL YATIRIM ORTAKLIĞI A.Ş. - Maddi Duran Varlık Alımı. Maddi Duran Varlık Alımı Şirketimiz Maddi Duran Varlık Alımı,https://www.kap.org.tr/tr/Bildirim/1613308,tr,2026-06-04T18:30:31+00:00,0.1747700710718508,0.6106263484372029,0.2146035804909462,neutral,0.0398335094190954
2026-06-04,YKB,KAP,YAPI VE KREDİ BANKASI A.Ş. - Şirket Genel Bilgi Formu,YAPI VE KREDİ BANKASI A.Ş. - Şirket Genel Bilgi Formu. Şirket Genel Bilgi Formu,https://www.kap.org.tr/tr/Bildirim/1613342,tr,2026-06-04T20:18:40+00:00,0.1199459519837446,0.771041820974333,0.1090122270419223,neutral,-0.0109337249418223
2026-06-04,YKB,KAP,YAPI VE KREDİ BANKASI A.Ş. - Özel Durum Açıklaması (Genel),YAPI VE KREDİ BANKASI A.Ş. - Özel Durum Açıklaması (Genel). Özel Durum Açıklaması (Genel) Sendikasyon kredisi anlaşması,https://www.kap.org.tr/tr/Bildirim/1613356,tr,2026-06-04T21:28:12+00:00,0.3292469728633628,0.5545367604743708,0.1162162666622663,neutral,-0.2130307062010965
2026-06-04,YKBNK,KAP,YAPI VE KREDİ BANKASI A.Ş. - Şirket Genel Bilgi Formu,YAPI VE KREDİ BANKASI A.Ş. - Şirket Genel Bilgi Formu. Şirket Genel Bilgi Formu,https://www.kap.org.tr/tr/Bildirim/1613342,tr,2026-06-04T20:18:40+00:00,0.1199459519837446,0.771041820974333,0.1090122270419223,neutral,-0.0109337249418223
2026-06-04,YKBNK,KAP,YAPI VE KREDİ BANKASI A.Ş. - Özel Durum Açıklaması (Genel),YAPI VE KREDİ BANKASI A.Ş. - Özel Durum Açıklaması (Genel). Özel Durum Açıklaması (Genel) Sendikasyon kredisi anlaşması,https://www.kap.org.tr/tr/Bildirim/1613356,tr,2026-06-04T21:28:12+00:00,0.3292469728633628,0.5545367604743708,0.1162162666622663,neutral,-0.2130307062010965
2026-06-04,ZKBVK,KAP,ZİRAAT KATILIM VARLIK KİRALAMA A.Ş. - Pay Dışında Sermaye Piyasası Aracı İşlemlerine İlişkin Bildirim (Faizsiz),ZİRAAT KATILIM VARLIK KİRALAMA A.Ş. - Pay Dışında Sermaye Piyasası Aracı İşlemlerine İlişkin Bildirim (Faizsiz). Pay Dışında Sermaye Piyasası Aracı İşlemlerine İlişkin Bildirim (Faizsiz) TRDZKVK92611 ISIN Kodlu Yurtiçi Kira Sertifikası İhracının Satışının Tamamlanması Hk ZTB,https://www.kap.org.tr/tr/Bildirim/1612835,tr,2026-06-04T09:23:07+00:00,0.0499719239712983,0.8802574777486558,0.0697705982800457,neutral,0.0197986743087473
2026-06-04,ZKBVK,KAP,ZİRAAT KATILIM VARLIK KİRALAMA A.Ş. - Pay Dışında Sermaye Piyasası Aracı İşlemlerine İlişkin Bildirim (Faizsiz),ZİRAAT KATILIM VARLIK KİRALAMA A.Ş. - Pay Dışında Sermaye Piyasası Aracı İşlemlerine İlişkin Bildirim (Faizsiz). Pay Dışında Sermaye Piyasası Aracı İşlemlerine İlişkin Bildirim (Faizsiz) TRDZKVK62614 ISIN kodlu Yurtiçi Kira Sertifikalarının İtfa ve Getiri Ödeme İşlemlerinin Tamamlanması Hk ZTB,https://www.kap.org.tr/tr/Bildirim/1613147,tr,2026-06-04T15:23:40+00:00,0.0492364865817872,0.8785394963809358,0.072224017037277,neutral,0.0229875304554898
2026-06-04,ZOREN,KAP,ZORLU ENERJİ ELEKTRİK ÜRETİM A.Ş. - Pay Dışında Sermaye Piyasası Aracı İşlemlerine İlişkin Bildirim (Faiz İçeren),ZORLU ENERJİ ELEKTRİK ÜRETİM A.Ş. - Pay Dışında Sermaye Piyasası Aracı İşlemlerine İlişkin Bildirim (Faiz İçeren). Pay Dışında Sermaye Piyasası Aracı İşlemlerine İlişkin Bildirim (Faiz İçeren) TRSZORNA2613 ISIN Kodlu Tahvilin 2. Kupon Dönemine İlişkin Faiz Ödemesi Hakkında,https://www.kap.org.tr/tr/Bildirim/1612970,tr,2026-06-04T11:05:46+00:00,0.056823307021925,0.8622669829361719,0.080909710041903,neutral,0.0240864030199779
2026-06-04,ZOREN,KAP,ZORLU ENERJİ ELEKTRİK ÜRETİM A.Ş. - Pay Dışında Sermaye Piyasası Aracı İşlemlerine İlişkin Bildirim (Faiz İçeren),ZORLU ENERJİ ELEKTRİK ÜRETİM A.Ş. - Pay Dışında Sermaye Piyasası Aracı İşlemlerine İlişkin Bildirim (Faiz İçeren). Pay Dışında Sermaye Piyasası Aracı İşlemlerine İlişkin Bildirim (Faiz İçeren) TRSZORN92621 ISIN Kodlu Tahvilin 3. Kupon Dönemine İlişkin Faiz Ödemesi Hakkında,https://www.kap.org.tr/tr/Bildirim/1612972,tr,2026-06-04T11:05:55+00:00,0.056823307021925,0.8622669829361719,0.080909710041903,neutral,0.0240864030199779
2026-06-05,A1YEN,KAP,A1 YENİLENEBİLİR ENERJİ ÜRETİM A.Ş. - Genel Kurul İşlemlerine İlişkin Bildirim,A1 YENİLENEBİLİR ENERJİ ÜRETİM A.Ş. - Genel Kurul İşlemlerine İlişkin Bildirim. Genel Kurul İşlemlerine İlişkin Bildirim 2025 Yılı Olağan Genel Kurulu Daveti,https://www.kap.org.tr/tr/Bildirim/1613969,tr,2026-06-05T18:11:05+00:00,0.1891488800805211,0.6449259870211519,0.165925132898327,neutral,-0.0232237471821941
2026-06-05,A1YEN,KAP,A1 YENİLENEBİLİR ENERJİ ÜRETİM A.Ş. - Kar Payı Dağıtım İşlemlerine İlişkin Bildirim,A1 YENİLENEBİLİR ENERJİ ÜRETİM A.Ş. - Kar Payı Dağıtım İşlemlerine İlişkin Bildirim. Kar Payı Dağıtım İşlemlerine İlişkin Bildirim Yönetim Kurulu'nun Kar Payı Dağıtılmamasına İlişkin Teklifi,https://www.kap.org.tr/tr/Bildirim/1613970,tr,2026-06-05T18:11:12+00:00,0.395264637319451,0.0491751544323516,0.5555602082481974,positive,0.1602955709287464
2026-06-05,ADEL,KAP,ADEL KALEMCİLİK TİCARET VE SANAYİ A.Ş. - Özel Durum Açıklaması (Genel),ADEL KALEMCİLİK TİCARET VE SANAYİ A.Ş. - Özel Durum Açıklaması (Genel). Özel Durum Açıklaması (Genel) Yönetim Kurulu ve Komiteleri atamaları hk.,https://www.kap.org.tr/tr/Bildirim/1614128,tr,2026-06-05T20:40:53+00:00,0.2453855220833515,0.6254110564440462,0.1292034214726023,neutral,-0.1161821006107491
2026-06-05,AEFES,KAP,ANADOLU EFES BİRACILIK VE MALT SANAYİİ A.Ş. - Pay Dışında Sermaye Piyasası Aracı İşlemlerine İlişkin Bildirim (Faiz İçeren),ANADOLU EFES BİRACILIK VE MALT SANAYİİ A.Ş. - Pay Dışında Sermaye Piyasası Aracı İşlemlerine İlişkin Bildirim (Faiz İçeren). Pay Dışında Sermaye Piyasası Aracı İşlemlerine İlişkin Bildirim (Faiz İçeren) TRFEFES92610 ISIN Kodlu Tahvilin 3. Kupon Faiz Oranının Belirlenmesi,https://www.kap.org.tr/tr/Bildirim/1613893,tr,2026-06-05T17:57:17+00:00,0.0370694402500333,0.9112694134313396,0.0516611463186272,neutral,0.0145917060685939
2026-06-05,AGESA,KAP,AGESA HAYAT VE EMEKLİLİK A.Ş. - Özel Durum Açıklaması (Genel),AGESA HAYAT VE EMEKLİLİK A.Ş. - Özel Durum Açıklaması (Genel). Özel Durum Açıklaması (Genel) 01.01.2026-31.05.2026 Dönemine Ait Prim Üretimi,https://www.kap.org.tr/tr/Bildirim/1614005,tr,2026-06-05T18:18:33+00:00,0.2861186392506401,0.5476431918409147,0.1662381689084451,neutral,-0.119880470342195
2026-06-05,AGESA,KAP,AGESA HAYAT VE EMEKLİLİK A.Ş. - Şirket Genel Bilgi Formu,AGESA HAYAT VE EMEKLİLİK A.Ş. - Şirket Genel Bilgi Formu. Şirket Genel Bilgi Formu,https://www.kap.org.tr/tr/Bildirim/1614072,tr,2026-06-05T18:26:23+00:00,0.1279125036747118,0.7490537864863467,0.1230337098389414,neutral,-0.0048787938357703
2026-06-05,AHGAZ,KAP,AHLATCI DOĞAL GAZ DAĞITIM ENERJİ VE YATIRIM A.Ş. - Payların Geri Alınmasına İlişkin Bildirim,AHLATCI DOĞAL GAZ DAĞITIM ENERJİ VE YATIRIM A.Ş. - Payların Geri Alınmasına İlişkin Bildirim. Payların Geri Alınmasına İlişkin Bildirim 05.06.2026 Tarihli Pay Geri Alım İşlemleri,https://www.kap.org.tr/tr/Bildirim/1614097,tr,2026-06-05T18:30:16+00:00,0.0504056217110948,0.0842782076232475,0.8653161706656576,positive,0.8149105489545627
2026-06-05,AKFIS,KAP,AKFEN İNŞAAT TURİZM VE TİCARET A.Ş. - İhale Süreci / Sonucu,AKFEN İNŞAAT TURİZM VE TİCARET A.Ş. - İhale Süreci / Sonucu. İhale Süreci / Sonucu Hatay Şehir Hastanesi (1000 Yatak) Yapım İşi İhalesi,https://www.kap.org.tr/tr/Bildirim/1613996,tr,2026-06-05T18:12:09+00:00,0.0932715474033518,0.1967452590054611,0.709983193591187,positive,0.6167116461878352
2026-06-05,AKHAN,KAP,AKHAN UN FABRİKASI VE TARIM ÜRÜNLERİ GIDA SANAYİ TİCARET A.Ş. - Yeni İş İlişkisi,AKHAN UN FABRİKASI VE TARIM ÜRÜNLERİ GIDA SANAYİ TİCARET A.Ş. - Yeni İş İlişkisi. Yeni İş İlişkisi Yeni İş İlişkisi - GANA Pazarı,https://www.kap.org.tr/tr/Bildirim/1613371,tr,2026-06-05T08:01:23+00:00,0.0396135012355387,0.0938691402632174,0.8665173585012438,positive,0.826903857265705
2026-06-05,ALKIM,KAP,ALKİM ALKALİ KİMYA A.Ş. - Özel Durum Açıklaması (Genel),ALKİM ALKALİ KİMYA A.Ş. - Özel Durum Açıklaması (Genel). Özel Durum Açıklaması (Genel) Yatırımcı Tazmin Merkezine Başvuru Süresi Hakkında Duyuru,https://www.kap.org.tr/tr/Bildirim/1614136,tr,2026-06-05T22:42:06+00:00,0.3734925633496913,0.4962887780701053,0.1302186585802033,neutral,-0.243273904769488
2026-06-05,ALTNY,KAP,ALTINAY SAVUNMA TEKNOLOJİLERİ A.Ş. - Genel Kurul İşlemlerine İlişkin Bildirim,ALTINAY SAVUNMA TEKNOLOJİLERİ A.Ş. - Genel Kurul İşlemlerine İlişkin Bildirim. Genel Kurul İşlemlerine İlişkin Bildirim 2025 Yılı Olağan Genel Kurul Toplantı Sonucu,https://www.kap.org.tr/tr/Bildirim/1613874,tr,2026-06-05T17:31:40+00:00,0.2025673325257664,0.665924593736387,0.1315080737378464,neutral,-0.07105925878792
2026-06-05,ALTNY,KAP,ALTINAY SAVUNMA TEKNOLOJİLERİ A.Ş. - Kar Payı Dağıtım İşlemlerine İlişkin Bildirim,ALTINAY SAVUNMA TEKNOLOJİLERİ A.Ş. - Kar Payı Dağıtım İşlemlerine İlişkin Bildirim. Kar Payı Dağıtım İşlemlerine İlişkin Bildirim Kar Payı Dağıtımına İlişkin Genel Kurulu Kararı,https://www.kap.org.tr/tr/Bildirim/1613885,tr,2026-06-05T17:42:35+00:00,0.1074599279071957,0.0319702596446183,0.860569812448186,positive,0.7531098845409903
2026-06-05,ALTNY,KAP,ALTINAY SAVUNMA TEKNOLOJİLERİ A.Ş. - Bağımsız Denetim Kuruluşunun Belirlenmesi,ALTINAY SAVUNMA TEKNOLOJİLERİ A.Ş. - Bağımsız Denetim Kuruluşunun Belirlenmesi. Bağımsız Denetim Kuruluşunun Belirlenmesi 2025-2026 Hesap Dönemi Sürdürülebilirlik Raporlamasına İlişkin Bağımsız Denetim Şirketinin Onaylanması Hakkında,https://www.kap.org.tr/tr/Bildirim/1613930,tr,2026-06-05T18:02:42+00:00,0.1101944139403094,0.776515388781456,0.1132901972782347,neutral,0.0030957833379253
2026-06-05,ALTNY,KAP,ALTINAY SAVUNMA TEKNOLOJİLERİ A.Ş. - Bağımsız Denetim Kuruluşunun Belirlenmesi,ALTINAY SAVUNMA TEKNOLOJİLERİ A.Ş. - Bağımsız Denetim Kuruluşunun Belirlenmesi. Bağımsız Denetim Kuruluşunun Belirlenmesi Bağımsız Denetim Kuruluşu Seçiminin 2025 Yılı Olağan Genel Kurul Toplantısında Onaylanması,https://www.kap.org.tr/tr/Bildirim/1613939,tr,2026-06-05T18:04:56+00:00,0.1276301559173722,0.7965697266166647,0.0758001174659631,neutral,-0.0518300384514091
2026-06-05,ALTNY,KAP,ALTINAY SAVUNMA TEKNOLOJİLERİ A.Ş. - Kayıtlı Sermaye Tavanı İşlemlerine İlişkin Bildirim,ALTINAY SAVUNMA TEKNOLOJİLERİ A.Ş. - Kayıtlı Sermaye Tavanı İşlemlerine İlişkin Bildirim. Kayıtlı Sermaye Tavanı İşlemlerine İlişkin Bildirim Kayıtlı Sermaye Tavanı Artışı ve Süre Uzatımı Genel Kurul Toplantı Sonucu,https://www.kap.org.tr/tr/Bildirim/1614003,tr,2026-06-05T18:16:50+00:00,0.1106336514169827,0.286305705706833,0.6030606428761842,positive,0.4924269914592015
2026-06-05,ALVES,KAP,ALVES KABLO SANAYİ VE TİCARET A.Ş. - İhraç Tavanına İlişkin Bildirim,ALVES KABLO SANAYİ VE TİCARET A.Ş. - İhraç Tavanına İlişkin Bildirim. İhraç Tavanına İlişkin Bildirim Kira Sertifikası İhracına İlişkin Yönetim Kurulu Kararı Alınması KTSVK,https://www.kap.org.tr/tr/Bildirim/1614000,tr,2026-06-05T18:15:53+00:00,0.0630872196166012,0.8398845894383586,0.0970281909450402,neutral,0.033940971328439
2026-06-05,ANSGR,KAP,ANADOLU ANONİM TÜRK SİGORTA ŞİRKETİ - Özel Durum Açıklaması (Genel),ANADOLU ANONİM TÜRK SİGORTA ŞİRKETİ - Özel Durum Açıklaması (Genel). Özel Durum Açıklaması (Genel) 05.2026 Dönemi Brüt Prim Üretimi,https://www.kap.org.tr/tr/Bildirim/1613744,tr,2026-06-05T16:07:21+00:00,0.3639870342553633,0.5002547693188962,0.1357581964257404,neutral,-0.2282288378296229
2026-06-05,ANSGR,KAP,ANADOLU ANONİM TÜRK SİGORTA ŞİRKETİ - Özel Durum Açıklaması (Genel),ANADOLU ANONİM TÜRK SİGORTA ŞİRKETİ - Özel Durum Açıklaması (Genel). Özel Durum Açıklaması (Genel) Yatırımcı Tazmin Merkezi (YTM) Başvuruları Hakkında Bilgilendirme,https://www.kap.org.tr/tr/Bildirim/1614105,tr,2026-06-05T18:43:48+00:00,0.4101455194653787,0.4488342243909741,0.1410202561436472,neutral,-0.2691252633217316
2026-06-05,ARENA,KAP,ARENA BİLGİSAYAR SANAYİ VE TİCARET A.Ş. - Şirket Genel Bilgi Formu,ARENA BİLGİSAYAR SANAYİ VE TİCARET A.Ş. - Şirket Genel Bilgi Formu. Şirket Genel Bilgi Formu,https://www.kap.org.tr/tr/Bildirim/1613381,tr,2026-06-05T08:50:20+00:00,0.0918224307849458,0.7991402245833604,0.1090373446316937,neutral,0.0172149138467478
2026-06-05,ARSAN,KAP,ARSAN HOLDİNG A.Ş. - Bağımsız Denetim Kuruluşunun Belirlenmesi,ARSAN HOLDİNG A.Ş. - Bağımsız Denetim Kuruluşunun Belirlenmesi. Bağımsız Denetim Kuruluşunun Belirlenmesi 2026 Yılı Sürdürülebilirlik Güvence Denetimi İçin Bağımsız Denetim Şirketi Seçimi hakkında.,https://www.kap.org.tr/tr/Bildirim/1613531,tr,2026-06-05T11:48:14+00:00,0.0864084310013911,0.8041442449091537,0.1094473240894551,neutral,0.0230388930880639
2026-06-05,ARSAN,KAP,ARSAN HOLDİNG A.Ş. - Özel Durum Açıklaması (Genel),"ARSAN HOLDİNG A.Ş. - Özel Durum Açıklaması (Genel). Özel Durum Açıklaması (Genel) Arsan Varlık Yönetim A.Ş.- İhale sonrası Devir İşlemlerinin tamamlanması hakkında. ARSVY, TIB",https://www.kap.org.tr/tr/Bildirim/1613732,tr,2026-06-05T15:51:01+00:00,0.3454909792759714,0.4860372312623586,0.16847178946167,neutral,-0.1770191898143014
2026-06-05,AVGYO,KAP,AVRASYA GAYRİMENKUL YATIRIM ORTAKLIĞI A.Ş. - Kayıtlı Sermaye Tavanı İşlemlerine İlişkin Bildirim,AVRASYA GAYRİMENKUL YATIRIM ORTAKLIĞI A.Ş. - Kayıtlı Sermaye Tavanı İşlemlerine İlişkin Bildirim. Kayıtlı Sermaye Tavanı İşlemlerine İlişkin Bildirim Kayıtlı Sermaye Tavanı İzin Süresi Tescili Hakkında,https://www.kap.org.tr/tr/Bildirim/1614106,tr,2026-06-05T18:50:59+00:00,0.0875569892639604,0.3636781492042665,0.548764861531773,positive,0.4612078722678125
2026-06-05,AVGYO,KAP,AVRASYA GAYRİMENKUL YATIRIM ORTAKLIĞI A.Ş. - Esas Sözleşme,AVRASYA GAYRİMENKUL YATIRIM ORTAKLIĞI A.Ş. - Esas Sözleşme. Esas Sözleşme Esas Sözleşme,https://www.kap.org.tr/tr/Bildirim/1614107,tr,2026-06-05T18:51:23+00:00,0.1064986689316928,0.7106137900773096,0.1828875409909976,neutral,0.0763888720593048
2026-06-05,AVHOL,KAP,AVRUPA YATIRIM HOLDİNG A.Ş. - Olağan Dışı Fiyat ve Miktar Hareketleri,AVRUPA YATIRIM HOLDİNG A.Ş. - Olağan Dışı Fiyat ve Miktar Hareketleri. Olağan Dışı Fiyat ve Miktar Hareketleri Olağandışı Fiyat ve Miktar Hareketlerine İlişkin Açıklama Hk.,https://www.kap.org.tr/tr/Bildirim/1613783,tr,2026-06-05T16:29:50+00:00,0.1692701701756457,0.5619234508024519,0.2688063790219023,neutral,0.0995362088462566
2026-06-05,AVTUR,KAP,AVRASYA PETROL VE TURİSTİK TESİSLER YATIRIMLAR A.Ş. - Genel Kurul İşlemlerine İlişkin Bildirim,AVRASYA PETROL VE TURİSTİK TESİSLER YATIRIMLAR A.Ş. - Genel Kurul İşlemlerine İlişkin Bildirim. Genel Kurul İşlemlerine İlişkin Bildirim 2025 Yılı Olağan Genel Kurul Toplantısının Tescil ve İlanı Hakkında,https://www.kap.org.tr/tr/Bildirim/1614108,tr,2026-06-05T18:54:17+00:00,0.175438020172063,0.7250460885288277,0.0995158912991093,neutral,-0.0759221288729537
2026-06-05,AVTUR,KAP,AVRASYA PETROL VE TURİSTİK TESİSLER YATIRIMLAR A.Ş. - Kayıtlı Sermaye Tavanı İşlemlerine İlişkin Bildirim,AVRASYA PETROL VE TURİSTİK TESİSLER YATIRIMLAR A.Ş. - Kayıtlı Sermaye Tavanı İşlemlerine İlişkin Bildirim. Kayıtlı Sermaye Tavanı İşlemlerine İlişkin Bildirim Kayıtlı Sermaye Tavanı Süresi Uzatımı Hususunda Olağan Genel Kurul Toplantısının Tescili Hakkında,https://www.kap.org.tr/tr/Bildirim/1614121,tr,2026-06-05T19:50:12+00:00,0.1641069833195513,0.3594047439136693,0.4764882727667793,positive,0.312381289447228
2026-06-05,AVTUR,KAP,AVRASYA PETROL VE TURİSTİK TESİSLER YATIRIMLAR A.Ş. - Esas Sözleşme,AVRASYA PETROL VE TURİSTİK TESİSLER YATIRIMLAR A.Ş. - Esas Sözleşme. Esas Sözleşme Esas Sözleşme,https://www.kap.org.tr/tr/Bildirim/1614122,tr,2026-06-05T19:51:22+00:00,0.1460188136589158,0.6189130480994552,0.235068138241629,neutral,0.0890493245827132
2026-06-05,AYCES,KAP,ALTIN YUNUS ÇEŞME TURİSTİK TESİSLER A.Ş. - Olağan Dışı Fiyat ve Miktar Hareketleri,ALTIN YUNUS ÇEŞME TURİSTİK TESİSLER A.Ş. - Olağan Dışı Fiyat ve Miktar Hareketleri. Olağan Dışı Fiyat ve Miktar Hareketleri Olağandışı Fiyat ve Miktar Hareketleri Hk.,https://www.kap.org.tr/tr/Bildirim/1614109,tr,2026-06-05T19:00:28+00:00,0.2106496829945572,0.5305316635617746,0.258818653443668,neutral,0.0481689704491107
2026-06-05,BAKAB,KAP,BAK AMBALAJ SANAYİ VE TİCARET A.Ş. - Özel Durum Açıklaması (Genel),BAK AMBALAJ SANAYİ VE TİCARET A.Ş. - Özel Durum Açıklaması (Genel). Özel Durum Açıklaması (Genel) Süresi İçinde Kaydileştirilmeyen Paylar Hakkında,https://www.kap.org.tr/tr/Bildirim/1613801,tr,2026-06-05T16:45:35+00:00,0.2540128954994624,0.6205415714706152,0.1254455330299224,neutral,-0.12856736246954
2026-06-05,BANVT,KAP,BANVİT BANDIRMA VİTAMİNLİ YEM SANAYİ A.Ş. - Özel Durum Açıklaması (Genel),BANVİT BANDIRMA VİTAMİNLİ YEM SANAYİ A.Ş. - Özel Durum Açıklaması (Genel). Özel Durum Açıklaması (Genel) Yatırımcı Tazmin Merkezine Başvuru Süresine Dair Bilgilendirme ve Duyuru,https://www.kap.org.tr/tr/Bildirim/1613373,tr,2026-06-05T08:16:06+00:00,0.3400537539342551,0.5331279523425997,0.1268182937231453,neutral,-0.2132354602111097
2026-06-05,BASGZ,KAP,BAŞKENT DOĞALGAZ DAĞITIM GAYRİMENKUL YATIRIM ORTAKLIĞI A.Ş. - Genel Kurul İşlemlerine İlişkin Bildirim,BAŞKENT DOĞALGAZ DAĞITIM GAYRİMENKUL YATIRIM ORTAKLIĞI A.Ş. - Genel Kurul İşlemlerine İlişkin Bildirim. Genel Kurul İşlemlerine İlişkin Bildirim Genel Kurul Toplantı Sonucu,https://www.kap.org.tr/tr/Bildirim/1613798,tr,2026-06-05T16:42:36+00:00,0.1154313055924862,0.8062818629487399,0.0782868314587738,neutral,-0.0371444741337124
2026-06-05,BASGZ,KAP,BAŞKENT DOĞALGAZ DAĞITIM GAYRİMENKUL YATIRIM ORTAKLIĞI A.Ş. - Kar Payı Dağıtım İşlemlerine İlişkin Bildirim,BAŞKENT DOĞALGAZ DAĞITIM GAYRİMENKUL YATIRIM ORTAKLIĞI A.Ş. - Kar Payı Dağıtım İşlemlerine İlişkin Bildirim. Kar Payı Dağıtım İşlemlerine İlişkin Bildirim 2025 Yılı Kar Dağıtım Önerisinin Genel Kurul'da onaylanması.,https://www.kap.org.tr/tr/Bildirim/1614026,tr,2026-06-05T18:22:18+00:00,0.2365888750819756,0.1171444827477119,0.6462666421703124,positive,0.4096777670883367
2026-06-05,BASGZ,KAP,BAŞKENT DOĞALGAZ DAĞITIM GAYRİMENKUL YATIRIM ORTAKLIĞI A.Ş. - Kayıtlı Sermaye Tavanı İşlemlerine İlişkin Bildirim,BAŞKENT DOĞALGAZ DAĞITIM GAYRİMENKUL YATIRIM ORTAKLIĞI A.Ş. - Kayıtlı Sermaye Tavanı İşlemlerine İlişkin Bildirim. Kayıtlı Sermaye Tavanı İşlemlerine İlişkin Bildirim Kayıtlı Sermaye Tavanı Artışı ve Süre Uzatımı Genel Kurul Toplantı Sonucu,https://www.kap.org.tr/tr/Bildirim/1614027,tr,2026-06-05T18:22:29+00:00,0.0943324996966307,0.3836992612023491,0.5219682391010202,positive,0.4276357394043895
2026-06-05,BASGZ,KAP,BAŞKENT DOĞALGAZ DAĞITIM GAYRİMENKUL YATIRIM ORTAKLIĞI A.Ş. - Bağımsız Denetim Kuruluşunun Belirlenmesi,BAŞKENT DOĞALGAZ DAĞITIM GAYRİMENKUL YATIRIM ORTAKLIĞI A.Ş. - Bağımsız Denetim Kuruluşunun Belirlenmesi. Bağımsız Denetim Kuruluşunun Belirlenmesi 2026 Yılı Bağımsız Denetim Kuruluşunun Belirlenmesinin Genel Kurulda onaylanması hk.,https://www.kap.org.tr/tr/Bildirim/1614044,tr,2026-06-05T18:22:46+00:00,0.1018724024464387,0.8381968911872266,0.0599307063663346,neutral,-0.0419416960801041
2026-06-05,BIENY,KAP,BİEN YAPI ÜRÜNLERİ SANAYİ TURİZM VE TİCARET A.Ş. - Pay Dışında Sermaye Piyasası Aracı İşlemlerine İlişkin Bildirim (Faiz İçeren),BİEN YAPI ÜRÜNLERİ SANAYİ TURİZM VE TİCARET A.Ş. - Pay Dışında Sermaye Piyasası Aracı İşlemlerine İlişkin Bildirim (Faiz İçeren). Pay Dışında Sermaye Piyasası Aracı İşlemlerine İlişkin Bildirim (Faiz İçeren) TRSBNYPK2718 ISIN Kodlu 200.000.000 TL Nominal tutarlı 539 gün vadeli tahvil İhracı satışının tamamlanması,https://www.kap.org.tr/tr/Bildirim/1614135,tr,2026-06-05T22:30:33+00:00,0.0380204022575966,0.9034900739432044,0.0584895237991988,neutral,0.0204691215416021
2026-06-05,BJKAS,KAP,BEŞİKTAŞ FUTBOL YATIRIMLARI SANAYİ VE TİCARET A.Ş. - Teknik Yönetime İlişkin Açıklama,BEŞİKTAŞ FUTBOL YATIRIMLARI SANAYİ VE TİCARET A.Ş. - Teknik Yönetime İlişkin Açıklama. Teknik Yönetime İlişkin Açıklama Teknik direktörlük görevi için Vincenzo Italiano ile görüşmelere başlanmıştır.,https://www.kap.org.tr/tr/Bildirim/1613706,tr,2026-06-05T15:14:36+00:00,0.1210195646893222,0.5945096881556791,0.2844707471549987,neutral,0.1634511824656765
2026-06-05,BLS,KAP,BULLS YATIRIM MENKUL DEĞERLER A.Ş. - Pay Alım Teklifi Yoluyla Pay Toplanmasına İlişkin Bildirim,BULLS YATIRIM MENKUL DEĞERLER A.Ş. - Pay Alım Teklifi Yoluyla Pay Toplanmasına İlişkin Bildirim. Pay Alım Teklifi Yoluyla Pay Toplanmasına İlişkin Bildirim Özerden Ambalaj Sanayi A.Ş. Paylarına Yönelik Zorunlu Pay Alım Teklifi OZRDN,https://www.kap.org.tr/tr/Bildirim/1613999,tr,2026-06-05T18:15:48+00:00,0.1256139573602277,0.7244301617747508,0.1499558808650214,neutral,0.0243419235047936
2026-06-05,BLSMD,KAP,BULLS YATIRIM MENKUL DEĞERLER A.Ş. - Pay Alım Teklifi Yoluyla Pay Toplanmasına İlişkin Bildirim,BULLS YATIRIM MENKUL DEĞERLER A.Ş. - Pay Alım Teklifi Yoluyla Pay Toplanmasına İlişkin Bildirim. Pay Alım Teklifi Yoluyla Pay Toplanmasına İlişkin Bildirim Özerden Ambalaj Sanayi A.Ş. Paylarına Yönelik Zorunlu Pay Alım Teklifi OZRDN,https://www.kap.org.tr/tr/Bildirim/1613999,tr,2026-06-05T18:15:48+00:00,0.1256139573602277,0.7244301617747508,0.1499558808650214,neutral,0.0243419235047936
2026-06-05,BRISA,KAP,BRİSA BRİDGESTONE SABANCI LASTİK SANAYİ VE TİCARET A.Ş. - Pay Dışında Sermaye Piyasası Aracı İşlemlerine İlişkin Bildirim (Faiz İçeren),BRİSA BRİDGESTONE SABANCI LASTİK SANAYİ VE TİCARET A.Ş. - Pay Dışında Sermaye Piyasası Aracı İşlemlerine İlişkin Bildirim (Faiz İçeren). Pay Dışında Sermaye Piyasası Aracı İşlemlerine İlişkin Bildirim (Faiz İçeren) TRFBRSA12716 ISIN kodlu finansman bonosu ihracı,https://www.kap.org.tr/tr/Bildirim/1613400,tr,2026-06-05T09:28:18+00:00,0.0259829471107733,0.9293484610645772,0.0446685918246493,neutral,0.0186856447138759
2026-06-05,BRISA,KAP,BRİSA BRİDGESTONE SABANCI LASTİK SANAYİ VE TİCARET A.Ş. - Özel Durum Açıklaması (Genel),BRİSA BRİDGESTONE SABANCI LASTİK SANAYİ VE TİCARET A.Ş. - Özel Durum Açıklaması (Genel). Özel Durum Açıklaması (Genel) Süresi İçinde Kaydileştirilmeyen Paylarla İlgili Yatırımcı Tazmin Merkezi Başvuruları Hakkında Duyuru,https://www.kap.org.tr/tr/Bildirim/1613832,tr,2026-06-05T17:11:34+00:00,0.2622439999765805,0.6134541722193743,0.1243018278040452,neutral,-0.1379421721725353
2026-06-05,BRKO,KAP,BİRKO BİRLEŞİK KOYUNLULULAR MENSUCAT TİCARET VE SANAYİ A.Ş. - Özel Durum Açıklaması (Genel),BİRKO BİRLEŞİK KOYUNLULULAR MENSUCAT TİCARET VE SANAYİ A.Ş. - Özel Durum Açıklaması (Genel). Özel Durum Açıklaması (Genel) ŞİRKET HİSSE ALIMI HAKKINDA DÜZELTME,https://www.kap.org.tr/tr/Bildirim/1614129,tr,2026-06-05T20:52:19+00:00,0.2360583395644988,0.6159969529490759,0.1479447074864253,neutral,-0.0881136320780734
2026-06-05,BRKT,KAP,BEREKET VARLIK KİRALAMA A.Ş. - Pay Dışında Sermaye Piyasası Aracı İşlemlerine İlişkin Bildirim (Faizsiz),BEREKET VARLIK KİRALAMA A.Ş. - Pay Dışında Sermaye Piyasası Aracı İşlemlerine İlişkin Bildirim (Faizsiz). Pay Dışında Sermaye Piyasası Aracı İşlemlerine İlişkin Bildirim (Faizsiz) TRDBRKT92629 ISIN Kodlu Yurt İçi Kira Sertifikası Satışının Tamamlanması Hk. ALBRK,https://www.kap.org.tr/tr/Bildirim/1613445,tr,2026-06-05T09:56:58+00:00,0.0433660049986622,0.8924271349135889,0.0642068600877487,neutral,0.0208408550890864
2026-06-05,BRKT,KAP,BEREKET VARLIK KİRALAMA A.Ş. - Pay Dışında Sermaye Piyasası Aracı İşlemlerine İlişkin Bildirim (Faizsiz),BEREKET VARLIK KİRALAMA A.Ş. - Pay Dışında Sermaye Piyasası Aracı İşlemlerine İlişkin Bildirim (Faizsiz). Pay Dışında Sermaye Piyasası Aracı İşlemlerine İlişkin Bildirim (Faizsiz) TRDBRKT62614 ISIN Kodlu Kira Sertifikasının İtfası Hk. ALBRK,https://www.kap.org.tr/tr/Bildirim/1613447,tr,2026-06-05T09:59:46+00:00,0.0465776855570952,0.8856505836478854,0.0677717307950193,neutral,0.021194045237924
2026-06-05,CCOLA,KAP,COCA-COLA İÇECEK A.Ş. - Özel Durum Açıklaması (Genel),COCA-COLA İÇECEK A.Ş. - Özel Durum Açıklaması (Genel). Özel Durum Açıklaması (Genel) Rekabet Kurulu Soruşturma Kararı,https://www.kap.org.tr/tr/Bildirim/1613398,tr,2026-06-05T09:22:44+00:00,0.4069828844222863,0.449576385156277,0.1434407304214368,neutral,-0.2635421540008494
2026-06-05,CRFSA,KAP,CARREFOURSA CARREFOUR SABANCI TİCARET MERKEZİ A.Ş. - Pay Dışında Sermaye Piyasası Aracı İşlemlerine İlişkin Bildirim (Faiz İçeren),CARREFOURSA CARREFOUR SABANCI TİCARET MERKEZİ A.Ş. - Pay Dışında Sermaye Piyasası Aracı İşlemlerine İlişkin Bildirim (Faiz İçeren). Pay Dışında Sermaye Piyasası Aracı İşlemlerine İlişkin Bildirim (Faiz İçeren) TRSCARF92617 ISIN Kodlu Tahvilin 3. Kupon Faiz Oranının Belirlenmesi,https://www.kap.org.tr/tr/Bildirim/1613588,tr,2026-06-05T12:50:36+00:00,0.0311739565883764,0.92286355241553,0.0459624909960935,neutral,0.014788534407717
2026-06-05,CVKMD,KAP,CVK MADEN İŞLETMELERİ SANAYİ VE TİCARET A.Ş. - Özel Durum Açıklaması (Genel),"CVK MADEN İŞLETMELERİ SANAYİ VE TİCARET A.Ş. - Özel Durum Açıklaması (Genel). Özel Durum Açıklaması (Genel) Üretim Faaliyetlerinden Elde Edilen Kazançlara Uygulanan Kurumlar Vergisi Oranının 2027 Yılından İtibaren %25'ten %12,5'e Düşürülmesine İlişkin Yasal Düzenleme Hk.",https://www.kap.org.tr/tr/Bildirim/1614131,tr,2026-06-05T21:25:03+00:00,0.2334141567586561,0.6346949919827694,0.1318908512585745,neutral,-0.1015233055000816
2026-06-05,CWENE,KAP,CW ENERJİ MÜHENDİSLİK TİCARET VE SANAYİ A.Ş. - Yeni İş İlişkisi,CW ENERJİ MÜHENDİSLİK TİCARET VE SANAYİ A.Ş. - Yeni İş İlişkisi. Yeni İş İlişkisi Yeni İş Bildirimi Hk,https://www.kap.org.tr/tr/Bildirim/1613708,tr,2026-06-05T15:15:38+00:00,0.0448974691682446,0.103058626669089,0.8520439041626663,positive,0.8071464349944216
2026-06-05,DERHL,KAP,DERLÜKS YATIRIM HOLDİNG A.Ş. - Sermaye Artırımı - Azaltımı İşlemlerine İlişkin Bildirim,DERLÜKS YATIRIM HOLDİNG A.Ş. - Sermaye Artırımı - Azaltımı İşlemlerine İlişkin Bildirim. Sermaye Artırımı - Azaltımı İşlemlerine İlişkin Bildirim Bedelsiz Sermaye Artırımı Hakkında Yönetim Kurulu Kararı,https://www.kap.org.tr/tr/Bildirim/1613998,tr,2026-06-05T18:14:10+00:00,0.0994870820675747,0.1846581202742376,0.7158547976581878,positive,0.6163677155906131
2026-06-05,DMD,KAP,DESTEK YATIRIM MENKUL DEĞERLER A.Ş. - Şirket Genel Bilgi Formu,DESTEK YATIRIM MENKUL DEĞERLER A.Ş. - Şirket Genel Bilgi Formu. Şirket Genel Bilgi Formu,https://www.kap.org.tr/tr/Bildirim/1613809,tr,2026-06-05T16:55:56+00:00,0.102997895577916,0.8064264128901972,0.0905756915318867,neutral,-0.0124222040460292
2026-06-05,DMSAS,KAP,DEMİSAŞ DÖKÜM EMAYE MAMÜLLERİ SANAYİ A.Ş. - Özel Durum Açıklaması (Genel),DEMİSAŞ DÖKÜM EMAYE MAMÜLLERİ SANAYİ A.Ş. - Özel Durum Açıklaması (Genel). Özel Durum Açıklaması (Genel) E-12659767-110.05-12769 Sayı ve 03.06.2026 tarihli Yatırımcı Tazmin Merkezi'nden (YTM) Şirketimize tebliğ edilmiş olan yazıya ilişkin açıklama,https://www.kap.org.tr/tr/Bildirim/1613726,tr,2026-06-05T15:47:43+00:00,0.2986581102931911,0.5309392482476005,0.1704026414592084,neutral,-0.1282554688339827
2026-06-05,DOKTA,KAP,DÖKTAŞ DÖKÜMCÜLÜK TİCARET VE SANAYİ A.Ş. - Özel Durum Açıklaması (Genel),DÖKTAŞ DÖKÜMCÜLÜK TİCARET VE SANAYİ A.Ş. - Özel Durum Açıklaması (Genel). Özel Durum Açıklaması (Genel) Süresi İçinde Kaydileştirilmeyen Paylar Hk.,https://www.kap.org.tr/tr/Bildirim/1613372,tr,2026-06-05T08:05:32+00:00,0.2633960030083316,0.6040158729384342,0.132588124053234,neutral,-0.1308078789550976
2026-06-05,DSYAT,KAP,DESTEK YATIRIM MENKUL DEĞERLER A.Ş. - Şirket Genel Bilgi Formu,DESTEK YATIRIM MENKUL DEĞERLER A.Ş. - Şirket Genel Bilgi Formu. Şirket Genel Bilgi Formu,https://www.kap.org.tr/tr/Bildirim/1613809,tr,2026-06-05T16:55:56+00:00,0.102997895577916,0.8064264128901972,0.0905756915318867,neutral,-0.0124222040460292
2026-06-05,DURDO,KAP,DURAN DOĞAN BASIM VE AMBALAJ SANAYİ A.Ş. - Özel Durum Açıklaması (Genel),DURAN DOĞAN BASIM VE AMBALAJ SANAYİ A.Ş. - Özel Durum Açıklaması (Genel). Özel Durum Açıklaması (Genel) Yatırımcı Tazmin Merkezine Başvuru Süresine Dair Bilgilendirme ve Duyuru,https://www.kap.org.tr/tr/Bildirim/1613722,tr,2026-06-05T15:37:59+00:00,0.3077334966858392,0.5614974707806778,0.1307690325334828,neutral,-0.1769644641523564
2026-06-05,DVRLK,KAP,D VARLIK KİRALAMA A.Ş. - İhraç Tavanına İlişkin Bildirim,D VARLIK KİRALAMA A.Ş. - İhraç Tavanına İlişkin Bildirim. İhraç Tavanına İlişkin Bildirim Kira Sertifikası İhraç Tavan Onayı Hk.,https://www.kap.org.tr/tr/Bildirim/1613932,tr,2026-06-05T18:04:13+00:00,0.0718126833111618,0.8213005988533268,0.1068867178355112,neutral,0.0350740345243493
2026-06-05,DVRLK,KAP,D VARLIK KİRALAMA A.Ş. - İhraç Belgesi,D VARLIK KİRALAMA A.Ş. - İhraç Belgesi. İhraç Belgesi İhraç Belgesi Hk.,https://www.kap.org.tr/tr/Bildirim/1613940,tr,2026-06-05T18:06:32+00:00,0.1276321973974211,0.7262402845758335,0.1461275180267453,neutral,0.0184953206293242
2026-06-05,EBEBK,KAP,EBEBEK MAĞAZACILIK A.Ş. - Özel Durum Açıklaması (Genel),EBEBEK MAĞAZACILIK A.Ş. - Özel Durum Açıklaması (Genel). Özel Durum Açıklaması (Genel) Mayıs 2026 Satış Adedi,https://www.kap.org.tr/tr/Bildirim/1614081,tr,2026-06-05T18:27:17+00:00,0.3760501439080545,0.5007674704888182,0.1231823856031272,neutral,-0.2528677583049273
2026-06-05,EBEBK,KAP,EBEBEK MAĞAZACILIK A.Ş. - Özel Durum Açıklaması (Genel),EBEBEK MAĞAZACILIK A.Ş. - Özel Durum Açıklaması (Genel). Özel Durum Açıklaması (Genel) Yönetim Kurulu Üyesi Değişikliği,https://www.kap.org.tr/tr/Bildirim/1614096,tr,2026-06-05T18:29:45+00:00,0.3802770337228242,0.5055999032605304,0.1141230630166453,neutral,-0.2661539707061788
2026-06-05,ECZIP,KAP,EİP ECZACIBAŞI İLAÇ PAZARLAMA A.Ş. - Genel Kurul Bildirimi,EİP ECZACIBAŞI İLAÇ PAZARLAMA A.Ş. - Genel Kurul Bildirimi. Genel Kurul Bildirimi 2025 Yılı Olağan Genel Kurul Kararlarının Tescili,https://www.kap.org.tr/tr/Bildirim/1613713,tr,2026-06-05T15:21:00+00:00,0.3132798710216813,0.5891965017162855,0.0975236272620332,neutral,-0.2157562437596481
2026-06-05,EKDMR,KAP,EKİNCİLER DEMİR VE ÇELİK SANAYİ A.Ş. - Esas Sözleşme Tadili,EKİNCİLER DEMİR VE ÇELİK SANAYİ A.Ş. - Esas Sözleşme Tadili. Esas Sözleşme Tadili Ana Sözleşme Sermaye Maddesi Tadili,https://www.kap.org.tr/tr/Bildirim/1614119,tr,2026-06-05T19:42:16+00:00,0.1586488401181153,0.5764577983069146,0.2648933615749699,neutral,0.1062445214568546
2026-06-05,EKTVK,KAP,EMLAK KATILIM VARLIK KİRALAMA A.Ş. - Pay Dışında Sermaye Piyasası Aracı İşlemlerine İlişkin Bildirim (Faizsiz),EMLAK KATILIM VARLIK KİRALAMA A.Ş. - Pay Dışında Sermaye Piyasası Aracı İşlemlerine İlişkin Bildirim (Faizsiz). Pay Dışında Sermaye Piyasası Aracı İşlemlerine İlişkin Bildirim (Faizsiz) TRDEVKS92635 ISIN Kodlu Kira Sertifikası İhracının Nitelikli Yatırımcıya Satışının Tamamlanması Hk. EKT,https://www.kap.org.tr/tr/Bildirim/1613539,tr,2026-06-05T12:17:28+00:00,0.0490465315977622,0.8821550365998256,0.068798431802412,neutral,0.0197519002046497
2026-06-05,EKTVK,KAP,EMLAK KATILIM VARLIK KİRALAMA A.Ş. - Pay Dışında Sermaye Piyasası Aracı İşlemlerine İlişkin Bildirim (Faizsiz),EMLAK KATILIM VARLIK KİRALAMA A.Ş. - Pay Dışında Sermaye Piyasası Aracı İşlemlerine İlişkin Bildirim (Faizsiz). Pay Dışında Sermaye Piyasası Aracı İşlemlerine İlişkin Bildirim (Faizsiz) Şirketimiz Tarafından İhraç Edilmiş Olan TRDEVKS62661 ISIN Kodlu Kira Sertifikasının İtfası Hk. EKT,https://www.kap.org.tr/tr/Bildirim/1613760,tr,2026-06-05T16:13:13+00:00,0.0552206207018531,0.8724320706729775,0.0723473086251693,neutral,0.0171266879233162
2026-06-05,ENERY,KAP,ENERYA ENERJİ A.Ş. - Payların Geri Alınmasına İlişkin Bildirim,ENERYA ENERJİ A.Ş. - Payların Geri Alınmasına İlişkin Bildirim. Payların Geri Alınmasına İlişkin Bildirim 05.06.2026 Tarihli Pay Geri Alım İşlemleri,https://www.kap.org.tr/tr/Bildirim/1614099,tr,2026-06-05T18:30:48+00:00,0.0471007314282956,0.0622811860200578,0.8906180825516465,positive,0.8435173511233509
2026-06-05,ENSRI,KAP,ENSARİ SINAİ YATIRIMLAR A.Ş. - Olağan Dışı Fiyat ve Miktar Hareketleri,ENSARİ SINAİ YATIRIMLAR A.Ş. - Olağan Dışı Fiyat ve Miktar Hareketleri. Olağan Dışı Fiyat ve Miktar Hareketleri Olağandışı fiyat miktar hareketleri hakkında.,https://www.kap.org.tr/tr/Bildirim/1614120,tr,2026-06-05T19:44:29+00:00,0.2430041324973082,0.5012681214479334,0.2557277460547583,neutral,0.01272361355745
2026-06-05,ERCB,KAP,ERCİYAS ÇELİK BORU SANAYİ A.Ş. - Pay Dışında Sermaye Piyasası Aracı İşlemlerine İlişkin Bildirim (Faiz İçeren),ERCİYAS ÇELİK BORU SANAYİ A.Ş. - Pay Dışında Sermaye Piyasası Aracı İşlemlerine İlişkin Bildirim (Faiz İçeren). Pay Dışında Sermaye Piyasası Aracı İşlemlerine İlişkin Bildirim (Faiz İçeren) TRFERCY62610 ISIN Kodlu Finansman Bonosu İtfası,https://www.kap.org.tr/tr/Bildirim/1613533,tr,2026-06-05T11:51:15+00:00,0.0370915892069419,0.9047738879400704,0.0581345228529875,neutral,0.0210429336460455
2026-06-05,ERCB,KAP,ERCİYAS ÇELİK BORU SANAYİ A.Ş. - Pay Dışında Sermaye Piyasası Aracı İşlemlerine İlişkin Bildirim (Faiz İçeren),ERCİYAS ÇELİK BORU SANAYİ A.Ş. - Pay Dışında Sermaye Piyasası Aracı İşlemlerine İlişkin Bildirim (Faiz İçeren). Pay Dışında Sermaye Piyasası Aracı İşlemlerine İlişkin Bildirim (Faiz İçeren) Finansman Bonosu İhracı,https://www.kap.org.tr/tr/Bildirim/1613705,tr,2026-06-05T15:12:22+00:00,0.0381993026812253,0.903675503476662,0.0581251938421125,neutral,0.0199258911608872
2026-06-05,ETYAT,KAP,EURO TREND YATIRIM ORTAKLIĞI A.Ş. - Özel Durum Açıklaması (Genel),"EURO TREND YATIRIM ORTAKLIĞI A.Ş. - Özel Durum Açıklaması (Genel). Özel Durum Açıklaması (Genel) BİAŞ'da oluşan ağırlıklı ortalama fiyatın,pay başına net aktif değerin 2 katını aşması",https://www.kap.org.tr/tr/Bildirim/1613707,tr,2026-06-05T15:15:10+00:00,0.2036970678701662,0.6897426982745436,0.1065602338552901,neutral,-0.097136834014876
2026-06-05,EUKYO,KAP,EURO KAPİTAL YATIRIM ORTAKLIĞI A.Ş. - Özel Durum Açıklaması (Genel),"EURO KAPİTAL YATIRIM ORTAKLIĞI A.Ş. - Özel Durum Açıklaması (Genel). Özel Durum Açıklaması (Genel) BİAŞ'da oluşan ağırlıklı ortalama fiyatın,pay başına net aktif değerin 2 katını aşması",https://www.kap.org.tr/tr/Bildirim/1613709,tr,2026-06-05T15:15:53+00:00,0.2036970678701662,0.6897426982745436,0.1065602338552901,neutral,-0.097136834014876
2026-06-05,EUYO,KAP,EURO MENKUL KIYMET YATIRIM ORTAKLIĞI A.Ş. - Özel Durum Açıklaması (Genel),"EURO MENKUL KIYMET YATIRIM ORTAKLIĞI A.Ş. - Özel Durum Açıklaması (Genel). Özel Durum Açıklaması (Genel) BİAŞ'da oluşan ağırlıklı ortalama fiyatın,pay başına net aktif değerin 2 katını aşması",https://www.kap.org.tr/tr/Bildirim/1613704,tr,2026-06-05T15:11:30+00:00,0.1926719590356213,0.7053067938395009,0.1020212471248777,neutral,-0.0906507119107435
2026-06-05,FBB,KAP,FİBABANKA A.Ş. - Özel Durum Açıklaması (Genel),FİBABANKA A.Ş. - Özel Durum Açıklaması (Genel). Özel Durum Açıklaması (Genel) Kripto Varlık Hizmet Sağlayıcı Şirket Kurulması Hakkında,https://www.kap.org.tr/tr/Bildirim/1613514,tr,2026-06-05T11:30:50+00:00,0.3891615670086946,0.4971405824290195,0.1136978505622859,neutral,-0.2754637164464087
2026-06-05,FBBNK,KAP,FİBABANKA A.Ş. - Özel Durum Açıklaması (Genel),FİBABANKA A.Ş. - Özel Durum Açıklaması (Genel). Özel Durum Açıklaması (Genel) Kripto Varlık Hizmet Sağlayıcı Şirket Kurulması Hakkında,https://www.kap.org.tr/tr/Bildirim/1613514,tr,2026-06-05T11:30:50+00:00,0.3891615670086946,0.4971405824290195,0.1136978505622859,neutral,-0.2754637164464087
2026-06-05,FIN,KAP,QNB BANK A.Ş. - Pay Dışında Sermaye Piyasası Aracı İşlemlerine İlişkin Bildirim (Faiz İçeren),QNB BANK A.Ş. - Pay Dışında Sermaye Piyasası Aracı İşlemlerine İlişkin Bildirim (Faiz İçeren). Pay Dışında Sermaye Piyasası Aracı İşlemlerine İlişkin Bildirim (Faiz İçeren) QNB Bank A.Ş. Borçlanma Aracı Satışın Tamamlanması hk.,https://www.kap.org.tr/tr/Bildirim/1613505,tr,2026-06-05T11:18:49+00:00,0.0530779527274739,0.8748358425839653,0.0720862046885608,neutral,0.0190082519610869
2026-06-05,FIN,KAP,QNB BANK A.Ş. - Özel Durum Açıklaması (Genel),"QNB BANK A.Ş. - Özel Durum Açıklaması (Genel). Özel Durum Açıklaması (Genel) Takipteki Kredi Portföyünden Satış DNYVA, DOGVY, EMIRV, GLCVY",https://www.kap.org.tr/tr/Bildirim/1613532,tr,2026-06-05T11:48:15+00:00,0.3515728151444145,0.5307117526552876,0.1177154322002979,neutral,-0.2338573829441166
2026-06-05,FIN,KAP,QNB BANK A.Ş. - Pay Dışında Sermaye Piyasası Aracı İşlemlerine İlişkin Bildirim (Faiz İçeren),QNB BANK A.Ş. - Pay Dışında Sermaye Piyasası Aracı İşlemlerine İlişkin Bildirim (Faiz İçeren). Pay Dışında Sermaye Piyasası Aracı İşlemlerine İlişkin Bildirim (Faiz İçeren) MTN programı kapsamında yurtdışında ihraç edilen borçlanma aracının ihracı,https://www.kap.org.tr/tr/Bildirim/1613715,tr,2026-06-05T15:24:23+00:00,0.0463639491848416,0.8924713072599151,0.0611647435552432,neutral,0.0148007943704016
2026-06-05,FLAP,KAP,FLAP KONGRE TOPLANTI HİZMETLERİ OTOMOTİV VE TURİZM A.Ş. - Genel Kurul İşlemlerine İlişkin Bildirim,FLAP KONGRE TOPLANTI HİZMETLERİ OTOMOTİV VE TURİZM A.Ş. - Genel Kurul İşlemlerine İlişkin Bildirim. Genel Kurul İşlemlerine İlişkin Bildirim 2025 Yılı Olağan Genel Kurul Tescili,https://www.kap.org.tr/tr/Bildirim/1614117,tr,2026-06-05T19:34:34+00:00,0.1789897486367514,0.7367080680216959,0.0843021833415526,neutral,-0.0946875652951987
2026-06-05,FLAP,KAP,FLAP KONGRE TOPLANTI HİZMETLERİ OTOMOTİV VE TURİZM A.Ş. - Bağımsız Denetim Kuruluşunun Belirlenmesi,FLAP KONGRE TOPLANTI HİZMETLERİ OTOMOTİV VE TURİZM A.Ş. - Bağımsız Denetim Kuruluşunun Belirlenmesi. Bağımsız Denetim Kuruluşunun Belirlenmesi Bağımsız denetim kuruluşu seçiminin tescili ve TTSG'de ilanı,https://www.kap.org.tr/tr/Bildirim/1614118,tr,2026-06-05T19:35:48+00:00,0.075962654273011,0.835961241432503,0.0880761042944859,neutral,0.0121134500214748
2026-06-05,FORTE,KAP,FORTE BİLGİ İLETİŞİM TEKNOLOJİLERİ VE SAVUNMA SANAYİ A.Ş. - Genel Kurul İşlemlerine İlişkin Bildirim,FORTE BİLGİ İLETİŞİM TEKNOLOJİLERİ VE SAVUNMA SANAYİ A.Ş. - Genel Kurul İşlemlerine İlişkin Bildirim. Genel Kurul İşlemlerine İlişkin Bildirim 2025 Hesap Dönemi Olağan Genel Kurul Toplantısı,https://www.kap.org.tr/tr/Bildirim/1613942,tr,2026-06-05T18:07:15+00:00,0.2028425438676965,0.6448629501648666,0.1522945059674368,neutral,-0.0505480379002597
2026-06-05,FORTE,KAP,FORTE BİLGİ İLETİŞİM TEKNOLOJİLERİ VE SAVUNMA SANAYİ A.Ş. - Kar Payı Dağıtım İşlemlerine İlişkin Bildirim,FORTE BİLGİ İLETİŞİM TEKNOLOJİLERİ VE SAVUNMA SANAYİ A.Ş. - Kar Payı Dağıtım İşlemlerine İlişkin Bildirim. Kar Payı Dağıtım İşlemlerine İlişkin Bildirim Kar Dağıtım Teklifi,https://www.kap.org.tr/tr/Bildirim/1613943,tr,2026-06-05T18:07:27+00:00,0.1567189642500711,0.0880802317582927,0.755200803991636,positive,0.5984818397415649
2026-06-05,GARFA,KAP,GARANTİ FAKTORİNG A.Ş. - Özel Durum Açıklaması (Genel),GARANTİ FAKTORİNG A.Ş. - Özel Durum Açıklaması (Genel). Özel Durum Açıklaması (Genel) Riskin Erken Saptanması Komitesi Üye Seçimi,https://www.kap.org.tr/tr/Bildirim/1613804,tr,2026-06-05T16:48:14+00:00,0.3466032473882767,0.523970537063276,0.1294262155484472,neutral,-0.2171770318398294
2026-06-05,GEDIK,KAP,GEDİK YATIRIM MENKUL DEĞERLER A.Ş. - Özel Durum Açıklaması (Genel),GEDİK YATIRIM MENKUL DEĞERLER A.Ş. - Özel Durum Açıklaması (Genel). Özel Durum Açıklaması (Genel) Ichain Yatırım Holding AŞ?nin Misyon Kripto Varlık Alım Satım Platformu AŞye sermaye artırımında iştirak etmesi hakkında,https://www.kap.org.tr/tr/Bildirim/1614123,tr,2026-06-05T19:53:26+00:00,0.290196756205378,0.5925449752995643,0.1172582684950578,neutral,-0.1729384877103201
2026-06-05,GENTS,KAP,GENTAŞ DEKORATİF YÜZEYLER SANAYİ VE TİCARET A.Ş. - Özel Durum Açıklaması (Genel),GENTAŞ DEKORATİF YÜZEYLER SANAYİ VE TİCARET A.Ş. - Özel Durum Açıklaması (Genel). Özel Durum Açıklaması (Genel) Süresi içerisinde kaydileştirilmediği için mülkiyeti Yatırımcı Tazmin Merkezi (YTM)?ne intikal eden fiziki payların YTM'ye son başvuru tarihi Hk.,https://www.kap.org.tr/tr/Bildirim/1613677,tr,2026-06-05T14:38:47+00:00,0.2604430874168869,0.5662118100295418,0.1733451025535713,neutral,-0.0870979848633156
2026-06-05,GLRMK,KAP,GÜLERMAK AĞIR SANAYİ İNŞAAT VE TAAHHÜT A.Ş. - Özel Durum Açıklaması (Genel),GÜLERMAK AĞIR SANAYİ İNŞAAT VE TAAHHÜT A.Ş. - Özel Durum Açıklaması (Genel). Özel Durum Açıklaması (Genel) Yönetim Kurulu Görev Dağılımı Hakkında,https://www.kap.org.tr/tr/Bildirim/1613382,tr,2026-06-05T08:51:36+00:00,0.3649531709400057,0.5066224040557147,0.1284244250042796,neutral,-0.2365287459357261
2026-06-05,GLRMK,KAP,GÜLERMAK AĞIR SANAYİ İNŞAAT VE TAAHHÜT A.Ş. - Şirket Genel Bilgi Formu,GÜLERMAK AĞIR SANAYİ İNŞAAT VE TAAHHÜT A.Ş. - Şirket Genel Bilgi Formu. Şirket Genel Bilgi Formu,https://www.kap.org.tr/tr/Bildirim/1613383,tr,2026-06-05T08:53:04+00:00,0.1412132580134104,0.7411969247332771,0.1175898172533124,neutral,-0.0236234407600979
2026-06-05,GLRMK,KAP,GÜLERMAK AĞIR SANAYİ İNŞAAT VE TAAHHÜT A.Ş. - Yönetim Kurulu Komiteleri,GÜLERMAK AĞIR SANAYİ İNŞAAT VE TAAHHÜT A.Ş. - Yönetim Kurulu Komiteleri. Yönetim Kurulu Komiteleri Yönetim Kurulu Komite Üyelerinin Seçimi Hakkında,https://www.kap.org.tr/tr/Bildirim/1613384,tr,2026-06-05T08:53:38+00:00,0.2632154262231319,0.5167952234197327,0.2199893503571352,neutral,-0.0432260758659966
2026-06-05,GLRYH,KAP,GÜLER YATIRIM HOLDİNG A.Ş. - Genel Kurul İşlemlerine İlişkin Bildirim,GÜLER YATIRIM HOLDİNG A.Ş. - Genel Kurul İşlemlerine İlişkin Bildirim. Genel Kurul İşlemlerine İlişkin Bildirim 2025 Yılı Olağan Genel Kurulu Daveti,https://www.kap.org.tr/tr/Bildirim/1613955,tr,2026-06-05T18:10:44+00:00,0.1565371088244523,0.7381410923066432,0.1053217988689044,neutral,-0.0512153099555478
2026-06-05,GLRYH,KAP,GÜLER YATIRIM HOLDİNG A.Ş. - Kar Payı Dağıtım İşlemlerine İlişkin Bildirim,GÜLER YATIRIM HOLDİNG A.Ş. - Kar Payı Dağıtım İşlemlerine İlişkin Bildirim. Kar Payı Dağıtım İşlemlerine İlişkin Bildirim Yönetim Kurulu'nun Kar Payı Dağıtılmamasına İlişkin Teklifi,https://www.kap.org.tr/tr/Bildirim/1613956,tr,2026-06-05T18:10:51+00:00,0.4257766168015401,0.0649757635195136,0.5092476196789463,positive,0.0834710028774061
2026-06-05,GLYHO,KAP,GLOBAL YATIRIM HOLDİNG A.Ş. - Payların Geri Alınmasına İlişkin Bildirim,GLOBAL YATIRIM HOLDİNG A.Ş. - Payların Geri Alınmasına İlişkin Bildirim. Payların Geri Alınmasına İlişkin Bildirim 05.06.2026 Tarihli Pay Geri Alım İşlemleri,https://www.kap.org.tr/tr/Bildirim/1614104,tr,2026-06-05T18:41:04+00:00,0.0470441709741324,0.0799397388552494,0.8730160901706181,positive,0.8259719191964856
2026-06-05,GRNYO,KAP,GARANTİ YATIRIM ORTAKLIĞI A.Ş. - Özel Durum Açıklaması (Genel),"GARANTİ YATIRIM ORTAKLIĞI A.Ş. - Özel Durum Açıklaması (Genel). Özel Durum Açıklaması (Genel) Paylarının BİAŞ'ta oluşan ağırlıklı ortalama fiyatının, pay başına net aktif değerinin 2 katını aşması hakkında.",https://www.kap.org.tr/tr/Bildirim/1613512,tr,2026-06-05T11:27:08+00:00,0.1608137870998377,0.735047836946236,0.1041383759539263,neutral,-0.0566754111459113
2026-06-05,GUBRF,KAP,GÜBRE FABRİKALARI T.A.Ş. - Özel Durum Açıklaması (Genel),GÜBRE FABRİKALARI T.A.Ş. - Özel Durum Açıklaması (Genel). Özel Durum Açıklaması (Genel) Yönetim Kurulu Üyesi ve Genel Müdürün Görevden Ayrılması,https://www.kap.org.tr/tr/Bildirim/1614134,tr,2026-06-05T22:15:37+00:00,0.3768522488439901,0.5031420595810627,0.1200056915749471,neutral,-0.2568465572690429
2026-06-05,HALKB,KAP,TÜRKİYE HALK BANKASI A.Ş. - Pay Dışında Sermaye Piyasası Aracı İşlemlerine İlişkin Bildirim (Faiz İçeren),TÜRKİYE HALK BANKASI A.Ş. - Pay Dışında Sermaye Piyasası Aracı İşlemlerine İlişkin Bildirim (Faiz İçeren). Pay Dışında Sermaye Piyasası Aracı İşlemlerine İlişkin Bildirim (Faiz İçeren) Yurtiçinde Nitelikli Yatırımcılara Sermaye Benzeri Tahvil Kupon İtfası,https://www.kap.org.tr/tr/Bildirim/1613506,tr,2026-06-05T11:18:50+00:00,0.0409407886693053,0.9004329006043608,0.0586263107263339,neutral,0.0176855220570286
2026-06-05,HDFFL,KAP,HEDEF ARAÇ KİRALAMA VE SERVİS A.Ş. - Pay Dışında Sermaye Piyasası Aracı İşlemlerine İlişkin Bildirim (Faiz İçeren),HEDEF ARAÇ KİRALAMA VE SERVİS A.Ş. - Pay Dışında Sermaye Piyasası Aracı İşlemlerine İlişkin Bildirim (Faiz İçeren). Pay Dışında Sermaye Piyasası Aracı İşlemlerine İlişkin Bildirim (Faiz İçeren) 1. Kupon Oranı Belirlenmesi,https://www.kap.org.tr/tr/Bildirim/1613399,tr,2026-06-05T09:25:24+00:00,0.0329999578266194,0.9182898926578176,0.0487101495155629,neutral,0.0157101916889435
2026-06-05,HDFFL,KAP,HEDEF ARAÇ KİRALAMA VE SERVİS A.Ş. - Pay Dışında Sermaye Piyasası Aracı İşlemlerine İlişkin Bildirim (Faiz İçeren),HEDEF ARAÇ KİRALAMA VE SERVİS A.Ş. - Pay Dışında Sermaye Piyasası Aracı İşlemlerine İlişkin Bildirim (Faiz İçeren). Pay Dışında Sermaye Piyasası Aracı İşlemlerine İlişkin Bildirim (Faiz İçeren) TRSHDAK32810 ISIN Kodlu Tahvilin 1. Kupon Ödemesi,https://www.kap.org.tr/tr/Bildirim/1613619,tr,2026-06-05T13:48:23+00:00,0.0404183265108298,0.905924581744984,0.053657091744186,neutral,0.0132387652333561
2026-06-05,HLVKS,KAP,HALK VARLIK KİRALAMA A.Ş. - Pay Dışında Sermaye Piyasası Aracı İşlemlerine İlişkin Bildirim (Faizsiz),HALK VARLIK KİRALAMA A.Ş. - Pay Dışında Sermaye Piyasası Aracı İşlemlerine İlişkin Bildirim (Faizsiz). Pay Dışında Sermaye Piyasası Aracı İşlemlerine İlişkin Bildirim (Faizsiz) Yurtiçi Kira Sertifikası İtfa ve Getiri Ödemesi EKGYO,https://www.kap.org.tr/tr/Bildirim/1613610,tr,2026-06-05T13:10:58+00:00,0.0470639225439216,0.889985794284044,0.0629502831720343,neutral,0.0158863606281126
2026-06-05,HRKET,KAP,HAREKET PROJE TAŞIMACILIĞI VE YÜK MÜHENDİSLİĞİ A.Ş. - Genel Kurul İşlemlerine İlişkin Bildirim,HAREKET PROJE TAŞIMACILIĞI VE YÜK MÜHENDİSLİĞİ A.Ş. - Genel Kurul İşlemlerine İlişkin Bildirim. Genel Kurul İşlemlerine İlişkin Bildirim 2025 Yılı Olağan Genel Kurul Toplantı Sonucu,https://www.kap.org.tr/tr/Bildirim/1613599,tr,2026-06-05T13:05:24+00:00,0.1864206239721439,0.7035713451240999,0.1100080309037561,neutral,-0.0764125930683877
2026-06-05,HRKET,KAP,HAREKET PROJE TAŞIMACILIĞI VE YÜK MÜHENDİSLİĞİ A.Ş. - Kar Payı Dağıtım İşlemlerine İlişkin Bildirim,HAREKET PROJE TAŞIMACILIĞI VE YÜK MÜHENDİSLİĞİ A.Ş. - Kar Payı Dağıtım İşlemlerine İlişkin Bildirim. Kar Payı Dağıtım İşlemlerine İlişkin Bildirim 2025 Yılı Kar Payı Dağıtımına İlişkin Kararın Genel Kurul'da Onaylanması Hk.,https://www.kap.org.tr/tr/Bildirim/1613611,tr,2026-06-05T13:12:01+00:00,0.1800509212910767,0.0449644483629519,0.7749846303459714,positive,0.5949337090548947
2026-06-05,HRKET,KAP,HAREKET PROJE TAŞIMACILIĞI VE YÜK MÜHENDİSLİĞİ A.Ş. - Bağımsız Denetim Kuruluşunun Belirlenmesi,HAREKET PROJE TAŞIMACILIĞI VE YÜK MÜHENDİSLİĞİ A.Ş. - Bağımsız Denetim Kuruluşunun Belirlenmesi. Bağımsız Denetim Kuruluşunun Belirlenmesi Bağımsız Denetim Kuruluşu Seçiminin Genel Kurul'da Onaylanması Hk.,https://www.kap.org.tr/tr/Bildirim/1613612,tr,2026-06-05T13:12:27+00:00,0.1252850476524441,0.80754860615799,0.0671663461895659,neutral,-0.0581187014628781
2026-06-05,IHAAS,KAP,İHLAS HABER AJANSI A.Ş. - Olağan Dışı Fiyat ve Miktar Hareketleri,İHLAS HABER AJANSI A.Ş. - Olağan Dışı Fiyat ve Miktar Hareketleri. Olağan Dışı Fiyat ve Miktar Hareketleri Olağandışı Fiyat ve Miktar Hareketi Hk.,https://www.kap.org.tr/tr/Bildirim/1613792,tr,2026-06-05T16:34:32+00:00,0.2035724777557191,0.5228975040107305,0.2735300182335503,neutral,0.0699575404778311
2026-06-05,IHLAS,KAP,İHLAS HOLDİNG A.Ş. - Sermaye Artırımı - Azaltımı İşlemlerine İlişkin Bildirim,İHLAS HOLDİNG A.Ş. - Sermaye Artırımı - Azaltımı İşlemlerine İlişkin Bildirim. Sermaye Artırımı - Azaltımı İşlemlerine İlişkin Bildirim Bedelli Sermaye Artırımına İlişkin İzahnamenin SPK Tarafından Onaylanması Hk.,https://www.kap.org.tr/tr/Bildirim/1613395,tr,2026-06-05T09:06:29+00:00,0.1829099979138808,0.2939646977307681,0.523125304355351,positive,0.3402153064414701
2026-06-05,IHLAS,KAP,İHLAS HOLDİNG A.Ş. - İzahname (SPK Tarafından Onaylanan),İHLAS HOLDİNG A.Ş. - İzahname (SPK Tarafından Onaylanan). İzahname (SPK Tarafından Onaylanan) Bedelli Sermaye Artırımına İlişkin SPK Tarafından Onaylanan İzahname Hk.,https://www.kap.org.tr/tr/Bildirim/1614112,tr,2026-06-05T19:17:12+00:00,0.2170406701466157,0.5049676594091344,0.27799167044425,neutral,0.0609510002976342
2026-06-05,IMASM,KAP,İMAŞ MAKİNA SANAYİ A.Ş. - Genel Kurul İşlemlerine İlişkin Bildirim,İMAŞ MAKİNA SANAYİ A.Ş. - Genel Kurul İşlemlerine İlişkin Bildirim. Genel Kurul İşlemlerine İlişkin Bildirim Genel Kurul Toplantı Sonucu,https://www.kap.org.tr/tr/Bildirim/1613614,tr,2026-06-05T13:34:12+00:00,0.1657033782298184,0.7114343734449973,0.1228622483251842,neutral,-0.0428411299046341
2026-06-05,IMASM,KAP,İMAŞ MAKİNA SANAYİ A.Ş. - Kar Payı Dağıtım İşlemlerine İlişkin Bildirim,İMAŞ MAKİNA SANAYİ A.Ş. - Kar Payı Dağıtım İşlemlerine İlişkin Bildirim. Kar Payı Dağıtım İşlemlerine İlişkin Bildirim 2025 yılı Kar dağıtımı ile ilgili Genel Kurul kararı hakkında,https://www.kap.org.tr/tr/Bildirim/1613615,tr,2026-06-05T13:37:36+00:00,0.1506433488407374,0.0735396968680923,0.7758169542911701,positive,0.6251736054504327
2026-06-05,IMASM,KAP,İMAŞ MAKİNA SANAYİ A.Ş. - Bağımsız Denetim Kuruluşunun Belirlenmesi,İMAŞ MAKİNA SANAYİ A.Ş. - Bağımsız Denetim Kuruluşunun Belirlenmesi. Bağımsız Denetim Kuruluşunun Belirlenmesi Bağımsız Denetim Şirketinin Seçimi Hakkında Genel Kurul Sonucu,https://www.kap.org.tr/tr/Bildirim/1613616,tr,2026-06-05T13:38:17+00:00,0.0854138090336242,0.823058930131254,0.0915272608351217,neutral,0.0061134518014975
2026-06-05,ISATR,KAP,TÜRKİYE İŞ BANKASI A.Ş. - Pay Dışında Sermaye Piyasası Aracı İşlemlerine İlişkin Bildirim (Faiz İçeren),TÜRKİYE İŞ BANKASI A.Ş. - Pay Dışında Sermaye Piyasası Aracı İşlemlerine İlişkin Bildirim (Faiz İçeren). Pay Dışında Sermaye Piyasası Aracı İşlemlerine İlişkin Bildirim (Faiz İçeren) Yurtdışı Piyasalara Tahvil İhracı,https://www.kap.org.tr/tr/Bildirim/1613684,tr,2026-06-05T15:07:52+00:00,0.0443848913760433,0.8974819785284599,0.0581331300954967,neutral,0.0137482387194534
2026-06-05,ISBTR,KAP,TÜRKİYE İŞ BANKASI A.Ş. - Pay Dışında Sermaye Piyasası Aracı İşlemlerine İlişkin Bildirim (Faiz İçeren),TÜRKİYE İŞ BANKASI A.Ş. - Pay Dışında Sermaye Piyasası Aracı İşlemlerine İlişkin Bildirim (Faiz İçeren). Pay Dışında Sermaye Piyasası Aracı İşlemlerine İlişkin Bildirim (Faiz İçeren) Yurtdışı Piyasalara Tahvil İhracı,https://www.kap.org.tr/tr/Bildirim/1613684,tr,2026-06-05T15:07:52+00:00,0.0443848913760433,0.8974819785284599,0.0581331300954967,neutral,0.0137482387194534
2026-06-05,ISCTR,KAP,TÜRKİYE İŞ BANKASI A.Ş. - Pay Dışında Sermaye Piyasası Aracı İşlemlerine İlişkin Bildirim (Faiz İçeren),TÜRKİYE İŞ BANKASI A.Ş. - Pay Dışında Sermaye Piyasası Aracı İşlemlerine İlişkin Bildirim (Faiz İçeren). Pay Dışında Sermaye Piyasası Aracı İşlemlerine İlişkin Bildirim (Faiz İçeren) Yurtdışı Piyasalara Tahvil İhracı,https://www.kap.org.tr/tr/Bildirim/1613684,tr,2026-06-05T15:07:52+00:00,0.0443848913760433,0.8974819785284599,0.0581331300954967,neutral,0.0137482387194534
2026-06-05,ISFAK,KAP,İŞ FAKTORİNG A.Ş. - Pay Dışında Sermaye Piyasası Aracı İşlemlerine İlişkin Bildirim (Faiz İçeren),İŞ FAKTORİNG A.Ş. - Pay Dışında Sermaye Piyasası Aracı İşlemlerine İlişkin Bildirim (Faiz İçeren). Pay Dışında Sermaye Piyasası Aracı İşlemlerine İlişkin Bildirim (Faiz İçeren) Nitelikli Yatırımcıya Borçlanma Aracı İhracı,https://www.kap.org.tr/tr/Bildirim/1613489,tr,2026-06-05T11:09:02+00:00,0.0422563055679034,0.9013926724910284,0.0563510219410679,neutral,0.0140947163731645
2026-06-05,ISFAK,KAP,İŞ FAKTORİNG A.Ş. - Pay Dışında Sermaye Piyasası Aracı İşlemlerine İlişkin Bildirim (Faiz İçeren),İŞ FAKTORİNG A.Ş. - Pay Dışında Sermaye Piyasası Aracı İşlemlerine İlişkin Bildirim (Faiz İçeren). Pay Dışında Sermaye Piyasası Aracı İşlemlerine İlişkin Bildirim (Faiz İçeren) TRFISFA62612 ISIN Kodlu Finansman Bonosu Kupon Oranı Açıklaması,https://www.kap.org.tr/tr/Bildirim/1613800,tr,2026-06-05T16:44:37+00:00,0.0472802463243346,0.8907286684755845,0.0619910852000808,neutral,0.0147108388757462
2026-06-05,ISKUR,KAP,TÜRKİYE İŞ BANKASI A.Ş. - Pay Dışında Sermaye Piyasası Aracı İşlemlerine İlişkin Bildirim (Faiz İçeren),TÜRKİYE İŞ BANKASI A.Ş. - Pay Dışında Sermaye Piyasası Aracı İşlemlerine İlişkin Bildirim (Faiz İçeren). Pay Dışında Sermaye Piyasası Aracı İşlemlerine İlişkin Bildirim (Faiz İçeren) Yurtdışı Piyasalara Tahvil İhracı,https://www.kap.org.tr/tr/Bildirim/1613684,tr,2026-06-05T15:07:52+00:00,0.0443848913760433,0.8974819785284599,0.0581331300954967,neutral,0.0137482387194534
2026-06-05,ISMEN,KAP,İŞ YATIRIM MENKUL DEĞERLER A.Ş. - Piyasa Yapıcılığı Kapsamında Gerçekleştirilen İşlemler Bildirimi,İŞ YATIRIM MENKUL DEĞERLER A.Ş. - Piyasa Yapıcılığı Kapsamında Gerçekleştirilen İşlemler Bildirimi. Piyasa Yapıcılığı Kapsamında Gerçekleştirilen İşlemler Bildirimi Borsa Yatırım Fonu Piyasa Yapıcılığı İşlemleri ISGLK,https://www.kap.org.tr/tr/Bildirim/1613545,tr,2026-06-05T12:35:24+00:00,0.1089235163408319,0.7776769728658276,0.1133995107933403,neutral,0.0044759944525084
2026-06-05,ISMEN,KAP,İŞ YATIRIM MENKUL DEĞERLER A.Ş. - Yatırım Kuruluşu Varant - Sertifika - Senetlerine İlişkin Bildirim,İŞ YATIRIM MENKUL DEĞERLER A.Ş. - Yatırım Kuruluşu Varant - Sertifika - Senetlerine İlişkin Bildirim. Yatırım Kuruluşu Varant - Sertifika - Senetlerine İlişkin Bildirim İş Yatırım Sertifika ve Varant Alım Satım İşlemleri,https://www.kap.org.tr/tr/Bildirim/1613546,tr,2026-06-05T12:36:19+00:00,0.0895846613283037,0.7899223826599613,0.1204929560117349,neutral,0.0309082946834312
2026-06-05,IYM,KAP,İŞ YATIRIM MENKUL DEĞERLER A.Ş. - Piyasa Yapıcılığı Kapsamında Gerçekleştirilen İşlemler Bildirimi,İŞ YATIRIM MENKUL DEĞERLER A.Ş. - Piyasa Yapıcılığı Kapsamında Gerçekleştirilen İşlemler Bildirimi. Piyasa Yapıcılığı Kapsamında Gerçekleştirilen İşlemler Bildirimi Borsa Yatırım Fonu Piyasa Yapıcılığı İşlemleri ISGLK,https://www.kap.org.tr/tr/Bildirim/1613545,tr,2026-06-05T12:35:24+00:00,0.1089235163408319,0.7776769728658276,0.1133995107933403,neutral,0.0044759944525084
2026-06-05,IYM,KAP,İŞ YATIRIM MENKUL DEĞERLER A.Ş. - Yatırım Kuruluşu Varant - Sertifika - Senetlerine İlişkin Bildirim,İŞ YATIRIM MENKUL DEĞERLER A.Ş. - Yatırım Kuruluşu Varant - Sertifika - Senetlerine İlişkin Bildirim. Yatırım Kuruluşu Varant - Sertifika - Senetlerine İlişkin Bildirim İş Yatırım Sertifika ve Varant Alım Satım İşlemleri,https://www.kap.org.tr/tr/Bildirim/1613546,tr,2026-06-05T12:36:19+00:00,0.0895846613283037,0.7899223826599613,0.1204929560117349,neutral,0.0309082946834312
2026-06-05,IZENR,KAP,İZDEMİR ENERJİ ELEKTRİK ÜRETİM A.Ş. - Faaliyetlerin Kısmen veya Tamamen Durdurulması ya da İmkansız Hale Gelmesi,İZDEMİR ENERJİ ELEKTRİK ÜRETİM A.Ş. - Faaliyetlerin Kısmen veya Tamamen Durdurulması ya da İmkansız Hale Gelmesi. Faaliyetlerin Kısmen veya Tamamen Durdurulması ya da İmkansız Hale Gelmesi Yıllık Planlı Bakımın Tamamlanması,https://www.kap.org.tr/tr/Bildirim/1613997,tr,2026-06-05T18:12:34+00:00,0.3209543927597634,0.3226107533350051,0.3564348539052314,positive,0.0354804611454679
2026-06-05,KAYSE,KAP,KAYSERİ ŞEKER FABRİKASI A.Ş. - Esas Sözleşme Tadili,KAYSERİ ŞEKER FABRİKASI A.Ş. - Esas Sözleşme Tadili. Esas Sözleşme Tadili Esas Sözleşme Tadili,https://www.kap.org.tr/tr/Bildirim/1614124,tr,2026-06-05T20:11:10+00:00,0.1926352584323267,0.5469719473253268,0.2603927942423465,neutral,0.0677575358100198
2026-06-05,KAYSE,KAP,KAYSERİ ŞEKER FABRİKASI A.Ş. - Özel Durum Açıklaması (Genel),KAYSERİ ŞEKER FABRİKASI A.Ş. - Özel Durum Açıklaması (Genel). Özel Durum Açıklaması (Genel) Şeker Pancarı Tohumu Islahı Projesi Faaliyetleri Kapsamında Ortaklık Görüşmelerinin Sonlandırılması Hk.,https://www.kap.org.tr/tr/Bildirim/1614125,tr,2026-06-05T20:11:59+00:00,0.4266396355113522,0.4355817265523725,0.1377786379362751,neutral,-0.2888609975750771
2026-06-05,KCAER,KAP,KOCAER ÇELİK SANAYİ VE TİCARET A.Ş. - Genel Kurul İşlemlerine İlişkin Bildirim,KOCAER ÇELİK SANAYİ VE TİCARET A.Ş. - Genel Kurul İşlemlerine İlişkin Bildirim. Genel Kurul İşlemlerine İlişkin Bildirim Olağan Genel Kurul Tescil İşlemlerinin Tamamlanması,https://www.kap.org.tr/tr/Bildirim/1613538,tr,2026-06-05T12:13:36+00:00,0.1150176331435725,0.8266927147171979,0.0582896521392296,neutral,-0.0567279810043429
2026-06-05,KCAER,KAP,KOCAER ÇELİK SANAYİ VE TİCARET A.Ş. - Bağımsız Denetim Kuruluşunun Belirlenmesi,KOCAER ÇELİK SANAYİ VE TİCARET A.Ş. - Bağımsız Denetim Kuruluşunun Belirlenmesi. Bağımsız Denetim Kuruluşunun Belirlenmesi Bağımsız Denetim Kuruluşunun Belirlenmesi,https://www.kap.org.tr/tr/Bildirim/1613542,tr,2026-06-05T12:23:06+00:00,0.0548149608565942,0.8754420406252345,0.0697429985181712,neutral,0.014928037661577
2026-06-05,KFILO,KAP,KAYATUR FİLO KİRALAMA A.Ş. - Pay Dışında Sermaye Piyasası Aracı İşlemlerine İlişkin Bildirim (Faiz İçeren),KAYATUR FİLO KİRALAMA A.Ş. - Pay Dışında Sermaye Piyasası Aracı İşlemlerine İlişkin Bildirim (Faiz İçeren). Pay Dışında Sermaye Piyasası Aracı İşlemlerine İlişkin Bildirim (Faiz İçeren) TRFKYTR62611 ISIN kodlu tahvilin anapara ve faiz itfası yapılmıştır,https://www.kap.org.tr/tr/Bildirim/1613536,tr,2026-06-05T11:59:42+00:00,0.0333144551013175,0.9195230485410292,0.0471624963576533,neutral,0.0138480412563358
2026-06-05,KLSYN,KAP,KOLEKSİYON MOBİLYA SANAYİ A.Ş. - Yönetim Kurulu Komiteleri,KOLEKSİYON MOBİLYA SANAYİ A.Ş. - Yönetim Kurulu Komiteleri. Yönetim Kurulu Komiteleri Yönetim Kurulu Komiteleri Hakkında,https://www.kap.org.tr/tr/Bildirim/1613446,tr,2026-06-05T09:57:15+00:00,0.2476684994429063,0.523794108782127,0.2285373917749666,neutral,-0.0191311076679396
2026-06-05,KLSYN,KAP,KOLEKSİYON MOBİLYA SANAYİ A.Ş. - Şirket Genel Bilgi Formu,KOLEKSİYON MOBİLYA SANAYİ A.Ş. - Şirket Genel Bilgi Formu. Şirket Genel Bilgi Formu,https://www.kap.org.tr/tr/Bildirim/1613454,tr,2026-06-05T10:03:19+00:00,0.1262624982039736,0.7600993319680888,0.1136381698279377,neutral,-0.0126243283760358
2026-06-05,KNFRT,KAP,KONFRUT TARIM A.Ş. - Genel Kurul İşlemlerine İlişkin Bildirim,KONFRUT TARIM A.Ş. - Genel Kurul İşlemlerine İlişkin Bildirim. Genel Kurul İşlemlerine İlişkin Bildirim 2025 Yılı Olağan Genel Kurul Toplantısı Tescili,https://www.kap.org.tr/tr/Bildirim/1614046,tr,2026-06-05T18:23:33+00:00,0.2004109747235107,0.727454971955479,0.0721340533210103,neutral,-0.1282769214025003
2026-06-05,KNFRT,KAP,KONFRUT TARIM A.Ş. - Bağımsız Denetim Kuruluşunun Belirlenmesi,KONFRUT TARIM A.Ş. - Bağımsız Denetim Kuruluşunun Belirlenmesi. Bağımsız Denetim Kuruluşunun Belirlenmesi Bağımsız Denetim Kuruluşu Seçiminin Tescili ve TTSG'de İlanı,https://www.kap.org.tr/tr/Bildirim/1614103,tr,2026-06-05T18:34:55+00:00,0.0768109609095089,0.8370025729220404,0.0861864661684506,neutral,0.0093755052589417
2026-06-05,KONYA,KAP,KONYA ÇİMENTO SANAYİİ A.Ş. - Özel Durum Açıklaması (Genel),KONYA ÇİMENTO SANAYİİ A.Ş. - Özel Durum Açıklaması (Genel). Özel Durum Açıklaması (Genel) Süresi İçinde Kaydileştirilmeyen Paylar Hakkında,https://www.kap.org.tr/tr/Bildirim/1613807,tr,2026-06-05T16:52:17+00:00,0.3550550757807472,0.5032247980598192,0.1417201261594337,neutral,-0.2133349496213135
2026-06-05,LIDFA,KAP,LİDER FAKTORİNG A.Ş. - Pay Dışında Sermaye Piyasası Aracı İşlemlerine İlişkin Bildirim (Faiz İçeren),LİDER FAKTORİNG A.Ş. - Pay Dışında Sermaye Piyasası Aracı İşlemlerine İlişkin Bildirim (Faiz İçeren). Pay Dışında Sermaye Piyasası Aracı İşlemlerine İlişkin Bildirim (Faiz İçeren) TRFLDFK62617 ISIN Kodlu Bono Kupon ve İtfa Ödemesi,https://www.kap.org.tr/tr/Bildirim/1613393,tr,2026-06-05T09:05:45+00:00,0.050757578369455,0.8792422113151527,0.0700002103153923,neutral,0.0192426319459372
2026-06-05,LIDFA,KAP,LİDER FAKTORİNG A.Ş. - Pay Dışında Sermaye Piyasası Aracı İşlemlerine İlişkin Bildirim (Faiz İçeren),LİDER FAKTORİNG A.Ş. - Pay Dışında Sermaye Piyasası Aracı İşlemlerine İlişkin Bildirim (Faiz İçeren). Pay Dışında Sermaye Piyasası Aracı İşlemlerine İlişkin Bildirim (Faiz İçeren) TRFLDFKA2614 ISIN Kodlu Bono İhracı,https://www.kap.org.tr/tr/Bildirim/1613402,tr,2026-06-05T09:30:07+00:00,0.0420558755324038,0.8984318087291441,0.059512315738452,neutral,0.0174564402060482
2026-06-05,LYDYE,KAP,LYDİA YEŞİL ENERJİ KAYNAKLARI A.Ş. - Genel Kurul İşlemlerine İlişkin Bildirim,LYDİA YEŞİL ENERJİ KAYNAKLARI A.Ş. - Genel Kurul İşlemlerine İlişkin Bildirim. Genel Kurul İşlemlerine İlişkin Bildirim 2025 Yılı Faaliyetlerinin Görüşüleceği Olağan Genel Kurul Toplantısı Hk.,https://www.kap.org.tr/tr/Bildirim/1613884,tr,2026-06-05T17:40:33+00:00,0.1999331311588511,0.7182845858327747,0.0817822830083741,neutral,-0.1181508481504769
2026-06-05,LYDYE,KAP,LYDİA YEŞİL ENERJİ KAYNAKLARI A.Ş. - Kar Payı Dağıtım İşlemlerine İlişkin Bildirim,LYDİA YEŞİL ENERJİ KAYNAKLARI A.Ş. - Kar Payı Dağıtım İşlemlerine İlişkin Bildirim. Kar Payı Dağıtım İşlemlerine İlişkin Bildirim Kar Dağıtım Teklifi Hk.,https://www.kap.org.tr/tr/Bildirim/1613929,tr,2026-06-05T18:02:28+00:00,0.1271804521329662,0.0327091075653953,0.8401104403016384,positive,0.7129299881686721
2026-06-05,MAGEN,KAP,MARGÜN ENERJİ ÜRETİM SANAYİ VE TİCARET A.Ş. - İhraç Tavanına İlişkin Bildirim,MARGÜN ENERJİ ÜRETİM SANAYİ VE TİCARET A.Ş. - İhraç Tavanına İlişkin Bildirim. İhraç Tavanına İlişkin Bildirim Yurt Dışında Satılmak Üzere Borçlanma Aracı İhraç Tavanı İçin SPK Onayı,https://www.kap.org.tr/tr/Bildirim/1614102,tr,2026-06-05T18:34:47+00:00,0.0579583244058105,0.8174116814712195,0.1246299941229699,neutral,0.0666716697171594
2026-06-05,MAKTK,KAP,MAKİNA TAKIM ENDÜSTRİSİ A.Ş. - Özel Durum Açıklaması (Genel),MAKİNA TAKIM ENDÜSTRİSİ A.Ş. - Özel Durum Açıklaması (Genel). Özel Durum Açıklaması (Genel) Yatırım Tazmin Merkezi (YTM) Başvuru Süresi Hakkında Bilgilendirme,https://www.kap.org.tr/tr/Bildirim/1613853,tr,2026-06-05T17:28:51+00:00,0.3431877013484846,0.5022368091817188,0.1545754894697966,neutral,-0.1886122118786879
2026-06-05,MEDTR,KAP,MEDİTERA TIBBİ MALZEME SANAYİ VE TİCARET A.Ş. - İhale Süreci / Sonucu,MEDİTERA TIBBİ MALZEME SANAYİ VE TİCARET A.Ş. - İhale Süreci / Sonucu. İhale Süreci / Sonucu İzmir Atatürk Eğitim ve Araştırma Hastanesi İhalesi Hakkında,https://www.kap.org.tr/tr/Bildirim/1613836,tr,2026-06-05T17:15:51+00:00,0.0896804274905046,0.2168401444519193,0.6934794280575759,positive,0.6037990005670713
2026-06-05,MEGAP,KAP,MEGA POLİETİLEN KÖPÜK SANAYİ VE TİCARET A.Ş. - Sorumluluk Beyanı (Konsolide),MEGA POLİETİLEN KÖPÜK SANAYİ VE TİCARET A.Ş. - Sorumluluk Beyanı (Konsolide). Sorumluluk Beyanı (Konsolide) Sorumluluk Beyanı,https://www.kap.org.tr/tr/Bildirim/1614138,tr,2026-06-05T23:24:05+00:00,0.1451117878987308,0.6607499580936861,0.194138254007583,neutral,0.0490264661088521
2026-06-05,MEGAP,KAP,MEGA POLİETİLEN KÖPÜK SANAYİ VE TİCARET A.Ş. - Finansal Rapor,MEGA POLİETİLEN KÖPÜK SANAYİ VE TİCARET A.Ş. - Finansal Rapor. Finansal Rapor,https://www.kap.org.tr/tr/Bildirim/1614139,tr,2026-06-05T23:24:21+00:00,0.1102292760284368,0.7245194705230867,0.1652512534484763,neutral,0.0550219774200394
2026-06-05,MEGAP,KAP,MEGA POLİETİLEN KÖPÜK SANAYİ VE TİCARET A.Ş. - Faaliyet Raporu (Konsolide),MEGA POLİETİLEN KÖPÜK SANAYİ VE TİCARET A.Ş. - Faaliyet Raporu (Konsolide). Faaliyet Raporu (Konsolide) Faaliye Raporu,https://www.kap.org.tr/tr/Bildirim/1614140,tr,2026-06-05T23:24:31+00:00,0.1258190401722242,0.6985736213396301,0.1756073384881456,neutral,0.0497882983159214
2026-06-05,NTHOL,KAP,NET HOLDİNG A.Ş. - Payların Geri Alınmasına İlişkin Bildirim,NET HOLDİNG A.Ş. - Payların Geri Alınmasına İlişkin Bildirim. Payların Geri Alınmasına İlişkin Bildirim Şirketimizin kendi paylarının geri alımı hakkında,https://www.kap.org.tr/tr/Bildirim/1613984,tr,2026-06-05T18:11:43+00:00,0.0697202414369322,0.1082927533160436,0.821987005247024,positive,0.7522667638100917
2026-06-05,OBAMS,KAP,OBA MAKARNACILIK SANAYİ VE TİCARET A.Ş. - Özel Durum Açıklaması (Genel),OBA MAKARNACILIK SANAYİ VE TİCARET A.Ş. - Özel Durum Açıklaması (Genel). Özel Durum Açıklaması (Genel) Şube Açılışı Hakkında,https://www.kap.org.tr/tr/Bildirim/1614137,tr,2026-06-05T22:57:53+00:00,0.2616786651535253,0.6227454227134983,0.1155759121329763,neutral,-0.1461027530205489
2026-06-05,OSVKS,KAP,OSMANLI VARLIK KİRALAMA A.Ş. - Pay Dışında Sermaye Piyasası Aracı İşlemlerine İlişkin Bildirim (Faizsiz),OSMANLI VARLIK KİRALAMA A.Ş. - Pay Dışında Sermaye Piyasası Aracı İşlemlerine İlişkin Bildirim (Faizsiz). Pay Dışında Sermaye Piyasası Aracı İşlemlerine İlişkin Bildirim (Faizsiz) TRDOSMV32719 ISIN Kodlu İhracın Kupon Ödemesi,https://www.kap.org.tr/tr/Bildirim/1613763,tr,2026-06-05T16:22:46+00:00,0.0465191341408786,0.893233903569519,0.0602469622896024,neutral,0.0137278281487237
2026-06-05,OSVKS,KAP,OSMANLI VARLIK KİRALAMA A.Ş. - Pay Dışında Sermaye Piyasası Aracı İşlemlerine İlişkin Bildirim (Faizsiz),OSMANLI VARLIK KİRALAMA A.Ş. - Pay Dışında Sermaye Piyasası Aracı İşlemlerine İlişkin Bildirim (Faizsiz). Pay Dışında Sermaye Piyasası Aracı İşlemlerine İlişkin Bildirim (Faizsiz) TRDOSMV92614 ISIN Kodlu İhracın Kupon Ödemesi,https://www.kap.org.tr/tr/Bildirim/1613764,tr,2026-06-05T16:24:53+00:00,0.0465191341408786,0.893233903569519,0.0602469622896024,neutral,0.0137278281487237
2026-06-05,OSVKS,KAP,OSMANLI VARLIK KİRALAMA A.Ş. - Pay Dışında Sermaye Piyasası Aracı İşlemlerine İlişkin Bildirim (Faizsiz),OSMANLI VARLIK KİRALAMA A.Ş. - Pay Dışında Sermaye Piyasası Aracı İşlemlerine İlişkin Bildirim (Faizsiz). Pay Dışında Sermaye Piyasası Aracı İşlemlerine İlişkin Bildirim (Faizsiz) TRDOSMV32818 ISIN Kodlu İhracın Kupon Ödemesi,https://www.kap.org.tr/tr/Bildirim/1613781,tr,2026-06-05T16:26:09+00:00,0.0465191341408786,0.893233903569519,0.0602469622896024,neutral,0.0137278281487237
2026-06-05,OYA,KAP,OYAK YATIRIM MENKUL DEĞERLER A.Ş. - Piyasa Yapıcılığı Kapsamında Gerçekleştirilen İşlemler Bildirimi,OYAK YATIRIM MENKUL DEĞERLER A.Ş. - Piyasa Yapıcılığı Kapsamında Gerçekleştirilen İşlemler Bildirimi. Piyasa Yapıcılığı Kapsamında Gerçekleştirilen İşlemler Bildirimi 05/06/2026 TARİHLİ OYAYO PİYASA YAPICILIĞI İŞLEMLERİ OYAYO,https://www.kap.org.tr/tr/Bildirim/1614101,tr,2026-06-05T18:31:24+00:00,0.0915791883191282,0.8054127772984628,0.1030080343824087,neutral,0.0114288460632805
2026-06-05,OYAYO,KAP,OYAK YATIRIM ORTAKLIĞI A.Ş. - Özel Durum Açıklaması (Genel),"OYAK YATIRIM ORTAKLIĞI A.Ş. - Özel Durum Açıklaması (Genel). Özel Durum Açıklaması (Genel) Ortaklık paylarının BİAŞ'ta oluşan ağırlıklı ortalama fiyatının, pay başına net aktif değerinin 2 katını aşması hakkında",https://www.kap.org.tr/tr/Bildirim/1613511,tr,2026-06-05T11:27:07+00:00,0.172150023290422,0.7267236126269396,0.1011263640826383,neutral,-0.0710236592077837
2026-06-05,OYYAT,KAP,OYAK YATIRIM MENKUL DEĞERLER A.Ş. - Piyasa Yapıcılığı Kapsamında Gerçekleştirilen İşlemler Bildirimi,OYAK YATIRIM MENKUL DEĞERLER A.Ş. - Piyasa Yapıcılığı Kapsamında Gerçekleştirilen İşlemler Bildirimi. Piyasa Yapıcılığı Kapsamında Gerçekleştirilen İşlemler Bildirimi 05/06/2026 TARİHLİ OYAYO PİYASA YAPICILIĞI İŞLEMLERİ OYAYO,https://www.kap.org.tr/tr/Bildirim/1614101,tr,2026-06-05T18:31:24+00:00,0.0915791883191282,0.8054127772984628,0.1030080343824087,neutral,0.0114288460632805
2026-06-05,OZSUB,KAP,ÖZSU BALIK ÜRETİM A.Ş. - Genel Kurul İşlemlerine İlişkin Bildirim,ÖZSU BALIK ÜRETİM A.Ş. - Genel Kurul İşlemlerine İlişkin Bildirim. Genel Kurul İşlemlerine İlişkin Bildirim 2025 Yılı Olağan Genel Kurul Sonuçları,https://www.kap.org.tr/tr/Bildirim/1613681,tr,2026-06-05T14:57:55+00:00,0.2103576928151795,0.6896124802550164,0.100029826929804,neutral,-0.1103278658853755
2026-06-05,OZSUB,KAP,ÖZSU BALIK ÜRETİM A.Ş. - Kar Payı Dağıtım İşlemlerine İlişkin Bildirim,ÖZSU BALIK ÜRETİM A.Ş. - Kar Payı Dağıtım İşlemlerine İlişkin Bildirim. Kar Payı Dağıtım İşlemlerine İlişkin Bildirim Kar Payı Dağıtımına İlişkin Genel Kurul Kararı,https://www.kap.org.tr/tr/Bildirim/1613685,tr,2026-06-05T15:08:07+00:00,0.1407915585749186,0.0454342227293054,0.8137742186957759,positive,0.6729826601208573
2026-06-05,OZSUB,KAP,ÖZSU BALIK ÜRETİM A.Ş. - Yönetim Kurulu Komiteleri,ÖZSU BALIK ÜRETİM A.Ş. - Yönetim Kurulu Komiteleri. Yönetim Kurulu Komiteleri Yönetim Kurulu Komiteleri,https://www.kap.org.tr/tr/Bildirim/1613718,tr,2026-06-05T15:29:40+00:00,0.249962396326548,0.5209376672110069,0.2290999364624452,neutral,-0.0208624598641027
2026-06-05,OZYSR,KAP,ÖZYAŞAR TEL VE GALVANİZLEME SANAYİ A.Ş. - Genel Kurul İşlemlerine İlişkin Bildirim,ÖZYAŞAR TEL VE GALVANİZLEME SANAYİ A.Ş. - Genel Kurul İşlemlerine İlişkin Bildirim. Genel Kurul İşlemlerine İlişkin Bildirim 2025 Yılı Olağan Genel Kurul Toplantısı Sonucu,https://www.kap.org.tr/tr/Bildirim/1614130,tr,2026-06-05T21:15:33+00:00,0.1716386440339875,0.7414500162658889,0.0869113397001235,neutral,-0.084727304333864
2026-06-05,OZYSR,KAP,ÖZYAŞAR TEL VE GALVANİZLEME SANAYİ A.Ş. - Kar Payı Dağıtım İşlemlerine İlişkin Bildirim,ÖZYAŞAR TEL VE GALVANİZLEME SANAYİ A.Ş. - Kar Payı Dağıtım İşlemlerine İlişkin Bildirim. Kar Payı Dağıtım İşlemlerine İlişkin Bildirim 2025 Faaliyet Yılı Kâr Dağıtımı,https://www.kap.org.tr/tr/Bildirim/1614132,tr,2026-06-05T21:38:56+00:00,0.0893434687061942,0.0406683787253742,0.8699881525684315,positive,0.7806446838622373
2026-06-05,OZYSR,KAP,ÖZYAŞAR TEL VE GALVANİZLEME SANAYİ A.Ş. - Bağımsız Denetim Kuruluşunun Belirlenmesi,ÖZYAŞAR TEL VE GALVANİZLEME SANAYİ A.Ş. - Bağımsız Denetim Kuruluşunun Belirlenmesi. Bağımsız Denetim Kuruluşunun Belirlenmesi Bağımsız Denetim Kuruluşunun Belirlenmesi Hakkında - Genel Kurul,https://www.kap.org.tr/tr/Bildirim/1614133,tr,2026-06-05T21:39:12+00:00,0.0775990275535158,0.8583407867772128,0.0640601856692712,neutral,-0.0135388418842446
2026-06-05,PETKM,KAP,PETKİM PETROKİMYA HOLDİNG A.Ş. - Şirket Genel Bilgi Formu,PETKİM PETROKİMYA HOLDİNG A.Ş. - Şirket Genel Bilgi Formu. Şirket Genel Bilgi Formu,https://www.kap.org.tr/tr/Bildirim/1614114,tr,2026-06-05T19:26:33+00:00,0.123258569717488,0.7508598098041463,0.1258816204783655,neutral,0.0026230507608775
2026-06-05,PETKM,KAP,PETKİM PETROKİMYA HOLDİNG A.Ş. - Özel Durum Açıklaması (Genel),PETKİM PETROKİMYA HOLDİNG A.Ş. - Özel Durum Açıklaması (Genel). Özel Durum Açıklaması (Genel) Yatırımcı Tazmin Merkezine Başvuru Süresi Hakkında Duyuru,https://www.kap.org.tr/tr/Bildirim/1614115,tr,2026-06-05T19:26:43+00:00,0.3540724234389365,0.4992143881332833,0.1467131884277801,neutral,-0.2073592350111563
2026-06-05,PRKME,KAP,PARK ELEKTRİK ÜRETİM MADENCİLİK SANAYİ VE TİCARET A.Ş. - Kurumsal Yönetim İlkelerine Uyum Derecelendirmesi,PARK ELEKTRİK ÜRETİM MADENCİLİK SANAYİ VE TİCARET A.Ş. - Kurumsal Yönetim İlkelerine Uyum Derecelendirmesi. Kurumsal Yönetim İlkelerine Uyum Derecelendirmesi Kurumsal Yönetim Derecelendirmesi Dönem Revizyonu hk.,https://www.kap.org.tr/tr/Bildirim/1613674,tr,2026-06-05T14:36:14+00:00,0.1588373523155757,0.6133851461972875,0.2277775014871369,neutral,0.0689401491715611
2026-06-05,QNBTR,KAP,QNB BANK A.Ş. - Pay Dışında Sermaye Piyasası Aracı İşlemlerine İlişkin Bildirim (Faiz İçeren),QNB BANK A.Ş. - Pay Dışında Sermaye Piyasası Aracı İşlemlerine İlişkin Bildirim (Faiz İçeren). Pay Dışında Sermaye Piyasası Aracı İşlemlerine İlişkin Bildirim (Faiz İçeren) QNB Bank A.Ş. Borçlanma Aracı Satışın Tamamlanması hk.,https://www.kap.org.tr/tr/Bildirim/1613505,tr,2026-06-05T11:18:49+00:00,0.0530779527274739,0.8748358425839653,0.0720862046885608,neutral,0.0190082519610869
2026-06-05,QNBTR,KAP,QNB BANK A.Ş. - Özel Durum Açıklaması (Genel),"QNB BANK A.Ş. - Özel Durum Açıklaması (Genel). Özel Durum Açıklaması (Genel) Takipteki Kredi Portföyünden Satış DNYVA, DOGVY, EMIRV, GLCVY",https://www.kap.org.tr/tr/Bildirim/1613532,tr,2026-06-05T11:48:15+00:00,0.3515728151444145,0.5307117526552876,0.1177154322002979,neutral,-0.2338573829441166
2026-06-05,QNBTR,KAP,QNB BANK A.Ş. - Pay Dışında Sermaye Piyasası Aracı İşlemlerine İlişkin Bildirim (Faiz İçeren),QNB BANK A.Ş. - Pay Dışında Sermaye Piyasası Aracı İşlemlerine İlişkin Bildirim (Faiz İçeren). Pay Dışında Sermaye Piyasası Aracı İşlemlerine İlişkin Bildirim (Faiz İçeren) MTN programı kapsamında yurtdışında ihraç edilen borçlanma aracının ihracı,https://www.kap.org.tr/tr/Bildirim/1613715,tr,2026-06-05T15:24:23+00:00,0.0463639491848416,0.8924713072599151,0.0611647435552432,neutral,0.0148007943704016
2026-06-05,REEDR,KAP,REEDER TEKNOLOJİ SANAYİ VE TİCARET A.Ş. - Bağımsız Denetim Kuruluşunun Belirlenmesi,REEDER TEKNOLOJİ SANAYİ VE TİCARET A.Ş. - Bağımsız Denetim Kuruluşunun Belirlenmesi. Bağımsız Denetim Kuruluşunun Belirlenmesi Bağımsız Denetim Kuruluşunun Belirlenmesi,https://www.kap.org.tr/tr/Bildirim/1614141,tr,2026-06-05T23:33:01+00:00,0.0562771986750437,0.8704603951883028,0.0732624061366534,neutral,0.0169852074616097
2026-06-05,REEDR,KAP,REEDER TEKNOLOJİ SANAYİ VE TİCARET A.Ş. - Kar Payı Dağıtım İşlemlerine İlişkin Bildirim,REEDER TEKNOLOJİ SANAYİ VE TİCARET A.Ş. - Kar Payı Dağıtım İşlemlerine İlişkin Bildirim. Kar Payı Dağıtım İşlemlerine İlişkin Bildirim Kar Payı Dağıtım Önerisi,https://www.kap.org.tr/tr/Bildirim/1614142,tr,2026-06-05T23:33:51+00:00,0.0908780979980176,0.0358150964795293,0.873306805522453,positive,0.7824287075244354
2026-06-05,REEDR,KAP,REEDER TEKNOLOJİ SANAYİ VE TİCARET A.Ş. - Özel Durum Açıklaması (Genel),REEDER TEKNOLOJİ SANAYİ VE TİCARET A.Ş. - Özel Durum Açıklaması (Genel). Özel Durum Açıklaması (Genel) Yönetim Kurulu Bağış Üst Sınırı Önerisi Hk.,https://www.kap.org.tr/tr/Bildirim/1614143,tr,2026-06-05T23:35:28+00:00,0.2539323947357558,0.6141819800494884,0.1318856252147558,neutral,-0.1220467695209999
2026-06-05,SASA,KAP,SASA POLYESTER SANAYİ A.Ş. - Sermaye Artırımı - Azaltımı İşlemlerine İlişkin Bildirim,SASA POLYESTER SANAYİ A.Ş. - Sermaye Artırımı - Azaltımı İşlemlerine İlişkin Bildirim. Sermaye Artırımı - Azaltımı İşlemlerine İlişkin Bildirim Şarta Bağlı Sermaye Artırımı SPK Onayı,https://www.kap.org.tr/tr/Bildirim/1613469,tr,2026-06-05T10:23:21+00:00,0.118905848187195,0.2584679700016329,0.6226261818111721,positive,0.5037203336239772
2026-06-05,SEKFK,KAP,ŞEKER FİNANSAL KİRALAMA A.Ş. - Sermaye Artırımından Elde Edilecek - Edilen Fonun Kullanımına İlişkin Rapor,ŞEKER FİNANSAL KİRALAMA A.Ş. - Sermaye Artırımından Elde Edilecek - Edilen Fonun Kullanımına İlişkin Rapor. Sermaye Artırımından Elde Edilecek - Edilen Fonun Kullanımına İlişkin Rapor Şirketimizin Sermaye arttırımı başvurusuna ilişkin Revize edilen Fon Kullanım Raporu,https://www.kap.org.tr/tr/Bildirim/1613941,tr,2026-06-05T18:07:07+00:00,0.1474395664421469,0.714340125243487,0.138220308314366,neutral,-0.0092192581277808
2026-06-05,SELVA,KAP,SELVA GIDA SANAYİ A.Ş. - Genel Kurul İşlemlerine İlişkin Bildirim,SELVA GIDA SANAYİ A.Ş. - Genel Kurul İşlemlerine İlişkin Bildirim. Genel Kurul İşlemlerine İlişkin Bildirim Genel Kurul Toplantı Sonucu,https://www.kap.org.tr/tr/Bildirim/1614001,tr,2026-06-05T18:15:55+00:00,0.1628265761533602,0.7410704410914569,0.0961029827551829,neutral,-0.0667235933981772
2026-06-05,SELVA,KAP,SELVA GIDA SANAYİ A.Ş. - Bağımsız Denetim Kuruluşunun Belirlenmesi,SELVA GIDA SANAYİ A.Ş. - Bağımsız Denetim Kuruluşunun Belirlenmesi. Bağımsız Denetim Kuruluşunun Belirlenmesi Bağımsız Denetim Şirketinin Seçimi Hakkında Genel Kurul Sonucu,https://www.kap.org.tr/tr/Bildirim/1614002,tr,2026-06-05T18:16:21+00:00,0.0807570442911832,0.8439645128822696,0.0752784428265471,neutral,-0.0054786014646361
2026-06-05,SELVA,KAP,SELVA GIDA SANAYİ A.Ş. - Kar Payı Dağıtım İşlemlerine İlişkin Bildirim,SELVA GIDA SANAYİ A.Ş. - Kar Payı Dağıtım İşlemlerine İlişkin Bildirim. Kar Payı Dağıtım İşlemlerine İlişkin Bildirim 2025 yılı Kar dağıtımı ile ilgili Genel Kurul kararı hakkında,https://www.kap.org.tr/tr/Bildirim/1614045,tr,2026-06-05T18:22:49+00:00,0.1554712502915842,0.0658954963325817,0.778633253375834,positive,0.6231620030842497
2026-06-05,SISE,KAP,TÜRKİYE ŞİŞE VE CAM FABRİKALARI A.Ş. - Özel Durum Açıklaması (Genel),TÜRKİYE ŞİŞE VE CAM FABRİKALARI A.Ş. - Özel Durum Açıklaması (Genel). Özel Durum Açıklaması (Genel) Yönetici Sorumluluk Sigortası,https://www.kap.org.tr/tr/Bildirim/1613678,tr,2026-06-05T14:38:51+00:00,0.3332492975144528,0.521691630653509,0.145059071832038,neutral,-0.1881902256824148
2026-06-05,SMRFA,KAP,SÜMER FAKTORİNG A.Ş. - Pay Dışında Sermaye Piyasası Aracı İşlemlerine İlişkin Bildirim (Faiz İçeren),"SÜMER FAKTORİNG A.Ş. - Pay Dışında Sermaye Piyasası Aracı İşlemlerine İlişkin Bildirim (Faiz İçeren). Pay Dışında Sermaye Piyasası Aracı İşlemlerine İlişkin Bildirim (Faiz İçeren) Şirketimizin TRFSUMFA2614 ISIN kodlu, 90.000.000-TL nominal tutarlı ve 182 gün vadeli, değişken getirili 3 ayda bir kupon ödemeli Finansman Bonosu İhracının gerçekleşmesi hakkında",https://www.kap.org.tr/tr/Bildirim/1613443,tr,2026-06-05T09:55:11+00:00,0.0540939194904584,0.8724405323881399,0.0734655481214014,neutral,0.0193716286309429
2026-06-05,SMRFA,KAP,SÜMER FAKTORİNG A.Ş. - Pay Dışında Sermaye Piyasası Aracı İşlemlerine İlişkin Bildirim (Faiz İçeren),SÜMER FAKTORİNG A.Ş. - Pay Dışında Sermaye Piyasası Aracı İşlemlerine İlişkin Bildirim (Faiz İçeren). Pay Dışında Sermaye Piyasası Aracı İşlemlerine İlişkin Bildirim (Faiz İçeren) TRFSUMF32714 ISIN Kodlu Finansman Bonosunun 1.Kupon Ödemesinin Yapılması Hakkında,https://www.kap.org.tr/tr/Bildirim/1613480,tr,2026-06-05T10:43:49+00:00,0.0487576125162311,0.8865481509799287,0.0646942365038403,neutral,0.0159366239876092
2026-06-05,SMRVA,KAP,SÜMER VARLIK YÖNETİM A.Ş. - İhraç Tavanına İlişkin Bildirim,SÜMER VARLIK YÖNETİM A.Ş. - İhraç Tavanına İlişkin Bildirim. İhraç Tavanına İlişkin Bildirim Yurt İçi Borçlanma Aracı İhraç Limiti SPK Onayı,https://www.kap.org.tr/tr/Bildirim/1614100,tr,2026-06-05T18:31:05+00:00,0.084832206448005,0.7960026422746728,0.1191651512773222,neutral,0.0343329448293171
2026-06-05,SOKM,KAP,ŞOK MARKETLER TİCARET A.Ş. - Esas Sözleşme Tadili,ŞOK MARKETLER TİCARET A.Ş. - Esas Sözleşme Tadili. Esas Sözleşme Tadili Esas Sözleşme Tadiline İlişkin Yönetim Kurulu kararı,https://www.kap.org.tr/tr/Bildirim/1614110,tr,2026-06-05T19:05:24+00:00,0.1650914180944715,0.5903408334426152,0.2445677484629132,neutral,0.0794763303684417
2026-06-05,SOKM,KAP,ŞOK MARKETLER TİCARET A.Ş. - Kayıtlı Sermaye Tavanı İşlemlerine İlişkin Bildirim,ŞOK MARKETLER TİCARET A.Ş. - Kayıtlı Sermaye Tavanı İşlemlerine İlişkin Bildirim. Kayıtlı Sermaye Tavanı İşlemlerine İlişkin Bildirim Kayıtlı Sermaye Tavanının Artırılması ve Geçerlilik Süresinin Uzatılmasına İlişkin Yönetim Kurulu Kararı,https://www.kap.org.tr/tr/Bildirim/1614111,tr,2026-06-05T19:05:50+00:00,0.1106386652701056,0.3296023523442137,0.5597589823856807,positive,0.449120317115575
2026-06-05,TAC,KAP,TACİRLER YATIRIM MENKUL DEĞERLER A.Ş. - Pay Dışında Sermaye Piyasası Aracı İşlemlerine İlişkin Bildirim (Faiz İçeren),TACİRLER YATIRIM MENKUL DEĞERLER A.Ş. - Pay Dışında Sermaye Piyasası Aracı İşlemlerine İlişkin Bildirim (Faiz İçeren). Pay Dışında Sermaye Piyasası Aracı İşlemlerine İlişkin Bildirim (Faiz İçeren) TRFTCMD92610 ISIN Kodlu Bono İhracı Hk,https://www.kap.org.tr/tr/Bildirim/1613394,tr,2026-06-05T09:05:54+00:00,0.0309895649621777,0.9262300336315022,0.0427804014063201,neutral,0.0117908364441424
2026-06-05,TAE,KAP,TERA YATIRIM BANKASI A.Ş. - Pay Dışında Sermaye Piyasası Aracı İşlemlerine İlişkin Bildirim (Faiz İçeren),TERA YATIRIM BANKASI A.Ş. - Pay Dışında Sermaye Piyasası Aracı İşlemlerine İlişkin Bildirim (Faiz İçeren). Pay Dışında Sermaye Piyasası Aracı İşlemlerine İlişkin Bildirim (Faiz İçeren) TRFTRYB62610 ISIN Kodlu Finansman Bonosunun İtfası,https://www.kap.org.tr/tr/Bildirim/1613540,tr,2026-06-05T12:21:03+00:00,0.0393864540391327,0.9057023020897942,0.0549112438710731,neutral,0.0155247898319404
2026-06-05,TCRYT,KAP,TACİRLER YATIRIM MENKUL DEĞERLER A.Ş. - Pay Dışında Sermaye Piyasası Aracı İşlemlerine İlişkin Bildirim (Faiz İçeren),TACİRLER YATIRIM MENKUL DEĞERLER A.Ş. - Pay Dışında Sermaye Piyasası Aracı İşlemlerine İlişkin Bildirim (Faiz İçeren). Pay Dışında Sermaye Piyasası Aracı İşlemlerine İlişkin Bildirim (Faiz İçeren) TRFTCMD92610 ISIN Kodlu Bono İhracı Hk,https://www.kap.org.tr/tr/Bildirim/1613394,tr,2026-06-05T09:05:54+00:00,0.0309895649621777,0.9262300336315022,0.0427804014063201,neutral,0.0117908364441424
2026-06-05,THL,KAP,TÜRKİYE HALK BANKASI A.Ş. - Pay Dışında Sermaye Piyasası Aracı İşlemlerine İlişkin Bildirim (Faiz İçeren),TÜRKİYE HALK BANKASI A.Ş. - Pay Dışında Sermaye Piyasası Aracı İşlemlerine İlişkin Bildirim (Faiz İçeren). Pay Dışında Sermaye Piyasası Aracı İşlemlerine İlişkin Bildirim (Faiz İçeren) Yurtiçinde Nitelikli Yatırımcılara Sermaye Benzeri Tahvil Kupon İtfası,https://www.kap.org.tr/tr/Bildirim/1613506,tr,2026-06-05T11:18:50+00:00,0.0409407886693053,0.9004329006043608,0.0586263107263339,neutral,0.0176855220570286
2026-06-05,TIB,KAP,TÜRKİYE İŞ BANKASI A.Ş. - Pay Dışında Sermaye Piyasası Aracı İşlemlerine İlişkin Bildirim (Faiz İçeren),TÜRKİYE İŞ BANKASI A.Ş. - Pay Dışında Sermaye Piyasası Aracı İşlemlerine İlişkin Bildirim (Faiz İçeren). Pay Dışında Sermaye Piyasası Aracı İşlemlerine İlişkin Bildirim (Faiz İçeren) Yurtdışı Piyasalara Tahvil İhracı,https://www.kap.org.tr/tr/Bildirim/1613684,tr,2026-06-05T15:07:52+00:00,0.0443848913760433,0.8974819785284599,0.0581331300954967,neutral,0.0137482387194534
2026-06-05,TRALT,KAP,TÜRK ALTIN İŞLETMELERİ A.Ş. - Özel Durum Açıklaması (Genel),TÜRK ALTIN İŞLETMELERİ A.Ş. - Özel Durum Açıklaması (Genel). Özel Durum Açıklaması (Genel) Çukuralan Altın Madeni Kırma-Eleme Tesisi Projesi Hk.,https://www.kap.org.tr/tr/Bildirim/1614055,tr,2026-06-05T18:23:42+00:00,0.4062213469116157,0.4738813883081181,0.1198972647802661,neutral,-0.2863240821313496
2026-06-05,TRBNK,KAP,TERA YATIRIM BANKASI A.Ş. - Pay Dışında Sermaye Piyasası Aracı İşlemlerine İlişkin Bildirim (Faiz İçeren),TERA YATIRIM BANKASI A.Ş. - Pay Dışında Sermaye Piyasası Aracı İşlemlerine İlişkin Bildirim (Faiz İçeren). Pay Dışında Sermaye Piyasası Aracı İşlemlerine İlişkin Bildirim (Faiz İçeren) TRFTRYB62610 ISIN Kodlu Finansman Bonosunun İtfası,https://www.kap.org.tr/tr/Bildirim/1613540,tr,2026-06-05T12:21:03+00:00,0.0393864540391327,0.9057023020897942,0.0549112438710731,neutral,0.0155247898319404
2026-06-05,TRCAS,KAP,TURCAS HOLDİNG A.Ş. - Özel Durum Açıklaması (Genel),TURCAS HOLDİNG A.Ş. - Özel Durum Açıklaması (Genel). Özel Durum Açıklaması (Genel) Süresi içerisinde kaydileştirilmediği için mülkiyeti Yatırımcı Tazmin Merkezi?ne (YTM) intikal eden fiziki payların YTM'ye son başvuru tarihi,https://www.kap.org.tr/tr/Bildirim/1613825,tr,2026-06-05T17:00:20+00:00,0.346109429774111,0.4653184741079606,0.1885720961179283,neutral,-0.1575373336561827
2026-06-05,TRILC,KAP,TURK İLAÇ VE SERUM SANAYİ A.Ş. - Şirket Genel Bilgi Formu,TURK İLAÇ VE SERUM SANAYİ A.Ş. - Şirket Genel Bilgi Formu. Şirket Genel Bilgi Formu,https://www.kap.org.tr/tr/Bildirim/1613401,tr,2026-06-05T09:29:16+00:00,0.1192056165743472,0.7680970174310247,0.1126973659946281,neutral,-0.0065082505797191
2026-06-05,TRILC,KAP,TURK İLAÇ VE SERUM SANAYİ A.Ş. - Haber ve Söylentilere İlişkin Açıklama,TURK İLAÇ VE SERUM SANAYİ A.Ş. - Haber ve Söylentilere İlişkin Açıklama. Haber ve Söylentilere İlişkin Açıklama 08.05.2026 tarihinde Şirketimiz Genel Müdürü Yunus Emre BATTAL Tarafından Şirketimiz Paylarında Gerçekleştirilmiş Olan Pay Satışı Bilgilendirmesi Hakkında,https://www.kap.org.tr/tr/Bildirim/1613891,tr,2026-06-05T17:52:32+00:00,0.1703240632214031,0.599812413598233,0.2298635231803638,neutral,0.0595394599589606
2026-06-05,TSK,KAP,TÜRKİYE SINAİ KALKINMA BANKASI A.Ş. - Kurumsal Yönetim İlkelerine Uyum Derecelendirmesi,TÜRKİYE SINAİ KALKINMA BANKASI A.Ş. - Kurumsal Yönetim İlkelerine Uyum Derecelendirmesi. Kurumsal Yönetim İlkelerine Uyum Derecelendirmesi Kurumsal Yönetim İlkelerine Uyum Derecelendirmesi Sözleşmesi'nin Yenilenmesi - Düzeltme,https://www.kap.org.tr/tr/Bildirim/1613535,tr,2026-06-05T11:59:12+00:00,0.215884673782388,0.5587018353673584,0.2254134908502535,neutral,0.0095288170678655
2026-06-05,TSKB,KAP,TÜRKİYE SINAİ KALKINMA BANKASI A.Ş. - Kurumsal Yönetim İlkelerine Uyum Derecelendirmesi,TÜRKİYE SINAİ KALKINMA BANKASI A.Ş. - Kurumsal Yönetim İlkelerine Uyum Derecelendirmesi. Kurumsal Yönetim İlkelerine Uyum Derecelendirmesi Kurumsal Yönetim İlkelerine Uyum Derecelendirmesi Sözleşmesi'nin Yenilenmesi - Düzeltme,https://www.kap.org.tr/tr/Bildirim/1613535,tr,2026-06-05T11:59:12+00:00,0.215884673782388,0.5587018353673584,0.2254134908502535,neutral,0.0095288170678655
2026-06-05,TSPOR,KAP,TRABZONSPOR SPORTİF YATIRIM VE FUTBOL İŞLETMECİLİĞİ TİCARET A.Ş. - Sözleşme İmzalanması,TRABZONSPOR SPORTİF YATIRIM VE FUTBOL İŞLETMECİLİĞİ TİCARET A.Ş. - Sözleşme İmzalanması. Sözleşme İmzalanması Ruslan Malinovskyi İle Sözleşme İmzalanması Hakkında.,https://www.kap.org.tr/tr/Bildirim/1614126,tr,2026-06-05T20:30:02+00:00,0.1427940629021778,0.4454621199553565,0.4117438171424656,neutral,0.2689497542402878
2026-06-05,TSPOR,KAP,TRABZONSPOR SPORTİF YATIRIM VE FUTBOL İŞLETMECİLİĞİ TİCARET A.Ş. - Sözleşme İmzalanması,TRABZONSPOR SPORTİF YATIRIM VE FUTBOL İŞLETMECİLİĞİ TİCARET A.Ş. - Sözleşme İmzalanması. Sözleşme İmzalanması Ernest Muçi İle Sözleşme İmzalanması Hakkında.,https://www.kap.org.tr/tr/Bildirim/1614127,tr,2026-06-05T20:31:06+00:00,0.1427940629021778,0.4454621199553565,0.4117438171424656,neutral,0.2689497542402878
2026-06-05,TUREX,KAP,TUREKS TURİZM TAŞIMACILIK A.Ş. - Bağımsız Denetim Kuruluşunun Belirlenmesi,TUREKS TURİZM TAŞIMACILIK A.Ş. - Bağımsız Denetim Kuruluşunun Belirlenmesi. Bağımsız Denetim Kuruluşunun Belirlenmesi Bağımsız Denetim Kuruluşu seçiminin Genel Kurul tarafından onaylanması,https://www.kap.org.tr/tr/Bildirim/1613534,tr,2026-06-05T11:55:29+00:00,0.1157213910133682,0.8231598571209817,0.0611187518656499,neutral,-0.0546026391477182
2026-06-05,TVB,KAP,TÜRKİYE VAKIFLAR BANKASI T.A.O. - Pay Dışında Sermaye Piyasası Aracı İşlemlerine İlişkin Bildirim (Faiz İçeren),TÜRKİYE VAKIFLAR BANKASI T.A.O. - Pay Dışında Sermaye Piyasası Aracı İşlemlerine İlişkin Bildirim (Faiz İçeren). Pay Dışında Sermaye Piyasası Aracı İşlemlerine İlişkin Bildirim (Faiz İçeren) TRFVKFB62628 ISIN kodlu T. Vakıflar Bankası T.A.O. Finansman Bonosunun İtfası,https://www.kap.org.tr/tr/Bildirim/1613784,tr,2026-06-05T16:30:00+00:00,0.0433009305094885,0.898974861153162,0.0577242083373495,neutral,0.014423277827861
2026-06-05,TVB,KAP,TÜRKİYE VAKIFLAR BANKASI T.A.O. - Pay Dışında Sermaye Piyasası Aracı İşlemlerine İlişkin Bildirim (Faiz İçeren),TÜRKİYE VAKIFLAR BANKASI T.A.O. - Pay Dışında Sermaye Piyasası Aracı İşlemlerine İlişkin Bildirim (Faiz İçeren). Pay Dışında Sermaye Piyasası Aracı İşlemlerine İlişkin Bildirim (Faiz İçeren) TRFVKFB62610 ISIN kodlu T. Vakıflar Bankası T.A.O. Finansman Bonolarının İtfası,https://www.kap.org.tr/tr/Bildirim/1613788,tr,2026-06-05T16:32:24+00:00,0.0388034188969997,0.9089527296626438,0.0522438514403564,neutral,0.0134404325433566
2026-06-05,ULKER,KAP,ÜLKER BİSKÜVİ SANAYİ A.Ş. - Özel Durum Açıklaması (Genel),ÜLKER BİSKÜVİ SANAYİ A.Ş. - Özel Durum Açıklaması (Genel). Özel Durum Açıklaması (Genel) Yatırım Tazmin Merkezi (YTM) Başvuru Süresi Hakkında Bilgilendirme,https://www.kap.org.tr/tr/Bildirim/1613803,tr,2026-06-05T16:46:44+00:00,0.3325714844502118,0.5336427881229238,0.1337857274268644,neutral,-0.1987857570233473
2026-06-05,ULUFA,KAP,ULUSAL FAKTORİNG A.Ş. - Pay Dışında Sermaye Piyasası Aracı İşlemlerine İlişkin Bildirim (Faiz İçeren),ULUSAL FAKTORİNG A.Ş. - Pay Dışında Sermaye Piyasası Aracı İşlemlerine İlişkin Bildirim (Faiz İçeren). Pay Dışında Sermaye Piyasası Aracı İşlemlerine İlişkin Bildirim (Faiz İçeren) Şirketimiz TRFULFK62629 ISIN Kodlu Değişken Faizli Borçlanma Aracımızın Ödemesine İlişkin Açıklama,https://www.kap.org.tr/tr/Bildirim/1613473,tr,2026-06-05T10:28:55+00:00,0.0364651691805005,0.9106790012588082,0.0528558295606913,neutral,0.0163906603801908
2026-06-05,VAKBN,KAP,TÜRKİYE VAKIFLAR BANKASI T.A.O. - Pay Dışında Sermaye Piyasası Aracı İşlemlerine İlişkin Bildirim (Faiz İçeren),TÜRKİYE VAKIFLAR BANKASI T.A.O. - Pay Dışında Sermaye Piyasası Aracı İşlemlerine İlişkin Bildirim (Faiz İçeren). Pay Dışında Sermaye Piyasası Aracı İşlemlerine İlişkin Bildirim (Faiz İçeren) TRFVKFB62628 ISIN kodlu T. Vakıflar Bankası T.A.O. Finansman Bonosunun İtfası,https://www.kap.org.tr/tr/Bildirim/1613784,tr,2026-06-05T16:30:00+00:00,0.0433009305094885,0.898974861153162,0.0577242083373495,neutral,0.014423277827861
2026-06-05,VAKBN,KAP,TÜRKİYE VAKIFLAR BANKASI T.A.O. - Pay Dışında Sermaye Piyasası Aracı İşlemlerine İlişkin Bildirim (Faiz İçeren),TÜRKİYE VAKIFLAR BANKASI T.A.O. - Pay Dışında Sermaye Piyasası Aracı İşlemlerine İlişkin Bildirim (Faiz İçeren). Pay Dışında Sermaye Piyasası Aracı İşlemlerine İlişkin Bildirim (Faiz İçeren) TRFVKFB62610 ISIN kodlu T. Vakıflar Bankası T.A.O. Finansman Bonolarının İtfası,https://www.kap.org.tr/tr/Bildirim/1613788,tr,2026-06-05T16:32:24+00:00,0.0388034188969997,0.9089527296626438,0.0522438514403564,neutral,0.0134404325433566
2026-06-05,VDFAS,KAP,VOLKSWAGEN DOĞUŞ FİNANSMAN A.Ş. - Pay Dışında Sermaye Piyasası Aracı İşlemlerine İlişkin Bildirim (Faiz İçeren),VOLKSWAGEN DOĞUŞ FİNANSMAN A.Ş. - Pay Dışında Sermaye Piyasası Aracı İşlemlerine İlişkin Bildirim (Faiz İçeren). Pay Dışında Sermaye Piyasası Aracı İşlemlerine İlişkin Bildirim (Faiz İçeren) İtfa ve kupon ödemesi,https://www.kap.org.tr/tr/Bildirim/1613409,tr,2026-06-05T09:37:52+00:00,0.0409359074348706,0.9036515062962124,0.0554125862689169,neutral,0.0144766788340462
2026-06-05,VKFYO,KAP,VAKIF MENKUL KIYMET YATIRIM ORTAKLIĞI A.Ş. - Özel Durum Açıklaması (Genel),"VAKIF MENKUL KIYMET YATIRIM ORTAKLIĞI A.Ş. - Özel Durum Açıklaması (Genel). Özel Durum Açıklaması (Genel) Şirketimizin BİAŞ'da oluşan ağırlıklı ortalama fiyatın, pay başına net aktif değerin 2 katını aşması sebebiyle yapılan açıklamadır.",https://www.kap.org.tr/tr/Bildirim/1613724,tr,2026-06-05T15:41:26+00:00,0.2232930143046258,0.6725212689299052,0.104185716765469,neutral,-0.1191072975391567
2026-06-05,YBTAS,KAP,YİBİTAŞ YOZGAT İŞÇİ BİRLİĞİ İNŞAAT MALZEMELERİ TİCARET VE SANAYİ A.Ş. - Genel Kurul İşlemlerine İlişkin Bildirim,YİBİTAŞ YOZGAT İŞÇİ BİRLİĞİ İNŞAAT MALZEMELERİ TİCARET VE SANAYİ A.Ş. - Genel Kurul İşlemlerine İlişkin Bildirim. Genel Kurul İşlemlerine İlişkin Bildirim 2025 Hesap Yılı Olağan Genel Kurul Toplantısı Hakkında,https://www.kap.org.tr/tr/Bildirim/1613435,tr,2026-06-05T09:50:54+00:00,0.1488271423013553,0.7677639925333134,0.0834088651653312,neutral,-0.0654182771360241
2026-06-05,ZERGY,KAP,ZERAY GAYRİMENKUL YATIRIM ORTAKLIĞI A.Ş. - Özel Durum Açıklaması (Genel),ZERAY GAYRİMENKUL YATIRIM ORTAKLIĞI A.Ş. - Özel Durum Açıklaması (Genel). Özel Durum Açıklaması (Genel) Başiskele/Ovacık Bölgesinde Proje Geliştirilmesine Yönelik Prensip Anlaşması Hk.,https://www.kap.org.tr/tr/Bildirim/1613411,tr,2026-06-05T09:40:04+00:00,0.2251344943613344,0.6775263039594343,0.0973392016792312,neutral,-0.1277952926821032
2026-06-05,ZKBVR,KAP,ZKB VARLIK KİRALAMA A.Ş. - Pay Dışında Sermaye Piyasası Aracı İşlemlerine İlişkin Bildirim (Faizsiz),ZKB VARLIK KİRALAMA A.Ş. - Pay Dışında Sermaye Piyasası Aracı İşlemlerine İlişkin Bildirim (Faizsiz). Pay Dışında Sermaye Piyasası Aracı İşlemlerine İlişkin Bildirim (Faizsiz) TRDZKBV92644 ISIN Kodlu Yurtiçi Kira Sertifikası İhracının Satışının Tamamlanması Hk FZLGY,https://www.kap.org.tr/tr/Bildirim/1613405,tr,2026-06-05T09:33:20+00:00,0.0483582559505656,0.8832147368547276,0.0684270071947067,neutral,0.0200687512441411
2026-06-05,ZKBVR,KAP,ZKB VARLIK KİRALAMA A.Ş. - Pay Dışında Sermaye Piyasası Aracı İşlemlerine İlişkin Bildirim (Faizsiz),ZKB VARLIK KİRALAMA A.Ş. - Pay Dışında Sermaye Piyasası Aracı İşlemlerine İlişkin Bildirim (Faizsiz). Pay Dışında Sermaye Piyasası Aracı İşlemlerine İlişkin Bildirim (Faizsiz) TRDZKBV62654 ISIN kodlu Yurtiçi Kira Sertifikalarının İtfa ve Getiri Ödeme İşlemlerinin Tamamlanması Hk FZLGY,https://www.kap.org.tr/tr/Bildirim/1613620,tr,2026-06-05T13:53:20+00:00,0.0472856819212294,0.8821109564838153,0.0706033615949551,neutral,0.0233176796737256
2026-06-06,BJKAS,KAP,BEŞİKTAŞ FUTBOL YATIRIMLARI SANAYİ VE TİCARET A.Ş. - Teknik Yönetime İlişkin Açıklama,BEŞİKTAŞ FUTBOL YATIRIMLARI SANAYİ VE TİCARET A.Ş. - Teknik Yönetime İlişkin Açıklama. Teknik Yönetime İlişkin Açıklama Profesyonel Futbol Takımımızın Teknik Direktörlüğü konusunda Sayın Vincenzo Italiano ile anlaşmaya varılmıştır.,https://www.kap.org.tr/tr/Bildirim/1614146,tr,2026-06-06T14:12:22+00:00,0.0896158382897748,0.6531024468763046,0.2572817148339206,neutral,0.1676658765441458
2026-06-06,BRYAT,KAP,BORUSAN YATIRIM VE PAZARLAMA A.Ş. - Özel Durum Açıklaması (Genel),BORUSAN YATIRIM VE PAZARLAMA A.Ş. - Özel Durum Açıklaması (Genel). Özel Durum Açıklaması (Genel) Süresi İçinde Kaydileştirilmeyen Paylarla İlgili Yatırımcı Tazmin Merkezi Başvuruları Hakkında Bilgilendirma,https://www.kap.org.tr/tr/Bildirim/1614145,tr,2026-06-06T09:23:21+00:00,0.3586830760001688,0.5113379719625821,0.129978952037249,neutral,-0.2287041239629197
2026-06-06,CLEBI,KAP,ÇELEBİ HAVA SERVİSİ A.Ş. - Birleşme İşlemlerine İlişkin Bildirim,"ÇELEBİ HAVA SERVİSİ A.Ş. - Birleşme İşlemlerine İlişkin Bildirim. Birleşme İşlemlerine İlişkin Bildirim Şirketimizin %100 bağlı ortaklığı olan Çelebi Kargo Depolama ve Dağıtım Hizmetleri A.Ş'nin, Şirketimiz tarafından devir alınması suretiyle, kolaylaştırılmış usulde birleşmesinin tescil edilmesi",https://www.kap.org.tr/tr/Bildirim/1614148,tr,2026-06-06T19:51:38+00:00,0.2110929868151719,0.4740265957060814,0.3148804174787468,neutral,0.1037874306635749
2026-06-06,KUVVA,KAP,KUVVA GIDA TİCARET VE SANAYİ YATIRIMLARI A.Ş. - Şirket Genel Bilgi Formu,KUVVA GIDA TİCARET VE SANAYİ YATIRIMLARI A.Ş. - Şirket Genel Bilgi Formu. Şirket Genel Bilgi Formu,https://www.kap.org.tr/tr/Bildirim/1614147,tr,2026-06-06T14:12:49+00:00,0.0979801667616273,0.7899217461187102,0.1120980871196623,neutral,0.014117920358035
2026-06-07,FRIGO,KAP,FRİGO-PAK GIDA MADDELERİ SANAYİ VE TİCARET A.Ş. - Özel Durum Açıklaması (Genel),FRİGO-PAK GIDA MADDELERİ SANAYİ VE TİCARET A.Ş. - Özel Durum Açıklaması (Genel). Özel Durum Açıklaması (Genel) Bahçe Plantasyonları Hk.,https://www.kap.org.tr/tr/Bildirim/1614149,tr,2026-06-07T08:39:36+00:00,0.2403496500415523,0.6432330005064333,0.1164173494520143,neutral,-0.123932300589538
