label_id,label,date,ticker,source,title,text,url,notes,model_prediction,model_sentiment_score,model_prob_negative,model_prob_neutral,model_prob_positive
L000001,negative,2025-03-24,FBBNK,KAP,FİBABANKA A.Ş. - Özel Durum Açıklaması (Genel),Özel Durum Açıklaması (Genel) Fibabanka A.Ş. Star Et Varlık Finansmanı Fonu Fon Kuruluş İptaline İlişkin Yönetim Kurulu Kararı,https://www.kap.org.tr/tr/Bildirim/1410152,weak_label_negative:cancelled_or_rejected_action,,,,,
L000002,negative,2025-03-24,IEYHO,KAP,IŞIKLAR ENERJİ VE YAPI HOLDİNG A.Ş. - Ortaklık Aleyhine Dava Açılması veya Davaya İlişkin Gelişmeler,Ortaklık Aleyhine Dava Açılması veya Davaya İlişkin Gelişmeler Şirket Aleyhine Dava Açılması,https://www.kap.org.tr/tr/Bildirim/1410509,weak_label_negative:lawsuit_against_company,,,,,
L000003,negative,2025-03-25,ATEKS,KAP,AKIN TEKSTİL A.Ş. - Ortaklık Aleyhine Dava Açılması veya Davaya İlişkin Gelişmeler,Ortaklık Aleyhine Dava Açılması veya Davaya İlişkin Gelişmeler Ortaklık Aleyhine Açılan Dava Hakkında,https://www.kap.org.tr/tr/Bildirim/1411253,weak_label_negative:lawsuit_against_company,,,,,
L000004,negative,2025-03-26,A1YEN,KAP,KARTAL YENİLENEBİLİR ENERJİ ÜRETİM A.Ş. - Kar Payı Dağıtım İşlemlerine İlişkin Bildirim,Kar Payı Dağıtım İşlemlerine İlişkin Bildirim Yönetim Kurulu'nun Kar Payı Dağıtılmamasına İlişkin Teklifi,https://www.kap.org.tr/tr/Bildirim/1412347,weak_label_negative:dividend_not_distributed,,,,,
L000005,negative,2025-03-28,SUNTK,KAP,SUN TEKSTİL SANAYİ VE TİCARET A.Ş. - Hak Kullanım Süreç İptal Bildirimi,Hak Kullanım Süreç İptal Bildirimi,https://www.kap.org.tr/tr/Bildirim/1415296,weak_label_negative:cancelled_or_rejected_action,,,,,
L000006,negative,2025-03-28,SUNTK,KAP,SUN TEKSTİL SANAYİ VE TİCARET A.Ş. - Özel Durum Açıklaması (Genel),Özel Durum Açıklaması (Genel) Pay Geri Alım İptali,https://www.kap.org.tr/tr/Bildirim/1415262,weak_label_negative:cancelled_or_rejected_action,,,,,
L000007,negative,2025-06-20,EMNIS,KAP,EMİNİŞ AMBALAJ SANAYİ VE TİCARET A.Ş. - Özel Durum Açıklaması (Genel),Özel Durum Açıklaması (Genel) Konkordato 43. Taksit Ödemesi,https://www.kap.org.tr/tr/Bildirim/1450600,weak_label_negative:penalty_or_concordat,,,,,
L000008,negative,2025-06-23,MTRYO,KAP,METRO YATIRIM ORTAKLIĞI A.Ş. - Sermaye Artırımı - Azaltımı İşlemlerine İlişkin Bildirim,Sermaye Artırımı - Azaltımı İşlemlerine İlişkin Bildirim Bedelli Sermaye Artırımı Başvurusunun Kurul Tarafından Olumsuz Karşılanması Hakkında,https://www.kap.org.tr/tr/Bildirim/1451100,weak_label_negative:cancelled_or_rejected_action,,,,,
L000009,negative,2025-06-23,PASEU,KAP,PASİFİK EURASİA LOJİSTİK DIŞ TİCARET A.Ş. - Hak Kullanım Süreç İptal Bildirimi,Hak Kullanım Süreç İptal Bildirimi Bedelsiz Sermaye Artırım Başvurusunun Geri Çekilmesi,https://www.kap.org.tr/tr/Bildirim/1451149,weak_label_negative:cancelled_or_rejected_action,,,,,
L000010,negative,2025-06-24,MRSHL,KAP,MARSHALL BOYA VE VERNİK SANAYİİ A.Ş. - Ortaklık Aleyhine Dava Açılması veya Davaya İlişkin Gelişmeler,Ortaklık Aleyhine Dava Açılması veya Davaya İlişkin Gelişmeler Şirketimizin Yönetim Kurulu Kararının İptaline İlişkin Dava Hakkında,https://www.kap.org.tr/tr/Bildirim/1451176,weak_label_negative:lawsuit_against_company,,,,,
L000011,negative,2025-06-24,SEYKM,KAP,SEYİTLER KİMYA SANAYİ A.Ş. - Ortaklık Aleyhine Dava Açılması veya Davaya İlişkin Gelişmeler,Ortaklık Aleyhine Dava Açılması veya Davaya İlişkin Gelişmeler Tazminat Davası Hk,https://www.kap.org.tr/tr/Bildirim/1451499,weak_label_negative:lawsuit_against_company,,,,,
L000012,negative,2025-06-24,SEYKM,KAP,SEYİTLER KİMYA SANAYİ A.Ş. - Ortaklık Aleyhine Dava Açılması veya Davaya İlişkin Gelişmeler,Ortaklık Aleyhine Dava Açılması veya Davaya İlişkin Gelişmeler Marka İhlal Davası Hk,https://www.kap.org.tr/tr/Bildirim/1451498,weak_label_negative:lawsuit_against_company,,,,,
L000013,negative,2025-06-24,TIB,KAP,TÜRKİYE İŞ BANKASI A.Ş. - Ortaklık Aleyhine Dava Açılması veya Davaya İlişkin Gelişmeler,Ortaklık Aleyhine Dava Açılması veya Davaya İlişkin Gelişmeler Bankamıza Açılan Dava Hakkında,https://www.kap.org.tr/tr/Bildirim/1451582,weak_label_negative:lawsuit_against_company,,,,,
L000014,negative,2025-06-25,ALCTL,KAP,ALCATEL LUCENT TELETAŞ TELEKOMÜNİKASYON A.Ş. - Kar Payı Dağıtım İşlemlerine İlişkin Bildirim,Kar Payı Dağıtım İşlemlerine İlişkin Bildirim Kar Payı Dağıtılmamasına İlişkin Teklifin Genel Kurulda Onaylanması Hk.,https://www.kap.org.tr/tr/Bildirim/1451827,weak_label_negative:dividend_not_distributed,,,,,
L000015,negative,2025-06-25,ICUGS,KAP,ICU GİRİŞİM SERMAYESİ YATIRIM ORTAKLIĞI A.Ş. - Kar Payı Dağıtım İşlemlerine İlişkin Bildirim,Kar Payı Dağıtım İşlemlerine İlişkin Bildirim 2024 yılında Kar Dağıtılmaması Kararının Genel Kurulda Onaylanması,https://www.kap.org.tr/tr/Bildirim/1451989,weak_label_negative:dividend_not_distributed,,,,,
L000016,negative,2025-06-25,TRILC,KAP,TURK İLAÇ VE SERUM SANAYİ A.Ş. - Kar Payı Dağıtım İşlemlerine İlişkin Bildirim,Kar Payı Dağıtım İşlemlerine İlişkin Bildirim Kar Payı Dağıtılmaması Hususunda Olağan Genel Kurul Neticesi Hakkında.,https://www.kap.org.tr/tr/Bildirim/1451891,weak_label_negative:dividend_not_distributed,,,,,
L000017,negative,2025-06-26,LINK,KAP,LİNK BİLGİSAYAR SİSTEMLERİ YAZILIMI VE DONANIMI SANAYİ VE TİCARET A.Ş. - Hak Kullanım Süreç İptal Bildirimi,Hak Kullanım Süreç İptal Bildirimi Kayıtlı Sermaye Sistemine ilişkin SPK'ya yapılan Başvurunun geri çekilmesi hak.,https://www.kap.org.tr/tr/Bildirim/1452339,weak_label_negative:cancelled_or_rejected_action,,,,,
L000018,negative,2025-06-27,ALARK,KAP,ALARKO HOLDİNG A.Ş. - Diğer Pay İhracı - İptaline İlişkin Bildirim,Diğer Pay İhracı - İptaline İlişkin Bildirim Sermaye Azaltımına İlişkin Yönetim Kurulu Kararı,https://www.kap.org.tr/tr/Bildirim/1452928,weak_label_negative:cancelled_or_rejected_action,,,,,
L000019,negative,2025-09-18,FORMT,KAP,FORMET METAL VE CAM SANAYİ A.Ş. - Ortaklık Aleyhine Dava Açılması veya Davaya İlişkin Gelişmeler,Ortaklık Aleyhine Dava Açılması veya Davaya İlişkin Gelişmeler 2024 yılı Olağan Genel Kurul toplantısının yapılması için açılan temsilci atanması davasının sonuçlanması,https://www.kap.org.tr/tr/Bildirim/1490824,weak_label_negative:lawsuit_against_company,,,,,
L000020,negative,2025-09-18,FORMT,KAP,FORMET METAL VE CAM SANAYİ A.Ş. - Ortaklık Aleyhine Dava Açılması veya Davaya İlişkin Gelişmeler,Ortaklık Aleyhine Dava Açılması veya Davaya İlişkin Gelişmeler Yönetim Kurulu Kararına karşı açılan iptal davası,https://www.kap.org.tr/tr/Bildirim/1490807,weak_label_negative:lawsuit_against_company,,,,,
L000021,negative,2025-09-19,IEYHO,KAP,IŞIKLAR ENERJİ VE YAPI HOLDİNG A.Ş. - Ortaklık Aleyhine Dava Açılması veya Davaya İlişkin Gelişmeler,Ortaklık Aleyhine Dava Açılması veya Davaya İlişkin Gelişmeler Ortaklık aleyhine dava açılması,https://www.kap.org.tr/tr/Bildirim/1491444,weak_label_negative:lawsuit_against_company,,,,,
L000022,negative,2025-09-22,EMNIS,KAP,EMİNİŞ AMBALAJ SANAYİ VE TİCARET A.Ş. - Özel Durum Açıklaması (Genel),Özel Durum Açıklaması (Genel) Konkordato 46. Taksit Ödemesi,https://www.kap.org.tr/tr/Bildirim/1491753,weak_label_negative:penalty_or_concordat,,,,,
L000023,negative,2025-09-25,CWENE,KAP,CW ENERJİ MÜHENDİSLİK TİCARET VE SANAYİ A.Ş. - Hak Kullanım Süreç İptal Bildirimi,Hak Kullanım Süreç İptal Bildirimi Pay Geri Alım İşlemleri İptal Kararı Hakkında,https://www.kap.org.tr/tr/Bildirim/1492920,weak_label_negative:cancelled_or_rejected_action,,,,,
L000024,negative,2025-09-26,IEYHO,KAP,IŞIKLAR ENERJİ VE YAPI HOLDİNG A.Ş. - Genel Kurul İşlemlerine İlişkin Bildirim,Genel Kurul İşlemlerine İlişkin Bildirim Genel Kurul İptali,https://www.kap.org.tr/tr/Bildirim/1493337,weak_label_negative:cancelled_or_rejected_action,,,,,
L000025,negative,2025-09-26,IEYHO,KAP,IŞIKLAR ENERJİ VE YAPI HOLDİNG A.Ş. - Hak Kullanım Süreç İptal Bildirimi,Hak Kullanım Süreç İptal Bildirimi Genel Kurul İptali,https://www.kap.org.tr/tr/Bildirim/1493339,weak_label_negative:cancelled_or_rejected_action,,,,,
L000026,negative,2025-12-22,YKBNK,KAP,YAPI VE KREDİ BANKASI A.Ş. - Ortaklık Aleyhine Dava Açılması veya Davaya İlişkin Gelişmeler,Ortaklık Aleyhine Dava Açılması veya Davaya İlişkin Gelişmeler Genel kurul kararı aleyhine açılan dava hk.,https://www.kap.org.tr/tr/Bildirim/1528665,weak_label_negative:lawsuit_against_company,,,,,
L000027,negative,2025-12-24,TRMET,KAP,TR ANADOLU METAL MADENCİLİK İŞLETMELERİ A.Ş. - Özel Durum Açıklaması (Genel),Özel Durum Açıklaması (Genel) Şirketimizin Bağlı Ortaklığı TR Anadolu İnşaat ve Ticaret A.Ş.nin Taraf Olduğu Dava Hk.,https://www.kap.org.tr/tr/Bildirim/1529503,weak_label_negative:lawsuit_against_company,,,,,
L000028,negative,2025-12-25,VBTYZ,KAP,VBT YAZILIM A.Ş. - Ortaklık Aleyhine Dava Açılması veya Davaya İlişkin Gelişmeler,Ortaklık Aleyhine Dava Açılması veya Davaya İlişkin Gelişmeler Bedelli Sermaye Artırımı Başvurusuna İtiraz Davası Hakkında,https://www.kap.org.tr/tr/Bildirim/1529936,weak_label_negative:lawsuit_against_company,,,,,
L000029,negative,2025-12-26,FORMT,KAP,FORMET METAL VE CAM SANAYİ A.Ş. - Ortaklık Aleyhine Dava Açılması veya Davaya İlişkin Gelişmeler,Ortaklık Aleyhine Dava Açılması veya Davaya İlişkin Gelişmeler Tahsisli sermaye artırımı kararına karşı açılan iptal davasının ön inceleme duruşmasının yapılması,https://www.kap.org.tr/tr/Bildirim/1530029,weak_label_negative:lawsuit_against_company,,,,,
L000030,negative,2025-12-29,SEYKM,KAP,SEYİTLER KİMYA SANAYİ A.Ş. - Ortaklık Aleyhine Dava Açılması veya Davaya İlişkin Gelişmeler,Ortaklık Aleyhine Dava Açılması veya Davaya İlişkin Gelişmeler Tazminat Davası Hk.,https://www.kap.org.tr/tr/Bildirim/1530450,weak_label_negative:lawsuit_against_company,,,,,
L000031,negative,2025-12-30,TIMUR,KAP,TİMUR GAYRİMENKUL GELİŞTİRME YAPI VE YATIRIM A.Ş. - Hak Kullanım Süreç İptal Bildirimi,Hak Kullanım Süreç İptal Bildirimi,https://www.kap.org.tr/tr/Bildirim/1530868,weak_label_negative:cancelled_or_rejected_action,,,,,
L000032,negative,2026-03-25,BESTE,KAP,BEST BRANDS GRUP ENERJİ YATIRIM A.Ş. - Kar Payı Dağıtım İşlemlerine İlişkin Bildirim,Kar Payı Dağıtım İşlemlerine İlişkin Bildirim Kar Dağıtılmamasına İlişkin Olağan Genel Kurul Toplantısı Neticesi Hakkında.,https://www.kap.org.tr/tr/Bildirim/1575563,weak_label_negative:dividend_not_distributed,,,,,
L000033,negative,2026-03-26,FRIGO,KAP,FRİGO-PAK GIDA MADDELERİ SANAYİ VE TİCARET A.Ş. - Ortaklık Aleyhine Dava Açılması veya Davaya İlişkin Gelişmeler,Ortaklık Aleyhine Dava Açılması veya Davaya İlişkin Gelişmeler Ortaklık Aleyhine Dava Açılması / Davaya İlişkin Gelişmeler Hk.,https://www.kap.org.tr/tr/Bildirim/1576814,weak_label_negative:lawsuit_against_company,,,,,
L000034,negative,2026-03-30,CRDFA,KAP,CREDITWEST FAKTORİNG A.Ş. - Kar Payı Dağıtım İşlemlerine İlişkin Bildirim,Kar Payı Dağıtım İşlemlerine İlişkin Bildirim 2025 Yılı Olağan Genel Kurul Toplantısında 2025 Yılı Karının Dağıtılmamasına Karar Verilmiştir.,https://www.kap.org.tr/tr/Bildirim/1578244,weak_label_negative:dividend_not_distributed,,,,,
L000035,negative,2026-05-20,AGHOL,KAP,AG ANADOLU GRUBU HOLDİNG A.Ş. - Ortaklık Aleyhine Dava Açılması veya Davaya İlişkin Gelişmeler,Ortaklık Aleyhine Dava Açılması veya Davaya İlişkin Gelişmeler Genel Kurul Toplantısında alınan bazı kararlara ilişkin dava açılması,https://www.kap.org.tr/tr/Bildirim/1609176,weak_label_negative:lawsuit_against_company,,,,,
L000036,neutral,2026-05-20,AKBNK,KAP,AKBANK T.A.Ş. - Pay Dışında Sermaye Piyasası Aracı İşlemlerine İlişkin Bildirim (Faiz İçeren),AKBANK T.A.Ş. - Pay Dışında Sermaye Piyasası Aracı İşlemlerine İlişkin Bildirim (Faiz İçeren). Pay Dışında Sermaye Piyasası Aracı İşlemlerine İlişkin Bildirim (Faiz İçeren) XS2819114732 ISIN Kodlu Sürdürülebilir Temalı Tahvilin İtfası,https://www.kap.org.tr/tr/Bildirim/1609136,weak_label:capital_markets_routine,neutral,0.0392330709607953,0.306218514176777,0.3483299006856505,0.3454515851375724
L000037,neutral,2026-05-20,ALVES,KAP,ALVES KABLO SANAYİ VE TİCARET A.Ş. - Sermaye Artırımı - Azaltımı İşlemlerine İlişkin Bildirim,ALVES KABLO SANAYİ VE TİCARET A.Ş. - Sermaye Artırımı - Azaltımı İşlemlerine İlişkin Bildirim. Sermaye Artırımı - Azaltımı İşlemlerine İlişkin Bildirim Bedelli Sermaye Artışına İlişkin Yönetim Kurulu Kararı,https://www.kap.org.tr/tr/Bildirim/1609230,weak_label:default_neutral,neutral,0.0264373210932593,0.3148100451814314,0.3439425885438776,0.3412473662746908
L000038,neutral,2026-05-20,EKOFA,KAP,EKO FAKTORİNG A.Ş. - İhraç Tavanına İlişkin Bildirim,EKO FAKTORİNG A.Ş. - İhraç Tavanına İlişkin Bildirim. İhraç Tavanına İlişkin Bildirim Borçlanma Aracı İhracına İlişkin Yönetim Kurulu Kararı,https://www.kap.org.tr/tr/Bildirim/1609148,weak_label:capital_markets_routine,neutral,0.0264373210932593,0.3148100451814314,0.3439425885438776,0.3412473662746908
L000039,negative,2026-05-20,EMNIS,KAP,EMİNİŞ AMBALAJ SANAYİ VE TİCARET A.Ş. - Özel Durum Açıklaması (Genel),Özel Durum Açıklaması (Genel) Konkordato 54. Taksit Ödemesi,https://www.kap.org.tr/tr/Bildirim/1609006,weak_label_negative:penalty_or_concordat,,,,,
L000040,neutral,2026-05-20,EMVAR,KAP,EMLAK VARLIK KİRALAMA A.Ş. - İhraç Tavanına İlişkin Bildirim,EMLAK VARLIK KİRALAMA A.Ş. - İhraç Tavanına İlişkin Bildirim. İhraç Tavanına İlişkin Bildirim Kira Sertifikası İhracına İlişkin Yönetim Kurulu Kararı Alınması Hk. ISFIN,https://www.kap.org.tr/tr/Bildirim/1608999,weak_label:capital_markets_routine,neutral,0.0264373210932593,0.3148100451814314,0.3439425885438776,0.3412473662746908
L000041,neutral,2026-05-20,ERSU,KAP,ERSU MEYVE VE GIDA SANAYİ A.Ş. - Kayıtlı Sermaye Tavanı İşlemlerine İlişkin Bildirim,ERSU MEYVE VE GIDA SANAYİ A.Ş. - Kayıtlı Sermaye Tavanı İşlemlerine İlişkin Bildirim. Kayıtlı Sermaye Tavanı İşlemlerine İlişkin Bildirim Esas Sözleşme Tadil Metni Ticaret Bakanlığı İç Ticaret Genel Müdürlüğü Onayı Hakkında,https://www.kap.org.tr/tr/Bildirim/1609259,weak_label:routine_governance,neutral,0.0351483778242879,0.2885431216659895,0.3877653788437328,0.3236914994902775
L000042,neutral,2026-05-20,IHEVA,KAP,İHLAS EV ALETLERİ İMALAT SANAYİ VE TİCARET A.Ş. - Genel Kurul İşlemlerine İlişkin Bildirim,İHLAS EV ALETLERİ İMALAT SANAYİ VE TİCARET A.Ş. - Genel Kurul İşlemlerine İlişkin Bildirim. Genel Kurul İşlemlerine İlişkin Bildirim 2025 Yılı Olağan Genel Kurul Toplantısı Hk.,https://www.kap.org.tr/tr/Bildirim/1609064,weak_label:routine_governance,neutral,-0.0315216627972758,0.3368291540929534,0.3578633546113689,0.3053074912956776
L000043,positive,2026-05-20,IHEVA,KAP,İHLAS EV ALETLERİ İMALAT SANAYİ VE TİCARET A.Ş. - Kar Payı Dağıtım İşlemlerine İlişkin Bildirim,İHLAS EV ALETLERİ İMALAT SANAYİ VE TİCARET A.Ş. - Kar Payı Dağıtım İşlemlerine İlişkin Bildirim. Kar Payı Dağıtım İşlemlerine İlişkin Bildirim 2025 Yılı Dönem Sonucu İçin Genel Kurul?a Yapılacak Teklif Hk.,https://www.kap.org.tr/tr/Bildirim/1609073,weak_label:dividend_distribution,negative,-0.0162621602291724,0.3470952493928234,0.3220716614435256,0.3308330891636509
L000044,neutral,2026-05-20,IHGZT,KAP,İHLAS GAZETECİLİK A.Ş. - Genel Kurul İşlemlerine İlişkin Bildirim,İHLAS GAZETECİLİK A.Ş. - Genel Kurul İşlemlerine İlişkin Bildirim. Genel Kurul İşlemlerine İlişkin Bildirim 2025 Yılı Olağan Genel Kurul Toplantısı Hk.,https://www.kap.org.tr/tr/Bildirim/1609035,weak_label:routine_governance,neutral,-0.0315216627972758,0.3368291540929534,0.3578633546113689,0.3053074912956776
L000045,positive,2026-05-20,IHGZT,KAP,İHLAS GAZETECİLİK A.Ş. - Kar Payı Dağıtım İşlemlerine İlişkin Bildirim,İHLAS GAZETECİLİK A.Ş. - Kar Payı Dağıtım İşlemlerine İlişkin Bildirim. Kar Payı Dağıtım İşlemlerine İlişkin Bildirim 2025 Yılı Dönem Sonucu İçin Genel Kurul'a Yapılacak Teklif Hk.,https://www.kap.org.tr/tr/Bildirim/1609037,weak_label:dividend_distribution,negative,-0.0162621602291724,0.3470952493928234,0.3220716614435256,0.3308330891636509
L000046,neutral,2026-05-20,IHLAS,KAP,İHLAS HOLDİNG A.Ş. - Genel Kurul İşlemlerine İlişkin Bildirim,İHLAS HOLDİNG A.Ş. - Genel Kurul İşlemlerine İlişkin Bildirim. Genel Kurul İşlemlerine İlişkin Bildirim 2025 Yılı Olağan Genel Kurul Toplantısı Hk.,https://www.kap.org.tr/tr/Bildirim/1609065,weak_label:routine_governance,neutral,-0.0315216627972758,0.3368291540929534,0.3578633546113689,0.3053074912956776
L000047,positive,2026-05-20,IHLAS,KAP,İHLAS HOLDİNG A.Ş. - Kar Payı Dağıtım İşlemlerine İlişkin Bildirim,İHLAS HOLDİNG A.Ş. - Kar Payı Dağıtım İşlemlerine İlişkin Bildirim. Kar Payı Dağıtım İşlemlerine İlişkin Bildirim 2025 Yılı Dönem Sonucu İçin Genel Kurul?a Yapılacak Teklif Hk.,https://www.kap.org.tr/tr/Bildirim/1609082,weak_label:dividend_distribution,negative,-0.0162621602291724,0.3470952493928234,0.3220716614435256,0.3308330891636509
L000048,neutral,2026-05-20,IHLGM,KAP,İHLAS GAYRİMENKUL PROJE GELİŞTİRME VE TİCARET A.Ş. - Genel Kurul İşlemlerine İlişkin Bildirim,İHLAS GAYRİMENKUL PROJE GELİŞTİRME VE TİCARET A.Ş. - Genel Kurul İşlemlerine İlişkin Bildirim. Genel Kurul İşlemlerine İlişkin Bildirim 2025 Yılı Olağan Genel Kurulu Hk.,https://www.kap.org.tr/tr/Bildirim/1609043,weak_label:routine_governance,neutral,-0.0136446982917697,0.330810654072001,0.3520233901477677,0.3171659557802312
L000049,positive,2026-05-20,IHLGM,KAP,İHLAS GAYRİMENKUL PROJE GELİŞTİRME VE TİCARET A.Ş. - Kar Payı Dağıtım İşlemlerine İlişkin Bildirim,İHLAS GAYRİMENKUL PROJE GELİŞTİRME VE TİCARET A.Ş. - Kar Payı Dağıtım İşlemlerine İlişkin Bildirim. Kar Payı Dağıtım İşlemlerine İlişkin Bildirim 2025 Yılı Karı İçin Genel Kurula Yapılacak Teklif Hk.,https://www.kap.org.tr/tr/Bildirim/1609217,weak_label:dividend_distribution,negative,-0.0162621602291724,0.3470952493928234,0.3220716614435256,0.3308330891636509
L000050,neutral,2026-05-20,IHYAY,KAP,İHLAS YAYIN HOLDİNG A.Ş. - Genel Kurul Bildirimi,İHLAS YAYIN HOLDİNG A.Ş. - Genel Kurul Bildirimi. Genel Kurul Bildirimi 2025 Yılı Olağan Genel Kurul Toplantısı Hk,https://www.kap.org.tr/tr/Bildirim/1609215,weak_label:routine_governance,neutral,-0.0315216627972758,0.3368291540929534,0.3578633546113689,0.3053074912956776
L000051,positive,2026-05-20,IHYAY,KAP,İHLAS YAYIN HOLDİNG A.Ş. - Kar Payı Bildirimi,İHLAS YAYIN HOLDİNG A.Ş. - Kar Payı Bildirimi. Kar Payı Bildirimi 2025 Yılı Dönem Sonucu İçin Genel Kurul?a Yapılacak Teklif Hk,https://www.kap.org.tr/tr/Bildirim/1609216,weak_label:dividend_distribution,negative,-0.0162621602291724,0.3470952493928234,0.3220716614435256,0.3308330891636509
L000052,positive,2026-05-20,IMASM,KAP,İMAŞ MAKİNA SANAYİ A.Ş. - Özel Durum Açıklaması (Genel),İMAŞ MAKİNA SANAYİ A.Ş. - Özel Durum Açıklaması (Genel). Özel Durum Açıklaması (Genel) Yeni Siparişin Alınması Hk.,https://www.kap.org.tr/tr/Bildirim/1609185,weak_label:new_business_or_tender,neutral,0.0351483778242879,0.2885431216659895,0.3877653788437328,0.3236914994902775
L000053,neutral,2026-05-20,ISTVY,KAP,İSTANBUL VARLIK YÖNETİM A.Ş. - Pay Dışında Sermaye Piyasası Aracı İşlemlerine İlişkin Bildirim (Faiz İçeren),İSTANBUL VARLIK YÖNETİM A.Ş. - Pay Dışında Sermaye Piyasası Aracı İşlemlerine İlişkin Bildirim (Faiz İçeren). Pay Dışında Sermaye Piyasası Aracı İşlemlerine İlişkin Bildirim (Faiz İçeren) TRFIVYSK2614 ISIN Kodlu finansman bonosunun 2.kupon ödemesi,https://www.kap.org.tr/tr/Bildirim/1609190,weak_label:capital_markets_routine,neutral,0.0351483778242879,0.2885431216659895,0.3877653788437328,0.3236914994902775
L000054,neutral,2026-05-20,KATVK,KAP,KATILIM VARLIK KİRALAMA A.Ş. - İhraç Tavanına İlişkin Bildirim,KATILIM VARLIK KİRALAMA A.Ş. - İhraç Tavanına İlişkin Bildirim. İhraç Tavanına İlişkin Bildirim Kira Sertifikası İhracına İlişkin Yönetim Kurulu Kararı Alınması TKNSA,https://www.kap.org.tr/tr/Bildirim/1609203,weak_label:capital_markets_routine,neutral,0.0264373210932593,0.3148100451814314,0.3439425885438776,0.3412473662746908
L000055,neutral,2026-05-20,KATVK,KAP,KATILIM VARLIK KİRALAMA A.Ş. - İhraç Tavanına İlişkin Bildirim,KATILIM VARLIK KİRALAMA A.Ş. - İhraç Tavanına İlişkin Bildirim. İhraç Tavanına İlişkin Bildirim Kira Sertifikası İhraç Tavanı SPK Başvurusu HDFFL,https://www.kap.org.tr/tr/Bildirim/1609013,weak_label:capital_markets_routine,neutral,0.0392330709607953,0.306218514176777,0.3483299006856505,0.3454515851375724
L000056,neutral,2026-05-20,MEPET,KAP,MEPET METRO PETROL VE TESİSLERİ SANAYİ TİCARET A.Ş. - Ünvan Değişikliği,MEPET METRO PETROL VE TESİSLERİ SANAYİ TİCARET A.Ş. - Ünvan Değişikliği. Ünvan Değişikliği Şirket Ünvan Değişikliği Hakkında.,https://www.kap.org.tr/tr/Bildirim/1609038,weak_label:routine_governance,neutral,0.0392330709607953,0.306218514176777,0.3483299006856505,0.3454515851375724
L000057,neutral,2026-05-20,MERCN,KAP,MERCAN KİMYA SANAYİ VE TİCARET A.Ş. - Genel Kurul İşlemlerine İlişkin Bildirim,MERCAN KİMYA SANAYİ VE TİCARET A.Ş. - Genel Kurul İşlemlerine İlişkin Bildirim. Genel Kurul İşlemlerine İlişkin Bildirim 2025 Yılı Olağan Genel Kurul Toplantı Sonucu,https://www.kap.org.tr/tr/Bildirim/1609169,weak_label:routine_governance,neutral,-0.0315216627972758,0.3368291540929534,0.3578633546113689,0.3053074912956776
L000058,negative,2026-05-20,METRO,KAP,METRO TİCARİ VE MALİ YATIRIMLAR HOLDİNG A.Ş. - Kar Payı Dağıtım İşlemlerine İlişkin Bildirim,Kar Payı Dağıtım İşlemlerine İlişkin Bildirim Kar Dağıtılmaması Hususunda Olağan Genel Kurul Toplantısı Neticesi Hakkında.,https://www.kap.org.tr/tr/Bildirim/1609081,weak_label_negative:dividend_not_distributed,,,,,
L000059,neutral,2026-05-20,OZATD,KAP,ÖZATA DENİZCİLİK SANAYİ VE TİCARET A.Ş. - Birleşme İşlemlerine İlişkin Bildirim,"ÖZATA DENİZCİLİK SANAYİ VE TİCARET A.Ş. - Birleşme İşlemlerine İlişkin Bildirim. Birleşme İşlemlerine İlişkin Bildirim Özata Tersanecilik San.veTic.A.Ş.'nin, Şirketimiz Tarafından Devralınması Suretiyle Birleşme İşlemleri Hakkında Yönetim Kurulu Kararı",https://www.kap.org.tr/tr/Bildirim/1609245,weak_label:generic_update,neutral,0.0264373210932593,0.3148100451814314,0.3439425885438776,0.3412473662746908
L000060,neutral,2026-05-20,TKNSA,KAP,TEKNOSA İÇ VE DIŞ TİCARET A.Ş. - İhraç Tavanına İlişkin Bildirim,TEKNOSA İÇ VE DIŞ TİCARET A.Ş. - İhraç Tavanına İlişkin Bildirim. İhraç Tavanına İlişkin Bildirim Kira Sertifikası İhracına İlişkin Yönetim Kurulu Kararı Alınması KATVK,https://www.kap.org.tr/tr/Bildirim/1609205,weak_label:capital_markets_routine,neutral,0.0264373210932593,0.3148100451814314,0.3439425885438776,0.3412473662746908
L000061,negative,2026-05-20,YKBNK,KAP,YAPI VE KREDİ BANKASI A.Ş. - Ortaklık Aleyhine Dava Açılması veya Davaya İlişkin Gelişmeler,Ortaklık Aleyhine Dava Açılması veya Davaya İlişkin Gelişmeler Genel Kurul kararı aleyhine açılan davaya ilişkin istinaf başvurusu,https://www.kap.org.tr/tr/Bildirim/1609238,weak_label_negative:lawsuit_against_company,,,,,
L000062,neutral,2026-05-21,AHGAZ,KAP,AHLATCI DOĞAL GAZ DAĞITIM ENERJİ VE YATIRIM A.Ş. - Genel Kurul İşlemlerine İlişkin Bildirim,AHLATCI DOĞAL GAZ DAĞITIM ENERJİ VE YATIRIM A.Ş. - Genel Kurul İşlemlerine İlişkin Bildirim. Genel Kurul İşlemlerine İlişkin Bildirim 2025 Yılı Olağan Genel Kurul Toplantısı Hk.,https://www.kap.org.tr/tr/Bildirim/1610170,weak_label:routine_governance,neutral,0.0096458528903925,0.3228450399223594,0.3446640672648886,0.332490892812752
L000063,neutral,2026-05-21,AKBNK,KAP,AKBANK T.A.Ş. - Pay Dışında Sermaye Piyasası Aracı İşlemlerine İlişkin Bildirim (Faiz İçeren),AKBANK T.A.Ş. - Pay Dışında Sermaye Piyasası Aracı İşlemlerine İlişkin Bildirim (Faiz İçeren). Pay Dışında Sermaye Piyasası Aracı İşlemlerine İlişkin Bildirim (Faiz İçeren) Yurtdışı Piyasalara Tahvil İhracı,https://www.kap.org.tr/tr/Bildirim/1609545,weak_label:capital_markets_routine,neutral,0.0392330709607953,0.306218514176777,0.3483299006856505,0.3454515851375724
L000064,neutral,2026-05-21,AKBNK,KAP,AKBANK T.A.Ş. - Şirket Genel Bilgi Formu,AKBANK T.A.Ş. - Şirket Genel Bilgi Formu. Şirket Genel Bilgi Formu,https://www.kap.org.tr/tr/Bildirim/1609574,weak_label:routine_governance,neutral,0.0351483778242879,0.2885431216659895,0.3877653788437328,0.3236914994902775
L000065,neutral,2026-05-21,ALKLC,KAP,ALTINKILIÇ GIDA VE SÜT SANAYİ TİCARET A.Ş. - Pay Dışında Sermaye Piyasası Aracı İşlemlerine İlişkin Bildirim (Faiz İçeren),ALTINKILIÇ GIDA VE SÜT SANAYİ TİCARET A.Ş. - Pay Dışında Sermaye Piyasası Aracı İşlemlerine İlişkin Bildirim (Faiz İçeren). Pay Dışında Sermaye Piyasası Aracı İşlemlerine İlişkin Bildirim (Faiz İçeren) TRFALTK52615 ISIN Kodlu Finansman Bonosunun İtfası,https://www.kap.org.tr/tr/Bildirim/1609488,weak_label:capital_markets_routine,neutral,0.0392330709607953,0.306218514176777,0.3483299006856505,0.3454515851375724
L000066,neutral,2026-05-21,ALKLC,KAP,ALTINKILIÇ GIDA VE SÜT SANAYİ TİCARET A.Ş. - Pay Dışında Sermaye Piyasası Aracı İşlemlerine İlişkin Bildirim (Faiz İçeren),ALTINKILIÇ GIDA VE SÜT SANAYİ TİCARET A.Ş. - Pay Dışında Sermaye Piyasası Aracı İşlemlerine İlişkin Bildirim (Faiz İçeren). Pay Dışında Sermaye Piyasası Aracı İşlemlerine İlişkin Bildirim (Faiz İçeren) Finansman Bonosu İhracı,https://www.kap.org.tr/tr/Bildirim/1609391,weak_label:capital_markets_routine,neutral,0.0392330709607953,0.306218514176777,0.3483299006856505,0.3454515851375724
L000067,neutral,2026-05-21,ARTMS,KAP,ARTEMİS HALI A.Ş. - Genel Kurul İşlemlerine İlişkin Bildirim,ARTEMİS HALI A.Ş. - Genel Kurul İşlemlerine İlişkin Bildirim. Genel Kurul İşlemlerine İlişkin Bildirim 2025 Yılı Olağan Genel Kurul Toplantısı Hakkında,https://www.kap.org.tr/tr/Bildirim/1610134,weak_label:routine_governance,neutral,-0.0315216627972758,0.3368291540929534,0.3578633546113689,0.3053074912956776
L000068,positive,2026-05-21,ARTMS,KAP,ARTEMİS HALI A.Ş. - Kar Payı Dağıtım İşlemlerine İlişkin Bildirim,ARTEMİS HALI A.Ş. - Kar Payı Dağıtım İşlemlerine İlişkin Bildirim. Kar Payı Dağıtım İşlemlerine İlişkin Bildirim 2025 Yılı Kar Payı Dağıtım İşlemleri Hakkında,https://www.kap.org.tr/tr/Bildirim/1610128,weak_label:dividend_distribution,positive,0.0080995787738359,0.3400214740309341,0.3118574731642959,0.34812105280477
L000069,positive,2026-05-21,ASELS,KAP,ASELSAN ELEKTRONİK SANAYİ VE TİCARET A.Ş. - Yeni İş İlişkisi,ASELSAN ELEKTRONİK SANAYİ VE TİCARET A.Ş. - Yeni İş İlişkisi. Yeni İş İlişkisi Sözleşme İmzalanması,https://www.kap.org.tr/tr/Bildirim/1609287,weak_label:new_business_or_tender,neutral,0.0392330709607953,0.306218514176777,0.3483299006856505,0.3454515851375724
L000070,neutral,2026-05-21,DOFRB,KAP,DOF ROBOTİK SANAYİ A.Ş. - Özel Durum Açıklaması (Genel),DOF ROBOTİK SANAYİ A.Ş. - Özel Durum Açıklaması (Genel). Özel Durum Açıklaması (Genel) Gayrimenkul alınmasına ilişkin Yönetim Kurulu Kararı Hk.,https://www.kap.org.tr/tr/Bildirim/1609489,weak_label:default_neutral,neutral,0.0281631993010664,0.2984153946792386,0.3750060113404562,0.3265785939803051
L000071,neutral,2026-05-21,EKGYO,KAP,EMLAK KONUT GAYRİMENKUL YATIRIM ORTAKLIĞI A.Ş. - Özel Durum Açıklaması (Genel),EMLAK KONUT GAYRİMENKUL YATIRIM ORTAKLIĞI A.Ş. - Özel Durum Açıklaması (Genel). Özel Durum Açıklaması (Genel) Borçlanma Aracı İhracına İlişkin Sermaye Piyasası Kurulu Onayı,https://www.kap.org.tr/tr/Bildirim/1609590,weak_label:default_neutral,neutral,0.0600360385209827,0.2832852070576424,0.3733935473637323,0.3433212455786251
L000072,neutral,2026-05-21,EKOFA,KAP,EKO FAKTORİNG A.Ş. - Pay Dışında Sermaye Piyasası Aracı İşlemlerine İlişkin Bildirim (Faiz İçeren),EKO FAKTORİNG A.Ş. - Pay Dışında Sermaye Piyasası Aracı İşlemlerine İlişkin Bildirim (Faiz İçeren). Pay Dışında Sermaye Piyasası Aracı İşlemlerine İlişkin Bildirim (Faiz İçeren) TRFEKOF22712 ISIN KODLU BONO 1.KUPON FAİZ BİLDİRİMİ,https://www.kap.org.tr/tr/Bildirim/1609895,weak_label:capital_markets_routine,neutral,0.0351483778242879,0.2885431216659895,0.3877653788437328,0.3236914994902775
L000073,neutral,2026-05-21,EMPAE,KAP,EMPA ELEKTRONİK SANAYİ VE TİCARET A.Ş. - Genel Kurul İşlemlerine İlişkin Bildirim,EMPA ELEKTRONİK SANAYİ VE TİCARET A.Ş. - Genel Kurul İşlemlerine İlişkin Bildirim. Genel Kurul İşlemlerine İlişkin Bildirim Olağan Genel Kurul Toplantı Sonucu,https://www.kap.org.tr/tr/Bildirim/1609485,weak_label:routine_governance,neutral,0.0351483778242879,0.2885431216659895,0.3877653788437328,0.3236914994902775
L000074,positive,2026-05-21,EMPAE,KAP,EMPA ELEKTRONİK SANAYİ VE TİCARET A.Ş. - Kar Payı Dağıtım İşlemlerine İlişkin Bildirim,EMPA ELEKTRONİK SANAYİ VE TİCARET A.Ş. - Kar Payı Dağıtım İşlemlerine İlişkin Bildirim. Kar Payı Dağıtım İşlemlerine İlişkin Bildirim 2025 Yılı Kar Dağıtımına İlişkin Genel Kurul Toplantı Sonucu,https://www.kap.org.tr/tr/Bildirim/1609531,weak_label:dividend_distribution,negative,-0.0162621602291724,0.3470952493928234,0.3220716614435256,0.3308330891636509
L000075,neutral,2026-05-21,EMVAR,KAP,EMLAK VARLIK KİRALAMA A.Ş. - İhraç Tavanına İlişkin Bildirim,EMLAK VARLIK KİRALAMA A.Ş. - İhraç Tavanına İlişkin Bildirim. İhraç Tavanına İlişkin Bildirim Düzeltme - Kira Sertifikası İhracına İlişkin Yönetim Kurulu Kararı Alınması Hk. ISFIN,https://www.kap.org.tr/tr/Bildirim/1609304,weak_label:capital_markets_routine,neutral,0.0264373210932593,0.3148100451814314,0.3439425885438776,0.3412473662746908
L000076,neutral,2026-05-21,ERCB,KAP,ERCİYAS ÇELİK BORU SANAYİ A.Ş. - Bağımsız Denetim Kuruluşunun Belirlenmesi,ERCİYAS ÇELİK BORU SANAYİ A.Ş. - Bağımsız Denetim Kuruluşunun Belirlenmesi. Bağımsız Denetim Kuruluşunun Belirlenmesi 2026 Yılı Sürdürebilirlik Denetim Kuruluşunun Genel Kurulda Onayı,https://www.kap.org.tr/tr/Bildirim/1610193,weak_label:routine_governance,neutral,-0.0186952100922773,0.3311922388569915,0.3563107323782944,0.3124970287647141
L000077,neutral,2026-05-21,ERCB,KAP,ERCİYAS ÇELİK BORU SANAYİ A.Ş. - Genel Kurul İşlemlerine İlişkin Bildirim,ERCİYAS ÇELİK BORU SANAYİ A.Ş. - Genel Kurul İşlemlerine İlişkin Bildirim. Genel Kurul İşlemlerine İlişkin Bildirim GENEL KURUL TOPLANTI SONUCU,https://www.kap.org.tr/tr/Bildirim/1610200,weak_label:routine_governance,neutral,0.0351483778242879,0.2885431216659895,0.3877653788437328,0.3236914994902775
L000078,positive,2026-05-21,ERCB,KAP,ERCİYAS ÇELİK BORU SANAYİ A.Ş. - Kar Payı Dağıtım İşlemlerine İlişkin Bildirim,ERCİYAS ÇELİK BORU SANAYİ A.Ş. - Kar Payı Dağıtım İşlemlerine İlişkin Bildirim. Kar Payı Dağıtım İşlemlerine İlişkin Bildirim 2025 Yılı Olağan Genel Kurul Toplantısı Kar Payı Dağıtım İşlemleri Sonuçları Hakkında,https://www.kap.org.tr/tr/Bildirim/1610190,weak_label:dividend_distribution,positive,0.0087242256552647,0.3339068204676917,0.3234621334093518,0.3426310461229564
L000079,neutral,2026-05-21,GUNDG,KAP,GÜNDOĞDU GIDA SÜT ÜRÜNLERİ SANAYİ VE DIŞ TİCARET A.Ş. - Sermaye Artırımı - Azaltımı İşlemlerine İlişkin Bildirim,GÜNDOĞDU GIDA SÜT ÜRÜNLERİ SANAYİ VE DIŞ TİCARET A.Ş. - Sermaye Artırımı - Azaltımı İşlemlerine İlişkin Bildirim. Sermaye Artırımı - Azaltımı İşlemlerine İlişkin Bildirim Tahsisli Sermaye Artırımına İlişkin Yönetim Kurulu Kararı,https://www.kap.org.tr/tr/Bildirim/1610086,weak_label:default_neutral,neutral,0.0264373210932593,0.3148100451814314,0.3439425885438776,0.3412473662746908
L000080,neutral,2026-05-21,GUNDG,KAP,GÜNDOĞDU GIDA SÜT ÜRÜNLERİ SANAYİ VE DIŞ TİCARET A.Ş. - Sermaye Artırımından Elde Edilecek - Edilen Fonun Kullanımına İlişkin Rapor,GÜNDOĞDU GIDA SÜT ÜRÜNLERİ SANAYİ VE DIŞ TİCARET A.Ş. - Sermaye Artırımından Elde Edilecek - Edilen Fonun Kullanımına İlişkin Rapor. Sermaye Artırımından Elde Edilecek - Edilen Fonun Kullanımına İlişkin Rapor Sermaye Artırımından Elde Edilecek Fonun Kullanımına İlişkin Rapor,https://www.kap.org.tr/tr/Bildirim/1610126,weak_label:capital_markets_routine,neutral,0.0392330709607953,0.306218514176777,0.3483299006856505,0.3454515851375724
L000081,neutral,2026-05-21,IHYAY,KAP,İHLAS YAYIN HOLDİNG A.Ş. - Genel Kurul İşlemlerine İlişkin Bildirim,İHLAS YAYIN HOLDİNG A.Ş. - Genel Kurul İşlemlerine İlişkin Bildirim. Genel Kurul İşlemlerine İlişkin Bildirim 2025 Yılı Olağan Genel Kurul Toplantısı Hk,https://www.kap.org.tr/tr/Bildirim/1609872,weak_label:routine_governance,neutral,-0.0315216627972758,0.3368291540929534,0.3578633546113689,0.3053074912956776
L000082,positive,2026-05-21,IHYAY,KAP,İHLAS YAYIN HOLDİNG A.Ş. - Kar Payı Dağıtım İşlemlerine İlişkin Bildirim,İHLAS YAYIN HOLDİNG A.Ş. - Kar Payı Dağıtım İşlemlerine İlişkin Bildirim. Kar Payı Dağıtım İşlemlerine İlişkin Bildirim 2025 Yılı Dönem Sonucu İçin Genel Kurul?a Yapılacak Teklif Hk,https://www.kap.org.tr/tr/Bildirim/1609924,weak_label:dividend_distribution,negative,-0.0162621602291724,0.3470952493928234,0.3220716614435256,0.3308330891636509
L000083,neutral,2026-05-21,ISFIN,KAP,İŞ FİNANSAL KİRALAMA A.Ş. - Özel Durum Açıklaması (Genel),İŞ FİNANSAL KİRALAMA A.Ş. - Özel Durum Açıklaması (Genel). Özel Durum Açıklaması (Genel) Yönetim Kurulu Üye Değişikliği Hakkında,https://www.kap.org.tr/tr/Bildirim/1610075,weak_label:default_neutral,neutral,0.0560935488966957,0.2781992019642386,0.3875080471748269,0.3342927508609343
L000084,neutral,2026-05-21,ISFIN,KAP,İŞ FİNANSAL KİRALAMA A.Ş. - Şirket Genel Bilgi Formu,İŞ FİNANSAL KİRALAMA A.Ş. - Şirket Genel Bilgi Formu. Şirket Genel Bilgi Formu,https://www.kap.org.tr/tr/Bildirim/1610079,weak_label:routine_governance,neutral,0.0351483778242879,0.2885431216659895,0.3877653788437328,0.3236914994902775
L000085,neutral,2026-05-21,KATVK,KAP,KATILIM VARLIK KİRALAMA A.Ş. - Pay Dışında Sermaye Piyasası Aracı İşlemlerine İlişkin Bildirim (Faizsiz),KATILIM VARLIK KİRALAMA A.Ş. - Pay Dışında Sermaye Piyasası Aracı İşlemlerine İlişkin Bildirim (Faizsiz). Pay Dışında Sermaye Piyasası Aracı İşlemlerine İlişkin Bildirim (Faizsiz) TRDKTLMK2633 Yurtiçi Kira Sertifikası İhracının Satışının Tamamlanması BRISA,https://www.kap.org.tr/tr/Bildirim/1609377,weak_label:capital_markets_routine,neutral,0.0392330709607953,0.306218514176777,0.3483299006856505,0.3454515851375724
L000086,negative,2026-05-21,KNFRT,KAP,KONFRUT TARIM A.Ş. - Kar Payı Dağıtım İşlemlerine İlişkin Bildirim,Kar Payı Dağıtım İşlemlerine İlişkin Bildirim Kâr Payı Dağıtılmaması Hususunun Olağan Genel Kurul'da Onaylanması,https://www.kap.org.tr/tr/Bildirim/1609550,weak_label_negative:dividend_not_distributed,,,,,
L000087,neutral,2026-05-21,KZBGY,KAP,KIZILBÜK GAYRİMENKUL YATIRIM ORTAKLIĞI A.Ş. - Bağımsız Denetim Kuruluşunun Belirlenmesi,KIZILBÜK GAYRİMENKUL YATIRIM ORTAKLIĞI A.Ş. - Bağımsız Denetim Kuruluşunun Belirlenmesi. Bağımsız Denetim Kuruluşunun Belirlenmesi Bağımsız Denetim Kuruluşunun Belirlenmesi,https://www.kap.org.tr/tr/Bildirim/1609587,weak_label:routine_governance,neutral,0.0392330709607953,0.306218514176777,0.3483299006856505,0.3454515851375724
L000088,neutral,2026-05-21,KZBGY,KAP,KIZILBÜK GAYRİMENKUL YATIRIM ORTAKLIĞI A.Ş. - Genel Kurul İşlemlerine İlişkin Bildirim,"KIZILBÜK GAYRİMENKUL YATIRIM ORTAKLIĞI A.Ş. - Genel Kurul İşlemlerine İlişkin Bildirim. Genel Kurul İşlemlerine İlişkin Bildirim Olağan Genel Kurul Toplantısı Yapılmasına İlişkin Yönetim Kurulu Kararı, Olağan Genel Kurul Daveti ve Bilgilendirme Dokümanı",https://www.kap.org.tr/tr/Bildirim/1609589,weak_label:routine_governance,neutral,0.0307029419420291,0.2933288998977348,0.382639258262501,0.324031841839764
L000089,positive,2026-05-21,KZBGY,KAP,KIZILBÜK GAYRİMENKUL YATIRIM ORTAKLIĞI A.Ş. - Kar Payı Dağıtım İşlemlerine İlişkin Bildirim,KIZILBÜK GAYRİMENKUL YATIRIM ORTAKLIĞI A.Ş. - Kar Payı Dağıtım İşlemlerine İlişkin Bildirim. Kar Payı Dağıtım İşlemlerine İlişkin Bildirim 2025 Yılı Kar Payı Dağıtımına İlişkin Yönetim Kurulu Kararı,https://www.kap.org.tr/tr/Bildirim/1609586,weak_label:dividend_distribution,positive,0.005467242996878,0.3404208904862739,0.3136909760305741,0.345888133483152
L000090,positive,2026-05-21,MEDTR,KAP,MEDİTERA TIBBİ MALZEME SANAYİ VE TİCARET A.Ş. - İhale Süreci / Sonucu,MEDİTERA TIBBİ MALZEME SANAYİ VE TİCARET A.Ş. - İhale Süreci / Sonucu. İhale Süreci / Sonucu Süleyman Demirel Üniversitesi Hastanesi İhalesi Hakkında,https://www.kap.org.tr/tr/Bildirim/1609419,weak_label:new_business_or_tender,neutral,0.0392330709607953,0.306218514176777,0.3483299006856505,0.3454515851375724
L000091,positive,2026-05-21,MERCN,KAP,MERCAN KİMYA SANAYİ VE TİCARET A.Ş. - Kar Payı Dağıtım İşlemlerine İlişkin Bildirim,MERCAN KİMYA SANAYİ VE TİCARET A.Ş. - Kar Payı Dağıtım İşlemlerine İlişkin Bildirim. Kar Payı Dağıtım İşlemlerine İlişkin Bildirim 2025 Yılı Kar Dağıtımı,https://www.kap.org.tr/tr/Bildirim/1609270,weak_label:dividend_distribution,negative,-0.0199346148991491,0.3567355984299369,0.3064634180392752,0.3368009835307878
L000092,neutral,2026-05-21,MRS,KAP,MARBAŞ MENKUL DEĞERLER A.Ş. - Likidite Sağlayıcılık Kapsamındaki İşlemler,MARBAŞ MENKUL DEĞERLER A.Ş. - Likidite Sağlayıcılık Kapsamındaki İşlemler. Likidite Sağlayıcılık Kapsamındaki İşlemler BAREM AMBALAJ SANAYİ VE TİCARET A.Ş. (BARMA) Paylarında Likidite Sağlayıcılık Kapsamında Gerçekleştirilen İşlemler BARMA,https://www.kap.org.tr/tr/Bildirim/1609400,weak_label:capital_markets_routine,neutral,0.0392330709607953,0.306218514176777,0.3483299006856505,0.3454515851375724
L000093,neutral,2026-05-21,OYYAT,KAP,OYAK YATIRIM MENKUL DEĞERLER A.Ş. - Piyasa Yapıcılığı Kapsamında Gerçekleştirilen İşlemler Bildirimi,OYAK YATIRIM MENKUL DEĞERLER A.Ş. - Piyasa Yapıcılığı Kapsamında Gerçekleştirilen İşlemler Bildirimi. Piyasa Yapıcılığı Kapsamında Gerçekleştirilen İşlemler Bildirimi 21/05/2026 TARİHLİ OYAYO PİYASA YAPICILIĞI İŞLEMLERİ OYAYO,https://www.kap.org.tr/tr/Bildirim/1610070,weak_label:capital_markets_routine,neutral,0.0392330709607953,0.306218514176777,0.3483299006856505,0.3454515851375724
L000094,neutral,2026-05-21,YKBNK,KAP,YAPI VE KREDİ BANKASI A.Ş. - Pay Dışında Sermaye Piyasası Aracı İşlemlerine İlişkin Bildirim (Faiz İçeren),YAPI VE KREDİ BANKASI A.Ş. - Pay Dışında Sermaye Piyasası Aracı İşlemlerine İlişkin Bildirim (Faiz İçeren). Pay Dışında Sermaye Piyasası Aracı İşlemlerine İlişkin Bildirim (Faiz İçeren) Yurtdışında ilave ana sermayeye dahil edilebilir borçlanma aracı ihracı hk.,https://www.kap.org.tr/tr/Bildirim/1610078,weak_label:capital_markets_routine,neutral,0.0392330709607953,0.306218514176777,0.3483299006856505,0.3454515851375724
L000095,neutral,2026-05-21,YKYAT,KAP,YAPI KREDİ YATIRIM MENKUL DEĞERLER A.Ş. - Pay Dışında Sermaye Piyasası Aracı İşlemlerine İlişkin Bildirim (Faiz İçeren),YAPI KREDİ YATIRIM MENKUL DEĞERLER A.Ş. - Pay Dışında Sermaye Piyasası Aracı İşlemlerine İlişkin Bildirim (Faiz İçeren). Pay Dışında Sermaye Piyasası Aracı İşlemlerine İlişkin Bildirim (Faiz İçeren) Borçlanma Aracının İtfası,https://www.kap.org.tr/tr/Bildirim/1609556,weak_label:capital_markets_routine,neutral,0.0392330709607953,0.306218514176777,0.3483299006856505,0.3454515851375724
L000096,neutral,2026-05-21,ZKBVK,KAP,ZİRAAT KATILIM VARLIK KİRALAMA A.Ş. - Tertip İhraç Belgesi,ZİRAAT KATILIM VARLIK KİRALAMA A.Ş. - Tertip İhraç Belgesi. Tertip İhraç Belgesi Tertip İhraç Belgesi ZTB,https://www.kap.org.tr/tr/Bildirim/1609279,weak_label:capital_markets_routine,neutral,0.0392330709607953,0.306218514176777,0.3483299006856505,0.3454515851375724
L000097,neutral,2026-05-21,ZKBVR,KAP,ZKB VARLIK KİRALAMA A.Ş. - İhraç Tavanına İlişkin Bildirim,ZKB VARLIK KİRALAMA A.Ş. - İhraç Tavanına İlişkin Bildirim. İhraç Tavanına İlişkin Bildirim Kira Sertifikası İhracına İlişkin Yönetim Kurulu Kararı Alınması EGEGY,https://www.kap.org.tr/tr/Bildirim/1609460,weak_label:capital_markets_routine,neutral,0.0264373210932593,0.3148100451814314,0.3439425885438776,0.3412473662746908
L000098,positive,2026-05-22,AHGAZ,KAP,AHLATCI DOĞAL GAZ DAĞITIM ENERJİ VE YATIRIM A.Ş. - Payların Geri Alınmasına İlişkin Bildirim,AHLATCI DOĞAL GAZ DAĞITIM ENERJİ VE YATIRIM A.Ş. - Payların Geri Alınmasına İlişkin Bildirim. Payların Geri Alınmasına İlişkin Bildirim 22.05.2026 Tarihli Pay Geri Alım İşlemleri,https://www.kap.org.tr/tr/Bildirim/1610711,weak_label:share_buyback,positive,0.1195942601844968,0.2811478618237918,0.3181100161679194,0.4007421220082886
L000099,neutral,2026-05-22,AKYHO,KAP,AKDENİZ YATIRIM HOLDİNG A.Ş. - Bağımsız Denetim Kuruluşunun Belirlenmesi,AKDENİZ YATIRIM HOLDİNG A.Ş. - Bağımsız Denetim Kuruluşunun Belirlenmesi. Bağımsız Denetim Kuruluşunun Belirlenmesi Bağımsız Denetim Şirketi Seçimi Hakkında,https://www.kap.org.tr/tr/Bildirim/1610847,weak_label:routine_governance,neutral,0.0392330709607953,0.306218514176777,0.3483299006856505,0.3454515851375724
L000100,neutral,2026-05-22,AKYHO,KAP,AKDENİZ YATIRIM HOLDİNG A.Ş. - Genel Kurul İşlemlerine İlişkin Bildirim,AKDENİZ YATIRIM HOLDİNG A.Ş. - Genel Kurul İşlemlerine İlişkin Bildirim. Genel Kurul İşlemlerine İlişkin Bildirim 2025 Yılı Olağan Genel Kurul Toplantısı Sonuçları Hakkında,https://www.kap.org.tr/tr/Bildirim/1610845,weak_label:routine_governance,neutral,-0.0315216627972758,0.3368291540929534,0.3578633546113689,0.3053074912956776
L000101,positive,2026-05-22,AKYHO,KAP,AKDENİZ YATIRIM HOLDİNG A.Ş. - Kar Payı Dağıtım İşlemlerine İlişkin Bildirim,"AKDENİZ YATIRIM HOLDİNG A.Ş. - Kar Payı Dağıtım İşlemlerine İlişkin Bildirim. Kar Payı Dağıtım İşlemlerine İlişkin Bildirim 2025 Yılı Kar Payı Dağıtım İşlemleri Hakkında,",https://www.kap.org.tr/tr/Bildirim/1610846,weak_label:dividend_distribution,positive,0.0080995787738359,0.3400214740309341,0.3118574731642959,0.34812105280477
L000102,neutral,2026-05-22,ALKLC,KAP,ALTINKILIÇ GIDA VE SÜT SANAYİ TİCARET A.Ş. - Bağımsız Denetim Kuruluşunun Belirlenmesi,ALTINKILIÇ GIDA VE SÜT SANAYİ TİCARET A.Ş. - Bağımsız Denetim Kuruluşunun Belirlenmesi. Bağımsız Denetim Kuruluşunun Belirlenmesi Bağımsız Denetim Şirketi Seçimi Hakkında,https://www.kap.org.tr/tr/Bildirim/1610837,weak_label:routine_governance,neutral,0.0392330709607953,0.306218514176777,0.3483299006856505,0.3454515851375724
L000103,positive,2026-05-22,ALKLC,KAP,ALTINKILIÇ GIDA VE SÜT SANAYİ TİCARET A.Ş. - Kar Payı Dağıtım İşlemlerine İlişkin Bildirim,ALTINKILIÇ GIDA VE SÜT SANAYİ TİCARET A.Ş. - Kar Payı Dağıtım İşlemlerine İlişkin Bildirim. Kar Payı Dağıtım İşlemlerine İlişkin Bildirim 2025 Yılı Kar Payı Dağıtım İşlemleri Hakkında,https://www.kap.org.tr/tr/Bildirim/1610836,weak_label:dividend_distribution,positive,0.0080995787738359,0.3400214740309341,0.3118574731642959,0.34812105280477
L000104,positive,2026-05-22,ALKLC,KAP,ALTINKILIÇ GIDA VE SÜT SANAYİ TİCARET A.Ş. - Sermaye Artırımı - Azaltımı İşlemlerine İlişkin Bildirim,"ALTINKILIÇ GIDA VE SÜT SANAYİ TİCARET A.Ş. - Sermaye Artırımı - Azaltımı İşlemlerine İlişkin Bildirim. Sermaye Artırımı - Azaltımı İşlemlerine İlişkin Bildirim 08.04.2026 Tarihli Bedelsiz Sermaye Artırımı Kararının Revize Edilmesi Hakkında,",https://www.kap.org.tr/tr/Bildirim/1610843,weak_label:capital_bonus_or_ceiling,neutral,0.0392330709607953,0.306218514176777,0.3483299006856505,0.3454515851375724
L000105,neutral,2026-05-22,ALVES,KAP,ALVES KABLO SANAYİ VE TİCARET A.Ş. - Pay Dışında Sermaye Piyasası Aracı İşlemlerine İlişkin Bildirim (Faiz İçeren),ALVES KABLO SANAYİ VE TİCARET A.Ş. - Pay Dışında Sermaye Piyasası Aracı İşlemlerine İlişkin Bildirim (Faiz İçeren). Pay Dışında Sermaye Piyasası Aracı İşlemlerine İlişkin Bildirim (Faiz İçeren) Finansman Bonosu İhracının Tamamlanması,https://www.kap.org.tr/tr/Bildirim/1610323,weak_label:capital_markets_routine,neutral,0.0392330709607953,0.306218514176777,0.3483299006856505,0.3454515851375724
L000106,neutral,2026-05-22,ALVES,KAP,ALVES KABLO SANAYİ VE TİCARET A.Ş. - Pay Dışında Sermaye Piyasası Aracı İşlemlerine İlişkin Bildirim (Faiz İçeren),ALVES KABLO SANAYİ VE TİCARET A.Ş. - Pay Dışında Sermaye Piyasası Aracı İşlemlerine İlişkin Bildirim (Faiz İçeren). Pay Dışında Sermaye Piyasası Aracı İşlemlerine İlişkin Bildirim (Faiz İçeren) Finasman Bonosu İtfası,https://www.kap.org.tr/tr/Bildirim/1610313,weak_label:capital_markets_routine,neutral,0.0392330709607953,0.306218514176777,0.3483299006856505,0.3454515851375724
L000107,neutral,2026-05-22,ALVES,KAP,ALVES KABLO SANAYİ VE TİCARET A.Ş. - İhraç Belgesi,ALVES KABLO SANAYİ VE TİCARET A.Ş. - İhraç Belgesi. İhraç Belgesi İHRAÇ BELGESİ,https://www.kap.org.tr/tr/Bildirim/1610333,weak_label:capital_markets_routine,neutral,0.0392330709607953,0.306218514176777,0.3483299006856505,0.3454515851375724
L000108,neutral,2026-05-22,ALVES,KAP,ALVES KABLO SANAYİ VE TİCARET A.Ş. - İhraç Tavanına İlişkin Bildirim,ALVES KABLO SANAYİ VE TİCARET A.Ş. - İhraç Tavanına İlişkin Bildirim. İhraç Tavanına İlişkin Bildirim Borçlanma Aracı İhraç Tavanının SPK Tarafından Onaylanması,https://www.kap.org.tr/tr/Bildirim/1610327,weak_label:capital_markets_routine,neutral,0.0392330709607953,0.306218514176777,0.3483299006856505,0.3454515851375724
L000109,neutral,2026-05-22,ASELS,KAP,ASELSAN ELEKTRONİK SANAYİ VE TİCARET A.Ş. - Bağımsız Denetim Kuruluşunun Belirlenmesi,ASELSAN ELEKTRONİK SANAYİ VE TİCARET A.Ş. - Bağımsız Denetim Kuruluşunun Belirlenmesi. Bağımsız Denetim Kuruluşunun Belirlenmesi Bağımsız Denetim Kuruluşu Seçiminin Tescili,https://www.kap.org.tr/tr/Bildirim/1610498,weak_label:routine_governance,neutral,0.0392330709607953,0.306218514176777,0.3483299006856505,0.3454515851375724
L000110,neutral,2026-05-22,ASELS,KAP,ASELSAN ELEKTRONİK SANAYİ VE TİCARET A.Ş. - Genel Kurul İşlemlerine İlişkin Bildirim,ASELSAN ELEKTRONİK SANAYİ VE TİCARET A.Ş. - Genel Kurul İşlemlerine İlişkin Bildirim. Genel Kurul İşlemlerine İlişkin Bildirim Olağan Genel Kurul Kararları Tescili,https://www.kap.org.tr/tr/Bildirim/1610497,weak_label:routine_governance,neutral,0.0351483778242879,0.2885431216659895,0.3877653788437328,0.3236914994902775
L000111,neutral,2026-05-22,ASELS,KAP,ASELSAN ELEKTRONİK SANAYİ VE TİCARET A.Ş. - Kredi Derecelendirmesi,ASELSAN ELEKTRONİK SANAYİ VE TİCARET A.Ş. - Kredi Derecelendirmesi. Kredi Derecelendirmesi Kredi Derecelendirme,https://www.kap.org.tr/tr/Bildirim/1610499,weak_label:default_neutral,neutral,0.0392330709607953,0.306218514176777,0.3483299006856505,0.3454515851375724
L000112,neutral,2026-05-22,BLSMD,KAP,BULLS YATIRIM MENKUL DEĞERLER A.Ş. - Pay Alım Teklifi Yoluyla Pay Toplanmasına İlişkin Bildirim,BULLS YATIRIM MENKUL DEĞERLER A.Ş. - Pay Alım Teklifi Yoluyla Pay Toplanmasına İlişkin Bildirim. Pay Alım Teklifi Yoluyla Pay Toplanmasına İlişkin Bildirim Özerden Ambalaj Sanayi A.Ş. Paylarına Yönelik Zorunlu Pay Alım Teklifi OZRDN,https://www.kap.org.tr/tr/Bildirim/1610787,weak_label:generic_update,neutral,0.0392330709607953,0.306218514176777,0.3483299006856505,0.3454515851375724
L000113,neutral,2026-05-22,BLSMD,KAP,BULLS YATIRIM MENKUL DEĞERLER A.Ş. - Pay Dışında Sermaye Piyasası Aracı İşlemlerine İlişkin Bildirim (Faiz İçeren),BULLS YATIRIM MENKUL DEĞERLER A.Ş. - Pay Dışında Sermaye Piyasası Aracı İşlemlerine İlişkin Bildirim (Faiz İçeren). Pay Dışında Sermaye Piyasası Aracı İşlemlerine İlişkin Bildirim (Faiz İçeren) Finansman Bonosu İhracı,https://www.kap.org.tr/tr/Bildirim/1610261,weak_label:capital_markets_routine,neutral,0.0392330709607953,0.306218514176777,0.3483299006856505,0.3454515851375724
L000114,negative,2026-05-22,CGCAM,KAP,ÇAĞDAŞ CAM SANAYİ VE TİCARET A.Ş. - Kar Payı Dağıtım İşlemlerine İlişkin Bildirim,Kar Payı Dağıtım İşlemlerine İlişkin Bildirim Yönetim Kurulu'nun Kar Dağıtılmamasına İlişkin Önerisinin Genel Kurulda Onaylanması,https://www.kap.org.tr/tr/Bildirim/1610330,weak_label_negative:dividend_not_distributed,,,,,
L000115,neutral,2026-05-22,EKGYO,KAP,EMLAK KONUT GAYRİMENKUL YATIRIM ORTAKLIĞI A.Ş. - Özel Durum Açıklaması (Genel),EMLAK KONUT GAYRİMENKUL YATIRIM ORTAKLIĞI A.Ş. - Özel Durum Açıklaması (Genel). Özel Durum Açıklaması (Genel) Yeni Levent Kısmi Kesin Kabul,https://www.kap.org.tr/tr/Bildirim/1610804,weak_label:default_neutral,neutral,0.0351483778242879,0.2885431216659895,0.3877653788437328,0.3236914994902775
L000116,neutral,2026-05-22,EKOFA,KAP,EKO FAKTORİNG A.Ş. - Pay Dışında Sermaye Piyasası Aracı İşlemlerine İlişkin Bildirim (Faiz İçeren),EKO FAKTORİNG A.Ş. - Pay Dışında Sermaye Piyasası Aracı İşlemlerine İlişkin Bildirim (Faiz İçeren). Pay Dışında Sermaye Piyasası Aracı İşlemlerine İlişkin Bildirim (Faiz İçeren) TRFEKOF22712 ISIN KODLU BONO 1.KUPON ÖDEMESİ,https://www.kap.org.tr/tr/Bildirim/1610605,weak_label:capital_markets_routine,neutral,0.0351483778242879,0.2885431216659895,0.3877653788437328,0.3236914994902775
L000117,neutral,2026-05-22,EKTVK,KAP,EMLAK KATILIM VARLIK KİRALAMA A.Ş. - Genel Kurul Bildirimi,EMLAK KATILIM VARLIK KİRALAMA A.Ş. - Genel Kurul Bildirimi. Genel Kurul Bildirimi Emlak Katılım Varlık Kiralama A.Ş. 2025 Yılı Olağan Genel Kurul Kararları Tescili Hk.,https://www.kap.org.tr/tr/Bildirim/1610676,weak_label:routine_governance,neutral,-0.0287896198707749,0.3301944522828651,0.3684007153050447,0.3014048324120901
L000118,neutral,2026-05-22,EKTVK,KAP,EMLAK KATILIM VARLIK KİRALAMA A.Ş. - Şirket Genel Bilgi Formu,EMLAK KATILIM VARLIK KİRALAMA A.Ş. - Şirket Genel Bilgi Formu. Şirket Genel Bilgi Formu,https://www.kap.org.tr/tr/Bildirim/1610688,weak_label:routine_governance,neutral,0.0351483778242879,0.2885431216659895,0.3877653788437328,0.3236914994902775
L000119,neutral,2026-05-22,EMPAE,KAP,EMPA ELEKTRONİK SANAYİ VE TİCARET A.Ş. - Bağımsız Denetim Kuruluşunun Belirlenmesi,EMPA ELEKTRONİK SANAYİ VE TİCARET A.Ş. - Bağımsız Denetim Kuruluşunun Belirlenmesi. Bağımsız Denetim Kuruluşunun Belirlenmesi Bağımsız Denetim Kuruluşunun Belirlenmesine İlişkin Tescil ve İlan Hakkında,https://www.kap.org.tr/tr/Bildirim/1610830,weak_label:routine_governance,neutral,0.0392330709607953,0.306218514176777,0.3483299006856505,0.3454515851375724
L000120,neutral,2026-05-22,EMPAE,KAP,EMPA ELEKTRONİK SANAYİ VE TİCARET A.Ş. - Genel Kurul İşlemlerine İlişkin Bildirim,EMPA ELEKTRONİK SANAYİ VE TİCARET A.Ş. - Genel Kurul İşlemlerine İlişkin Bildirim. Genel Kurul İşlemlerine İlişkin Bildirim Olağan Genel Kurul Toplantısının Tescil ve İlanı Hakkında,https://www.kap.org.tr/tr/Bildirim/1610829,weak_label:routine_governance,neutral,0.0351483778242879,0.2885431216659895,0.3877653788437328,0.3236914994902775
L000121,neutral,2026-05-22,ERCB,KAP,ERCİYAS ÇELİK BORU SANAYİ A.Ş. - Özel Durum Açıklaması (Genel),ERCİYAS ÇELİK BORU SANAYİ A.Ş. - Özel Durum Açıklaması (Genel). Özel Durum Açıklaması (Genel) Yönetim Kurulu Görev Dağılımı,https://www.kap.org.tr/tr/Bildirim/1610753,weak_label:default_neutral,neutral,0.0560935488966957,0.2781992019642386,0.3875080471748269,0.3342927508609343
L000122,neutral,2026-05-22,ERCB,KAP,ERCİYAS ÇELİK BORU SANAYİ A.Ş. - Şirket Genel Bilgi Formu,ERCİYAS ÇELİK BORU SANAYİ A.Ş. - Şirket Genel Bilgi Formu. Şirket Genel Bilgi Formu,https://www.kap.org.tr/tr/Bildirim/1610755,weak_label:routine_governance,neutral,0.0351483778242879,0.2885431216659895,0.3877653788437328,0.3236914994902775
L000123,neutral,2026-05-22,GUNDG,KAP,GÜNDOĞDU GIDA SÜT ÜRÜNLERİ SANAYİ VE DIŞ TİCARET A.Ş. - Sermaye Artırımı - Azaltımı İşlemlerine İlişkin Bildirim,GÜNDOĞDU GIDA SÜT ÜRÜNLERİ SANAYİ VE DIŞ TİCARET A.Ş. - Sermaye Artırımı - Azaltımı İşlemlerine İlişkin Bildirim. Sermaye Artırımı - Azaltımı İşlemlerine İlişkin Bildirim Tahsisli Sermaye Artırımına İlişkin SPK Başvurusu,https://www.kap.org.tr/tr/Bildirim/1610712,weak_label:default_neutral,neutral,0.0392330709607953,0.306218514176777,0.3483299006856505,0.3454515851375724
L000124,positive,2026-05-22,HEDEF,KAP,HEDEF HOLDİNG A.Ş. - Sermaye Artırımı - Azaltımı İşlemlerine İlişkin Bildirim,HEDEF HOLDİNG A.Ş. - Sermaye Artırımı - Azaltımı İşlemlerine İlişkin Bildirim. Sermaye Artırımı - Azaltımı İşlemlerine İlişkin Bildirim Bedelsiz Sermaye Artırımına İlişkin SPK Onayı Hk.,https://www.kap.org.tr/tr/Bildirim/1610750,weak_label:capital_bonus_or_ceiling,neutral,0.0392330709607953,0.306218514176777,0.3483299006856505,0.3454515851375724
L000125,neutral,2026-05-22,ISFIN,KAP,İŞ FİNANSAL KİRALAMA A.Ş. - Pay Dışında Sermaye Piyasası Aracı İşlemlerine İlişkin Bildirim (Faiz İçeren),İŞ FİNANSAL KİRALAMA A.Ş. - Pay Dışında Sermaye Piyasası Aracı İşlemlerine İlişkin Bildirim (Faiz İçeren). Pay Dışında Sermaye Piyasası Aracı İşlemlerine İlişkin Bildirim (Faiz İçeren) TRSISFNK2711 ISIN Kodlu Tahvilin 1. Kupon Ödemesi,https://www.kap.org.tr/tr/Bildirim/1610369,weak_label:capital_markets_routine,neutral,0.0351483778242879,0.2885431216659895,0.3877653788437328,0.3236914994902775
L000126,neutral,2026-05-22,ISFIN,KAP,İŞ FİNANSAL KİRALAMA A.Ş. - Pay Dışında Sermaye Piyasası Aracı İşlemlerine İlişkin Bildirim (Faiz İçeren),İŞ FİNANSAL KİRALAMA A.Ş. - Pay Dışında Sermaye Piyasası Aracı İşlemlerine İlişkin Bildirim (Faiz İçeren). Pay Dışında Sermaye Piyasası Aracı İşlemlerine İlişkin Bildirim (Faiz İçeren) TRFISFN52624 ISIN Kodlu Finansman Bonosu Kupon ve İtfa Ödemesi,https://www.kap.org.tr/tr/Bildirim/1610366,weak_label:capital_markets_routine,neutral,0.0351483778242879,0.2885431216659895,0.3877653788437328,0.3236914994902775
L000127,neutral,2026-05-22,KAREL,KAP,KAREL ELEKTRONİK SANAYİ VE TİCARET A.Ş. - Sermaye Artırımı - Azaltımı İşlemlerine İlişkin Bildirim,KAREL ELEKTRONİK SANAYİ VE TİCARET A.Ş. - Sermaye Artırımı - Azaltımı İşlemlerine İlişkin Bildirim. Sermaye Artırımı - Azaltımı İşlemlerine İlişkin Bildirim Şirketimizin tahsisli sermaye artırım başvurusunun Sermaye Piyasası Kurulu tarafından onaylanması,https://www.kap.org.tr/tr/Bildirim/1610406,weak_label:default_neutral,positive,0.0976654885090737,0.2880089966173299,0.3263165182562664,0.3856744851264037
L000128,neutral,2026-05-22,KATVK,KAP,KATILIM VARLIK KİRALAMA A.Ş. - Pay Dışında Sermaye Piyasası Aracı İşlemlerine İlişkin Bildirim (Faizsiz),KATILIM VARLIK KİRALAMA A.Ş. - Pay Dışında Sermaye Piyasası Aracı İşlemlerine İlişkin Bildirim (Faizsiz). Pay Dışında Sermaye Piyasası Aracı İşlemlerine İlişkin Bildirim (Faizsiz) TRDKTLM62713 Yurtiçi Kira Sertifikası İhracının Satışının Tamamlanması HDFFL,https://www.kap.org.tr/tr/Bildirim/1610343,weak_label:capital_markets_routine,neutral,0.0392330709607953,0.306218514176777,0.3483299006856505,0.3454515851375724
L000129,neutral,2026-05-22,KONKA,KAP,KONYA KAĞIT SANAYİ VE TİCARET A.Ş. - Genel Kurul İşlemlerine İlişkin Bildirim,KONYA KAĞIT SANAYİ VE TİCARET A.Ş. - Genel Kurul İşlemlerine İlişkin Bildirim. Genel Kurul İşlemlerine İlişkin Bildirim 2025 Yılı Olağan Genel Kurul Toplantı Sonucu Hakkında,https://www.kap.org.tr/tr/Bildirim/1610462,weak_label:routine_governance,neutral,-0.0315216627972758,0.3368291540929534,0.3578633546113689,0.3053074912956776
L000130,neutral,2026-05-22,MRS,KAP,MARBAŞ MENKUL DEĞERLER A.Ş. - Likidite Sağlayıcılık Kapsamındaki İşlemler,MARBAŞ MENKUL DEĞERLER A.Ş. - Likidite Sağlayıcılık Kapsamındaki İşlemler. Likidite Sağlayıcılık Kapsamındaki İşlemler MAKİM MAKİNA TEKNOLOJİLERİ SANAYİ VE TİCARET A.Ş. (MAKIM) Paylarında Likidite Sağlayıcılık Kapsamında Gerçekleştirilen İşlemler MAKIM,https://www.kap.org.tr/tr/Bildirim/1610276,weak_label:capital_markets_routine,neutral,0.0392330709607953,0.306218514176777,0.3483299006856505,0.3454515851375724
L000131,neutral,2026-05-22,OYYAT,KAP,OYAK YATIRIM MENKUL DEĞERLER A.Ş. - Piyasa Yapıcılığı Kapsamında Gerçekleştirilen İşlemler Bildirimi,OYAK YATIRIM MENKUL DEĞERLER A.Ş. - Piyasa Yapıcılığı Kapsamında Gerçekleştirilen İşlemler Bildirimi. Piyasa Yapıcılığı Kapsamında Gerçekleştirilen İşlemler Bildirimi 22/05/2026 TARİHLİ OYAYO PİYASA YAPICILIĞI İŞLEMLERİ OYAYO,https://www.kap.org.tr/tr/Bildirim/1610806,weak_label:capital_markets_routine,neutral,0.0392330709607953,0.306218514176777,0.3483299006856505,0.3454515851375724
L000132,neutral,2026-05-22,OZATD,KAP,ÖZATA DENİZCİLİK SANAYİ VE TİCARET A.Ş. - Genel Kurul İşlemlerine İlişkin Bildirim,ÖZATA DENİZCİLİK SANAYİ VE TİCARET A.Ş. - Genel Kurul İşlemlerine İlişkin Bildirim. Genel Kurul İşlemlerine İlişkin Bildirim 2025 Yılı Genel Kurul İşlemlerine İlişkin Bildirim,https://www.kap.org.tr/tr/Bildirim/1610501,weak_label:routine_governance,neutral,-0.0315216627972758,0.3368291540929534,0.3578633546113689,0.3053074912956776
L000133,positive,2026-05-22,OZATD,KAP,ÖZATA DENİZCİLİK SANAYİ VE TİCARET A.Ş. - Kar Payı Dağıtım İşlemlerine İlişkin Bildirim,ÖZATA DENİZCİLİK SANAYİ VE TİCARET A.Ş. - Kar Payı Dağıtım İşlemlerine İlişkin Bildirim. Kar Payı Dağıtım İşlemlerine İlişkin Bildirim 2025 YILI KAR PAYI DAĞITIM İŞLEMLERİ HAKKINDA,https://www.kap.org.tr/tr/Bildirim/1610502,weak_label:dividend_distribution,positive,0.0442909027441233,0.3168355949212106,0.3220379074134553,0.361126497665334
L000134,neutral,2026-05-22,PBTR,KAP,PASHA YATIRIM BANKASI A.Ş. - Pay Dışında Sermaye Piyasası Aracı İşlemlerine İlişkin Bildirim (Faiz İçeren),PASHA YATIRIM BANKASI A.Ş. - Pay Dışında Sermaye Piyasası Aracı İşlemlerine İlişkin Bildirim (Faiz İçeren). Pay Dışında Sermaye Piyasası Aracı İşlemlerine İlişkin Bildirim (Faiz İçeren) PASHA Yatırım Bankası A.Ş. VDMK İtfası,https://www.kap.org.tr/tr/Bildirim/1610419,weak_label:capital_markets_routine,neutral,0.0392330709607953,0.306218514176777,0.3483299006856505,0.3454515851375724
L000135,neutral,2026-05-22,QNBTR,KAP,QNB BANK A.Ş. - Pay Dışında Sermaye Piyasası Aracı İşlemlerine İlişkin Bildirim (Faiz İçeren),QNB BANK A.Ş. - Pay Dışında Sermaye Piyasası Aracı İşlemlerine İlişkin Bildirim (Faiz İçeren). Pay Dışında Sermaye Piyasası Aracı İşlemlerine İlişkin Bildirim (Faiz İçeren) QNB Bank A.Ş. Borçlanma Aracı Satışın Tamamlanması hk.,https://www.kap.org.tr/tr/Bildirim/1610402,weak_label:capital_markets_routine,neutral,0.0392330709607953,0.306218514176777,0.3483299006856505,0.3454515851375724
L000136,neutral,2026-05-22,QNBTR,KAP,QNB BANK A.Ş. - Pay Dışında Sermaye Piyasası Aracı İşlemlerine İlişkin Bildirim (Faiz İçeren),QNB BANK A.Ş. - Pay Dışında Sermaye Piyasası Aracı İşlemlerine İlişkin Bildirim (Faiz İçeren). Pay Dışında Sermaye Piyasası Aracı İşlemlerine İlişkin Bildirim (Faiz İçeren) MTN programı kapsamında yurtdışında ihraç edilen borçlanma aracının ihracı,https://www.kap.org.tr/tr/Bildirim/1610386,weak_label:capital_markets_routine,neutral,0.0392330709607953,0.306218514176777,0.3483299006856505,0.3454515851375724
L000137,neutral,2026-05-22,TEVKS,KAP,TERA VARLIK KİRALAMA A.Ş. - İhraç Tavanına İlişkin Bildirim,TERA VARLIK KİRALAMA A.Ş. - İhraç Tavanına İlişkin Bildirim. İhraç Tavanına İlişkin Bildirim Kira Sertifikası İhracına İlişkin Yönetim Kurulu Kararı Alınması (düzeltme kaydıdır),https://www.kap.org.tr/tr/Bildirim/1610364,weak_label:capital_markets_routine,neutral,0.0264373210932593,0.3148100451814314,0.3439425885438776,0.3412473662746908
L000138,neutral,2026-05-22,TEVKS,KAP,TERA VARLIK KİRALAMA A.Ş. - İhraç Tavanına İlişkin Bildirim,TERA VARLIK KİRALAMA A.Ş. - İhraç Tavanına İlişkin Bildirim. İhraç Tavanına İlişkin Bildirim Kira Sertifikası İhracına İlişkin Yönetim Kurulu Kararı Alınması,https://www.kap.org.tr/tr/Bildirim/1610315,weak_label:capital_markets_routine,neutral,0.0264373210932593,0.3148100451814314,0.3439425885438776,0.3412473662746908
L000139,neutral,2026-05-22,TKNSA,KAP,TEKNOSA İÇ VE DIŞ TİCARET A.Ş. - Kredi Derecelendirmesi,TEKNOSA İÇ VE DIŞ TİCARET A.Ş. - Kredi Derecelendirmesi. Kredi Derecelendirmesi Kredi Derecelendirme Notu Değişikliği Hakkında,https://www.kap.org.tr/tr/Bildirim/1610773,weak_label:default_neutral,neutral,0.0392330709607953,0.306218514176777,0.3483299006856505,0.3454515851375724
L000140,neutral,2026-05-22,VAKBN,KAP,TÜRKİYE VAKIFLAR BANKASI T.A.O. - İhraç Tavanına İlişkin Bildirim,TÜRKİYE VAKIFLAR BANKASI T.A.O. - İhraç Tavanına İlişkin Bildirim. İhraç Tavanına İlişkin Bildirim Borçlanma Aracı İhracı SPK ve Borsa İstanbul Başvurusu,https://www.kap.org.tr/tr/Bildirim/1610397,weak_label:capital_markets_routine,neutral,0.0392330709607953,0.306218514176777,0.3483299006856505,0.3454515851375724
L000141,neutral,2026-05-22,VAKBN,KAP,TÜRKİYE VAKIFLAR BANKASI T.A.O. - İzahname (Sermaye Piyasası Aracı Notu-SPK Onayına Sunulan),TÜRKİYE VAKIFLAR BANKASI T.A.O. - İzahname (Sermaye Piyasası Aracı Notu-SPK Onayına Sunulan). İzahname (Sermaye Piyasası Aracı Notu-SPK Onayına Sunulan) İzahname Sermaye Piyasası Aracı Notu,https://www.kap.org.tr/tr/Bildirim/1610403,weak_label:capital_markets_routine,neutral,0.0392330709607953,0.306218514176777,0.3483299006856505,0.3454515851375724
L000142,neutral,2026-05-22,VAKBN,KAP,TÜRKİYE VAKIFLAR BANKASI T.A.O. - İzahname (Özet-SPK Onayına Sunulan),TÜRKİYE VAKIFLAR BANKASI T.A.O. - İzahname (Özet-SPK Onayına Sunulan). İzahname (Özet-SPK Onayına Sunulan) İzahname (Özet-SPK Onayına Sunulan),https://www.kap.org.tr/tr/Bildirim/1610404,weak_label:capital_markets_routine,neutral,0.0392330709607953,0.306218514176777,0.3483299006856505,0.3454515851375724
L000143,neutral,2026-05-22,VAKBN,KAP,TÜRKİYE VAKIFLAR BANKASI T.A.O. - İzahname (İhraççı Bilgi Dokümanı-SPK Onayına Sunulan),TÜRKİYE VAKIFLAR BANKASI T.A.O. - İzahname (İhraççı Bilgi Dokümanı-SPK Onayına Sunulan). İzahname (İhraççı Bilgi Dokümanı-SPK Onayına Sunulan) İzahname (İhraççı Bilgi Dokümanı-SPK Onayına Sunulan),https://www.kap.org.tr/tr/Bildirim/1610401,weak_label:capital_markets_routine,neutral,0.0392330709607953,0.306218514176777,0.3483299006856505,0.3454515851375724
L000144,neutral,2026-05-22,YKBNK,KAP,YAPI VE KREDİ BANKASI A.Ş. - Pay Dışında Sermaye Piyasası Aracı İşlemlerine İlişkin Bildirim (Faiz İçeren),YAPI VE KREDİ BANKASI A.Ş. - Pay Dışında Sermaye Piyasası Aracı İşlemlerine İlişkin Bildirim (Faiz İçeren). Pay Dışında Sermaye Piyasası Aracı İşlemlerine İlişkin Bildirim (Faiz İçeren) Yurtdışında borçlanma aracı ihracının tamamlanması,https://www.kap.org.tr/tr/Bildirim/1610553,weak_label:capital_markets_routine,neutral,0.0392330709607953,0.306218514176777,0.3483299006856505,0.3454515851375724
L000145,neutral,2026-05-22,YKBNK,KAP,YAPI VE KREDİ BANKASI A.Ş. - Pay Dışında Sermaye Piyasası Aracı İşlemlerine İlişkin Bildirim (Faiz İçeren),YAPI VE KREDİ BANKASI A.Ş. - Pay Dışında Sermaye Piyasası Aracı İşlemlerine İlişkin Bildirim (Faiz İçeren). Pay Dışında Sermaye Piyasası Aracı İşlemlerine İlişkin Bildirim (Faiz İçeren) Yurtdışında ihraç edilen borçlanma aracının itfası,https://www.kap.org.tr/tr/Bildirim/1610484,weak_label:capital_markets_routine,neutral,0.0392330709607953,0.306218514176777,0.3483299006856505,0.3454515851375724
L000146,neutral,2026-05-22,ZKBVR,KAP,ZKB VARLIK KİRALAMA A.Ş. - Pay Dışında Sermaye Piyasası Aracı İşlemlerine İlişkin Bildirim (Faizsiz),ZKB VARLIK KİRALAMA A.Ş. - Pay Dışında Sermaye Piyasası Aracı İşlemlerine İlişkin Bildirim (Faizsiz). Pay Dışında Sermaye Piyasası Aracı İşlemlerine İlişkin Bildirim (Faizsiz) TRDZKBV82660 ISIN Kodlu Yurtiçi Kira Sertifikası İhracının Satışının Tamamlanması Hk BALSU,https://www.kap.org.tr/tr/Bildirim/1610249,weak_label:capital_markets_routine,neutral,0.0392330709607953,0.306218514176777,0.3483299006856505,0.3454515851375724
L000147,neutral,2026-05-23,AHSGY,KAP,AHES GAYRİMENKUL YATIRIM ORTAKLIĞI A.Ş. - Kayıtlı Sermaye Tavanı İşlemlerine İlişkin Bildirim,AHES GAYRİMENKUL YATIRIM ORTAKLIĞI A.Ş. - Kayıtlı Sermaye Tavanı İşlemlerine İlişkin Bildirim. Kayıtlı Sermaye Tavanı İşlemlerine İlişkin Bildirim KSS Tavan Arttırımı İlişkin Yönetim Kurulu Kararı.,https://www.kap.org.tr/tr/Bildirim/1610861,weak_label:default_neutral,neutral,0.0264373210932593,0.3148100451814314,0.3439425885438776,0.3412473662746908
L000148,neutral,2026-05-23,BRMEN,KAP,BİRLİK MENSUCAT TİCARET VE SANAYİ İŞLETMESİ A.Ş. - Bağımsız Denetim Kuruluşunun Belirlenmesi,BİRLİK MENSUCAT TİCARET VE SANAYİ İŞLETMESİ A.Ş. - Bağımsız Denetim Kuruluşunun Belirlenmesi. Bağımsız Denetim Kuruluşunun Belirlenmesi Bağımsız Denetim Kurulunun Tescil ve İlanı,https://www.kap.org.tr/tr/Bildirim/1610854,weak_label:routine_governance,neutral,0.0392330709607953,0.306218514176777,0.3483299006856505,0.3454515851375724
L000149,neutral,2026-05-23,ERSU,KAP,ERSU MEYVE VE GIDA SANAYİ A.Ş. - Bağımsız Denetim Kuruluşunun Belirlenmesi,ERSU MEYVE VE GIDA SANAYİ A.Ş. - Bağımsız Denetim Kuruluşunun Belirlenmesi. Bağımsız Denetim Kuruluşunun Belirlenmesi Bağımsız Denetim Şirketi Seçimi Hakkında,https://www.kap.org.tr/tr/Bildirim/1610863,weak_label:routine_governance,neutral,0.0392330709607953,0.306218514176777,0.3483299006856505,0.3454515851375724
L000150,neutral,2026-05-23,ERSU,KAP,ERSU MEYVE VE GIDA SANAYİ A.Ş. - Genel Kurul İşlemlerine İlişkin Bildirim,ERSU MEYVE VE GIDA SANAYİ A.Ş. - Genel Kurul İşlemlerine İlişkin Bildirim. Genel Kurul İşlemlerine İlişkin Bildirim 2025 Yılı Olağan Genel Kurul Toplantısı Hakkında,https://www.kap.org.tr/tr/Bildirim/1610865,weak_label:routine_governance,neutral,-0.0315216627972758,0.3368291540929534,0.3578633546113689,0.3053074912956776
L000151,positive,2026-05-23,ERSU,KAP,ERSU MEYVE VE GIDA SANAYİ A.Ş. - Kar Payı Dağıtım İşlemlerine İlişkin Bildirim,ERSU MEYVE VE GIDA SANAYİ A.Ş. - Kar Payı Dağıtım İşlemlerine İlişkin Bildirim. Kar Payı Dağıtım İşlemlerine İlişkin Bildirim 2025 Yılı Kar Payı Dağıtım İşlemleri Hakkında,https://www.kap.org.tr/tr/Bildirim/1610864,weak_label:dividend_distribution,positive,0.0080995787738359,0.3400214740309341,0.3118574731642959,0.34812105280477
L000152,neutral,2026-05-24,AHSGY,KAP,AHES GAYRİMENKUL YATIRIM ORTAKLIĞI A.Ş. - Bağımsız Denetim Kuruluşunun Belirlenmesi,AHES GAYRİMENKUL YATIRIM ORTAKLIĞI A.Ş. - Bağımsız Denetim Kuruluşunun Belirlenmesi. Bağımsız Denetim Kuruluşunun Belirlenmesi Bağımsız Denetim Kuruluşunun Belirlenmesi Hk.,https://www.kap.org.tr/tr/Bildirim/1610868,weak_label:routine_governance,neutral,0.0392330709607953,0.306218514176777,0.3483299006856505,0.3454515851375724
L000153,neutral,2026-05-24,AHSGY,KAP,AHES GAYRİMENKUL YATIRIM ORTAKLIĞI A.Ş. - Esas Sözleşme,AHES GAYRİMENKUL YATIRIM ORTAKLIĞI A.Ş. - Esas Sözleşme. Esas Sözleşme Esas Sözleşme,https://www.kap.org.tr/tr/Bildirim/1610867,weak_label:routine_governance,neutral,0.0392330709607953,0.306218514176777,0.3483299006856505,0.3454515851375724
L000154,positive,2026-05-24,AHSGY,KAP,AHES GAYRİMENKUL YATIRIM ORTAKLIĞI A.Ş. - Kar Payı Dağıtım İşlemlerine İlişkin Bildirim,AHES GAYRİMENKUL YATIRIM ORTAKLIĞI A.Ş. - Kar Payı Dağıtım İşlemlerine İlişkin Bildirim. Kar Payı Dağıtım İşlemlerine İlişkin Bildirim 2025 Yılı Kar Payı Dağıtımına İlişkin Yönetim Kurulu Önerisi.,https://www.kap.org.tr/tr/Bildirim/1610866,weak_label:dividend_distribution,positive,0.0255462800235996,0.3277279075467777,0.318997904882845,0.3532741875703773
L000155,neutral,2026-05-25,AFB,KAP,AKTİF YATIRIM BANKASI A.Ş. - Pay Dışında Sermaye Piyasası Aracı İşlemlerine İlişkin Bildirim (Faiz İçeren),AKTİF YATIRIM BANKASI A.Ş. - Pay Dışında Sermaye Piyasası Aracı İşlemlerine İlişkin Bildirim (Faiz İçeren). Pay Dışında Sermaye Piyasası Aracı İşlemlerine İlişkin Bildirim (Faiz İçeren) Finansman Bonosu İhracı ISIN: TRFAKYB22718,https://www.kap.org.tr/tr/Bildirim/1610881,weak_label:capital_markets_routine,neutral,0.0392330709607953,0.306218514176777,0.3483299006856505,0.3454515851375724
L000156,positive,2026-05-25,AHGAZ,KAP,AHLATCI DOĞAL GAZ DAĞITIM ENERJİ VE YATIRIM A.Ş. - Payların Geri Alınmasına İlişkin Bildirim,AHLATCI DOĞAL GAZ DAĞITIM ENERJİ VE YATIRIM A.Ş. - Payların Geri Alınmasına İlişkin Bildirim. Payların Geri Alınmasına İlişkin Bildirim 25.05.2026 Tarihli Pay Geri Alım İşlemleri,https://www.kap.org.tr/tr/Bildirim/1611103,weak_label:share_buyback,positive,0.1195942601844968,0.2811478618237918,0.3181100161679194,0.4007421220082886
L000157,neutral,2026-05-25,AKMEN,KAP,AK YATIRIM MENKUL DEĞERLER A.Ş. - Piyasa Yapıcılığı Kapsamında Gerçekleştirilen İşlemler Bildirimi,"AK YATIRIM MENKUL DEĞERLER A.Ş. - Piyasa Yapıcılığı Kapsamında Gerçekleştirilen İşlemler Bildirimi. Piyasa Yapıcılığı Kapsamında Gerçekleştirilen İşlemler Bildirimi 18.05.2026 - 22.05.2026 Tarih Aralığında Gerçekleşen Borsa Yatırım Fonları Piyasa Yapıcı İşlemleri APGLD, APMDL",https://www.kap.org.tr/tr/Bildirim/1611070,weak_label:capital_markets_routine,neutral,0.0392330709607953,0.306218514176777,0.3483299006856505,0.3454515851375724
L000158,neutral,2026-05-25,ATLAS,KAP,ATLAS MENKUL KIYMETLER YATIRIM ORTAKLIĞI A.Ş. - Haftalık Rapor,ATLAS MENKUL KIYMETLER YATIRIM ORTAKLIĞI A.Ş. - Haftalık Rapor. Haftalık Rapor Haftalık Rapor,https://www.kap.org.tr/tr/Bildirim/1611063,weak_label:routine_governance,neutral,0.0392330709607953,0.306218514176777,0.3483299006856505,0.3454515851375724
L000159,neutral,2026-05-25,BLSMD,KAP,BULLS YATIRIM MENKUL DEĞERLER A.Ş. - Pay Alım Teklifi Yoluyla Pay Toplanmasına İlişkin Bildirim,BULLS YATIRIM MENKUL DEĞERLER A.Ş. - Pay Alım Teklifi Yoluyla Pay Toplanmasına İlişkin Bildirim. Pay Alım Teklifi Yoluyla Pay Toplanmasına İlişkin Bildirim Özerden Ambalaj Sanayi A.Ş. Paylarına Yönelik Zorunlu Pay Alım Teklifi OZRDN,https://www.kap.org.tr/tr/Bildirim/1611086,weak_label:generic_update,neutral,0.0392330709607953,0.306218514176777,0.3483299006856505,0.3454515851375724
L000160,neutral,2026-05-25,DCTTR,KAP,DCT TRADİNG DIŞ TİCARET A.Ş. - Özel Durum Açıklaması (Genel),DCT TRADİNG DIŞ TİCARET A.Ş. - Özel Durum Açıklaması (Genel). Özel Durum Açıklaması (Genel) Bağlı Ortaklık Olağanüstü Genel Kuru'nun Tescil ve İlanı Hakkında,https://www.kap.org.tr/tr/Bildirim/1610992,weak_label:default_neutral,neutral,0.0325269066764092,0.277507344069751,0.4124584051840886,0.3100342507461603
L000161,neutral,2026-05-25,EGEPO,KAP,NASMED ÖZEL SAĞLIK HİZMETLERİ TİCARET A.Ş. - Genel Kurul İşlemlerine İlişkin Bildirim,NASMED ÖZEL SAĞLIK HİZMETLERİ TİCARET A.Ş. - Genel Kurul İşlemlerine İlişkin Bildirim. Genel Kurul İşlemlerine İlişkin Bildirim 2025 Yılı Olağan Genel Kurul,https://www.kap.org.tr/tr/Bildirim/1611019,weak_label:routine_governance,neutral,-0.0315216627972758,0.3368291540929534,0.3578633546113689,0.3053074912956776
L000162,neutral,2026-05-25,EMVAR,KAP,EMLAK VARLIK KİRALAMA A.Ş. - Pay Dışında Sermaye Piyasası Aracı İşlemlerine İlişkin Bildirim (Faizsiz),EMLAK VARLIK KİRALAMA A.Ş. - Pay Dışında Sermaye Piyasası Aracı İşlemlerine İlişkin Bildirim (Faizsiz). Pay Dışında Sermaye Piyasası Aracı İşlemlerine İlişkin Bildirim (Faizsiz) TRDEMVK22742 ISIN Kodlu Kira Sertifikasının 1. Dönemsel Getiri Ödemesi Hk.,https://www.kap.org.tr/tr/Bildirim/1610951,weak_label:capital_markets_routine,neutral,0.0392330709607953,0.306218514176777,0.3483299006856505,0.3454515851375724
L000163,neutral,2026-05-25,EMVAR,KAP,EMLAK VARLIK KİRALAMA A.Ş. - Pay Dışında Sermaye Piyasası Aracı İşlemlerine İlişkin Bildirim (Faizsiz),EMLAK VARLIK KİRALAMA A.Ş. - Pay Dışında Sermaye Piyasası Aracı İşlemlerine İlişkin Bildirim (Faizsiz). Pay Dışında Sermaye Piyasası Aracı İşlemlerine İlişkin Bildirim (Faizsiz) TRDEMVK52814 ISIN Kodlu Kira Sertifikası İhracının Nitelikli Yatırımcıya Satışının Tamamlanması Hk. GRFIN,https://www.kap.org.tr/tr/Bildirim/1610949,weak_label:capital_markets_routine,neutral,0.0392330709607953,0.306218514176777,0.3483299006856505,0.3454515851375724
L000164,neutral,2026-05-25,GRNYO,KAP,GARANTİ YATIRIM ORTAKLIĞI A.Ş. - Haftalık Rapor,GARANTİ YATIRIM ORTAKLIĞI A.Ş. - Haftalık Rapor. Haftalık Rapor 22.05.2026 tarihli haftalık rapordur.,https://www.kap.org.tr/tr/Bildirim/1610908,weak_label:routine_governance,neutral,0.0392330709607953,0.306218514176777,0.3483299006856505,0.3454515851375724
L000165,neutral,2026-05-25,ISTVY,KAP,İSTANBUL VARLIK YÖNETİM A.Ş. - İhraç Tavanına İlişkin Bildirim,İSTANBUL VARLIK YÖNETİM A.Ş. - İhraç Tavanına İlişkin Bildirim. İhraç Tavanına İlişkin Bildirim Borçlanma Aracı İhraç Tavanına İlişkin SPK Onayı,https://www.kap.org.tr/tr/Bildirim/1611115,weak_label:capital_markets_routine,neutral,0.0392330709607953,0.306218514176777,0.3483299006856505,0.3454515851375724
L000166,neutral,2026-05-25,ISYAT,KAP,İŞ YATIRIM ORTAKLIĞI A.Ş. - Haftalık Rapor,İŞ YATIRIM ORTAKLIĞI A.Ş. - Haftalık Rapor. Haftalık Rapor 22.05.2026 Tarihli Haftalık Rapor,https://www.kap.org.tr/tr/Bildirim/1611058,weak_label:routine_governance,neutral,0.0392330709607953,0.306218514176777,0.3483299006856505,0.3454515851375724
L000167,neutral,2026-05-25,IYF,KAP,İNFO YATIRIM MENKUL DEĞERLER A.Ş. - Likidite Sağlayıcılık Kapsamındaki İşlemler,İNFO YATIRIM MENKUL DEĞERLER A.Ş. - Likidite Sağlayıcılık Kapsamındaki İşlemler. Likidite Sağlayıcılık Kapsamındaki İşlemler KRVGD Paylarında Likidite Sağlayıcılık Faaliyetleri Kapsamında Gerçekleştirilen İşlemler KRVGD,https://www.kap.org.tr/tr/Bildirim/1611003,weak_label:capital_markets_routine,neutral,0.0392330709607953,0.306218514176777,0.3483299006856505,0.3454515851375724
L000168,neutral,2026-05-25,IYF,KAP,İNFO YATIRIM MENKUL DEĞERLER A.Ş. - Yatırım Kuruluşu Varant - Sertifika - Senetlerine İlişkin Bildirim,İNFO YATIRIM MENKUL DEĞERLER A.Ş. - Yatırım Kuruluşu Varant - Sertifika - Senetlerine İlişkin Bildirim. Yatırım Kuruluşu Varant - Sertifika - Senetlerine İlişkin Bildirim İnfo Yatırım Varantları Piyasa Yapıcı Alım Satım İşlemleri Bildirimi,https://www.kap.org.tr/tr/Bildirim/1611005,weak_label:capital_markets_routine,neutral,0.0392330709607953,0.306218514176777,0.3483299006856505,0.3454515851375724
L000169,neutral,2026-05-25,IYF,KAP,İNFO YATIRIM MENKUL DEĞERLER A.Ş. - Yatırım Kuruluşu Varant - Sertifika - Senetlerine İlişkin Bildirim,İNFO YATIRIM MENKUL DEĞERLER A.Ş. - Yatırım Kuruluşu Varant - Sertifika - Senetlerine İlişkin Bildirim. Yatırım Kuruluşu Varant - Sertifika - Senetlerine İlişkin Bildirim 22.05.2026 Vadeli Varantların İtfası,https://www.kap.org.tr/tr/Bildirim/1611004,weak_label:capital_markets_routine,neutral,0.0392330709607953,0.306218514176777,0.3483299006856505,0.3454515851375724
L000170,neutral,2026-05-25,KATVK,KAP,KATILIM VARLIK KİRALAMA A.Ş. - Pay Dışında Sermaye Piyasası Aracı İşlemlerine İlişkin Bildirim (Faizsiz),KATILIM VARLIK KİRALAMA A.Ş. - Pay Dışında Sermaye Piyasası Aracı İşlemlerine İlişkin Bildirim (Faizsiz). Pay Dışında Sermaye Piyasası Aracı İşlemlerine İlişkin Bildirim (Faizsiz) TRDKTLM82612 Yurtiçi Kira Sertifikası İhracının 1. Kupon Ödemesi KARSN,https://www.kap.org.tr/tr/Bildirim/1610991,weak_label:capital_markets_routine,neutral,0.0351483778242879,0.2885431216659895,0.3877653788437328,0.3236914994902775
L000171,neutral,2026-05-25,KIMMR,KAP,ERSAN ALIŞVERİŞ HİZMETLERİ VE GIDA SANAYİ TİCARET A.Ş. - Bağımsız Denetim Kuruluşunun Belirlenmesi,ERSAN ALIŞVERİŞ HİZMETLERİ VE GIDA SANAYİ TİCARET A.Ş. - Bağımsız Denetim Kuruluşunun Belirlenmesi. Bağımsız Denetim Kuruluşunun Belirlenmesi Bağımsız Denetim Kuruluşunun Tescili,https://www.kap.org.tr/tr/Bildirim/1611108,weak_label:routine_governance,neutral,0.0392330709607953,0.306218514176777,0.3483299006856505,0.3454515851375724
L000172,neutral,2026-05-25,KIMMR,KAP,ERSAN ALIŞVERİŞ HİZMETLERİ VE GIDA SANAYİ TİCARET A.Ş. - Esas Sözleşme Tadili,ERSAN ALIŞVERİŞ HİZMETLERİ VE GIDA SANAYİ TİCARET A.Ş. - Esas Sözleşme Tadili. Esas Sözleşme Tadili Güncel Esas Sözleşme,https://www.kap.org.tr/tr/Bildirim/1611109,weak_label:routine_governance,neutral,0.0392330709607953,0.306218514176777,0.3483299006856505,0.3454515851375724
L000173,neutral,2026-05-25,KIMMR,KAP,ERSAN ALIŞVERİŞ HİZMETLERİ VE GIDA SANAYİ TİCARET A.Ş. - Genel Kurul İşlemlerine İlişkin Bildirim,ERSAN ALIŞVERİŞ HİZMETLERİ VE GIDA SANAYİ TİCARET A.Ş. - Genel Kurul İşlemlerine İlişkin Bildirim. Genel Kurul İşlemlerine İlişkin Bildirim Genel Kurul Kararlarının Tescil Edilmesi,https://www.kap.org.tr/tr/Bildirim/1610871,weak_label:routine_governance,neutral,0.0351483778242879,0.2885431216659895,0.3877653788437328,0.3236914994902775
L000174,neutral,2026-05-25,KIMMR,KAP,ERSAN ALIŞVERİŞ HİZMETLERİ VE GIDA SANAYİ TİCARET A.Ş. - Kayıtlı Sermaye Tavanı İşlemlerine İlişkin Bildirim,ERSAN ALIŞVERİŞ HİZMETLERİ VE GIDA SANAYİ TİCARET A.Ş. - Kayıtlı Sermaye Tavanı İşlemlerine İlişkin Bildirim. Kayıtlı Sermaye Tavanı İşlemlerine İlişkin Bildirim Kayıtlı Sermaye Tavanının Süresinin Uzatılmasına İlişkin Esas Sözleşme Değişikliğinin Tescili ve İlanı Hk.,https://www.kap.org.tr/tr/Bildirim/1611110,weak_label:routine_governance,neutral,0.0392330709607953,0.306218514176777,0.3483299006856505,0.3454515851375724
L000175,neutral,2026-05-25,KUVVA,KAP,KUVVA GIDA TİCARET VE SANAYİ YATIRIMLARI A.Ş. - Genel Kurul İşlemlerine İlişkin Bildirim,KUVVA GIDA TİCARET VE SANAYİ YATIRIMLARI A.Ş. - Genel Kurul İşlemlerine İlişkin Bildirim. Genel Kurul İşlemlerine İlişkin Bildirim 2025 yılına ait Olağan genel kurul toplantısı hk.,https://www.kap.org.tr/tr/Bildirim/1610924,weak_label:routine_governance,neutral,0.0115591278225256,0.3057461341694556,0.3769486038385632,0.3173052619919813
L000176,positive,2026-05-25,KUVVA,KAP,KUVVA GIDA TİCARET VE SANAYİ YATIRIMLARI A.Ş. - Kar Payı Dağıtım İşlemlerine İlişkin Bildirim,KUVVA GIDA TİCARET VE SANAYİ YATIRIMLARI A.Ş. - Kar Payı Dağıtım İşlemlerine İlişkin Bildirim. Kar Payı Dağıtım İşlemlerine İlişkin Bildirim 2025 yılı kar payı dağıtımı hk,https://www.kap.org.tr/tr/Bildirim/1610922,weak_label:dividend_distribution,positive,0.0080995787738359,0.3400214740309341,0.3118574731642959,0.34812105280477
L000177,neutral,2026-05-25,MEDTR,KAP,MEDİTERA TIBBİ MALZEME SANAYİ VE TİCARET A.Ş. - Şirket Genel Bilgi Formu,MEDİTERA TIBBİ MALZEME SANAYİ VE TİCARET A.Ş. - Şirket Genel Bilgi Formu. Şirket Genel Bilgi Formu,https://www.kap.org.tr/tr/Bildirim/1611050,weak_label:routine_governance,neutral,0.0351483778242879,0.2885431216659895,0.3877653788437328,0.3236914994902775
L000178,neutral,2026-05-25,MHRGY,KAP,MHR GAYRİMENKUL YATIRIM ORTAKLIĞI A.Ş. - Kar Dağıtım Politikası,MHR GAYRİMENKUL YATIRIM ORTAKLIĞI A.Ş. - Kar Dağıtım Politikası. Kar Dağıtım Politikası Şirketimiz Kar Dağıtım Politikası hk.,https://www.kap.org.tr/tr/Bildirim/1611133,weak_label:routine_governance,neutral,0.0392330709607953,0.306218514176777,0.3483299006856505,0.3454515851375724
L000179,positive,2026-05-25,MHRGY,KAP,MHR GAYRİMENKUL YATIRIM ORTAKLIĞI A.Ş. - Kar Payı Dağıtım İşlemlerine İlişkin Bildirim,MHR GAYRİMENKUL YATIRIM ORTAKLIĞI A.Ş. - Kar Payı Dağıtım İşlemlerine İlişkin Bildirim. Kar Payı Dağıtım İşlemlerine İlişkin Bildirim Şirketimiz Temettü Ödemesi hk.,https://www.kap.org.tr/tr/Bildirim/1611134,weak_label:dividend_distribution,positive,0.0442909027441233,0.3168355949212106,0.3220379074134553,0.361126497665334
L000180,neutral,2026-05-25,MHRGY,KAP,MHR GAYRİMENKUL YATIRIM ORTAKLIĞI A.Ş. - Sermaye Artırımından Elde Edilecek - Edilen Fonun Kullanımına İlişkin Rapor,MHR GAYRİMENKUL YATIRIM ORTAKLIĞI A.Ş. - Sermaye Artırımından Elde Edilecek - Edilen Fonun Kullanımına İlişkin Rapor. Sermaye Artırımından Elde Edilecek - Edilen Fonun Kullanımına İlişkin Rapor Halka Arzdan Elde Edilen Fonun Kullanımına İlişkin Rapor,https://www.kap.org.tr/tr/Bildirim/1611132,weak_label:capital_markets_routine,neutral,0.0392330709607953,0.306218514176777,0.3483299006856505,0.3454515851375724
L000181,neutral,2026-05-25,MTRYO,KAP,METRO YATIRIM ORTAKLIĞI A.Ş. - Haftalık Rapor,METRO YATIRIM ORTAKLIĞI A.Ş. - Haftalık Rapor. Haftalık Rapor Haftalık Rapor,https://www.kap.org.tr/tr/Bildirim/1611089,weak_label:routine_governance,neutral,0.0392330709607953,0.306218514176777,0.3483299006856505,0.3454515851375724
L000182,neutral,2026-05-25,OYAYO,KAP,OYAK YATIRIM ORTAKLIĞI A.Ş. - Haftalık Rapor,OYAK YATIRIM ORTAKLIĞI A.Ş. - Haftalık Rapor. Haftalık Rapor 22.05.2026 Tarihli Haftalık Rapor,https://www.kap.org.tr/tr/Bildirim/1610956,weak_label:routine_governance,neutral,0.0392330709607953,0.306218514176777,0.3483299006856505,0.3454515851375724
L000183,neutral,2026-05-25,OYAYO,KAP,OYAK YATIRIM ORTAKLIĞI A.Ş. - Özel Durum Açıklaması (Genel),"OYAK YATIRIM ORTAKLIĞI A.Ş. - Özel Durum Açıklaması (Genel). Özel Durum Açıklaması (Genel) Ortaklık paylarının BİAŞ'ta oluşan ağırlıklı ortalama fiyatının, pay başına net aktif değerinin 2 katını aşması hakkında",https://www.kap.org.tr/tr/Bildirim/1610957,weak_label:default_neutral,neutral,0.033930218623459,0.2835487866620045,0.3989722080525319,0.3174790052854636
L000184,neutral,2026-05-25,OYYAT,KAP,OYAK YATIRIM MENKUL DEĞERLER A.Ş. - Piyasa Yapıcılığı Kapsamında Gerçekleştirilen İşlemler Bildirimi,OYAK YATIRIM MENKUL DEĞERLER A.Ş. - Piyasa Yapıcılığı Kapsamında Gerçekleştirilen İşlemler Bildirimi. Piyasa Yapıcılığı Kapsamında Gerçekleştirilen İşlemler Bildirimi 25/05/2026 TARİHLİ OYAYO PİYASA YAPICILIĞI İŞLEMLERİ OYAYO,https://www.kap.org.tr/tr/Bildirim/1611105,weak_label:capital_markets_routine,neutral,0.0392330709607953,0.306218514176777,0.3483299006856505,0.3454515851375724
L000185,neutral,2026-05-25,PBTR,KAP,PASHA YATIRIM BANKASI A.Ş. - Tertip İhraç Belgesi,PASHA YATIRIM BANKASI A.Ş. - Tertip İhraç Belgesi. Tertip İhraç Belgesi PASHA Yatırım Bankası A.Ş. Maygold Otomotiv Üçüncü Varlık Finansmanı Fonu Tertip İhraç Belgeleri ve ekleri (550mn TL),https://www.kap.org.tr/tr/Bildirim/1610989,weak_label:capital_markets_routine,neutral,0.0201205506367755,0.3122092895144857,0.3554608703342532,0.3323298401512612
L000186,neutral,2026-05-25,QNBTR,KAP,QNB BANK A.Ş. - Pay Dışında Sermaye Piyasası Aracı İşlemlerine İlişkin Bildirim (Faiz İçeren),QNB BANK A.Ş. - Pay Dışında Sermaye Piyasası Aracı İşlemlerine İlişkin Bildirim (Faiz İçeren). Pay Dışında Sermaye Piyasası Aracı İşlemlerine İlişkin Bildirim (Faiz İçeren) MTN programı kapsamında yurtdışında ihraç edilen borçlanma aracının ihracı,https://www.kap.org.tr/tr/Bildirim/1611028,weak_label:capital_markets_routine,neutral,0.0392330709607953,0.306218514176777,0.3483299006856505,0.3454515851375724
L000187,neutral,2026-05-25,ZKBVK,KAP,ZİRAAT KATILIM VARLIK KİRALAMA A.Ş. - İhraç Tavanına İlişkin Bildirim,ZİRAAT KATILIM VARLIK KİRALAMA A.Ş. - İhraç Tavanına İlişkin Bildirim. İhraç Tavanına İlişkin Bildirim Kira Sertifikası İhracına İlişkin Yönetim Kurulu Kararı Alınması ZTB,https://www.kap.org.tr/tr/Bildirim/1610897,weak_label:capital_markets_routine,neutral,0.0264373210932593,0.3148100451814314,0.3439425885438776,0.3412473662746908
L000188,positive,2026-05-26,AHGAZ,KAP,AHLATCI DOĞAL GAZ DAĞITIM ENERJİ VE YATIRIM A.Ş. - Payların Geri Alınmasına İlişkin Bildirim,AHLATCI DOĞAL GAZ DAĞITIM ENERJİ VE YATIRIM A.Ş. - Payların Geri Alınmasına İlişkin Bildirim. Payların Geri Alınmasına İlişkin Bildirim 26.05.2026 Tarihli Pay Geri Alım İşlemleri,https://www.kap.org.tr/tr/Bildirim/1611220,weak_label:share_buyback,positive,0.1195942601844968,0.2811478618237918,0.3181100161679194,0.4007421220082886
L000189,positive,2026-05-26,AHGAZ,tr.investing.com,"Ahlatcı Doğal Gaz, 55.000 adet payı 32,70 TL’den geri aldı","Ahlatcı Doğal Gaz, 55.000 adet payı 32,70 TL’den geri aldı",https://tr.investing.com/news/global-filings/ahlatc-dogal-gaz-55000-adet-pay-3270-tlden-geri-ald-93CH-3919868,Pay geri alımı olumlu.,positive,0.0754522640319132,0.2903995993459327,0.3437485372762214,0.365851863377846
L000190,positive,2026-05-26,AHSGY,KAP,AHES GAYRİMENKUL YATIRIM ORTAKLIĞI A.Ş. - Kar Payı Dağıtım İşlemlerine İlişkin Bildirim,AHES GAYRİMENKUL YATIRIM ORTAKLIĞI A.Ş. - Kar Payı Dağıtım İşlemlerine İlişkin Bildirim. Kar Payı Dağıtım İşlemlerine İlişkin Bildirim 2025 Yılı Kar Payı Dağıtımına İlişkin Yönetim Kurulu Önerisi.,https://www.kap.org.tr/tr/Bildirim/1611249,weak_label:dividend_distribution,positive,0.0255462800235996,0.3277279075467777,0.318997904882845,0.3532741875703773
L000191,negative,2026-05-26,ALCTL,tr.investing.com,"Alcatel Lucent Teletaş, 2025 yılı için temettü dağıtmayacak","Alcatel Lucent Teletaş, 2025 yılı için temettü dağıtmayacak",https://tr.investing.com/news/global-filings/alcatel-lucent-teletas-2025-yl-icin-temettu-dagtmayacak-93CH-3919861,Temettü dağıtmama yatırımcı açısından olumsuz.,positive,0.0549713706334524,0.3128211281365284,0.3193863730934906,0.3677924987699809
L000192,neutral,2026-05-26,BLSMD,KAP,BULLS YATIRIM MENKUL DEĞERLER A.Ş. - Pay Alım Teklifi Yoluyla Pay Toplanmasına İlişkin Bildirim,BULLS YATIRIM MENKUL DEĞERLER A.Ş. - Pay Alım Teklifi Yoluyla Pay Toplanmasına İlişkin Bildirim. Pay Alım Teklifi Yoluyla Pay Toplanmasına İlişkin Bildirim Özerden Ambalaj Sanayi A.Ş. Paylarına Yönelik Zorunlu Pay Alım Teklifi OZRDN,https://www.kap.org.tr/tr/Bildirim/1611224,weak_label:generic_update,neutral,0.0392330709607953,0.306218514176777,0.3483299006856505,0.3454515851375724
L000193,negative,2026-05-26,BORSK,tr.investing.com,"Bor Şeker, 751,8 milyon TL kârı dağıtmama kararı aldı","Bor Şeker, 751,8 milyon TL kârı dağıtmama kararı aldı",https://tr.investing.com/news/global-filings/bor-seker-7518-milyon-tl-kar-dagtmama-karar-ald-93CH-3920647,Kâr dağıtmama kısa vadeli yatırımcı için olumsuz.,positive,0.1099699845356139,0.279866670431898,0.3302966746005899,0.389836654967512
L000194,neutral,2026-05-26,DGRVK,tr.investing.com,"Doğru Varlık Yönetim, 1. kupon oranını %11,5893 belirledi","Doğru Varlık Yönetim, 1. kupon oranını %11,5893 belirledi",https://tr.investing.com/news/global-filings/dogru-varlk-yonetim-1-kupon-orann-115893-belirledi-93CH-3919856,Finansman duyurusu; yön etkisi net değil.,positive,0.0754522640319132,0.2903995993459327,0.3437485372762214,0.365851863377846
L000195,positive,2026-05-26,EGEPO,KAP,NASMED ÖZEL SAĞLIK HİZMETLERİ TİCARET A.Ş. - Kar Payı Dağıtım İşlemlerine İlişkin Bildirim,NASMED ÖZEL SAĞLIK HİZMETLERİ TİCARET A.Ş. - Kar Payı Dağıtım İşlemlerine İlişkin Bildirim. Kar Payı Dağıtım İşlemlerine İlişkin Bildirim 2025 Yılı Kar Payı Dağıtım İşlemlerine ilşkin bildirim,https://www.kap.org.tr/tr/Bildirim/1611186,weak_label:dividend_distribution,positive,0.0080995787738359,0.3400214740309341,0.3118574731642959,0.34812105280477
L000196,neutral,2026-05-26,GRNYO,KAP,GARANTİ YATIRIM ORTAKLIĞI A.Ş. - Özel Durum Açıklaması (Genel),"GARANTİ YATIRIM ORTAKLIĞI A.Ş. - Özel Durum Açıklaması (Genel). Özel Durum Açıklaması (Genel) Paylarının BİAŞ'ta oluşan ağırlıklı ortalama fiyatının, pay başına net aktif değerinin 2 katını aşması hakkında.",https://www.kap.org.tr/tr/Bildirim/1611148,weak_label:default_neutral,neutral,0.0351483778242879,0.2885431216659895,0.3877653788437328,0.3236914994902775
L000197,neutral,2026-05-26,ISTVY,KAP,İSTANBUL VARLIK YÖNETİM A.Ş. - İhraç Belgesi,İSTANBUL VARLIK YÖNETİM A.Ş. - İhraç Belgesi. İhraç Belgesi Borçlanma Aracı İhraç Tavanına İlişkin SPK Onayı,https://www.kap.org.tr/tr/Bildirim/1611205,weak_label:capital_markets_routine,neutral,0.0392330709607953,0.306218514176777,0.3483299006856505,0.3454515851375724
L000198,neutral,2026-05-26,IYM,KAP,İŞ YATIRIM MENKUL DEĞERLER A.Ş. - Yatırım Kuruluşu Varant - Sertifika - Senetlerine İlişkin Bildirim,İŞ YATIRIM MENKUL DEĞERLER A.Ş. - Yatırım Kuruluşu Varant - Sertifika - Senetlerine İlişkin Bildirim. Yatırım Kuruluşu Varant - Sertifika - Senetlerine İlişkin Bildirim İş Yatırım Sertifika ve Varant Alım Satım İşlemleri,https://www.kap.org.tr/tr/Bildirim/1611182,weak_label:capital_markets_routine,neutral,0.0392330709607953,0.306218514176777,0.3483299006856505,0.3454515851375724
L000199,neutral,2026-05-26,MHRGY,KAP,MHR GAYRİMENKUL YATIRIM ORTAKLIĞI A.Ş. - Genel Kurul İşlemlerine İlişkin Bildirim,MHR GAYRİMENKUL YATIRIM ORTAKLIĞI A.Ş. - Genel Kurul İşlemlerine İlişkin Bildirim. Genel Kurul İşlemlerine İlişkin Bildirim Şirketimiz Genel Kurul Toplantısı hk.,https://www.kap.org.tr/tr/Bildirim/1611137,weak_label:routine_governance,neutral,0.0351483778242879,0.2885431216659895,0.3877653788437328,0.3236914994902775
L000200,neutral,2026-05-26,MHRGY,KAP,MHR GAYRİMENKUL YATIRIM ORTAKLIĞI A.Ş. - Sermaye Artırımı - Azaltımı İşlemlerine İlişkin Bildirim,MHR GAYRİMENKUL YATIRIM ORTAKLIĞI A.Ş. - Sermaye Artırımı - Azaltımı İşlemlerine İlişkin Bildirim. Sermaye Artırımı - Azaltımı İşlemlerine İlişkin Bildirim Şirketimiz İç Kaynaklardan Bedelsiz Sermaye Artışı hk,https://www.kap.org.tr/tr/Bildirim/1611135,weak_label:default_neutral,neutral,0.0392330709607953,0.306218514176777,0.3483299006856505,0.3454515851375724
L000201,neutral,2026-05-26,OYAYO,KAP,OYAK YATIRIM ORTAKLIĞI A.Ş. - Özel Durum Açıklaması (Genel),"OYAK YATIRIM ORTAKLIĞI A.Ş. - Özel Durum Açıklaması (Genel). Özel Durum Açıklaması (Genel) Ortaklık paylarının BİAŞ'ta oluşan ağırlıklı ortalama fiyatının, pay başına net aktif değerinin 2 katını aşması hakkında",https://www.kap.org.tr/tr/Bildirim/1611185,weak_label:default_neutral,neutral,0.033930218623459,0.2835487866620045,0.3989722080525319,0.3174790052854636
L000202,neutral,2026-05-26,OYYAT,KAP,OYAK YATIRIM MENKUL DEĞERLER A.Ş. - Piyasa Yapıcılığı Kapsamında Gerçekleştirilen İşlemler Bildirimi,OYAK YATIRIM MENKUL DEĞERLER A.Ş. - Piyasa Yapıcılığı Kapsamında Gerçekleştirilen İşlemler Bildirimi. Piyasa Yapıcılığı Kapsamında Gerçekleştirilen İşlemler Bildirimi 26/05/2026 TARİHLİ OYAYO PİYASA YAPICILIĞI İŞLEMLERİ OYAYO,https://www.kap.org.tr/tr/Bildirim/1611240,weak_label:capital_markets_routine,neutral,0.0392330709607953,0.306218514176777,0.3483299006856505,0.3454515851375724
L000203,neutral,2026-05-26,PBTR,KAP,PASHA YATIRIM BANKASI A.Ş. - Pay Dışında Sermaye Piyasası Aracı İşlemlerine İlişkin Bildirim (Faiz İçeren),PASHA YATIRIM BANKASI A.Ş. - Pay Dışında Sermaye Piyasası Aracı İşlemlerine İlişkin Bildirim (Faiz İçeren). Pay Dışında Sermaye Piyasası Aracı İşlemlerine İlişkin Bildirim (Faiz İçeren) PASHA Yatırım Bankası A.Ş. Eurobond kupon ödemesi,https://www.kap.org.tr/tr/Bildirim/1611150,weak_label:capital_markets_routine,neutral,0.0351483778242879,0.2885431216659895,0.3877653788437328,0.3236914994902775
L000204,neutral,2026-05-26,QNBTR,KAP,QNB BANK A.Ş. - Pay Dışında Sermaye Piyasası Aracı İşlemlerine İlişkin Bildirim (Faiz İçeren),QNB BANK A.Ş. - Pay Dışında Sermaye Piyasası Aracı İşlemlerine İlişkin Bildirim (Faiz İçeren). Pay Dışında Sermaye Piyasası Aracı İşlemlerine İlişkin Bildirim (Faiz İçeren) MTN programı kapsamında yurtdışında ihraç edilen borçlanma aracının itfası,https://www.kap.org.tr/tr/Bildirim/1611163,weak_label:capital_markets_routine,neutral,0.0392330709607953,0.306218514176777,0.3483299006856505,0.3454515851375724
L000205,positive,2026-05-26,SMART,tr.investing.com,"Smartiks, E Kampüs birleşmesi için Rekabet Kurulu izni almayacak","Smartiks, E Kampüs birleşmesi için Rekabet Kurulu izni almayacak",https://tr.investing.com/news/global-filings/smartiks-e-kampus-birlesmesi-icin-rekabet-kurulu-izni-almayacak-93CH-3920093,Birleşme sürecinde izin engeli yok.,positive,0.0824036374922527,0.2978496055586642,0.3218971513904188,0.3802532430509169
L000206,neutral,2026-05-26,VAKBN,tr.investing.com,"VakıfBank, Ali Kırbas’ı Genel Müdür Yardımcısı olarak atadı","VakıfBank, Ali Kırbas’ı Genel Müdür Yardımcısı olarak atadı",https://tr.investing.com/news/global-filings/vakfbank-ali-krbas-genel-mudur-yardmcs-olarak-atad-93CH-3919857,Üst yönetim ataması; finansal etki belirsiz.,neutral,0.0299066525701598,0.3042448641337665,0.361603619162307,0.3341515167039264
L000207,neutral,2026-05-26,YKBNK,KAP,YAPI VE KREDİ BANKASI A.Ş. - Pay Dışında Sermaye Piyasası Aracı İşlemlerine İlişkin Bildirim (Faiz İçeren),YAPI VE KREDİ BANKASI A.Ş. - Pay Dışında Sermaye Piyasası Aracı İşlemlerine İlişkin Bildirim (Faiz İçeren). Pay Dışında Sermaye Piyasası Aracı İşlemlerine İlişkin Bildirim (Faiz İçeren) Yurtdışında ilave ana sermayeye dahil edilebilir borçlanma aracı ihracının tamamlanması,https://www.kap.org.tr/tr/Bildirim/1611236,weak_label:capital_markets_routine,neutral,0.0392330709607953,0.306218514176777,0.3483299006856505,0.3454515851375724
L000208,neutral,2026-05-27,BEYAZ,tr.investing.com,"Beyaz Filo, Letonya’da 50.000 Euro sermayeli bağlı ortaklık kurdu","Beyaz Filo, Letonya’da 50.000 Euro sermayeli bağlı ortaklık kurdu",https://tr.investing.com/news/global-filings/beyaz-filo-letonyada-50000-euro-sermayeli-bagl-ortaklk-kurdu-93CH-3922417,"Yeni ortaklık var, tutar küçük.",neutral,0.0299066525701598,0.3042448641337665,0.361603619162307,0.3341515167039264
L000209,positive,2026-05-27,MRGYO,tr.investing.com,"Martı GYO, Narin Tekstil ile hasılat paylaşımı sözleşmesi imzaladı","Martı GYO, Narin Tekstil ile hasılat paylaşımı sözleşmesi imzaladı",https://tr.investing.com/news/global-filings/mart-gyo-narin-tekstil-ile-haslat-paylasm-sozlesmesi-imzalad-93CH-3921777,Gelir potansiyeli taşıyan sözleşme.,positive,0.1148501587852039,0.2787157444891742,0.3277183522364477,0.3935659032743782
L000210,positive,2026-05-27,ZOREN,tr.investing.com,"Zorlu Enerji, Dorad Energy satışından 85,8 milyon NIS tahsil etti","Zorlu Enerji, Dorad Energy satışından 85,8 milyon NIS tahsil etti",https://tr.investing.com/news/global-filings/zorlu-enerji-dorad-energy-satsndan-858-milyon-nis-tahsil-etti-93CH-3921287,Nakit tahsilatı olumlu.,neutral,0.0299066525701598,0.3042448641337665,0.361603619162307,0.3341515167039264
L000211,neutral,2026-05-29,KCHOL,KAP,KOÇ HOLDİNG A.Ş. - Kredi Derecelendirmesi,KOÇ HOLDİNG A.Ş. - Kredi Derecelendirmesi. Kredi Derecelendirmesi Kredi Derecelendirmesi,https://www.kap.org.tr/tr/Bildirim/1611273,weak_label:default_neutral,neutral,0.0392330709607953,0.306218514176777,0.3483299006856505,0.3454515851375724
L000212,neutral,2026-05-29,KCHOL,tr.investing.com,"Koç Holding, S&P’den BB+ kredi notu teyidi aldı","Koç Holding, S&P’den BB+ kredi notu teyidi aldı",https://tr.investing.com/news/global-filings/koc-holding-spden-bb-kredi-notu-teyidi-ald-93CH-3925270,Not teyidi; değişim yok.,neutral,0.0596429934188234,0.2862788660370635,0.3677992745070496,0.3459218594558869
L000213,neutral,2026-05-30,DOFRB,KAP,DOF ROBOTİK SANAYİ A.Ş. - Bağımsız Denetim Kuruluşunun Belirlenmesi,DOF ROBOTİK SANAYİ A.Ş. - Bağımsız Denetim Kuruluşunun Belirlenmesi. Bağımsız Denetim Kuruluşunun Belirlenmesi Bağımsız denetim kuruluşu seçiminin tescili ve TTSG'de ilan,https://www.kap.org.tr/tr/Bildirim/1611278,weak_label:routine_governance,neutral,0.0392330709607953,0.306218514176777,0.3483299006856505,0.3454515851375724
L000214,neutral,2026-05-30,DOFRB,KAP,DOF ROBOTİK SANAYİ A.Ş. - Genel Kurul İşlemlerine İlişkin Bildirim,DOF ROBOTİK SANAYİ A.Ş. - Genel Kurul İşlemlerine İlişkin Bildirim. Genel Kurul İşlemlerine İlişkin Bildirim Genel Kurul İŞlemleri Tescil Bildirimi,https://www.kap.org.tr/tr/Bildirim/1611277,weak_label:routine_governance,neutral,0.0351483778242879,0.2885431216659895,0.3877653788437328,0.3236914994902775
L000215,positive,2026-06-01,AHGAZ,KAP,AHLATCI DOĞAL GAZ DAĞITIM ENERJİ VE YATIRIM A.Ş. - Payların Geri Alınmasına İlişkin Bildirim,AHLATCI DOĞAL GAZ DAĞITIM ENERJİ VE YATIRIM A.Ş. - Payların Geri Alınmasına İlişkin Bildirim. Payların Geri Alınmasına İlişkin Bildirim 01.06.2026 Tarihli Pay Geri Alım İşlemleri,https://www.kap.org.tr/tr/Bildirim/1611665,weak_label:share_buyback,positive,0.1195942601844968,0.2811478618237918,0.3181100161679194,0.4007421220082886
L000216,neutral,2026-06-01,AKBNK,KAP,AKBANK T.A.Ş. - Pay Dışında Sermaye Piyasası Aracı İşlemlerine İlişkin Bildirim (Faiz İçeren),AKBANK T.A.Ş. - Pay Dışında Sermaye Piyasası Aracı İşlemlerine İlişkin Bildirim (Faiz İçeren). Pay Dışında Sermaye Piyasası Aracı İşlemlerine İlişkin Bildirim (Faiz İçeren) Yurtdışı Piyasalara Tahvil İhracı,https://www.kap.org.tr/tr/Bildirim/1611586,weak_label:capital_markets_routine,neutral,0.0392330709607953,0.306218514176777,0.3483299006856505,0.3454515851375724
L000217,neutral,2026-06-01,AKBNK,KAP,AKBANK T.A.Ş. - Özel Durum Açıklaması (Genel),AKBANK T.A.Ş. - Özel Durum Açıklaması (Genel). Özel Durum Açıklaması (Genel) Yurtdışı Piyasalara Sermaye Benzeri (Basel III uyumlu) Tahvil İhracı,https://www.kap.org.tr/tr/Bildirim/1611351,weak_label:default_neutral,neutral,0.0351483778242879,0.2885431216659895,0.3877653788437328,0.3236914994902775
L000218,neutral,2026-06-01,AKFGY,KAP,AKFEN GAYRİMENKUL YATIRIM ORTAKLIĞI A.Ş. - Bağımsız Denetim Kuruluşunun Belirlenmesi,AKFEN GAYRİMENKUL YATIRIM ORTAKLIĞI A.Ş. - Bağımsız Denetim Kuruluşunun Belirlenmesi. Bağımsız Denetim Kuruluşunun Belirlenmesi Bağımsız denetim kuruluşu seçiminin tescili ve TTSG'de ilanı,https://www.kap.org.tr/tr/Bildirim/1611457,weak_label:routine_governance,neutral,0.0392330709607953,0.306218514176777,0.3483299006856505,0.3454515851375724
L000219,neutral,2026-06-01,AKFGY,KAP,AKFEN GAYRİMENKUL YATIRIM ORTAKLIĞI A.Ş. - Esas Sözleşme,AKFEN GAYRİMENKUL YATIRIM ORTAKLIĞI A.Ş. - Esas Sözleşme. Esas Sözleşme Esas Sözleşme,https://www.kap.org.tr/tr/Bildirim/1611465,weak_label:routine_governance,neutral,0.0392330709607953,0.306218514176777,0.3483299006856505,0.3454515851375724
L000220,neutral,2026-06-01,AKFGY,KAP,AKFEN GAYRİMENKUL YATIRIM ORTAKLIĞI A.Ş. - Genel Kurul İşlemlerine İlişkin Bildirim,AKFEN GAYRİMENKUL YATIRIM ORTAKLIĞI A.Ş. - Genel Kurul İşlemlerine İlişkin Bildirim. Genel Kurul İşlemlerine İlişkin Bildirim 2025 Yılı Olağan Genel Kurul Toplantısı Tescil İşlemi,https://www.kap.org.tr/tr/Bildirim/1611460,weak_label:routine_governance,neutral,-0.0315216627972758,0.3368291540929534,0.3578633546113689,0.3053074912956776
L000221,neutral,2026-06-01,AKFGY,KAP,AKFEN GAYRİMENKUL YATIRIM ORTAKLIĞI A.Ş. - Yönetim Kurulu Komiteleri,AKFEN GAYRİMENKUL YATIRIM ORTAKLIĞI A.Ş. - Yönetim Kurulu Komiteleri. Yönetim Kurulu Komiteleri Yönetim Kurulu Komitelerinin Üyelerinin Belirlenmesi hk,https://www.kap.org.tr/tr/Bildirim/1611462,weak_label:routine_governance,neutral,0.0757413717549689,0.2821095369281806,0.3600395543886698,0.3578509086831495
L000222,neutral,2026-06-01,AKFGY,KAP,AKFEN GAYRİMENKUL YATIRIM ORTAKLIĞI A.Ş. - İlişkili Taraf İşlemleri,AKFEN GAYRİMENKUL YATIRIM ORTAKLIĞI A.Ş. - İlişkili Taraf İşlemleri. İlişkili Taraf İşlemleri Yaygın ve Süreklilik Arz Eden İşlemler Raporu Hk.,https://www.kap.org.tr/tr/Bildirim/1611641,weak_label:generic_update,neutral,0.0392330709607953,0.306218514176777,0.3483299006856505,0.3454515851375724
L000223,neutral,2026-06-01,AKMEN,KAP,AK YATIRIM MENKUL DEĞERLER A.Ş. - Likidite Sağlayıcılık Kapsamındaki İşlemler,AK YATIRIM MENKUL DEĞERLER A.Ş. - Likidite Sağlayıcılık Kapsamındaki İşlemler. Likidite Sağlayıcılık Kapsamındaki İşlemler LOGO Paylarında Likidite Sağlayıcılığı Kapsamında Gerçekleştirilen İşlemler 18.05.2026 - 29.05.2026 LOGO,https://www.kap.org.tr/tr/Bildirim/1611379,weak_label:capital_markets_routine,neutral,0.0392330709607953,0.306218514176777,0.3483299006856505,0.3454515851375724
L000224,neutral,2026-06-01,AKMEN,KAP,AK YATIRIM MENKUL DEĞERLER A.Ş. - Likidite Sağlayıcılık Kapsamındaki İşlemler,AK YATIRIM MENKUL DEĞERLER A.Ş. - Likidite Sağlayıcılık Kapsamındaki İşlemler. Likidite Sağlayıcılık Kapsamındaki İşlemler ORGE Paylarında Likidite Sağlayıcılığı Kapsamında Gerçekleştirilen İşlemler 18.05.2026 - 29.05.2026 ORGE,https://www.kap.org.tr/tr/Bildirim/1611377,weak_label:capital_markets_routine,neutral,0.0392330709607953,0.306218514176777,0.3483299006856505,0.3454515851375724
L000225,neutral,2026-06-01,AKMEN,KAP,AK YATIRIM MENKUL DEĞERLER A.Ş. - Piyasa Yapıcılığı Kapsamında Gerçekleştirilen İşlemler Bildirimi,"AK YATIRIM MENKUL DEĞERLER A.Ş. - Piyasa Yapıcılığı Kapsamında Gerçekleştirilen İşlemler Bildirimi. Piyasa Yapıcılığı Kapsamında Gerçekleştirilen İşlemler Bildirimi 25.05.2026 - 26.05.2026 Tarih Aralığında Gerçekleşen Borsa Yatırım Fonları Piyasa Yapıcı İşlemleri APGLD, APMDL",https://www.kap.org.tr/tr/Bildirim/1611448,weak_label:capital_markets_routine,neutral,0.0392330709607953,0.306218514176777,0.3483299006856505,0.3454515851375724
L000226,neutral,2026-06-01,AKMEN,KAP,AK YATIRIM MENKUL DEĞERLER A.Ş. - Yatırım Kuruluşu Varant - Sertifika - Senetlerine İlişkin Bildirim,AK YATIRIM MENKUL DEĞERLER A.Ş. - Yatırım Kuruluşu Varant - Sertifika - Senetlerine İlişkin Bildirim. Yatırım Kuruluşu Varant - Sertifika - Senetlerine İlişkin Bildirim Varant ve Sertifika PY Alım Satım Bildirimi,https://www.kap.org.tr/tr/Bildirim/1611380,weak_label:capital_markets_routine,neutral,0.0392330709607953,0.306218514176777,0.3483299006856505,0.3454515851375724
L000227,neutral,2026-06-01,AKTVK,KAP,AKTİF BANK SUKUK VARLIK KİRALAMA A.Ş. - Pay Dışında Sermaye Piyasası Aracı İşlemlerine İlişkin Bildirim (Faizsiz),AKTİF BANK SUKUK VARLIK KİRALAMA A.Ş. - Pay Dışında Sermaye Piyasası Aracı İşlemlerine İlişkin Bildirim (Faizsiz). Pay Dışında Sermaye Piyasası Aracı İşlemlerine İlişkin Bildirim (Faizsiz) İtfa,https://www.kap.org.tr/tr/Bildirim/1611447,weak_label:capital_markets_routine,neutral,0.0392330709607953,0.306218514176777,0.3483299006856505,0.3454515851375724
L000228,neutral,2026-06-01,AKTVK,KAP,AKTİF BANK SUKUK VARLIK KİRALAMA A.Ş. - Pay Dışında Sermaye Piyasası Aracı İşlemlerine İlişkin Bildirim (Faizsiz),AKTİF BANK SUKUK VARLIK KİRALAMA A.Ş. - Pay Dışında Sermaye Piyasası Aracı İşlemlerine İlişkin Bildirim (Faizsiz). Pay Dışında Sermaye Piyasası Aracı İşlemlerine İlişkin Bildirim (Faizsiz) Kupon Oranı Belirlenmesi,https://www.kap.org.tr/tr/Bildirim/1611404,weak_label:capital_markets_routine,neutral,0.0351483778242879,0.2885431216659895,0.3877653788437328,0.3236914994902775
L000229,positive,2026-06-01,ARDYZ,KAP,ARD GRUP BİLİŞİM TEKNOLOJİLERİ A.Ş. - Yeni İş İlişkisi,ARD GRUP BİLİŞİM TEKNOLOJİLERİ A.Ş. - Yeni İş İlişkisi. Yeni İş İlişkisi Sözleşme İmzalanması Hk.,https://www.kap.org.tr/tr/Bildirim/1611290,weak_label:new_business_or_tender,neutral,0.0392330709607953,0.306218514176777,0.3483299006856505,0.3454515851375724
L000230,positive,2026-06-01,ASELS,KAP,ASELSAN ELEKTRONİK SANAYİ VE TİCARET A.Ş. - Yeni İş İlişkisi,ASELSAN ELEKTRONİK SANAYİ VE TİCARET A.Ş. - Yeni İş İlişkisi. Yeni İş İlişkisi Sözleşme İmzalanması,https://www.kap.org.tr/tr/Bildirim/1611291,weak_label:new_business_or_tender,neutral,0.0392330709607953,0.306218514176777,0.3483299006856505,0.3454515851375724
L000231,neutral,2026-06-01,ATLAS,KAP,ATLAS MENKUL KIYMETLER YATIRIM ORTAKLIĞI A.Ş. - Haftalık Rapor,ATLAS MENKUL KIYMETLER YATIRIM ORTAKLIĞI A.Ş. - Haftalık Rapor. Haftalık Rapor Haftalık Rapor,https://www.kap.org.tr/tr/Bildirim/1611391,weak_label:routine_governance,neutral,0.0392330709607953,0.306218514176777,0.3483299006856505,0.3454515851375724
L000232,neutral,2026-06-01,ATLAS,KAP,ATLAS MENKUL KIYMETLER YATIRIM ORTAKLIĞI A.Ş. - Özel Durum Açıklaması (Genel),ATLAS MENKUL KIYMETLER YATIRIM ORTAKLIĞI A.Ş. - Özel Durum Açıklaması (Genel). Özel Durum Açıklaması (Genel) Portföy Yönetim Şirketi Değişikliği Hakkında,https://www.kap.org.tr/tr/Bildirim/1611663,weak_label:default_neutral,neutral,0.0337821055059238,0.2823025458546856,0.4016128027847048,0.3160846513606095
L000233,neutral,2026-06-01,BLSMD,KAP,BULLS YATIRIM MENKUL DEĞERLER A.Ş. - Pay Alım Teklifi Yoluyla Pay Toplanmasına İlişkin Bildirim,BULLS YATIRIM MENKUL DEĞERLER A.Ş. - Pay Alım Teklifi Yoluyla Pay Toplanmasına İlişkin Bildirim. Pay Alım Teklifi Yoluyla Pay Toplanmasına İlişkin Bildirim Özerden Ambalaj Sanayi A.Ş. Paylarına Yönelik Zorunlu Pay Alım Teklifi OZRDN,https://www.kap.org.tr/tr/Bildirim/1611618,weak_label:generic_update,neutral,0.0392330709607953,0.306218514176777,0.3483299006856505,0.3454515851375724
L000234,neutral,2026-06-01,BRMEN,KAP,BİRLİK MENSUCAT TİCARET VE SANAYİ İŞLETMESİ A.Ş. - Faaliyet Raporu (Konsolide),BİRLİK MENSUCAT TİCARET VE SANAYİ İŞLETMESİ A.Ş. - Faaliyet Raporu (Konsolide). Faaliyet Raporu (Konsolide) BRMEN Yönetim Kurulu Faaliyet Raporu,https://www.kap.org.tr/tr/Bildirim/1611639,weak_label:routine_governance,neutral,0.0757413717549689,0.2821095369281806,0.3600395543886698,0.3578509086831495
L000235,neutral,2026-06-01,BRMEN,KAP,BİRLİK MENSUCAT TİCARET VE SANAYİ İŞLETMESİ A.Ş. - Finansal Rapor,BİRLİK MENSUCAT TİCARET VE SANAYİ İŞLETMESİ A.Ş. - Finansal Rapor. Finansal Rapor,https://www.kap.org.tr/tr/Bildirim/1611638,weak_label:routine_governance,neutral,0.0392330709607953,0.306218514176777,0.3483299006856505,0.3454515851375724
L000236,neutral,2026-06-01,BRMEN,KAP,BİRLİK MENSUCAT TİCARET VE SANAYİ İŞLETMESİ A.Ş. - Sermaye Artırımından Elde Edilecek - Edilen Fonun Kullanımına İlişkin Rapor,BİRLİK MENSUCAT TİCARET VE SANAYİ İŞLETMESİ A.Ş. - Sermaye Artırımından Elde Edilecek - Edilen Fonun Kullanımına İlişkin Rapor. Sermaye Artırımından Elde Edilecek - Edilen Fonun Kullanımına İlişkin Rapor Sermaye Artırımından Elde Edilen Fonun Kullanımına İlişkin Rapor,https://www.kap.org.tr/tr/Bildirim/1611664,weak_label:capital_markets_routine,neutral,0.0392330709607953,0.306218514176777,0.3483299006856505,0.3454515851375724
L000237,neutral,2026-06-01,BRMEN,KAP,BİRLİK MENSUCAT TİCARET VE SANAYİ İŞLETMESİ A.Ş. - Sorumluluk Beyanı (Konsolide),BİRLİK MENSUCAT TİCARET VE SANAYİ İŞLETMESİ A.Ş. - Sorumluluk Beyanı (Konsolide). Sorumluluk Beyanı (Konsolide) BRMEN Sorumluluk Beyanı,https://www.kap.org.tr/tr/Bildirim/1611640,weak_label:routine_governance,neutral,0.0392330709607953,0.306218514176777,0.3483299006856505,0.3454515851375724
L000238,positive,2026-06-01,BRSAN,KAP,BORUSAN BİRLEŞİK BORU FABRİKALARI SANAYİ VE TİCARET A.Ş. - Yeni İş İlişkisi,BORUSAN BİRLEŞİK BORU FABRİKALARI SANAYİ VE TİCARET A.Ş. - Yeni İş İlişkisi. Yeni İş İlişkisi Amerika Birleşik Devletleri'nde Yeni Satış Siparişlerinin Alınması,https://www.kap.org.tr/tr/Bildirim/1611282,weak_label:new_business_or_tender,neutral,0.0392330709607953,0.306218514176777,0.3483299006856505,0.3454515851375724
L000239,neutral,2026-06-01,CMSAN,KAP,ÇAMSAN ENTEGRE AĞAÇ SANAYİ VE TİCARET A.Ş. - Pay Dışında Sermaye Piyasası Aracı İşlemlerine İlişkin Bildirim (Faiz İçeren),ÇAMSAN ENTEGRE AĞAÇ SANAYİ VE TİCARET A.Ş. - Pay Dışında Sermaye Piyasası Aracı İşlemlerine İlişkin Bildirim (Faiz İçeren). Pay Dışında Sermaye Piyasası Aracı İşlemlerine İlişkin Bildirim (Faiz İçeren) Finansman Bonosu İtfası,https://www.kap.org.tr/tr/Bildirim/1611545,weak_label:capital_markets_routine,neutral,0.0392330709607953,0.306218514176777,0.3483299006856505,0.3454515851375724
L000240,neutral,2026-06-01,DCTTR,KAP,DCT TRADİNG DIŞ TİCARET A.Ş. - Pay Satış Bilgi Formu,DCT TRADİNG DIŞ TİCARET A.Ş. - Pay Satış Bilgi Formu. Pay Satış Bilgi Formu Pay Satış Bilgi Formu SPK Başvurusu Hakkında,https://www.kap.org.tr/tr/Bildirim/1611677,weak_label:capital_markets_routine,neutral,0.0392330709607953,0.306218514176777,0.3483299006856505,0.3454515851375724
L000241,neutral,2026-06-01,EKGYO,KAP,EMLAK KONUT GAYRİMENKUL YATIRIM ORTAKLIĞI A.Ş. - Değerleme Raporu,EMLAK KONUT GAYRİMENKUL YATIRIM ORTAKLIĞI A.Ş. - Değerleme Raporu. Değerleme Raporu Hayat Flora Gayrimenkul Değerleme Raporu,https://www.kap.org.tr/tr/Bildirim/1611682,weak_label:routine_governance,neutral,0.0392330709607953,0.306218514176777,0.3483299006856505,0.3454515851375724
L000242,neutral,2026-06-01,EKGYO,KAP,EMLAK KONUT GAYRİMENKUL YATIRIM ORTAKLIĞI A.Ş. - Özel Durum Açıklaması (Genel),EMLAK KONUT GAYRİMENKUL YATIRIM ORTAKLIĞI A.Ş. - Özel Durum Açıklaması (Genel). Özel Durum Açıklaması (Genel) Kira Sertifikası (Sukuk) İhracı Satışının Tamamlanması,https://www.kap.org.tr/tr/Bildirim/1611684,weak_label:default_neutral,neutral,0.0351483778242879,0.2885431216659895,0.3877653788437328,0.3236914994902775
L000243,neutral,2026-06-01,EKGYO,KAP,EMLAK KONUT GAYRİMENKUL YATIRIM ORTAKLIĞI A.Ş. - Özel Durum Açıklaması (Genel),EMLAK KONUT GAYRİMENKUL YATIRIM ORTAKLIĞI A.Ş. - Özel Durum Açıklaması (Genel). Özel Durum Açıklaması (Genel) İstanbul Hoşdere Emlak Konut Vadi Evleri 1. Etap Kesin Kabul,https://www.kap.org.tr/tr/Bildirim/1611683,weak_label:default_neutral,neutral,0.0351483778242879,0.2885431216659895,0.3877653788437328,0.3236914994902775
L000244,neutral,2026-06-01,EKTVK,KAP,EMLAK KATILIM VARLIK KİRALAMA A.Ş. - Pay Dışında Sermaye Piyasası Aracı İşlemlerine İlişkin Bildirim (Faizsiz),EMLAK KATILIM VARLIK KİRALAMA A.Ş. - Pay Dışında Sermaye Piyasası Aracı İşlemlerine İlişkin Bildirim (Faizsiz). Pay Dışında Sermaye Piyasası Aracı İşlemlerine İlişkin Bildirim (Faizsiz) Şirketimiz Tarafından İhraç Edilmiş Olan TRDEVKS62612 ISIN Kodlu Kira Sertifikasının İtfası Hk. EKT,https://www.kap.org.tr/tr/Bildirim/1611530,weak_label:capital_markets_routine,neutral,0.0392330709607953,0.306218514176777,0.3483299006856505,0.3454515851375724
L000245,neutral,2026-06-01,EKTVK,KAP,EMLAK KATILIM VARLIK KİRALAMA A.Ş. - Pay Dışında Sermaye Piyasası Aracı İşlemlerine İlişkin Bildirim (Faizsiz),EMLAK KATILIM VARLIK KİRALAMA A.Ş. - Pay Dışında Sermaye Piyasası Aracı İşlemlerine İlişkin Bildirim (Faizsiz). Pay Dışında Sermaye Piyasası Aracı İşlemlerine İlişkin Bildirim (Faizsiz) TRDEVKSE2614 ISIN Kodlu Kira Sertifikası İhracının Nitelikli Yatırımcıya Satışının Tamamlanması Hk. EKT,https://www.kap.org.tr/tr/Bildirim/1611310,weak_label:capital_markets_routine,neutral,0.0392330709607953,0.306218514176777,0.3483299006856505,0.3454515851375724
L000246,neutral,2026-06-01,EMVAR,KAP,EMLAK VARLIK KİRALAMA A.Ş. - Pay Dışında Sermaye Piyasası Aracı İşlemlerine İlişkin Bildirim (Faizsiz),EMLAK VARLIK KİRALAMA A.Ş. - Pay Dışında Sermaye Piyasası Aracı İşlemlerine İlişkin Bildirim (Faizsiz). Pay Dışında Sermaye Piyasası Aracı İşlemlerine İlişkin Bildirim (Faizsiz) TRDEMVK32717 ISIN Kodlu Kira Sertifikasının 9. Dönemsel Getiri Ödemesi Hk. GRFIN,https://www.kap.org.tr/tr/Bildirim/1611529,weak_label:capital_markets_routine,neutral,0.0392330709607953,0.306218514176777,0.3483299006856505,0.3454515851375724
L000247,positive,2026-06-01,FORTE,KAP,FORTE BİLGİ İLETİŞİM TEKNOLOJİLERİ VE SAVUNMA SANAYİ A.Ş. - Yeni İş İlişkisi,FORTE BİLGİ İLETİŞİM TEKNOLOJİLERİ VE SAVUNMA SANAYİ A.Ş. - Yeni İş İlişkisi. Yeni İş İlişkisi T.C. Milli Eğitim Bakanlığı İhale Sonucu,https://www.kap.org.tr/tr/Bildirim/1611370,weak_label:new_business_or_tender,neutral,0.0392330709607953,0.306218514176777,0.3483299006856505,0.3454515851375724
L000248,neutral,2026-06-01,GRNYO,KAP,GARANTİ YATIRIM ORTAKLIĞI A.Ş. - Haftalık Rapor,GARANTİ YATIRIM ORTAKLIĞI A.Ş. - Haftalık Rapor. Haftalık Rapor 26.05.2026 tarihli haftalık rapordur.,https://www.kap.org.tr/tr/Bildirim/1611358,weak_label:routine_governance,neutral,0.0392330709607953,0.306218514176777,0.3483299006856505,0.3454515851375724
L000249,neutral,2026-06-01,GRNYO,KAP,GARANTİ YATIRIM ORTAKLIĞI A.Ş. - Özel Durum Açıklaması (Genel),GARANTİ YATIRIM ORTAKLIĞI A.Ş. - Özel Durum Açıklaması (Genel). Özel Durum Açıklaması (Genel) Rota Portföy Yönetimi A.Ş.ile Portföy Yönetim Sözleşmesi Düzenlenmesi,https://www.kap.org.tr/tr/Bildirim/1611431,weak_label:default_neutral,neutral,0.0722609706074766,0.2754269515036929,0.3768851263851374,0.3476879221111695
L000250,neutral,2026-06-01,GRNYO,KAP,GARANTİ YATIRIM ORTAKLIĞI A.Ş. - Özel Durum Açıklaması (Genel),"GARANTİ YATIRIM ORTAKLIĞI A.Ş. - Özel Durum Açıklaması (Genel). Özel Durum Açıklaması (Genel) Paylarının BİAŞ'ta oluşan ağırlıklı ortalama fiyatının, pay başına net aktif değerinin 2 katını aşması hakkında.",https://www.kap.org.tr/tr/Bildirim/1611359,weak_label:default_neutral,neutral,0.0351483778242879,0.2885431216659895,0.3877653788437328,0.3236914994902775
L000251,neutral,2026-06-01,GUNDG,KAP,GÜNDOĞDU GIDA SÜT ÜRÜNLERİ SANAYİ VE DIŞ TİCARET A.Ş. - Kurumsal Yönetim Bilgi Formu (Güncelleme) - Yönetim Kurulu-2,GÜNDOĞDU GIDA SÜT ÜRÜNLERİ SANAYİ VE DIŞ TİCARET A.Ş. - Kurumsal Yönetim Bilgi Formu (Güncelleme) - Yönetim Kurulu-2. Kurumsal Yönetim Bilgi Formu (Güncelleme) - Yönetim Kurulu-2 Güncelleme,https://www.kap.org.tr/tr/Bildirim/1611342,weak_label:routine_governance,neutral,0.0600360385209827,0.2832852070576424,0.3733935473637323,0.3433212455786251
L000252,neutral,2026-06-01,GUNDG,KAP,GÜNDOĞDU GIDA SÜT ÜRÜNLERİ SANAYİ VE DIŞ TİCARET A.Ş. - Şirket Genel Bilgi Formu,GÜNDOĞDU GIDA SÜT ÜRÜNLERİ SANAYİ VE DIŞ TİCARET A.Ş. - Şirket Genel Bilgi Formu. Şirket Genel Bilgi Formu,https://www.kap.org.tr/tr/Bildirim/1611344,weak_label:routine_governance,neutral,0.0351483778242879,0.2885431216659895,0.3877653788437328,0.3236914994902775
L000253,positive,2026-06-01,HEDEF,KAP,HEDEF HOLDİNG A.Ş. - Sermaye Artırımı - Azaltımı İşlemlerine İlişkin Bildirim,HEDEF HOLDİNG A.Ş. - Sermaye Artırımı - Azaltımı İşlemlerine İlişkin Bildirim. Sermaye Artırımı - Azaltımı İşlemlerine İlişkin Bildirim Bedelsiz Sermaye Artırımı Kapsamında Payların Dağıtım Tarihine İlişkin Bildirim Hk.,https://www.kap.org.tr/tr/Bildirim/1611434,weak_label:capital_bonus_or_ceiling,neutral,0.0392330709607953,0.306218514176777,0.3483299006856505,0.3454515851375724
L000254,neutral,2026-06-01,IMASM,KAP,İMAŞ MAKİNA SANAYİ A.Ş. - Sermaye Artırımı - Azaltımı İşlemlerine İlişkin Bildirim,İMAŞ MAKİNA SANAYİ A.Ş. - Sermaye Artırımı - Azaltımı İşlemlerine İlişkin Bildirim. Sermaye Artırımı - Azaltımı İşlemlerine İlişkin Bildirim Sermaye Artırımına İlişkin SPK Başvurusu Hk.,https://www.kap.org.tr/tr/Bildirim/1611655,weak_label:default_neutral,neutral,0.0392330709607953,0.306218514176777,0.3483299006856505,0.3454515851375724
L000255,neutral,2026-06-01,IMASM,KAP,İMAŞ MAKİNA SANAYİ A.Ş. - Sermaye Artırımından Elde Edilecek - Edilen Fonun Kullanımına İlişkin Rapor,İMAŞ MAKİNA SANAYİ A.Ş. - Sermaye Artırımından Elde Edilecek - Edilen Fonun Kullanımına İlişkin Rapor. Sermaye Artırımından Elde Edilecek - Edilen Fonun Kullanımına İlişkin Rapor Sermaye Artırımından Elde Edilecek Fonun Kullanımına İlişkin Rapor,https://www.kap.org.tr/tr/Bildirim/1611659,weak_label:capital_markets_routine,neutral,0.0392330709607953,0.306218514176777,0.3483299006856505,0.3454515851375724
L000256,neutral,2026-06-01,IMASM,KAP,İMAŞ MAKİNA SANAYİ A.Ş. - İzahname (SPK Onayına Sunulan),İMAŞ MAKİNA SANAYİ A.Ş. - İzahname (SPK Onayına Sunulan). İzahname (SPK Onayına Sunulan) Sermaye Artırımı Başvurusu Kapsamında SPK Onayına Sunulan Taslak İzahname,https://www.kap.org.tr/tr/Bildirim/1611658,weak_label:capital_markets_routine,neutral,0.0392330709607953,0.306218514176777,0.3483299006856505,0.3454515851375724
L000257,neutral,2026-06-01,ISFIN,KAP,İŞ FİNANSAL KİRALAMA A.Ş. - Kredi Derecelendirmesi,İŞ FİNANSAL KİRALAMA A.Ş. - Kredi Derecelendirmesi. Kredi Derecelendirmesi Kredi Derecelendirme Notu Hakkında,https://www.kap.org.tr/tr/Bildirim/1611598,weak_label:default_neutral,neutral,0.0392330709607953,0.306218514176777,0.3483299006856505,0.3454515851375724
L000258,neutral,2026-06-01,ISYAT,KAP,İŞ YATIRIM ORTAKLIĞI A.Ş. - Haftalık Rapor,İŞ YATIRIM ORTAKLIĞI A.Ş. - Haftalık Rapor. Haftalık Rapor 26.05.2026 Tarihli Haftalık Rapor,https://www.kap.org.tr/tr/Bildirim/1611590,weak_label:routine_governance,neutral,0.0392330709607953,0.306218514176777,0.3483299006856505,0.3454515851375724
L000259,neutral,2026-06-01,IYF,KAP,İNFO YATIRIM MENKUL DEĞERLER A.Ş. - Yatırım Kuruluşu Varant - Sertifika - Senetlerine İlişkin Bildirim,İNFO YATIRIM MENKUL DEĞERLER A.Ş. - Yatırım Kuruluşu Varant - Sertifika - Senetlerine İlişkin Bildirim. Yatırım Kuruluşu Varant - Sertifika - Senetlerine İlişkin Bildirim 26.05.2026 Vadeli Varantların İtfası,https://www.kap.org.tr/tr/Bildirim/1611506,weak_label:capital_markets_routine,neutral,0.0392330709607953,0.306218514176777,0.3483299006856505,0.3454515851375724
L000260,neutral,2026-06-01,IYF,KAP,İNFO YATIRIM MENKUL DEĞERLER A.Ş. - Yatırım Kuruluşu Varant - Sertifika - Senetlerine İlişkin Bildirim,İNFO YATIRIM MENKUL DEĞERLER A.Ş. - Yatırım Kuruluşu Varant - Sertifika - Senetlerine İlişkin Bildirim. Yatırım Kuruluşu Varant - Sertifika - Senetlerine İlişkin Bildirim İnfo Yatırım Varantları Piyasa Yapıcı Alım Satım İşlemleri Bildirimi,https://www.kap.org.tr/tr/Bildirim/1611406,weak_label:capital_markets_routine,neutral,0.0392330709607953,0.306218514176777,0.3483299006856505,0.3454515851375724
L000261,neutral,2026-06-01,IYM,KAP,İŞ YATIRIM MENKUL DEĞERLER A.Ş. - Pay Dışında Sermaye Piyasası Aracı İşlemlerine İlişkin Bildirim (Faiz İçeren),İŞ YATIRIM MENKUL DEĞERLER A.Ş. - Pay Dışında Sermaye Piyasası Aracı İşlemlerine İlişkin Bildirim (Faiz İçeren). Pay Dışında Sermaye Piyasası Aracı İşlemlerine İlişkin Bildirim (Faiz İçeren) 01.06.2026 Vadeli Borçlanma Aracının İtfası,https://www.kap.org.tr/tr/Bildirim/1611619,weak_label:capital_markets_routine,neutral,0.0392330709607953,0.306218514176777,0.3483299006856505,0.3454515851375724
L000262,neutral,2026-06-01,IYM,KAP,İŞ YATIRIM MENKUL DEĞERLER A.Ş. - Piyasa Yapıcılığı Kapsamında Gerçekleştirilen İşlemler Bildirimi,İŞ YATIRIM MENKUL DEĞERLER A.Ş. - Piyasa Yapıcılığı Kapsamında Gerçekleştirilen İşlemler Bildirimi. Piyasa Yapıcılığı Kapsamında Gerçekleştirilen İşlemler Bildirimi Borsa Yatırım Fonu Piyasa Yapıcılığı İşlemleri ISGLK,https://www.kap.org.tr/tr/Bildirim/1611546,weak_label:capital_markets_routine,neutral,0.0392330709607953,0.306218514176777,0.3483299006856505,0.3454515851375724
L000263,neutral,2026-06-01,IYM,KAP,İŞ YATIRIM MENKUL DEĞERLER A.Ş. - Yatırım Kuruluşu Varant - Sertifika - Senetlerine İlişkin Bildirim,İŞ YATIRIM MENKUL DEĞERLER A.Ş. - Yatırım Kuruluşu Varant - Sertifika - Senetlerine İlişkin Bildirim. Yatırım Kuruluşu Varant - Sertifika - Senetlerine İlişkin Bildirim İş Yatırım Sertifika ve Varant Alım Satım İşlemleri,https://www.kap.org.tr/tr/Bildirim/1611605,weak_label:capital_markets_routine,neutral,0.0392330709607953,0.306218514176777,0.3483299006856505,0.3454515851375724
L000264,neutral,2026-06-01,IYM,KAP,İŞ YATIRIM MENKUL DEĞERLER A.Ş. - Yatırım Kuruluşu Varant - Sertifika - Senetlerine İlişkin Bildirim,İŞ YATIRIM MENKUL DEĞERLER A.Ş. - Yatırım Kuruluşu Varant - Sertifika - Senetlerine İlişkin Bildirim. Yatırım Kuruluşu Varant - Sertifika - Senetlerine İlişkin Bildirim İş Yatırım Aracı Kuruluş Varantlarının İtfa Bildirimi,https://www.kap.org.tr/tr/Bildirim/1611355,weak_label:capital_markets_routine,neutral,0.0392330709607953,0.306218514176777,0.3483299006856505,0.3454515851375724
L000265,neutral,2026-06-01,KAREL,KAP,KAREL ELEKTRONİK SANAYİ VE TİCARET A.Ş. - Sermaye Artırımından Elde Edilecek - Edilen Fonun Kullanımına İlişkin Rapor,KAREL ELEKTRONİK SANAYİ VE TİCARET A.Ş. - Sermaye Artırımından Elde Edilecek - Edilen Fonun Kullanımına İlişkin Rapor. Sermaye Artırımından Elde Edilecek - Edilen Fonun Kullanımına İlişkin Rapor Tahsisli Sermaye Artırımından Sağlanacak Fonların Kullanım Yeri Raporu,https://www.kap.org.tr/tr/Bildirim/1611686,weak_label:capital_markets_routine,neutral,0.0392330709607953,0.306218514176777,0.3483299006856505,0.3454515851375724
L000266,neutral,2026-06-01,KIMMR,KAP,ERSAN ALIŞVERİŞ HİZMETLERİ VE GIDA SANAYİ TİCARET A.Ş. - Esas Sözleşme,ERSAN ALIŞVERİŞ HİZMETLERİ VE GIDA SANAYİ TİCARET A.Ş. - Esas Sözleşme. Esas Sözleşme Esas Sözleşmenin Güncel Hali,https://www.kap.org.tr/tr/Bildirim/1611281,weak_label:routine_governance,neutral,0.0392330709607953,0.306218514176777,0.3483299006856505,0.3454515851375724
L000267,neutral,2026-06-01,KONKA,KAP,KONYA KAĞIT SANAYİ VE TİCARET A.Ş. - Bağımsız Denetim Kuruluşunun Belirlenmesi,KONYA KAĞIT SANAYİ VE TİCARET A.Ş. - Bağımsız Denetim Kuruluşunun Belirlenmesi. Bağımsız Denetim Kuruluşunun Belirlenmesi 01.01.2026 - 31.12.2026 Hesap Dönemi Bağımsız Denetim Kuruluşu Seçiminin Tescili,https://www.kap.org.tr/tr/Bildirim/1611563,weak_label:routine_governance,neutral,0.0392330709607953,0.306218514176777,0.3483299006856505,0.3454515851375724
L000268,neutral,2026-06-01,KONKA,KAP,KONYA KAĞIT SANAYİ VE TİCARET A.Ş. - Genel Kurul İşlemlerine İlişkin Bildirim,KONYA KAĞIT SANAYİ VE TİCARET A.Ş. - Genel Kurul İşlemlerine İlişkin Bildirim. Genel Kurul İşlemlerine İlişkin Bildirim 2025 Yılı Olağan Genel Kurul Kararlarının Tescili Hakkında,https://www.kap.org.tr/tr/Bildirim/1611515,weak_label:routine_governance,neutral,-0.0315216627972758,0.3368291540929534,0.3578633546113689,0.3053074912956776
L000269,positive,2026-06-01,KONKA,KAP,KONYA KAĞIT SANAYİ VE TİCARET A.Ş. - Kar Payı Dağıtım İşlemlerine İlişkin Bildirim,KONYA KAĞIT SANAYİ VE TİCARET A.Ş. - Kar Payı Dağıtım İşlemlerine İlişkin Bildirim. Kar Payı Dağıtım İşlemlerine İlişkin Bildirim 2025 Yılı Kar Payı Dağıtım Kararının Tescili Hakkında,https://www.kap.org.tr/tr/Bildirim/1611556,weak_label:dividend_distribution,positive,0.0080995787738359,0.3400214740309341,0.3118574731642959,0.34812105280477
L000270,positive,2026-06-01,KONKA,KAP,KONYA KAĞIT SANAYİ VE TİCARET A.Ş. - Sermaye Artırımı - Azaltımı İşlemlerine İlişkin Bildirim,KONYA KAĞIT SANAYİ VE TİCARET A.Ş. - Sermaye Artırımı - Azaltımı İşlemlerine İlişkin Bildirim. Sermaye Artırımı - Azaltımı İşlemlerine İlişkin Bildirim Bedelsiz Sermaye Artırımına İlişkin Esas Sözleşme Tescili,https://www.kap.org.tr/tr/Bildirim/1611555,weak_label:capital_bonus_or_ceiling,neutral,0.0392330709607953,0.306218514176777,0.3483299006856505,0.3454515851375724
L000271,neutral,2026-06-01,KOTON,KAP,KOTON MAĞAZACILIK TEKSTİL SANAYİ VE TİCARET A.Ş. - Bağımsız Denetim Kuruluşunun Belirlenmesi,KOTON MAĞAZACILIK TEKSTİL SANAYİ VE TİCARET A.Ş. - Bağımsız Denetim Kuruluşunun Belirlenmesi. Bağımsız Denetim Kuruluşunun Belirlenmesi Bağımsız Denetim Kuruluşunun Belirlenmesi,https://www.kap.org.tr/tr/Bildirim/1611432,weak_label:routine_governance,neutral,0.0392330709607953,0.306218514176777,0.3483299006856505,0.3454515851375724
L000272,positive,2026-06-01,MEDTR,KAP,MEDİTERA TIBBİ MALZEME SANAYİ VE TİCARET A.Ş. - İhale Süreci / Sonucu,MEDİTERA TIBBİ MALZEME SANAYİ VE TİCARET A.Ş. - İhale Süreci / Sonucu. İhale Süreci / Sonucu Tepecik Eğitim ve Araştırma Hastanesi İhalesi Hakkında,https://www.kap.org.tr/tr/Bildirim/1611416,weak_label:new_business_or_tender,neutral,0.0392330709607953,0.306218514176777,0.3483299006856505,0.3454515851375724
L000273,neutral,2026-06-01,MEPET,KAP,MEPET METRO PETROL VE TESİSLERİ SANAYİ TİCARET A.Ş. - Faaliyet Raporu (Konsolide),MEPET METRO PETROL VE TESİSLERİ SANAYİ TİCARET A.Ş. - Faaliyet Raporu (Konsolide). Faaliyet Raporu (Konsolide) Faaliyet Raporu,https://www.kap.org.tr/tr/Bildirim/1611627,weak_label:routine_governance,neutral,0.0392330709607953,0.306218514176777,0.3483299006856505,0.3454515851375724
L000274,neutral,2026-06-01,MEPET,KAP,MEPET METRO PETROL VE TESİSLERİ SANAYİ TİCARET A.Ş. - Finansal Rapor,MEPET METRO PETROL VE TESİSLERİ SANAYİ TİCARET A.Ş. - Finansal Rapor. Finansal Rapor,https://www.kap.org.tr/tr/Bildirim/1611625,weak_label:routine_governance,neutral,0.0392330709607953,0.306218514176777,0.3483299006856505,0.3454515851375724
L000275,neutral,2026-06-01,MEPET,KAP,MEPET METRO PETROL VE TESİSLERİ SANAYİ TİCARET A.Ş. - Sorumluluk Beyanı (Konsolide),MEPET METRO PETROL VE TESİSLERİ SANAYİ TİCARET A.Ş. - Sorumluluk Beyanı (Konsolide). Sorumluluk Beyanı (Konsolide) Sorumluluk Beyanı,https://www.kap.org.tr/tr/Bildirim/1611629,weak_label:routine_governance,neutral,0.0392330709607953,0.306218514176777,0.3483299006856505,0.3454515851375724
L000276,neutral,2026-06-01,MEPET,KAP,MEPET METRO PETROL VE TESİSLERİ SANAYİ TİCARET A.Ş. - Sürdürülebilirlik Raporu,MEPET METRO PETROL VE TESİSLERİ SANAYİ TİCARET A.Ş. - Sürdürülebilirlik Raporu. Sürdürülebilirlik Raporu 2024 Yılı TSRS Uyumlu Sürdürülebilirlik Raporu,https://www.kap.org.tr/tr/Bildirim/1611624,weak_label:generic_update,negative,-0.0428811599813441,0.3608760833076644,0.3211289933660152,0.3179949233263203
L000277,neutral,2026-06-01,MERCN,KAP,MERCAN KİMYA SANAYİ VE TİCARET A.Ş. - Bağımsız Denetim Kuruluşunun Belirlenmesi,MERCAN KİMYA SANAYİ VE TİCARET A.Ş. - Bağımsız Denetim Kuruluşunun Belirlenmesi. Bağımsız Denetim Kuruluşunun Belirlenmesi Bağımsız Denetim Kuruluşunun Belirlenmesi,https://www.kap.org.tr/tr/Bildirim/1611636,weak_label:routine_governance,neutral,0.0392330709607953,0.306218514176777,0.3483299006856505,0.3454515851375724
L000278,neutral,2026-06-01,MERCN,KAP,MERCAN KİMYA SANAYİ VE TİCARET A.Ş. - Genel Kurul İşlemlerine İlişkin Bildirim,MERCAN KİMYA SANAYİ VE TİCARET A.Ş. - Genel Kurul İşlemlerine İlişkin Bildirim. Genel Kurul İşlemlerine İlişkin Bildirim Genel Kurul İşlemlerine İlişkin Tescil Bildirimi,https://www.kap.org.tr/tr/Bildirim/1611635,weak_label:routine_governance,neutral,0.0351483778242879,0.2885431216659895,0.3877653788437328,0.3236914994902775
L000279,neutral,2026-06-01,MMCAS,KAP,MMC SANAYİ VE TİCARİ YATIRIMLAR A.Ş. - Bağımsız Denetim Kuruluşunun Belirlenmesi,MMC SANAYİ VE TİCARİ YATIRIMLAR A.Ş. - Bağımsız Denetim Kuruluşunun Belirlenmesi. Bağımsız Denetim Kuruluşunun Belirlenmesi Bağımsız Denetim Kuruluşu seçiminin tescili ve TTSG'de ilanı,https://www.kap.org.tr/tr/Bildirim/1611630,weak_label:routine_governance,neutral,0.0392330709607953,0.306218514176777,0.3483299006856505,0.3454515851375724
L000280,neutral,2026-06-01,MMCAS,KAP,MMC SANAYİ VE TİCARİ YATIRIMLAR A.Ş. - Genel Kurul İşlemlerine İlişkin Bildirim,MMC SANAYİ VE TİCARİ YATIRIMLAR A.Ş. - Genel Kurul İşlemlerine İlişkin Bildirim. Genel Kurul İşlemlerine İlişkin Bildirim Şirketimizin 2025 yılı Olağan Genel Kurul Toplantısının tescili hakkında,https://www.kap.org.tr/tr/Bildirim/1611628,weak_label:routine_governance,neutral,-0.0315216627972758,0.3368291540929534,0.3578633546113689,0.3053074912956776
L000281,neutral,2026-06-01,MRS,KAP,MARBAŞ MENKUL DEĞERLER A.Ş. - Likidite Sağlayıcılık Kapsamındaki İşlemler,MARBAŞ MENKUL DEĞERLER A.Ş. - Likidite Sağlayıcılık Kapsamındaki İşlemler. Likidite Sağlayıcılık Kapsamındaki İşlemler DCT TRADİNG DIŞ TİCARET A.Ş. Paylarında Likidite Sağlayıcılık Kapsamında Gerçekleştirilen İşlemler DCTTR,https://www.kap.org.tr/tr/Bildirim/1611378,weak_label:capital_markets_routine,neutral,0.0392330709607953,0.306218514176777,0.3483299006856505,0.3454515851375724
L000282,neutral,2026-06-01,MRS,KAP,MARBAŞ MENKUL DEĞERLER A.Ş. - Likidite Sağlayıcılık Kapsamındaki İşlemler,MARBAŞ MENKUL DEĞERLER A.Ş. - Likidite Sağlayıcılık Kapsamındaki İşlemler. Likidite Sağlayıcılık Kapsamındaki İşlemler ÖZSU BALIK ÜRETİM A.Ş. (OZSUB) Paylarında Likidite Sağlayıcılık Kapsamında Gerçekleştirilen İşlemler OZSUB,https://www.kap.org.tr/tr/Bildirim/1611376,weak_label:capital_markets_routine,neutral,0.0392330709607953,0.306218514176777,0.3483299006856505,0.3454515851375724
L000283,neutral,2026-06-01,MTRYO,KAP,METRO YATIRIM ORTAKLIĞI A.Ş. - Haftalık Rapor,METRO YATIRIM ORTAKLIĞI A.Ş. - Haftalık Rapor. Haftalık Rapor Haftalık Rapor,https://www.kap.org.tr/tr/Bildirim/1611369,weak_label:routine_governance,neutral,0.0392330709607953,0.306218514176777,0.3483299006856505,0.3454515851375724
L000284,neutral,2026-06-01,MTRYO,KAP,METRO YATIRIM ORTAKLIĞI A.Ş. - Özel Durum Açıklaması (Genel),METRO YATIRIM ORTAKLIĞI A.Ş. - Özel Durum Açıklaması (Genel). Özel Durum Açıklaması (Genel) Portföy Yönetim Sözleşmesi İmzalanması hakkında,https://www.kap.org.tr/tr/Bildirim/1611656,weak_label:default_neutral,neutral,0.0542664998572217,0.2788151728863171,0.3881031543701441,0.3330816727435388
L000285,neutral,2026-06-01,OYAYO,KAP,OYAK YATIRIM ORTAKLIĞI A.Ş. - Haftalık Rapor,OYAK YATIRIM ORTAKLIĞI A.Ş. - Haftalık Rapor. Haftalık Rapor 26.05.2026 Tarihli Haftalık Rapor,https://www.kap.org.tr/tr/Bildirim/1611383,weak_label:routine_governance,neutral,0.0392330709607953,0.306218514176777,0.3483299006856505,0.3454515851375724
L000286,neutral,2026-06-01,OYAYO,KAP,OYAK YATIRIM ORTAKLIĞI A.Ş. - Özel Durum Açıklaması (Genel),"OYAK YATIRIM ORTAKLIĞI A.Ş. - Özel Durum Açıklaması (Genel). Özel Durum Açıklaması (Genel) Ortaklık paylarının BİAŞ'ta oluşan ağırlıklı ortalama fiyatının, pay başına net aktif değerinin 2 katını aşması hakkında",https://www.kap.org.tr/tr/Bildirim/1611384,weak_label:default_neutral,neutral,0.033930218623459,0.2835487866620045,0.3989722080525319,0.3174790052854636
L000287,neutral,2026-06-01,OYYAT,KAP,OYAK YATIRIM MENKUL DEĞERLER A.Ş. - Piyasa Yapıcılığı Kapsamında Gerçekleştirilen İşlemler Bildirimi,OYAK YATIRIM MENKUL DEĞERLER A.Ş. - Piyasa Yapıcılığı Kapsamında Gerçekleştirilen İşlemler Bildirimi. Piyasa Yapıcılığı Kapsamında Gerçekleştirilen İşlemler Bildirimi 01/06/2026 TARİHLİ OYAYO PİYASA YAPICILIĞI İŞLEMLERİ OYAYO,https://www.kap.org.tr/tr/Bildirim/1611668,weak_label:capital_markets_routine,neutral,0.0392330709607953,0.306218514176777,0.3483299006856505,0.3454515851375724
L000288,neutral,2026-06-01,PBTR,KAP,PASHA YATIRIM BANKASI A.Ş. - Pay Dışında Sermaye Piyasası Aracı İşlemlerine İlişkin Bildirim (Faiz İçeren),PASHA YATIRIM BANKASI A.Ş. - Pay Dışında Sermaye Piyasası Aracı İşlemlerine İlişkin Bildirim (Faiz İçeren). Pay Dışında Sermaye Piyasası Aracı İşlemlerine İlişkin Bildirim (Faiz İçeren) PASHA Yatırım Bankası A.Ş. VDMK İtfası,https://www.kap.org.tr/tr/Bildirim/1611350,weak_label:capital_markets_routine,neutral,0.0392330709607953,0.306218514176777,0.3483299006856505,0.3454515851375724
L000289,neutral,2026-06-01,PBTR,KAP,PASHA YATIRIM BANKASI A.Ş. - Pay Dışında Sermaye Piyasası Aracı İşlemlerine İlişkin Bildirim (Faiz İçeren),PASHA YATIRIM BANKASI A.Ş. - Pay Dışında Sermaye Piyasası Aracı İşlemlerine İlişkin Bildirim (Faiz İçeren). Pay Dışında Sermaye Piyasası Aracı İşlemlerine İlişkin Bildirim (Faiz İçeren) PASHA Yatırım Bankası A.Ş. Maygold Otomotiv Üçüncü Varlık Finansmanı Fonu tarafından gerçekleştirilen Varlığa Dayalı Menkul Kıymet İhracı (550 mn ),https://www.kap.org.tr/tr/Bildirim/1611331,weak_label:capital_markets_routine,neutral,0.0351483778242879,0.2885431216659895,0.3877653788437328,0.3236914994902775
L000290,neutral,2026-06-01,POLTK,KAP,POLİTEKNİK METAL SANAYİ VE TİCARET A.Ş. - İlişkili Taraf İşlemleri,POLİTEKNİK METAL SANAYİ VE TİCARET A.Ş. - İlişkili Taraf İşlemleri. İlişkili Taraf İşlemleri Rotatif Nitelikte Grup İçi Kredi Temin Edilmesi,https://www.kap.org.tr/tr/Bildirim/1611311,weak_label:generic_update,neutral,0.0392330709607953,0.306218514176777,0.3483299006856505,0.3454515851375724
L000291,neutral,2026-06-01,QNBTR,KAP,QNB BANK A.Ş. - Pay Dışında Sermaye Piyasası Aracı İşlemlerine İlişkin Bildirim (Faiz İçeren),QNB BANK A.Ş. - Pay Dışında Sermaye Piyasası Aracı İşlemlerine İlişkin Bildirim (Faiz İçeren). Pay Dışında Sermaye Piyasası Aracı İşlemlerine İlişkin Bildirim (Faiz İçeren) MTN programı kapsamında yurtdışında ihraç edilen borçlanma aracının ihracı,https://www.kap.org.tr/tr/Bildirim/1611429,weak_label:capital_markets_routine,neutral,0.0392330709607953,0.306218514176777,0.3483299006856505,0.3454515851375724
L000292,neutral,2026-06-01,TATEN,KAP,TATLIPINAR ENERJİ ÜRETİM A.Ş. - Bağımsız Denetim Kuruluşunun Belirlenmesi,TATLIPINAR ENERJİ ÜRETİM A.Ş. - Bağımsız Denetim Kuruluşunun Belirlenmesi. Bağımsız Denetim Kuruluşunun Belirlenmesi Bağımsız Denetim Kuruluşunun Tescil ve TTSG İlanı,https://www.kap.org.tr/tr/Bildirim/1611666,weak_label:routine_governance,neutral,0.0392330709607953,0.306218514176777,0.3483299006856505,0.3454515851375724
L000293,neutral,2026-06-01,TATEN,KAP,TATLIPINAR ENERJİ ÜRETİM A.Ş. - Genel Kurul İşlemlerine İlişkin Bildirim,TATLIPINAR ENERJİ ÜRETİM A.Ş. - Genel Kurul İşlemlerine İlişkin Bildirim. Genel Kurul İşlemlerine İlişkin Bildirim 2025 Yılı Olağan Genel Kurul Toplantısı Sonuçlarının Tescil ve TTSG İlanı,https://www.kap.org.tr/tr/Bildirim/1611667,weak_label:routine_governance,neutral,-0.0315216627972758,0.3368291540929534,0.3578633546113689,0.3053074912956776
L000294,neutral,2026-06-01,THR,KAP,TÜRKİYE İHRACAT KREDİ BANKASI A.Ş. - Pay Dışında Sermaye Piyasası Aracı İşlemlerine İlişkin Bildirim (Faiz İçeren),TÜRKİYE İHRACAT KREDİ BANKASI A.Ş. - Pay Dışında Sermaye Piyasası Aracı İşlemlerine İlişkin Bildirim (Faiz İçeren). Pay Dışında Sermaye Piyasası Aracı İşlemlerine İlişkin Bildirim (Faiz İçeren) GMTN programı çerçevesinde yurt dışında borçlanma aracı ihracı,https://www.kap.org.tr/tr/Bildirim/1611497,weak_label:capital_markets_routine,neutral,0.0392330709607953,0.306218514176777,0.3483299006856505,0.3454515851375724
L000295,neutral,2026-06-01,VAKBN,KAP,TÜRKİYE VAKIFLAR BANKASI T.A.O. - Pay Dışında Sermaye Piyasası Aracı İşlemlerine İlişkin Bildirim (Faiz İçeren),TÜRKİYE VAKIFLAR BANKASI T.A.O. - Pay Dışında Sermaye Piyasası Aracı İşlemlerine İlişkin Bildirim (Faiz İçeren). Pay Dışında Sermaye Piyasası Aracı İşlemlerine İlişkin Bildirim (Faiz İçeren) GMTN Programı Çerçevesinde Türkiye Dışında Sürdürülebilir Borçlanma Aracı İhracı SPK Onayı,https://www.kap.org.tr/tr/Bildirim/1611554,weak_label:capital_markets_routine,neutral,0.0392330709607953,0.306218514176777,0.3483299006856505,0.3454515851375724
L000296,positive,2026-06-01,YEOTK,KAP,YEO TEKNOLOJİ ENERJİ VE ENDÜSTRİ A.Ş. - Yeni İş İlişkisi,YEO TEKNOLOJİ ENERJİ VE ENDÜSTRİ A.Ş. - Yeni İş İlişkisi. Yeni İş İlişkisi Yeni iş ilişkisi.,https://www.kap.org.tr/tr/Bildirim/1611305,weak_label:new_business_or_tender,neutral,0.0392330709607953,0.306218514176777,0.3483299006856505,0.3454515851375724
L000297,neutral,2026-06-01,YKBNK,KAP,YAPI VE KREDİ BANKASI A.Ş. - Pay Dışında Sermaye Piyasası Aracı İşlemlerine İlişkin Bildirim (Faiz İçeren),YAPI VE KREDİ BANKASI A.Ş. - Pay Dışında Sermaye Piyasası Aracı İşlemlerine İlişkin Bildirim (Faiz İçeren). Pay Dışında Sermaye Piyasası Aracı İşlemlerine İlişkin Bildirim (Faiz İçeren) Yurtdışında ihraç edilen borçlanma aracının itfası,https://www.kap.org.tr/tr/Bildirim/1611505,weak_label:capital_markets_routine,neutral,0.0392330709607953,0.306218514176777,0.3483299006856505,0.3454515851375724
L000298,neutral,2026-06-01,YKYAT,KAP,YAPI KREDİ YATIRIM MENKUL DEĞERLER A.Ş. - Pay Dışında Sermaye Piyasası Aracı İşlemlerine İlişkin Bildirim (Faiz İçeren),YAPI KREDİ YATIRIM MENKUL DEĞERLER A.Ş. - Pay Dışında Sermaye Piyasası Aracı İşlemlerine İlişkin Bildirim (Faiz İçeren). Pay Dışında Sermaye Piyasası Aracı İşlemlerine İlişkin Bildirim (Faiz İçeren) Borçlanma Aracının İtfası,https://www.kap.org.tr/tr/Bildirim/1611673,weak_label:capital_markets_routine,neutral,0.0392330709607953,0.306218514176777,0.3483299006856505,0.3454515851375724
