date,ticker,source,title,text,url,language,published_at
2026-05-20,AFB,KAP,AKTİF YATIRIM BANKASI A.Ş. - Sorumluluk Beyanı (Konsolide),Sorumluluk Beyanı (Konsolide) Konsolide Sorumluluk Beyanı,https://www.kap.org.tr/tr/Bildirim/1609213,tr,2026-05-20T18:50:59+00:00
2026-05-20,AFB,KAP,AKTİF YATIRIM BANKASI A.Ş. - Finansal Rapor,Finansal Rapor,https://www.kap.org.tr/tr/Bildirim/1609212,tr,2026-05-20T18:50:45+00:00
2026-05-20,AFB,KAP,AKTİF YATIRIM BANKASI A.Ş. - Pay Dışında Sermaye Piyasası Aracı İşlemlerine İlişkin Bildirim (Faiz İçeren),Pay Dışında Sermaye Piyasası Aracı İşlemlerine İlişkin Bildirim (Faiz İçeren) Kupon Oranı Belirlenmesi,https://www.kap.org.tr/tr/Bildirim/1609160,tr,2026-05-20T18:09:37+00:00
2026-05-20,AGHOL,KAP,AG ANADOLU GRUBU HOLDİNG A.Ş. - Ortaklık Aleyhine Dava Açılması veya Davaya İlişkin Gelişmeler,Ortaklık Aleyhine Dava Açılması veya Davaya İlişkin Gelişmeler Genel Kurul Toplantısında alınan bazı kararlara ilişkin dava açılması,https://www.kap.org.tr/tr/Bildirim/1609176,tr,2026-05-20T18:18:16+00:00
2026-05-20,AHGAZ,KAP,AHLATCI DOĞAL GAZ DAĞITIM ENERJİ VE YATIRIM A.Ş. - Payların Geri Alınmasına İlişkin Bildirim,Payların Geri Alınmasına İlişkin Bildirim 20.05.2026 Tarihli Pay Geri Alım İşlemleri,https://www.kap.org.tr/tr/Bildirim/1609193,tr,2026-05-20T18:30:08+00:00
2026-05-20,AKBNK,KAP,AKBANK T.A.Ş. - Pay Dışında Sermaye Piyasası Aracı İşlemlerine İlişkin Bildirim (Faiz İçeren),Pay Dışında Sermaye Piyasası Aracı İşlemlerine İlişkin Bildirim (Faiz İçeren) XS2819114732 ISIN Kodlu Sürdürülebilir Temalı Tahvilin İtfası,https://www.kap.org.tr/tr/Bildirim/1609136,tr,2026-05-20T17:47:10+00:00
2026-05-20,AKCNS,KAP,AKÇANSA ÇİMENTO SANAYİ VE TİCARET A.Ş. - Kayıtlı Sermaye Tavanı İşlemlerine İlişkin Bildirim,Kayıtlı Sermaye Tavanı İşlemlerine İlişkin Bildirim Esas Sözleşme Değişikliği Hakkında Genel Kurul Kararı,https://www.kap.org.tr/tr/Bildirim/1609229,tr,2026-05-20T19:18:58+00:00
2026-05-20,AKCNS,KAP,AKÇANSA ÇİMENTO SANAYİ VE TİCARET A.Ş. - Bağımsız Denetim Kuruluşunun Belirlenmesi,Bağımsız Denetim Kuruluşunun Belirlenmesi Denetçinin Belirlenmesi,https://www.kap.org.tr/tr/Bildirim/1609228,tr,2026-05-20T19:18:41+00:00
2026-05-20,AKCNS,KAP,AKÇANSA ÇİMENTO SANAYİ VE TİCARET A.Ş. - Kar Payı Dağıtım İşlemlerine İlişkin Bildirim,Kar Payı Dağıtım İşlemlerine İlişkin Bildirim Genel Kurul'un Kar Payı Dağıtım Kararı,https://www.kap.org.tr/tr/Bildirim/1609227,tr,2026-05-20T19:18:29+00:00
2026-05-20,AKCNS,KAP,AKÇANSA ÇİMENTO SANAYİ VE TİCARET A.Ş. - Genel Kurul İşlemlerine İlişkin Bildirim,Genel Kurul İşlemlerine İlişkin Bildirim 2025 Yılı Olağan Genel Kurul Toplantı Sonuçları,https://www.kap.org.tr/tr/Bildirim/1609199,tr,2026-05-20T18:39:44+00:00
2026-05-20,AKFIS,KAP,AKFEN İNŞAAT TURİZM VE TİCARET A.Ş. - Halka Arz Fiyatının Belirlenmesinde Esas Alınan Varsayımlara İlişkin Değerlendirme Raporu,Halka Arz Fiyatının Belirlenmesinde Esas Alınan Varsayımlara İlişkin Değerlendirme Raporu Halka Arz Fiyatının Belirlenmesinde Esas Alınan Varsayımlara İlişkin Denetim Komitesi Tarafından Hazırlanan Gerçekleşme ve Değerlendirme Raporu,https://www.kap.org.tr/tr/Bildirim/1608965,tr,2026-05-20T14:58:08+00:00
2026-05-20,AKTIF,KAP,AKTİF YATIRIM BANKASI A.Ş. - Sorumluluk Beyanı (Konsolide),Sorumluluk Beyanı (Konsolide) Konsolide Sorumluluk Beyanı,https://www.kap.org.tr/tr/Bildirim/1609213,tr,2026-05-20T18:50:59+00:00
2026-05-20,AKTIF,KAP,AKTİF YATIRIM BANKASI A.Ş. - Finansal Rapor,Finansal Rapor,https://www.kap.org.tr/tr/Bildirim/1609212,tr,2026-05-20T18:50:45+00:00
2026-05-20,AKTIF,KAP,AKTİF YATIRIM BANKASI A.Ş. - Pay Dışında Sermaye Piyasası Aracı İşlemlerine İlişkin Bildirim (Faiz İçeren),Pay Dışında Sermaye Piyasası Aracı İşlemlerine İlişkin Bildirim (Faiz İçeren) Kupon Oranı Belirlenmesi,https://www.kap.org.tr/tr/Bildirim/1609160,tr,2026-05-20T18:09:37+00:00
2026-05-20,ALKLC,KAP,ALTINKILIÇ GIDA VE SÜT SANAYİ TİCARET A.Ş. - Pay Dışında Sermaye Piyasası Aracı İşlemlerine İlişkin Bildirim (Faiz İçeren),Pay Dışında Sermaye Piyasası Aracı İşlemlerine İlişkin Bildirim (Faiz İçeren) TRFALTK52615 ISIN Kodlu Bononun Kupon Faiz Oranının Belirlenmesi,https://www.kap.org.tr/tr/Bildirim/1609254,tr,2026-05-20T20:23:26+00:00
2026-05-20,ALVES,KAP,ALVES KABLO SANAYİ VE TİCARET A.Ş. - Sermaye Artırımı - Azaltımı İşlemlerine İlişkin Bildirim,Sermaye Artırımı - Azaltımı İşlemlerine İlişkin Bildirim Bedelli Sermaye Artışına İlişkin Yönetim Kurulu Kararı,https://www.kap.org.tr/tr/Bildirim/1609230,tr,2026-05-20T19:27:11+00:00
2026-05-20,AVTUR,KAP,AVRASYA PETROL VE TURİSTİK TESİSLER YATIRIMLAR A.Ş. - Kayıtlı Sermaye Tavanı İşlemlerine İlişkin Bildirim,Kayıtlı Sermaye Tavanı İşlemlerine İlişkin Bildirim Kayıtlı Sermaye Tavanı Süresi Uzatımı Hususunda Olağan Genel Kurul Toplantısı Neticesi Hakkında,https://www.kap.org.tr/tr/Bildirim/1609117,tr,2026-05-20T17:25:24+00:00
2026-05-20,AVTUR,KAP,AVRASYA PETROL VE TURİSTİK TESİSLER YATIRIMLAR A.Ş. - Kar Payı Dağıtım İşlemlerine İlişkin Bildirim,Kar Payı Dağıtım İşlemlerine İlişkin Bildirim Kay Payı Dağıtılmaması Hususunda Olağan Genel Kurul Toplantısı Neticesi Hakkında,https://www.kap.org.tr/tr/Bildirim/1609094,tr,2026-05-20T17:15:10+00:00
2026-05-20,AVTUR,KAP,AVRASYA PETROL VE TURİSTİK TESİSLER YATIRIMLAR A.Ş. - Genel Kurul İşlemlerine İlişkin Bildirim,Genel Kurul İşlemlerine İlişkin Bildirim 2025 Yılı Olağan Genel Kurul Toplantı Sonucu,https://www.kap.org.tr/tr/Bildirim/1609084,tr,2026-05-20T17:05:32+00:00
2026-05-20,AZTEK,KAP,AZTEK TEKNOLOJİ ÜRÜNLERİ TİCARET A.Ş. - İhraç Tavanına İlişkin Bildirim,İhraç Tavanına İlişkin Bildirim Borçlanma Aracı İhracına İlişkin SPK Başvurusu,https://www.kap.org.tr/tr/Bildirim/1609267,tr,2026-05-20T22:05:32+00:00
2026-05-20,AZTEK,KAP,AZTEK TEKNOLOJİ ÜRÜNLERİ TİCARET A.Ş. - Esas Sözleşme,Esas Sözleşme Esas Sözleşme,https://www.kap.org.tr/tr/Bildirim/1609266,tr,2026-05-20T22:04:50+00:00
2026-05-20,BAHKM,KAP,BAHADIR KİMYA SANAYİ VE TİCARET A.Ş. - Birleşme İşlemlerine İlişkin Bildirim,"Birleşme İşlemlerine İlişkin Bildirim Şirketimizin %100 bağlı ortaklığı olan PTD Proje A.Ş.'nin, Şirketimiz tarafından devir alınması suretiyle, kolaylaştırılmış usulde birleşmesine ilişkin SPK onayı Hk.",https://www.kap.org.tr/tr/Bildirim/1608984,tr,2026-05-20T15:21:39+00:00
2026-05-20,BJKAS,KAP,BEŞİKTAŞ FUTBOL YATIRIMLARI SANAYİ VE TİCARET A.Ş. - Transfer Görüşmelerinin Sonuçlanması veya Sona Ermesi,Transfer Görüşmelerinin Sonuçlanması veya Sona Ermesi Ernest Muci'nin kesin transferinin sonuçlanması hk.,https://www.kap.org.tr/tr/Bildirim/1609172,tr,2026-05-20T18:15:26+00:00
2026-05-20,BMSCH,KAP,BMS ÇELİK HASIR SANAYİ VE TİCARET A.Ş. - Kar Payı Dağıtım İşlemlerine İlişkin Bildirim,Kar Payı Dağıtım İşlemlerine İlişkin Bildirim Şirket Yönetim Kurulu'nun 01.01.2025-31.12.2025 Dönemi Kar Payı Dağıtımı Hakkında Önerisi,https://www.kap.org.tr/tr/Bildirim/1609214,tr,2026-05-20T18:51:28+00:00
2026-05-20,BMSCH,KAP,BMS ÇELİK HASIR SANAYİ VE TİCARET A.Ş. - Genel Kurul İşlemlerine İlişkin Bildirim,Genel Kurul İşlemlerine İlişkin Bildirim 2025 yılı Olağan Genel Kurul Bilgilendirmesi,https://www.kap.org.tr/tr/Bildirim/1609211,tr,2026-05-20T18:50:18+00:00
2026-05-20,BORLS,KAP,BORLEASE OTOMOTİV A.Ş. - Pay Dışında Sermaye Piyasası Aracı İşlemlerine İlişkin Bildirim (Faiz İçeren),Pay Dışında Sermaye Piyasası Aracı İşlemlerine İlişkin Bildirim (Faiz İçeren) TRSBORL82619 ısın kodlu borçlanma aracının 4. kupon ödemesinin yapılamaması hk.,https://www.kap.org.tr/tr/Bildirim/1608954,tr,2026-05-20T14:29:02+00:00
2026-05-20,BRLSM,KAP,BİRLEŞİM MÜHENDİSLİK ISITMA SOĞUTMA HAVALANDIRMA SANAYİ VE TİCARET A.Ş. - Özel Durum Açıklaması (Genel),Özel Durum Açıklaması (Genel) Yatırımcı Sunumu,https://www.kap.org.tr/tr/Bildirim/1609170,tr,2026-05-20T18:15:15+00:00
2026-05-20,BRMEN,KAP,BİRLİK MENSUCAT TİCARET VE SANAYİ İŞLETMESİ A.Ş. - Şirket Genel Bilgi Formu,Şirket Genel Bilgi Formu,https://www.kap.org.tr/tr/Bildirim/1609224,tr,2026-05-20T19:12:20+00:00
2026-05-20,BRMEN,KAP,BİRLİK MENSUCAT TİCARET VE SANAYİ İŞLETMESİ A.Ş. - Yönetim Kurulu Komiteleri,Yönetim Kurulu Komiteleri Yönetim Kurulu Komite Görev Dağılımı,https://www.kap.org.tr/tr/Bildirim/1609163,tr,2026-05-20T18:10:38+00:00
2026-05-20,BRMEN,KAP,BİRLİK MENSUCAT TİCARET VE SANAYİ İŞLETMESİ A.Ş. - Özel Durum Açıklaması (Genel),Özel Durum Açıklaması (Genel) Yönetim Kurulu Görev Dağılımı,https://www.kap.org.tr/tr/Bildirim/1609161,tr,2026-05-20T18:10:23+00:00
2026-05-20,BTCIM,KAP,BATIÇİM BATI ANADOLU ÇİMENTO SANAYİİ A.Ş. - Kurumsal Yönetim İlkelerine Uyum Derecelendirmesi,Kurumsal Yönetim İlkelerine Uyum Derecelendirmesi Kurumsal Yönetim Derecelendirme Sözleşmesi İmzalanması Hk.,https://www.kap.org.tr/tr/Bildirim/1608944,tr,2026-05-20T14:03:00+00:00
2026-05-20,BULGS,KAP,BULLS GİRİŞİM SERMAYESİ YATIRIM ORTAKLIĞI A.Ş. - Şirket Genel Bilgi Formu,Şirket Genel Bilgi Formu,https://www.kap.org.tr/tr/Bildirim/1609074,tr,2026-05-20T16:53:30+00:00
2026-05-20,BYDNR,KAP,BAYDÖNER RESTORANLARI A.Ş. - Pay Satış Bilgi Formu,Pay Satış Bilgi Formu Pay Satış Bilgi Formu,https://www.kap.org.tr/tr/Bildirim/1609226,tr,2026-05-20T19:15:36+00:00
2026-05-20,CAGFA,KAP,ÇAĞDAŞ FAKTORİNG A.Ş. - Pay Dışında Sermaye Piyasası Aracı İşlemlerine İlişkin Bildirim (Faiz İçeren),Pay Dışında Sermaye Piyasası Aracı İşlemlerine İlişkin Bildirim (Faiz İçeren) TRFCGDF22717 ISIN Kodlu İhracın 1.Kupon Ödemesinin Gerçekleştirilmesi,https://www.kap.org.tr/tr/Bildirim/1608955,tr,2026-05-20T14:34:31+00:00
2026-05-20,CEMAS,KAP,ÇEMAŞ DÖKÜM SANAYİ A.Ş. - Özel Durum Açıklaması (Genel),Özel Durum Açıklaması (Genel) Dolaylı Bağlı Ortaklığımızın Sermaye Artırımı Hk.da,https://www.kap.org.tr/tr/Bildirim/1609222,tr,2026-05-20T19:09:49+00:00
2026-05-20,CRDFA,KAP,CREDITWEST FAKTORİNG A.Ş. - Pay Dışında Sermaye Piyasası Aracı İşlemlerine İlişkin Bildirim (Faiz İçeren),Pay Dışında Sermaye Piyasası Aracı İşlemlerine İlişkin Bildirim (Faiz İçeren) TRFTPFC82627 ISIN Kodlu Bono Kupon Oran Faizi,https://www.kap.org.tr/tr/Bildirim/1609070,tr,2026-05-20T16:47:52+00:00
2026-05-20,CWENE,KAP,CW ENERJİ MÜHENDİSLİK TİCARET VE SANAYİ A.Ş. - Özel Durum Açıklaması (Genel),Özel Durum Açıklaması (Genel) CW Plus Bayilik Açılışı Hk.,https://www.kap.org.tr/tr/Bildirim/1609220,tr,2026-05-20T19:07:35+00:00
2026-05-20,DAPGM,KAP,DAP GAYRİMENKUL GELİŞTİRME A.Ş. - Özel Durum Açıklaması (Genel),Özel Durum Açıklaması (Genel) Sermaye Avansı Hk.,https://www.kap.org.tr/tr/Bildirim/1609175,tr,2026-05-20T18:16:25+00:00
2026-05-20,DEVA,KAP,DEVA HOLDİNG A.Ş. - Pay Dışında Sermaye Piyasası Aracı İşlemlerine İlişkin Bildirim (Faiz İçeren),Pay Dışında Sermaye Piyasası Aracı İşlemlerine İlişkin Bildirim (Faiz İçeren) TRSDEVA82629 ISIN kodlu tahvilin yedinci kupon faiz oranı hakkında,https://www.kap.org.tr/tr/Bildirim/1609040,tr,2026-05-20T16:40:04+00:00
2026-05-20,DMSAS,KAP,DEMİSAŞ DÖKÜM EMAYE MAMÜLLERİ SANAYİ A.Ş. - Özel Durum Açıklaması (Genel),Özel Durum Açıklaması (Genel) Devam Eden Hukuki Süreçler,https://www.kap.org.tr/tr/Bildirim/1609204,tr,2026-05-20T18:42:17+00:00
2026-05-20,DOAS,KAP,DOĞUŞ OTOMOTİV SERVİS VE TİCARET A.Ş. - Kredi Derecelendirmesi,Kredi Derecelendirmesi Kredi Derecelendirme Notu,https://www.kap.org.tr/tr/Bildirim/1609192,tr,2026-05-20T18:30:04+00:00
2026-05-20,DOGUB,KAP,DOĞUSAN BORU SANAYİ VE TİCARET A.Ş. - Bağımsız Denetim Kuruluşunun Belirlenmesi,Bağımsız Denetim Kuruluşunun Belirlenmesi Bağımsız Denetim Kuruluşunun Tescili hk.,https://www.kap.org.tr/tr/Bildirim/1609120,tr,2026-05-20T17:28:58+00:00
2026-05-20,DOGUB,KAP,DOĞUSAN BORU SANAYİ VE TİCARET A.Ş. - Genel Kurul İşlemlerine İlişkin Bildirim,Genel Kurul İşlemlerine İlişkin Bildirim Şirketimizin Olağan Genel Kurul Tescili ve Ticaret Sicil Gazetesinde yayınlanması hk.,https://www.kap.org.tr/tr/Bildirim/1609119,tr,2026-05-20T17:28:24+00:00
2026-05-20,DUNYH,KAP,DÜNYA HOLDİNG A.Ş. - Olağan Dışı Fiyat ve Miktar Hareketleri,Olağan Dışı Fiyat ve Miktar Hareketleri Olağan Dışı Fiyat ve Miktar Hareketleri Hakkında,https://www.kap.org.tr/tr/Bildirim/1609014,tr,2026-05-20T16:13:27+00:00
2026-05-20,DUNYH,KAP,DÜNYA HOLDİNG A.Ş. - Kar Payı Dağıtım İşlemlerine İlişkin Bildirim,Kar Payı Dağıtım İşlemlerine İlişkin Bildirim Yönetim Kurulunun Kar Dağıtımı Yapılmaması Önerisinin Kabul Edilmesi Hk.,https://www.kap.org.tr/tr/Bildirim/1609011,tr,2026-05-20T16:06:46+00:00
2026-05-20,DUNYH,KAP,DÜNYA HOLDİNG A.Ş. - Genel Kurul İşlemlerine İlişkin Bildirim,Genel Kurul İşlemlerine İlişkin Bildirim Genel Kurul Toplantı Sonucu,https://www.kap.org.tr/tr/Bildirim/1608998,tr,2026-05-20T15:48:27+00:00
2026-05-20,EBEBK,KAP,EBEBEK MAĞAZACILIK A.Ş. - Özel Durum Açıklaması (Genel),Özel Durum Açıklaması (Genel) Üst Yönetim Değişikliği,https://www.kap.org.tr/tr/Bildirim/1609221,tr,2026-05-20T19:08:28+00:00
2026-05-20,ECOGR,KAP,ECOGREEN ENERJİ HOLDİNG A.Ş. - Kredi Derecelendirmesi,Kredi Derecelendirmesi Kredi Derecelendirmesi (Fitch Ratings),https://www.kap.org.tr/tr/Bildirim/1609144,tr,2026-05-20T17:56:58+00:00
2026-05-20,EKOFA,KAP,EKO FAKTORİNG A.Ş. - İhraç Tavanına İlişkin Bildirim,İhraç Tavanına İlişkin Bildirim Borçlanma Aracı İhracına İlişkin Yönetim Kurulu Kararı,https://www.kap.org.tr/tr/Bildirim/1609148,tr,2026-05-20T17:59:25+00:00
2026-05-20,EMNIS,KAP,EMİNİŞ AMBALAJ SANAYİ VE TİCARET A.Ş. - Özel Durum Açıklaması (Genel),Özel Durum Açıklaması (Genel) Konkordato 54. Taksit Ödemesi,https://www.kap.org.tr/tr/Bildirim/1609006,tr,2026-05-20T16:00:54+00:00
2026-05-20,EMVAR,KAP,EMLAK VARLIK KİRALAMA A.Ş. - İhraç Tavanına İlişkin Bildirim,İhraç Tavanına İlişkin Bildirim Kira Sertifikası İhracına İlişkin Yönetim Kurulu Kararı Alınması Hk. ISFIN,https://www.kap.org.tr/tr/Bildirim/1608999,tr,2026-05-20T15:50:32+00:00
2026-05-20,EMVAR,KAP,EMLAK VARLIK KİRALAMA A.Ş. - Tertip İhraç Belgesi,Tertip İhraç Belgesi Tertip İhraç Belgeleri GRFIN,https://www.kap.org.tr/tr/Bildirim/1608982,tr,2026-05-20T15:17:53+00:00
2026-05-20,EMVAR,KAP,EMLAK VARLIK KİRALAMA A.Ş. - Tertip İhraç Belgesi,Tertip İhraç Belgesi Tertip İhraç Belgesi GARFL,https://www.kap.org.tr/tr/Bildirim/1608981,tr,2026-05-20T15:17:14+00:00
2026-05-20,ENERY,KAP,ENERYA ENERJİ A.Ş. - Payların Geri Alınmasına İlişkin Bildirim,Payların Geri Alınmasına İlişkin Bildirim 20.05.2026 Tarihli Pay Geri Alım İşlemleri,https://www.kap.org.tr/tr/Bildirim/1609194,tr,2026-05-20T18:30:21+00:00
2026-05-20,ERSU,KAP,ERSU MEYVE VE GIDA SANAYİ A.Ş. - Kayıtlı Sermaye Tavanı İşlemlerine İlişkin Bildirim,Kayıtlı Sermaye Tavanı İşlemlerine İlişkin Bildirim Esas Sözleşme Tadil Metni Ticaret Bakanlığı İç Ticaret Genel Müdürlüğü Onayı Hakkında,https://www.kap.org.tr/tr/Bildirim/1609259,tr,2026-05-20T21:25:28+00:00
2026-05-20,ETYAT,KAP,EURO TREND YATIRIM ORTAKLIĞI A.Ş. - Özel Durum Açıklaması (Genel),"Özel Durum Açıklaması (Genel) BİAŞ'da oluşan ağırlıklı ortalama fiyatın,pay başına net aktif değerin 2 katını aşması",https://www.kap.org.tr/tr/Bildirim/1608974,tr,2026-05-20T15:06:12+00:00
2026-05-20,EUKYO,KAP,EURO KAPİTAL YATIRIM ORTAKLIĞI A.Ş. - Özel Durum Açıklaması (Genel),"Özel Durum Açıklaması (Genel) BİAŞ'da oluşan ağırlıklı ortalama fiyatın,pay başına net aktif değerin 2 katını aşması",https://www.kap.org.tr/tr/Bildirim/1608975,tr,2026-05-20T15:06:57+00:00
2026-05-20,EUYO,KAP,EURO MENKUL KIYMET YATIRIM ORTAKLIĞI A.Ş. - Özel Durum Açıklaması (Genel),"Özel Durum Açıklaması (Genel) BİAŞ'da oluşan ağırlıklı ortalama fiyatın,pay başına net aktif değerin 2 katını aşması",https://www.kap.org.tr/tr/Bildirim/1608973,tr,2026-05-20T15:05:35+00:00
2026-05-20,GEDIK,KAP,GEDİK YATIRIM MENKUL DEĞERLER A.Ş. - Şirket Genel Bilgi Formu,Şirket Genel Bilgi Formu,https://www.kap.org.tr/tr/Bildirim/1609162,tr,2026-05-20T18:10:26+00:00
2026-05-20,GENIL,KAP,GEN İLAÇ VE SAĞLIK ÜRÜNLERİ SANAYİ VE TİCARET A.Ş. - Özel Durum Açıklaması (Genel),Özel Durum Açıklaması (Genel) Devlet Malzeme Ofisi İhale Bildirimi,https://www.kap.org.tr/tr/Bildirim/1609041,tr,2026-05-20T16:40:06+00:00
2026-05-20,GLB,KAP,GLOBAL MENKUL DEĞERLER A.Ş. - Esas Sözleşme,Esas Sözleşme Güncel Esas Sözleşme Metni,https://www.kap.org.tr/tr/Bildirim/1608949,tr,2026-05-20T14:20:09+00:00
2026-05-20,GLBMD,KAP,GLOBAL MENKUL DEĞERLER A.Ş. - Esas Sözleşme,Esas Sözleşme Güncel Esas Sözleşme Metni,https://www.kap.org.tr/tr/Bildirim/1608949,tr,2026-05-20T14:20:09+00:00
2026-05-20,GLCVY,KAP,GELECEK VARLIK YÖNETİMİ A.Ş. - Özel Durum Açıklaması (Genel),Özel Durum Açıklaması (Genel) İhale sonrası Devir ve Temlik İşlemlerinin tamamlanması hk. ENPRA,https://www.kap.org.tr/tr/Bildirim/1609197,tr,2026-05-20T18:34:43+00:00
2026-05-20,GLCVY,KAP,GELECEK VARLIK YÖNETİMİ A.Ş. - Özel Durum Açıklaması (Genel),"Özel Durum Açıklaması (Genel) İhale sonrası Devir ve Temlik İşlemlerinin tamamlanması hk. FIN, QNBTR",https://www.kap.org.tr/tr/Bildirim/1609196,tr,2026-05-20T18:34:28+00:00
2026-05-20,GLYHO,KAP,GLOBAL YATIRIM HOLDİNG A.Ş. - Özel Durum Açıklaması (Genel),Özel Durum Açıklaması (Genel) Yolcu İstatistikleri,https://www.kap.org.tr/tr/Bildirim/1609184,tr,2026-05-20T18:21:18+00:00
2026-05-20,GOLTS,KAP,GÖLTAŞ GÖLLER BÖLGESİ ÇİMENTO SANAYİ VE TİCARET A.Ş. - Kurumsal Yönetim Bilgi Formu (Güncelleme) - Yönetim Kurulu-2,Kurumsal Yönetim Bilgi Formu (Güncelleme) - Yönetim Kurulu-2 Yönetim Kurulu Komite Üyelerinin Güncellenmesi,https://www.kap.org.tr/tr/Bildirim/1609124,tr,2026-05-20T17:35:29+00:00
2026-05-20,GOLTS,KAP,GÖLTAŞ GÖLLER BÖLGESİ ÇİMENTO SANAYİ VE TİCARET A.Ş. - Şirket Genel Bilgi Formu,Şirket Genel Bilgi Formu,https://www.kap.org.tr/tr/Bildirim/1609123,tr,2026-05-20T17:34:45+00:00
2026-05-20,GOLTS,KAP,GÖLTAŞ GÖLLER BÖLGESİ ÇİMENTO SANAYİ VE TİCARET A.Ş. - Yönetim Kurulu Komiteleri,Yönetim Kurulu Komiteleri Yönetim Kurulu Komite Üyeliklerinin Belirlenmesi,https://www.kap.org.tr/tr/Bildirim/1609122,tr,2026-05-20T17:33:49+00:00
2026-05-20,GOODY,KAP,GOODYEAR LASTİKLERİ T.A.Ş. - Özel Durum Açıklaması (Genel),Özel Durum Açıklaması (Genel) Yönetim Kurulu Başkanı ve Genel Müdürün Aynı Kişi Olması,https://www.kap.org.tr/tr/Bildirim/1608906,tr,2026-05-20T12:11:26+00:00
2026-05-20,HALKB,KAP,TÜRKİYE HALK BANKASI A.Ş. - Özel Durum Açıklaması (Genel),Özel Durum Açıklaması (Genel) Yabancı Kaynak Temini,https://www.kap.org.tr/tr/Bildirim/1609155,tr,2026-05-20T18:06:19+00:00
2026-05-20,HALKF,KAP,HALK FİNANSAL KİRALAMA A.Ş. - Şirket Genel Bilgi Formu,Şirket Genel Bilgi Formu,https://www.kap.org.tr/tr/Bildirim/1609129,tr,2026-05-20T17:40:11+00:00
2026-05-20,HDFFL,KAP,HEDEF ARAÇ KİRALAMA VE SERVİS A.Ş. - Pay Dışında Sermaye Piyasası Aracı İşlemlerine İlişkin Bildirim (Faiz İçeren),Pay Dışında Sermaye Piyasası Aracı İşlemlerine İlişkin Bildirim (Faiz İçeren) 2. Kupon Oranının Belirlenmesi,https://www.kap.org.tr/tr/Bildirim/1609034,tr,2026-05-20T16:34:20+00:00
2026-05-20,HRKET,KAP,HAREKET PROJE TAŞIMACILIĞI VE YÜK MÜHENDİSLİĞİ A.Ş. - Payların Geri Alınmasına İlişkin Bildirim,Payların Geri Alınmasına İlişkin Bildirim Pay Geri Alım Programının Sonlandırılması Hk.,https://www.kap.org.tr/tr/Bildirim/1609179,tr,2026-05-20T18:19:45+00:00
2026-05-20,HUBVC,KAP,HUB GİRİŞİM SERMAYESİ YATIRIM ORTAKLIĞI A.Ş. - Faaliyet Raporu (Konsolide Olmayan),Faaliyet Raporu (Konsolide Olmayan) 31.12.2025 Faaliyet Raporu Hk.,https://www.kap.org.tr/tr/Bildirim/1609257,tr,2026-05-20T20:52:15+00:00
2026-05-20,HUBVC,KAP,HUB GİRİŞİM SERMAYESİ YATIRIM ORTAKLIĞI A.Ş. - Finansal Rapor,Finansal Rapor,https://www.kap.org.tr/tr/Bildirim/1609256,tr,2026-05-20T20:51:37+00:00
2026-05-20,HUBVC,KAP,HUB GİRİŞİM SERMAYESİ YATIRIM ORTAKLIĞI A.Ş. - Sorumluluk Beyanı (Konsolide Olmayan),Sorumluluk Beyanı (Konsolide Olmayan) 31.03.2026 Sorumluluk Beyanı Hk.,https://www.kap.org.tr/tr/Bildirim/1609237,tr,2026-05-20T19:29:35+00:00
2026-05-20,HUBVC,KAP,HUB GİRİŞİM SERMAYESİ YATIRIM ORTAKLIĞI A.Ş. - Faaliyet Raporu (Konsolide Olmayan),Faaliyet Raporu (Konsolide Olmayan) 31.03.2026 Faaliyet Raporu Hk.,https://www.kap.org.tr/tr/Bildirim/1609236,tr,2026-05-20T19:29:25+00:00
2026-05-20,HUBVC,KAP,HUB GİRİŞİM SERMAYESİ YATIRIM ORTAKLIĞI A.Ş. - Finansal Rapor,Finansal Rapor,https://www.kap.org.tr/tr/Bildirim/1609235,tr,2026-05-20T19:29:16+00:00
2026-05-20,HUBVC,KAP,HUB GİRİŞİM SERMAYESİ YATIRIM ORTAKLIĞI A.Ş. - Sorumluluk Beyanı (Konsolide Olmayan),Sorumluluk Beyanı (Konsolide Olmayan) 31.12.2025 Sorumluluk Beyanı Hk.,https://www.kap.org.tr/tr/Bildirim/1609234,tr,2026-05-20T19:28:57+00:00
2026-05-20,HUBVC,KAP,HUB GİRİŞİM SERMAYESİ YATIRIM ORTAKLIĞI A.Ş. - Faaliyet Raporu (Konsolide Olmayan),Faaliyet Raporu (Konsolide Olmayan) 31.12.2025 Faaliyet Raporu Hk.,https://www.kap.org.tr/tr/Bildirim/1609233,tr,2026-05-20T19:28:46+00:00
2026-05-20,HUBVC,KAP,HUB GİRİŞİM SERMAYESİ YATIRIM ORTAKLIĞI A.Ş. - Finansal Rapor,Finansal Rapor,https://www.kap.org.tr/tr/Bildirim/1609232,tr,2026-05-20T19:28:31+00:00
2026-05-20,HUBVC,KAP,HUB GİRİŞİM SERMAYESİ YATIRIM ORTAKLIĞI A.Ş. - Finansal Tablo ve-veya Dipnot Değişikliği,Finansal Tablo ve-veya Dipnot Değişikliği 2025 Yılı 4.Dönem Finansal Tablo Dipnot Düzeltmesi Hk.,https://www.kap.org.tr/tr/Bildirim/1608997,tr,2026-05-20T15:47:31+00:00
2026-05-20,IEYHO,KAP,IŞIKLAR ENERJİ VE YAPI HOLDİNG A.Ş. - TSRS Uyumlu Sürdürülebilirlik Raporu,TSRS Uyumlu Sürdürülebilirlik Raporu 2025 Yılı TSRS Uyumlu Sürdürülebilirlik Raporu,https://www.kap.org.tr/tr/Bildirim/1609225,tr,2026-05-20T19:12:22+00:00
2026-05-20,IHEVA,KAP,İHLAS EV ALETLERİ İMALAT SANAYİ VE TİCARET A.Ş. - Kar Payı Dağıtım İşlemlerine İlişkin Bildirim,Kar Payı Dağıtım İşlemlerine İlişkin Bildirim 2025 Yılı Dönem Sonucu İçin Genel Kurul?a Yapılacak Teklif Hk.,https://www.kap.org.tr/tr/Bildirim/1609073,tr,2026-05-20T16:51:32+00:00
2026-05-20,IHEVA,KAP,İHLAS EV ALETLERİ İMALAT SANAYİ VE TİCARET A.Ş. - Genel Kurul İşlemlerine İlişkin Bildirim,Genel Kurul İşlemlerine İlişkin Bildirim 2025 Yılı Olağan Genel Kurul Toplantısı Hk.,https://www.kap.org.tr/tr/Bildirim/1609064,tr,2026-05-20T16:41:21+00:00
2026-05-20,IHGZT,KAP,İHLAS GAZETECİLİK A.Ş. - Kar Payı Dağıtım İşlemlerine İlişkin Bildirim,Kar Payı Dağıtım İşlemlerine İlişkin Bildirim 2025 Yılı Dönem Sonucu İçin Genel Kurul'a Yapılacak Teklif Hk.,https://www.kap.org.tr/tr/Bildirim/1609037,tr,2026-05-20T16:38:18+00:00
2026-05-20,IHGZT,KAP,İHLAS GAZETECİLİK A.Ş. - Genel Kurul İşlemlerine İlişkin Bildirim,Genel Kurul İşlemlerine İlişkin Bildirim 2025 Yılı Olağan Genel Kurul Toplantısı Hk.,https://www.kap.org.tr/tr/Bildirim/1609035,tr,2026-05-20T16:34:50+00:00
2026-05-20,IHLAS,KAP,İHLAS HOLDİNG A.Ş. - Kar Payı Dağıtım İşlemlerine İlişkin Bildirim,Kar Payı Dağıtım İşlemlerine İlişkin Bildirim 2025 Yılı Dönem Sonucu İçin Genel Kurul?a Yapılacak Teklif Hk.,https://www.kap.org.tr/tr/Bildirim/1609082,tr,2026-05-20T17:00:59+00:00
2026-05-20,IHLAS,KAP,İHLAS HOLDİNG A.Ş. - Genel Kurul İşlemlerine İlişkin Bildirim,Genel Kurul İşlemlerine İlişkin Bildirim 2025 Yılı Olağan Genel Kurul Toplantısı Hk.,https://www.kap.org.tr/tr/Bildirim/1609065,tr,2026-05-20T16:42:09+00:00
2026-05-20,IHLGM,KAP,İHLAS GAYRİMENKUL PROJE GELİŞTİRME VE TİCARET A.Ş. - Kar Payı Dağıtım İşlemlerine İlişkin Bildirim,Kar Payı Dağıtım İşlemlerine İlişkin Bildirim 2025 Yılı Karı İçin Genel Kurula Yapılacak Teklif Hk.,https://www.kap.org.tr/tr/Bildirim/1609217,tr,2026-05-20T18:57:27+00:00
2026-05-20,IHLGM,KAP,İHLAS GAYRİMENKUL PROJE GELİŞTİRME VE TİCARET A.Ş. - Genel Kurul İşlemlerine İlişkin Bildirim,Genel Kurul İşlemlerine İlişkin Bildirim 2025 Yılı Olağan Genel Kurulu Hk.,https://www.kap.org.tr/tr/Bildirim/1609043,tr,2026-05-20T16:40:26+00:00
2026-05-20,IHYAY,KAP,İHLAS YAYIN HOLDİNG A.Ş. - Kar Payı Bildirimi,Kar Payı Bildirimi 2025 Yılı Dönem Sonucu İçin Genel Kurul?a Yapılacak Teklif Hk,https://www.kap.org.tr/tr/Bildirim/1609216,tr,2026-05-20T18:54:12+00:00
2026-05-20,IHYAY,KAP,İHLAS YAYIN HOLDİNG A.Ş. - Genel Kurul Bildirimi,Genel Kurul Bildirimi 2025 Yılı Olağan Genel Kurul Toplantısı Hk,https://www.kap.org.tr/tr/Bildirim/1609215,tr,2026-05-20T18:52:07+00:00
2026-05-20,IMASM,KAP,İMAŞ MAKİNA SANAYİ A.Ş. - Özel Durum Açıklaması (Genel),Özel Durum Açıklaması (Genel) Yeni Siparişin Alınması Hk.,https://www.kap.org.tr/tr/Bildirim/1609185,tr,2026-05-20T18:21:20+00:00
2026-05-20,ISGSY,KAP,İŞ GİRİŞİM SERMAYESİ YATIRIM ORTAKLIĞI A.Ş. - Özel Durum Açıklaması (Genel),Özel Durum Açıklaması (Genel) Radore Veri Merkezi Hizmetleri A.Ş. Pay Devri ile İlgili Sözleşme İmzalanması,https://www.kap.org.tr/tr/Bildirim/1609218,tr,2026-05-20T18:59:35+00:00
2026-05-20,ISMEN,KAP,İŞ YATIRIM MENKUL DEĞERLER A.Ş. - Yatırım Kuruluşu Varant - Sertifika - Senetlerine İlişkin Bildirim,Yatırım Kuruluşu Varant - Sertifika - Senetlerine İlişkin Bildirim Yatırım Kuruluşu Varantları İlk Satış Fiyatları,https://www.kap.org.tr/tr/Bildirim/1609252,tr,2026-05-20T20:15:35+00:00
2026-05-20,ISMEN,KAP,İŞ YATIRIM MENKUL DEĞERLER A.Ş. - İzahname-Özet (SPK Tarafından Onaylanan),İzahname-Özet (SPK Tarafından Onaylanan) İş Yatırım Varant İhracı,https://www.kap.org.tr/tr/Bildirim/1609183,tr,2026-05-20T18:21:11+00:00
2026-05-20,ISMEN,KAP,İŞ YATIRIM MENKUL DEĞERLER A.Ş. - İzahname-Sermaye Piyasası Aracı Notu (SPK Tarafından Onaylanan),İzahname-Sermaye Piyasası Aracı Notu (SPK Tarafından Onaylanan) İş Yatırım Varant İhracı,https://www.kap.org.tr/tr/Bildirim/1609182,tr,2026-05-20T18:20:50+00:00
2026-05-20,ISMEN,KAP,İŞ YATIRIM MENKUL DEĞERLER A.Ş. - İzahname-Sermaye Piyasası Aracı Notu (SPK Tarafından Onaylanan),İzahname-Sermaye Piyasası Aracı Notu (SPK Tarafından Onaylanan) İş Yatırım Varant İhracı,https://www.kap.org.tr/tr/Bildirim/1609181,tr,2026-05-20T18:20:27+00:00
2026-05-20,ISMEN,KAP,İŞ YATIRIM MENKUL DEĞERLER A.Ş. - İzahname-İhraççı Bİlgi Dokümanı (SPK Tarafından Onaylanan),İzahname-İhraççı Bİlgi Dokümanı (SPK Tarafından Onaylanan) İş Yatırım Varant İhracı,https://www.kap.org.tr/tr/Bildirim/1609180,tr,2026-05-20T18:19:55+00:00
2026-05-20,ISMEN,KAP,İŞ YATIRIM MENKUL DEĞERLER A.Ş. - Yatırım Kuruluşu Varant - Sertifika - Senetlerine İlişkin Bildirim,Yatırım Kuruluşu Varant - Sertifika - Senetlerine İlişkin Bildirim İş Yatırım Sertifika ve Varant Alım Satım İşlemleri,https://www.kap.org.tr/tr/Bildirim/1608964,tr,2026-05-20T14:51:30+00:00
2026-05-20,ISMEN,KAP,İŞ YATIRIM MENKUL DEĞERLER A.Ş. - Piyasa Yapıcılığı Kapsamında Gerçekleştirilen İşlemler Bildirimi,Piyasa Yapıcılığı Kapsamında Gerçekleştirilen İşlemler Bildirimi Borsa Yatırım Fonu Piyasa Yapıcılığı İşlemleri ISGLK,https://www.kap.org.tr/tr/Bildirim/1608963,tr,2026-05-20T14:51:07+00:00
2026-05-20,ISTVY,KAP,İSTANBUL VARLIK YÖNETİM A.Ş. - Pay Dışında Sermaye Piyasası Aracı İşlemlerine İlişkin Bildirim (Faiz İçeren),Pay Dışında Sermaye Piyasası Aracı İşlemlerine İlişkin Bildirim (Faiz İçeren) TRFIVYSK2614 ISIN Kodlu finansman bonosunun 2.kupon ödemesi,https://www.kap.org.tr/tr/Bildirim/1609190,tr,2026-05-20T18:28:01+00:00
2026-05-20,IYM,KAP,İŞ YATIRIM MENKUL DEĞERLER A.Ş. - Yatırım Kuruluşu Varant - Sertifika - Senetlerine İlişkin Bildirim,Yatırım Kuruluşu Varant - Sertifika - Senetlerine İlişkin Bildirim Yatırım Kuruluşu Varantları İlk Satış Fiyatları,https://www.kap.org.tr/tr/Bildirim/1609252,tr,2026-05-20T20:15:35+00:00
2026-05-20,IYM,KAP,İŞ YATIRIM MENKUL DEĞERLER A.Ş. - İzahname-Özet (SPK Tarafından Onaylanan),İzahname-Özet (SPK Tarafından Onaylanan) İş Yatırım Varant İhracı,https://www.kap.org.tr/tr/Bildirim/1609183,tr,2026-05-20T18:21:11+00:00
2026-05-20,IYM,KAP,İŞ YATIRIM MENKUL DEĞERLER A.Ş. - İzahname-Sermaye Piyasası Aracı Notu (SPK Tarafından Onaylanan),İzahname-Sermaye Piyasası Aracı Notu (SPK Tarafından Onaylanan) İş Yatırım Varant İhracı,https://www.kap.org.tr/tr/Bildirim/1609182,tr,2026-05-20T18:20:50+00:00
2026-05-20,IYM,KAP,İŞ YATIRIM MENKUL DEĞERLER A.Ş. - İzahname-Sermaye Piyasası Aracı Notu (SPK Tarafından Onaylanan),İzahname-Sermaye Piyasası Aracı Notu (SPK Tarafından Onaylanan) İş Yatırım Varant İhracı,https://www.kap.org.tr/tr/Bildirim/1609181,tr,2026-05-20T18:20:27+00:00
2026-05-20,IYM,KAP,İŞ YATIRIM MENKUL DEĞERLER A.Ş. - İzahname-İhraççı Bİlgi Dokümanı (SPK Tarafından Onaylanan),İzahname-İhraççı Bİlgi Dokümanı (SPK Tarafından Onaylanan) İş Yatırım Varant İhracı,https://www.kap.org.tr/tr/Bildirim/1609180,tr,2026-05-20T18:19:55+00:00
2026-05-20,IYM,KAP,İŞ YATIRIM MENKUL DEĞERLER A.Ş. - Yatırım Kuruluşu Varant - Sertifika - Senetlerine İlişkin Bildirim,Yatırım Kuruluşu Varant - Sertifika - Senetlerine İlişkin Bildirim İş Yatırım Sertifika ve Varant Alım Satım İşlemleri,https://www.kap.org.tr/tr/Bildirim/1608964,tr,2026-05-20T14:51:30+00:00
2026-05-20,IYM,KAP,İŞ YATIRIM MENKUL DEĞERLER A.Ş. - Piyasa Yapıcılığı Kapsamında Gerçekleştirilen İşlemler Bildirimi,Piyasa Yapıcılığı Kapsamında Gerçekleştirilen İşlemler Bildirimi Borsa Yatırım Fonu Piyasa Yapıcılığı İşlemleri ISGLK,https://www.kap.org.tr/tr/Bildirim/1608963,tr,2026-05-20T14:51:07+00:00
2026-05-20,KATVK,KAP,KATILIM VARLIK KİRALAMA A.Ş. - İhraç Tavanına İlişkin Bildirim,İhraç Tavanına İlişkin Bildirim Kira Sertifikası İhracına İlişkin Yönetim Kurulu Kararı Alınması TKNSA,https://www.kap.org.tr/tr/Bildirim/1609203,tr,2026-05-20T18:42:14+00:00
2026-05-20,KATVK,KAP,KATILIM VARLIK KİRALAMA A.Ş. - Pay Dışında Sermaye Piyasası Aracı İşlemlerine İlişkin Bildirim (Faizsiz),Pay Dışında Sermaye Piyasası Aracı İşlemlerine İlişkin Bildirim (Faizsiz) TRDKTLMA2619 Yurtiçi Kira Sertifikası İhracının 2. Kupon Oranının Belirlenmesi Hk. HDFFL,https://www.kap.org.tr/tr/Bildirim/1609142,tr,2026-05-20T17:53:53+00:00
2026-05-20,KATVK,KAP,KATILIM VARLIK KİRALAMA A.Ş. - İhraç Tavanına İlişkin Bildirim,İhraç Tavanına İlişkin Bildirim Kira Sertifikası İhraç Tavanı SPK Başvurusu HDFFL,https://www.kap.org.tr/tr/Bildirim/1609013,tr,2026-05-20T16:11:45+00:00
2026-05-20,KLYPV,KAP,KALYON GÜNEŞ TEKNOLOJİLERİ ÜRETİM A.Ş. - Payların Geri Alınmasına İlişkin Bildirim,Payların Geri Alınmasına İlişkin Bildirim Geri Alım Programının Sona Erdirilmesi Hakkında,https://www.kap.org.tr/tr/Bildirim/1609243,tr,2026-05-20T19:51:01+00:00
2026-05-20,KONTR,KAP,KONTROLMATİK TEKNOLOJİ ENERJİ VE MÜHENDİSLİK A.Ş. - Özel Durum Açıklaması (Genel),Özel Durum Açıklaması (Genel) Bağımsız Yönetim Kurulu Üyesi Adaylarının Uygunluğuna İlişkin SPK Başvurusu,https://www.kap.org.tr/tr/Bildirim/1608989,tr,2026-05-20T15:30:18+00:00
2026-05-20,KORTS,KAP,KORTEKS MENSUCAT SANAYİ VE TİCARET A.Ş. - Pay Dışında Sermaye Piyasası Aracı İşlemlerine İlişkin Bildirim (Faiz İçeren),Pay Dışında Sermaye Piyasası Aracı İşlemlerine İlişkin Bildirim (Faiz İçeren) TRSKORT82621 ISIN kodlu Korteks ihracının 4. kupon dönemine ilişkin faiz oranı açıklaması,https://www.kap.org.tr/tr/Bildirim/1609223,tr,2026-05-20T19:11:57+00:00
2026-05-20,KTSKR,KAP,KÜTAHYA ŞEKER FABRİKASI A.Ş. - Bağımsız Denetim Kuruluşunun Belirlenmesi,Bağımsız Denetim Kuruluşunun Belirlenmesi Bağımsız Denetim Kuruluşunun Belirlenmesi Hakkında,https://www.kap.org.tr/tr/Bildirim/1608957,tr,2026-05-20T14:39:23+00:00
2026-05-20,KTSVK,KAP,KT SUKUK VARLIK KİRALAMA A.Ş. - Pay Dışında Sermaye Piyasası Aracı İşlemlerine İlişkin Bildirim (Faizsiz),Pay Dışında Sermaye Piyasası Aracı İşlemlerine İlişkin Bildirim (Faizsiz) TRDKTSK526E3 ISIN Kodlu Kira Sertifikası Kupon ve Anapara Ödeme İşlemi Hk. EFORC,https://www.kap.org.tr/tr/Bildirim/1608943,tr,2026-05-20T14:01:35+00:00
2026-05-20,LINK,KAP,LİNK BİLGİSAYAR SİSTEMLERİ YAZILIMI VE DONANIMI SANAYİ VE TİCARET A.Ş. - Yeni İş İlişkisi,Yeni İş İlişkisi Kurumsal Hibrit Bulut ve Güvenli Sanal Çalışma Alanı Dönüşüm Projesi Hk.,https://www.kap.org.tr/tr/Bildirim/1609166,tr,2026-05-20T18:12:25+00:00
2026-05-20,LUKSK,KAP,LÜKS KADİFE TİCARET VE SANAYİİ A.Ş. - Yönetim Kurulu Komiteleri,Yönetim Kurulu Komiteleri Yönetim Kurulu Komiteleri,https://www.kap.org.tr/tr/Bildirim/1609132,tr,2026-05-20T17:40:50+00:00
2026-05-20,LUKSK,KAP,LÜKS KADİFE TİCARET VE SANAYİİ A.Ş. - Bağımsız Denetim Kuruluşunun Belirlenmesi,Bağımsız Denetim Kuruluşunun Belirlenmesi Bağımsız Denetim Kurulunun Tescil ve İlanı,https://www.kap.org.tr/tr/Bildirim/1609131,tr,2026-05-20T17:40:39+00:00
2026-05-20,LUKSK,KAP,LÜKS KADİFE TİCARET VE SANAYİİ A.Ş. - Genel Kurul İşlemlerine İlişkin Bildirim,Genel Kurul İşlemlerine İlişkin Bildirim 2025 Yılı Genel Kurul Tescili,https://www.kap.org.tr/tr/Bildirim/1609130,tr,2026-05-20T17:40:28+00:00
2026-05-20,MARKA,KAP,MARKA YATIRIM HOLDİNG A.Ş. - Şirket Genel Bilgi Formu,Şirket Genel Bilgi Formu,https://www.kap.org.tr/tr/Bildirim/1609219,tr,2026-05-20T19:06:55+00:00
2026-05-20,MARKA,KAP,MARKA YATIRIM HOLDİNG A.Ş. - Özel Durum Açıklaması (Genel),Özel Durum Açıklaması (Genel) Bağlı Ortaklık Kuruluşu Tescili ve İlanı Hakkında,https://www.kap.org.tr/tr/Bildirim/1609210,tr,2026-05-20T18:49:11+00:00
2026-05-20,MCARD,KAP,METROPAL KURUMSAL HİZMETLER A.Ş. - Özel Durum Açıklaması (Genel),Özel Durum Açıklaması (Genel) KOSGEB Teknoloji Merkezi Destek Programı Ön Başvurusu Hakkında,https://www.kap.org.tr/tr/Bildirim/1608988,tr,2026-05-20T15:28:59+00:00
2026-05-20,MEPET,KAP,MEPET METRO PETROL VE TESİSLERİ SANAYİ TİCARET A.Ş. - Ünvan Değişikliği,Ünvan Değişikliği Şirket Ünvan Değişikliği Hakkında.,https://www.kap.org.tr/tr/Bildirim/1609038,tr,2026-05-20T16:38:50+00:00
2026-05-20,MEPET,KAP,MEPET METRO PETROL VE TESİSLERİ SANAYİ TİCARET A.Ş. - Kayıtlı Sermaye Tavanı İşlemlerine İlişkin Bildirim,Kayıtlı Sermaye Tavanı İşlemlerine İlişkin Bildirim Kayıtlı Sermaye Tavanı Süresi Uzatımı Hususunda Olağan Genel Kurul Toplantısı Neticesi Hakkında.,https://www.kap.org.tr/tr/Bildirim/1609032,tr,2026-05-20T16:33:00+00:00
2026-05-20,MEPET,KAP,MEPET METRO PETROL VE TESİSLERİ SANAYİ TİCARET A.Ş. - Kar Payı Dağıtım İşlemlerine İlişkin Bildirim,Kar Payı Dağıtım İşlemlerine İlişkin Bildirim Kay Payı Dağıtılmaması Hususunda Olağan Genel Kurul Toplantısı Neticesi Hakkında,https://www.kap.org.tr/tr/Bildirim/1609008,tr,2026-05-20T16:04:15+00:00
2026-05-20,MEPET,KAP,MEPET METRO PETROL VE TESİSLERİ SANAYİ TİCARET A.Ş. - Genel Kurul İşlemlerine İlişkin Bildirim,Genel Kurul İşlemlerine İlişkin Bildirim Olağan Genel Kurul Toplantı Sonucu,https://www.kap.org.tr/tr/Bildirim/1609001,tr,2026-05-20T15:56:17+00:00
2026-05-20,MERCN,KAP,MERCAN KİMYA SANAYİ VE TİCARET A.Ş. - Genel Kurul İşlemlerine İlişkin Bildirim,Genel Kurul İşlemlerine İlişkin Bildirim 2025 Yılı Olağan Genel Kurul Toplantı Sonucu,https://www.kap.org.tr/tr/Bildirim/1609169,tr,2026-05-20T18:15:06+00:00
2026-05-20,METRO,KAP,METRO TİCARİ VE MALİ YATIRIMLAR HOLDİNG A.Ş. - Kar Payı Dağıtım İşlemlerine İlişkin Bildirim,Kar Payı Dağıtım İşlemlerine İlişkin Bildirim Kar Dağıtılmaması Hususunda Olağan Genel Kurul Toplantısı Neticesi Hakkında.,https://www.kap.org.tr/tr/Bildirim/1609081,tr,2026-05-20T17:00:05+00:00
2026-05-20,METRO,KAP,METRO TİCARİ VE MALİ YATIRIMLAR HOLDİNG A.Ş. - Genel Kurul İşlemlerine İlişkin Bildirim,Genel Kurul İşlemlerine İlişkin Bildirim Olağan Genel Kurul Toplantısı Neticesi Hakkında,https://www.kap.org.tr/tr/Bildirim/1609075,tr,2026-05-20T16:55:57+00:00
2026-05-20,MIATK,KAP,MİA TEKNOLOJİ A.Ş. - Geri Alınan Payların Elden Çıkarılması,Geri Alınan Payların Elden Çıkarılması Geri alınan payların elden çıkarılması hk.,https://www.kap.org.tr/tr/Bildirim/1609186,tr,2026-05-20T18:21:38+00:00
2026-05-20,MRSHL,KAP,MARSHALL BOYA VE VERNİK SANAYİİ A.Ş. - Kurumsal Yönetim Bilgi Formu (Güncelleme) - Yönetim Kurulu-2,Kurumsal Yönetim Bilgi Formu (Güncelleme) - Yönetim Kurulu-2 Sürdürülebilirlik Komitesi Üye Değişimi Nedeniyle Güncelleme Yapılması,https://www.kap.org.tr/tr/Bildirim/1609209,tr,2026-05-20T18:48:30+00:00
2026-05-20,MRSHL,KAP,MARSHALL BOYA VE VERNİK SANAYİİ A.Ş. - Yönetim Kurulu Komiteleri,Yönetim Kurulu Komiteleri Sürdürülebilirlik Komitesi Üye Değişimi Hakkında,https://www.kap.org.tr/tr/Bildirim/1609208,tr,2026-05-20T18:47:46+00:00
2026-05-20,NTHOL,KAP,NET HOLDİNG A.Ş. - Özel Durum Açıklaması (Genel),Özel Durum Açıklaması (Genel) Yönetim Kurulu üyesi istifası hakkında,https://www.kap.org.tr/tr/Bildirim/1609167,tr,2026-05-20T18:13:32+00:00
2026-05-20,NUGYO,KAP,NUROL GAYRİMENKUL YATIRIM ORTAKLIĞI A.Ş. - Genel Kurul İşlemlerine İlişkin Bildirim,Genel Kurul İşlemlerine İlişkin Bildirim Olağan Genel Kurul Daveti ve Bilgilendirme Dokümanı,https://www.kap.org.tr/tr/Bildirim/1609202,tr,2026-05-20T18:41:21+00:00
2026-05-20,NUGYO,KAP,NUROL GAYRİMENKUL YATIRIM ORTAKLIĞI A.Ş. - Bağımsız Denetim Kuruluşunun Belirlenmesi,Bağımsız Denetim Kuruluşunun Belirlenmesi 2026 Yılı Bağımsız Denetim Şirketi Seçimi,https://www.kap.org.tr/tr/Bildirim/1609201,tr,2026-05-20T18:40:34+00:00
2026-05-20,NUGYO,KAP,NUROL GAYRİMENKUL YATIRIM ORTAKLIĞI A.Ş. - Kar Payı Dağıtım İşlemlerine İlişkin Bildirim,Kar Payı Dağıtım İşlemlerine İlişkin Bildirim Yönetim Kurulu'nun Kar Dağıtımı Yapılmamasına İlişkin Teklifi Hakkında,https://www.kap.org.tr/tr/Bildirim/1609200,tr,2026-05-20T18:40:13+00:00
2026-05-20,OYA,KAP,OYAK YATIRIM MENKUL DEĞERLER A.Ş. - Piyasa Yapıcılığı Kapsamında Gerçekleştirilen İşlemler Bildirimi,Piyasa Yapıcılığı Kapsamında Gerçekleştirilen İşlemler Bildirimi 20/05/2026 TARİHLİ OYAYO PİYASA YAPICILIĞI İŞLEMLERİ OYAYO,https://www.kap.org.tr/tr/Bildirim/1609198,tr,2026-05-20T18:39:43+00:00
2026-05-20,OYYAT,KAP,OYAK YATIRIM MENKUL DEĞERLER A.Ş. - Piyasa Yapıcılığı Kapsamında Gerçekleştirilen İşlemler Bildirimi,Piyasa Yapıcılığı Kapsamında Gerçekleştirilen İşlemler Bildirimi 20/05/2026 TARİHLİ OYAYO PİYASA YAPICILIĞI İŞLEMLERİ OYAYO,https://www.kap.org.tr/tr/Bildirim/1609198,tr,2026-05-20T18:39:43+00:00
2026-05-20,OZATD,KAP,ÖZATA DENİZCİLİK SANAYİ VE TİCARET A.Ş. - Birleşme İşlemlerine İlişkin Bildirim,"Birleşme İşlemlerine İlişkin Bildirim Özata Tersanecilik San.veTic.A.Ş.'nin, Şirketimiz Tarafından Devralınması Suretiyle Birleşme İşlemleri Hakkında Yönetim Kurulu Kararı",https://www.kap.org.tr/tr/Bildirim/1609245,tr,2026-05-20T19:58:03+00:00
2026-05-20,OZYSR,KAP,ÖZYAŞAR TEL VE GALVANİZLEME SANAYİ A.Ş. - Esas Sözleşme,Esas Sözleşme Özyaşar Tel ve Galvanizleme San.A.Ş. Esas Sözleşme Metni,https://www.kap.org.tr/tr/Bildirim/1609255,tr,2026-05-20T20:42:37+00:00
2026-05-20,PETKM,KAP,PETKİM PETROKİMYA HOLDİNG A.Ş. - Esas Sözleşme,Esas Sözleşme Esas Sözleşme,https://www.kap.org.tr/tr/Bildirim/1608927,tr,2026-05-20T13:31:49+00:00
2026-05-20,PETKM,KAP,PETKİM PETROKİMYA HOLDİNG A.Ş. - Bağımsız Denetim Kuruluşunun Belirlenmesi,Bağımsız Denetim Kuruluşunun Belirlenmesi Bağımsız Denetim Kuruluşu Seçiminin Tescili,https://www.kap.org.tr/tr/Bildirim/1608926,tr,2026-05-20T13:31:34+00:00
2026-05-20,PETKM,KAP,PETKİM PETROKİMYA HOLDİNG A.Ş. - Genel Kurul İşlemlerine İlişkin Bildirim,Genel Kurul İşlemlerine İlişkin Bildirim 2025 yılına ait Olağan Genel Kurul Toplantısı Kararlarının Tescili,https://www.kap.org.tr/tr/Bildirim/1608925,tr,2026-05-20T13:31:23+00:00
2026-05-20,PGSUS,KAP,PEGASUS HAVA TAŞIMACILIĞI A.Ş. - Kredi Derecelendirmesi,Kredi Derecelendirmesi Kredi Derecelendirmesi Gözden Geçirme - Fitch,https://www.kap.org.tr/tr/Bildirim/1609191,tr,2026-05-20T18:29:57+00:00
2026-05-20,QFINF,KAP,Q FİNANS FAKTORİNG A.Ş. - Bağımsız Denetim Kuruluşunun Belirlenmesi,Bağımsız Denetim Kuruluşunun Belirlenmesi 2026 Yılı Bağımsız Denetim Şirket Seçiminin Tescil ve İlanı,https://www.kap.org.tr/tr/Bildirim/1608980,tr,2026-05-20T15:10:58+00:00
2026-05-20,QFINF,KAP,Q FİNANS FAKTORİNG A.Ş. - Genel Kurul Bildirimi,Genel Kurul Bildirimi 2025 Yılı Olağan Genel Kurul Tescili Hakkında,https://www.kap.org.tr/tr/Bildirim/1608971,tr,2026-05-20T15:03:51+00:00
2026-05-20,QNBFK,KAP,QNB FİNANSAL KİRALAMA A.Ş. - Pay Dışında Sermaye Piyasası Aracı İşlemlerine İlişkin Bildirim (Faiz İçeren),Pay Dışında Sermaye Piyasası Aracı İşlemlerine İlişkin Bildirim (Faiz İçeren) TRFQFKR52617 ISIN KODLU FİNANSMAN BONOSU İTFASI,https://www.kap.org.tr/tr/Bildirim/1608992,tr,2026-05-20T15:37:36+00:00
2026-05-20,SERNT,KAP,SERANİT GRANİT SERAMİK SANAYİ VE TİCARET A.Ş. - Özel Durum Açıklaması (Genel),Özel Durum Açıklaması (Genel) TTK 363 Kapsamında Yönetim Kurulu Üyesi Atamasının Tescil ve İlanı,https://www.kap.org.tr/tr/Bildirim/1608972,tr,2026-05-20T15:04:37+00:00
2026-05-20,SMRFA,KAP,SÜMER FAKTORİNG A.Ş. - Kredi Derecelendirmesi,Kredi Derecelendirmesi Kredi Derecelendirme Notu Hakkında,https://www.kap.org.tr/tr/Bildirim/1609241,tr,2026-05-20T19:40:26+00:00
2026-05-20,SMRFA,KAP,SÜMER FAKTORİNG A.Ş. - Pay Dışında Sermaye Piyasası Aracı İşlemlerine İlişkin Bildirim (Faiz İçeren),Pay Dışında Sermaye Piyasası Aracı İşlemlerine İlişkin Bildirim (Faiz İçeren) TRFSUMF52613 ISIN Kodlu Finansman Bonosunun 4.Kuponuna İlişkin Faiz Oranlarının Bildirimi,https://www.kap.org.tr/tr/Bildirim/1609063,tr,2026-05-20T16:40:46+00:00
2026-05-20,SMRVA,KAP,SÜMER VARLIK YÖNETİM A.Ş. - Özel Durum Açıklaması (Genel),Özel Durum Açıklaması (Genel) Tahsili Gecikmiş Alacak Portföyü Alımı TEB,https://www.kap.org.tr/tr/Bildirim/1609195,tr,2026-05-20T18:32:35+00:00
2026-05-20,SVGYO,KAP,SAVUR GAYRİMENKUL YATIRIM ORTAKLIĞI A.Ş. - Genel Kurul İşlemlerine İlişkin Bildirim,Genel Kurul İşlemlerine İlişkin Bildirim 2025 Yılı Olağan Genel Kurul Toplantısı Yapılmasına İlişkin Yönetim Kurulu Kararı,https://www.kap.org.tr/tr/Bildirim/1608983,tr,2026-05-20T15:19:00+00:00
2026-05-20,TAMFA,KAP,TAM FİNANS FAKTORİNG A.Ş. - Şirket Genel Bilgi Formu,Şirket Genel Bilgi Formu,https://www.kap.org.tr/tr/Bildirim/1609159,tr,2026-05-20T18:08:55+00:00
2026-05-20,TAMFA,KAP,TAM FİNANS FAKTORİNG A.Ş. - Esas Sözleşme,Esas Sözleşme Esas Sözleşme Hk.,https://www.kap.org.tr/tr/Bildirim/1609158,tr,2026-05-20T18:08:46+00:00
2026-05-20,TAMFA,KAP,TAM FİNANS FAKTORİNG A.Ş. - Genel Kurul Bildirimi,Genel Kurul Bildirimi 22 Nisan 2026 Tarihli Olağanüstü Genel Kurul Toplantısı Hakkında,https://www.kap.org.tr/tr/Bildirim/1609157,tr,2026-05-20T18:08:35+00:00
2026-05-20,TARKM,KAP,TARKİM BİTKİ KORUMA SANAYİ VE TİCARET A.Ş. - Özel Durum Açıklaması (Genel),Özel Durum Açıklaması (Genel) Turgutlu Yeni Fabrika Yatırımı Hakkında,https://www.kap.org.tr/tr/Bildirim/1609147,tr,2026-05-20T17:58:49+00:00
2026-05-20,TCKRC,KAP,KIRAÇ GALVANİZ TELEKOMİNİKASYON METAL MAKİNE İNŞAAT ELEKTRİK SANAYİ VE TİCARET A.Ş. - Yeni İş İlişkisi,Yeni İş İlişkisi Şirketimiz ile Nordic Deployment AS arasında imzalanan partnerlik anlaşması,https://www.kap.org.tr/tr/Bildirim/1609174,tr,2026-05-20T18:15:47+00:00
2026-05-20,TERA,KAP,TERA YATIRIM MENKUL DEĞERLER A.Ş. - Özel Durum Açıklaması (Genel),Özel Durum Açıklaması (Genel) Şirket Yönetim Kurulu'nun Kar Payı Dağıtım Önerisi,https://www.kap.org.tr/tr/Bildirim/1609206,tr,2026-05-20T18:44:01+00:00
2026-05-20,THL,KAP,TÜRKİYE HALK BANKASI A.Ş. - Özel Durum Açıklaması (Genel),Özel Durum Açıklaması (Genel) Yabancı Kaynak Temini,https://www.kap.org.tr/tr/Bildirim/1609155,tr,2026-05-20T18:06:19+00:00
2026-05-20,TIMUR,KAP,TİMUR GAYRİMENKUL GELİŞTİRME YAPI VE YATIRIM A.Ş. - Finansal Rapor,Finansal Rapor,https://www.kap.org.tr/tr/Bildirim/1609258,tr,2026-05-20T21:19:41+00:00
2026-05-20,TKNSA,KAP,TEKNOSA İÇ VE DIŞ TİCARET A.Ş. - İhraç Tavanına İlişkin Bildirim,İhraç Tavanına İlişkin Bildirim Kira Sertifikası İhracına İlişkin Yönetim Kurulu Kararı Alınması KATVK,https://www.kap.org.tr/tr/Bildirim/1609205,tr,2026-05-20T18:43:08+00:00
2026-05-20,TRA,KAP,TERA YATIRIM MENKUL DEĞERLER A.Ş. - Özel Durum Açıklaması (Genel),Özel Durum Açıklaması (Genel) Şirket Yönetim Kurulu'nun Kar Payı Dağıtım Önerisi,https://www.kap.org.tr/tr/Bildirim/1609206,tr,2026-05-20T18:44:01+00:00
2026-05-20,TRHOL,KAP,TERA FİNANSAL YATIRIMLAR HOLDİNG A.Ş. - Özel Durum Açıklaması (Genel),Özel Durum Açıklaması (Genel) Aura Portföy Yönetimi A.Ş. Pay Alım Satım Sözleşmesi ve Sürece İlişkin Gelişmeler Hakkında TLR,https://www.kap.org.tr/tr/Bildirim/1609177,tr,2026-05-20T18:18:18+00:00
2026-05-20,TRILC,KAP,TURK İLAÇ VE SERUM SANAYİ A.Ş. - İhale Süreci / Sonucu,İhale Süreci / Sonucu DMO İhale Sonucu Hakkında,https://www.kap.org.tr/tr/Bildirim/1609240,tr,2026-05-20T19:37:03+00:00
2026-05-20,TRILC,KAP,TURK İLAÇ VE SERUM SANAYİ A.Ş. - İhale Süreci / Sonucu,İhale Süreci / Sonucu DMO İhale Sonucu Hakkında,https://www.kap.org.tr/tr/Bildirim/1609239,tr,2026-05-20T19:36:37+00:00
2026-05-20,TRKNT,KAP,TURKNET İLETİŞİM HİZMETLERİ A.Ş. - Kredi Derecelendirmesi,Kredi Derecelendirmesi KREDİ DERECELENDİRME BİLDİRİMİ,https://www.kap.org.tr/tr/Bildirim/1609242,tr,2026-05-20T19:48:02+00:00
2026-05-20,TSPOR,KAP,TRABZONSPOR SPORTİF YATIRIM VE FUTBOL İŞLETMECİLİĞİ TİCARET A.Ş. - Transfer Görüşmelerinin Sonuçlanması veya Sona Ermesi,Transfer Görüşmelerinin Sonuçlanması veya Sona Ermesi Ernest Muçi Kesin Transferi Hakkında.,https://www.kap.org.tr/tr/Bildirim/1609168,tr,2026-05-20T18:15:03+00:00
2026-05-20,TTKOM,KAP,TÜRK TELEKOMÜNİKASYON A.Ş. - Pay Dışında Sermaye Piyasası Aracı İşlemlerine İlişkin Bildirim (Faiz İçeren),Pay Dışında Sermaye Piyasası Aracı İşlemlerine İlişkin Bildirim (Faiz İçeren) XS2820499619 ISIN Kodlu Sürdürülebilir Tahvilin Kupon Ödemesi,https://www.kap.org.tr/tr/Bildirim/1609231,tr,2026-05-20T19:28:02+00:00
2026-05-20,TURSG,KAP,TÜRKİYE SİGORTA A.Ş. - Özel Durum Açıklaması (Genel),Özel Durum Açıklaması (Genel) Türkiye Sigorta?da pay satışına ilişkin işlemin takasının tamamlanması hk.,https://www.kap.org.tr/tr/Bildirim/1609165,tr,2026-05-20T18:11:06+00:00
2026-05-20,TVB,KAP,TÜRKİYE VAKIFLAR BANKASI T.A.O. - Şirket Genel Bilgi Formu,Şirket Genel Bilgi Formu,https://www.kap.org.tr/tr/Bildirim/1608939,tr,2026-05-20T13:52:06+00:00
2026-05-20,UCAYM,KAP,ÜÇAY MÜHENDİSLİK ENERJİ VE İKLİMLENDİRME TEKNOLOJİLERİ A.Ş. - Özel Durum Açıklaması (Genel),Özel Durum Açıklaması (Genel) Kar Dağıtım Teklifi GK Onayı,https://www.kap.org.tr/tr/Bildirim/1609268,tr,2026-05-20T22:25:13+00:00
2026-05-20,UCAYM,KAP,ÜÇAY MÜHENDİSLİK ENERJİ VE İKLİMLENDİRME TEKNOLOJİLERİ A.Ş. - Özel Durum Açıklaması (Genel),Özel Durum Açıklaması (Genel) Ücretlendirme Politikası,https://www.kap.org.tr/tr/Bildirim/1609265,tr,2026-05-20T21:47:49+00:00
2026-05-20,UCAYM,KAP,ÜÇAY MÜHENDİSLİK ENERJİ VE İKLİMLENDİRME TEKNOLOJİLERİ A.Ş. - Kar Dağıtım Politikası,Kar Dağıtım Politikası Kar Dağıtım Politikası hk,https://www.kap.org.tr/tr/Bildirim/1609264,tr,2026-05-20T21:47:18+00:00
2026-05-20,UCAYM,KAP,ÜÇAY MÜHENDİSLİK ENERJİ VE İKLİMLENDİRME TEKNOLOJİLERİ A.Ş. - Özel Durum Açıklaması (Genel),Özel Durum Açıklaması (Genel) Bağış ve Yardım Politikası,https://www.kap.org.tr/tr/Bildirim/1609263,tr,2026-05-20T21:45:50+00:00
2026-05-20,UCAYM,KAP,ÜÇAY MÜHENDİSLİK ENERJİ VE İKLİMLENDİRME TEKNOLOJİLERİ A.Ş. - Bağımsız Denetim Kuruluşunun Belirlenmesi,Bağımsız Denetim Kuruluşunun Belirlenmesi Bağımsız Denetim Kuruluşu Seçimi GK Kararı,https://www.kap.org.tr/tr/Bildirim/1609262,tr,2026-05-20T21:44:31+00:00
2026-05-20,UCAYM,KAP,ÜÇAY MÜHENDİSLİK ENERJİ VE İKLİMLENDİRME TEKNOLOJİLERİ A.Ş. - Özel Durum Açıklaması (Genel),Özel Durum Açıklaması (Genel) İç Yönergenin Onaylanması hk,https://www.kap.org.tr/tr/Bildirim/1609261,tr,2026-05-20T21:43:26+00:00
2026-05-20,UCAYM,KAP,ÜÇAY MÜHENDİSLİK ENERJİ VE İKLİMLENDİRME TEKNOLOJİLERİ A.Ş. - Genel Kurul İşlemlerine İlişkin Bildirim,Genel Kurul İşlemlerine İlişkin Bildirim Olağan Genel Kurul Sonucu,https://www.kap.org.tr/tr/Bildirim/1609260,tr,2026-05-20T21:36:41+00:00
2026-05-20,VAKBN,KAP,TÜRKİYE VAKIFLAR BANKASI T.A.O. - Şirket Genel Bilgi Formu,Şirket Genel Bilgi Formu,https://www.kap.org.tr/tr/Bildirim/1608939,tr,2026-05-20T13:52:06+00:00
2026-05-20,VBTYZ,KAP,VBT YAZILIM A.Ş. - Yeni İş İlişkisi,Yeni İş İlişkisi Yeni İş İlişkisi Hakkında,https://www.kap.org.tr/tr/Bildirim/1609251,tr,2026-05-20T20:12:56+00:00
2026-05-20,VKFYO,KAP,VAKIF MENKUL KIYMET YATIRIM ORTAKLIĞI A.Ş. - Özel Durum Açıklaması (Genel),"Özel Durum Açıklaması (Genel) Şirketimizin BİAŞ'da oluşan ağırlıklı ortalama fiyatın, pay başına net aktif değerin 2 katını aşması sebebiyle yapılan açıklamadır.",https://www.kap.org.tr/tr/Bildirim/1609164,tr,2026-05-20T18:10:51+00:00
2026-05-20,YKB,KAP,YAPI VE KREDİ BANKASI A.Ş. - Ortaklık Aleyhine Dava Açılması veya Davaya İlişkin Gelişmeler,Ortaklık Aleyhine Dava Açılması veya Davaya İlişkin Gelişmeler Genel Kurul kararı aleyhine açılan davaya ilişkin istinaf başvurusu,https://www.kap.org.tr/tr/Bildirim/1609238,tr,2026-05-20T19:32:13+00:00
2026-05-20,YKB,KAP,YAPI VE KREDİ BANKASI A.Ş. - Pay Dışında Sermaye Piyasası Aracı İşlemlerine İlişkin Bildirim (Faiz İçeren),Pay Dışında Sermaye Piyasası Aracı İşlemlerine İlişkin Bildirim (Faiz İçeren) Yurtdışında ilave ana sermayeye dahil edilebilir borçlanma aracı ihracı hk.,https://www.kap.org.tr/tr/Bildirim/1609207,tr,2026-05-20T18:47:45+00:00
2026-05-20,YKB,KAP,YAPI VE KREDİ BANKASI A.Ş. - Pay Dışında Sermaye Piyasası Aracı İşlemlerine İlişkin Bildirim (Faiz İçeren),Pay Dışında Sermaye Piyasası Aracı İşlemlerine İlişkin Bildirim (Faiz İçeren) Yurtdışında ihraç edilen borçlanma aracının itfası,https://www.kap.org.tr/tr/Bildirim/1608914,tr,2026-05-20T12:32:06+00:00
2026-05-20,YKB,KAP,YAPI VE KREDİ BANKASI A.Ş. - Pay Dışında Sermaye Piyasası Aracı İşlemlerine İlişkin Bildirim (Faiz İçeren),Pay Dışında Sermaye Piyasası Aracı İşlemlerine İlişkin Bildirim (Faiz İçeren) Yurtdışında ihraç edilen borçlanma aracının itfası,https://www.kap.org.tr/tr/Bildirim/1608913,tr,2026-05-20T12:31:51+00:00
2026-05-20,YKBNK,KAP,YAPI VE KREDİ BANKASI A.Ş. - Ortaklık Aleyhine Dava Açılması veya Davaya İlişkin Gelişmeler,Ortaklık Aleyhine Dava Açılması veya Davaya İlişkin Gelişmeler Genel Kurul kararı aleyhine açılan davaya ilişkin istinaf başvurusu,https://www.kap.org.tr/tr/Bildirim/1609238,tr,2026-05-20T19:32:13+00:00
2026-05-20,YKBNK,KAP,YAPI VE KREDİ BANKASI A.Ş. - Pay Dışında Sermaye Piyasası Aracı İşlemlerine İlişkin Bildirim (Faiz İçeren),Pay Dışında Sermaye Piyasası Aracı İşlemlerine İlişkin Bildirim (Faiz İçeren) Yurtdışında ilave ana sermayeye dahil edilebilir borçlanma aracı ihracı hk.,https://www.kap.org.tr/tr/Bildirim/1609207,tr,2026-05-20T18:47:45+00:00
2026-05-20,YKBNK,KAP,YAPI VE KREDİ BANKASI A.Ş. - Pay Dışında Sermaye Piyasası Aracı İşlemlerine İlişkin Bildirim (Faiz İçeren),Pay Dışında Sermaye Piyasası Aracı İşlemlerine İlişkin Bildirim (Faiz İçeren) Yurtdışında ihraç edilen borçlanma aracının itfası,https://www.kap.org.tr/tr/Bildirim/1608914,tr,2026-05-20T12:32:06+00:00
2026-05-20,YKBNK,KAP,YAPI VE KREDİ BANKASI A.Ş. - Pay Dışında Sermaye Piyasası Aracı İşlemlerine İlişkin Bildirim (Faiz İçeren),Pay Dışında Sermaye Piyasası Aracı İşlemlerine İlişkin Bildirim (Faiz İçeren) Yurtdışında ihraç edilen borçlanma aracının itfası,https://www.kap.org.tr/tr/Bildirim/1608913,tr,2026-05-20T12:31:51+00:00
2026-05-20,YONGA,KAP,YONGA MOBİLYA SANAYİ VE TİCARET A.Ş. - Şirket Genel Bilgi Formu,Şirket Genel Bilgi Formu,https://www.kap.org.tr/tr/Bildirim/1609244,tr,2026-05-20T19:53:23+00:00
2026-05-20,ZERGY,KAP,ZERAY GAYRİMENKUL YATIRIM ORTAKLIĞI A.Ş. - Özel Durum Açıklaması (Genel),Özel Durum Açıklaması (Genel) Kocaeli İzmit Çayırköy Taşınmaz Hisse Edinimi Hk.,https://www.kap.org.tr/tr/Bildirim/1608985,tr,2026-05-20T15:24:25+00:00
2026-05-20,ZOREN,KAP,ZORLU ENERJİ ELEKTRİK ÜRETİM A.Ş. - Kurumsal Yönetim Bilgi Formu (Güncelleme) - Yönetim Kurulu-2,Kurumsal Yönetim Bilgi Formu (Güncelleme) - Yönetim Kurulu-2 Güncelleme,https://www.kap.org.tr/tr/Bildirim/1609250,tr,2026-05-20T20:04:58+00:00
2026-05-20,ZOREN,KAP,ZORLU ENERJİ ELEKTRİK ÜRETİM A.Ş. - Kurumsal Yönetim Bilgi Formu (Güncelleme) - Yönetim Kurulu-1,Kurumsal Yönetim Bilgi Formu (Güncelleme) - Yönetim Kurulu-1 Güncelleme,https://www.kap.org.tr/tr/Bildirim/1609249,tr,2026-05-20T20:04:25+00:00
2026-05-20,ZOREN,KAP,ZORLU ENERJİ ELEKTRİK ÜRETİM A.Ş. - Şirket Genel Bilgi Formu,Şirket Genel Bilgi Formu,https://www.kap.org.tr/tr/Bildirim/1609248,tr,2026-05-20T20:04:11+00:00
2026-05-20,ZOREN,KAP,ZORLU ENERJİ ELEKTRİK ÜRETİM A.Ş. - Yönetim Kurulu Komiteleri,Yönetim Kurulu Komiteleri Yönetim Kurulu Komite Üyelerinin Belirlenmesi,https://www.kap.org.tr/tr/Bildirim/1609247,tr,2026-05-20T20:03:57+00:00
2026-05-20,ZOREN,KAP,ZORLU ENERJİ ELEKTRİK ÜRETİM A.Ş. - Özel Durum Açıklaması (Genel),Özel Durum Açıklaması (Genel) Yönetim Kurulu Görev Dağılımı,https://www.kap.org.tr/tr/Bildirim/1609246,tr,2026-05-20T20:03:42+00:00
2026-05-21,A1CAP,KAP,A1 CAPİTAL YATIRIM MENKUL DEĞERLER A.Ş. - Kurumsal Yönetim Bilgi Formu (Güncelleme) - Yönetim Kurulu-2,Kurumsal Yönetim Bilgi Formu (Güncelleme) - Yönetim Kurulu-2 Yönetim Kurulu Komiteleri Hk.,https://www.kap.org.tr/tr/Bildirim/1610034,tr,2026-05-21T18:11:08+00:00
2026-05-21,A1CAP,KAP,A1 CAPİTAL YATIRIM MENKUL DEĞERLER A.Ş. - Şirket Genel Bilgi Formu,Şirket Genel Bilgi Formu,https://www.kap.org.tr/tr/Bildirim/1610031,tr,2026-05-21T18:10:47+00:00
2026-05-21,A1CAP,KAP,A1 CAPİTAL YATIRIM MENKUL DEĞERLER A.Ş. - Yönetim Kurulu Komiteleri,Yönetim Kurulu Komiteleri Yönetim Kurulu Komite Üyesinin Seçimi Hk.,https://www.kap.org.tr/tr/Bildirim/1610029,tr,2026-05-21T18:10:39+00:00
2026-05-21,A1CAP,KAP,A1 CAPİTAL YATIRIM MENKUL DEĞERLER A.Ş. - Özel Durum Açıklaması (Genel),Özel Durum Açıklaması (Genel) Yönetim Kurulu Bağımsız Üye Adayına İlişkin SPK Başvuru Sonucu,https://www.kap.org.tr/tr/Bildirim/1610028,tr,2026-05-21T18:10:31+00:00
2026-05-21,A1CAP,KAP,A1 CAPİTAL YATIRIM MENKUL DEĞERLER A.Ş. - Kayıtlı Sermaye Tavanı İşlemlerine İlişkin Bildirim,Kayıtlı Sermaye Tavanı İşlemlerine İlişkin Bildirim Kayıtlı Sermaye Tavanı Artırımı ve Süre Uzatımı Hk.,https://www.kap.org.tr/tr/Bildirim/1610026,tr,2026-05-21T18:10:23+00:00
2026-05-21,A1CAP,KAP,A1 CAPİTAL YATIRIM MENKUL DEĞERLER A.Ş. - Fiyat Tespit Raporuna İlişkin Analist Raporu (Halka Arza Aracılık Eden Kuruluş Tarafından Hazırlanan),Fiyat Tespit Raporuna İlişkin Analist Raporu (Halka Arza Aracılık Eden Kuruluş Tarafından Hazırlanan) VAKFA Halka Arz Fiyat Tespit Raporuna İlişkin 1. Değerlendirme Raporu VAKFA,https://www.kap.org.tr/tr/Bildirim/1609301,tr,2026-05-21T09:24:52+00:00
2026-05-21,ACP,KAP,A1 CAPİTAL YATIRIM MENKUL DEĞERLER A.Ş. - Kurumsal Yönetim Bilgi Formu (Güncelleme) - Yönetim Kurulu-2,Kurumsal Yönetim Bilgi Formu (Güncelleme) - Yönetim Kurulu-2 Yönetim Kurulu Komiteleri Hk.,https://www.kap.org.tr/tr/Bildirim/1610034,tr,2026-05-21T18:11:08+00:00
2026-05-21,ACP,KAP,A1 CAPİTAL YATIRIM MENKUL DEĞERLER A.Ş. - Şirket Genel Bilgi Formu,Şirket Genel Bilgi Formu,https://www.kap.org.tr/tr/Bildirim/1610031,tr,2026-05-21T18:10:47+00:00
2026-05-21,ACP,KAP,A1 CAPİTAL YATIRIM MENKUL DEĞERLER A.Ş. - Yönetim Kurulu Komiteleri,Yönetim Kurulu Komiteleri Yönetim Kurulu Komite Üyesinin Seçimi Hk.,https://www.kap.org.tr/tr/Bildirim/1610029,tr,2026-05-21T18:10:39+00:00
2026-05-21,ACP,KAP,A1 CAPİTAL YATIRIM MENKUL DEĞERLER A.Ş. - Özel Durum Açıklaması (Genel),Özel Durum Açıklaması (Genel) Yönetim Kurulu Bağımsız Üye Adayına İlişkin SPK Başvuru Sonucu,https://www.kap.org.tr/tr/Bildirim/1610028,tr,2026-05-21T18:10:31+00:00
2026-05-21,ACP,KAP,A1 CAPİTAL YATIRIM MENKUL DEĞERLER A.Ş. - Kayıtlı Sermaye Tavanı İşlemlerine İlişkin Bildirim,Kayıtlı Sermaye Tavanı İşlemlerine İlişkin Bildirim Kayıtlı Sermaye Tavanı Artırımı ve Süre Uzatımı Hk.,https://www.kap.org.tr/tr/Bildirim/1610026,tr,2026-05-21T18:10:23+00:00
2026-05-21,ACP,KAP,A1 CAPİTAL YATIRIM MENKUL DEĞERLER A.Ş. - Fiyat Tespit Raporuna İlişkin Analist Raporu (Halka Arza Aracılık Eden Kuruluş Tarafından Hazırlanan),Fiyat Tespit Raporuna İlişkin Analist Raporu (Halka Arza Aracılık Eden Kuruluş Tarafından Hazırlanan) VAKFA Halka Arz Fiyat Tespit Raporuna İlişkin 1. Değerlendirme Raporu VAKFA,https://www.kap.org.tr/tr/Bildirim/1609301,tr,2026-05-21T09:24:52+00:00
2026-05-21,ADEL,KAP,ADEL KALEMCİLİK TİCARET VE SANAYİ A.Ş. - Pay Dışında Sermaye Piyasası Aracı İşlemlerine İlişkin Bildirim (Faiz İçeren),Pay Dışında Sermaye Piyasası Aracı İşlemlerine İlişkin Bildirim (Faiz İçeren) TRFADEL22714 ISIN Kodlu Finansman Bonosunun 1.Kupon Faiz Oranının Belirlenmesi,https://www.kap.org.tr/tr/Bildirim/1610050,tr,2026-05-21T18:16:39+00:00
2026-05-21,AFB,KAP,AKTİF YATIRIM BANKASI A.Ş. - Pay Dışında Sermaye Piyasası Aracı İşlemlerine İlişkin Bildirim (Faiz İçeren),Pay Dışında Sermaye Piyasası Aracı İşlemlerine İlişkin Bildirim (Faiz İçeren) Kupon Ödemesi,https://www.kap.org.tr/tr/Bildirim/1609409,tr,2026-05-21T12:21:54+00:00
2026-05-21,AHGAZ,KAP,AHLATCI DOĞAL GAZ DAĞITIM ENERJİ VE YATIRIM A.Ş. - Genel Kurul İşlemlerine İlişkin Bildirim,Genel Kurul İşlemlerine İlişkin Bildirim 2025 Yılı Olağan Genel Kurul Toplantısı Hk.,https://www.kap.org.tr/tr/Bildirim/1610170,tr,2026-05-21T20:06:03+00:00
2026-05-21,AHGAZ,KAP,AHLATCI DOĞAL GAZ DAĞITIM ENERJİ VE YATIRIM A.Ş. - Kar Payı Dağıtım İşlemlerine İlişkin Bildirim,Kar Payı Dağıtım İşlemlerine İlişkin Bildirim Kar Payı Dağıtım İşlemlerine İlişkin Bildirim,https://www.kap.org.tr/tr/Bildirim/1610169,tr,2026-05-21T20:05:54+00:00
2026-05-21,AHGAZ,KAP,AHLATCI DOĞAL GAZ DAĞITIM ENERJİ VE YATIRIM A.Ş. - Payların Geri Alınmasına İlişkin Bildirim,Payların Geri Alınmasına İlişkin Bildirim 21.05.2026 Tarihli Pay Geri Alım İşlemleri,https://www.kap.org.tr/tr/Bildirim/1610068,tr,2026-05-21T18:31:51+00:00
2026-05-21,AKBNK,KAP,AKBANK T.A.Ş. - Şirket Genel Bilgi Formu,Şirket Genel Bilgi Formu,https://www.kap.org.tr/tr/Bildirim/1609574,tr,2026-05-21T16:49:19+00:00
2026-05-21,AKBNK,KAP,AKBANK T.A.Ş. - Pay Dışında Sermaye Piyasası Aracı İşlemlerine İlişkin Bildirim (Faiz İçeren),Pay Dışında Sermaye Piyasası Aracı İşlemlerine İlişkin Bildirim (Faiz İçeren) Yurtdışı Piyasalara Tahvil İhracı,https://www.kap.org.tr/tr/Bildirim/1609545,tr,2026-05-21T16:26:45+00:00
2026-05-21,AKBNK,KAP,AKBANK T.A.Ş. - Pay Dışında Sermaye Piyasası Aracı İşlemlerine İlişkin Bildirim (Faiz İçeren),Pay Dışında Sermaye Piyasası Aracı İşlemlerine İlişkin Bildirim (Faiz İçeren) Yurtdışı Piyasalara Tahvil İhracı,https://www.kap.org.tr/tr/Bildirim/1609541,tr,2026-05-21T16:26:30+00:00
2026-05-21,AKENR,KAP,AKENERJİ ELEKTRİK ÜRETİM A.Ş. - Özel Durum Açıklaması (Genel),Özel Durum Açıklaması (Genel) Erzin Doğalgaz Kombine Çevrim Santrali'ne ilişkin kamu açıklamasıdır,https://www.kap.org.tr/tr/Bildirim/1609571,tr,2026-05-21T16:48:35+00:00
2026-05-21,AKM,KAP,AK YATIRIM MENKUL DEĞERLER A.Ş. - Pay Dışında Sermaye Piyasası Aracı İşlemlerine İlişkin Bildirim (Faiz İçeren),Pay Dışında Sermaye Piyasası Aracı İşlemlerine İlişkin Bildirim (Faiz İçeren) 21.05.2026 Vadeli Borçlanma Aracının İtfası,https://www.kap.org.tr/tr/Bildirim/1609323,tr,2026-05-21T10:09:47+00:00
2026-05-21,AKM,KAP,AK YATIRIM MENKUL DEĞERLER A.Ş. - Pay Dışında Sermaye Piyasası Aracı İşlemlerine İlişkin Bildirim (Faiz İçeren),Pay Dışında Sermaye Piyasası Aracı İşlemlerine İlişkin Bildirim (Faiz İçeren) 21.05.2026 Vadeli Borçlanma Aracının İtfası,https://www.kap.org.tr/tr/Bildirim/1609322,tr,2026-05-21T10:09:33+00:00
2026-05-21,AKM,KAP,AK YATIRIM MENKUL DEĞERLER A.Ş. - Pay Dışında Sermaye Piyasası Aracı İşlemlerine İlişkin Bildirim (Faiz İçeren),Pay Dışında Sermaye Piyasası Aracı İşlemlerine İlişkin Bildirim (Faiz İçeren) 21.05.2026 Vadeli Borçlanma Aracının İtfası,https://www.kap.org.tr/tr/Bildirim/1609321,tr,2026-05-21T10:09:24+00:00
2026-05-21,AKM,KAP,AK YATIRIM MENKUL DEĞERLER A.Ş. - Pay Dışında Sermaye Piyasası Aracı İşlemlerine İlişkin Bildirim (Faiz İçeren),Pay Dışında Sermaye Piyasası Aracı İşlemlerine İlişkin Bildirim (Faiz İçeren) 21.05.2026 Vadeli Borçlanma Aracının İtfası,https://www.kap.org.tr/tr/Bildirim/1609320,tr,2026-05-21T10:09:13+00:00
2026-05-21,AKM,KAP,AK YATIRIM MENKUL DEĞERLER A.Ş. - Pay Dışında Sermaye Piyasası Aracı İşlemlerine İlişkin Bildirim (Faiz İçeren),Pay Dışında Sermaye Piyasası Aracı İşlemlerine İlişkin Bildirim (Faiz İçeren) 21.05.2026 Vadeli Borçlanma Aracının İtfası,https://www.kap.org.tr/tr/Bildirim/1609319,tr,2026-05-21T10:09:04+00:00
2026-05-21,AKM,KAP,AK YATIRIM MENKUL DEĞERLER A.Ş. - Pay Dışında Sermaye Piyasası Aracı İşlemlerine İlişkin Bildirim (Faiz İçeren),Pay Dışında Sermaye Piyasası Aracı İşlemlerine İlişkin Bildirim (Faiz İçeren) Nitelikli Yatırımcıya Borçlanma Aracı İhracı,https://www.kap.org.tr/tr/Bildirim/1609317,tr,2026-05-21T10:08:55+00:00
2026-05-21,AKM,KAP,AK YATIRIM MENKUL DEĞERLER A.Ş. - Piyasa Yapıcılığı Kapsamında Gerçekleştirilen İşlemler Bildirimi,"Piyasa Yapıcılığı Kapsamında Gerçekleştirilen İşlemler Bildirimi 11.05.2026 - 15.05.2026 Tarih Aralığında Gerçekleşen Borsa Yatırım Fonları Piyasa Yapıcı İşlemleri APBDL, APGLD, APMDL, APX30",https://www.kap.org.tr/tr/Bildirim/1609315,tr,2026-05-21T10:08:46+00:00
2026-05-21,AKMEN,KAP,AK YATIRIM MENKUL DEĞERLER A.Ş. - Pay Dışında Sermaye Piyasası Aracı İşlemlerine İlişkin Bildirim (Faiz İçeren),Pay Dışında Sermaye Piyasası Aracı İşlemlerine İlişkin Bildirim (Faiz İçeren) 21.05.2026 Vadeli Borçlanma Aracının İtfası,https://www.kap.org.tr/tr/Bildirim/1609323,tr,2026-05-21T10:09:47+00:00
2026-05-21,AKMEN,KAP,AK YATIRIM MENKUL DEĞERLER A.Ş. - Pay Dışında Sermaye Piyasası Aracı İşlemlerine İlişkin Bildirim (Faiz İçeren),Pay Dışında Sermaye Piyasası Aracı İşlemlerine İlişkin Bildirim (Faiz İçeren) 21.05.2026 Vadeli Borçlanma Aracının İtfası,https://www.kap.org.tr/tr/Bildirim/1609322,tr,2026-05-21T10:09:33+00:00
2026-05-21,AKMEN,KAP,AK YATIRIM MENKUL DEĞERLER A.Ş. - Pay Dışında Sermaye Piyasası Aracı İşlemlerine İlişkin Bildirim (Faiz İçeren),Pay Dışında Sermaye Piyasası Aracı İşlemlerine İlişkin Bildirim (Faiz İçeren) 21.05.2026 Vadeli Borçlanma Aracının İtfası,https://www.kap.org.tr/tr/Bildirim/1609321,tr,2026-05-21T10:09:24+00:00
2026-05-21,AKMEN,KAP,AK YATIRIM MENKUL DEĞERLER A.Ş. - Pay Dışında Sermaye Piyasası Aracı İşlemlerine İlişkin Bildirim (Faiz İçeren),Pay Dışında Sermaye Piyasası Aracı İşlemlerine İlişkin Bildirim (Faiz İçeren) 21.05.2026 Vadeli Borçlanma Aracının İtfası,https://www.kap.org.tr/tr/Bildirim/1609320,tr,2026-05-21T10:09:13+00:00
2026-05-21,AKMEN,KAP,AK YATIRIM MENKUL DEĞERLER A.Ş. - Pay Dışında Sermaye Piyasası Aracı İşlemlerine İlişkin Bildirim (Faiz İçeren),Pay Dışında Sermaye Piyasası Aracı İşlemlerine İlişkin Bildirim (Faiz İçeren) 21.05.2026 Vadeli Borçlanma Aracının İtfası,https://www.kap.org.tr/tr/Bildirim/1609319,tr,2026-05-21T10:09:04+00:00
2026-05-21,AKMEN,KAP,AK YATIRIM MENKUL DEĞERLER A.Ş. - Pay Dışında Sermaye Piyasası Aracı İşlemlerine İlişkin Bildirim (Faiz İçeren),Pay Dışında Sermaye Piyasası Aracı İşlemlerine İlişkin Bildirim (Faiz İçeren) Nitelikli Yatırımcıya Borçlanma Aracı İhracı,https://www.kap.org.tr/tr/Bildirim/1609317,tr,2026-05-21T10:08:55+00:00
2026-05-21,AKMEN,KAP,AK YATIRIM MENKUL DEĞERLER A.Ş. - Piyasa Yapıcılığı Kapsamında Gerçekleştirilen İşlemler Bildirimi,"Piyasa Yapıcılığı Kapsamında Gerçekleştirilen İşlemler Bildirimi 11.05.2026 - 15.05.2026 Tarih Aralığında Gerçekleşen Borsa Yatırım Fonları Piyasa Yapıcı İşlemleri APBDL, APGLD, APMDL, APX30",https://www.kap.org.tr/tr/Bildirim/1609315,tr,2026-05-21T10:08:46+00:00
2026-05-21,AKSA,KAP,AKSA AKRİLİK KİMYA SANAYİİ A.Ş. - Özel Durum Açıklaması (Genel),Özel Durum Açıklaması (Genel) Yönetici Sorumluluk Sigortası,https://www.kap.org.tr/tr/Bildirim/1610188,tr,2026-05-21T21:13:11+00:00
2026-05-21,AKSA,KAP,AKSA AKRİLİK KİMYA SANAYİİ A.Ş. - Şirket Genel Bilgi Formu,Şirket Genel Bilgi Formu,https://www.kap.org.tr/tr/Bildirim/1610187,tr,2026-05-21T21:12:51+00:00
2026-05-21,AKTIF,KAP,AKTİF YATIRIM BANKASI A.Ş. - Pay Dışında Sermaye Piyasası Aracı İşlemlerine İlişkin Bildirim (Faiz İçeren),Pay Dışında Sermaye Piyasası Aracı İşlemlerine İlişkin Bildirim (Faiz İçeren) Kupon Ödemesi,https://www.kap.org.tr/tr/Bildirim/1609409,tr,2026-05-21T12:21:54+00:00
2026-05-21,ALKLC,KAP,ALTINKILIÇ GIDA VE SÜT SANAYİ TİCARET A.Ş. - Pay Dışında Sermaye Piyasası Aracı İşlemlerine İlişkin Bildirim (Faiz İçeren),Pay Dışında Sermaye Piyasası Aracı İşlemlerine İlişkin Bildirim (Faiz İçeren) TRFALTK52615 ISIN Kodlu Finansman Bonosunun İtfası,https://www.kap.org.tr/tr/Bildirim/1609488,tr,2026-05-21T15:31:17+00:00
2026-05-21,ALKLC,KAP,ALTINKILIÇ GIDA VE SÜT SANAYİ TİCARET A.Ş. - Pay Dışında Sermaye Piyasası Aracı İşlemlerine İlişkin Bildirim (Faiz İçeren),Pay Dışında Sermaye Piyasası Aracı İşlemlerine İlişkin Bildirim (Faiz İçeren) Finansman Bonosu İhracı,https://www.kap.org.tr/tr/Bildirim/1609391,tr,2026-05-21T11:48:04+00:00
2026-05-21,ALVES,KAP,ALVES KABLO SANAYİ VE TİCARET A.Ş. - Sermaye Artırımından Elde Edilecek - Edilen Fonun Kullanımına İlişkin Rapor,Sermaye Artırımından Elde Edilecek - Edilen Fonun Kullanımına İlişkin Rapor Sermaye Artırımından Elde Edilecek - Edilen Fonun Kullanımına İlişkin Rapor,https://www.kap.org.tr/tr/Bildirim/1609453,tr,2026-05-21T14:20:25+00:00
2026-05-21,ARSAN,KAP,ARSAN HOLDİNG A.Ş. - Özel Durum Açıklaması (Genel),Özel Durum Açıklaması (Genel) Genel Kredi Sözleşmesi hakkında.,https://www.kap.org.tr/tr/Bildirim/1609542,tr,2026-05-21T16:26:31+00:00
2026-05-21,ARTMS,KAP,ARTEMİS HALI A.Ş. - Genel Kurul İşlemlerine İlişkin Bildirim,Genel Kurul İşlemlerine İlişkin Bildirim 2025 Yılı Olağan Genel Kurul Toplantısı Hakkında,https://www.kap.org.tr/tr/Bildirim/1610134,tr,2026-05-21T19:37:07+00:00
2026-05-21,ARTMS,KAP,ARTEMİS HALI A.Ş. - Kar Payı Dağıtım İşlemlerine İlişkin Bildirim,Kar Payı Dağıtım İşlemlerine İlişkin Bildirim 2025 Yılı Kar Payı Dağıtım İşlemleri Hakkında,https://www.kap.org.tr/tr/Bildirim/1610128,tr,2026-05-21T19:34:53+00:00
2026-05-21,ASELS,KAP,ASELSAN ELEKTRONİK SANAYİ VE TİCARET A.Ş. - Yeni İş İlişkisi,Yeni İş İlişkisi Sözleşme İmzalanması,https://www.kap.org.tr/tr/Bildirim/1609287,tr,2026-05-21T09:17:15+00:00
2026-05-21,ATAVK,KAP,ATA VARLIK KİRALAMA A.Ş. - Pay Dışında Sermaye Piyasası Aracı İşlemlerine İlişkin Bildirim (Faizsiz),Pay Dışında Sermaye Piyasası Aracı İşlemlerine İlişkin Bildirim (Faizsiz) TRDATAV52628 ISIN Kodlu Kira Sertifikası İhracının Kupon Oranının Belirlenmesi Hk. FKPET,https://www.kap.org.tr/tr/Bildirim/1609580,tr,2026-05-21T16:55:36+00:00
2026-05-21,ATAVK,KAP,ATA VARLIK KİRALAMA A.Ş. - Pay Dışında Sermaye Piyasası Aracı İşlemlerine İlişkin Bildirim (Faizsiz),Pay Dışında Sermaye Piyasası Aracı İşlemlerine İlişkin Bildirim (Faizsiz) TRDATAVK2611 ISIN Kodlu Yurtiçi Kira sertifikası İhracının Satışının Tamamlanması Hk. FKPET,https://www.kap.org.tr/tr/Bildirim/1609276,tr,2026-05-21T09:04:00+00:00
2026-05-21,AYES,KAP,AYES ÇELİK HASIR VE ÇİT SANAYİ A.Ş. - Sermaye Artırımı - Azaltımı İşlemlerine İlişkin Bildirim,Sermaye Artırımı - Azaltımı İşlemlerine İlişkin Bildirim Kar Payından Karşılanmak Üzere Bedelsiz Sermaye Artırımının Sermaye Piyasası Kuruluna Başvurusu Hakkında,https://www.kap.org.tr/tr/Bildirim/1610064,tr,2026-05-21T18:26:16+00:00
2026-05-21,BAYRK,KAP,BAYRAK EBT TABAN SANAYİ VE TİCARET A.Ş. - İlişkili Taraf İşlemleri,İlişkili Taraf İşlemleri 2026 Yılında Yapılması Öngörülen İlişkili Taraf İşlemleri Raporu Sonuç Bölümü,https://www.kap.org.tr/tr/Bildirim/1610186,tr,2026-05-21T20:38:21+00:00
2026-05-21,BIENY,KAP,BİEN YAPI ÜRÜNLERİ SANAYİ TURİZM VE TİCARET A.Ş. - Pay Dışında Sermaye Piyasası Aracı İşlemlerine İlişkin Bildirim (Faiz İçeren),Pay Dışında Sermaye Piyasası Aracı İşlemlerine İlişkin Bildirim (Faiz İçeren) TRFBNYP52725 ISIN Kodlu 100.000.000 TL Nominal tutarlı 360 gün vadeli bono İhracı satışının tamamlanması,https://www.kap.org.tr/tr/Bildirim/1610100,tr,2026-05-21T19:10:33+00:00
2026-05-21,BIGEN,KAP,BİRLEŞİM GRUP ENERJİ YATIRIMLARI A.Ş. - Özel Durum Açıklaması (Genel),Özel Durum Açıklaması (Genel) Yatırımcı Sunumu,https://www.kap.org.tr/tr/Bildirim/1610032,tr,2026-05-21T18:10:54+00:00
2026-05-21,BIZIM,KAP,BİZİM TOPTAN SATIŞ MAĞAZALARI A.Ş. - Şirket Genel Bilgi Formu,Şirket Genel Bilgi Formu,https://www.kap.org.tr/tr/Bildirim/1610160,tr,2026-05-21T20:02:38+00:00
2026-05-21,BIZIM,KAP,BİZİM TOPTAN SATIŞ MAĞAZALARI A.Ş. - Yönetim Kurulu Komiteleri,Yönetim Kurulu Komiteleri Yönetim Kurulu Komiteleri Hk,https://www.kap.org.tr/tr/Bildirim/1610088,tr,2026-05-21T18:47:09+00:00
2026-05-21,BIZIM,KAP,BİZİM TOPTAN SATIŞ MAĞAZALARI A.Ş. - Özel Durum Açıklaması (Genel),Özel Durum Açıklaması (Genel) Yönetim Kurulu Üyelerinin Görev Dağılımı Hk,https://www.kap.org.tr/tr/Bildirim/1610087,tr,2026-05-21T18:45:21+00:00
2026-05-21,BIZIM,KAP,BİZİM TOPTAN SATIŞ MAĞAZALARI A.Ş. - Bağımsız Denetim Kuruluşunun Belirlenmesi,Bağımsız Denetim Kuruluşunun Belirlenmesi Bağımsız Denetim Kuruluşunun Belirlenmesi,https://www.kap.org.tr/tr/Bildirim/1610085,tr,2026-05-21T18:44:42+00:00
2026-05-21,BIZIM,KAP,BİZİM TOPTAN SATIŞ MAĞAZALARI A.Ş. - Kar Payı Dağıtım İşlemlerine İlişkin Bildirim,Kar Payı Dağıtım İşlemlerine İlişkin Bildirim 2025 Olağan Genel Kurul Toplantısı Kar Dağıtım Sonucu,https://www.kap.org.tr/tr/Bildirim/1610084,tr,2026-05-21T18:44:18+00:00
2026-05-21,BIZIM,KAP,BİZİM TOPTAN SATIŞ MAĞAZALARI A.Ş. - Genel Kurul İşlemlerine İlişkin Bildirim,Genel Kurul İşlemlerine İlişkin Bildirim 2025 Yılı Olağan Genel Kurul Toplantısı Sonuç Bildirimi,https://www.kap.org.tr/tr/Bildirim/1610081,tr,2026-05-21T18:41:11+00:00
2026-05-21,BLS,KAP,BULLS YATIRIM MENKUL DEĞERLER A.Ş. - Pay Alım Teklifi Bilgi Formu,Pay Alım Teklifi Bilgi Formu Özerden Ambalaj Sanayi A.Ş. Paylarına Yönelik Zorunlu Pay Alım Teklifi OZRDN,https://www.kap.org.tr/tr/Bildirim/1610018,tr,2026-05-21T18:03:24+00:00
2026-05-21,BLSMD,KAP,BULLS YATIRIM MENKUL DEĞERLER A.Ş. - Pay Alım Teklifi Bilgi Formu,Pay Alım Teklifi Bilgi Formu Özerden Ambalaj Sanayi A.Ş. Paylarına Yönelik Zorunlu Pay Alım Teklifi OZRDN,https://www.kap.org.tr/tr/Bildirim/1610018,tr,2026-05-21T18:03:24+00:00
2026-05-21,BRISA,KAP,BRİSA BRİDGESTONE SABANCI LASTİK SANAYİ VE TİCARET A.Ş. - Özel Durum Açıklaması (Genel),Özel Durum Açıklaması (Genel) Toplu İş Sözleşmesi Görüşmeleri Sonucu,https://www.kap.org.tr/tr/Bildirim/1609573,tr,2026-05-21T16:49:19+00:00
2026-05-21,BVSAN,KAP,BÜLBÜLOĞLU VİNÇ SANAYİ VE TİCARET A.Ş. - Kayıtlı Sermaye Tavanı İşlemlerine İlişkin Bildirim,Kayıtlı Sermaye Tavanı İşlemlerine İlişkin Bildirim Kayıtlı Sermaye Sistemi Süre Uzatımı ve Tavan Artırımı Başvurusu Hk.,https://www.kap.org.tr/tr/Bildirim/1609330,tr,2026-05-21T10:21:13+00:00
2026-05-21,BYDNR,KAP,BAYDÖNER RESTORANLARI A.Ş. - Pay Satış Bilgi Formu,Pay Satış Bilgi Formu Pay Satış Bilgi Formu,https://www.kap.org.tr/tr/Bildirim/1610039,tr,2026-05-21T18:12:01+00:00
2026-05-21,BYDNR,KAP,BAYDÖNER RESTORANLARI A.Ş. - Kurumsal Yönetim Bilgi Formu (Güncelleme) - Yönetim Kurulu-2,Kurumsal Yönetim Bilgi Formu (Güncelleme) - Yönetim Kurulu-2 Komiteler Hakkında,https://www.kap.org.tr/tr/Bildirim/1610037,tr,2026-05-21T18:11:44+00:00
2026-05-21,CANTE,KAP,ÇAN2 TERMİK A.Ş. - Özel Durum Açıklaması (Genel),Özel Durum Açıklaması (Genel) 13.01.2023 Tarihli EPDK Yazısına Yönelik Mahkeme Kararı Hk.,https://www.kap.org.tr/tr/Bildirim/1609407,tr,2026-05-21T12:14:49+00:00
2026-05-21,CASA,KAP,CASA EMTİA PETROL KİMYEVİ VE TÜREVLERİ SANAYİ VE TİCARET A.Ş. - Sorumluluk Beyanı (Konsolide Olmayan),Sorumluluk Beyanı (Konsolide Olmayan) 2026 1nci çeyrek sorumluluk beyanı,https://www.kap.org.tr/tr/Bildirim/1610074,tr,2026-05-21T18:35:21+00:00
2026-05-21,CASA,KAP,CASA EMTİA PETROL KİMYEVİ VE TÜREVLERİ SANAYİ VE TİCARET A.Ş. - Faaliyet Raporu (Konsolide Olmayan),Faaliyet Raporu (Konsolide Olmayan) 2026 1NCİ ÇEYREK FAALİYET RAPORU,https://www.kap.org.tr/tr/Bildirim/1610073,tr,2026-05-21T18:35:12+00:00
2026-05-21,CASA,KAP,CASA EMTİA PETROL KİMYEVİ VE TÜREVLERİ SANAYİ VE TİCARET A.Ş. - Finansal Rapor,Finansal Rapor,https://www.kap.org.tr/tr/Bildirim/1610072,tr,2026-05-21T18:35:00+00:00
2026-05-21,CCOLA,KAP,COCA-COLA İÇECEK A.Ş. - Pay Dışında Sermaye Piyasası Aracı İşlemlerine İlişkin Bildirim (Faiz İçeren),Pay Dışında Sermaye Piyasası Aracı İşlemlerine İlişkin Bildirim (Faiz İçeren) Borçlanma Aracı Kupon Ödemesi ve İtfası,https://www.kap.org.tr/tr/Bildirim/1609432,tr,2026-05-21T13:39:09+00:00
2026-05-21,CCOLA,KAP,COCA-COLA İÇECEK A.Ş. - Pay Dışında Sermaye Piyasası Aracı İşlemlerine İlişkin Bildirim (Faiz İçeren),Pay Dışında Sermaye Piyasası Aracı İşlemlerine İlişkin Bildirim (Faiz İçeren) TRFCOLA52613 ISIN Kodlu Tahvilin 4. Kupon Faiz Oranının Belirlenmesi,https://www.kap.org.tr/tr/Bildirim/1609269,tr,2026-05-21T07:49:41+00:00
2026-05-21,CEMAS,KAP,ÇEMAŞ DÖKÜM SANAYİ A.Ş. - Genel Kurul İşlemlerine İlişkin Bildirim,Genel Kurul İşlemlerine İlişkin Bildirim 2025 Yılı Olağan Genel Kurul Toplantısı Sonucu,https://www.kap.org.tr/tr/Bildirim/1609433,tr,2026-05-21T13:39:29+00:00
2026-05-21,CGCAM,KAP,ÇAĞDAŞ CAM SANAYİ VE TİCARET A.Ş. - Kredi Derecelendirmesi,Kredi Derecelendirmesi Kredi Derecelendirme Bildirimi,https://www.kap.org.tr/tr/Bildirim/1610124,tr,2026-05-21T19:29:50+00:00
2026-05-21,CRDFA,KAP,CREDITWEST FAKTORİNG A.Ş. - Pay Dışında Sermaye Piyasası Aracı İşlemlerine İlişkin Bildirim (Faiz İçeren),Pay Dışında Sermaye Piyasası Aracı İşlemlerine İlişkin Bildirim (Faiz İçeren) TRFTPFC82627 ISIN Kodlu Finasman Bonosu Kupon Ödemesi,https://www.kap.org.tr/tr/Bildirim/1609306,tr,2026-05-21T09:55:05+00:00
2026-05-21,CWENE,KAP,CW ENERJİ MÜHENDİSLİK TİCARET VE SANAYİ A.Ş. - Özel Durum Açıklaması (Genel),Özel Durum Açıklaması (Genel) CW Plus Bayilik Açılışı Hk.,https://www.kap.org.tr/tr/Bildirim/1610099,tr,2026-05-21T19:05:47+00:00
2026-05-21,DENVA,KAP,DENGE VARLIK YÖNETİM A.Ş. - Pay Dışında Sermaye Piyasası Aracı İşlemlerine İlişkin Bildirim (Faiz İçeren),"Pay Dışında Sermaye Piyasası Aracı İşlemlerine İlişkin Bildirim (Faiz İçeren) ""TRFDNGV22711"" ISIN kodlu bononun kupon oranı",https://www.kap.org.tr/tr/Bildirim/1609606,tr,2026-05-21T17:09:29+00:00
2026-05-21,DEVA,KAP,DEVA HOLDİNG A.Ş. - Pay Dışında Sermaye Piyasası Aracı İşlemlerine İlişkin Bildirim (Faiz İçeren),Pay Dışında Sermaye Piyasası Aracı İşlemlerine İlişkin Bildirim (Faiz İçeren) Kupon ödemesi,https://www.kap.org.tr/tr/Bildirim/1609548,tr,2026-05-21T16:31:44+00:00
2026-05-21,DGGYO,KAP,DOĞUŞ GAYRİMENKUL YATIRIM ORTAKLIĞI A.Ş. - Kurumsal Yönetim İlkelerine Uyum Derecelendirmesi,Kurumsal Yönetim İlkelerine Uyum Derecelendirmesi Kurumsal Yönetim Derecelendirme Notu,https://www.kap.org.tr/tr/Bildirim/1609339,tr,2026-05-21T10:33:17+00:00
2026-05-21,DGNMO,KAP,DOĞANLAR MOBİLYA GRUBU İMALAT SANAYİ VE TİCARET A.Ş. - Şirket Genel Bilgi Formu,Şirket Genel Bilgi Formu,https://www.kap.org.tr/tr/Bildirim/1609430,tr,2026-05-21T13:38:03+00:00
2026-05-21,DGNMO,KAP,DOĞANLAR MOBİLYA GRUBU İMALAT SANAYİ VE TİCARET A.Ş. - Kurumsal Yönetim Bilgi Formu (Güncelleme) - Yönetim Kurulu-2,Kurumsal Yönetim Bilgi Formu (Güncelleme) - Yönetim Kurulu-2 Kurumsal Yönetim Bilgi Formu (Güncelleme),https://www.kap.org.tr/tr/Bildirim/1609428,tr,2026-05-21T13:35:53+00:00
2026-05-21,DGNMO,KAP,DOĞANLAR MOBİLYA GRUBU İMALAT SANAYİ VE TİCARET A.Ş. - Yönetim Kurulu Komiteleri,Yönetim Kurulu Komiteleri Yönetim Kurulu Komitelerinin Yeniden Belirlenmesi,https://www.kap.org.tr/tr/Bildirim/1609427,tr,2026-05-21T13:35:23+00:00
2026-05-21,DOFRB,KAP,DOF ROBOTİK SANAYİ A.Ş. - Özel Durum Açıklaması (Genel),Özel Durum Açıklaması (Genel) Gayrimenkul alınmasına ilişkin Yönetim Kurulu Kararı Hk.,https://www.kap.org.tr/tr/Bildirim/1609489,tr,2026-05-21T15:34:36+00:00
2026-05-21,DOGVY,KAP,DOĞRU VARLIK YÖNETİM A.Ş. - Pay Dışında Sermaye Piyasası Aracı İşlemlerine İlişkin Bildirim (Faiz İçeren),Pay Dışında Sermaye Piyasası Aracı İşlemlerine İlişkin Bildirim (Faiz İçeren) TRFDGRVK2612 ISIN Kodlu Borçlanma Aracı İhracının Tamamlanması,https://www.kap.org.tr/tr/Bildirim/1609271,tr,2026-05-21T08:50:57+00:00
2026-05-21,ECILC,KAP,EİS ECZACIBAŞI İLAÇ SINAİ VE FİNANSAL YATIRIMLAR SANAYİ VE TİCARET A.Ş. - Özel Durum Açıklaması (Genel),"Özel Durum Açıklaması (Genel) İnsan Hakları, Toplumsal Cinsiyet ve Fırsat Eşitliği, Çevre ve İklim Değişikliği, Çevresel, Sosyal, Kurumsal Yönetim ile İş Sağlığı ve Güvenliği Politikası'nda revize yapılması",https://www.kap.org.tr/tr/Bildirim/1610127,tr,2026-05-21T19:30:08+00:00
2026-05-21,ECZYT,KAP,ECZACIBAŞI YATIRIM HOLDİNG ORTAKLIĞI A.Ş. - Özel Durum Açıklaması (Genel),"Özel Durum Açıklaması (Genel) İnsan Hakları, Toplumsal Cinsiyet ve Fırsat Eşitliği, Çevre ve İklim Değişikliği, Çevresel, Sosyal, Kurumsal Yönetim ile İş Sağlığı ve Güvenliği Politikası?nda revize yapılması",https://www.kap.org.tr/tr/Bildirim/1610135,tr,2026-05-21T19:39:56+00:00
2026-05-21,EKGYO,KAP,EMLAK KONUT GAYRİMENKUL YATIRIM ORTAKLIĞI A.Ş. - Özel Durum Açıklaması (Genel),Özel Durum Açıklaması (Genel) Yurt Dışı Sukuk İhracına İlişkin Talep Toplama Sürecinin Tamamlanması,https://www.kap.org.tr/tr/Bildirim/1610203,tr,2026-05-21T22:28:27+00:00
2026-05-21,EKGYO,KAP,EMLAK KONUT GAYRİMENKUL YATIRIM ORTAKLIĞI A.Ş. - Özel Durum Açıklaması (Genel),Özel Durum Açıklaması (Genel) Borçlanma Aracı İhracına İlişkin Sermaye Piyasası Kurulu Onayı,https://www.kap.org.tr/tr/Bildirim/1609590,tr,2026-05-21T17:02:39+00:00
2026-05-21,EKOFA,KAP,EKO FAKTORİNG A.Ş. - Pay Dışında Sermaye Piyasası Aracı İşlemlerine İlişkin Bildirim (Faiz İçeren),Pay Dışında Sermaye Piyasası Aracı İşlemlerine İlişkin Bildirim (Faiz İçeren) TRFEKOF22712 ISIN KODLU BONO 1.KUPON FAİZ BİLDİRİMİ,https://www.kap.org.tr/tr/Bildirim/1609895,tr,2026-05-21T17:36:55+00:00
2026-05-21,EMIRV,KAP,EMİR VARLIK YÖNETİM A.Ş. - Pay Dışında Sermaye Piyasası Aracı İşlemlerine İlişkin Bildirim (Faiz İçeren),Pay Dışında Sermaye Piyasası Aracı İşlemlerine İlişkin Bildirim (Faiz İçeren) TRFEMIR52613 ISIN Kodlu Finansman Bonosunun 4. Kupon Oranına İlişkin Açıklama,https://www.kap.org.tr/tr/Bildirim/1610004,tr,2026-05-21T17:48:23+00:00
2026-05-21,EMPAE,KAP,EMPA ELEKTRONİK SANAYİ VE TİCARET A.Ş. - Kar Payı Dağıtım İşlemlerine İlişkin Bildirim,Kar Payı Dağıtım İşlemlerine İlişkin Bildirim 2025 Yılı Kar Dağıtımına İlişkin Genel Kurul Toplantı Sonucu,https://www.kap.org.tr/tr/Bildirim/1609531,tr,2026-05-21T16:12:35+00:00
2026-05-21,EMPAE,KAP,EMPA ELEKTRONİK SANAYİ VE TİCARET A.Ş. - Genel Kurul İşlemlerine İlişkin Bildirim,Genel Kurul İşlemlerine İlişkin Bildirim Olağan Genel Kurul Toplantı Sonucu,https://www.kap.org.tr/tr/Bildirim/1609485,tr,2026-05-21T15:27:53+00:00
2026-05-21,EMVAR,KAP,EMLAK VARLIK KİRALAMA A.Ş. - Genel Kurul Bildirimi,Genel Kurul Bildirimi Emlak Varlık Kiralama A.Ş. 2025 Yılı Olağan Genel Kurul Kararları Tescili Hk.,https://www.kap.org.tr/tr/Bildirim/1610214,tr,2026-05-21T23:36:37+00:00
2026-05-21,EMVAR,KAP,EMLAK VARLIK KİRALAMA A.Ş. - Pay Dışında Sermaye Piyasası Aracı İşlemlerine İlişkin Bildirim (Faizsiz),Pay Dışında Sermaye Piyasası Aracı İşlemlerine İlişkin Bildirim (Faizsiz) Şirketimiz Tarafından İhraç Edilmiş Olan TRDEMVK52665 ISIN Kodlu Kira Sertifikasının İtfası Hk.,https://www.kap.org.tr/tr/Bildirim/1609610,tr,2026-05-21T17:11:41+00:00
2026-05-21,EMVAR,KAP,EMLAK VARLIK KİRALAMA A.Ş. - Pay Dışında Sermaye Piyasası Aracı İşlemlerine İlişkin Bildirim (Faizsiz),Pay Dışında Sermaye Piyasası Aracı İşlemlerine İlişkin Bildirim (Faizsiz) Şirketimiz Tarafından İhraç Edilmiş Olan TRDEMVK52673 ISIN Kodlu Kira Sertifikasının İtfası Hk.,https://www.kap.org.tr/tr/Bildirim/1609608,tr,2026-05-21T17:11:07+00:00
2026-05-21,EMVAR,KAP,EMLAK VARLIK KİRALAMA A.Ş. - Tertip İhraç Belgesi,Tertip İhraç Belgesi Tertip İhraç Belgeleri PLTUR,https://www.kap.org.tr/tr/Bildirim/1609607,tr,2026-05-21T17:09:57+00:00
2026-05-21,EMVAR,KAP,EMLAK VARLIK KİRALAMA A.Ş. - Pay Dışında Sermaye Piyasası Aracı İşlemlerine İlişkin Bildirim (Faizsiz),Pay Dışında Sermaye Piyasası Aracı İşlemlerine İlişkin Bildirim (Faizsiz) Şirketimiz Tarafından İhraç Edilmiş Olan TRDEMVK52681 ISIN Kodlu Kira Sertifikasının İtfası Hk.,https://www.kap.org.tr/tr/Bildirim/1609603,tr,2026-05-21T17:08:21+00:00
2026-05-21,EMVAR,KAP,EMLAK VARLIK KİRALAMA A.Ş. - İhraç Tavanına İlişkin Bildirim,İhraç Tavanına İlişkin Bildirim Düzeltme - Kira Sertifikası İhracına İlişkin Yönetim Kurulu Kararı Alınması Hk. ISFIN,https://www.kap.org.tr/tr/Bildirim/1609304,tr,2026-05-21T09:28:39+00:00
2026-05-21,EMVAR,KAP,EMLAK VARLIK KİRALAMA A.Ş. - Pay Dışında Sermaye Piyasası Aracı İşlemlerine İlişkin Bildirim (Faizsiz),Pay Dışında Sermaye Piyasası Aracı İşlemlerine İlişkin Bildirim (Faizsiz) TRDEMVK82639 ISIN Kodlu Kira Sertifikası İhracının Nitelikli Yatırımcıya Satışının Tamamlanması Hk.,https://www.kap.org.tr/tr/Bildirim/1609303,tr,2026-05-21T09:28:05+00:00
2026-05-21,EMVAR,KAP,EMLAK VARLIK KİRALAMA A.Ş. - Pay Dışında Sermaye Piyasası Aracı İşlemlerine İlişkin Bildirim (Faizsiz),Pay Dışında Sermaye Piyasası Aracı İşlemlerine İlişkin Bildirim (Faizsiz) TRDEMVK52731 ISIN Kodlu Kira Sertifikası İhracının Nitelikli Yatırımcıya Satışının Tamamlanması Hk.,https://www.kap.org.tr/tr/Bildirim/1609302,tr,2026-05-21T09:27:22+00:00
2026-05-21,EMVAR,KAP,EMLAK VARLIK KİRALAMA A.Ş. - Pay Dışında Sermaye Piyasası Aracı İşlemlerine İlişkin Bildirim (Faizsiz),Pay Dışında Sermaye Piyasası Aracı İşlemlerine İlişkin Bildirim (Faizsiz) TRDEMVK92679 ISIN Kodlu Kira Sertifikası İhracının Nitelikli Yatırımcıya Satışının Tamamlanması Hk. PLTUR,https://www.kap.org.tr/tr/Bildirim/1609286,tr,2026-05-21T09:16:09+00:00
2026-05-21,ENERY,KAP,ENERYA ENERJİ A.Ş. - Genel Kurul İşlemlerine İlişkin Bildirim,Genel Kurul İşlemlerine İlişkin Bildirim 2025 Yılı Olağan Genel Kurul Toplantısı Hk.,https://www.kap.org.tr/tr/Bildirim/1610172,tr,2026-05-21T20:06:16+00:00
2026-05-21,ENERY,KAP,ENERYA ENERJİ A.Ş. - Kar Payı Dağıtım İşlemlerine İlişkin Bildirim,Kar Payı Dağıtım İşlemlerine İlişkin Bildirim Kar Payı Dağıtım İşlemlerine İlişkin Bildirim,https://www.kap.org.tr/tr/Bildirim/1610171,tr,2026-05-21T20:06:08+00:00
2026-05-21,ENERY,KAP,ENERYA ENERJİ A.Ş. - Payların Geri Alınmasına İlişkin Bildirim,Payların Geri Alınmasına İlişkin Bildirim 21.05.2026 Tarihli Pay Geri Alım İşlemleri,https://www.kap.org.tr/tr/Bildirim/1610067,tr,2026-05-21T18:31:34+00:00
2026-05-21,ERCB,KAP,ERCİYAS ÇELİK BORU SANAYİ A.Ş. - Genel Kurul İşlemlerine İlişkin Bildirim,Genel Kurul İşlemlerine İlişkin Bildirim GENEL KURUL TOPLANTI SONUCU,https://www.kap.org.tr/tr/Bildirim/1610200,tr,2026-05-21T22:09:16+00:00
2026-05-21,ERCB,KAP,ERCİYAS ÇELİK BORU SANAYİ A.Ş. - Esas Sözleşme Tadili,Esas Sözleşme Tadili Esas Sözleşme Tadilinin Genel kurulda Onaylanması Hk.,https://www.kap.org.tr/tr/Bildirim/1610195,tr,2026-05-21T21:40:35+00:00
2026-05-21,ERCB,KAP,ERCİYAS ÇELİK BORU SANAYİ A.Ş. - Kayıtlı Sermaye Tavanı İşlemlerine İlişkin Bildirim,Kayıtlı Sermaye Tavanı İşlemlerine İlişkin Bildirim Kayıtlı Sermaye Tavanı Artırımı ve Süresinin Uzatılmasına Yönelik Esas Sözleşme Tadilinin Genel Kurulda Onayı,https://www.kap.org.tr/tr/Bildirim/1610194,tr,2026-05-21T21:36:08+00:00
2026-05-21,ERCB,KAP,ERCİYAS ÇELİK BORU SANAYİ A.Ş. - Bağımsız Denetim Kuruluşunun Belirlenmesi,Bağımsız Denetim Kuruluşunun Belirlenmesi 2026 Yılı Sürdürebilirlik Denetim Kuruluşunun Genel Kurulda Onayı,https://www.kap.org.tr/tr/Bildirim/1610193,tr,2026-05-21T21:31:27+00:00
2026-05-21,ERCB,KAP,ERCİYAS ÇELİK BORU SANAYİ A.Ş. - Bağımsız Denetim Kuruluşunun Belirlenmesi,Bağımsız Denetim Kuruluşunun Belirlenmesi Bağımsız Denetim Kuruluşunun Genel kurulda Kabul Edilmesi Hk.,https://www.kap.org.tr/tr/Bildirim/1610191,tr,2026-05-21T21:28:25+00:00
2026-05-21,ERCB,KAP,ERCİYAS ÇELİK BORU SANAYİ A.Ş. - Kar Payı Dağıtım İşlemlerine İlişkin Bildirim,Kar Payı Dağıtım İşlemlerine İlişkin Bildirim 2025 Yılı Olağan Genel Kurul Toplantısı Kar Payı Dağıtım İşlemleri Sonuçları Hakkında,https://www.kap.org.tr/tr/Bildirim/1610190,tr,2026-05-21T21:23:45+00:00
2026-05-21,ERCB,KAP,ERCİYAS ÇELİK BORU SANAYİ A.Ş. - Genel Kurul İşlemlerine İlişkin Bildirim,Genel Kurul İşlemlerine İlişkin Bildirim GENEL KUURL TOPLANTI SONUCU,https://www.kap.org.tr/tr/Bildirim/1610189,tr,2026-05-21T21:20:22+00:00
2026-05-21,ERCB,KAP,ERCİYAS ÇELİK BORU SANAYİ A.Ş. - Özel Durum Açıklaması (Genel),Özel Durum Açıklaması (Genel) Yönetim Kurulunda Değişiklik,https://www.kap.org.tr/tr/Bildirim/1609410,tr,2026-05-21T12:22:28+00:00
2026-05-21,ERGLI,KAP,EREĞLİ TEKSTİL TURİZM SANAYİ VE TİCARET A.Ş. - Özel Durum Açıklaması (Genel),Özel Durum Açıklaması (Genel) Hisse Rehni Sözleşmesi Hk. TMSN,https://www.kap.org.tr/tr/Bildirim/1610038,tr,2026-05-21T18:11:52+00:00
2026-05-21,ERGLI,KAP,EREĞLİ TEKSTİL TURİZM SANAYİ VE TİCARET A.Ş. - Pay Dışında Sermaye Piyasası Aracı İşlemlerine İlişkin Bildirim (Faiz İçeren),Pay Dışında Sermaye Piyasası Aracı İşlemlerine İlişkin Bildirim (Faiz İçeren) Finansman Bonosu İhracının Tamamlanması,https://www.kap.org.tr/tr/Bildirim/1609342,tr,2026-05-21T10:36:25+00:00
2026-05-21,ETYAT,KAP,EURO TREND YATIRIM ORTAKLIĞI A.Ş. - Özel Durum Açıklaması (Genel),"Özel Durum Açıklaması (Genel) BİAŞ'da oluşan ağırlıklı ortalama fiyatın,pay başına net aktif değerin 2 katını aşması",https://www.kap.org.tr/tr/Bildirim/1609477,tr,2026-05-21T15:12:17+00:00
2026-05-21,EUKYO,KAP,EURO KAPİTAL YATIRIM ORTAKLIĞI A.Ş. - Özel Durum Açıklaması (Genel),"Özel Durum Açıklaması (Genel) BİAŞ'da oluşan ağırlıklı ortalama fiyatın,pay başına net aktif değerin 2 katını aşması",https://www.kap.org.tr/tr/Bildirim/1609478,tr,2026-05-21T15:12:55+00:00
2026-05-21,EUPWR,KAP,EUROPOWER ENERJİ VE OTOMASYON TEKNOLOJİLERİ SANAYİ TİCARET A.Ş. - Genel Kurul İşlemlerine İlişkin Bildirim,Genel Kurul İşlemlerine İlişkin Bildirim 2025 Yılı Olağan Genel Kurul Toplantısı,https://www.kap.org.tr/tr/Bildirim/1610041,tr,2026-05-21T18:12:28+00:00
2026-05-21,EUPWR,KAP,EUROPOWER ENERJİ VE OTOMASYON TEKNOLOJİLERİ SANAYİ TİCARET A.Ş. - Kar Payı Dağıtım İşlemlerine İlişkin Bildirim,Kar Payı Dağıtım İşlemlerine İlişkin Bildirim Kar Payı Dağıtımına İlişkin Yönetim Kurulu Teklifi,https://www.kap.org.tr/tr/Bildirim/1610040,tr,2026-05-21T18:12:04+00:00
2026-05-21,EUPWR,KAP,EUROPOWER ENERJİ VE OTOMASYON TEKNOLOJİLERİ SANAYİ TİCARET A.Ş. - Bağımsız Denetim Kuruluşunun Belirlenmesi,Bağımsız Denetim Kuruluşunun Belirlenmesi Bağımsız Denetim Kuruluşunun Belirlenmesi,https://www.kap.org.tr/tr/Bildirim/1610035,tr,2026-05-21T18:11:13+00:00
2026-05-21,EUYO,KAP,EURO MENKUL KIYMET YATIRIM ORTAKLIĞI A.Ş. - Özel Durum Açıklaması (Genel),"Özel Durum Açıklaması (Genel) BİAŞ'da oluşan ağırlıklı ortalama fiyatın,pay başına net aktif değerin 2 katını aşması",https://www.kap.org.tr/tr/Bildirim/1609475,tr,2026-05-21T15:11:38+00:00
2026-05-21,GESAN,KAP,GİRİŞİM ELEKTRİK SANAYİ TAAHHÜT VE TİCARET A.Ş. - Genel Kurul İşlemlerine İlişkin Bildirim,Genel Kurul İşlemlerine İlişkin Bildirim 2025 Yılı Olağan Genel Kurul Toplantısı Daveti,https://www.kap.org.tr/tr/Bildirim/1610036,tr,2026-05-21T18:11:16+00:00
2026-05-21,GESAN,KAP,GİRİŞİM ELEKTRİK SANAYİ TAAHHÜT VE TİCARET A.Ş. - Kar Payı Dağıtım İşlemlerine İlişkin Bildirim,Kar Payı Dağıtım İşlemlerine İlişkin Bildirim Kar Payı Dağıtımına Yönelik Yönetim Kurulu Teklifi,https://www.kap.org.tr/tr/Bildirim/1610033,tr,2026-05-21T18:11:00+00:00
2026-05-21,GESAN,KAP,GİRİŞİM ELEKTRİK SANAYİ TAAHHÜT VE TİCARET A.Ş. - Bağımsız Denetim Kuruluşunun Belirlenmesi,Bağımsız Denetim Kuruluşunun Belirlenmesi Bağımsız Denetim Kuruluşunun Belirlenmesi,https://www.kap.org.tr/tr/Bildirim/1610030,tr,2026-05-21T18:10:43+00:00
2026-05-21,GLCVY,KAP,GELECEK VARLIK YÖNETİMİ A.Ş. - Özel Durum Açıklaması (Genel),"Özel Durum Açıklaması (Genel) İhale sonrası Devir ve Temlik İşlemlerinin tamamlanması hk. GARAN, TGB",https://www.kap.org.tr/tr/Bildirim/1610077,tr,2026-05-21T18:37:43+00:00
2026-05-21,GLYHO,KAP,GLOBAL YATIRIM HOLDİNG A.Ş. - Payların Geri Alınmasına İlişkin Bildirim,Payların Geri Alınmasına İlişkin Bildirim 21.05.2026 Tarihli Pay Geri Alım İşlemleri,https://www.kap.org.tr/tr/Bildirim/1610059,tr,2026-05-21T18:24:26+00:00
2026-05-21,GMTAS,KAP,GİMAT MAĞAZACILIK SANAYİ VE TİCARET A.Ş. - Bağımsız Denetim Kuruluşunun Belirlenmesi,Bağımsız Denetim Kuruluşunun Belirlenmesi Bağımsız Denetim Kuruluşu Seçiminin Tescili,https://www.kap.org.tr/tr/Bildirim/1609338,tr,2026-05-21T10:31:28+00:00
2026-05-21,GMTAS,KAP,GİMAT MAĞAZACILIK SANAYİ VE TİCARET A.Ş. - Genel Kurul İşlemlerine İlişkin Bildirim,Genel Kurul İşlemlerine İlişkin Bildirim 2025 Yılı Olağan Genel Kurul Toplantısının Tescili,https://www.kap.org.tr/tr/Bildirim/1609336,tr,2026-05-21T10:30:09+00:00
2026-05-21,GOODY,KAP,GOODYEAR LASTİKLERİ T.A.Ş. - Sermaye Artırımı - Azaltımı İşlemlerine İlişkin Bildirim,Sermaye Artırımı - Azaltımı İşlemlerine İlişkin Bildirim Bedelsiz Sermaye Artımına İlişkin SPK Başvurusu - Esas Sözleşme Revize Tadil Tasarısı,https://www.kap.org.tr/tr/Bildirim/1609455,tr,2026-05-21T14:32:17+00:00
2026-05-21,GRNYO,KAP,GARANTİ YATIRIM ORTAKLIĞI A.Ş. - Özel Durum Açıklaması (Genel),"Özel Durum Açıklaması (Genel) Paylarının BİAŞ'ta oluşan ağırlıklı ortalama fiyatının, pay başına net aktif değerinin 2 katını aşması hakkında.",https://www.kap.org.tr/tr/Bildirim/1609358,tr,2026-05-21T10:46:58+00:00
2026-05-21,GRTHO,KAP,GRAINTURK HOLDİNG A.Ş. - Şirket Genel Bilgi Formu,Şirket Genel Bilgi Formu,https://www.kap.org.tr/tr/Bildirim/1610065,tr,2026-05-21T18:29:01+00:00
2026-05-21,GUNDG,KAP,GÜNDOĞDU GIDA SÜT ÜRÜNLERİ SANAYİ VE DIŞ TİCARET A.Ş. - Sermaye Artırımından Elde Edilecek - Edilen Fonun Kullanımına İlişkin Rapor,Sermaye Artırımından Elde Edilecek - Edilen Fonun Kullanımına İlişkin Rapor Sermaye Artırımından Elde Edilecek Fonun Kullanımına İlişkin Rapor,https://www.kap.org.tr/tr/Bildirim/1610126,tr,2026-05-21T19:30:08+00:00
2026-05-21,GUNDG,KAP,GÜNDOĞDU GIDA SÜT ÜRÜNLERİ SANAYİ VE DIŞ TİCARET A.Ş. - Sermaye Artırımı - Azaltımı İşlemlerine İlişkin Bildirim,Sermaye Artırımı - Azaltımı İşlemlerine İlişkin Bildirim Tahsisli Sermaye Artırımına İlişkin Yönetim Kurulu Kararı,https://www.kap.org.tr/tr/Bildirim/1610086,tr,2026-05-21T18:45:12+00:00
2026-05-21,HALKB,KAP,TÜRKİYE HALK BANKASI A.Ş. - İhraç Tavanına İlişkin Bildirim,İhraç Tavanına İlişkin Bildirim Yurtiçinde Borçlanma Aracı İhraç Tavanına İlişkin SPK Onaylı Dokümanlar,https://www.kap.org.tr/tr/Bildirim/1609566,tr,2026-05-21T16:47:10+00:00
2026-05-21,HALKF,KAP,HALK FİNANSAL KİRALAMA A.Ş. - Pay Dışında Sermaye Piyasası Aracı İşlemlerine İlişkin Bildirim (Faiz İçeren),Pay Dışında Sermaye Piyasası Aracı İşlemlerine İlişkin Bildirim (Faiz İçeren) Şirketimiz tarafından ihraç edilen TRFHLFKK2618 ISIN kodlu Bono 2.kupon ödemesi hakkında yapılan bildirim,https://www.kap.org.tr/tr/Bildirim/1609375,tr,2026-05-21T11:16:31+00:00
2026-05-21,HALKI,KAP,HALK YATIRIM MENKUL DEĞERLER A.Ş. - Pay Dışında Sermaye Piyasası Aracı İşlemlerine İlişkin Bildirim (Faiz İçeren),Pay Dışında Sermaye Piyasası Aracı İşlemlerine İlişkin Bildirim (Faiz İçeren) TRFHALK52610 ISIN kodlu Finansman Bonosunun Kupon Ödemesi ve İtfası,https://www.kap.org.tr/tr/Bildirim/1609416,tr,2026-05-21T12:59:38+00:00
2026-05-21,HALKI,KAP,HALK YATIRIM MENKUL DEĞERLER A.Ş. - Pay Dışında Sermaye Piyasası Aracı İşlemlerine İlişkin Bildirim (Faiz İçeren),Pay Dışında Sermaye Piyasası Aracı İşlemlerine İlişkin Bildirim (Faiz İçeren) TRFHALK52628 ISIN kodlu Finansman Bonosunun Kupon Ödemesi ve İtfası,https://www.kap.org.tr/tr/Bildirim/1609411,tr,2026-05-21T12:50:10+00:00
2026-05-21,HAYVK,KAP,HAYAT VARLIK KİRALAMA A.Ş. - Pay Dışında Sermaye Piyasası Aracı İşlemlerine İlişkin Bildirim (Faizsiz),Pay Dışında Sermaye Piyasası Aracı İşlemlerine İlişkin Bildirim (Faizsiz) Kira sertifikası ihracı anapara ve kupon ödemeleri hk. HFK,https://www.kap.org.tr/tr/Bildirim/1609362,tr,2026-05-21T10:52:51+00:00
2026-05-21,HAYVK,KAP,HAYAT VARLIK KİRALAMA A.Ş. - Pay Dışında Sermaye Piyasası Aracı İşlemlerine İlişkin Bildirim (Faizsiz),Pay Dışında Sermaye Piyasası Aracı İşlemlerine İlişkin Bildirim (Faizsiz) Kira sertifikası ihracı satışının tamamlanması hk. HFK,https://www.kap.org.tr/tr/Bildirim/1609346,tr,2026-05-21T10:42:42+00:00
2026-05-21,HDFFL,KAP,HEDEF ARAÇ KİRALAMA VE SERVİS A.Ş. - Pay Dışında Sermaye Piyasası Aracı İşlemlerine İlişkin Bildirim (Faiz İçeren),Pay Dışında Sermaye Piyasası Aracı İşlemlerine İlişkin Bildirim (Faiz İçeren) TRSHDAK52719 ISIN Kodlu Tahvilin 2. Kupon Ödemesi,https://www.kap.org.tr/tr/Bildirim/1609570,tr,2026-05-21T16:48:02+00:00
2026-05-21,HEKTS,KAP,HEKTAŞ TİCARET T.A.Ş. - Şirket Genel Bilgi Formu,Şirket Genel Bilgi Formu,https://www.kap.org.tr/tr/Bildirim/1610208,tr,2026-05-21T22:33:12+00:00
2026-05-21,HEKTS,KAP,HEKTAŞ TİCARET T.A.Ş. - Esas Sözleşme,Esas Sözleşme Esas Sözleşme Hakkında,https://www.kap.org.tr/tr/Bildirim/1610207,tr,2026-05-21T22:32:54+00:00
2026-05-21,HEKTS,KAP,HEKTAŞ TİCARET T.A.Ş. - Esas Sözleşme Tadili,Esas Sözleşme Tadili Esas Sözleşme Tadili Hakkında,https://www.kap.org.tr/tr/Bildirim/1610206,tr,2026-05-21T22:32:34+00:00
2026-05-21,HEKTS,KAP,HEKTAŞ TİCARET T.A.Ş. - Bağımsız Denetim Kuruluşunun Belirlenmesi,Bağımsız Denetim Kuruluşunun Belirlenmesi Bağımsız Denetim Kuruluşunun Belirlenmesi-Tescil,https://www.kap.org.tr/tr/Bildirim/1610205,tr,2026-05-21T22:32:13+00:00
2026-05-21,HEKTS,KAP,HEKTAŞ TİCARET T.A.Ş. - Kayıtlı Sermaye Tavanı İşlemlerine İlişkin Bildirim,Kayıtlı Sermaye Tavanı İşlemlerine İlişkin Bildirim Kayıtlı Sermaye Tavanının Tescili,https://www.kap.org.tr/tr/Bildirim/1610204,tr,2026-05-21T22:31:49+00:00
2026-05-21,HEKTS,KAP,HEKTAŞ TİCARET T.A.Ş. - Genel Kurul İşlemlerine İlişkin Bildirim,Genel Kurul İşlemlerine İlişkin Bildirim Olağan Genel Kurul Toplantı Kararlarının Tescili,https://www.kap.org.tr/tr/Bildirim/1610202,tr,2026-05-21T22:27:29+00:00
2026-05-21,HEKTS,KAP,HEKTAŞ TİCARET T.A.Ş. - Özel Durum Açıklaması (Genel),Özel Durum Açıklaması (Genel) Yönetim Kurulu Üyelerinin Görev Dağılımı,https://www.kap.org.tr/tr/Bildirim/1610201,tr,2026-05-21T22:27:02+00:00
2026-05-21,HLY,KAP,HALK YATIRIM MENKUL DEĞERLER A.Ş. - Pay Dışında Sermaye Piyasası Aracı İşlemlerine İlişkin Bildirim (Faiz İçeren),Pay Dışında Sermaye Piyasası Aracı İşlemlerine İlişkin Bildirim (Faiz İçeren) TRFHALK52610 ISIN kodlu Finansman Bonosunun Kupon Ödemesi ve İtfası,https://www.kap.org.tr/tr/Bildirim/1609416,tr,2026-05-21T12:59:38+00:00
2026-05-21,HLY,KAP,HALK YATIRIM MENKUL DEĞERLER A.Ş. - Pay Dışında Sermaye Piyasası Aracı İşlemlerine İlişkin Bildirim (Faiz İçeren),Pay Dışında Sermaye Piyasası Aracı İşlemlerine İlişkin Bildirim (Faiz İçeren) TRFHALK52628 ISIN kodlu Finansman Bonosunun Kupon Ödemesi ve İtfası,https://www.kap.org.tr/tr/Bildirim/1609411,tr,2026-05-21T12:50:10+00:00
2026-05-21,HOROZ,KAP,HOROZ LOJİSTİK KARGO HİZMETLERİ VE TİCARET A.Ş. - Kredi Derecelendirmesi,Kredi Derecelendirmesi Kredi Derecelendirme Notu,https://www.kap.org.tr/tr/Bildirim/1609497,tr,2026-05-21T15:38:12+00:00
2026-05-21,IHYAY,KAP,İHLAS YAYIN HOLDİNG A.Ş. - Kar Payı Dağıtım İşlemlerine İlişkin Bildirim,Kar Payı Dağıtım İşlemlerine İlişkin Bildirim 2025 Yılı Dönem Sonucu İçin Genel Kurul?a Yapılacak Teklif Hk,https://www.kap.org.tr/tr/Bildirim/1609924,tr,2026-05-21T17:37:44+00:00
2026-05-21,IHYAY,KAP,İHLAS YAYIN HOLDİNG A.Ş. - Genel Kurul İşlemlerine İlişkin Bildirim,Genel Kurul İşlemlerine İlişkin Bildirim 2025 Yılı Olağan Genel Kurul Toplantısı Hk,https://www.kap.org.tr/tr/Bildirim/1609872,tr,2026-05-21T17:35:48+00:00
2026-05-21,INFO,KAP,İNFO YATIRIM MENKUL DEĞERLER A.Ş. - İzahname-Sermaye Piyasası Aracı Notu (SPK Tarafından Onaylanan),İzahname-Sermaye Piyasası Aracı Notu (SPK Tarafından Onaylanan) Yatırım Kuruluşu Varantı/Sertifikası İhracına İlişkin Sermaye Piyasası Aracı Notu,https://www.kap.org.tr/tr/Bildirim/1609467,tr,2026-05-21T14:48:24+00:00
2026-05-21,INFO,KAP,İNFO YATIRIM MENKUL DEĞERLER A.Ş. - İzahname-Özet (SPK Tarafından Onaylanan),İzahname-Özet (SPK Tarafından Onaylanan) Yatırım Kuruluşu Varantı/Sertifikası İhracına İlişkin Özet,https://www.kap.org.tr/tr/Bildirim/1609466,tr,2026-05-21T14:48:15+00:00
2026-05-21,INTEM,KAP,İNTEMA İNŞAAT VE TESİSAT MALZEMELERİ YATIRIM VE PAZARLAMA A.Ş. - Özel Durum Açıklaması (Genel),"Özel Durum Açıklaması (Genel) İnsan Hakları, Toplumsal Cinsiyet ve Fırsat Eşitliği, Çevre ve İklim Değişikliği, Çevresel, Sosyal, Kurumsal Yönetim ile İş Sağlığı ve Güvenliği Politikası'nda revize yapılması",https://www.kap.org.tr/tr/Bildirim/1610133,tr,2026-05-21T19:37:03+00:00
2026-05-21,INVEO,KAP,INVEO YATIRIM HOLDİNG A.Ş. - Pay Dışında Sermaye Piyasası Aracı İşlemlerine İlişkin Bildirim (Faiz İçeren),Pay Dışında Sermaye Piyasası Aracı İşlemlerine İlişkin Bildirim (Faiz İçeren) Finansman Bonosu Kupon Faiz Oranı Hk. GEDIK,https://www.kap.org.tr/tr/Bildirim/1609575,tr,2026-05-21T16:49:24+00:00
2026-05-21,ISATR,KAP,TÜRKİYE İŞ BANKASI A.Ş. - Pay Dışında Sermaye Piyasası Aracı İşlemlerine İlişkin Bildirim (Faiz İçeren),Pay Dışında Sermaye Piyasası Aracı İşlemlerine İlişkin Bildirim (Faiz İçeren) Yurtdışı Piyasalara Tahvil İhracı,https://www.kap.org.tr/tr/Bildirim/1610012,tr,2026-05-21T17:52:52+00:00
2026-05-21,ISATR,KAP,TÜRKİYE İŞ BANKASI A.Ş. - Pay Dışında Sermaye Piyasası Aracı İşlemlerine İlişkin Bildirim (Faiz İçeren),Pay Dışında Sermaye Piyasası Aracı İşlemlerine İlişkin Bildirim (Faiz İçeren) Yurtdışı Piyasalara Tahvil İhracı,https://www.kap.org.tr/tr/Bildirim/1609465,tr,2026-05-21T14:47:40+00:00
2026-05-21,ISATR,KAP,TÜRKİYE İŞ BANKASI A.Ş. - Pay Dışında Sermaye Piyasası Aracı İşlemlerine İlişkin Bildirim (Faiz İçeren),Pay Dışında Sermaye Piyasası Aracı İşlemlerine İlişkin Bildirim (Faiz İçeren) Yurtdışı Piyasalara Tahvil İhracı,https://www.kap.org.tr/tr/Bildirim/1609464,tr,2026-05-21T14:47:22+00:00
2026-05-21,ISBTR,KAP,TÜRKİYE İŞ BANKASI A.Ş. - Pay Dışında Sermaye Piyasası Aracı İşlemlerine İlişkin Bildirim (Faiz İçeren),Pay Dışında Sermaye Piyasası Aracı İşlemlerine İlişkin Bildirim (Faiz İçeren) Yurtdışı Piyasalara Tahvil İhracı,https://www.kap.org.tr/tr/Bildirim/1610012,tr,2026-05-21T17:52:52+00:00
2026-05-21,ISBTR,KAP,TÜRKİYE İŞ BANKASI A.Ş. - Pay Dışında Sermaye Piyasası Aracı İşlemlerine İlişkin Bildirim (Faiz İçeren),Pay Dışında Sermaye Piyasası Aracı İşlemlerine İlişkin Bildirim (Faiz İçeren) Yurtdışı Piyasalara Tahvil İhracı,https://www.kap.org.tr/tr/Bildirim/1609465,tr,2026-05-21T14:47:40+00:00
2026-05-21,ISBTR,KAP,TÜRKİYE İŞ BANKASI A.Ş. - Pay Dışında Sermaye Piyasası Aracı İşlemlerine İlişkin Bildirim (Faiz İçeren),Pay Dışında Sermaye Piyasası Aracı İşlemlerine İlişkin Bildirim (Faiz İçeren) Yurtdışı Piyasalara Tahvil İhracı,https://www.kap.org.tr/tr/Bildirim/1609464,tr,2026-05-21T14:47:22+00:00
2026-05-21,ISCTR,KAP,TÜRKİYE İŞ BANKASI A.Ş. - Pay Dışında Sermaye Piyasası Aracı İşlemlerine İlişkin Bildirim (Faiz İçeren),Pay Dışında Sermaye Piyasası Aracı İşlemlerine İlişkin Bildirim (Faiz İçeren) Yurtdışı Piyasalara Tahvil İhracı,https://www.kap.org.tr/tr/Bildirim/1610012,tr,2026-05-21T17:52:52+00:00
2026-05-21,ISCTR,KAP,TÜRKİYE İŞ BANKASI A.Ş. - Pay Dışında Sermaye Piyasası Aracı İşlemlerine İlişkin Bildirim (Faiz İçeren),Pay Dışında Sermaye Piyasası Aracı İşlemlerine İlişkin Bildirim (Faiz İçeren) Yurtdışı Piyasalara Tahvil İhracı,https://www.kap.org.tr/tr/Bildirim/1609465,tr,2026-05-21T14:47:40+00:00
2026-05-21,ISCTR,KAP,TÜRKİYE İŞ BANKASI A.Ş. - Pay Dışında Sermaye Piyasası Aracı İşlemlerine İlişkin Bildirim (Faiz İçeren),Pay Dışında Sermaye Piyasası Aracı İşlemlerine İlişkin Bildirim (Faiz İçeren) Yurtdışı Piyasalara Tahvil İhracı,https://www.kap.org.tr/tr/Bildirim/1609464,tr,2026-05-21T14:47:22+00:00
2026-05-21,ISFAK,KAP,İŞ FAKTORİNG A.Ş. - Pay Dışında Sermaye Piyasası Aracı İşlemlerine İlişkin Bildirim (Faiz İçeren),Pay Dışında Sermaye Piyasası Aracı İşlemlerine İlişkin Bildirim (Faiz İçeren) Nitelikli Yatırımcıya Borçlanma Aracı İhracı,https://www.kap.org.tr/tr/Bildirim/1609325,tr,2026-05-21T10:16:32+00:00
2026-05-21,ISFIN,KAP,İŞ FİNANSAL KİRALAMA A.Ş. - Şirket Genel Bilgi Formu,Şirket Genel Bilgi Formu,https://www.kap.org.tr/tr/Bildirim/1610079,tr,2026-05-21T18:38:21+00:00
2026-05-21,ISFIN,KAP,İŞ FİNANSAL KİRALAMA A.Ş. - Özel Durum Açıklaması (Genel),Özel Durum Açıklaması (Genel) Yönetim Kurulu Üye Değişikliği Hakkında,https://www.kap.org.tr/tr/Bildirim/1610075,tr,2026-05-21T18:36:03+00:00
2026-05-21,ISFIN,KAP,İŞ FİNANSAL KİRALAMA A.Ş. - Pay Dışında Sermaye Piyasası Aracı İşlemlerine İlişkin Bildirim (Faiz İçeren),Pay Dışında Sermaye Piyasası Aracı İşlemlerine İlişkin Bildirim (Faiz İçeren) TRSISFNK2711 ISIN Kodlu Tahvilin Kupon Oranı Açıklaması,https://www.kap.org.tr/tr/Bildirim/1610015,tr,2026-05-21T17:57:10+00:00
2026-05-21,ISKUR,KAP,TÜRKİYE İŞ BANKASI A.Ş. - Pay Dışında Sermaye Piyasası Aracı İşlemlerine İlişkin Bildirim (Faiz İçeren),Pay Dışında Sermaye Piyasası Aracı İşlemlerine İlişkin Bildirim (Faiz İçeren) Yurtdışı Piyasalara Tahvil İhracı,https://www.kap.org.tr/tr/Bildirim/1610012,tr,2026-05-21T17:52:52+00:00
2026-05-21,ISKUR,KAP,TÜRKİYE İŞ BANKASI A.Ş. - Pay Dışında Sermaye Piyasası Aracı İşlemlerine İlişkin Bildirim (Faiz İçeren),Pay Dışında Sermaye Piyasası Aracı İşlemlerine İlişkin Bildirim (Faiz İçeren) Yurtdışı Piyasalara Tahvil İhracı,https://www.kap.org.tr/tr/Bildirim/1609465,tr,2026-05-21T14:47:40+00:00
2026-05-21,ISKUR,KAP,TÜRKİYE İŞ BANKASI A.Ş. - Pay Dışında Sermaye Piyasası Aracı İşlemlerine İlişkin Bildirim (Faiz İçeren),Pay Dışında Sermaye Piyasası Aracı İşlemlerine İlişkin Bildirim (Faiz İçeren) Yurtdışı Piyasalara Tahvil İhracı,https://www.kap.org.tr/tr/Bildirim/1609464,tr,2026-05-21T14:47:22+00:00
2026-05-21,ISMEN,KAP,İŞ YATIRIM MENKUL DEĞERLER A.Ş. - Yatırım Kuruluşu Varant - Sertifika - Senetlerine İlişkin Bildirim,Yatırım Kuruluşu Varant - Sertifika - Senetlerine İlişkin Bildirim Yatırım Kuruluşu Varantları Sıralarının Kapatılması,https://www.kap.org.tr/tr/Bildirim/1609450,tr,2026-05-21T14:12:09+00:00
2026-05-21,ISMEN,KAP,İŞ YATIRIM MENKUL DEĞERLER A.Ş. - Piyasa Yapıcılığı Kapsamında Gerçekleştirilen İşlemler Bildirimi,Piyasa Yapıcılığı Kapsamında Gerçekleştirilen İşlemler Bildirimi Borsa Yatırım Fonu Piyasa Yapıcılığı İşlemleri ISGLK,https://www.kap.org.tr/tr/Bildirim/1609398,tr,2026-05-21T11:55:27+00:00
2026-05-21,ISMEN,KAP,İŞ YATIRIM MENKUL DEĞERLER A.Ş. - Yatırım Kuruluşu Varant - Sertifika - Senetlerine İlişkin Bildirim,Yatırım Kuruluşu Varant - Sertifika - Senetlerine İlişkin Bildirim İş Yatırım Sertifika ve Varant Alım Satım İşlemleri,https://www.kap.org.tr/tr/Bildirim/1609397,tr,2026-05-21T11:55:06+00:00
2026-05-21,ISMEN,KAP,İŞ YATIRIM MENKUL DEĞERLER A.Ş. - İzahname (Sermaye Piyasası Aracı Notu-SPK Onayına Sunulan),İzahname (Sermaye Piyasası Aracı Notu-SPK Onayına Sunulan) Taslak Sermaye Piyasası Aracı Notu,https://www.kap.org.tr/tr/Bildirim/1609396,tr,2026-05-21T11:53:37+00:00
2026-05-21,ISMEN,KAP,İŞ YATIRIM MENKUL DEĞERLER A.Ş. - İzahname (Özet-SPK Onayına Sunulan),İzahname (Özet-SPK Onayına Sunulan) Taslak Özet,https://www.kap.org.tr/tr/Bildirim/1609395,tr,2026-05-21T11:53:04+00:00
2026-05-21,ISMEN,KAP,İŞ YATIRIM MENKUL DEĞERLER A.Ş. - İzahname (İhraççı Bilgi Dokümanı-SPK Onayına Sunulan),İzahname (İhraççı Bilgi Dokümanı-SPK Onayına Sunulan) Taslak İhracçı Bilgi Dökümanı,https://www.kap.org.tr/tr/Bildirim/1609393,tr,2026-05-21T11:51:50+00:00
2026-05-21,ISTFK,KAP,İSTANBUL FAKTORİNG A.Ş. - Pay Dışında Sermaye Piyasası Aracı İşlemlerine İlişkin Bildirim (Faiz İçeren),Pay Dışında Sermaye Piyasası Aracı İşlemlerine İlişkin Bildirim (Faiz İçeren) TRFIFAS52621 ISIN kodlu finansman bonosunun 2. kupon oranına ilişkin açıklama,https://www.kap.org.tr/tr/Bildirim/1609864,tr,2026-05-21T17:34:35+00:00
2026-05-21,ISTFK,KAP,İSTANBUL FAKTORİNG A.Ş. - Pay Dışında Sermaye Piyasası Aracı İşlemlerine İlişkin Bildirim (Faiz İçeren),Pay Dışında Sermaye Piyasası Aracı İşlemlerine İlişkin Bildirim (Faiz İçeren) TRFIFAS52639 ISIN kodlu finansman bonosunun 2. kupon oranına ilişkin açıklama,https://www.kap.org.tr/tr/Bildirim/1609813,tr,2026-05-21T17:32:07+00:00
2026-05-21,ISTFK,KAP,İSTANBUL FAKTORİNG A.Ş. - İhraç Tavanına İlişkin Bildirim,İhraç Tavanına İlişkin Bildirim Borçlanma Aracı İhracına İlişkin SPK Başvurusu,https://www.kap.org.tr/tr/Bildirim/1609444,tr,2026-05-21T14:06:02+00:00
2026-05-21,ISTFK,KAP,İSTANBUL FAKTORİNG A.Ş. - Genel Kurul Bildirimi,Genel Kurul Bildirimi 2025 Yılı Olağan Genel Kurul,https://www.kap.org.tr/tr/Bildirim/1609380,tr,2026-05-21T11:23:53+00:00
2026-05-21,ISTFK,KAP,İSTANBUL FAKTORİNG A.Ş. - Bağımsız Denetim Kuruluşunun Belirlenmesi,Bağımsız Denetim Kuruluşunun Belirlenmesi Bağımsız Denetim Kuruluşu,https://www.kap.org.tr/tr/Bildirim/1609376,tr,2026-05-21T11:17:47+00:00
2026-05-21,IYF,KAP,İNFO YATIRIM MENKUL DEĞERLER A.Ş. - İzahname-Sermaye Piyasası Aracı Notu (SPK Tarafından Onaylanan),İzahname-Sermaye Piyasası Aracı Notu (SPK Tarafından Onaylanan) Yatırım Kuruluşu Varantı/Sertifikası İhracına İlişkin Sermaye Piyasası Aracı Notu,https://www.kap.org.tr/tr/Bildirim/1609467,tr,2026-05-21T14:48:24+00:00
2026-05-21,IYF,KAP,İNFO YATIRIM MENKUL DEĞERLER A.Ş. - İzahname-Özet (SPK Tarafından Onaylanan),İzahname-Özet (SPK Tarafından Onaylanan) Yatırım Kuruluşu Varantı/Sertifikası İhracına İlişkin Özet,https://www.kap.org.tr/tr/Bildirim/1609466,tr,2026-05-21T14:48:15+00:00
2026-05-21,IYM,KAP,İŞ YATIRIM MENKUL DEĞERLER A.Ş. - Yatırım Kuruluşu Varant - Sertifika - Senetlerine İlişkin Bildirim,Yatırım Kuruluşu Varant - Sertifika - Senetlerine İlişkin Bildirim Yatırım Kuruluşu Varantları Sıralarının Kapatılması,https://www.kap.org.tr/tr/Bildirim/1609450,tr,2026-05-21T14:12:09+00:00
2026-05-21,IYM,KAP,İŞ YATIRIM MENKUL DEĞERLER A.Ş. - Piyasa Yapıcılığı Kapsamında Gerçekleştirilen İşlemler Bildirimi,Piyasa Yapıcılığı Kapsamında Gerçekleştirilen İşlemler Bildirimi Borsa Yatırım Fonu Piyasa Yapıcılığı İşlemleri ISGLK,https://www.kap.org.tr/tr/Bildirim/1609398,tr,2026-05-21T11:55:27+00:00
2026-05-21,IYM,KAP,İŞ YATIRIM MENKUL DEĞERLER A.Ş. - Yatırım Kuruluşu Varant - Sertifika - Senetlerine İlişkin Bildirim,Yatırım Kuruluşu Varant - Sertifika - Senetlerine İlişkin Bildirim İş Yatırım Sertifika ve Varant Alım Satım İşlemleri,https://www.kap.org.tr/tr/Bildirim/1609397,tr,2026-05-21T11:55:06+00:00
2026-05-21,IYM,KAP,İŞ YATIRIM MENKUL DEĞERLER A.Ş. - İzahname (Sermaye Piyasası Aracı Notu-SPK Onayına Sunulan),İzahname (Sermaye Piyasası Aracı Notu-SPK Onayına Sunulan) Taslak Sermaye Piyasası Aracı Notu,https://www.kap.org.tr/tr/Bildirim/1609396,tr,2026-05-21T11:53:37+00:00
2026-05-21,IYM,KAP,İŞ YATIRIM MENKUL DEĞERLER A.Ş. - İzahname (Özet-SPK Onayına Sunulan),İzahname (Özet-SPK Onayına Sunulan) Taslak Özet,https://www.kap.org.tr/tr/Bildirim/1609395,tr,2026-05-21T11:53:04+00:00
2026-05-21,IYM,KAP,İŞ YATIRIM MENKUL DEĞERLER A.Ş. - İzahname (İhraççı Bilgi Dokümanı-SPK Onayına Sunulan),İzahname (İhraççı Bilgi Dokümanı-SPK Onayına Sunulan) Taslak İhracçı Bilgi Dökümanı,https://www.kap.org.tr/tr/Bildirim/1609393,tr,2026-05-21T11:51:50+00:00
2026-05-21,KARSN,KAP,KARSAN OTOMOTİV SANAYİİ VE TİCARET A.Ş. - Pay Dışında Sermaye Piyasası Aracı İşlemlerine İlişkin Bildirim (Faiz İçeren),Pay Dışında Sermaye Piyasası Aracı İşlemlerine İlişkin Bildirim (Faiz İçeren) TRFKRSN82622 ISIN Kodlu Tahvilin 3.Kupon Ödemesi Faiz Oranı,https://www.kap.org.tr/tr/Bildirim/1610192,tr,2026-05-21T21:30:53+00:00
2026-05-21,KARTN,KAP,KARTONSAN KARTON SANAYİ VE TİCARET A.Ş. - Pay Dışında Sermaye Piyasası Aracı İşlemlerine İlişkin Bildirim (Faiz İçeren),Pay Dışında Sermaye Piyasası Aracı İşlemlerine İlişkin Bildirim (Faiz İçeren) TRSKRTN43021 ISIN Kodlu Tahvil Erken İtfa Edilmesi İşlemleri Tamamlanmıştır.,https://www.kap.org.tr/tr/Bildirim/1609389,tr,2026-05-21T11:38:22+00:00
2026-05-21,KARTN,KAP,KARTONSAN KARTON SANAYİ VE TİCARET A.Ş. - Pay Dışında Sermaye Piyasası Aracı İşlemlerine İlişkin Bildirim (Faiz İçeren),Pay Dışında Sermaye Piyasası Aracı İşlemlerine İlişkin Bildirim (Faiz İçeren) TRSKRTN43013 ISIN Kodlu Tahvil Erken İtfa Edilmesi İşlemleri Tamamlanmıştır.,https://www.kap.org.tr/tr/Bildirim/1609388,tr,2026-05-21T11:37:52+00:00
2026-05-21,KATVK,KAP,KATILIM VARLIK KİRALAMA A.Ş. - Pay Dışında Sermaye Piyasası Aracı İşlemlerine İlişkin Bildirim (Faizsiz),Pay Dışında Sermaye Piyasası Aracı İşlemlerine İlişkin Bildirim (Faizsiz) TRDKTLMA2619 Yurtiçi Kira Sertifikası İhracının 2. Kupon Ödemesi HDFFL,https://www.kap.org.tr/tr/Bildirim/1609568,tr,2026-05-21T16:47:28+00:00
2026-05-21,KATVK,KAP,KATILIM VARLIK KİRALAMA A.Ş. - Pay Dışında Sermaye Piyasası Aracı İşlemlerine İlişkin Bildirim (Faizsiz),Pay Dışında Sermaye Piyasası Aracı İşlemlerine İlişkin Bildirim (Faizsiz) TRDKTLMA2619 Yurtiçi Kira Sertifikası İhracının 2. Kupon Oranının Belirlenmesi Hk. - Düzeltme HDFFL,https://www.kap.org.tr/tr/Bildirim/1609401,tr,2026-05-21T12:05:34+00:00
2026-05-21,KATVK,KAP,KATILIM VARLIK KİRALAMA A.Ş. - Pay Dışında Sermaye Piyasası Aracı İşlemlerine İlişkin Bildirim (Faizsiz),Pay Dışında Sermaye Piyasası Aracı İşlemlerine İlişkin Bildirim (Faizsiz) TRDKTLMK2633 Yurtiçi Kira Sertifikası İhracının Satışının Tamamlanması BRISA,https://www.kap.org.tr/tr/Bildirim/1609377,tr,2026-05-21T11:20:14+00:00
2026-05-21,KBORU,KAP,KUZEY BORU A.Ş. - Bağımsız Denetim Kuruluşunun Belirlenmesi,Bağımsız Denetim Kuruluşunun Belirlenmesi Bağımsız Denetim Kuruluşunun Seçilmesi,https://www.kap.org.tr/tr/Bildirim/1610094,tr,2026-05-21T18:54:41+00:00
2026-05-21,KBORU,KAP,KUZEY BORU A.Ş. - Kar Payı Dağıtım İşlemlerine İlişkin Bildirim,Kar Payı Dağıtım İşlemlerine İlişkin Bildirim 21.05.2026 tarihli Genel Kurul'da kar dağıtımına karar verilmesi,https://www.kap.org.tr/tr/Bildirim/1610082,tr,2026-05-21T18:42:11+00:00
2026-05-21,KBORU,KAP,KUZEY BORU A.Ş. - Genel Kurul İşlemlerine İlişkin Bildirim,Genel Kurul İşlemlerine İlişkin Bildirim 2025 Yılı Olağan Genel Kurul Toplantı Sonucu,https://www.kap.org.tr/tr/Bildirim/1610080,tr,2026-05-21T18:39:32+00:00
2026-05-21,KLYPV,KAP,KALYON GÜNEŞ TEKNOLOJİLERİ ÜRETİM A.Ş. - Bağımsız Denetim Kuruluşunun Belirlenmesi,Bağımsız Denetim Kuruluşunun Belirlenmesi 2026 yılı Bağımsız Denetim Şirketinin Belirlenmesi hk.,https://www.kap.org.tr/tr/Bildirim/1610150,tr,2026-05-21T19:53:30+00:00
2026-05-21,KLYPV,KAP,KALYON GÜNEŞ TEKNOLOJİLERİ ÜRETİM A.Ş. - Kar Payı Dağıtım İşlemlerine İlişkin Bildirim,Kar Payı Dağıtım İşlemlerine İlişkin Bildirim Yönetim Kurulunun kar payı dağıtım teklifinin Genel Kurul'da onaylanması hk.,https://www.kap.org.tr/tr/Bildirim/1610139,tr,2026-05-21T19:45:11+00:00
2026-05-21,KLYPV,KAP,KALYON GÜNEŞ TEKNOLOJİLERİ ÜRETİM A.Ş. - Genel Kurul İşlemlerine İlişkin Bildirim,Genel Kurul İşlemlerine İlişkin Bildirim Şirketimiz 2025 yılı Olağan Genel Kurul Toplantı Sonuçlarının Bildirilmesi hk.,https://www.kap.org.tr/tr/Bildirim/1610132,tr,2026-05-21T19:36:26+00:00
2026-05-21,KMPUR,KAP,KİMTEKS POLİÜRETAN SANAYİ VE TİCARET A.Ş. - Finansal Duran Varlık Edinimi,Finansal Duran Varlık Edinimi Finansal Duran Varlık Edinimi,https://www.kap.org.tr/tr/Bildirim/1610061,tr,2026-05-21T18:25:41+00:00
2026-05-21,KNFRT,KAP,KONFRUT TARIM A.Ş. - Kar Payı Dağıtım İşlemlerine İlişkin Bildirim,Kar Payı Dağıtım İşlemlerine İlişkin Bildirim Kâr Payı Dağıtılmaması Hususunun Olağan Genel Kurul'da Onaylanması,https://www.kap.org.tr/tr/Bildirim/1609550,tr,2026-05-21T16:32:28+00:00
2026-05-21,KNFRT,KAP,KONFRUT TARIM A.Ş. - Genel Kurul İşlemlerine İlişkin Bildirim,Genel Kurul İşlemlerine İlişkin Bildirim 2025 Yılı Olağan Genel Kurul Toplantı Sonucu,https://www.kap.org.tr/tr/Bildirim/1609538,tr,2026-05-21T16:20:27+00:00
2026-05-21,KORTS,KAP,KORTEKS MENSUCAT SANAYİ VE TİCARET A.Ş. - Pay Dışında Sermaye Piyasası Aracı İşlemlerine İlişkin Bildirim (Faiz İçeren),Pay Dışında Sermaye Piyasası Aracı İşlemlerine İlişkin Bildirim (Faiz İçeren) TRSKORT22726 ISIN kodlu Korteks ihracının 2. kupon dönemine ilişkin faiz oranı açıklaması,https://www.kap.org.tr/tr/Bildirim/1609584,tr,2026-05-21T17:01:01+00:00
2026-05-21,KORTS,KAP,KORTEKS MENSUCAT SANAYİ VE TİCARET A.Ş. - Pay Dışında Sermaye Piyasası Aracı İşlemlerine İlişkin Bildirim (Faiz İçeren),Pay Dışında Sermaye Piyasası Aracı İşlemlerine İlişkin Bildirim (Faiz İçeren) TRSKORT82621 ISIN kodlu Korteks ihracının 3. kupon ödeme dönemine ilişkin açıklama,https://www.kap.org.tr/tr/Bildirim/1609335,tr,2026-05-21T10:29:04+00:00
2026-05-21,KTSVK,KAP,KT SUKUK VARLIK KİRALAMA A.Ş. - Pay Dışında Sermaye Piyasası Aracı İşlemlerine İlişkin Bildirim (Faizsiz),Pay Dışında Sermaye Piyasası Aracı İşlemlerine İlişkin Bildirim (Faizsiz) TRDKTSK526C7 ISIN Kodlu Kira Sertifikası Kupon ve Anapara Ödeme İşlemi Hk. ALVES,https://www.kap.org.tr/tr/Bildirim/1609458,tr,2026-05-21T14:35:41+00:00
2026-05-21,KTSVK,KAP,KT SUKUK VARLIK KİRALAMA A.Ş. - Pay Dışında Sermaye Piyasası Aracı İşlemlerine İlişkin Bildirim (Faizsiz),Pay Dışında Sermaye Piyasası Aracı İşlemlerine İlişkin Bildirim (Faizsiz) TRDKTSKE2693 ISIN Kodlu Yurtiçi Kira Sertifikası İhracının Nitelikli Yatırımcıya Satışının,https://www.kap.org.tr/tr/Bildirim/1609447,tr,2026-05-21T14:10:12+00:00
2026-05-21,KTSVK,KAP,KT SUKUK VARLIK KİRALAMA A.Ş. - Pay Dışında Sermaye Piyasası Aracı İşlemlerine İlişkin Bildirim (Faizsiz),Pay Dışında Sermaye Piyasası Aracı İşlemlerine İlişkin Bildirim (Faizsiz) TRDKTSKE2685 ISIN Kodlu Yurtiçi Kira Sertifikası İhracının Nitelikli Yatırımcıya Satışının Tamamlanması,https://www.kap.org.tr/tr/Bildirim/1609446,tr,2026-05-21T14:09:36+00:00
2026-05-21,KTSVK,KAP,KT SUKUK VARLIK KİRALAMA A.Ş. - Pay Dışında Sermaye Piyasası Aracı İşlemlerine İlişkin Bildirim (Faizsiz),Pay Dışında Sermaye Piyasası Aracı İşlemlerine İlişkin Bildirim (Faizsiz) TRDKTSKE26A6 ISIN Kodlu Yurtiçi Kira Sertifikası İhracının Nitelikli Yatırımcıya Satışının Tamamlanması Hk. ALVES,https://www.kap.org.tr/tr/Bildirim/1609359,tr,2026-05-21T10:49:46+00:00
2026-05-21,KTSVK,KAP,KT SUKUK VARLIK KİRALAMA A.Ş. - Pay Dışında Sermaye Piyasası Aracı İşlemlerine İlişkin Bildirim (Faizsiz),Pay Dışında Sermaye Piyasası Aracı İşlemlerine İlişkin Bildirim (Faizsiz) TRDKTSKE26A6 ISIN Kodlu Yurtiçi Kira Sertifikası İhracının Nitelikli Yatırımcıya Satışının Tamamlanması Hk. ALVES,https://www.kap.org.tr/tr/Bildirim/1609297,tr,2026-05-21T09:23:58+00:00
2026-05-21,KUYAS,KAP,KUYAŞ YATIRIM A.Ş. - Kayıtlı Sermaye Tavanı İşlemlerine İlişkin Bildirim,Kayıtlı Sermaye Tavanı İşlemlerine İlişkin Bildirim Kayıtlı Sermaye Tavanının Artırılması ve Geçerlilik Süresinin Uzatılması; SPK ve Bakanlık Onayı,https://www.kap.org.tr/tr/Bildirim/1610066,tr,2026-05-21T18:30:01+00:00
2026-05-21,KZBGY,KAP,KIZILBÜK GAYRİMENKUL YATIRIM ORTAKLIĞI A.Ş. - Genel Kurul İşlemlerine İlişkin Bildirim,"Genel Kurul İşlemlerine İlişkin Bildirim Olağan Genel Kurul Toplantısı Yapılmasına İlişkin Yönetim Kurulu Kararı, Olağan Genel Kurul Daveti ve Bilgilendirme Dokümanı",https://www.kap.org.tr/tr/Bildirim/1609589,tr,2026-05-21T17:02:15+00:00
2026-05-21,KZBGY,KAP,KIZILBÜK GAYRİMENKUL YATIRIM ORTAKLIĞI A.Ş. - Bağımsız Denetim Kuruluşunun Belirlenmesi,Bağımsız Denetim Kuruluşunun Belirlenmesi Bağımsız Denetim Kuruluşunun Belirlenmesi,https://www.kap.org.tr/tr/Bildirim/1609587,tr,2026-05-21T17:01:57+00:00
2026-05-21,KZBGY,KAP,KIZILBÜK GAYRİMENKUL YATIRIM ORTAKLIĞI A.Ş. - Kar Payı Dağıtım İşlemlerine İlişkin Bildirim,Kar Payı Dağıtım İşlemlerine İlişkin Bildirim 2025 Yılı Kar Payı Dağıtımına İlişkin Yönetim Kurulu Kararı,https://www.kap.org.tr/tr/Bildirim/1609586,tr,2026-05-21T17:01:47+00:00
2026-05-21,LIDFA,KAP,LİDER FAKTORİNG A.Ş. - Pay Dışında Sermaye Piyasası Aracı İşlemlerine İlişkin Bildirim (Faiz İçeren),Pay Dışında Sermaye Piyasası Aracı İşlemlerine İlişkin Bildirim (Faiz İçeren) TRFLDFK92622 ISIN kodlu bono kupon oranı,https://www.kap.org.tr/tr/Bildirim/1609577,tr,2026-05-21T16:51:02+00:00
2026-05-21,MAVI,KAP,MAVİ GİYİM SANAYİ VE TİCARET A.Ş. - Payların Geri Alınmasına İlişkin Bildirim,Payların Geri Alınmasına İlişkin Bildirim 21.05.2026 Tarihli Pay Geri Alım İşlemleri,https://www.kap.org.tr/tr/Bildirim/1610076,tr,2026-05-21T18:37:39+00:00
2026-05-21,MCARD,KAP,METROPAL KURUMSAL HİZMETLER A.Ş. - Halka Arz Fiyatının Belirlenmesinde Esas Alınan Varsayımlara İlişkin Değerlendirme Raporu,Halka Arz Fiyatının Belirlenmesinde Esas Alınan Varsayımlara İlişkin Değerlendirme Raporu Sermaye Artırımından Elde Edilen Fonun Kullanımına İlişkin Rapor,https://www.kap.org.tr/tr/Bildirim/1609406,tr,2026-05-21T12:14:29+00:00
2026-05-21,MCARD,KAP,METROPAL KURUMSAL HİZMETLER A.Ş. - Sermaye Artırımından Elde Edilecek - Edilen Fonun Kullanımına İlişkin Rapor,Sermaye Artırımından Elde Edilecek - Edilen Fonun Kullanımına İlişkin Rapor Sermaye Artırımından Elde Edilen Fonun Kullanımına İlişkin Rapor,https://www.kap.org.tr/tr/Bildirim/1609405,tr,2026-05-21T12:14:20+00:00
2026-05-21,MDIAZ,KAP,MEDİAZZ YENİ MEDYA VE TEKNOLOJİ YATIRIMLARI A.Ş. - Pay Alım Satım Bildirimi,Pay Alım Satım Bildirimi PAY ALIM BİLDİRİMİ MACKO,https://www.kap.org.tr/tr/Bildirim/1610173,tr,2026-05-21T20:09:14+00:00
2026-05-21,MEDTR,KAP,MEDİTERA TIBBİ MALZEME SANAYİ VE TİCARET A.Ş. - İhale Süreci / Sonucu,İhale Süreci / Sonucu Süleyman Demirel Üniversitesi Hastanesi İhalesi Hakkında,https://www.kap.org.tr/tr/Bildirim/1609419,tr,2026-05-21T13:16:07+00:00
2026-05-21,MERCN,KAP,MERCAN KİMYA SANAYİ VE TİCARET A.Ş. - Kar Payı Dağıtım İşlemlerine İlişkin Bildirim,Kar Payı Dağıtım İşlemlerine İlişkin Bildirim 2025 Yılı Kar Dağıtımı,https://www.kap.org.tr/tr/Bildirim/1609270,tr,2026-05-21T08:38:28+00:00
2026-05-21,MILKS,KAP,MİLK ACADEMY SÜT ÜRÜNLERİ SANAYİ VE TİCARET A.Ş. - Pay Dışında Sermaye Piyasası Aracı İşlemlerine İlişkin Bildirim (Faiz İçeren),Pay Dışında Sermaye Piyasası Aracı İşlemlerine İlişkin Bildirim (Faiz İçeren) Finansman Bonosu İhracı Hakkında,https://www.kap.org.tr/tr/Bildirim/1609343,tr,2026-05-21T10:37:39+00:00
2026-05-21,MNDTR,KAP,MONDİ TURKEY OLUKLU MUKAVVA KAĞIT VE AMBALAJ SANAYİ A.Ş. - Bağımsız Denetim Kuruluşunun Belirlenmesi,Bağımsız Denetim Kuruluşunun Belirlenmesi Bağımsız Denetim Kuruluşunun Belirlenmesi,https://www.kap.org.tr/tr/Bildirim/1609505,tr,2026-05-21T15:45:28+00:00
2026-05-21,MNDTR,KAP,MONDİ TURKEY OLUKLU MUKAVVA KAĞIT VE AMBALAJ SANAYİ A.Ş. - Genel Kurul İşlemlerine İlişkin Bildirim,Genel Kurul İşlemlerine İlişkin Bildirim Genel Kurul Tescili,https://www.kap.org.tr/tr/Bildirim/1609476,tr,2026-05-21T15:12:03+00:00
2026-05-21,MOGAN,KAP,MOGAN ENERJİ YATIRIM HOLDİNG A.Ş. - Özel Durum Açıklaması (Genel),Özel Durum Açıklaması (Genel) Yurtiçinde satışa sunulmaksızın yurt dışında satılmak üzere borçlanma aracı ihracı hakkında,https://www.kap.org.tr/tr/Bildirim/1610101,tr,2026-05-21T19:15:26+00:00
2026-05-21,MRBAS,KAP,MARBAŞ MENKUL DEĞERLER A.Ş. - Likidite Sağlayıcılık Kapsamındaki İşlemler,Likidite Sağlayıcılık Kapsamındaki İşlemler BAREM AMBALAJ SANAYİ VE TİCARET A.Ş. (BARMA) Paylarında Likidite Sağlayıcılık Kapsamında Gerçekleştirilen İşlemler BARMA,https://www.kap.org.tr/tr/Bildirim/1609400,tr,2026-05-21T12:02:37+00:00
2026-05-21,MRS,KAP,MARBAŞ MENKUL DEĞERLER A.Ş. - Likidite Sağlayıcılık Kapsamındaki İşlemler,Likidite Sağlayıcılık Kapsamındaki İşlemler BAREM AMBALAJ SANAYİ VE TİCARET A.Ş. (BARMA) Paylarında Likidite Sağlayıcılık Kapsamında Gerçekleştirilen İşlemler BARMA,https://www.kap.org.tr/tr/Bildirim/1609400,tr,2026-05-21T12:02:37+00:00
2026-05-21,NRBNK,KAP,NUROL YATIRIM BANKASI A.Ş. - Pay Dışında Sermaye Piyasası Aracı İşlemlerine İlişkin Bildirim (Faiz İçeren),Pay Dışında Sermaye Piyasası Aracı İşlemlerine İlişkin Bildirim (Faiz İçeren) TRFNURL52637 ISIN Kodlu Finansman Bonosunun İtfası,https://www.kap.org.tr/tr/Bildirim/1610017,tr,2026-05-21T18:03:19+00:00
2026-05-21,NRBNK,KAP,NUROL YATIRIM BANKASI A.Ş. - Pay Dışında Sermaye Piyasası Aracı İşlemlerine İlişkin Bildirim (Faiz İçeren),Pay Dışında Sermaye Piyasası Aracı İşlemlerine İlişkin Bildirim (Faiz İçeren) TRSNURL62712 ISIN Kodlu Tahvil Satışının Tamamlanması,https://www.kap.org.tr/tr/Bildirim/1609331,tr,2026-05-21T10:21:18+00:00
2026-05-21,NRBNK,KAP,NUROL YATIRIM BANKASI A.Ş. - Pay Dışında Sermaye Piyasası Aracı İşlemlerine İlişkin Bildirim (Faiz İçeren),Pay Dışında Sermaye Piyasası Aracı İşlemlerine İlişkin Bildirim (Faiz İçeren) TRFNURLK2622 ISIN Kodlu Finansman Bonosunun Satışının Tamamlanması,https://www.kap.org.tr/tr/Bildirim/1609329,tr,2026-05-21T10:20:46+00:00
2026-05-21,NTGAZ,KAP,NATURELGAZ SANAYİ VE TİCARET A.Ş. - Kurumsal Yönetim İlkelerine Uyum Derecelendirmesi,Kurumsal Yönetim İlkelerine Uyum Derecelendirmesi Kurumsal Yönetim İlkelerine Uyum Derecelendirme Sözleşmesi İmzalanması,https://www.kap.org.tr/tr/Bildirim/1609436,tr,2026-05-21T13:46:40+00:00
2026-05-21,NTHOL,KAP,NET HOLDİNG A.Ş. - Şirket Genel Bilgi Formu,Şirket Genel Bilgi Formu,https://www.kap.org.tr/tr/Bildirim/1609616,tr,2026-05-21T17:15:25+00:00
2026-05-21,NUGYO,KAP,NUROL GAYRİMENKUL YATIRIM ORTAKLIĞI A.Ş. - Özel Durum Açıklaması (Genel),Özel Durum Açıklaması (Genel) Niyet Protokolü İmzalanması Hakkında,https://www.kap.org.tr/tr/Bildirim/1610095,tr,2026-05-21T18:56:09+00:00
2026-05-21,NYB,KAP,NUROL YATIRIM BANKASI A.Ş. - Pay Dışında Sermaye Piyasası Aracı İşlemlerine İlişkin Bildirim (Faiz İçeren),Pay Dışında Sermaye Piyasası Aracı İşlemlerine İlişkin Bildirim (Faiz İçeren) TRFNURL52637 ISIN Kodlu Finansman Bonosunun İtfası,https://www.kap.org.tr/tr/Bildirim/1610017,tr,2026-05-21T18:03:19+00:00
2026-05-21,NYB,KAP,NUROL YATIRIM BANKASI A.Ş. - Pay Dışında Sermaye Piyasası Aracı İşlemlerine İlişkin Bildirim (Faiz İçeren),Pay Dışında Sermaye Piyasası Aracı İşlemlerine İlişkin Bildirim (Faiz İçeren) TRSNURL62712 ISIN Kodlu Tahvil Satışının Tamamlanması,https://www.kap.org.tr/tr/Bildirim/1609331,tr,2026-05-21T10:21:18+00:00
2026-05-21,NYB,KAP,NUROL YATIRIM BANKASI A.Ş. - Pay Dışında Sermaye Piyasası Aracı İşlemlerine İlişkin Bildirim (Faiz İçeren),Pay Dışında Sermaye Piyasası Aracı İşlemlerine İlişkin Bildirim (Faiz İçeren) TRFNURLK2622 ISIN Kodlu Finansman Bonosunun Satışının Tamamlanması,https://www.kap.org.tr/tr/Bildirim/1609329,tr,2026-05-21T10:20:46+00:00
2026-05-21,ONRYT,KAP,ONUR YÜKSEK TEKNOLOJİ A.Ş. - Halka Arz Fiyatının Belirlenmesinde Esas Alınan Varsayımlara İlişkin Değerlendirme Raporu,Halka Arz Fiyatının Belirlenmesinde Esas Alınan Varsayımlara İlişkin Değerlendirme Raporu Halka Arz Fiyatının Belirlenmesinde Esas Alınan Varsayımlara İlişkin Değerlendirme Raporu,https://www.kap.org.tr/tr/Bildirim/1610060,tr,2026-05-21T18:25:19+00:00
2026-05-21,ORFIN,KAP,ORFİN FİNANSMAN A.Ş. - Genel Kurul Bildirimi,Genel Kurul Bildirimi ORFİN FİNANSMAN A.Ş. 2025 FAALİYET YILI OLAĞAN GENEL KURUL TESCİL BİLDİRİMİ,https://www.kap.org.tr/tr/Bildirim/1610002,tr,2026-05-21T17:43:29+00:00
2026-05-21,OSTIM,KAP,OSTİM ENDÜSTRİYEL YATIRIMLAR VE İŞLETME A.Ş. - Kar Payı Dağıtım İşlemlerine İlişkin Bildirim,Kar Payı Dağıtım İşlemlerine İlişkin Bildirim 01.01.2025 - 31.12.2025 Hesap Dönemine İlişkin Kâr Payı Dağıtım Sonucu Hk.,https://www.kap.org.tr/tr/Bildirim/1610019,tr,2026-05-21T18:04:17+00:00
2026-05-21,OSTIM,KAP,OSTİM ENDÜSTRİYEL YATIRIMLAR VE İŞLETME A.Ş. - Bağımsız Denetim Kuruluşunun Belirlenmesi,Bağımsız Denetim Kuruluşunun Belirlenmesi 2026 Yılı Bağımsız Denetim Şirketinin Seçimi,https://www.kap.org.tr/tr/Bildirim/1610006,tr,2026-05-21T17:48:41+00:00
2026-05-21,OSTIM,KAP,OSTİM ENDÜSTRİYEL YATIRIMLAR VE İŞLETME A.Ş. - Genel Kurul İşlemlerine İlişkin Bildirim,Genel Kurul İşlemlerine İlişkin Bildirim 2025 Yılı Olağan Genel Kurul Toplantı Sonucu,https://www.kap.org.tr/tr/Bildirim/1610005,tr,2026-05-21T17:48:31+00:00
2026-05-21,OTKAR,KAP,OTOKAR OTOMOTİV VE SAVUNMA SANAYİ A.Ş. - Özel Durum Açıklaması (Genel),Özel Durum Açıklaması (Genel) Automecanica S.A. paylarının devralınması işlemine ilişkin Romanya Rekabet Otoritesi izni,https://www.kap.org.tr/tr/Bildirim/1609272,tr,2026-05-21T08:51:52+00:00
2026-05-21,OTTO,KAP,OTTO HOLDİNG A.Ş. - Sorumluluk Beyanı (Konsolide),Sorumluluk Beyanı (Konsolide) Otto Holding A.Ş. 1. Üç Aylık Döneme Ait Sorumluluk Beyanı,https://www.kap.org.tr/tr/Bildirim/1610185,tr,2026-05-21T20:34:57+00:00
2026-05-21,OTTO,KAP,OTTO HOLDİNG A.Ş. - Faaliyet Raporu (Konsolide),Faaliyet Raporu (Konsolide) Otto Holding A.Ş. 1. Üç Aylık Konsolide Faaliyet Raporu,https://www.kap.org.tr/tr/Bildirim/1610184,tr,2026-05-21T20:34:45+00:00
2026-05-21,OTTO,KAP,OTTO HOLDİNG A.Ş. - Finansal Rapor,Finansal Rapor,https://www.kap.org.tr/tr/Bildirim/1610183,tr,2026-05-21T20:34:30+00:00
2026-05-21,OYA,KAP,OYAK YATIRIM MENKUL DEĞERLER A.Ş. - Piyasa Yapıcılığı Kapsamında Gerçekleştirilen İşlemler Bildirimi,Piyasa Yapıcılığı Kapsamında Gerçekleştirilen İşlemler Bildirimi 21/05/2026 TARİHLİ OYAYO PİYASA YAPICILIĞI İŞLEMLERİ OYAYO,https://www.kap.org.tr/tr/Bildirim/1610070,tr,2026-05-21T18:33:24+00:00
2026-05-21,OYAYO,KAP,OYAK YATIRIM ORTAKLIĞI A.Ş. - Özel Durum Açıklaması (Genel),"Özel Durum Açıklaması (Genel) Ortaklık paylarının BİAŞ'ta oluşan ağırlıklı ortalama fiyatının, pay başına net aktif değerinin 2 katını aşması hakkında",https://www.kap.org.tr/tr/Bildirim/1609334,tr,2026-05-21T10:24:01+00:00
2026-05-21,OYYAT,KAP,OYAK YATIRIM MENKUL DEĞERLER A.Ş. - Piyasa Yapıcılığı Kapsamında Gerçekleştirilen İşlemler Bildirimi,Piyasa Yapıcılığı Kapsamında Gerçekleştirilen İşlemler Bildirimi 21/05/2026 TARİHLİ OYAYO PİYASA YAPICILIĞI İŞLEMLERİ OYAYO,https://www.kap.org.tr/tr/Bildirim/1610070,tr,2026-05-21T18:33:24+00:00
2026-05-21,OZRDN,KAP,ÖZERDEN AMBALAJ SANAYİ A.Ş. - Özel Durum Açıklaması (Genel),Özel Durum Açıklaması (Genel) Zorunlu Pay Alım Teklifi Hakkında,https://www.kap.org.tr/tr/Bildirim/1609483,tr,2026-05-21T15:20:46+00:00
2026-05-21,PRKME,KAP,PARK ELEKTRİK ÜRETİM MADENCİLİK SANAYİ VE TİCARET A.Ş. - Özel Durum Açıklaması (Genel),Özel Durum Açıklaması (Genel) Bağlı Ortaklığımızın Elektrik Üretim Lisansı İptal Kararı Dava Süreci hk.,https://www.kap.org.tr/tr/Bildirim/1609285,tr,2026-05-21T09:14:11+00:00
2026-05-21,QNBFF,KAP,QNB FAKTORİNG A.Ş. - Pay Dışında Sermaye Piyasası Aracı İşlemlerine İlişkin Bildirim (Faiz İçeren),Pay Dışında Sermaye Piyasası Aracı İşlemlerine İlişkin Bildirim (Faiz İçeren) TRFQNBF52631 ISIN nolu finansman bonosunun itfası gerçekleşmiştir.,https://www.kap.org.tr/tr/Bildirim/1609327,tr,2026-05-21T10:18:43+00:00
2026-05-21,QNBFF,KAP,QNB FAKTORİNG A.Ş. - Pay Dışında Sermaye Piyasası Aracı İşlemlerine İlişkin Bildirim (Faiz İçeren),"Pay Dışında Sermaye Piyasası Aracı İşlemlerine İlişkin Bildirim (Faiz İçeren) TRFQNBFK2632 ISIN kodlu 500,000,000 TL nominal tutarlı 180 gün vadeli finansman bonolarının satışı tamamlanmıştır.",https://www.kap.org.tr/tr/Bildirim/1609305,tr,2026-05-21T09:36:16+00:00
2026-05-21,SASA,KAP,SASA POLYESTER SANAYİ A.Ş. - Sermaye Artırımı - Azaltımı İşlemlerine İlişkin Bildirim,Sermaye Artırımı - Azaltımı İşlemlerine İlişkin Bildirim Şarta Bağlı Sermaye Artırımının Tamamlanması ve Esas Sözleşme Değişikliğine İlişkin Yönetim Kurulu Kararı,https://www.kap.org.tr/tr/Bildirim/1610042,tr,2026-05-21T18:12:38+00:00
2026-05-21,SAYAS,KAP,SAY YENİLENEBİLİR ENERJİ EKİPMANLARI SANAYİ VE TİCARET A.Ş. - Şirket Genel Bilgi Formu,Şirket Genel Bilgi Formu,https://www.kap.org.tr/tr/Bildirim/1610117,tr,2026-05-21T19:26:16+00:00
2026-05-21,SAYAS,KAP,SAY YENİLENEBİLİR ENERJİ EKİPMANLARI SANAYİ VE TİCARET A.Ş. - Bağımsız Denetim Kuruluşunun Belirlenmesi,Bağımsız Denetim Kuruluşunun Belirlenmesi 2026 Hesap Dönemi Bağımsız Denetim Kuruluşunun Belirlenmesi,https://www.kap.org.tr/tr/Bildirim/1610111,tr,2026-05-21T19:17:46+00:00
2026-05-21,SAYAS,KAP,SAY YENİLENEBİLİR ENERJİ EKİPMANLARI SANAYİ VE TİCARET A.Ş. - Yönetim Kurulu Komiteleri,Yönetim Kurulu Komiteleri Yönetim Kurulu Komitelerinin Oluşturulması,https://www.kap.org.tr/tr/Bildirim/1610109,tr,2026-05-21T19:17:37+00:00
2026-05-21,SAYAS,KAP,SAY YENİLENEBİLİR ENERJİ EKİPMANLARI SANAYİ VE TİCARET A.Ş. - Kar Payı Dağıtım İşlemlerine İlişkin Bildirim,Kar Payı Dağıtım İşlemlerine İlişkin Bildirim Kar Payı Dağıtım Teklifinin Onaylanması,https://www.kap.org.tr/tr/Bildirim/1610098,tr,2026-05-21T19:03:49+00:00
2026-05-21,SAYAS,KAP,SAY YENİLENEBİLİR ENERJİ EKİPMANLARI SANAYİ VE TİCARET A.Ş. - Genel Kurul İşlemlerine İlişkin Bildirim,Genel Kurul İşlemlerine İlişkin Bildirim Genel Kurul'un Sonuçlanması,https://www.kap.org.tr/tr/Bildirim/1610097,tr,2026-05-21T19:00:43+00:00
2026-05-21,SEK,KAP,ŞEKERBANK T.A.Ş. - İhraç Belgesi,İhraç Belgesi Yurt Dışı Borçlanma Aracına İlişkin SPK Onaylı İhraç Belgesi,https://www.kap.org.tr/tr/Bildirim/1610071,tr,2026-05-21T18:33:52+00:00
2026-05-21,SELVA,KAP,SELVA GIDA SANAYİ A.Ş. - Sermaye Artırımından Elde Edilecek - Edilen Fonun Kullanımına İlişkin Rapor,Sermaye Artırımından Elde Edilecek - Edilen Fonun Kullanımına İlişkin Rapor Halka Arzdan Elde Edilen Fonun Kullanımına İlişkin Denetimden Sorumlu Komite Raporu,https://www.kap.org.tr/tr/Bildirim/1610062,tr,2026-05-21T18:25:54+00:00
2026-05-21,SKBNK,KAP,ŞEKERBANK T.A.Ş. - İhraç Belgesi,İhraç Belgesi Yurt Dışı Borçlanma Aracına İlişkin SPK Onaylı İhraç Belgesi,https://www.kap.org.tr/tr/Bildirim/1610071,tr,2026-05-21T18:33:52+00:00
2026-05-21,SKY,KAP,ŞEKER YATIRIM MENKUL DEĞERLER A.Ş. - Özel Durum Açıklaması (Genel),Özel Durum Açıklaması (Genel) Genel Müdür Yardımcısı Ataması Hakkında,https://www.kap.org.tr/tr/Bildirim/1610023,tr,2026-05-21T18:09:24+00:00
2026-05-21,SKY,KAP,ŞEKER YATIRIM MENKUL DEĞERLER A.Ş. - Şirket Genel Bilgi Formu,Şirket Genel Bilgi Formu,https://www.kap.org.tr/tr/Bildirim/1610022,tr,2026-05-21T18:08:55+00:00
2026-05-21,SKYMD,KAP,ŞEKER YATIRIM MENKUL DEĞERLER A.Ş. - Özel Durum Açıklaması (Genel),Özel Durum Açıklaması (Genel) Genel Müdür Yardımcısı Ataması Hakkında,https://www.kap.org.tr/tr/Bildirim/1610023,tr,2026-05-21T18:09:24+00:00
2026-05-21,SKYMD,KAP,ŞEKER YATIRIM MENKUL DEĞERLER A.Ş. - Şirket Genel Bilgi Formu,Şirket Genel Bilgi Formu,https://www.kap.org.tr/tr/Bildirim/1610022,tr,2026-05-21T18:08:55+00:00
2026-05-21,SMRFA,KAP,SÜMER FAKTORİNG A.Ş. - Pay Dışında Sermaye Piyasası Aracı İşlemlerine İlişkin Bildirim (Faiz İçeren),Pay Dışında Sermaye Piyasası Aracı İşlemlerine İlişkin Bildirim (Faiz İçeren) TRSSUMF52715 ISIN Kodlu Özel Sektör Tahvilinin 2.Kuponuna İlişkin Faiz Oranlarının Bildirimi,https://www.kap.org.tr/tr/Bildirim/1609630,tr,2026-05-21T17:21:51+00:00
2026-05-21,SMRFA,KAP,SÜMER FAKTORİNG A.Ş. - Pay Dışında Sermaye Piyasası Aracı İşlemlerine İlişkin Bildirim (Faiz İçeren),Pay Dışında Sermaye Piyasası Aracı İşlemlerine İlişkin Bildirim (Faiz İçeren) TRFSUMF52613 ISIN Kodlu Finansman Bonosunun 4. Kuponu ve Ana Parasının Ödenmesi Hakkında,https://www.kap.org.tr/tr/Bildirim/1609356,tr,2026-05-21T10:46:01+00:00
2026-05-21,SMRVA,KAP,SÜMER VARLIK YÖNETİM A.Ş. - Bağımsız Denetim Kuruluşunun Belirlenmesi,Bağımsız Denetim Kuruluşunun Belirlenmesi 2026 Yılı Bağımsız Denetim Şirketi Seçimine İlişkin Genel Kurul Kararı,https://www.kap.org.tr/tr/Bildirim/1609627,tr,2026-05-21T17:21:25+00:00
2026-05-21,SMRVA,KAP,SÜMER VARLIK YÖNETİM A.Ş. - Kar Payı Dağıtım İşlemlerine İlişkin Bildirim,Kar Payı Dağıtım İşlemlerine İlişkin Bildirim Kar Payı Dağıtım İşlemlerinin Genel Kurul Onayı,https://www.kap.org.tr/tr/Bildirim/1609621,tr,2026-05-21T17:19:39+00:00
2026-05-21,SMRVA,KAP,SÜMER VARLIK YÖNETİM A.Ş. - Pay Dışında Sermaye Piyasası Aracı İşlemlerine İlişkin Bildirim (Faiz İçeren),Pay Dışında Sermaye Piyasası Aracı İşlemlerine İlişkin Bildirim (Faiz İçeren) TRFSUVY52615 ISIN Kodlu Bonoya ait Kupon Oranı Belirlenmesi,https://www.kap.org.tr/tr/Bildirim/1609619,tr,2026-05-21T17:18:30+00:00
2026-05-21,SMRVA,KAP,SÜMER VARLIK YÖNETİM A.Ş. - Genel Kurul İşlemlerine İlişkin Bildirim,Genel Kurul İşlemlerine İlişkin Bildirim 2025 Yılı Olağan Genel Kurul Toplantısı Sonucu,https://www.kap.org.tr/tr/Bildirim/1609611,tr,2026-05-21T17:11:50+00:00
2026-05-21,SOKE,KAP,SÖKE DEĞİRMENCİLİK SANAYİ VE TİCARET A.Ş. - Özel Durum Açıklaması (Genel),Özel Durum Açıklaması (Genel) Şirketimize marka kullanım plaketi verilmesi hk.,https://www.kap.org.tr/tr/Bildirim/1610210,tr,2026-05-21T22:42:14+00:00
2026-05-21,SOKE,KAP,SÖKE DEĞİRMENCİLİK SANAYİ VE TİCARET A.Ş. - Genel Kurul İşlemlerine İlişkin Bildirim,Genel Kurul İşlemlerine İlişkin Bildirim 2025 Yılına Ait Olağan Genel Kurul Toplantı Çağrısı,https://www.kap.org.tr/tr/Bildirim/1610153,tr,2026-05-21T19:59:41+00:00
2026-05-21,SOKE,KAP,SÖKE DEĞİRMENCİLİK SANAYİ VE TİCARET A.Ş. - Kar Payı Dağıtım İşlemlerine İlişkin Bildirim,Kar Payı Dağıtım İşlemlerine İlişkin Bildirim 2025 Yılına Ait Kar Payı Kararı Hakkında,https://www.kap.org.tr/tr/Bildirim/1610151,tr,2026-05-21T19:59:01+00:00
2026-05-21,SUMAS,KAP,SUMAŞ SUNİ TAHTA VE MOBİLYA SANAYİİ A.Ş. - Kayıtlı Sermaye Tavanı İşlemlerine İlişkin Bildirim,"Kayıtlı Sermaye Tavanı İşlemlerine İlişkin Bildirim Kayıtlı Sermayenin Artırım, Geçerlilik Süresi Uzatımı ve Esas Sözleşme Değişikliği Hk.",https://www.kap.org.tr/tr/Bildirim/1609569,tr,2026-05-21T16:47:53+00:00
2026-05-21,SUMAS,KAP,SUMAŞ SUNİ TAHTA VE MOBİLYA SANAYİİ A.Ş. - Genel Kurul İşlemlerine İlişkin Bildirim,Genel Kurul İşlemlerine İlişkin Bildirim 2025 YILI OLAĞAN GENEL KURUL TOPLANTSI,https://www.kap.org.tr/tr/Bildirim/1609540,tr,2026-05-21T16:25:12+00:00
2026-05-21,TAE,KAP,TERA YATIRIM BANKASI A.Ş. - Sorumluluk Beyanı (Konsolide),Sorumluluk Beyanı (Konsolide) Sorumluluk Beyanı (Konsolide),https://www.kap.org.tr/tr/Bildirim/1610212,tr,2026-05-21T22:44:59+00:00
2026-05-21,TAE,KAP,TERA YATIRIM BANKASI A.Ş. - Finansal Rapor,Finansal Rapor,https://www.kap.org.tr/tr/Bildirim/1610211,tr,2026-05-21T22:44:24+00:00
2026-05-21,TGSAS,KAP,TGS DIŞ TİCARET A.Ş. - Sorumluluk Beyanı (Konsolide),Sorumluluk Beyanı (Konsolide) 2026 1. 3 Aylık Sorumluluk Beyanı,https://www.kap.org.tr/tr/Bildirim/1610046,tr,2026-05-21T18:14:30+00:00
2026-05-21,TGSAS,KAP,TGS DIŞ TİCARET A.Ş. - Faaliyet Raporu (Konsolide),Faaliyet Raporu (Konsolide) 2026 1. 3 Aylık Faaliyet Raporu,https://www.kap.org.tr/tr/Bildirim/1610045,tr,2026-05-21T18:14:20+00:00
2026-05-21,TGSAS,KAP,TGS DIŞ TİCARET A.Ş. - Finansal Rapor,Finansal Rapor,https://www.kap.org.tr/tr/Bildirim/1610044,tr,2026-05-21T18:14:03+00:00
2026-05-21,THL,KAP,TÜRKİYE HALK BANKASI A.Ş. - İhraç Tavanına İlişkin Bildirim,İhraç Tavanına İlişkin Bildirim Yurtiçinde Borçlanma Aracı İhraç Tavanına İlişkin SPK Onaylı Dokümanlar,https://www.kap.org.tr/tr/Bildirim/1609566,tr,2026-05-21T16:47:10+00:00
2026-05-21,TIB,KAP,TÜRKİYE İŞ BANKASI A.Ş. - Pay Dışında Sermaye Piyasası Aracı İşlemlerine İlişkin Bildirim (Faiz İçeren),Pay Dışında Sermaye Piyasası Aracı İşlemlerine İlişkin Bildirim (Faiz İçeren) Yurtdışı Piyasalara Tahvil İhracı,https://www.kap.org.tr/tr/Bildirim/1610012,tr,2026-05-21T17:52:52+00:00
2026-05-21,TIB,KAP,TÜRKİYE İŞ BANKASI A.Ş. - Pay Dışında Sermaye Piyasası Aracı İşlemlerine İlişkin Bildirim (Faiz İçeren),Pay Dışında Sermaye Piyasası Aracı İşlemlerine İlişkin Bildirim (Faiz İçeren) Yurtdışı Piyasalara Tahvil İhracı,https://www.kap.org.tr/tr/Bildirim/1609465,tr,2026-05-21T14:47:40+00:00
2026-05-21,TIB,KAP,TÜRKİYE İŞ BANKASI A.Ş. - Pay Dışında Sermaye Piyasası Aracı İşlemlerine İlişkin Bildirim (Faiz İçeren),Pay Dışında Sermaye Piyasası Aracı İşlemlerine İlişkin Bildirim (Faiz İçeren) Yurtdışı Piyasalara Tahvil İhracı,https://www.kap.org.tr/tr/Bildirim/1609464,tr,2026-05-21T14:47:22+00:00
2026-05-21,TIMUR,KAP,TİMUR GAYRİMENKUL GELİŞTİRME YAPI VE YATIRIM A.Ş. - Sorumluluk Beyanı (Konsolide),Sorumluluk Beyanı (Konsolide) Sorumluluk Beyanı,https://www.kap.org.tr/tr/Bildirim/1610025,tr,2026-05-21T18:10:22+00:00
2026-05-21,TIMUR,KAP,TİMUR GAYRİMENKUL GELİŞTİRME YAPI VE YATIRIM A.Ş. - Faaliyet Raporu (Konsolide),Faaliyet Raporu (Konsolide) 31.12.2025 Faaliyet Raporu,https://www.kap.org.tr/tr/Bildirim/1610024,tr,2026-05-21T18:10:11+00:00
2026-05-21,TIMUR,KAP,TİMUR GAYRİMENKUL GELİŞTİRME YAPI VE YATIRIM A.Ş. - Pay Dışında Sermaye Piyasası Aracı İşlemlerine İlişkin Bildirim (Faiz İçeren),Pay Dışında Sermaye Piyasası Aracı İşlemlerine İlişkin Bildirim (Faiz İçeren) TRFTIMG52622 ISIN Kodlu Borçlanma Aracının Kupon Oranının Belirlenmesi,https://www.kap.org.tr/tr/Bildirim/1609985,tr,2026-05-21T17:40:40+00:00
2026-05-21,TNZTP,KAP,TAPDİ OKSİJEN ÖZEL SAĞLIK VE EĞİTİM HİZMETLERİ SANAYİ TİCARET A.Ş. - Kar Payı Dağıtım İşlemlerine İlişkin Bildirim,Kar Payı Dağıtım İşlemlerine İlişkin Bildirim 2025 yılına ilişkin Yönetim Kurulu Kar Payı Dağıtım Teklifi,https://www.kap.org.tr/tr/Bildirim/1610199,tr,2026-05-21T22:08:11+00:00
2026-05-21,TNZTP,KAP,TAPDİ OKSİJEN ÖZEL SAĞLIK VE EĞİTİM HİZMETLERİ SANAYİ TİCARET A.Ş. - Genel Kurul İşlemlerine İlişkin Bildirim,Genel Kurul İşlemlerine İlişkin Bildirim 2025 yılı Olağan Genel Kurul Çağrısı,https://www.kap.org.tr/tr/Bildirim/1610198,tr,2026-05-21T22:07:55+00:00
2026-05-21,TNZTP,KAP,TAPDİ OKSİJEN ÖZEL SAĞLIK VE EĞİTİM HİZMETLERİ SANAYİ TİCARET A.Ş. - Bağımsız Denetim Kuruluşunun Belirlenmesi,Bağımsız Denetim Kuruluşunun Belirlenmesi Bağımsız Denetim Kuruluşu (Sürdürülebilirlik) seçimi,https://www.kap.org.tr/tr/Bildirim/1610197,tr,2026-05-21T22:07:38+00:00
2026-05-21,TNZTP,KAP,TAPDİ OKSİJEN ÖZEL SAĞLIK VE EĞİTİM HİZMETLERİ SANAYİ TİCARET A.Ş. - Bağımsız Denetim Kuruluşunun Belirlenmesi,Bağımsız Denetim Kuruluşunun Belirlenmesi Bağımsız Denetim Kuruluşu seçimi,https://www.kap.org.tr/tr/Bildirim/1610196,tr,2026-05-21T22:07:22+00:00
2026-05-21,TRBNK,KAP,TERA YATIRIM BANKASI A.Ş. - Sorumluluk Beyanı (Konsolide),Sorumluluk Beyanı (Konsolide) Sorumluluk Beyanı (Konsolide),https://www.kap.org.tr/tr/Bildirim/1610212,tr,2026-05-21T22:44:59+00:00
2026-05-21,TRBNK,KAP,TERA YATIRIM BANKASI A.Ş. - Finansal Rapor,Finansal Rapor,https://www.kap.org.tr/tr/Bildirim/1610211,tr,2026-05-21T22:44:24+00:00
2026-05-21,TRENJ,KAP,TR DOĞAL ENERJİ KAYNAKLARI ARAŞTIRMA VE ÜRETİM A.Ş. - Finansal Rapor,Finansal Rapor,https://www.kap.org.tr/tr/Bildirim/1610058,tr,2026-05-21T18:21:41+00:00
2026-05-21,TRENJ,KAP,TR DOĞAL ENERJİ KAYNAKLARI ARAŞTIRMA VE ÜRETİM A.Ş. - Faaliyet Raporu (Konsolide),Faaliyet Raporu (Konsolide) Yönetim Kurulu Faaliyet Raporu 31.03.2026,https://www.kap.org.tr/tr/Bildirim/1610057,tr,2026-05-21T18:21:10+00:00
2026-05-21,TRENJ,KAP,TR DOĞAL ENERJİ KAYNAKLARI ARAŞTIRMA VE ÜRETİM A.Ş. - Sorumluluk Beyanı (Konsolide),Sorumluluk Beyanı (Konsolide) Sorumluluk Beyanı 31.03.2026,https://www.kap.org.tr/tr/Bildirim/1610056,tr,2026-05-21T18:20:39+00:00
2026-05-21,TRGYO,KAP,TORUNLAR GAYRİMENKUL YATIRIM ORTAKLIĞI A.Ş. - Genel Kurul İşlemlerine İlişkin Bildirim,Genel Kurul İşlemlerine İlişkin Bildirim 2025 YILI OLAĞAN GENEL KURUL TESCİLİ,https://www.kap.org.tr/tr/Bildirim/1609468,tr,2026-05-21T14:50:21+00:00
2026-05-21,TRGYO,KAP,TORUNLAR GAYRİMENKUL YATIRIM ORTAKLIĞI A.Ş. - Genel Kurul İşlemlerine İlişkin Bildirim,Genel Kurul İşlemlerine İlişkin Bildirim 2025 YILI OLAĞAN GENEL KURUL TOPLANTI SONUCU,https://www.kap.org.tr/tr/Bildirim/1609463,tr,2026-05-21T14:42:33+00:00
2026-05-21,TRMET,KAP,TR ANADOLU METAL MADENCİLİK İŞLETMELERİ A.Ş. - Finansal Rapor,Finansal Rapor,https://www.kap.org.tr/tr/Bildirim/1610054,tr,2026-05-21T18:19:00+00:00
2026-05-21,TRMET,KAP,TR ANADOLU METAL MADENCİLİK İŞLETMELERİ A.Ş. - Faaliyet Raporu (Konsolide),Faaliyet Raporu (Konsolide) Yönetim Kurulu Faaliyet Raporu 31.03.2026,https://www.kap.org.tr/tr/Bildirim/1610053,tr,2026-05-21T18:18:12+00:00
2026-05-21,TRMET,KAP,TR ANADOLU METAL MADENCİLİK İŞLETMELERİ A.Ş. - Sorumluluk Beyanı (Konsolide),Sorumluluk Beyanı (Konsolide) Sorumluluk Beyanı 31.03.2026,https://www.kap.org.tr/tr/Bildirim/1610051,tr,2026-05-21T18:17:31+00:00
2026-05-21,TSK,KAP,TÜRKİYE SINAİ KALKINMA BANKASI A.Ş. - Şirket Genel Bilgi Formu,Şirket Genel Bilgi Formu,https://www.kap.org.tr/tr/Bildirim/1610055,tr,2026-05-21T18:19:11+00:00
2026-05-21,TSK,KAP,TÜRKİYE SINAİ KALKINMA BANKASI A.Ş. - Yönetim Kurulu Komiteleri,Yönetim Kurulu Komiteleri Komite Üyelikleri Hk.,https://www.kap.org.tr/tr/Bildirim/1610052,tr,2026-05-21T18:18:09+00:00
2026-05-21,TSKB,KAP,TÜRKİYE SINAİ KALKINMA BANKASI A.Ş. - Şirket Genel Bilgi Formu,Şirket Genel Bilgi Formu,https://www.kap.org.tr/tr/Bildirim/1610055,tr,2026-05-21T18:19:11+00:00
2026-05-21,TSKB,KAP,TÜRKİYE SINAİ KALKINMA BANKASI A.Ş. - Yönetim Kurulu Komiteleri,Yönetim Kurulu Komiteleri Komite Üyelikleri Hk.,https://www.kap.org.tr/tr/Bildirim/1610052,tr,2026-05-21T18:18:09+00:00
2026-05-21,TUREX,KAP,TUREKS TURİZM TAŞIMACILIK A.Ş. - Özel Durum Açıklaması (Genel),Özel Durum Açıklaması (Genel) 2025 yılı Türkiye Sürdürülebilirlik Raporlama Standartları (TSRS) Uyumlu Sürdürülebilirlik Raporu,https://www.kap.org.tr/tr/Bildirim/1610021,tr,2026-05-21T18:08:49+00:00
2026-05-21,TUREX,KAP,TUREKS TURİZM TAŞIMACILIK A.Ş. - Özel Durum Açıklaması (Genel),Özel Durum Açıklaması (Genel) Genel Kurulda Teklif Edilecek Yönetim Kurulu Aday Listesi Hk,https://www.kap.org.tr/tr/Bildirim/1610020,tr,2026-05-21T18:08:33+00:00
2026-05-21,UCAYM,KAP,ÜÇAY MÜHENDİSLİK ENERJİ VE İKLİMLENDİRME TEKNOLOJİLERİ A.Ş. - Kar Payı Dağıtım İşlemlerine İlişkin Bildirim,Kar Payı Dağıtım İşlemlerine İlişkin Bildirim Kar Payı Dağıtım Kararı,https://www.kap.org.tr/tr/Bildirim/1609390,tr,2026-05-21T11:38:46+00:00
2026-05-21,ULUUN,KAP,ULUSOY UN SANAYİ VE TİCARET A.Ş. - Özel Durum Açıklaması (Genel),Özel Durum Açıklaması (Genel) Şirketimize marka kullanım plaketi verilmesi hk.,https://www.kap.org.tr/tr/Bildirim/1610209,tr,2026-05-21T22:33:30+00:00
2026-05-21,VKFYO,KAP,VAKIF MENKUL KIYMET YATIRIM ORTAKLIĞI A.Ş. - Özel Durum Açıklaması (Genel),"Özel Durum Açıklaması (Genel) Şirketimizin BİAŞ'da oluşan ağırlıklı ortalama fiyatın, pay başına net aktif değerin 2 katını aşması sebebiyle yapılan açıklamadır.",https://www.kap.org.tr/tr/Bildirim/1610102,tr,2026-05-21T19:15:42+00:00
2026-05-21,VSNMD,KAP,VİŞNE MADENCİLİK ÜRETİM SANAYİ VE TİCARET A.Ş. - Özel Durum Açıklaması (Genel),Özel Durum Açıklaması (Genel) İşletme izni alınması hk.,https://www.kap.org.tr/tr/Bildirim/1609486,tr,2026-05-21T15:28:04+00:00
2026-05-21,YKB,KAP,YAPI VE KREDİ BANKASI A.Ş. - Özel Durum Açıklaması (Genel),Özel Durum Açıklaması (Genel) Dava süreci hk.,https://www.kap.org.tr/tr/Bildirim/1610125,tr,2026-05-21T19:29:50+00:00
2026-05-21,YKB,KAP,YAPI VE KREDİ BANKASI A.Ş. - Pay Dışında Sermaye Piyasası Aracı İşlemlerine İlişkin Bildirim (Faiz İçeren),Pay Dışında Sermaye Piyasası Aracı İşlemlerine İlişkin Bildirim (Faiz İçeren) Yurtdışında ilave ana sermayeye dahil edilebilir borçlanma aracı ihracı hk.,https://www.kap.org.tr/tr/Bildirim/1610078,tr,2026-05-21T18:37:53+00:00
2026-05-21,YKB,KAP,YAPI VE KREDİ BANKASI A.Ş. - Özel Durum Açıklaması (Genel),"Özel Durum Açıklaması (Genel) Tasfiye hesaplarında izlenmekte olan bir kısım tahsili gecikmiş alacakların satışı ARSVY, BRKVY, DNYVA, EMIRV, GLCVY, SMRVA",https://www.kap.org.tr/tr/Bildirim/1610069,tr,2026-05-21T18:32:07+00:00
2026-05-21,YKB,KAP,YAPI VE KREDİ BANKASI A.Ş. - Pay Dışında Sermaye Piyasası Aracı İşlemlerine İlişkin Bildirim (Faiz İçeren),Pay Dışında Sermaye Piyasası Aracı İşlemlerine İlişkin Bildirim (Faiz İçeren) Yurtdışında ihraç edilen borçlanma aracının itfası,https://www.kap.org.tr/tr/Bildirim/1609583,tr,2026-05-21T17:00:30+00:00
2026-05-21,YKB,KAP,YAPI VE KREDİ BANKASI A.Ş. - Pay Dışında Sermaye Piyasası Aracı İşlemlerine İlişkin Bildirim (Faiz İçeren),Pay Dışında Sermaye Piyasası Aracı İşlemlerine İlişkin Bildirim (Faiz İçeren) Yurtdışında borçlanma aracı ihracının tamamlanması,https://www.kap.org.tr/tr/Bildirim/1609555,tr,2026-05-21T16:39:32+00:00
2026-05-21,YKBNK,KAP,YAPI VE KREDİ BANKASI A.Ş. - Özel Durum Açıklaması (Genel),Özel Durum Açıklaması (Genel) Dava süreci hk.,https://www.kap.org.tr/tr/Bildirim/1610125,tr,2026-05-21T19:29:50+00:00
2026-05-21,YKBNK,KAP,YAPI VE KREDİ BANKASI A.Ş. - Pay Dışında Sermaye Piyasası Aracı İşlemlerine İlişkin Bildirim (Faiz İçeren),Pay Dışında Sermaye Piyasası Aracı İşlemlerine İlişkin Bildirim (Faiz İçeren) Yurtdışında ilave ana sermayeye dahil edilebilir borçlanma aracı ihracı hk.,https://www.kap.org.tr/tr/Bildirim/1610078,tr,2026-05-21T18:37:53+00:00
2026-05-21,YKBNK,KAP,YAPI VE KREDİ BANKASI A.Ş. - Özel Durum Açıklaması (Genel),"Özel Durum Açıklaması (Genel) Tasfiye hesaplarında izlenmekte olan bir kısım tahsili gecikmiş alacakların satışı ARSVY, BRKVY, DNYVA, EMIRV, GLCVY, SMRVA",https://www.kap.org.tr/tr/Bildirim/1610069,tr,2026-05-21T18:32:07+00:00
2026-05-21,YKBNK,KAP,YAPI VE KREDİ BANKASI A.Ş. - Pay Dışında Sermaye Piyasası Aracı İşlemlerine İlişkin Bildirim (Faiz İçeren),Pay Dışında Sermaye Piyasası Aracı İşlemlerine İlişkin Bildirim (Faiz İçeren) Yurtdışında ihraç edilen borçlanma aracının itfası,https://www.kap.org.tr/tr/Bildirim/1609583,tr,2026-05-21T17:00:30+00:00
2026-05-21,YKBNK,KAP,YAPI VE KREDİ BANKASI A.Ş. - Pay Dışında Sermaye Piyasası Aracı İşlemlerine İlişkin Bildirim (Faiz İçeren),Pay Dışında Sermaye Piyasası Aracı İşlemlerine İlişkin Bildirim (Faiz İçeren) Yurtdışında borçlanma aracı ihracının tamamlanması,https://www.kap.org.tr/tr/Bildirim/1609555,tr,2026-05-21T16:39:32+00:00
2026-05-21,YKFKT,KAP,YAPI KREDİ FAKTORİNG A.Ş. - Pay Dışında Sermaye Piyasası Aracı İşlemlerine İlişkin Bildirim (Faiz İçeren),Pay Dışında Sermaye Piyasası Aracı İşlemlerine İlişkin Bildirim (Faiz İçeren) TRFYAKFK2610 ISIN kodlu bono ihracı,https://www.kap.org.tr/tr/Bildirim/1610083,tr,2026-05-21T18:43:40+00:00
2026-05-21,YKR,KAP,YAPI KREDİ YATIRIM MENKUL DEĞERLER A.Ş. - Pay Dışında Sermaye Piyasası Aracı İşlemlerine İlişkin Bildirim (Faiz İçeren),Pay Dışında Sermaye Piyasası Aracı İşlemlerine İlişkin Bildirim (Faiz İçeren) Borçlanma Aracının İtfası,https://www.kap.org.tr/tr/Bildirim/1609556,tr,2026-05-21T16:40:17+00:00
2026-05-21,YKYAT,KAP,YAPI KREDİ YATIRIM MENKUL DEĞERLER A.Ş. - Pay Dışında Sermaye Piyasası Aracı İşlemlerine İlişkin Bildirim (Faiz İçeren),Pay Dışında Sermaye Piyasası Aracı İşlemlerine İlişkin Bildirim (Faiz İçeren) Borçlanma Aracının İtfası,https://www.kap.org.tr/tr/Bildirim/1609556,tr,2026-05-21T16:40:17+00:00
2026-05-21,ZKBVK,KAP,ZİRAAT KATILIM VARLIK KİRALAMA A.Ş. - Tertip İhraç Belgesi,Tertip İhraç Belgesi Tertip İhraç Belgesi ZTB,https://www.kap.org.tr/tr/Bildirim/1609279,tr,2026-05-21T09:04:24+00:00
2026-05-21,ZKBVR,KAP,ZKB VARLIK KİRALAMA A.Ş. - İhraç Tavanına İlişkin Bildirim,İhraç Tavanına İlişkin Bildirim Kira Sertifikası İhracına İlişkin Yönetim Kurulu Kararı Alınması EGEGY,https://www.kap.org.tr/tr/Bildirim/1609460,tr,2026-05-21T14:37:15+00:00
2026-05-21,ZOREN,KAP,ZORLU ENERJİ ELEKTRİK ÜRETİM A.Ş. - Pay Dışında Sermaye Piyasası Aracı İşlemlerine İlişkin Bildirim (Faiz İçeren),Pay Dışında Sermaye Piyasası Aracı İşlemlerine İlişkin Bildirim (Faiz İçeren) TRSZORN42725 ISIN Kodlu Tahvilin 2. Kupon Dönemine İlişkin Faiz Oranı Hakkında,https://www.kap.org.tr/tr/Bildirim/1609546,tr,2026-05-21T16:26:46+00:00
2026-05-21,ZOREN,KAP,ZORLU ENERJİ ELEKTRİK ÜRETİM A.Ş. - Pay Dışında Sermaye Piyasası Aracı İşlemlerine İlişkin Bildirim (Faiz İçeren),Pay Dışında Sermaye Piyasası Aracı İşlemlerine İlişkin Bildirim (Faiz İçeren) TRSZORN32718 ISIN Kodlu Tahvilin 2. Kupon Dönemine İlişkin Faiz Oranı Hakkında,https://www.kap.org.tr/tr/Bildirim/1609543,tr,2026-05-21T16:26:38+00:00
2026-05-21,ZOREN,KAP,ZORLU ENERJİ ELEKTRİK ÜRETİM A.Ş. - Pay Dışında Sermaye Piyasası Aracı İşlemlerine İlişkin Bildirim (Faiz İçeren),Pay Dışında Sermaye Piyasası Aracı İşlemlerine İlişkin Bildirim (Faiz İçeren) TRSZORN52617 ISIN Kodlu Tahvilin 12. Kupon Dönemine İlişkin Faiz Ödemesi ve Anapara Ödemesi Hakkında,https://www.kap.org.tr/tr/Bildirim/1609480,tr,2026-05-21T15:13:55+00:00
2026-05-21,ZOREN,KAP,ZORLU ENERJİ ELEKTRİK ÜRETİM A.Ş. - Pay Dışında Sermaye Piyasası Aracı İşlemlerine İlişkin Bildirim (Faiz İçeren),Pay Dışında Sermaye Piyasası Aracı İşlemlerine İlişkin Bildirim (Faiz İçeren) TRFZORN52614 ISIN KODLU SABİT KUPON ÖDEMELİ BONONUN ANAPARA VE KUPON ÖDEMESİ HAKKINDA,https://www.kap.org.tr/tr/Bildirim/1609479,tr,2026-05-21T15:13:46+00:00
2026-05-21,ZOREN,KAP,ZORLU ENERJİ ELEKTRİK ÜRETİM A.Ş. - İlişkili Taraf İşlemleri,İlişkili Taraf İşlemleri Yaygın ve süreklilik arz eden ilişkili taraf işlemlerine ilişkin raporun sonuç bölümü,https://www.kap.org.tr/tr/Bildirim/1609437,tr,2026-05-21T13:50:28+00:00
2026-05-21,ZOREN,KAP,ZORLU ENERJİ ELEKTRİK ÜRETİM A.Ş. - Pay Dışında Sermaye Piyasası Aracı İşlemlerine İlişkin Bildirim (Faiz İçeren),Pay Dışında Sermaye Piyasası Aracı İşlemlerine İlişkin Bildirim (Faiz İçeren) NİTELİKLİ YATIRIMCILARA SATILMAK ÜZERE SABİT KUPON ÖDEMELİ FİNANSMAN BONOSUNUN İHRACI (TRFZORNK2616),https://www.kap.org.tr/tr/Bildirim/1609413,tr,2026-05-21T12:55:11+00:00
2026-05-21,ZOREN,KAP,ZORLU ENERJİ ELEKTRİK ÜRETİM A.Ş. - Pay Dışında Sermaye Piyasası Aracı İşlemlerine İlişkin Bildirim (Faiz İçeren),Pay Dışında Sermaye Piyasası Aracı İşlemlerine İlişkin Bildirim (Faiz İçeren) Nitelikli Yatırımcılara Satılmak Üzere Sabit Kuponlu Özel Sektör Tahvili İhracı (TRSZORN62715),https://www.kap.org.tr/tr/Bildirim/1609412,tr,2026-05-21T12:55:01+00:00
2026-05-22,A1CAP,KAP,A1 CAPİTAL YATIRIM MENKUL DEĞERLER A.Ş. - Pay Dışında Sermaye Piyasası Aracı İşlemlerine İlişkin Bildirim (Faiz İçeren),Pay Dışında Sermaye Piyasası Aracı İşlemlerine İlişkin Bildirim (Faiz İçeren) Finansman Bonosu İtfası Hk.,https://www.kap.org.tr/tr/Bildirim/1610244,tr,2026-05-22T09:34:55+00:00
2026-05-22,A1YEN,KAP,A1 YENİLENEBİLİR ENERJİ ÜRETİM A.Ş. - Esas Sözleşme,Esas Sözleşme Esas Sözleşme,https://www.kap.org.tr/tr/Bildirim/1610634,tr,2026-05-22T18:10:22+00:00
2026-05-22,A1YEN,KAP,A1 YENİLENEBİLİR ENERJİ ÜRETİM A.Ş. - Sermaye Artırımı - Azaltımı İşlemlerine İlişkin Bildirim,Sermaye Artırımı - Azaltımı İşlemlerine İlişkin Bildirim Bedelsiz Sermaye Artırımına İlişkin Esas Sözleşme Tescili,https://www.kap.org.tr/tr/Bildirim/1610631,tr,2026-05-22T18:10:13+00:00
2026-05-22,ACP,KAP,A1 CAPİTAL YATIRIM MENKUL DEĞERLER A.Ş. - Pay Dışında Sermaye Piyasası Aracı İşlemlerine İlişkin Bildirim (Faiz İçeren),Pay Dışında Sermaye Piyasası Aracı İşlemlerine İlişkin Bildirim (Faiz İçeren) Finansman Bonosu İtfası Hk.,https://www.kap.org.tr/tr/Bildirim/1610244,tr,2026-05-22T09:34:55+00:00
2026-05-22,ADEL,KAP,ADEL KALEMCİLİK TİCARET VE SANAYİ A.Ş. - Pay Dışında Sermaye Piyasası Aracı İşlemlerine İlişkin Bildirim (Faiz İçeren),Pay Dışında Sermaye Piyasası Aracı İşlemlerine İlişkin Bildirim (Faiz İçeren) TRFADEL22714 ISIN Kodlu Tahvilin 1. Kupon Ödemesi,https://www.kap.org.tr/tr/Bildirim/1610632,tr,2026-05-22T18:10:14+00:00
2026-05-22,AFB,KAP,AKTİF YATIRIM BANKASI A.Ş. - İzahname-Özet (SPK Tarafından Onaylanan),İzahname-Özet (SPK Tarafından Onaylanan) Özet Hk.,https://www.kap.org.tr/tr/Bildirim/1610579,tr,2026-05-22T17:38:35+00:00
2026-05-22,AFB,KAP,AKTİF YATIRIM BANKASI A.Ş. - İzahname-Sermaye Piyasası Aracı Notu (SPK Tarafından Onaylanan),İzahname-Sermaye Piyasası Aracı Notu (SPK Tarafından Onaylanan) Sermaye Piyasası Aracı Notu Hk.,https://www.kap.org.tr/tr/Bildirim/1610578,tr,2026-05-22T17:38:21+00:00
2026-05-22,AFB,KAP,AKTİF YATIRIM BANKASI A.Ş. - İzahname-İhraççı Bİlgi Dokümanı (SPK Tarafından Onaylanan),İzahname-İhraççı Bİlgi Dokümanı (SPK Tarafından Onaylanan) İBD Değişikliği Hk.,https://www.kap.org.tr/tr/Bildirim/1610577,tr,2026-05-22T17:38:05+00:00
2026-05-22,AHGAZ,KAP,AHLATCI DOĞAL GAZ DAĞITIM ENERJİ VE YATIRIM A.Ş. - Payların Geri Alınmasına İlişkin Bildirim,Payların Geri Alınmasına İlişkin Bildirim 22.05.2026 Tarihli Pay Geri Alım İşlemleri,https://www.kap.org.tr/tr/Bildirim/1610711,tr,2026-05-22T18:30:10+00:00
2026-05-22,AKCNS,KAP,AKÇANSA ÇİMENTO SANAYİ VE TİCARET A.Ş. - Kayıtlı Sermaye Tavanı İşlemlerine İlişkin Bildirim,Kayıtlı Sermaye Tavanı İşlemlerine İlişkin Bildirim Esas Sözleşme Değişikliğinin Tescil ve İlan Edilmesi,https://www.kap.org.tr/tr/Bildirim/1610827,tr,2026-05-22T20:26:14+00:00
2026-05-22,AKCNS,KAP,AKÇANSA ÇİMENTO SANAYİ VE TİCARET A.Ş. - Bağımsız Denetim Kuruluşunun Belirlenmesi,Bağımsız Denetim Kuruluşunun Belirlenmesi Denetçi Tescil ve İlanı,https://www.kap.org.tr/tr/Bildirim/1610826,tr,2026-05-22T20:25:28+00:00
2026-05-22,AKCNS,KAP,AKÇANSA ÇİMENTO SANAYİ VE TİCARET A.Ş. - Genel Kurul İşlemlerine İlişkin Bildirim,Genel Kurul İşlemlerine İlişkin Bildirim 2025 Yılı Olağan Genel Kurul Toplantı Sonuçlarının Tescil ve İlanı,https://www.kap.org.tr/tr/Bildirim/1610825,tr,2026-05-22T20:24:42+00:00
2026-05-22,AKCNS,KAP,AKÇANSA ÇİMENTO SANAYİ VE TİCARET A.Ş. - Özel Durum Açıklaması (Genel),Özel Durum Açıklaması (Genel) Heidelberg Materials AG Tarafından Sabancı Holding'e Ait Payların Devralınması Sürecine İlişkin Rekabet Kurulu İzni,https://www.kap.org.tr/tr/Bildirim/1610798,tr,2026-05-22T19:30:22+00:00
2026-05-22,AKFIS,KAP,AKFEN İNŞAAT TURİZM VE TİCARET A.Ş. - Finansal Duran Varlık Edinimi,Finansal Duran Varlık Edinimi Finansal Duran Varlık Edinimi,https://www.kap.org.tr/tr/Bildirim/1610588,tr,2026-05-22T17:44:39+00:00
2026-05-22,AKFIS,KAP,AKFEN İNŞAAT TURİZM VE TİCARET A.Ş. - Sermaye Artırımı - Azaltımı İşlemlerine İlişkin Bildirim,Sermaye Artırımı - Azaltımı İşlemlerine İlişkin Bildirim Bedelsiz Sermaye Artırımına İlişkin SPK Başvurusu,https://www.kap.org.tr/tr/Bildirim/1610418,tr,2026-05-22T15:23:52+00:00
2026-05-22,AKM,KAP,AK YATIRIM MENKUL DEĞERLER A.Ş. - Yatırım Kuruluşu Varant - Sertifika - Senetlerine İlişkin Bildirim,"Yatırım Kuruluşu Varant - Sertifika - Senetlerine İlişkin Bildirim 22.05.2026 Vadeli Ons Altın, Ons Gümüş, BIST30 Endeksi, BIST Spot Altın Endeksi, USDTRY Döviz Kuru ve Pay Senedi Dayanak Varlıklı Varantların İtfası",https://www.kap.org.tr/tr/Bildirim/1610833,tr,2026-05-22T21:20:26+00:00
2026-05-22,AKM,KAP,AK YATIRIM MENKUL DEĞERLER A.Ş. - Pay Dışında Sermaye Piyasası Aracı İşlemlerine İlişkin Bildirim (Faiz İçeren),Pay Dışında Sermaye Piyasası Aracı İşlemlerine İlişkin Bildirim (Faiz İçeren) Nitelikli Yatırımcıya Borçlanma Aracı İhracı,https://www.kap.org.tr/tr/Bildirim/1610272,tr,2026-05-22T10:25:10+00:00
2026-05-22,AKM,KAP,AK YATIRIM MENKUL DEĞERLER A.Ş. - Pay Dışında Sermaye Piyasası Aracı İşlemlerine İlişkin Bildirim (Faiz İçeren),Pay Dışında Sermaye Piyasası Aracı İşlemlerine İlişkin Bildirim (Faiz İçeren) Nitelikli Yatırımcıya Borçlanma Aracı İhracı,https://www.kap.org.tr/tr/Bildirim/1610271,tr,2026-05-22T10:24:53+00:00
2026-05-22,AKMEN,KAP,AK YATIRIM MENKUL DEĞERLER A.Ş. - Yatırım Kuruluşu Varant - Sertifika - Senetlerine İlişkin Bildirim,"Yatırım Kuruluşu Varant - Sertifika - Senetlerine İlişkin Bildirim 22.05.2026 Vadeli Ons Altın, Ons Gümüş, BIST30 Endeksi, BIST Spot Altın Endeksi, USDTRY Döviz Kuru ve Pay Senedi Dayanak Varlıklı Varantların İtfası",https://www.kap.org.tr/tr/Bildirim/1610833,tr,2026-05-22T21:20:26+00:00
2026-05-22,AKMEN,KAP,AK YATIRIM MENKUL DEĞERLER A.Ş. - Pay Dışında Sermaye Piyasası Aracı İşlemlerine İlişkin Bildirim (Faiz İçeren),Pay Dışında Sermaye Piyasası Aracı İşlemlerine İlişkin Bildirim (Faiz İçeren) Nitelikli Yatırımcıya Borçlanma Aracı İhracı,https://www.kap.org.tr/tr/Bildirim/1610272,tr,2026-05-22T10:25:10+00:00
2026-05-22,AKMEN,KAP,AK YATIRIM MENKUL DEĞERLER A.Ş. - Pay Dışında Sermaye Piyasası Aracı İşlemlerine İlişkin Bildirim (Faiz İçeren),Pay Dışında Sermaye Piyasası Aracı İşlemlerine İlişkin Bildirim (Faiz İçeren) Nitelikli Yatırımcıya Borçlanma Aracı İhracı,https://www.kap.org.tr/tr/Bildirim/1610271,tr,2026-05-22T10:24:53+00:00
2026-05-22,AKSEN,KAP,AKSA ENERJİ ÜRETİM A.Ş. - Kredi Derecelendirmesi,Kredi Derecelendirmesi Kredi Derecelendirme Notu Hakkında,https://www.kap.org.tr/tr/Bildirim/1610785,tr,2026-05-22T18:56:27+00:00
2026-05-22,AKTIF,KAP,AKTİF YATIRIM BANKASI A.Ş. - İzahname-Özet (SPK Tarafından Onaylanan),İzahname-Özet (SPK Tarafından Onaylanan) Özet Hk.,https://www.kap.org.tr/tr/Bildirim/1610579,tr,2026-05-22T17:38:35+00:00
2026-05-22,AKTIF,KAP,AKTİF YATIRIM BANKASI A.Ş. - İzahname-Sermaye Piyasası Aracı Notu (SPK Tarafından Onaylanan),İzahname-Sermaye Piyasası Aracı Notu (SPK Tarafından Onaylanan) Sermaye Piyasası Aracı Notu Hk.,https://www.kap.org.tr/tr/Bildirim/1610578,tr,2026-05-22T17:38:21+00:00
2026-05-22,AKTIF,KAP,AKTİF YATIRIM BANKASI A.Ş. - İzahname-İhraççı Bİlgi Dokümanı (SPK Tarafından Onaylanan),İzahname-İhraççı Bİlgi Dokümanı (SPK Tarafından Onaylanan) İBD Değişikliği Hk.,https://www.kap.org.tr/tr/Bildirim/1610577,tr,2026-05-22T17:38:05+00:00
2026-05-22,AKYHO,KAP,AKDENİZ YATIRIM HOLDİNG A.Ş. - Bağımsız Denetim Kuruluşunun Belirlenmesi,Bağımsız Denetim Kuruluşunun Belirlenmesi Bağımsız Denetim Şirketi Seçimi Hakkında,https://www.kap.org.tr/tr/Bildirim/1610847,tr,2026-05-22T23:23:16+00:00
2026-05-22,AKYHO,KAP,AKDENİZ YATIRIM HOLDİNG A.Ş. - Kar Payı Dağıtım İşlemlerine İlişkin Bildirim,"Kar Payı Dağıtım İşlemlerine İlişkin Bildirim 2025 Yılı Kar Payı Dağıtım İşlemleri Hakkında,",https://www.kap.org.tr/tr/Bildirim/1610846,tr,2026-05-22T23:16:33+00:00
2026-05-22,AKYHO,KAP,AKDENİZ YATIRIM HOLDİNG A.Ş. - Genel Kurul İşlemlerine İlişkin Bildirim,Genel Kurul İşlemlerine İlişkin Bildirim 2025 Yılı Olağan Genel Kurul Toplantısı Sonuçları Hakkında,https://www.kap.org.tr/tr/Bildirim/1610845,tr,2026-05-22T23:14:21+00:00
2026-05-22,ALKLC,KAP,ALTINKILIÇ GIDA VE SÜT SANAYİ TİCARET A.Ş. - Sermaye Artırımı - Azaltımı İşlemlerine İlişkin Bildirim,"Sermaye Artırımı - Azaltımı İşlemlerine İlişkin Bildirim 08.04.2026 Tarihli Bedelsiz Sermaye Artırımı Kararının Revize Edilmesi Hakkında,",https://www.kap.org.tr/tr/Bildirim/1610843,tr,2026-05-22T22:30:36+00:00
2026-05-22,ALKLC,KAP,ALTINKILIÇ GIDA VE SÜT SANAYİ TİCARET A.Ş. - Bağımsız Denetim Kuruluşunun Belirlenmesi,Bağımsız Denetim Kuruluşunun Belirlenmesi Bağımsız Denetim Şirketi Seçimi Hakkında,https://www.kap.org.tr/tr/Bildirim/1610837,tr,2026-05-22T21:45:52+00:00
2026-05-22,ALKLC,KAP,ALTINKILIÇ GIDA VE SÜT SANAYİ TİCARET A.Ş. - Kar Payı Dağıtım İşlemlerine İlişkin Bildirim,Kar Payı Dağıtım İşlemlerine İlişkin Bildirim 2025 Yılı Kar Payı Dağıtım İşlemleri Hakkında,https://www.kap.org.tr/tr/Bildirim/1610836,tr,2026-05-22T21:44:58+00:00
2026-05-22,ALKLC,KAP,ALTINKILIÇ GIDA VE SÜT SANAYİ TİCARET A.Ş. - Genel Kurul İşlemlerine İlişkin Bildirim,"Genel Kurul İşlemlerine İlişkin Bildirim 2025 Yılı Olağan Genel Kurul Toplantısı Sonuçları Hakkında,",https://www.kap.org.tr/tr/Bildirim/1610834,tr,2026-05-22T21:31:13+00:00
2026-05-22,ALTNY,KAP,ALTINAY SAVUNMA TEKNOLOJİLERİ A.Ş. - Yeni İş İlişkisi,Yeni İş İlişkisi Yeni İş İlişkisi,https://www.kap.org.tr/tr/Bildirim/1610835,tr,2026-05-22T21:39:58+00:00
2026-05-22,ALVES,KAP,ALVES KABLO SANAYİ VE TİCARET A.Ş. - İhraç Belgesi,İhraç Belgesi İHRAÇ BELGESİ,https://www.kap.org.tr/tr/Bildirim/1610333,tr,2026-05-22T12:20:02+00:00
2026-05-22,ALVES,KAP,ALVES KABLO SANAYİ VE TİCARET A.Ş. - İhraç Tavanına İlişkin Bildirim,İhraç Tavanına İlişkin Bildirim Borçlanma Aracı İhraç Tavanının SPK Tarafından Onaylanması,https://www.kap.org.tr/tr/Bildirim/1610327,tr,2026-05-22T12:13:13+00:00
2026-05-22,ALVES,KAP,ALVES KABLO SANAYİ VE TİCARET A.Ş. - Pay Dışında Sermaye Piyasası Aracı İşlemlerine İlişkin Bildirim (Faiz İçeren),Pay Dışında Sermaye Piyasası Aracı İşlemlerine İlişkin Bildirim (Faiz İçeren) Finansman Bonosu İhracının Tamamlanması,https://www.kap.org.tr/tr/Bildirim/1610323,tr,2026-05-22T12:04:36+00:00
2026-05-22,ALVES,KAP,ALVES KABLO SANAYİ VE TİCARET A.Ş. - Pay Dışında Sermaye Piyasası Aracı İşlemlerine İlişkin Bildirim (Faiz İçeren),Pay Dışında Sermaye Piyasası Aracı İşlemlerine İlişkin Bildirim (Faiz İçeren) Finasman Bonosu İtfası,https://www.kap.org.tr/tr/Bildirim/1610313,tr,2026-05-22T11:41:01+00:00
2026-05-22,ANELE,KAP,ANEL ELEKTRİK PROJE TAAHHÜT VE TİCARET A.Ş. - Özel Durum Açıklaması (Genel),Özel Durum Açıklaması (Genel) Bağlı Ortaklık Pay Satışı Hakkında,https://www.kap.org.tr/tr/Bildirim/1610784,tr,2026-05-22T18:56:26+00:00
2026-05-22,ANSGR,KAP,ANADOLU ANONİM TÜRK SİGORTA ŞİRKETİ - Özel Durum Açıklaması (Genel),Özel Durum Açıklaması (Genel) Genel Müdür Yardımcısı Atanması,https://www.kap.org.tr/tr/Bildirim/1610394,tr,2026-05-22T14:56:14+00:00
2026-05-22,ARZUM,KAP,ARZUM ELEKTRİKLİ EV ALETLERİ SANAYİ VE TİCARET A.Ş. - Esas Sözleşme Tadili,Esas Sözleşme Tadili Esas Sözleşme Tadili SPK Başvurusu Onayı Hakkında,https://www.kap.org.tr/tr/Bildirim/1610823,tr,2026-05-22T20:15:35+00:00
2026-05-22,ARZUM,KAP,ARZUM ELEKTRİKLİ EV ALETLERİ SANAYİ VE TİCARET A.Ş. - Özel Durum Açıklaması (Genel),Özel Durum Açıklaması (Genel) 2026 Yılı Sürdürülebilirlik Güvence Denetimi Kuruluşunun Belirlenmesi,https://www.kap.org.tr/tr/Bildirim/1610786,tr,2026-05-22T18:56:29+00:00
2026-05-22,ARZUM,KAP,ARZUM ELEKTRİKLİ EV ALETLERİ SANAYİ VE TİCARET A.Ş. - Bağımsız Denetim Kuruluşunun Belirlenmesi,Bağımsız Denetim Kuruluşunun Belirlenmesi Bağımsız Denetim Kuruluşunun Belirlenmesi,https://www.kap.org.tr/tr/Bildirim/1610760,tr,2026-05-22T18:47:15+00:00
2026-05-22,ARZUM,KAP,ARZUM ELEKTRİKLİ EV ALETLERİ SANAYİ VE TİCARET A.Ş. - Kar Payı Dağıtım İşlemlerine İlişkin Bildirim,Kar Payı Dağıtım İşlemlerine İlişkin Bildirim Yönetim Kurulu'nun 2025 Faaliyet Yılı Kar Dağıtımı Teklifi,https://www.kap.org.tr/tr/Bildirim/1610735,tr,2026-05-22T18:33:53+00:00
2026-05-22,ARZUM,KAP,ARZUM ELEKTRİKLİ EV ALETLERİ SANAYİ VE TİCARET A.Ş. - Genel Kurul İşlemlerine İlişkin Bildirim,Genel Kurul İşlemlerine İlişkin Bildirim 2025 Yılı Olağan Genel Kurul Toplantısı Çağrısı,https://www.kap.org.tr/tr/Bildirim/1610606,tr,2026-05-22T18:06:08+00:00
2026-05-22,ASELS,KAP,ASELSAN ELEKTRONİK SANAYİ VE TİCARET A.Ş. - Kredi Derecelendirmesi,Kredi Derecelendirmesi Kredi Derecelendirme,https://www.kap.org.tr/tr/Bildirim/1610499,tr,2026-05-22T16:49:48+00:00
2026-05-22,ASELS,KAP,ASELSAN ELEKTRONİK SANAYİ VE TİCARET A.Ş. - Bağımsız Denetim Kuruluşunun Belirlenmesi,Bağımsız Denetim Kuruluşunun Belirlenmesi Bağımsız Denetim Kuruluşu Seçiminin Tescili,https://www.kap.org.tr/tr/Bildirim/1610498,tr,2026-05-22T16:49:15+00:00
2026-05-22,ASELS,KAP,ASELSAN ELEKTRONİK SANAYİ VE TİCARET A.Ş. - Genel Kurul İşlemlerine İlişkin Bildirim,Genel Kurul İşlemlerine İlişkin Bildirim Olağan Genel Kurul Kararları Tescili,https://www.kap.org.tr/tr/Bildirim/1610497,tr,2026-05-22T16:48:59+00:00
2026-05-22,ASTOR,KAP,ASTOR ENERJİ A.Ş. - Özel Durum Açıklaması (Genel),Özel Durum Açıklaması (Genel) Üst Düzey Yönetici Ataması Hakkında,https://www.kap.org.tr/tr/Bildirim/1610581,tr,2026-05-22T17:39:37+00:00
2026-05-22,ATAKP,KAP,ATAKEY PATATES GIDA SANAYİ VE TİCARET A.Ş. - Bağımsız Denetim Kuruluşunun Belirlenmesi,Bağımsız Denetim Kuruluşunun Belirlenmesi Bağımsız Denetim Firması Seçimi,https://www.kap.org.tr/tr/Bildirim/1610811,tr,2026-05-22T19:55:45+00:00
2026-05-22,ATAKP,KAP,ATAKEY PATATES GIDA SANAYİ VE TİCARET A.Ş. - İlişkili Taraf İşlemleri,İlişkili Taraf İşlemleri İlişkili Taraf İşlemleri Raporu Sonuç Bölümü,https://www.kap.org.tr/tr/Bildirim/1610810,tr,2026-05-22T19:55:32+00:00
2026-05-22,ATAVK,KAP,ATA VARLIK KİRALAMA A.Ş. - Pay Dışında Sermaye Piyasası Aracı İşlemlerine İlişkin Bildirim (Faizsiz),Pay Dışında Sermaye Piyasası Aracı İşlemlerine İlişkin Bildirim (Faizsiz) TRDATAV52628 ISIN Kodlu Kira Sertifikasının Getiri Ödemesi Hk FKPET,https://www.kap.org.tr/tr/Bildirim/1610314,tr,2026-05-22T11:42:02+00:00
2026-05-22,AVPGY,KAP,AVRUPAKENT GAYRİMENKUL YATIRIM ORTAKLIĞI A.Ş. - Maddi Duran Varlık Alımı,Maddi Duran Varlık Alımı Maddi Duran Varlık Alımı,https://www.kap.org.tr/tr/Bildirim/1610659,tr,2026-05-22T18:11:32+00:00
2026-05-22,AYDEM,KAP,AYDEM YENİLENEBİLİR ENERJİ A.Ş. - Kredi Derecelendirmesi,Kredi Derecelendirmesi Kredi Derecelendirme Notu,https://www.kap.org.tr/tr/Bildirim/1610788,tr,2026-05-22T19:03:55+00:00
2026-05-22,AZTEK,KAP,AZTEK TEKNOLOJİ ÜRÜNLERİ TİCARET A.Ş. - TSRS Uyumlu Sürdürülebilirlik Raporu,TSRS Uyumlu Sürdürülebilirlik Raporu 2025 yılı Türkiye Sürdürülebilirlik Raporlama Standartları (TSRS) Uyumlu Sürdürülebilirlik Raporu,https://www.kap.org.tr/tr/Bildirim/1610844,tr,2026-05-22T22:46:39+00:00
2026-05-22,BAHKM,KAP,BAHADIR KİMYA SANAYİ VE TİCARET A.Ş. - Birleşme İşlemlerine İlişkin Bildirim,"Birleşme İşlemlerine İlişkin Bildirim Şirketimizin %100 bağlı ortaklığı olan PTD Proje A.Ş.'nin, Şirketimiz tarafından devir alınması suretiyle, kolaylaştırılmış usulde birleşme işlemlerinin tescil edilmesi Hk.",https://www.kap.org.tr/tr/Bildirim/1610282,tr,2026-05-22T10:53:17+00:00
2026-05-22,BERA,KAP,BERA HOLDİNG A.Ş. - Genel Kurul İşlemlerine İlişkin Bildirim,Genel Kurul İşlemlerine İlişkin Bildirim 2025 Yılı Olağan Genel Kurul Toplantısının Çoğunluk Sağlanamaması Nedeniyle Ertelenmesi Hk.,https://www.kap.org.tr/tr/Bildirim/1610479,tr,2026-05-22T16:31:50+00:00
2026-05-22,BESTE,KAP,BEST BRANDS GRUP ENERJİ YATIRIM A.Ş. - Halka Arz Fiyatının Belirlenmesinde Esas Alınan Varsayımlara İlişkin Değerlendirme Raporu,Halka Arz Fiyatının Belirlenmesinde Esas Alınan Varsayımlara İlişkin Değerlendirme Raporu Halka Arz Fiyatının Belirlenmesinde Esas Alınan Varsayımlara İlişkin Değerlendirme Raporu,https://www.kap.org.tr/tr/Bildirim/1610706,tr,2026-05-22T18:24:44+00:00
2026-05-22,BESTE,KAP,BEST BRANDS GRUP ENERJİ YATIRIM A.Ş. - Sermaye Artırımından Elde Edilecek - Edilen Fonun Kullanımına İlişkin Rapor,Sermaye Artırımından Elde Edilecek - Edilen Fonun Kullanımına İlişkin Rapor Sermaye Artırımından Elde Edilen Fonun Kullanın Yerlerine İlişkin Denetim Komitesi Raporu,https://www.kap.org.tr/tr/Bildirim/1610705,tr,2026-05-22T18:24:30+00:00
2026-05-22,BIMAS,KAP,BİM BİRLEŞİK MAĞAZALAR A.Ş. - Esas Sözleşme,Esas Sözleşme Güncel Ana Sözleşme,https://www.kap.org.tr/tr/Bildirim/1610852,tr,2026-05-22T23:35:24+00:00
2026-05-22,BIMAS,KAP,BİM BİRLEŞİK MAĞAZALAR A.Ş. - Esas Sözleşme Tadili,Esas Sözleşme Tadili Güncel Esas Sözleşme,https://www.kap.org.tr/tr/Bildirim/1610851,tr,2026-05-22T23:35:01+00:00
2026-05-22,BIMAS,KAP,BİM BİRLEŞİK MAĞAZALAR A.Ş. - Sermaye Artırımı - Azaltımı İşlemlerine İlişkin Bildirim,Sermaye Artırımı - Azaltımı İşlemlerine İlişkin Bildirim Bedelsiz Sermaye Artırımına İlişkin Esas Sözleşme Değişikliğinin Tescili,https://www.kap.org.tr/tr/Bildirim/1610850,tr,2026-05-22T23:34:32+00:00
2026-05-22,BIMAS,KAP,BİM BİRLEŞİK MAĞAZALAR A.Ş. - Bağımsız Denetim Kuruluşunun Belirlenmesi,Bağımsız Denetim Kuruluşunun Belirlenmesi Bağımsız Denetim Kuruluşunun Tescili,https://www.kap.org.tr/tr/Bildirim/1610849,tr,2026-05-22T23:34:04+00:00
2026-05-22,BIMAS,KAP,BİM BİRLEŞİK MAĞAZALAR A.Ş. - Genel Kurul İşlemlerine İlişkin Bildirim,Genel Kurul İşlemlerine İlişkin Bildirim Genel Kurul Kararlarının Tescil Edilmesi,https://www.kap.org.tr/tr/Bildirim/1610848,tr,2026-05-22T23:33:35+00:00
2026-05-22,BLS,KAP,BULLS YATIRIM MENKUL DEĞERLER A.Ş. - Pay Alım Teklifi Yoluyla Pay Toplanmasına İlişkin Bildirim,Pay Alım Teklifi Yoluyla Pay Toplanmasına İlişkin Bildirim Özerden Ambalaj Sanayi A.Ş. Paylarına Yönelik Zorunlu Pay Alım Teklifi OZRDN,https://www.kap.org.tr/tr/Bildirim/1610787,tr,2026-05-22T18:58:28+00:00
2026-05-22,BLS,KAP,BULLS YATIRIM MENKUL DEĞERLER A.Ş. - Pay Dışında Sermaye Piyasası Aracı İşlemlerine İlişkin Bildirim (Faiz İçeren),Pay Dışında Sermaye Piyasası Aracı İşlemlerine İlişkin Bildirim (Faiz İçeren) Finansman Bonosu İhracı,https://www.kap.org.tr/tr/Bildirim/1610261,tr,2026-05-22T10:02:39+00:00
2026-05-22,BLSMD,KAP,BULLS YATIRIM MENKUL DEĞERLER A.Ş. - Pay Alım Teklifi Yoluyla Pay Toplanmasına İlişkin Bildirim,Pay Alım Teklifi Yoluyla Pay Toplanmasına İlişkin Bildirim Özerden Ambalaj Sanayi A.Ş. Paylarına Yönelik Zorunlu Pay Alım Teklifi OZRDN,https://www.kap.org.tr/tr/Bildirim/1610787,tr,2026-05-22T18:58:28+00:00
2026-05-22,BLSMD,KAP,BULLS YATIRIM MENKUL DEĞERLER A.Ş. - Pay Dışında Sermaye Piyasası Aracı İşlemlerine İlişkin Bildirim (Faiz İçeren),Pay Dışında Sermaye Piyasası Aracı İşlemlerine İlişkin Bildirim (Faiz İçeren) Finansman Bonosu İhracı,https://www.kap.org.tr/tr/Bildirim/1610261,tr,2026-05-22T10:02:39+00:00
2026-05-22,BOBET,KAP,BOĞAZİÇİ BETON SANAYİ VE TİCARET A.Ş. - Payların Geri Alınmasına İlişkin Bildirim,Payların Geri Alınmasına İlişkin Bildirim 22.05.2026 Tarihli Pay Geri Alım İşlemleri Hakkında,https://www.kap.org.tr/tr/Bildirim/1610752,tr,2026-05-22T18:40:38+00:00
2026-05-22,BORSK,KAP,BOR ŞEKER A.Ş. - Sürdürülebilirlik Uyum Raporu,Sürdürülebilirlik Uyum Raporu Sürdürülebilirlik Uyum Raporu,https://www.kap.org.tr/tr/Bildirim/1610692,tr,2026-05-22T18:17:36+00:00
2026-05-22,BORSK,KAP,BOR ŞEKER A.Ş. - Kurumsal Yönetim Uyum Raporu,Kurumsal Yönetim Uyum Raporu Kurumsal Yönetim Uyum Raporu,https://www.kap.org.tr/tr/Bildirim/1610687,tr,2026-05-22T18:17:07+00:00
2026-05-22,BORSK,KAP,BOR ŞEKER A.Ş. - Kurumsal Yönetim Bilgi Formu,Kurumsal Yönetim Bilgi Formu Kurumsal Yönetim Bilgi Formu,https://www.kap.org.tr/tr/Bildirim/1610684,tr,2026-05-22T18:16:36+00:00
2026-05-22,BORSK,KAP,BOR ŞEKER A.Ş. - Sorumluluk Beyanı (Konsolide Olmayan),Sorumluluk Beyanı (Konsolide Olmayan) Sorumluluk Beyanı (Konsolide Olmayan),https://www.kap.org.tr/tr/Bildirim/1610675,tr,2026-05-22T18:15:05+00:00
2026-05-22,BORSK,KAP,BOR ŞEKER A.Ş. - Faaliyet Raporu (Konsolide Olmayan),Faaliyet Raporu (Konsolide Olmayan) 01.04.2025-31.03.2026 Dönemine ait Faaliyet Raporu,https://www.kap.org.tr/tr/Bildirim/1610672,tr,2026-05-22T18:14:26+00:00
2026-05-22,BORSK,KAP,BOR ŞEKER A.Ş. - Finansal Rapor,Finansal Rapor,https://www.kap.org.tr/tr/Bildirim/1610671,tr,2026-05-22T18:14:12+00:00
2026-05-22,BOSSA,KAP,BOSSA TİCARET VE SANAYİ İŞLETMELERİ T.A.Ş. - Bağımsız Denetim Kuruluşunun Belirlenmesi,Bağımsız Denetim Kuruluşunun Belirlenmesi Bağımsız Denetim Kuruluşunun Tescili.,https://www.kap.org.tr/tr/Bildirim/1610220,tr,2026-05-22T08:46:34+00:00
2026-05-22,BOSSA,KAP,BOSSA TİCARET VE SANAYİ İŞLETMELERİ T.A.Ş. - Genel Kurul İşlemlerine İlişkin Bildirim,Genel Kurul İşlemlerine İlişkin Bildirim 2025 Olağan Genel Kurul Toplantısının Tescili.,https://www.kap.org.tr/tr/Bildirim/1610219,tr,2026-05-22T08:46:21+00:00
2026-05-22,BRISA,KAP,BRİSA BRİDGESTONE SABANCI LASTİK SANAYİ VE TİCARET A.Ş. - Kredi Derecelendirmesi,Kredi Derecelendirmesi Kredi Derecelendirme Notu,https://www.kap.org.tr/tr/Bildirim/1610781,tr,2026-05-22T18:52:42+00:00
2026-05-22,BRISA,KAP,BRİSA BRİDGESTONE SABANCI LASTİK SANAYİ VE TİCARET A.Ş. - Pay Dışında Sermaye Piyasası Aracı İşlemlerine İlişkin Bildirim (Faiz İçeren),Pay Dışında Sermaye Piyasası Aracı İşlemlerine İlişkin Bildirim (Faiz İçeren) TRSBRSA52616 ISIN Kodlu Tahvilin 8. Kupon Faiz Oranının Belirlenmesi,https://www.kap.org.tr/tr/Bildirim/1610493,tr,2026-05-22T16:47:39+00:00
2026-05-22,BRKVY,KAP,BİRİKİM VARLIK YÖNETİM A.Ş. - Pay Dışında Sermaye Piyasası Aracı İşlemlerine İlişkin Bildirim (Faiz İçeren),Pay Dışında Sermaye Piyasası Aracı İşlemlerine İlişkin Bildirim (Faiz İçeren) TRFBVYS52623 ISIN Kodlu Finansman Bonosunun 4.Kuponuna İlişkin Faiz Oranlarının Bildirimi,https://www.kap.org.tr/tr/Bildirim/1610660,tr,2026-05-22T18:11:37+00:00
2026-05-22,BRKVY,KAP,BİRİKİM VARLIK YÖNETİM A.Ş. - Özel Durum Açıklaması (Genel),"Özel Durum Açıklaması (Genel) Tahsili Gecikmiş Alacak Portföyü Alımı - İhaleye Konu Alacakların Devrine Yönelik Sözleşmenin İmza Sürecinin Tamamlanması YKB, YKBNK",https://www.kap.org.tr/tr/Bildirim/1610658,tr,2026-05-22T18:11:27+00:00
2026-05-22,BURCE,KAP,BURÇELİK BURSA ÇELİK DÖKÜM SANAYİİ A.Ş. - Özel Durum Açıklaması (Genel),Özel Durum Açıklaması (Genel) Genel Müdür Değişikliği Hakkında,https://www.kap.org.tr/tr/Bildirim/1610721,tr,2026-05-22T18:32:54+00:00
2026-05-22,BYDNR,KAP,BAYDÖNER RESTORANLARI A.Ş. - Şirket Genel Bilgi Formu,Şirket Genel Bilgi Formu,https://www.kap.org.tr/tr/Bildirim/1610318,tr,2026-05-22T11:49:01+00:00
2026-05-22,BYDNR,KAP,BAYDÖNER RESTORANLARI A.Ş. - Şirket Merkezi Değişikliği,Şirket Merkezi Değişikliği Şirket Merkez Adresi Değişikliği,https://www.kap.org.tr/tr/Bildirim/1610317,tr,2026-05-22T11:48:51+00:00
2026-05-22,CANTE,KAP,ÇAN2 TERMİK A.Ş. - Kurumsal Yönetim İlkelerine Uyum Derecelendirmesi,Kurumsal Yönetim İlkelerine Uyum Derecelendirmesi Kurumsal Yönetim Derecelendirme Notu Hakkında,https://www.kap.org.tr/tr/Bildirim/1610424,tr,2026-05-22T15:37:31+00:00
2026-05-22,CCOLA,KAP,COCA-COLA İÇECEK A.Ş. - Genel Kurul İşlemlerine İlişkin Bildirim,Genel Kurul İşlemlerine İlişkin Bildirim 2025 Yılı Olağan Genel Kurul Sonuçlarının Tescili,https://www.kap.org.tr/tr/Bildirim/1610236,tr,2026-05-22T09:23:02+00:00
2026-05-22,CCOLA,KAP,COCA-COLA İÇECEK A.Ş. - Kredi Derecelendirmesi,Kredi Derecelendirmesi Fitch Ratings CCI?ın BBB Olan Notunu Teyit Etti,https://www.kap.org.tr/tr/Bildirim/1610221,tr,2026-05-22T08:52:45+00:00
2026-05-22,CGCAM,KAP,ÇAĞDAŞ CAM SANAYİ VE TİCARET A.Ş. - Özel Durum Açıklaması (Genel),Özel Durum Açıklaması (Genel) Yönetim Kurulu Görev Dağılımı,https://www.kap.org.tr/tr/Bildirim/1610682,tr,2026-05-22T18:16:18+00:00
2026-05-22,CGCAM,KAP,ÇAĞDAŞ CAM SANAYİ VE TİCARET A.Ş. - Yönetim Kurulu Komiteleri,Yönetim Kurulu Komiteleri Yönetim Kurulu Komiteleri,https://www.kap.org.tr/tr/Bildirim/1610681,tr,2026-05-22T18:15:54+00:00
2026-05-22,CGCAM,KAP,ÇAĞDAŞ CAM SANAYİ VE TİCARET A.Ş. - Bağımsız Denetim Kuruluşunun Belirlenmesi,Bağımsız Denetim Kuruluşunun Belirlenmesi Sürdürülebilirlik Denetçisinin Tescili,https://www.kap.org.tr/tr/Bildirim/1610677,tr,2026-05-22T18:15:27+00:00
2026-05-22,CGCAM,KAP,ÇAĞDAŞ CAM SANAYİ VE TİCARET A.Ş. - Bağımsız Denetim Kuruluşunun Belirlenmesi,Bağımsız Denetim Kuruluşunun Belirlenmesi Bağımsız Denetim Şirketinin Tescil Edilmesi,https://www.kap.org.tr/tr/Bildirim/1610674,tr,2026-05-22T18:15:03+00:00
2026-05-22,CGCAM,KAP,ÇAĞDAŞ CAM SANAYİ VE TİCARET A.Ş. - Genel Kurul İşlemlerine İlişkin Bildirim,Genel Kurul İşlemlerine İlişkin Bildirim Genel Kurulun Tescil Edilmesi,https://www.kap.org.tr/tr/Bildirim/1610673,tr,2026-05-22T18:14:37+00:00
2026-05-22,CGCAM,KAP,ÇAĞDAŞ CAM SANAYİ VE TİCARET A.Ş. - Kar Payı Dağıtım İşlemlerine İlişkin Bildirim,Kar Payı Dağıtım İşlemlerine İlişkin Bildirim Yönetim Kurulu'nun Kar Dağıtılmamasına İlişkin Önerisinin Genel Kurulda Onaylanması,https://www.kap.org.tr/tr/Bildirim/1610330,tr,2026-05-22T12:13:50+00:00
2026-05-22,CGCAM,KAP,ÇAĞDAŞ CAM SANAYİ VE TİCARET A.Ş. - Genel Kurul İşlemlerine İlişkin Bildirim,Genel Kurul İşlemlerine İlişkin Bildirim Olağan Genel Kurul Sonucu,https://www.kap.org.tr/tr/Bildirim/1610324,tr,2026-05-22T12:06:26+00:00
2026-05-22,CRFSA,KAP,CARREFOURSA CARREFOUR SABANCI TİCARET MERKEZİ A.Ş. - Kurumsal Yönetim Bilgi Formu (Güncelleme) - Yönetim Kurulu-2,Kurumsal Yönetim Bilgi Formu (Güncelleme) - Yönetim Kurulu-2 YÖNETİM KURULU II - GÜNCELLEME,https://www.kap.org.tr/tr/Bildirim/1610303,tr,2026-05-22T11:20:40+00:00
2026-05-22,CRFSA,KAP,CARREFOURSA CARREFOUR SABANCI TİCARET MERKEZİ A.Ş. - Yönetim Kurulu Komiteleri,Yönetim Kurulu Komiteleri Yönetim Kurulu Komiteleri Üyeliklerinin Belirlenmesi,https://www.kap.org.tr/tr/Bildirim/1610301,tr,2026-05-22T11:17:17+00:00
2026-05-22,CUSAN,KAP,ÇUHADAROĞLU METAL SANAYİ VE PAZARLAMA A.Ş. - Şirket Genel Bilgi Formu,Şirket Genel Bilgi Formu,https://www.kap.org.tr/tr/Bildirim/1610494,tr,2026-05-22T16:47:41+00:00
2026-05-22,CUSAN,KAP,ÇUHADAROĞLU METAL SANAYİ VE PAZARLAMA A.Ş. - Özel Durum Açıklaması (Genel),Özel Durum Açıklaması (Genel) Üst Yönetim Değişikliği,https://www.kap.org.tr/tr/Bildirim/1610417,tr,2026-05-22T15:19:29+00:00
2026-05-22,CVKMD,KAP,CVK MADEN İŞLETMELERİ SANAYİ VE TİCARET A.Ş. - Bağımsız Denetim Kuruluşunun Belirlenmesi,Bağımsız Denetim Kuruluşunun Belirlenmesi 2026 Yılı Faaliyet Dönemi İçin Bağımsız Denetim Kuruluşunun Belirlenmesi,https://www.kap.org.tr/tr/Bildirim/1610457,tr,2026-05-22T16:18:01+00:00
2026-05-22,CVKMD,KAP,CVK MADEN İŞLETMELERİ SANAYİ VE TİCARET A.Ş. - Genel Kurul İşlemlerine İlişkin Bildirim,Genel Kurul İşlemlerine İlişkin Bildirim 2025 Yılı Olağan Genel Kurul Tescili,https://www.kap.org.tr/tr/Bildirim/1610456,tr,2026-05-22T16:17:45+00:00
2026-05-22,DAGI,KAP,DAGİ GİYİM SANAYİ VE TİCARET A.Ş. - Kredi Derecelendirmesi,Kredi Derecelendirmesi Kredi Derecelendirme Notu Hk.,https://www.kap.org.tr/tr/Bildirim/1610769,tr,2026-05-22T18:49:31+00:00
2026-05-22,DAGI,KAP,DAGİ GİYİM SANAYİ VE TİCARET A.Ş. - Özel Durum Açıklaması (Genel),Özel Durum Açıklaması (Genel) Mağaza Açılışı Hk.,https://www.kap.org.tr/tr/Bildirim/1610370,tr,2026-05-22T13:50:15+00:00
2026-05-22,DAPGM,KAP,DAP GAYRİMENKUL GELİŞTİRME A.Ş. - Özel Durum Açıklaması (Genel),Özel Durum Açıklaması (Genel) Yeni Levent Kısmi Kesin Kabulü,https://www.kap.org.tr/tr/Bildirim/1610805,tr,2026-05-22T19:40:46+00:00
2026-05-22,DENVA,KAP,DENGE VARLIK YÖNETİM A.Ş. - Pay Dışında Sermaye Piyasası Aracı İşlemlerine İlişkin Bildirim (Faiz İçeren),Pay Dışında Sermaye Piyasası Aracı İşlemlerine İlişkin Bildirim (Faiz İçeren) TRFDNGV22711 ısın kodlu bono kupon ödemesi,https://www.kap.org.tr/tr/Bildirim/1610246,tr,2026-05-22T09:42:52+00:00
2026-05-22,DEVA,KAP,DEVA HOLDİNG A.Ş. - Pay Dışında Sermaye Piyasası Aracı İşlemlerine İlişkin Bildirim (Faiz İçeren),Pay Dışında Sermaye Piyasası Aracı İşlemlerine İlişkin Bildirim (Faiz İçeren) TRSDEVA22815 ISIN kodlu tahvilin birinci kupon faiz oranı hakkında.,https://www.kap.org.tr/tr/Bildirim/1610505,tr,2026-05-22T16:59:18+00:00
2026-05-22,DGNMO,KAP,DOĞANLAR MOBİLYA GRUBU İMALAT SANAYİ VE TİCARET A.Ş. - Kurumsal Yönetim İlkelerine Uyum Derecelendirmesi,Kurumsal Yönetim İlkelerine Uyum Derecelendirmesi Kurumsal Yönetim İlkelerine Uyum Derecelendirmesi,https://www.kap.org.tr/tr/Bildirim/1610425,tr,2026-05-22T15:38:49+00:00
2026-05-22,DITAS,KAP,DİTAŞ BDY YEDEK PARÇA İMALAT VE TEKNİK A.Ş. - Sermaye Artırımından Elde Edilecek - Edilen Fonun Kullanımına İlişkin Rapor,Sermaye Artırımından Elde Edilecek - Edilen Fonun Kullanımına İlişkin Rapor Sermaye Artırımından Elde Edilen Fonun Kullanımına İlişkin Rapor,https://www.kap.org.tr/tr/Bildirim/1610701,tr,2026-05-22T18:22:16+00:00
2026-05-22,DKVRL,KAP,DK VARLIK KİRALAMA A.Ş. - Pay Dışında Sermaye Piyasası Aracı İşlemlerine İlişkin Bildirim (Faizsiz),Pay Dışında Sermaye Piyasası Aracı İşlemlerine İlişkin Bildirim (Faizsiz) Şirketimiz Tarafından İhraç Edilmiş Olan TRDDKVR52658 ISIN Kodlu Kira Sertifikasının İtfası Hk. ADA,https://www.kap.org.tr/tr/Bildirim/1610399,tr,2026-05-22T14:59:16+00:00
2026-05-22,DKVRL,KAP,DK VARLIK KİRALAMA A.Ş. - Pay Dışında Sermaye Piyasası Aracı İşlemlerine İlişkin Bildirim (Faizsiz),Pay Dışında Sermaye Piyasası Aracı İşlemlerine İlişkin Bildirim (Faizsiz) TRDDKVR82663 ISIN Kodlu Kira Sertifikası İhracının Nitelikli Yatırımcıya Satışının Tamamlanması Hk. CRFSA,https://www.kap.org.tr/tr/Bildirim/1610279,tr,2026-05-22T10:44:47+00:00
2026-05-22,DKVRL,KAP,DK VARLIK KİRALAMA A.Ş. - Pay Dışında Sermaye Piyasası Aracı İşlemlerine İlişkin Bildirim (Faizsiz),Pay Dışında Sermaye Piyasası Aracı İşlemlerine İlişkin Bildirim (Faizsiz) TRDDKVR82655 ISIN Kodlu Kira Sertifikası İhracının Nitelikli Yatırımcıya Satışının Tamamlanması Hk. ADA,https://www.kap.org.tr/tr/Bildirim/1610239,tr,2026-05-22T09:28:25+00:00
2026-05-22,DOGVY,KAP,DOĞRU VARLIK YÖNETİM A.Ş. - Özel Durum Açıklaması (Genel),Özel Durum Açıklaması (Genel) Turk Finansman A.Ş. Tahsili Gecikmiş Alacak Portföyü Alımı TRKFN,https://www.kap.org.tr/tr/Bildirim/1610389,tr,2026-05-22T14:46:42+00:00
2026-05-22,DURKN,KAP,DURUKAN ŞEKERLEME SANAYİ VE TİCARET A.Ş. - Kar Payı Dağıtım İşlemlerine İlişkin Bildirim,Kar Payı Dağıtım İşlemlerine İlişkin Bildirim Kar Payı Dağıtım İşlemlerine İlişkin Bildirim hk.,https://www.kap.org.tr/tr/Bildirim/1610495,tr,2026-05-22T16:48:03+00:00
2026-05-22,DURKN,KAP,DURUKAN ŞEKERLEME SANAYİ VE TİCARET A.Ş. - Bağımsız Denetim Kuruluşunun Belirlenmesi,Bağımsız Denetim Kuruluşunun Belirlenmesi Bağımsız Denetim Kuruluşunun Belirlenmesi hk.,https://www.kap.org.tr/tr/Bildirim/1610491,tr,2026-05-22T16:47:14+00:00
2026-05-22,DURKN,KAP,DURUKAN ŞEKERLEME SANAYİ VE TİCARET A.Ş. - Genel Kurul İşlemlerine İlişkin Bildirim,Genel Kurul İşlemlerine İlişkin Bildirim 2025 Yılı Olağan Genel Kurul Toplantısı hk.,https://www.kap.org.tr/tr/Bildirim/1610490,tr,2026-05-22T16:45:31+00:00
2026-05-22,DURKN,KAP,DURUKAN ŞEKERLEME SANAYİ VE TİCARET A.Ş. - Özel Durum Açıklaması (Genel),Özel Durum Açıklaması (Genel) Mali İşler Direktörü'nün Görevden Ayrılması hk.,https://www.kap.org.tr/tr/Bildirim/1610441,tr,2026-05-22T15:59:03+00:00
2026-05-22,ECOGR,KAP,ECOGREEN ENERJİ HOLDİNG A.Ş. - Sermaye Artırımından Elde Edilecek - Edilen Fonun Kullanımına İlişkin Rapor,Sermaye Artırımından Elde Edilecek - Edilen Fonun Kullanımına İlişkin Rapor Halka Arzdan Elde Edilen Fonun Kullanım Yerlerine İlişkin Rapor-2,https://www.kap.org.tr/tr/Bildirim/1610765,tr,2026-05-22T18:48:16+00:00
2026-05-22,ECOGR,KAP,ECOGREEN ENERJİ HOLDİNG A.Ş. - Halka Arz Fiyatının Belirlenmesinde Esas Alınan Varsayımlara İlişkin Değerlendirme Raporu,Halka Arz Fiyatının Belirlenmesinde Esas Alınan Varsayımlara İlişkin Değerlendirme Raporu Halka Arz Fiyatının Belirlenmesinde Esas Alınan Varsayımlara İlişkin Değerlendirme Raporu-2,https://www.kap.org.tr/tr/Bildirim/1610761,tr,2026-05-22T18:47:15+00:00
2026-05-22,EGGUB,KAP,EGE GÜBRE SANAYİİ A.Ş. - Kredi Derecelendirmesi,Kredi Derecelendirmesi Kredi Derecelendirmesi Notu Hk.,https://www.kap.org.tr/tr/Bildirim/1610548,tr,2026-05-22T17:12:39+00:00
2026-05-22,EKGYO,KAP,EMLAK KONUT GAYRİMENKUL YATIRIM ORTAKLIĞI A.Ş. - Özel Durum Açıklaması (Genel),Özel Durum Açıklaması (Genel) Yeni Levent Kısmi Kesin Kabul,https://www.kap.org.tr/tr/Bildirim/1610804,tr,2026-05-22T19:38:41+00:00
2026-05-22,EKGYO,KAP,EMLAK KONUT GAYRİMENKUL YATIRIM ORTAKLIĞI A.Ş. - Özel Durum Açıklaması (Genel),Özel Durum Açıklaması (Genel) Bizim Mahalle 1.Etap 4.Kısım Kesin Kabul,https://www.kap.org.tr/tr/Bildirim/1610803,tr,2026-05-22T19:38:29+00:00
2026-05-22,EKOFA,KAP,EKO FAKTORİNG A.Ş. - Pay Dışında Sermaye Piyasası Aracı İşlemlerine İlişkin Bildirim (Faiz İçeren),Pay Dışında Sermaye Piyasası Aracı İşlemlerine İlişkin Bildirim (Faiz İçeren) TRFEKOF22712 ISIN KODLU BONO 1.KUPON ÖDEMESİ,https://www.kap.org.tr/tr/Bildirim/1610605,tr,2026-05-22T18:04:56+00:00
2026-05-22,EKTVK,KAP,EMLAK KATILIM VARLIK KİRALAMA A.Ş. - Şirket Genel Bilgi Formu,Şirket Genel Bilgi Formu,https://www.kap.org.tr/tr/Bildirim/1610688,tr,2026-05-22T18:17:14+00:00
2026-05-22,EKTVK,KAP,EMLAK KATILIM VARLIK KİRALAMA A.Ş. - Genel Kurul Bildirimi,Genel Kurul Bildirimi Emlak Katılım Varlık Kiralama A.Ş. 2025 Yılı Olağan Genel Kurul Kararları Tescili Hk.,https://www.kap.org.tr/tr/Bildirim/1610676,tr,2026-05-22T18:15:14+00:00
2026-05-22,ELITE,KAP,ELİTE NATUREL ORGANİK GIDA SANAYİ VE TİCARET A.Ş. - Özel Durum Açıklaması (Genel),Özel Durum Açıklaması (Genel) Adana Serbest Bölge - Şube Açılmasına İlişkin Bilgilendirme,https://www.kap.org.tr/tr/Bildirim/1610736,tr,2026-05-22T18:34:01+00:00
2026-05-22,EMIRV,KAP,EMİR VARLIK YÖNETİM A.Ş. - Pay Dışında Sermaye Piyasası Aracı İşlemlerine İlişkin Bildirim (Faiz İçeren),Pay Dışında Sermaye Piyasası Aracı İşlemlerine İlişkin Bildirim (Faiz İçeren) TRFEMIR52613 Finansman Bonosunun Kupon Ödemesi ve İtfası,https://www.kap.org.tr/tr/Bildirim/1610375,tr,2026-05-22T14:03:38+00:00
2026-05-22,EMPAE,KAP,EMPA ELEKTRONİK SANAYİ VE TİCARET A.Ş. - Bağımsız Denetim Kuruluşunun Belirlenmesi,Bağımsız Denetim Kuruluşunun Belirlenmesi Bağımsız Denetim Kuruluşunun Belirlenmesine İlişkin Tescil ve İlan Hakkında,https://www.kap.org.tr/tr/Bildirim/1610830,tr,2026-05-22T20:44:30+00:00
2026-05-22,EMPAE,KAP,EMPA ELEKTRONİK SANAYİ VE TİCARET A.Ş. - Genel Kurul İşlemlerine İlişkin Bildirim,Genel Kurul İşlemlerine İlişkin Bildirim Olağan Genel Kurul Toplantısının Tescil ve İlanı Hakkında,https://www.kap.org.tr/tr/Bildirim/1610829,tr,2026-05-22T20:44:00+00:00
2026-05-22,EMVAR,KAP,EMLAK VARLIK KİRALAMA A.Ş. - Şirket Genel Bilgi Formu,Şirket Genel Bilgi Formu,https://www.kap.org.tr/tr/Bildirim/1610697,tr,2026-05-22T18:19:13+00:00
2026-05-22,EMVAR,KAP,EMLAK VARLIK KİRALAMA A.Ş. - Pay Dışında Sermaye Piyasası Aracı İşlemlerine İlişkin Bildirim (Faizsiz),Pay Dışında Sermaye Piyasası Aracı İşlemlerine İlişkin Bildirim (Faizsiz) Şirketimiz Tarafından İhraç Edilmiş Olan TRDEMVK52624 ISIN Kodlu Kira Sertifikasının İtfası Hk. ALFIN,https://www.kap.org.tr/tr/Bildirim/1610387,tr,2026-05-22T14:32:56+00:00
2026-05-22,EMVAR,KAP,EMLAK VARLIK KİRALAMA A.Ş. - Pay Dışında Sermaye Piyasası Aracı İşlemlerine İlişkin Bildirim (Faizsiz),Pay Dışında Sermaye Piyasası Aracı İşlemlerine İlişkin Bildirim (Faizsiz) TRDEMVK82654 ISIN Kodlu Kira Sertifikası İhracının Nitelikli Yatırımcıya Satışının Tamamlanması Hk.,https://www.kap.org.tr/tr/Bildirim/1610248,tr,2026-05-22T09:47:22+00:00
2026-05-22,EMVAR,KAP,EMLAK VARLIK KİRALAMA A.Ş. - Pay Dışında Sermaye Piyasası Aracı İşlemlerine İlişkin Bildirim (Faizsiz),Pay Dışında Sermaye Piyasası Aracı İşlemlerine İlişkin Bildirim (Faizsiz) TRDEMVK82647 ISIN Kodlu Kira Sertifikası İhracının Nitelikli Yatırımcıya Satışının Tamamlanması Hk.,https://www.kap.org.tr/tr/Bildirim/1610247,tr,2026-05-22T09:45:07+00:00
2026-05-22,ERCB,KAP,ERCİYAS ÇELİK BORU SANAYİ A.Ş. - Şirket Genel Bilgi Formu,Şirket Genel Bilgi Formu,https://www.kap.org.tr/tr/Bildirim/1610755,tr,2026-05-22T18:43:16+00:00
2026-05-22,ERCB,KAP,ERCİYAS ÇELİK BORU SANAYİ A.Ş. - Özel Durum Açıklaması (Genel),Özel Durum Açıklaması (Genel) Yönetim Kurulu Görev Dağılımı,https://www.kap.org.tr/tr/Bildirim/1610753,tr,2026-05-22T18:42:12+00:00
2026-05-22,EREGL,KAP,EREĞLİ DEMİR VE ÇELİK FABRİKALARI T.A.Ş. - Kurumsal Yönetim İlkelerine Uyum Derecelendirmesi,Kurumsal Yönetim İlkelerine Uyum Derecelendirmesi Kurumsal Yönetim İlkelerine Uyum Derecelendirme Sözleşmesi'nin Yenilenmesi,https://www.kap.org.tr/tr/Bildirim/1610422,tr,2026-05-22T15:30:29+00:00
2026-05-22,ETYAT,KAP,EURO TREND YATIRIM ORTAKLIĞI A.Ş. - Özel Durum Açıklaması (Genel),"Özel Durum Açıklaması (Genel) BİAŞ'da oluşan ağırlıklı ortalama fiyatın,pay başına net aktif değerin 2 katını aşması",https://www.kap.org.tr/tr/Bildirim/1610415,tr,2026-05-22T15:14:47+00:00
2026-05-22,EUKYO,KAP,EURO KAPİTAL YATIRIM ORTAKLIĞI A.Ş. - Özel Durum Açıklaması (Genel),"Özel Durum Açıklaması (Genel) BİAŞ'da oluşan ağırlıklı ortalama fiyatın,pay başına net aktif değerin 2 katını aşması",https://www.kap.org.tr/tr/Bildirim/1610416,tr,2026-05-22T15:15:19+00:00
2026-05-22,EUYO,KAP,EURO MENKUL KIYMET YATIRIM ORTAKLIĞI A.Ş. - Özel Durum Açıklaması (Genel),"Özel Durum Açıklaması (Genel) BİAŞ'da oluşan ağırlıklı ortalama fiyatın,pay başına net aktif değerin 2 katını aşması",https://www.kap.org.tr/tr/Bildirim/1610414,tr,2026-05-22T15:14:15+00:00
2026-05-22,FADE,KAP,FADE GIDA YATIRIM SANAYİ TİCARET A.Ş. - Özel Durum Açıklaması (Genel),Özel Durum Açıklaması (Genel) Şirket Geçici Yönetim Kurulu Üyesinin Atanması,https://www.kap.org.tr/tr/Bildirim/1610710,tr,2026-05-22T18:28:24+00:00
2026-05-22,FADE,KAP,FADE GIDA YATIRIM SANAYİ TİCARET A.Ş. - Özel Durum Açıklaması (Genel),Özel Durum Açıklaması (Genel) Yönetim Kurulu Başkan Yardımcısı ve Şirket Ortağı Sayın Faruk DEMİR'in Vefatı Hakkında,https://www.kap.org.tr/tr/Bildirim/1610707,tr,2026-05-22T18:27:35+00:00
2026-05-22,FIN,KAP,QNB BANK A.Ş. - Pay Dışında Sermaye Piyasası Aracı İşlemlerine İlişkin Bildirim (Faiz İçeren),Pay Dışında Sermaye Piyasası Aracı İşlemlerine İlişkin Bildirim (Faiz İçeren) QNB Bank A.Ş. Borçlanma Aracı Satışın Tamamlanması hk.,https://www.kap.org.tr/tr/Bildirim/1610402,tr,2026-05-22T15:01:36+00:00
2026-05-22,FIN,KAP,QNB BANK A.Ş. - Pay Dışında Sermaye Piyasası Aracı İşlemlerine İlişkin Bildirim (Faiz İçeren),Pay Dışında Sermaye Piyasası Aracı İşlemlerine İlişkin Bildirim (Faiz İçeren) MTN programı kapsamında yurtdışında ihraç edilen borçlanma aracının ihracı,https://www.kap.org.tr/tr/Bildirim/1610386,tr,2026-05-22T14:25:56+00:00
2026-05-22,FIN,KAP,QNB BANK A.Ş. - Pay Dışında Sermaye Piyasası Aracı İşlemlerine İlişkin Bildirim (Faiz İçeren),Pay Dışında Sermaye Piyasası Aracı İşlemlerine İlişkin Bildirim (Faiz İçeren) MTN programı kapsamında yurtdışında ihraç edilen borçlanma aracının ihracı,https://www.kap.org.tr/tr/Bildirim/1610385,tr,2026-05-22T14:25:36+00:00
2026-05-22,FIN,KAP,QNB BANK A.Ş. - Pay Dışında Sermaye Piyasası Aracı İşlemlerine İlişkin Bildirim (Faiz İçeren),Pay Dışında Sermaye Piyasası Aracı İşlemlerine İlişkin Bildirim (Faiz İçeren) MTN programı kapsamında yurtdışında ihraç edilen borçlanma aracının itfası,https://www.kap.org.tr/tr/Bildirim/1610384,tr,2026-05-22T14:25:08+00:00
2026-05-22,FIN,KAP,QNB BANK A.Ş. - Pay Dışında Sermaye Piyasası Aracı İşlemlerine İlişkin Bildirim (Faiz İçeren),Pay Dışında Sermaye Piyasası Aracı İşlemlerine İlişkin Bildirim (Faiz İçeren) QNB Bank A.Ş. Borçlanma Aracı Satışın Tamamlanması hk.,https://www.kap.org.tr/tr/Bildirim/1610288,tr,2026-05-22T11:01:00+00:00
2026-05-22,FROTO,KAP,FORD OTOMOTİV SANAYİ A.Ş. - Özel Durum Açıklaması (Genel),"Özel Durum Açıklaması (Genel) Koç Finansman A.Ş Paylarının Satın Alımına İlişkin Rekabet Kurulu Onayı ARCLK, KCHOL, KOCFN",https://www.kap.org.tr/tr/Bildirim/1610749,tr,2026-05-22T18:40:00+00:00
2026-05-22,GARAN,KAP,TÜRKİYE GARANTİ BANKASI A.Ş. - Yatırım Kuruluşu Varant - Sertifika - Senetlerine İlişkin Bildirim,Yatırım Kuruluşu Varant - Sertifika - Senetlerine İlişkin Bildirim Yatırım Kuruluşu Varantları İtfa Fiyatları,https://www.kap.org.tr/tr/Bildirim/1610791,tr,2026-05-22T19:06:52+00:00
2026-05-22,GENKM,KAP,GENTAŞ KİMYA SANAYİ VE TİCARET PAZARLAMA A.Ş. - Sermaye Artırımından Elde Edilecek - Edilen Fonun Kullanımına İlişkin Rapor,Sermaye Artırımından Elde Edilecek - Edilen Fonun Kullanımına İlişkin Rapor Fon Kullanım Raporu 31032026,https://www.kap.org.tr/tr/Bildirim/1610309,tr,2026-05-22T11:33:08+00:00
2026-05-22,GENKM,KAP,GENTAŞ KİMYA SANAYİ VE TİCARET PAZARLAMA A.Ş. - Şirket Genel Bilgi Formu,Şirket Genel Bilgi Formu,https://www.kap.org.tr/tr/Bildirim/1610308,tr,2026-05-22T11:32:28+00:00
2026-05-22,GGBVK,KAP,GOLDEN GLOBAL VARLIK KİRALAMA A.Ş. - Pay Dışında Sermaye Piyasası Aracı İşlemlerine İlişkin Bildirim (Faizsiz),Pay Dışında Sermaye Piyasası Aracı İşlemlerine İlişkin Bildirim (Faizsiz) TRDGLVK92627 ISIN Kodlu Kira Sertifikasının 8. Kupon Ödemesinin Tamamlanması Hk. GGI,https://www.kap.org.tr/tr/Bildirim/1610423,tr,2026-05-22T15:35:07+00:00
2026-05-22,GGBVK,KAP,GOLDEN GLOBAL VARLIK KİRALAMA A.Ş. - Pay Dışında Sermaye Piyasası Aracı İşlemlerine İlişkin Bildirim (Faizsiz),Pay Dışında Sermaye Piyasası Aracı İşlemlerine İlişkin Bildirim (Faizsiz) TRDGLVK92627 ISIN Kodlu Kira Sertifikası İhracınının 8. Kupon Oranının Belirlenmesi GGI,https://www.kap.org.tr/tr/Bildirim/1610250,tr,2026-05-22T09:51:50+00:00
2026-05-22,GLCVY,KAP,GELECEK VARLIK YÖNETİMİ A.Ş. - Özel Durum Açıklaması (Genel),"Özel Durum Açıklaması (Genel) İhale sonrası Devir ve Temlik İşlemlerinin tamamlanması hk. YKB, YKBNK",https://www.kap.org.tr/tr/Bildirim/1610649,tr,2026-05-22T18:10:50+00:00
2026-05-22,GLYHO,KAP,GLOBAL YATIRIM HOLDİNG A.Ş. - Bağımsız Denetim Kuruluşunun Belirlenmesi,Bağımsız Denetim Kuruluşunun Belirlenmesi Bağımsız Denetim Kuruluşu seçiminin tescili ve TTSG?de ilanı,https://www.kap.org.tr/tr/Bildirim/1610347,tr,2026-05-22T12:57:31+00:00
2026-05-22,GLYHO,KAP,GLOBAL YATIRIM HOLDİNG A.Ş. - Genel Kurul İşlemlerine İlişkin Bildirim,Genel Kurul İşlemlerine İlişkin Bildirim Şirketimizin Genel Kurulunun tescili hk.,https://www.kap.org.tr/tr/Bildirim/1610346,tr,2026-05-22T12:56:46+00:00
2026-05-22,GOODY,KAP,GOODYEAR LASTİKLERİ T.A.Ş. - Özel Durum Açıklaması (Genel),Özel Durum Açıklaması (Genel) Üst Yönetim Değişikliği,https://www.kap.org.tr/tr/Bildirim/1610321,tr,2026-05-22T11:56:26+00:00
2026-05-22,GRNYO,KAP,GARANTİ YATIRIM ORTAKLIĞI A.Ş. - Özel Durum Açıklaması (Genel),"Özel Durum Açıklaması (Genel) Paylarının BİAŞ'ta oluşan ağırlıklı ortalama fiyatının, pay başına net aktif değerinin 2 katını aşması hakkında.",https://www.kap.org.tr/tr/Bildirim/1610374,tr,2026-05-22T14:03:15+00:00
2026-05-22,GSRAY,KAP,GALATASARAY SPORTİF SINAİ VE TİCARİ YATIRIMLAR A.Ş. - Özel Durum Açıklaması (Genel),Özel Durum Açıklaması (Genel) Yönetim Kurulu Üyesi İstifası Hakkında,https://www.kap.org.tr/tr/Bildirim/1610585,tr,2026-05-22T17:43:30+00:00
2026-05-22,GSRAY,KAP,GALATASARAY SPORTİF SINAİ VE TİCARİ YATIRIMLAR A.Ş. - Özel Durum Açıklaması (Genel),Özel Durum Açıklaması (Genel) Yönetim Kurulu Üyesi İstifası Hakkında,https://www.kap.org.tr/tr/Bildirim/1610583,tr,2026-05-22T17:42:54+00:00
2026-05-22,GUNDG,KAP,GÜNDOĞDU GIDA SÜT ÜRÜNLERİ SANAYİ VE DIŞ TİCARET A.Ş. - Sermaye Artırımı - Azaltımı İşlemlerine İlişkin Bildirim,Sermaye Artırımı - Azaltımı İşlemlerine İlişkin Bildirim Tahsisli Sermaye Artırımına İlişkin SPK Başvurusu,https://www.kap.org.tr/tr/Bildirim/1610712,tr,2026-05-22T18:30:18+00:00
2026-05-22,HALKB,KAP,TÜRKİYE HALK BANKASI A.Ş. - İhraç Belgesi,İhraç Belgesi Sermaye Benzeri Borçlanma Aracı İhracına İlişkin İhraç Belgesi,https://www.kap.org.tr/tr/Bildirim/1610264,tr,2026-05-22T10:13:45+00:00
2026-05-22,HALKI,KAP,HALK YATIRIM MENKUL DEĞERLER A.Ş. - Kredi Derecelendirmesi,Kredi Derecelendirmesi JCR Euraisa Rating Notu Hakkında,https://www.kap.org.tr/tr/Bildirim/1610468,tr,2026-05-22T16:23:01+00:00
2026-05-22,HALKI,KAP,HALK YATIRIM MENKUL DEĞERLER A.Ş. - Özel Durum Açıklaması (Genel),Özel Durum Açıklaması (Genel) Genel Müdürlük Adres Değişikliği Hakkında,https://www.kap.org.tr/tr/Bildirim/1610459,tr,2026-05-22T16:18:21+00:00
2026-05-22,HALKI,KAP,HALK YATIRIM MENKUL DEĞERLER A.Ş. - Şirket Genel Bilgi Formu,Şirket Genel Bilgi Formu,https://www.kap.org.tr/tr/Bildirim/1610458,tr,2026-05-22T16:18:11+00:00
2026-05-22,HALKI,KAP,HALK YATIRIM MENKUL DEĞERLER A.Ş. - Pay Dışında Sermaye Piyasası Aracı İşlemlerine İlişkin Bildirim (Faiz İçeren),Pay Dışında Sermaye Piyasası Aracı İşlemlerine İlişkin Bildirim (Faiz İçeren) TRFHALK52636 ISIN kodlu Finansman Bonosunun Kupon Ödemesi ve İtfası,https://www.kap.org.tr/tr/Bildirim/1610388,tr,2026-05-22T14:43:45+00:00
2026-05-22,HDFFL,KAP,HEDEF ARAÇ KİRALAMA VE SERVİS A.Ş. - Pay Dışında Sermaye Piyasası Aracı İşlemlerine İlişkin Bildirim (Faiz İçeren),Pay Dışında Sermaye Piyasası Aracı İşlemlerine İlişkin Bildirim (Faiz İçeren) 2. Kupon Oranının Belirlenmesi,https://www.kap.org.tr/tr/Bildirim/1610795,tr,2026-05-22T19:23:14+00:00
2026-05-22,HDFYB,KAP,HEDEF YATIRIM BANKASI A.Ş. - Şirket Genel Bilgi Formu,Şirket Genel Bilgi Formu,https://www.kap.org.tr/tr/Bildirim/1610312,tr,2026-05-22T11:39:45+00:00
2026-05-22,HEDEF,KAP,HEDEF HOLDİNG A.Ş. - Sermaye Artırımı - Azaltımı İşlemlerine İlişkin Bildirim,Sermaye Artırımı - Azaltımı İşlemlerine İlişkin Bildirim Bedelsiz Sermaye Artırımına İlişkin SPK Onayı Hk.,https://www.kap.org.tr/tr/Bildirim/1610750,tr,2026-05-22T18:40:13+00:00
2026-05-22,HLY,KAP,HALK YATIRIM MENKUL DEĞERLER A.Ş. - Kredi Derecelendirmesi,Kredi Derecelendirmesi JCR Euraisa Rating Notu Hakkında,https://www.kap.org.tr/tr/Bildirim/1610468,tr,2026-05-22T16:23:01+00:00
2026-05-22,HLY,KAP,HALK YATIRIM MENKUL DEĞERLER A.Ş. - Özel Durum Açıklaması (Genel),Özel Durum Açıklaması (Genel) Genel Müdürlük Adres Değişikliği Hakkında,https://www.kap.org.tr/tr/Bildirim/1610459,tr,2026-05-22T16:18:21+00:00
2026-05-22,HLY,KAP,HALK YATIRIM MENKUL DEĞERLER A.Ş. - Şirket Genel Bilgi Formu,Şirket Genel Bilgi Formu,https://www.kap.org.tr/tr/Bildirim/1610458,tr,2026-05-22T16:18:11+00:00
2026-05-22,HLY,KAP,HALK YATIRIM MENKUL DEĞERLER A.Ş. - Pay Dışında Sermaye Piyasası Aracı İşlemlerine İlişkin Bildirim (Faiz İçeren),Pay Dışında Sermaye Piyasası Aracı İşlemlerine İlişkin Bildirim (Faiz İçeren) TRFHALK52636 ISIN kodlu Finansman Bonosunun Kupon Ödemesi ve İtfası,https://www.kap.org.tr/tr/Bildirim/1610388,tr,2026-05-22T14:43:45+00:00
2026-05-22,HTTBT,KAP,HİTİT BİLGİSAYAR HİZMETLERİ A.Ş. - Özel Durum Açıklaması (Genel),Özel Durum Açıklaması (Genel) Kredi kullanımı hakkında,https://www.kap.org.tr/tr/Bildirim/1610653,tr,2026-05-22T18:11:11+00:00
2026-05-22,HTTBT,KAP,HİTİT BİLGİSAYAR HİZMETLERİ A.Ş. - Özel Durum Açıklaması (Genel),Özel Durum Açıklaması (Genel) Telekonferans Toplantısı Bilgilendirmesi,https://www.kap.org.tr/tr/Bildirim/1610230,tr,2026-05-22T09:06:49+00:00
2026-05-22,HUBVC,KAP,HUB GİRİŞİM SERMAYESİ YATIRIM ORTAKLIĞI A.Ş. - Kar Payı Dağıtım İşlemlerine İlişkin Bildirim,Kar Payı Dağıtım İşlemlerine İlişkin Bildirim Kar Payı Dağıtımına İlişkin Yönetim Kurulu Kararı Hk.,https://www.kap.org.tr/tr/Bildirim/1610793,tr,2026-05-22T19:16:33+00:00
2026-05-22,HUBVC,KAP,HUB GİRİŞİM SERMAYESİ YATIRIM ORTAKLIĞI A.Ş. - Genel Kurul İşlemlerine İlişkin Bildirim,Genel Kurul İşlemlerine İlişkin Bildirim 2025 Yılı Olağan Genel Kurulu Ertelenen 2.Toplantısına Davet Hk.,https://www.kap.org.tr/tr/Bildirim/1610754,tr,2026-05-22T18:42:39+00:00
2026-05-22,HUZFA,KAP,HUZUR FAKTORİNG A.Ş. - Pay Dışında Sermaye Piyasası Aracı İşlemlerine İlişkin Bildirim (Faiz İçeren),Pay Dışında Sermaye Piyasası Aracı İşlemlerine İlişkin Bildirim (Faiz İçeren) TRFHZRF82611 ISIN KODLU FİNANSMAN BONOSU 2.KUPON ORANI BELİRLENMESİ,https://www.kap.org.tr/tr/Bildirim/1610545,tr,2026-05-22T17:11:04+00:00
2026-05-22,HYB,KAP,HEDEF YATIRIM BANKASI A.Ş. - Şirket Genel Bilgi Formu,Şirket Genel Bilgi Formu,https://www.kap.org.tr/tr/Bildirim/1610312,tr,2026-05-22T11:39:45+00:00
2026-05-22,INFO,KAP,İNFO YATIRIM MENKUL DEĞERLER A.Ş. - Yatırım Kuruluşu Varant - Sertifika - Senetlerine İlişkin Bildirim,Yatırım Kuruluşu Varant - Sertifika - Senetlerine İlişkin Bildirim 22.05.2026 Vadeli Varantların İtfası,https://www.kap.org.tr/tr/Bildirim/1610747,tr,2026-05-22T18:35:38+00:00
2026-05-22,INFO,KAP,İNFO YATIRIM MENKUL DEĞERLER A.Ş. - Yatırım Kuruluşu Varant - Sertifika - Senetlerine İlişkin Bildirim,Yatırım Kuruluşu Varant - Sertifika - Senetlerine İlişkin Bildirim Yatırım Kuruluşu Varantları İlk Satış Fiyatları,https://www.kap.org.tr/tr/Bildirim/1610482,tr,2026-05-22T16:34:46+00:00
2026-05-22,INFO,KAP,İNFO YATIRIM MENKUL DEĞERLER A.Ş. - Yatırım Kuruluşu Varant - Sertifika - Senetlerine İlişkin Bildirim,Yatırım Kuruluşu Varant - Sertifika - Senetlerine İlişkin Bildirim Yatırım Kuruluşu Varantları Sıralarının Kapatılması,https://www.kap.org.tr/tr/Bildirim/1610316,tr,2026-05-22T11:44:00+00:00
2026-05-22,INVEO,KAP,INVEO YATIRIM HOLDİNG A.Ş. - Özel Durum Açıklaması (Genel),Özel Durum Açıklaması (Genel) İstanbul Kandilli Gayrimenkul Yatırım AŞye Sermaye Avansı Verilmesi Hakkında.,https://www.kap.org.tr/tr/Bildirim/1610630,tr,2026-05-22T18:10:07+00:00
2026-05-22,INVEO,KAP,INVEO YATIRIM HOLDİNG A.Ş. - Pay Dışında Sermaye Piyasası Aracı İşlemlerine İlişkin Bildirim (Faiz İçeren),Pay Dışında Sermaye Piyasası Aracı İşlemlerine İlişkin Bildirim (Faiz İçeren) Finansman Bono İhracı Hakkında GEDIK,https://www.kap.org.tr/tr/Bildirim/1610266,tr,2026-05-22T10:16:14+00:00
2026-05-22,INVEO,KAP,INVEO YATIRIM HOLDİNG A.Ş. - Pay Dışında Sermaye Piyasası Aracı İşlemlerine İlişkin Bildirim (Faiz İçeren),Pay Dışında Sermaye Piyasası Aracı İşlemlerine İlişkin Bildirim (Faiz İçeren) Finansman bono itfası hk. GEDIK,https://www.kap.org.tr/tr/Bildirim/1610265,tr,2026-05-22T10:15:37+00:00
2026-05-22,ISDMR,KAP,İSKENDERUN DEMİR VE ÇELİK A.Ş. - Kurumsal Yönetim İlkelerine Uyum Derecelendirmesi,Kurumsal Yönetim İlkelerine Uyum Derecelendirmesi Kurumsal Yönetim İlkelerine Uyum Derecelendirme Sözleşmesi'nin Yenilenmesi,https://www.kap.org.tr/tr/Bildirim/1610421,tr,2026-05-22T15:30:05+00:00
2026-05-22,ISFIN,KAP,İŞ FİNANSAL KİRALAMA A.Ş. - Pay Dışında Sermaye Piyasası Aracı İşlemlerine İlişkin Bildirim (Faiz İçeren),Pay Dışında Sermaye Piyasası Aracı İşlemlerine İlişkin Bildirim (Faiz İçeren) TRSISFNK2711 ISIN Kodlu Tahvilin 1. Kupon Ödemesi,https://www.kap.org.tr/tr/Bildirim/1610369,tr,2026-05-22T13:50:08+00:00
2026-05-22,ISFIN,KAP,İŞ FİNANSAL KİRALAMA A.Ş. - Pay Dışında Sermaye Piyasası Aracı İşlemlerine İlişkin Bildirim (Faiz İçeren),Pay Dışında Sermaye Piyasası Aracı İşlemlerine İlişkin Bildirim (Faiz İçeren) TRFISFN52624 ISIN Kodlu Finansman Bonosu Kupon ve İtfa Ödemesi,https://www.kap.org.tr/tr/Bildirim/1610366,tr,2026-05-22T13:49:16+00:00
2026-05-22,ISMEN,KAP,İŞ YATIRIM MENKUL DEĞERLER A.Ş. - Yatırım Kuruluşu Varant - Sertifika - Senetlerine İlişkin Bildirim,Yatırım Kuruluşu Varant - Sertifika - Senetlerine İlişkin Bildirim İş Yatırım Aracı Kuruluş Varantlarının İtfa Bildirimi,https://www.kap.org.tr/tr/Bildirim/1610771,tr,2026-05-22T18:49:56+00:00
2026-05-22,ISMEN,KAP,İŞ YATIRIM MENKUL DEĞERLER A.Ş. - İhraç Tavanına İlişkin Bildirim,İhraç Tavanına İlişkin Bildirim Borçlanma Aracı İhracı İçin Sermaye Piyasası Kurulu Başvurusu,https://www.kap.org.tr/tr/Bildirim/1610469,tr,2026-05-22T16:24:04+00:00
2026-05-22,ISMEN,KAP,İŞ YATIRIM MENKUL DEĞERLER A.Ş. - Yatırım Kuruluşu Varant - Sertifika - Senetlerine İlişkin Bildirim,Yatırım Kuruluşu Varant - Sertifika - Senetlerine İlişkin Bildirim İş Yatırım Sertifika ve Varant Alım Satım İşlemleri,https://www.kap.org.tr/tr/Bildirim/1610289,tr,2026-05-22T11:01:29+00:00
2026-05-22,ISMEN,KAP,İŞ YATIRIM MENKUL DEĞERLER A.Ş. - Piyasa Yapıcılığı Kapsamında Gerçekleştirilen İşlemler Bildirimi,Piyasa Yapıcılığı Kapsamında Gerçekleştirilen İşlemler Bildirimi Borsa Yatırım Fonu Piyasa Yapıcılığı İşlemleri ISGLK,https://www.kap.org.tr/tr/Bildirim/1610287,tr,2026-05-22T11:00:57+00:00
2026-05-22,ISTFK,KAP,İSTANBUL FAKTORİNG A.Ş. - Pay Dışında Sermaye Piyasası Aracı İşlemlerine İlişkin Bildirim (Faiz İçeren),Pay Dışında Sermaye Piyasası Aracı İşlemlerine İlişkin Bildirim (Faiz İçeren) TRFIFAS52621 ISIN Kodlu Finansman Bonosunun 2. Kupon Ödemesi ve İtfası,https://www.kap.org.tr/tr/Bildirim/1610372,tr,2026-05-22T13:50:58+00:00
2026-05-22,ISTFK,KAP,İSTANBUL FAKTORİNG A.Ş. - Pay Dışında Sermaye Piyasası Aracı İşlemlerine İlişkin Bildirim (Faiz İçeren),Pay Dışında Sermaye Piyasası Aracı İşlemlerine İlişkin Bildirim (Faiz İçeren) TRFIFAS52639 ISIN kodlu finansman bonosunun 2. kupon ödemesi ve itfası,https://www.kap.org.tr/tr/Bildirim/1610365,tr,2026-05-22T13:47:15+00:00
2026-05-22,ISTFK,KAP,İSTANBUL FAKTORİNG A.Ş. - Pay Dışında Sermaye Piyasası Aracı İşlemlerine İlişkin Bildirim (Faiz İçeren),Pay Dışında Sermaye Piyasası Aracı İşlemlerine İlişkin Bildirim (Faiz İçeren) Finansman Bonosu İhracının Tamamlanması,https://www.kap.org.tr/tr/Bildirim/1610237,tr,2026-05-22T09:24:38+00:00
2026-05-22,IYF,KAP,İNFO YATIRIM MENKUL DEĞERLER A.Ş. - Yatırım Kuruluşu Varant - Sertifika - Senetlerine İlişkin Bildirim,Yatırım Kuruluşu Varant - Sertifika - Senetlerine İlişkin Bildirim 22.05.2026 Vadeli Varantların İtfası,https://www.kap.org.tr/tr/Bildirim/1610747,tr,2026-05-22T18:35:38+00:00
2026-05-22,IYF,KAP,İNFO YATIRIM MENKUL DEĞERLER A.Ş. - Yatırım Kuruluşu Varant - Sertifika - Senetlerine İlişkin Bildirim,Yatırım Kuruluşu Varant - Sertifika - Senetlerine İlişkin Bildirim Yatırım Kuruluşu Varantları İlk Satış Fiyatları,https://www.kap.org.tr/tr/Bildirim/1610482,tr,2026-05-22T16:34:46+00:00
2026-05-22,IYF,KAP,İNFO YATIRIM MENKUL DEĞERLER A.Ş. - Yatırım Kuruluşu Varant - Sertifika - Senetlerine İlişkin Bildirim,Yatırım Kuruluşu Varant - Sertifika - Senetlerine İlişkin Bildirim Yatırım Kuruluşu Varantları Sıralarının Kapatılması,https://www.kap.org.tr/tr/Bildirim/1610316,tr,2026-05-22T11:44:00+00:00
2026-05-22,IYM,KAP,İŞ YATIRIM MENKUL DEĞERLER A.Ş. - Yatırım Kuruluşu Varant - Sertifika - Senetlerine İlişkin Bildirim,Yatırım Kuruluşu Varant - Sertifika - Senetlerine İlişkin Bildirim İş Yatırım Aracı Kuruluş Varantlarının İtfa Bildirimi,https://www.kap.org.tr/tr/Bildirim/1610771,tr,2026-05-22T18:49:56+00:00
2026-05-22,IYM,KAP,İŞ YATIRIM MENKUL DEĞERLER A.Ş. - İhraç Tavanına İlişkin Bildirim,İhraç Tavanına İlişkin Bildirim Borçlanma Aracı İhracı İçin Sermaye Piyasası Kurulu Başvurusu,https://www.kap.org.tr/tr/Bildirim/1610469,tr,2026-05-22T16:24:04+00:00
2026-05-22,IYM,KAP,İŞ YATIRIM MENKUL DEĞERLER A.Ş. - Yatırım Kuruluşu Varant - Sertifika - Senetlerine İlişkin Bildirim,Yatırım Kuruluşu Varant - Sertifika - Senetlerine İlişkin Bildirim İş Yatırım Sertifika ve Varant Alım Satım İşlemleri,https://www.kap.org.tr/tr/Bildirim/1610289,tr,2026-05-22T11:01:29+00:00
2026-05-22,IYM,KAP,İŞ YATIRIM MENKUL DEĞERLER A.Ş. - Piyasa Yapıcılığı Kapsamında Gerçekleştirilen İşlemler Bildirimi,Piyasa Yapıcılığı Kapsamında Gerçekleştirilen İşlemler Bildirimi Borsa Yatırım Fonu Piyasa Yapıcılığı İşlemleri ISGLK,https://www.kap.org.tr/tr/Bildirim/1610287,tr,2026-05-22T11:00:57+00:00
2026-05-22,IZENR,KAP,İZDEMİR ENERJİ ELEKTRİK ÜRETİM A.Ş. - Faaliyetlerin Kısmen veya Tamamen Durdurulması ya da İmkansız Hale Gelmesi,Faaliyetlerin Kısmen veya Tamamen Durdurulması ya da İmkansız Hale Gelmesi İzdemir Enerji Elektrik Santralinde Yıllık Planlı Bakım Nedeniyle GES Dışındaki Üretim Faaliyetlerine Geçici Süreyle Ara Verilmesi,https://www.kap.org.tr/tr/Bildirim/1610689,tr,2026-05-22T18:17:17+00:00
2026-05-22,JANTS,KAP,JANTSA JANT SANAYİ VE TİCARET A.Ş. - Özel Durum Açıklaması (Genel),Özel Durum Açıklaması (Genel) Konsolide mali tablo hazırlanması hakkında,https://www.kap.org.tr/tr/Bildirim/1610398,tr,2026-05-22T14:59:15+00:00
2026-05-22,KAREL,KAP,KAREL ELEKTRONİK SANAYİ VE TİCARET A.Ş. - Sermaye Artırımı - Azaltımı İşlemlerine İlişkin Bildirim,Sermaye Artırımı - Azaltımı İşlemlerine İlişkin Bildirim Şirketimizin tahsisli sermaye artırım başvurusunun Sermaye Piyasası Kurulu tarafından onaylanması,https://www.kap.org.tr/tr/Bildirim/1610406,tr,2026-05-22T15:03:43+00:00
2026-05-22,KARSN,KAP,KARSAN OTOMOTİV SANAYİİ VE TİCARET A.Ş. - Pay Dışında Sermaye Piyasası Aracı İşlemlerine İlişkin Bildirim (Faiz İçeren),Pay Dışında Sermaye Piyasası Aracı İşlemlerine İlişkin Bildirim (Faiz İçeren) TRFKRSN82622 ISIN Kodlu Tahvilin 3.Kupon Ödemesi,https://www.kap.org.tr/tr/Bildirim/1610409,tr,2026-05-22T15:08:21+00:00
2026-05-22,KARSN,KAP,KARSAN OTOMOTİV SANAYİİ VE TİCARET A.Ş. - Pay Dışında Sermaye Piyasası Aracı İşlemlerine İlişkin Bildirim (Faiz İçeren),Pay Dışında Sermaye Piyasası Aracı İşlemlerine İlişkin Bildirim (Faiz İçeren) TRFKRSN52617 ISIN kodlu bonomuzun İtfası,https://www.kap.org.tr/tr/Bildirim/1610408,tr,2026-05-22T15:08:06+00:00
2026-05-22,KARSN,KAP,KARSAN OTOMOTİV SANAYİİ VE TİCARET A.Ş. - Yeni İş İlişkisi,Yeni İş İlişkisi İspanya Transports Urbans de Sabadell ile e-ATA Sözleşmesinin İmzalanması,https://www.kap.org.tr/tr/Bildirim/1610310,tr,2026-05-22T11:33:59+00:00
2026-05-22,KATVK,KAP,KATILIM VARLIK KİRALAMA A.Ş. - Pay Dışında Sermaye Piyasası Aracı İşlemlerine İlişkin Bildirim (Faizsiz),Pay Dışında Sermaye Piyasası Aracı İşlemlerine İlişkin Bildirim (Faizsiz) TRDKTLM32716 Yurtiçi Kira Sertifikası İhracının 1. Kupon Ödemesi HDFFL,https://www.kap.org.tr/tr/Bildirim/1610344,tr,2026-05-22T12:50:55+00:00
2026-05-22,KATVK,KAP,KATILIM VARLIK KİRALAMA A.Ş. - Pay Dışında Sermaye Piyasası Aracı İşlemlerine İlişkin Bildirim (Faizsiz),Pay Dışında Sermaye Piyasası Aracı İşlemlerine İlişkin Bildirim (Faizsiz) TRDKTLM62713 Yurtiçi Kira Sertifikası İhracının Satışının Tamamlanması HDFFL,https://www.kap.org.tr/tr/Bildirim/1610343,tr,2026-05-22T12:49:57+00:00
2026-05-22,KATVK,KAP,KATILIM VARLIK KİRALAMA A.Ş. - Pay Dışında Sermaye Piyasası Aracı İşlemlerine İlişkin Bildirim (Faizsiz),Pay Dışında Sermaye Piyasası Aracı İşlemlerine İlişkin Bildirim (Faizsiz) TRDKTLM32716 Yurtiçi Kira Sertifikası İhracının 1. Kupon Oranının Belirlenmesi Hk. HDFFL,https://www.kap.org.tr/tr/Bildirim/1610218,tr,2026-05-22T08:42:13+00:00
2026-05-22,KBORU,KAP,KUZEY BORU A.Ş. - Bağımsız Denetim Kuruluşunun Belirlenmesi,Bağımsız Denetim Kuruluşunun Belirlenmesi Bağımsız Denetim Kuruluşu Seçiminin Tescili,https://www.kap.org.tr/tr/Bildirim/1610698,tr,2026-05-22T18:19:41+00:00
2026-05-22,KBORU,KAP,KUZEY BORU A.Ş. - Genel Kurul İşlemlerine İlişkin Bildirim,Genel Kurul İşlemlerine İlişkin Bildirim 2025 Yılı Olağan Genel Kurul Toplantı Sonuçlarının Tescil ve İlanı,https://www.kap.org.tr/tr/Bildirim/1610694,tr,2026-05-22T18:17:47+00:00
2026-05-22,KFEIN,KAP,KAFEİN YAZILIM HİZMETLERİ TİCARET A.Ş. - Kurumsal Yönetim İlkelerine Uyum Derecelendirmesi,Kurumsal Yönetim İlkelerine Uyum Derecelendirmesi Kurumsal Yönetim Derecelendirme Sözleşmesinin Yenilenmesi,https://www.kap.org.tr/tr/Bildirim/1610590,tr,2026-05-22T17:45:00+00:00
2026-05-22,KFILO,KAP,KAYATUR FİLO KİRALAMA A.Ş. - Pay Dışında Sermaye Piyasası Aracı İşlemlerine İlişkin Bildirim (Faiz İçeren),Pay Dışında Sermaye Piyasası Aracı İşlemlerine İlişkin Bildirim (Faiz İçeren) TRFKYTRK2631- ISIN kodlu tahvilin 25.05.2026 tarihli birinci kupon ödemesine ait faiz bildirimidir.,https://www.kap.org.tr/tr/Bildirim/1610551,tr,2026-05-22T17:14:25+00:00
2026-05-22,KLGYO,KAP,KİLER GAYRİMENKUL YATIRIM ORTAKLIĞI A.Ş. - Faaliyet Raporu (Konsolide Olmayan),Faaliyet Raporu (Konsolide Olmayan) 01.01.2026-31.03.2026 Dönemi Faaliyet Raporu,https://www.kap.org.tr/tr/Bildirim/1610802,tr,2026-05-22T19:37:31+00:00
2026-05-22,KLGYO,KAP,KİLER GAYRİMENKUL YATIRIM ORTAKLIĞI A.Ş. - Sorumluluk Beyanı (Konsolide Olmayan),Sorumluluk Beyanı (Konsolide Olmayan) Sorumluluk Beyanı,https://www.kap.org.tr/tr/Bildirim/1610801,tr,2026-05-22T19:37:17+00:00
2026-05-22,KLGYO,KAP,KİLER GAYRİMENKUL YATIRIM ORTAKLIĞI A.Ş. - Finansal Rapor,Finansal Rapor,https://www.kap.org.tr/tr/Bildirim/1610800,tr,2026-05-22T19:37:04+00:00
2026-05-22,KNFRT,KAP,KONFRUT TARIM A.Ş. - Şirket Genel Bilgi Formu,Şirket Genel Bilgi Formu,https://www.kap.org.tr/tr/Bildirim/1610824,tr,2026-05-22T20:23:01+00:00
2026-05-22,KOCMT,KAP,KOÇ METALURJİ A.Ş. - Esas Sözleşme,Esas Sözleşme Esas Sözleşme Hk.,https://www.kap.org.tr/tr/Bildirim/1610427,tr,2026-05-22T15:45:51+00:00
2026-05-22,KOCMT,KAP,KOÇ METALURJİ A.Ş. - Kayıtlı Sermaye Tavanı İşlemlerine İlişkin Bildirim,Kayıtlı Sermaye Tavanı İşlemlerine İlişkin Bildirim Kayıtlı Sermaye Tavanının Arttırılması ve Süresinin Uzatılmasına İlişkin Esas Sözleşme Değişikliğinin Tescili ve İlanı Hk.,https://www.kap.org.tr/tr/Bildirim/1610400,tr,2026-05-22T14:59:23+00:00
2026-05-22,KOCMT,KAP,KOÇ METALURJİ A.Ş. - Bağımsız Denetim Kuruluşunun Belirlenmesi,Bağımsız Denetim Kuruluşunun Belirlenmesi Bağımsız Denetim Kuruluşunun Tescil ve İlanı,https://www.kap.org.tr/tr/Bildirim/1610391,tr,2026-05-22T14:48:57+00:00
2026-05-22,KOCMT,KAP,KOÇ METALURJİ A.Ş. - Genel Kurul İşlemlerine İlişkin Bildirim,Genel Kurul İşlemlerine İlişkin Bildirim 2025 yılına Ait Olağan Genel Kurul Toplantı Sonuçlarının Tescil ve İlanı,https://www.kap.org.tr/tr/Bildirim/1610390,tr,2026-05-22T14:48:18+00:00
2026-05-22,KONKA,KAP,KONYA KAĞIT SANAYİ VE TİCARET A.Ş. - Bağımsız Denetim Kuruluşunun Belirlenmesi,Bağımsız Denetim Kuruluşunun Belirlenmesi 01.01.2026 - 31.12.2026 Hesap Dönemi Bağımsız Denetim Kuruluşu Seçiminin Genel Kurulca Onaylanması Hk.,https://www.kap.org.tr/tr/Bildirim/1610486,tr,2026-05-22T16:43:03+00:00
2026-05-22,KONKA,KAP,KONYA KAĞIT SANAYİ VE TİCARET A.Ş. - Kayıtlı Sermaye Tavanı İşlemlerine İlişkin Bildirim,Kayıtlı Sermaye Tavanı İşlemlerine İlişkin Bildirim Kayıtlı Sermaye Tavan Artırımı ve Geçerlilik Süresinin Genel Kurulca Onaylanması,https://www.kap.org.tr/tr/Bildirim/1610478,tr,2026-05-22T16:31:48+00:00
2026-05-22,KONKA,KAP,KONYA KAĞIT SANAYİ VE TİCARET A.Ş. - Kar Payı Dağıtım İşlemlerine İlişkin Bildirim,Kar Payı Dağıtım İşlemlerine İlişkin Bildirim Kar Payı Dağıtım İşlemlerine İlişkin Bildirim Hk.,https://www.kap.org.tr/tr/Bildirim/1610477,tr,2026-05-22T16:30:43+00:00
2026-05-22,KONKA,KAP,KONYA KAĞIT SANAYİ VE TİCARET A.Ş. - Genel Kurul İşlemlerine İlişkin Bildirim,Genel Kurul İşlemlerine İlişkin Bildirim 2025 Yılı Olağan Genel Kurul Toplantı Sonucu Hakkında,https://www.kap.org.tr/tr/Bildirim/1610462,tr,2026-05-22T16:18:58+00:00
2026-05-22,KORTS,KAP,KORTEKS MENSUCAT SANAYİ VE TİCARET A.Ş. - Pay Dışında Sermaye Piyasası Aracı İşlemlerine İlişkin Bildirim (Faiz İçeren),Pay Dışında Sermaye Piyasası Aracı İşlemlerine İlişkin Bildirim (Faiz İçeren) TRSKORT22726 ISIN kodlu Korteks ihracının 1. kupon ödeme dönemine ilişkin açıklama,https://www.kap.org.tr/tr/Bildirim/1610340,tr,2026-05-22T12:35:35+00:00
2026-05-22,KRDMA,KAP,KARDEMİR KARABÜK DEMİR ÇELİK SANAYİ VE TİCARET A.Ş. - Kredi Derecelendirmesi,Kredi Derecelendirmesi Kredi Derecelendirme Notu Hk.,https://www.kap.org.tr/tr/Bildirim/1610564,tr,2026-05-22T17:27:17+00:00
2026-05-22,KRDMB,KAP,KARDEMİR KARABÜK DEMİR ÇELİK SANAYİ VE TİCARET A.Ş. - Kredi Derecelendirmesi,Kredi Derecelendirmesi Kredi Derecelendirme Notu Hk.,https://www.kap.org.tr/tr/Bildirim/1610564,tr,2026-05-22T17:27:17+00:00
2026-05-22,KRDMD,KAP,KARDEMİR KARABÜK DEMİR ÇELİK SANAYİ VE TİCARET A.Ş. - Kredi Derecelendirmesi,Kredi Derecelendirmesi Kredi Derecelendirme Notu Hk.,https://www.kap.org.tr/tr/Bildirim/1610564,tr,2026-05-22T17:27:17+00:00
2026-05-22,KRGYO,KAP,KÖRFEZ GAYRİMENKUL YATIRIM ORTAKLIĞI A.Ş. - Özel Durum Açıklaması (Genel),Özel Durum Açıklaması (Genel) Gayrimenkul Yatırım Ortaklıklarına İlişkin Esaslar Tebliği 40/3/ç Maddesi Kapsamında Yapılan Açıklama,https://www.kap.org.tr/tr/Bildirim/1610504,tr,2026-05-22T16:57:33+00:00
2026-05-22,KRGYO,KAP,KÖRFEZ GAYRİMENKUL YATIRIM ORTAKLIĞI A.Ş. - İlişkili Taraf İşlemleri,İlişkili Taraf İşlemleri Körfez Termal Projesi Ticari Ünitlerin Satışı Hk.,https://www.kap.org.tr/tr/Bildirim/1610503,tr,2026-05-22T16:57:22+00:00
2026-05-22,KRPLS,KAP,KOROPLAST TEMİZLİK AMBALAJ ÜRÜNLERİ SANAYİ VE DIŞ TİCARET A.Ş. - Özel Durum Açıklaması (Genel),Özel Durum Açıklaması (Genel) Rekabet Kurumu Tarafından Açılan Soruşturmaya İlişkin Kısa Karar hk.,https://www.kap.org.tr/tr/Bildirim/1610678,tr,2026-05-22T18:15:28+00:00
2026-05-22,KSFIN,KAP,KOÇ STELLANTİS FİNANSMAN A.Ş. - Kredi Derecelendirmesi,Kredi Derecelendirmesi KREDİ DERECELENDİRMESİ,https://www.kap.org.tr/tr/Bildirim/1610377,tr,2026-05-22T14:09:25+00:00
2026-05-22,KTSVK,KAP,KT SUKUK VARLIK KİRALAMA A.Ş. - Pay Dışında Sermaye Piyasası Aracı İşlemlerine İlişkin Bildirim (Faizsiz),Pay Dışında Sermaye Piyasası Aracı İşlemlerine İlişkin Bildirim (Faizsiz) TRDKTSK52648 ISIN Kodlu Kira Sertifikası Kupon ve Anapara Ödeme İşlemi Hk.,https://www.kap.org.tr/tr/Bildirim/1610337,tr,2026-05-22T12:30:46+00:00
2026-05-22,KTSVK,KAP,KT SUKUK VARLIK KİRALAMA A.Ş. - Pay Dışında Sermaye Piyasası Aracı İşlemlerine İlişkin Bildirim (Faizsiz),Pay Dışında Sermaye Piyasası Aracı İşlemlerine İlişkin Bildirim (Faizsiz) TRDKTSK52630 ISIN Kodlu Kira Sertifikası Kupon ve Anapara Ödeme İşlemi Hk.,https://www.kap.org.tr/tr/Bildirim/1610336,tr,2026-05-22T12:30:22+00:00
2026-05-22,KTSVK,KAP,KT SUKUK VARLIK KİRALAMA A.Ş. - Tertip İhraç Belgesi,Tertip İhraç Belgesi Tertip İhraç Belgesi 340 Milyon TL SUKKR,https://www.kap.org.tr/tr/Bildirim/1610307,tr,2026-05-22T11:30:50+00:00
2026-05-22,KTSVK,KAP,KT SUKUK VARLIK KİRALAMA A.Ş. - Tertip İhraç Belgesi,Tertip İhraç Belgesi Tertip İhraç Belgesi 250 Milyon TL SUKKR,https://www.kap.org.tr/tr/Bildirim/1610306,tr,2026-05-22T11:30:28+00:00
2026-05-22,LIDFA,KAP,LİDER FAKTORİNG A.Ş. - Sermaye Artırımı - Azaltımı İşlemlerine İlişkin Bildirim,Sermaye Artırımı - Azaltımı İşlemlerine İlişkin Bildirim Bedelsiz Sermaye Artırımı Hk.,https://www.kap.org.tr/tr/Bildirim/1610792,tr,2026-05-22T19:07:17+00:00
2026-05-22,LIDFA,KAP,LİDER FAKTORİNG A.Ş. - Pay Dışında Sermaye Piyasası Aracı İşlemlerine İlişkin Bildirim (Faiz İçeren),Pay Dışında Sermaye Piyasası Aracı İşlemlerine İlişkin Bildirim (Faiz İçeren) TRFLDFK92622 ISIN Kodlu Bono Kupon Ödemesi,https://www.kap.org.tr/tr/Bildirim/1610222,tr,2026-05-22T08:55:26+00:00
2026-05-22,LMKDC,KAP,LİMAK DOĞU ANADOLU ÇİMENTO SANAYİ VE TİCARET A.Ş. - Şirket Genel Bilgi Formu,Şirket Genel Bilgi Formu,https://www.kap.org.tr/tr/Bildirim/1610818,tr,2026-05-22T19:58:40+00:00
2026-05-22,LMKDC,KAP,LİMAK DOĞU ANADOLU ÇİMENTO SANAYİ VE TİCARET A.Ş. - Faaliyetlerin Kısmen veya Tamamen Durdurulması ya da İmkansız Hale Gelmesi,Faaliyetlerin Kısmen veya Tamamen Durdurulması ya da İmkansız Hale Gelmesi Başpınar Hazır Beton Tesisinin Üretim Faaliyetlerinin Durdurulması Hk.,https://www.kap.org.tr/tr/Bildirim/1610799,tr,2026-05-22T19:31:38+00:00
2026-05-22,LXGYO,KAP,LUXERA GAYRİMENKUL YATIRIM ORTAKLIĞI A.Ş. - Halka Arz Fiyatının Belirlenmesinde Esas Alınan Varsayımlara İlişkin Değerlendirme Raporu,Halka Arz Fiyatının Belirlenmesinde Esas Alınan Varsayımlara İlişkin Değerlendirme Raporu Halka Arz Fiyatının Belirlenmesinde Esas Alınan Varsayımlara İlişkin Değerlendirme Raporu,https://www.kap.org.tr/tr/Bildirim/1610603,tr,2026-05-22T18:02:48+00:00
2026-05-22,LXGYO,KAP,LUXERA GAYRİMENKUL YATIRIM ORTAKLIĞI A.Ş. - Sermaye Artırımından Elde Edilecek - Edilen Fonun Kullanımına İlişkin Rapor,Sermaye Artırımından Elde Edilecek - Edilen Fonun Kullanımına İlişkin Rapor Sermaye Artırımından Elde Edilecek Edilen Fonun Kullanımına İlişkin Rapor,https://www.kap.org.tr/tr/Bildirim/1610601,tr,2026-05-22T18:02:36+00:00
2026-05-22,LYDHO,KAP,LYDİA HOLDİNG A.Ş. - Şirket Genel Bilgi Formu,Şirket Genel Bilgi Formu,https://www.kap.org.tr/tr/Bildirim/1610642,tr,2026-05-22T18:10:35+00:00
2026-05-22,LYDHO,KAP,LYDİA HOLDİNG A.Ş. - Kurumsal Yönetim Bilgi Formu (Güncelleme) - Yönetim Kurulu-1,Kurumsal Yönetim Bilgi Formu (Güncelleme) - Yönetim Kurulu-1 Güncelleme,https://www.kap.org.tr/tr/Bildirim/1610636,tr,2026-05-22T18:10:23+00:00
2026-05-22,LYDHO,KAP,LYDİA HOLDİNG A.Ş. - Özel Durum Açıklaması (Genel),Özel Durum Açıklaması (Genel) Yönetim Kurulu Ataması ve Genel Müdür Değişikliği Hk.,https://www.kap.org.tr/tr/Bildirim/1610629,tr,2026-05-22T18:10:06+00:00
2026-05-22,LYDYE,KAP,LYDİA YEŞİL ENERJİ KAYNAKLARI A.Ş. - Şirket Genel Bilgi Formu,Şirket Genel Bilgi Formu,https://www.kap.org.tr/tr/Bildirim/1610661,tr,2026-05-22T18:11:41+00:00
2026-05-22,LYDYE,KAP,LYDİA YEŞİL ENERJİ KAYNAKLARI A.Ş. - Kurumsal Yönetim Bilgi Formu (Güncelleme) - Yönetim Kurulu-1,Kurumsal Yönetim Bilgi Formu (Güncelleme) - Yönetim Kurulu-1 Güncelleme,https://www.kap.org.tr/tr/Bildirim/1610657,tr,2026-05-22T18:11:25+00:00
2026-05-22,LYDYE,KAP,LYDİA YEŞİL ENERJİ KAYNAKLARI A.Ş. - Özel Durum Açıklaması (Genel),Özel Durum Açıklaması (Genel) Yönetimin Kurulu Ataması Hk.,https://www.kap.org.tr/tr/Bildirim/1610651,tr,2026-05-22T18:11:01+00:00
2026-05-22,MACKO,KAP,MACKOLİK İNTERNET HİZMETLERİ TİCARET A.Ş. - Kredi Derecelendirmesi,Kredi Derecelendirmesi Kredi Derecelendirme Notu,https://www.kap.org.tr/tr/Bildirim/1610476,tr,2026-05-22T16:29:34+00:00
2026-05-22,MANAS,KAP,MANAS ENERJİ YÖNETİMİ SANAYİ VE TİCARET A.Ş. - Esas Sözleşme,Esas Sözleşme Esas Sözleşme,https://www.kap.org.tr/tr/Bildirim/1610234,tr,2026-05-22T09:19:19+00:00
2026-05-22,MANAS,KAP,MANAS ENERJİ YÖNETİMİ SANAYİ VE TİCARET A.Ş. - Sermaye Artırımı - Azaltımı İşlemlerine İlişkin Bildirim,Sermaye Artırımı - Azaltımı İşlemlerine İlişkin Bildirim Bedelli Sermaye Artırırmı- Esas Sözleşme Değişikliği,https://www.kap.org.tr/tr/Bildirim/1610231,tr,2026-05-22T09:13:01+00:00
2026-05-22,MAVI,KAP,MAVİ GİYİM SANAYİ VE TİCARET A.Ş. - Kredi Derecelendirmesi,Kredi Derecelendirmesi JCR-ER Kredi Derecelendirme Notu,https://www.kap.org.tr/tr/Bildirim/1610461,tr,2026-05-22T16:18:36+00:00
2026-05-22,MEKAG,KAP,MEKA GLOBAL MAKİNE İMALAT SANAYİ VE TİCARET A.Ş. - Özel Durum Açıklaması (Genel),Özel Durum Açıklaması (Genel) Yönetim Kurulu Başkanın ve Genel Müdürün Aynı Kişi Olmasının Gerekçesi Hk.,https://www.kap.org.tr/tr/Bildirim/1610474,tr,2026-05-22T16:27:46+00:00
2026-05-22,MEKAG,KAP,MEKA GLOBAL MAKİNE İMALAT SANAYİ VE TİCARET A.Ş. - Şirket Genel Bilgi Formu,Şirket Genel Bilgi Formu,https://www.kap.org.tr/tr/Bildirim/1610473,tr,2026-05-22T16:26:57+00:00
2026-05-22,MEKAG,KAP,MEKA GLOBAL MAKİNE İMALAT SANAYİ VE TİCARET A.Ş. - Kurumsal Yönetim Bilgi Formu (Güncelleme) - Yönetim Kurulu-2,Kurumsal Yönetim Bilgi Formu (Güncelleme) - Yönetim Kurulu-2 Yönetim Kurulu Komiteleri,https://www.kap.org.tr/tr/Bildirim/1610467,tr,2026-05-22T16:22:40+00:00
2026-05-22,MEKAG,KAP,MEKA GLOBAL MAKİNE İMALAT SANAYİ VE TİCARET A.Ş. - Yönetim Kurulu Komiteleri,Yönetim Kurulu Komiteleri Komite Üyelerinin Belirlenmesi Hk.,https://www.kap.org.tr/tr/Bildirim/1610464,tr,2026-05-22T16:21:14+00:00
2026-05-22,MEKAG,KAP,MEKA GLOBAL MAKİNE İMALAT SANAYİ VE TİCARET A.Ş. - Özel Durum Açıklaması (Genel),Özel Durum Açıklaması (Genel) Yönetim Kurulu Görev Dağılımı Hk.,https://www.kap.org.tr/tr/Bildirim/1610463,tr,2026-05-22T16:20:21+00:00
2026-05-22,MEKAG,KAP,MEKA GLOBAL MAKİNE İMALAT SANAYİ VE TİCARET A.Ş. - Genel Kurul İşlemlerine İlişkin Bildirim,Genel Kurul İşlemlerine İlişkin Bildirim Olağanüstü Genel Kurul Sonuçları Hakkında,https://www.kap.org.tr/tr/Bildirim/1610378,tr,2026-05-22T14:10:14+00:00
2026-05-22,MEYSU,KAP,MEYSU GIDA SANAYİ VE TİCARET A.Ş. - Sermaye Artırımından Elde Edilecek - Edilen Fonun Kullanımına İlişkin Rapor,Sermaye Artırımından Elde Edilecek - Edilen Fonun Kullanımına İlişkin Rapor Halka Arzdan Elde Edilen Fonun Kullanımına İlişkin Raporu HK.,https://www.kap.org.tr/tr/Bildirim/1610766,tr,2026-05-22T18:48:47+00:00
2026-05-22,MEYSU,KAP,MEYSU GIDA SANAYİ VE TİCARET A.Ş. - Özel Durum Açıklaması (Genel),"Özel Durum Açıklaması (Genel) İncesu Fabrikası?nda, teneke dolum hattı ve cam şişe dolum makinesi yatırımları hk.",https://www.kap.org.tr/tr/Bildirim/1610628,tr,2026-05-22T18:10:06+00:00
2026-05-22,MEYSU,KAP,MEYSU GIDA SANAYİ VE TİCARET A.Ş. - Halka Arz Fiyatının Belirlenmesinde Esas Alınan Varsayımlara İlişkin Değerlendirme Raporu,Halka Arz Fiyatının Belirlenmesinde Esas Alınan Varsayımlara İlişkin Değerlendirme Raporu Halka Arz Fiyatının Belirlenmesinde Esas Alınan Varsayımlara İlişkin Değerlendirme Raporu,https://www.kap.org.tr/tr/Bildirim/1610624,tr,2026-05-22T18:09:39+00:00
2026-05-22,MRBAS,KAP,MARBAŞ MENKUL DEĞERLER A.Ş. - Likidite Sağlayıcılık Kapsamındaki İşlemler,Likidite Sağlayıcılık Kapsamındaki İşlemler MAKİM MAKİNA TEKNOLOJİLERİ SANAYİ VE TİCARET A.Ş. (MAKIM) Paylarında Likidite Sağlayıcılık Kapsamında Gerçekleştirilen İşlemler MAKIM,https://www.kap.org.tr/tr/Bildirim/1610276,tr,2026-05-22T10:30:52+00:00
2026-05-22,MRBKF,KAP,MERCEDES BENZ KAMYON FİNANSMAN A.Ş. - Pay Dışında Sermaye Piyasası Aracı İşlemlerine İlişkin Bildirim (Faiz İçeren),Pay Dışında Sermaye Piyasası Aracı İşlemlerine İlişkin Bildirim (Faiz İçeren) TRSMBKF52613 ISIN Kodlu Tahvilin Kupon Ödemesi ve İtfası,https://www.kap.org.tr/tr/Bildirim/1610842,tr,2026-05-22T21:58:22+00:00
2026-05-22,MRBKF,KAP,MERCEDES BENZ KAMYON FİNANSMAN A.Ş. - Pay Dışında Sermaye Piyasası Aracı İşlemlerine İlişkin Bildirim (Faiz İçeren),Pay Dışında Sermaye Piyasası Aracı İşlemlerine İlişkin Bildirim (Faiz İçeren) TRSMBKF52621 ISIN Kodlu Tahvil Kupon Ödemesi ve İtfası,https://www.kap.org.tr/tr/Bildirim/1610841,tr,2026-05-22T21:57:18+00:00
2026-05-22,MRS,KAP,MARBAŞ MENKUL DEĞERLER A.Ş. - Likidite Sağlayıcılık Kapsamındaki İşlemler,Likidite Sağlayıcılık Kapsamındaki İşlemler MAKİM MAKİNA TEKNOLOJİLERİ SANAYİ VE TİCARET A.Ş. (MAKIM) Paylarında Likidite Sağlayıcılık Kapsamında Gerçekleştirilen İşlemler MAKIM,https://www.kap.org.tr/tr/Bildirim/1610276,tr,2026-05-22T10:30:52+00:00
2026-05-22,MRSHL,KAP,MARSHALL BOYA VE VERNİK SANAYİİ A.Ş. - Kredi Derecelendirmesi,Kredi Derecelendirmesi Kredi Derecenlendirme Notu,https://www.kap.org.tr/tr/Bildirim/1610828,tr,2026-05-22T20:40:40+00:00
2026-05-22,NRBNK,KAP,NUROL YATIRIM BANKASI A.Ş. - İhraç Tavanına İlişkin Bildirim,İhraç Tavanına İlişkin Bildirim Borçlanma Aracı İhraç Belgesi Onayı,https://www.kap.org.tr/tr/Bildirim/1610627,tr,2026-05-22T18:10:04+00:00
2026-05-22,NRBNK,KAP,NUROL YATIRIM BANKASI A.Ş. - İhraç Belgesi,İhraç Belgesi Borçlanma Aracı İhraç Belgesi Onayı,https://www.kap.org.tr/tr/Bildirim/1610609,tr,2026-05-22T18:07:51+00:00
2026-05-22,NYB,KAP,NUROL YATIRIM BANKASI A.Ş. - İhraç Tavanına İlişkin Bildirim,İhraç Tavanına İlişkin Bildirim Borçlanma Aracı İhraç Belgesi Onayı,https://www.kap.org.tr/tr/Bildirim/1610627,tr,2026-05-22T18:10:04+00:00
2026-05-22,NYB,KAP,NUROL YATIRIM BANKASI A.Ş. - İhraç Belgesi,İhraç Belgesi Borçlanma Aracı İhraç Belgesi Onayı,https://www.kap.org.tr/tr/Bildirim/1610609,tr,2026-05-22T18:07:51+00:00
2026-05-22,OFSYM,KAP,OFİS YEM GIDA SANAYİ TİCARET A.Ş. - Özel Durum Açıklaması (Genel),Özel Durum Açıklaması (Genel) GSYO Kuruluş ve SPK başvurusu hk.,https://www.kap.org.tr/tr/Bildirim/1610420,tr,2026-05-22T15:25:54+00:00
2026-05-22,ONCSM,KAP,ONCOSEM ONKOLOJİK SİSTEMLER SANAYİ VE TİCARET A.Ş. - Yeni İş İlişkisi,Yeni İş İlişkisi Yeni İş İlişkisi/Bursa Ali Osman Sönmez Onkoloji Hastanesi Başhekimliği,https://www.kap.org.tr/tr/Bildirim/1610241,tr,2026-05-22T09:31:07+00:00
2026-05-22,ONCSM,KAP,ONCOSEM ONKOLOJİK SİSTEMLER SANAYİ VE TİCARET A.Ş. - Yeni İş İlişkisi,Yeni İş İlişkisi Yeni İş İlişkisi/Ankara Dr.Abdurrahman Yurtaslan Onkoloji Hastanesi,https://www.kap.org.tr/tr/Bildirim/1610240,tr,2026-05-22T09:30:22+00:00
2026-05-22,OPET,KAP,OPET PETROLCÜLÜK A.Ş. - Pay Dışında Sermaye Piyasası Aracı İşlemlerine İlişkin Bildirim (Faiz İçeren),Pay Dışında Sermaye Piyasası Aracı İşlemlerine İlişkin Bildirim (Faiz İçeren) TRSOPAS22814 ISIN kodlu 2.500.000.000 TL tutarındaki tahvilin 1. kupon ödemesi hakkında,https://www.kap.org.tr/tr/Bildirim/1610596,tr,2026-05-22T17:57:36+00:00
2026-05-22,OPET,KAP,OPET PETROLCÜLÜK A.Ş. - Pay Dışında Sermaye Piyasası Aracı İşlemlerine İlişkin Bildirim (Faiz İçeren),Pay Dışında Sermaye Piyasası Aracı İşlemlerine İlişkin Bildirim (Faiz İçeren) TRSOPAS22814 ISIN kodlu tahvilin 1. Kupon Faiz Oranının Belirlenmesi,https://www.kap.org.tr/tr/Bildirim/1610235,tr,2026-05-22T09:21:41+00:00
2026-05-22,ORFIN,KAP,ORFİN FİNANSMAN A.Ş. - Pay Dışında Sermaye Piyasası Aracı İşlemlerine İlişkin Bildirim (Faiz İçeren),Pay Dışında Sermaye Piyasası Aracı İşlemlerine İlişkin Bildirim (Faiz İçeren) TRSORFNA2617 KUPON ÖDEMESİ,https://www.kap.org.tr/tr/Bildirim/1610251,tr,2026-05-22T09:55:11+00:00
2026-05-22,ORGE,KAP,ORGE ENERJİ ELEKTRİK TAAHHÜT A.Ş. - Kredi Derecelendirmesi,Kredi Derecelendirmesi Kredi Derecelendirme Notları hakkında,https://www.kap.org.tr/tr/Bildirim/1610789,tr,2026-05-22T19:05:14+00:00
2026-05-22,OSTIM,KAP,OSTİM ENDÜSTRİYEL YATIRIMLAR VE İŞLETME A.Ş. - Genel Kurul İşlemlerine İlişkin Bildirim,Genel Kurul İşlemlerine İlişkin Bildirim 2025 Yılı Olağan Genel Kurul Toplantı Sonucu Hk.,https://www.kap.org.tr/tr/Bildirim/1610723,tr,2026-05-22T18:33:00+00:00
2026-05-22,OTKAR,KAP,OTOKAR OTOMOTİV VE SAVUNMA SANAYİ A.Ş. - Pay Dışında Sermaye Piyasası Aracı İşlemlerine İlişkin Bildirim (Faiz İçeren),Pay Dışında Sermaye Piyasası Aracı İşlemlerine İlişkin Bildirim (Faiz İçeren) TRSOTKR22817 ISIN Kodlu Tahvilin 1.Kupon Faiz Oranının Belirlenmesi,https://www.kap.org.tr/tr/Bildirim/1610783,tr,2026-05-22T18:55:08+00:00
2026-05-22,OTKAR,KAP,OTOKAR OTOMOTİV VE SAVUNMA SANAYİ A.Ş. - Kredi Derecelendirmesi,Kredi Derecelendirmesi Kredi Derecelendirme Notu,https://www.kap.org.tr/tr/Bildirim/1610782,tr,2026-05-22T18:54:56+00:00
2026-05-22,OYA,KAP,OYAK YATIRIM MENKUL DEĞERLER A.Ş. - Piyasa Yapıcılığı Kapsamında Gerçekleştirilen İşlemler Bildirimi,Piyasa Yapıcılığı Kapsamında Gerçekleştirilen İşlemler Bildirimi 22/05/2026 TARİHLİ OYAYO PİYASA YAPICILIĞI İŞLEMLERİ OYAYO,https://www.kap.org.tr/tr/Bildirim/1610806,tr,2026-05-22T19:40:59+00:00
2026-05-22,OYAYO,KAP,OYAK YATIRIM ORTAKLIĞI A.Ş. - Özel Durum Açıklaması (Genel),"Özel Durum Açıklaması (Genel) Ortaklık paylarının BİAŞ'ta oluşan ağırlıklı ortalama fiyatının, pay başına net aktif değerinin 2 katını aşması hakkında",https://www.kap.org.tr/tr/Bildirim/1610281,tr,2026-05-22T10:48:55+00:00
2026-05-22,OYYAT,KAP,OYAK YATIRIM MENKUL DEĞERLER A.Ş. - Piyasa Yapıcılığı Kapsamında Gerçekleştirilen İşlemler Bildirimi,Piyasa Yapıcılığı Kapsamında Gerçekleştirilen İşlemler Bildirimi 22/05/2026 TARİHLİ OYAYO PİYASA YAPICILIĞI İŞLEMLERİ OYAYO,https://www.kap.org.tr/tr/Bildirim/1610806,tr,2026-05-22T19:40:59+00:00
2026-05-22,OZATD,KAP,ÖZATA DENİZCİLİK SANAYİ VE TİCARET A.Ş. - Kar Payı Dağıtım İşlemlerine İlişkin Bildirim,Kar Payı Dağıtım İşlemlerine İlişkin Bildirim 2025 YILI KAR PAYI DAĞITIM İŞLEMLERİ HAKKINDA,https://www.kap.org.tr/tr/Bildirim/1610502,tr,2026-05-22T16:53:46+00:00
2026-05-22,OZATD,KAP,ÖZATA DENİZCİLİK SANAYİ VE TİCARET A.Ş. - Genel Kurul İşlemlerine İlişkin Bildirim,Genel Kurul İşlemlerine İlişkin Bildirim 2025 Yılı Genel Kurul İşlemlerine İlişkin Bildirim,https://www.kap.org.tr/tr/Bildirim/1610501,tr,2026-05-22T16:53:30+00:00
2026-05-22,OZRDN,KAP,ÖZERDEN AMBALAJ SANAYİ A.Ş. - Özel Durum Açıklaması (Genel),Özel Durum Açıklaması (Genel) Bağlı Ortaklık Kuruluşu,https://www.kap.org.tr/tr/Bildirim/1610794,tr,2026-05-22T19:22:58+00:00
2026-05-22,OZYSR,KAP,ÖZYAŞAR TEL VE GALVANİZLEME SANAYİ A.Ş. - Özel Durum Açıklaması (Genel),Özel Durum Açıklaması (Genel) Halka Arzdan Elde Edilen Fonun Kullanımı,https://www.kap.org.tr/tr/Bildirim/1610840,tr,2026-05-22T21:57:14+00:00
2026-05-22,OZYSR,KAP,ÖZYAŞAR TEL VE GALVANİZLEME SANAYİ A.Ş. - Halka Arz Fiyatının Belirlenmesinde Esas Alınan Varsayımlara İlişkin Değerlendirme Raporu,Halka Arz Fiyatının Belirlenmesinde Esas Alınan Varsayımlara İlişkin Değerlendirme Raporu Halka Arz Fiyatının Belirlenmesinde Esas Alınan Varsayımlara İlişkin Değerlendirme Raporu (01.01.2026-31.03.2026),https://www.kap.org.tr/tr/Bildirim/1610839,tr,2026-05-22T21:56:54+00:00
2026-05-22,OZYSR,KAP,ÖZYAŞAR TEL VE GALVANİZLEME SANAYİ A.Ş. - Sermaye Artırımından Elde Edilecek - Edilen Fonun Kullanımına İlişkin Rapor,Sermaye Artırımından Elde Edilecek - Edilen Fonun Kullanımına İlişkin Rapor Halka Arzdan Elde Edilen Fonun Kullanım Yerlerine İlişkin Rapor,https://www.kap.org.tr/tr/Bildirim/1610838,tr,2026-05-22T21:56:40+00:00
2026-05-22,PASEU,KAP,PASİFİK EURASİA LOJİSTİK DIŞ TİCARET A.Ş. - İhale Süreci / Sonucu,İhale Süreci / Sonucu İhale Süreci Hakkında Bilgilendirme,https://www.kap.org.tr/tr/Bildirim/1610691,tr,2026-05-22T18:17:21+00:00
2026-05-22,PBT,KAP,PASHA YATIRIM BANKASI A.Ş. - Pay Dışında Sermaye Piyasası Aracı İşlemlerine İlişkin Bildirim (Faiz İçeren),Pay Dışında Sermaye Piyasası Aracı İşlemlerine İlişkin Bildirim (Faiz İçeren) PASHA Yatırım Bankası A.Ş. VDMK İtfası,https://www.kap.org.tr/tr/Bildirim/1610419,tr,2026-05-22T15:25:06+00:00
2026-05-22,PBTR,KAP,PASHA YATIRIM BANKASI A.Ş. - Pay Dışında Sermaye Piyasası Aracı İşlemlerine İlişkin Bildirim (Faiz İçeren),Pay Dışında Sermaye Piyasası Aracı İşlemlerine İlişkin Bildirim (Faiz İçeren) PASHA Yatırım Bankası A.Ş. VDMK İtfası,https://www.kap.org.tr/tr/Bildirim/1610419,tr,2026-05-22T15:25:06+00:00
2026-05-22,PENTA,KAP,PENTA TEKNOLOJİ ÜRÜNLERİ DAĞITIM TİCARET A.Ş. - Şirket Genel Bilgi Formu,Şirket Genel Bilgi Formu,https://www.kap.org.tr/tr/Bildirim/1610217,tr,2026-05-22T06:32:24+00:00
2026-05-22,PENTA,KAP,PENTA TEKNOLOJİ ÜRÜNLERİ DAĞITIM TİCARET A.Ş. - Özel Durum Açıklaması (Genel),Özel Durum Açıklaması (Genel) Yönetim Kurulu Üye Değişikliği ve Yeni Üye Ataması,https://www.kap.org.tr/tr/Bildirim/1610216,tr,2026-05-22T06:30:47+00:00
2026-05-22,QNBFF,KAP,QNB FAKTORİNG A.Ş. - Şirket Genel Bilgi Formu,Şirket Genel Bilgi Formu,https://www.kap.org.tr/tr/Bildirim/1610413,tr,2026-05-22T15:14:10+00:00
2026-05-22,QNBTR,KAP,QNB BANK A.Ş. - Pay Dışında Sermaye Piyasası Aracı İşlemlerine İlişkin Bildirim (Faiz İçeren),Pay Dışında Sermaye Piyasası Aracı İşlemlerine İlişkin Bildirim (Faiz İçeren) QNB Bank A.Ş. Borçlanma Aracı Satışın Tamamlanması hk.,https://www.kap.org.tr/tr/Bildirim/1610402,tr,2026-05-22T15:01:36+00:00
2026-05-22,QNBTR,KAP,QNB BANK A.Ş. - Pay Dışında Sermaye Piyasası Aracı İşlemlerine İlişkin Bildirim (Faiz İçeren),Pay Dışında Sermaye Piyasası Aracı İşlemlerine İlişkin Bildirim (Faiz İçeren) MTN programı kapsamında yurtdışında ihraç edilen borçlanma aracının ihracı,https://www.kap.org.tr/tr/Bildirim/1610386,tr,2026-05-22T14:25:56+00:00
2026-05-22,QNBTR,KAP,QNB BANK A.Ş. - Pay Dışında Sermaye Piyasası Aracı İşlemlerine İlişkin Bildirim (Faiz İçeren),Pay Dışında Sermaye Piyasası Aracı İşlemlerine İlişkin Bildirim (Faiz İçeren) MTN programı kapsamında yurtdışında ihraç edilen borçlanma aracının ihracı,https://www.kap.org.tr/tr/Bildirim/1610385,tr,2026-05-22T14:25:36+00:00
2026-05-22,QNBTR,KAP,QNB BANK A.Ş. - Pay Dışında Sermaye Piyasası Aracı İşlemlerine İlişkin Bildirim (Faiz İçeren),Pay Dışında Sermaye Piyasası Aracı İşlemlerine İlişkin Bildirim (Faiz İçeren) MTN programı kapsamında yurtdışında ihraç edilen borçlanma aracının itfası,https://www.kap.org.tr/tr/Bildirim/1610384,tr,2026-05-22T14:25:08+00:00
2026-05-22,QNBTR,KAP,QNB BANK A.Ş. - Pay Dışında Sermaye Piyasası Aracı İşlemlerine İlişkin Bildirim (Faiz İçeren),Pay Dışında Sermaye Piyasası Aracı İşlemlerine İlişkin Bildirim (Faiz İçeren) QNB Bank A.Ş. Borçlanma Aracı Satışın Tamamlanması hk.,https://www.kap.org.tr/tr/Bildirim/1610288,tr,2026-05-22T11:01:00+00:00
2026-05-22,RAYSG,KAP,RAY SİGORTA A.Ş. - Genel Kurul İşlemlerine İlişkin Bildirim,Genel Kurul İşlemlerine İlişkin Bildirim 18 Mayıs 2026 tarihli 2025 yılı Olağan Genel Kurulu'nun Tescil ve İlanı,https://www.kap.org.tr/tr/Bildirim/1610700,tr,2026-05-22T18:21:52+00:00
2026-05-22,RAYSG,KAP,RAY SİGORTA A.Ş. - Bağımsız Denetim Kuruluşunun Belirlenmesi,Bağımsız Denetim Kuruluşunun Belirlenmesi Bağımsız Denetim Kuruluşunun Tescil ve ilanı,https://www.kap.org.tr/tr/Bildirim/1610699,tr,2026-05-22T18:21:33+00:00
2026-05-22,RGYAS,KAP,RÖNESANS GAYRİMENKUL YATIRIM A.Ş. - Özel Durum Açıklaması (Genel),Özel Durum Açıklaması (Genel) Yönetim Kurulu Bağımsız Üye Adaylarına İlişkin SPK Görüşü,https://www.kap.org.tr/tr/Bildirim/1610696,tr,2026-05-22T18:18:48+00:00
2026-05-22,RNPOL,KAP,RAİNBOW POLİKARBONAT SANAYİ TİCARET A.Ş. - Özel Durum Açıklaması (Genel),Özel Durum Açıklaması (Genel) Tarla GES Satışı İçin Yetki Verilmesi,https://www.kap.org.tr/tr/Bildirim/1610704,tr,2026-05-22T18:24:11+00:00
2026-05-22,SAHOL,KAP,HACI ÖMER SABANCI HOLDİNG A.Ş. - Özel Durum Açıklaması (Genel),Özel Durum Açıklaması (Genel) Akçansa Paylarının Devrine Rekabet Kurumu Tarafından İzin Verilmesi AKCNS,https://www.kap.org.tr/tr/Bildirim/1610797,tr,2026-05-22T19:30:11+00:00
2026-05-22,SARKY,KAP,SARKUYSAN ELEKTROLİTİK BAKIR SANAYİ VE TİCARET A.Ş. - Özel Durum Açıklaması (Genel),"Özel Durum Açıklaması (Genel) İştirakimiz CRW Metal Sanayi ve Ticaret A.Ş.?nin Bedelli Sermaye Artırımına Katılım hakkında,",https://www.kap.org.tr/tr/Bildirim/1610702,tr,2026-05-22T18:22:51+00:00
2026-05-22,SAYAS,KAP,SAY YENİLENEBİLİR ENERJİ EKİPMANLARI SANAYİ VE TİCARET A.Ş. - İhale Süreci / Sonucu,İhale Süreci / Sonucu Rüzgar Enerji Endüstrisi Sektöründe Yeni İhale Alınması Hakkında,https://www.kap.org.tr/tr/Bildirim/1610360,tr,2026-05-22T13:29:18+00:00
2026-05-22,SAYAS,KAP,SAY YENİLENEBİLİR ENERJİ EKİPMANLARI SANAYİ VE TİCARET A.Ş. - Genel Kurul İşlemlerine İlişkin Bildirim,Genel Kurul İşlemlerine İlişkin Bildirim Genel Kurul'un Sonuçlanması,https://www.kap.org.tr/tr/Bildirim/1610342,tr,2026-05-22T12:49:55+00:00
2026-05-22,SEKFK,KAP,ŞEKER FİNANSAL KİRALAMA A.Ş. - Kredi Derecelendirmesi,Kredi Derecelendirmesi Kobirate Uluslararası Kredi Derecelendirme ve Kurumsal Yönetim Hizmetleri A.Ş. tarafından hazırlanan Kredi Derecelendirme Not Bildirimi,https://www.kap.org.tr/tr/Bildirim/1610555,tr,2026-05-22T17:16:10+00:00
2026-05-22,SELVA,KAP,SELVA GIDA SANAYİ A.Ş. - Özel Durum Açıklaması (Genel),Özel Durum Açıklaması (Genel) Elektrik Üretim Tesisinin Devreye Alınması Hk.,https://www.kap.org.tr/tr/Bildirim/1610764,tr,2026-05-22T18:47:54+00:00
2026-05-22,SISE,KAP,TÜRKİYE ŞİŞE VE CAM FABRİKALARI A.Ş. - Özel Durum Açıklaması (Genel),Özel Durum Açıklaması (Genel) ABD Stockton Liman Projesinin Sonlandırılması,https://www.kap.org.tr/tr/Bildirim/1610722,tr,2026-05-22T18:32:55+00:00
2026-05-22,SISE,KAP,TÜRKİYE ŞİŞE VE CAM FABRİKALARI A.Ş. - Sürdürülebilirlik Raporu,Sürdürülebilirlik Raporu TSRS Uyumlu 2025 Sürdürülebilirlik Raporu,https://www.kap.org.tr/tr/Bildirim/1610703,tr,2026-05-22T18:23:04+00:00
2026-05-22,SKTAS,KAP,SÖKTAŞ TEKSTİL SANAYİ VE TİCARET A.Ş. - Şirket Genel Bilgi Formu,Şirket Genel Bilgi Formu,https://www.kap.org.tr/tr/Bildirim/1610720,tr,2026-05-22T18:30:40+00:00
2026-05-22,SKTAS,KAP,SÖKTAŞ TEKSTİL SANAYİ VE TİCARET A.Ş. - Özel Durum Açıklaması (Genel),Özel Durum Açıklaması (Genel) Bağlı Ortaklığımızın Sermaye Artırımı Hakkında,https://www.kap.org.tr/tr/Bildirim/1610713,tr,2026-05-22T18:30:19+00:00
2026-05-22,SKYLP,KAP,SKYALP FİNANSAL TEKNOLOJİLER VE DANIŞMANLIK A.Ş. - Özel Durum Açıklaması (Genel),Özel Durum Açıklaması (Genel) NSC Bilişim Birleşme İşlemi - Rekabet Kurulu İzni Hk.,https://www.kap.org.tr/tr/Bildirim/1610695,tr,2026-05-22T18:18:37+00:00
2026-05-22,SMRFA,KAP,SÜMER FAKTORİNG A.Ş. - Pay Dışında Sermaye Piyasası Aracı İşlemlerine İlişkin Bildirim (Faiz İçeren),Pay Dışında Sermaye Piyasası Aracı İşlemlerine İlişkin Bildirim (Faiz İçeren) TRSSUMF52715 ISIN Kodlu Özel Sektör Tahvilinin 2.Kupon Ödemesinin Yapılması Hakkında,https://www.kap.org.tr/tr/Bildirim/1610305,tr,2026-05-22T11:24:22+00:00
2026-05-22,SMRVA,KAP,SÜMER VARLIK YÖNETİM A.Ş. - Pay Dışında Sermaye Piyasası Aracı İşlemlerine İlişkin Bildirim (Faiz İçeren),Pay Dışında Sermaye Piyasası Aracı İşlemlerine İlişkin Bildirim (Faiz İçeren) TRFSUVY22725 ISIN Kodlu Bonoya ait Kupon Oranı Belirlenmesi,https://www.kap.org.tr/tr/Bildirim/1610693,tr,2026-05-22T18:17:37+00:00
2026-05-22,SMRVA,KAP,SÜMER VARLIK YÖNETİM A.Ş. - Bağımsız Denetim Kuruluşunun Belirlenmesi,Bağımsız Denetim Kuruluşunun Belirlenmesi 2026 Yılı Bağımsız Denetim Şirketi Seçimi Tescili,https://www.kap.org.tr/tr/Bildirim/1610690,tr,2026-05-22T18:17:20+00:00
2026-05-22,SMRVA,KAP,SÜMER VARLIK YÖNETİM A.Ş. - Genel Kurul İşlemlerine İlişkin Bildirim,Genel Kurul İşlemlerine İlişkin Bildirim Genel Kurul Kararlarının Tescil ve İlanı Hakkında,https://www.kap.org.tr/tr/Bildirim/1610686,tr,2026-05-22T18:17:03+00:00
2026-05-22,SMRVA,KAP,SÜMER VARLIK YÖNETİM A.Ş. - Özel Durum Açıklaması (Genel),"Özel Durum Açıklaması (Genel) Tahsili Gecikmiş Alacak Portföyü Alımı-İhaleye Konu Alacakların Devrine Yönelik Sözleşmenin İmza Sürecinin Tamamlanması TEB, TEBNK",https://www.kap.org.tr/tr/Bildirim/1610685,tr,2026-05-22T18:16:48+00:00
2026-05-22,SMRVA,KAP,SÜMER VARLIK YÖNETİM A.Ş. - Özel Durum Açıklaması (Genel),"Özel Durum Açıklaması (Genel) Tahsili Gecikmiş Alacak Portföyü Alımı-İhaleye Konu Alacakların Devrine Yönelik Sözleşmenin İmza Sürecinin Tamamlanması YKB, YKBNK",https://www.kap.org.tr/tr/Bildirim/1610683,tr,2026-05-22T18:16:33+00:00
2026-05-22,SMRVA,KAP,SÜMER VARLIK YÖNETİM A.Ş. - Pay Dışında Sermaye Piyasası Aracı İşlemlerine İlişkin Bildirim (Faiz İçeren),Pay Dışında Sermaye Piyasası Aracı İşlemlerine İlişkin Bildirim (Faiz İçeren) TRFSUVY52615 ISIN NOLU BONO İTFASI,https://www.kap.org.tr/tr/Bildirim/1610363,tr,2026-05-22T13:38:38+00:00
2026-05-22,SMRVA,KAP,SÜMER VARLIK YÖNETİM A.Ş. - Pay Dışında Sermaye Piyasası Aracı İşlemlerine İlişkin Bildirim (Faiz İçeren),Pay Dışında Sermaye Piyasası Aracı İşlemlerine İlişkin Bildirim (Faiz İçeren) TRFSUVY52615 ISIN NOLU BONO KUPON ÖDEMESİ,https://www.kap.org.tr/tr/Bildirim/1610361,tr,2026-05-22T13:30:07+00:00
2026-05-22,SNICA,KAP,SANİCA ISI SANAYİ A.Ş. - Sermaye Artırımından Elde Edilecek - Edilen Fonun Kullanımına İlişkin Rapor,Sermaye Artırımından Elde Edilecek - Edilen Fonun Kullanımına İlişkin Rapor Halka Arz Geliri Yeni Fon Kullanım Yerleri,https://www.kap.org.tr/tr/Bildirim/1610821,tr,2026-05-22T20:04:18+00:00
2026-05-22,TABGD,KAP,TAB GIDA SANAYİ VE TİCARET A.Ş. - İlişkili Taraf İşlemleri,İlişkili Taraf İşlemleri İlişkili Taraf İşlemleri Raporu Sonucu,https://www.kap.org.tr/tr/Bildirim/1610625,tr,2026-05-22T18:09:41+00:00
2026-05-22,TABGD,KAP,TAB GIDA SANAYİ VE TİCARET A.Ş. - Bağımsız Denetim Kuruluşunun Belirlenmesi,Bağımsız Denetim Kuruluşunun Belirlenmesi Bağımsız Denetim Kuruluşunun Belirlenmesi,https://www.kap.org.tr/tr/Bildirim/1610621,tr,2026-05-22T18:09:06+00:00
2026-05-22,TAE,KAP,TERA YATIRIM BANKASI A.Ş. - Pay Dışında Sermaye Piyasası Aracı İşlemlerine İlişkin Bildirim (Faiz İçeren),Pay Dışında Sermaye Piyasası Aracı İşlemlerine İlişkin Bildirim (Faiz İçeren) TRFTRYB52629 ISIN Kodlu Finansman Bonosunun İtfası,https://www.kap.org.tr/tr/Bildirim/1610395,tr,2026-05-22T14:56:31+00:00
2026-05-22,TCKRC,KAP,KIRAÇ GALVANİZ TELEKOMİNİKASYON METAL MAKİNE İNŞAAT ELEKTRİK SANAYİ VE TİCARET A.Ş. - Halka Arz Fiyatının Belirlenmesinde Esas Alınan Varsayımlara İlişkin Değerlendirme Raporu,Halka Arz Fiyatının Belirlenmesinde Esas Alınan Varsayımlara İlişkin Değerlendirme Raporu HALKA ARZ FİYATININ BELİRLENMESİNE ESAS ALINAN VARSAYIMLARA İLİŞKİN DEĞERLENDİRME RAPORU,https://www.kap.org.tr/tr/Bildirim/1610680,tr,2026-05-22T18:15:50+00:00
2026-05-22,TEVKS,KAP,TERA VARLIK KİRALAMA A.Ş. - İhraç Tavanına İlişkin Bildirim,İhraç Tavanına İlişkin Bildirim Kira Sertifikası İhracına İlişkin Yönetim Kurulu Kararı Alınması (düzeltme kaydıdır),https://www.kap.org.tr/tr/Bildirim/1610364,tr,2026-05-22T13:39:50+00:00
2026-05-22,TEVKS,KAP,TERA VARLIK KİRALAMA A.Ş. - İhraç Tavanına İlişkin Bildirim,İhraç Tavanına İlişkin Bildirim Kira Sertifikası İhracına İlişkin Yönetim Kurulu Kararı Alınması,https://www.kap.org.tr/tr/Bildirim/1610315,tr,2026-05-22T11:42:29+00:00
2026-05-22,TGB,KAP,TÜRKİYE GARANTİ BANKASI A.Ş. - Yatırım Kuruluşu Varant - Sertifika - Senetlerine İlişkin Bildirim,Yatırım Kuruluşu Varant - Sertifika - Senetlerine İlişkin Bildirim Yatırım Kuruluşu Varantları İtfa Fiyatları,https://www.kap.org.tr/tr/Bildirim/1610791,tr,2026-05-22T19:06:52+00:00
2026-05-22,THL,KAP,TÜRKİYE HALK BANKASI A.Ş. - İhraç Belgesi,İhraç Belgesi Sermaye Benzeri Borçlanma Aracı İhracına İlişkin İhraç Belgesi,https://www.kap.org.tr/tr/Bildirim/1610264,tr,2026-05-22T10:13:45+00:00
2026-05-22,TIMUR,KAP,TİMUR GAYRİMENKUL GELİŞTİRME YAPI VE YATIRIM A.Ş. - Pay Dışında Sermaye Piyasası Aracı İşlemlerine İlişkin Bildirim (Faiz İçeren),Pay Dışında Sermaye Piyasası Aracı İşlemlerine İlişkin Bildirim (Faiz İçeren) TRFTIMG52622 No'lu Tahvilin Kupon Ödemesi ve İtfası,https://www.kap.org.tr/tr/Bildirim/1610428,tr,2026-05-22T15:48:00+00:00
2026-05-22,TKNSA,KAP,TEKNOSA İÇ VE DIŞ TİCARET A.Ş. - Kredi Derecelendirmesi,Kredi Derecelendirmesi Kredi Derecelendirme Notu Değişikliği Hakkında,https://www.kap.org.tr/tr/Bildirim/1610773,tr,2026-05-22T18:50:23+00:00
2026-05-22,TRBNK,KAP,TERA YATIRIM BANKASI A.Ş. - Pay Dışında Sermaye Piyasası Aracı İşlemlerine İlişkin Bildirim (Faiz İçeren),Pay Dışında Sermaye Piyasası Aracı İşlemlerine İlişkin Bildirim (Faiz İçeren) TRFTRYB52629 ISIN Kodlu Finansman Bonosunun İtfası,https://www.kap.org.tr/tr/Bildirim/1610395,tr,2026-05-22T14:56:31+00:00
2026-05-22,TSK,KAP,TÜRKİYE SINAİ KALKINMA BANKASI A.Ş. - Kurumsal Yönetim Bilgi Formu (Güncelleme) - Yönetim Kurulu-2,Kurumsal Yönetim Bilgi Formu (Güncelleme) - Yönetim Kurulu-2 Kurumsal Yönetim Bilgi Formu (Güncelleme) - Yönetim Kurulu-2,https://www.kap.org.tr/tr/Bildirim/1610215,tr,2026-05-22T00:31:31+00:00
2026-05-22,TSKB,KAP,TÜRKİYE SINAİ KALKINMA BANKASI A.Ş. - Kurumsal Yönetim Bilgi Formu (Güncelleme) - Yönetim Kurulu-2,Kurumsal Yönetim Bilgi Formu (Güncelleme) - Yönetim Kurulu-2 Kurumsal Yönetim Bilgi Formu (Güncelleme) - Yönetim Kurulu-2,https://www.kap.org.tr/tr/Bildirim/1610215,tr,2026-05-22T00:31:31+00:00
2026-05-22,TTKOM,KAP,TÜRK TELEKOMÜNİKASYON A.Ş. - Özel Durum Açıklaması (Genel),Özel Durum Açıklaması (Genel) Toplu İş Sözleşmesi Görüşmelerinin Anlaşmayla Sonuçlanması,https://www.kap.org.tr/tr/Bildirim/1610679,tr,2026-05-22T18:15:46+00:00
2026-05-22,TTRAK,KAP,TÜRK TRAKTÖR VE ZİRAAT MAKİNELERİ A.Ş. - Kurumsal Yönetim İlkelerine Uyum Derecelendirmesi,Kurumsal Yönetim İlkelerine Uyum Derecelendirmesi Kurumsal Yönetim Derecelendirme Sözleşmesinin Yenilenmesi,https://www.kap.org.tr/tr/Bildirim/1610410,tr,2026-05-22T15:09:00+00:00
2026-05-22,TUREX,KAP,TUREKS TURİZM TAŞIMACILIK A.Ş. - TSRS Uyumlu Sürdürülebilirlik Raporu,TSRS Uyumlu Sürdürülebilirlik Raporu 2025 yılı Türkiye Sürdürülebilirlik Raporlama Standartları (TSRS) Uyumlu Sürdürülebilirlik Raporu,https://www.kap.org.tr/tr/Bildirim/1610608,tr,2026-05-22T18:06:50+00:00
2026-05-22,TVB,KAP,TÜRKİYE VAKIFLAR BANKASI T.A.O. - İzahname (Özet-SPK Onayına Sunulan),İzahname (Özet-SPK Onayına Sunulan) İzahname (Özet-SPK Onayına Sunulan),https://www.kap.org.tr/tr/Bildirim/1610404,tr,2026-05-22T15:02:50+00:00
2026-05-22,TVB,KAP,TÜRKİYE VAKIFLAR BANKASI T.A.O. - İzahname (Sermaye Piyasası Aracı Notu-SPK Onayına Sunulan),İzahname (Sermaye Piyasası Aracı Notu-SPK Onayına Sunulan) İzahname Sermaye Piyasası Aracı Notu,https://www.kap.org.tr/tr/Bildirim/1610403,tr,2026-05-22T15:02:25+00:00
2026-05-22,TVB,KAP,TÜRKİYE VAKIFLAR BANKASI T.A.O. - İzahname (İhraççı Bilgi Dokümanı-SPK Onayına Sunulan),İzahname (İhraççı Bilgi Dokümanı-SPK Onayına Sunulan) İzahname (İhraççı Bilgi Dokümanı-SPK Onayına Sunulan),https://www.kap.org.tr/tr/Bildirim/1610401,tr,2026-05-22T15:01:20+00:00
2026-05-22,TVB,KAP,TÜRKİYE VAKIFLAR BANKASI T.A.O. - İhraç Tavanına İlişkin Bildirim,İhraç Tavanına İlişkin Bildirim Borçlanma Aracı İhracı SPK ve Borsa İstanbul Başvurusu,https://www.kap.org.tr/tr/Bildirim/1610397,tr,2026-05-22T14:58:21+00:00
2026-05-22,UCAYM,KAP,ÜÇAY MÜHENDİSLİK ENERJİ VE İKLİMLENDİRME TEKNOLOJİLERİ A.Ş. - Halka Arz Fiyatının Belirlenmesinde Esas Alınan Varsayımlara İlişkin Değerlendirme Raporu,Halka Arz Fiyatının Belirlenmesinde Esas Alınan Varsayımlara İlişkin Değerlendirme Raporu Halka Arz Fiyatının Belirlenmesinde Esas Alınan Varsayımlara İlişkin Değerlendirme Raporu,https://www.kap.org.tr/tr/Bildirim/1610822,tr,2026-05-22T20:06:04+00:00
2026-05-22,UFUK,KAP,UFUK YATIRIM YÖNETİM VE GAYRİMENKUL A.Ş. - Şirket Genel Bilgi Formu,Şirket Genel Bilgi Formu,https://www.kap.org.tr/tr/Bildirim/1610665,tr,2026-05-22T18:12:27+00:00
2026-05-22,UFUK,KAP,UFUK YATIRIM YÖNETİM VE GAYRİMENKUL A.Ş. - Kurumsal Yönetim Bilgi Formu (Güncelleme) - Yönetim Kurulu-1,Kurumsal Yönetim Bilgi Formu (Güncelleme) - Yönetim Kurulu-1 Güncelleme,https://www.kap.org.tr/tr/Bildirim/1610664,tr,2026-05-22T18:12:14+00:00
2026-05-22,UFUK,KAP,UFUK YATIRIM YÖNETİM VE GAYRİMENKUL A.Ş. - Özel Durum Açıklaması (Genel),Özel Durum Açıklaması (Genel) Yönetim Kurulu Ataması Hk.,https://www.kap.org.tr/tr/Bildirim/1610663,tr,2026-05-22T18:12:00+00:00
2026-05-22,VAKBN,KAP,TÜRKİYE VAKIFLAR BANKASI T.A.O. - İzahname (Özet-SPK Onayına Sunulan),İzahname (Özet-SPK Onayına Sunulan) İzahname (Özet-SPK Onayına Sunulan),https://www.kap.org.tr/tr/Bildirim/1610404,tr,2026-05-22T15:02:50+00:00
2026-05-22,VAKBN,KAP,TÜRKİYE VAKIFLAR BANKASI T.A.O. - İzahname (Sermaye Piyasası Aracı Notu-SPK Onayına Sunulan),İzahname (Sermaye Piyasası Aracı Notu-SPK Onayına Sunulan) İzahname Sermaye Piyasası Aracı Notu,https://www.kap.org.tr/tr/Bildirim/1610403,tr,2026-05-22T15:02:25+00:00
2026-05-22,VAKBN,KAP,TÜRKİYE VAKIFLAR BANKASI T.A.O. - İzahname (İhraççı Bilgi Dokümanı-SPK Onayına Sunulan),İzahname (İhraççı Bilgi Dokümanı-SPK Onayına Sunulan) İzahname (İhraççı Bilgi Dokümanı-SPK Onayına Sunulan),https://www.kap.org.tr/tr/Bildirim/1610401,tr,2026-05-22T15:01:20+00:00
2026-05-22,VAKBN,KAP,TÜRKİYE VAKIFLAR BANKASI T.A.O. - İhraç Tavanına İlişkin Bildirim,İhraç Tavanına İlişkin Bildirim Borçlanma Aracı İhracı SPK ve Borsa İstanbul Başvurusu,https://www.kap.org.tr/tr/Bildirim/1610397,tr,2026-05-22T14:58:21+00:00
2026-05-22,VAKVK,KAP,VAKIF VARLIK KİRALAMA A.Ş. - Pay Dışında Sermaye Piyasası Aracı İşlemlerine İlişkin Bildirim (Faizsiz),Pay Dışında Sermaye Piyasası Aracı İşlemlerine İlişkin Bildirim (Faizsiz) TRDVVRK82632 ISIN Kodlu Yurtiçi Kira Sertifikası İhracının Satışının Tamamlanması,https://www.kap.org.tr/tr/Bildirim/1610407,tr,2026-05-22T15:05:41+00:00
2026-05-22,VAKVK,KAP,VAKIF VARLIK KİRALAMA A.Ş. - Pay Dışında Sermaye Piyasası Aracı İşlemlerine İlişkin Bildirim (Faizsiz),Pay Dışında Sermaye Piyasası Aracı İşlemlerine İlişkin Bildirim (Faizsiz) TRDVVRK52627 ISIN Kodlu Yurtiçi Kira Sertifikası İhracının İtfa ve Getiri Ödemesi,https://www.kap.org.tr/tr/Bildirim/1610345,tr,2026-05-22T12:51:47+00:00
2026-05-22,VESBE,KAP,VESTEL BEYAZ EŞYA SANAYİ VE TİCARET A.Ş. - Şirket Genel Bilgi Formu,Şirket Genel Bilgi Formu,https://www.kap.org.tr/tr/Bildirim/1610572,tr,2026-05-22T17:30:39+00:00
2026-05-22,VESBE,KAP,VESTEL BEYAZ EŞYA SANAYİ VE TİCARET A.Ş. - Yönetim Kurulu Komiteleri,Yönetim Kurulu Komiteleri Yönetim Kurulu Komite Üyelerinin Belirlenmesi,https://www.kap.org.tr/tr/Bildirim/1610571,tr,2026-05-22T17:30:16+00:00
2026-05-22,VESBE,KAP,VESTEL BEYAZ EŞYA SANAYİ VE TİCARET A.Ş. - Bağımsız Denetim Kuruluşunun Belirlenmesi,Bağımsız Denetim Kuruluşunun Belirlenmesi Bağımsız Denetim Kuruluşu Tescil ve TTSG?de İlanı,https://www.kap.org.tr/tr/Bildirim/1610570,tr,2026-05-22T17:29:49+00:00
2026-05-22,VESBE,KAP,VESTEL BEYAZ EŞYA SANAYİ VE TİCARET A.Ş. - Genel Kurul İşlemlerine İlişkin Bildirim,Genel Kurul İşlemlerine İlişkin Bildirim 2025 Yılı Olağan Genel Kurul Toplantısı Kararlarının Tescili,https://www.kap.org.tr/tr/Bildirim/1610569,tr,2026-05-22T17:29:11+00:00
2026-05-22,VESTL,KAP,VESTEL ELEKTRONİK SANAYİ VE TİCARET A.Ş. - Şirket Genel Bilgi Formu,Şirket Genel Bilgi Formu,https://www.kap.org.tr/tr/Bildirim/1610568,tr,2026-05-22T17:28:23+00:00
2026-05-22,VESTL,KAP,VESTEL ELEKTRONİK SANAYİ VE TİCARET A.Ş. - Yönetim Kurulu Komiteleri,Yönetim Kurulu Komiteleri Yönetim Kurulu Komite Üyelerinin Belirlenmesi,https://www.kap.org.tr/tr/Bildirim/1610566,tr,2026-05-22T17:28:01+00:00
2026-05-22,VESTL,KAP,VESTEL ELEKTRONİK SANAYİ VE TİCARET A.Ş. - Bağımsız Denetim Kuruluşunun Belirlenmesi,Bağımsız Denetim Kuruluşunun Belirlenmesi Bağımsız Denetim Kuruluşu Tescil ve TTSG?de İlanı,https://www.kap.org.tr/tr/Bildirim/1610565,tr,2026-05-22T17:27:35+00:00
2026-05-22,VESTL,KAP,VESTEL ELEKTRONİK SANAYİ VE TİCARET A.Ş. - Genel Kurul İşlemlerine İlişkin Bildirim,Genel Kurul İşlemlerine İlişkin Bildirim 2025 Yılı Olağan Genel Kurul Toplantısı Kararlarının Tescili,https://www.kap.org.tr/tr/Bildirim/1610563,tr,2026-05-22T17:27:10+00:00
2026-05-22,VESTL,KAP,VESTEL ELEKTRONİK SANAYİ VE TİCARET A.Ş. - Pay Dışında Sermaye Piyasası Aracı İşlemlerine İlişkin Bildirim (Faiz İçeren),Pay Dışında Sermaye Piyasası Aracı İşlemlerine İlişkin Bildirim (Faiz İçeren) TRSVSTLA2613 ISIN Kodlu Tahvilin 2. Kupon Dönemine İlişkin Faiz Ödemesi ve 3. Kupon Dönemine İlişkin Faiz Oranı Hakkında,https://www.kap.org.tr/tr/Bildirim/1610293,tr,2026-05-22T11:06:51+00:00
2026-05-22,VKFYO,KAP,VAKIF MENKUL KIYMET YATIRIM ORTAKLIĞI A.Ş. - Özel Durum Açıklaması (Genel),"Özel Durum Açıklaması (Genel) Şirketimizin BİAŞ'da oluşan ağırlıklı ortalama fiyatın, pay başına net aktif değerin 2 katını aşması sebebiyle yapılan açıklamadır.",https://www.kap.org.tr/tr/Bildirim/1610756,tr,2026-05-22T18:43:39+00:00
2026-05-22,YKB,KAP,YAPI VE KREDİ BANKASI A.Ş. - Şirket Genel Bilgi Formu,Şirket Genel Bilgi Formu,https://www.kap.org.tr/tr/Bildirim/1610554,tr,2026-05-22T17:14:56+00:00
2026-05-22,YKB,KAP,YAPI VE KREDİ BANKASI A.Ş. - Pay Dışında Sermaye Piyasası Aracı İşlemlerine İlişkin Bildirim (Faiz İçeren),Pay Dışında Sermaye Piyasası Aracı İşlemlerine İlişkin Bildirim (Faiz İçeren) Yurtdışında borçlanma aracı ihracının tamamlanması,https://www.kap.org.tr/tr/Bildirim/1610553,tr,2026-05-22T17:14:47+00:00
2026-05-22,YKB,KAP,YAPI VE KREDİ BANKASI A.Ş. - Pay Dışında Sermaye Piyasası Aracı İşlemlerine İlişkin Bildirim (Faiz İçeren),Pay Dışında Sermaye Piyasası Aracı İşlemlerine İlişkin Bildirim (Faiz İçeren) Yurtdışında borçlanma aracı ihracının tamamlanması,https://www.kap.org.tr/tr/Bildirim/1610552,tr,2026-05-22T17:14:33+00:00
2026-05-22,YKB,KAP,YAPI VE KREDİ BANKASI A.Ş. - Pay Dışında Sermaye Piyasası Aracı İşlemlerine İlişkin Bildirim (Faiz İçeren),Pay Dışında Sermaye Piyasası Aracı İşlemlerine İlişkin Bildirim (Faiz İçeren) Yurtdışında borçlanma aracı ihracının tamamlanması,https://www.kap.org.tr/tr/Bildirim/1610550,tr,2026-05-22T17:14:15+00:00
2026-05-22,YKB,KAP,YAPI VE KREDİ BANKASI A.Ş. - Pay Dışında Sermaye Piyasası Aracı İşlemlerine İlişkin Bildirim (Faiz İçeren),Pay Dışında Sermaye Piyasası Aracı İşlemlerine İlişkin Bildirim (Faiz İçeren) Yurtdışında borçlanma aracı ihracının tamamlanması,https://www.kap.org.tr/tr/Bildirim/1610549,tr,2026-05-22T17:13:53+00:00
2026-05-22,YKB,KAP,YAPI VE KREDİ BANKASI A.Ş. - Pay Dışında Sermaye Piyasası Aracı İşlemlerine İlişkin Bildirim (Faiz İçeren),Pay Dışında Sermaye Piyasası Aracı İşlemlerine İlişkin Bildirim (Faiz İçeren) Yurtdışında ihraç edilen borçlanma aracının itfası,https://www.kap.org.tr/tr/Bildirim/1610484,tr,2026-05-22T16:35:28+00:00
2026-05-22,YKB,KAP,YAPI VE KREDİ BANKASI A.Ş. - Pay Dışında Sermaye Piyasası Aracı İşlemlerine İlişkin Bildirim (Faiz İçeren),Pay Dışında Sermaye Piyasası Aracı İşlemlerine İlişkin Bildirim (Faiz İçeren) Yurtdışında ihraç edilen borçlanma aracının itfası,https://www.kap.org.tr/tr/Bildirim/1610483,tr,2026-05-22T16:34:50+00:00
2026-05-22,YKBNK,KAP,YAPI VE KREDİ BANKASI A.Ş. - Şirket Genel Bilgi Formu,Şirket Genel Bilgi Formu,https://www.kap.org.tr/tr/Bildirim/1610554,tr,2026-05-22T17:14:56+00:00
2026-05-22,YKBNK,KAP,YAPI VE KREDİ BANKASI A.Ş. - Pay Dışında Sermaye Piyasası Aracı İşlemlerine İlişkin Bildirim (Faiz İçeren),Pay Dışında Sermaye Piyasası Aracı İşlemlerine İlişkin Bildirim (Faiz İçeren) Yurtdışında borçlanma aracı ihracının tamamlanması,https://www.kap.org.tr/tr/Bildirim/1610553,tr,2026-05-22T17:14:47+00:00
2026-05-22,YKBNK,KAP,YAPI VE KREDİ BANKASI A.Ş. - Pay Dışında Sermaye Piyasası Aracı İşlemlerine İlişkin Bildirim (Faiz İçeren),Pay Dışında Sermaye Piyasası Aracı İşlemlerine İlişkin Bildirim (Faiz İçeren) Yurtdışında borçlanma aracı ihracının tamamlanması,https://www.kap.org.tr/tr/Bildirim/1610552,tr,2026-05-22T17:14:33+00:00
2026-05-22,YKBNK,KAP,YAPI VE KREDİ BANKASI A.Ş. - Pay Dışında Sermaye Piyasası Aracı İşlemlerine İlişkin Bildirim (Faiz İçeren),Pay Dışında Sermaye Piyasası Aracı İşlemlerine İlişkin Bildirim (Faiz İçeren) Yurtdışında borçlanma aracı ihracının tamamlanması,https://www.kap.org.tr/tr/Bildirim/1610550,tr,2026-05-22T17:14:15+00:00
2026-05-22,YKBNK,KAP,YAPI VE KREDİ BANKASI A.Ş. - Pay Dışında Sermaye Piyasası Aracı İşlemlerine İlişkin Bildirim (Faiz İçeren),Pay Dışında Sermaye Piyasası Aracı İşlemlerine İlişkin Bildirim (Faiz İçeren) Yurtdışında borçlanma aracı ihracının tamamlanması,https://www.kap.org.tr/tr/Bildirim/1610549,tr,2026-05-22T17:13:53+00:00
2026-05-22,YKBNK,KAP,YAPI VE KREDİ BANKASI A.Ş. - Pay Dışında Sermaye Piyasası Aracı İşlemlerine İlişkin Bildirim (Faiz İçeren),Pay Dışında Sermaye Piyasası Aracı İşlemlerine İlişkin Bildirim (Faiz İçeren) Yurtdışında ihraç edilen borçlanma aracının itfası,https://www.kap.org.tr/tr/Bildirim/1610484,tr,2026-05-22T16:35:28+00:00
2026-05-22,YKBNK,KAP,YAPI VE KREDİ BANKASI A.Ş. - Pay Dışında Sermaye Piyasası Aracı İşlemlerine İlişkin Bildirim (Faiz İçeren),Pay Dışında Sermaye Piyasası Aracı İşlemlerine İlişkin Bildirim (Faiz İçeren) Yurtdışında ihraç edilen borçlanma aracının itfası,https://www.kap.org.tr/tr/Bildirim/1610483,tr,2026-05-22T16:34:50+00:00
2026-05-22,YYLGD,KAP,YAYLA AGRO GIDA SANAYİ VE TİCARET A.Ş. - Bağımsız Denetim Kuruluşunun Belirlenmesi,Bağımsız Denetim Kuruluşunun Belirlenmesi Bağımsız Denetim Kuruluşunun Genel Kurul'ca onaylanması,https://www.kap.org.tr/tr/Bildirim/1610809,tr,2026-05-22T19:52:23+00:00
2026-05-22,YYLGD,KAP,YAYLA AGRO GIDA SANAYİ VE TİCARET A.Ş. - Kar Payı Dağıtım İşlemlerine İlişkin Bildirim,Kar Payı Dağıtım İşlemlerine İlişkin Bildirim Kar dağıtımına ilişkin Genel Kurul kararı,https://www.kap.org.tr/tr/Bildirim/1610808,tr,2026-05-22T19:50:18+00:00
2026-05-22,YYLGD,KAP,YAYLA AGRO GIDA SANAYİ VE TİCARET A.Ş. - Genel Kurul İşlemlerine İlişkin Bildirim,Genel Kurul İşlemlerine İlişkin Bildirim 2025 Yılı Olağan Genel Kurul Toplantı Sonucu,https://www.kap.org.tr/tr/Bildirim/1610807,tr,2026-05-22T19:47:03+00:00
2026-05-22,ZERGY,KAP,ZERAY GAYRİMENKUL YATIRIM ORTAKLIĞI A.Ş. - Bağımsız Denetim Kuruluşunun Belirlenmesi,Bağımsız Denetim Kuruluşunun Belirlenmesi Bağımsız Denetim Kuruluşu Seçiminin Tescili Hakkında,https://www.kap.org.tr/tr/Bildirim/1610574,tr,2026-05-22T17:31:03+00:00
2026-05-22,ZERGY,KAP,ZERAY GAYRİMENKUL YATIRIM ORTAKLIĞI A.Ş. - Genel Kurul İşlemlerine İlişkin Bildirim,Genel Kurul İşlemlerine İlişkin Bildirim Genel Kurul Toplantısı Tescil Edilmiştir.,https://www.kap.org.tr/tr/Bildirim/1610573,tr,2026-05-22T17:30:51+00:00
2026-05-22,ZKBVR,KAP,ZKB VARLIK KİRALAMA A.Ş. - Pay Dışında Sermaye Piyasası Aracı İşlemlerine İlişkin Bildirim (Faizsiz),Pay Dışında Sermaye Piyasası Aracı İşlemlerine İlişkin Bildirim (Faizsiz) TRDZKBV82660 ISIN Kodlu Yurtiçi Kira Sertifikası İhracının Satışının Tamamlanması Hk BALSU,https://www.kap.org.tr/tr/Bildirim/1610249,tr,2026-05-22T09:48:24+00:00
2026-05-22,ZOREN,KAP,ZORLU ENERJİ ELEKTRİK ÜRETİM A.Ş. - Özel Durum Açıklaması (Genel),Özel Durum Açıklaması (Genel) Electrip Global Limited Sermaye Artırımına Katılmama Hakkında,https://www.kap.org.tr/tr/Bildirim/1610748,tr,2026-05-22T18:39:56+00:00
2026-05-22,ZOREN,KAP,ZORLU ENERJİ ELEKTRİK ÜRETİM A.Ş. - Bağımsız Denetim Kuruluşunun Belirlenmesi,Bağımsız Denetim Kuruluşunun Belirlenmesi Bağımsız Denetim Kuruluşu Tescil ve TTSG'de İlanı,https://www.kap.org.tr/tr/Bildirim/1610593,tr,2026-05-22T17:48:23+00:00
2026-05-22,ZOREN,KAP,ZORLU ENERJİ ELEKTRİK ÜRETİM A.Ş. - Genel Kurul İşlemlerine İlişkin Bildirim,Genel Kurul İşlemlerine İlişkin Bildirim 2025 Yılı Olağan Genel Kurul Toplantısının Tescili,https://www.kap.org.tr/tr/Bildirim/1610580,tr,2026-05-22T17:39:32+00:00
2026-05-22,ZOREN,KAP,ZORLU ENERJİ ELEKTRİK ÜRETİM A.Ş. - Pay Dışında Sermaye Piyasası Aracı İşlemlerine İlişkin Bildirim (Faiz İçeren),Pay Dışında Sermaye Piyasası Aracı İşlemlerine İlişkin Bildirim (Faiz İçeren) TRSZORN42725 ISIN Kodlu Tahvilin 1. Kupon Dönemine İlişkin Faiz Ödemesi,https://www.kap.org.tr/tr/Bildirim/1610329,tr,2026-05-22T12:13:49+00:00
2026-05-22,ZOREN,KAP,ZORLU ENERJİ ELEKTRİK ÜRETİM A.Ş. - Pay Dışında Sermaye Piyasası Aracı İşlemlerine İlişkin Bildirim (Faiz İçeren),Pay Dışında Sermaye Piyasası Aracı İşlemlerine İlişkin Bildirim (Faiz İçeren) TRSZORN32718 ISIN Kodlu Tahvilin 1. Kupon Dönemine İlişkin Faiz Ödemesi,https://www.kap.org.tr/tr/Bildirim/1610328,tr,2026-05-22T12:13:38+00:00
2026-05-23,AHSGY,KAP,AHES GAYRİMENKUL YATIRIM ORTAKLIĞI A.Ş. - Kayıtlı Sermaye Tavanı İşlemlerine İlişkin Bildirim,Kayıtlı Sermaye Tavanı İşlemlerine İlişkin Bildirim KSS Tavan Arttırımı İlişkin Yönetim Kurulu Kararı.,https://www.kap.org.tr/tr/Bildirim/1610861,tr,2026-05-23T23:18:29+00:00
2026-05-23,AHSGY,KAP,AHES GAYRİMENKUL YATIRIM ORTAKLIĞI A.Ş. - Genel Kurul İşlemlerine İlişkin Bildirim,Genel Kurul İşlemlerine İlişkin Bildirim 2025 Yılı Olağan Genel Kurul Toplantısı.,https://www.kap.org.tr/tr/Bildirim/1610860,tr,2026-05-23T23:17:38+00:00
2026-05-23,BALSU,KAP,BALSU GIDA SANAYİ VE TİCARET A.Ş. - Halka Arz Fiyatının Belirlenmesinde Esas Alınan Varsayımlara İlişkin Değerlendirme Raporu,Halka Arz Fiyatının Belirlenmesinde Esas Alınan Varsayımlara İlişkin Değerlendirme Raporu Halka Arz Fiyatının Belirlenmesinde Esas Alınan Varsayımlara İlişkin Değerlendirme Raporu,https://www.kap.org.tr/tr/Bildirim/1610856,tr,2026-05-23T13:11:40+00:00
2026-05-23,BRMEN,KAP,BİRLİK MENSUCAT TİCARET VE SANAYİ İŞLETMESİ A.Ş. - Bağımsız Denetim Kuruluşunun Belirlenmesi,Bağımsız Denetim Kuruluşunun Belirlenmesi Bağımsız Denetim Kurulunun Tescil ve İlanı,https://www.kap.org.tr/tr/Bildirim/1610854,tr,2026-05-23T10:52:02+00:00
2026-05-23,BRMEN,KAP,BİRLİK MENSUCAT TİCARET VE SANAYİ İŞLETMESİ A.Ş. - Genel Kurul İşlemlerine İlişkin Bildirim,Genel Kurul İşlemlerine İlişkin Bildirim 2025 Olağan Genel Kurul Tescili,https://www.kap.org.tr/tr/Bildirim/1610853,tr,2026-05-23T10:51:47+00:00
2026-05-23,ERSU,KAP,ERSU MEYVE VE GIDA SANAYİ A.Ş. - Genel Kurul İşlemlerine İlişkin Bildirim,Genel Kurul İşlemlerine İlişkin Bildirim 2025 Yılı Olağan Genel Kurul Toplantısı Hakkında,https://www.kap.org.tr/tr/Bildirim/1610865,tr,2026-05-23T23:59:15+00:00
2026-05-23,ERSU,KAP,ERSU MEYVE VE GIDA SANAYİ A.Ş. - Kar Payı Dağıtım İşlemlerine İlişkin Bildirim,Kar Payı Dağıtım İşlemlerine İlişkin Bildirim 2025 Yılı Kar Payı Dağıtım İşlemleri Hakkında,https://www.kap.org.tr/tr/Bildirim/1610864,tr,2026-05-23T23:46:43+00:00
2026-05-23,ERSU,KAP,ERSU MEYVE VE GIDA SANAYİ A.Ş. - Bağımsız Denetim Kuruluşunun Belirlenmesi,Bağımsız Denetim Kuruluşunun Belirlenmesi Bağımsız Denetim Şirketi Seçimi Hakkında,https://www.kap.org.tr/tr/Bildirim/1610863,tr,2026-05-23T23:43:37+00:00
2026-05-23,FRMPL,KAP,FORMÜL PLASTİK VE METAL SANAYİ A.Ş. - Özel Durum Açıklaması (Genel),Özel Durum Açıklaması (Genel) Yönetici Sorumluluk Sigortası Hakkında,https://www.kap.org.tr/tr/Bildirim/1610862,tr,2026-05-23T23:37:36+00:00
2026-05-23,LOGO,KAP,LOGO YAZILIM SANAYİ VE TİCARET A.Ş. - Payların Geri Alınmasına İlişkin Bildirim,Payların Geri Alınmasına İlişkin Bildirim Pay Geri Alım Programı Çerçevesinde Pay Alımı,https://www.kap.org.tr/tr/Bildirim/1610859,tr,2026-05-23T19:23:07+00:00
2026-05-23,RODRG,KAP,RODRİGO TEKSTİL SANAYİ VE TİCARET A.Ş. - Bağımsız Denetim Kuruluşunun Belirlenmesi,Bağımsız Denetim Kuruluşunun Belirlenmesi 2026 Dönemi Bağımsız Denetim Kuruluşunun Belirlenmesi,https://www.kap.org.tr/tr/Bildirim/1610858,tr,2026-05-23T17:22:57+00:00
2026-05-23,SMRVA,KAP,SÜMER VARLIK YÖNETİM A.Ş. - Pay Dışında Sermaye Piyasası Aracı İşlemlerine İlişkin Bildirim (Faiz İçeren),Pay Dışında Sermaye Piyasası Aracı İşlemlerine İlişkin Bildirim (Faiz İçeren) TRFSUVY22725 ISIN Kodlu Bonoya ait Kupon Oranı Belirlenmesi,https://www.kap.org.tr/tr/Bildirim/1610857,tr,2026-05-23T14:39:20+00:00
2026-05-23,USAK,KAP,UŞAK SERAMİK SANAYİ A.Ş. - Sermaye Artırımından Elde Edilecek - Edilen Fonun Kullanımına İlişkin Rapor,Sermaye Artırımından Elde Edilecek - Edilen Fonun Kullanımına İlişkin Rapor Bedelli Sermaye Artırımından Elde Edilen Fonun Kullanımına İlişkin Rapor,https://www.kap.org.tr/tr/Bildirim/1610855,tr,2026-05-23T12:25:34+00:00
2026-05-24,AHSGY,KAP,AHES GAYRİMENKUL YATIRIM ORTAKLIĞI A.Ş. - Bağımsız Denetim Kuruluşunun Belirlenmesi,Bağımsız Denetim Kuruluşunun Belirlenmesi Bağımsız Denetim Kuruluşunun Belirlenmesi Hk.,https://www.kap.org.tr/tr/Bildirim/1610868,tr,2026-05-24T21:11:04+00:00
2026-05-24,AHSGY,KAP,AHES GAYRİMENKUL YATIRIM ORTAKLIĞI A.Ş. - Esas Sözleşme,Esas Sözleşme Esas Sözleşme,https://www.kap.org.tr/tr/Bildirim/1610867,tr,2026-05-24T15:35:44+00:00
2026-05-24,AHSGY,KAP,AHES GAYRİMENKUL YATIRIM ORTAKLIĞI A.Ş. - Kar Payı Dağıtım İşlemlerine İlişkin Bildirim,Kar Payı Dağıtım İşlemlerine İlişkin Bildirim 2025 Yılı Kar Payı Dağıtımına İlişkin Yönetim Kurulu Önerisi.,https://www.kap.org.tr/tr/Bildirim/1610866,tr,2026-05-24T15:34:19+00:00
2026-05-24,ALTNY,KAP,ALTINAY SAVUNMA TEKNOLOJİLERİ A.Ş. - Özel Durum Açıklaması (Genel),Özel Durum Açıklaması (Genel) Şirketimiz Yatırımcı Sunumunun Yayımlanması Hakkında,https://www.kap.org.tr/tr/Bildirim/1610869,tr,2026-05-24T21:15:34+00:00
2026-05-25,AFB,KAP,AKTİF YATIRIM BANKASI A.Ş. - Pay Dışında Sermaye Piyasası Aracı İşlemlerine İlişkin Bildirim (Faiz İçeren),Pay Dışında Sermaye Piyasası Aracı İşlemlerine İlişkin Bildirim (Faiz İçeren) Finansman Bonosu İhracı ISIN: TRFAKYB22718,https://www.kap.org.tr/tr/Bildirim/1610881,tr,2026-05-25T09:03:24+00:00
2026-05-25,AHGAZ,KAP,AHLATCI DOĞAL GAZ DAĞITIM ENERJİ VE YATIRIM A.Ş. - Payların Geri Alınmasına İlişkin Bildirim,Payların Geri Alınmasına İlişkin Bildirim 25.05.2026 Tarihli Pay Geri Alım İşlemleri,https://www.kap.org.tr/tr/Bildirim/1611103,tr,2026-05-25T18:30:06+00:00
2026-05-25,AKM,KAP,AK YATIRIM MENKUL DEĞERLER A.Ş. - Piyasa Yapıcılığı Kapsamında Gerçekleştirilen İşlemler Bildirimi,"Piyasa Yapıcılığı Kapsamında Gerçekleştirilen İşlemler Bildirimi 18.05.2026 - 22.05.2026 Tarih Aralığında Gerçekleşen Borsa Yatırım Fonları Piyasa Yapıcı İşlemleri APGLD, APMDL",https://www.kap.org.tr/tr/Bildirim/1611070,tr,2026-05-25T17:40:47+00:00
2026-05-25,AKM,KAP,AK YATIRIM MENKUL DEĞERLER A.Ş. - Yatırım Kuruluşu Varant - Sertifika - Senetlerine İlişkin Bildirim,Yatırım Kuruluşu Varant - Sertifika - Senetlerine İlişkin Bildirim Varant ve Sertifika PY Alım Satım Bildirimi,https://www.kap.org.tr/tr/Bildirim/1610947,tr,2026-05-25T11:04:44+00:00
2026-05-25,AKM,KAP,AK YATIRIM MENKUL DEĞERLER A.Ş. - Likidite Sağlayıcılık Kapsamındaki İşlemler,Likidite Sağlayıcılık Kapsamındaki İşlemler KLSYN Paylarında Likidite Sağlayıcılığı Kapsamında Gerçekleştirilen İşlemler 11.05.2026 - 22.05.2026 KLSYN,https://www.kap.org.tr/tr/Bildirim/1610936,tr,2026-05-25T10:48:43+00:00
2026-05-25,AKM,KAP,AK YATIRIM MENKUL DEĞERLER A.Ş. - Yatırım Kuruluşu Varant - Sertifika - Senetlerine İlişkin Bildirim,Yatırım Kuruluşu Varant - Sertifika - Senetlerine İlişkin Bildirim 22.05.2026 Vadeli Brent Petrol ve DAX Endeksi Dayanak Varlıklı Varantların İtfası,https://www.kap.org.tr/tr/Bildirim/1610934,tr,2026-05-25T10:48:22+00:00
2026-05-25,AKM,KAP,AK YATIRIM MENKUL DEĞERLER A.Ş. - Pay Dışında Sermaye Piyasası Aracı İşlemlerine İlişkin Bildirim (Faiz İçeren),Pay Dışında Sermaye Piyasası Aracı İşlemlerine İlişkin Bildirim (Faiz İçeren) 25.05.2026 Vadeli Borçlanma Aracının İtfası,https://www.kap.org.tr/tr/Bildirim/1610933,tr,2026-05-25T10:47:39+00:00
2026-05-25,AKM,KAP,AK YATIRIM MENKUL DEĞERLER A.Ş. - Likidite Sağlayıcılık Kapsamındaki İşlemler,Likidite Sağlayıcılık Kapsamındaki İşlemler AGESA Paylarında Likidite Sağlayıcılığı Kapsamında Gerçekleştirilen İşlemler 11.05.2026 - 22.05.2026 AGESA,https://www.kap.org.tr/tr/Bildirim/1610931,tr,2026-05-25T10:44:53+00:00
2026-05-25,AKMEN,KAP,AK YATIRIM MENKUL DEĞERLER A.Ş. - Piyasa Yapıcılığı Kapsamında Gerçekleştirilen İşlemler Bildirimi,"Piyasa Yapıcılığı Kapsamında Gerçekleştirilen İşlemler Bildirimi 18.05.2026 - 22.05.2026 Tarih Aralığında Gerçekleşen Borsa Yatırım Fonları Piyasa Yapıcı İşlemleri APGLD, APMDL",https://www.kap.org.tr/tr/Bildirim/1611070,tr,2026-05-25T17:40:47+00:00
2026-05-25,AKMEN,KAP,AK YATIRIM MENKUL DEĞERLER A.Ş. - Yatırım Kuruluşu Varant - Sertifika - Senetlerine İlişkin Bildirim,Yatırım Kuruluşu Varant - Sertifika - Senetlerine İlişkin Bildirim Varant ve Sertifika PY Alım Satım Bildirimi,https://www.kap.org.tr/tr/Bildirim/1610947,tr,2026-05-25T11:04:44+00:00
2026-05-25,AKMEN,KAP,AK YATIRIM MENKUL DEĞERLER A.Ş. - Likidite Sağlayıcılık Kapsamındaki İşlemler,Likidite Sağlayıcılık Kapsamındaki İşlemler KLSYN Paylarında Likidite Sağlayıcılığı Kapsamında Gerçekleştirilen İşlemler 11.05.2026 - 22.05.2026 KLSYN,https://www.kap.org.tr/tr/Bildirim/1610936,tr,2026-05-25T10:48:43+00:00
2026-05-25,AKMEN,KAP,AK YATIRIM MENKUL DEĞERLER A.Ş. - Yatırım Kuruluşu Varant - Sertifika - Senetlerine İlişkin Bildirim,Yatırım Kuruluşu Varant - Sertifika - Senetlerine İlişkin Bildirim 22.05.2026 Vadeli Brent Petrol ve DAX Endeksi Dayanak Varlıklı Varantların İtfası,https://www.kap.org.tr/tr/Bildirim/1610934,tr,2026-05-25T10:48:22+00:00
2026-05-25,AKMEN,KAP,AK YATIRIM MENKUL DEĞERLER A.Ş. - Pay Dışında Sermaye Piyasası Aracı İşlemlerine İlişkin Bildirim (Faiz İçeren),Pay Dışında Sermaye Piyasası Aracı İşlemlerine İlişkin Bildirim (Faiz İçeren) 25.05.2026 Vadeli Borçlanma Aracının İtfası,https://www.kap.org.tr/tr/Bildirim/1610933,tr,2026-05-25T10:47:39+00:00
2026-05-25,AKMEN,KAP,AK YATIRIM MENKUL DEĞERLER A.Ş. - Likidite Sağlayıcılık Kapsamındaki İşlemler,Likidite Sağlayıcılık Kapsamındaki İşlemler AGESA Paylarında Likidite Sağlayıcılığı Kapsamında Gerçekleştirilen İşlemler 11.05.2026 - 22.05.2026 AGESA,https://www.kap.org.tr/tr/Bildirim/1610931,tr,2026-05-25T10:44:53+00:00
2026-05-25,AKTIF,KAP,AKTİF YATIRIM BANKASI A.Ş. - Pay Dışında Sermaye Piyasası Aracı İşlemlerine İlişkin Bildirim (Faiz İçeren),Pay Dışında Sermaye Piyasası Aracı İşlemlerine İlişkin Bildirim (Faiz İçeren) Finansman Bonosu İhracı ISIN: TRFAKYB22718,https://www.kap.org.tr/tr/Bildirim/1610881,tr,2026-05-25T09:03:24+00:00
2026-05-25,ALBRK,KAP,ALBARAKA TÜRK KATILIM BANKASI A.Ş. - Özel Durum Açıklaması (Genel),Özel Durum Açıklaması (Genel) Genel Müdür Yardımcısı Atamaları,https://www.kap.org.tr/tr/Bildirim/1611106,tr,2026-05-25T18:36:27+00:00
2026-05-25,ALK,KAP,ALBARAKA TÜRK KATILIM BANKASI A.Ş. - Özel Durum Açıklaması (Genel),Özel Durum Açıklaması (Genel) Genel Müdür Yardımcısı Atamaları,https://www.kap.org.tr/tr/Bildirim/1611106,tr,2026-05-25T18:36:27+00:00
2026-05-25,ALKLC,KAP,ALTINKILIÇ GIDA VE SÜT SANAYİ TİCARET A.Ş. - Kurumsal Yönetim Bilgi Formu (Güncelleme) - Yönetim Kurulu-2,Kurumsal Yönetim Bilgi Formu (Güncelleme) - Yönetim Kurulu-2 Güncelleme,https://www.kap.org.tr/tr/Bildirim/1611131,tr,2026-05-25T23:24:23+00:00
2026-05-25,ALKLC,KAP,ALTINKILIÇ GIDA VE SÜT SANAYİ TİCARET A.Ş. - Şirket Genel Bilgi Formu,Şirket Genel Bilgi Formu,https://www.kap.org.tr/tr/Bildirim/1611130,tr,2026-05-25T23:23:13+00:00
2026-05-25,ALKLC,KAP,ALTINKILIÇ GIDA VE SÜT SANAYİ TİCARET A.Ş. - Yönetim Kurulu Komiteleri,Yönetim Kurulu Komiteleri Yönetim Kurulu Komitelerinin Belirlenmesi Hakkında,https://www.kap.org.tr/tr/Bildirim/1611129,tr,2026-05-25T23:07:53+00:00
2026-05-25,ALKLC,KAP,ALTINKILIÇ GIDA VE SÜT SANAYİ TİCARET A.Ş. - Özel Durum Açıklaması (Genel),"Özel Durum Açıklaması (Genel) Yönetim Kurulu Görevlendirme,Temsil ve İlzam Hakkında,",https://www.kap.org.tr/tr/Bildirim/1611128,tr,2026-05-25T23:07:44+00:00
2026-05-25,ANHYT,KAP,ANADOLU HAYAT EMEKLİLİK A.Ş. - Kurumsal Yönetim Uyum Raporu (Güncelleme),Kurumsal Yönetim Uyum Raporu (Güncelleme) Yönetim Kurulunun Yapısı,https://www.kap.org.tr/tr/Bildirim/1611096,tr,2026-05-25T18:16:45+00:00
2026-05-25,ANHYT,KAP,ANADOLU HAYAT EMEKLİLİK A.Ş. - Kurumsal Yönetim Bilgi Formu (Güncelleme) - Yönetim Kurulu-1,Kurumsal Yönetim Bilgi Formu (Güncelleme) - Yönetim Kurulu-1 Yönetim Kurulu-I,https://www.kap.org.tr/tr/Bildirim/1611094,tr,2026-05-25T18:16:13+00:00
2026-05-25,ANHYT,KAP,ANADOLU HAYAT EMEKLİLİK A.Ş. - Şirket Genel Bilgi Formu,Şirket Genel Bilgi Formu,https://www.kap.org.tr/tr/Bildirim/1611093,tr,2026-05-25T18:15:56+00:00
2026-05-25,ANHYT,KAP,ANADOLU HAYAT EMEKLİLİK A.Ş. - Özel Durum Açıklaması (Genel),Özel Durum Açıklaması (Genel) Yönetim Kurulu Üye Seçimi,https://www.kap.org.tr/tr/Bildirim/1611092,tr,2026-05-25T18:15:40+00:00
2026-05-25,ANSGR,KAP,ANADOLU ANONİM TÜRK SİGORTA ŞİRKETİ - Şirket Genel Bilgi Formu,Şirket Genel Bilgi Formu,https://www.kap.org.tr/tr/Bildirim/1611032,tr,2026-05-25T16:38:38+00:00
2026-05-25,ATATR,KAP,ATA TURİZM İŞLETMECİLİK TAŞIMACILIK MADENCİLİK KUYUMCULUK SANAYİ VE DIŞ TİCARET A.Ş. - Halka Arz Fiyatının Belirlenmesinde Esas Alınan Varsayımlara İlişkin Değerlendirme Raporu,Halka Arz Fiyatının Belirlenmesinde Esas Alınan Varsayımlara İlişkin Değerlendirme Raporu Halka Arz Fiyatının Belirlenmesinde Esas Alınan Varsayımlara İlişkin Değerlendirme Raporu,https://www.kap.org.tr/tr/Bildirim/1610892,tr,2026-05-25T09:24:47+00:00
2026-05-25,ATLAS,KAP,ATLAS MENKUL KIYMETLER YATIRIM ORTAKLIĞI A.Ş. - Haftalık Rapor,Haftalık Rapor Haftalık Rapor,https://www.kap.org.tr/tr/Bildirim/1611063,tr,2026-05-25T17:25:01+00:00
2026-05-25,AVGYO,KAP,AVRASYA GAYRİMENKUL YATIRIM ORTAKLIĞI A.Ş. - Maddi Duran Varlık Kiraya Verilmesi veya Ayni Hak Tesisi,Maddi Duran Varlık Kiraya Verilmesi veya Ayni Hak Tesisi Antalya ili Alanya ilçesi Gökay sitesi R3 nolu bağımsız bölüm hakkında AVTUR,https://www.kap.org.tr/tr/Bildirim/1611095,tr,2026-05-25T18:16:17+00:00
2026-05-25,BARMA,KAP,BAREM AMBALAJ SANAYİ VE TİCARET A.Ş. - Geri Alınan Payların Elden Çıkarılması,Geri Alınan Payların Elden Çıkarılması Geri Alınan Payların Elden Çıkarılması,https://www.kap.org.tr/tr/Bildirim/1611127,tr,2026-05-25T21:19:01+00:00
2026-05-25,BERA,KAP,BERA HOLDİNG A.Ş. - Genel Kurul İşlemlerine İlişkin Bildirim,Genel Kurul İşlemlerine İlişkin Bildirim 2025 Yılı Olağan Genel Kurul 2.Toplantı Çağrısı Hk.,https://www.kap.org.tr/tr/Bildirim/1611001,tr,2026-05-25T14:32:42+00:00
2026-05-25,BIGTK,KAP,BİG MEDYA TEKNOLOJİ A.Ş. - Özel Durum Açıklaması (Genel),Özel Durum Açıklaması (Genel) Big Medya Teknoloji A.Ş. Paylarında Gerçekleştirilen Satış İşlemleri Hakkında,https://www.kap.org.tr/tr/Bildirim/1610872,tr,2026-05-25T05:15:50+00:00
2026-05-25,BLS,KAP,BULLS YATIRIM MENKUL DEĞERLER A.Ş. - Pay Alım Teklifi Yoluyla Pay Toplanmasına İlişkin Bildirim,Pay Alım Teklifi Yoluyla Pay Toplanmasına İlişkin Bildirim Özerden Ambalaj Sanayi A.Ş. Paylarına Yönelik Zorunlu Pay Alım Teklifi OZRDN,https://www.kap.org.tr/tr/Bildirim/1611086,tr,2026-05-25T18:01:46+00:00
2026-05-25,BLSMD,KAP,BULLS YATIRIM MENKUL DEĞERLER A.Ş. - Pay Alım Teklifi Yoluyla Pay Toplanmasına İlişkin Bildirim,Pay Alım Teklifi Yoluyla Pay Toplanmasına İlişkin Bildirim Özerden Ambalaj Sanayi A.Ş. Paylarına Yönelik Zorunlu Pay Alım Teklifi OZRDN,https://www.kap.org.tr/tr/Bildirim/1611086,tr,2026-05-25T18:01:46+00:00
2026-05-25,BOBET,KAP,BOĞAZİÇİ BETON SANAYİ VE TİCARET A.Ş. - Payların Geri Alınmasına İlişkin Bildirim,Payların Geri Alınmasına İlişkin Bildirim 25.05.2026 Tarihli Pay Geri Alım İşlemleri Hakkında,https://www.kap.org.tr/tr/Bildirim/1611091,tr,2026-05-25T18:14:37+00:00
2026-05-25,BORSK,KAP,BOR ŞEKER A.Ş. - Katılım Finansı İlkeleri Bilgi Formu,Katılım Finansı İlkeleri Bilgi Formu,https://www.kap.org.tr/tr/Bildirim/1611113,tr,2026-05-25T18:50:37+00:00
2026-05-25,BORSK,KAP,BOR ŞEKER A.Ş. - Bağımsız Denetim Kuruluşunun Belirlenmesi,Bağımsız Denetim Kuruluşunun Belirlenmesi Genel Kurula Denetçi Önerisi,https://www.kap.org.tr/tr/Bildirim/1611112,tr,2026-05-25T18:49:38+00:00
2026-05-25,BORSK,KAP,BOR ŞEKER A.Ş. - Genel Kurul İşlemlerine İlişkin Bildirim,Genel Kurul İşlemlerine İlişkin Bildirim Olağan Genel Kurul Daveti ve Bilgilendirme Dokümanı,https://www.kap.org.tr/tr/Bildirim/1611111,tr,2026-05-25T18:48:43+00:00
2026-05-25,BRISA,KAP,BRİSA BRİDGESTONE SABANCI LASTİK SANAYİ VE TİCARET A.Ş. - Pay Dışında Sermaye Piyasası Aracı İşlemlerine İlişkin Bildirim (Faiz İçeren),Pay Dışında Sermaye Piyasası Aracı İşlemlerine İlişkin Bildirim (Faiz İçeren) TRSBRSA52616 ISIN Kodlu Tahvilin 8. Kupon Faiz ve Anapara İtfa Ödemesi,https://www.kap.org.tr/tr/Bildirim/1610988,tr,2026-05-25T13:50:15+00:00
2026-05-25,BRKVY,KAP,BİRİKİM VARLIK YÖNETİM A.Ş. - Pay Dışında Sermaye Piyasası Aracı İşlemlerine İlişkin Bildirim (Faiz İçeren),Pay Dışında Sermaye Piyasası Aracı İşlemlerine İlişkin Bildirim (Faiz İçeren) TRFBVYS52623 ISIN Kodlu Borçlanma Aracı 4.Kupon ve İtfa Ödeme Açıklaması,https://www.kap.org.tr/tr/Bildirim/1611087,tr,2026-05-25T18:10:18+00:00
2026-05-25,BRKVY,KAP,BİRİKİM VARLIK YÖNETİM A.Ş. - Pay Dışında Sermaye Piyasası Aracı İşlemlerine İlişkin Bildirim (Faiz İçeren),Pay Dışında Sermaye Piyasası Aracı İşlemlerine İlişkin Bildirim (Faiz İçeren) TRFBVYSK2629 ISIN Kodlu Borçlanma Aracı İhracının Tamamlanması,https://www.kap.org.tr/tr/Bildirim/1610967,tr,2026-05-25T11:45:01+00:00
2026-05-25,BSRFK,KAP,BAŞER FİNANS FAKTORİNG A.Ş. - Sermaye Artırımı veya Azaltımı Bildirimi,Sermaye Artırımı veya Azaltımı Bildirimi SERMAYE ARTIRIMI,https://www.kap.org.tr/tr/Bildirim/1610975,tr,2026-05-25T12:31:09+00:00
2026-05-25,CGCAM,KAP,ÇAĞDAŞ CAM SANAYİ VE TİCARET A.Ş. - Genel Kurul İşlemlerine İlişkin Bildirim,Genel Kurul İşlemlerine İlişkin Bildirim Genel Kurulun Tescil Edilmesi,https://www.kap.org.tr/tr/Bildirim/1611002,tr,2026-05-25T14:32:50+00:00
2026-05-25,CGCAM,KAP,ÇAĞDAŞ CAM SANAYİ VE TİCARET A.Ş. - Şirket Genel Bilgi Formu,Şirket Genel Bilgi Formu,https://www.kap.org.tr/tr/Bildirim/1611000,tr,2026-05-25T14:32:39+00:00
2026-05-25,CIMSA,KAP,ÇİMSA ÇİMENTO SANAYİ VE TİCARET A.Ş. - Özel Durum Açıklaması (Genel),Özel Durum Açıklaması (Genel) Mannok DAC'nin azınlık paylarının devralınması,https://www.kap.org.tr/tr/Bildirim/1610875,tr,2026-05-25T07:22:30+00:00
2026-05-25,DCTTR,KAP,DCT TRADİNG DIŞ TİCARET A.Ş. - Özel Durum Açıklaması (Genel),Özel Durum Açıklaması (Genel) Bağlı Ortaklık Olağanüstü Genel Kuru'nun Tescil ve İlanı Hakkında,https://www.kap.org.tr/tr/Bildirim/1610992,tr,2026-05-25T14:12:07+00:00
2026-05-25,DENFA,KAP,DENİZ FAKTORİNG A.Ş. - Kredi Derecelendirmesi,Kredi Derecelendirmesi Kredi Derecelendirmesi,https://www.kap.org.tr/tr/Bildirim/1610959,tr,2026-05-25T11:41:07+00:00
2026-05-25,DEVA,KAP,DEVA HOLDİNG A.Ş. - Pay Dışında Sermaye Piyasası Aracı İşlemlerine İlişkin Bildirim (Faiz İçeren),Pay Dışında Sermaye Piyasası Aracı İşlemlerine İlişkin Bildirim (Faiz İçeren) Kupon ödemesi,https://www.kap.org.tr/tr/Bildirim/1610977,tr,2026-05-25T12:43:14+00:00
2026-05-25,DOGVY,KAP,DOĞRU VARLIK YÖNETİM A.Ş. - Özel Durum Açıklaması (Genel),"Özel Durum Açıklaması (Genel) QNB BANK A.Ş. Tahsili Gecikmiş Alacak Portföyü Alımı FIN, QNBTR",https://www.kap.org.tr/tr/Bildirim/1611036,tr,2026-05-25T16:43:12+00:00
2026-05-25,DYBNK,KAP,D YATIRIM BANKASI A.Ş. - Pay Dışında Sermaye Piyasası Aracı İşlemlerine İlişkin Bildirim (Faiz İçeren),Pay Dışında Sermaye Piyasası Aracı İşlemlerine İlişkin Bildirim (Faiz İçeren) TRFDBNKK2614 ISIN Kodlu Değişken Faizli Borçlanma Aracımızın Kupon Oranına İlişkin Açıklama,https://www.kap.org.tr/tr/Bildirim/1611037,tr,2026-05-25T16:43:59+00:00
2026-05-25,ECILC,KAP,EİS ECZACIBAŞI İLAÇ SINAİ VE FİNANSAL YATIRIMLAR SANAYİ VE TİCARET A.Ş. - Özel Durum Açıklaması (Genel),Özel Durum Açıklaması (Genel) Eczacıbaşı Holding A.Ş.'nin Sanipak Paylarının Satışına İlişkin Yurt Dışı Rekabet Kurulu Kararı ECZYT,https://www.kap.org.tr/tr/Bildirim/1610879,tr,2026-05-25T08:14:43+00:00
2026-05-25,EGEPO,KAP,NASMED ÖZEL SAĞLIK HİZMETLERİ TİCARET A.Ş. - Genel Kurul İşlemlerine İlişkin Bildirim,Genel Kurul İşlemlerine İlişkin Bildirim 2025 Yılı Olağan Genel Kurul,https://www.kap.org.tr/tr/Bildirim/1611019,tr,2026-05-25T15:18:55+00:00
2026-05-25,EMVAR,KAP,EMLAK VARLIK KİRALAMA A.Ş. - Pay Dışında Sermaye Piyasası Aracı İşlemlerine İlişkin Bildirim (Faizsiz),Pay Dışında Sermaye Piyasası Aracı İşlemlerine İlişkin Bildirim (Faizsiz) TRDEMVK22742 ISIN Kodlu Kira Sertifikasının 1. Dönemsel Getiri Ödemesi Hk.,https://www.kap.org.tr/tr/Bildirim/1610951,tr,2026-05-25T11:10:42+00:00
2026-05-25,EMVAR,KAP,EMLAK VARLIK KİRALAMA A.Ş. - Pay Dışında Sermaye Piyasası Aracı İşlemlerine İlişkin Bildirim (Faizsiz),Pay Dışında Sermaye Piyasası Aracı İşlemlerine İlişkin Bildirim (Faizsiz) TRDEMVK52814 ISIN Kodlu Kira Sertifikası İhracının Nitelikli Yatırımcıya Satışının Tamamlanması Hk. GRFIN,https://www.kap.org.tr/tr/Bildirim/1610949,tr,2026-05-25T11:09:34+00:00
2026-05-25,EMVAR,KAP,EMLAK VARLIK KİRALAMA A.Ş. - Pay Dışında Sermaye Piyasası Aracı İşlemlerine İlişkin Bildirim (Faizsiz),Pay Dışında Sermaye Piyasası Aracı İşlemlerine İlişkin Bildirim (Faizsiz) TRDEMVK52822 ISIN Kodlu Kira Sertifikası İhracının Nitelikli Yatırımcıya Satışının Tamamlanması Hk. GRFIN,https://www.kap.org.tr/tr/Bildirim/1610948,tr,2026-05-25T11:08:49+00:00
2026-05-25,ENDAE,KAP,ENDA ENERJİ HOLDİNG A.Ş. - Halka Arz Fiyatının Belirlenmesinde Esas Alınan Varsayımlara İlişkin Değerlendirme Raporu,Halka Arz Fiyatının Belirlenmesinde Esas Alınan Varsayımlara İlişkin Değerlendirme Raporu Halka Arz Fiyatının Belirlenmesinde Esas Alınan Varsayımlara İlişkin Gerçekleşme ve Değerlendirme Raporu - 6,https://www.kap.org.tr/tr/Bildirim/1611114,tr,2026-05-25T18:52:57+00:00
2026-05-25,ENERY,KAP,ENERYA ENERJİ A.Ş. - Payların Geri Alınmasına İlişkin Bildirim,Payların Geri Alınmasına İlişkin Bildirim 25.05.2026 Tarihli Pay Geri Alım İşlemleri,https://www.kap.org.tr/tr/Bildirim/1611104,tr,2026-05-25T18:31:05+00:00
2026-05-25,ENJSA,KAP,ENERJİSA ENERJİ A.Ş. - Pay Dışında Sermaye Piyasası Aracı İşlemlerine İlişkin Bildirim (Faiz İçeren),Pay Dışında Sermaye Piyasası Aracı İşlemlerine İlişkin Bildirim (Faiz İçeren) TRSENSA52916 ISIN kodlu tahvil ihracı.,https://www.kap.org.tr/tr/Bildirim/1610912,tr,2026-05-25T10:04:02+00:00
2026-05-25,ENTRA,KAP,IC ENTERRA YENİLENEBİLİR ENERJİ A.Ş. - Sermaye Artırımı - Azaltımı İşlemlerine İlişkin Bildirim,Sermaye Artırımı - Azaltımı İşlemlerine İlişkin Bildirim Sermaye Artırımına İlişkin Yeni Pay Alma Hakkı Kullanım Tarihleri,https://www.kap.org.tr/tr/Bildirim/1610874,tr,2026-05-25T06:41:57+00:00
2026-05-25,ENTRA,KAP,IC ENTERRA YENİLENEBİLİR ENERJİ A.Ş. - İzahname (SPK Tarafından Onaylanan),İzahname (SPK Tarafından Onaylanan) Sermaye Artırımına İlişkin SPK Onaylı İzahname,https://www.kap.org.tr/tr/Bildirim/1610873,tr,2026-05-25T06:36:07+00:00
2026-05-25,ETYAT,KAP,EURO TREND YATIRIM ORTAKLIĞI A.Ş. - Haftalık Rapor,Haftalık Rapor 22.05.2026 Tarihli Haftalık Rapor,https://www.kap.org.tr/tr/Bildirim/1611012,tr,2026-05-25T15:00:51+00:00
2026-05-25,ETYAT,KAP,EURO TREND YATIRIM ORTAKLIĞI A.Ş. - Özel Durum Açıklaması (Genel),"Özel Durum Açıklaması (Genel) BİAŞ'da oluşan ağırlıklı ortalama fiyatın,pay başına net aktif değerin 2 katını aşması",https://www.kap.org.tr/tr/Bildirim/1611011,tr,2026-05-25T14:59:34+00:00
2026-05-25,EUKYO,KAP,EURO KAPİTAL YATIRIM ORTAKLIĞI A.Ş. - Haftalık Rapor,Haftalık Rapor 22.05.2026 Tarihli Haftalık Rapor,https://www.kap.org.tr/tr/Bildirim/1611014,tr,2026-05-25T15:03:48+00:00
2026-05-25,EUKYO,KAP,EURO KAPİTAL YATIRIM ORTAKLIĞI A.Ş. - Özel Durum Açıklaması (Genel),"Özel Durum Açıklaması (Genel) BİAŞ'da oluşan ağırlıklı ortalama fiyatın,pay başına net aktif değerin 2 katını aşması",https://www.kap.org.tr/tr/Bildirim/1611013,tr,2026-05-25T15:02:24+00:00
2026-05-25,EUPWR,KAP,EUROPOWER ENERJİ VE OTOMASYON TEKNOLOJİLERİ SANAYİ TİCARET A.Ş. - Yeni İş İlişkisi,Yeni İş İlişkisi ABD'den Güç Transformatörü Siparişi Alınması Hakkında GESAN,https://www.kap.org.tr/tr/Bildirim/1610889,tr,2026-05-25T09:22:25+00:00
2026-05-25,EUYO,KAP,EURO MENKUL KIYMET YATIRIM ORTAKLIĞI A.Ş. - Haftalık Rapor,Haftalık Rapor 22.05.2026 Tarihli Haftalık Rapor,https://www.kap.org.tr/tr/Bildirim/1611010,tr,2026-05-25T14:57:33+00:00
2026-05-25,EUYO,KAP,EURO MENKUL KIYMET YATIRIM ORTAKLIĞI A.Ş. - Özel Durum Açıklaması (Genel),"Özel Durum Açıklaması (Genel) BİAŞ'da oluşan ağırlıklı ortalama fiyatın,pay başına net aktif değerin 2 katını aşması",https://www.kap.org.tr/tr/Bildirim/1611009,tr,2026-05-25T14:53:01+00:00
2026-05-25,FIN,KAP,QNB BANK A.Ş. - Pay Dışında Sermaye Piyasası Aracı İşlemlerine İlişkin Bildirim (Faiz İçeren),Pay Dışında Sermaye Piyasası Aracı İşlemlerine İlişkin Bildirim (Faiz İçeren) MTN programı kapsamında yurtdışında ihraç edilen borçlanma aracının ihracı,https://www.kap.org.tr/tr/Bildirim/1611028,tr,2026-05-25T15:50:07+00:00
2026-05-25,FKPET,KAP,FİKRET PETROL ÜRÜNLERİ PAZARLAMA SANAYİ VE TİCARET A.Ş. - Pay Dışında Sermaye Piyasası Aracı İşlemlerine İlişkin Bildirim (Faiz İçeren),Pay Dışında Sermaye Piyasası Aracı İşlemlerine İlişkin Bildirim (Faiz İçeren) TRFFKRT82626 ISIN Kodlu Finansman Bonosunun 1. Kupon Ödemesi,https://www.kap.org.tr/tr/Bildirim/1611118,tr,2026-05-25T19:23:36+00:00
2026-05-25,GENKM,KAP,GENTAŞ KİMYA SANAYİ VE TİCARET PAZARLAMA A.Ş. - Halka Arz Fiyatının Belirlenmesinde Esas Alınan Varsayımlara İlişkin Değerlendirme Raporu,Halka Arz Fiyatının Belirlenmesinde Esas Alınan Varsayımlara İlişkin Değerlendirme Raporu Varsayım Gerçekleşme Raporu 31032026,https://www.kap.org.tr/tr/Bildirim/1610927,tr,2026-05-25T10:29:29+00:00
2026-05-25,GRNYO,KAP,GARANTİ YATIRIM ORTAKLIĞI A.Ş. - Özel Durum Açıklaması (Genel),"Özel Durum Açıklaması (Genel) Paylarının BİAŞ'ta oluşan ağırlıklı ortalama fiyatının, pay başına net aktif değerinin 2 katını aşması hakkında.",https://www.kap.org.tr/tr/Bildirim/1610910,tr,2026-05-25T10:00:11+00:00
2026-05-25,GRNYO,KAP,GARANTİ YATIRIM ORTAKLIĞI A.Ş. - Haftalık Rapor,Haftalık Rapor 22.05.2026 tarihli haftalık rapordur.,https://www.kap.org.tr/tr/Bildirim/1610908,tr,2026-05-25T09:59:59+00:00
2026-05-25,GSRAY,KAP,GALATASARAY SPORTİF SINAİ VE TİCARİ YATIRIMLAR A.Ş. - Özel Durum Açıklaması (Genel),Özel Durum Açıklaması (Genel) Yönetim Kurulu İstifası Hakkında,https://www.kap.org.tr/tr/Bildirim/1610937,tr,2026-05-25T10:49:04+00:00
2026-05-25,HALKI,KAP,HALK YATIRIM MENKUL DEĞERLER A.Ş. - Likidite Sağlayıcılık Kapsamındaki İşlemler,"Likidite Sağlayıcılık Kapsamındaki İşlemler Emlak Konut Damlakent Projesi Gayrimenkul Sertifikalarında (DMLKT.G) Likidite Sağlayacılık Kapsamında Gerçekleştirilen İşlemler 11.05.2026-22.05.2026 DMLKT, EKGYO",https://www.kap.org.tr/tr/Bildirim/1610928,tr,2026-05-25T10:31:04+00:00
2026-05-25,HATSN,KAP,HAT-SAN GEMİ İNŞAA BAKIM ONARIM DENİZ NAKLİYAT SANAYİ VE TİCARET A.Ş. - Yatırımcı Raporu,Yatırımcı Raporu 01.01.2026-31.03.2026 Dönemi Yatırımcı Sunumu Hakkında,https://www.kap.org.tr/tr/Bildirim/1611102,tr,2026-05-25T18:27:17+00:00
2026-05-25,HAYVK,KAP,HAYAT VARLIK KİRALAMA A.Ş. - Tertip İhraç Belgesi,Tertip İhraç Belgesi Tertip İhraç Belgesi Hk. HFK,https://www.kap.org.tr/tr/Bildirim/1610935,tr,2026-05-25T10:48:31+00:00
2026-05-25,HDFFL,KAP,HEDEF ARAÇ KİRALAMA VE SERVİS A.Ş. - Pay Dışında Sermaye Piyasası Aracı İşlemlerine İlişkin Bildirim (Faiz İçeren),Pay Dışında Sermaye Piyasası Aracı İşlemlerine İlişkin Bildirim (Faiz İçeren) TRSHDAKK2717 ISIN Kodlu Tahvilin 2. Kupon Ödemesi,https://www.kap.org.tr/tr/Bildirim/1610958,tr,2026-05-25T11:39:39+00:00
2026-05-25,HLY,KAP,HALK YATIRIM MENKUL DEĞERLER A.Ş. - Likidite Sağlayıcılık Kapsamındaki İşlemler,"Likidite Sağlayıcılık Kapsamındaki İşlemler Emlak Konut Damlakent Projesi Gayrimenkul Sertifikalarında (DMLKT.G) Likidite Sağlayacılık Kapsamında Gerçekleştirilen İşlemler 11.05.2026-22.05.2026 DMLKT, EKGYO",https://www.kap.org.tr/tr/Bildirim/1610928,tr,2026-05-25T10:31:04+00:00
2026-05-25,HRKET,KAP,HAREKET PROJE TAŞIMACILIĞI VE YÜK MÜHENDİSLİĞİ A.Ş. - Halka Arz Fiyatının Belirlenmesinde Esas Alınan Varsayımlara İlişkin Değerlendirme Raporu,Halka Arz Fiyatının Belirlenmesinde Esas Alınan Varsayımlara İlişkin Değerlendirme Raporu Halka Arz Fiyatının Belirlenmesinde Esas Alınan Varsayımlara İlişkin Değerlendirme Raporu Hk.,https://www.kap.org.tr/tr/Bildirim/1611122,tr,2026-05-25T20:31:05+00:00
2026-05-25,HUBVC,KAP,HUB GİRİŞİM SERMAYESİ YATIRIM ORTAKLIĞI A.Ş. - Özel Durum Açıklaması (Genel),Özel Durum Açıklaması (Genel) Segmentify Girişim Yatırımından Çıkılması Hk.,https://www.kap.org.tr/tr/Bildirim/1611088,tr,2026-05-25T18:12:18+00:00
2026-05-25,HUZFA,KAP,HUZUR FAKTORİNG A.Ş. - Pay Dışında Sermaye Piyasası Aracı İşlemlerine İlişkin Bildirim (Faiz İçeren),Pay Dışında Sermaye Piyasası Aracı İşlemlerine İlişkin Bildirim (Faiz İçeren) TRFHZRF82611 ISIN KODLU FİNANSMAN BONOSUNUN 1. KUPON ÖDEMESİ,https://www.kap.org.tr/tr/Bildirim/1610923,tr,2026-05-25T10:25:55+00:00
2026-05-25,INFO,KAP,İNFO YATIRIM MENKUL DEĞERLER A.Ş. - Yatırım Kuruluşu Varant - Sertifika - Senetlerine İlişkin Bildirim,Yatırım Kuruluşu Varant - Sertifika - Senetlerine İlişkin Bildirim İnfo Yatırım Varantları Piyasa Yapıcı Alım Satım İşlemleri Bildirimi,https://www.kap.org.tr/tr/Bildirim/1611005,tr,2026-05-25T14:34:00+00:00
2026-05-25,INFO,KAP,İNFO YATIRIM MENKUL DEĞERLER A.Ş. - Yatırım Kuruluşu Varant - Sertifika - Senetlerine İlişkin Bildirim,Yatırım Kuruluşu Varant - Sertifika - Senetlerine İlişkin Bildirim 22.05.2026 Vadeli Varantların İtfası,https://www.kap.org.tr/tr/Bildirim/1611004,tr,2026-05-25T14:33:54+00:00
2026-05-25,INFO,KAP,İNFO YATIRIM MENKUL DEĞERLER A.Ş. - Likidite Sağlayıcılık Kapsamındaki İşlemler,Likidite Sağlayıcılık Kapsamındaki İşlemler KRVGD Paylarında Likidite Sağlayıcılık Faaliyetleri Kapsamında Gerçekleştirilen İşlemler KRVGD,https://www.kap.org.tr/tr/Bildirim/1611003,tr,2026-05-25T14:33:17+00:00
2026-05-25,ISMEN,KAP,İŞ YATIRIM MENKUL DEĞERLER A.Ş. - Yatırım Kuruluşu Varant - Sertifika - Senetlerine İlişkin Bildirim,Yatırım Kuruluşu Varant - Sertifika - Senetlerine İlişkin Bildirim İş Yatırım Aracı Kuruluş Varantlarının İtfa Bildirimi,https://www.kap.org.tr/tr/Bildirim/1611116,tr,2026-05-25T18:57:58+00:00
2026-05-25,ISMEN,KAP,İŞ YATIRIM MENKUL DEĞERLER A.Ş. - Yatırım Kuruluşu Varant - Sertifika - Senetlerine İlişkin Bildirim,Yatırım Kuruluşu Varant - Sertifika - Senetlerine İlişkin Bildirim İş Yatırım Sertifika ve Varant Alım Satım İşlemleri,https://www.kap.org.tr/tr/Bildirim/1610917,tr,2026-05-25T10:09:16+00:00
2026-05-25,ISMEN,KAP,İŞ YATIRIM MENKUL DEĞERLER A.Ş. - Piyasa Yapıcılığı Kapsamında Gerçekleştirilen İşlemler Bildirimi,Piyasa Yapıcılığı Kapsamında Gerçekleştirilen İşlemler Bildirimi Borsa Yatırım Fonu Piyasa Yapıcılığı İşlemleri ISGLK,https://www.kap.org.tr/tr/Bildirim/1610916,tr,2026-05-25T10:08:51+00:00
2026-05-25,ISMEN,KAP,İŞ YATIRIM MENKUL DEĞERLER A.Ş. - Yatırım Kuruluşu Varant - Sertifika - Senetlerine İlişkin Bildirim,Yatırım Kuruluşu Varant - Sertifika - Senetlerine İlişkin Bildirim İş Yatırım Aracı Kuruluş Varantlarının İtfa Bildirimi,https://www.kap.org.tr/tr/Bildirim/1610915,tr,2026-05-25T10:08:27+00:00
2026-05-25,ISSEN,KAP,İŞBİR SENTETİK DOKUMA SANAYİ A.Ş. - Özel Durum Açıklaması (Genel),Özel Durum Açıklaması (Genel) Halı Tabanı Üretiminin Sonlandırılması Hakkında,https://www.kap.org.tr/tr/Bildirim/1611097,tr,2026-05-25T18:19:33+00:00
2026-05-25,ISTVY,KAP,İSTANBUL VARLIK YÖNETİM A.Ş. - İhraç Tavanına İlişkin Bildirim,İhraç Tavanına İlişkin Bildirim Borçlanma Aracı İhraç Tavanına İlişkin SPK Onayı,https://www.kap.org.tr/tr/Bildirim/1611115,tr,2026-05-25T18:57:18+00:00
2026-05-25,ISYAT,KAP,İŞ YATIRIM ORTAKLIĞI A.Ş. - Haftalık Rapor,Haftalık Rapor 22.05.2026 Tarihli Haftalık Rapor,https://www.kap.org.tr/tr/Bildirim/1611058,tr,2026-05-25T17:14:13+00:00
2026-05-25,IYF,KAP,İNFO YATIRIM MENKUL DEĞERLER A.Ş. - Yatırım Kuruluşu Varant - Sertifika - Senetlerine İlişkin Bildirim,Yatırım Kuruluşu Varant - Sertifika - Senetlerine İlişkin Bildirim İnfo Yatırım Varantları Piyasa Yapıcı Alım Satım İşlemleri Bildirimi,https://www.kap.org.tr/tr/Bildirim/1611005,tr,2026-05-25T14:34:00+00:00
2026-05-25,IYF,KAP,İNFO YATIRIM MENKUL DEĞERLER A.Ş. - Yatırım Kuruluşu Varant - Sertifika - Senetlerine İlişkin Bildirim,Yatırım Kuruluşu Varant - Sertifika - Senetlerine İlişkin Bildirim 22.05.2026 Vadeli Varantların İtfası,https://www.kap.org.tr/tr/Bildirim/1611004,tr,2026-05-25T14:33:54+00:00
2026-05-25,IYF,KAP,İNFO YATIRIM MENKUL DEĞERLER A.Ş. - Likidite Sağlayıcılık Kapsamındaki İşlemler,Likidite Sağlayıcılık Kapsamındaki İşlemler KRVGD Paylarında Likidite Sağlayıcılık Faaliyetleri Kapsamında Gerçekleştirilen İşlemler KRVGD,https://www.kap.org.tr/tr/Bildirim/1611003,tr,2026-05-25T14:33:17+00:00
2026-05-25,IYM,KAP,İŞ YATIRIM MENKUL DEĞERLER A.Ş. - Yatırım Kuruluşu Varant - Sertifika - Senetlerine İlişkin Bildirim,Yatırım Kuruluşu Varant - Sertifika - Senetlerine İlişkin Bildirim İş Yatırım Aracı Kuruluş Varantlarının İtfa Bildirimi,https://www.kap.org.tr/tr/Bildirim/1611116,tr,2026-05-25T18:57:58+00:00
2026-05-25,IYM,KAP,İŞ YATIRIM MENKUL DEĞERLER A.Ş. - Yatırım Kuruluşu Varant - Sertifika - Senetlerine İlişkin Bildirim,Yatırım Kuruluşu Varant - Sertifika - Senetlerine İlişkin Bildirim İş Yatırım Sertifika ve Varant Alım Satım İşlemleri,https://www.kap.org.tr/tr/Bildirim/1610917,tr,2026-05-25T10:09:16+00:00
2026-05-25,IYM,KAP,İŞ YATIRIM MENKUL DEĞERLER A.Ş. - Piyasa Yapıcılığı Kapsamında Gerçekleştirilen İşlemler Bildirimi,Piyasa Yapıcılığı Kapsamında Gerçekleştirilen İşlemler Bildirimi Borsa Yatırım Fonu Piyasa Yapıcılığı İşlemleri ISGLK,https://www.kap.org.tr/tr/Bildirim/1610916,tr,2026-05-25T10:08:51+00:00
2026-05-25,IYM,KAP,İŞ YATIRIM MENKUL DEĞERLER A.Ş. - Yatırım Kuruluşu Varant - Sertifika - Senetlerine İlişkin Bildirim,Yatırım Kuruluşu Varant - Sertifika - Senetlerine İlişkin Bildirim İş Yatırım Aracı Kuruluş Varantlarının İtfa Bildirimi,https://www.kap.org.tr/tr/Bildirim/1610915,tr,2026-05-25T10:08:27+00:00
2026-05-25,KARSN,KAP,KARSAN OTOMOTİV SANAYİİ VE TİCARET A.Ş. - Genel Kurul İşlemlerine İlişkin Bildirim,Genel Kurul İşlemlerine İlişkin Bildirim 2025 Yılı Olağan Genel Kurul Toplantısı Tescili Bildirimi,https://www.kap.org.tr/tr/Bildirim/1611035,tr,2026-05-25T16:41:41+00:00
2026-05-25,KATVK,KAP,KATILIM VARLIK KİRALAMA A.Ş. - Pay Dışında Sermaye Piyasası Aracı İşlemlerine İlişkin Bildirim (Faizsiz),Pay Dışında Sermaye Piyasası Aracı İşlemlerine İlişkin Bildirim (Faizsiz) TRDKTLM82612 Yurtiçi Kira Sertifikası İhracının 1. Kupon Ödemesi KARSN,https://www.kap.org.tr/tr/Bildirim/1610991,tr,2026-05-25T14:11:55+00:00
2026-05-25,KFILO,KAP,KAYATUR FİLO KİRALAMA A.Ş. - Pay Dışında Sermaye Piyasası Aracı İşlemlerine İlişkin Bildirim (Faiz İçeren),Pay Dışında Sermaye Piyasası Aracı İşlemlerine İlişkin Bildirim (Faiz İçeren) TRFKYTRK2631 ISIN kodlu tahvilin birinci kupon ödemesi yapılmıştır,https://www.kap.org.tr/tr/Bildirim/1610970,tr,2026-05-25T11:55:00+00:00
2026-05-25,KGYO,KAP,KORAY GAYRİMENKUL YATIRIM ORTAKLIĞI A.Ş. - Pay Dışında Sermaye Piyasası Aracı İşlemlerine İlişkin Bildirim (Faiz İçeren),Pay Dışında Sermaye Piyasası Aracı İşlemlerine İlişkin Bildirim (Faiz İçeren) Finansman Bonosu İhracının Tamamlanması,https://www.kap.org.tr/tr/Bildirim/1610880,tr,2026-05-25T08:57:41+00:00
2026-05-25,KIMMR,KAP,ERSAN ALIŞVERİŞ HİZMETLERİ VE GIDA SANAYİ TİCARET A.Ş. - Kayıtlı Sermaye Tavanı İşlemlerine İlişkin Bildirim,Kayıtlı Sermaye Tavanı İşlemlerine İlişkin Bildirim Kayıtlı Sermaye Tavanının Süresinin Uzatılmasına İlişkin Esas Sözleşme Değişikliğinin Tescili ve İlanı Hk.,https://www.kap.org.tr/tr/Bildirim/1611110,tr,2026-05-25T18:48:29+00:00
2026-05-25,KIMMR,KAP,ERSAN ALIŞVERİŞ HİZMETLERİ VE GIDA SANAYİ TİCARET A.Ş. - Esas Sözleşme Tadili,Esas Sözleşme Tadili Güncel Esas Sözleşme,https://www.kap.org.tr/tr/Bildirim/1611109,tr,2026-05-25T18:47:42+00:00
2026-05-25,KIMMR,KAP,ERSAN ALIŞVERİŞ HİZMETLERİ VE GIDA SANAYİ TİCARET A.Ş. - Bağımsız Denetim Kuruluşunun Belirlenmesi,Bağımsız Denetim Kuruluşunun Belirlenmesi Bağımsız Denetim Kuruluşunun Tescili,https://www.kap.org.tr/tr/Bildirim/1611108,tr,2026-05-25T18:47:23+00:00
2026-05-25,KIMMR,KAP,ERSAN ALIŞVERİŞ HİZMETLERİ VE GIDA SANAYİ TİCARET A.Ş. - Genel Kurul İşlemlerine İlişkin Bildirim,Genel Kurul İşlemlerine İlişkin Bildirim Genel Kurul Kararlarının Tescil Edilmesi,https://www.kap.org.tr/tr/Bildirim/1610871,tr,2026-05-25T00:32:01+00:00
2026-05-25,KTSVK,KAP,KT SUKUK VARLIK KİRALAMA A.Ş. - Pay Dışında Sermaye Piyasası Aracı İşlemlerine İlişkin Bildirim (Faizsiz),Pay Dışında Sermaye Piyasası Aracı İşlemlerine İlişkin Bildirim (Faizsiz) TRDKTSKK2711 ISIN Kodlu Yurtiçi Kira Sertifikası İhracının Nitelikli Yatırımcıya Satışının Tamamlanması AKFK,https://www.kap.org.tr/tr/Bildirim/1610919,tr,2026-05-25T10:22:28+00:00
2026-05-25,KTSVK,KAP,KT SUKUK VARLIK KİRALAMA A.Ş. - Tertip İhraç Belgesi,Tertip İhraç Belgesi Tertip İhraç Belgesi 400 Milyon TL ALVES,https://www.kap.org.tr/tr/Bildirim/1610913,tr,2026-05-25T10:05:31+00:00
2026-05-25,KTSVK,KAP,KT SUKUK VARLIK KİRALAMA A.Ş. - Pay Dışında Sermaye Piyasası Aracı İşlemlerine İlişkin Bildirim (Faizsiz),Pay Dışında Sermaye Piyasası Aracı İşlemlerine İlişkin Bildirim (Faizsiz) TRDKTSKK2711 ISIN Kodlu Yurtiçi Kira Sertifikası İhracının Nitelikli Yatırımcıya Satışının Tamamlanması AKFK,https://www.kap.org.tr/tr/Bildirim/1610900,tr,2026-05-25T09:45:58+00:00
2026-05-25,KTSVK,KAP,KT SUKUK VARLIK KİRALAMA A.Ş. - İhraç Tavanına İlişkin Bildirim,İhraç Tavanına İlişkin Bildirim Kira Sertifikası İhraç Tavanına İlişkin SPK Onayı FNCLL,https://www.kap.org.tr/tr/Bildirim/1610899,tr,2026-05-25T09:34:59+00:00
2026-05-25,KTSVK,KAP,KT SUKUK VARLIK KİRALAMA A.Ş. - İhraç Belgesi,İhraç Belgesi Kira Sertifikası İhraç Tavanına İlişkin SPK Onayı FNCLL,https://www.kap.org.tr/tr/Bildirim/1610898,tr,2026-05-25T09:34:35+00:00
2026-05-25,KUVVA,KAP,KUVVA GIDA TİCARET VE SANAYİ YATIRIMLARI A.Ş. - Genel Kurul İşlemlerine İlişkin Bildirim,Genel Kurul İşlemlerine İlişkin Bildirim 2025 yılına ait Olağan genel kurul toplantısı hk.,https://www.kap.org.tr/tr/Bildirim/1610924,tr,2026-05-25T10:26:53+00:00
2026-05-25,KUVVA,KAP,KUVVA GIDA TİCARET VE SANAYİ YATIRIMLARI A.Ş. - Kar Payı Dağıtım İşlemlerine İlişkin Bildirim,Kar Payı Dağıtım İşlemlerine İlişkin Bildirim 2025 yılı kar payı dağıtımı hk,https://www.kap.org.tr/tr/Bildirim/1610922,tr,2026-05-25T10:25:37+00:00
2026-05-25,MEDTR,KAP,MEDİTERA TIBBİ MALZEME SANAYİ VE TİCARET A.Ş. - Şirket Genel Bilgi Formu,Şirket Genel Bilgi Formu,https://www.kap.org.tr/tr/Bildirim/1611050,tr,2026-05-25T16:57:42+00:00
2026-05-25,MEKAG,KAP,MEKA GLOBAL MAKİNE İMALAT SANAYİ VE TİCARET A.Ş. - Genel Kurul İşlemlerine İlişkin Bildirim,Genel Kurul İşlemlerine İlişkin Bildirim 2026 yılı olağanüstü genel kurulu tescli,https://www.kap.org.tr/tr/Bildirim/1610999,tr,2026-05-25T14:28:58+00:00
2026-05-25,MHRGY,KAP,MHR GAYRİMENKUL YATIRIM ORTAKLIĞI A.Ş. - Kar Payı Dağıtım İşlemlerine İlişkin Bildirim,Kar Payı Dağıtım İşlemlerine İlişkin Bildirim Şirketimiz Temettü Ödemesi hk.,https://www.kap.org.tr/tr/Bildirim/1611134,tr,2026-05-25T23:59:50+00:00
2026-05-25,MHRGY,KAP,MHR GAYRİMENKUL YATIRIM ORTAKLIĞI A.Ş. - Kar Dağıtım Politikası,Kar Dağıtım Politikası Şirketimiz Kar Dağıtım Politikası hk.,https://www.kap.org.tr/tr/Bildirim/1611133,tr,2026-05-25T23:58:49+00:00
2026-05-25,MHRGY,KAP,MHR GAYRİMENKUL YATIRIM ORTAKLIĞI A.Ş. - Sermaye Artırımından Elde Edilecek - Edilen Fonun Kullanımına İlişkin Rapor,Sermaye Artırımından Elde Edilecek - Edilen Fonun Kullanımına İlişkin Rapor Halka Arzdan Elde Edilen Fonun Kullanımına İlişkin Rapor,https://www.kap.org.tr/tr/Bildirim/1611132,tr,2026-05-25T23:47:58+00:00
2026-05-25,MOGAN,KAP,MOGAN ENERJİ YATIRIM HOLDİNG A.Ş. - Halka Arz Fiyatının Belirlenmesinde Esas Alınan Varsayımlara İlişkin Değerlendirme Raporu,Halka Arz Fiyatının Belirlenmesinde Esas Alınan Varsayımlara İlişkin Değerlendirme Raporu Halka Arz Fiyatının Belirlenmesinde Esas Alınan Varsayımlara İlişkin Değerlendirme Raporu hk.,https://www.kap.org.tr/tr/Bildirim/1611117,tr,2026-05-25T19:15:46+00:00
2026-05-25,MOPAS,KAP,MOPAŞ MARKETÇİLİK GIDA SANAYİ VE TİCARET A.Ş. - Kar Payı Dağıtım İşlemlerine İlişkin Bildirim,Kar Payı Dağıtım İşlemlerine İlişkin Bildirim Kar Payı Oranları Tablosunun Düzeltilmesi Hakkında,https://www.kap.org.tr/tr/Bildirim/1610993,tr,2026-05-25T14:16:55+00:00
2026-05-25,MTRYO,KAP,METRO YATIRIM ORTAKLIĞI A.Ş. - Haftalık Rapor,Haftalık Rapor Haftalık Rapor,https://www.kap.org.tr/tr/Bildirim/1611089,tr,2026-05-25T18:12:24+00:00
2026-05-25,NRBNK,KAP,NUROL YATIRIM BANKASI A.Ş. - Pay Dışında Sermaye Piyasası Aracı İşlemlerine İlişkin Bildirim (Faiz İçeren),Pay Dışında Sermaye Piyasası Aracı İşlemlerine İlişkin Bildirim (Faiz İçeren) TRFNURL52645 ISIN Kodlu Finansman Bonosunun İtfası,https://www.kap.org.tr/tr/Bildirim/1611030,tr,2026-05-25T16:09:30+00:00
2026-05-25,NYB,KAP,NUROL YATIRIM BANKASI A.Ş. - Pay Dışında Sermaye Piyasası Aracı İşlemlerine İlişkin Bildirim (Faiz İçeren),Pay Dışında Sermaye Piyasası Aracı İşlemlerine İlişkin Bildirim (Faiz İçeren) TRFNURL52645 ISIN Kodlu Finansman Bonosunun İtfası,https://www.kap.org.tr/tr/Bildirim/1611030,tr,2026-05-25T16:09:30+00:00
2026-05-25,OSTIM,KAP,OSTİM ENDÜSTRİYEL YATIRIMLAR VE İŞLETME A.Ş. - Bağımsız Denetim Kuruluşunun Belirlenmesi,Bağımsız Denetim Kuruluşunun Belirlenmesi 2026 Yılı Bağımsız Denetim Kuruluşunun Tescili,https://www.kap.org.tr/tr/Bildirim/1611018,tr,2026-05-25T15:18:10+00:00
2026-05-25,OSTIM,KAP,OSTİM ENDÜSTRİYEL YATIRIMLAR VE İŞLETME A.Ş. - Genel Kurul İşlemlerine İlişkin Bildirim,Genel Kurul İşlemlerine İlişkin Bildirim 2025 Yılı Olağan Genel Kurul Toplantısının Tescili,https://www.kap.org.tr/tr/Bildirim/1611017,tr,2026-05-25T15:17:34+00:00
2026-05-25,OTKAR,KAP,OTOKAR OTOMOTİV VE SAVUNMA SANAYİ A.Ş. - Pay Dışında Sermaye Piyasası Aracı İşlemlerine İlişkin Bildirim (Faiz İçeren),Pay Dışında Sermaye Piyasası Aracı İşlemlerine İlişkin Bildirim (Faiz İçeren) TRSOTKR22817 ISIN kodlu 3.000.000.000 TL tutarındaki tahvilin 1. kupon ödemesi,https://www.kap.org.tr/tr/Bildirim/1611090,tr,2026-05-25T18:12:38+00:00
2026-05-25,OYA,KAP,OYAK YATIRIM MENKUL DEĞERLER A.Ş. - Piyasa Yapıcılığı Kapsamında Gerçekleştirilen İşlemler Bildirimi,Piyasa Yapıcılığı Kapsamında Gerçekleştirilen İşlemler Bildirimi 25/05/2026 TARİHLİ OYAYO PİYASA YAPICILIĞI İŞLEMLERİ OYAYO,https://www.kap.org.tr/tr/Bildirim/1611105,tr,2026-05-25T18:36:23+00:00
2026-05-25,OYAYO,KAP,OYAK YATIRIM ORTAKLIĞI A.Ş. - Özel Durum Açıklaması (Genel),"Özel Durum Açıklaması (Genel) Ortaklık paylarının BİAŞ'ta oluşan ağırlıklı ortalama fiyatının, pay başına net aktif değerinin 2 katını aşması hakkında",https://www.kap.org.tr/tr/Bildirim/1610957,tr,2026-05-25T11:32:00+00:00
2026-05-25,OYAYO,KAP,OYAK YATIRIM ORTAKLIĞI A.Ş. - Haftalık Rapor,Haftalık Rapor 22.05.2026 Tarihli Haftalık Rapor,https://www.kap.org.tr/tr/Bildirim/1610956,tr,2026-05-25T11:31:43+00:00
2026-05-25,OYYAT,KAP,OYAK YATIRIM MENKUL DEĞERLER A.Ş. - Piyasa Yapıcılığı Kapsamında Gerçekleştirilen İşlemler Bildirimi,Piyasa Yapıcılığı Kapsamında Gerçekleştirilen İşlemler Bildirimi 25/05/2026 TARİHLİ OYAYO PİYASA YAPICILIĞI İŞLEMLERİ OYAYO,https://www.kap.org.tr/tr/Bildirim/1611105,tr,2026-05-25T18:36:23+00:00
2026-05-25,PAHOL,KAP,PASİFİK HOLDİNG A.Ş. - Özel Durum Açıklaması (Genel),Özel Durum Açıklaması (Genel) Yönetim Kurulu Üyeliği Değişikliği Hakkında,https://www.kap.org.tr/tr/Bildirim/1611125,tr,2026-05-25T21:05:07+00:00
2026-05-25,PATEK,KAP,PASİFİK TEKNOLOJİ A.Ş. - Özel Durum Açıklaması (Genel),Özel Durum Açıklaması (Genel) Genel Müdür Değişikliği Hakkında Bilgilendirme,https://www.kap.org.tr/tr/Bildirim/1611126,tr,2026-05-25T21:11:15+00:00
2026-05-25,PBT,KAP,PASHA YATIRIM BANKASI A.Ş. - Tertip İhraç Belgesi,Tertip İhraç Belgesi PASHA Yatırım Bankası A.Ş. Maygold Otomotiv Üçüncü Varlık Finansmanı Fonu Tertip İhraç Belgeleri ve ekleri (550mn TL),https://www.kap.org.tr/tr/Bildirim/1610989,tr,2026-05-25T13:52:39+00:00
2026-05-25,PBTR,KAP,PASHA YATIRIM BANKASI A.Ş. - Tertip İhraç Belgesi,Tertip İhraç Belgesi PASHA Yatırım Bankası A.Ş. Maygold Otomotiv Üçüncü Varlık Finansmanı Fonu Tertip İhraç Belgeleri ve ekleri (550mn TL),https://www.kap.org.tr/tr/Bildirim/1610989,tr,2026-05-25T13:52:39+00:00
2026-05-25,QNBTR,KAP,QNB BANK A.Ş. - Pay Dışında Sermaye Piyasası Aracı İşlemlerine İlişkin Bildirim (Faiz İçeren),Pay Dışında Sermaye Piyasası Aracı İşlemlerine İlişkin Bildirim (Faiz İçeren) MTN programı kapsamında yurtdışında ihraç edilen borçlanma aracının ihracı,https://www.kap.org.tr/tr/Bildirim/1611028,tr,2026-05-25T15:50:07+00:00
2026-05-25,REEDR,KAP,REEDER TEKNOLOJİ SANAYİ VE TİCARET A.Ş. - Özel Durum Açıklaması (Genel),Özel Durum Açıklaması (Genel) Yönetim Kurulu Üyesi ve Denetimden Sorumlu Komite Üyesi Değişikliği Hk.,https://www.kap.org.tr/tr/Bildirim/1611121,tr,2026-05-25T20:13:42+00:00
2026-05-25,SEGMN,KAP,SEĞMEN KARDEŞLER GIDA ÜRETİM VE AMBALAJ SANAYİ A.Ş. - Özel Durum Açıklaması (Genel),Özel Durum Açıklaması (Genel) Şirket paylarının devrine ilişkin Rekabet Kurulu başvurusu hk,https://www.kap.org.tr/tr/Bildirim/1610998,tr,2026-05-25T14:24:22+00:00
2026-05-25,SISE,KAP,TÜRKİYE ŞİŞE VE CAM FABRİKALARI A.Ş. - Şirket Genel Bilgi Formu,Şirket Genel Bilgi Formu,https://www.kap.org.tr/tr/Bildirim/1611022,tr,2026-05-25T15:28:17+00:00
2026-05-25,SKYLP,KAP,SKYALP FİNANSAL TEKNOLOJİLER VE DANIŞMANLIK A.Ş. - Birleşme İşlemlerine İlişkin Bildirim,Birleşme İşlemlerine İlişkin Bildirim NSC Bilişim Birleşme İşlemi - Rekabet Kurulu İzni Hk.,https://www.kap.org.tr/tr/Bildirim/1611016,tr,2026-05-25T15:07:55+00:00
2026-05-25,SMRVA,KAP,SÜMER VARLIK YÖNETİM A.Ş. - Pay Dışında Sermaye Piyasası Aracı İşlemlerine İlişkin Bildirim (Faiz İçeren),Pay Dışında Sermaye Piyasası Aracı İşlemlerine İlişkin Bildirim (Faiz İçeren) TRFSUVY22725 ISIN Kodlu Bonoya ait Kupon Ödemesi,https://www.kap.org.tr/tr/Bildirim/1610974,tr,2026-05-25T12:29:26+00:00
2026-05-25,SNPAM,KAP,SÖNMEZ PAMUKLU SANAYİİ A.Ş. - Bağımsız Denetim Kuruluşunun Belirlenmesi,Bağımsız Denetim Kuruluşunun Belirlenmesi Genel Kurul'ca onaylanan Bağımsız Denetim Kuruluşu seçiminin tescili ve ilanı,https://www.kap.org.tr/tr/Bildirim/1610983,tr,2026-05-25T13:17:34+00:00
2026-05-25,SNPAM,KAP,SÖNMEZ PAMUKLU SANAYİİ A.Ş. - Genel Kurul İşlemlerine İlişkin Bildirim,Genel Kurul İşlemlerine İlişkin Bildirim 2025 hesap dönemi Olağan Genel Kuruluna ilişkin toplantı tutanağı ve katılanlar cetveli aynı gün Kap'ta duyurulmuştur. Gerekli tescil işlemi 22.05.2026 tarihinde yapılmıştır.,https://www.kap.org.tr/tr/Bildirim/1610982,tr,2026-05-25T13:17:05+00:00
2026-05-25,SONME,KAP,SÖNMEZ FİLAMENT SENTETİK İPLİK VE ELYAF SANAYİ A.Ş. - Bağımsız Denetim Kuruluşunun Belirlenmesi,Bağımsız Denetim Kuruluşunun Belirlenmesi Genel Kurul'ca onaylanan Bağımsız Denetim Kuruluşu seçiminin tescili ve ilanı,https://www.kap.org.tr/tr/Bildirim/1610987,tr,2026-05-25T13:34:11+00:00
2026-05-25,SONME,KAP,SÖNMEZ FİLAMENT SENTETİK İPLİK VE ELYAF SANAYİ A.Ş. - Genel Kurul İşlemlerine İlişkin Bildirim,Genel Kurul İşlemlerine İlişkin Bildirim 2025 hesap dönemi Olağan Genel Kuruluna ilişkin toplantı tutanağı ve katılanlar cetveli aynı gün Kap'ta duyurulmuştur. Gerekli tescil işlemi 25.05.2026 tarihinde yapılmıştır.,https://www.kap.org.tr/tr/Bildirim/1610986,tr,2026-05-25T13:33:48+00:00
2026-05-25,TRFFA,KAP,TERA FİNANS FAKTORİNG A.Ş. - Şirket Genel Bilgi Formu,Şirket Genel Bilgi Formu,https://www.kap.org.tr/tr/Bildirim/1610996,tr,2026-05-25T14:21:41+00:00
2026-05-25,TRFFA,KAP,TERA FİNANS FAKTORİNG A.Ş. - Şirket Genel Bilgi Formu,Şirket Genel Bilgi Formu,https://www.kap.org.tr/tr/Bildirim/1610990,tr,2026-05-25T14:01:23+00:00
2026-05-25,TRFFA,KAP,TERA FİNANS FAKTORİNG A.Ş. - Şirket Genel Bilgi Formu,Şirket Genel Bilgi Formu,https://www.kap.org.tr/tr/Bildirim/1610979,tr,2026-05-25T12:53:48+00:00
2026-05-25,TRFFA,KAP,TERA FİNANS FAKTORİNG A.Ş. - Şirket Genel Bilgi Formu,Şirket Genel Bilgi Formu,https://www.kap.org.tr/tr/Bildirim/1610976,tr,2026-05-25T12:38:22+00:00
2026-05-25,UCAYM,KAP,ÜÇAY MÜHENDİSLİK ENERJİ VE İKLİMLENDİRME TEKNOLOJİLERİ A.Ş. - Sermaye Artırımından Elde Edilecek - Edilen Fonun Kullanımına İlişkin Rapor,Sermaye Artırımından Elde Edilecek - Edilen Fonun Kullanımına İlişkin Rapor Sermaye Artırımından Elde Edilecek - Edilen Fonun Kullanımına İlişkin Rapor,https://www.kap.org.tr/tr/Bildirim/1610978,tr,2026-05-25T12:47:36+00:00
2026-05-25,USAK,KAP,UŞAK SERAMİK SANAYİ A.Ş. - Pay Dışında Sermaye Piyasası Aracı İşlemlerine İlişkin Bildirim (Faiz İçeren),Pay Dışında Sermaye Piyasası Aracı İşlemlerine İlişkin Bildirim (Faiz İçeren) Finansman Bonosu İhracı,https://www.kap.org.tr/tr/Bildirim/1610997,tr,2026-05-25T14:22:45+00:00
2026-05-25,USAK,KAP,UŞAK SERAMİK SANAYİ A.Ş. - Pay Dışında Sermaye Piyasası Aracı İşlemlerine İlişkin Bildirim (Faiz İçeren),Pay Dışında Sermaye Piyasası Aracı İşlemlerine İlişkin Bildirim (Faiz İçeren) Kupon Ödemesi Hakkında,https://www.kap.org.tr/tr/Bildirim/1610954,tr,2026-05-25T11:24:33+00:00
2026-05-25,VESTL,KAP,VESTEL ELEKTRONİK SANAYİ VE TİCARET A.Ş. - Pay Dışında Sermaye Piyasası Aracı İşlemlerine İlişkin Bildirim (Faiz İçeren),Pay Dışında Sermaye Piyasası Aracı İşlemlerine İlişkin Bildirim (Faiz İçeren) Nitelikli Yatırımcılara Satılmak Üzere Sabit Kuponlu Finansman Bonosu İhracının Tamamlanması,https://www.kap.org.tr/tr/Bildirim/1610944,tr,2026-05-25T10:54:42+00:00
2026-05-25,VESTL,KAP,VESTEL ELEKTRONİK SANAYİ VE TİCARET A.Ş. - Pay Dışında Sermaye Piyasası Aracı İşlemlerine İlişkin Bildirim (Faiz İçeren),Pay Dışında Sermaye Piyasası Aracı İşlemlerine İlişkin Bildirim (Faiz İçeren) TRFVSTL52622 Kodlu Finansman Bonosunun Kupon ve Anapara Ödemesi Hakkında,https://www.kap.org.tr/tr/Bildirim/1610940,tr,2026-05-25T10:54:25+00:00
2026-05-25,VESTL,KAP,VESTEL ELEKTRONİK SANAYİ VE TİCARET A.Ş. - Pay Dışında Sermaye Piyasası Aracı İşlemlerine İlişkin Bildirim (Faiz İçeren),Pay Dışında Sermaye Piyasası Aracı İşlemlerine İlişkin Bildirim (Faiz İçeren) TRFVSTL52614 Kodlu Finansman Bonosunun Kupon ve Anapara Ödemesi Hakkında,https://www.kap.org.tr/tr/Bildirim/1610939,tr,2026-05-25T10:54:00+00:00
2026-05-25,VKFYO,KAP,VAKIF MENKUL KIYMET YATIRIM ORTAKLIĞI A.Ş. - Haftalık Rapor,Haftalık Rapor 22.05.2026 Tarihli Haftalık Rapor,https://www.kap.org.tr/tr/Bildirim/1611124,tr,2026-05-25T21:02:16+00:00
2026-05-25,VKFYO,KAP,VAKIF MENKUL KIYMET YATIRIM ORTAKLIĞI A.Ş. - Özel Durum Açıklaması (Genel),"Özel Durum Açıklaması (Genel) Şirketimizin BİAŞ'da oluşan ağırlıklı ortalama fiyatın, pay başına net aktif değerin 2 katını aşması sebebiyle yapılan açıklamadır.",https://www.kap.org.tr/tr/Bildirim/1611123,tr,2026-05-25T20:57:14+00:00
2026-05-25,ZKBVK,KAP,ZİRAAT KATILIM VARLIK KİRALAMA A.Ş. - İhraç Tavanına İlişkin Bildirim,İhraç Tavanına İlişkin Bildirim Kira Sertifikası İhracına İlişkin Yönetim Kurulu Kararı Alınması ZTB,https://www.kap.org.tr/tr/Bildirim/1610897,tr,2026-05-25T09:33:18+00:00
2026-05-25,ZOREN,KAP,ZORLU ENERJİ ELEKTRİK ÜRETİM A.Ş. - Şirket Genel Bilgi Formu,Şirket Genel Bilgi Formu,https://www.kap.org.tr/tr/Bildirim/1611119,tr,2026-05-25T19:47:02+00:00
2026-05-26,AHGAZ,KAP,AHLATCI DOĞAL GAZ DAĞITIM ENERJİ VE YATIRIM A.Ş. - Payların Geri Alınmasına İlişkin Bildirim,Payların Geri Alınmasına İlişkin Bildirim 26.05.2026 Tarihli Pay Geri Alım İşlemleri,https://www.kap.org.tr/tr/Bildirim/1611220,tr,2026-05-26T13:00:34+00:00
2026-05-26,AHSGY,KAP,AHES GAYRİMENKUL YATIRIM ORTAKLIĞI A.Ş. - Kar Payı Dağıtım İşlemlerine İlişkin Bildirim,Kar Payı Dağıtım İşlemlerine İlişkin Bildirim 2025 Yılı Kar Payı Dağıtımına İlişkin Yönetim Kurulu Önerisi.,https://www.kap.org.tr/tr/Bildirim/1611249,tr,2026-05-26T15:12:06+00:00
2026-05-26,ALBRK,KAP,ALBARAKA TÜRK KATILIM BANKASI A.Ş. - Şirket Genel Bilgi Formu,Şirket Genel Bilgi Formu,https://www.kap.org.tr/tr/Bildirim/1611258,tr,2026-05-26T18:41:09+00:00
2026-05-26,ALCTL,KAP,ALCATEL LUCENT TELETAŞ TELEKOMÜNİKASYON A.Ş. - Kar Payı Dağıtım İşlemlerine İlişkin Bildirim,"Kar Payı Dağıtım İşlemlerine İlişkin Bildirim 2025 Faaliyet Yılı Genel Kurulda Görüşülmek Üzere, Kar Payı Dağıtım İşlemlerine İlişkin Bildirim",https://www.kap.org.tr/tr/Bildirim/1611226,tr,2026-05-26T13:13:51+00:00
2026-05-26,ALCTL,KAP,ALCATEL LUCENT TELETAŞ TELEKOMÜNİKASYON A.Ş. - Genel Kurul İşlemlerine İlişkin Bildirim,Genel Kurul İşlemlerine İlişkin Bildirim 2025 Faaliyet Yılına İlişkin Olağan Genel Kurul Toplantı Gündemi,https://www.kap.org.tr/tr/Bildirim/1611225,tr,2026-05-26T13:13:28+00:00
2026-05-26,ALK,KAP,ALBARAKA TÜRK KATILIM BANKASI A.Ş. - Şirket Genel Bilgi Formu,Şirket Genel Bilgi Formu,https://www.kap.org.tr/tr/Bildirim/1611258,tr,2026-05-26T18:41:09+00:00
2026-05-26,ATA,KAP,ATA YATIRIM MENKUL KIYMETLER A.Ş. - Kredi Derecelendirmesi,Kredi Derecelendirmesi Saha Kurumsal Yönetim ve Kredi Derecelendirme Hizmetleri A.Ş.Derecelendirme Notları Hakkında,https://www.kap.org.tr/tr/Bildirim/1611138,tr,2026-05-26T08:38:16+00:00
2026-05-26,ATAYM,KAP,ATA YATIRIM MENKUL KIYMETLER A.Ş. - Kredi Derecelendirmesi,Kredi Derecelendirmesi Saha Kurumsal Yönetim ve Kredi Derecelendirme Hizmetleri A.Ş.Derecelendirme Notları Hakkında,https://www.kap.org.tr/tr/Bildirim/1611138,tr,2026-05-26T08:38:16+00:00
2026-05-26,BLS,KAP,BULLS YATIRIM MENKUL DEĞERLER A.Ş. - Pay Alım Teklifi Yoluyla Pay Toplanmasına İlişkin Bildirim,Pay Alım Teklifi Yoluyla Pay Toplanmasına İlişkin Bildirim Özerden Ambalaj Sanayi A.Ş. Paylarına Yönelik Zorunlu Pay Alım Teklifi OZRDN,https://www.kap.org.tr/tr/Bildirim/1611224,tr,2026-05-26T13:07:19+00:00
2026-05-26,BLSMD,KAP,BULLS YATIRIM MENKUL DEĞERLER A.Ş. - Pay Alım Teklifi Yoluyla Pay Toplanmasına İlişkin Bildirim,Pay Alım Teklifi Yoluyla Pay Toplanmasına İlişkin Bildirim Özerden Ambalaj Sanayi A.Ş. Paylarına Yönelik Zorunlu Pay Alım Teklifi OZRDN,https://www.kap.org.tr/tr/Bildirim/1611224,tr,2026-05-26T13:07:19+00:00
2026-05-26,BOBET,KAP,BOĞAZİÇİ BETON SANAYİ VE TİCARET A.Ş. - Özel Durum Açıklaması (Genel),Özel Durum Açıklaması (Genel) Bağlı Ortaklık Hakkında,https://www.kap.org.tr/tr/Bildirim/1611213,tr,2026-05-26T12:43:29+00:00
2026-05-26,BORSK,KAP,BOR ŞEKER A.Ş. - Kar Payı Dağıtım İşlemlerine İlişkin Bildirim,Kar Payı Dağıtım İşlemlerine İlişkin Bildirim Bor Şeker A.Ş. Kar Dağıtım Teklifi,https://www.kap.org.tr/tr/Bildirim/1611257,tr,2026-05-26T17:58:31+00:00
2026-05-26,BORSK,KAP,BOR ŞEKER A.Ş. - Genel Kurul İşlemlerine İlişkin Bildirim,Genel Kurul İşlemlerine İlişkin Bildirim Olağan Genel Kurul Daveti ve Bilgilendirme Dokümanı,https://www.kap.org.tr/tr/Bildirim/1611255,tr,2026-05-26T17:56:48+00:00
2026-05-26,DOGVY,KAP,DOĞRU VARLIK YÖNETİM A.Ş. - Pay Dışında Sermaye Piyasası Aracı İşlemlerine İlişkin Bildirim (Faiz İçeren),Pay Dışında Sermaye Piyasası Aracı İşlemlerine İlişkin Bildirim (Faiz İçeren) TRFDGRV82617 ISIN Kodlu Finansman Bonosu Kupon Oran Bildirimi,https://www.kap.org.tr/tr/Bildirim/1611232,tr,2026-05-26T13:21:21+00:00
2026-05-26,DYBNK,KAP,D YATIRIM BANKASI A.Ş. - Pay Dışında Sermaye Piyasası Aracı İşlemlerine İlişkin Bildirim (Faiz İçeren),Pay Dışında Sermaye Piyasası Aracı İşlemlerine İlişkin Bildirim (Faiz İçeren) TRFDBNKK2614 ISIN Kodlu Değişken Faizli Borçlanma Aracımızın Kupon Ödemesine İlişkin Açıklama,https://www.kap.org.tr/tr/Bildirim/1611173,tr,2026-05-26T10:28:47+00:00
2026-05-26,EGEPO,KAP,NASMED ÖZEL SAĞLIK HİZMETLERİ TİCARET A.Ş. - Kar Payı Dağıtım İşlemlerine İlişkin Bildirim,Kar Payı Dağıtım İşlemlerine İlişkin Bildirim 2025 Yılı Kar Payı Dağıtım İşlemlerine ilşkin bildirim,https://www.kap.org.tr/tr/Bildirim/1611186,tr,2026-05-26T11:09:03+00:00
2026-05-26,ETYAT,KAP,EURO TREND YATIRIM ORTAKLIĞI A.Ş. - Özel Durum Açıklaması (Genel),"Özel Durum Açıklaması (Genel) BİAŞ'da oluşan ağırlıklı ortalama fiyatın,pay başına net aktif değerin 2 katını aşması",https://www.kap.org.tr/tr/Bildirim/1611188,tr,2026-05-26T11:12:44+00:00
2026-05-26,EUKYO,KAP,EURO KAPİTAL YATIRIM ORTAKLIĞI A.Ş. - Özel Durum Açıklaması (Genel),"Özel Durum Açıklaması (Genel) BİAŞ'da oluşan ağırlıklı ortalama fiyatın,pay başına net aktif değerin 2 katını aşması",https://www.kap.org.tr/tr/Bildirim/1611189,tr,2026-05-26T11:13:39+00:00
2026-05-26,EUYO,KAP,EURO MENKUL KIYMET YATIRIM ORTAKLIĞI A.Ş. - Özel Durum Açıklaması (Genel),"Özel Durum Açıklaması (Genel) BİAŞ'da oluşan ağırlıklı ortalama fiyatın,pay başına net aktif değerin 2 katını aşması",https://www.kap.org.tr/tr/Bildirim/1611187,tr,2026-05-26T11:11:45+00:00
2026-05-26,FIN,KAP,QNB BANK A.Ş. - Özel Durum Açıklaması (Genel),Özel Durum Açıklaması (Genel) Rekabet Kurulu tarafından açılan soruşturma ile ilgili gelişmeler,https://www.kap.org.tr/tr/Bildirim/1611239,tr,2026-05-26T13:40:51+00:00
2026-05-26,FIN,KAP,QNB BANK A.Ş. - Pay Dışında Sermaye Piyasası Aracı İşlemlerine İlişkin Bildirim (Faiz İçeren),Pay Dışında Sermaye Piyasası Aracı İşlemlerine İlişkin Bildirim (Faiz İçeren) MTN programı kapsamında yurtdışında ihraç edilen borçlanma aracının itfası,https://www.kap.org.tr/tr/Bildirim/1611163,tr,2026-05-26T10:14:40+00:00
2026-05-26,FLAP,KAP,FLAP KONGRE TOPLANTI HİZMETLERİ OTOMOTİV VE TURİZM A.Ş. - Özel Durum Açıklaması (Genel),Özel Durum Açıklaması (Genel) Pay devri,https://www.kap.org.tr/tr/Bildirim/1611248,tr,2026-05-26T14:59:43+00:00
2026-05-26,GLYHO,KAP,GLOBAL YATIRIM HOLDİNG A.Ş. - Payların Geri Alınmasına İlişkin Bildirim,Payların Geri Alınmasına İlişkin Bildirim 26.05.2026 Tarihli Pay Geri Alım İşlemleri,https://www.kap.org.tr/tr/Bildirim/1611242,tr,2026-05-26T13:54:29+00:00
2026-05-26,GRNYO,KAP,GARANTİ YATIRIM ORTAKLIĞI A.Ş. - Özel Durum Açıklaması (Genel),"Özel Durum Açıklaması (Genel) Paylarının BİAŞ'ta oluşan ağırlıklı ortalama fiyatının, pay başına net aktif değerinin 2 katını aşması hakkında.",https://www.kap.org.tr/tr/Bildirim/1611148,tr,2026-05-26T09:41:14+00:00
2026-05-26,ISMEN,KAP,İŞ YATIRIM MENKUL DEĞERLER A.Ş. - Yatırım Kuruluşu Varant - Sertifika - Senetlerine İlişkin Bildirim,Yatırım Kuruluşu Varant - Sertifika - Senetlerine İlişkin Bildirim İş Yatırım Sertifika ve Varant Alım Satım İşlemleri,https://www.kap.org.tr/tr/Bildirim/1611182,tr,2026-05-26T10:45:23+00:00
2026-05-26,ISMEN,KAP,İŞ YATIRIM MENKUL DEĞERLER A.Ş. - Piyasa Yapıcılığı Kapsamında Gerçekleştirilen İşlemler Bildirimi,Piyasa Yapıcılığı Kapsamında Gerçekleştirilen İşlemler Bildirimi Borsa Yatırım Fonu Piyasa Yapıcılığı İşlemleri ISGLK,https://www.kap.org.tr/tr/Bildirim/1611181,tr,2026-05-26T10:44:59+00:00
2026-05-26,ISTVY,KAP,İSTANBUL VARLIK YÖNETİM A.Ş. - İhraç Belgesi,İhraç Belgesi Borçlanma Aracı İhraç Tavanına İlişkin SPK Onayı,https://www.kap.org.tr/tr/Bildirim/1611205,tr,2026-05-26T12:19:52+00:00
2026-05-26,IYM,KAP,İŞ YATIRIM MENKUL DEĞERLER A.Ş. - Yatırım Kuruluşu Varant - Sertifika - Senetlerine İlişkin Bildirim,Yatırım Kuruluşu Varant - Sertifika - Senetlerine İlişkin Bildirim İş Yatırım Sertifika ve Varant Alım Satım İşlemleri,https://www.kap.org.tr/tr/Bildirim/1611182,tr,2026-05-26T10:45:23+00:00
2026-05-26,IYM,KAP,İŞ YATIRIM MENKUL DEĞERLER A.Ş. - Piyasa Yapıcılığı Kapsamında Gerçekleştirilen İşlemler Bildirimi,Piyasa Yapıcılığı Kapsamında Gerçekleştirilen İşlemler Bildirimi Borsa Yatırım Fonu Piyasa Yapıcılığı İşlemleri ISGLK,https://www.kap.org.tr/tr/Bildirim/1611181,tr,2026-05-26T10:44:59+00:00
2026-05-26,KARSN,KAP,KARSAN OTOMOTİV SANAYİİ VE TİCARET A.Ş. - Özel Durum Açıklaması (Genel),Özel Durum Açıklaması (Genel) İsveç/Göteborg'da Hizmet Veren Otonom Aracımız Hakkında Çıkan Haberlere İlişkin Açıklama,https://www.kap.org.tr/tr/Bildirim/1611251,tr,2026-05-26T16:34:00+00:00
2026-05-26,KLMSN,KAP,KLİMASAN KLİMA SANAYİ VE TİCARET A.Ş. - Özel Durum Açıklaması (Genel),Özel Durum Açıklaması (Genel) Bağlı Ortaklığın Üretime Ara Vermesi,https://www.kap.org.tr/tr/Bildirim/1611262,tr,2026-05-26T22:20:55+00:00
2026-05-26,KOCMT,KAP,KOÇ METALURJİ A.Ş. - Payların Geri Alınmasına İlişkin Bildirim,Payların Geri Alınmasına İlişkin Bildirim Şirket Paylarının Geri Alımına İlişkin Programın Süresinin Revize Edilmesi Hk.,https://www.kap.org.tr/tr/Bildirim/1611241,tr,2026-05-26T13:51:05+00:00
2026-05-26,KTSVK,KAP,KT SUKUK VARLIK KİRALAMA A.Ş. - Özel Durum Açıklaması (Genel),Özel Durum Açıklaması (Genel) TRDKTSK52663 ISIN Kodlu Kira Sertifikası İtfa ve Kupon Ödemesi Hk. SUKKR,https://www.kap.org.tr/tr/Bildirim/1611147,tr,2026-05-26T09:41:01+00:00
2026-05-26,KTSVK,KAP,KT SUKUK VARLIK KİRALAMA A.Ş. - Özel Durum Açıklaması (Genel),Özel Durum Açıklaması (Genel) TRDKTSK52655 ISIN Kodlu Kira Sertifikası İtfa ve Kupon Ödemesi Hk. SUKKR,https://www.kap.org.tr/tr/Bildirim/1611146,tr,2026-05-26T09:40:34+00:00
2026-05-26,KUTPO,KAP,KÜTAHYA PORSELEN SANAYİ A.Ş. - Maddi Duran Varlık Alımı,Maddi Duran Varlık Alımı Maddi Duran Varlık Alımı Hk.,https://www.kap.org.tr/tr/Bildirim/1611234,tr,2026-05-26T13:28:48+00:00
2026-05-26,MHRGY,KAP,MHR GAYRİMENKUL YATIRIM ORTAKLIĞI A.Ş. - Genel Kurul İşlemlerine İlişkin Bildirim,Genel Kurul İşlemlerine İlişkin Bildirim Şirketimiz Genel Kurul Toplantısı hk.,https://www.kap.org.tr/tr/Bildirim/1611137,tr,2026-05-26T00:28:36+00:00
2026-05-26,MHRGY,KAP,MHR GAYRİMENKUL YATIRIM ORTAKLIĞI A.Ş. - Genel Kurul İşlemlerine İlişkin Bildirim,Genel Kurul İşlemlerine İlişkin Bildirim Şirketimiz Genel Kurul Toplantısı hk.,https://www.kap.org.tr/tr/Bildirim/1611136,tr,2026-05-26T00:01:24+00:00
2026-05-26,MHRGY,KAP,MHR GAYRİMENKUL YATIRIM ORTAKLIĞI A.Ş. - Sermaye Artırımı - Azaltımı İşlemlerine İlişkin Bildirim,Sermaye Artırımı - Azaltımı İşlemlerine İlişkin Bildirim Şirketimiz İç Kaynaklardan Bedelsiz Sermaye Artışı hk,https://www.kap.org.tr/tr/Bildirim/1611135,tr,2026-05-26T00:00:39+00:00
2026-05-26,OYA,KAP,OYAK YATIRIM MENKUL DEĞERLER A.Ş. - Piyasa Yapıcılığı Kapsamında Gerçekleştirilen İşlemler Bildirimi,Piyasa Yapıcılığı Kapsamında Gerçekleştirilen İşlemler Bildirimi 26/05/2026 TARİHLİ OYAYO PİYASA YAPICILIĞI İŞLEMLERİ OYAYO,https://www.kap.org.tr/tr/Bildirim/1611240,tr,2026-05-26T13:46:32+00:00
2026-05-26,OYAYO,KAP,OYAK YATIRIM ORTAKLIĞI A.Ş. - Özel Durum Açıklaması (Genel),"Özel Durum Açıklaması (Genel) Ortaklık paylarının BİAŞ'ta oluşan ağırlıklı ortalama fiyatının, pay başına net aktif değerinin 2 katını aşması hakkında",https://www.kap.org.tr/tr/Bildirim/1611185,tr,2026-05-26T10:53:19+00:00
2026-05-26,OYYAT,KAP,OYAK YATIRIM MENKUL DEĞERLER A.Ş. - Piyasa Yapıcılığı Kapsamında Gerçekleştirilen İşlemler Bildirimi,Piyasa Yapıcılığı Kapsamında Gerçekleştirilen İşlemler Bildirimi 26/05/2026 TARİHLİ OYAYO PİYASA YAPICILIĞI İŞLEMLERİ OYAYO,https://www.kap.org.tr/tr/Bildirim/1611240,tr,2026-05-26T13:46:32+00:00
2026-05-26,PAHOL,KAP,PASİFİK HOLDİNG A.Ş. - Şirket Genel Bilgi Formu,Şirket Genel Bilgi Formu,https://www.kap.org.tr/tr/Bildirim/1611230,tr,2026-05-26T13:20:04+00:00
2026-05-26,PATEK,KAP,PASİFİK TEKNOLOJİ A.Ş. - Kurumsal Yönetim Bilgi Formu (Güncelleme) - Yönetim Kurulu-1,Kurumsal Yönetim Bilgi Formu (Güncelleme) - Yönetim Kurulu-1 Kurumsal Yönetim Bilgi Formu (Güncelleme) Yönetim Kurulu-1,https://www.kap.org.tr/tr/Bildirim/1611223,tr,2026-05-26T13:05:09+00:00
2026-05-26,PATEK,KAP,PASİFİK TEKNOLOJİ A.Ş. - Şirket Genel Bilgi Formu,Şirket Genel Bilgi Formu,https://www.kap.org.tr/tr/Bildirim/1611221,tr,2026-05-26T13:04:45+00:00
2026-05-26,PBT,KAP,PASHA YATIRIM BANKASI A.Ş. - Pay Dışında Sermaye Piyasası Aracı İşlemlerine İlişkin Bildirim (Faiz İçeren),Pay Dışında Sermaye Piyasası Aracı İşlemlerine İlişkin Bildirim (Faiz İçeren) PASHA Yatırım Bankası A.Ş. Eurobond kupon ödemesi,https://www.kap.org.tr/tr/Bildirim/1611150,tr,2026-05-26T09:42:29+00:00
2026-05-26,PBTR,KAP,PASHA YATIRIM BANKASI A.Ş. - Pay Dışında Sermaye Piyasası Aracı İşlemlerine İlişkin Bildirim (Faiz İçeren),Pay Dışında Sermaye Piyasası Aracı İşlemlerine İlişkin Bildirim (Faiz İçeren) PASHA Yatırım Bankası A.Ş. Eurobond kupon ödemesi,https://www.kap.org.tr/tr/Bildirim/1611150,tr,2026-05-26T09:42:29+00:00
2026-05-26,QNBTR,KAP,QNB BANK A.Ş. - Özel Durum Açıklaması (Genel),Özel Durum Açıklaması (Genel) Rekabet Kurulu tarafından açılan soruşturma ile ilgili gelişmeler,https://www.kap.org.tr/tr/Bildirim/1611239,tr,2026-05-26T13:40:51+00:00
2026-05-26,QNBTR,KAP,QNB BANK A.Ş. - Pay Dışında Sermaye Piyasası Aracı İşlemlerine İlişkin Bildirim (Faiz İçeren),Pay Dışında Sermaye Piyasası Aracı İşlemlerine İlişkin Bildirim (Faiz İçeren) MTN programı kapsamında yurtdışında ihraç edilen borçlanma aracının itfası,https://www.kap.org.tr/tr/Bildirim/1611163,tr,2026-05-26T10:14:40+00:00
2026-05-26,REEDR,KAP,REEDER TEKNOLOJİ SANAYİ VE TİCARET A.Ş. - Kurumsal Yönetim Bilgi Formu (Güncelleme) - Yönetim Kurulu-2,Kurumsal Yönetim Bilgi Formu (Güncelleme) - Yönetim Kurulu-2 Kurumsal Yönetim Bilgi Formu Güncelleme,https://www.kap.org.tr/tr/Bildirim/1611256,tr,2026-05-26T17:56:49+00:00
2026-05-26,REEDR,KAP,REEDER TEKNOLOJİ SANAYİ VE TİCARET A.Ş. - Şirket Genel Bilgi Formu,Şirket Genel Bilgi Formu,https://www.kap.org.tr/tr/Bildirim/1611254,tr,2026-05-26T17:55:31+00:00
2026-05-26,SMART,KAP,SMARTİKS YAZILIM A.Ş. - Özel Durum Açıklaması (Genel),Özel Durum Açıklaması (Genel) Smartiks Yazılım A.Ş.'nin E Kampüs Eğitim Yazılım ve Danışmanlık A.Ş. İle Birleşme İşlemine İlişkin Rekabet Kurulu Başvurusu İzni Hk.,https://www.kap.org.tr/tr/Bildirim/1611243,tr,2026-05-26T14:06:38+00:00
2026-05-26,SMRVA,KAP,SÜMER VARLIK YÖNETİM A.Ş. - Pay Dışında Sermaye Piyasası Aracı İşlemlerine İlişkin Bildirim (Faiz İçeren),Pay Dışında Sermaye Piyasası Aracı İşlemlerine İlişkin Bildirim (Faiz İçeren) TRFSUVY62614 ISIN Kodlu Bonoya ait Kupon Oranı Belirlenmesi,https://www.kap.org.tr/tr/Bildirim/1611233,tr,2026-05-26T13:21:37+00:00
2026-05-26,SMRVA,KAP,SÜMER VARLIK YÖNETİM A.Ş. - Pay Dışında Sermaye Piyasası Aracı İşlemlerine İlişkin Bildirim (Faiz İçeren),Pay Dışında Sermaye Piyasası Aracı İşlemlerine İlişkin Bildirim (Faiz İçeren) TRFSUVY62622 ISIN Kodlu Bonoya ait Kupon Oranı Belirlenmesi,https://www.kap.org.tr/tr/Bildirim/1611231,tr,2026-05-26T13:20:13+00:00
2026-05-26,TATGD,KAP,TAT GIDA SANAYİ A.Ş. - Pay Dışında Sermaye Piyasası Aracı İşlemlerine İlişkin Bildirim (Faiz İçeren),Pay Dışında Sermaye Piyasası Aracı İşlemlerine İlişkin Bildirim (Faiz İçeren) TRSTATK22713 ISIN Kodlu Tahvilin 5. Kupon Oranı,https://www.kap.org.tr/tr/Bildirim/1611250,tr,2026-05-26T16:17:03+00:00
2026-05-26,TVB,KAP,TÜRKİYE VAKIFLAR BANKASI T.A.O. - Şirket Genel Bilgi Formu,Şirket Genel Bilgi Formu,https://www.kap.org.tr/tr/Bildirim/1611229,tr,2026-05-26T13:18:23+00:00
2026-05-26,TVB,KAP,TÜRKİYE VAKIFLAR BANKASI T.A.O. - Özel Durum Açıklaması (Genel),Özel Durum Açıklaması (Genel) Üst Düzey Yönetici Ataması Hakkında,https://www.kap.org.tr/tr/Bildirim/1611228,tr,2026-05-26T13:15:51+00:00
2026-05-26,VAKBN,KAP,TÜRKİYE VAKIFLAR BANKASI T.A.O. - Şirket Genel Bilgi Formu,Şirket Genel Bilgi Formu,https://www.kap.org.tr/tr/Bildirim/1611229,tr,2026-05-26T13:18:23+00:00
2026-05-26,VAKBN,KAP,TÜRKİYE VAKIFLAR BANKASI T.A.O. - Özel Durum Açıklaması (Genel),Özel Durum Açıklaması (Genel) Üst Düzey Yönetici Ataması Hakkında,https://www.kap.org.tr/tr/Bildirim/1611228,tr,2026-05-26T13:15:51+00:00
2026-05-26,VESTL,KAP,VESTEL ELEKTRONİK SANAYİ VE TİCARET A.Ş. - Pay Dışında Sermaye Piyasası Aracı İşlemlerine İlişkin Bildirim (Faiz İçeren),Pay Dışında Sermaye Piyasası Aracı İşlemlerine İlişkin Bildirim (Faiz İçeren) TRSVSTL82614 ISIN Kodlu Tahvilin 3. Kupon Dönemine İlişkin Faiz Ödemesi ve 4. Kupon Dönemine İlişkin Faiz Oranı Hakkında,https://www.kap.org.tr/tr/Bildirim/1611201,tr,2026-05-26T12:07:18+00:00
2026-05-26,VKFYO,KAP,VAKIF MENKUL KIYMET YATIRIM ORTAKLIĞI A.Ş. - Özel Durum Açıklaması (Genel),"Özel Durum Açıklaması (Genel) Şirketimizin BİAŞ'da oluşan ağırlıklı ortalama fiyatın, pay başına net aktif değerin 2 katını aşması sebebiyle yapılan açıklamadır.",https://www.kap.org.tr/tr/Bildirim/1611238,tr,2026-05-26T13:39:12+00:00
2026-05-26,YKB,KAP,YAPI VE KREDİ BANKASI A.Ş. - Şirket Genel Bilgi Formu,Şirket Genel Bilgi Formu,https://www.kap.org.tr/tr/Bildirim/1611237,tr,2026-05-26T13:37:53+00:00
2026-05-26,YKB,KAP,YAPI VE KREDİ BANKASI A.Ş. - Pay Dışında Sermaye Piyasası Aracı İşlemlerine İlişkin Bildirim (Faiz İçeren),Pay Dışında Sermaye Piyasası Aracı İşlemlerine İlişkin Bildirim (Faiz İçeren) Yurtdışında ilave ana sermayeye dahil edilebilir borçlanma aracı ihracının tamamlanması,https://www.kap.org.tr/tr/Bildirim/1611236,tr,2026-05-26T13:37:41+00:00
2026-05-26,YKB,KAP,YAPI VE KREDİ BANKASI A.Ş. - Pay Dışında Sermaye Piyasası Aracı İşlemlerine İlişkin Bildirim (Faiz İçeren),Pay Dışında Sermaye Piyasası Aracı İşlemlerine İlişkin Bildirim (Faiz İçeren) Yurtdışında ilave ana sermayeye dahil edilebilir borçlanma aracı ihracının tamamlanması,https://www.kap.org.tr/tr/Bildirim/1611235,tr,2026-05-26T13:37:28+00:00
2026-05-26,YKBNK,KAP,YAPI VE KREDİ BANKASI A.Ş. - Şirket Genel Bilgi Formu,Şirket Genel Bilgi Formu,https://www.kap.org.tr/tr/Bildirim/1611237,tr,2026-05-26T13:37:53+00:00
2026-05-26,YKBNK,KAP,YAPI VE KREDİ BANKASI A.Ş. - Pay Dışında Sermaye Piyasası Aracı İşlemlerine İlişkin Bildirim (Faiz İçeren),Pay Dışında Sermaye Piyasası Aracı İşlemlerine İlişkin Bildirim (Faiz İçeren) Yurtdışında ilave ana sermayeye dahil edilebilir borçlanma aracı ihracının tamamlanması,https://www.kap.org.tr/tr/Bildirim/1611236,tr,2026-05-26T13:37:41+00:00
2026-05-26,YKBNK,KAP,YAPI VE KREDİ BANKASI A.Ş. - Pay Dışında Sermaye Piyasası Aracı İşlemlerine İlişkin Bildirim (Faiz İçeren),Pay Dışında Sermaye Piyasası Aracı İşlemlerine İlişkin Bildirim (Faiz İçeren) Yurtdışında ilave ana sermayeye dahil edilebilir borçlanma aracı ihracının tamamlanması,https://www.kap.org.tr/tr/Bildirim/1611235,tr,2026-05-26T13:37:28+00:00
2026-05-26,ZOREN,KAP,ZORLU ENERJİ ELEKTRİK ÜRETİM A.Ş. - Özel Durum Açıklaması (Genel),Özel Durum Açıklaması (Genel) Pay Satışına İlişkin Tahsilatın Tamamlanması Hk.,https://www.kap.org.tr/tr/Bildirim/1611259,tr,2026-05-26T18:43:50+00:00
2026-05-27,AKSA,KAP,AKSA AKRİLİK KİMYA SANAYİİ A.Ş. - Kurumsal Yönetim İlkelerine Uyum Derecelendirmesi,Kurumsal Yönetim İlkelerine Uyum Derecelendirmesi Kurumsal Yönetim İlkelerine Uyum Derecelendirme Sözleşmesi'nin Yenilenmesi,https://www.kap.org.tr/tr/Bildirim/1611267,tr,2026-05-27T21:48:04+00:00
2026-05-27,ARCLK,KAP,ARÇELİK A.Ş. - Pay Dışında Sermaye Piyasası Aracı İşlemlerine İlişkin Bildirim (Faiz İçeren),Pay Dışında Sermaye Piyasası Aracı İşlemlerine İlişkin Bildirim (Faiz İçeren) XS2346972263 ISIN kodlu Yeşil Tahvilin Kupon Ödemesi ve İtfası,https://www.kap.org.tr/tr/Bildirim/1611264,tr,2026-05-27T12:32:33+00:00
2026-05-27,BEYAZ,KAP,BEYAZ FİLO OTO KİRALAMA A.Ş. - Finansal Duran Varlık Edinimi,Finansal Duran Varlık Edinimi Letonya Cumhuriyeti'nde Yeni Şirket Kuruluşu,https://www.kap.org.tr/tr/Bildirim/1611266,tr,2026-05-27T17:54:29+00:00
2026-05-27,MRGYO,KAP,MARTI GAYRİMENKUL YATIRIM ORTAKLIĞI A.Ş. - Özel Durum Açıklaması (Genel),Özel Durum Açıklaması (Genel) Hasılat Paylaşımı Sözleşmesi İmzalanması Hakkında,https://www.kap.org.tr/tr/Bildirim/1611265,tr,2026-05-27T13:11:18+00:00
2026-05-28,MEPET,KAP,MEPET METRO PETROL VE TESİSLERİ SANAYİ TİCARET A.Ş. - Kurumsal Yönetim Bilgi Formu (Güncelleme) - Yönetim Kurulu-1,Kurumsal Yönetim Bilgi Formu (Güncelleme) - Yönetim Kurulu-1 Kurumsal Yönetim Bilgi Formu Güncelleme,https://www.kap.org.tr/tr/Bildirim/1611271,tr,2026-05-28T13:25:53+00:00
2026-05-28,MEPET,KAP,MEPET METRO PETROL VE TESİSLERİ SANAYİ TİCARET A.Ş. - Şirket Genel Bilgi Formu,Şirket Genel Bilgi Formu,https://www.kap.org.tr/tr/Bildirim/1611270,tr,2026-05-28T13:25:27+00:00
2026-05-28,METRO,KAP,METRO TİCARİ VE MALİ YATIRIMLAR HOLDİNG A.Ş. - Kurumsal Yönetim Bilgi Formu (Güncelleme) - Yönetim Kurulu-1,Kurumsal Yönetim Bilgi Formu (Güncelleme) - Yönetim Kurulu-1 Kurumsal Yönetim Bilgi Formu Güncelleme,https://www.kap.org.tr/tr/Bildirim/1611269,tr,2026-05-28T13:24:50+00:00
2026-05-28,METRO,KAP,METRO TİCARİ VE MALİ YATIRIMLAR HOLDİNG A.Ş. - Şirket Genel Bilgi Formu,Şirket Genel Bilgi Formu,https://www.kap.org.tr/tr/Bildirim/1611268,tr,2026-05-28T13:24:21+00:00
2026-05-29,GZNMI,KAP,GEZİNOMİ SEYAHAT TURİZM TİCARET A.Ş. - Kredi Derecelendirmesi,Kredi Derecelendirmesi Kredi Derecelendirme Sözleşmesi Hakkında,https://www.kap.org.tr/tr/Bildirim/1611272,tr,2026-05-29T10:10:40+00:00
2026-05-29,KCHOL,KAP,KOÇ HOLDİNG A.Ş. - Kredi Derecelendirmesi,Kredi Derecelendirmesi Kredi Derecelendirmesi,https://www.kap.org.tr/tr/Bildirim/1611273,tr,2026-05-29T13:18:13+00:00
2026-05-29,QUAGR,KAP,QUA GRANITE HAYAL YAPI VE ÜRÜNLERİ SANAYİ TİCARET A.Ş. - Bağımsız Denetim Kuruluşunun Belirlenmesi,Bağımsız Denetim Kuruluşunun Belirlenmesi 2026 yılı Bağımsız Denetim Şirketi Seçimi Tescili,https://www.kap.org.tr/tr/Bildirim/1611275,tr,2026-05-29T14:35:38+00:00
2026-05-29,QUAGR,KAP,QUA GRANITE HAYAL YAPI VE ÜRÜNLERİ SANAYİ TİCARET A.Ş. - Genel Kurul İşlemlerine İlişkin Bildirim,Genel Kurul İşlemlerine İlişkin Bildirim Olağan Genel Kurul Sonuçlarının Tescili,https://www.kap.org.tr/tr/Bildirim/1611274,tr,2026-05-29T14:32:17+00:00
2026-05-30,DOFRB,KAP,DOF ROBOTİK SANAYİ A.Ş. - Bağımsız Denetim Kuruluşunun Belirlenmesi,Bağımsız Denetim Kuruluşunun Belirlenmesi Bağımsız denetim kuruluşu seçiminin tescili ve TTSG'de ilan,https://www.kap.org.tr/tr/Bildirim/1611278,tr,2026-05-30T21:40:04+00:00
2026-05-30,DOFRB,KAP,DOF ROBOTİK SANAYİ A.Ş. - Genel Kurul İşlemlerine İlişkin Bildirim,Genel Kurul İşlemlerine İlişkin Bildirim Genel Kurul İŞlemleri Tescil Bildirimi,https://www.kap.org.tr/tr/Bildirim/1611277,tr,2026-05-30T21:38:15+00:00
2026-05-31,EKIZ,KAP,EKİZ KİMYA SANAYİ VE TİCARET A.Ş. - Özel Durum Açıklaması (Genel),Özel Durum Açıklaması (Genel) Banka İle Yapılan Protokol Süresinin Uzatılması Hakkında,https://www.kap.org.tr/tr/Bildirim/1611279,tr,2026-05-31T22:10:25+00:00
2026-06-01,AEFES,KAP,ANADOLU EFES BİRACILIK VE MALT SANAYİİ A.Ş. - Şirket Genel Bilgi Formu,Şirket Genel Bilgi Formu,https://www.kap.org.tr/tr/Bildirim/1611685,tr,2026-06-01T19:13:11+00:00
2026-06-01,AFYON,KAP,AFYON ÇİMENTO SANAYİ T.A.Ş. - Kurumsal Yönetim Bilgi Formu (Güncelleme) - Yönetim Kurulu-1,Kurumsal Yönetim Bilgi Formu (Güncelleme) - Yönetim Kurulu-1 Yönetim Kurulu I Bilgi Formu Güncelleme,https://www.kap.org.tr/tr/Bildirim/1611710,tr,2026-06-01T20:28:16+00:00
2026-06-01,AFYON,KAP,AFYON ÇİMENTO SANAYİ T.A.Ş. - Şirket Genel Bilgi Formu,Şirket Genel Bilgi Formu,https://www.kap.org.tr/tr/Bildirim/1611709,tr,2026-06-01T20:28:07+00:00
2026-06-01,AGESA,KAP,AGESA HAYAT VE EMEKLİLİK A.Ş. - Özel Durum Açıklaması (Genel),Özel Durum Açıklaması (Genel) Genel Müdür Yardımcısı Ataması AKGRT,https://www.kap.org.tr/tr/Bildirim/1611413,tr,2026-06-01T14:42:07+00:00
2026-06-01,AHGAZ,KAP,AHLATCI DOĞAL GAZ DAĞITIM ENERJİ VE YATIRIM A.Ş. - Payların Geri Alınmasına İlişkin Bildirim,Payların Geri Alınmasına İlişkin Bildirim 01.06.2026 Tarihli Pay Geri Alım İşlemleri,https://www.kap.org.tr/tr/Bildirim/1611665,tr,2026-06-01T18:30:16+00:00
2026-06-01,AKBNK,KAP,AKBANK T.A.Ş. - Pay Dışında Sermaye Piyasası Aracı İşlemlerine İlişkin Bildirim (Faiz İçeren),Pay Dışında Sermaye Piyasası Aracı İşlemlerine İlişkin Bildirim (Faiz İçeren) Yurtdışı Piyasalara Tahvil İhracı,https://www.kap.org.tr/tr/Bildirim/1611586,tr,2026-06-01T17:41:42+00:00
2026-06-01,AKBNK,KAP,AKBANK T.A.Ş. - Pay Dışında Sermaye Piyasası Aracı İşlemlerine İlişkin Bildirim (Faiz İçeren),Pay Dışında Sermaye Piyasası Aracı İşlemlerine İlişkin Bildirim (Faiz İçeren) Yurtdışı Piyasalara Tahvil İhracı,https://www.kap.org.tr/tr/Bildirim/1611585,tr,2026-06-01T17:41:26+00:00
2026-06-01,AKBNK,KAP,AKBANK T.A.Ş. - Özel Durum Açıklaması (Genel),Özel Durum Açıklaması (Genel) Yurtdışı Piyasalara Sermaye Benzeri (Basel III uyumlu) Tahvil İhracı,https://www.kap.org.tr/tr/Bildirim/1611351,tr,2026-06-01T11:02:35+00:00
2026-06-01,AKFGY,KAP,AKFEN GAYRİMENKUL YATIRIM ORTAKLIĞI A.Ş. - İlişkili Taraf İşlemleri,İlişkili Taraf İşlemleri Yaygın ve Süreklilik Arz Eden İşlemler Raporu Hk.,https://www.kap.org.tr/tr/Bildirim/1611641,tr,2026-06-01T18:20:52+00:00
2026-06-01,AKFGY,KAP,AKFEN GAYRİMENKUL YATIRIM ORTAKLIĞI A.Ş. - Esas Sözleşme,Esas Sözleşme Esas Sözleşme,https://www.kap.org.tr/tr/Bildirim/1611465,tr,2026-06-01T16:20:54+00:00
2026-06-01,AKFGY,KAP,AKFEN GAYRİMENKUL YATIRIM ORTAKLIĞI A.Ş. - Şirket Genel Bilgi Formu,Şirket Genel Bilgi Formu,https://www.kap.org.tr/tr/Bildirim/1611463,tr,2026-06-01T16:19:25+00:00
2026-06-01,AKFGY,KAP,AKFEN GAYRİMENKUL YATIRIM ORTAKLIĞI A.Ş. - Yönetim Kurulu Komiteleri,Yönetim Kurulu Komiteleri Yönetim Kurulu Komitelerinin Üyelerinin Belirlenmesi hk,https://www.kap.org.tr/tr/Bildirim/1611462,tr,2026-06-01T16:18:21+00:00
2026-06-01,AKFGY,KAP,AKFEN GAYRİMENKUL YATIRIM ORTAKLIĞI A.Ş. - Genel Kurul İşlemlerine İlişkin Bildirim,Genel Kurul İşlemlerine İlişkin Bildirim 2025 Yılı Olağan Genel Kurul Toplantısı Tescil İşlemi,https://www.kap.org.tr/tr/Bildirim/1611460,tr,2026-06-01T16:17:50+00:00
2026-06-01,AKFGY,KAP,AKFEN GAYRİMENKUL YATIRIM ORTAKLIĞI A.Ş. - Bağımsız Denetim Kuruluşunun Belirlenmesi,Bağımsız Denetim Kuruluşunun Belirlenmesi Bağımsız denetim kuruluşu seçiminin tescili ve TTSG'de ilanı,https://www.kap.org.tr/tr/Bildirim/1611457,tr,2026-06-01T16:16:06+00:00
2026-06-01,AKGRT,KAP,AKSİGORTA A.Ş. - Özel Durum Açıklaması (Genel),Özel Durum Açıklaması (Genel) Genel Müdür Yardımcısı Ataması AGESA,https://www.kap.org.tr/tr/Bildirim/1611414,tr,2026-06-01T14:43:10+00:00
2026-06-01,AKM,KAP,AK YATIRIM MENKUL DEĞERLER A.Ş. - Piyasa Yapıcılığı Kapsamında Gerçekleştirilen İşlemler Bildirimi,"Piyasa Yapıcılığı Kapsamında Gerçekleştirilen İşlemler Bildirimi 25.05.2026 - 26.05.2026 Tarih Aralığında Gerçekleşen Borsa Yatırım Fonları Piyasa Yapıcı İşlemleri APGLD, APMDL",https://www.kap.org.tr/tr/Bildirim/1611448,tr,2026-06-01T16:14:39+00:00
2026-06-01,AKM,KAP,AK YATIRIM MENKUL DEĞERLER A.Ş. - Yatırım Kuruluşu Varant - Sertifika - Senetlerine İlişkin Bildirim,Yatırım Kuruluşu Varant - Sertifika - Senetlerine İlişkin Bildirim Varant ve Sertifika PY Alım Satım Bildirimi,https://www.kap.org.tr/tr/Bildirim/1611380,tr,2026-06-01T11:54:48+00:00
2026-06-01,AKM,KAP,AK YATIRIM MENKUL DEĞERLER A.Ş. - Likidite Sağlayıcılık Kapsamındaki İşlemler,Likidite Sağlayıcılık Kapsamındaki İşlemler LOGO Paylarında Likidite Sağlayıcılığı Kapsamında Gerçekleştirilen İşlemler 18.05.2026 - 29.05.2026 LOGO,https://www.kap.org.tr/tr/Bildirim/1611379,tr,2026-06-01T11:54:41+00:00
2026-06-01,AKM,KAP,AK YATIRIM MENKUL DEĞERLER A.Ş. - Likidite Sağlayıcılık Kapsamındaki İşlemler,Likidite Sağlayıcılık Kapsamındaki İşlemler ORGE Paylarında Likidite Sağlayıcılığı Kapsamında Gerçekleştirilen İşlemler 18.05.2026 - 29.05.2026 ORGE,https://www.kap.org.tr/tr/Bildirim/1611377,tr,2026-06-01T11:54:32+00:00
2026-06-01,AKMEN,KAP,AK YATIRIM MENKUL DEĞERLER A.Ş. - Piyasa Yapıcılığı Kapsamında Gerçekleştirilen İşlemler Bildirimi,"Piyasa Yapıcılığı Kapsamında Gerçekleştirilen İşlemler Bildirimi 25.05.2026 - 26.05.2026 Tarih Aralığında Gerçekleşen Borsa Yatırım Fonları Piyasa Yapıcı İşlemleri APGLD, APMDL",https://www.kap.org.tr/tr/Bildirim/1611448,tr,2026-06-01T16:14:39+00:00
2026-06-01,AKMEN,KAP,AK YATIRIM MENKUL DEĞERLER A.Ş. - Yatırım Kuruluşu Varant - Sertifika - Senetlerine İlişkin Bildirim,Yatırım Kuruluşu Varant - Sertifika - Senetlerine İlişkin Bildirim Varant ve Sertifika PY Alım Satım Bildirimi,https://www.kap.org.tr/tr/Bildirim/1611380,tr,2026-06-01T11:54:48+00:00
2026-06-01,AKMEN,KAP,AK YATIRIM MENKUL DEĞERLER A.Ş. - Likidite Sağlayıcılık Kapsamındaki İşlemler,Likidite Sağlayıcılık Kapsamındaki İşlemler LOGO Paylarında Likidite Sağlayıcılığı Kapsamında Gerçekleştirilen İşlemler 18.05.2026 - 29.05.2026 LOGO,https://www.kap.org.tr/tr/Bildirim/1611379,tr,2026-06-01T11:54:41+00:00
2026-06-01,AKMEN,KAP,AK YATIRIM MENKUL DEĞERLER A.Ş. - Likidite Sağlayıcılık Kapsamındaki İşlemler,Likidite Sağlayıcılık Kapsamındaki İşlemler ORGE Paylarında Likidite Sağlayıcılığı Kapsamında Gerçekleştirilen İşlemler 18.05.2026 - 29.05.2026 ORGE,https://www.kap.org.tr/tr/Bildirim/1611377,tr,2026-06-01T11:54:32+00:00
2026-06-01,AKSEN,KAP,AKSA ENERJİ ÜRETİM A.Ş. - Özel Durum Açıklaması (Genel),Özel Durum Açıklaması (Genel) Kazakistan Kombine Isı ve Enerji Santrali?ne ilişkin Bakanlık Kabulü Hakkında,https://www.kap.org.tr/tr/Bildirim/1611385,tr,2026-06-01T12:10:57+00:00
2026-06-01,AKTVK,KAP,AKTİF BANK SUKUK VARLIK KİRALAMA A.Ş. - Pay Dışında Sermaye Piyasası Aracı İşlemlerine İlişkin Bildirim (Faizsiz),Pay Dışında Sermaye Piyasası Aracı İşlemlerine İlişkin Bildirim (Faizsiz) İtfa,https://www.kap.org.tr/tr/Bildirim/1611447,tr,2026-06-01T16:14:13+00:00
2026-06-01,AKTVK,KAP,AKTİF BANK SUKUK VARLIK KİRALAMA A.Ş. - Pay Dışında Sermaye Piyasası Aracı İşlemlerine İlişkin Bildirim (Faizsiz),Pay Dışında Sermaye Piyasası Aracı İşlemlerine İlişkin Bildirim (Faizsiz) Kupon Oranı Belirlenmesi,https://www.kap.org.tr/tr/Bildirim/1611404,tr,2026-06-01T14:04:44+00:00
2026-06-01,AKYHO,KAP,AKDENİZ YATIRIM HOLDİNG A.Ş. - Yönetim Kurulu Komiteleri,Yönetim Kurulu Komiteleri Yönetim Kurulu Komiteleri Hakkında,https://www.kap.org.tr/tr/Bildirim/1611728,tr,2026-06-01T21:46:01+00:00
2026-06-01,ALNUS,KAP,ALNUS YATIRIM MENKUL DEĞERLER A.Ş. - Pay Dışında Sermaye Piyasası Aracı İşlemlerine İlişkin Bildirim (Faiz İçeren),Pay Dışında Sermaye Piyasası Aracı İşlemlerine İlişkin Bildirim (Faiz İçeren) TRFSRMD62613 ISIN Kodlu Değişken Faizli Finansman Bonosunun 4. Kupon Oranının Belirlenmesi,https://www.kap.org.tr/tr/Bildirim/1611519,tr,2026-06-01T17:15:17+00:00
2026-06-01,ANC,KAP,ALNUS YATIRIM MENKUL DEĞERLER A.Ş. - Pay Dışında Sermaye Piyasası Aracı İşlemlerine İlişkin Bildirim (Faiz İçeren),Pay Dışında Sermaye Piyasası Aracı İşlemlerine İlişkin Bildirim (Faiz İçeren) TRFSRMD62613 ISIN Kodlu Değişken Faizli Finansman Bonosunun 4. Kupon Oranının Belirlenmesi,https://www.kap.org.tr/tr/Bildirim/1611519,tr,2026-06-01T17:15:17+00:00
2026-06-01,ANSGR,KAP,ANADOLU ANONİM TÜRK SİGORTA ŞİRKETİ - TSRS Uyumlu Sürdürülebilirlik Raporu,TSRS Uyumlu Sürdürülebilirlik Raporu 2025 TSRS Uyumlu Sürdürülebilirlik Raporu,https://www.kap.org.tr/tr/Bildirim/1611661,tr,2026-06-01T18:27:38+00:00
2026-06-01,ARDYZ,KAP,ARD GRUP BİLİŞİM TEKNOLOJİLERİ A.Ş. - Yeni İş İlişkisi,Yeni İş İlişkisi Sözleşme İmzalanması Hk.,https://www.kap.org.tr/tr/Bildirim/1611290,tr,2026-06-01T09:17:23+00:00
2026-06-01,ASELS,KAP,ASELSAN ELEKTRONİK SANAYİ VE TİCARET A.Ş. - Yeni İş İlişkisi,Yeni İş İlişkisi Sözleşme İmzalanması,https://www.kap.org.tr/tr/Bildirim/1611291,tr,2026-06-01T09:17:57+00:00
2026-06-01,ATLAS,KAP,ATLAS MENKUL KIYMETLER YATIRIM ORTAKLIĞI A.Ş. - Özel Durum Açıklaması (Genel),Özel Durum Açıklaması (Genel) Portföy Yönetim Şirketi Değişikliği Hakkında,https://www.kap.org.tr/tr/Bildirim/1611663,tr,2026-06-01T18:29:08+00:00
2026-06-01,ATLAS,KAP,ATLAS MENKUL KIYMETLER YATIRIM ORTAKLIĞI A.Ş. - Haftalık Rapor,Haftalık Rapor Haftalık Rapor,https://www.kap.org.tr/tr/Bildirim/1611391,tr,2026-06-01T13:04:44+00:00
2026-06-01,BAHKM,KAP,BAHADIR KİMYA SANAYİ VE TİCARET A.Ş. - Özel Durum Açıklaması (Genel),Özel Durum Açıklaması (Genel) Yatırım Teşvik Tutarının Artırılması Hk.,https://www.kap.org.tr/tr/Bildirim/1611418,tr,2026-06-01T14:59:42+00:00
2026-06-01,BAKAB,KAP,BAK AMBALAJ SANAYİ VE TİCARET A.Ş. - Kar Payı Dağıtım İşlemlerine İlişkin Bildirim,Kar Payı Dağıtım İşlemlerine İlişkin Bildirim 2025 Yılına İlişkin Kar Payı Dağıtımı Hakkında,https://www.kap.org.tr/tr/Bildirim/1611596,tr,2026-06-01T17:48:18+00:00
2026-06-01,BAKAB,KAP,BAK AMBALAJ SANAYİ VE TİCARET A.Ş. - Genel Kurul İşlemlerine İlişkin Bildirim,Genel Kurul İşlemlerine İlişkin Bildirim Bak Ambalaj Sanayi ve Ticaret A.Ş. 2025 Yılı Olağan Genel Kurul Toplantısı İlanı Hk,https://www.kap.org.tr/tr/Bildirim/1611547,tr,2026-06-01T17:27:30+00:00
2026-06-01,BLS,KAP,BULLS YATIRIM MENKUL DEĞERLER A.Ş. - Pay Alım Teklifi Yoluyla Pay Toplanmasına İlişkin Bildirim,Pay Alım Teklifi Yoluyla Pay Toplanmasına İlişkin Bildirim Özerden Ambalaj Sanayi A.Ş. Paylarına Yönelik Zorunlu Pay Alım Teklifi OZRDN,https://www.kap.org.tr/tr/Bildirim/1611618,tr,2026-06-01T18:05:28+00:00
2026-06-01,BLSMD,KAP,BULLS YATIRIM MENKUL DEĞERLER A.Ş. - Pay Alım Teklifi Yoluyla Pay Toplanmasına İlişkin Bildirim,Pay Alım Teklifi Yoluyla Pay Toplanmasına İlişkin Bildirim Özerden Ambalaj Sanayi A.Ş. Paylarına Yönelik Zorunlu Pay Alım Teklifi OZRDN,https://www.kap.org.tr/tr/Bildirim/1611618,tr,2026-06-01T18:05:28+00:00
2026-06-01,BOBET,KAP,BOĞAZİÇİ BETON SANAYİ VE TİCARET A.Ş. - Payların Geri Alınmasına İlişkin Bildirim,Payların Geri Alınmasına İlişkin Bildirim 01.06.2026 Tarihli Pay Geri Alım İşlemleri Hakkında,https://www.kap.org.tr/tr/Bildirim/1611716,tr,2026-06-01T20:49:01+00:00
2026-06-01,BRKO,KAP,BİRKO BİRLEŞİK KOYUNLULULAR MENSUCAT TİCARET VE SANAYİ A.Ş. - Özel Durum Açıklaması (Genel),Özel Durum Açıklaması (Genel) Şirket Hakim Hisse Alımı Hakkında,https://www.kap.org.tr/tr/Bildirim/1611657,tr,2026-06-01T18:24:18+00:00
2026-06-01,BRMEN,KAP,BİRLİK MENSUCAT TİCARET VE SANAYİ İŞLETMESİ A.Ş. - Sermaye Artırımından Elde Edilecek - Edilen Fonun Kullanımına İlişkin Rapor,Sermaye Artırımından Elde Edilecek - Edilen Fonun Kullanımına İlişkin Rapor Sermaye Artırımından Elde Edilen Fonun Kullanımına İlişkin Rapor,https://www.kap.org.tr/tr/Bildirim/1611664,tr,2026-06-01T18:29:12+00:00
2026-06-01,BRMEN,KAP,BİRLİK MENSUCAT TİCARET VE SANAYİ İŞLETMESİ A.Ş. - Sorumluluk Beyanı (Konsolide),Sorumluluk Beyanı (Konsolide) BRMEN Sorumluluk Beyanı,https://www.kap.org.tr/tr/Bildirim/1611640,tr,2026-06-01T18:20:47+00:00
2026-06-01,BRMEN,KAP,BİRLİK MENSUCAT TİCARET VE SANAYİ İŞLETMESİ A.Ş. - Faaliyet Raporu (Konsolide),Faaliyet Raporu (Konsolide) BRMEN Yönetim Kurulu Faaliyet Raporu,https://www.kap.org.tr/tr/Bildirim/1611639,tr,2026-06-01T18:20:32+00:00
2026-06-01,BRMEN,KAP,BİRLİK MENSUCAT TİCARET VE SANAYİ İŞLETMESİ A.Ş. - Finansal Rapor,Finansal Rapor,https://www.kap.org.tr/tr/Bildirim/1611638,tr,2026-06-01T18:20:17+00:00
2026-06-01,BRSAN,KAP,BORUSAN BİRLEŞİK BORU FABRİKALARI SANAYİ VE TİCARET A.Ş. - Yeni İş İlişkisi,Yeni İş İlişkisi Amerika Birleşik Devletleri'nde Yeni Satış Siparişlerinin Alınması,https://www.kap.org.tr/tr/Bildirim/1611282,tr,2026-06-01T08:00:11+00:00
2026-06-01,BULGS,KAP,BULLS GİRİŞİM SERMAYESİ YATIRIM ORTAKLIĞI A.Ş. - Bağımsız Denetim Kuruluşunun Belirlenmesi,Bağımsız Denetim Kuruluşunun Belirlenmesi 2026 Yılı Bağımsız Denetim Şirketi Seçiminin Tescili,https://www.kap.org.tr/tr/Bildirim/1611609,tr,2026-06-01T18:00:57+00:00
2026-06-01,BULGS,KAP,BULLS GİRİŞİM SERMAYESİ YATIRIM ORTAKLIĞI A.Ş. - Genel Kurul İşlemlerine İlişkin Bildirim,Genel Kurul İşlemlerine İlişkin Bildirim 2025 Yılı Olağan Genel Kurulunun Tescili,https://www.kap.org.tr/tr/Bildirim/1611608,tr,2026-06-01T18:00:14+00:00
2026-06-01,CIMSA,KAP,ÇİMSA ÇİMENTO SANAYİ VE TİCARET A.Ş. - Kurumsal Yönetim Bilgi Formu (Güncelleme) - Yönetim Kurulu-2,Kurumsal Yönetim Bilgi Formu (Güncelleme) - Yönetim Kurulu-2 Yönetim Kurulu II Bilgi Formu Güncelleme,https://www.kap.org.tr/tr/Bildirim/1611713,tr,2026-06-01T20:30:39+00:00
2026-06-01,CIMSA,KAP,ÇİMSA ÇİMENTO SANAYİ VE TİCARET A.Ş. - Kurumsal Yönetim Bilgi Formu (Güncelleme) - Yönetim Kurulu-1,Kurumsal Yönetim Bilgi Formu (Güncelleme) - Yönetim Kurulu-1 Yönetim Kurulu I Bilgi Formu Güncelleme,https://www.kap.org.tr/tr/Bildirim/1611712,tr,2026-06-01T20:30:20+00:00
2026-06-01,CIMSA,KAP,ÇİMSA ÇİMENTO SANAYİ VE TİCARET A.Ş. - Şirket Genel Bilgi Formu,Şirket Genel Bilgi Formu,https://www.kap.org.tr/tr/Bildirim/1611711,tr,2026-06-01T20:30:10+00:00
2026-06-01,CIMSA,KAP,ÇİMSA ÇİMENTO SANAYİ VE TİCARET A.Ş. - Şirket Genel Bilgi Formu,Şirket Genel Bilgi Formu,https://www.kap.org.tr/tr/Bildirim/1611693,tr,2026-06-01T19:36:07+00:00
2026-06-01,CIMSA,KAP,ÇİMSA ÇİMENTO SANAYİ VE TİCARET A.Ş. - Özel Durum Açıklaması (Genel),Özel Durum Açıklaması (Genel) Yatırımcı İlişkileri Bölümü Yöneticisi Ataması hk.,https://www.kap.org.tr/tr/Bildirim/1611692,tr,2026-06-01T19:35:51+00:00
2026-06-01,CIMSA,KAP,ÇİMSA ÇİMENTO SANAYİ VE TİCARET A.Ş. - Özel Durum Açıklaması (Genel),Özel Durum Açıklaması (Genel) Genel Müdür Ataması hk.,https://www.kap.org.tr/tr/Bildirim/1611691,tr,2026-06-01T19:35:33+00:00
2026-06-01,CMSAN,KAP,ÇAMSAN ENTEGRE AĞAÇ SANAYİ VE TİCARET A.Ş. - Pay Dışında Sermaye Piyasası Aracı İşlemlerine İlişkin Bildirim (Faiz İçeren),Pay Dışında Sermaye Piyasası Aracı İşlemlerine İlişkin Bildirim (Faiz İçeren) Finansman Bonosu İtfası,https://www.kap.org.tr/tr/Bildirim/1611545,tr,2026-06-01T17:25:06+00:00
2026-06-01,CVKMD,KAP,CVK MADEN İŞLETMELERİ SANAYİ VE TİCARET A.Ş. - Özel Durum Açıklaması (Genel),Özel Durum Açıklaması (Genel) Yenipazar Polimetalik Maden İşletmesi Projesi Maden Tesisi Detay Mühendislik ve Tasarım İşleri Hizmet Sözleşmesi Hk.,https://www.kap.org.tr/tr/Bildirim/1611724,tr,2026-06-01T21:31:44+00:00
2026-06-01,DAPGM,KAP,DAP GAYRİMENKUL GELİŞTİRME A.Ş. - İhale Süreci / Sonucu,İhale Süreci / Sonucu İstanbul Ümraniye Tepeüstü Arsa Satışı Karşılığı Gelir Paylaşımı İşi,https://www.kap.org.tr/tr/Bildirim/1611390,tr,2026-06-01T12:57:17+00:00
2026-06-01,DCTTR,KAP,DCT TRADİNG DIŞ TİCARET A.Ş. - Pay Satış Bilgi Formu,Pay Satış Bilgi Formu Pay Satış Bilgi Formu SPK Başvurusu Hakkında,https://www.kap.org.tr/tr/Bildirim/1611677,tr,2026-06-01T18:50:38+00:00
2026-06-01,DESPC,KAP,DESPEC BİLGİSAYAR PAZARLAMA VE TİCARET A.Ş. - Özel Durum Açıklaması (Genel),Özel Durum Açıklaması (Genel) Ankara şube adres değişikliği hakkında,https://www.kap.org.tr/tr/Bildirim/1611366,tr,2026-06-01T11:39:44+00:00
2026-06-01,DNZEN,KAP,DENİZ EKO ENERJİ VE GERİ DÖNÜŞÜM A.Ş. - Pay Dışında Sermaye Piyasası Aracı İşlemlerine İlişkin Bildirim (Faiz İçeren),Pay Dışında Sermaye Piyasası Aracı İşlemlerine İlişkin Bildirim (Faiz İçeren) TRFDEKOK2628 Kodlu Finansman Bonosu İhracı,https://www.kap.org.tr/tr/Bildirim/1611422,tr,2026-06-01T15:13:53+00:00
2026-06-01,DOGVY,KAP,DOĞRU VARLIK YÖNETİM A.Ş. - Pay Dışında Sermaye Piyasası Aracı İşlemlerine İlişkin Bildirim (Faiz İçeren),Pay Dışında Sermaye Piyasası Aracı İşlemlerine İlişkin Bildirim (Faiz İçeren) TRFDGRV82617 ISIN Kodlu Finansman Bonosu Kupon Ödeme Bildirimi,https://www.kap.org.tr/tr/Bildirim/1611417,tr,2026-06-01T14:56:35+00:00
2026-06-01,DOHOL,KAP,DOĞAN ŞİRKETLER GRUBU HOLDİNG A.Ş. - Özel Durum Açıklaması (Genel),"Özel Durum Açıklaması (Genel) Bağlı Ortaklığımız Öncü GSYO'nun, Karel Elektronik'in Tahsisli Sermaye Artırımına İştiraki Hakkında (Güncelleme) KAREL",https://www.kap.org.tr/tr/Bildirim/1611703,tr,2026-06-01T20:04:46+00:00
2026-06-01,DUNYH,KAP,DÜNYA HOLDİNG A.Ş. - Bağımsız Denetim Kuruluşunun Belirlenmesi,Bağımsız Denetim Kuruluşunun Belirlenmesi 2026 Yılı Bağımsız Denetim Şirketi Seçiminin Tescili,https://www.kap.org.tr/tr/Bildirim/1611623,tr,2026-06-01T18:08:05+00:00
2026-06-01,DUNYH,KAP,DÜNYA HOLDİNG A.Ş. - Genel Kurul İşlemlerine İlişkin Bildirim,Genel Kurul İşlemlerine İlişkin Bildirim 2025 Yılı Olağan Genel Kurulunun Tescili,https://www.kap.org.tr/tr/Bildirim/1611620,tr,2026-06-01T18:07:00+00:00
2026-06-01,EBEBK,KAP,EBEBEK MAĞAZACILIK A.Ş. - Özel Durum Açıklaması (Genel),Özel Durum Açıklaması (Genel) Mayıs 2026 Mağaza Sayısı,https://www.kap.org.tr/tr/Bildirim/1611674,tr,2026-06-01T18:38:06+00:00
2026-06-01,EBEBK,KAP,EBEBEK MAĞAZACILIK A.Ş. - Şirket Genel Bilgi Formu,Şirket Genel Bilgi Formu,https://www.kap.org.tr/tr/Bildirim/1611672,tr,2026-06-01T18:37:08+00:00
2026-06-01,ECOGR,KAP,ECOGREEN ENERJİ HOLDİNG A.Ş. - Şirket Genel Bilgi Formu,Şirket Genel Bilgi Formu,https://www.kap.org.tr/tr/Bildirim/1611678,tr,2026-06-01T18:52:11+00:00
2026-06-01,ECOGR,KAP,ECOGREEN ENERJİ HOLDİNG A.Ş. - Özel Durum Açıklaması (Genel),Özel Durum Açıklaması (Genel) Birleşme İşlemlerine İlişkin Bildirim,https://www.kap.org.tr/tr/Bildirim/1611676,tr,2026-06-01T18:47:45+00:00
2026-06-01,EKGYO,KAP,EMLAK KONUT GAYRİMENKUL YATIRIM ORTAKLIĞI A.Ş. - Özel Durum Açıklaması (Genel),Özel Durum Açıklaması (Genel) Kira Sertifikası (Sukuk) İhracı Satışının Tamamlanması,https://www.kap.org.tr/tr/Bildirim/1611684,tr,2026-06-01T19:07:26+00:00
2026-06-01,EKGYO,KAP,EMLAK KONUT GAYRİMENKUL YATIRIM ORTAKLIĞI A.Ş. - Özel Durum Açıklaması (Genel),Özel Durum Açıklaması (Genel) İstanbul Hoşdere Emlak Konut Vadi Evleri 1. Etap Kesin Kabul,https://www.kap.org.tr/tr/Bildirim/1611683,tr,2026-06-01T19:06:06+00:00
2026-06-01,EKGYO,KAP,EMLAK KONUT GAYRİMENKUL YATIRIM ORTAKLIĞI A.Ş. - Değerleme Raporu,Değerleme Raporu Hayat Flora Gayrimenkul Değerleme Raporu,https://www.kap.org.tr/tr/Bildirim/1611682,tr,2026-06-01T19:05:46+00:00
2026-06-01,EKTVK,KAP,EMLAK KATILIM VARLIK KİRALAMA A.Ş. - Pay Dışında Sermaye Piyasası Aracı İşlemlerine İlişkin Bildirim (Faizsiz),Pay Dışında Sermaye Piyasası Aracı İşlemlerine İlişkin Bildirim (Faizsiz) Şirketimiz Tarafından İhraç Edilmiş Olan TRDEVKS62612 ISIN Kodlu Kira Sertifikasının İtfası Hk. EKT,https://www.kap.org.tr/tr/Bildirim/1611530,tr,2026-06-01T17:23:31+00:00
2026-06-01,EKTVK,KAP,EMLAK KATILIM VARLIK KİRALAMA A.Ş. - Pay Dışında Sermaye Piyasası Aracı İşlemlerine İlişkin Bildirim (Faizsiz),Pay Dışında Sermaye Piyasası Aracı İşlemlerine İlişkin Bildirim (Faizsiz) TRDEVKSE2614 ISIN Kodlu Kira Sertifikası İhracının Nitelikli Yatırımcıya Satışının Tamamlanması Hk. EKT,https://www.kap.org.tr/tr/Bildirim/1611310,tr,2026-06-01T09:36:12+00:00
2026-06-01,EMVAR,KAP,EMLAK VARLIK KİRALAMA A.Ş. - Pay Dışında Sermaye Piyasası Aracı İşlemlerine İlişkin Bildirim (Faizsiz),Pay Dışında Sermaye Piyasası Aracı İşlemlerine İlişkin Bildirim (Faizsiz) TRDEMVK32717 ISIN Kodlu Kira Sertifikasının 9. Dönemsel Getiri Ödemesi Hk. GRFIN,https://www.kap.org.tr/tr/Bildirim/1611529,tr,2026-06-01T17:22:31+00:00
2026-06-01,EMVAR,KAP,EMLAK VARLIK KİRALAMA A.Ş. - Pay Dışında Sermaye Piyasası Aracı İşlemlerine İlişkin Bildirim (Faizsiz),Pay Dışında Sermaye Piyasası Aracı İşlemlerine İlişkin Bildirim (Faizsiz) TRDEMVK62714 ISIN Kodlu Kira Sertifikası İhracının 4. Kupon Oranının Belirlenmesi Hk. GRFIN,https://www.kap.org.tr/tr/Bildirim/1611521,tr,2026-06-01T17:16:39+00:00
2026-06-01,EMVAR,KAP,EMLAK VARLIK KİRALAMA A.Ş. - Pay Dışında Sermaye Piyasası Aracı İşlemlerine İlişkin Bildirim (Faizsiz),Pay Dışında Sermaye Piyasası Aracı İşlemlerine İlişkin Bildirim (Faizsiz) TRDEMVK62722 ISIN Kodlu Kira Sertifikası İhracının 4. Kupon Oranının Belirlenmesi Hk. GRFIN,https://www.kap.org.tr/tr/Bildirim/1611520,tr,2026-06-01T17:15:52+00:00
2026-06-01,ETYAT,KAP,EURO TREND YATIRIM ORTAKLIĞI A.Ş. - Haftalık Rapor,Haftalık Rapor 26.05.2026 Tarihli Kağıt Bazlı Haftalık Rapor,https://www.kap.org.tr/tr/Bildirim/1611488,tr,2026-06-01T16:48:17+00:00
2026-06-01,ETYAT,KAP,EURO TREND YATIRIM ORTAKLIĞI A.Ş. - Özel Durum Açıklaması (Genel),"Özel Durum Açıklaması (Genel) BİAŞ'da oluşan ağırlıklı ortalama fiyatın,pay başına net aktif değerin 2 katını aşması",https://www.kap.org.tr/tr/Bildirim/1611487,tr,2026-06-01T16:48:06+00:00
2026-06-01,EUKYO,KAP,EURO KAPİTAL YATIRIM ORTAKLIĞI A.Ş. - Haftalık Rapor,Haftalık Rapor 26.05.2026 Tarihli Kağıt Bazlı Haftalık Rapor,https://www.kap.org.tr/tr/Bildirim/1611492,tr,2026-06-01T16:51:09+00:00
2026-06-01,EUKYO,KAP,EURO KAPİTAL YATIRIM ORTAKLIĞI A.Ş. - Özel Durum Açıklaması (Genel),"Özel Durum Açıklaması (Genel) BİAŞ'da oluşan ağırlıklı ortalama fiyatın,pay başına net aktif değerin 2 katını aşması",https://www.kap.org.tr/tr/Bildirim/1611491,tr,2026-06-01T16:50:59+00:00
2026-06-01,EUYO,KAP,EURO MENKUL KIYMET YATIRIM ORTAKLIĞI A.Ş. - Haftalık Rapor,Haftalık Rapor 26.05.2026 Tarihli Kağıt Bazlı Haftalık Rapor,https://www.kap.org.tr/tr/Bildirim/1611486,tr,2026-06-01T16:46:38+00:00
2026-06-01,EUYO,KAP,EURO MENKUL KIYMET YATIRIM ORTAKLIĞI A.Ş. - Özel Durum Açıklaması (Genel),"Özel Durum Açıklaması (Genel) BİAŞ'da oluşan ağırlıklı ortalama fiyatın,pay başına net aktif değerin 2 katını aşması",https://www.kap.org.tr/tr/Bildirim/1611485,tr,2026-06-01T16:46:27+00:00
2026-06-01,EXIMB,KAP,TÜRKİYE İHRACAT KREDİ BANKASI A.Ş. - Pay Dışında Sermaye Piyasası Aracı İşlemlerine İlişkin Bildirim (Faiz İçeren),Pay Dışında Sermaye Piyasası Aracı İşlemlerine İlişkin Bildirim (Faiz İçeren) GMTN programı çerçevesinde yurt dışında borçlanma aracı ihracı,https://www.kap.org.tr/tr/Bildirim/1611497,tr,2026-06-01T16:55:08+00:00
2026-06-01,FADE,KAP,FADE GIDA YATIRIM SANAYİ TİCARET A.Ş. - Şirket Genel Bilgi Formu,Şirket Genel Bilgi Formu,https://www.kap.org.tr/tr/Bildirim/1611523,tr,2026-06-01T17:17:30+00:00
2026-06-01,FIN,KAP,QNB BANK A.Ş. - Pay Dışında Sermaye Piyasası Aracı İşlemlerine İlişkin Bildirim (Faiz İçeren),Pay Dışında Sermaye Piyasası Aracı İşlemlerine İlişkin Bildirim (Faiz İçeren) MTN programı kapsamında yurtdışında ihraç edilen borçlanma aracının ihracı,https://www.kap.org.tr/tr/Bildirim/1611429,tr,2026-06-01T15:23:27+00:00
2026-06-01,FIN,KAP,QNB BANK A.Ş. - Özel Durum Açıklaması (Genel),Özel Durum Açıklaması (Genel) Takipteki Kredi Portföyünden Satış,https://www.kap.org.tr/tr/Bildirim/1611339,tr,2026-06-01T10:22:47+00:00
2026-06-01,FORTE,KAP,FORTE BİLGİ İLETİŞİM TEKNOLOJİLERİ VE SAVUNMA SANAYİ A.Ş. - Yeni İş İlişkisi,Yeni İş İlişkisi T.C. Milli Eğitim Bakanlığı İhale Sonucu,https://www.kap.org.tr/tr/Bildirim/1611370,tr,2026-06-01T11:43:26+00:00
2026-06-01,GRNYO,KAP,GARANTİ YATIRIM ORTAKLIĞI A.Ş. - Özel Durum Açıklaması (Genel),Özel Durum Açıklaması (Genel) Rota Portföy Yönetimi A.Ş.ile Portföy Yönetim Sözleşmesi Düzenlenmesi,https://www.kap.org.tr/tr/Bildirim/1611431,tr,2026-06-01T15:34:33+00:00
2026-06-01,GRNYO,KAP,GARANTİ YATIRIM ORTAKLIĞI A.Ş. - Özel Durum Açıklaması (Genel),"Özel Durum Açıklaması (Genel) Paylarının BİAŞ'ta oluşan ağırlıklı ortalama fiyatının, pay başına net aktif değerinin 2 katını aşması hakkında.",https://www.kap.org.tr/tr/Bildirim/1611359,tr,2026-06-01T11:21:05+00:00
2026-06-01,GRNYO,KAP,GARANTİ YATIRIM ORTAKLIĞI A.Ş. - Haftalık Rapor,Haftalık Rapor 26.05.2026 tarihli haftalık rapordur.,https://www.kap.org.tr/tr/Bildirim/1611358,tr,2026-06-01T11:20:54+00:00
2026-06-01,GUNDG,KAP,GÜNDOĞDU GIDA SÜT ÜRÜNLERİ SANAYİ VE DIŞ TİCARET A.Ş. - Esas Sözleşme Tadili,Esas Sözleşme Tadili Yatırımlar Holding Yapısına Dönüşüm Amacıyla Esas Sözleşme Tadiline İlişkin SPK Başvurusu,https://www.kap.org.tr/tr/Bildirim/1611714,tr,2026-06-01T20:40:31+00:00
2026-06-01,GUNDG,KAP,GÜNDOĞDU GIDA SÜT ÜRÜNLERİ SANAYİ VE DIŞ TİCARET A.Ş. - Şirket Genel Bilgi Formu,Şirket Genel Bilgi Formu,https://www.kap.org.tr/tr/Bildirim/1611344,tr,2026-06-01T10:41:57+00:00
2026-06-01,GUNDG,KAP,GÜNDOĞDU GIDA SÜT ÜRÜNLERİ SANAYİ VE DIŞ TİCARET A.Ş. - Kurumsal Yönetim Bilgi Formu (Güncelleme) - Yönetim Kurulu-2,Kurumsal Yönetim Bilgi Formu (Güncelleme) - Yönetim Kurulu-2 Güncelleme,https://www.kap.org.tr/tr/Bildirim/1611342,tr,2026-06-01T10:41:08+00:00
2026-06-01,GUNDG,KAP,GÜNDOĞDU GIDA SÜT ÜRÜNLERİ SANAYİ VE DIŞ TİCARET A.Ş. - Özel Durum Açıklaması (Genel),Özel Durum Açıklaması (Genel) Yatırımcı İlişkileri Bölüm Yöneticisi Ataması,https://www.kap.org.tr/tr/Bildirim/1611341,tr,2026-06-01T10:40:43+00:00
2026-06-01,HEDEF,KAP,HEDEF HOLDİNG A.Ş. - Sermaye Artırımı - Azaltımı İşlemlerine İlişkin Bildirim,Sermaye Artırımı - Azaltımı İşlemlerine İlişkin Bildirim Bedelsiz Sermaye Artırımı Kapsamında Payların Dağıtım Tarihine İlişkin Bildirim Hk.,https://www.kap.org.tr/tr/Bildirim/1611434,tr,2026-06-01T15:43:02+00:00
2026-06-01,HLVKS,KAP,HALK VARLIK KİRALAMA A.Ş. - Pay Dışında Sermaye Piyasası Aracı İşlemlerine İlişkin Bildirim (Faizsiz),Pay Dışında Sermaye Piyasası Aracı İşlemlerine İlişkin Bildirim (Faizsiz) TRDHVKA32715 ISIN Kodlu Kira Sertifikası İhracının 1. Kupon Oranının Belirlenmesi Hk. HALKF,https://www.kap.org.tr/tr/Bildirim/1611631,tr,2026-06-01T18:16:06+00:00
2026-06-01,IMASM,KAP,İMAŞ MAKİNA SANAYİ A.Ş. - Sermaye Artırımından Elde Edilecek - Edilen Fonun Kullanımına İlişkin Rapor,Sermaye Artırımından Elde Edilecek - Edilen Fonun Kullanımına İlişkin Rapor Sermaye Artırımından Elde Edilecek Fonun Kullanımına İlişkin Rapor,https://www.kap.org.tr/tr/Bildirim/1611659,tr,2026-06-01T18:27:18+00:00
2026-06-01,IMASM,KAP,İMAŞ MAKİNA SANAYİ A.Ş. - İzahname (SPK Onayına Sunulan),İzahname (SPK Onayına Sunulan) Sermaye Artırımı Başvurusu Kapsamında SPK Onayına Sunulan Taslak İzahname,https://www.kap.org.tr/tr/Bildirim/1611658,tr,2026-06-01T18:26:44+00:00
2026-06-01,IMASM,KAP,İMAŞ MAKİNA SANAYİ A.Ş. - Sermaye Artırımı - Azaltımı İşlemlerine İlişkin Bildirim,Sermaye Artırımı - Azaltımı İşlemlerine İlişkin Bildirim Sermaye Artırımına İlişkin SPK Başvurusu Hk.,https://www.kap.org.tr/tr/Bildirim/1611655,tr,2026-06-01T18:23:18+00:00
2026-06-01,INDES,KAP,İNDEKS BİLGİSAYAR SİSTEMLERİ MÜHENDİSLİK SANAYİ VE TİCARET A.Ş. - Özel Durum Açıklaması (Genel),Özel Durum Açıklaması (Genel) Ankara şube adres değişikliği hakkında,https://www.kap.org.tr/tr/Bildirim/1611354,tr,2026-06-01T11:07:37+00:00
2026-06-01,INFO,KAP,İNFO YATIRIM MENKUL DEĞERLER A.Ş. - Yatırım Kuruluşu Varant - Sertifika - Senetlerine İlişkin Bildirim,Yatırım Kuruluşu Varant - Sertifika - Senetlerine İlişkin Bildirim 26.05.2026 Vadeli Varantların İtfası,https://www.kap.org.tr/tr/Bildirim/1611506,tr,2026-06-01T17:08:31+00:00
2026-06-01,INFO,KAP,İNFO YATIRIM MENKUL DEĞERLER A.Ş. - Yatırım Kuruluşu Varant - Sertifika - Senetlerine İlişkin Bildirim,Yatırım Kuruluşu Varant - Sertifika - Senetlerine İlişkin Bildirim İnfo Yatırım Varantları Piyasa Yapıcı Alım Satım İşlemleri Bildirimi,https://www.kap.org.tr/tr/Bildirim/1611406,tr,2026-06-01T14:26:03+00:00
2026-06-01,ISFIN,KAP,İŞ FİNANSAL KİRALAMA A.Ş. - Kredi Derecelendirmesi,Kredi Derecelendirmesi Kredi Derecelendirme Notu Hakkında,https://www.kap.org.tr/tr/Bildirim/1611598,tr,2026-06-01T17:55:37+00:00
2026-06-01,ISMEN,KAP,İŞ YATIRIM MENKUL DEĞERLER A.Ş. - Pay Dışında Sermaye Piyasası Aracı İşlemlerine İlişkin Bildirim (Faiz İçeren),Pay Dışında Sermaye Piyasası Aracı İşlemlerine İlişkin Bildirim (Faiz İçeren) 01.06.2026 Vadeli Borçlanma Aracının İtfası,https://www.kap.org.tr/tr/Bildirim/1611619,tr,2026-06-01T18:06:56+00:00
2026-06-01,ISMEN,KAP,İŞ YATIRIM MENKUL DEĞERLER A.Ş. - Pay Dışında Sermaye Piyasası Aracı İşlemlerine İlişkin Bildirim (Faiz İçeren),Pay Dışında Sermaye Piyasası Aracı İşlemlerine İlişkin Bildirim (Faiz İçeren) 01.06.2026 Vadeli Borçlanma Aracının İtfası,https://www.kap.org.tr/tr/Bildirim/1611607,tr,2026-06-01T17:58:35+00:00
2026-06-01,ISMEN,KAP,İŞ YATIRIM MENKUL DEĞERLER A.Ş. - Yatırım Kuruluşu Varant - Sertifika - Senetlerine İlişkin Bildirim,Yatırım Kuruluşu Varant - Sertifika - Senetlerine İlişkin Bildirim İş Yatırım Sertifika ve Varant Alım Satım İşlemleri,https://www.kap.org.tr/tr/Bildirim/1611605,tr,2026-06-01T17:57:49+00:00
2026-06-01,ISMEN,KAP,İŞ YATIRIM MENKUL DEĞERLER A.Ş. - Piyasa Yapıcılığı Kapsamında Gerçekleştirilen İşlemler Bildirimi,Piyasa Yapıcılığı Kapsamında Gerçekleştirilen İşlemler Bildirimi Borsa Yatırım Fonu Piyasa Yapıcılığı İşlemleri ISGLK,https://www.kap.org.tr/tr/Bildirim/1611546,tr,2026-06-01T17:25:11+00:00
2026-06-01,ISMEN,KAP,İŞ YATIRIM MENKUL DEĞERLER A.Ş. - Yatırım Kuruluşu Varant - Sertifika - Senetlerine İlişkin Bildirim,Yatırım Kuruluşu Varant - Sertifika - Senetlerine İlişkin Bildirim İş Yatırım Aracı Kuruluş Varantlarının İtfa Bildirimi,https://www.kap.org.tr/tr/Bildirim/1611355,tr,2026-06-01T11:08:28+00:00
2026-06-01,ISYAT,KAP,İŞ YATIRIM ORTAKLIĞI A.Ş. - Haftalık Rapor,Haftalık Rapor 26.05.2026 Tarihli Haftalık Rapor,https://www.kap.org.tr/tr/Bildirim/1611590,tr,2026-06-01T17:44:33+00:00
2026-06-01,IYF,KAP,İNFO YATIRIM MENKUL DEĞERLER A.Ş. - Yatırım Kuruluşu Varant - Sertifika - Senetlerine İlişkin Bildirim,Yatırım Kuruluşu Varant - Sertifika - Senetlerine İlişkin Bildirim 26.05.2026 Vadeli Varantların İtfası,https://www.kap.org.tr/tr/Bildirim/1611506,tr,2026-06-01T17:08:31+00:00
2026-06-01,IYF,KAP,İNFO YATIRIM MENKUL DEĞERLER A.Ş. - Yatırım Kuruluşu Varant - Sertifika - Senetlerine İlişkin Bildirim,Yatırım Kuruluşu Varant - Sertifika - Senetlerine İlişkin Bildirim İnfo Yatırım Varantları Piyasa Yapıcı Alım Satım İşlemleri Bildirimi,https://www.kap.org.tr/tr/Bildirim/1611406,tr,2026-06-01T14:26:03+00:00
2026-06-01,IYM,KAP,İŞ YATIRIM MENKUL DEĞERLER A.Ş. - Pay Dışında Sermaye Piyasası Aracı İşlemlerine İlişkin Bildirim (Faiz İçeren),Pay Dışında Sermaye Piyasası Aracı İşlemlerine İlişkin Bildirim (Faiz İçeren) 01.06.2026 Vadeli Borçlanma Aracının İtfası,https://www.kap.org.tr/tr/Bildirim/1611619,tr,2026-06-01T18:06:56+00:00
2026-06-01,IYM,KAP,İŞ YATIRIM MENKUL DEĞERLER A.Ş. - Pay Dışında Sermaye Piyasası Aracı İşlemlerine İlişkin Bildirim (Faiz İçeren),Pay Dışında Sermaye Piyasası Aracı İşlemlerine İlişkin Bildirim (Faiz İçeren) 01.06.2026 Vadeli Borçlanma Aracının İtfası,https://www.kap.org.tr/tr/Bildirim/1611607,tr,2026-06-01T17:58:35+00:00
2026-06-01,IYM,KAP,İŞ YATIRIM MENKUL DEĞERLER A.Ş. - Yatırım Kuruluşu Varant - Sertifika - Senetlerine İlişkin Bildirim,Yatırım Kuruluşu Varant - Sertifika - Senetlerine İlişkin Bildirim İş Yatırım Sertifika ve Varant Alım Satım İşlemleri,https://www.kap.org.tr/tr/Bildirim/1611605,tr,2026-06-01T17:57:49+00:00
2026-06-01,IYM,KAP,İŞ YATIRIM MENKUL DEĞERLER A.Ş. - Piyasa Yapıcılığı Kapsamında Gerçekleştirilen İşlemler Bildirimi,Piyasa Yapıcılığı Kapsamında Gerçekleştirilen İşlemler Bildirimi Borsa Yatırım Fonu Piyasa Yapıcılığı İşlemleri ISGLK,https://www.kap.org.tr/tr/Bildirim/1611546,tr,2026-06-01T17:25:11+00:00
2026-06-01,IYM,KAP,İŞ YATIRIM MENKUL DEĞERLER A.Ş. - Yatırım Kuruluşu Varant - Sertifika - Senetlerine İlişkin Bildirim,Yatırım Kuruluşu Varant - Sertifika - Senetlerine İlişkin Bildirim İş Yatırım Aracı Kuruluş Varantlarının İtfa Bildirimi,https://www.kap.org.tr/tr/Bildirim/1611355,tr,2026-06-01T11:08:28+00:00
2026-06-01,KAREL,KAP,KAREL ELEKTRONİK SANAYİ VE TİCARET A.Ş. - Sermaye Artırımından Elde Edilecek - Edilen Fonun Kullanımına İlişkin Rapor,Sermaye Artırımından Elde Edilecek - Edilen Fonun Kullanımına İlişkin Rapor Tahsisli Sermaye Artırımından Sağlanacak Fonların Kullanım Yeri Raporu,https://www.kap.org.tr/tr/Bildirim/1611686,tr,2026-06-01T19:26:48+00:00
2026-06-01,KAYSE,KAP,KAYSERİ ŞEKER FABRİKASI A.Ş. - Özel Durum Açıklaması (Genel),Özel Durum Açıklaması (Genel) Yönetici Sorumluluk Sigortası,https://www.kap.org.tr/tr/Bildirim/1611517,tr,2026-06-01T17:14:27+00:00
2026-06-01,KCAER,KAP,KOCAER ÇELİK SANAYİ VE TİCARET A.Ş. - Şirket Genel Bilgi Formu,Şirket Genel Bilgi Formu,https://www.kap.org.tr/tr/Bildirim/1611285,tr,2026-06-01T08:59:25+00:00
2026-06-01,KCAER,KAP,KOCAER ÇELİK SANAYİ VE TİCARET A.Ş. - Özel Durum Açıklaması (Genel),Özel Durum Açıklaması (Genel) Genel Müdür Atama,https://www.kap.org.tr/tr/Bildirim/1611283,tr,2026-06-01T08:44:04+00:00
2026-06-01,KIMMR,KAP,ERSAN ALIŞVERİŞ HİZMETLERİ VE GIDA SANAYİ TİCARET A.Ş. - Esas Sözleşme,Esas Sözleşme Esas Sözleşmenin Güncel Hali,https://www.kap.org.tr/tr/Bildirim/1611281,tr,2026-06-01T00:38:13+00:00
2026-06-01,KLGYO,KAP,KİLER GAYRİMENKUL YATIRIM ORTAKLIĞI A.Ş. - Esas Sözleşme,Esas Sözleşme Esas Sözleşme,https://www.kap.org.tr/tr/Bildirim/1611705,tr,2026-06-01T20:08:37+00:00
2026-06-01,KMPUR,KAP,KİMTEKS POLİÜRETAN SANAYİ VE TİCARET A.Ş. - Kurumsal Yönetim İlkelerine Uyum Derecelendirmesi,Kurumsal Yönetim İlkelerine Uyum Derecelendirmesi Kurumsal Yönetim İlkelerine Uyum Derecelendirme Sözleşmesinin Yenilenmesi,https://www.kap.org.tr/tr/Bildirim/1611360,tr,2026-06-01T11:22:39+00:00
2026-06-01,KNTFA,KAP,KENT FİNANS FAKTORİNG A.Ş. - Pay Dışında Sermaye Piyasası Aracı İşlemlerine İlişkin Bildirim (Faiz İçeren),Pay Dışında Sermaye Piyasası Aracı İşlemlerine İlişkin Bildirim (Faiz İçeren) Kupon Faiz Oranının Belirlenmesi Hk.,https://www.kap.org.tr/tr/Bildirim/1611551,tr,2026-06-01T17:30:05+00:00
2026-06-01,KONKA,KAP,KONYA KAĞIT SANAYİ VE TİCARET A.Ş. - Bağımsız Denetim Kuruluşunun Belirlenmesi,Bağımsız Denetim Kuruluşunun Belirlenmesi 01.01.2026 - 31.12.2026 Hesap Dönemi Bağımsız Denetim Kuruluşu Seçiminin Tescili,https://www.kap.org.tr/tr/Bildirim/1611563,tr,2026-06-01T17:36:26+00:00
2026-06-01,KONKA,KAP,KONYA KAĞIT SANAYİ VE TİCARET A.Ş. - Kar Payı Dağıtım İşlemlerine İlişkin Bildirim,Kar Payı Dağıtım İşlemlerine İlişkin Bildirim 2025 Yılı Kar Payı Dağıtım Kararının Tescili Hakkında,https://www.kap.org.tr/tr/Bildirim/1611556,tr,2026-06-01T17:35:31+00:00
2026-06-01,KONKA,KAP,KONYA KAĞIT SANAYİ VE TİCARET A.Ş. - Sermaye Artırımı - Azaltımı İşlemlerine İlişkin Bildirim,Sermaye Artırımı - Azaltımı İşlemlerine İlişkin Bildirim Bedelsiz Sermaye Artırımına İlişkin Esas Sözleşme Tescili,https://www.kap.org.tr/tr/Bildirim/1611555,tr,2026-06-01T17:34:58+00:00
2026-06-01,KONKA,KAP,KONYA KAĞIT SANAYİ VE TİCARET A.Ş. - Kayıtlı Sermaye Tavanı İşlemlerine İlişkin Bildirim,Kayıtlı Sermaye Tavanı İşlemlerine İlişkin Bildirim Kayıtlı Sermaye Tavan Artırımı ve Geçerlilik Süresine İlişkin Genel Kurul Kararının Tescili Hakkında,https://www.kap.org.tr/tr/Bildirim/1611553,tr,2026-06-01T17:34:02+00:00
2026-06-01,KONKA,KAP,KONYA KAĞIT SANAYİ VE TİCARET A.Ş. - Genel Kurul İşlemlerine İlişkin Bildirim,Genel Kurul İşlemlerine İlişkin Bildirim 2025 Yılı Olağan Genel Kurul Kararlarının Tescili Hakkında,https://www.kap.org.tr/tr/Bildirim/1611515,tr,2026-06-01T17:13:07+00:00
2026-06-01,KOTON,KAP,KOTON MAĞAZACILIK TEKSTİL SANAYİ VE TİCARET A.Ş. - Bağımsız Denetim Kuruluşunun Belirlenmesi,Bağımsız Denetim Kuruluşunun Belirlenmesi Bağımsız Denetim Kuruluşunun Belirlenmesi,https://www.kap.org.tr/tr/Bildirim/1611432,tr,2026-06-01T15:39:19+00:00
2026-06-01,KTLEV,KAP,KATILIMEVİM TASARRUF FİNANSMAN A.Ş. - Özel Durum Açıklaması (Genel),Özel Durum Açıklaması (Genel) Karaman Şube Açılışı Hk.,https://www.kap.org.tr/tr/Bildirim/1611552,tr,2026-06-01T17:30:31+00:00
2026-06-01,KTLEV,KAP,KATILIMEVİM TASARRUF FİNANSMAN A.Ş. - Özel Durum Açıklaması (Genel),Özel Durum Açıklaması (Genel) Mayıs 2026 Aylık Gerçekleşen Sözleşme Büyüklüğü,https://www.kap.org.tr/tr/Bildirim/1611347,tr,2026-06-01T10:45:10+00:00
2026-06-01,KTSVK,KAP,KT SUKUK VARLIK KİRALAMA A.Ş. - Pay Dışında Sermaye Piyasası Aracı İşlemlerine İlişkin Bildirim (Faizsiz),Pay Dışında Sermaye Piyasası Aracı İşlemlerine İlişkin Bildirim (Faizsiz) TRDKTSK52655 ISIN Kodlu Kira Sertifikası İtfa ve Kupon Ödemesi Hk.,https://www.kap.org.tr/tr/Bildirim/1611421,tr,2026-06-01T15:11:55+00:00
2026-06-01,KTSVK,KAP,KT SUKUK VARLIK KİRALAMA A.Ş. - Pay Dışında Sermaye Piyasası Aracı İşlemlerine İlişkin Bildirim (Faizsiz),Pay Dışında Sermaye Piyasası Aracı İşlemlerine İlişkin Bildirim (Faizsiz) TRDKTSK52663 ISIN Kodlu Kira Sertifikası İtfa ve Kupon Ödemesi Hk.,https://www.kap.org.tr/tr/Bildirim/1611420,tr,2026-06-01T15:11:30+00:00
2026-06-01,LIDER,KAP,LDR TURİZM A.Ş. - Payların Geri Alınmasına İlişkin Bildirim,Payların Geri Alınmasına İlişkin Bildirim Payların Geri Alınmasına İlişkin Bildirim,https://www.kap.org.tr/tr/Bildirim/1611688,tr,2026-06-01T19:32:20+00:00
2026-06-01,MEDTR,KAP,MEDİTERA TIBBİ MALZEME SANAYİ VE TİCARET A.Ş. - İhale Süreci / Sonucu,İhale Süreci / Sonucu Tepecik Eğitim ve Araştırma Hastanesi İhalesi Hakkında,https://www.kap.org.tr/tr/Bildirim/1611416,tr,2026-06-01T14:55:41+00:00
2026-06-01,MEPET,KAP,MEPET METRO PETROL VE TESİSLERİ SANAYİ TİCARET A.Ş. - Sorumluluk Beyanı (Konsolide),Sorumluluk Beyanı (Konsolide) Sorumluluk Beyanı,https://www.kap.org.tr/tr/Bildirim/1611629,tr,2026-06-01T18:11:55+00:00
2026-06-01,MEPET,KAP,MEPET METRO PETROL VE TESİSLERİ SANAYİ TİCARET A.Ş. - Faaliyet Raporu (Konsolide),Faaliyet Raporu (Konsolide) Faaliyet Raporu,https://www.kap.org.tr/tr/Bildirim/1611627,tr,2026-06-01T18:11:37+00:00
2026-06-01,MEPET,KAP,MEPET METRO PETROL VE TESİSLERİ SANAYİ TİCARET A.Ş. - Finansal Rapor,Finansal Rapor,https://www.kap.org.tr/tr/Bildirim/1611625,tr,2026-06-01T18:11:12+00:00
2026-06-01,MEPET,KAP,MEPET METRO PETROL VE TESİSLERİ SANAYİ TİCARET A.Ş. - Sürdürülebilirlik Raporu,Sürdürülebilirlik Raporu 2024 Yılı TSRS Uyumlu Sürdürülebilirlik Raporu,https://www.kap.org.tr/tr/Bildirim/1611624,tr,2026-06-01T18:10:03+00:00
2026-06-01,MERCN,KAP,MERCAN KİMYA SANAYİ VE TİCARET A.Ş. - Bağımsız Denetim Kuruluşunun Belirlenmesi,Bağımsız Denetim Kuruluşunun Belirlenmesi Bağımsız Denetim Kuruluşunun Belirlenmesi,https://www.kap.org.tr/tr/Bildirim/1611636,tr,2026-06-01T18:17:58+00:00
2026-06-01,MERCN,KAP,MERCAN KİMYA SANAYİ VE TİCARET A.Ş. - Genel Kurul İşlemlerine İlişkin Bildirim,Genel Kurul İşlemlerine İlişkin Bildirim Genel Kurul İşlemlerine İlişkin Tescil Bildirimi,https://www.kap.org.tr/tr/Bildirim/1611635,tr,2026-06-01T18:17:49+00:00
2026-06-01,MIATK,KAP,MİA TEKNOLOJİ A.Ş. - Geri Alınan Payların Elden Çıkarılması,Geri Alınan Payların Elden Çıkarılması Geri alınan payların elden çıkarılması hk.,https://www.kap.org.tr/tr/Bildirim/1611675,tr,2026-06-01T18:46:32+00:00
2026-06-01,MINTF,KAP,MİNT FİNANSMAN A.Ş. - Pay Dışında Sermaye Piyasası Aracı İşlemlerine İlişkin Bildirim (Faiz İçeren),Pay Dışında Sermaye Piyasası Aracı İşlemlerine İlişkin Bildirim (Faiz İçeren) TRFMINTA2619 ISIN Kodlu Kıymetin 2. Kupon Oranının Belirlenmesi,https://www.kap.org.tr/tr/Bildirim/1611587,tr,2026-06-01T17:42:13+00:00
2026-06-01,MMCAS,KAP,MMC SANAYİ VE TİCARİ YATIRIMLAR A.Ş. - Bağımsız Denetim Kuruluşunun Belirlenmesi,Bağımsız Denetim Kuruluşunun Belirlenmesi Bağımsız Denetim Kuruluşu seçiminin tescili ve TTSG'de ilanı,https://www.kap.org.tr/tr/Bildirim/1611630,tr,2026-06-01T18:12:04+00:00
2026-06-01,MMCAS,KAP,MMC SANAYİ VE TİCARİ YATIRIMLAR A.Ş. - Genel Kurul İşlemlerine İlişkin Bildirim,Genel Kurul İşlemlerine İlişkin Bildirim Şirketimizin 2025 yılı Olağan Genel Kurul Toplantısının tescili hakkında,https://www.kap.org.tr/tr/Bildirim/1611628,tr,2026-06-01T18:11:51+00:00
2026-06-01,MRBAS,KAP,MARBAŞ MENKUL DEĞERLER A.Ş. - Likidite Sağlayıcılık Kapsamındaki İşlemler,Likidite Sağlayıcılık Kapsamındaki İşlemler DCT TRADİNG DIŞ TİCARET A.Ş. Paylarında Likidite Sağlayıcılık Kapsamında Gerçekleştirilen İşlemler DCTTR,https://www.kap.org.tr/tr/Bildirim/1611378,tr,2026-06-01T11:54:38+00:00
2026-06-01,MRBAS,KAP,MARBAŞ MENKUL DEĞERLER A.Ş. - Likidite Sağlayıcılık Kapsamındaki İşlemler,Likidite Sağlayıcılık Kapsamındaki İşlemler ÖZSU BALIK ÜRETİM A.Ş. (OZSUB) Paylarında Likidite Sağlayıcılık Kapsamında Gerçekleştirilen İşlemler OZSUB,https://www.kap.org.tr/tr/Bildirim/1611376,tr,2026-06-01T11:54:15+00:00
2026-06-01,MRGYO,KAP,MARTI GAYRİMENKUL YATIRIM ORTAKLIĞI A.Ş. - Sorumluluk Beyanı (Konsolide Olmayan),Sorumluluk Beyanı (Konsolide Olmayan) 01.04.2025-31.03.2026 Özel Hesap Dönemi Sorumluluk Beyanı,https://www.kap.org.tr/tr/Bildirim/1611727,tr,2026-06-01T21:44:50+00:00
2026-06-01,MRGYO,KAP,MARTI GAYRİMENKUL YATIRIM ORTAKLIĞI A.Ş. - Faaliyet Raporu (Konsolide Olmayan),Faaliyet Raporu (Konsolide Olmayan) Şirketimizin 01.04.2025-31.03.2026 Özel Hesap Dönemi Faaliyet Raporu,https://www.kap.org.tr/tr/Bildirim/1611726,tr,2026-06-01T21:44:25+00:00
2026-06-01,MRGYO,KAP,MARTI GAYRİMENKUL YATIRIM ORTAKLIĞI A.Ş. - Finansal Rapor,Finansal Rapor,https://www.kap.org.tr/tr/Bildirim/1611725,tr,2026-06-01T21:44:07+00:00
2026-06-01,MRS,KAP,MARBAŞ MENKUL DEĞERLER A.Ş. - Likidite Sağlayıcılık Kapsamındaki İşlemler,Likidite Sağlayıcılık Kapsamındaki İşlemler DCT TRADİNG DIŞ TİCARET A.Ş. Paylarında Likidite Sağlayıcılık Kapsamında Gerçekleştirilen İşlemler DCTTR,https://www.kap.org.tr/tr/Bildirim/1611378,tr,2026-06-01T11:54:38+00:00
2026-06-01,MRS,KAP,MARBAŞ MENKUL DEĞERLER A.Ş. - Likidite Sağlayıcılık Kapsamındaki İşlemler,Likidite Sağlayıcılık Kapsamındaki İşlemler ÖZSU BALIK ÜRETİM A.Ş. (OZSUB) Paylarında Likidite Sağlayıcılık Kapsamında Gerçekleştirilen İşlemler OZSUB,https://www.kap.org.tr/tr/Bildirim/1611376,tr,2026-06-01T11:54:15+00:00
2026-06-01,MTRYO,KAP,METRO YATIRIM ORTAKLIĞI A.Ş. - Özel Durum Açıklaması (Genel),Özel Durum Açıklaması (Genel) Portföy Yönetim Sözleşmesi İmzalanması hakkında,https://www.kap.org.tr/tr/Bildirim/1611656,tr,2026-06-01T18:23:37+00:00
2026-06-01,MTRYO,KAP,METRO YATIRIM ORTAKLIĞI A.Ş. - Haftalık Rapor,Haftalık Rapor Haftalık Rapor,https://www.kap.org.tr/tr/Bildirim/1611369,tr,2026-06-01T11:42:31+00:00
2026-06-01,NUHCM,KAP,NUH ÇİMENTO SANAYİ A.Ş. - Kurumsal Yönetim Bilgi Formu (Güncelleme) - Yönetim Kurulu-2,Kurumsal Yönetim Bilgi Formu (Güncelleme) - Yönetim Kurulu-2 Yönetim Kurulu Komite Üyelerinin Güncellenmesi,https://www.kap.org.tr/tr/Bildirim/1611405,tr,2026-06-01T14:17:10+00:00
2026-06-01,ONRYT,KAP,ONUR YÜKSEK TEKNOLOJİ A.Ş. - Şirket Genel Bilgi Formu,Şirket Genel Bilgi Formu,https://www.kap.org.tr/tr/Bildirim/1611702,tr,2026-06-01T20:02:46+00:00
2026-06-01,ONRYT,KAP,ONUR YÜKSEK TEKNOLOJİ A.Ş. - Bağımsız Denetim Kuruluşunun Belirlenmesi,Bağımsız Denetim Kuruluşunun Belirlenmesi Bağımsız Denetim Kuruluşunun Belirlenmesi,https://www.kap.org.tr/tr/Bildirim/1611700,tr,2026-06-01T20:02:00+00:00
2026-06-01,ONRYT,KAP,ONUR YÜKSEK TEKNOLOJİ A.Ş. - Kar Payı Dağıtım İşlemlerine İlişkin Bildirim,Kar Payı Dağıtım İşlemlerine İlişkin Bildirim Kar Payı Dağıtım İşlemlerine İlişkin Genel Kurul Kararı,https://www.kap.org.tr/tr/Bildirim/1611699,tr,2026-06-01T20:01:16+00:00
2026-06-01,ONRYT,KAP,ONUR YÜKSEK TEKNOLOJİ A.Ş. - Genel Kurul İşlemlerine İlişkin Bildirim,Genel Kurul İşlemlerine İlişkin Bildirim 2025 Yılı Olağan Genel Kurul Toplantı Sonucu,https://www.kap.org.tr/tr/Bildirim/1611681,tr,2026-06-01T19:04:31+00:00
2026-06-01,OYA,KAP,OYAK YATIRIM MENKUL DEĞERLER A.Ş. - Piyasa Yapıcılığı Kapsamında Gerçekleştirilen İşlemler Bildirimi,Piyasa Yapıcılığı Kapsamında Gerçekleştirilen İşlemler Bildirimi 01/06/2026 TARİHLİ OYAYO PİYASA YAPICILIĞI İŞLEMLERİ OYAYO,https://www.kap.org.tr/tr/Bildirim/1611668,tr,2026-06-01T18:33:22+00:00
2026-06-01,OYAYO,KAP,OYAK YATIRIM ORTAKLIĞI A.Ş. - Özel Durum Açıklaması (Genel),"Özel Durum Açıklaması (Genel) Ortaklık paylarının BİAŞ'ta oluşan ağırlıklı ortalama fiyatının, pay başına net aktif değerinin 2 katını aşması hakkında",https://www.kap.org.tr/tr/Bildirim/1611384,tr,2026-06-01T11:59:36+00:00
2026-06-01,OYAYO,KAP,OYAK YATIRIM ORTAKLIĞI A.Ş. - Haftalık Rapor,Haftalık Rapor 26.05.2026 Tarihli Haftalık Rapor,https://www.kap.org.tr/tr/Bildirim/1611383,tr,2026-06-01T11:59:24+00:00
2026-06-01,OYYAT,KAP,OYAK YATIRIM MENKUL DEĞERLER A.Ş. - Piyasa Yapıcılığı Kapsamında Gerçekleştirilen İşlemler Bildirimi,Piyasa Yapıcılığı Kapsamında Gerçekleştirilen İşlemler Bildirimi 01/06/2026 TARİHLİ OYAYO PİYASA YAPICILIĞI İŞLEMLERİ OYAYO,https://www.kap.org.tr/tr/Bildirim/1611668,tr,2026-06-01T18:33:22+00:00
2026-06-01,PASEU,KAP,PASİFİK EURASİA LOJİSTİK DIŞ TİCARET A.Ş. - Kurumsal Yönetim Bilgi Formu (Güncelleme) - Yönetim Kurulu-1,Kurumsal Yönetim Bilgi Formu (Güncelleme) - Yönetim Kurulu-1 Kurumsal Yönetim Bilgi Formu (Güncelleme) Genel Müdür Değişikliği Hk.,https://www.kap.org.tr/tr/Bildirim/1611720,tr,2026-06-01T21:14:13+00:00
2026-06-01,PASEU,KAP,PASİFİK EURASİA LOJİSTİK DIŞ TİCARET A.Ş. - Şirket Genel Bilgi Formu,Şirket Genel Bilgi Formu,https://www.kap.org.tr/tr/Bildirim/1611719,tr,2026-06-01T21:12:57+00:00
2026-06-01,PASEU,KAP,PASİFİK EURASİA LOJİSTİK DIŞ TİCARET A.Ş. - Özel Durum Açıklaması (Genel),Özel Durum Açıklaması (Genel) Genel Müdür Değişikliği Hakkında Bilgilendirme,https://www.kap.org.tr/tr/Bildirim/1611715,tr,2026-06-01T20:41:41+00:00
2026-06-01,PBT,KAP,PASHA YATIRIM BANKASI A.Ş. - Pay Dışında Sermaye Piyasası Aracı İşlemlerine İlişkin Bildirim (Faiz İçeren),Pay Dışında Sermaye Piyasası Aracı İşlemlerine İlişkin Bildirim (Faiz İçeren) PASHA Yatırım Bankası A.Ş. VDMK İtfası,https://www.kap.org.tr/tr/Bildirim/1611350,tr,2026-06-01T10:59:37+00:00
2026-06-01,PBT,KAP,PASHA YATIRIM BANKASI A.Ş. - Pay Dışında Sermaye Piyasası Aracı İşlemlerine İlişkin Bildirim (Faiz İçeren),Pay Dışında Sermaye Piyasası Aracı İşlemlerine İlişkin Bildirim (Faiz İçeren) PASHA Yatırım Bankası A.Ş. Maygold Otomotiv Üçüncü Varlık Finansmanı Fonu tarafından gerçekleştirilen Varlığa Dayalı Menkul Kıymet İhracı (550 mn ),https://www.kap.org.tr/tr/Bildirim/1611331,tr,2026-06-01T10:11:43+00:00
2026-06-01,PBTR,KAP,PASHA YATIRIM BANKASI A.Ş. - Pay Dışında Sermaye Piyasası Aracı İşlemlerine İlişkin Bildirim (Faiz İçeren),Pay Dışında Sermaye Piyasası Aracı İşlemlerine İlişkin Bildirim (Faiz İçeren) PASHA Yatırım Bankası A.Ş. VDMK İtfası,https://www.kap.org.tr/tr/Bildirim/1611350,tr,2026-06-01T10:59:37+00:00
2026-06-01,PBTR,KAP,PASHA YATIRIM BANKASI A.Ş. - Pay Dışında Sermaye Piyasası Aracı İşlemlerine İlişkin Bildirim (Faiz İçeren),Pay Dışında Sermaye Piyasası Aracı İşlemlerine İlişkin Bildirim (Faiz İçeren) PASHA Yatırım Bankası A.Ş. Maygold Otomotiv Üçüncü Varlık Finansmanı Fonu tarafından gerçekleştirilen Varlığa Dayalı Menkul Kıymet İhracı (550 mn ),https://www.kap.org.tr/tr/Bildirim/1611331,tr,2026-06-01T10:11:43+00:00
2026-06-01,PGSUS,KAP,PEGASUS HAVA TAŞIMACILIĞI A.Ş. - Kurumsal Yönetim İlkelerine Uyum Derecelendirmesi,Kurumsal Yönetim İlkelerine Uyum Derecelendirmesi Kurumsal Yönetim Derecelendirme Sözleşmesinin Yenilenmesi - Düzeltme,https://www.kap.org.tr/tr/Bildirim/1611571,tr,2026-06-01T17:38:22+00:00
2026-06-01,PGSUS,KAP,PEGASUS HAVA TAŞIMACILIĞI A.Ş. - Kurumsal Yönetim İlkelerine Uyum Derecelendirmesi,Kurumsal Yönetim İlkelerine Uyum Derecelendirmesi Kurumsal Yönetim Derecelendirme Sözleşmesinin Yenilenmesi,https://www.kap.org.tr/tr/Bildirim/1611375,tr,2026-06-01T11:54:10+00:00
2026-06-01,PNSUT,KAP,PINAR SÜT MAMÜLLERİ SANAYİİ A.Ş. - Pay Dışında Sermaye Piyasası Aracı İşlemlerine İlişkin Bildirim (Faiz İçeren),Pay Dışında Sermaye Piyasası Aracı İşlemlerine İlişkin Bildirim (Faiz İçeren) TRFPNST62611 ISIN Kodlu Finansman Bonosu 2. Kupon Dönemine İlişkin Faiz Oranı Hakkında,https://www.kap.org.tr/tr/Bildirim/1611548,tr,2026-06-01T17:28:22+00:00
2026-06-01,POLTK,KAP,POLİTEKNİK METAL SANAYİ VE TİCARET A.Ş. - İlişkili Taraf İşlemleri,İlişkili Taraf İşlemleri Rotatif Nitelikte Grup İçi Kredi Temin Edilmesi,https://www.kap.org.tr/tr/Bildirim/1611311,tr,2026-06-01T09:41:37+00:00
2026-06-01,QNBTR,KAP,QNB BANK A.Ş. - Pay Dışında Sermaye Piyasası Aracı İşlemlerine İlişkin Bildirim (Faiz İçeren),Pay Dışında Sermaye Piyasası Aracı İşlemlerine İlişkin Bildirim (Faiz İçeren) MTN programı kapsamında yurtdışında ihraç edilen borçlanma aracının ihracı,https://www.kap.org.tr/tr/Bildirim/1611429,tr,2026-06-01T15:23:27+00:00
2026-06-01,QNBTR,KAP,QNB BANK A.Ş. - Özel Durum Açıklaması (Genel),Özel Durum Açıklaması (Genel) Takipteki Kredi Portföyünden Satış,https://www.kap.org.tr/tr/Bildirim/1611339,tr,2026-06-01T10:22:47+00:00
2026-06-01,SAHOL,KAP,HACI ÖMER SABANCI HOLDİNG A.Ş. - Şirket Genel Bilgi Formu,Şirket Genel Bilgi Formu,https://www.kap.org.tr/tr/Bildirim/1611287,tr,2026-06-01T09:06:27+00:00
2026-06-01,SAHOL,KAP,HACI ÖMER SABANCI HOLDİNG A.Ş. - Özel Durum Açıklaması (Genel),Özel Durum Açıklaması (Genel) Lucky 7 ve Pepper Güneş Enerjisi Projelerine İlişkin Proje Finansmanı ve Vergi Avantajlı Özsermaye Yatırımı Sözleşmelerinin İmzalanması,https://www.kap.org.tr/tr/Bildirim/1611286,tr,2026-06-01T09:06:16+00:00
2026-06-01,SAYAS,KAP,SAY YENİLENEBİLİR ENERJİ EKİPMANLARI SANAYİ VE TİCARET A.Ş. - Genel Kurul İşlemlerine İlişkin Bildirim,Genel Kurul İşlemlerine İlişkin Bildirim Genel Kurulun Tescil Edilmesi,https://www.kap.org.tr/tr/Bildirim/1611680,tr,2026-06-01T19:02:55+00:00
2026-06-01,SAYAS,KAP,SAY YENİLENEBİLİR ENERJİ EKİPMANLARI SANAYİ VE TİCARET A.Ş. - Bağımsız Denetim Kuruluşunun Belirlenmesi,Bağımsız Denetim Kuruluşunun Belirlenmesi 2026 yılı Bağımsız Denetim Şirketi Seçimi Tescili,https://www.kap.org.tr/tr/Bildirim/1611679,tr,2026-06-01T19:02:43+00:00
2026-06-01,SMRVA,KAP,SÜMER VARLIK YÖNETİM A.Ş. - Pay Dışında Sermaye Piyasası Aracı İşlemlerine İlişkin Bildirim (Faiz İçeren),Pay Dışında Sermaye Piyasası Aracı İşlemlerine İlişkin Bildirim (Faiz İçeren) TRFSUVY62614 ISIN KODLU BONONUN KUPON ÖDEMESİ VE İTFASI,https://www.kap.org.tr/tr/Bildirim/1611399,tr,2026-06-01T13:45:21+00:00
2026-06-01,SMRVA,KAP,SÜMER VARLIK YÖNETİM A.Ş. - Pay Dışında Sermaye Piyasası Aracı İşlemlerine İlişkin Bildirim (Faiz İçeren),Pay Dışında Sermaye Piyasası Aracı İşlemlerine İlişkin Bildirim (Faiz İçeren) TRFSUVY62622 ISIN NOLU BONONUN KUPON ÖDEMESİ VE İTFASI,https://www.kap.org.tr/tr/Bildirim/1611398,tr,2026-06-01T13:45:03+00:00
2026-06-01,SNPAM,KAP,SÖNMEZ PAMUKLU SANAYİİ A.Ş. - Şirket Genel Bilgi Formu,Şirket Genel Bilgi Formu,https://www.kap.org.tr/tr/Bildirim/1611626,tr,2026-06-01T18:11:20+00:00
2026-06-01,SNPAM,KAP,SÖNMEZ PAMUKLU SANAYİİ A.Ş. - Kurumsal Yönetim Bilgi Formu (Güncelleme) - Yönetim Kurulu-2,Kurumsal Yönetim Bilgi Formu (Güncelleme) - Yönetim Kurulu-2 Yönetim Kurulu Komiteleri,https://www.kap.org.tr/tr/Bildirim/1611592,tr,2026-06-01T17:46:06+00:00
2026-06-01,SNPAM,KAP,SÖNMEZ PAMUKLU SANAYİİ A.Ş. - Yönetim Kurulu Komiteleri,Yönetim Kurulu Komiteleri Yönetim Kurulu Komite Yapılandırması,https://www.kap.org.tr/tr/Bildirim/1611564,tr,2026-06-01T17:37:03+00:00
2026-06-01,SONME,KAP,SÖNMEZ FİLAMENT SENTETİK İPLİK VE ELYAF SANAYİ A.Ş. - Şirket Genel Bilgi Formu,Şirket Genel Bilgi Formu,https://www.kap.org.tr/tr/Bildirim/1611621,tr,2026-06-01T18:07:18+00:00
2026-06-01,SONME,KAP,SÖNMEZ FİLAMENT SENTETİK İPLİK VE ELYAF SANAYİ A.Ş. - Kurumsal Yönetim Bilgi Formu (Güncelleme) - Yönetim Kurulu-2,Kurumsal Yönetim Bilgi Formu (Güncelleme) - Yönetim Kurulu-2 Yönetim Kurulu Komiteleri,https://www.kap.org.tr/tr/Bildirim/1611594,tr,2026-06-01T17:47:04+00:00
2026-06-01,SONME,KAP,SÖNMEZ FİLAMENT SENTETİK İPLİK VE ELYAF SANAYİ A.Ş. - Yönetim Kurulu Komiteleri,Yönetim Kurulu Komiteleri Yönetim Kurulu Komite Yapılandırması,https://www.kap.org.tr/tr/Bildirim/1611557,tr,2026-06-01T17:35:49+00:00
2026-06-01,TATEN,KAP,TATLIPINAR ENERJİ ÜRETİM A.Ş. - Genel Kurul İşlemlerine İlişkin Bildirim,Genel Kurul İşlemlerine İlişkin Bildirim 2025 Yılı Olağan Genel Kurul Toplantısı Sonuçlarının Tescil ve TTSG İlanı,https://www.kap.org.tr/tr/Bildirim/1611667,tr,2026-06-01T18:31:01+00:00
2026-06-01,TATEN,KAP,TATLIPINAR ENERJİ ÜRETİM A.Ş. - Bağımsız Denetim Kuruluşunun Belirlenmesi,Bağımsız Denetim Kuruluşunun Belirlenmesi Bağımsız Denetim Kuruluşunun Tescil ve TTSG İlanı,https://www.kap.org.tr/tr/Bildirim/1611666,tr,2026-06-01T18:30:51+00:00
2026-06-01,TATGD,KAP,TAT GIDA SANAYİ A.Ş. - Pay Dışında Sermaye Piyasası Aracı İşlemlerine İlişkin Bildirim (Faiz İçeren),Pay Dışında Sermaye Piyasası Aracı İşlemlerine İlişkin Bildirim (Faiz İçeren) TRSTATK22713 ISIN Kodlu Tahvilin 5. Kupon Ödemesi,https://www.kap.org.tr/tr/Bildirim/1611427,tr,2026-06-01T15:19:54+00:00
2026-06-01,TCELL,KAP,TURKCELL İLETİŞİM HİZMETLERİ A.Ş. - Şirket Genel Bilgi Formu,Şirket Genel Bilgi Formu,https://www.kap.org.tr/tr/Bildirim/1611690,tr,2026-06-01T19:33:20+00:00
2026-06-01,TCELL,KAP,TURKCELL İLETİŞİM HİZMETLERİ A.Ş. - Özel Durum Açıklaması (Genel),Özel Durum Açıklaması (Genel) ABD Sermaye Piyasası Mevzuatı Uyarınca SEC'ye Yapılan Açıklama,https://www.kap.org.tr/tr/Bildirim/1611689,tr,2026-06-01T19:32:59+00:00
2026-06-01,TEBFA,KAP,TEB FAKTORİNG A.Ş. - Şirket Genel Bilgi Formu,Şirket Genel Bilgi Formu,https://www.kap.org.tr/tr/Bildirim/1611550,tr,2026-06-01T17:30:05+00:00
2026-06-01,TEBFA,KAP,TEB FAKTORİNG A.Ş. - Özel Durum Açıklaması (Genel),Özel Durum Açıklaması (Genel) Şirketimiz Genel Müdür Yardımcısı'nın görevden ayrılması hakkında,https://www.kap.org.tr/tr/Bildirim/1611549,tr,2026-06-01T17:29:14+00:00
2026-06-01,TEHOL,KAP,TERA YATIRIM TEKNOLOJİ HOLDİNG A.Ş. - Şirket Genel Bilgi Formu,Şirket Genel Bilgi Formu,https://www.kap.org.tr/tr/Bildirim/1611660,tr,2026-06-01T18:27:33+00:00
2026-06-01,TEHOL,KAP,TERA YATIRIM TEKNOLOJİ HOLDİNG A.Ş. - Şirket Genel Bilgi Formu,Şirket Genel Bilgi Formu,https://www.kap.org.tr/tr/Bildirim/1611637,tr,2026-06-01T18:19:33+00:00
2026-06-01,THR,KAP,TÜRKİYE İHRACAT KREDİ BANKASI A.Ş. - Pay Dışında Sermaye Piyasası Aracı İşlemlerine İlişkin Bildirim (Faiz İçeren),Pay Dışında Sermaye Piyasası Aracı İşlemlerine İlişkin Bildirim (Faiz İçeren) GMTN programı çerçevesinde yurt dışında borçlanma aracı ihracı,https://www.kap.org.tr/tr/Bildirim/1611497,tr,2026-06-01T16:55:08+00:00
2026-06-01,TRILC,KAP,TURK İLAÇ VE SERUM SANAYİ A.Ş. - Özel Durum Açıklaması (Genel),Özel Durum Açıklaması (Genel) Yönetim Kurulu Üyesi İstifa ve Ataması Hakkında,https://www.kap.org.tr/tr/Bildirim/1611723,tr,2026-06-01T21:26:41+00:00
2026-06-01,TVB,KAP,TÜRKİYE VAKIFLAR BANKASI T.A.O. - Pay Dışında Sermaye Piyasası Aracı İşlemlerine İlişkin Bildirim (Faiz İçeren),Pay Dışında Sermaye Piyasası Aracı İşlemlerine İlişkin Bildirim (Faiz İçeren) GMTN Programı Çerçevesinde Türkiye Dışında Sürdürülebilir Borçlanma Aracı İhracı SPK Onayı,https://www.kap.org.tr/tr/Bildirim/1611554,tr,2026-06-01T17:34:43+00:00
2026-06-01,VAKBN,KAP,TÜRKİYE VAKIFLAR BANKASI T.A.O. - Pay Dışında Sermaye Piyasası Aracı İşlemlerine İlişkin Bildirim (Faiz İçeren),Pay Dışında Sermaye Piyasası Aracı İşlemlerine İlişkin Bildirim (Faiz İçeren) GMTN Programı Çerçevesinde Türkiye Dışında Sürdürülebilir Borçlanma Aracı İhracı SPK Onayı,https://www.kap.org.tr/tr/Bildirim/1611554,tr,2026-06-01T17:34:43+00:00
2026-06-01,VAKFA,KAP,VAKIF FAKTORİNG A.Ş. - Şirket Genel Bilgi Formu,Şirket Genel Bilgi Formu,https://www.kap.org.tr/tr/Bildirim/1611634,tr,2026-06-01T18:17:07+00:00
2026-06-01,VAKFA,KAP,VAKIF FAKTORİNG A.Ş. - Özel Durum Açıklaması (Genel),Özel Durum Açıklaması (Genel) Yönetim Kurulu Üye Değişikliği ve Yeni Üye Ataması,https://www.kap.org.tr/tr/Bildirim/1611632,tr,2026-06-01T18:16:07+00:00
2026-06-01,VAKFN,KAP,VAKIF FİNANSAL KİRALAMA A.Ş. - Kurumsal Yönetim Bilgi Formu (Güncelleme) - Yönetim Kurulu-2,Kurumsal Yönetim Bilgi Formu (Güncelleme) - Yönetim Kurulu-2 Yönetim Kurulu II Bilgi Formu Güncelleme,https://www.kap.org.tr/tr/Bildirim/1611604,tr,2026-06-01T17:57:40+00:00
2026-06-01,VAKFN,KAP,VAKIF FİNANSAL KİRALAMA A.Ş. - Yönetim Kurulu Komiteleri,Yönetim Kurulu Komiteleri Yönetim Kurulu Komiteleri Hakkında,https://www.kap.org.tr/tr/Bildirim/1611603,tr,2026-06-01T17:57:27+00:00
2026-06-01,VAKFN,KAP,VAKIF FİNANSAL KİRALAMA A.Ş. - Kurumsal Yönetim Bilgi Formu (Güncelleme) - Yönetim Kurulu-1,Kurumsal Yönetim Bilgi Formu (Güncelleme) - Yönetim Kurulu-1 Kurumsal Yönetim Bilgi Formu Güncelleme,https://www.kap.org.tr/tr/Bildirim/1611602,tr,2026-06-01T17:57:08+00:00
2026-06-01,VAKFN,KAP,VAKIF FİNANSAL KİRALAMA A.Ş. - Şirket Genel Bilgi Formu,Şirket Genel Bilgi Formu,https://www.kap.org.tr/tr/Bildirim/1611601,tr,2026-06-01T17:56:48+00:00
2026-06-01,VAKFN,KAP,VAKIF FİNANSAL KİRALAMA A.Ş. - Özel Durum Açıklaması (Genel),Özel Durum Açıklaması (Genel) Yönetim Kurulu Üyesi İstifası ve Ataması Hakkında,https://www.kap.org.tr/tr/Bildirim/1611599,tr,2026-06-01T17:56:00+00:00
2026-06-01,VKFYO,KAP,VAKIF MENKUL KIYMET YATIRIM ORTAKLIĞI A.Ş. - Özel Durum Açıklaması (Genel),"Özel Durum Açıklaması (Genel) Şirketimizin BİAŞ'da oluşan ağırlıklı ortalama fiyatın, pay başına net aktif değerin 2 katını aşması sebebiyle yapılan açıklamadır.",https://www.kap.org.tr/tr/Bildirim/1611441,tr,2026-06-01T16:00:25+00:00
2026-06-01,VKING,KAP,VİKİNG KAĞIT VE SELÜLOZ A.Ş. - Şirket Genel Bilgi Formu,Şirket Genel Bilgi Formu,https://www.kap.org.tr/tr/Bildirim/1611425,tr,2026-06-01T15:16:44+00:00
2026-06-01,YBTAS,KAP,YİBİTAŞ YOZGAT İŞÇİ BİRLİĞİ İNŞAAT MALZEMELERİ TİCARET VE SANAYİ A.Ş. - Faaliyetlerin Kısmen veya Tamamen Durdurulması ya da İmkansız Hale Gelmesi,Faaliyetlerin Kısmen veya Tamamen Durdurulması ya da İmkansız Hale Gelmesi Geçici Fırın Duruşu,https://www.kap.org.tr/tr/Bildirim/1611313,tr,2026-06-01T09:42:17+00:00
2026-06-01,YEOTK,KAP,YEO TEKNOLOJİ ENERJİ VE ENDÜSTRİ A.Ş. - Yeni İş İlişkisi,Yeni İş İlişkisi Yeni iş ilişkisi.,https://www.kap.org.tr/tr/Bildirim/1611305,tr,2026-06-01T09:25:33+00:00
2026-06-01,YKB,KAP,YAPI VE KREDİ BANKASI A.Ş. - Pay Dışında Sermaye Piyasası Aracı İşlemlerine İlişkin Bildirim (Faiz İçeren),Pay Dışında Sermaye Piyasası Aracı İşlemlerine İlişkin Bildirim (Faiz İçeren) Yurtdışında ihraç edilen borçlanma aracının itfası,https://www.kap.org.tr/tr/Bildirim/1611505,tr,2026-06-01T17:05:44+00:00
2026-06-01,YKB,KAP,YAPI VE KREDİ BANKASI A.Ş. - Pay Dışında Sermaye Piyasası Aracı İşlemlerine İlişkin Bildirim (Faiz İçeren),Pay Dışında Sermaye Piyasası Aracı İşlemlerine İlişkin Bildirim (Faiz İçeren) Yurtdışında ihraç edilen borçlanma aracının itfası,https://www.kap.org.tr/tr/Bildirim/1611371,tr,2026-06-01T11:44:03+00:00
2026-06-01,YKBNK,KAP,YAPI VE KREDİ BANKASI A.Ş. - Pay Dışında Sermaye Piyasası Aracı İşlemlerine İlişkin Bildirim (Faiz İçeren),Pay Dışında Sermaye Piyasası Aracı İşlemlerine İlişkin Bildirim (Faiz İçeren) Yurtdışında ihraç edilen borçlanma aracının itfası,https://www.kap.org.tr/tr/Bildirim/1611505,tr,2026-06-01T17:05:44+00:00
2026-06-01,YKBNK,KAP,YAPI VE KREDİ BANKASI A.Ş. - Pay Dışında Sermaye Piyasası Aracı İşlemlerine İlişkin Bildirim (Faiz İçeren),Pay Dışında Sermaye Piyasası Aracı İşlemlerine İlişkin Bildirim (Faiz İçeren) Yurtdışında ihraç edilen borçlanma aracının itfası,https://www.kap.org.tr/tr/Bildirim/1611371,tr,2026-06-01T11:44:03+00:00
2026-06-01,YKR,KAP,YAPI KREDİ YATIRIM MENKUL DEĞERLER A.Ş. - Pay Dışında Sermaye Piyasası Aracı İşlemlerine İlişkin Bildirim (Faiz İçeren),Pay Dışında Sermaye Piyasası Aracı İşlemlerine İlişkin Bildirim (Faiz İçeren) Borçlanma Aracının İtfası,https://www.kap.org.tr/tr/Bildirim/1611673,tr,2026-06-01T18:37:21+00:00
2026-06-01,YKYAT,KAP,YAPI KREDİ YATIRIM MENKUL DEĞERLER A.Ş. - Pay Dışında Sermaye Piyasası Aracı İşlemlerine İlişkin Bildirim (Faiz İçeren),Pay Dışında Sermaye Piyasası Aracı İşlemlerine İlişkin Bildirim (Faiz İçeren) Borçlanma Aracının İtfası,https://www.kap.org.tr/tr/Bildirim/1611673,tr,2026-06-01T18:37:21+00:00
2026-06-01,YYLGD,KAP,YAYLA AGRO GIDA SANAYİ VE TİCARET A.Ş. - Bağımsız Denetim Kuruluşunun Belirlenmesi,Bağımsız Denetim Kuruluşunun Belirlenmesi 2026 yılı faaliyet dönemine ilişkin Bağımsız Denetim Kuruluşunun tescili,https://www.kap.org.tr/tr/Bildirim/1611671,tr,2026-06-01T18:35:52+00:00
2026-06-01,YYLGD,KAP,YAYLA AGRO GIDA SANAYİ VE TİCARET A.Ş. - Özel Durum Açıklaması (Genel),Özel Durum Açıklaması (Genel) Yönetim Kurulu Görev Dağılımı,https://www.kap.org.tr/tr/Bildirim/1611670,tr,2026-06-01T18:35:19+00:00
2026-06-01,YYLGD,KAP,YAYLA AGRO GIDA SANAYİ VE TİCARET A.Ş. - Genel Kurul İşlemlerine İlişkin Bildirim,Genel Kurul İşlemlerine İlişkin Bildirim 2025 yılı Olağan Genel Kurul tescili hakkında,https://www.kap.org.tr/tr/Bildirim/1611669,tr,2026-06-01T18:35:03+00:00
