date,ticker,source,title,text,url,language,published_at
2026-03-24,ADEL,KAP,ADEL KALEMCİLİK TİCARET VE SANAYİ A.Ş. - Kar Payı Dağıtım İşlemlerine İlişkin Bildirim,Kar Payı Dağıtım İşlemlerine İlişkin Bildirim 2025 Faaliyet Yılı Karı Dağıtım Teklifine İlişkin Yönetim Kurulu Kararı,https://www.kap.org.tr/tr/Bildirim/1575320,tr,2026-03-24T21:51:07+00:00
2026-03-24,ADEL,KAP,ADEL KALEMCİLİK TİCARET VE SANAYİ A.Ş. - Bağımsız Denetim Kuruluşunun Belirlenmesi,Bağımsız Denetim Kuruluşunun Belirlenmesi Bağımsız Denetim Kuruluşunun Belirlenmesi,https://www.kap.org.tr/tr/Bildirim/1575319,tr,2026-03-24T21:50:56+00:00
2026-03-24,ADEL,KAP,ADEL KALEMCİLİK TİCARET VE SANAYİ A.Ş. - İlişkili Taraf İşlemleri,İlişkili Taraf İşlemleri 2026 Yılı İlişkili Taraf İşlemlerine İlişkin Olarak Hazırlanan Yönetim Kurulu Raporu Hakkında,https://www.kap.org.tr/tr/Bildirim/1575318,tr,2026-03-24T21:50:45+00:00
2026-03-24,ADEL,KAP,ADEL KALEMCİLİK TİCARET VE SANAYİ A.Ş. - Genel Kurul İşlemlerine İlişkin Bildirim,Genel Kurul İşlemlerine İlişkin Bildirim Genel Kurul İşlemlerine İlişkin Bildirim,https://www.kap.org.tr/tr/Bildirim/1575317,tr,2026-03-24T21:50:34+00:00
2026-03-24,ADEL,KAP,ADEL KALEMCİLİK TİCARET VE SANAYİ A.Ş. - Pay Dışında Sermaye Piyasası Aracı İşlemlerine İlişkin Bildirim (Faiz İçeren),Pay Dışında Sermaye Piyasası Aracı İşlemlerine İlişkin Bildirim (Faiz İçeren) TRSADEL92611 ISIN Kodlu Tahvilin 3. Kupon Faiz Oranının Belirlenmesi,https://www.kap.org.tr/tr/Bildirim/1575279,tr,2026-03-24T19:10:39+00:00
2026-03-24,AGHOL,KAP,AG ANADOLU GRUBU HOLDİNG A.Ş. - Bağımsız Denetim Kuruluşunun Belirlenmesi,Bağımsız Denetim Kuruluşunun Belirlenmesi Bağımsız dış denetim şirketi seçimi hakkında açıklama,https://www.kap.org.tr/tr/Bildirim/1575223,tr,2026-03-24T18:16:18+00:00
2026-03-24,AGHOL,KAP,AG ANADOLU GRUBU HOLDİNG A.Ş. - Genel Kurul İşlemlerine İlişkin Bildirim,Genel Kurul İşlemlerine İlişkin Bildirim Genel Kurul Toplantı Daveti,https://www.kap.org.tr/tr/Bildirim/1575221,tr,2026-03-24T18:15:51+00:00
2026-03-24,AGHOL,KAP,AG ANADOLU GRUBU HOLDİNG A.Ş. - Kar Payı Dağıtım İşlemlerine İlişkin Bildirim,Kar Payı Dağıtım İşlemlerine İlişkin Bildirim Kar Dağıtım Teklifi,https://www.kap.org.tr/tr/Bildirim/1575220,tr,2026-03-24T18:15:23+00:00
2026-03-24,AKBNK,KAP,AKBANK T.A.Ş. - Kar Payı Dağıtım İşlemlerine İlişkin Bildirim,Kar Payı Dağıtım İşlemlerine İlişkin Bildirim 2025 Yılı Kârının Dağıtımı Hakkında.,https://www.kap.org.tr/tr/Bildirim/1575270,tr,2026-03-24T18:53:50+00:00
2026-03-24,AKBNK,KAP,AKBANK T.A.Ş. - Genel Kurul İşlemlerine İlişkin Bildirim,Genel Kurul İşlemlerine İlişkin Bildirim 24.03.2026 Tarihli Ortaklar Olağan Genel Kurul Toplantısı Kararları.,https://www.kap.org.tr/tr/Bildirim/1575219,tr,2026-03-24T18:14:49+00:00
2026-03-24,AKCVR,KAP,AKADEMİ ÇEVRE ENTEGRE ATIK YÖNETİMİ ENDÜSTRİ A.Ş. - Pay Dışında Sermaye Piyasası Aracı İşlemlerine İlişkin Bildirim (Faiz İçeren),Pay Dışında Sermaye Piyasası Aracı İşlemlerine İlişkin Bildirim (Faiz İçeren) TRFAKAD32614 ISIN Kodlu Değişken Faizli Finansman Bonosunun 2. Kupon Oranının Belirlenmesi,https://www.kap.org.tr/tr/Bildirim/1575094,tr,2026-03-24T16:30:42+00:00
2026-03-24,AKFGY,KAP,AKFEN GAYRİMENKUL YATIRIM ORTAKLIĞI A.Ş. - Payların Geri Alınmasına İlişkin Bildirim,Payların Geri Alınmasına İlişkin Bildirim Pay Geri Alım Programının Tamamlanması Hk.,https://www.kap.org.tr/tr/Bildirim/1575213,tr,2026-03-24T18:12:58+00:00
2026-03-24,AKGRT,KAP,AKSİGORTA A.Ş. - Şirket Genel Bilgi Formu,Şirket Genel Bilgi Formu,https://www.kap.org.tr/tr/Bildirim/1575331,tr,2026-03-24T23:40:24+00:00
2026-03-24,AKHAN,KAP,AKHAN UN FABRİKASI VE TARIM ÜRÜNLERİ GIDA SANAYİ TİCARET A.Ş. - Yönetim Kurulu Komiteleri,Yönetim Kurulu Komiteleri Yönetim Kurulu Komiteleri Çalışma Esasları,https://www.kap.org.tr/tr/Bildirim/1575255,tr,2026-03-24T18:36:31+00:00
2026-03-24,AKM,KAP,AK YATIRIM MENKUL DEĞERLER A.Ş. - Pay Dışında Sermaye Piyasası Aracı İşlemlerine İlişkin Bildirim (Faiz İçeren),Pay Dışında Sermaye Piyasası Aracı İşlemlerine İlişkin Bildirim (Faiz İçeren) Nitelikli Yatırımcıya Borçlanma Aracı İtfa ve Kupon Ödemesi,https://www.kap.org.tr/tr/Bildirim/1575164,tr,2026-03-24T17:19:57+00:00
2026-03-24,AKMEN,KAP,AK YATIRIM MENKUL DEĞERLER A.Ş. - Pay Dışında Sermaye Piyasası Aracı İşlemlerine İlişkin Bildirim (Faiz İçeren),Pay Dışında Sermaye Piyasası Aracı İşlemlerine İlişkin Bildirim (Faiz İçeren) Nitelikli Yatırımcıya Borçlanma Aracı İtfa ve Kupon Ödemesi,https://www.kap.org.tr/tr/Bildirim/1575164,tr,2026-03-24T17:19:57+00:00
2026-03-24,ALFAS,KAP,ALFA SOLAR ENERJİ SANAYİ VE TİCARET A.Ş. - Özel Durum Açıklaması (Genel),Özel Durum Açıklaması (Genel) Zorlu Alfa Solar Hücre Üretimi A.Ş.'nin Tasfiye Süreci Hakkında,https://www.kap.org.tr/tr/Bildirim/1575296,tr,2026-03-24T20:29:59+00:00
2026-03-24,ALKIM,KAP,ALKİM ALKALİ KİMYA A.Ş. - Özel Durum Açıklaması (Genel),Özel Durum Açıklaması (Genel) Yönetim Kurulu Başkanı'nın 9 Nisan 2026 itibarıyla görevden ayrılması hk.,https://www.kap.org.tr/tr/Bildirim/1575229,tr,2026-03-24T18:18:00+00:00
2026-03-24,ALKLC,KAP,ALTINKILIÇ GIDA VE SÜT SANAYİ TİCARET A.Ş. - Geleceğe Dönük Değerlendirmeler,Geleceğe Dönük Değerlendirmeler Şirketimizin 2026 Yılı Beklentilerine İlişkin Açıklamaları Hakkında,https://www.kap.org.tr/tr/Bildirim/1575325,tr,2026-03-24T22:35:23+00:00
2026-03-24,ANHYT,KAP,ANADOLU HAYAT EMEKLİLİK A.Ş. - Kar Dağıtım Politikası,Kar Dağıtım Politikası Kâr Dağıtım Politikası,https://www.kap.org.tr/tr/Bildirim/1575316,tr,2026-03-24T21:40:15+00:00
2026-03-24,ANHYT,KAP,ANADOLU HAYAT EMEKLİLİK A.Ş. - Kurumsal Yönetim Bilgi Formu (Güncelleme) - Yönetim Kurulu-3,Kurumsal Yönetim Bilgi Formu (Güncelleme) - Yönetim Kurulu-3 Yönetim Kurulu Komiteleri,https://www.kap.org.tr/tr/Bildirim/1575315,tr,2026-03-24T21:40:03+00:00
2026-03-24,ANHYT,KAP,ANADOLU HAYAT EMEKLİLİK A.Ş. - Kurumsal Yönetim Bilgi Formu (Güncelleme) - Yönetim Kurulu-2,Kurumsal Yönetim Bilgi Formu (Güncelleme) - Yönetim Kurulu-2 Yönetim Kurulu Komiteleri,https://www.kap.org.tr/tr/Bildirim/1575314,tr,2026-03-24T21:39:42+00:00
2026-03-24,ANHYT,KAP,ANADOLU HAYAT EMEKLİLİK A.Ş. - Kurumsal Yönetim Bilgi Formu (Güncelleme) - Yönetim Kurulu-1,Kurumsal Yönetim Bilgi Formu (Güncelleme) - Yönetim Kurulu-1 Yönetim Kurulu Üyeleri Görevleri,https://www.kap.org.tr/tr/Bildirim/1575313,tr,2026-03-24T21:39:14+00:00
2026-03-24,ANHYT,KAP,ANADOLU HAYAT EMEKLİLİK A.Ş. - Yönetim Kurulu Komiteleri,Yönetim Kurulu Komiteleri Yönetim Kurulu Komite Üyelerinin Seçimi,https://www.kap.org.tr/tr/Bildirim/1575312,tr,2026-03-24T21:39:01+00:00
2026-03-24,ANHYT,KAP,ANADOLU HAYAT EMEKLİLİK A.Ş. - Özel Durum Açıklaması (Genel),Özel Durum Açıklaması (Genel) Yönetim Kurulu Başkan ve Başkan Vekili Seçimi,https://www.kap.org.tr/tr/Bildirim/1575311,tr,2026-03-24T21:38:50+00:00
2026-03-24,ANHYT,KAP,ANADOLU HAYAT EMEKLİLİK A.Ş. - Kayıtlı Sermaye Tavanı İşlemlerine İlişkin Bildirim,"Kayıtlı Sermaye Tavanı İşlemlerine İlişkin Bildirim Kayıtlı Sermaye Tavanının Artırılması, İzin Süresinin Uzatılması ve Esas Sözleşmede Değişiklik Yapılmasına İlişkin Genel Kurul Onayı",https://www.kap.org.tr/tr/Bildirim/1575310,tr,2026-03-24T21:38:38+00:00
2026-03-24,ANHYT,KAP,ANADOLU HAYAT EMEKLİLİK A.Ş. - Bağımsız Denetim Kuruluşunun Belirlenmesi,Bağımsız Denetim Kuruluşunun Belirlenmesi Bağımsız Denetim Kuruluşu'nun Genel Kurul'da Onaylanması,https://www.kap.org.tr/tr/Bildirim/1575309,tr,2026-03-24T21:38:26+00:00
2026-03-24,ANHYT,KAP,ANADOLU HAYAT EMEKLİLİK A.Ş. - Kar Payı Dağıtım İşlemlerine İlişkin Bildirim,Kar Payı Dağıtım İşlemlerine İlişkin Bildirim Nakit Kar Payı Dağıtım Tarihi,https://www.kap.org.tr/tr/Bildirim/1575308,tr,2026-03-24T21:38:13+00:00
2026-03-24,ANHYT,KAP,ANADOLU HAYAT EMEKLİLİK A.Ş. - Genel Kurul İşlemlerine İlişkin Bildirim,Genel Kurul İşlemlerine İlişkin Bildirim 2025 Yılı Ortaklar Olağan Genel Kurul Toplantısı Kararları,https://www.kap.org.tr/tr/Bildirim/1575297,tr,2026-03-24T20:50:28+00:00
2026-03-24,ASUZU,KAP,ANADOLU ISUZU OTOMOTİV SANAYİ VE TİCARET A.Ş. - Bağımsız Denetim Kuruluşunun Belirlenmesi,Bağımsız Denetim Kuruluşunun Belirlenmesi 2026 yılı bağımsız dış denetim şirketi seçimi hakkında açıklama,https://www.kap.org.tr/tr/Bildirim/1575228,tr,2026-03-24T18:17:37+00:00
2026-03-24,ASUZU,KAP,ANADOLU ISUZU OTOMOTİV SANAYİ VE TİCARET A.Ş. - Genel Kurul İşlemlerine İlişkin Bildirim,Genel Kurul İşlemlerine İlişkin Bildirim Genel Kurul Toplantı Daveti,https://www.kap.org.tr/tr/Bildirim/1575226,tr,2026-03-24T18:17:12+00:00
2026-03-24,ASUZU,KAP,ANADOLU ISUZU OTOMOTİV SANAYİ VE TİCARET A.Ş. - Kar Payı Dağıtım İşlemlerine İlişkin Bildirim,Kar Payı Dağıtım İşlemlerine İlişkin Bildirim Kar payı dağıtım teklifi,https://www.kap.org.tr/tr/Bildirim/1575225,tr,2026-03-24T18:16:41+00:00
2026-03-24,BFREN,KAP,BOSCH FREN SİSTEMLERİ SANAYİ VE TİCARET A.Ş. - Özel Durum Açıklaması (Genel),Özel Durum Açıklaması (Genel) Bağımsız Yönetim Kurulu Üyeleri Aday Listesi,https://www.kap.org.tr/tr/Bildirim/1575321,tr,2026-03-24T21:56:38+00:00
2026-03-24,BNTAS,KAP,BANTAŞ BANDIRMA AMBALAJ SANAYİ VE TİCARET A.Ş. - Katılım Finansı İlkeleri Bilgi Formu,Katılım Finansı İlkeleri Bilgi Formu,https://www.kap.org.tr/tr/Bildirim/1575208,tr,2026-03-24T18:10:25+00:00
2026-03-24,BORLS,KAP,BORLEASE OTOMOTİV A.Ş. - Pay Dışında Sermaye Piyasası Aracı İşlemlerine İlişkin Bildirim (Faiz İçeren),Pay Dışında Sermaye Piyasası Aracı İşlemlerine İlişkin Bildirim (Faiz İçeren) TRFBORL32611 ISIN KODLU BORÇLANMA ARACININ KUPON ORANININ BELİRLENMESİ,https://www.kap.org.tr/tr/Bildirim/1575224,tr,2026-03-24T18:16:36+00:00
2026-03-24,CANTE,KAP,ÇAN2 TERMİK A.Ş. - Sermaye Artırımından Elde Edilecek - Edilen Fonun Kullanımına İlişkin Rapor,Sermaye Artırımından Elde Edilecek - Edilen Fonun Kullanımına İlişkin Rapor Bedelli Sermaye Artırımından Elde Edilen Fonun Kullanımına İlişkin Rapor,https://www.kap.org.tr/tr/Bildirim/1575126,tr,2026-03-24T16:58:12+00:00
2026-03-24,CCOLA,KAP,COCA-COLA İÇECEK A.Ş. - Pay Dışında Sermaye Piyasası Aracı İşlemlerine İlişkin Bildirim (Faiz İçeren),Pay Dışında Sermaye Piyasası Aracı İşlemlerine İlişkin Bildirim (Faiz İçeren) TRSCOLA92612 ISIN Kodlu Tahvilin 6. Kupon Faiz Oranının Belirlenmesi,https://www.kap.org.tr/tr/Bildirim/1575110,tr,2026-03-24T16:43:13+00:00
2026-03-24,CONSE,KAP,CONSUS ENERJİ İŞLETMECİLİĞİ VE HİZMETLERİ A.Ş. - Yönetim Kurulu Komiteleri,Yönetim Kurulu Komiteleri Yönetim Kurulu Komite Üyeliklerinin Belirlenmesi,https://www.kap.org.tr/tr/Bildirim/1575145,tr,2026-03-24T17:07:12+00:00
2026-03-24,CONSE,KAP,CONSUS ENERJİ İŞLETMECİLİĞİ VE HİZMETLERİ A.Ş. - Bağımsız Denetim Kuruluşunun Belirlenmesi,Bağımsız Denetim Kuruluşunun Belirlenmesi Bağımsız Denetim Kuruluşu seçiminin Genel Kurul'ca onaylanması,https://www.kap.org.tr/tr/Bildirim/1575138,tr,2026-03-24T17:03:07+00:00
2026-03-24,CONSE,KAP,CONSUS ENERJİ İŞLETMECİLİĞİ VE HİZMETLERİ A.Ş. - Kar Payı Dağıtım İşlemlerine İlişkin Bildirim,Kar Payı Dağıtım İşlemlerine İlişkin Bildirim Kâr Payı Dağıtımı Yapılamayacağına İlişkin Pay Sahiplerine Bilgi Verilmesi,https://www.kap.org.tr/tr/Bildirim/1575128,tr,2026-03-24T16:59:29+00:00
2026-03-24,CONSE,KAP,CONSUS ENERJİ İŞLETMECİLİĞİ VE HİZMETLERİ A.Ş. - Esas Sözleşme Tadili,"Esas Sözleşme Tadili Şirket esas sözleşmesinin ""Sermaye ve Paylar"" başlıklı 6. maddesinin tadilinin Genel Kurul tarafından onaylanması hk.",https://www.kap.org.tr/tr/Bildirim/1575116,tr,2026-03-24T16:52:51+00:00
2026-03-24,CONSE,KAP,CONSUS ENERJİ İŞLETMECİLİĞİ VE HİZMETLERİ A.Ş. - Kayıtlı Sermaye Tavanı İşlemlerine İlişkin Bildirim,"Kayıtlı Sermaye Tavanı İşlemlerine İlişkin Bildirim Şirket esas sözleşmesinin ""Sermaye ve Paylar"" başlıklı 6. maddesinin tadilinin Genel Kurul tarafından onaylanması hk.",https://www.kap.org.tr/tr/Bildirim/1575115,tr,2026-03-24T16:52:41+00:00
2026-03-24,CONSE,KAP,CONSUS ENERJİ İŞLETMECİLİĞİ VE HİZMETLERİ A.Ş. - Genel Kurul İşlemlerine İlişkin Bildirim,Genel Kurul İşlemlerine İlişkin Bildirim Olağan Genel Kurul Toplantısı Sonucu,https://www.kap.org.tr/tr/Bildirim/1575093,tr,2026-03-24T16:29:45+00:00
2026-03-24,CVKMD,KAP,CVK MADEN İŞLETMELERİ SANAYİ VE TİCARET A.Ş. - Katılım Finansı İlkeleri Bilgi Formu,Katılım Finansı İlkeleri Bilgi Formu,https://www.kap.org.tr/tr/Bildirim/1575216,tr,2026-03-24T18:14:22+00:00
2026-03-24,DITAS,KAP,DİTAŞ DOĞAN YEDEK PARÇA İMALAT VE TEKNİK A.Ş. - Sermaye Artırımından Elde Edilecek - Edilen Fonun Kullanımına İlişkin Rapor,Sermaye Artırımından Elde Edilecek - Edilen Fonun Kullanımına İlişkin Rapor Sermaye Artırımından Elde Edilen Fonun Kullanımına İlişkin Rapor,https://www.kap.org.tr/tr/Bildirim/1575200,tr,2026-03-24T17:57:02+00:00
2026-03-24,ECOGR,KAP,ECOGREEN ENERJİ HOLDİNG A.Ş. - Halka Arz Fiyatının Belirlenmesinde Esas Alınan Varsayımlara İlişkin Değerlendirme Raporu,Halka Arz Fiyatının Belirlenmesinde Esas Alınan Varsayımlara İlişkin Değerlendirme Raporu Halka Arz Fiyatının Belirlenmesinde Esas Alınan Varsayımlara İlişkin Değerlendirme Raporu 2025,https://www.kap.org.tr/tr/Bildirim/1575306,tr,2026-03-24T21:16:36+00:00
2026-03-24,ECOGR,KAP,ECOGREEN ENERJİ HOLDİNG A.Ş. - Sermaye Artırımından Elde Edilecek - Edilen Fonun Kullanımına İlişkin Rapor,Sermaye Artırımından Elde Edilecek - Edilen Fonun Kullanımına İlişkin Rapor Halka Arzdan Elde Edilen Fonun Kullanım Yerlerine İlişkin Rapor 2025,https://www.kap.org.tr/tr/Bildirim/1575305,tr,2026-03-24T21:16:09+00:00
2026-03-24,EDIP,KAP,EDİP GAYRİMENKUL YATIRIM SANAYİ VE TİCARET A.Ş. - Genel Kurul İşlemlerine İlişkin Bildirim,Genel Kurul İşlemlerine İlişkin Bildirim 2025 Yılı Olağan Genel Kurul Toplantısı,https://www.kap.org.tr/tr/Bildirim/1575301,tr,2026-03-24T20:56:56+00:00
2026-03-24,EDIP,KAP,EDİP GAYRİMENKUL YATIRIM SANAYİ VE TİCARET A.Ş. - Kar Payı Dağıtım İşlemlerine İlişkin Bildirim,Kar Payı Dağıtım İşlemlerine İlişkin Bildirim 2025 yılı Kar Payı Dağıtım teklifi hakkında,https://www.kap.org.tr/tr/Bildirim/1575300,tr,2026-03-24T20:54:27+00:00
2026-03-24,EDIP,KAP,EDİP GAYRİMENKUL YATIRIM SANAYİ VE TİCARET A.Ş. - Bağımsız Denetim Kuruluşunun Belirlenmesi,Bağımsız Denetim Kuruluşunun Belirlenmesi Bağımsız Denetim Şirketinin belirlenmesi,https://www.kap.org.tr/tr/Bildirim/1575298,tr,2026-03-24T20:53:05+00:00
2026-03-24,EGEEN,KAP,EGE ENDÜSTRİ VE TİCARET A.Ş. - Şirket Genel Bilgi Formu,Şirket Genel Bilgi Formu,https://www.kap.org.tr/tr/Bildirim/1575207,tr,2026-03-24T18:10:04+00:00
2026-03-24,EGEGY,KAP,EGEYAPI AVRUPA GAYRİMENKUL YATIRIM ORTAKLIĞI A.Ş. - Genel Kurul İşlemlerine İlişkin Bildirim,Genel Kurul İşlemlerine İlişkin Bildirim Genel Kurul Çağrısı,https://www.kap.org.tr/tr/Bildirim/1575280,tr,2026-03-24T19:15:35+00:00
2026-03-24,ENERY,KAP,ENERYA ENERJİ A.Ş. - Payların Geri Alınmasına İlişkin Bildirim,Payların Geri Alınmasına İlişkin Bildirim 24.03.2026 Tarihli Pay Geri Alım İşlemleri,https://www.kap.org.tr/tr/Bildirim/1575250,tr,2026-03-24T18:30:10+00:00
2026-03-24,ETILR,KAP,ETİLER GIDA VE TİCARİ YATIRIMLAR SANAYİ VE TİCARET A.Ş. - Sermaye Artırımından Elde Edilecek - Edilen Fonun Kullanımına İlişkin Rapor,Sermaye Artırımından Elde Edilecek - Edilen Fonun Kullanımına İlişkin Rapor Sermaye Artırımından Elde Edilen Fonun Kullanımına İlişkin Rapor,https://www.kap.org.tr/tr/Bildirim/1575211,tr,2026-03-24T18:12:07+00:00
2026-03-24,EUHOL,KAP,EURO YATIRIM HOLDİNG A.Ş. - Şirket Genel Bilgi Formu,Şirket Genel Bilgi Formu,https://www.kap.org.tr/tr/Bildirim/1575179,tr,2026-03-24T17:30:15+00:00
2026-03-24,EUHOL,KAP,EURO YATIRIM HOLDİNG A.Ş. - Esas Sözleşme Tadili,Esas Sözleşme Tadili Esas Sözleşme Tadili Tescil ve İlanı Hk (Merkez Adres),https://www.kap.org.tr/tr/Bildirim/1575174,tr,2026-03-24T17:27:58+00:00
2026-03-24,EUHOL,KAP,EURO YATIRIM HOLDİNG A.Ş. - Kayıtlı Sermaye Tavanı İşlemlerine İlişkin Bildirim,Kayıtlı Sermaye Tavanı İşlemlerine İlişkin Bildirim KSS Tavan ve süre uzatımının tescil ve ilanı hk.,https://www.kap.org.tr/tr/Bildirim/1575165,tr,2026-03-24T17:21:14+00:00
2026-03-24,EUHOL,KAP,EURO YATIRIM HOLDİNG A.Ş. - Genel Kurul İşlemlerine İlişkin Bildirim,Genel Kurul İşlemlerine İlişkin Bildirim Genel Kurul toplantısının tescil ve ilanı hk,https://www.kap.org.tr/tr/Bildirim/1575162,tr,2026-03-24T17:18:18+00:00
2026-03-24,EYGYO,KAP,EYG GAYRİMENKUL YATIRIM ORTAKLIĞI A.Ş. - Katılım Finansı İlkeleri Bilgi Formu,Katılım Finansı İlkeleri Bilgi Formu,https://www.kap.org.tr/tr/Bildirim/1575260,tr,2026-03-24T18:41:16+00:00
2026-03-24,GEDIK,KAP,GEDİK YATIRIM MENKUL DEĞERLER A.Ş. - Esas Sözleşme,Esas Sözleşme Esas Sözleşme Değişikliği Hakkında,https://www.kap.org.tr/tr/Bildirim/1575277,tr,2026-03-24T19:08:09+00:00
2026-03-24,GEDIK,KAP,GEDİK YATIRIM MENKUL DEĞERLER A.Ş. - Bağımsız Denetim Kuruluşunun Belirlenmesi,Bağımsız Denetim Kuruluşunun Belirlenmesi Bağımsız Denetim Kuruluşunun Tescili Hakkında,https://www.kap.org.tr/tr/Bildirim/1575276,tr,2026-03-24T19:07:59+00:00
2026-03-24,GEDIK,KAP,GEDİK YATIRIM MENKUL DEĞERLER A.Ş. - Esas Sözleşme Tadili,Esas Sözleşme Tadili Esas sözleşme Değişikliği Hakkında,https://www.kap.org.tr/tr/Bildirim/1575275,tr,2026-03-24T19:07:47+00:00
2026-03-24,GEDIK,KAP,GEDİK YATIRIM MENKUL DEĞERLER A.Ş. - Kayıtlı Sermaye Tavanı İşlemlerine İlişkin Bildirim,Kayıtlı Sermaye Tavanı İşlemlerine İlişkin Bildirim Kayıtlı Sermaye Tavanının ve Süresinin Tescili Hakkında,https://www.kap.org.tr/tr/Bildirim/1575274,tr,2026-03-24T19:07:35+00:00
2026-03-24,GEDIK,KAP,GEDİK YATIRIM MENKUL DEĞERLER A.Ş. - Şirket Genel Bilgi Formu,Şirket Genel Bilgi Formu,https://www.kap.org.tr/tr/Bildirim/1575240,tr,2026-03-24T18:25:24+00:00
2026-03-24,GEDIK,KAP,GEDİK YATIRIM MENKUL DEĞERLER A.Ş. - Genel Kurul İşlemlerine İlişkin Bildirim,Genel Kurul İşlemlerine İlişkin Bildirim 2025 Yılı Olağan Genel Kurul Toplantısı Tescili hakkında,https://www.kap.org.tr/tr/Bildirim/1575238,tr,2026-03-24T18:25:07+00:00
2026-03-24,GEDIK,KAP,GEDİK YATIRIM MENKUL DEĞERLER A.Ş. - Özel Durum Açıklaması (Genel),"Özel Durum Açıklaması (Genel) Misyon Yatırım Bankası AŞnin Sermaye Artırımı Tescili Hk. MSY, MSYBN",https://www.kap.org.tr/tr/Bildirim/1575237,tr,2026-03-24T18:24:48+00:00
2026-03-24,GENIL,KAP,GEN İLAÇ VE SAĞLIK ÜRÜNLERİ SANAYİ VE TİCARET A.Ş. - Şirket Genel Bilgi Formu,Şirket Genel Bilgi Formu,https://www.kap.org.tr/tr/Bildirim/1575201,tr,2026-03-24T17:58:03+00:00
2026-03-24,GOKNR,KAP,GÖKNUR GIDA MADDELERİ ENERJİ İMALAT İTHALAT İHRACAT TİCARET VE SANAYİ A.Ş. - Payların Geri Alınmasına İlişkin Bildirim,Payların Geri Alınmasına İlişkin Bildirim Payların Geri alınmasına İlişkin Bildirim,https://www.kap.org.tr/tr/Bildirim/1575231,tr,2026-03-24T18:18:59+00:00
2026-03-24,GUNDG,KAP,GÜNDOĞDU GIDA SÜT ÜRÜNLERİ SANAYİ VE DIŞ TİCARET A.Ş. - Özel Durum Açıklaması (Genel),Özel Durum Açıklaması (Genel) Yönetim Kurulu Üyesi Sayın Talha Cemil KOPUZ?un İstifası Hakkında,https://www.kap.org.tr/tr/Bildirim/1575288,tr,2026-03-24T19:30:04+00:00
2026-03-24,GUNDG,KAP,GÜNDOĞDU GIDA SÜT ÜRÜNLERİ SANAYİ VE DIŞ TİCARET A.Ş. - Özel Durum Açıklaması (Genel),Özel Durum Açıklaması (Genel) Yönetim Kurulu Başkan Vekili ve Genel Müdür Sayın Mustafa KOPUZ?un İstifası Hakkında,https://www.kap.org.tr/tr/Bildirim/1575283,tr,2026-03-24T19:20:06+00:00
2026-03-24,GWIND,KAP,GALATA WIND ENERJİ A.Ş. - Özel Durum Açıklaması (Genel),Özel Durum Açıklaması (Genel) Pay Geri Alım Programın başlatılması hk.,https://www.kap.org.tr/tr/Bildirim/1575256,tr,2026-03-24T18:36:40+00:00
2026-03-24,HALKB,KAP,TÜRKİYE HALK BANKASI A.Ş. - Pay Dışında Sermaye Piyasası Aracı İşlemlerine İlişkin Bildirim (Faiz İçeren),Pay Dışında Sermaye Piyasası Aracı İşlemlerine İlişkin Bildirim (Faiz İçeren) Yurtdışı Piyasalara İlave Ana Sermayeye Dahil Edilebilir Tahvil İhracına İlişkin SPK Onayı,https://www.kap.org.tr/tr/Bildirim/1575205,tr,2026-03-24T18:05:39+00:00
2026-03-24,HKTM,KAP,HİDROPAR HAREKET KONTROL TEKNOLOJİLERİ MERKEZİ SANAYİ VE TİCARET A.Ş. - Esas Sözleşme Tadili,Esas Sözleşme Tadili Esas Sözleşmenin Yönetim Kurulu ve Süresi Başlıklı 7. Maddesinin Tadiline İlişkin Karar.,https://www.kap.org.tr/tr/Bildirim/1575131,tr,2026-03-24T17:00:31+00:00
2026-03-24,IEYHO,KAP,IŞIKLAR ENERJİ VE YAPI HOLDİNG A.Ş. - Şirket Genel Bilgi Formu,Şirket Genel Bilgi Formu,https://www.kap.org.tr/tr/Bildirim/1575304,tr,2026-03-24T21:12:20+00:00
2026-03-24,IEYHO,KAP,IŞIKLAR ENERJİ VE YAPI HOLDİNG A.Ş. - Özel Durum Açıklaması (Genel),Özel Durum Açıklaması (Genel) İştirakimizin Sermaye Artırımı Hk.da,https://www.kap.org.tr/tr/Bildirim/1575303,tr,2026-03-24T21:12:09+00:00
2026-03-24,INVEO,KAP,INVEO YATIRIM HOLDİNG A.Ş. - Şirket Genel Bilgi Formu,Şirket Genel Bilgi Formu,https://www.kap.org.tr/tr/Bildirim/1575242,tr,2026-03-24T18:25:45+00:00
2026-03-24,INVEO,KAP,INVEO YATIRIM HOLDİNG A.Ş. - Özel Durum Açıklaması (Genel),"Özel Durum Açıklaması (Genel) Misyon Yatırım Bankası AŞnin Sermaye Artırımı Tescili Hk. MSY, MSYBN",https://www.kap.org.tr/tr/Bildirim/1575236,tr,2026-03-24T18:24:22+00:00
2026-03-24,ISFAK,KAP,İŞ FAKTORİNG A.Ş. - Genel Kurul Bildirimi,Genel Kurul Bildirimi 2025 Yılı Olağan Genel Kurul Toplantısı Sonucu,https://www.kap.org.tr/tr/Bildirim/1575178,tr,2026-03-24T17:30:14+00:00
2026-03-24,ISGSY,KAP,İŞ GİRİŞİM SERMAYESİ YATIRIM ORTAKLIĞI A.Ş. - Sermaye Artırımı - Azaltımı İşlemlerine İlişkin Bildirim,Sermaye Artırımı - Azaltımı İşlemlerine İlişkin Bildirim Bedelsiz Sermaye Artırımı Kararı,https://www.kap.org.tr/tr/Bildirim/1575212,tr,2026-03-24T18:12:52+00:00
2026-03-24,ISGYO,KAP,İŞ GAYRİMENKUL YATIRIM ORTAKLIĞI A.Ş. - Özel Durum Açıklaması (Genel),Özel Durum Açıklaması (Genel) Yönetim Kurulu Görev Dağılımı,https://www.kap.org.tr/tr/Bildirim/1575121,tr,2026-03-24T16:54:33+00:00
2026-03-24,ISGYO,KAP,İŞ GAYRİMENKUL YATIRIM ORTAKLIĞI A.Ş. - Kar Payı Dağıtım İşlemlerine İlişkin Bildirim,Kar Payı Dağıtım İşlemlerine İlişkin Bildirim 2025 Yılı Kar Payı Dağıtımına İlişkin Genel Kurul Kararı,https://www.kap.org.tr/tr/Bildirim/1575119,tr,2026-03-24T16:54:03+00:00
2026-03-24,ISGYO,KAP,İŞ GAYRİMENKUL YATIRIM ORTAKLIĞI A.Ş. - Bağımsız Denetim Kuruluşunun Belirlenmesi,Bağımsız Denetim Kuruluşunun Belirlenmesi Bağımsız Denetim Kuruluşunun Belirlenmesi,https://www.kap.org.tr/tr/Bildirim/1575113,tr,2026-03-24T16:46:06+00:00
2026-03-24,ISGYO,KAP,İŞ GAYRİMENKUL YATIRIM ORTAKLIĞI A.Ş. - Genel Kurul İşlemlerine İlişkin Bildirim,Genel Kurul İşlemlerine İlişkin Bildirim 2025 Yılına İlişkin Olağan Genel Kurul Toplantı Sonucu,https://www.kap.org.tr/tr/Bildirim/1575112,tr,2026-03-24T16:45:48+00:00
2026-03-24,ISKPL,KAP,IŞIK PLASTİK SANAYİ VE DIŞ TİCARET PAZARLAMA A.Ş. - Genel Kurul İşlemlerine İlişkin Bildirim,Genel Kurul İşlemlerine İlişkin Bildirim 2025 Olağan Genel Kurul 24 Mart 2026 tarihinde yapılmıştır.,https://www.kap.org.tr/tr/Bildirim/1575302,tr,2026-03-24T21:04:25+00:00
2026-03-24,ISMEN,KAP,İŞ YATIRIM MENKUL DEĞERLER A.Ş. - Piyasa Yapıcılığı Kapsamında Gerçekleştirilen İşlemler Bildirimi,Piyasa Yapıcılığı Kapsamında Gerçekleştirilen İşlemler Bildirimi Borsa Yatırım Fonu Piyasa Yapıcılığı İşlemleri ISGLK,https://www.kap.org.tr/tr/Bildirim/1575153,tr,2026-03-24T17:11:27+00:00
2026-03-24,ISMEN,KAP,İŞ YATIRIM MENKUL DEĞERLER A.Ş. - Yatırım Kuruluşu Varant - Sertifika - Senetlerine İlişkin Bildirim,Yatırım Kuruluşu Varant - Sertifika - Senetlerine İlişkin Bildirim İş Yatırım Sertifika ve Varant Alım Satım İşlemleri,https://www.kap.org.tr/tr/Bildirim/1575152,tr,2026-03-24T17:10:44+00:00
2026-03-24,ISMEN,KAP,İŞ YATIRIM MENKUL DEĞERLER A.Ş. - İhraç Tavanına İlişkin Bildirim,İhraç Tavanına İlişkin Bildirim Borçlanma Tavanı Başvurusu Sermaye Piyasası Kurulu Onayı,https://www.kap.org.tr/tr/Bildirim/1575101,tr,2026-03-24T16:37:41+00:00
2026-03-24,ISMEN,KAP,İŞ YATIRIM MENKUL DEĞERLER A.Ş. - İhraç Belgesi,İhraç Belgesi Borçlanma Tavanı Başvurusu Sermaye Piyasası Kurulu Onayı,https://www.kap.org.tr/tr/Bildirim/1575099,tr,2026-03-24T16:36:49+00:00
2026-03-24,IYM,KAP,İŞ YATIRIM MENKUL DEĞERLER A.Ş. - Piyasa Yapıcılığı Kapsamında Gerçekleştirilen İşlemler Bildirimi,Piyasa Yapıcılığı Kapsamında Gerçekleştirilen İşlemler Bildirimi Borsa Yatırım Fonu Piyasa Yapıcılığı İşlemleri ISGLK,https://www.kap.org.tr/tr/Bildirim/1575153,tr,2026-03-24T17:11:27+00:00
2026-03-24,IYM,KAP,İŞ YATIRIM MENKUL DEĞERLER A.Ş. - Yatırım Kuruluşu Varant - Sertifika - Senetlerine İlişkin Bildirim,Yatırım Kuruluşu Varant - Sertifika - Senetlerine İlişkin Bildirim İş Yatırım Sertifika ve Varant Alım Satım İşlemleri,https://www.kap.org.tr/tr/Bildirim/1575152,tr,2026-03-24T17:10:44+00:00
2026-03-24,IYM,KAP,İŞ YATIRIM MENKUL DEĞERLER A.Ş. - İhraç Tavanına İlişkin Bildirim,İhraç Tavanına İlişkin Bildirim Borçlanma Tavanı Başvurusu Sermaye Piyasası Kurulu Onayı,https://www.kap.org.tr/tr/Bildirim/1575101,tr,2026-03-24T16:37:41+00:00
2026-03-24,IYM,KAP,İŞ YATIRIM MENKUL DEĞERLER A.Ş. - İhraç Belgesi,İhraç Belgesi Borçlanma Tavanı Başvurusu Sermaye Piyasası Kurulu Onayı,https://www.kap.org.tr/tr/Bildirim/1575099,tr,2026-03-24T16:36:49+00:00
2026-03-24,KAREL,KAP,KAREL ELEKTRONİK SANAYİ VE TİCARET A.Ş. - TSRS Uyumlu Sürdürülebilirlik Raporu,TSRS Uyumlu Sürdürülebilirlik Raporu 2025 Yılı TSRS Uyumlu Sürdürülebilirlik Raporu,https://www.kap.org.tr/tr/Bildirim/1575259,tr,2026-03-24T18:40:34+00:00
2026-03-24,KGYO,KAP,KORAY GAYRİMENKUL YATIRIM ORTAKLIĞI A.Ş. - İlişkili Taraf İşlemleri,İlişkili Taraf İşlemleri Pay Satım Bildirimi Hk.,https://www.kap.org.tr/tr/Bildirim/1575204,tr,2026-03-24T18:02:07+00:00
2026-03-24,KLSYN,KAP,KOLEKSİYON MOBİLYA SANAYİ A.Ş. - Geri Alınan Payların Elden Çıkarılması,Geri Alınan Payların Elden Çıkarılması Geri Alınan Payların Elden Çıkarılması,https://www.kap.org.tr/tr/Bildirim/1575284,tr,2026-03-24T19:24:14+00:00
2026-03-24,KLSYN,KAP,KOLEKSİYON MOBİLYA SANAYİ A.Ş. - Geri Alınan Payların Elden Çıkarılması,Geri Alınan Payların Elden Çıkarılması Revize-Geri Alınan Payların Elden Çıkarılması,https://www.kap.org.tr/tr/Bildirim/1575262,tr,2026-03-24T18:42:32+00:00
2026-03-24,KORTS,KAP,KORTEKS MENSUCAT SANAYİ VE TİCARET A.Ş. - Pay Dışında Sermaye Piyasası Aracı İşlemlerine İlişkin Bildirim (Faiz İçeren),Pay Dışında Sermaye Piyasası Aracı İşlemlerine İlişkin Bildirim (Faiz İçeren) TRSKORTE2610 ISIN kodlu Korteks ihracının 3. kupon dönemine ilişkin faiz oranı açıklaması,https://www.kap.org.tr/tr/Bildirim/1575092,tr,2026-03-24T16:26:42+00:00
2026-03-24,KRGYO,KAP,KÖRFEZ GAYRİMENKUL YATIRIM ORTAKLIĞI A.Ş. - Kayıtlı Sermaye Tavanı İşlemlerine İlişkin Bildirim,"Kayıtlı Sermaye Tavanı İşlemlerine İlişkin Bildirim Şirketimizin 2025 yılı olağan genel kurulu 24.03.2026 tarihinde gerçekleştirilmiş olup,kayıtlı sermaye tavanı gündemine ilişkin madde görüşülerek kabul edilmiştir.",https://www.kap.org.tr/tr/Bildirim/1575097,tr,2026-03-24T16:35:27+00:00
2026-03-24,KRGYO,KAP,KÖRFEZ GAYRİMENKUL YATIRIM ORTAKLIĞI A.Ş. - Kar Dağıtım Politikası,Kar Dağıtım Politikası Güncellenen Kar Dağıtım Politikasının Genel Kurulda Onaylanması,https://www.kap.org.tr/tr/Bildirim/1575096,tr,2026-03-24T16:35:17+00:00
2026-03-24,KRGYO,KAP,KÖRFEZ GAYRİMENKUL YATIRIM ORTAKLIĞI A.Ş. - Kar Payı Dağıtım İşlemlerine İlişkin Bildirim,"Kar Payı Dağıtım İşlemlerine İlişkin Bildirim Şirketimizin 2025 yılı olağan genel kurulu 24.03.2026 tarihinde gerçekleştirilmiş olup, kar dağıtımı gündemine ilişkin madde görüşülerek kabul edilmiştir.",https://www.kap.org.tr/tr/Bildirim/1575095,tr,2026-03-24T16:35:07+00:00
2026-03-24,KRGYO,KAP,KÖRFEZ GAYRİMENKUL YATIRIM ORTAKLIĞI A.Ş. - Genel Kurul İşlemlerine İlişkin Bildirim,Genel Kurul İşlemlerine İlişkin Bildirim Şirketimizin 2025 yılı olağan genel kurulu 24.03.2026 tarihinde gerçekleştirilmiştir.,https://www.kap.org.tr/tr/Bildirim/1575089,tr,2026-03-24T16:17:06+00:00
2026-03-24,KZBGY,KAP,KIZILBÜK GAYRİMENKUL YATIRIM ORTAKLIĞI A.Ş. - Finansal Duran Varlık Edinimi,Finansal Duran Varlık Edinimi Finansal Duran Varlık Edinimi,https://www.kap.org.tr/tr/Bildirim/1575287,tr,2026-03-24T19:28:43+00:00
2026-03-24,LILAK,KAP,LİLA KAĞIT SANAYİ VE TİCARET A.Ş. - Özel Durum Açıklaması (Genel),Özel Durum Açıklaması (Genel) Toplu İş Sözleşmesi Görüşmeleri Hakkında Açıklama,https://www.kap.org.tr/tr/Bildirim/1575227,tr,2026-03-24T18:17:36+00:00
2026-03-24,LILAK,KAP,LİLA KAĞIT SANAYİ VE TİCARET A.Ş. - Bağımsız Denetim Kuruluşunun Belirlenmesi,Bağımsız Denetim Kuruluşunun Belirlenmesi Bağımsız denetim kuruluşunun Genel Kurul'ca onaylanması,https://www.kap.org.tr/tr/Bildirim/1575191,tr,2026-03-24T17:45:30+00:00
2026-03-24,LILAK,KAP,LİLA KAĞIT SANAYİ VE TİCARET A.Ş. - Kar Payı Dağıtım İşlemlerine İlişkin Bildirim,Kar Payı Dağıtım İşlemlerine İlişkin Bildirim 2025 Yılı Olağan Genel Kurulu toplantısında onaylanan Kar Payı Dağıtım Kararı,https://www.kap.org.tr/tr/Bildirim/1575190,tr,2026-03-24T17:44:06+00:00
2026-03-24,LILAK,KAP,LİLA KAĞIT SANAYİ VE TİCARET A.Ş. - Genel Kurul İşlemlerine İlişkin Bildirim,Genel Kurul İşlemlerine İlişkin Bildirim 2025 Yılına ait Olağan Genel Kurul Sonucu,https://www.kap.org.tr/tr/Bildirim/1575177,tr,2026-03-24T17:28:48+00:00
2026-03-24,LINK,KAP,LİNK BİLGİSAYAR SİSTEMLERİ YAZILIMI VE DONANIMI SANAYİ VE TİCARET A.Ş. - Özel Durum Açıklaması (Genel),Özel Durum Açıklaması (Genel) TÜBİTAK Proje Başvurusu Hk.,https://www.kap.org.tr/tr/Bildirim/1575222,tr,2026-03-24T18:16:03+00:00
2026-03-24,MANAS,KAP,MANAS ENERJİ YÖNETİMİ SANAYİ VE TİCARET A.Ş. - Sermaye Artırımı - Azaltımı İşlemlerine İlişkin Bildirim,Sermaye Artırımı - Azaltımı İşlemlerine İlişkin Bildirim Bedelli Sermaye Artırırmı- Esas Sözleşme Değişikliği,https://www.kap.org.tr/tr/Bildirim/1575210,tr,2026-03-24T18:11:49+00:00
2026-03-24,MARKA,KAP,MARKA YATIRIM HOLDİNG A.Ş. - Şirket Genel Bilgi Formu,Şirket Genel Bilgi Formu,https://www.kap.org.tr/tr/Bildirim/1575330,tr,2026-03-24T23:16:15+00:00
2026-03-24,MARKA,KAP,MARKA YATIRIM HOLDİNG A.Ş. - Özel Durum Açıklaması (Genel),Özel Durum Açıklaması (Genel) Yatırımcı İlişkileri Yöneticisi Görevden Ayrılma Hakkında,https://www.kap.org.tr/tr/Bildirim/1575329,tr,2026-03-24T23:15:47+00:00
2026-03-24,MARKA,KAP,MARKA YATIRIM HOLDİNG A.Ş. - Kar Payı Dağıtım İşlemlerine İlişkin Bildirim,Kar Payı Dağıtım İşlemlerine İlişkin Bildirim Kar payı dağıtım işlemleri hakkında,https://www.kap.org.tr/tr/Bildirim/1575328,tr,2026-03-24T23:06:10+00:00
2026-03-24,MARKA,KAP,MARKA YATIRIM HOLDİNG A.Ş. - Genel Kurul İşlemlerine İlişkin Bildirim,"Genel Kurul İşlemlerine İlişkin Bildirim 2023,2024 Yılları Olağanüstü Genel Kurul Toplantısı Sonuçları Hakkında",https://www.kap.org.tr/tr/Bildirim/1575327,tr,2026-03-24T23:01:18+00:00
2026-03-24,MAVI,KAP,MAVİ GİYİM SANAYİ VE TİCARET A.Ş. - Payların Geri Alınmasına İlişkin Bildirim,Payların Geri Alınmasına İlişkin Bildirim 24.03.2026 Tarihli Pay Geri Alım İşlemleri,https://www.kap.org.tr/tr/Bildirim/1575243,tr,2026-03-24T18:26:53+00:00
2026-03-24,MEPET,KAP,MEPET METRO PETROL VE TESİSLERİ SANAYİ TİCARET A.Ş. - Payların Geri Alınmasına İlişkin Bildirim,Payların Geri Alınmasına İlişkin Bildirim Geri Alım Hakkında,https://www.kap.org.tr/tr/Bildirim/1575285,tr,2026-03-24T19:26:20+00:00
2026-03-24,MEPET,KAP,MEPET METRO PETROL VE TESİSLERİ SANAYİ TİCARET A.Ş. - Payların Geri Alınmasına İlişkin Bildirim,Payların Geri Alınmasına İlişkin Bildirim Pay Geri Alım Programının Revizesine İlişkin Yönetim Kurulu Kararı Hakkında.,https://www.kap.org.tr/tr/Bildirim/1575278,tr,2026-03-24T19:09:37+00:00
2026-03-24,MIATK,KAP,MİA TEKNOLOJİ A.Ş. - Pay Satış Bilgi Formu,Pay Satış Bilgi Formu Pay Satış Bilgi Formu SPK Başvuru Hk. LINK,https://www.kap.org.tr/tr/Bildirim/1575215,tr,2026-03-24T18:14:15+00:00
2026-03-24,MRBAS,KAP,MARBAŞ MENKUL DEĞERLER A.Ş. - Özel Durum Açıklaması (Genel),"Özel Durum Açıklaması (Genel) Misyon Yatırım Bankası A.Ş. Sermaye Artırımına İştirak Edilmesi ve Tescili Hakkında MSY, MSYBN",https://www.kap.org.tr/tr/Bildirim/1575239,tr,2026-03-24T18:25:23+00:00
2026-03-24,MRS,KAP,MARBAŞ MENKUL DEĞERLER A.Ş. - Özel Durum Açıklaması (Genel),"Özel Durum Açıklaması (Genel) Misyon Yatırım Bankası A.Ş. Sermaye Artırımına İştirak Edilmesi ve Tescili Hakkında MSY, MSYBN",https://www.kap.org.tr/tr/Bildirim/1575239,tr,2026-03-24T18:25:23+00:00
2026-03-24,OYA,KAP,OYAK YATIRIM MENKUL DEĞERLER A.Ş. - Piyasa Yapıcılığı Kapsamında Gerçekleştirilen İşlemler Bildirimi,Piyasa Yapıcılığı Kapsamında Gerçekleştirilen İşlemler Bildirimi 24/03/2026 TARİHLİ OYAYO PİYASA YAPICILIĞI İŞLEMLERİ OYAYO,https://www.kap.org.tr/tr/Bildirim/1575265,tr,2026-03-24T18:44:36+00:00
2026-03-24,OYAKC,KAP,OYAK ÇİMENTO FABRİKALARI A.Ş. - İhraç Tavanına İlişkin Bildirim,İhraç Tavanına İlişkin Bildirim Borçlanma Aracı İhraç Edilmesi Hakkında Karar Alınması,https://www.kap.org.tr/tr/Bildirim/1575282,tr,2026-03-24T19:19:19+00:00
2026-03-24,OYAKC,KAP,OYAK ÇİMENTO FABRİKALARI A.Ş. - Bağımsız Denetim Kuruluşunun Belirlenmesi,Bağımsız Denetim Kuruluşunun Belirlenmesi 2026 Yılı TSRS Uyumlu Sürdürülebilirlik Raporlanının Güvence Denetimi Kuruluşunun Belirlenmesi,https://www.kap.org.tr/tr/Bildirim/1575281,tr,2026-03-24T19:19:09+00:00
2026-03-24,OYYAT,KAP,OYAK YATIRIM MENKUL DEĞERLER A.Ş. - Piyasa Yapıcılığı Kapsamında Gerçekleştirilen İşlemler Bildirimi,Piyasa Yapıcılığı Kapsamında Gerçekleştirilen İşlemler Bildirimi 24/03/2026 TARİHLİ OYAYO PİYASA YAPICILIĞI İŞLEMLERİ OYAYO,https://www.kap.org.tr/tr/Bildirim/1575265,tr,2026-03-24T18:44:36+00:00
2026-03-24,PEKGY,KAP,PEKER GAYRİMENKUL YATIRIM ORTAKLIĞI A.Ş. - Şirket Genel Bilgi Formu,Şirket Genel Bilgi Formu,https://www.kap.org.tr/tr/Bildirim/1575218,tr,2026-03-24T18:14:47+00:00
2026-03-24,PEKGY,KAP,PEKER GAYRİMENKUL YATIRIM ORTAKLIĞI A.Ş. - Özel Durum Açıklaması (Genel),Özel Durum Açıklaması (Genel) Bağlı Ortaklıkların Unvan Değişiklikleri,https://www.kap.org.tr/tr/Bildirim/1575217,tr,2026-03-24T18:14:30+00:00
2026-03-24,PENGD,KAP,PENGUEN GIDA SANAYİ A.Ş. - Yeni İş İlişkisi,Yeni İş İlişkisi Yurt Dışı Satış Bağlantısı,https://www.kap.org.tr/tr/Bildirim/1575295,tr,2026-03-24T20:23:49+00:00
2026-03-24,PGSUS,KAP,PEGASUS HAVA TAŞIMACILIĞI A.Ş. - Özel Durum Açıklaması (Genel),Özel Durum Açıklaması (Genel) Bağımsız Yönetim Kurulu Üye Adayı,https://www.kap.org.tr/tr/Bildirim/1575322,tr,2026-03-24T22:01:18+00:00
2026-03-24,QFINF,KAP,Q FİNANS FAKTORİNG A.Ş. - Pay Dışında Sermaye Piyasası Aracı İşlemlerine İlişkin Bildirim (Faiz İçeren),Pay Dışında Sermaye Piyasası Aracı İşlemlerine İlişkin Bildirim (Faiz İçeren) TRFQFNS32611 ISIN Kodlu Tahvilin Kupon Faiz Oranı Hakkında,https://www.kap.org.tr/tr/Bildirim/1575286,tr,2026-03-24T19:26:27+00:00
2026-03-24,QYHOL,KAP,Q YATIRIM HOLDİNG A.Ş. - Pay Dışında Sermaye Piyasası Aracı İşlemlerine İlişkin Bildirim (Faiz İçeren),Pay Dışında Sermaye Piyasası Aracı İşlemlerine İlişkin Bildirim (Faiz İçeren) TRSQYHL32620 ISIN No'lu Kıymetin İtfası,https://www.kap.org.tr/tr/Bildirim/1575326,tr,2026-03-24T22:54:35+00:00
2026-03-24,SEGYO,KAP,ŞEKER GAYRİMENKUL YATIRIM ORTAKLIĞI A.Ş. - Özel Durum Açıklaması (Genel),Özel Durum Açıklaması (Genel) Gayrimenkuller Üzerindeki İpotek Kaldırımı Hk.,https://www.kap.org.tr/tr/Bildirim/1575209,tr,2026-03-24T18:11:14+00:00
2026-03-24,SVGYO,KAP,SAVUR GAYRİMENKUL YATIRIM ORTAKLIĞI A.Ş. - Şirket Genel Bilgi Formu,Şirket Genel Bilgi Formu,https://www.kap.org.tr/tr/Bildirim/1575120,tr,2026-03-24T16:54:22+00:00
2026-03-24,SVGYO,KAP,SAVUR GAYRİMENKUL YATIRIM ORTAKLIĞI A.Ş. - Şirket Genel Bilgi Formu,Şirket Genel Bilgi Formu,https://www.kap.org.tr/tr/Bildirim/1575114,tr,2026-03-24T16:48:29+00:00
2026-03-24,SVGYO,KAP,SAVUR GAYRİMENKUL YATIRIM ORTAKLIĞI A.Ş. - Özel Durum Açıklaması (Genel),Özel Durum Açıklaması (Genel) Üst düzey yönetici ataması hk.,https://www.kap.org.tr/tr/Bildirim/1575102,tr,2026-03-24T16:37:51+00:00
2026-03-24,TATEN,KAP,TATLIPINAR ENERJİ ÜRETİM A.Ş. - Özel Durum Açıklaması (Genel),Özel Durum Açıklaması (Genel) Sürdürülebilirlik Denetçisi Seçimi,https://www.kap.org.tr/tr/Bildirim/1575154,tr,2026-03-24T17:11:39+00:00
2026-03-24,TERA,KAP,TERA YATIRIM MENKUL DEĞERLER A.Ş. - Geri Alınan Payların Elden Çıkarılması,Geri Alınan Payların Elden Çıkarılması Geri Alınan Payların Elden Çıkarılması,https://www.kap.org.tr/tr/Bildirim/1575290,tr,2026-03-24T20:15:42+00:00
2026-03-24,THL,KAP,TÜRKİYE HALK BANKASI A.Ş. - Pay Dışında Sermaye Piyasası Aracı İşlemlerine İlişkin Bildirim (Faiz İçeren),Pay Dışında Sermaye Piyasası Aracı İşlemlerine İlişkin Bildirim (Faiz İçeren) Yurtdışı Piyasalara İlave Ana Sermayeye Dahil Edilebilir Tahvil İhracına İlişkin SPK Onayı,https://www.kap.org.tr/tr/Bildirim/1575205,tr,2026-03-24T18:05:39+00:00
2026-03-24,TMSN,KAP,TÜMOSAN MOTOR VE TRAKTÖR SANAYİ A.Ş. - Kredi Derecelendirmesi,Kredi Derecelendirmesi Kredi Derecelendirme Bildirimi,https://www.kap.org.tr/tr/Bildirim/1575299,tr,2026-03-24T20:54:07+00:00
2026-03-24,TRA,KAP,TERA YATIRIM MENKUL DEĞERLER A.Ş. - Geri Alınan Payların Elden Çıkarılması,Geri Alınan Payların Elden Çıkarılması Geri Alınan Payların Elden Çıkarılması,https://www.kap.org.tr/tr/Bildirim/1575290,tr,2026-03-24T20:15:42+00:00
2026-03-24,TRKNT,KAP,TURKNET İLETİŞİM HİZMETLERİ A.Ş. - Pay Dışında Sermaye Piyasası Aracı İşlemlerine İlişkin Bildirim (Faiz İçeren),Pay Dışında Sermaye Piyasası Aracı İşlemlerine İlişkin Bildirim (Faiz İçeren) TRFTURKA2611 ISIN Kodlu Finansman Bonosunun 1. Kupon Ödemesi,https://www.kap.org.tr/tr/Bildirim/1575091,tr,2026-03-24T16:26:05+00:00
2026-03-24,TSGYO,KAP,TSKB GAYRİMENKUL YATIRIM ORTAKLIĞI A.Ş. - Şirket Genel Bilgi Formu,Şirket Genel Bilgi Formu,https://www.kap.org.tr/tr/Bildirim/1575195,tr,2026-03-24T17:54:10+00:00
2026-03-24,TSGYO,KAP,TSKB GAYRİMENKUL YATIRIM ORTAKLIĞI A.Ş. - Kayıtlı Sermaye Tavanı İşlemlerine İlişkin Bildirim,Kayıtlı Sermaye Tavanı İşlemlerine İlişkin Bildirim Kayıtlı Sermaye Tavanına İlişkin Genel Kurul Onayı,https://www.kap.org.tr/tr/Bildirim/1575184,tr,2026-03-24T17:38:09+00:00
2026-03-24,TSGYO,KAP,TSKB GAYRİMENKUL YATIRIM ORTAKLIĞI A.Ş. - Yönetim Kurulu Komiteleri,Yönetim Kurulu Komiteleri Yönetim Kurulu Komiteleri Görev Dağılımı,https://www.kap.org.tr/tr/Bildirim/1575173,tr,2026-03-24T17:26:26+00:00
2026-03-24,TSGYO,KAP,TSKB GAYRİMENKUL YATIRIM ORTAKLIĞI A.Ş. - Özel Durum Açıklaması (Genel),Özel Durum Açıklaması (Genel) Yönetim Kurulu Görev Dağılımı,https://www.kap.org.tr/tr/Bildirim/1575171,tr,2026-03-24T17:24:41+00:00
2026-03-24,TSGYO,KAP,TSKB GAYRİMENKUL YATIRIM ORTAKLIĞI A.Ş. - Bağımsız Denetim Kuruluşunun Belirlenmesi,Bağımsız Denetim Kuruluşunun Belirlenmesi Bağımsız Denetim Kuruluşu Seçimine İlişkin Genel Kurul Kararı,https://www.kap.org.tr/tr/Bildirim/1575169,tr,2026-03-24T17:23:45+00:00
2026-03-24,TSGYO,KAP,TSKB GAYRİMENKUL YATIRIM ORTAKLIĞI A.Ş. - Kar Payı Dağıtım İşlemlerine İlişkin Bildirim,Kar Payı Dağıtım İşlemlerine İlişkin Bildirim Kar Payı Dağıtımına İlişkin Genel Kurul Kararı,https://www.kap.org.tr/tr/Bildirim/1575168,tr,2026-03-24T17:22:44+00:00
2026-03-24,TSGYO,KAP,TSKB GAYRİMENKUL YATIRIM ORTAKLIĞI A.Ş. - Genel Kurul İşlemlerine İlişkin Bildirim,Genel Kurul İşlemlerine İlişkin Bildirim Olağan Genel Kurul Toplantısı Sonucu,https://www.kap.org.tr/tr/Bildirim/1575160,tr,2026-03-24T17:17:02+00:00
2026-03-24,TUPRS,KAP,TÜPRAŞ-TÜRKİYE PETROL RAFİNERİLERİ A.Ş. - Bağımsız Denetim Kuruluşunun Belirlenmesi,Bağımsız Denetim Kuruluşunun Belirlenmesi Bağımsız Denetim Kuruluşu Seçiminin Tescil ve İlanı,https://www.kap.org.tr/tr/Bildirim/1575233,tr,2026-03-24T18:19:31+00:00
2026-03-24,TUPRS,KAP,TÜPRAŞ-TÜRKİYE PETROL RAFİNERİLERİ A.Ş. - Genel Kurul İşlemlerine İlişkin Bildirim,Genel Kurul İşlemlerine İlişkin Bildirim Olağan Genel Kurul Kararlarının Tescili,https://www.kap.org.tr/tr/Bildirim/1575232,tr,2026-03-24T18:19:17+00:00
2026-03-24,UCAYM,KAP,ÜÇAY MÜHENDİSLİK ENERJİ VE İKLİMLENDİRME TEKNOLOJİLERİ A.Ş. - Halka Arz Fiyatının Belirlenmesinde Esas Alınan Varsayımlara İlişkin Değerlendirme Raporu,Halka Arz Fiyatının Belirlenmesinde Esas Alınan Varsayımlara İlişkin Değerlendirme Raporu Halka Arz Fiyatının Belirlenmesinde Esas Alınan Varsayımlara İlişkin Değerlendirme Raporu,https://www.kap.org.tr/tr/Bildirim/1575257,tr,2026-03-24T18:38:09+00:00
2026-03-24,ULUFA,KAP,ULUSAL FAKTORİNG A.Ş. - Bağımsız Denetim Kuruluşunun Belirlenmesi,Bağımsız Denetim Kuruluşunun Belirlenmesi Bağımsız Denetim Kuruluşu seçiminin Genel Kurul'ca onaylanması,https://www.kap.org.tr/tr/Bildirim/1575266,tr,2026-03-24T18:47:12+00:00
2026-03-24,ULUFA,KAP,ULUSAL FAKTORİNG A.Ş. - Kar Payı Dağıtım İşlemlerine İlişkin Bildirim,Kar Payı Dağıtım İşlemlerine İlişkin Bildirim Yönetim Kurulu'nun 2025 Faaliyet Yılı Kar Dağıtımına İlişkin Genel Kurul Kararı,https://www.kap.org.tr/tr/Bildirim/1575261,tr,2026-03-24T18:41:58+00:00
2026-03-24,ULUFA,KAP,ULUSAL FAKTORİNG A.Ş. - Genel Kurul İşlemlerine İlişkin Bildirim,Genel Kurul İşlemlerine İlişkin Bildirim 2025 Yılı Olağan Genel Kurul Toplantısı Sonucu,https://www.kap.org.tr/tr/Bildirim/1575251,tr,2026-03-24T18:30:42+00:00
2026-03-24,UMPAS,KAP,UMPAŞ HOLDİNG A.Ş. - Özel Durum Açıklaması (Genel),Özel Durum Açıklaması (Genel) Finansal Raporlama Süreci Hakkında,https://www.kap.org.tr/tr/Bildirim/1575273,tr,2026-03-24T19:06:27+00:00
2026-03-24,UMPAS,KAP,UMPAŞ HOLDİNG A.Ş. - Özel Durum Açıklaması (Genel),Özel Durum Açıklaması (Genel) İştirakimiz Seranova Seramik Üretim Süreci Hakkında,https://www.kap.org.tr/tr/Bildirim/1575272,tr,2026-03-24T19:05:03+00:00
2026-03-24,VAKFA,KAP,VAKIF FAKTORİNG A.Ş. - Kar Payı Dağıtım İşlemlerine İlişkin Bildirim,Kar Payı Dağıtım İşlemlerine İlişkin Bildirim 2025 Yılı Kar Dağıtım Tablosu,https://www.kap.org.tr/tr/Bildirim/1575324,tr,2026-03-24T22:15:33+00:00
2026-03-24,VAKFA,KAP,VAKIF FAKTORİNG A.Ş. - Genel Kurul İşlemlerine İlişkin Bildirim,Genel Kurul İşlemlerine İlişkin Bildirim Vakıf Faktoring A.Ş. 2025 Yılı Olağan Genel Kurul Toplantı Çağrısı ve Gündemi Hakkında,https://www.kap.org.tr/tr/Bildirim/1575323,tr,2026-03-24T22:15:23+00:00
2026-03-24,VKFYO,KAP,VAKIF MENKUL KIYMET YATIRIM ORTAKLIĞI A.Ş. - Özel Durum Açıklaması (Genel),"Özel Durum Açıklaması (Genel) Şirketimizin BİAŞ'da oluşan ağırlıklı ortalama fiyatın, pay başına net aktif değerin 2 katını aşması sebebiyle yapılan açıklamadır.",https://www.kap.org.tr/tr/Bildirim/1575289,tr,2026-03-24T19:31:52+00:00
2026-03-24,YKB,KAP,YAPI VE KREDİ BANKASI A.Ş. - Pay Dışında Sermaye Piyasası Aracı İşlemlerine İlişkin Bildirim (Faiz İçeren),Pay Dışında Sermaye Piyasası Aracı İşlemlerine İlişkin Bildirim (Faiz İçeren) Özkaynak hesaplamasına dahil edilebilir nitelikte yurtiçinde ihraç edilen borçlanma aracının kupon oranı,https://www.kap.org.tr/tr/Bildirim/1575139,tr,2026-03-24T17:03:12+00:00
2026-03-24,YKBNK,KAP,YAPI VE KREDİ BANKASI A.Ş. - Pay Dışında Sermaye Piyasası Aracı İşlemlerine İlişkin Bildirim (Faiz İçeren),Pay Dışında Sermaye Piyasası Aracı İşlemlerine İlişkin Bildirim (Faiz İçeren) Özkaynak hesaplamasına dahil edilebilir nitelikte yurtiçinde ihraç edilen borçlanma aracının kupon oranı,https://www.kap.org.tr/tr/Bildirim/1575139,tr,2026-03-24T17:03:12+00:00
2026-03-24,YKFKT,KAP,YAPI KREDİ FAKTORİNG A.Ş. - Pay Dışında Sermaye Piyasası Aracı İşlemlerine İlişkin Bildirim (Faiz İçeren),Pay Dışında Sermaye Piyasası Aracı İşlemlerine İlişkin Bildirim (Faiz İçeren) TRFYAKF92621 ISIN kodlu bono ihracı,https://www.kap.org.tr/tr/Bildirim/1575258,tr,2026-03-24T18:39:21+00:00
2026-03-24,YKFKT,KAP,YAPI KREDİ FAKTORİNG A.Ş. - Genel Kurul Bildirimi,Genel Kurul Bildirimi 2025 Yılı Olağan Genel Kurul Tescili ve Bildirimi,https://www.kap.org.tr/tr/Bildirim/1575186,tr,2026-03-24T17:40:27+00:00
2026-03-25,ADEL,KAP,ADEL KALEMCİLİK TİCARET VE SANAYİ A.Ş. - Pay Dışında Sermaye Piyasası Aracı İşlemlerine İlişkin Bildirim (Faiz İçeren),Pay Dışında Sermaye Piyasası Aracı İşlemlerine İlişkin Bildirim (Faiz İçeren) TRSADEL92611 ISIN Kodlu Tahvilin 3. Kupon Ödemesi,https://www.kap.org.tr/tr/Bildirim/1575888,tr,2026-03-25T20:56:52+00:00
2026-03-25,AFB,KAP,AKTİF YATIRIM BANKASI A.Ş. - Pay Dışında Sermaye Piyasası Aracı İşlemlerine İlişkin Bildirim (Faiz İçeren),Pay Dışında Sermaye Piyasası Aracı İşlemlerine İlişkin Bildirim (Faiz İçeren) İtfa Ödemesinin Gerçekleşmesi,https://www.kap.org.tr/tr/Bildirim/1575615,tr,2026-03-25T16:40:24+00:00
2026-03-25,AFB,KAP,AKTİF YATIRIM BANKASI A.Ş. - Pay Dışında Sermaye Piyasası Aracı İşlemlerine İlişkin Bildirim (Faiz İçeren),Pay Dışında Sermaye Piyasası Aracı İşlemlerine İlişkin Bildirim (Faiz İçeren) Kupon Oranı Belirlenmesi,https://www.kap.org.tr/tr/Bildirim/1575609,tr,2026-03-25T16:35:07+00:00
2026-03-25,AFB,KAP,AKTİF YATIRIM BANKASI A.Ş. - Genel Kurul Bildirimi,Genel Kurul Bildirimi Olağan Genel Kurul Toplantısı Hk.,https://www.kap.org.tr/tr/Bildirim/1575500,tr,2026-03-25T14:57:34+00:00
2026-03-25,AGESA,KAP,AGESA HAYAT VE EMEKLİLİK A.Ş. - Payların Geri Alınmasına İlişkin Bildirim,Payların Geri Alınmasına İlişkin Bildirim Günlük Pay Geri Alım İşlemleri,https://www.kap.org.tr/tr/Bildirim/1575889,tr,2026-03-25T20:59:27+00:00
2026-03-25,AGHOL,KAP,AG ANADOLU GRUBU HOLDİNG A.Ş. - Pay Dışında Sermaye Piyasası Aracı İşlemlerine İlişkin Bildirim (Faiz İçeren),Pay Dışında Sermaye Piyasası Aracı İşlemlerine İlişkin Bildirim (Faiz İçeren) TRFYAZI62618 ISIN Kodlu tahvilin üçüncü kupon faiz oranı hakkında,https://www.kap.org.tr/tr/Bildirim/1575768,tr,2026-03-25T18:15:44+00:00
2026-03-25,AHGAZ,KAP,AHLATCI DOĞAL GAZ DAĞITIM ENERJİ VE YATIRIM A.Ş. - Bağımsız Denetim Kuruluşunun Belirlenmesi,Bağımsız Denetim Kuruluşunun Belirlenmesi Finansal Raporların İlanı Amacıyla Sermaye Piyasası Kurulu'ndan Ek Süre Talep Edilmesi ve Yeni Bağımsız Denetim Kuruluşunun Belirlenmesi Hk.,https://www.kap.org.tr/tr/Bildirim/1575831,tr,2026-03-25T18:31:31+00:00
2026-03-25,AHGAZ,KAP,AHLATCI DOĞAL GAZ DAĞITIM ENERJİ VE YATIRIM A.Ş. - Payların Geri Alınmasına İlişkin Bildirim,Payların Geri Alınmasına İlişkin Bildirim 25.03.2026 Tarihli Pay Geri Alım İşlemleri,https://www.kap.org.tr/tr/Bildirim/1575830,tr,2026-03-25T18:30:25+00:00
2026-03-25,AHGAZ,KAP,AHLATCI DOĞAL GAZ DAĞITIM ENERJİ VE YATIRIM A.Ş. - Özel Durum Açıklaması (Genel),Özel Durum Açıklaması (Genel) Dolaylı Bağlı Ortaklığımız Ahlatcı Altın İşletmeleri A.Ş. Hk.,https://www.kap.org.tr/tr/Bildirim/1575496,tr,2026-03-25T14:40:41+00:00
2026-03-25,AKCVR,KAP,AKADEMİ ÇEVRE ENTEGRE ATIK YÖNETİMİ ENDÜSTRİ A.Ş. - Pay Dışında Sermaye Piyasası Aracı İşlemlerine İlişkin Bildirim (Faiz İçeren),Pay Dışında Sermaye Piyasası Aracı İşlemlerine İlişkin Bildirim (Faiz İçeren) Vadeye isabet eden faiz kararı ve yönetim kurulu karar tarihi revize edilmiştir.,https://www.kap.org.tr/tr/Bildirim/1575418,tr,2026-03-25T11:51:17+00:00
2026-03-25,AKCVR,KAP,AKADEMİ ÇEVRE ENTEGRE ATIK YÖNETİMİ ENDÜSTRİ A.Ş. - Pay Dışında Sermaye Piyasası Aracı İşlemlerine İlişkin Bildirim (Faiz İçeren),Pay Dışında Sermaye Piyasası Aracı İşlemlerine İlişkin Bildirim (Faiz İçeren) Finansman Bonosu İhracının Tamamlanması,https://www.kap.org.tr/tr/Bildirim/1575407,tr,2026-03-25T11:20:23+00:00
2026-03-25,AKCVR,KAP,AKADEMİ ÇEVRE ENTEGRE ATIK YÖNETİMİ ENDÜSTRİ A.Ş. - Pay Dışında Sermaye Piyasası Aracı İşlemlerine İlişkin Bildirim (Faiz İçeren),Pay Dışında Sermaye Piyasası Aracı İşlemlerine İlişkin Bildirim (Faiz İçeren) TRFAKAD32614 ISIN Kodlu Değişken Faizli Finansman Bonosu İtfası,https://www.kap.org.tr/tr/Bildirim/1575392,tr,2026-03-25T10:43:38+00:00
2026-03-25,AKDFA,KAP,AKDENİZ FAKTORİNG A.Ş. - Pay Dışında Sermaye Piyasası Aracı İşlemlerine İlişkin Bildirim (Faiz İçeren),"Pay Dışında Sermaye Piyasası Aracı İşlemlerine İlişkin Bildirim (Faiz İçeren) Akdeniz Faktoring A.Ş 22.09.2026 vadeli, 181 günlük 1 kupon ödemeli 30.000.000 TL Nominal bono ihracı (ISIN Kodu: TRFAKDN92611)",https://www.kap.org.tr/tr/Bildirim/1575336,tr,2026-03-25T08:28:36+00:00
2026-03-25,AKM,KAP,AK YATIRIM MENKUL DEĞERLER A.Ş. - Pay Dışında Sermaye Piyasası Aracı İşlemlerine İlişkin Bildirim (Faiz İçeren),Pay Dışında Sermaye Piyasası Aracı İşlemlerine İlişkin Bildirim (Faiz İçeren) Nitelikli Yatırımcıya Borçlanma Aracı İhracı,https://www.kap.org.tr/tr/Bildirim/1575384,tr,2026-03-25T10:27:23+00:00
2026-03-25,AKM,KAP,AK YATIRIM MENKUL DEĞERLER A.Ş. - Pay Dışında Sermaye Piyasası Aracı İşlemlerine İlişkin Bildirim (Faiz İçeren),Pay Dışında Sermaye Piyasası Aracı İşlemlerine İlişkin Bildirim (Faiz İçeren) TRFAKYM62661 Isın Kodlu Bono İhracı Hakkında,https://www.kap.org.tr/tr/Bildirim/1575383,tr,2026-03-25T10:27:15+00:00
2026-03-25,AKMEN,KAP,AK YATIRIM MENKUL DEĞERLER A.Ş. - Pay Dışında Sermaye Piyasası Aracı İşlemlerine İlişkin Bildirim (Faiz İçeren),Pay Dışında Sermaye Piyasası Aracı İşlemlerine İlişkin Bildirim (Faiz İçeren) Nitelikli Yatırımcıya Borçlanma Aracı İhracı,https://www.kap.org.tr/tr/Bildirim/1575384,tr,2026-03-25T10:27:23+00:00
2026-03-25,AKMEN,KAP,AK YATIRIM MENKUL DEĞERLER A.Ş. - Pay Dışında Sermaye Piyasası Aracı İşlemlerine İlişkin Bildirim (Faiz İçeren),Pay Dışında Sermaye Piyasası Aracı İşlemlerine İlişkin Bildirim (Faiz İçeren) TRFAKYM62661 Isın Kodlu Bono İhracı Hakkında,https://www.kap.org.tr/tr/Bildirim/1575383,tr,2026-03-25T10:27:15+00:00
2026-03-25,AKTIF,KAP,AKTİF YATIRIM BANKASI A.Ş. - Pay Dışında Sermaye Piyasası Aracı İşlemlerine İlişkin Bildirim (Faiz İçeren),Pay Dışında Sermaye Piyasası Aracı İşlemlerine İlişkin Bildirim (Faiz İçeren) İtfa Ödemesinin Gerçekleşmesi,https://www.kap.org.tr/tr/Bildirim/1575615,tr,2026-03-25T16:40:24+00:00
2026-03-25,AKTIF,KAP,AKTİF YATIRIM BANKASI A.Ş. - Pay Dışında Sermaye Piyasası Aracı İşlemlerine İlişkin Bildirim (Faiz İçeren),Pay Dışında Sermaye Piyasası Aracı İşlemlerine İlişkin Bildirim (Faiz İçeren) Kupon Oranı Belirlenmesi,https://www.kap.org.tr/tr/Bildirim/1575609,tr,2026-03-25T16:35:07+00:00
2026-03-25,AKTIF,KAP,AKTİF YATIRIM BANKASI A.Ş. - Genel Kurul Bildirimi,Genel Kurul Bildirimi Olağan Genel Kurul Toplantısı Hk.,https://www.kap.org.tr/tr/Bildirim/1575500,tr,2026-03-25T14:57:34+00:00
2026-03-25,ALBRK,KAP,ALBARAKA TÜRK KATILIM BANKASI A.Ş. - Kar Payı Dağıtım İşlemlerine İlişkin Bildirim,Kar Payı Dağıtım İşlemlerine İlişkin Bildirim 2025 Yılı Kâr Dağıtımına İlişkin Yönetim Kurulu Kararı Hk.,https://www.kap.org.tr/tr/Bildirim/1575358,tr,2026-03-25T09:44:33+00:00
2026-03-25,ALK,KAP,ALBARAKA TÜRK KATILIM BANKASI A.Ş. - Kar Payı Dağıtım İşlemlerine İlişkin Bildirim,Kar Payı Dağıtım İşlemlerine İlişkin Bildirim 2025 Yılı Kâr Dağıtımına İlişkin Yönetim Kurulu Kararı Hk.,https://www.kap.org.tr/tr/Bildirim/1575358,tr,2026-03-25T09:44:33+00:00
2026-03-25,ALNUS,KAP,ALNUS YATIRIM MENKUL DEĞERLER A.Ş. - Şirket Genel Bilgi Formu,Şirket Genel Bilgi Formu,https://www.kap.org.tr/tr/Bildirim/1575605,tr,2026-03-25T16:28:40+00:00
2026-03-25,ANC,KAP,ALNUS YATIRIM MENKUL DEĞERLER A.Ş. - Şirket Genel Bilgi Formu,Şirket Genel Bilgi Formu,https://www.kap.org.tr/tr/Bildirim/1575605,tr,2026-03-25T16:28:40+00:00
2026-03-25,ARASE,KAP,DOĞU ARAS ENERJİ YATIRIMLARI A.Ş. - Katılım Finansı İlkeleri Bilgi Formu,Katılım Finansı İlkeleri Bilgi Formu,https://www.kap.org.tr/tr/Bildirim/1575773,tr,2026-03-25T18:15:57+00:00
2026-03-25,ARCLK,KAP,ARÇELİK A.Ş. - Kredi Derecelendirmesi,Kredi Derecelendirmesi Kredi Derecelendirmesi,https://www.kap.org.tr/tr/Bildirim/1575883,tr,2026-03-25T20:05:18+00:00
2026-03-25,ARFYE,KAP,ARF BİO YENİLENEBİLİR ENERJİ ÜRETİM A.Ş. - Katılım Finansı İlkeleri Bilgi Formu,Katılım Finansı İlkeleri Bilgi Formu,https://www.kap.org.tr/tr/Bildirim/1575879,tr,2026-03-25T19:30:23+00:00
2026-03-25,ARTMS,KAP,ARTEMİS HALI A.Ş. - Bağımsız Denetim Kuruluşunun Belirlenmesi,Bağımsız Denetim Kuruluşunun Belirlenmesi 2026 Yılı Hesap Dönemi Bağımsız Denetim Şirketi Seçimi Hakkında,https://www.kap.org.tr/tr/Bildirim/1575875,tr,2026-03-25T19:22:02+00:00
2026-03-25,ASTOR,KAP,ASTOR ENERJİ A.Ş. - Yeni İş İlişkisi,Yeni İş İlişkisi Yeni İş İlişkisi,https://www.kap.org.tr/tr/Bildirim/1575359,tr,2026-03-25T09:49:41+00:00
2026-03-25,ATAVK,KAP,ATA VARLIK KİRALAMA A.Ş. - Tertip İhraç Belgesi,Tertip İhraç Belgesi Tertip İhraç Belgesi Spk Onayı FKPET,https://www.kap.org.tr/tr/Bildirim/1575360,tr,2026-03-25T09:59:38+00:00
2026-03-25,AYEN,KAP,AYEN ENERJİ A.Ş. - Kar Payı Dağıtım İşlemlerine İlişkin Bildirim,Kar Payı Dağıtım İşlemlerine İlişkin Bildirim Kar Dağıtım Teklifi Yönetim Kurulu Kararı,https://www.kap.org.tr/tr/Bildirim/1575739,tr,2026-03-25T17:57:37+00:00
2026-03-25,BESTE,KAP,BEST BRANDS GRUP ENERJİ YATIRIM A.Ş. - Bağımsız Denetim Kuruluşunun Belirlenmesi,Bağımsız Denetim Kuruluşunun Belirlenmesi 2026 Dönemine İlişkin Bağımsız Denetim Kurumu Hakkında.,https://www.kap.org.tr/tr/Bildirim/1575579,tr,2026-03-25T16:12:41+00:00
2026-03-25,BESTE,KAP,BEST BRANDS GRUP ENERJİ YATIRIM A.Ş. - Kar Payı Dağıtım İşlemlerine İlişkin Bildirim,Kar Payı Dağıtım İşlemlerine İlişkin Bildirim Kar Dağıtılmamasına İlişkin Olağan Genel Kurul Toplantısı Neticesi Hakkında.,https://www.kap.org.tr/tr/Bildirim/1575563,tr,2026-03-25T16:07:52+00:00
2026-03-25,BESTE,KAP,BEST BRANDS GRUP ENERJİ YATIRIM A.Ş. - Genel Kurul İşlemlerine İlişkin Bildirim,Genel Kurul İşlemlerine İlişkin Bildirim Gerçekleştirilen Olağan Genel Kurul Hakkında,https://www.kap.org.tr/tr/Bildirim/1575558,tr,2026-03-25T16:04:07+00:00
2026-03-25,BORLS,KAP,BORLEASE OTOMOTİV A.Ş. - Pay Dışında Sermaye Piyasası Aracı İşlemlerine İlişkin Bildirim (Faiz İçeren),Pay Dışında Sermaye Piyasası Aracı İşlemlerine İlişkin Bildirim (Faiz İçeren) TRFBORL32611 ISIN kodlu Tahvilin 4.Kupon ödemesinin ve İtfasının yapılamaması hakkında,https://www.kap.org.tr/tr/Bildirim/1575504,tr,2026-03-25T15:03:44+00:00
2026-03-25,BRGFK,KAP,BURGAN FİNANSAL KİRALAMA A.Ş. - Pay Dışında Sermaye Piyasası Aracı İşlemlerine İlişkin Bildirim (Faiz İçeren),Pay Dışında Sermaye Piyasası Aracı İşlemlerine İlişkin Bildirim (Faiz İçeren) TRFBUFK62612 ISIN Kodlu Bono 1.Kupon Ödemesi,https://www.kap.org.tr/tr/Bildirim/1575521,tr,2026-03-25T15:18:22+00:00
2026-03-25,BRGFK,KAP,BURGAN FİNANSAL KİRALAMA A.Ş. - Pay Dışında Sermaye Piyasası Aracı İşlemlerine İlişkin Bildirim (Faiz İçeren),Pay Dışında Sermaye Piyasası Aracı İşlemlerine İlişkin Bildirim (Faiz İçeren) TRFBUFK62612 ISIN Kodlu Bono 1.Kupon Faiz Oranı,https://www.kap.org.tr/tr/Bildirim/1575355,tr,2026-03-25T09:28:09+00:00
2026-03-25,BRISA,KAP,BRİSA BRİDGESTONE SABANCI LASTİK SANAYİ VE TİCARET A.Ş. - Bağımsız Denetim Kuruluşunun Belirlenmesi,Bağımsız Denetim Kuruluşunun Belirlenmesi Bağımsız Denetim Kuruluşunun Genel Kurul'ca Seçilmesi,https://www.kap.org.tr/tr/Bildirim/1575835,tr,2026-03-25T18:36:33+00:00
2026-03-25,BRISA,KAP,BRİSA BRİDGESTONE SABANCI LASTİK SANAYİ VE TİCARET A.Ş. - Kar Payı Dağıtım İşlemlerine İlişkin Bildirim,Kar Payı Dağıtım İşlemlerine İlişkin Bildirim Genel Kurul'un Kar Payı Dağıtım Kararı,https://www.kap.org.tr/tr/Bildirim/1575834,tr,2026-03-25T18:36:24+00:00
2026-03-25,BRISA,KAP,BRİSA BRİDGESTONE SABANCI LASTİK SANAYİ VE TİCARET A.Ş. - Genel Kurul İşlemlerine İlişkin Bildirim,Genel Kurul İşlemlerine İlişkin Bildirim 2025 Yılı Olağan Genel Kurul Toplantı Sonuçları,https://www.kap.org.tr/tr/Bildirim/1575797,tr,2026-03-25T18:20:29+00:00
2026-03-25,CAGFA,KAP,ÇAĞDAŞ FAKTORİNG A.Ş. - Pay Dışında Sermaye Piyasası Aracı İşlemlerine İlişkin Bildirim (Faiz İçeren),Pay Dışında Sermaye Piyasası Aracı İşlemlerine İlişkin Bildirim (Faiz İçeren) TRSCGDF62617 ISIN Kodlu İhracın 3.Kupon Faiz Oranının Belirlenmesi,https://www.kap.org.tr/tr/Bildirim/1575683,tr,2026-03-25T17:25:34+00:00
2026-03-25,CAGFA,KAP,ÇAĞDAŞ FAKTORİNG A.Ş. - Pay Dışında Sermaye Piyasası Aracı İşlemlerine İlişkin Bildirim (Faiz İçeren),Pay Dışında Sermaye Piyasası Aracı İşlemlerine İlişkin Bildirim (Faiz İçeren) TRFCGDF32633 ISIN Kodlu İhracın 4.Kupon Faiz Oranının Belirlenmesi,https://www.kap.org.tr/tr/Bildirim/1575682,tr,2026-03-25T17:25:25+00:00
2026-03-25,CAGFA,KAP,ÇAĞDAŞ FAKTORİNG A.Ş. - Pay Dışında Sermaye Piyasası Aracı İşlemlerine İlişkin Bildirim (Faiz İçeren),Pay Dışında Sermaye Piyasası Aracı İşlemlerine İlişkin Bildirim (Faiz İçeren) TRFCGDF92629 ISIN Kodlu 24/09/2026 Vadeli Bono İhracı,https://www.kap.org.tr/tr/Bildirim/1575680,tr,2026-03-25T17:25:01+00:00
2026-03-25,CATES,KAP,ÇATES ELEKTRİK ÜRETİM A.Ş. - Kurumsal Yönetim Bilgi Formu (Güncelleme) - Pay Sahipleri,Kurumsal Yönetim Bilgi Formu (Güncelleme) - Pay Sahipleri Kurumsal Yönetim Bilgi Formu - Pay Sahipleri,https://www.kap.org.tr/tr/Bildirim/1575900,tr,2026-03-25T23:02:51+00:00
2026-03-25,CATES,KAP,ÇATES ELEKTRİK ÜRETİM A.Ş. - Özel Durum Açıklaması (Genel),Özel Durum Açıklaması (Genel) 2026 Yılı Sürdürülebilirlik Denetçisi Seçilmesine Yönelik Genel Kurul Sonucu,https://www.kap.org.tr/tr/Bildirim/1575750,tr,2026-03-25T18:06:09+00:00
2026-03-25,CATES,KAP,ÇATES ELEKTRİK ÜRETİM A.Ş. - Kar Payı Dağıtım İşlemlerine İlişkin Bildirim,Kar Payı Dağıtım İşlemlerine İlişkin Bildirim 2025 Yılı Dönem Karı/Zararı Hakkında Bildirim,https://www.kap.org.tr/tr/Bildirim/1575748,tr,2026-03-25T18:04:14+00:00
2026-03-25,CATES,KAP,ÇATES ELEKTRİK ÜRETİM A.Ş. - Bağımsız Denetim Kuruluşunun Belirlenmesi,Bağımsız Denetim Kuruluşunun Belirlenmesi Genel Kurul Toplantısı 2026 Yılı Bağımsız Denetim Şirketi Seçim Sonucu,https://www.kap.org.tr/tr/Bildirim/1575720,tr,2026-03-25T17:39:09+00:00
2026-03-25,CATES,KAP,ÇATES ELEKTRİK ÜRETİM A.Ş. - Genel Kurul İşlemlerine İlişkin Bildirim,Genel Kurul İşlemlerine İlişkin Bildirim 2025 Yılı Olağan Genel Kurul Toplantı Sonuçları,https://www.kap.org.tr/tr/Bildirim/1575710,tr,2026-03-25T17:35:18+00:00
2026-03-25,CCOLA,KAP,COCA-COLA İÇECEK A.Ş. - Pay Dışında Sermaye Piyasası Aracı İşlemlerine İlişkin Bildirim (Faiz İçeren),Pay Dışında Sermaye Piyasası Aracı İşlemlerine İlişkin Bildirim (Faiz İçeren) TRSCOLA92612 ISIN Kodlu Tahvilin 6. Kupon Ödemesi,https://www.kap.org.tr/tr/Bildirim/1575512,tr,2026-03-25T15:08:37+00:00
2026-03-25,CELHA,KAP,ÇELİK HALAT VE TEL SANAYİİ A.Ş. - Bağımsız Denetim Kuruluşunun Belirlenmesi,Bağımsız Denetim Kuruluşunun Belirlenmesi Bağımsız Denetim Kuruluşunun Belirlenmesi,https://www.kap.org.tr/tr/Bildirim/1575864,tr,2026-03-25T18:59:36+00:00
2026-03-25,CELHA,KAP,ÇELİK HALAT VE TEL SANAYİİ A.Ş. - Kar Payı Dağıtım İşlemlerine İlişkin Bildirim,Kar Payı Dağıtım İşlemlerine İlişkin Bildirim Kar Payı Dağıtım İşlemlerine İlişkin Yönetim Kurulu Kararı,https://www.kap.org.tr/tr/Bildirim/1575863,tr,2026-03-25T18:59:15+00:00
2026-03-25,CELHA,KAP,ÇELİK HALAT VE TEL SANAYİİ A.Ş. - Genel Kurul İşlemlerine İlişkin Bildirim,Genel Kurul İşlemlerine İlişkin Bildirim Yönetim Kurulu'nun 2025 Yılı Olağan Genel Kurul Toplantı Çağrısı,https://www.kap.org.tr/tr/Bildirim/1575862,tr,2026-03-25T18:58:41+00:00
2026-03-25,CRDFA,KAP,CREDITWEST FAKTORİNG A.Ş. - Sermaye Artırımı - Azaltımı İşlemlerine İlişkin Bildirim,Sermaye Artırımı - Azaltımı İşlemlerine İlişkin Bildirim Bedelsiz Pay Alma Hakkı Kullanım Başlangıç Tarihi,https://www.kap.org.tr/tr/Bildirim/1575399,tr,2026-03-25T11:05:57+00:00
2026-03-25,DERIM,KAP,DERİMOD KONFEKSİYON AYAKKABI DERİ SANAYİ VE TİCARET A.Ş. - Kayıtlı Sermaye Tavanı İşlemlerine İlişkin Bildirim,Kayıtlı Sermaye Tavanı İşlemlerine İlişkin Bildirim Kayıtlı Sermaye Tavanı Geçerlilik Tarihi Güncellemesi SPK Onayı,https://www.kap.org.tr/tr/Bildirim/1575667,tr,2026-03-25T17:16:14+00:00
2026-03-25,DGGYO,KAP,DOĞUŞ GAYRİMENKUL YATIRIM ORTAKLIĞI A.Ş. - Kayıtlı Sermaye Tavanı İşlemlerine İlişkin Bildirim,Kayıtlı Sermaye Tavanı İşlemlerine İlişkin Bildirim Genel Kurul Onayı,https://www.kap.org.tr/tr/Bildirim/1575551,tr,2026-03-25T15:49:03+00:00
2026-03-25,DGGYO,KAP,DOĞUŞ GAYRİMENKUL YATIRIM ORTAKLIĞI A.Ş. - Bağımsız Denetim Kuruluşunun Belirlenmesi,Bağımsız Denetim Kuruluşunun Belirlenmesi 2026 yılı Bağımsız Denetim Şirketi Seçimi Hk.,https://www.kap.org.tr/tr/Bildirim/1575532,tr,2026-03-25T15:37:00+00:00
2026-03-25,DGGYO,KAP,DOĞUŞ GAYRİMENKUL YATIRIM ORTAKLIĞI A.Ş. - Kar Payı Dağıtım İşlemlerine İlişkin Bildirim,Kar Payı Dağıtım İşlemlerine İlişkin Bildirim Kar Payı Dağıtımına İlişkin Yönetim Kurulu Kararının Olağan Genel Kurul'da Onayı,https://www.kap.org.tr/tr/Bildirim/1575524,tr,2026-03-25T15:29:24+00:00
2026-03-25,DGGYO,KAP,DOĞUŞ GAYRİMENKUL YATIRIM ORTAKLIĞI A.Ş. - Genel Kurul İşlemlerine İlişkin Bildirim,Genel Kurul İşlemlerine İlişkin Bildirim 2025 yılına ilişkin Olağan Genel Kurul Toplantısı Sonucu,https://www.kap.org.tr/tr/Bildirim/1575497,tr,2026-03-25T14:48:32+00:00
2026-03-25,DGRVK,KAP,DEĞER VARLIK KİRALAMA A.Ş. - İhraç Tavanına İlişkin Bildirim,İhraç Tavanına İlişkin Bildirim İhraç Tavanına İlişkin SPK Başvurusu Hk. TARFN,https://www.kap.org.tr/tr/Bildirim/1575725,tr,2026-03-25T17:49:23+00:00
2026-03-25,DMRGD,KAP,DMR UNLU MAMULLER ÜRETİM GIDA TOPTAN PERAKENDE İHRACAT A.Ş. - Esas Sözleşme,Esas Sözleşme Esas Sözleşme,https://www.kap.org.tr/tr/Bildirim/1575397,tr,2026-03-25T11:03:24+00:00
2026-03-25,DMRGD,KAP,DMR UNLU MAMULLER ÜRETİM GIDA TOPTAN PERAKENDE İHRACAT A.Ş. - Kayıtlı Sermaye Tavanı İşlemlerine İlişkin Bildirim,Kayıtlı Sermaye Tavanı İşlemlerine İlişkin Bildirim Kayıtlı Sermaye Tavan Artırımı ve Kayıtlı Sermaye Süresinin Uzatılmasının Tescili,https://www.kap.org.tr/tr/Bildirim/1575395,tr,2026-03-25T10:53:43+00:00
2026-03-25,DMRGD,KAP,DMR UNLU MAMULLER ÜRETİM GIDA TOPTAN PERAKENDE İHRACAT A.Ş. - Genel Kurul İşlemlerine İlişkin Bildirim,Genel Kurul İşlemlerine İlişkin Bildirim 10.03.2026 Tarihli Olağanüstü Genel Kurul Tescili,https://www.kap.org.tr/tr/Bildirim/1575394,tr,2026-03-25T10:50:17+00:00
2026-03-25,DMSAS,KAP,DEMİSAŞ DÖKÜM EMAYE MAMÜLLERİ SANAYİ A.Ş. - Sermaye Artırımı - Azaltımı İşlemlerine İlişkin Bildirim,Sermaye Artırımı - Azaltımı İşlemlerine İlişkin Bildirim Sermaye Artırım İşlemlerine İlişkin Bildirim,https://www.kap.org.tr/tr/Bildirim/1575828,tr,2026-03-25T18:29:44+00:00
2026-03-25,DMSAS,KAP,DEMİSAŞ DÖKÜM EMAYE MAMÜLLERİ SANAYİ A.Ş. - Kar Payı Dağıtım İşlemlerine İlişkin Bildirim,Kar Payı Dağıtım İşlemlerine İlişkin Bildirim Kar Payı Dağıtım İşlemlerine İlişkin Bildirim,https://www.kap.org.tr/tr/Bildirim/1575827,tr,2026-03-25T18:29:01+00:00
2026-03-25,DMSAS,KAP,DEMİSAŞ DÖKÜM EMAYE MAMÜLLERİ SANAYİ A.Ş. - Genel Kurul İşlemlerine İlişkin Bildirim,Genel Kurul İşlemlerine İlişkin Bildirim Genel Kurul İşlemlerine İlişkin Bildirim,https://www.kap.org.tr/tr/Bildirim/1575826,tr,2026-03-25T18:28:37+00:00
2026-03-25,DSTKF,KAP,DESTEK FİNANS FAKTORİNG A.Ş. - Kar Payı Dağıtım İşlemlerine İlişkin Bildirim,Kar Payı Dağıtım İşlemlerine İlişkin Bildirim 2025 Yılı Olağan Genel Kurulu toplantısında onaylanan Kar Payı Dağıtım Kararı,https://www.kap.org.tr/tr/Bildirim/1575741,tr,2026-03-25T17:59:08+00:00
2026-03-25,DSTKF,KAP,DESTEK FİNANS FAKTORİNG A.Ş. - Bağımsız Denetim Kuruluşunun Belirlenmesi,Bağımsız Denetim Kuruluşunun Belirlenmesi Bağımsız Denetim Kuruluşunun Genel Kurul'ca onaylanması,https://www.kap.org.tr/tr/Bildirim/1575727,tr,2026-03-25T17:51:36+00:00
2026-03-25,DSTKF,KAP,DESTEK FİNANS FAKTORİNG A.Ş. - Genel Kurul İşlemlerine İlişkin Bildirim,Genel Kurul İşlemlerine İlişkin Bildirim 2025 Yılına ait Olağan Genel Kurul Sonucu,https://www.kap.org.tr/tr/Bildirim/1575726,tr,2026-03-25T17:49:42+00:00
2026-03-25,EFOR,KAP,EFOR YATIRIM SANAYİ TİCARET A.Ş. - Şirket Genel Bilgi Formu,Şirket Genel Bilgi Formu,https://www.kap.org.tr/tr/Bildirim/1575872,tr,2026-03-25T19:05:54+00:00
2026-03-25,EFOR,KAP,EFOR YATIRIM SANAYİ TİCARET A.Ş. - Yönetim Kurulu Komiteleri,Yönetim Kurulu Komiteleri Yönetim Kurulu bünyesinde yer alan komitelere üye seçimi,https://www.kap.org.tr/tr/Bildirim/1575871,tr,2026-03-25T19:05:22+00:00
2026-03-25,EFOR,KAP,EFOR YATIRIM SANAYİ TİCARET A.Ş. - Bağımsız Denetim Kuruluşunun Belirlenmesi,Bağımsız Denetim Kuruluşunun Belirlenmesi Bağımsız Denetim Kuruluşu Seçimi Genel Kurul Kararı,https://www.kap.org.tr/tr/Bildirim/1575870,tr,2026-03-25T19:04:38+00:00
2026-03-25,EFOR,KAP,EFOR YATIRIM SANAYİ TİCARET A.Ş. - Kar Payı Dağıtım İşlemlerine İlişkin Bildirim,Kar Payı Dağıtım İşlemlerine İlişkin Bildirim Olağan Genel Kurul Kar Dağıtım Sonucu,https://www.kap.org.tr/tr/Bildirim/1575869,tr,2026-03-25T19:03:45+00:00
2026-03-25,EFOR,KAP,EFOR YATIRIM SANAYİ TİCARET A.Ş. - Genel Kurul İşlemlerine İlişkin Bildirim,Genel Kurul İşlemlerine İlişkin Bildirim 2025 Yılına ait Olağan Genel Kurul Sonucu,https://www.kap.org.tr/tr/Bildirim/1575860,tr,2026-03-25T18:57:20+00:00
2026-03-25,EFOR,KAP,EFOR YATIRIM SANAYİ TİCARET A.Ş. - Payların Geri Alınmasına İlişkin Bildirim,Payların Geri Alınmasına İlişkin Bildirim Hisse Geri Alımına İlişkin Yönetim Kurulu Kararı,https://www.kap.org.tr/tr/Bildirim/1575347,tr,2026-03-25T09:14:18+00:00
2026-03-25,EGEGY,KAP,EGEYAPI AVRUPA GAYRİMENKUL YATIRIM ORTAKLIĞI A.Ş. - Kar Payı Dağıtım İşlemlerine İlişkin Bildirim,Kar Payı Dağıtım İşlemlerine İlişkin Bildirim Kar Payı Dağıtım Önerisi Hakkında,https://www.kap.org.tr/tr/Bildirim/1575868,tr,2026-03-25T19:02:52+00:00
2026-03-25,EGEGY,KAP,EGEYAPI AVRUPA GAYRİMENKUL YATIRIM ORTAKLIĞI A.Ş. - Genel Kurul İşlemlerine İlişkin Bildirim,Genel Kurul İşlemlerine İlişkin Bildirim Kar dağıtım tablosu güncellenmesi,https://www.kap.org.tr/tr/Bildirim/1575867,tr,2026-03-25T19:00:54+00:00
2026-03-25,EKGYO,KAP,EMLAK KONUT GAYRİMENKUL YATIRIM ORTAKLIĞI A.Ş. - Özel Durum Açıklaması (Genel),Özel Durum Açıklaması (Genel) Ankara Çankaya Alacaatlı İhale İlanı,https://www.kap.org.tr/tr/Bildirim/1575616,tr,2026-03-25T16:40:56+00:00
2026-03-25,EMVAR,KAP,EMLAK VARLIK KİRALAMA A.Ş. - Pay Dışında Sermaye Piyasası Aracı İşlemlerine İlişkin Bildirim (Faizsiz),Pay Dışında Sermaye Piyasası Aracı İşlemlerine İlişkin Bildirim (Faizsiz) Şirketimiz Tarafından İhraç Edilmiş Olan TRDEMVK32618 ISIN Kodlu Kira Sertifikasının İtfası Hk. AKFK,https://www.kap.org.tr/tr/Bildirim/1575498,tr,2026-03-25T14:50:30+00:00
2026-03-25,EMVAR,KAP,EMLAK VARLIK KİRALAMA A.Ş. - Pay Dışında Sermaye Piyasası Aracı İşlemlerine İlişkin Bildirim (Faizsiz),Pay Dışında Sermaye Piyasası Aracı İşlemlerine İlişkin Bildirim (Faizsiz) Şirketimiz Tarafından İhraç Edilmiş Olan TRDEMVK32667 ISIN Kodlu Kira Sertifikasının İtfası Hk. PLTUR,https://www.kap.org.tr/tr/Bildirim/1575481,tr,2026-03-25T14:23:13+00:00
2026-03-25,EMVAR,KAP,EMLAK VARLIK KİRALAMA A.Ş. - Pay Dışında Sermaye Piyasası Aracı İşlemlerine İlişkin Bildirim (Faizsiz),Pay Dışında Sermaye Piyasası Aracı İşlemlerine İlişkin Bildirim (Faizsiz) Şirketimiz Tarafından İhraç Edilmiş Olan TRDEMVK32675 ISIN Kodlu Kira Sertifikasının İtfası Hk. PLTUR,https://www.kap.org.tr/tr/Bildirim/1575479,tr,2026-03-25T14:22:33+00:00
2026-03-25,EMVAR,KAP,EMLAK VARLIK KİRALAMA A.Ş. - Pay Dışında Sermaye Piyasası Aracı İşlemlerine İlişkin Bildirim (Faizsiz),Pay Dışında Sermaye Piyasası Aracı İşlemlerine İlişkin Bildirim (Faizsiz) Şirketimiz Tarafından İhraç Edilmiş Olan TRDEMVK32683 ISIN Kodlu Kira Sertifikasının İtfası Hk. PLTUR,https://www.kap.org.tr/tr/Bildirim/1575477,tr,2026-03-25T14:21:54+00:00
2026-03-25,EMVAR,KAP,EMLAK VARLIK KİRALAMA A.Ş. - Pay Dışında Sermaye Piyasası Aracı İşlemlerine İlişkin Bildirim (Faizsiz),Pay Dışında Sermaye Piyasası Aracı İşlemlerine İlişkin Bildirim (Faizsiz) Şirketimiz Tarafından İhraç Edilmiş Olan TRDEMVK32691 ISIN Kodlu Kira Sertifikasının İtfası Hk. PLTUR,https://www.kap.org.tr/tr/Bildirim/1575476,tr,2026-03-25T14:16:51+00:00
2026-03-25,ENDAE,KAP,ENDA ENERJİ HOLDİNG A.Ş. - Halka Arz Fiyatının Belirlenmesinde Esas Alınan Varsayımlara İlişkin Değerlendirme Raporu,Halka Arz Fiyatının Belirlenmesinde Esas Alınan Varsayımlara İlişkin Değerlendirme Raporu Halka Arz Fiyatının Belirlenmesinde Esas Alınan Varsayımlara İlişkin Gerçekleşme ve Değerlendirme Raporu - 5,https://www.kap.org.tr/tr/Bildirim/1575753,tr,2026-03-25T18:08:52+00:00
2026-03-25,ENERY,KAP,ENERYA ENERJİ A.Ş. - Bağımsız Denetim Kuruluşunun Belirlenmesi,Bağımsız Denetim Kuruluşunun Belirlenmesi Finansal Raporların İlanı Amacıyla Sermaye Piyasası Kurulu'ndan Ek Süre Talep Edilmesi ve Yeni Bağımsız Denetim Kuruluşunun Belirlenmesi Hk.,https://www.kap.org.tr/tr/Bildirim/1575832,tr,2026-03-25T18:31:58+00:00
2026-03-25,ENERY,KAP,ENERYA ENERJİ A.Ş. - Özel Durum Açıklaması (Genel),Özel Durum Açıklaması (Genel) Ahlatcı Altın İşletmeleri A.Ş. Hk.,https://www.kap.org.tr/tr/Bildirim/1575495,tr,2026-03-25T14:40:12+00:00
2026-03-25,ENJSA,KAP,ENERJİSA ENERJİ A.Ş. - Kar Dağıtım Politikası,Kar Dağıtım Politikası Kar Dağıtım Politikasının Güncellenmesinin Genel Kurul'da Onaylanması,https://www.kap.org.tr/tr/Bildirim/1575623,tr,2026-03-25T16:51:40+00:00
2026-03-25,ENJSA,KAP,ENERJİSA ENERJİ A.Ş. - Kayıtlı Sermaye Tavanı İşlemlerine İlişkin Bildirim,Kayıtlı Sermaye Tavanı İşlemlerine İlişkin Bildirim Kayıtlı Sermaye Tavanı ve Esas Sözleşme'de Öngörülen Diğer Değişikliklere İlişkin Genel Kurul Onayı,https://www.kap.org.tr/tr/Bildirim/1575613,tr,2026-03-25T16:36:49+00:00
2026-03-25,ENJSA,KAP,ENERJİSA ENERJİ A.Ş. - Kar Payı Dağıtım İşlemlerine İlişkin Bildirim,Kar Payı Dağıtım İşlemlerine İlişkin Bildirim 2025 Yılına Ait Karın Kullanım Şekli ile İlgili Genel Kurul Kararı,https://www.kap.org.tr/tr/Bildirim/1575612,tr,2026-03-25T16:36:27+00:00
2026-03-25,ENJSA,KAP,ENERJİSA ENERJİ A.Ş. - Bağımsız Denetim Kuruluşunun Belirlenmesi,Bağımsız Denetim Kuruluşunun Belirlenmesi Bağımsız Denetim Kuruluşu Seçiminin Genel Kurul Tarafından Onaylanması,https://www.kap.org.tr/tr/Bildirim/1575554,tr,2026-03-25T15:51:19+00:00
2026-03-25,ENJSA,KAP,ENERJİSA ENERJİ A.Ş. - Genel Kurul İşlemlerine İlişkin Bildirim,Genel Kurul İşlemlerine İlişkin Bildirim 2025 Yılı Olağan Genel Kurul Toplantı Sonuçları,https://www.kap.org.tr/tr/Bildirim/1575553,tr,2026-03-25T15:51:06+00:00
2026-03-25,ENPRA,KAP,ENPARA BANK A.Ş. - Özel Durum Açıklaması (Genel),Özel Durum Açıklaması (Genel) Olağan Genel Kurul Toplantı Sonuçları,https://www.kap.org.tr/tr/Bildirim/1575658,tr,2026-03-25T17:12:15+00:00
2026-03-25,ETYAT,KAP,EURO TREND YATIRIM ORTAKLIĞI A.Ş. - Özel Durum Açıklaması (Genel),"Özel Durum Açıklaması (Genel) BİAŞ'da oluşan ağırlıklı ortalama fiyatın,pay başına net aktif değerin 2 katını aşması",https://www.kap.org.tr/tr/Bildirim/1575527,tr,2026-03-25T15:31:47+00:00
2026-03-25,EUKYO,KAP,EURO KAPİTAL YATIRIM ORTAKLIĞI A.Ş. - Özel Durum Açıklaması (Genel),"Özel Durum Açıklaması (Genel) BİAŞ'da oluşan ağırlıklı ortalama fiyatın,pay başına net aktif değerin 2 katını aşması",https://www.kap.org.tr/tr/Bildirim/1575530,tr,2026-03-25T15:32:22+00:00
2026-03-25,EUYO,KAP,EURO MENKUL KIYMET YATIRIM ORTAKLIĞI A.Ş. - Özel Durum Açıklaması (Genel),"Özel Durum Açıklaması (Genel) BİAŞ'da oluşan ağırlıklı ortalama fiyatın,pay başına net aktif değerin 2 katını aşması",https://www.kap.org.tr/tr/Bildirim/1575526,tr,2026-03-25T15:31:13+00:00
2026-03-25,FBB,KAP,FİBABANKA A.Ş. - Şirket Genel Bilgi Formu,Şirket Genel Bilgi Formu,https://www.kap.org.tr/tr/Bildirim/1575531,tr,2026-03-25T15:36:23+00:00
2026-03-25,FBBNK,KAP,FİBABANKA A.Ş. - Şirket Genel Bilgi Formu,Şirket Genel Bilgi Formu,https://www.kap.org.tr/tr/Bildirim/1575531,tr,2026-03-25T15:36:23+00:00
2026-03-25,FIN,KAP,QNB BANK A.Ş. - Pay Dışında Sermaye Piyasası Aracı İşlemlerine İlişkin Bildirim (Faiz İçeren),Pay Dışında Sermaye Piyasası Aracı İşlemlerine İlişkin Bildirim (Faiz İçeren) MTN programı kapsamında yurtdışında ihraç edilen borçlanma aracının itfası,https://www.kap.org.tr/tr/Bildirim/1575386,tr,2026-03-25T10:30:41+00:00
2026-03-25,FMIZP,KAP,FEDERAL MOGUL İZMİT PİSTON VE PİM ÜRETİM TESİSLERİ A.Ş. - Kar Payı Dağıtım İşlemlerine İlişkin Bildirim,Kar Payı Dağıtım İşlemlerine İlişkin Bildirim 2025 yılı Kar Payı Dağıtım,https://www.kap.org.tr/tr/Bildirim/1575494,tr,2026-03-25T14:39:43+00:00
2026-03-25,FMIZP,KAP,FEDERAL MOGUL İZMİT PİSTON VE PİM ÜRETİM TESİSLERİ A.Ş. - Genel Kurul İşlemlerine İlişkin Bildirim,Genel Kurul İşlemlerine İlişkin Bildirim Genel Kurul Toplantı Sonucu,https://www.kap.org.tr/tr/Bildirim/1575488,tr,2026-03-25T14:34:31+00:00
2026-03-25,FORTE,KAP,FORTE BİLGİ İLETİŞİM TEKNOLOJİLERİ VE SAVUNMA SANAYİ A.Ş. - Yeni İş İlişkisi,Yeni İş İlişkisi Yeni İş İlişkisi,https://www.kap.org.tr/tr/Bildirim/1575517,tr,2026-03-25T15:15:39+00:00
2026-03-25,FRIGO,KAP,FRİGO-PAK GIDA MADDELERİ SANAYİ VE TİCARET A.Ş. - Kayıtlı Sermaye Tavanı İşlemlerine İlişkin Bildirim,Kayıtlı Sermaye Tavanı İşlemlerine İlişkin Bildirim Kayıtlı Sermaye Tavanı Arttırımı SPK Onayı Hk.,https://www.kap.org.tr/tr/Bildirim/1575873,tr,2026-03-25T19:16:15+00:00
2026-03-25,GARAN,KAP,TÜRKİYE GARANTİ BANKASI A.Ş. - Pay Dışında Sermaye Piyasası Aracı İşlemlerine İlişkin Bildirim (Faiz İçeren),Pay Dışında Sermaye Piyasası Aracı İşlemlerine İlişkin Bildirim (Faiz İçeren) Yurtdışı Piyasalara Tahvil İhracı SPK Onayı,https://www.kap.org.tr/tr/Bildirim/1575755,tr,2026-03-25T18:10:45+00:00
2026-03-25,GEDZA,KAP,GEDİZ AMBALAJ SANAYİ VE TİCARET A.Ş. - Bağımsız Denetim Kuruluşunun Belirlenmesi,Bağımsız Denetim Kuruluşunun Belirlenmesi Bağımsız Denetim Kuruluşu Ataması Hk.,https://www.kap.org.tr/tr/Bildirim/1575664,tr,2026-03-25T17:15:14+00:00
2026-03-25,GOKNR,KAP,GÖKNUR GIDA MADDELERİ ENERJİ İMALAT İTHALAT İHRACAT TİCARET VE SANAYİ A.Ş. - Payların Geri Alınmasına İlişkin Bildirim,Payların Geri Alınmasına İlişkin Bildirim Payların Geri Alınmasına İlişkin Bildirim,https://www.kap.org.tr/tr/Bildirim/1575815,tr,2026-03-25T18:25:14+00:00
2026-03-25,GOODY,KAP,GOODYEAR LASTİKLERİ T.A.Ş. - Sermaye Artırımı - Azaltımı İşlemlerine İlişkin Bildirim,Sermaye Artırımı - Azaltımı İşlemlerine İlişkin Bildirim Bedelsiz Sermaye Artımı Hakkında,https://www.kap.org.tr/tr/Bildirim/1575809,tr,2026-03-25T18:23:59+00:00
2026-03-25,GRNYO,KAP,GARANTİ YATIRIM ORTAKLIĞI A.Ş. - Özel Durum Açıklaması (Genel),"Özel Durum Açıklaması (Genel) Paylarının BİAŞ'ta oluşan ağırlıklı ortalama fiyatının, pay başına net aktif değerinin 2 katını aşması hakkında.",https://www.kap.org.tr/tr/Bildirim/1575387,tr,2026-03-25T10:30:56+00:00
2026-03-25,GRSEL,KAP,GÜR-SEL TURİZM TAŞIMACILIK VE SERVİS TİCARET A.Ş. - Özel Durum Açıklaması (Genel),Özel Durum Açıklaması (Genel) 2025 Yılı Faaliyet sonuçlarına ilişkin yatırımcı sunumumuz-ingilizce,https://www.kap.org.tr/tr/Bildirim/1575376,tr,2026-03-25T10:16:04+00:00
2026-03-25,GRSEL,KAP,GÜR-SEL TURİZM TAŞIMACILIK VE SERVİS TİCARET A.Ş. - Özel Durum Açıklaması (Genel),Özel Durum Açıklaması (Genel) 2025 Yılı Faaliyet sonuçlarına ilişkin yatırımcı sunumumuz,https://www.kap.org.tr/tr/Bildirim/1575373,tr,2026-03-25T10:12:14+00:00
2026-03-25,HALKB,KAP,TÜRKİYE HALK BANKASI A.Ş. - İhraç Tavanına İlişkin Bildirim,İhraç Tavanına İlişkin Bildirim Yurt İçinde Borçlanma Aracı İhracına İlişkin Genel Müdürlük Makamı'nın Yetkilendirilmesi,https://www.kap.org.tr/tr/Bildirim/1575752,tr,2026-03-25T18:07:57+00:00
2026-03-25,HALKB,KAP,TÜRKİYE HALK BANKASI A.Ş. - İhraç Tavanına İlişkin Bildirim,İhraç Tavanına İlişkin Bildirim Yurt İçinde Sermaye Benzeri Borçlanma Aracı İhracına İlişkin Genel Müdürlük Makamı'nın Yetkilendirilmesi,https://www.kap.org.tr/tr/Bildirim/1575751,tr,2026-03-25T18:07:49+00:00
2026-03-25,HDFFL,KAP,HEDEF ARAÇ KİRALAMA VE SERVİS A.Ş. - Pay Dışında Sermaye Piyasası Aracı İşlemlerine İlişkin Bildirim (Faiz İçeren),Pay Dışında Sermaye Piyasası Aracı İşlemlerine İlişkin Bildirim (Faiz İçeren) TRSHDAK42710 ISIN Kodlu Tahvilin 1. Kupon Ödemesi,https://www.kap.org.tr/tr/Bildirim/1575436,tr,2026-03-25T13:25:41+00:00
2026-03-25,HDFFL,KAP,HEDEF ARAÇ KİRALAMA VE SERVİS A.Ş. - Pay Dışında Sermaye Piyasası Aracı İşlemlerine İlişkin Bildirim (Faiz İçeren),Pay Dışında Sermaye Piyasası Aracı İşlemlerine İlişkin Bildirim (Faiz İçeren) 1. Kupon Oranının Belirlenmesi,https://www.kap.org.tr/tr/Bildirim/1575339,tr,2026-03-25T09:03:21+00:00
2026-03-25,HEKTS,KAP,HEKTAŞ TİCARET T.A.Ş. - İhraç Tavanına İlişkin Bildirim,İhraç Tavanına İlişkin Bildirim SPK'ya Başvuru Hakkında,https://www.kap.org.tr/tr/Bildirim/1575882,tr,2026-03-25T20:00:27+00:00
2026-03-25,HLVKS,KAP,HALK VARLIK KİRALAMA A.Ş. - Pay Dışında Sermaye Piyasası Aracı İşlemlerine İlişkin Bildirim (Faizsiz),Pay Dışında Sermaye Piyasası Aracı İşlemlerine İlişkin Bildirim (Faizsiz) Yurtiçi Kira Sertifikası İhracı Nitelikli Yatırımcıya Satışın Tamamlanması Hk. PYCLL,https://www.kap.org.tr/tr/Bildirim/1575793,tr,2026-03-25T18:20:06+00:00
2026-03-25,HRKET,KAP,HAREKET PROJE TAŞIMACILIĞI VE YÜK MÜHENDİSLİĞİ A.Ş. - Halka Arz Fiyatının Belirlenmesinde Esas Alınan Varsayımlara İlişkin Değerlendirme Raporu,Halka Arz Fiyatının Belirlenmesinde Esas Alınan Varsayımlara İlişkin Değerlendirme Raporu Halka Arz Fiyatının Belirlenmesinde Esas Alınan Varsayımlara İlişkin Değerlendirme Raporu Hk.,https://www.kap.org.tr/tr/Bildirim/1575885,tr,2026-03-25T20:22:03+00:00
2026-03-25,HUBVC,KAP,HUB GİRİŞİM SERMAYESİ YATIRIM ORTAKLIĞI A.Ş. - Kar Payı Dağıtım İşlemlerine İlişkin Bildirim,Kar Payı Dağıtım İşlemlerine İlişkin Bildirim Kar Payı Dağıtımına İlişkin Yönetim Kurulu Kararı Hk.,https://www.kap.org.tr/tr/Bildirim/1575758,tr,2026-03-25T18:11:20+00:00
2026-03-25,HUBVC,KAP,HUB GİRİŞİM SERMAYESİ YATIRIM ORTAKLIĞI A.Ş. - Genel Kurul İşlemlerine İlişkin Bildirim,Genel Kurul İşlemlerine İlişkin Bildirim 2025 Yılı Olağan Genel Kurul Toplantı Daveti Hk.,https://www.kap.org.tr/tr/Bildirim/1575757,tr,2026-03-25T18:11:09+00:00
2026-03-25,HUZFA,KAP,HUZUR FAKTORİNG A.Ş. - Pay Dışında Sermaye Piyasası Aracı İşlemlerine İlişkin Bildirim (Faiz İçeren),Pay Dışında Sermaye Piyasası Aracı İşlemlerine İlişkin Bildirim (Faiz İçeren) TRFHZRF32616 ISIN KODLU FİNANSMAN BONOSU 2.KUPON ORANI BELİRLENMESİ,https://www.kap.org.tr/tr/Bildirim/1575622,tr,2026-03-25T16:48:18+00:00
2026-03-25,IEYHO,KAP,IŞIKLAR ENERJİ VE YAPI HOLDİNG A.Ş. - Özel Durum Açıklaması (Genel),Özel Durum Açıklaması (Genel) Bağlı Ortaklığımız Metemteks Sentetik İplik Sanayi ve Ticaret A.Ş.'nin Olağan Genel Kurul Toplantısı hk.da,https://www.kap.org.tr/tr/Bildirim/1575876,tr,2026-03-25T19:23:26+00:00
2026-03-25,INFO,KAP,İNFO YATIRIM MENKUL DEĞERLER A.Ş. - Yatırım Kuruluşu Varant - Sertifika - Senetlerine İlişkin Bildirim,Yatırım Kuruluşu Varant - Sertifika - Senetlerine İlişkin Bildirim Yatırım Kuruluşu Varantları İlk Satış Fiyatları,https://www.kap.org.tr/tr/Bildirim/1575621,tr,2026-03-25T16:48:09+00:00
2026-03-25,INFO,KAP,İNFO YATIRIM MENKUL DEĞERLER A.Ş. - Pay Dışında Sermaye Piyasası Aracı İşlemlerine İlişkin Bildirim (Faiz İçeren),Pay Dışında Sermaye Piyasası Aracı İşlemlerine İlişkin Bildirim (Faiz İçeren) Finansman Bonosu İhracının Tamamlanması,https://www.kap.org.tr/tr/Bildirim/1575404,tr,2026-03-25T11:19:09+00:00
2026-03-25,INFO,KAP,İNFO YATIRIM MENKUL DEĞERLER A.Ş. - Pay Dışında Sermaye Piyasası Aracı İşlemlerine İlişkin Bildirim (Faiz İçeren),Pay Dışında Sermaye Piyasası Aracı İşlemlerine İlişkin Bildirim (Faiz İçeren) TRFINFM32629 ISIN Kodlu Finansman Bonosunun İtfası,https://www.kap.org.tr/tr/Bildirim/1575403,tr,2026-03-25T11:18:57+00:00
2026-03-25,INVEO,KAP,INVEO YATIRIM HOLDİNG A.Ş. - Payların Geri Alınmasına İlişkin Bildirim,Payların Geri Alınmasına İlişkin Bildirim Pay Geri Alım Programının Sonlandırılması Hakkında,https://www.kap.org.tr/tr/Bildirim/1575756,tr,2026-03-25T18:11:04+00:00
2026-03-25,INVEO,KAP,INVEO YATIRIM HOLDİNG A.Ş. - Bağımsız Denetim Kuruluşunun Belirlenmesi,Bağımsız Denetim Kuruluşunun Belirlenmesi 2026 Yılı Hesap Dönemine İlişkin Bağımsız Denetim Şirketi Seçimi Hakkında,https://www.kap.org.tr/tr/Bildirim/1575487,tr,2026-03-25T14:28:53+00:00
2026-03-25,INVEO,KAP,INVEO YATIRIM HOLDİNG A.Ş. - Kar Payı Dağıtım İşlemlerine İlişkin Bildirim,Kar Payı Dağıtım İşlemlerine İlişkin Bildirim 2025 Yılı Kar Dağıtımı Hususuna İlişkin Genel Kurul Kararı hakkında,https://www.kap.org.tr/tr/Bildirim/1575486,tr,2026-03-25T14:28:34+00:00
2026-03-25,INVEO,KAP,INVEO YATIRIM HOLDİNG A.Ş. - Genel Kurul İşlemlerine İlişkin Bildirim,Genel Kurul İşlemlerine İlişkin Bildirim 2025 Yılı Olağan Genel Kurul Toplantı Sonucu Hakkında,https://www.kap.org.tr/tr/Bildirim/1575474,tr,2026-03-25T14:14:07+00:00
2026-03-25,ISATR,KAP,TÜRKİYE İŞ BANKASI A.Ş. - Özel Durum Açıklaması (Genel),Özel Durum Açıklaması (Genel) Yönetim Kurulu Üye Adayları Hakkında,https://www.kap.org.tr/tr/Bildirim/1575921,tr,2026-03-25T23:35:30+00:00
2026-03-25,ISBTR,KAP,TÜRKİYE İŞ BANKASI A.Ş. - Özel Durum Açıklaması (Genel),Özel Durum Açıklaması (Genel) Yönetim Kurulu Üye Adayları Hakkında,https://www.kap.org.tr/tr/Bildirim/1575921,tr,2026-03-25T23:35:30+00:00
2026-03-25,ISCTR,KAP,TÜRKİYE İŞ BANKASI A.Ş. - Özel Durum Açıklaması (Genel),Özel Durum Açıklaması (Genel) Yönetim Kurulu Üye Adayları Hakkında,https://www.kap.org.tr/tr/Bildirim/1575921,tr,2026-03-25T23:35:30+00:00
2026-03-25,ISFIN,KAP,İŞ FİNANSAL KİRALAMA A.Ş. - Özel Durum Açıklaması (Genel),Özel Durum Açıklaması (Genel) Bağımsız Yönetim Kurulu Üye Adayları,https://www.kap.org.tr/tr/Bildirim/1575620,tr,2026-03-25T16:47:22+00:00
2026-03-25,ISGSY,KAP,İŞ GİRİŞİM SERMAYESİ YATIRIM ORTAKLIĞI A.Ş. - Yönetim Kurulu Komiteleri,Yönetim Kurulu Komiteleri Yönetim Kurulu Komiteleri,https://www.kap.org.tr/tr/Bildirim/1575718,tr,2026-03-25T17:38:29+00:00
2026-03-25,ISGSY,KAP,İŞ GİRİŞİM SERMAYESİ YATIRIM ORTAKLIĞI A.Ş. - Özel Durum Açıklaması (Genel),Özel Durum Açıklaması (Genel) Yönetim Kurulu Görev Dağılımı,https://www.kap.org.tr/tr/Bildirim/1575714,tr,2026-03-25T17:37:47+00:00
2026-03-25,ISGSY,KAP,İŞ GİRİŞİM SERMAYESİ YATIRIM ORTAKLIĞI A.Ş. - Bağımsız Denetim Kuruluşunun Belirlenmesi,Bağımsız Denetim Kuruluşunun Belirlenmesi BAĞIMSIZ DENETİM KURULUŞUNUN BELİRLENMESİ,https://www.kap.org.tr/tr/Bildirim/1575473,tr,2026-03-25T14:12:46+00:00
2026-03-25,ISGSY,KAP,İŞ GİRİŞİM SERMAYESİ YATIRIM ORTAKLIĞI A.Ş. - Kar Payı Dağıtım İşlemlerine İlişkin Bildirim,Kar Payı Dağıtım İşlemlerine İlişkin Bildirim 2025 OLAĞAN GENEL KURUL TOPLANTISI SONUCU,https://www.kap.org.tr/tr/Bildirim/1575472,tr,2026-03-25T14:11:43+00:00
2026-03-25,ISGSY,KAP,İŞ GİRİŞİM SERMAYESİ YATIRIM ORTAKLIĞI A.Ş. - Genel Kurul İşlemlerine İlişkin Bildirim,Genel Kurul İşlemlerine İlişkin Bildirim 2025 OLAĞAN GENEL KURUL TOPLANTI SONUCU,https://www.kap.org.tr/tr/Bildirim/1575471,tr,2026-03-25T14:07:59+00:00
2026-03-25,ISGYO,KAP,İŞ GAYRİMENKUL YATIRIM ORTAKLIĞI A.Ş. - Maddi Duran Varlık Alımı,Maddi Duran Varlık Alımı Kuledibi Binasının Satın Alınması Hakkında ISCTR,https://www.kap.org.tr/tr/Bildirim/1575801,tr,2026-03-25T18:21:43+00:00
2026-03-25,ISGYO,KAP,İŞ GAYRİMENKUL YATIRIM ORTAKLIĞI A.Ş. - Bağımsız Denetim Kuruluşunun Belirlenmesi,Bağımsız Denetim Kuruluşunun Belirlenmesi Bağımsız Denetim Kuruluşunun Tescil ve İlanı,https://www.kap.org.tr/tr/Bildirim/1575618,tr,2026-03-25T16:46:49+00:00
2026-03-25,ISGYO,KAP,İŞ GAYRİMENKUL YATIRIM ORTAKLIĞI A.Ş. - Genel Kurul İşlemlerine İlişkin Bildirim,Genel Kurul İşlemlerine İlişkin Bildirim 2025 Yılı Olağan Genel Kurul Toplantısı Sonuçları Tescili,https://www.kap.org.tr/tr/Bildirim/1575617,tr,2026-03-25T16:42:40+00:00
2026-03-25,ISKPL,KAP,IŞIK PLASTİK SANAYİ VE DIŞ TİCARET PAZARLAMA A.Ş. - Kar Payı Dağıtım İşlemlerine İlişkin Bildirim,Kar Payı Dağıtım İşlemlerine İlişkin Bildirim Kar Dağıtım Genel Kurulda Görüşüldü,https://www.kap.org.tr/tr/Bildirim/1575855,tr,2026-03-25T18:54:34+00:00
2026-03-25,ISKPL,KAP,IŞIK PLASTİK SANAYİ VE DIŞ TİCARET PAZARLAMA A.Ş. - Şirket Genel Bilgi Formu,Şirket Genel Bilgi Formu,https://www.kap.org.tr/tr/Bildirim/1575852,tr,2026-03-25T18:52:11+00:00
2026-03-25,ISKPL,KAP,IŞIK PLASTİK SANAYİ VE DIŞ TİCARET PAZARLAMA A.Ş. - Özel Durum Açıklaması (Genel),Özel Durum Açıklaması (Genel) Bağımsız Yönetim Kurulu üyelerinin bağımsızlık beyanları,https://www.kap.org.tr/tr/Bildirim/1575839,tr,2026-03-25T18:38:07+00:00
2026-03-25,ISKUR,KAP,TÜRKİYE İŞ BANKASI A.Ş. - Özel Durum Açıklaması (Genel),Özel Durum Açıklaması (Genel) Yönetim Kurulu Üye Adayları Hakkında,https://www.kap.org.tr/tr/Bildirim/1575921,tr,2026-03-25T23:35:30+00:00
2026-03-25,ISMEN,KAP,İŞ YATIRIM MENKUL DEĞERLER A.Ş. - Pay Dışında Sermaye Piyasası Aracı İşlemlerine İlişkin Bildirim (Faiz İçeren),Pay Dışında Sermaye Piyasası Aracı İşlemlerine İlişkin Bildirim (Faiz İçeren) 25.03.2026 Vadeli Borçlanma Aracının İtfası,https://www.kap.org.tr/tr/Bildirim/1575514,tr,2026-03-25T15:10:46+00:00
2026-03-25,ISMEN,KAP,İŞ YATIRIM MENKUL DEĞERLER A.Ş. - Piyasa Yapıcılığı Kapsamında Gerçekleştirilen İşlemler Bildirimi,Piyasa Yapıcılığı Kapsamında Gerçekleştirilen İşlemler Bildirimi Borsa Yatırım Fonu Piyasa Yapıcılığı İşlemleri ISGLK,https://www.kap.org.tr/tr/Bildirim/1575508,tr,2026-03-25T15:05:21+00:00
2026-03-25,ISMEN,KAP,İŞ YATIRIM MENKUL DEĞERLER A.Ş. - Yatırım Kuruluşu Varant - Sertifika - Senetlerine İlişkin Bildirim,Yatırım Kuruluşu Varant - Sertifika - Senetlerine İlişkin Bildirim İş Yatırım Sertifika ve Varant Alım Satım İşlemleri,https://www.kap.org.tr/tr/Bildirim/1575505,tr,2026-03-25T15:04:07+00:00
2026-03-25,ISMEN,KAP,İŞ YATIRIM MENKUL DEĞERLER A.Ş. - Pay Dışında Sermaye Piyasası Aracı İşlemlerine İlişkin Bildirim (Faiz İçeren),Pay Dışında Sermaye Piyasası Aracı İşlemlerine İlişkin Bildirim (Faiz İçeren) Borçlanma Aracı İhracı-Satışın Tamamlanması,https://www.kap.org.tr/tr/Bildirim/1575424,tr,2026-03-25T12:27:31+00:00
2026-03-25,ISMEN,KAP,İŞ YATIRIM MENKUL DEĞERLER A.Ş. - Pay Dışında Sermaye Piyasası Aracı İşlemlerine İlişkin Bildirim (Faiz İçeren),Pay Dışında Sermaye Piyasası Aracı İşlemlerine İlişkin Bildirim (Faiz İçeren) Borçlanma Aracı İhracı-Satışın Tamamlanması,https://www.kap.org.tr/tr/Bildirim/1575423,tr,2026-03-25T12:18:00+00:00
2026-03-25,ISYAT,KAP,İŞ YATIRIM ORTAKLIĞI A.Ş. - Esas Sözleşme Tadili,Esas Sözleşme Tadili Esas Sözleşme Tadili Genel Kurul Onayı,https://www.kap.org.tr/tr/Bildirim/1575895,tr,2026-03-25T22:46:28+00:00
2026-03-25,ISYAT,KAP,İŞ YATIRIM ORTAKLIĞI A.Ş. - Bağımsız Denetim Kuruluşunun Belirlenmesi,Bağımsız Denetim Kuruluşunun Belirlenmesi Bağımsız Denetim Kuruluşu'nun Tespitine Yönelik Genel Kurulu Kararı,https://www.kap.org.tr/tr/Bildirim/1575894,tr,2026-03-25T22:41:51+00:00
2026-03-25,ISYAT,KAP,İŞ YATIRIM ORTAKLIĞI A.Ş. - Kayıtlı Sermaye Tavanı İşlemlerine İlişkin Bildirim,Kayıtlı Sermaye Tavanı İşlemlerine İlişkin Bildirim Ana Sözleşme Tadilinin Onaylanması,https://www.kap.org.tr/tr/Bildirim/1575893,tr,2026-03-25T22:35:41+00:00
2026-03-25,ISYAT,KAP,İŞ YATIRIM ORTAKLIĞI A.Ş. - Kar Payı Dağıtım İşlemlerine İlişkin Bildirim,Kar Payı Dağıtım İşlemlerine İlişkin Bildirim 2025 yılı kar dağıtımına ilişkin genel kurul kararı,https://www.kap.org.tr/tr/Bildirim/1575892,tr,2026-03-25T22:30:36+00:00
2026-03-25,ISYAT,KAP,İŞ YATIRIM ORTAKLIĞI A.Ş. - Genel Kurul İşlemlerine İlişkin Bildirim,Genel Kurul İşlemlerine İlişkin Bildirim 2025 Yılı Olağan Genel Kurul Sonucu,https://www.kap.org.tr/tr/Bildirim/1575891,tr,2026-03-25T22:20:32+00:00
2026-03-25,IYF,KAP,İNFO YATIRIM MENKUL DEĞERLER A.Ş. - Yatırım Kuruluşu Varant - Sertifika - Senetlerine İlişkin Bildirim,Yatırım Kuruluşu Varant - Sertifika - Senetlerine İlişkin Bildirim Yatırım Kuruluşu Varantları İlk Satış Fiyatları,https://www.kap.org.tr/tr/Bildirim/1575621,tr,2026-03-25T16:48:09+00:00
2026-03-25,IYF,KAP,İNFO YATIRIM MENKUL DEĞERLER A.Ş. - Pay Dışında Sermaye Piyasası Aracı İşlemlerine İlişkin Bildirim (Faiz İçeren),Pay Dışında Sermaye Piyasası Aracı İşlemlerine İlişkin Bildirim (Faiz İçeren) Finansman Bonosu İhracının Tamamlanması,https://www.kap.org.tr/tr/Bildirim/1575404,tr,2026-03-25T11:19:09+00:00
2026-03-25,IYF,KAP,İNFO YATIRIM MENKUL DEĞERLER A.Ş. - Pay Dışında Sermaye Piyasası Aracı İşlemlerine İlişkin Bildirim (Faiz İçeren),Pay Dışında Sermaye Piyasası Aracı İşlemlerine İlişkin Bildirim (Faiz İçeren) TRFINFM32629 ISIN Kodlu Finansman Bonosunun İtfası,https://www.kap.org.tr/tr/Bildirim/1575403,tr,2026-03-25T11:18:57+00:00
2026-03-25,IYM,KAP,İŞ YATIRIM MENKUL DEĞERLER A.Ş. - Pay Dışında Sermaye Piyasası Aracı İşlemlerine İlişkin Bildirim (Faiz İçeren),Pay Dışında Sermaye Piyasası Aracı İşlemlerine İlişkin Bildirim (Faiz İçeren) 25.03.2026 Vadeli Borçlanma Aracının İtfası,https://www.kap.org.tr/tr/Bildirim/1575514,tr,2026-03-25T15:10:46+00:00
2026-03-25,IYM,KAP,İŞ YATIRIM MENKUL DEĞERLER A.Ş. - Piyasa Yapıcılığı Kapsamında Gerçekleştirilen İşlemler Bildirimi,Piyasa Yapıcılığı Kapsamında Gerçekleştirilen İşlemler Bildirimi Borsa Yatırım Fonu Piyasa Yapıcılığı İşlemleri ISGLK,https://www.kap.org.tr/tr/Bildirim/1575508,tr,2026-03-25T15:05:21+00:00
2026-03-25,IYM,KAP,İŞ YATIRIM MENKUL DEĞERLER A.Ş. - Yatırım Kuruluşu Varant - Sertifika - Senetlerine İlişkin Bildirim,Yatırım Kuruluşu Varant - Sertifika - Senetlerine İlişkin Bildirim İş Yatırım Sertifika ve Varant Alım Satım İşlemleri,https://www.kap.org.tr/tr/Bildirim/1575505,tr,2026-03-25T15:04:07+00:00
2026-03-25,IYM,KAP,İŞ YATIRIM MENKUL DEĞERLER A.Ş. - Pay Dışında Sermaye Piyasası Aracı İşlemlerine İlişkin Bildirim (Faiz İçeren),Pay Dışında Sermaye Piyasası Aracı İşlemlerine İlişkin Bildirim (Faiz İçeren) Borçlanma Aracı İhracı-Satışın Tamamlanması,https://www.kap.org.tr/tr/Bildirim/1575424,tr,2026-03-25T12:27:31+00:00
2026-03-25,IYM,KAP,İŞ YATIRIM MENKUL DEĞERLER A.Ş. - Pay Dışında Sermaye Piyasası Aracı İşlemlerine İlişkin Bildirim (Faiz İçeren),Pay Dışında Sermaye Piyasası Aracı İşlemlerine İlişkin Bildirim (Faiz İçeren) Borçlanma Aracı İhracı-Satışın Tamamlanması,https://www.kap.org.tr/tr/Bildirim/1575423,tr,2026-03-25T12:18:00+00:00
2026-03-25,KATVK,KAP,KATILIM VARLIK KİRALAMA A.Ş. - Pay Dışında Sermaye Piyasası Aracı İşlemlerine İlişkin Bildirim (Faizsiz),Pay Dışında Sermaye Piyasası Aracı İşlemlerine İlişkin Bildirim (Faizsiz) TRDKTLM32617 Yurtiçi Kira Sertifikası İhracının İtfa ve Kupon Ödemesi BRISA,https://www.kap.org.tr/tr/Bildirim/1575614,tr,2026-03-25T16:39:24+00:00
2026-03-25,KATVK,KAP,KATILIM VARLIK KİRALAMA A.Ş. - Pay Dışında Sermaye Piyasası Aracı İşlemlerine İlişkin Bildirim (Faizsiz),Pay Dışında Sermaye Piyasası Aracı İşlemlerine İlişkin Bildirim (Faizsiz) TRDKTLM62622 Yurtiçi Kira Sertifikası İhracının Satışının Tamamlanması BRISA,https://www.kap.org.tr/tr/Bildirim/1575417,tr,2026-03-25T11:46:09+00:00
2026-03-25,KCAER,KAP,KOCAER ÇELİK SANAYİ VE TİCARET A.Ş. - Özel Durum Açıklaması (Genel),Özel Durum Açıklaması (Genel) JCR Kredi Derecelendirmesi,https://www.kap.org.tr/tr/Bildirim/1575822,tr,2026-03-25T18:27:24+00:00
2026-03-25,KCHOL,KAP,KOÇ HOLDİNG A.Ş. - Pay Alım Satım Bildirimi,Pay Alım Satım Bildirimi Hisse satışına ilişkin yetkilendirme ve satış sürecinin başlangıcı TUPRS,https://www.kap.org.tr/tr/Bildirim/1575866,tr,2026-03-25T19:00:04+00:00
2026-03-25,KFILO,KAP,KAYATUR FİLO KİRALAMA A.Ş. - Pay Dışında Sermaye Piyasası Aracı İşlemlerine İlişkin Bildirim (Faiz İçeren),Pay Dışında Sermaye Piyasası Aracı İşlemlerine İlişkin Bildirim (Faiz İçeren) FİNANSMAN BONOSU İHRACI ISIN: TRFKYTRA2617,https://www.kap.org.tr/tr/Bildirim/1575365,tr,2026-03-25T10:00:35+00:00
2026-03-25,KLSYN,KAP,KOLEKSİYON MOBİLYA SANAYİ A.Ş. - Geri Alınan Payların Elden Çıkarılması,Geri Alınan Payların Elden Çıkarılması Geri Alınan Payların Elden Çıkarılması,https://www.kap.org.tr/tr/Bildirim/1575890,tr,2026-03-25T22:02:54+00:00
2026-03-25,KNTFA,KAP,KENT FİNANS FAKTORİNG A.Ş. - Pay Dışında Sermaye Piyasası Aracı İşlemlerine İlişkin Bildirim (Faiz İçeren),Pay Dışında Sermaye Piyasası Aracı İşlemlerine İlişkin Bildirim (Faiz İçeren) Kupon Faiz Oranının Belirlenmesi Hk.,https://www.kap.org.tr/tr/Bildirim/1575833,tr,2026-03-25T18:34:35+00:00
2026-03-25,KORTS,KAP,KORTEKS MENSUCAT SANAYİ VE TİCARET A.Ş. - Pay Dışında Sermaye Piyasası Aracı İşlemlerine İlişkin Bildirim (Faiz İçeren),Pay Dışında Sermaye Piyasası Aracı İşlemlerine İlişkin Bildirim (Faiz İçeren) TRSKORTE2610 ISIN kodlu Korteks ihracının 2. kupon ödeme dönemine ilişkin açıklama,https://www.kap.org.tr/tr/Bildirim/1575463,tr,2026-03-25T14:00:06+00:00
2026-03-25,KRDMA,KAP,KARDEMİR KARABÜK DEMİR ÇELİK SANAYİ VE TİCARET A.Ş. - Entegre Rapor,Entegre Rapor 2025 Yılı Entegre Faaliyet Raporu,https://www.kap.org.tr/tr/Bildirim/1575825,tr,2026-03-25T18:28:17+00:00
2026-03-25,KRDMB,KAP,KARDEMİR KARABÜK DEMİR ÇELİK SANAYİ VE TİCARET A.Ş. - Entegre Rapor,Entegre Rapor 2025 Yılı Entegre Faaliyet Raporu,https://www.kap.org.tr/tr/Bildirim/1575825,tr,2026-03-25T18:28:17+00:00
2026-03-25,KRDMD,KAP,KARDEMİR KARABÜK DEMİR ÇELİK SANAYİ VE TİCARET A.Ş. - Entegre Rapor,Entegre Rapor 2025 Yılı Entegre Faaliyet Raporu,https://www.kap.org.tr/tr/Bildirim/1575825,tr,2026-03-25T18:28:17+00:00
2026-03-25,KRTEK,KAP,KARSU TEKSTİL SANAYİİ VE TİCARET A.Ş. - Kayıtlı Sermaye Tavanı İşlemlerine İlişkin Bildirim,Kayıtlı Sermaye Tavanı İşlemlerine İlişkin Bildirim Kayıtlı Sermaye Tavan Artışı ve Süre Uzatımı-Ticaret Bakanlığı Başvurusu hk.,https://www.kap.org.tr/tr/Bildirim/1575475,tr,2026-03-25T14:14:46+00:00
2026-03-25,KRTEK,KAP,KARSU TEKSTİL SANAYİİ VE TİCARET A.Ş. - Kayıtlı Sermaye Tavanı İşlemlerine İlişkin Bildirim,Kayıtlı Sermaye Tavanı İşlemlerine İlişkin Bildirim Kayıtlı Sermaye Tavanı Artışı ve Süre Uzatımı-SPK Başvurusu-Onay,https://www.kap.org.tr/tr/Bildirim/1575401,tr,2026-03-25T11:13:55+00:00
2026-03-25,KSTUR,KAP,KUŞTUR KUŞADASI TURİZM ENDÜSTRİSİ A.Ş. - Bağımsız Denetim Kuruluşunun Belirlenmesi,Bağımsız Denetim Kuruluşunun Belirlenmesi BAĞIMSIZ DENETİM KURULUŞUNUN SEÇİMİNE İLİŞKİN YÖNETİM KURULU TEKLİFİNİN GENEL KURULDA ONAYI,https://www.kap.org.tr/tr/Bildirim/1575584,tr,2026-03-25T16:16:50+00:00
2026-03-25,KSTUR,KAP,KUŞTUR KUŞADASI TURİZM ENDÜSTRİSİ A.Ş. - Kar Payı Dağıtım İşlemlerine İlişkin Bildirim,Kar Payı Dağıtım İşlemlerine İlişkin Bildirim 25/03/2026 TARİHİNDE YAPILAN OLAĞAN GENEL KURULDA YÖNETİM KURULUNUN KAR DAĞITIM ÖNERİSİNİN ONAYLANMASI,https://www.kap.org.tr/tr/Bildirim/1575573,tr,2026-03-25T16:10:46+00:00
2026-03-25,KSTUR,KAP,KUŞTUR KUŞADASI TURİZM ENDÜSTRİSİ A.Ş. - Genel Kurul İşlemlerine İlişkin Bildirim,Genel Kurul İşlemlerine İlişkin Bildirim KUŞTUR A.Ş. 25/03/2026 TARİHİNDE YAPILAN OLAĞAN GENEL KURUL TOPLANTISI SONUÇLARI,https://www.kap.org.tr/tr/Bildirim/1575559,tr,2026-03-25T16:04:46+00:00
2026-03-25,KTKVK,KAP,KT KİRA SERTİFİKALARI VARLIK KİRALAMA A.Ş. - Şirket Genel Bilgi Formu,Şirket Genel Bilgi Formu,https://www.kap.org.tr/tr/Bildirim/1575468,tr,2026-03-25T14:03:32+00:00
2026-03-25,KTKVK,KAP,KT KİRA SERTİFİKALARI VARLIK KİRALAMA A.Ş. - Özel Durum Açıklaması (Genel),Özel Durum Açıklaması (Genel) 18.03.2026 Tarihli Olağan Genel Kurul Tescil Onayı,https://www.kap.org.tr/tr/Bildirim/1575467,tr,2026-03-25T14:03:00+00:00
2026-03-25,KTSVK,KAP,KT SUKUK VARLIK KİRALAMA A.Ş. - Pay Dışında Sermaye Piyasası Aracı İşlemlerine İlişkin Bildirim (Faizsiz),Pay Dışında Sermaye Piyasası Aracı İşlemlerine İlişkin Bildirim (Faizsiz) TRDKTSK32673 ISIN Kodlu Kira Sertifikası Kupon ve Anapara Ödeme İşlemi Hk. EFORC,https://www.kap.org.tr/tr/Bildirim/1575484,tr,2026-03-25T14:24:08+00:00
2026-03-25,KTSVK,KAP,KT SUKUK VARLIK KİRALAMA A.Ş. - Pay Dışında Sermaye Piyasası Aracı İşlemlerine İlişkin Bildirim (Faizsiz),Pay Dışında Sermaye Piyasası Aracı İşlemlerine İlişkin Bildirim (Faizsiz) TRDKTSK32640 ISIN Kodlu Kira Sertifikası Kupon ve Anapara Ödeme İşlemi Hk.,https://www.kap.org.tr/tr/Bildirim/1575482,tr,2026-03-25T14:23:36+00:00
2026-03-25,KTSVK,KAP,KT SUKUK VARLIK KİRALAMA A.Ş. - Pay Dışında Sermaye Piyasası Aracı İşlemlerine İlişkin Bildirim (Faizsiz),Pay Dışında Sermaye Piyasası Aracı İşlemlerine İlişkin Bildirim (Faizsiz) TRDKTSK32624 ISIN Kodlu Kira Sertifikası Kupon ve Anapara Ödeme İşlemi Hk. AKFK,https://www.kap.org.tr/tr/Bildirim/1575480,tr,2026-03-25T14:23:01+00:00
2026-03-25,KTSVK,KAP,KT SUKUK VARLIK KİRALAMA A.Ş. - Pay Dışında Sermaye Piyasası Aracı İşlemlerine İlişkin Bildirim (Faizsiz),Pay Dışında Sermaye Piyasası Aracı İşlemlerine İlişkin Bildirim (Faizsiz) TRDKTSK32681 ISIN Kodlu Kira Sertifikası Kupon ve Anapara Ödeme İşlemi Hk. EFORC,https://www.kap.org.tr/tr/Bildirim/1575478,tr,2026-03-25T14:22:19+00:00
2026-03-25,KTSVK,KAP,KT SUKUK VARLIK KİRALAMA A.Ş. - Şirket Genel Bilgi Formu,Şirket Genel Bilgi Formu,https://www.kap.org.tr/tr/Bildirim/1575470,tr,2026-03-25T14:04:41+00:00
2026-03-25,KTSVK,KAP,KT SUKUK VARLIK KİRALAMA A.Ş. - Özel Durum Açıklaması (Genel),Özel Durum Açıklaması (Genel) 18.03.2026 Tarihli Olağan Genel Kurul Tescil Onayı,https://www.kap.org.tr/tr/Bildirim/1575469,tr,2026-03-25T14:04:21+00:00
2026-03-25,KTSVK,KAP,KT SUKUK VARLIK KİRALAMA A.Ş. - Tertip İhraç Belgesi,Tertip İhraç Belgesi Tertip İhraç Belgesi 200 Milyon TL-2 SUKKR,https://www.kap.org.tr/tr/Bildirim/1575382,tr,2026-03-25T10:26:09+00:00
2026-03-25,KTSVK,KAP,KT SUKUK VARLIK KİRALAMA A.Ş. - Tertip İhraç Belgesi,Tertip İhraç Belgesi Tertip İhraç Belgesi 200 Milyon TL-1 SUKKR,https://www.kap.org.tr/tr/Bildirim/1575381,tr,2026-03-25T10:25:41+00:00
2026-03-25,KZBGY,KAP,KIZILBÜK GAYRİMENKUL YATIRIM ORTAKLIĞI A.Ş. - Şirket Genel Bilgi Formu,Şirket Genel Bilgi Formu,https://www.kap.org.tr/tr/Bildirim/1575357,tr,2026-03-25T09:39:00+00:00
2026-03-25,LXGYO,KAP,LUXERA GAYRİMENKUL YATIRIM ORTAKLIĞI A.Ş. - Özel Durum Açıklaması (Genel),Özel Durum Açıklaması (Genel) Değerleme Şirketi Seçimi,https://www.kap.org.tr/tr/Bildirim/1575492,tr,2026-03-25T14:39:06+00:00
2026-03-25,MAKIM,KAP,MAKİM MAKİNA TEKNOLOJİLERİ SANAYİ VE TİCARET A.Ş. - Kar Payı Dağıtım İşlemlerine İlişkin Bildirim,Kar Payı Dağıtım İşlemlerine İlişkin Bildirim Kar Payı Dağıtım İşlemlerine İlişkin Bildirim,https://www.kap.org.tr/tr/Bildirim/1575767,tr,2026-03-25T18:15:22+00:00
2026-03-25,MAKIM,KAP,MAKİM MAKİNA TEKNOLOJİLERİ SANAYİ VE TİCARET A.Ş. - Genel Kurul İşlemlerine İlişkin Bildirim,Genel Kurul İşlemlerine İlişkin Bildirim Genel Kurul İşlemlerine İlişkin Bildirim,https://www.kap.org.tr/tr/Bildirim/1575761,tr,2026-03-25T18:13:28+00:00
2026-03-25,MAKIM,KAP,MAKİM MAKİNA TEKNOLOJİLERİ SANAYİ VE TİCARET A.Ş. - Bağımsız Denetim Kuruluşunun Belirlenmesi,Bağımsız Denetim Kuruluşunun Belirlenmesi Bağımsız Denetim Kuruluşunun Belirlenmesi,https://www.kap.org.tr/tr/Bildirim/1575759,tr,2026-03-25T18:12:31+00:00
2026-03-25,MARTI,KAP,MARTI OTEL İŞLETMELERİ A.Ş. - Sermaye Artırımı - Azaltımı İşlemlerine İlişkin Bildirim,Sermaye Artırımı - Azaltımı İşlemlerine İlişkin Bildirim Esas Sözleşmenin Tadili İçin SPK?ya Başvuru Yapılması,https://www.kap.org.tr/tr/Bildirim/1575742,tr,2026-03-25T18:00:28+00:00
2026-03-25,MEGMT,KAP,MEGA METAL SANAYİ VE TİCARET A.Ş. - Katılım Finansı İlkeleri Bilgi Formu,Katılım Finansı İlkeleri Bilgi Formu,https://www.kap.org.tr/tr/Bildirim/1575886,tr,2026-03-25T20:24:49+00:00
2026-03-25,MERIT,KAP,MERİT TURİZM YATIRIM VE İŞLETME A.Ş. - İlişkili Taraf İşlemleri,İlişkili Taraf İşlemleri 2026 Yılı İlişkili Taraf İşlemleri Raporu hk.,https://www.kap.org.tr/tr/Bildirim/1575704,tr,2026-03-25T17:27:47+00:00
2026-03-25,MERIT,KAP,MERİT TURİZM YATIRIM VE İŞLETME A.Ş. - Bağımsız Denetim Kuruluşunun Belirlenmesi,Bağımsız Denetim Kuruluşunun Belirlenmesi Bağımsız Denetim Kuruluşunun Belirlenmesi hk.,https://www.kap.org.tr/tr/Bildirim/1575694,tr,2026-03-25T17:26:45+00:00
2026-03-25,METRO,KAP,METRO TİCARİ VE MALİ YATIRIMLAR HOLDİNG A.Ş. - Katılım Finansı İlkeleri Bilgi Formu,Katılım Finansı İlkeleri Bilgi Formu,https://www.kap.org.tr/tr/Bildirim/1575846,tr,2026-03-25T18:43:11+00:00
2026-03-25,METRO,KAP,METRO TİCARİ VE MALİ YATIRIMLAR HOLDİNG A.Ş. - Sürdürülebilirlik Uyum Raporu,Sürdürülebilirlik Uyum Raporu Sürdürülebilirlik Uyum Raporu 2025,https://www.kap.org.tr/tr/Bildirim/1575776,tr,2026-03-25T18:16:34+00:00
2026-03-25,METRO,KAP,METRO TİCARİ VE MALİ YATIRIMLAR HOLDİNG A.Ş. - Kurumsal Yönetim Bilgi Formu,Kurumsal Yönetim Bilgi Formu KYBF 2025,https://www.kap.org.tr/tr/Bildirim/1575772,tr,2026-03-25T18:15:56+00:00
2026-03-25,METRO,KAP,METRO TİCARİ VE MALİ YATIRIMLAR HOLDİNG A.Ş. - Kurumsal Yönetim Uyum Raporu,Kurumsal Yönetim Uyum Raporu Kurumsal Yönetim Uyum Raporu 2025,https://www.kap.org.tr/tr/Bildirim/1575763,tr,2026-03-25T18:14:27+00:00
2026-03-25,METRO,KAP,METRO TİCARİ VE MALİ YATIRIMLAR HOLDİNG A.Ş. - Sorumluluk Beyanı (Konsolide Olmayan),Sorumluluk Beyanı (Konsolide Olmayan) Sorumluluk Beyanı,https://www.kap.org.tr/tr/Bildirim/1575762,tr,2026-03-25T18:13:52+00:00
2026-03-25,METRO,KAP,METRO TİCARİ VE MALİ YATIRIMLAR HOLDİNG A.Ş. - Faaliyet Raporu (Konsolide Olmayan),Faaliyet Raporu (Konsolide Olmayan) Faaliyet Raporu,https://www.kap.org.tr/tr/Bildirim/1575760,tr,2026-03-25T18:13:09+00:00
2026-03-25,METRO,KAP,METRO TİCARİ VE MALİ YATIRIMLAR HOLDİNG A.Ş. - Finansal Rapor,Finansal Rapor,https://www.kap.org.tr/tr/Bildirim/1575754,tr,2026-03-25T18:10:23+00:00
2026-03-25,MGROS,KAP,MİGROS TİCARET A.Ş. - Geleceğe Dönük Değerlendirmeler,Geleceğe Dönük Değerlendirmeler Geleceğe Yönelik Beklentiler,https://www.kap.org.tr/tr/Bildirim/1575510,tr,2026-03-25T15:06:40+00:00
2026-03-25,MHRGY,KAP,MHR GAYRİMENKUL YATIRIM ORTAKLIĞI A.Ş. - Kayıtlı Sermaye Tavanı İşlemlerine İlişkin Bildirim,Kayıtlı Sermaye Tavanı İşlemlerine İlişkin Bildirim Kayıtlı Sermaye Tavanı SPK Onayı hk.,https://www.kap.org.tr/tr/Bildirim/1575648,tr,2026-03-25T17:04:14+00:00
2026-03-25,MMCAS,KAP,MMC SANAYİ VE TİCARİ YATIRIMLAR A.Ş. - Finansal Rapor,Finansal Rapor,https://www.kap.org.tr/tr/Bildirim/1575795,tr,2026-03-25T18:20:10+00:00
2026-03-25,MMCAS,KAP,MMC SANAYİ VE TİCARİ YATIRIMLAR A.Ş. - Finansal Rapor,Finansal Rapor,https://www.kap.org.tr/tr/Bildirim/1575792,tr,2026-03-25T18:19:56+00:00
2026-03-25,MMCAS,KAP,MMC SANAYİ VE TİCARİ YATIRIMLAR A.Ş. - Finansal Rapor,Finansal Rapor,https://www.kap.org.tr/tr/Bildirim/1575790,tr,2026-03-25T18:19:42+00:00
2026-03-25,MMCAS,KAP,MMC SANAYİ VE TİCARİ YATIRIMLAR A.Ş. - Finansal Rapor,Finansal Rapor,https://www.kap.org.tr/tr/Bildirim/1575788,tr,2026-03-25T18:19:27+00:00
2026-03-25,MMCAS,KAP,MMC SANAYİ VE TİCARİ YATIRIMLAR A.Ş. - Finansal Rapor,Finansal Rapor,https://www.kap.org.tr/tr/Bildirim/1575781,tr,2026-03-25T18:17:58+00:00
2026-03-25,MMCAS,KAP,MMC SANAYİ VE TİCARİ YATIRIMLAR A.Ş. - Finansal Tablo ve-veya Dipnot Değişikliği,Finansal Tablo ve-veya Dipnot Değişikliği 01.01.2025-31.03.2025 dönemine ait Finansal Tablolarda yapılan düzeltme,https://www.kap.org.tr/tr/Bildirim/1575435,tr,2026-03-25T13:21:33+00:00
2026-03-25,MMCAS,KAP,MMC SANAYİ VE TİCARİ YATIRIMLAR A.Ş. - Finansal Tablo ve-veya Dipnot Değişikliği,Finansal Tablo ve-veya Dipnot Değişikliği 01.01.2024-31.12.2024 dönemine ait Finansal Tablolarda yapılan düzeltme,https://www.kap.org.tr/tr/Bildirim/1575434,tr,2026-03-25T13:21:19+00:00
2026-03-25,MOGAN,KAP,MOGAN ENERJİ YATIRIM HOLDİNG A.Ş. - Halka Arz Fiyatının Belirlenmesinde Esas Alınan Varsayımlara İlişkin Değerlendirme Raporu,Halka Arz Fiyatının Belirlenmesinde Esas Alınan Varsayımlara İlişkin Değerlendirme Raporu Halka Arz Fiyatının Belirlenmesinde Esas Alınan Varsayımlara İlişkin Değerlendirme Raporu hk.,https://www.kap.org.tr/tr/Bildirim/1575865,tr,2026-03-25T19:00:02+00:00
2026-03-25,NRBNK,KAP,NUROL YATIRIM BANKASI A.Ş. - Pay Dışında Sermaye Piyasası Aracı İşlemlerine İlişkin Bildirim (Faiz İçeren),Pay Dışında Sermaye Piyasası Aracı İşlemlerine İlişkin Bildirim (Faiz İçeren) TRFNURL32639 ISIN Kodlu Finansman Bonosunun İtfası,https://www.kap.org.tr/tr/Bildirim/1575547,tr,2026-03-25T15:46:33+00:00
2026-03-25,NRBNK,KAP,NUROL YATIRIM BANKASI A.Ş. - Pay Dışında Sermaye Piyasası Aracı İşlemlerine İlişkin Bildirim (Faiz İçeren),Pay Dışında Sermaye Piyasası Aracı İşlemlerine İlişkin Bildirim (Faiz İçeren) TRFNURL32621 ISIN Kodlu Finansman Bonosunun İtfası,https://www.kap.org.tr/tr/Bildirim/1575546,tr,2026-03-25T15:46:19+00:00
2026-03-25,NRBNK,KAP,NUROL YATIRIM BANKASI A.Ş. - Pay Dışında Sermaye Piyasası Aracı İşlemlerine İlişkin Bildirim (Faiz İçeren),Pay Dışında Sermaye Piyasası Aracı İşlemlerine İlişkin Bildirim (Faiz İçeren) TRSNURL42714 ISIN Kodlu Tahvil Satışının Tamamlanması,https://www.kap.org.tr/tr/Bildirim/1575389,tr,2026-03-25T10:35:38+00:00
2026-03-25,NRBNK,KAP,NUROL YATIRIM BANKASI A.Ş. - Pay Dışında Sermaye Piyasası Aracı İşlemlerine İlişkin Bildirim (Faiz İçeren),Pay Dışında Sermaye Piyasası Aracı İşlemlerine İlişkin Bildirim (Faiz İçeren) TRFNURL92625 ISIN Kodlu Finansman Bonosunun Satışının Tamamlanması,https://www.kap.org.tr/tr/Bildirim/1575388,tr,2026-03-25T10:35:16+00:00
2026-03-25,NTHOL,KAP,NET HOLDİNG A.Ş. - İlişkili Taraf İşlemleri,İlişkili Taraf İşlemleri 2026 Yılı İlişkili Taraf İşlemleri hk.,https://www.kap.org.tr/tr/Bildirim/1575708,tr,2026-03-25T17:29:55+00:00
2026-03-25,NTHOL,KAP,NET HOLDİNG A.Ş. - Bağımsız Denetim Kuruluşunun Belirlenmesi,Bağımsız Denetim Kuruluşunun Belirlenmesi Bağımsız Denetim Kuruluşunun Belirlenmesi hk.,https://www.kap.org.tr/tr/Bildirim/1575705,tr,2026-03-25T17:29:20+00:00
2026-03-25,NUHCM,KAP,NUH ÇİMENTO SANAYİ A.Ş. - Şirket Genel Bilgi Formu,Şirket Genel Bilgi Formu,https://www.kap.org.tr/tr/Bildirim/1575881,tr,2026-03-25T19:39:20+00:00
2026-03-25,NUHCM,KAP,NUH ÇİMENTO SANAYİ A.Ş. - Yönetim Kurulu Komiteleri,Yönetim Kurulu Komiteleri Yönetim Kurulu Komite Üyeliklerinin Belirlenmesi,https://www.kap.org.tr/tr/Bildirim/1575880,tr,2026-03-25T19:38:46+00:00
2026-03-25,NYB,KAP,NUROL YATIRIM BANKASI A.Ş. - Pay Dışında Sermaye Piyasası Aracı İşlemlerine İlişkin Bildirim (Faiz İçeren),Pay Dışında Sermaye Piyasası Aracı İşlemlerine İlişkin Bildirim (Faiz İçeren) TRFNURL32639 ISIN Kodlu Finansman Bonosunun İtfası,https://www.kap.org.tr/tr/Bildirim/1575547,tr,2026-03-25T15:46:33+00:00
2026-03-25,NYB,KAP,NUROL YATIRIM BANKASI A.Ş. - Pay Dışında Sermaye Piyasası Aracı İşlemlerine İlişkin Bildirim (Faiz İçeren),Pay Dışında Sermaye Piyasası Aracı İşlemlerine İlişkin Bildirim (Faiz İçeren) TRFNURL32621 ISIN Kodlu Finansman Bonosunun İtfası,https://www.kap.org.tr/tr/Bildirim/1575546,tr,2026-03-25T15:46:19+00:00
2026-03-25,NYB,KAP,NUROL YATIRIM BANKASI A.Ş. - Pay Dışında Sermaye Piyasası Aracı İşlemlerine İlişkin Bildirim (Faiz İçeren),Pay Dışında Sermaye Piyasası Aracı İşlemlerine İlişkin Bildirim (Faiz İçeren) TRSNURL42714 ISIN Kodlu Tahvil Satışının Tamamlanması,https://www.kap.org.tr/tr/Bildirim/1575389,tr,2026-03-25T10:35:38+00:00
2026-03-25,NYB,KAP,NUROL YATIRIM BANKASI A.Ş. - Pay Dışında Sermaye Piyasası Aracı İşlemlerine İlişkin Bildirim (Faiz İçeren),Pay Dışında Sermaye Piyasası Aracı İşlemlerine İlişkin Bildirim (Faiz İçeren) TRFNURL92625 ISIN Kodlu Finansman Bonosunun Satışının Tamamlanması,https://www.kap.org.tr/tr/Bildirim/1575388,tr,2026-03-25T10:35:16+00:00
2026-03-25,OBAMS,KAP,OBA MAKARNACILIK SANAYİ VE TİCARET A.Ş. - Halka Arz Fiyatının Belirlenmesinde Esas Alınan Varsayımlara İlişkin Değerlendirme Raporu,"Halka Arz Fiyatının Belirlenmesinde Esas Alınan Varsayımlara İlişkin Değerlendirme Raporu 2025 Yılı Hesap Dönemi Halka Arz Fiyatının Belirlenmesinde Esas Alınan Varsayımlara İlişkin Değerlendirme Raporu Hakkında,",https://www.kap.org.tr/tr/Bildirim/1575856,tr,2026-03-25T18:54:48+00:00
2026-03-25,ODINE,KAP,ODİNE SOLUTİONS TEKNOLOJİ TİCARET VE SANAYİ A.Ş. - Olağan Dışı Fiyat ve Miktar Hareketleri,Olağan Dışı Fiyat ve Miktar Hareketleri Olağan Dışı Fiyat ve Miktar Hareketleri Hakkında,https://www.kap.org.tr/tr/Bildirim/1575896,tr,2026-03-25T22:56:11+00:00
2026-03-25,OFSYM,KAP,OFİS YEM GIDA SANAYİ TİCARET A.Ş. - Payların Geri Alınmasına İlişkin Bildirim,Payların Geri Alınmasına İlişkin Bildirim Pay Geri Alım Programının Sonlandırılması Hk.,https://www.kap.org.tr/tr/Bildirim/1575334,tr,2026-03-25T07:02:57+00:00
2026-03-25,OMD,KAP,OSMANLI YATIRIM MENKUL DEĞERLER A.Ş. - Özel Durum Açıklaması (Genel),Özel Durum Açıklaması (Genel) Bağlı Ortaklığımız Osmanlı Portföy Yönetimi A.Ş. Sermaye Tavanı ve Sermaye Artırımı Başvurusu,https://www.kap.org.tr/tr/Bildirim/1575848,tr,2026-03-25T18:44:39+00:00
2026-03-25,OMD,KAP,OSMANLI YATIRIM MENKUL DEĞERLER A.Ş. - Kar Payı Dağıtım İşlemlerine İlişkin Bildirim,Kar Payı Dağıtım İşlemlerine İlişkin Bildirim 2025 Yılı Kar Payı Dağıtım Önerisi,https://www.kap.org.tr/tr/Bildirim/1575829,tr,2026-03-25T18:30:21+00:00
2026-03-25,OMD,KAP,OSMANLI YATIRIM MENKUL DEĞERLER A.Ş. - Genel Kurul İşlemlerine İlişkin Bildirim,Genel Kurul İşlemlerine İlişkin Bildirim 2025 Yılı Olağan Genel Kurul Çağrısı,https://www.kap.org.tr/tr/Bildirim/1575678,tr,2026-03-25T17:23:41+00:00
2026-03-25,ONRYT,KAP,ONUR YÜKSEK TEKNOLOJİ A.Ş. - Halka Arz Fiyatının Belirlenmesinde Esas Alınan Varsayımlara İlişkin Değerlendirme Raporu,Halka Arz Fiyatının Belirlenmesinde Esas Alınan Varsayımlara İlişkin Değerlendirme Raporu Halka Arz Fiyatının Belirlenmesinde Esas Alınan Varsayımlara İlişkin Değerlendirme Raporu,https://www.kap.org.tr/tr/Bildirim/1575874,tr,2026-03-25T19:21:05+00:00
2026-03-25,ORCAY,KAP,ORÇAY ORTAKÖY ÇAY SANAYİ VE TİCARET A.Ş. - Kar Payı Dağıtım İşlemlerine İlişkin Bildirim,Kar Payı Dağıtım İşlemlerine İlişkin Bildirim 2025 Kar Payı Dağıtım İşlemlerine İlişkin Bildirim,https://www.kap.org.tr/tr/Bildirim/1575747,tr,2026-03-25T18:04:02+00:00
2026-03-25,ORCAY,KAP,ORÇAY ORTAKÖY ÇAY SANAYİ VE TİCARET A.Ş. - Genel Kurul İşlemlerine İlişkin Bildirim,Genel Kurul İşlemlerine İlişkin Bildirim Genel Kurul İşlemlerine İlişkin Bildirim,https://www.kap.org.tr/tr/Bildirim/1575746,tr,2026-03-25T18:03:53+00:00
2026-03-25,ORCAY,KAP,ORÇAY ORTAKÖY ÇAY SANAYİ VE TİCARET A.Ş. - Bağımsız Denetim Kuruluşunun Belirlenmesi,Bağımsız Denetim Kuruluşunun Belirlenmesi Bağımsız Denetim Şirketi Seçimi,https://www.kap.org.tr/tr/Bildirim/1575745,tr,2026-03-25T18:03:42+00:00
2026-03-25,OSMEN,KAP,OSMANLI YATIRIM MENKUL DEĞERLER A.Ş. - Özel Durum Açıklaması (Genel),Özel Durum Açıklaması (Genel) Bağlı Ortaklığımız Osmanlı Portföy Yönetimi A.Ş. Sermaye Tavanı ve Sermaye Artırımı Başvurusu,https://www.kap.org.tr/tr/Bildirim/1575848,tr,2026-03-25T18:44:39+00:00
2026-03-25,OSMEN,KAP,OSMANLI YATIRIM MENKUL DEĞERLER A.Ş. - Kar Payı Dağıtım İşlemlerine İlişkin Bildirim,Kar Payı Dağıtım İşlemlerine İlişkin Bildirim 2025 Yılı Kar Payı Dağıtım Önerisi,https://www.kap.org.tr/tr/Bildirim/1575829,tr,2026-03-25T18:30:21+00:00
2026-03-25,OSMEN,KAP,OSMANLI YATIRIM MENKUL DEĞERLER A.Ş. - Genel Kurul İşlemlerine İlişkin Bildirim,Genel Kurul İşlemlerine İlişkin Bildirim 2025 Yılı Olağan Genel Kurul Çağrısı,https://www.kap.org.tr/tr/Bildirim/1575678,tr,2026-03-25T17:23:41+00:00
2026-03-25,OYA,KAP,OYAK YATIRIM MENKUL DEĞERLER A.Ş. - Pay Dışında Sermaye Piyasası Aracı İşlemlerine İlişkin Bildirim (Faiz İçeren),Pay Dışında Sermaye Piyasası Aracı İşlemlerine İlişkin Bildirim (Faiz İçeren) TRFOYMD12621 Bono İtfası,https://www.kap.org.tr/tr/Bildirim/1575844,tr,2026-03-25T18:40:18+00:00
2026-03-25,OYA,KAP,OYAK YATIRIM MENKUL DEĞERLER A.Ş. - Pay Dışında Sermaye Piyasası Aracı İşlemlerine İlişkin Bildirim (Faiz İçeren),Pay Dışında Sermaye Piyasası Aracı İşlemlerine İlişkin Bildirim (Faiz İçeren) TRFOYMD22612 Bono İtfası,https://www.kap.org.tr/tr/Bildirim/1575843,tr,2026-03-25T18:39:35+00:00
2026-03-25,OYA,KAP,OYAK YATIRIM MENKUL DEĞERLER A.Ş. - Piyasa Yapıcılığı Kapsamında Gerçekleştirilen İşlemler Bildirimi,Piyasa Yapıcılığı Kapsamında Gerçekleştirilen İşlemler Bildirimi 25/03/2026 TARİHLİ OYAYO PİYASA YAPICILIĞI İŞLEMLERİ OYAYO,https://www.kap.org.tr/tr/Bildirim/1575837,tr,2026-03-25T18:37:47+00:00
2026-03-25,OYAYO,KAP,OYAK YATIRIM ORTAKLIĞI A.Ş. - Özel Durum Açıklaması (Genel),"Özel Durum Açıklaması (Genel) Ortaklık paylarının BİAŞ'ta oluşan ağırlıklı ortalama fiyatının, pay başına net aktif değerinin 2 katını aşması hakkında",https://www.kap.org.tr/tr/Bildirim/1575390,tr,2026-03-25T10:38:23+00:00
2026-03-25,OYLUM,KAP,OYLUM SINAİ YATIRIMLAR A.Ş. - Özel Durum Açıklaması (Genel),Özel Durum Açıklaması (Genel) Şube Açılışı Hk.,https://www.kap.org.tr/tr/Bildirim/1575391,tr,2026-03-25T10:42:38+00:00
2026-03-25,OYYAT,KAP,OYAK YATIRIM MENKUL DEĞERLER A.Ş. - Pay Dışında Sermaye Piyasası Aracı İşlemlerine İlişkin Bildirim (Faiz İçeren),Pay Dışında Sermaye Piyasası Aracı İşlemlerine İlişkin Bildirim (Faiz İçeren) TRFOYMD12621 Bono İtfası,https://www.kap.org.tr/tr/Bildirim/1575844,tr,2026-03-25T18:40:18+00:00
2026-03-25,OYYAT,KAP,OYAK YATIRIM MENKUL DEĞERLER A.Ş. - Pay Dışında Sermaye Piyasası Aracı İşlemlerine İlişkin Bildirim (Faiz İçeren),Pay Dışında Sermaye Piyasası Aracı İşlemlerine İlişkin Bildirim (Faiz İçeren) TRFOYMD22612 Bono İtfası,https://www.kap.org.tr/tr/Bildirim/1575843,tr,2026-03-25T18:39:35+00:00
2026-03-25,OYYAT,KAP,OYAK YATIRIM MENKUL DEĞERLER A.Ş. - Piyasa Yapıcılığı Kapsamında Gerçekleştirilen İşlemler Bildirimi,Piyasa Yapıcılığı Kapsamında Gerçekleştirilen İşlemler Bildirimi 25/03/2026 TARİHLİ OYAYO PİYASA YAPICILIĞI İŞLEMLERİ OYAYO,https://www.kap.org.tr/tr/Bildirim/1575837,tr,2026-03-25T18:37:47+00:00
2026-03-25,PKENT,KAP,PETROKENT TURİZM A.Ş. - Kayıtlı Sermaye Tavanı İşlemlerine İlişkin Bildirim,Kayıtlı Sermaye Tavanı İşlemlerine İlişkin Bildirim Kayıtlı Sermaye Tavanı Hk.,https://www.kap.org.tr/tr/Bildirim/1575452,tr,2026-03-25T13:46:26+00:00
2026-03-25,PKENT,KAP,PETROKENT TURİZM A.Ş. - Kar Payı Dağıtım İşlemlerine İlişkin Bildirim,Kar Payı Dağıtım İşlemlerine İlişkin Bildirim 2025 Olağan Genel Kurulu Kararına İstinaden Kar Payı Dağıtım Konusu Hk.,https://www.kap.org.tr/tr/Bildirim/1575450,tr,2026-03-25T13:45:54+00:00
2026-03-25,PKENT,KAP,PETROKENT TURİZM A.Ş. - Genel Kurul İşlemlerine İlişkin Bildirim,Genel Kurul İşlemlerine İlişkin Bildirim 2025 Yılı Olağan Genel Kurul Toplantısı Sonucu Hk.,https://www.kap.org.tr/tr/Bildirim/1575443,tr,2026-03-25T13:36:03+00:00
2026-03-25,QFINF,KAP,Q FİNANS FAKTORİNG A.Ş. - Pay Dışında Sermaye Piyasası Aracı İşlemlerine İlişkin Bildirim (Faiz İçeren),Pay Dışında Sermaye Piyasası Aracı İşlemlerine İlişkin Bildirim (Faiz İçeren) TRFQFNS32611 ISIN kodlu tahvilin anapara ve kupon ödemesi hakkında,https://www.kap.org.tr/tr/Bildirim/1575606,tr,2026-03-25T16:29:00+00:00
2026-03-25,QNBTR,KAP,QNB BANK A.Ş. - Pay Dışında Sermaye Piyasası Aracı İşlemlerine İlişkin Bildirim (Faiz İçeren),Pay Dışında Sermaye Piyasası Aracı İşlemlerine İlişkin Bildirim (Faiz İçeren) MTN programı kapsamında yurtdışında ihraç edilen borçlanma aracının itfası,https://www.kap.org.tr/tr/Bildirim/1575386,tr,2026-03-25T10:30:41+00:00
2026-03-25,QUFIN,KAP,QUICK FİNANSMAN A.Ş. - Pay Dışında Sermaye Piyasası Aracı İşlemlerine İlişkin Bildirim (Faiz İçeren),Pay Dışında Sermaye Piyasası Aracı İşlemlerine İlişkin Bildirim (Faiz İçeren) Özel Sektör Tahvili itfası Anapara ve Kupon Ödemesi,https://www.kap.org.tr/tr/Bildirim/1575402,tr,2026-03-25T11:17:52+00:00
2026-03-25,QYHOL,KAP,Q YATIRIM HOLDİNG A.Ş. - Pay Dışında Sermaye Piyasası Aracı İşlemlerine İlişkin Bildirim (Faiz İçeren),Pay Dışında Sermaye Piyasası Aracı İşlemlerine İlişkin Bildirim (Faiz İçeren) TRSQYHL32620 ISIN No'lu Kıymetin İtfası,https://www.kap.org.tr/tr/Bildirim/1575466,tr,2026-03-25T14:01:46+00:00
2026-03-25,RYSAS,KAP,REYSAŞ TAŞIMACILIK VE LOJİSTİK TİCARET A.Ş. - Pay Dışında Sermaye Piyasası Aracı İşlemlerine İlişkin Bildirim (Faiz İçeren),Pay Dışında Sermaye Piyasası Aracı İşlemlerine İlişkin Bildirim (Faiz İçeren) Tahvil İhracının Tamamlanması,https://www.kap.org.tr/tr/Bildirim/1575380,tr,2026-03-25T10:25:19+00:00
2026-03-25,SAFKR,KAP,SAFKAR EGE SOĞUTMACILIK KLİMA SOĞUK HAVA TESİSLERİ İHRACAT İTHALAT SANAYİ VE TİCARET A.Ş. - Pay Satış Bilgi Formu,Pay Satış Bilgi Formu Pay satış bilgi formu SPK onayı,https://www.kap.org.tr/tr/Bildirim/1575483,tr,2026-03-25T14:23:57+00:00
2026-03-25,SEK,KAP,ŞEKERBANK T.A.Ş. - Özel Durum Açıklaması (Genel),Özel Durum Açıklaması (Genel) Güneydoğu Avrupa Fonu (EFSE) ile imzalanan kredi sözleşmesi,https://www.kap.org.tr/tr/Bildirim/1575914,tr,2026-03-25T23:18:35+00:00
2026-03-25,SKBNK,KAP,ŞEKERBANK T.A.Ş. - Özel Durum Açıklaması (Genel),Özel Durum Açıklaması (Genel) Güneydoğu Avrupa Fonu (EFSE) ile imzalanan kredi sözleşmesi,https://www.kap.org.tr/tr/Bildirim/1575914,tr,2026-03-25T23:18:35+00:00
2026-03-25,SKY,KAP,ŞEKER YATIRIM MENKUL DEĞERLER A.Ş. - Şirket Genel Bilgi Formu,Şirket Genel Bilgi Formu,https://www.kap.org.tr/tr/Bildirim/1575707,tr,2026-03-25T17:29:37+00:00
2026-03-25,SKY,KAP,ŞEKER YATIRIM MENKUL DEĞERLER A.Ş. - İhraç Tavanına İlişkin Bildirim,İhraç Tavanına İlişkin Bildirim Borçlanma Aracı İhracına İlişkin Yönetim Kurulu Kararı,https://www.kap.org.tr/tr/Bildirim/1575706,tr,2026-03-25T17:29:24+00:00
2026-03-25,SKY,KAP,ŞEKER YATIRIM MENKUL DEĞERLER A.Ş. - Pay Dışında Sermaye Piyasası Aracı İşlemlerine İlişkin Bildirim (Faiz İçeren),Pay Dışında Sermaye Piyasası Aracı İşlemlerine İlişkin Bildirim (Faiz İçeren) TRFSKMD62626 ISIN kodlu 91 gün vadeli iskontolu finansman bonosunun ihracı,https://www.kap.org.tr/tr/Bildirim/1575335,tr,2026-03-25T08:11:19+00:00
2026-03-25,SKYMD,KAP,ŞEKER YATIRIM MENKUL DEĞERLER A.Ş. - Şirket Genel Bilgi Formu,Şirket Genel Bilgi Formu,https://www.kap.org.tr/tr/Bildirim/1575707,tr,2026-03-25T17:29:37+00:00
2026-03-25,SKYMD,KAP,ŞEKER YATIRIM MENKUL DEĞERLER A.Ş. - İhraç Tavanına İlişkin Bildirim,İhraç Tavanına İlişkin Bildirim Borçlanma Aracı İhracına İlişkin Yönetim Kurulu Kararı,https://www.kap.org.tr/tr/Bildirim/1575706,tr,2026-03-25T17:29:24+00:00
2026-03-25,SKYMD,KAP,ŞEKER YATIRIM MENKUL DEĞERLER A.Ş. - Pay Dışında Sermaye Piyasası Aracı İşlemlerine İlişkin Bildirim (Faiz İçeren),Pay Dışında Sermaye Piyasası Aracı İşlemlerine İlişkin Bildirim (Faiz İçeren) TRFSKMD62626 ISIN kodlu 91 gün vadeli iskontolu finansman bonosunun ihracı,https://www.kap.org.tr/tr/Bildirim/1575335,tr,2026-03-25T08:11:19+00:00
2026-03-25,SUWEN,KAP,SUWEN TEKSTİL SANAYİ PAZARLAMA A.Ş. - Özel Durum Açıklaması (Genel),Özel Durum Açıklaması (Genel) Yönetim Kurulu Görev Dağılımı,https://www.kap.org.tr/tr/Bildirim/1575711,tr,2026-03-25T17:36:02+00:00
2026-03-25,SUWEN,KAP,SUWEN TEKSTİL SANAYİ PAZARLAMA A.Ş. - Kar Payı Dağıtım İşlemlerine İlişkin Bildirim,Kar Payı Dağıtım İşlemlerine İlişkin Bildirim Yönetim Kurulunun Kar Dağıtım Önerisinin Genel Kurulda Kabul Edilmesi,https://www.kap.org.tr/tr/Bildirim/1575681,tr,2026-03-25T17:25:15+00:00
2026-03-25,SUWEN,KAP,SUWEN TEKSTİL SANAYİ PAZARLAMA A.Ş. - Genel Kurul İşlemlerine İlişkin Bildirim,Genel Kurul İşlemlerine İlişkin Bildirim 2025 Yılı Olağan Genel Kurul Toplantı Sonuçları,https://www.kap.org.tr/tr/Bildirim/1575669,tr,2026-03-25T17:16:46+00:00
2026-03-25,TERA,KAP,TERA YATIRIM MENKUL DEĞERLER A.Ş. - Pay Alım Teklifi Yoluyla Pay Toplanmasına İlişkin Bildirim,Pay Alım Teklifi Yoluyla Pay Toplanmasına İlişkin Bildirim Kuzugrup Gayrimenkul Yatırım Ortaklığı A.Ş. Pay Sahiplerine Zorunlu Pay Alım Teklifi Hk. KZGYO,https://www.kap.org.tr/tr/Bildirim/1575426,tr,2026-03-25T12:29:57+00:00
2026-03-25,TEZOL,KAP,EUROPAP TEZOL KAĞIT SANAYİ VE TİCARET A.Ş. - Payların Geri Alınmasına İlişkin Bildirim,Payların Geri Alınmasına İlişkin Bildirim Pay Geri Alım İşlemleri,https://www.kap.org.tr/tr/Bildirim/1575884,tr,2026-03-25T20:18:43+00:00
2026-03-25,TGB,KAP,TÜRKİYE GARANTİ BANKASI A.Ş. - Pay Dışında Sermaye Piyasası Aracı İşlemlerine İlişkin Bildirim (Faiz İçeren),Pay Dışında Sermaye Piyasası Aracı İşlemlerine İlişkin Bildirim (Faiz İçeren) Yurtdışı Piyasalara Tahvil İhracı SPK Onayı,https://www.kap.org.tr/tr/Bildirim/1575755,tr,2026-03-25T18:10:45+00:00
2026-03-25,TGSAS,KAP,TGS DIŞ TİCARET A.Ş. - Özel Durum Açıklaması (Genel),Özel Durum Açıklaması (Genel) Başarı Ödülü,https://www.kap.org.tr/tr/Bildirim/1575385,tr,2026-03-25T10:30:37+00:00
2026-03-25,THL,KAP,TÜRKİYE HALK BANKASI A.Ş. - İhraç Tavanına İlişkin Bildirim,İhraç Tavanına İlişkin Bildirim Yurt İçinde Borçlanma Aracı İhracına İlişkin Genel Müdürlük Makamı'nın Yetkilendirilmesi,https://www.kap.org.tr/tr/Bildirim/1575752,tr,2026-03-25T18:07:57+00:00
2026-03-25,THL,KAP,TÜRKİYE HALK BANKASI A.Ş. - İhraç Tavanına İlişkin Bildirim,İhraç Tavanına İlişkin Bildirim Yurt İçinde Sermaye Benzeri Borçlanma Aracı İhracına İlişkin Genel Müdürlük Makamı'nın Yetkilendirilmesi,https://www.kap.org.tr/tr/Bildirim/1575751,tr,2026-03-25T18:07:49+00:00
2026-03-25,TIB,KAP,TÜRKİYE İŞ BANKASI A.Ş. - Özel Durum Açıklaması (Genel),Özel Durum Açıklaması (Genel) Yönetim Kurulu Üye Adayları Hakkında,https://www.kap.org.tr/tr/Bildirim/1575921,tr,2026-03-25T23:35:30+00:00
2026-03-25,TRA,KAP,TERA YATIRIM MENKUL DEĞERLER A.Ş. - Pay Alım Teklifi Yoluyla Pay Toplanmasına İlişkin Bildirim,Pay Alım Teklifi Yoluyla Pay Toplanmasına İlişkin Bildirim Kuzugrup Gayrimenkul Yatırım Ortaklığı A.Ş. Pay Sahiplerine Zorunlu Pay Alım Teklifi Hk. KZGYO,https://www.kap.org.tr/tr/Bildirim/1575426,tr,2026-03-25T12:29:57+00:00
2026-03-25,TRALT,KAP,TÜRK ALTIN İŞLETMELERİ A.Ş. - Özel Durum Açıklaması (Genel),Özel Durum Açıklaması (Genel) Yeni Ruhsat Sahası Alınması Hk.,https://www.kap.org.tr/tr/Bildirim/1575887,tr,2026-03-25T20:30:44+00:00
2026-03-25,TRALT,KAP,TÜRK ALTIN İŞLETMELERİ A.Ş. - Özel Durum Açıklaması (Genel),Özel Durum Açıklaması (Genel) Çukuralan İşletmemizde Planlanan Kırma-Eleme Tesisi Projesi Hk.,https://www.kap.org.tr/tr/Bildirim/1575337,tr,2026-03-25T08:40:39+00:00
2026-03-25,TRCAS,KAP,TURCAS HOLDİNG A.Ş. - Finansal Duran Varlık Satışı,Finansal Duran Varlık Satışı Şirketimizin ATAŞ Anadolu Tasfiyehanesi A.Ş.'de (ATAŞ) sahip olduğu payların ve Ortak İşletme Sözleşmesi'ne konu varlıklarının iştirakimiz Shell & Turcas Petrol A.Ş.'ye devri,https://www.kap.org.tr/tr/Bildirim/1575787,tr,2026-03-25T18:19:24+00:00
2026-03-25,TRCAS,KAP,TURCAS HOLDİNG A.Ş. - Maddi Duran Varlık Satımı,Maddi Duran Varlık Satımı Şirketimizin ATAŞ Anadolu Tasfiyehanesi A.Ş.'de (ATAŞ) sahip olduğu payların ve Ortak İşletme Sözleşmesi'ne konu varlıklarının iştirakimiz Shell & Turcas Petrol A.Ş.'ye devri,https://www.kap.org.tr/tr/Bildirim/1575785,tr,2026-03-25T18:19:07+00:00
2026-03-25,TRMEN,KAP,TRIVE YATIRIM MENKUL DEĞERLER A.Ş. - Toptan Alış Satış İşlemi Bildirimi,Toptan Alış Satış İşlemi Bildirimi Mega Metal Sanayi ve Ticaret A.Ş. Toptan Alış Satış İşlem Bildirimi MEGMT,https://www.kap.org.tr/tr/Bildirim/1575845,tr,2026-03-25T18:41:18+00:00
2026-03-25,TRMEN,KAP,TRIVE YATIRIM MENKUL DEĞERLER A.Ş. - Pay Dışında Sermaye Piyasası Aracı İşlemlerine İlişkin Bildirim (Faiz İçeren),Pay Dışında Sermaye Piyasası Aracı İşlemlerine İlişkin Bildirim (Faiz İçeren) TRFISKM32610 ISIN Kodlu Finansman Bono İtfası,https://www.kap.org.tr/tr/Bildirim/1575493,tr,2026-03-25T14:39:17+00:00
2026-03-25,TRMEN,KAP,TRIVE YATIRIM MENKUL DEĞERLER A.Ş. - Pay Dışında Sermaye Piyasası Aracı İşlemlerine İlişkin Bildirim (Faiz İçeren),Pay Dışında Sermaye Piyasası Aracı İşlemlerine İlişkin Bildirim (Faiz İçeren) Borçlanma Aracı İhracı - Satışın Tamamlanması,https://www.kap.org.tr/tr/Bildirim/1575428,tr,2026-03-25T12:32:48+00:00
2026-03-25,TUPRS,KAP,TÜPRAŞ-TÜRKİYE PETROL RAFİNERİLERİ A.Ş. - Kredi Derecelendirmesi,Kredi Derecelendirmesi Fitch Ratings Kredi Derecelendirme Notu,https://www.kap.org.tr/tr/Bildirim/1575803,tr,2026-03-25T18:22:10+00:00
2026-03-25,TVM,KAP,TRIVE YATIRIM MENKUL DEĞERLER A.Ş. - Toptan Alış Satış İşlemi Bildirimi,Toptan Alış Satış İşlemi Bildirimi Mega Metal Sanayi ve Ticaret A.Ş. Toptan Alış Satış İşlem Bildirimi MEGMT,https://www.kap.org.tr/tr/Bildirim/1575845,tr,2026-03-25T18:41:18+00:00
2026-03-25,TVM,KAP,TRIVE YATIRIM MENKUL DEĞERLER A.Ş. - Pay Dışında Sermaye Piyasası Aracı İşlemlerine İlişkin Bildirim (Faiz İçeren),Pay Dışında Sermaye Piyasası Aracı İşlemlerine İlişkin Bildirim (Faiz İçeren) TRFISKM32610 ISIN Kodlu Finansman Bono İtfası,https://www.kap.org.tr/tr/Bildirim/1575493,tr,2026-03-25T14:39:17+00:00
2026-03-25,TVM,KAP,TRIVE YATIRIM MENKUL DEĞERLER A.Ş. - Pay Dışında Sermaye Piyasası Aracı İşlemlerine İlişkin Bildirim (Faiz İçeren),Pay Dışında Sermaye Piyasası Aracı İşlemlerine İlişkin Bildirim (Faiz İçeren) Borçlanma Aracı İhracı - Satışın Tamamlanması,https://www.kap.org.tr/tr/Bildirim/1575428,tr,2026-03-25T12:32:48+00:00
2026-03-25,VDFLO,KAP,VDF FİLO KİRALAMA A.Ş. - Pay Dışında Sermaye Piyasası Aracı İşlemlerine İlişkin Bildirim (Faiz İçeren),Pay Dışında Sermaye Piyasası Aracı İşlemlerine İlişkin Bildirim (Faiz İçeren) Kupon ödemesi ve itfa,https://www.kap.org.tr/tr/Bildirim/1575345,tr,2026-03-25T09:11:07+00:00
2026-03-25,VKFYO,KAP,VAKIF MENKUL KIYMET YATIRIM ORTAKLIĞI A.Ş. - Özel Durum Açıklaması (Genel),"Özel Durum Açıklaması (Genel) Şirketimizin BİAŞ'da oluşan ağırlıklı ortalama fiyatın, pay başına net aktif değerin 2 katını aşması sebebiyle yapılan açıklamadır.",https://www.kap.org.tr/tr/Bildirim/1575533,tr,2026-03-25T15:38:26+00:00
2026-03-25,YEOTK,KAP,YEO TEKNOLOJİ ENERJİ VE ENDÜSTRİ A.Ş. - Yeni İş İlişkisi,Yeni İş İlişkisi Yeni İş İlişkisi,https://www.kap.org.tr/tr/Bildirim/1575338,tr,2026-03-25T09:00:07+00:00
2026-03-25,YKB,KAP,YAPI VE KREDİ BANKASI A.Ş. - Pay Dışında Sermaye Piyasası Aracı İşlemlerine İlişkin Bildirim (Faiz İçeren),Pay Dışında Sermaye Piyasası Aracı İşlemlerine İlişkin Bildirim (Faiz İçeren) Özkaynak hesaplamasına dahil edilebilir nitelikte yurtiçinde ihraç edilen borçlanma aracının kupon oranı,https://www.kap.org.tr/tr/Bildirim/1575684,tr,2026-03-25T17:26:11+00:00
2026-03-25,YKB,KAP,YAPI VE KREDİ BANKASI A.Ş. - Pay Dışında Sermaye Piyasası Aracı İşlemlerine İlişkin Bildirim (Faiz İçeren),Pay Dışında Sermaye Piyasası Aracı İşlemlerine İlişkin Bildirim (Faiz İçeren) Özkaynak hesaplamasına dahil edilebilir nitelikte yurtiçinde ihraç edilen borçlanma aracının kupon ödemesi,https://www.kap.org.tr/tr/Bildirim/1575425,tr,2026-03-25T12:28:37+00:00
2026-03-25,YKBNK,KAP,YAPI VE KREDİ BANKASI A.Ş. - Pay Dışında Sermaye Piyasası Aracı İşlemlerine İlişkin Bildirim (Faiz İçeren),Pay Dışında Sermaye Piyasası Aracı İşlemlerine İlişkin Bildirim (Faiz İçeren) Özkaynak hesaplamasına dahil edilebilir nitelikte yurtiçinde ihraç edilen borçlanma aracının kupon oranı,https://www.kap.org.tr/tr/Bildirim/1575684,tr,2026-03-25T17:26:11+00:00
2026-03-25,YKBNK,KAP,YAPI VE KREDİ BANKASI A.Ş. - Pay Dışında Sermaye Piyasası Aracı İşlemlerine İlişkin Bildirim (Faiz İçeren),Pay Dışında Sermaye Piyasası Aracı İşlemlerine İlişkin Bildirim (Faiz İçeren) Özkaynak hesaplamasına dahil edilebilir nitelikte yurtiçinde ihraç edilen borçlanma aracının kupon ödemesi,https://www.kap.org.tr/tr/Bildirim/1575425,tr,2026-03-25T12:28:37+00:00
2026-03-25,YKFIN,KAP,YAPI KREDİ FİNANSAL KİRALAMA A.O. - Genel Kurul Bildirimi,Genel Kurul Bildirimi 2025 Yılı Olağan Genel Kurul Tescili ve Bildirimi,https://www.kap.org.tr/tr/Bildirim/1575709,tr,2026-03-25T17:34:22+00:00
2026-03-26,ADGYO,KAP,ADRA GAYRİMENKUL YATIRIM ORTAKLIĞI A.Ş. - Kar Payı Dağıtım İşlemlerine İlişkin Bildirim,Kar Payı Dağıtım İşlemlerine İlişkin Bildirim 2025 Yılı Kar Payı Dağıtımına İlişkin Yönetim Kurulu Kararı,https://www.kap.org.tr/tr/Bildirim/1576621,tr,2026-03-26T18:19:02+00:00
2026-03-26,ADGYO,KAP,ADRA GAYRİMENKUL YATIRIM ORTAKLIĞI A.Ş. - Bağımsız Denetim Kuruluşunun Belirlenmesi,Bağımsız Denetim Kuruluşunun Belirlenmesi 2026 Yılı Bağımsız Denetim Kuruluşu Seçimi,https://www.kap.org.tr/tr/Bildirim/1576619,tr,2026-03-26T18:18:51+00:00
2026-03-26,ADGYO,KAP,ADRA GAYRİMENKUL YATIRIM ORTAKLIĞI A.Ş. - Genel Kurul İşlemlerine İlişkin Bildirim,Genel Kurul İşlemlerine İlişkin Bildirim 2025 Yılı Olağan Genel Kurul Toplantı Çağrısı,https://www.kap.org.tr/tr/Bildirim/1576618,tr,2026-03-26T18:18:38+00:00
2026-03-26,AEFES,KAP,ANADOLU EFES BİRACILIK VE MALT SANAYİİ A.Ş. - Finansal Takvim,Finansal Takvim Finansal Rapor İlan Tarihi - 1Ç2026,https://www.kap.org.tr/tr/Bildirim/1576827,tr,2026-03-26T20:31:08+00:00
2026-03-26,AEFES,KAP,ANADOLU EFES BİRACILIK VE MALT SANAYİİ A.Ş. - Genel Kurul İşlemlerine İlişkin Bildirim,Genel Kurul İşlemlerine İlişkin Bildirim Genel Kurul Çağrısı (Bağımsız Denetim Kuruluşunun belirlenmesine ilişkin revize GK Bilgilendirme Dokümanı Ektedir),https://www.kap.org.tr/tr/Bildirim/1576813,tr,2026-03-26T19:59:10+00:00
2026-03-26,AEFES,KAP,ANADOLU EFES BİRACILIK VE MALT SANAYİİ A.Ş. - Bağımsız Denetim Kuruluşunun Belirlenmesi,Bağımsız Denetim Kuruluşunun Belirlenmesi Bağımsız Denetim Şirketinin Seçilmesi hk.,https://www.kap.org.tr/tr/Bildirim/1576811,tr,2026-03-26T19:54:11+00:00
2026-03-26,AFB,KAP,AKTİF YATIRIM BANKASI A.Ş. - Pay Dışında Sermaye Piyasası Aracı İşlemlerine İlişkin Bildirim (Faiz İçeren),Pay Dışında Sermaye Piyasası Aracı İşlemlerine İlişkin Bildirim (Faiz İçeren) Kupon Ödemesi,https://www.kap.org.tr/tr/Bildirim/1576088,tr,2026-03-26T10:08:22+00:00
2026-03-26,AGESA,KAP,AGESA HAYAT VE EMEKLİLİK A.Ş. - Özel Durum Açıklaması (Genel),Özel Durum Açıklaması (Genel) Yönetim Kurulu Komiteleri Üyeliklerinin Belirlenmesi,https://www.kap.org.tr/tr/Bildirim/1576825,tr,2026-03-26T20:29:18+00:00
2026-03-26,AGESA,KAP,AGESA HAYAT VE EMEKLİLİK A.Ş. - Özel Durum Açıklaması (Genel),Özel Durum Açıklaması (Genel) Yönetim Kurulu Üyeleri Görev Dağılımı,https://www.kap.org.tr/tr/Bildirim/1576824,tr,2026-03-26T20:28:50+00:00
2026-03-26,AGHOL,KAP,AG ANADOLU GRUBU HOLDİNG A.Ş. - Pay Dışında Sermaye Piyasası Aracı İşlemlerine İlişkin Bildirim (Faiz İçeren),Pay Dışında Sermaye Piyasası Aracı İşlemlerine İlişkin Bildirim (Faiz İçeren) TRFYAZI62618 ISIN Kodlu TLREF endeksli finansman bonosunun üçüncü kupon faiz ödemesi,https://www.kap.org.tr/tr/Bildirim/1576606,tr,2026-03-26T18:15:15+00:00
2026-03-26,AKBNK,KAP,AKBANK T.A.Ş. - Pay Dışında Sermaye Piyasası Aracı İşlemlerine İlişkin Bildirim (Faiz İçeren),Pay Dışında Sermaye Piyasası Aracı İşlemlerine İlişkin Bildirim (Faiz İçeren) Yurtdışı Piyasalara Tahvil İhracı,https://www.kap.org.tr/tr/Bildirim/1576812,tr,2026-03-26T19:59:05+00:00
2026-03-26,AKBNK,KAP,AKBANK T.A.Ş. - Özel Durum Açıklaması (Genel),Özel Durum Açıklaması (Genel) Sendikasyon Kredisi Hakkında,https://www.kap.org.tr/tr/Bildirim/1576053,tr,2026-03-26T09:00:06+00:00
2026-03-26,AKFK,KAP,AK FİNANSAL KİRALAMA A.Ş. - Şirket Genel Bilgi Formu,Şirket Genel Bilgi Formu,https://www.kap.org.tr/tr/Bildirim/1576183,tr,2026-03-26T14:09:30+00:00
2026-03-26,AKFK,KAP,AK FİNANSAL KİRALAMA A.Ş. - Genel Kurul Bildirimi,Genel Kurul Bildirimi Ak Finansal Kiralama A.Ş.'nin 17 Mart 2026 tarihinde yapılan Olağan Genel Kurul Toplantı sonuçları,https://www.kap.org.tr/tr/Bildirim/1576057,tr,2026-03-26T09:21:12+00:00
2026-03-26,AKGRT,KAP,AKSİGORTA A.Ş. - Özel Durum Açıklaması (Genel),Özel Durum Açıklaması (Genel) Yönetim Kurulu Komiteleri Üyeliklerinin Belirlenmesi,https://www.kap.org.tr/tr/Bildirim/1576747,tr,2026-03-26T19:02:04+00:00
2026-03-26,AKGRT,KAP,AKSİGORTA A.Ş. - Özel Durum Açıklaması (Genel),Özel Durum Açıklaması (Genel) Yönetim Kurulu Üyeleri Görev Dağılımı,https://www.kap.org.tr/tr/Bildirim/1576746,tr,2026-03-26T19:01:54+00:00
2026-03-26,AKHAN,KAP,AKHAN UN FABRİKASI VE TARIM ÜRÜNLERİ GIDA SANAYİ TİCARET A.Ş. - Katılım Finansı İlkeleri Bilgi Formu,Katılım Finansı İlkeleri Bilgi Formu,https://www.kap.org.tr/tr/Bildirim/1576596,tr,2026-03-26T18:11:21+00:00
2026-03-26,AKHAN,KAP,AKHAN UN FABRİKASI VE TARIM ÜRÜNLERİ GIDA SANAYİ TİCARET A.Ş. - Özel Durum Açıklaması (Genel),Özel Durum Açıklaması (Genel) Bağımsız Yönetim Kurulu Üye Adayları,https://www.kap.org.tr/tr/Bildirim/1576594,tr,2026-03-26T18:11:09+00:00
2026-03-26,AKM,KAP,AK YATIRIM MENKUL DEĞERLER A.Ş. - İzahname (Özet-SPK Onayına Sunulan),İzahname (Özet-SPK Onayına Sunulan) Taslak Özet,https://www.kap.org.tr/tr/Bildirim/1576936,tr,2026-03-26T21:07:07+00:00
2026-03-26,AKM,KAP,AK YATIRIM MENKUL DEĞERLER A.Ş. - İzahname (Sermaye Piyasası Aracı Notu-SPK Onayına Sunulan),İzahname (Sermaye Piyasası Aracı Notu-SPK Onayına Sunulan) Taslak Sermaye Piyasası Aracı Notu,https://www.kap.org.tr/tr/Bildirim/1576935,tr,2026-03-26T21:06:55+00:00
2026-03-26,AKM,KAP,AK YATIRIM MENKUL DEĞERLER A.Ş. - İzahname (İhraççı Bilgi Dokümanı-SPK Onayına Sunulan),İzahname (İhraççı Bilgi Dokümanı-SPK Onayına Sunulan) Taslak İhracçı Bilgi Dökümanı,https://www.kap.org.tr/tr/Bildirim/1576934,tr,2026-03-26T21:06:34+00:00
2026-03-26,AKM,KAP,AK YATIRIM MENKUL DEĞERLER A.Ş. - Pay Dışında Sermaye Piyasası Aracı İşlemlerine İlişkin Bildirim (Faiz İçeren),Pay Dışında Sermaye Piyasası Aracı İşlemlerine İlişkin Bildirim (Faiz İçeren) 26.03.2026 Vadeli Borçlanma Aracının İtfası,https://www.kap.org.tr/tr/Bildirim/1576094,tr,2026-03-26T10:10:02+00:00
2026-03-26,AKM,KAP,AK YATIRIM MENKUL DEĞERLER A.Ş. - Pay Dışında Sermaye Piyasası Aracı İşlemlerine İlişkin Bildirim (Faiz İçeren),Pay Dışında Sermaye Piyasası Aracı İşlemlerine İlişkin Bildirim (Faiz İçeren) 26.03.2026 Vadeli Borçlanma Aracının İtfası,https://www.kap.org.tr/tr/Bildirim/1576093,tr,2026-03-26T10:09:54+00:00
2026-03-26,AKM,KAP,AK YATIRIM MENKUL DEĞERLER A.Ş. - Pay Dışında Sermaye Piyasası Aracı İşlemlerine İlişkin Bildirim (Faiz İçeren),Pay Dışında Sermaye Piyasası Aracı İşlemlerine İlişkin Bildirim (Faiz İçeren) 26.03.2026 Vadeli Borçlanma Aracının İtfası,https://www.kap.org.tr/tr/Bildirim/1576092,tr,2026-03-26T10:09:46+00:00
2026-03-26,AKM,KAP,AK YATIRIM MENKUL DEĞERLER A.Ş. - Pay Dışında Sermaye Piyasası Aracı İşlemlerine İlişkin Bildirim (Faiz İçeren),Pay Dışında Sermaye Piyasası Aracı İşlemlerine İlişkin Bildirim (Faiz İçeren) 26.03.2026 Vadeli Borçlanma Aracının İtfası,https://www.kap.org.tr/tr/Bildirim/1576091,tr,2026-03-26T10:09:38+00:00
2026-03-26,AKMEN,KAP,AK YATIRIM MENKUL DEĞERLER A.Ş. - İzahname (Özet-SPK Onayına Sunulan),İzahname (Özet-SPK Onayına Sunulan) Taslak Özet,https://www.kap.org.tr/tr/Bildirim/1576936,tr,2026-03-26T21:07:07+00:00
2026-03-26,AKMEN,KAP,AK YATIRIM MENKUL DEĞERLER A.Ş. - İzahname (Sermaye Piyasası Aracı Notu-SPK Onayına Sunulan),İzahname (Sermaye Piyasası Aracı Notu-SPK Onayına Sunulan) Taslak Sermaye Piyasası Aracı Notu,https://www.kap.org.tr/tr/Bildirim/1576935,tr,2026-03-26T21:06:55+00:00
2026-03-26,AKMEN,KAP,AK YATIRIM MENKUL DEĞERLER A.Ş. - İzahname (İhraççı Bilgi Dokümanı-SPK Onayına Sunulan),İzahname (İhraççı Bilgi Dokümanı-SPK Onayına Sunulan) Taslak İhracçı Bilgi Dökümanı,https://www.kap.org.tr/tr/Bildirim/1576934,tr,2026-03-26T21:06:34+00:00
2026-03-26,AKMEN,KAP,AK YATIRIM MENKUL DEĞERLER A.Ş. - Pay Dışında Sermaye Piyasası Aracı İşlemlerine İlişkin Bildirim (Faiz İçeren),Pay Dışında Sermaye Piyasası Aracı İşlemlerine İlişkin Bildirim (Faiz İçeren) 26.03.2026 Vadeli Borçlanma Aracının İtfası,https://www.kap.org.tr/tr/Bildirim/1576094,tr,2026-03-26T10:10:02+00:00
2026-03-26,AKMEN,KAP,AK YATIRIM MENKUL DEĞERLER A.Ş. - Pay Dışında Sermaye Piyasası Aracı İşlemlerine İlişkin Bildirim (Faiz İçeren),Pay Dışında Sermaye Piyasası Aracı İşlemlerine İlişkin Bildirim (Faiz İçeren) 26.03.2026 Vadeli Borçlanma Aracının İtfası,https://www.kap.org.tr/tr/Bildirim/1576093,tr,2026-03-26T10:09:54+00:00
2026-03-26,AKMEN,KAP,AK YATIRIM MENKUL DEĞERLER A.Ş. - Pay Dışında Sermaye Piyasası Aracı İşlemlerine İlişkin Bildirim (Faiz İçeren),Pay Dışında Sermaye Piyasası Aracı İşlemlerine İlişkin Bildirim (Faiz İçeren) 26.03.2026 Vadeli Borçlanma Aracının İtfası,https://www.kap.org.tr/tr/Bildirim/1576092,tr,2026-03-26T10:09:46+00:00
2026-03-26,AKMEN,KAP,AK YATIRIM MENKUL DEĞERLER A.Ş. - Pay Dışında Sermaye Piyasası Aracı İşlemlerine İlişkin Bildirim (Faiz İçeren),Pay Dışında Sermaye Piyasası Aracı İşlemlerine İlişkin Bildirim (Faiz İçeren) 26.03.2026 Vadeli Borçlanma Aracının İtfası,https://www.kap.org.tr/tr/Bildirim/1576091,tr,2026-03-26T10:09:38+00:00
2026-03-26,AKTIF,KAP,AKTİF YATIRIM BANKASI A.Ş. - Pay Dışında Sermaye Piyasası Aracı İşlemlerine İlişkin Bildirim (Faiz İçeren),Pay Dışında Sermaye Piyasası Aracı İşlemlerine İlişkin Bildirim (Faiz İçeren) Kupon Ödemesi,https://www.kap.org.tr/tr/Bildirim/1576088,tr,2026-03-26T10:08:22+00:00
2026-03-26,ALARK,KAP,ALARKO HOLDİNG A.Ş. - Özel Durum Açıklaması (Genel),Özel Durum Açıklaması (Genel) Bağlı Ortaklığımız Alen Alarko Enerji Ticaret A.Ş.'nin Müstakil Elektrik Depolama Tesisi Kurulumu İçin Lisans Tadil Başvurusu Hakkında Güncelleme,https://www.kap.org.tr/tr/Bildirim/1576781,tr,2026-03-26T19:25:25+00:00
2026-03-26,ALCAR,KAP,ALARKO CARRIER SANAYİ VE TİCARET A.Ş. - Bağımsız Denetim Kuruluşunun Belirlenmesi,Bağımsız Denetim Kuruluşunun Belirlenmesi Yönetim Kurulu'nun Bağımsız Denetim Kuruluşu Seçimi,https://www.kap.org.tr/tr/Bildirim/1576222,tr,2026-03-26T14:45:44+00:00
2026-03-26,ALNUS,KAP,ALNUS YATIRIM MENKUL DEĞERLER A.Ş. - Pay Alım Satım Bildirimi,Pay Alım Satım Bildirimi IEYHO Pay Satım Bildirimi IEYHO,https://www.kap.org.tr/tr/Bildirim/1576499,tr,2026-03-26T17:41:17+00:00
2026-03-26,ALVES,KAP,ALVES KABLO SANAYİ VE TİCARET A.Ş. - Şirket Genel Bilgi Formu,Şirket Genel Bilgi Formu,https://www.kap.org.tr/tr/Bildirim/1576089,tr,2026-03-26T10:08:41+00:00
2026-03-26,ALVES,KAP,ALVES KABLO SANAYİ VE TİCARET A.Ş. - Bağımsız Denetim Kuruluşunun Belirlenmesi,Bağımsız Denetim Kuruluşunun Belirlenmesi 2026 Yılı Faaliyet Dönemi Bağımsız Denetim Şirketi Seçiminin Tescili,https://www.kap.org.tr/tr/Bildirim/1576043,tr,2026-03-26T08:38:40+00:00
2026-03-26,ALVES,KAP,ALVES KABLO SANAYİ VE TİCARET A.Ş. - Genel Kurul İşlemlerine İlişkin Bildirim,Genel Kurul İşlemlerine İlişkin Bildirim 2025 Yılı Olağan Genel Kurul Tescili,https://www.kap.org.tr/tr/Bildirim/1576042,tr,2026-03-26T08:24:30+00:00
2026-03-26,ANC,KAP,ALNUS YATIRIM MENKUL DEĞERLER A.Ş. - Pay Alım Satım Bildirimi,Pay Alım Satım Bildirimi IEYHO Pay Satım Bildirimi IEYHO,https://www.kap.org.tr/tr/Bildirim/1576499,tr,2026-03-26T17:41:17+00:00
2026-03-26,ARASE,KAP,DOĞU ARAS ENERJİ YATIRIMLARI A.Ş. - Kar Payı Dağıtım İşlemlerine İlişkin Bildirim,Kar Payı Dağıtım İşlemlerine İlişkin Bildirim Şirketimizin 2025 Yılı Kar Payı Bildirimidir.,https://www.kap.org.tr/tr/Bildirim/1576638,tr,2026-03-26T18:28:18+00:00
2026-03-26,ARASE,KAP,DOĞU ARAS ENERJİ YATIRIMLARI A.Ş. - Genel Kurul İşlemlerine İlişkin Bildirim,Genel Kurul İşlemlerine İlişkin Bildirim Şirketimizin 2025 Yılı Olağan Genel Kurulunun 21 Nisan 2026 tarihinde saat: 11:00 de Muratpaşa Mahallesi Çırçır Dere Sok.No:2 Yakutiye/Erzurum adresinde yapılmasına ilişkin bildirim,https://www.kap.org.tr/tr/Bildirim/1576635,tr,2026-03-26T18:26:51+00:00
2026-03-26,ARASE,KAP,DOĞU ARAS ENERJİ YATIRIMLARI A.Ş. - Bağımsız Denetim Kuruluşunun Belirlenmesi,Bağımsız Denetim Kuruluşunun Belirlenmesi Şirketimizin 2026 Yılı Faaliyet Dönemi İçin Bağımsız Denetim Kuruluşunun Genel Kurul Onayına Sunulması Hakkında,https://www.kap.org.tr/tr/Bildirim/1576627,tr,2026-03-26T18:20:17+00:00
2026-03-26,ARCLK,KAP,ARÇELİK A.Ş. - Pay Dışında Sermaye Piyasası Aracı İşlemlerine İlişkin Bildirim (Faiz İçeren),Pay Dışında Sermaye Piyasası Aracı İşlemlerine İlişkin Bildirim (Faiz İçeren) XS2695038401 ISIN Kodlu Tahvilin Kupon Ödemesi,https://www.kap.org.tr/tr/Bildirim/1576809,tr,2026-03-26T19:46:47+00:00
2026-03-26,ARCLK,KAP,ARÇELİK A.Ş. - Pay Dışında Sermaye Piyasası Aracı İşlemlerine İlişkin Bildirim (Faiz İçeren),Pay Dışında Sermaye Piyasası Aracı İşlemlerine İlişkin Bildirim (Faiz İçeren) XS2721520802 ISIN kodlu Tahvilin Kupon Ödemesi,https://www.kap.org.tr/tr/Bildirim/1576808,tr,2026-03-26T19:45:56+00:00
2026-03-26,ATAVK,KAP,ATA VARLIK KİRALAMA A.Ş. - Pay Dışında Sermaye Piyasası Aracı İşlemlerine İlişkin Bildirim (Faizsiz),Pay Dışında Sermaye Piyasası Aracı İşlemlerine İlişkin Bildirim (Faizsiz) TRDATAV32638 ISIN kodlu Yurtiçi Kira Sertifikalarının İtfa ve Getiri Ödeme İşlemlerinin Tamamlanması Hk,https://www.kap.org.tr/tr/Bildirim/1576208,tr,2026-03-26T14:25:32+00:00
2026-03-26,ATAVK,KAP,ATA VARLIK KİRALAMA A.Ş. - Pay Dışında Sermaye Piyasası Aracı İşlemlerine İlişkin Bildirim (Faizsiz),Pay Dışında Sermaye Piyasası Aracı İşlemlerine İlişkin Bildirim (Faizsiz) TRDATAV72659 ISIN Kodlu Yurtiçi Kira sertifikası İhracının Satışının Tamamlanması Hk.,https://www.kap.org.tr/tr/Bildirim/1576056,tr,2026-03-26T09:12:40+00:00
2026-03-26,ATSYH,KAP,ATLANTİS YATIRIM HOLDİNG A.Ş. - Sorumluluk Beyanı (Konsolide),Sorumluluk Beyanı (Konsolide) ATSYH 2025 YILI HESAP DONEMI SORUMLULUK BEYANI,https://www.kap.org.tr/tr/Bildirim/1576592,tr,2026-03-26T18:10:49+00:00
2026-03-26,ATSYH,KAP,ATLANTİS YATIRIM HOLDİNG A.Ş. - Faaliyet Raporu (Konsolide),Faaliyet Raporu (Konsolide) ATSYH 2025 YILI FAALIYET RAPORU,https://www.kap.org.tr/tr/Bildirim/1576590,tr,2026-03-26T18:10:37+00:00
2026-03-26,ATSYH,KAP,ATLANTİS YATIRIM HOLDİNG A.Ş. - Finansal Rapor,Finansal Rapor,https://www.kap.org.tr/tr/Bildirim/1576589,tr,2026-03-26T18:10:24+00:00
2026-03-26,AVGYO,KAP,AVRASYA GAYRİMENKUL YATIRIM ORTAKLIĞI A.Ş. - Kayıtlı Sermaye Tavanı İşlemlerine İlişkin Bildirim,Kayıtlı Sermaye Tavanı İşlemlerine İlişkin Bildirim Şirket Kayıtlı Sermaye Tavanının Geçerlilik Süresinin Uzatılması Hakkında,https://www.kap.org.tr/tr/Bildirim/1576648,tr,2026-03-26T18:31:52+00:00
2026-03-26,AVOD,KAP,A.V.O.D. KURUTULMUŞ GIDA VE TARIM ÜRÜNLERİ SANAYİ TİCARET A.Ş. - Bağımsız Denetim Kuruluşunun Belirlenmesi,Bağımsız Denetim Kuruluşunun Belirlenmesi Bağımsız Denetim Kuruluşunun Belirlenmesi,https://www.kap.org.tr/tr/Bildirim/1576498,tr,2026-03-26T17:40:44+00:00
2026-03-26,AZTEK,KAP,AZTEK TEKNOLOJİ ÜRÜNLERİ TİCARET A.Ş. - Pay Dışında Sermaye Piyasası Aracı İşlemlerine İlişkin Bildirim (Faiz İçeren),Pay Dışında Sermaye Piyasası Aracı İşlemlerine İlişkin Bildirim (Faiz İçeren) Borçlanma Aracı İhracının İtfası,https://www.kap.org.tr/tr/Bildirim/1576137,tr,2026-03-26T11:45:08+00:00
2026-03-26,AZTEK,KAP,AZTEK TEKNOLOJİ ÜRÜNLERİ TİCARET A.Ş. - Pay Dışında Sermaye Piyasası Aracı İşlemlerine İlişkin Bildirim (Faiz İçeren),Pay Dışında Sermaye Piyasası Aracı İşlemlerine İlişkin Bildirim (Faiz İçeren) Nitelikli Yatırımcıya Borçlanma Aracı İhracı,https://www.kap.org.tr/tr/Bildirim/1576054,tr,2026-03-26T09:03:00+00:00
2026-03-26,BAHKM,KAP,BAHADIR KİMYA SANAYİ VE TİCARET A.Ş. - Şirket Genel Bilgi Formu,Şirket Genel Bilgi Formu,https://www.kap.org.tr/tr/Bildirim/1576338,tr,2026-03-26T16:03:25+00:00
2026-03-26,BALAT,KAP,BALATACILAR BALATACILIK SANAYİ VE TİCARET A.Ş. - Özel Durum Açıklaması (Genel),Özel Durum Açıklaması (Genel) Bağlı Ortaklık Kuruluşu,https://www.kap.org.tr/tr/Bildirim/1576792,tr,2026-03-26T19:29:17+00:00
2026-03-26,BIENY,KAP,BİEN YAPI ÜRÜNLERİ SANAYİ TURİZM VE TİCARET A.Ş. - Şirket Genel Bilgi Formu,Şirket Genel Bilgi Formu,https://www.kap.org.tr/tr/Bildirim/1576718,tr,2026-03-26T18:45:56+00:00
2026-03-26,BIENY,KAP,BİEN YAPI ÜRÜNLERİ SANAYİ TURİZM VE TİCARET A.Ş. - Özel Durum Açıklaması (Genel),Özel Durum Açıklaması (Genel) Yönetim Kurulu Üyeliği İstifa Kabulü ve Ataması,https://www.kap.org.tr/tr/Bildirim/1576713,tr,2026-03-26T18:45:09+00:00
2026-03-26,BINHO,KAP,1000 YATIRIMLAR HOLDİNG A.Ş. - Kayıtlı Sermaye Tavanı İşlemlerine İlişkin Bildirim,Kayıtlı Sermaye Tavanı İşlemlerine İlişkin Bildirim Kayıtlı Sermaye Tavan Artırımı ve Tavan Geçerlilik Süresinin Güncellenmesi,https://www.kap.org.tr/tr/Bildirim/1576604,tr,2026-03-26T18:14:22+00:00
2026-03-26,BLUME,KAP,BLUME METAL KİMYA A.Ş. - Birleşme İşlemlerine İlişkin Bildirim,Birleşme İşlemlerine İlişkin Bildirim Devralma Şeklinde Birleşmeye ilişkin SPK Başvurusu Hakkında,https://www.kap.org.tr/tr/Bildirim/1576642,tr,2026-03-26T18:30:10+00:00
2026-03-26,BLUME,KAP,BLUME METAL KİMYA A.Ş. - Genel Kurul İşlemlerine İlişkin Bildirim,Genel Kurul İşlemlerine İlişkin Bildirim Olağan Genel Kurul kararlarının tescil edilmesi hk.,https://www.kap.org.tr/tr/Bildirim/1576375,tr,2026-03-26T16:26:58+00:00
2026-03-26,BLUME,KAP,BLUME METAL KİMYA A.Ş. - Kayıtlı Sermaye Tavanı İşlemlerine İlişkin Bildirim,Kayıtlı Sermaye Tavanı İşlemlerine İlişkin Bildirim Kayıtlı Sermaye Tavanının Tescil Edilmesi Hk.,https://www.kap.org.tr/tr/Bildirim/1576373,tr,2026-03-26T16:22:07+00:00
2026-03-26,BUCIM,KAP,BURSA ÇİMENTO FABRİKASI A.Ş. - Özel Durum Açıklaması (Genel),Özel Durum Açıklaması (Genel) GSM (Gayri Sıhhi Müessese) Dava Süreci Hk.,https://www.kap.org.tr/tr/Bildirim/1576532,tr,2026-03-26T17:49:03+00:00
2026-03-26,BURCE,KAP,BURÇELİK BURSA ÇELİK DÖKÜM SANAYİİ A.Ş. - Bağımsız Denetim Kuruluşunun Belirlenmesi,Bağımsız Denetim Kuruluşunun Belirlenmesi Bağımsız Denetim Kuruluşunun Belirlenmesi,https://www.kap.org.tr/tr/Bildirim/1576457,tr,2026-03-26T17:26:31+00:00
2026-03-26,BURCE,KAP,BURÇELİK BURSA ÇELİK DÖKÜM SANAYİİ A.Ş. - Kar Payı Dağıtım İşlemlerine İlişkin Bildirim,Kar Payı Dağıtım İşlemlerine İlişkin Bildirim Kar Payı Dağıtımına İlişkin Yönetim Kurulu Kararı,https://www.kap.org.tr/tr/Bildirim/1576455,tr,2026-03-26T17:26:06+00:00
2026-03-26,BURCE,KAP,BURÇELİK BURSA ÇELİK DÖKÜM SANAYİİ A.Ş. - Genel Kurul İşlemlerine İlişkin Bildirim,Genel Kurul İşlemlerine İlişkin Bildirim 2025 yılı Olağan Genel Kurul Daveti hakkında,https://www.kap.org.tr/tr/Bildirim/1576451,tr,2026-03-26T17:25:25+00:00
2026-03-26,BURVA,KAP,BURÇELİK VANA SANAYİ VE TİCARET A.Ş. - Bağımsız Denetim Kuruluşunun Belirlenmesi,Bağımsız Denetim Kuruluşunun Belirlenmesi Bağımsız Denetim Kuruluşunun Belirlenmesi,https://www.kap.org.tr/tr/Bildirim/1576466,tr,2026-03-26T17:29:51+00:00
2026-03-26,BURVA,KAP,BURÇELİK VANA SANAYİ VE TİCARET A.Ş. - Kar Payı Dağıtım İşlemlerine İlişkin Bildirim,Kar Payı Dağıtım İşlemlerine İlişkin Bildirim Kar Payı Dağıtımına İlişkin Yönetim Kurulu Kararı,https://www.kap.org.tr/tr/Bildirim/1576463,tr,2026-03-26T17:28:52+00:00
2026-03-26,BURVA,KAP,BURÇELİK VANA SANAYİ VE TİCARET A.Ş. - Genel Kurul İşlemlerine İlişkin Bildirim,Genel Kurul İşlemlerine İlişkin Bildirim 2025 yılı Olağan Genel Kurul Daveti hakkında,https://www.kap.org.tr/tr/Bildirim/1576459,tr,2026-03-26T17:27:03+00:00
2026-03-26,CAGFA,KAP,ÇAĞDAŞ FAKTORİNG A.Ş. - Genel Kurul Bildirimi,Genel Kurul Bildirimi Çağdaş Faktoring Aş. 2025 Yılı Olağan Genel Kurulu,https://www.kap.org.tr/tr/Bildirim/1576408,tr,2026-03-26T16:55:06+00:00
2026-03-26,CAGFA,KAP,ÇAĞDAŞ FAKTORİNG A.Ş. - Pay Dışında Sermaye Piyasası Aracı İşlemlerine İlişkin Bildirim (Faiz İçeren),Pay Dışında Sermaye Piyasası Aracı İşlemlerine İlişkin Bildirim (Faiz İçeren) TRFCGDF32641 ISIN Kodlu İhracın 4.Kupon Faiz Oranının Belirlenmesi,https://www.kap.org.tr/tr/Bildirim/1576406,tr,2026-03-26T16:54:49+00:00
2026-03-26,CAGFA,KAP,ÇAĞDAŞ FAKTORİNG A.Ş. - Kredi Derecelendirmesi,Kredi Derecelendirmesi Çağdaş Faktoring A.Ş. '' Kredi Derecelendirme Not Bildirimi. '',https://www.kap.org.tr/tr/Bildirim/1576174,tr,2026-03-26T14:04:47+00:00
2026-03-26,CAGFA,KAP,ÇAĞDAŞ FAKTORİNG A.Ş. - Pay Dışında Sermaye Piyasası Aracı İşlemlerine İlişkin Bildirim (Faiz İçeren),Pay Dışında Sermaye Piyasası Aracı İşlemlerine İlişkin Bildirim (Faiz İçeren) TRFCGDF32633 ISIN Kodlu 26/03/2026 Vadeli ihracın 4.Kupon Ödemesi ve İtfasının Gerçekleştirilmesi,https://www.kap.org.tr/tr/Bildirim/1576173,tr,2026-03-26T14:04:11+00:00
2026-03-26,CAGFA,KAP,ÇAĞDAŞ FAKTORİNG A.Ş. - Pay Dışında Sermaye Piyasası Aracı İşlemlerine İlişkin Bildirim (Faiz İçeren),Pay Dışında Sermaye Piyasası Aracı İşlemlerine İlişkin Bildirim (Faiz İçeren) TRSCGDF62617 ISIN Kodlu İhracın 3.Kupon Ödemesinin Gerçekleştirilmesi,https://www.kap.org.tr/tr/Bildirim/1576172,tr,2026-03-26T14:03:56+00:00
2026-03-26,CLEBI,KAP,ÇELEBİ HAVA SERVİSİ A.Ş. - Haber ve Söylentilere İlişkin Açıklama,Haber ve Söylentilere İlişkin Açıklama Basın ve Yayın Organlarında Yer Alan Haberler Hakkında,https://www.kap.org.tr/tr/Bildirim/1576158,tr,2026-03-26T13:38:30+00:00
2026-03-26,COSMO,KAP,COSMOS YATIRIM HOLDİNG A.Ş. - Kayıtlı Sermaye Tavanı İşlemlerine İlişkin Bildirim,Kayıtlı Sermaye Tavanı İşlemlerine İlişkin Bildirim Kayıtlı Sermaye Sistemi Tavanı ve Süre Uzatımı için Başvuru Hakkında,https://www.kap.org.tr/tr/Bildirim/1576593,tr,2026-03-26T18:10:55+00:00
2026-03-26,DAGI,KAP,DAGİ GİYİM SANAYİ VE TİCARET A.Ş. - Payların Geri Alınmasına İlişkin Bildirim,Payların Geri Alınmasına İlişkin Bildirim 26.03.2026 Tarihli Pay Geri Alım İşlemleri Hk.,https://www.kap.org.tr/tr/Bildirim/1576663,tr,2026-03-26T18:36:59+00:00
2026-03-26,DENFA,KAP,DENİZ FAKTORİNG A.Ş. - Özel Durum Açıklaması (Genel),Özel Durum Açıklaması (Genel) Olağan Genel Kurul,https://www.kap.org.tr/tr/Bildirim/1576344,tr,2026-03-26T16:10:32+00:00
2026-03-26,DENVA,KAP,DENGE VARLIK YÖNETİM A.Ş. - İhraç Tavanına İlişkin Bildirim,İhraç Tavanına İlişkin Bildirim İhraç Limit Başvurusu Hakkında,https://www.kap.org.tr/tr/Bildirim/1576109,tr,2026-03-26T10:50:52+00:00
2026-03-26,DFKTR,KAP,DORUK FAKTORİNG A.Ş. - Genel Kurul Bildirimi,Genel Kurul Bildirimi 26.03.2026 Olağan Genel Kurul,https://www.kap.org.tr/tr/Bildirim/1576135,tr,2026-03-26T11:30:48+00:00
2026-03-26,DITAS,KAP,DİTAŞ DOĞAN YEDEK PARÇA İMALAT VE TEKNİK A.Ş. - Kar Payı Dağıtım İşlemlerine İlişkin Bildirim,Kar Payı Dağıtım İşlemlerine İlişkin Bildirim Kar Dağıtım Teklifi,https://www.kap.org.tr/tr/Bildirim/1576624,tr,2026-03-26T18:19:22+00:00
2026-03-26,DMD,KAP,DESTEK YATIRIM MENKUL DEĞERLER A.Ş. - Şirket Genel Bilgi Formu,Şirket Genel Bilgi Formu,https://www.kap.org.tr/tr/Bildirim/1576157,tr,2026-03-26T13:22:01+00:00
2026-03-26,DMD,KAP,DESTEK YATIRIM MENKUL DEĞERLER A.Ş. - Pay Dışında Sermaye Piyasası Aracı İşlemlerine İlişkin Bildirim (Faiz İçeren),Pay Dışında Sermaye Piyasası Aracı İşlemlerine İlişkin Bildirim (Faiz İçeren) TRFDSTK32616 ISIN Kodlu Finansman Bonosu İtfası,https://www.kap.org.tr/tr/Bildirim/1576156,tr,2026-03-26T13:21:40+00:00
2026-03-26,DNFIN,KAP,DENİZ FİNANSAL KİRALAMA A.Ş. - Genel Kurul Bildirimi,Genel Kurul Bildirimi Olağan Genel Kurul Toplantı Sonucu,https://www.kap.org.tr/tr/Bildirim/1576377,tr,2026-03-26T16:28:24+00:00
2026-03-26,DOAS,KAP,DOĞUŞ OTOMOTİV SERVİS VE TİCARET A.Ş. - Özel Durum Açıklaması (Genel),Özel Durum Açıklaması (Genel) Yönetim Kurulu Görev Dağılımı Hakkında,https://www.kap.org.tr/tr/Bildirim/1576643,tr,2026-03-26T18:30:19+00:00
2026-03-26,DOAS,KAP,DOĞUŞ OTOMOTİV SERVİS VE TİCARET A.Ş. - Kar Payı Dağıtım İşlemlerine İlişkin Bildirim,Kar Payı Dağıtım İşlemlerine İlişkin Bildirim 2025 Faaliyet Yılı Kar Dağıtımı Genel Kurul Kararı,https://www.kap.org.tr/tr/Bildirim/1576279,tr,2026-03-26T15:27:36+00:00
2026-03-26,DOAS,KAP,DOĞUŞ OTOMOTİV SERVİS VE TİCARET A.Ş. - Genel Kurul İşlemlerine İlişkin Bildirim,Genel Kurul İşlemlerine İlişkin Bildirim 2025 Faaliyet Yılı Olağan Genel Kurul Toplantı Sonucu,https://www.kap.org.tr/tr/Bildirim/1576245,tr,2026-03-26T15:00:40+00:00
2026-03-26,DOGVY,KAP,DOĞRU VARLIK YÖNETİM A.Ş. - Bağımsız Denetim Kuruluşunun Belirlenmesi,Bağımsız Denetim Kuruluşunun Belirlenmesi Bağımsız Denetim Kuruluşunun Belirlenmesi,https://www.kap.org.tr/tr/Bildirim/1576384,tr,2026-03-26T16:35:18+00:00
2026-03-26,DOGVY,KAP,DOĞRU VARLIK YÖNETİM A.Ş. - Genel Kurul Bildirimi,Genel Kurul Bildirimi 2025 Yılı Olağan Genel Kurul Toplantı Sonucu,https://www.kap.org.tr/tr/Bildirim/1576382,tr,2026-03-26T16:34:58+00:00
2026-03-26,DSYAT,KAP,DESTEK YATIRIM MENKUL DEĞERLER A.Ş. - Şirket Genel Bilgi Formu,Şirket Genel Bilgi Formu,https://www.kap.org.tr/tr/Bildirim/1576157,tr,2026-03-26T13:22:01+00:00
2026-03-26,DSYAT,KAP,DESTEK YATIRIM MENKUL DEĞERLER A.Ş. - Pay Dışında Sermaye Piyasası Aracı İşlemlerine İlişkin Bildirim (Faiz İçeren),Pay Dışında Sermaye Piyasası Aracı İşlemlerine İlişkin Bildirim (Faiz İçeren) TRFDSTK32616 ISIN Kodlu Finansman Bonosu İtfası,https://www.kap.org.tr/tr/Bildirim/1576156,tr,2026-03-26T13:21:40+00:00
2026-03-26,EBEBK,KAP,EBEBEK MAĞAZACILIK A.Ş. - Kurumsal Yönetim Bilgi Formu (Güncelleme) - Yönetim Kurulu-1,Kurumsal Yönetim Bilgi Formu (Güncelleme) - Yönetim Kurulu-1 Güncelleme,https://www.kap.org.tr/tr/Bildirim/1576474,tr,2026-03-26T17:31:52+00:00
2026-03-26,EBEBK,KAP,EBEBEK MAĞAZACILIK A.Ş. - Kurumsal Yönetim Bilgi Formu (Güncelleme) - Pay Sahipleri,Kurumsal Yönetim Bilgi Formu (Güncelleme) - Pay Sahipleri Güncelleme,https://www.kap.org.tr/tr/Bildirim/1576470,tr,2026-03-26T17:30:39+00:00
2026-03-26,EBEBK,KAP,EBEBEK MAĞAZACILIK A.Ş. - Kar Payı Dağıtım İşlemlerine İlişkin Bildirim,Kar Payı Dağıtım İşlemlerine İlişkin Bildirim Kar Dağıtımına İlişkin Genel Kurul Kararı,https://www.kap.org.tr/tr/Bildirim/1576372,tr,2026-03-26T16:21:29+00:00
2026-03-26,EBEBK,KAP,EBEBEK MAĞAZACILIK A.Ş. - Genel Kurul İşlemlerine İlişkin Bildirim,Genel Kurul İşlemlerine İlişkin Bildirim 2025 Yılı Olağan Genel Kurul Toplantı Sonucu,https://www.kap.org.tr/tr/Bildirim/1576365,tr,2026-03-26T16:14:55+00:00
2026-03-26,ECILC,KAP,EİS ECZACIBAŞI İLAÇ SINAİ VE FİNANSAL YATIRIMLAR SANAYİ VE TİCARET A.Ş. - İlişkili Taraf İşlemleri,İlişkili Taraf İşlemleri Yaygın ve Süreklilik Arz Eden İlişkili Taraf İşlemlerine İlişkin Rapor'un Sonuç Bölümü,https://www.kap.org.tr/tr/Bildirim/1576163,tr,2026-03-26T13:55:03+00:00
2026-03-26,EFOR,KAP,EFOR YATIRIM SANAYİ TİCARET A.Ş. - Payların Geri Alınmasına İlişkin Bildirim,Payların Geri Alınmasına İlişkin Bildirim 26.03.2026 Tarihli Pay Geri Alım İşlemleri,https://www.kap.org.tr/tr/Bildirim/1576640,tr,2026-03-26T18:29:05+00:00
2026-03-26,EGEEN,KAP,EGE ENDÜSTRİ VE TİCARET A.Ş. - Kurumsal Yönetim Bilgi Formu (Güncelleme) - Yönetim Kurulu-2,Kurumsal Yönetim Bilgi Formu (Güncelleme) - Yönetim Kurulu-2 YÖNETİM KURULU-II,https://www.kap.org.tr/tr/Bildirim/1576179,tr,2026-03-26T14:07:47+00:00
2026-03-26,EGEEN,KAP,EGE ENDÜSTRİ VE TİCARET A.Ş. - Özel Durum Açıklaması (Genel),Özel Durum Açıklaması (Genel) Komite Üyeliklerinin Açıklanması hk.,https://www.kap.org.tr/tr/Bildirim/1576178,tr,2026-03-26T14:07:20+00:00
2026-03-26,EGEEN,KAP,EGE ENDÜSTRİ VE TİCARET A.Ş. - Özel Durum Açıklaması (Genel),Özel Durum Açıklaması (Genel) Yönetim Kurulu Görev Dağılımı,https://www.kap.org.tr/tr/Bildirim/1576177,tr,2026-03-26T14:07:08+00:00
2026-03-26,EGEEN,KAP,EGE ENDÜSTRİ VE TİCARET A.Ş. - Şirket Genel Bilgi Formu,Şirket Genel Bilgi Formu,https://www.kap.org.tr/tr/Bildirim/1576171,tr,2026-03-26T14:02:12+00:00
2026-03-26,EGEEN,KAP,EGE ENDÜSTRİ VE TİCARET A.Ş. - Bağımsız Denetim Kuruluşunun Belirlenmesi,Bağımsız Denetim Kuruluşunun Belirlenmesi Sürdürebilirlik Denetim Kuruluşunun Belirlenmesi,https://www.kap.org.tr/tr/Bildirim/1576168,tr,2026-03-26T14:01:15+00:00
2026-03-26,EGEEN,KAP,EGE ENDÜSTRİ VE TİCARET A.Ş. - Bağımsız Denetim Kuruluşunun Belirlenmesi,Bağımsız Denetim Kuruluşunun Belirlenmesi Bağımsız Denetim Kuruluşunun Belirlenmesi,https://www.kap.org.tr/tr/Bildirim/1576167,tr,2026-03-26T14:00:47+00:00
2026-03-26,EGEEN,KAP,EGE ENDÜSTRİ VE TİCARET A.Ş. - Kar Payı Dağıtım İşlemlerine İlişkin Bildirim,Kar Payı Dağıtım İşlemlerine İlişkin Bildirim 2025 yılı kar payı dağıtımının 26.03.2026 tarihinde gerçekleştirilen Genel Kurul'da görüşülmesi hk.,https://www.kap.org.tr/tr/Bildirim/1576165,tr,2026-03-26T14:00:05+00:00
2026-03-26,EGEEN,KAP,EGE ENDÜSTRİ VE TİCARET A.Ş. - Genel Kurul İşlemlerine İlişkin Bildirim,Genel Kurul İşlemlerine İlişkin Bildirim 26.03.2026 tarihinde yapılan Ege Endüstri ve Tic. A Ş Genel Kurul'una ilişkin sonuçlar ekte yer almaktadır.,https://www.kap.org.tr/tr/Bildirim/1576162,tr,2026-03-26T13:54:46+00:00
2026-03-26,EGEGY,KAP,EGEYAPI AVRUPA GAYRİMENKUL YATIRIM ORTAKLIĞI A.Ş. - Kar Payı Dağıtım İşlemlerine İlişkin Bildirim,Kar Payı Dağıtım İşlemlerine İlişkin Bildirim Temettü ödeme son tarih girişi güncellenmiştir.,https://www.kap.org.tr/tr/Bildirim/1576249,tr,2026-03-26T15:06:42+00:00
2026-03-26,EGGUB,KAP,EGE GÜBRE SANAYİİ A.Ş. - Bağımsız Denetim Kuruluşunun Belirlenmesi,Bağımsız Denetim Kuruluşunun Belirlenmesi Sürdürülebilirlik Raporu için Bağımsız Denetim Kuruluşunun Belirlenmesi,https://www.kap.org.tr/tr/Bildirim/1576729,tr,2026-03-26T18:47:29+00:00
2026-03-26,EGGUB,KAP,EGE GÜBRE SANAYİİ A.Ş. - Bağımsız Denetim Kuruluşunun Belirlenmesi,Bağımsız Denetim Kuruluşunun Belirlenmesi Bağımsız Denetim Kuruluşunun Belirlenmesi,https://www.kap.org.tr/tr/Bildirim/1576727,tr,2026-03-26T18:47:12+00:00
2026-03-26,EGGUB,KAP,EGE GÜBRE SANAYİİ A.Ş. - Kar Payı Dağıtım İşlemlerine İlişkin Bildirim,Kar Payı Dağıtım İşlemlerine İlişkin Bildirim Genel Kurul Onayına Sunulacak Yönetim Kurulu Kar Dağıtım Teklifi,https://www.kap.org.tr/tr/Bildirim/1576725,tr,2026-03-26T18:46:45+00:00
2026-03-26,EGGUB,KAP,EGE GÜBRE SANAYİİ A.Ş. - Genel Kurul İşlemlerine İlişkin Bildirim,Genel Kurul İşlemlerine İlişkin Bildirim Genel Kurul İşlemlerine İlişkin Bildirim,https://www.kap.org.tr/tr/Bildirim/1576722,tr,2026-03-26T18:46:25+00:00
2026-03-26,EMIRV,KAP,EMİR VARLIK YÖNETİM A.Ş. - Pay Dışında Sermaye Piyasası Aracı İşlemlerine İlişkin Bildirim (Faiz İçeren),Pay Dışında Sermaye Piyasası Aracı İşlemlerine İlişkin Bildirim (Faiz İçeren) TRFEMIR92619 ISIN Kodlu Finansman Bonosunun 2. Kupon Oranına İlişkin Açıklama,https://www.kap.org.tr/tr/Bildirim/1576378,tr,2026-03-26T16:30:03+00:00
2026-03-26,EMPAE,KAP,EMPA ELEKTRONİK SANAYİ VE TİCARET A.Ş. - Özel Durum Açıklaması (Genel),Özel Durum Açıklaması (Genel) Ücretlendirme Politikası,https://www.kap.org.tr/tr/Bildirim/1576831,tr,2026-03-26T20:33:42+00:00
2026-03-26,EMPAE,KAP,EMPA ELEKTRONİK SANAYİ VE TİCARET A.Ş. - Özel Durum Açıklaması (Genel),Özel Durum Açıklaması (Genel) Bağış ve Yardım Politikası,https://www.kap.org.tr/tr/Bildirim/1576830,tr,2026-03-26T20:33:15+00:00
2026-03-26,EMPAE,KAP,EMPA ELEKTRONİK SANAYİ VE TİCARET A.Ş. - Bilgilendirme Politikası,Bilgilendirme Politikası Bilgilendirme Politikası,https://www.kap.org.tr/tr/Bildirim/1576829,tr,2026-03-26T20:32:34+00:00
2026-03-26,EMPAE,KAP,EMPA ELEKTRONİK SANAYİ VE TİCARET A.Ş. - Kar Dağıtım Politikası,Kar Dağıtım Politikası Kar Dağıtım Politikası,https://www.kap.org.tr/tr/Bildirim/1576828,tr,2026-03-26T20:31:55+00:00
2026-03-26,EMVAR,KAP,EMLAK VARLIK KİRALAMA A.Ş. - Pay Dışında Sermaye Piyasası Aracı İşlemlerine İlişkin Bildirim (Faizsiz),Pay Dışında Sermaye Piyasası Aracı İşlemlerine İlişkin Bildirim (Faizsiz) Şirketimiz Tarafından İhraç Edilmiş Olan TRDEMVK32642 ISIN Kodlu Kira Sertifikasının İtfası Hk.,https://www.kap.org.tr/tr/Bildirim/1576169,tr,2026-03-26T14:01:18+00:00
2026-03-26,ENERY,KAP,ENERYA ENERJİ A.Ş. - Payların Geri Alınmasına İlişkin Bildirim,Payların Geri Alınmasına İlişkin Bildirim 26.03.2026 Tarihli Pay Geri Alım İşlemleri,https://www.kap.org.tr/tr/Bildirim/1576641,tr,2026-03-26T18:30:08+00:00
2026-03-26,ENTRA,KAP,IC ENTERRA YENİLENEBİLİR ENERJİ A.Ş. - Şirket Genel Bilgi Formu,Şirket Genel Bilgi Formu,https://www.kap.org.tr/tr/Bildirim/1576588,tr,2026-03-26T18:09:18+00:00
2026-03-26,EPLAS,KAP,EGEPLAST EGE PLASTİK TİCARET VE SANAYİ A.Ş. - Sermaye Artırımı - Azaltımı İşlemlerine İlişkin Bildirim,Sermaye Artırımı - Azaltımı İşlemlerine İlişkin Bildirim EPLAS BEDELLİ SERMAYE ARTIRIMINA İLİŞKİN ALINAN YÖNETİM KURULU KARARININ REVİZESİ HAKKINDA,https://www.kap.org.tr/tr/Bildirim/1576591,tr,2026-03-26T18:10:46+00:00
2026-03-26,EREGL,KAP,EREĞLİ DEMİR VE ÇELİK FABRİKALARI T.A.Ş. - Şirket Genel Bilgi Formu,Şirket Genel Bilgi Formu,https://www.kap.org.tr/tr/Bildirim/1576836,tr,2026-03-26T20:41:15+00:00
2026-03-26,EREGL,KAP,EREĞLİ DEMİR VE ÇELİK FABRİKALARI T.A.Ş. - Bağımsız Denetim Kuruluşunun Belirlenmesi,Bağımsız Denetim Kuruluşunun Belirlenmesi Genel Kurul Toplantısı Sürdürülebilirlik Denetimi için Bağımsız Denetim Kuruluşu Seçim Sonucu,https://www.kap.org.tr/tr/Bildirim/1576835,tr,2026-03-26T20:41:03+00:00
2026-03-26,EREGL,KAP,EREĞLİ DEMİR VE ÇELİK FABRİKALARI T.A.Ş. - Bağımsız Denetim Kuruluşunun Belirlenmesi,Bağımsız Denetim Kuruluşunun Belirlenmesi Genel Kurul Toplantısı 2026 Yılı Bağımsız Denetim Şirketi Seçim Sonucu,https://www.kap.org.tr/tr/Bildirim/1576834,tr,2026-03-26T20:40:50+00:00
2026-03-26,EREGL,KAP,EREĞLİ DEMİR VE ÇELİK FABRİKALARI T.A.Ş. - Kar Payı Dağıtım İşlemlerine İlişkin Bildirim,Kar Payı Dağıtım İşlemlerine İlişkin Bildirim 2025 Olağan Genel Kurul Toplantısı Kar Dağıtım Sonucu,https://www.kap.org.tr/tr/Bildirim/1576833,tr,2026-03-26T20:40:35+00:00
2026-03-26,EREGL,KAP,EREĞLİ DEMİR VE ÇELİK FABRİKALARI T.A.Ş. - Genel Kurul İşlemlerine İlişkin Bildirim,Genel Kurul İşlemlerine İlişkin Bildirim 2025 Yılına İlişkin Olağan Genel Kurul Toplantısı Sonucu,https://www.kap.org.tr/tr/Bildirim/1576817,tr,2026-03-26T20:11:48+00:00
2026-03-26,ERGLI,KAP,EREĞLİ TEKSTİL TURİZM SANAYİ VE TİCARET A.Ş. - Kredi Derecelendirmesi,Kredi Derecelendirmesi Kredi Derecelendirme Bildirimi,https://www.kap.org.tr/tr/Bildirim/1576616,tr,2026-03-26T18:17:56+00:00
2026-03-26,ETYAT,KAP,EURO TREND YATIRIM ORTAKLIĞI A.Ş. - Özel Durum Açıklaması (Genel),"Özel Durum Açıklaması (Genel) BİAŞ'da oluşan ağırlıklı ortalama fiyatın,pay başına net aktif değerin 2 katını aşması",https://www.kap.org.tr/tr/Bildirim/1576327,tr,2026-03-26T15:48:46+00:00
2026-03-26,EUHOL,KAP,EURO YATIRIM HOLDİNG A.Ş. - Genel Kurul İşlemlerine İlişkin Bildirim,Genel Kurul İşlemlerine İlişkin Bildirim Genel Kurul toplantısının tescil ve ilanı hk,https://www.kap.org.tr/tr/Bildirim/1576684,tr,2026-03-26T18:40:48+00:00
2026-03-26,EUHOL,KAP,EURO YATIRIM HOLDİNG A.Ş. - Esas Sözleşme,Esas Sözleşme Esas Sözleşme Hk.,https://www.kap.org.tr/tr/Bildirim/1576651,tr,2026-03-26T18:34:38+00:00
2026-03-26,EUKYO,KAP,EURO KAPİTAL YATIRIM ORTAKLIĞI A.Ş. - Özel Durum Açıklaması (Genel),"Özel Durum Açıklaması (Genel) BİAŞ'da oluşan ağırlıklı ortalama fiyatın,pay başına net aktif değerin 2 katını aşması",https://www.kap.org.tr/tr/Bildirim/1576328,tr,2026-03-26T15:49:27+00:00
2026-03-26,EUYO,KAP,EURO MENKUL KIYMET YATIRIM ORTAKLIĞI A.Ş. - Özel Durum Açıklaması (Genel),"Özel Durum Açıklaması (Genel) BİAŞ'da oluşan ağırlıklı ortalama fiyatın,pay başına net aktif değerin 2 katını aşması",https://www.kap.org.tr/tr/Bildirim/1576326,tr,2026-03-26T15:48:08+00:00
2026-03-26,FIN,KAP,QNB BANK A.Ş. - Şirket Genel Bilgi Formu,Şirket Genel Bilgi Formu,https://www.kap.org.tr/tr/Bildirim/1576819,tr,2026-03-26T20:19:51+00:00
2026-03-26,FIN,KAP,QNB BANK A.Ş. - Kar Payı Dağıtım İşlemlerine İlişkin Bildirim,Kar Payı Dağıtım İşlemlerine İlişkin Bildirim Kar Payı Dağıtım İşlemlerine İlişkin Genel Kurul Kararı,https://www.kap.org.tr/tr/Bildirim/1576818,tr,2026-03-26T20:19:13+00:00
2026-03-26,FIN,KAP,QNB BANK A.Ş. - Genel Kurul İşlemlerine İlişkin Bildirim,Genel Kurul İşlemlerine İlişkin Bildirim Genel Kurul toplantı sonuçları,https://www.kap.org.tr/tr/Bildirim/1576816,tr,2026-03-26T20:08:34+00:00
2026-03-26,FORMT,KAP,FORMET METAL VE CAM SANAYİ A.Ş. - Genel Kurul İşlemlerine İlişkin Bildirim,Genel Kurul İşlemlerine İlişkin Bildirim 2025 Yılına İlişkin Olağan Genel Kurul 2.Toplantısına Çağrı İlanı ve Bilgilendirme Dokumanı,https://www.kap.org.tr/tr/Bildirim/1576223,tr,2026-03-26T14:47:40+00:00
2026-03-26,FORMT,KAP,FORMET METAL VE CAM SANAYİ A.Ş. - Genel Kurul İşlemlerine İlişkin Bildirim,Genel Kurul İşlemlerine İlişkin Bildirim 2024 Yılına İlişkin Olağan Genel Kurul 2.Toplantısına Çağrı İlanı ve Bilgilendirme Dokumanı,https://www.kap.org.tr/tr/Bildirim/1576213,tr,2026-03-26T14:29:24+00:00
2026-03-26,FORMT,KAP,FORMET METAL VE CAM SANAYİ A.Ş. - Genel Kurul İşlemlerine İlişkin Bildirim,Genel Kurul İşlemlerine İlişkin Bildirim 2025 Yılı Olağan Genel Kurul Toplantısının Asgari Toplantı Nisabının Sağlanamaması Nedeniyle 22.04.2026 Tarihine Ertelenmesi,https://www.kap.org.tr/tr/Bildirim/1576185,tr,2026-03-26T14:11:31+00:00
2026-03-26,FORMT,KAP,FORMET METAL VE CAM SANAYİ A.Ş. - Genel Kurul İşlemlerine İlişkin Bildirim,Genel Kurul İşlemlerine İlişkin Bildirim 2024 Yılı Olağan Genel Kurul Toplantısının Asgari Toplantı Nisabının Sağlanamaması Nedeniyle 22.04.2026 Tarihine Ertelenmesi,https://www.kap.org.tr/tr/Bildirim/1576138,tr,2026-03-26T11:49:05+00:00
2026-03-26,FRIGO,KAP,FRİGO-PAK GIDA MADDELERİ SANAYİ VE TİCARET A.Ş. - Ortaklık Aleyhine Dava Açılması veya Davaya İlişkin Gelişmeler,Ortaklık Aleyhine Dava Açılması veya Davaya İlişkin Gelişmeler Ortaklık Aleyhine Dava Açılması / Davaya İlişkin Gelişmeler Hk.,https://www.kap.org.tr/tr/Bildirim/1576814,tr,2026-03-26T20:00:53+00:00
2026-03-26,GARFA,KAP,GARANTİ FAKTORİNG A.Ş. - İhraç Tavanına İlişkin Bildirim,İhraç Tavanına İlişkin Bildirim Borçlanma Aracı İhracı İçin İzin Başvurusu,https://www.kap.org.tr/tr/Bildirim/1576396,tr,2026-03-26T16:52:01+00:00
2026-03-26,GARFA,KAP,GARANTİ FAKTORİNG A.Ş. - Pay Dışında Sermaye Piyasası Aracı İşlemlerine İlişkin Bildirim (Faiz İçeren),Pay Dışında Sermaye Piyasası Aracı İşlemlerine İlişkin Bildirim (Faiz İçeren) Bono İhracının Tamamlanması,https://www.kap.org.tr/tr/Bildirim/1576131,tr,2026-03-26T11:23:56+00:00
2026-03-26,GGBVK,KAP,GOLDEN GLOBAL VARLIK KİRALAMA A.Ş. - Pay Dışında Sermaye Piyasası Aracı İşlemlerine İlişkin Bildirim (Faizsiz),Pay Dışında Sermaye Piyasası Aracı İşlemlerine İlişkin Bildirim (Faizsiz) TRDGLVK92627 ISIN Kodlu Kira Sertifikasının 6. Kupon Ödemesinin Tamamlanması Hk. GGI,https://www.kap.org.tr/tr/Bildirim/1576364,tr,2026-03-26T16:12:18+00:00
2026-03-26,GGBVK,KAP,GOLDEN GLOBAL VARLIK KİRALAMA A.Ş. - Pay Dışında Sermaye Piyasası Aracı İşlemlerine İlişkin Bildirim (Faizsiz),Pay Dışında Sermaye Piyasası Aracı İşlemlerine İlişkin Bildirim (Faizsiz) TRDGLVK92619 ISIN Kodlu Kira Sertifikası İhracının 2. Kupon Ödemesinin Tamamlanması GGI,https://www.kap.org.tr/tr/Bildirim/1576363,tr,2026-03-26T16:12:07+00:00
2026-03-26,GGBVK,KAP,GOLDEN GLOBAL VARLIK KİRALAMA A.Ş. - Pay Dışında Sermaye Piyasası Aracı İşlemlerine İlişkin Bildirim (Faizsiz),Pay Dışında Sermaye Piyasası Aracı İşlemlerine İlişkin Bildirim (Faizsiz) TRDGLVK92619 ISIN Kodlu Kira Sertifikası 2. Kupon Oranının Belirlenmesi GGI,https://www.kap.org.tr/tr/Bildirim/1576072,tr,2026-03-26T09:43:34+00:00
2026-03-26,GGBVK,KAP,GOLDEN GLOBAL VARLIK KİRALAMA A.Ş. - Pay Dışında Sermaye Piyasası Aracı İşlemlerine İlişkin Bildirim (Faizsiz),Pay Dışında Sermaye Piyasası Aracı İşlemlerine İlişkin Bildirim (Faizsiz) TRDGLVK92627 ISIN Kodlu Kira Sertifikası İhracınının 6. Kupon Oranının Belirlenmesi GGI,https://www.kap.org.tr/tr/Bildirim/1576071,tr,2026-03-26T09:43:26+00:00
2026-03-26,GLCVY,KAP,GELECEK VARLIK YÖNETİMİ A.Ş. - Özel Durum Açıklaması (Genel),Özel Durum Açıklaması (Genel) İhale sonrası Devir ve Temlik İşlemlerinin tamamlanması hk. AKBNK,https://www.kap.org.tr/tr/Bildirim/1576617,tr,2026-03-26T18:18:32+00:00
2026-03-26,GOODY,KAP,GOODYEAR LASTİKLERİ T.A.Ş. - Sermaye Artırımı - Azaltımı İşlemlerine İlişkin Bildirim,Sermaye Artırımı - Azaltımı İşlemlerine İlişkin Bildirim Bedelsiz Sermaye Artımı Hakkında,https://www.kap.org.tr/tr/Bildirim/1576623,tr,2026-03-26T18:19:19+00:00
2026-03-26,GOZDE,KAP,GÖZDE GİRİŞİM SERMAYESİ YATIRIM ORTAKLIĞI A.Ş. - Özel Durum Açıklaması (Genel),Özel Durum Açıklaması (Genel) Bağımsız Yönetim Kurulu Üyesi Seçimi ve SPK Başvurusu,https://www.kap.org.tr/tr/Bildirim/1576942,tr,2026-03-26T21:26:09+00:00
2026-03-26,GRNYO,KAP,GARANTİ YATIRIM ORTAKLIĞI A.Ş. - Özel Durum Açıklaması (Genel),"Özel Durum Açıklaması (Genel) Paylarının BİAŞ'ta oluşan ağırlıklı ortalama fiyatının, pay başına net aktif değerinin 2 katını aşması hakkında.",https://www.kap.org.tr/tr/Bildirim/1576099,tr,2026-03-26T10:21:48+00:00
2026-03-26,GUNDG,KAP,GÜNDOĞDU GIDA SÜT ÜRÜNLERİ SANAYİ VE DIŞ TİCARET A.Ş. - Olağan Dışı Fiyat ve Miktar Hareketleri,Olağan Dışı Fiyat ve Miktar Hareketleri Olağandışı Fiyat ve Miktar Hareketlerine İlişkin Açıklama Hk.,https://www.kap.org.tr/tr/Bildirim/1576414,tr,2026-03-26T17:02:33+00:00
2026-03-26,GZNMI,KAP,GEZİNOMİ SEYAHAT TURİZM TİCARET A.Ş. - Özel Durum Açıklaması (Genel),Özel Durum Açıklaması (Genel) Türkiye's Best QM Development Tour Operatör Brand Ödülü Hakkında,https://www.kap.org.tr/tr/Bildirim/1576726,tr,2026-03-26T18:46:49+00:00
2026-03-26,HDFGS,KAP,HEDEF GİRİŞİM SERMAYESİ YATIRIM ORTAKLIĞI A.Ş. - Kar Payı Dağıtım İşlemlerine İlişkin Bildirim,Kar Payı Dağıtım İşlemlerine İlişkin Bildirim Kar Payı Dağıtımına İlişkin Yönetim Kurulu Kararının Revize Edilmesi Hk.,https://www.kap.org.tr/tr/Bildirim/1576599,tr,2026-03-26T18:11:51+00:00
2026-03-26,HDFGS,KAP,HEDEF GİRİŞİM SERMAYESİ YATIRIM ORTAKLIĞI A.Ş. - Özel Durum Açıklaması (Genel),Özel Durum Açıklaması (Genel) Girişim Sermayesi Yatırımlarından Norm Batarya Enerji Depolama Sistemleri A.Ş.'nin Sermaye Taahhüt Ödemesi Hk.,https://www.kap.org.tr/tr/Bildirim/1576598,tr,2026-03-26T18:11:40+00:00
2026-03-26,HEDEF,KAP,HEDEF HOLDİNG A.Ş. - Olağan Dışı Fiyat ve Miktar Hareketleri,Olağan Dışı Fiyat ve Miktar Hareketleri Olağandışı Fiyat ve Miktar Hareketlerine İlişkin Açıklama Hk.,https://www.kap.org.tr/tr/Bildirim/1576341,tr,2026-03-26T16:07:10+00:00
2026-03-26,HLVKS,KAP,HALK VARLIK KİRALAMA A.Ş. - Pay Dışında Sermaye Piyasası Aracı İşlemlerine İlişkin Bildirim (Faizsiz),Pay Dışında Sermaye Piyasası Aracı İşlemlerine İlişkin Bildirim (Faizsiz) Yurtiçi Kira Sertifikası İtfa ve Getiri Ödemesi PYCLL,https://www.kap.org.tr/tr/Bildirim/1576149,tr,2026-03-26T12:38:22+00:00
2026-03-26,HTTBT,KAP,HİTİT BİLGİSAYAR HİZMETLERİ A.Ş. - Kar Payı Dağıtım İşlemlerine İlişkin Bildirim,Kar Payı Dağıtım İşlemlerine İlişkin Bildirim 2025 Yılı Olağan Genel Kurulu toplantısında onaylanan Kar Payı Dağıtım Kararı,https://www.kap.org.tr/tr/Bildirim/1576254,tr,2026-03-26T15:08:22+00:00
2026-03-26,HTTBT,KAP,HİTİT BİLGİSAYAR HİZMETLERİ A.Ş. - Bağımsız Denetim Kuruluşunun Belirlenmesi,Bağımsız Denetim Kuruluşunun Belirlenmesi Bağımsız Denetim Kuruluşunun Genel Kurul'ca onaylanması,https://www.kap.org.tr/tr/Bildirim/1576230,tr,2026-03-26T14:55:23+00:00
2026-03-26,HTTBT,KAP,HİTİT BİLGİSAYAR HİZMETLERİ A.Ş. - Genel Kurul İşlemlerine İlişkin Bildirim,Genel Kurul İşlemlerine İlişkin Bildirim 2025 Yılına ait Olağan Genel Kurul Sonucu,https://www.kap.org.tr/tr/Bildirim/1576228,tr,2026-03-26T14:54:59+00:00
2026-03-26,HUZFA,KAP,HUZUR FAKTORİNG A.Ş. - Pay Dışında Sermaye Piyasası Aracı İşlemlerine İlişkin Bildirim (Faiz İçeren),Pay Dışında Sermaye Piyasası Aracı İşlemlerine İlişkin Bildirim (Faiz İçeren) TRFHZRF32616 ISIN KODLU FİNANSMAN BONOSU 2.KUPON ÖDEMESİ VE İTFASI,https://www.kap.org.tr/tr/Bildirim/1576130,tr,2026-03-26T11:18:06+00:00
2026-03-26,ICUGS,KAP,ICU GİRİŞİM SERMAYESİ YATIRIM ORTAKLIĞI A.Ş. - Katılım Finansı İlkeleri Bilgi Formu,Katılım Finansı İlkeleri Bilgi Formu,https://www.kap.org.tr/tr/Bildirim/1576639,tr,2026-03-26T18:28:59+00:00
2026-03-26,ISDMR,KAP,İSKENDERUN DEMİR VE ÇELİK A.Ş. - Şirket Genel Bilgi Formu,Şirket Genel Bilgi Formu,https://www.kap.org.tr/tr/Bildirim/1576744,tr,2026-03-26T18:55:23+00:00
2026-03-26,ISDMR,KAP,İSKENDERUN DEMİR VE ÇELİK A.Ş. - Bağımsız Denetim Kuruluşunun Belirlenmesi,Bağımsız Denetim Kuruluşunun Belirlenmesi Genel Kurul Toplantısı Sürdürülebilirlik Denetimi için Bağımsız Denetim Kuruluşu Seçim Sonucu,https://www.kap.org.tr/tr/Bildirim/1576743,tr,2026-03-26T18:55:06+00:00
2026-03-26,ISDMR,KAP,İSKENDERUN DEMİR VE ÇELİK A.Ş. - Bağımsız Denetim Kuruluşunun Belirlenmesi,Bağımsız Denetim Kuruluşunun Belirlenmesi Genel Kurul Toplantısı 2026 Yılı Bağımsız Denetim Şirketi Seçim Sonucu,https://www.kap.org.tr/tr/Bildirim/1576742,tr,2026-03-26T18:54:52+00:00
2026-03-26,ISDMR,KAP,İSKENDERUN DEMİR VE ÇELİK A.Ş. - Kar Payı Dağıtım İşlemlerine İlişkin Bildirim,Kar Payı Dağıtım İşlemlerine İlişkin Bildirim 2025 Olağan Genel Kurul Toplantısı Kar Dağıtım Sonucu,https://www.kap.org.tr/tr/Bildirim/1576673,tr,2026-03-26T18:38:23+00:00
2026-03-26,ISDMR,KAP,İSKENDERUN DEMİR VE ÇELİK A.Ş. - Genel Kurul İşlemlerine İlişkin Bildirim,Genel Kurul İşlemlerine İlişkin Bildirim 2025 Yılına İlişkin Olağan Genel Kurul Toplantısı Sonucu,https://www.kap.org.tr/tr/Bildirim/1576646,tr,2026-03-26T18:30:49+00:00
2026-03-26,ISFIN,KAP,İŞ FİNANSAL KİRALAMA A.Ş. - Şirket Genel Bilgi Formu,Şirket Genel Bilgi Formu,https://www.kap.org.tr/tr/Bildirim/1576826,tr,2026-03-26T20:30:13+00:00
2026-03-26,ISFIN,KAP,İŞ FİNANSAL KİRALAMA A.Ş. - Yönetim Kurulu Komiteleri,Yönetim Kurulu Komiteleri Yönetim Kurulu Üyeleri Arasında Görev Dağılımı,https://www.kap.org.tr/tr/Bildirim/1576823,tr,2026-03-26T20:27:27+00:00
2026-03-26,ISFIN,KAP,İŞ FİNANSAL KİRALAMA A.Ş. - Bağımsız Denetim Kuruluşunun Belirlenmesi,Bağımsız Denetim Kuruluşunun Belirlenmesi Bağımsız Denetim Kuruluşunun Belirlenmesi,https://www.kap.org.tr/tr/Bildirim/1576822,tr,2026-03-26T20:26:20+00:00
2026-03-26,ISFIN,KAP,İŞ FİNANSAL KİRALAMA A.Ş. - Kayıtlı Sermaye Tavanı İşlemlerine İlişkin Bildirim,"Kayıtlı Sermaye Tavanı İşlemlerine İlişkin Bildirim Kayıtlı Sermaye Tavanı Artırımı, Kayıtlı Sermaye Tavan Süresinin Uzatılması ve Ana Sözleşme Tadili",https://www.kap.org.tr/tr/Bildirim/1576821,tr,2026-03-26T20:25:22+00:00
2026-03-26,ISFIN,KAP,İŞ FİNANSAL KİRALAMA A.Ş. - Kar Payı Dağıtım İşlemlerine İlişkin Bildirim,Kar Payı Dağıtım İşlemlerine İlişkin Bildirim İş Finansal Kiralama A.Ş. 2025 yılı Kar Dağıtımı Hakkında,https://www.kap.org.tr/tr/Bildirim/1576820,tr,2026-03-26T20:24:14+00:00
2026-03-26,ISFIN,KAP,İŞ FİNANSAL KİRALAMA A.Ş. - Genel Kurul İşlemlerine İlişkin Bildirim,Genel Kurul İşlemlerine İlişkin Bildirim 2025 yılı Olağan Genel Kurul Toplantısı Sonucu,https://www.kap.org.tr/tr/Bildirim/1576815,tr,2026-03-26T20:06:33+00:00
2026-03-26,ISGYO,KAP,İŞ GAYRİMENKUL YATIRIM ORTAKLIĞI A.Ş. - İhraç Tavanına İlişkin Bildirim,İhraç Tavanına İlişkin Bildirim Borçlanma Aracı İhracı için SPK' ya Başvuru Yapılması,https://www.kap.org.tr/tr/Bildirim/1576412,tr,2026-03-26T17:02:14+00:00
2026-03-26,ISMEN,KAP,İŞ YATIRIM MENKUL DEĞERLER A.Ş. - Yatırım Kuruluşu Varant - Sertifika - Senetlerine İlişkin Bildirim,Yatırım Kuruluşu Varant - Sertifika - Senetlerine İlişkin Bildirim İş Yatırım Sertifika ve Varant Alım Satım İşlemleri,https://www.kap.org.tr/tr/Bildirim/1576287,tr,2026-03-26T15:36:11+00:00
2026-03-26,ISMEN,KAP,İŞ YATIRIM MENKUL DEĞERLER A.Ş. - Piyasa Yapıcılığı Kapsamında Gerçekleştirilen İşlemler Bildirimi,Piyasa Yapıcılığı Kapsamında Gerçekleştirilen İşlemler Bildirimi Borsa Yatırım Fonu Piyasa Yapıcılığı İşlemleri ISGLK,https://www.kap.org.tr/tr/Bildirim/1576285,tr,2026-03-26T15:33:45+00:00
2026-03-26,ISYAT,KAP,İŞ YATIRIM ORTAKLIĞI A.Ş. - Şirket Genel Bilgi Formu,Şirket Genel Bilgi Formu,https://www.kap.org.tr/tr/Bildirim/1576282,tr,2026-03-26T15:28:08+00:00
2026-03-26,ISYAT,KAP,İŞ YATIRIM ORTAKLIĞI A.Ş. - Yönetim Kurulu Komiteleri,Yönetim Kurulu Komiteleri Komite Üyelerinin Seçimi,https://www.kap.org.tr/tr/Bildirim/1576281,tr,2026-03-26T15:27:56+00:00
2026-03-26,ISYAT,KAP,İŞ YATIRIM ORTAKLIĞI A.Ş. - Özel Durum Açıklaması (Genel),Özel Durum Açıklaması (Genel) Yönetim Kurulu'nda Görev Dağılımının Tespiti,https://www.kap.org.tr/tr/Bildirim/1576280,tr,2026-03-26T15:27:42+00:00
2026-03-26,IYM,KAP,İŞ YATIRIM MENKUL DEĞERLER A.Ş. - Yatırım Kuruluşu Varant - Sertifika - Senetlerine İlişkin Bildirim,Yatırım Kuruluşu Varant - Sertifika - Senetlerine İlişkin Bildirim İş Yatırım Sertifika ve Varant Alım Satım İşlemleri,https://www.kap.org.tr/tr/Bildirim/1576287,tr,2026-03-26T15:36:11+00:00
2026-03-26,IYM,KAP,İŞ YATIRIM MENKUL DEĞERLER A.Ş. - Piyasa Yapıcılığı Kapsamında Gerçekleştirilen İşlemler Bildirimi,Piyasa Yapıcılığı Kapsamında Gerçekleştirilen İşlemler Bildirimi Borsa Yatırım Fonu Piyasa Yapıcılığı İşlemleri ISGLK,https://www.kap.org.tr/tr/Bildirim/1576285,tr,2026-03-26T15:33:45+00:00
2026-03-26,IZFAS,KAP,İZMİR FIRÇA SANAYİ VE TİCARET A.Ş. - Bağımsız Denetim Kuruluşunun Belirlenmesi,Bağımsız Denetim Kuruluşunun Belirlenmesi 2026 YILI BAĞIMSIZ DENETİM FİRMASI SEÇİMİ,https://www.kap.org.tr/tr/Bildirim/1576417,tr,2026-03-26T17:05:20+00:00
2026-03-26,IZFAS,KAP,İZMİR FIRÇA SANAYİ VE TİCARET A.Ş. - Kar Payı Dağıtım İşlemlerine İlişkin Bildirim,Kar Payı Dağıtım İşlemlerine İlişkin Bildirim 2025 YILI KAR PAYI DAĞITIM İŞLEMLERİNE İLİŞKİN BİLDİRİM,https://www.kap.org.tr/tr/Bildirim/1576415,tr,2026-03-26T17:03:15+00:00
2026-03-26,IZFAS,KAP,İZMİR FIRÇA SANAYİ VE TİCARET A.Ş. - Genel Kurul İşlemlerine İlişkin Bildirim,Genel Kurul İşlemlerine İlişkin Bildirim 2025 YILI OLAĞAN GENEL KURUL HK,https://www.kap.org.tr/tr/Bildirim/1576413,tr,2026-03-26T17:02:31+00:00
2026-03-26,KATVK,KAP,KATILIM VARLIK KİRALAMA A.Ş. - Pay Dışında Sermaye Piyasası Aracı İşlemlerine İlişkin Bildirim (Faizsiz),Pay Dışında Sermaye Piyasası Aracı İşlemlerine İlişkin Bildirim (Faizsiz) TRDKTLM92611 Yurtiçi Kira Sertifikası İhracının Satışının Tamamlanması KARSN,https://www.kap.org.tr/tr/Bildirim/1576080,tr,2026-03-26T09:58:19+00:00
2026-03-26,KBORU,KAP,KUZEY BORU A.Ş. - Özel Durum Açıklaması (Genel),Özel Durum Açıklaması (Genel) İlave GES Yatırımının Tamamlanarak Faaliyete Geçmesi hk.,https://www.kap.org.tr/tr/Bildirim/1576176,tr,2026-03-26T14:06:43+00:00
2026-03-26,KCAER,KAP,KOCAER ÇELİK SANAYİ VE TİCARET A.Ş. - Kredi Derecelendirmesi,Kredi Derecelendirmesi JCR Kredi Derecelendirmesi,https://www.kap.org.tr/tr/Bildirim/1576645,tr,2026-03-26T18:30:30+00:00
2026-03-26,KCHOL,KAP,KOÇ HOLDİNG A.Ş. - Pay Alım Satım Bildirimi,Pay Alım Satım Bildirimi Hisse satış sürecinde işlem detaylarının belirlenmesi TUPRS,https://www.kap.org.tr/tr/Bildirim/1575944,tr,2026-03-26T00:16:57+00:00
2026-03-26,KFILO,KAP,KAYATUR FİLO KİRALAMA A.Ş. - Pay Dışında Sermaye Piyasası Aracı İşlemlerine İlişkin Bildirim (Faiz İçeren),Pay Dışında Sermaye Piyasası Aracı İşlemlerine İlişkin Bildirim (Faiz İçeren) FİNANSMAN BONOSU İHRACI ISIN: TRFKYTRA2625,https://www.kap.org.tr/tr/Bildirim/1576118,tr,2026-03-26T10:58:45+00:00
2026-03-26,KGYO,KAP,KORAY GAYRİMENKUL YATIRIM ORTAKLIĞI A.Ş. - Şirket Genel Bilgi Formu,Şirket Genel Bilgi Formu,https://www.kap.org.tr/tr/Bildirim/1576625,tr,2026-03-26T18:20:04+00:00
2026-03-26,KGYO,KAP,KORAY GAYRİMENKUL YATIRIM ORTAKLIĞI A.Ş. - Özel Durum Açıklaması (Genel),Özel Durum Açıklaması (Genel) Yönetim Kurulu Üyesi İstifası ve Ataması Hk.,https://www.kap.org.tr/tr/Bildirim/1576620,tr,2026-03-26T18:19:01+00:00
2026-03-26,KLRHO,KAP,KİLER HOLDİNG A.Ş. - Özel Durum Açıklaması (Genel),Özel Durum Açıklaması (Genel) İştirak Hisselerinin Halka arz Başvurusu Hk,https://www.kap.org.tr/tr/Bildirim/1576052,tr,2026-03-26T09:00:04+00:00
2026-03-26,KLYPV,KAP,KALYON GÜNEŞ TEKNOLOJİLERİ ÜRETİM A.Ş. - Özel Durum Açıklaması (Genel),Özel Durum Açıklaması (Genel) Bayilik Sistemi hk.,https://www.kap.org.tr/tr/Bildirim/1576055,tr,2026-03-26T09:03:49+00:00
2026-03-26,KNTFA,KAP,KENT FİNANS FAKTORİNG A.Ş. - Pay Dışında Sermaye Piyasası Aracı İşlemlerine İlişkin Bildirim (Faiz İçeren),Pay Dışında Sermaye Piyasası Aracı İşlemlerine İlişkin Bildirim (Faiz İçeren) Finansman bonosu 1. dönem kupon ödemesi,https://www.kap.org.tr/tr/Bildirim/1576145,tr,2026-03-26T12:24:35+00:00
2026-03-26,KNTFA,KAP,KENT FİNANS FAKTORİNG A.Ş. - Kredi Derecelendirmesi,Kredi Derecelendirmesi Kredi Derecelendirme Bildirimi,https://www.kap.org.tr/tr/Bildirim/1576069,tr,2026-03-26T09:39:29+00:00
2026-03-26,KRPLS,KAP,KOROPLAST TEMİZLİK AMBALAJ ÜRÜNLERİ SANAYİ VE DIŞ TİCARET A.Ş. - Kayıtlı Sermaye Tavanı İşlemlerine İlişkin Bildirim,"Kayıtlı Sermaye Tavanı İşlemlerine İlişkin Bildirim Kayıtlı Sermaye Tavan Artırımı, Tavan Geçerlilik Süresinin Güncellenmesi ve Esas Sözleşme Tadili Ticaret Bakanlığı Onayı hk.",https://www.kap.org.tr/tr/Bildirim/1576446,tr,2026-03-26T17:22:34+00:00
2026-03-26,KSTUR,KAP,KUŞTUR KUŞADASI TURİZM ENDÜSTRİSİ A.Ş. - Bağımsız Denetim Kuruluşunun Belirlenmesi,Bağımsız Denetim Kuruluşunun Belirlenmesi SEÇİLEN BAĞIMSIZ DENETİM KURULUŞUNUN TESCİLİ VE TİCARET SİCİLİ GAZETESİNDE İLAN EDİLMESİ,https://www.kap.org.tr/tr/Bildirim/1576227,tr,2026-03-26T14:52:20+00:00
2026-03-26,KSTUR,KAP,KUŞTUR KUŞADASI TURİZM ENDÜSTRİSİ A.Ş. - Genel Kurul İşlemlerine İlişkin Bildirim,Genel Kurul İşlemlerine İlişkin Bildirim GENEL KURUL KARARLARININ TESCİLİ,https://www.kap.org.tr/tr/Bildirim/1576221,tr,2026-03-26T14:45:14+00:00
2026-03-26,KTLEV,KAP,KATILIMEVİM TASARRUF FİNANSMAN A.Ş. - Kayıtlı Sermaye Tavanı İşlemlerine İlişkin Bildirim,Kayıtlı Sermaye Tavanı İşlemlerine İlişkin Bildirim Kayıtlı Sermaye Tavanının Artırılmasına ve Geçerlilik Süresinin Uzatılmasına İlişkin Esas Sözleşme Değişikliğinin Tescil ve İlanı,https://www.kap.org.tr/tr/Bildirim/1577112,tr,2026-03-26T23:50:17+00:00
2026-03-26,KTLEV,KAP,KATILIMEVİM TASARRUF FİNANSMAN A.Ş. - Özel Durum Açıklaması (Genel),Özel Durum Açıklaması (Genel) Bağlı Ortaklığımız İktisat Katılım Bankası A.Ş. Şirketindeki Paylarımızın Satışı Hakkında,https://www.kap.org.tr/tr/Bildirim/1576644,tr,2026-03-26T18:30:23+00:00
2026-03-26,KTLEV,KAP,KATILIMEVİM TASARRUF FİNANSMAN A.Ş. - Bağımsız Denetim Kuruluşunun Belirlenmesi,Bağımsız Denetim Kuruluşunun Belirlenmesi 2026 Yılı Bağımsız Denetim Kuruluşunun Tescili,https://www.kap.org.tr/tr/Bildirim/1576330,tr,2026-03-26T15:50:23+00:00
2026-03-26,KTLEV,KAP,KATILIMEVİM TASARRUF FİNANSMAN A.Ş. - Genel Kurul İşlemlerine İlişkin Bildirim,Genel Kurul İşlemlerine İlişkin Bildirim 2025 Yılı Olağan Genel Kurul Toplantı Tescili,https://www.kap.org.tr/tr/Bildirim/1576286,tr,2026-03-26T15:34:38+00:00
2026-03-26,KTSKR,KAP,KÜTAHYA ŞEKER FABRİKASI A.Ş. - Şirket Genel Bilgi Formu,Şirket Genel Bilgi Formu,https://www.kap.org.tr/tr/Bildirim/1576217,tr,2026-03-26T14:33:51+00:00
2026-03-26,KTSVK,KAP,KT SUKUK VARLIK KİRALAMA A.Ş. - Pay Dışında Sermaye Piyasası Aracı İşlemlerine İlişkin Bildirim (Faizsiz),Pay Dışında Sermaye Piyasası Aracı İşlemlerine İlişkin Bildirim (Faizsiz) TRDKTSK82678 ISIN Kodlu Yurtiçi Kira Sertifikası İhracının Nitelikli Yatırımcıya Satışının Tamamlanması SUKKR,https://www.kap.org.tr/tr/Bildirim/1576047,tr,2026-03-26T08:51:41+00:00
2026-03-26,KTSVK,KAP,KT SUKUK VARLIK KİRALAMA A.Ş. - Pay Dışında Sermaye Piyasası Aracı İşlemlerine İlişkin Bildirim (Faizsiz),Pay Dışında Sermaye Piyasası Aracı İşlemlerine İlişkin Bildirim (Faizsiz) TRDKTSK82652 ISIN Kodlu Yurtiçi Kira Sertifikası İhracının Nitelikli Yatırımcıya Satışının Tamamlanması SUKKR,https://www.kap.org.tr/tr/Bildirim/1576046,tr,2026-03-26T08:51:21+00:00
2026-03-26,KTSVK,KAP,KT SUKUK VARLIK KİRALAMA A.Ş. - Pay Dışında Sermaye Piyasası Aracı İşlemlerine İlişkin Bildirim (Faizsiz),Pay Dışında Sermaye Piyasası Aracı İşlemlerine İlişkin Bildirim (Faizsiz) TRDKTSK82645 ISIN Kodlu Yurtiçi Kira Sertifikası İhracının Nitelikli Yatırımcıya Satışının Tamamlanması SUKKR,https://www.kap.org.tr/tr/Bildirim/1576045,tr,2026-03-26T08:51:02+00:00
2026-03-26,KTSVK,KAP,KT SUKUK VARLIK KİRALAMA A.Ş. - Pay Dışında Sermaye Piyasası Aracı İşlemlerine İlişkin Bildirim (Faizsiz),Pay Dışında Sermaye Piyasası Aracı İşlemlerine İlişkin Bildirim (Faizsiz) TRDKTSK82660 ISIN Kodlu Yurtiçi Kira Sertifikası İhracının Nitelikli Yatırımcıya Satışının Tamamlanması Hk. ALVES,https://www.kap.org.tr/tr/Bildirim/1576044,tr,2026-03-26T08:50:30+00:00
2026-03-26,LIDER,KAP,LDR TURİZM A.Ş. - Bağımsız Denetim Kuruluşunun Belirlenmesi,Bağımsız Denetim Kuruluşunun Belirlenmesi 01.01.2026-31.12.2026 Dönemi Bağımsız Denetim Kuruluşunun Belirlenmesi,https://www.kap.org.tr/tr/Bildirim/1576210,tr,2026-03-26T14:26:07+00:00
2026-03-26,LYDHO,KAP,LYDİA HOLDİNG A.Ş. - Özel Durum Açıklaması (Genel),Özel Durum Açıklaması (Genel) Bağlı ortalığımızın depolamalı GES Projesi ÇED Olumlu Kararı Hk.,https://www.kap.org.tr/tr/Bildirim/1576603,tr,2026-03-26T18:13:03+00:00
2026-03-26,MAKIM,KAP,MAKİM MAKİNA TEKNOLOJİLERİ SANAYİ VE TİCARET A.Ş. - Şirket Genel Bilgi Formu,Şirket Genel Bilgi Formu,https://www.kap.org.tr/tr/Bildirim/1576602,tr,2026-03-26T18:12:22+00:00
2026-03-26,MAKIM,KAP,MAKİM MAKİNA TEKNOLOJİLERİ SANAYİ VE TİCARET A.Ş. - Finansal Duran Varlık Edinimi,Finansal Duran Varlık Edinimi Finansal Duran Varlık Edinimi,https://www.kap.org.tr/tr/Bildirim/1576600,tr,2026-03-26T18:11:54+00:00
2026-03-26,MAKIM,KAP,MAKİM MAKİNA TEKNOLOJİLERİ SANAYİ VE TİCARET A.Ş. - Genel Kurul İşlemlerine İlişkin Bildirim,Genel Kurul İşlemlerine İlişkin Bildirim Genel Kurul İşlemlerine İlişkin Bildirim,https://www.kap.org.tr/tr/Bildirim/1576595,tr,2026-03-26T18:11:12+00:00
2026-03-26,MANAS,KAP,MANAS ENERJİ YÖNETİMİ SANAYİ VE TİCARET A.Ş. - Finansal Duran Varlık Edinimi,Finansal Duran Varlık Edinimi Finansal Duran Varlık Edinimi,https://www.kap.org.tr/tr/Bildirim/1576587,tr,2026-03-26T18:06:53+00:00
2026-03-26,MARKA,KAP,MARKA YATIRIM HOLDİNG A.Ş. - Olağan Dışı Fiyat ve Miktar Hareketleri,Olağan Dışı Fiyat ve Miktar Hareketleri Olağan Dışı Fiyat Ve Miktar Hareketleri Hakkında,https://www.kap.org.tr/tr/Bildirim/1576097,tr,2026-03-26T10:16:29+00:00
2026-03-26,MERKO,KAP,MERKO GIDA SANAYİ VE TİCARET A.Ş. - Genel Kurul İşlemlerine İlişkin Bildirim,Genel Kurul İşlemlerine İlişkin Bildirim Olağanüstü Genel Kurul Toplantı Sonuçları Hk.,https://www.kap.org.tr/tr/Bildirim/1576270,tr,2026-03-26T15:16:56+00:00
2026-03-26,MERKO,KAP,MERKO GIDA SANAYİ VE TİCARET A.Ş. - Genel Kurul İşlemlerine İlişkin Bildirim,Genel Kurul İşlemlerine İlişkin Bildirim,https://www.kap.org.tr/tr/Bildirim/1576150,tr,2026-03-26T13:00:21+00:00
2026-03-26,METEN,KAP,METGÜN ENERJİ YATIRIMLARI A.Ş. - Özel Durum Açıklaması (Genel),Özel Durum Açıklaması (Genel) 2025 Yılı Olağan Genel Kurul İlanı Hk.,https://www.kap.org.tr/tr/Bildirim/1576745,tr,2026-03-26T18:57:46+00:00
2026-03-26,MEYSU,KAP,MEYSU GIDA SANAYİ VE TİCARET A.Ş. - Özel Durum Açıklaması (Genel),Özel Durum Açıklaması (Genel) Halka Arz Fiyatının Belirlenmesinde Esas Alınan Varsayımlara İlişkin Değerlendirme Raporu 2025,https://www.kap.org.tr/tr/Bildirim/1575957,tr,2026-03-26T00:54:05+00:00
2026-03-26,MNDRS,KAP,MENDERES TEKSTİL SANAYİ VE TİCARET A.Ş. - Bağımsız Denetim Kuruluşunun Belirlenmesi,Bağımsız Denetim Kuruluşunun Belirlenmesi 2026 Yılı Sürdürülebilirlik Güvence Denetimi Yapacak Bağımsız Denetim Kuruluşu Seçimi Hk,https://www.kap.org.tr/tr/Bildirim/1576581,tr,2026-03-26T18:03:17+00:00
2026-03-26,MNGFA,KAP,MNG FAKTORİNG A.Ş. - Pay Dışında Sermaye Piyasası Aracı İşlemlerine İlişkin Bildirim (Faiz İçeren),Pay Dışında Sermaye Piyasası Aracı İşlemlerine İlişkin Bildirim (Faiz İçeren) TRFMNGF72611 ISIN Kodlu Borçlanma Aracı Kupon Oranı Hk.,https://www.kap.org.tr/tr/Bildirim/1576555,tr,2026-03-26T17:53:22+00:00
2026-03-26,MRBAS,KAP,MARBAŞ MENKUL DEĞERLER A.Ş. - Likidite Sağlayıcılık Kapsamındaki İşlemler,Likidite Sağlayıcılık Kapsamındaki İşlemler DCT TRADİNG DIŞ TİCARET A.Ş. Paylarında Likidite Sağlayacılık Kapsamında Gerçekleştirilen İşlemler DCTTR,https://www.kap.org.tr/tr/Bildirim/1576106,tr,2026-03-26T10:33:11+00:00
2026-03-26,MRS,KAP,MARBAŞ MENKUL DEĞERLER A.Ş. - Likidite Sağlayıcılık Kapsamındaki İşlemler,Likidite Sağlayıcılık Kapsamındaki İşlemler DCT TRADİNG DIŞ TİCARET A.Ş. Paylarında Likidite Sağlayacılık Kapsamında Gerçekleştirilen İşlemler DCTTR,https://www.kap.org.tr/tr/Bildirim/1576106,tr,2026-03-26T10:33:11+00:00
2026-03-26,NTGAZ,KAP,NATURELGAZ SANAYİ VE TİCARET A.Ş. - Kar Payı Dağıtım İşlemlerine İlişkin Bildirim,Kar Payı Dağıtım İşlemlerine İlişkin Bildirim Kar Dağıtım Kararı,https://www.kap.org.tr/tr/Bildirim/1576506,tr,2026-03-26T17:42:27+00:00
2026-03-26,NTGAZ,KAP,NATURELGAZ SANAYİ VE TİCARET A.Ş. - Bağımsız Denetim Kuruluşunun Belirlenmesi,Bağımsız Denetim Kuruluşunun Belirlenmesi 2026 Mali Yılı Bağımsız Dış Denetçi Seçilmesi,https://www.kap.org.tr/tr/Bildirim/1576472,tr,2026-03-26T17:31:02+00:00
2026-03-26,NTGAZ,KAP,NATURELGAZ SANAYİ VE TİCARET A.Ş. - Genel Kurul İşlemlerine İlişkin Bildirim,Genel Kurul İşlemlerine İlişkin Bildirim Şirketimizin Genel Kurul Sonuçlarının Bildirilmesi,https://www.kap.org.tr/tr/Bildirim/1576471,tr,2026-03-26T17:30:51+00:00
2026-03-26,NTHOL,KAP,NET HOLDİNG A.Ş. - Pay Alım Satım Bildirimi,Pay Alım Satım Bildirimi Şirketimizin MERİT paylarının alışı hk. MERIT,https://www.kap.org.tr/tr/Bildirim/1576601,tr,2026-03-26T18:12:16+00:00
2026-03-26,NTHOL,KAP,NET HOLDİNG A.Ş. - Payların Geri Alınmasına İlişkin Bildirim,Payların Geri Alınmasına İlişkin Bildirim Şirketimizin kendi paylarının geri alımı hakkında,https://www.kap.org.tr/tr/Bildirim/1576597,tr,2026-03-26T18:11:29+00:00
2026-03-26,OMD,KAP,OSMANLI YATIRIM MENKUL DEĞERLER A.Ş. - Sermaye Artırımı - Azaltımı İşlemlerine İlişkin Bildirim,Sermaye Artırımı - Azaltımı İşlemlerine İlişkin Bildirim Şarta Bağlı Sermaye Artırımı İhraç Belgesi Onayı,https://www.kap.org.tr/tr/Bildirim/1576274,tr,2026-03-26T15:20:06+00:00
2026-03-26,OMD,KAP,OSMANLI YATIRIM MENKUL DEĞERLER A.Ş. - Özel Durum Açıklaması (Genel),Özel Durum Açıklaması (Genel) Bağlı Ortaklığımız Osmanlı Varlık Kiralama A.Ş. Sermaye Avansı Ödemesi,https://www.kap.org.tr/tr/Bildirim/1576272,tr,2026-03-26T15:18:35+00:00
2026-03-26,ORGE,KAP,ORGE ENERJİ ELEKTRİK TAAHHÜT A.Ş. - Payların Geri Alınmasına İlişkin Bildirim,Payların Geri Alınmasına İlişkin Bildirim 26.03.2026 Tarihli Pay Geri Alım İşlemi,https://www.kap.org.tr/tr/Bildirim/1576749,tr,2026-03-26T19:03:11+00:00
2026-03-26,OSMEN,KAP,OSMANLI YATIRIM MENKUL DEĞERLER A.Ş. - Sermaye Artırımı - Azaltımı İşlemlerine İlişkin Bildirim,Sermaye Artırımı - Azaltımı İşlemlerine İlişkin Bildirim Şarta Bağlı Sermaye Artırımı İhraç Belgesi Onayı,https://www.kap.org.tr/tr/Bildirim/1576274,tr,2026-03-26T15:20:06+00:00
2026-03-26,OSMEN,KAP,OSMANLI YATIRIM MENKUL DEĞERLER A.Ş. - Özel Durum Açıklaması (Genel),Özel Durum Açıklaması (Genel) Bağlı Ortaklığımız Osmanlı Varlık Kiralama A.Ş. Sermaye Avansı Ödemesi,https://www.kap.org.tr/tr/Bildirim/1576272,tr,2026-03-26T15:18:35+00:00
2026-03-26,OSVKS,KAP,OSMANLI VARLIK KİRALAMA A.Ş. - Özel Durum Açıklaması (Genel),Özel Durum Açıklaması (Genel) Sermaye Avansı Tahsilatı,https://www.kap.org.tr/tr/Bildirim/1576271,tr,2026-03-26T15:17:10+00:00
2026-03-26,OYA,KAP,OYAK YATIRIM MENKUL DEĞERLER A.Ş. - Genel Kurul İşlemlerine İlişkin Bildirim,Genel Kurul İşlemlerine İlişkin Bildirim Olağan Genel Kurul Toplantısı Duyurusu ve Bilgilendirme Dokümanı,https://www.kap.org.tr/tr/Bildirim/1577100,tr,2026-03-26T23:30:17+00:00
2026-03-26,OYA,KAP,OYAK YATIRIM MENKUL DEĞERLER A.Ş. - Piyasa Yapıcılığı Kapsamında Gerçekleştirilen İşlemler Bildirimi,Piyasa Yapıcılığı Kapsamında Gerçekleştirilen İşlemler Bildirimi 26/03/2026 TARİHLİ OYAYO PİYASA YAPICILIĞI İŞLEMLERİ OYAYO,https://www.kap.org.tr/tr/Bildirim/1577040,tr,2026-03-26T22:48:20+00:00
2026-03-26,OYAYO,KAP,OYAK YATIRIM ORTAKLIĞI A.Ş. - Özel Durum Açıklaması (Genel),"Özel Durum Açıklaması (Genel) Ortaklık paylarının BİAŞ'ta oluşan ağırlıklı ortalama fiyatının, pay başına net aktif değerinin 2 katını aşması hakkında",https://www.kap.org.tr/tr/Bildirim/1576142,tr,2026-03-26T12:16:31+00:00
2026-03-26,OYYAT,KAP,OYAK YATIRIM MENKUL DEĞERLER A.Ş. - Genel Kurul İşlemlerine İlişkin Bildirim,Genel Kurul İşlemlerine İlişkin Bildirim Olağan Genel Kurul Toplantısı Duyurusu ve Bilgilendirme Dokümanı,https://www.kap.org.tr/tr/Bildirim/1577100,tr,2026-03-26T23:30:17+00:00
2026-03-26,OYYAT,KAP,OYAK YATIRIM MENKUL DEĞERLER A.Ş. - Piyasa Yapıcılığı Kapsamında Gerçekleştirilen İşlemler Bildirimi,Piyasa Yapıcılığı Kapsamında Gerçekleştirilen İşlemler Bildirimi 26/03/2026 TARİHLİ OYAYO PİYASA YAPICILIĞI İŞLEMLERİ OYAYO,https://www.kap.org.tr/tr/Bildirim/1577040,tr,2026-03-26T22:48:20+00:00
2026-03-26,OZKGY,KAP,ÖZAK GAYRİMENKUL YATIRIM ORTAKLIĞI A.Ş. - Sürdürülebilirlik Uyum Raporu,Sürdürülebilirlik Uyum Raporu 2025 Yılı Sürdürülebilirlik Uyum Raporu,https://www.kap.org.tr/tr/Bildirim/1577037,tr,2026-03-26T22:43:32+00:00
2026-03-26,OZKGY,KAP,ÖZAK GAYRİMENKUL YATIRIM ORTAKLIĞI A.Ş. - Kurumsal Yönetim Bilgi Formu,Kurumsal Yönetim Bilgi Formu 2025 Yılı Kurumsal Yönetim Bilgi Formu,https://www.kap.org.tr/tr/Bildirim/1577036,tr,2026-03-26T22:43:23+00:00
2026-03-26,OZKGY,KAP,ÖZAK GAYRİMENKUL YATIRIM ORTAKLIĞI A.Ş. - Kurumsal Yönetim Uyum Raporu,Kurumsal Yönetim Uyum Raporu 2025 Yılı Kurumsal Yönetim Uyum Raporu,https://www.kap.org.tr/tr/Bildirim/1577035,tr,2026-03-26T22:42:17+00:00
2026-03-26,OZKGY,KAP,ÖZAK GAYRİMENKUL YATIRIM ORTAKLIĞI A.Ş. - Faaliyet Raporu (Konsolide),Faaliyet Raporu (Konsolide) 2025 Yılı Faaliyet Raporu,https://www.kap.org.tr/tr/Bildirim/1577034,tr,2026-03-26T22:42:06+00:00
2026-03-26,OZKGY,KAP,ÖZAK GAYRİMENKUL YATIRIM ORTAKLIĞI A.Ş. - Sorumluluk Beyanı (Konsolide),Sorumluluk Beyanı (Konsolide) 01.01.2025 - 31.12.2025 Sorumluluk Beyanı,https://www.kap.org.tr/tr/Bildirim/1577033,tr,2026-03-26T22:41:53+00:00
2026-03-26,OZKGY,KAP,ÖZAK GAYRİMENKUL YATIRIM ORTAKLIĞI A.Ş. - Finansal Rapor,Finansal Rapor,https://www.kap.org.tr/tr/Bildirim/1577032,tr,2026-03-26T22:41:37+00:00
2026-03-26,OZKGY,KAP,ÖZAK GAYRİMENKUL YATIRIM ORTAKLIĞI A.Ş. - Finansal Rapor,Finansal Rapor,https://www.kap.org.tr/tr/Bildirim/1577031,tr,2026-03-26T22:41:24+00:00
2026-03-26,PAHOL,KAP,PASİFİK HOLDİNG A.Ş. - Kar Payı Dağıtım İşlemlerine İlişkin Bildirim,Kar Payı Dağıtım İşlemlerine İlişkin Bildirim Temettü Dağıtım Önerisi,https://www.kap.org.tr/tr/Bildirim/1576611,tr,2026-03-26T18:15:49+00:00
2026-03-26,PAHOL,KAP,PASİFİK HOLDİNG A.Ş. - Genel Kurul İşlemlerine İlişkin Bildirim,Genel Kurul İşlemlerine İlişkin Bildirim Genel Kurul Çağrısı,https://www.kap.org.tr/tr/Bildirim/1576609,tr,2026-03-26T18:15:39+00:00
2026-03-26,PAHOL,KAP,PASİFİK HOLDİNG A.Ş. - Bağımsız Denetim Kuruluşunun Belirlenmesi,Bağımsız Denetim Kuruluşunun Belirlenmesi Bağımsız denetim kuruluşu önerisi hakkında,https://www.kap.org.tr/tr/Bildirim/1576607,tr,2026-03-26T18:15:27+00:00
2026-03-26,PARSN,KAP,PARSAN MAKİNA PARÇALARI SANAYİİ A.Ş. - Özel Durum Açıklaması (Genel),Özel Durum Açıklaması (Genel) İştirakimiz Asil Çelik San. ve Tic. A.Ş.'den Temettü Payı Hk,https://www.kap.org.tr/tr/Bildirim/1576805,tr,2026-03-26T19:40:06+00:00
2026-03-26,PASEU,KAP,PASİFİK EURASİA LOJİSTİK DIŞ TİCARET A.Ş. - Bağımsız Denetim Kuruluşunun Belirlenmesi,Bağımsız Denetim Kuruluşunun Belirlenmesi Bağımsız Denetim Kuruluşu Seçimi,https://www.kap.org.tr/tr/Bildirim/1576628,tr,2026-03-26T18:20:41+00:00
2026-03-26,PASEU,KAP,PASİFİK EURASİA LOJİSTİK DIŞ TİCARET A.Ş. - Kar Payı Dağıtım İşlemlerine İlişkin Bildirim,Kar Payı Dağıtım İşlemlerine İlişkin Bildirim Kar Payı Dağıtımı Önerisi hakkında,https://www.kap.org.tr/tr/Bildirim/1576626,tr,2026-03-26T18:20:08+00:00
2026-03-26,PASEU,KAP,PASİFİK EURASİA LOJİSTİK DIŞ TİCARET A.Ş. - Genel Kurul İşlemlerine İlişkin Bildirim,Genel Kurul İşlemlerine İlişkin Bildirim 2025 Yılı Genel Kurul Toplantısına Çağrı,https://www.kap.org.tr/tr/Bildirim/1576614,tr,2026-03-26T18:17:42+00:00
2026-03-26,PATEK,KAP,PASİFİK TEKNOLOJİ A.Ş. - Bağımsız Denetim Kuruluşunun Belirlenmesi,Bağımsız Denetim Kuruluşunun Belirlenmesi Bağımsız Denetim Kuruluşu Seçimi,https://www.kap.org.tr/tr/Bildirim/1576650,tr,2026-03-26T18:34:02+00:00
2026-03-26,PATEK,KAP,PASİFİK TEKNOLOJİ A.Ş. - Kar Payı Dağıtım İşlemlerine İlişkin Bildirim,Kar Payı Dağıtım İşlemlerine İlişkin Bildirim Kar Payı Dağıtımı Önerisi hakkında,https://www.kap.org.tr/tr/Bildirim/1576649,tr,2026-03-26T18:33:51+00:00
2026-03-26,PATEK,KAP,PASİFİK TEKNOLOJİ A.Ş. - Genel Kurul İşlemlerine İlişkin Bildirim,Genel Kurul İşlemlerine İlişkin Bildirim 2025 Yılı Genel Kurul Toplantısına Çağrı,https://www.kap.org.tr/tr/Bildirim/1576647,tr,2026-03-26T18:31:19+00:00
2026-03-26,PETKM,KAP,PETKİM PETROKİMYA HOLDİNG A.Ş. - Esas Sözleşme Tadili,Esas Sözleşme Tadili Esas Sözleşme Değişikliği,https://www.kap.org.tr/tr/Bildirim/1576938,tr,2026-03-26T21:10:24+00:00
2026-03-26,PRFFK,KAP,PARAFİNANS FAKTORİNG A.Ş. - Pay Dışında Sermaye Piyasası Aracı İşlemlerine İlişkin Bildirim (Faiz İçeren),Pay Dışında Sermaye Piyasası Aracı İşlemlerine İlişkin Bildirim (Faiz İçeren) TRFPRFN92619 ISIN Kodlu Finansman Bonosu İhracı,https://www.kap.org.tr/tr/Bildirim/1576126,tr,2026-03-26T11:10:36+00:00
2026-03-26,QNBFF,KAP,QNB FAKTORİNG A.Ş. - Şirket Genel Bilgi Formu,Şirket Genel Bilgi Formu,https://www.kap.org.tr/tr/Bildirim/1576403,tr,2026-03-26T16:53:49+00:00
2026-03-26,QNBFF,KAP,QNB FAKTORİNG A.Ş. - Genel Kurul Bildirimi,Genel Kurul Bildirimi 2025 Yılı Olağan Genel Kurulu ile ilgili,https://www.kap.org.tr/tr/Bildirim/1576399,tr,2026-03-26T16:53:08+00:00
2026-03-26,QNBFF,KAP,QNB FAKTORİNG A.Ş. - Bağımsız Denetim Kuruluşunun Belirlenmesi,Bağımsız Denetim Kuruluşunun Belirlenmesi Bağımsız Denetim Şirketi hk.,https://www.kap.org.tr/tr/Bildirim/1576398,tr,2026-03-26T16:52:42+00:00
2026-03-26,QNBFF,KAP,QNB FAKTORİNG A.Ş. - Pay Dışında Sermaye Piyasası Aracı İşlemlerine İlişkin Bildirim (Faiz İçeren),"Pay Dışında Sermaye Piyasası Aracı İşlemlerine İlişkin Bildirim (Faiz İçeren) TRFQNBF92611 ISIN kodlu 1,115,000,000 TL nominal tutarlı 180 gün vadeli finansman bonolarının satışı tamamlanmıştır.",https://www.kap.org.tr/tr/Bildirim/1576075,tr,2026-03-26T09:47:30+00:00
2026-03-26,QNBTR,KAP,QNB BANK A.Ş. - Şirket Genel Bilgi Formu,Şirket Genel Bilgi Formu,https://www.kap.org.tr/tr/Bildirim/1576819,tr,2026-03-26T20:19:51+00:00
2026-03-26,QNBTR,KAP,QNB BANK A.Ş. - Kar Payı Dağıtım İşlemlerine İlişkin Bildirim,Kar Payı Dağıtım İşlemlerine İlişkin Bildirim Kar Payı Dağıtım İşlemlerine İlişkin Genel Kurul Kararı,https://www.kap.org.tr/tr/Bildirim/1576818,tr,2026-03-26T20:19:13+00:00
2026-03-26,QNBTR,KAP,QNB BANK A.Ş. - Genel Kurul İşlemlerine İlişkin Bildirim,Genel Kurul İşlemlerine İlişkin Bildirim Genel Kurul toplantı sonuçları,https://www.kap.org.tr/tr/Bildirim/1576816,tr,2026-03-26T20:08:34+00:00
2026-03-26,QUAGR,KAP,QUA GRANITE HAYAL YAPI VE ÜRÜNLERİ SANAYİ TİCARET A.Ş. - Genel Kurul İşlemlerine İlişkin Bildirim,Genel Kurul İşlemlerine İlişkin Bildirim Olağan Genel Kurul Daveti ve Bilgilendirme Dokümanı,https://www.kap.org.tr/tr/Bildirim/1576707,tr,2026-03-26T18:43:58+00:00
2026-03-26,QUAGR,KAP,QUA GRANITE HAYAL YAPI VE ÜRÜNLERİ SANAYİ TİCARET A.Ş. - Kar Payı Dağıtım İşlemlerine İlişkin Bildirim,Kar Payı Dağıtım İşlemlerine İlişkin Bildirim Şirket Yönetim Kurulu'nun Kar Payı Dağıtım Önerisi,https://www.kap.org.tr/tr/Bildirim/1576698,tr,2026-03-26T18:42:59+00:00
2026-03-26,QUAGR,KAP,QUA GRANITE HAYAL YAPI VE ÜRÜNLERİ SANAYİ TİCARET A.Ş. - Bağımsız Denetim Kuruluşunun Belirlenmesi,Bağımsız Denetim Kuruluşunun Belirlenmesi 2026 yılı için Bağımsız Denetim Kuruluşu Seçimi,https://www.kap.org.tr/tr/Bildirim/1576689,tr,2026-03-26T18:41:36+00:00
2026-03-26,QUAGR,KAP,QUA GRANITE HAYAL YAPI VE ÜRÜNLERİ SANAYİ TİCARET A.Ş. - Katılım Finansı İlkeleri Bilgi Formu,Katılım Finansı İlkeleri Bilgi Formu,https://www.kap.org.tr/tr/Bildirim/1576686,tr,2026-03-26T18:41:07+00:00
2026-03-26,RALYH,KAP,RAL YATIRIM HOLDİNG A.Ş. - Olağan Dışı Fiyat ve Miktar Hareketleri,Olağan Dışı Fiyat ve Miktar Hareketleri Olağandışı Fiyat ve Hacim Hareketlerine İlişkin Kamuoyuna Açıklama,https://www.kap.org.tr/tr/Bildirim/1576610,tr,2026-03-26T18:15:46+00:00
2026-03-26,RNPOL,KAP,RAİNBOW POLİKARBONAT SANAYİ TİCARET A.Ş. - Kar Payı Dağıtım İşlemlerine İlişkin Bildirim,Kar Payı Dağıtım İşlemlerine İlişkin Bildirim 2025 Yılı Genel Kurula Sunulacak Kar Dağıtım Tablosu,https://www.kap.org.tr/tr/Bildirim/1576421,tr,2026-03-26T17:06:44+00:00
2026-03-26,RNPOL,KAP,RAİNBOW POLİKARBONAT SANAYİ TİCARET A.Ş. - Genel Kurul İşlemlerine İlişkin Bildirim,Genel Kurul İşlemlerine İlişkin Bildirim 2025 Yılı Olağan Genel Kurul Daveti,https://www.kap.org.tr/tr/Bildirim/1576419,tr,2026-03-26T17:06:25+00:00
2026-03-26,RUBNS,KAP,RUBENİS TEKSTİL SANAYİ TİCARET A.Ş. - Sermaye Artırımı - Azaltımı İşlemlerine İlişkin Bildirim,Sermaye Artırımı - Azaltımı İşlemlerine İlişkin Bildirim Bedelsiz Sermaye Artırımına İlişkin Revize Yönetim Kurulu Kararı,https://www.kap.org.tr/tr/Bildirim/1576480,tr,2026-03-26T17:34:33+00:00
2026-03-26,RYSAS,KAP,REYSAŞ TAŞIMACILIK VE LOJİSTİK TİCARET A.Ş. - Şirket Genel Bilgi Formu,Şirket Genel Bilgi Formu,https://www.kap.org.tr/tr/Bildirim/1576081,tr,2026-03-26T09:59:59+00:00
2026-03-26,SARKY,KAP,SARKUYSAN ELEKTROLİTİK BAKIR SANAYİ VE TİCARET A.Ş. - Geleceğe Dönük Değerlendirmeler,Geleceğe Dönük Değerlendirmeler 2025 Yılı Finansal Sonuç Duyurusu ve 2026 Yılı Beklentileri,https://www.kap.org.tr/tr/Bildirim/1576379,tr,2026-03-26T16:32:37+00:00
2026-03-26,SKY,KAP,ŞEKER YATIRIM MENKUL DEĞERLER A.Ş. - İhraç Tavanına İlişkin Bildirim,İhraç Tavanına İlişkin Bildirim Borçlanma Aracı İhracı için SPK' ya Başvuru Yapılması,https://www.kap.org.tr/tr/Bildirim/1576127,tr,2026-03-26T11:12:19+00:00
2026-03-26,SKYMD,KAP,ŞEKER YATIRIM MENKUL DEĞERLER A.Ş. - İhraç Tavanına İlişkin Bildirim,İhraç Tavanına İlişkin Bildirim Borçlanma Aracı İhracı için SPK' ya Başvuru Yapılması,https://www.kap.org.tr/tr/Bildirim/1576127,tr,2026-03-26T11:12:19+00:00
2026-03-26,TAC,KAP,TACİRLER YATIRIM MENKUL DEĞERLER A.Ş. - Pay Dışında Sermaye Piyasası Aracı İşlemlerine İlişkin Bildirim (Faiz İçeren),Pay Dışında Sermaye Piyasası Aracı İşlemlerine İlişkin Bildirim (Faiz İçeren) TRFTCMD32632 Bono İtfa Ödemesi,https://www.kap.org.tr/tr/Bildirim/1576067,tr,2026-03-26T09:34:35+00:00
2026-03-26,TAC,KAP,TACİRLER YATIRIM MENKUL DEĞERLER A.Ş. - Pay Dışında Sermaye Piyasası Aracı İşlemlerine İlişkin Bildirim (Faiz İçeren),Pay Dışında Sermaye Piyasası Aracı İşlemlerine İlişkin Bildirim (Faiz İçeren) TRFTCMD62639 ISIN Kodlu Bono İhracı Hk,https://www.kap.org.tr/tr/Bildirim/1576066,tr,2026-03-26T09:32:57+00:00
2026-03-26,TAE,KAP,TERA YATIRIM BANKASI A.Ş. - Genel Kurul Bildirimi,Genel Kurul Bildirimi Olağan Genel Kurul Toplantısı Bildirimi,https://www.kap.org.tr/tr/Bildirim/1577015,tr,2026-03-26T22:28:49+00:00
2026-03-26,TAMFA,KAP,TAM FİNANS FAKTORİNG A.Ş. - Pay Dışında Sermaye Piyasası Aracı İşlemlerine İlişkin Bildirim (Faiz İçeren),Pay Dışında Sermaye Piyasası Aracı İşlemlerine İlişkin Bildirim (Faiz İçeren) Tam Finans Faktoring A.Ş. Finansman Bonosu İhracının Tamamlanması Hk.,https://www.kap.org.tr/tr/Bildirim/1576448,tr,2026-03-26T17:23:43+00:00
2026-03-26,TAMFA,KAP,TAM FİNANS FAKTORİNG A.Ş. - Pay Dışında Sermaye Piyasası Aracı İşlemlerine İlişkin Bildirim (Faiz İçeren),Pay Dışında Sermaye Piyasası Aracı İşlemlerine İlişkin Bildirim (Faiz İçeren) TRFTAMF32623 ISIN Kodlu Finansman Bonosunun 2. Kupon Oranının Belirlenmesi Hakkında,https://www.kap.org.tr/tr/Bildirim/1576374,tr,2026-03-26T16:24:36+00:00
2026-03-26,TATEN,KAP,TATLIPINAR ENERJİ ÜRETİM A.Ş. - Esas Sözleşme,Esas Sözleşme Esas Sözleşme Hk.,https://www.kap.org.tr/tr/Bildirim/1576376,tr,2026-03-26T16:27:51+00:00
2026-03-26,TCRYT,KAP,TACİRLER YATIRIM MENKUL DEĞERLER A.Ş. - Pay Dışında Sermaye Piyasası Aracı İşlemlerine İlişkin Bildirim (Faiz İçeren),Pay Dışında Sermaye Piyasası Aracı İşlemlerine İlişkin Bildirim (Faiz İçeren) TRFTCMD32632 Bono İtfa Ödemesi,https://www.kap.org.tr/tr/Bildirim/1576067,tr,2026-03-26T09:34:35+00:00
2026-03-26,TCRYT,KAP,TACİRLER YATIRIM MENKUL DEĞERLER A.Ş. - Pay Dışında Sermaye Piyasası Aracı İşlemlerine İlişkin Bildirim (Faiz İçeren),Pay Dışında Sermaye Piyasası Aracı İşlemlerine İlişkin Bildirim (Faiz İçeren) TRFTCMD62639 ISIN Kodlu Bono İhracı Hk,https://www.kap.org.tr/tr/Bildirim/1576066,tr,2026-03-26T09:32:57+00:00
2026-03-26,TERA,KAP,TERA YATIRIM MENKUL DEĞERLER A.Ş. - Pay Alım Teklifi Yoluyla Pay Toplanmasına İlişkin Bildirim,Pay Alım Teklifi Yoluyla Pay Toplanmasına İlişkin Bildirim Kuzugrup Gayrimenkul Yatırım Ortaklığı A.Ş.Pay Sahiplerine Zorunlu Pay Alım Teklifi Hk. KZGYO,https://www.kap.org.tr/tr/Bildirim/1577061,tr,2026-03-26T23:17:06+00:00
2026-03-26,TERA,KAP,TERA YATIRIM MENKUL DEĞERLER A.Ş. - Pay Alım Teklifi Yoluyla Pay Toplanmasına İlişkin Bildirim,Pay Alım Teklifi Yoluyla Pay Toplanmasına İlişkin Bildirim Kuzugrup Gayrimenkul Yatırım Ortaklığı A.Ş. Pay Sahiplerine Zorunlu Pay Alım Teklifi Hk. KZGYO,https://www.kap.org.tr/tr/Bildirim/1577001,tr,2026-03-26T22:21:20+00:00
2026-03-26,TRA,KAP,TERA YATIRIM MENKUL DEĞERLER A.Ş. - Pay Alım Teklifi Yoluyla Pay Toplanmasına İlişkin Bildirim,Pay Alım Teklifi Yoluyla Pay Toplanmasına İlişkin Bildirim Kuzugrup Gayrimenkul Yatırım Ortaklığı A.Ş.Pay Sahiplerine Zorunlu Pay Alım Teklifi Hk. KZGYO,https://www.kap.org.tr/tr/Bildirim/1577061,tr,2026-03-26T23:17:06+00:00
2026-03-26,TRA,KAP,TERA YATIRIM MENKUL DEĞERLER A.Ş. - Pay Alım Teklifi Yoluyla Pay Toplanmasına İlişkin Bildirim,Pay Alım Teklifi Yoluyla Pay Toplanmasına İlişkin Bildirim Kuzugrup Gayrimenkul Yatırım Ortaklığı A.Ş. Pay Sahiplerine Zorunlu Pay Alım Teklifi Hk. KZGYO,https://www.kap.org.tr/tr/Bildirim/1577001,tr,2026-03-26T22:21:20+00:00
2026-03-26,TRBNK,KAP,TERA YATIRIM BANKASI A.Ş. - Genel Kurul Bildirimi,Genel Kurul Bildirimi Olağan Genel Kurul Toplantısı Bildirimi,https://www.kap.org.tr/tr/Bildirim/1577015,tr,2026-03-26T22:28:49+00:00
2026-03-26,TRCAS,KAP,TURCAS HOLDİNG A.Ş. - Şirket Genel Bilgi Formu,Şirket Genel Bilgi Formu,https://www.kap.org.tr/tr/Bildirim/1576136,tr,2026-03-26T11:31:27+00:00
2026-03-26,TRILC,KAP,TURK İLAÇ VE SERUM SANAYİ A.Ş. - İhale Süreci / Sonucu,İhale Süreci / Sonucu DMO İhale Sonucu Hakkında,https://www.kap.org.tr/tr/Bildirim/1576107,tr,2026-03-26T10:35:17+00:00
2026-03-26,TRILC,KAP,TURK İLAÇ VE SERUM SANAYİ A.Ş. - Pay Dışında Sermaye Piyasası Aracı İşlemlerine İlişkin Bildirim (Faiz İçeren),Pay Dışında Sermaye Piyasası Aracı İşlemlerine İlişkin Bildirim (Faiz İçeren) Borçlanma Aracı İhracı Hakkında,https://www.kap.org.tr/tr/Bildirim/1576048,tr,2026-03-26T08:51:53+00:00
2026-03-26,TSK,KAP,TÜRKİYE SINAİ KALKINMA BANKASI A.Ş. - Özel Durum Açıklaması (Genel),Özel Durum Açıklaması (Genel) Yönetim Kurulu Görev Dağılımı,https://www.kap.org.tr/tr/Bildirim/1576524,tr,2026-03-26T17:46:35+00:00
2026-03-26,TSK,KAP,TÜRKİYE SINAİ KALKINMA BANKASI A.Ş. - Genel Kurul İşlemlerine İlişkin Bildirim,Genel Kurul İşlemlerine İlişkin Bildirim Genel Kurul Toplantı Sonucu,https://www.kap.org.tr/tr/Bildirim/1576522,tr,2026-03-26T17:46:25+00:00
2026-03-26,TSK,KAP,TÜRKİYE SINAİ KALKINMA BANKASI A.Ş. - Bağımsız Denetim Kuruluşunun Belirlenmesi,Bağımsız Denetim Kuruluşunun Belirlenmesi Bağımsız Denetim Kuruluşu Seçimine İlişkin Genel Kurul Kararı,https://www.kap.org.tr/tr/Bildirim/1576521,tr,2026-03-26T17:46:14+00:00
2026-03-26,TSK,KAP,TÜRKİYE SINAİ KALKINMA BANKASI A.Ş. - Kar Payı Dağıtım İşlemlerine İlişkin Bildirim,Kar Payı Dağıtım İşlemlerine İlişkin Bildirim Kar Payı Dağıtımına İlişkin Genel Kuru Kararı,https://www.kap.org.tr/tr/Bildirim/1576340,tr,2026-03-26T16:06:34+00:00
2026-03-26,TSK,KAP,TÜRKİYE SINAİ KALKINMA BANKASI A.Ş. - Genel Kurul İşlemlerine İlişkin Bildirim,Genel Kurul İşlemlerine İlişkin Bildirim Genel Kurul Toplantı Sonucu,https://www.kap.org.tr/tr/Bildirim/1576335,tr,2026-03-26T15:56:05+00:00
2026-03-26,TSKB,KAP,TÜRKİYE SINAİ KALKINMA BANKASI A.Ş. - Özel Durum Açıklaması (Genel),Özel Durum Açıklaması (Genel) Yönetim Kurulu Görev Dağılımı,https://www.kap.org.tr/tr/Bildirim/1576524,tr,2026-03-26T17:46:35+00:00
2026-03-26,TSKB,KAP,TÜRKİYE SINAİ KALKINMA BANKASI A.Ş. - Genel Kurul İşlemlerine İlişkin Bildirim,Genel Kurul İşlemlerine İlişkin Bildirim Genel Kurul Toplantı Sonucu,https://www.kap.org.tr/tr/Bildirim/1576522,tr,2026-03-26T17:46:25+00:00
2026-03-26,TSKB,KAP,TÜRKİYE SINAİ KALKINMA BANKASI A.Ş. - Bağımsız Denetim Kuruluşunun Belirlenmesi,Bağımsız Denetim Kuruluşunun Belirlenmesi Bağımsız Denetim Kuruluşu Seçimine İlişkin Genel Kurul Kararı,https://www.kap.org.tr/tr/Bildirim/1576521,tr,2026-03-26T17:46:14+00:00
2026-03-26,TSKB,KAP,TÜRKİYE SINAİ KALKINMA BANKASI A.Ş. - Kar Payı Dağıtım İşlemlerine İlişkin Bildirim,Kar Payı Dağıtım İşlemlerine İlişkin Bildirim Kar Payı Dağıtımına İlişkin Genel Kuru Kararı,https://www.kap.org.tr/tr/Bildirim/1576340,tr,2026-03-26T16:06:34+00:00
2026-03-26,TSKB,KAP,TÜRKİYE SINAİ KALKINMA BANKASI A.Ş. - Genel Kurul İşlemlerine İlişkin Bildirim,Genel Kurul İşlemlerine İlişkin Bildirim Genel Kurul Toplantı Sonucu,https://www.kap.org.tr/tr/Bildirim/1576335,tr,2026-03-26T15:56:05+00:00
2026-03-26,TUKAS,KAP,TUKAŞ GIDA SANAYİ VE TİCARET A.Ş. - Şirket Genel Bilgi Formu,Şirket Genel Bilgi Formu,https://www.kap.org.tr/tr/Bildirim/1576632,tr,2026-03-26T18:24:39+00:00
2026-03-26,TUKAS,KAP,TUKAŞ GIDA SANAYİ VE TİCARET A.Ş. - Bağımsız Denetim Kuruluşunun Belirlenmesi,Bağımsız Denetim Kuruluşunun Belirlenmesi Kurumsal Sürdürülebilirlik Raporu Sınırlı Güvence Denetimi İçin Bağımsız Denetim Kuruluşu Seçimi,https://www.kap.org.tr/tr/Bildirim/1576631,tr,2026-03-26T18:24:24+00:00
2026-03-26,TUKAS,KAP,TUKAŞ GIDA SANAYİ VE TİCARET A.Ş. - Bağımsız Denetim Kuruluşunun Belirlenmesi,Bağımsız Denetim Kuruluşunun Belirlenmesi Bağımsız Denetim Kuruluşunun Belirlenmesi,https://www.kap.org.tr/tr/Bildirim/1576630,tr,2026-03-26T18:24:07+00:00
2026-03-26,TUKAS,KAP,TUKAŞ GIDA SANAYİ VE TİCARET A.Ş. - Kar Payı Dağıtım İşlemlerine İlişkin Bildirim,Kar Payı Dağıtım İşlemlerine İlişkin Bildirim 2025 Yılı Karının Kullanım Şekline İlişkin Yönetim Kurulu Kararı,https://www.kap.org.tr/tr/Bildirim/1576629,tr,2026-03-26T18:23:50+00:00
2026-03-26,TUKAS,KAP,TUKAŞ GIDA SANAYİ VE TİCARET A.Ş. - Genel Kurul İşlemlerine İlişkin Bildirim,"Genel Kurul İşlemlerine İlişkin Bildirim 2025 Hesap Dönemine İlişkin Olağan Genel Kurul Toplantı Tarihi, Gündem ve Bilgilendirme Dökümanı",https://www.kap.org.tr/tr/Bildirim/1576622,tr,2026-03-26T18:19:08+00:00
2026-03-26,TV8TV,KAP,TV8 TV YAYINCILIK A.Ş. - Şirket Genel Bilgi Formu,Şirket Genel Bilgi Formu,https://www.kap.org.tr/tr/Bildirim/1576231,tr,2026-03-26T14:55:41+00:00
2026-03-26,USAK,KAP,UŞAK SERAMİK SANAYİ A.Ş. - Sermaye Artırımı - Azaltımı İşlemlerine İlişkin Bildirim,Sermaye Artırımı - Azaltımı İşlemlerine İlişkin Bildirim Esas Sözleşmenin Tadili Tescili,https://www.kap.org.tr/tr/Bildirim/1576667,tr,2026-03-26T18:37:29+00:00
2026-03-26,VKFYO,KAP,VAKIF MENKUL KIYMET YATIRIM ORTAKLIĞI A.Ş. - Özel Durum Açıklaması (Genel),"Özel Durum Açıklaması (Genel) Şirketimizin BİAŞ'da oluşan ağırlıklı ortalama fiyatın, pay başına net aktif değerin 2 katını aşması sebebiyle yapılan açıklamadır.",https://www.kap.org.tr/tr/Bildirim/1576484,tr,2026-03-26T17:36:15+00:00
2026-03-26,VKFYO,KAP,VAKIF MENKUL KIYMET YATIRIM ORTAKLIĞI A.Ş. - Özel Durum Açıklaması (Genel),"Özel Durum Açıklaması (Genel) Şirketimizin BİAŞ'da oluşan ağırlıklı ortalama fiyatın, pay başına net aktif değerin 2 katını aşması sebebiyle yapılan açıklamadır.",https://www.kap.org.tr/tr/Bildirim/1576388,tr,2026-03-26T16:39:11+00:00
2026-03-26,VRGYO,KAP,VERA KONSEPT GAYRİMENKUL YATIRIM ORTAKLIĞI A.Ş. - Bağımsız Denetim Kuruluşunun Belirlenmesi,Bağımsız Denetim Kuruluşunun Belirlenmesi Bağımsız Denetim Kuruluşunun Belirlenmesi,https://www.kap.org.tr/tr/Bildirim/1576273,tr,2026-03-26T15:19:39+00:00
2026-03-26,VSNMD,KAP,VİŞNE MADENCİLİK ÜRETİM SANAYİ VE TİCARET A.Ş. - Bağımsız Denetim Kuruluşunun Belirlenmesi,Bağımsız Denetim Kuruluşunun Belirlenmesi Bağımsız Denetim Kuruluşunun Genel Kurula Önerilmesi,https://www.kap.org.tr/tr/Bildirim/1576615,tr,2026-03-26T18:17:45+00:00
2026-03-26,VSNMD,KAP,VİŞNE MADENCİLİK ÜRETİM SANAYİ VE TİCARET A.Ş. - Kar Payı Dağıtım İşlemlerine İlişkin Bildirim,Kar Payı Dağıtım İşlemlerine İlişkin Bildirim Kar Payı Dağıtımına İlişkin Yönetim Kurulu Kararı,https://www.kap.org.tr/tr/Bildirim/1576613,tr,2026-03-26T18:17:15+00:00
2026-03-26,VSNMD,KAP,VİŞNE MADENCİLİK ÜRETİM SANAYİ VE TİCARET A.Ş. - Genel Kurul İşlemlerine İlişkin Bildirim,Genel Kurul İşlemlerine İlişkin Bildirim Olağan Genel Kurul Daveti ve Bilgilendirme Dokümanı,https://www.kap.org.tr/tr/Bildirim/1576612,tr,2026-03-26T18:16:35+00:00
2026-03-26,VSNMD,KAP,VİŞNE MADENCİLİK ÜRETİM SANAYİ VE TİCARET A.Ş. - Özel Durum Açıklaması (Genel),Özel Durum Açıklaması (Genel) Maden işletme ve altyapı tesis izni,https://www.kap.org.tr/tr/Bildirim/1576391,tr,2026-03-26T16:42:17+00:00
2026-03-26,YKB,KAP,YAPI VE KREDİ BANKASI A.Ş. - Pay Dışında Sermaye Piyasası Aracı İşlemlerine İlişkin Bildirim (Faiz İçeren),Pay Dışında Sermaye Piyasası Aracı İşlemlerine İlişkin Bildirim (Faiz İçeren) Yurtdışında borçlanma aracı ihracının tamamlanması,https://www.kap.org.tr/tr/Bildirim/1576277,tr,2026-03-26T15:27:00+00:00
2026-03-26,YKB,KAP,YAPI VE KREDİ BANKASI A.Ş. - Pay Dışında Sermaye Piyasası Aracı İşlemlerine İlişkin Bildirim (Faiz İçeren),Pay Dışında Sermaye Piyasası Aracı İşlemlerine İlişkin Bildirim (Faiz İçeren) Özkaynak hesaplamasına dahil edilebilir nitelikte yurtiçinde ihraç edilen borçlanma aracının kupon ödemesi,https://www.kap.org.tr/tr/Bildirim/1576229,tr,2026-03-26T14:55:21+00:00
2026-03-26,YKBNK,KAP,YAPI VE KREDİ BANKASI A.Ş. - Pay Dışında Sermaye Piyasası Aracı İşlemlerine İlişkin Bildirim (Faiz İçeren),Pay Dışında Sermaye Piyasası Aracı İşlemlerine İlişkin Bildirim (Faiz İçeren) Yurtdışında borçlanma aracı ihracının tamamlanması,https://www.kap.org.tr/tr/Bildirim/1576277,tr,2026-03-26T15:27:00+00:00
2026-03-26,YKBNK,KAP,YAPI VE KREDİ BANKASI A.Ş. - Pay Dışında Sermaye Piyasası Aracı İşlemlerine İlişkin Bildirim (Faiz İçeren),Pay Dışında Sermaye Piyasası Aracı İşlemlerine İlişkin Bildirim (Faiz İçeren) Özkaynak hesaplamasına dahil edilebilir nitelikte yurtiçinde ihraç edilen borçlanma aracının kupon ödemesi,https://www.kap.org.tr/tr/Bildirim/1576229,tr,2026-03-26T14:55:21+00:00
2026-03-26,YYAPI,KAP,YEŞİL YAPI ENDÜSTRİSİ A.Ş. - Sürdürülebilirlik Uyum Raporu,Sürdürülebilirlik Uyum Raporu 2025 Yılı Sürdürülebilirlik Uyum Raporu,https://www.kap.org.tr/tr/Bildirim/1576921,tr,2026-03-26T20:57:40+00:00
2026-03-26,YYAPI,KAP,YEŞİL YAPI ENDÜSTRİSİ A.Ş. - Kurumsal Yönetim Uyum Raporu,Kurumsal Yönetim Uyum Raporu 2025 Yılı Kurumsal Yönetim Uyum Raporu,https://www.kap.org.tr/tr/Bildirim/1576919,tr,2026-03-26T20:57:17+00:00
2026-03-26,YYAPI,KAP,YEŞİL YAPI ENDÜSTRİSİ A.Ş. - Kurumsal Yönetim Bilgi Formu,Kurumsal Yönetim Bilgi Formu 2025 Yılı Kurumsal Yönetim Bilgi Formu,https://www.kap.org.tr/tr/Bildirim/1576918,tr,2026-03-26T20:55:57+00:00
2026-03-26,YYAPI,KAP,YEŞİL YAPI ENDÜSTRİSİ A.Ş. - Sorumluluk Beyanı (Konsolide),Sorumluluk Beyanı (Konsolide) 2025 Yılı Hesap Dönemi Sorumluluk Beyanı,https://www.kap.org.tr/tr/Bildirim/1576914,tr,2026-03-26T20:52:51+00:00
2026-03-26,YYAPI,KAP,YEŞİL YAPI ENDÜSTRİSİ A.Ş. - Faaliyet Raporu (Konsolide),Faaliyet Raporu (Konsolide) 2025 Yılı Hesap Dönemi Faaliyet Raporu,https://www.kap.org.tr/tr/Bildirim/1576912,tr,2026-03-26T20:49:34+00:00
2026-03-26,YYAPI,KAP,YEŞİL YAPI ENDÜSTRİSİ A.Ş. - Finansal Rapor,Finansal Rapor,https://www.kap.org.tr/tr/Bildirim/1576861,tr,2026-03-26T20:46:38+00:00
2026-03-26,ZKBVK,KAP,ZİRAAT KATILIM VARLIK KİRALAMA A.Ş. - Pay Dışında Sermaye Piyasası Aracı İşlemlerine İlişkin Bildirim (Faizsiz),Pay Dışında Sermaye Piyasası Aracı İşlemlerine İlişkin Bildirim (Faizsiz) TRDZKVK32641 ISIN kodlu Yurtiçi Kira Sertifikalarının İtfa ve Getiri Ödeme İşlemlerinin Tamamlanması Hk ZTB,https://www.kap.org.tr/tr/Bildirim/1576166,tr,2026-03-26T14:00:21+00:00
2026-03-26,ZKBVK,KAP,ZİRAAT KATILIM VARLIK KİRALAMA A.Ş. - Pay Dışında Sermaye Piyasası Aracı İşlemlerine İlişkin Bildirim (Faizsiz),Pay Dışında Sermaye Piyasası Aracı İşlemlerine İlişkin Bildirim (Faizsiz) TRDZKVK62622 ISIN Kodlu Yurtiçi Kira Sertifikası İhracının Satışının Tamamlanması Hk ZTB,https://www.kap.org.tr/tr/Bildirim/1576058,tr,2026-03-26T09:25:56+00:00
2026-03-27,AHGAZ,KAP,AHLATCI DOĞAL GAZ DAĞITIM ENERJİ VE YATIRIM A.Ş. - Payların Geri Alınmasına İlişkin Bildirim,Payların Geri Alınmasına İlişkin Bildirim 27.03.2026 Tarihli Pay Geri Alım İşlemleri,https://www.kap.org.tr/tr/Bildirim/1577720,tr,2026-03-27T18:30:20+00:00
2026-03-27,AHGAZ,KAP,AHLATCI DOĞAL GAZ DAĞITIM ENERJİ VE YATIRIM A.Ş. - Özel Durum Açıklaması (Genel),Özel Durum Açıklaması (Genel) Dolaylı Bağlı Ortaklığın Lisans Genişlemesi Hk.,https://www.kap.org.tr/tr/Bildirim/1577383,tr,2026-03-27T14:16:45+00:00
2026-03-27,AKBNK,KAP,AKBANK T.A.Ş. - Pay Dışında Sermaye Piyasası Aracı İşlemlerine İlişkin Bildirim (Faiz İçeren),Pay Dışında Sermaye Piyasası Aracı İşlemlerine İlişkin Bildirim (Faiz İçeren) Yurtdışı Piyasalara Tahvil İhracı,https://www.kap.org.tr/tr/Bildirim/1577735,tr,2026-03-27T18:54:26+00:00
2026-03-27,AKDFA,KAP,AKDENİZ FAKTORİNG A.Ş. - Pay Dışında Sermaye Piyasası Aracı İşlemlerine İlişkin Bildirim (Faiz İçeren),"Pay Dışında Sermaye Piyasası Aracı İşlemlerine İlişkin Bildirim (Faiz İçeren) Akdeniz Faktoring A.Ş 02.10.2026 vadeli, 189 günlük 1 kupon ödemeli 40.000.000 TL Nominal bono ihracı (ISIN Kodu: TRFAKDNE2613)",https://www.kap.org.tr/tr/Bildirim/1577252,tr,2026-03-27T10:43:54+00:00
2026-03-27,AKDFA,KAP,AKDENİZ FAKTORİNG A.Ş. - Pay Dışında Sermaye Piyasası Aracı İşlemlerine İlişkin Bildirim (Faiz İçeren),"Pay Dışında Sermaye Piyasası Aracı İşlemlerine İlişkin Bildirim (Faiz İçeren) Akdeniz Faktoring A.Ş 02.10.2026 vadeli, 189 günlük 1 kupon ödemeli 40.000.000 TL Nominal bono ihracı (ISIN Kodu: TRFAKDNE2613)",https://www.kap.org.tr/tr/Bildirim/1577174,tr,2026-03-27T08:39:50+00:00
2026-03-27,AKFYE,KAP,AKFEN YENİLENEBİLİR ENERJİ A.Ş. - Katılım Finansı İlkeleri Bilgi Formu,Katılım Finansı İlkeleri Bilgi Formu,https://www.kap.org.tr/tr/Bildirim/1577675,tr,2026-03-27T18:12:38+00:00
2026-03-27,AKM,KAP,AK YATIRIM MENKUL DEĞERLER A.Ş. - Yatırım Kuruluşu Varant - Sertifika - Senetlerine İlişkin Bildirim,Yatırım Kuruluşu Varant - Sertifika - Senetlerine İlişkin Bildirim 26.03.2026 Vadeli Brent Petrol Varantlarının İtfa Fiyatları,https://www.kap.org.tr/tr/Bildirim/1577217,tr,2026-03-27T09:59:42+00:00
2026-03-27,AKM,KAP,AK YATIRIM MENKUL DEĞERLER A.Ş. - Pay Dışında Sermaye Piyasası Aracı İşlemlerine İlişkin Bildirim (Faiz İçeren),Pay Dışında Sermaye Piyasası Aracı İşlemlerine İlişkin Bildirim (Faiz İçeren) 27.03.2026 Vadeli Borçlanma Aracının İtfası,https://www.kap.org.tr/tr/Bildirim/1577216,tr,2026-03-27T09:57:40+00:00
2026-03-27,AKMEN,KAP,AK YATIRIM MENKUL DEĞERLER A.Ş. - Yatırım Kuruluşu Varant - Sertifika - Senetlerine İlişkin Bildirim,Yatırım Kuruluşu Varant - Sertifika - Senetlerine İlişkin Bildirim 26.03.2026 Vadeli Brent Petrol Varantlarının İtfa Fiyatları,https://www.kap.org.tr/tr/Bildirim/1577217,tr,2026-03-27T09:59:42+00:00
2026-03-27,AKMEN,KAP,AK YATIRIM MENKUL DEĞERLER A.Ş. - Pay Dışında Sermaye Piyasası Aracı İşlemlerine İlişkin Bildirim (Faiz İçeren),Pay Dışında Sermaye Piyasası Aracı İşlemlerine İlişkin Bildirim (Faiz İçeren) 27.03.2026 Vadeli Borçlanma Aracının İtfası,https://www.kap.org.tr/tr/Bildirim/1577216,tr,2026-03-27T09:57:40+00:00
2026-03-27,ALBRK,KAP,ALBARAKA TÜRK KATILIM BANKASI A.Ş. - Kar Payı Dağıtım İşlemlerine İlişkin Bildirim,Kar Payı Dağıtım İşlemlerine İlişkin Bildirim Kâr Payı Dağıtımına İlişkin Genel Kurul Kararı,https://www.kap.org.tr/tr/Bildirim/1577845,tr,2026-03-27T22:53:17+00:00
2026-03-27,ALBRK,KAP,ALBARAKA TÜRK KATILIM BANKASI A.Ş. - Bağımsız Denetim Kuruluşunun Belirlenmesi,Bağımsız Denetim Kuruluşunun Belirlenmesi Bağımsız Denetim Kuruluşunun Seçimine İlişkin Olağan Genel Kurul Kararı,https://www.kap.org.tr/tr/Bildirim/1577796,tr,2026-03-27T20:22:09+00:00
2026-03-27,ALBRK,KAP,ALBARAKA TÜRK KATILIM BANKASI A.Ş. - Genel Kurul İşlemlerine İlişkin Bildirim,Genel Kurul İşlemlerine İlişkin Bildirim 2025 Yılı Olağan Genel Kurul Toplantısı Sonucu,https://www.kap.org.tr/tr/Bildirim/1577795,tr,2026-03-27T20:20:36+00:00
2026-03-27,ALBRK,KAP,ALBARAKA TÜRK KATILIM BANKASI A.Ş. - Özel Durum Açıklaması (Genel),Özel Durum Açıklaması (Genel) Genel Müdür Başyardımcımızın Emeklilik Dolayısıyla Ayrılması Hk,https://www.kap.org.tr/tr/Bildirim/1577215,tr,2026-03-27T09:57:08+00:00
2026-03-27,ALBRK,KAP,ALBARAKA TÜRK KATILIM BANKASI A.Ş. - Özel Durum Açıklaması (Genel),Özel Durum Açıklaması (Genel) Organizasyon ve Üst Yönetim Değişiklikleri Hk,https://www.kap.org.tr/tr/Bildirim/1577188,tr,2026-03-27T09:20:39+00:00
2026-03-27,ALGYO,KAP,ALARKO GAYRİMENKUL YATIRIM ORTAKLIĞI A.Ş. - Kayıtlı Sermaye Tavanı İşlemlerine İlişkin Bildirim,Kayıtlı Sermaye Tavanı İşlemlerine İlişkin Bildirim Kayıtlı Sermaye Tavanı Artışına İlişkin Ticaret Bakanlığı Onayı,https://www.kap.org.tr/tr/Bildirim/1577494,tr,2026-03-27T16:51:45+00:00
2026-03-27,ALJF,KAP,ALJ FİNANSMAN A.Ş. - Pay Dışında Sermaye Piyasası Aracı İşlemlerine İlişkin Bildirim (Faiz İçeren),Pay Dışında Sermaye Piyasası Aracı İşlemlerine İlişkin Bildirim (Faiz İçeren) TRSALJF92615 kodlu tahvilin kupon ödemesi - Düzeltme,https://www.kap.org.tr/tr/Bildirim/1577469,tr,2026-03-27T16:09:59+00:00
2026-03-27,ALJF,KAP,ALJ FİNANSMAN A.Ş. - Pay Dışında Sermaye Piyasası Aracı İşlemlerine İlişkin Bildirim (Faiz İçeren),Pay Dışında Sermaye Piyasası Aracı İşlemlerine İlişkin Bildirim (Faiz İçeren) TRSALJF92615 kodlu tahvilin kupon ödemesi,https://www.kap.org.tr/tr/Bildirim/1577325,tr,2026-03-27T13:01:38+00:00
2026-03-27,ALK,KAP,ALBARAKA TÜRK KATILIM BANKASI A.Ş. - Kar Payı Dağıtım İşlemlerine İlişkin Bildirim,Kar Payı Dağıtım İşlemlerine İlişkin Bildirim Kâr Payı Dağıtımına İlişkin Genel Kurul Kararı,https://www.kap.org.tr/tr/Bildirim/1577845,tr,2026-03-27T22:53:17+00:00
2026-03-27,ALK,KAP,ALBARAKA TÜRK KATILIM BANKASI A.Ş. - Bağımsız Denetim Kuruluşunun Belirlenmesi,Bağımsız Denetim Kuruluşunun Belirlenmesi Bağımsız Denetim Kuruluşunun Seçimine İlişkin Olağan Genel Kurul Kararı,https://www.kap.org.tr/tr/Bildirim/1577796,tr,2026-03-27T20:22:09+00:00
2026-03-27,ALK,KAP,ALBARAKA TÜRK KATILIM BANKASI A.Ş. - Genel Kurul İşlemlerine İlişkin Bildirim,Genel Kurul İşlemlerine İlişkin Bildirim 2025 Yılı Olağan Genel Kurul Toplantısı Sonucu,https://www.kap.org.tr/tr/Bildirim/1577795,tr,2026-03-27T20:20:36+00:00
2026-03-27,ALK,KAP,ALBARAKA TÜRK KATILIM BANKASI A.Ş. - Özel Durum Açıklaması (Genel),Özel Durum Açıklaması (Genel) Genel Müdür Başyardımcımızın Emeklilik Dolayısıyla Ayrılması Hk,https://www.kap.org.tr/tr/Bildirim/1577215,tr,2026-03-27T09:57:08+00:00
2026-03-27,ALK,KAP,ALBARAKA TÜRK KATILIM BANKASI A.Ş. - Özel Durum Açıklaması (Genel),Özel Durum Açıklaması (Genel) Organizasyon ve Üst Yönetim Değişiklikleri Hk,https://www.kap.org.tr/tr/Bildirim/1577188,tr,2026-03-27T09:20:39+00:00
2026-03-27,ALTNY,KAP,ALTINAY SAVUNMA TEKNOLOJİLERİ A.Ş. - Yeni İş İlişkisi,Yeni İş İlişkisi Yeni İş İlişkisi,https://www.kap.org.tr/tr/Bildirim/1577744,tr,2026-03-27T19:12:09+00:00
2026-03-27,ALTNY,KAP,ALTINAY SAVUNMA TEKNOLOJİLERİ A.Ş. - Yeni İş İlişkisi,Yeni İş İlişkisi Yeni İş İlişkisi,https://www.kap.org.tr/tr/Bildirim/1577742,tr,2026-03-27T19:11:41+00:00
2026-03-27,ALVES,KAP,ALVES KABLO SANAYİ VE TİCARET A.Ş. - Pay Dışında Sermaye Piyasası Aracı İşlemlerine İlişkin Bildirim (Faiz İçeren),Pay Dışında Sermaye Piyasası Aracı İşlemlerine İlişkin Bildirim (Faiz İçeren) Finansman Bonosu İtfası,https://www.kap.org.tr/tr/Bildirim/1577300,tr,2026-03-27T11:55:00+00:00
2026-03-27,ARZUM,KAP,ARZUM ELEKTRİKLİ EV ALETLERİ SANAYİ VE TİCARET A.Ş. - Özel Durum Açıklaması (Genel),Özel Durum Açıklaması (Genel) Bağlı Ortaklığımızın Faaliyetleri Hakkında,https://www.kap.org.tr/tr/Bildirim/1577734,tr,2026-03-27T18:53:19+00:00
2026-03-27,ARZUM,KAP,ARZUM ELEKTRİKLİ EV ALETLERİ SANAYİ VE TİCARET A.Ş. - Özel Durum Açıklaması (Genel),Özel Durum Açıklaması (Genel) Yeni İş Modeli Hakkında,https://www.kap.org.tr/tr/Bildirim/1577393,tr,2026-03-27T14:29:52+00:00
2026-03-27,ASTOR,KAP,ASTOR ENERJİ A.Ş. - İhale Süreci / Sonucu,İhale Süreci / Sonucu TEİAŞ İhalesi,https://www.kap.org.tr/tr/Bildirim/1577487,tr,2026-03-27T16:47:10+00:00
2026-03-27,ATAVK,KAP,ATA VARLIK KİRALAMA A.Ş. - Pay Dışında Sermaye Piyasası Aracı İşlemlerine İlişkin Bildirim (Faizsiz),Pay Dışında Sermaye Piyasası Aracı İşlemlerine İlişkin Bildirim (Faizsiz) TRDATAV92616 ISIN Kodlu Yurtiçi Kira sertifikası İhracının Satışının Tamamlanması Hk. FKPET,https://www.kap.org.tr/tr/Bildirim/1577242,tr,2026-03-27T10:33:08+00:00
2026-03-27,ATAVK,KAP,ATA VARLIK KİRALAMA A.Ş. - Pay Dışında Sermaye Piyasası Aracı İşlemlerine İlişkin Bildirim (Faizsiz),Pay Dışında Sermaye Piyasası Aracı İşlemlerine İlişkin Bildirim (Faizsiz) TRDATAV92616 ISIN Kodlu Yurtiçi Kira sertifikası İhracının Satışının Tamamlanması Hk. FKPET,https://www.kap.org.tr/tr/Bildirim/1577234,tr,2026-03-27T10:12:14+00:00
2026-03-27,ATLFA,KAP,ATILIM FAKTORİNG A.Ş. - Kredi Derecelendirmesi,Kredi Derecelendirmesi Derecelendirme Raporu,https://www.kap.org.tr/tr/Bildirim/1577470,tr,2026-03-27T16:17:38+00:00
2026-03-27,AVTUR,KAP,AVRASYA PETROL VE TURİSTİK TESİSLER YATIRIMLAR A.Ş. - Esas Sözleşme Tadili,Esas Sözleşme Tadili Esas Sözleşme Tadilinin SPK Onayı Hakkında,https://www.kap.org.tr/tr/Bildirim/1577669,tr,2026-03-27T18:11:16+00:00
2026-03-27,AVTUR,KAP,AVRASYA PETROL VE TURİSTİK TESİSLER YATIRIMLAR A.Ş. - Kayıtlı Sermaye Tavanı İşlemlerine İlişkin Bildirim,Kayıtlı Sermaye Tavanı İşlemlerine İlişkin Bildirim Şirket Kayıtlı Sermaye Tavanının Geçerlilik Süresinin Spk tarafından Onaylanması Hakkında,https://www.kap.org.tr/tr/Bildirim/1577667,tr,2026-03-27T18:11:04+00:00
2026-03-27,AYCES,KAP,ALTIN YUNUS ÇEŞME TURİSTİK TESİSLER A.Ş. - Bağımsız Denetim Kuruluşunun Belirlenmesi,Bağımsız Denetim Kuruluşunun Belirlenmesi Bağımsız Denetim Kuruluşunun Belirlenmesi,https://www.kap.org.tr/tr/Bildirim/1577778,tr,2026-03-27T19:37:24+00:00
2026-03-27,AYDEM,KAP,AYDEM YENİLENEBİLİR ENERJİ A.Ş. - Özel Durum Açıklaması (Genel),Özel Durum Açıklaması (Genel) 2026 Yılı Sürdürülebilirlik Denetçisi Seçilmesine Yönelik Genel Kurul Sonucu,https://www.kap.org.tr/tr/Bildirim/1577726,tr,2026-03-27T18:32:18+00:00
2026-03-27,AYDEM,KAP,AYDEM YENİLENEBİLİR ENERJİ A.Ş. - Özel Durum Açıklaması (Genel),Özel Durum Açıklaması (Genel) Yönetim Kurulu Üyeleri Görev Dağılımı,https://www.kap.org.tr/tr/Bildirim/1577725,tr,2026-03-27T18:32:02+00:00
2026-03-27,AYDEM,KAP,AYDEM YENİLENEBİLİR ENERJİ A.Ş. - Kar Payı Dağıtım İşlemlerine İlişkin Bildirim,Kar Payı Dağıtım İşlemlerine İlişkin Bildirim 2025 Yılı Dönem Karı/Zararı Hakkında Bildirim,https://www.kap.org.tr/tr/Bildirim/1577716,tr,2026-03-27T18:29:45+00:00
2026-03-27,AYDEM,KAP,AYDEM YENİLENEBİLİR ENERJİ A.Ş. - Bağımsız Denetim Kuruluşunun Belirlenmesi,Bağımsız Denetim Kuruluşunun Belirlenmesi Genel Kurul Toplantısı 2026 Yılı Bağımsız Denetim Şirketi Seçim Sonucu,https://www.kap.org.tr/tr/Bildirim/1577650,tr,2026-03-27T18:02:54+00:00
2026-03-27,AYDEM,KAP,AYDEM YENİLENEBİLİR ENERJİ A.Ş. - Genel Kurul İşlemlerine İlişkin Bildirim,Genel Kurul İşlemlerine İlişkin Bildirim 2025 Yılı Olağan Genel Kurul Toplantı Sonuçları,https://www.kap.org.tr/tr/Bildirim/1577649,tr,2026-03-27T18:02:41+00:00
2026-03-27,BEYAZ,KAP,BEYAZ FİLO OTO KİRALAMA A.Ş. - Pay Dışında Sermaye Piyasası Aracı İşlemlerine İlişkin Bildirim (Faiz İçeren),Pay Dışında Sermaye Piyasası Aracı İşlemlerine İlişkin Bildirim (Faiz İçeren) TRFBFOK32717 ISIN kodlu finansman bonosu ihracı,https://www.kap.org.tr/tr/Bildirim/1577205,tr,2026-03-27T09:40:59+00:00
2026-03-27,BEYAZ,KAP,BEYAZ FİLO OTO KİRALAMA A.Ş. - Pay Dışında Sermaye Piyasası Aracı İşlemlerine İlişkin Bildirim (Faiz İçeren),Pay Dışında Sermaye Piyasası Aracı İşlemlerine İlişkin Bildirim (Faiz İçeren) TRFBFOK32717 ISIN kodlu finansman bonosu ihracı,https://www.kap.org.tr/tr/Bildirim/1577184,tr,2026-03-27T09:14:17+00:00
2026-03-27,BIGTK,KAP,BİG MEDYA TEKNOLOJİ A.Ş. - Kar Payı Dağıtım İşlemlerine İlişkin Bildirim,Kar Payı Dağıtım İşlemlerine İlişkin Bildirim 2025 Yılı Kar Payı Dağıtımına İlişkin Olağan Genel Kurul Sonuç Bildirimi,https://www.kap.org.tr/tr/Bildirim/1577553,tr,2026-03-27T17:19:31+00:00
2026-03-27,BIGTK,KAP,BİG MEDYA TEKNOLOJİ A.Ş. - Genel Kurul İşlemlerine İlişkin Bildirim,Genel Kurul İşlemlerine İlişkin Bildirim Big Medya Teknoloji A.Ş. Olağan Genel Kurul Toplantısı Sonuç Bildirimi,https://www.kap.org.tr/tr/Bildirim/1577518,tr,2026-03-27T16:58:42+00:00
2026-03-27,BIGTK,KAP,BİG MEDYA TEKNOLOJİ A.Ş. - Olağan Dışı Fiyat ve Miktar Hareketleri,Olağan Dışı Fiyat ve Miktar Hareketleri Olağandışı Fiyat ve Hacim Hareketlerine İlişkin Kamuoyuna Açıklama,https://www.kap.org.tr/tr/Bildirim/1577176,tr,2026-03-27T08:45:29+00:00
2026-03-27,BINHO,KAP,1000 YATIRIMLAR HOLDİNG A.Ş. - Kayıtlı Sermaye Tavanı İşlemlerine İlişkin Bildirim,Kayıtlı Sermaye Tavanı İşlemlerine İlişkin Bildirim Kayıtlı Sermaye Tavan Artırımı ve Tavan Geçerlilik Süresinin Güncellenmesi,https://www.kap.org.tr/tr/Bildirim/1577671,tr,2026-03-27T18:11:48+00:00
2026-03-27,BIOEN,KAP,BİOTREND ÇEVRE VE ENERJİ YATIRIMLARI A.Ş. - Şirket Genel Bilgi Formu,Şirket Genel Bilgi Formu,https://www.kap.org.tr/tr/Bildirim/1577271,tr,2026-03-27T10:58:31+00:00
2026-03-27,BIOEN,KAP,BİOTREND ÇEVRE VE ENERJİ YATIRIMLARI A.Ş. - Özel Durum Açıklaması (Genel),Özel Durum Açıklaması (Genel) 2025 Yılı Yatırımcı Sunumu,https://www.kap.org.tr/tr/Bildirim/1577210,tr,2026-03-27T09:48:12+00:00
2026-03-27,BLUME,KAP,BLUME METAL KİMYA A.Ş. - Özel Durum Açıklaması (Genel),"Özel Durum Açıklaması (Genel) Yönetim Kurulu üyesinin istifası, Yönetim Kurulu üyesi atama",https://www.kap.org.tr/tr/Bildirim/1577655,tr,2026-03-27T18:06:01+00:00
2026-03-27,BLUME,KAP,BLUME METAL KİMYA A.Ş. - Esas Sözleşme,Esas Sözleşme Esas Sözleşme,https://www.kap.org.tr/tr/Bildirim/1577267,tr,2026-03-27T10:54:55+00:00
2026-03-27,BRGAN,KAP,BURGAN BANK A.Ş. - Özel Durum Açıklaması (Genel),Özel Durum Açıklaması (Genel) 2025 Yılı Olağan Genel Kurul Toplantısı Hakkında,https://www.kap.org.tr/tr/Bildirim/1577493,tr,2026-03-27T16:51:14+00:00
2026-03-27,BRKT,KAP,BEREKET VARLIK KİRALAMA A.Ş. - Genel Kurul Bildirimi,Genel Kurul Bildirimi 27.03.2026 Tarihli 2025 Yılı Olağan Genel Kurul Toplantısı Kararları Hk.,https://www.kap.org.tr/tr/Bildirim/1577626,tr,2026-03-27T17:47:30+00:00
2026-03-27,BRKT,KAP,BEREKET VARLIK KİRALAMA A.Ş. - Bağımsız Denetim Kuruluşunun Belirlenmesi,Bağımsız Denetim Kuruluşunun Belirlenmesi Bağımsız Denetim Kuruluşunun Seçimine İlişkin Genel Kurul Kararı Hk.,https://www.kap.org.tr/tr/Bildirim/1577621,tr,2026-03-27T17:46:12+00:00
2026-03-27,BRKT,KAP,BEREKET VARLIK KİRALAMA A.Ş. - Kar Dağıtım Politikası,Kar Dağıtım Politikası 2025 Yılı Kâr Payı Dağıtımı Hakkında,https://www.kap.org.tr/tr/Bildirim/1577620,tr,2026-03-27T17:45:37+00:00
2026-03-27,BRKT,KAP,BEREKET VARLIK KİRALAMA A.Ş. - Pay Dışında Sermaye Piyasası Aracı İşlemlerine İlişkin Bildirim (Faizsiz),Pay Dışında Sermaye Piyasası Aracı İşlemlerine İlişkin Bildirim (Faizsiz) TRDBRKT32625 ISIN Kodlu Kira Sertifikasının İtfası Hk. ALBRK,https://www.kap.org.tr/tr/Bildirim/1577212,tr,2026-03-27T09:56:26+00:00
2026-03-27,BRKT,KAP,BEREKET VARLIK KİRALAMA A.Ş. - Pay Dışında Sermaye Piyasası Aracı İşlemlerine İlişkin Bildirim (Faizsiz),Pay Dışında Sermaye Piyasası Aracı İşlemlerine İlişkin Bildirim (Faizsiz) TRDBRKT62622 ISIN Kodlu Yurt İçi Kira Sertifikası Satışının Tamamlanması Hk. ALBRK,https://www.kap.org.tr/tr/Bildirim/1577211,tr,2026-03-27T09:54:04+00:00
2026-03-27,BRKVY,KAP,BİRİKİM VARLIK YÖNETİM A.Ş. - Özel Durum Açıklaması (Genel),Özel Durum Açıklaması (Genel) 2025 Yıl Sonu Finansal Sonuçlarına İlişkin Yatırımcı Sunumu,https://www.kap.org.tr/tr/Bildirim/1577656,tr,2026-03-27T18:06:06+00:00
2026-03-27,BRSAN,KAP,BORUSAN BİRLEŞİK BORU FABRİKALARI SANAYİ VE TİCARET A.Ş. - Özel Durum Açıklaması (Genel),"Özel Durum Açıklaması (Genel) Yönetim Kurulu Bağımsız Üye Aday Listesi, Özgeçmişleri ve Bağımsızlık Beyanları",https://www.kap.org.tr/tr/Bildirim/1577808,tr,2026-03-27T20:52:04+00:00
2026-03-27,BRSAN,KAP,BORUSAN BİRLEŞİK BORU FABRİKALARI SANAYİ VE TİCARET A.Ş. - Bağımsız Denetim Kuruluşunun Belirlenmesi,Bağımsız Denetim Kuruluşunun Belirlenmesi Bağımsız Denetim Şirketinin Genel Kurul Onayına Sunulması,https://www.kap.org.tr/tr/Bildirim/1577807,tr,2026-03-27T20:51:46+00:00
2026-03-27,BRSAN,KAP,BORUSAN BİRLEŞİK BORU FABRİKALARI SANAYİ VE TİCARET A.Ş. - Kar Payı Dağıtım İşlemlerine İlişkin Bildirim,Kar Payı Dağıtım İşlemlerine İlişkin Bildirim Kar Payı Dağıtımına İlişkin Yönetim Kurulu Kararı,https://www.kap.org.tr/tr/Bildirim/1577806,tr,2026-03-27T20:51:17+00:00
2026-03-27,BRSAN,KAP,BORUSAN BİRLEŞİK BORU FABRİKALARI SANAYİ VE TİCARET A.Ş. - Genel Kurul İşlemlerine İlişkin Bildirim,Genel Kurul İşlemlerine İlişkin Bildirim Olağan Genel Kurul'un Toplantıya Davet Edilmesine İlişkin Yönetim Kurulu Kararı,https://www.kap.org.tr/tr/Bildirim/1577805,tr,2026-03-27T20:50:56+00:00
2026-03-27,BUR,KAP,BURGAN BANK A.Ş. - Özel Durum Açıklaması (Genel),Özel Durum Açıklaması (Genel) 2025 Yılı Olağan Genel Kurul Toplantısı Hakkında,https://www.kap.org.tr/tr/Bildirim/1577493,tr,2026-03-27T16:51:14+00:00
2026-03-27,BYDNR,KAP,BAYDÖNER RESTORANLARI A.Ş. - Kayıtlı Sermaye Tavanı İşlemlerine İlişkin Bildirim,Kayıtlı Sermaye Tavanı İşlemlerine İlişkin Bildirim Esas Sözleşme Tadili T.C. Ticaret Bakanlığı Onayı,https://www.kap.org.tr/tr/Bildirim/1577668,tr,2026-03-27T18:11:11+00:00
2026-03-27,CAGFA,KAP,ÇAĞDAŞ FAKTORİNG A.Ş. - Pay Dışında Sermaye Piyasası Aracı İşlemlerine İlişkin Bildirim (Faiz İçeren),Pay Dışında Sermaye Piyasası Aracı İşlemlerine İlişkin Bildirim (Faiz İçeren) TRFCGDF32641 ISIN Kodlu İhracın 4.Kupon Ödemesi Ve İtfasının Gerçekleştirilmesi,https://www.kap.org.tr/tr/Bildirim/1577276,tr,2026-03-27T11:11:06+00:00
2026-03-27,CANTE,KAP,ÇAN2 TERMİK A.Ş. - Sermaye Artırımı - Azaltımı İşlemlerine İlişkin Bildirim,Sermaye Artırımı - Azaltımı İşlemlerine İlişkin Bildirim Esas Sözleşmenin Sermaye Maddesinin Tadiline İlişkin SPK Onayı Hakkında,https://www.kap.org.tr/tr/Bildirim/1577520,tr,2026-03-27T17:02:23+00:00
2026-03-27,CELHA,KAP,ÇELİK HALAT VE TEL SANAYİİ A.Ş. - Kar Payı Dağıtım İşlemlerine İlişkin Bildirim,Kar Payı Dağıtım İşlemlerine İlişkin Bildirim Kar Payı Dağıtım İşlemlerine İlişkin Yönetim Kurulu Kararı,https://www.kap.org.tr/tr/Bildirim/1577842,tr,2026-03-27T22:08:26+00:00
2026-03-27,CEMTS,KAP,ÇEMTAŞ ÇELİK MAKİNA SANAYİ VE TİCARET A.Ş. - Özel Durum Açıklaması (Genel),Özel Durum Açıklaması (Genel) Genel Müdürün görevden ayrılması,https://www.kap.org.tr/tr/Bildirim/1577790,tr,2026-03-27T19:54:29+00:00
2026-03-27,CEMTS,KAP,ÇEMTAŞ ÇELİK MAKİNA SANAYİ VE TİCARET A.Ş. - Bağımsız Denetim Kuruluşunun Belirlenmesi,Bağımsız Denetim Kuruluşunun Belirlenmesi Bağımsız Denetim Kuruluşu Seçimi Genel Kurul Kararı - 2026 Türkiye Sürdürülebilirlik Raporlama Standartları (TSRS),https://www.kap.org.tr/tr/Bildirim/1577789,tr,2026-03-27T19:53:24+00:00
2026-03-27,CEMTS,KAP,ÇEMTAŞ ÇELİK MAKİNA SANAYİ VE TİCARET A.Ş. - Bağımsız Denetim Kuruluşunun Belirlenmesi,Bağımsız Denetim Kuruluşunun Belirlenmesi Bağımsız Denetim Kuruluşu Seçimi Genel Kurul Kararı - 2025 Türkiye Sürdürülebilirlik Raporlama Standartları (TSRS),https://www.kap.org.tr/tr/Bildirim/1577788,tr,2026-03-27T19:53:04+00:00
2026-03-27,CEMTS,KAP,ÇEMTAŞ ÇELİK MAKİNA SANAYİ VE TİCARET A.Ş. - Bağımsız Denetim Kuruluşunun Belirlenmesi,Bağımsız Denetim Kuruluşunun Belirlenmesi Bağımsız Denetim Kuruluşu Seçimi Genel Kurul Kararı - 2024 Türkiye Sürdürülebilirlik Raporlama Standartları (TSRS),https://www.kap.org.tr/tr/Bildirim/1577787,tr,2026-03-27T19:52:23+00:00
2026-03-27,CEMTS,KAP,ÇEMTAŞ ÇELİK MAKİNA SANAYİ VE TİCARET A.Ş. - Bağımsız Denetim Kuruluşunun Belirlenmesi,Bağımsız Denetim Kuruluşunun Belirlenmesi Bağımsız Denetim Kuruluşu Seçimi Genel Kurul Kararı,https://www.kap.org.tr/tr/Bildirim/1577784,tr,2026-03-27T19:47:11+00:00
2026-03-27,CEMTS,KAP,ÇEMTAŞ ÇELİK MAKİNA SANAYİ VE TİCARET A.Ş. - Yönetim Kurulu Komiteleri,"Yönetim Kurulu Komiteleri Denetimden Sorumlu Komite, Kurumsal Yönetim Komitesi, Riskin Erken Saptanması Komitesi ve Sürdürülebilirlik Komitesinin oluşturulması",https://www.kap.org.tr/tr/Bildirim/1577783,tr,2026-03-27T19:46:35+00:00
2026-03-27,CEMTS,KAP,ÇEMTAŞ ÇELİK MAKİNA SANAYİ VE TİCARET A.Ş. - Özel Durum Açıklaması (Genel),Özel Durum Açıklaması (Genel) Yönetim Kurulu Görev Dağılımı,https://www.kap.org.tr/tr/Bildirim/1577782,tr,2026-03-27T19:45:32+00:00
2026-03-27,CEMTS,KAP,ÇEMTAŞ ÇELİK MAKİNA SANAYİ VE TİCARET A.Ş. - Kar Payı Dağıtım İşlemlerine İlişkin Bildirim,Kar Payı Dağıtım İşlemlerine İlişkin Bildirim Olağan Genel Kurul Kar Dağıtım Sonucu,https://www.kap.org.tr/tr/Bildirim/1577781,tr,2026-03-27T19:44:52+00:00
2026-03-27,CEMTS,KAP,ÇEMTAŞ ÇELİK MAKİNA SANAYİ VE TİCARET A.Ş. - Genel Kurul İşlemlerine İlişkin Bildirim,Genel Kurul İşlemlerine İlişkin Bildirim 2025 yılı Olağan Genel Kurul Toplantısı Sonucu,https://www.kap.org.tr/tr/Bildirim/1577776,tr,2026-03-27T19:35:05+00:00
2026-03-27,COSMO,KAP,COSMOS YATIRIM HOLDİNG A.Ş. - Özel Durum Açıklaması (Genel),Özel Durum Açıklaması (Genel) Pay Devri Hakkında Bilgilendirme,https://www.kap.org.tr/tr/Bildirim/1577829,tr,2026-03-27T21:51:03+00:00
2026-03-27,CRDFA,KAP,CREDITWEST FAKTORİNG A.Ş. - Pay Dışında Sermaye Piyasası Aracı İşlemlerine İlişkin Bildirim (Faiz İçeren),Pay Dışında Sermaye Piyasası Aracı İşlemlerine İlişkin Bildirim (Faiz İçeren) TRFTPFC6261 ISIN Kodlu Bononun 1.Kupon Oranı,https://www.kap.org.tr/tr/Bildirim/1577484,tr,2026-03-27T16:42:54+00:00
2026-03-27,CRFSA,KAP,CARREFOURSA CARREFOUR SABANCI TİCARET MERKEZİ A.Ş. - Şirket Genel Bilgi Formu,Şirket Genel Bilgi Formu,https://www.kap.org.tr/tr/Bildirim/1577365,tr,2026-03-27T13:53:06+00:00
2026-03-27,CRFSA,KAP,CARREFOURSA CARREFOUR SABANCI TİCARET MERKEZİ A.Ş. - Özel Durum Açıklaması (Genel),Özel Durum Açıklaması (Genel) Yönetim Kurulu Üye İstifası,https://www.kap.org.tr/tr/Bildirim/1577348,tr,2026-03-27T13:46:05+00:00
2026-03-27,CRFSA,KAP,CARREFOURSA CARREFOUR SABANCI TİCARET MERKEZİ A.Ş. - Esas Sözleşme Tadili,Esas Sözleşme Tadili Esas Sözleşme Tadili Genel Kurul Onayı,https://www.kap.org.tr/tr/Bildirim/1577345,tr,2026-03-27T13:41:04+00:00
2026-03-27,CRFSA,KAP,CARREFOURSA CARREFOUR SABANCI TİCARET MERKEZİ A.Ş. - Genel Kurul İşlemlerine İlişkin Bildirim,Genel Kurul İşlemlerine İlişkin Bildirim 2025 Yılı Olağan Genel Kurul Toplantı Sonuçları,https://www.kap.org.tr/tr/Bildirim/1577336,tr,2026-03-27T13:22:26+00:00
2026-03-27,CRFSA,KAP,CARREFOURSA CARREFOUR SABANCI TİCARET MERKEZİ A.Ş. - Bağımsız Denetim Kuruluşunun Belirlenmesi,Bağımsız Denetim Kuruluşunun Belirlenmesi 2026 Yılı Faaliyet Dönemi için Denetçi Genel Kurul Onayı,https://www.kap.org.tr/tr/Bildirim/1577335,tr,2026-03-27T13:17:54+00:00
2026-03-27,CRFSA,KAP,CARREFOURSA CARREFOUR SABANCI TİCARET MERKEZİ A.Ş. - Kar Payı Dağıtım İşlemlerine İlişkin Bildirim,Kar Payı Dağıtım İşlemlerine İlişkin Bildirim 2025 hesap dönemine ilişkin kâr dağıtımı yapılamaması,https://www.kap.org.tr/tr/Bildirim/1577334,tr,2026-03-27T13:17:22+00:00
2026-03-27,CWENE,KAP,CW ENERJİ MÜHENDİSLİK TİCARET VE SANAYİ A.Ş. - Özel Durum Açıklaması (Genel),Özel Durum Açıklaması (Genel) CW Plus Bayilik Açılışı Hk,https://www.kap.org.tr/tr/Bildirim/1577697,tr,2026-03-27T18:21:10+00:00
2026-03-27,DGRVK,KAP,DEĞER VARLIK KİRALAMA A.Ş. - Genel Kurul Bildirimi,Genel Kurul Bildirimi 27.03.2026 Tarihli 2025 Yılı Olağan Genel Kurul Toplantısı Kararları Hk.,https://www.kap.org.tr/tr/Bildirim/1577619,tr,2026-03-27T17:44:53+00:00
2026-03-27,DGRVK,KAP,DEĞER VARLIK KİRALAMA A.Ş. - Bağımsız Denetim Kuruluşunun Belirlenmesi,Bağımsız Denetim Kuruluşunun Belirlenmesi Bağımsız Denetim Kuruluşunun Seçimine İlişkin Genel Kurul Kararı Hk.,https://www.kap.org.tr/tr/Bildirim/1577605,tr,2026-03-27T17:41:51+00:00
2026-03-27,DGRVK,KAP,DEĞER VARLIK KİRALAMA A.Ş. - Kar Dağıtım Politikası,Kar Dağıtım Politikası 2025 Yılı Kâr Payı Dağıtımı Hakkında,https://www.kap.org.tr/tr/Bildirim/1577597,tr,2026-03-27T17:40:56+00:00
2026-03-27,DITAS,KAP,DİTAŞ DOĞAN YEDEK PARÇA İMALAT VE TEKNİK A.Ş. - Genel Kurul İşlemlerine İlişkin Bildirim,Genel Kurul İşlemlerine İlişkin Bildirim Olağan Genel Kurul Toplantısına Çağrı,https://www.kap.org.tr/tr/Bildirim/1577447,tr,2026-03-27T15:49:29+00:00
2026-03-27,DITAS,KAP,DİTAŞ DOĞAN YEDEK PARÇA İMALAT VE TEKNİK A.Ş. - Kar Payı Dağıtım İşlemlerine İlişkin Bildirim,Kar Payı Dağıtım İşlemlerine İlişkin Bildirim Kar Dağıtım Teklifi,https://www.kap.org.tr/tr/Bildirim/1577446,tr,2026-03-27T15:48:21+00:00
2026-03-27,DKVRL,KAP,DK VARLIK KİRALAMA A.Ş. - Pay Dışında Sermaye Piyasası Aracı İşlemlerine İlişkin Bildirim (Faizsiz),Pay Dışında Sermaye Piyasası Aracı İşlemlerine İlişkin Bildirim (Faizsiz) Şirketimiz Tarafından İhraç Edilmiş Olan TRDDKVR32627 ISIN Kodlu Kira Sertifikasının İtfası Hk. ADA,https://www.kap.org.tr/tr/Bildirim/1577385,tr,2026-03-27T14:21:02+00:00
2026-03-27,DKVRL,KAP,DK VARLIK KİRALAMA A.Ş. - Pay Dışında Sermaye Piyasası Aracı İşlemlerine İlişkin Bildirim (Faizsiz),Pay Dışında Sermaye Piyasası Aracı İşlemlerine İlişkin Bildirim (Faizsiz) TRDDKVR62616 ISIN Kodlu Kira Sertifikası İhracının Nitelikli Yatırımcıya Satışının Tamamlanması Hk. ADA,https://www.kap.org.tr/tr/Bildirim/1577280,tr,2026-03-27T11:14:06+00:00
2026-03-27,DKVRL,KAP,DK VARLIK KİRALAMA A.Ş. - Pay Dışında Sermaye Piyasası Aracı İşlemlerine İlişkin Bildirim (Faizsiz),Pay Dışında Sermaye Piyasası Aracı İşlemlerine İlişkin Bildirim (Faizsiz) TRDDKVR62624 ISIN Kodlu Kira Sertifikası İhracının Nitelikli Yatırımcıya Satışının Tamamlanması Hk. ADA,https://www.kap.org.tr/tr/Bildirim/1577279,tr,2026-03-27T11:13:08+00:00
2026-03-27,DNZEN,KAP,DENİZ EKO ENERJİ VE GERİ DÖNÜŞÜM A.Ş. - Genel Kurul Bildirimi,Genel Kurul Bildirimi 2025 Yılı Olağan Genel Kurul Toplantısı Hakkında,https://www.kap.org.tr/tr/Bildirim/1577270,tr,2026-03-27T10:57:15+00:00
2026-03-27,DOAS,KAP,DOĞUŞ OTOMOTİV SERVİS VE TİCARET A.Ş. - Yönetim Kurulu Komiteleri,Yönetim Kurulu Komiteleri Yönetim Kurulu Komiteleri Hakkında,https://www.kap.org.tr/tr/Bildirim/1577719,tr,2026-03-27T18:30:04+00:00
2026-03-27,DOGVY,KAP,DOĞRU VARLIK YÖNETİM A.Ş. - Özel Durum Açıklaması (Genel),"Özel Durum Açıklaması (Genel) Tahsili Gecikmiş Alacak Portföyü Alımı GARAN, TGB",https://www.kap.org.tr/tr/Bildirim/1577225,tr,2026-03-27T10:06:08+00:00
2026-03-27,DOHOL,KAP,DOĞAN ŞİRKETLER GRUBU HOLDİNG A.Ş. - Özel Durum Açıklaması (Genel),Özel Durum Açıklaması (Genel) Bağımsız Yönetim Kurulu Üyesi Adayları Hk.,https://www.kap.org.tr/tr/Bildirim/1577811,tr,2026-03-27T21:02:00+00:00
2026-03-27,DVRLK,KAP,D VARLIK KİRALAMA A.Ş. - Genel Kurul Bildirimi,Genel Kurul Bildirimi Genel Kurul İşlemlerine İlişkin Bildirim,https://www.kap.org.tr/tr/Bildirim/1577408,tr,2026-03-27T14:55:21+00:00
2026-03-27,DYBNK,KAP,D YATIRIM BANKASI A.Ş. - Genel Kurul Bildirimi,Genel Kurul Bildirimi Genel Kurul İşlemlerine İlişkin Bildirim,https://www.kap.org.tr/tr/Bildirim/1577403,tr,2026-03-27T14:50:25+00:00
2026-03-27,DYOBY,KAP,DYO BOYA FABRİKALARI SANAYİ VE TİCARET A.Ş. - Bağımsız Denetim Kuruluşunun Belirlenmesi,Bağımsız Denetim Kuruluşunun Belirlenmesi Bağımsız Denetim Kuruluşunun Belirlenmesi,https://www.kap.org.tr/tr/Bildirim/1577804,tr,2026-03-27T20:46:22+00:00
2026-03-27,EBEBK,KAP,EBEBEK MAĞAZACILIK A.Ş. - Kar Payı Dağıtım İşlemlerine İlişkin Bildirim,Kar Payı Dağıtım İşlemlerine İlişkin Bildirim Kar Dağıtımına İlişkin Genel Kurul Kararı,https://www.kap.org.tr/tr/Bildirim/1577486,tr,2026-03-27T16:45:01+00:00
2026-03-27,ECILC,KAP,EİS ECZACIBAŞI İLAÇ SINAİ VE FİNANSAL YATIRIMLAR SANAYİ VE TİCARET A.Ş. - Kar Payı Dağıtım İşlemlerine İlişkin Bildirim,Kar Payı Dağıtım İşlemlerine İlişkin Bildirim Kâr Payı Dağıtımına İlişkin Yönetim Kurulu Kararı,https://www.kap.org.tr/tr/Bildirim/1577755,tr,2026-03-27T19:23:37+00:00
2026-03-27,ECILC,KAP,EİS ECZACIBAŞI İLAÇ SINAİ VE FİNANSAL YATIRIMLAR SANAYİ VE TİCARET A.Ş. - Bağımsız Denetim Kuruluşunun Belirlenmesi,Bağımsız Denetim Kuruluşunun Belirlenmesi Yönetim Kurulu'nun 2026 yılı için Bağımsız Denetim Kuruluşu önerisi,https://www.kap.org.tr/tr/Bildirim/1577751,tr,2026-03-27T19:21:33+00:00
2026-03-27,ECZYT,KAP,ECZACIBAŞI YATIRIM HOLDİNG ORTAKLIĞI A.Ş. - Kar Payı Dağıtım İşlemlerine İlişkin Bildirim,Kar Payı Dağıtım İşlemlerine İlişkin Bildirim Kar Payı Dağıtımına İlişkin Yönetim Kurulu Kararı,https://www.kap.org.tr/tr/Bildirim/1577756,tr,2026-03-27T19:23:53+00:00
2026-03-27,ECZYT,KAP,ECZACIBAŞI YATIRIM HOLDİNG ORTAKLIĞI A.Ş. - Bağımsız Denetim Kuruluşunun Belirlenmesi,Bağımsız Denetim Kuruluşunun Belirlenmesi Yönetim Kurulu'nun 2026 yılı için Bağımsız Denetim Kuruluşu önerisi,https://www.kap.org.tr/tr/Bildirim/1577752,tr,2026-03-27T19:22:06+00:00
2026-03-27,EFOR,KAP,EFOR YATIRIM SANAYİ TİCARET A.Ş. - Payların Geri Alınmasına İlişkin Bildirim,Payların Geri Alınmasına İlişkin Bildirim 27.03.2026 Tarihli Pay Geri Alım İşlemleri,https://www.kap.org.tr/tr/Bildirim/1577733,tr,2026-03-27T18:52:07+00:00
2026-03-27,EFOR,KAP,EFOR YATIRIM SANAYİ TİCARET A.Ş. - Bağımsız Denetim Kuruluşunun Belirlenmesi,Bağımsız Denetim Kuruluşunun Belirlenmesi Bağımsız Denetim Kuruluşunun Tescil ve İlanı,https://www.kap.org.tr/tr/Bildirim/1577732,tr,2026-03-27T18:51:47+00:00
2026-03-27,EFOR,KAP,EFOR YATIRIM SANAYİ TİCARET A.Ş. - Genel Kurul İşlemlerine İlişkin Bildirim,Genel Kurul İşlemlerine İlişkin Bildirim Olağan Genel Kurulun Tescili,https://www.kap.org.tr/tr/Bildirim/1577731,tr,2026-03-27T18:51:22+00:00
2026-03-27,EFOR,KAP,EFOR YATIRIM SANAYİ TİCARET A.Ş. - Pay Satış Bilgi Formu,Pay Satış Bilgi Formu Pay Satış Bilgi Formu Başvurusuna İlişkin SPK Kararı Hakkında,https://www.kap.org.tr/tr/Bildirim/1577730,tr,2026-03-27T18:50:59+00:00
2026-03-27,EGEEN,KAP,EGE ENDÜSTRİ VE TİCARET A.Ş. - Bağımsız Denetim Kuruluşunun Belirlenmesi,Bağımsız Denetim Kuruluşunun Belirlenmesi Bağımsız Denetim Kuruluşunun Belirlenmesi,https://www.kap.org.tr/tr/Bildirim/1577676,tr,2026-03-27T18:12:46+00:00
2026-03-27,EGEEN,KAP,EGE ENDÜSTRİ VE TİCARET A.Ş. - Genel Kurul İşlemlerine İlişkin Bildirim,Genel Kurul İşlemlerine İlişkin Bildirim 2025 takvim yılına ait Olağan Genel Kurul Toplantısı Kararlarının Tescili,https://www.kap.org.tr/tr/Bildirim/1577431,tr,2026-03-27T15:25:28+00:00
2026-03-27,EGEGY,KAP,EGEYAPI AVRUPA GAYRİMENKUL YATIRIM ORTAKLIĞI A.Ş. - Kar Payı Dağıtım İşlemlerine İlişkin Bildirim,Kar Payı Dağıtım İşlemlerine İlişkin Bildirim Temettü Öneri Tarihi Hakkında,https://www.kap.org.tr/tr/Bildirim/1577322,tr,2026-03-27T12:55:53+00:00
2026-03-27,EGPRO,KAP,EGE PROFİL TİCARET VE SANAYİ A.Ş. - Şirket Genel Bilgi Formu,Şirket Genel Bilgi Formu,https://www.kap.org.tr/tr/Bildirim/1577624,tr,2026-03-27T17:46:31+00:00
2026-03-27,EGPRO,KAP,EGE PROFİL TİCARET VE SANAYİ A.Ş. - Özel Durum Açıklaması (Genel),Özel Durum Açıklaması (Genel) Yatırımcı İlişkileri Bölümü Hk.,https://www.kap.org.tr/tr/Bildirim/1577622,tr,2026-03-27T17:46:13+00:00
2026-03-27,EKGYO,KAP,EMLAK KONUT GAYRİMENKUL YATIRIM ORTAKLIĞI A.Ş. - Özel Durum Açıklaması (Genel),Özel Durum Açıklaması (Genel) Ankara Gölbaşı Taşpınar İhalesi 1. Oturum Sonucu,https://www.kap.org.tr/tr/Bildirim/1577844,tr,2026-03-27T22:37:04+00:00
2026-03-27,EKGYO,KAP,EMLAK KONUT GAYRİMENKUL YATIRIM ORTAKLIĞI A.Ş. - Özel Durum Açıklaması (Genel),Özel Durum Açıklaması (Genel) İstanbul Eyüpsultan Hasdal 1. Etap Sözleşme İmzalanması,https://www.kap.org.tr/tr/Bildirim/1577843,tr,2026-03-27T22:36:40+00:00
2026-03-27,EKTVK,KAP,EMLAK KATILIM VARLIK KİRALAMA A.Ş. - Sermaye Artırımı veya Azaltımı Bildirimi,Sermaye Artırımı veya Azaltımı Bildirimi Sermaye Artırımı,https://www.kap.org.tr/tr/Bildirim/1577769,tr,2026-03-27T19:32:08+00:00
2026-03-27,EMIRV,KAP,EMİR VARLIK YÖNETİM A.Ş. - Pay Dışında Sermaye Piyasası Aracı İşlemlerine İlişkin Bildirim (Faiz İçeren),Pay Dışında Sermaye Piyasası Aracı İşlemlerine İlişkin Bildirim (Faiz İçeren) TRFEMIR92619 ISIN kodlu finansman bonosunun 2.kupon ödemesi,https://www.kap.org.tr/tr/Bildirim/1577319,tr,2026-03-27T12:36:02+00:00
2026-03-27,EMKEL,KAP,EMEK ELEKTRİK ENDÜSTRİSİ A.Ş. - Olağan Dışı Fiyat ve Miktar Hareketleri,Olağan Dışı Fiyat ve Miktar Hareketleri Olağandışı Fiyat ve Miktar Hareketleri Hk.,https://www.kap.org.tr/tr/Bildirim/1577178,tr,2026-03-27T08:59:38+00:00
2026-03-27,EMVAR,KAP,EMLAK VARLIK KİRALAMA A.Ş. - Sermaye Artırımı veya Azaltımı Bildirimi,Sermaye Artırımı veya Azaltımı Bildirimi Sermaye Artırımı,https://www.kap.org.tr/tr/Bildirim/1577757,tr,2026-03-27T19:24:54+00:00
2026-03-27,EMVAR,KAP,EMLAK VARLIK KİRALAMA A.Ş. - Pay Dışında Sermaye Piyasası Aracı İşlemlerine İlişkin Bildirim (Faizsiz),Pay Dışında Sermaye Piyasası Aracı İşlemlerine İlişkin Bildirim (Faizsiz) TRDEMVK92646 ISIN Kodlu Kira Sertifikasının 2. Dönemsel Getiri Ödemesi Hk. ALFIN,https://www.kap.org.tr/tr/Bildirim/1577255,tr,2026-03-27T10:46:34+00:00
2026-03-27,EMVAR,KAP,EMLAK VARLIK KİRALAMA A.Ş. - Pay Dışında Sermaye Piyasası Aracı İşlemlerine İlişkin Bildirim (Faizsiz),Pay Dışında Sermaye Piyasası Aracı İşlemlerine İlişkin Bildirim (Faizsiz) TRDEMVK92661 ISIN Kodlu Kira Sertifikası İhracının Nitelikli Yatırımcıya Satışının Tamamlanması Hk. GARFL,https://www.kap.org.tr/tr/Bildirim/1577181,tr,2026-03-27T09:09:36+00:00
2026-03-27,ENERY,KAP,ENERYA ENERJİ A.Ş. - Payların Geri Alınmasına İlişkin Bildirim,Payların Geri Alınmasına İlişkin Bildirim 27.03.2026 Tarihli Pay Geri Alım İşlemleri,https://www.kap.org.tr/tr/Bildirim/1577722,tr,2026-03-27T18:30:34+00:00
2026-03-27,ENERY,KAP,ENERYA ENERJİ A.Ş. - Özel Durum Açıklaması (Genel),Özel Durum Açıklaması (Genel) Bağlı Ortaklık Lisans Genişlemesi Hk.,https://www.kap.org.tr/tr/Bildirim/1577382,tr,2026-03-27T14:16:27+00:00
2026-03-27,ENKAI,KAP,ENKA İNŞAAT VE SANAYİ A.Ş. - Bağımsız Denetim Kuruluşunun Belirlenmesi,Bağımsız Denetim Kuruluşunun Belirlenmesi Bağımsız Denetim Şirketi Seçimi,https://www.kap.org.tr/tr/Bildirim/1577634,tr,2026-03-27T17:50:46+00:00
2026-03-27,ENKAI,KAP,ENKA İNŞAAT VE SANAYİ A.Ş. - Kayıtlı Sermaye Tavanı İşlemlerine İlişkin Bildirim,Kayıtlı Sermaye Tavanı İşlemlerine İlişkin Bildirim Kayıtlı Sermaye Tavanı Geçerlilik Tarihi Güncelleme - Genel Kurul Onayı,https://www.kap.org.tr/tr/Bildirim/1577631,tr,2026-03-27T17:49:18+00:00
2026-03-27,ENKAI,KAP,ENKA İNŞAAT VE SANAYİ A.Ş. - Yönetim Kurulu Komiteleri,Yönetim Kurulu Komiteleri Yönetim Kurulu Komiteleri,https://www.kap.org.tr/tr/Bildirim/1577630,tr,2026-03-27T17:48:57+00:00
2026-03-27,ENKAI,KAP,ENKA İNŞAAT VE SANAYİ A.Ş. - Kar Payı Dağıtım İşlemlerine İlişkin Bildirim,Kar Payı Dağıtım İşlemlerine İlişkin Bildirim Kâr Payı Dağıtımı,https://www.kap.org.tr/tr/Bildirim/1577628,tr,2026-03-27T17:48:02+00:00
2026-03-27,ENKAI,KAP,ENKA İNŞAAT VE SANAYİ A.Ş. - Genel Kurul İşlemlerine İlişkin Bildirim,Genel Kurul İşlemlerine İlişkin Bildirim Olağan Genel Kurul Sonucu Bildirimi,https://www.kap.org.tr/tr/Bildirim/1577495,tr,2026-03-27T16:52:08+00:00
2026-03-27,ESCAR,KAP,ESCAR FİLO KİRALAMA HİZMETLERİ A.Ş. - Olağan Dışı Fiyat ve Miktar Hareketleri,Olağan Dışı Fiyat ve Miktar Hareketleri Olağandışı Fiyat ve Miktar Hareketleri Hk,https://www.kap.org.tr/tr/Bildirim/1577203,tr,2026-03-27T09:39:00+00:00
2026-03-27,ESCAR,KAP,ESCAR FİLO KİRALAMA HİZMETLERİ A.Ş. - Payların Geri Alınmasına İlişkin Bildirim,Payların Geri Alınmasına İlişkin Bildirim Pay Geri Alım Programının Sonlandırılması Hakkında,https://www.kap.org.tr/tr/Bildirim/1577192,tr,2026-03-27T09:23:34+00:00
2026-03-27,ESCAR,KAP,ESCAR FİLO KİRALAMA HİZMETLERİ A.Ş. - Özel Durum Açıklaması (Genel),Özel Durum Açıklaması (Genel) Pay Sahipleri Tarafından Pay Devrine İlişkin Ön Görüşmelere Başlanması,https://www.kap.org.tr/tr/Bildirim/1577191,tr,2026-03-27T09:22:56+00:00
2026-03-27,ETYAT,KAP,EURO TREND YATIRIM ORTAKLIĞI A.Ş. - Kar Payı Dağıtım İşlemlerine İlişkin Bildirim,Kar Payı Dağıtım İşlemlerine İlişkin Bildirim 2025 Yılı Kar Payı Dağıtımı Hk.,https://www.kap.org.tr/tr/Bildirim/1577263,tr,2026-03-27T10:49:45+00:00
2026-03-27,ETYAT,KAP,EURO TREND YATIRIM ORTAKLIĞI A.Ş. - Özel Durum Açıklaması (Genel),"Özel Durum Açıklaması (Genel) BİAŞ'da oluşan ağırlıklı ortalama fiyatın,pay başına net aktif değerin 2 katını aşması",https://www.kap.org.tr/tr/Bildirim/1577261,tr,2026-03-27T10:48:50+00:00
2026-03-27,ETYAT,KAP,EURO TREND YATIRIM ORTAKLIĞI A.Ş. - Genel Kurul İşlemlerine İlişkin Bildirim,Genel Kurul İşlemlerine İlişkin Bildirim 2025 Yılı Olağan Genel Kurul Toplantısı Hk.,https://www.kap.org.tr/tr/Bildirim/1577254,tr,2026-03-27T10:46:34+00:00
2026-03-27,EUKYO,KAP,EURO KAPİTAL YATIRIM ORTAKLIĞI A.Ş. - Kar Payı Dağıtım İşlemlerine İlişkin Bildirim,Kar Payı Dağıtım İşlemlerine İlişkin Bildirim 2025 Yılı Kar Payı Dağıtımı Hk.,https://www.kap.org.tr/tr/Bildirim/1577268,tr,2026-03-27T10:55:49+00:00
2026-03-27,EUKYO,KAP,EURO KAPİTAL YATIRIM ORTAKLIĞI A.Ş. - Özel Durum Açıklaması (Genel),"Özel Durum Açıklaması (Genel) BİAŞ'da oluşan ağırlıklı ortalama fiyatın,pay başına net aktif değerin 2 katını aşması",https://www.kap.org.tr/tr/Bildirim/1577265,tr,2026-03-27T10:53:07+00:00
2026-03-27,EUKYO,KAP,EURO KAPİTAL YATIRIM ORTAKLIĞI A.Ş. - Genel Kurul İşlemlerine İlişkin Bildirim,Genel Kurul İşlemlerine İlişkin Bildirim 2025 Yılı Olağan Genel Kurul Toplantısı Hk.,https://www.kap.org.tr/tr/Bildirim/1577264,tr,2026-03-27T10:52:33+00:00
2026-03-27,EUPWR,KAP,EUROPOWER ENERJİ VE OTOMASYON TEKNOLOJİLERİ SANAYİ TİCARET A.Ş. - İhale Süreci / Sonucu,İhale Süreci / Sonucu İhale Sonucu Hakkında,https://www.kap.org.tr/tr/Bildirim/1577186,tr,2026-03-27T09:19:29+00:00
2026-03-27,EUYO,KAP,EURO MENKUL KIYMET YATIRIM ORTAKLIĞI A.Ş. - Özel Durum Açıklaması (Genel),"Özel Durum Açıklaması (Genel) BİAŞ'da oluşan ağırlıklı ortalama fiyatın,pay başına net aktif değerin 2 katını aşması",https://www.kap.org.tr/tr/Bildirim/1577259,tr,2026-03-27T10:47:35+00:00
2026-03-27,EUYO,KAP,EURO MENKUL KIYMET YATIRIM ORTAKLIĞI A.Ş. - Kar Payı Dağıtım İşlemlerine İlişkin Bildirim,Kar Payı Dağıtım İşlemlerine İlişkin Bildirim 2025 Yılı Kar Payı Dağıtımı Hk.,https://www.kap.org.tr/tr/Bildirim/1577253,tr,2026-03-27T10:45:53+00:00
2026-03-27,EUYO,KAP,EURO MENKUL KIYMET YATIRIM ORTAKLIĞI A.Ş. - Genel Kurul İşlemlerine İlişkin Bildirim,Genel Kurul İşlemlerine İlişkin Bildirim 2025 Yılı Olağan Genel Kurul Toplantısı Hk.,https://www.kap.org.tr/tr/Bildirim/1577250,tr,2026-03-27T10:40:15+00:00
2026-03-27,FIN,KAP,QNB BANK A.Ş. - Pay Dışında Sermaye Piyasası Aracı İşlemlerine İlişkin Bildirim (Faiz İçeren),Pay Dışında Sermaye Piyasası Aracı İşlemlerine İlişkin Bildirim (Faiz İçeren) MTN programı kapsamında yurtdışında ihraç edilen borçlanma aracının ihracı,https://www.kap.org.tr/tr/Bildirim/1577260,tr,2026-03-27T10:47:58+00:00
2026-03-27,FIN,KAP,QNB BANK A.Ş. - Pay Dışında Sermaye Piyasası Aracı İşlemlerine İlişkin Bildirim (Faiz İçeren),Pay Dışında Sermaye Piyasası Aracı İşlemlerine İlişkin Bildirim (Faiz İçeren) Qnb Bank A.Ş Bono İtfasına İlişkin Kamuoyuna Duyuru,https://www.kap.org.tr/tr/Bildirim/1577257,tr,2026-03-27T10:46:46+00:00
2026-03-27,GATEG,KAP,GATE GROUP TEKNOLOJİ MEDYA VE SİBER GÜVENLİK HİZMETLERİ A.Ş. - Şirket Merkezi Değişikliği,Şirket Merkezi Değişikliği Şirket Merkez Adresi Değişikliği Hakkında,https://www.kap.org.tr/tr/Bildirim/1577809,tr,2026-03-27T20:55:55+00:00
2026-03-27,GEREL,KAP,GERSAN ELEKTRİK TİCARET VE SANAYİ A.Ş. - Özel Durum Açıklaması (Genel),Özel Durum Açıklaması (Genel) LEED Gold Sertifikasyonu Alımı Hakkında,https://www.kap.org.tr/tr/Bildirim/1577479,tr,2026-03-27T16:37:40+00:00
2026-03-27,GRNYO,KAP,GARANTİ YATIRIM ORTAKLIĞI A.Ş. - Genel Kurul İşlemlerine İlişkin Bildirim,Genel Kurul İşlemlerine İlişkin Bildirim Şirketimizin 27/04/2026 tarihinde yapılacak olan 2025 yılı Olağan Genel Kurul Toplantısı İlanı.,https://www.kap.org.tr/tr/Bildirim/1577338,tr,2026-03-27T13:33:21+00:00
2026-03-27,GRNYO,KAP,GARANTİ YATIRIM ORTAKLIĞI A.Ş. - Genel Kurul İşlemlerine İlişkin Bildirim,Genel Kurul İşlemlerine İlişkin Bildirim Genel Kurul Toplantı Sonucu,https://www.kap.org.tr/tr/Bildirim/1577297,tr,2026-03-27T11:50:32+00:00
2026-03-27,GRNYO,KAP,GARANTİ YATIRIM ORTAKLIĞI A.Ş. - Özel Durum Açıklaması (Genel),"Özel Durum Açıklaması (Genel) Paylarının BİAŞ'ta oluşan ağırlıklı ortalama fiyatının, pay başına net aktif değerinin 2 katını aşması hakkında.",https://www.kap.org.tr/tr/Bildirim/1577187,tr,2026-03-27T09:19:44+00:00
2026-03-27,GUNDG,KAP,GÜNDOĞDU GIDA SÜT ÜRÜNLERİ SANAYİ VE DIŞ TİCARET A.Ş. - Şirket Genel Bilgi Formu,Şirket Genel Bilgi Formu,https://www.kap.org.tr/tr/Bildirim/1577347,tr,2026-03-27T13:42:27+00:00
2026-03-27,GWIND,KAP,GALATA WIND ENERJİ A.Ş. - Payların Geri Alınmasına İlişkin Bildirim,Payların Geri Alınmasına İlişkin Bildirim Pay Geri Alım Programın başlatılması hk.,https://www.kap.org.tr/tr/Bildirim/1577821,tr,2026-03-27T21:24:29+00:00
2026-03-27,GZNMI,KAP,GEZİNOMİ SEYAHAT TURİZM TİCARET A.Ş. - Özel Durum Açıklaması (Genel),Özel Durum Açıklaması (Genel) Yatırımcı İlişkileri Yönetici Ataması,https://www.kap.org.tr/tr/Bildirim/1577736,tr,2026-03-27T18:59:53+00:00
2026-03-27,HALKB,KAP,TÜRKİYE HALK BANKASI A.Ş. - Pay Dışında Sermaye Piyasası Aracı İşlemlerine İlişkin Bildirim (Faiz İçeren),Pay Dışında Sermaye Piyasası Aracı İşlemlerine İlişkin Bildirim (Faiz İçeren) Yurtdışı Piyasalara İlave Ana Sermayeye Dahil Edilebilir Tahvil İhracının Tamamlanması,https://www.kap.org.tr/tr/Bildirim/1577680,tr,2026-03-27T18:13:56+00:00
2026-03-27,HATSN,KAP,HAT-SAN GEMİ İNŞAA BAKIM ONARIM DENİZ NAKLİYAT SANAYİ VE TİCARET A.Ş. - Yeni İş İlişkisi,Yeni İş İlişkisi YENİ İŞ İLİŞKİSİ HAKKINDA,https://www.kap.org.tr/tr/Bildirim/1577202,tr,2026-03-27T09:36:05+00:00
2026-03-27,HAYVK,KAP,HAYAT VARLIK KİRALAMA A.Ş. - Genel Kurul Bildirimi,Genel Kurul Bildirimi Olağan Genel Kurul Toplantı Tarihi ve Gündemi Hk. HFK,https://www.kap.org.tr/tr/Bildirim/1577274,tr,2026-03-27T11:01:49+00:00
2026-03-27,HDFYB,KAP,HEDEF YATIRIM BANKASI A.Ş. - Bağımsız Denetim Kuruluşunun Belirlenmesi,Bağımsız Denetim Kuruluşunun Belirlenmesi Bağımsız Denetim Kuruluşunun Belirlenmesi,https://www.kap.org.tr/tr/Bildirim/1577445,tr,2026-03-27T15:47:21+00:00
2026-03-27,HLVKS,KAP,HALK VARLIK KİRALAMA A.Ş. - Tertip İhraç Belgesi,Tertip İhraç Belgesi Emlak Konut GYO 6.Tertip İhraç Belgesi EKGYO,https://www.kap.org.tr/tr/Bildirim/1577570,tr,2026-03-27T17:32:26+00:00
2026-03-27,HRKET,KAP,HAREKET PROJE TAŞIMACILIĞI VE YÜK MÜHENDİSLİĞİ A.Ş. - Şirket Genel Bilgi Formu,Şirket Genel Bilgi Formu,https://www.kap.org.tr/tr/Bildirim/1577674,tr,2026-03-27T18:12:28+00:00
2026-03-27,HRKET,KAP,HAREKET PROJE TAŞIMACILIĞI VE YÜK MÜHENDİSLİĞİ A.Ş. - Özel Durum Açıklaması (Genel),Özel Durum Açıklaması (Genel) Üst Düzey Yöneticinin Görevden Ayrılması Hk.,https://www.kap.org.tr/tr/Bildirim/1577673,tr,2026-03-27T18:12:11+00:00
2026-03-27,HTTBT,KAP,HİTİT BİLGİSAYAR HİZMETLERİ A.Ş. - Kredi Derecelendirmesi,Kredi Derecelendirmesi Kredi Derecelendirmesi,https://www.kap.org.tr/tr/Bildirim/1577705,tr,2026-03-27T18:22:55+00:00
2026-03-27,HYB,KAP,HEDEF YATIRIM BANKASI A.Ş. - Bağımsız Denetim Kuruluşunun Belirlenmesi,Bağımsız Denetim Kuruluşunun Belirlenmesi Bağımsız Denetim Kuruluşunun Belirlenmesi,https://www.kap.org.tr/tr/Bildirim/1577445,tr,2026-03-27T15:47:21+00:00
2026-03-27,IAZ,KAP,INVEST-AZ YATIRIM MENKUL DEĞERLER A.Ş. - Şirket Genel Bilgi Formu,Şirket Genel Bilgi Formu,https://www.kap.org.tr/tr/Bildirim/1577727,tr,2026-03-27T18:32:55+00:00
2026-03-27,INFO,KAP,İNFO YATIRIM MENKUL DEĞERLER A.Ş. - Tasarruf Sahiplerine Satış Duyurusu,"Tasarruf Sahiplerine Satış Duyurusu Ağaoğlu Avrasya Gayrimenkul Yatırım Ortaklığı A.Ş. Tasarruf Sahiplerine Satış Duyurusu AAGYO, VKY",https://www.kap.org.tr/tr/Bildirim/1577777,tr,2026-03-27T19:37:01+00:00
2026-03-27,INFO,KAP,İNFO YATIRIM MENKUL DEĞERLER A.Ş. - Tasarruf Sahiplerine Satış Duyurusu,"Tasarruf Sahiplerine Satış Duyurusu Ağaoğlu Avrasya Gayrimenkul Yatırım Ortaklığı A.Ş. Tasarruf Sahiplerine Satış Duyurusu AAGYO, VKY",https://www.kap.org.tr/tr/Bildirim/1577768,tr,2026-03-27T19:28:57+00:00
2026-03-27,INFO,KAP,İNFO YATIRIM MENKUL DEĞERLER A.Ş. - İzahname (SPK Tarafından Onaylanan),"İzahname (SPK Tarafından Onaylanan) Ağaoğlu Avrasya Gayrimenkul Yatırım Ortaklığı A.Ş. İzahname Ekleri 6. Bölüm AAGYO, VKY",https://www.kap.org.tr/tr/Bildirim/1577767,tr,2026-03-27T19:28:19+00:00
2026-03-27,INFO,KAP,İNFO YATIRIM MENKUL DEĞERLER A.Ş. - İzahname (SPK Tarafından Onaylanan),"İzahname (SPK Tarafından Onaylanan) Ağaoğlu Avrasya Gayrimenkul Yatırım Ortaklığı A.Ş. İzahname Ekleri 5. Bölüm AAGYO, VKY",https://www.kap.org.tr/tr/Bildirim/1577766,tr,2026-03-27T19:28:04+00:00
2026-03-27,INFO,KAP,İNFO YATIRIM MENKUL DEĞERLER A.Ş. - İzahname (SPK Tarafından Onaylanan),"İzahname (SPK Tarafından Onaylanan) Ağaoğlu Avrasya Gayrimenkul Yatırım Ortaklığı A.Ş. İzahname Ekleri 4. Bölüm AAGYO, VKY",https://www.kap.org.tr/tr/Bildirim/1577765,tr,2026-03-27T19:27:29+00:00
2026-03-27,INFO,KAP,İNFO YATIRIM MENKUL DEĞERLER A.Ş. - İzahname (SPK Tarafından Onaylanan),"İzahname (SPK Tarafından Onaylanan) Ağaoğlu Avrasya Gayrimenkul Yatırım Ortaklığı A.Ş. İzahname Ekleri 3. Bölüm AAGYO, VKY",https://www.kap.org.tr/tr/Bildirim/1577764,tr,2026-03-27T19:27:11+00:00
2026-03-27,INFO,KAP,İNFO YATIRIM MENKUL DEĞERLER A.Ş. - İzahname (SPK Tarafından Onaylanan),"İzahname (SPK Tarafından Onaylanan) Ağaoğlu Avrasya Gayrimenkul Yatırım Ortaklığı A.Ş. İzahname Ekleri 2. Bölüm AAGYO, VKY",https://www.kap.org.tr/tr/Bildirim/1577763,tr,2026-03-27T19:26:50+00:00
2026-03-27,INFO,KAP,İNFO YATIRIM MENKUL DEĞERLER A.Ş. - İzahname (SPK Tarafından Onaylanan),"İzahname (SPK Tarafından Onaylanan) Ağaoğlu Avrasya Gayrimenkul Yatırım Ortaklığı A.Ş. İzahname Ekleri 1. Bölüm AAGYO, VKY",https://www.kap.org.tr/tr/Bildirim/1577762,tr,2026-03-27T19:26:31+00:00
2026-03-27,INFO,KAP,İNFO YATIRIM MENKUL DEĞERLER A.Ş. - İzahname (SPK Tarafından Onaylanan),"İzahname (SPK Tarafından Onaylanan) Ağaoğlu Avrasya Gayrimenkul Yatırım Ortaklığı A.Ş. İzahname 4. Bölüm AAGYO, VKY",https://www.kap.org.tr/tr/Bildirim/1577761,tr,2026-03-27T19:26:14+00:00
2026-03-27,INFO,KAP,İNFO YATIRIM MENKUL DEĞERLER A.Ş. - İzahname (SPK Tarafından Onaylanan),"İzahname (SPK Tarafından Onaylanan) Ağaoğlu Avrasya Gayrimenkul Yatırım Ortaklığı A.Ş. İzahname 3. Bölüm AAGYO, VKY",https://www.kap.org.tr/tr/Bildirim/1577760,tr,2026-03-27T19:25:59+00:00
2026-03-27,INFO,KAP,İNFO YATIRIM MENKUL DEĞERLER A.Ş. - İzahname (SPK Tarafından Onaylanan),"İzahname (SPK Tarafından Onaylanan) Ağaoğlu Avrasya Gayrimenkul Yatırım Ortaklığı A.Ş. İzahname 2. Bölüm AAGYO, VKY",https://www.kap.org.tr/tr/Bildirim/1577759,tr,2026-03-27T19:25:41+00:00
2026-03-27,INFO,KAP,İNFO YATIRIM MENKUL DEĞERLER A.Ş. - İzahname (SPK Tarafından Onaylanan),"İzahname (SPK Tarafından Onaylanan) Ağaoğlu Avrasya Gayrimenkul Yatırım Ortaklığı A.Ş. İzahname 1. Bölüm AAGYO, VKY",https://www.kap.org.tr/tr/Bildirim/1577758,tr,2026-03-27T19:25:07+00:00
2026-03-27,INFO,KAP,İNFO YATIRIM MENKUL DEĞERLER A.Ş. - Yatırım Kuruluşu Varant - Sertifika - Senetlerine İlişkin Bildirim,Yatırım Kuruluşu Varant - Sertifika - Senetlerine İlişkin Bildirim 26.03.2026 Vadeli Varantların İtfası,https://www.kap.org.tr/tr/Bildirim/1577617,tr,2026-03-27T17:44:07+00:00
2026-03-27,INTEK,KAP,İNNOSA TEKNOLOJİ A.Ş. - Özel Durum Açıklaması (Genel),Özel Durum Açıklaması (Genel) Bağlı Ortaklığımız Probel Yazılım ve Bilişim Sistemleri A.Ş. Tarafından Aksaray İl Sağlık Müdürlüğü Sağlık Bakanlığı Bakan Yardımcılıkları ile İmzalanan Sözleşme Hakkında,https://www.kap.org.tr/tr/Bildirim/1577682,tr,2026-03-27T18:15:35+00:00
2026-03-27,INTEM,KAP,İNTEMA İNŞAAT VE TESİSAT MALZEMELERİ YATIRIM VE PAZARLAMA A.Ş. - Kar Payı Dağıtım İşlemlerine İlişkin Bildirim,Kar Payı Dağıtım İşlemlerine İlişkin Bildirim 2025 Yılı Kar Payı Dağıtımına İlişkin Yönetim Kurulu Kararı,https://www.kap.org.tr/tr/Bildirim/1577780,tr,2026-03-27T19:42:54+00:00
2026-03-27,INTEM,KAP,İNTEMA İNŞAAT VE TESİSAT MALZEMELERİ YATIRIM VE PAZARLAMA A.Ş. - Bağımsız Denetim Kuruluşunun Belirlenmesi,Bağımsız Denetim Kuruluşunun Belirlenmesi Yönetim Kurulu'nun 2026 yılı için Bağımsız Denetim Kuruluşu önerisi,https://www.kap.org.tr/tr/Bildirim/1577779,tr,2026-03-27T19:39:59+00:00
2026-03-27,INVAZ,KAP,INVEST-AZ YATIRIM MENKUL DEĞERLER A.Ş. - Şirket Genel Bilgi Formu,Şirket Genel Bilgi Formu,https://www.kap.org.tr/tr/Bildirim/1577727,tr,2026-03-27T18:32:55+00:00
2026-03-27,ISMEN,KAP,İŞ YATIRIM MENKUL DEĞERLER A.Ş. - Piyasa Yapıcılığı Kapsamında Gerçekleştirilen İşlemler Bildirimi,Piyasa Yapıcılığı Kapsamında Gerçekleştirilen İşlemler Bildirimi Borsa Yatırım Fonu Piyasa Yapıcılığı İşlemleri ISGLK,https://www.kap.org.tr/tr/Bildirim/1577237,tr,2026-03-27T10:17:41+00:00
2026-03-27,ISMEN,KAP,İŞ YATIRIM MENKUL DEĞERLER A.Ş. - Yatırım Kuruluşu Varant - Sertifika - Senetlerine İlişkin Bildirim,Yatırım Kuruluşu Varant - Sertifika - Senetlerine İlişkin Bildirim İş Yatırım Sertifika ve Varant Alım Satım İşlemleri,https://www.kap.org.tr/tr/Bildirim/1577236,tr,2026-03-27T10:17:17+00:00
2026-03-27,ISMEN,KAP,İŞ YATIRIM MENKUL DEĞERLER A.Ş. - Yatırım Kuruluşu Varant - Sertifika - Senetlerine İlişkin Bildirim,Yatırım Kuruluşu Varant - Sertifika - Senetlerine İlişkin Bildirim İş Yatırım Aracı Kuruluş Varantlarının İtfa Bildirimi,https://www.kap.org.tr/tr/Bildirim/1577235,tr,2026-03-27T10:16:50+00:00
2026-03-27,IYF,KAP,İNFO YATIRIM MENKUL DEĞERLER A.Ş. - Tasarruf Sahiplerine Satış Duyurusu,"Tasarruf Sahiplerine Satış Duyurusu Ağaoğlu Avrasya Gayrimenkul Yatırım Ortaklığı A.Ş. Tasarruf Sahiplerine Satış Duyurusu AAGYO, VKY",https://www.kap.org.tr/tr/Bildirim/1577777,tr,2026-03-27T19:37:01+00:00
2026-03-27,IYF,KAP,İNFO YATIRIM MENKUL DEĞERLER A.Ş. - Tasarruf Sahiplerine Satış Duyurusu,"Tasarruf Sahiplerine Satış Duyurusu Ağaoğlu Avrasya Gayrimenkul Yatırım Ortaklığı A.Ş. Tasarruf Sahiplerine Satış Duyurusu AAGYO, VKY",https://www.kap.org.tr/tr/Bildirim/1577768,tr,2026-03-27T19:28:57+00:00
2026-03-27,IYF,KAP,İNFO YATIRIM MENKUL DEĞERLER A.Ş. - İzahname (SPK Tarafından Onaylanan),"İzahname (SPK Tarafından Onaylanan) Ağaoğlu Avrasya Gayrimenkul Yatırım Ortaklığı A.Ş. İzahname Ekleri 6. Bölüm AAGYO, VKY",https://www.kap.org.tr/tr/Bildirim/1577767,tr,2026-03-27T19:28:19+00:00
2026-03-27,IYF,KAP,İNFO YATIRIM MENKUL DEĞERLER A.Ş. - İzahname (SPK Tarafından Onaylanan),"İzahname (SPK Tarafından Onaylanan) Ağaoğlu Avrasya Gayrimenkul Yatırım Ortaklığı A.Ş. İzahname Ekleri 5. Bölüm AAGYO, VKY",https://www.kap.org.tr/tr/Bildirim/1577766,tr,2026-03-27T19:28:04+00:00
2026-03-27,IYF,KAP,İNFO YATIRIM MENKUL DEĞERLER A.Ş. - İzahname (SPK Tarafından Onaylanan),"İzahname (SPK Tarafından Onaylanan) Ağaoğlu Avrasya Gayrimenkul Yatırım Ortaklığı A.Ş. İzahname Ekleri 4. Bölüm AAGYO, VKY",https://www.kap.org.tr/tr/Bildirim/1577765,tr,2026-03-27T19:27:29+00:00
2026-03-27,IYF,KAP,İNFO YATIRIM MENKUL DEĞERLER A.Ş. - İzahname (SPK Tarafından Onaylanan),"İzahname (SPK Tarafından Onaylanan) Ağaoğlu Avrasya Gayrimenkul Yatırım Ortaklığı A.Ş. İzahname Ekleri 3. Bölüm AAGYO, VKY",https://www.kap.org.tr/tr/Bildirim/1577764,tr,2026-03-27T19:27:11+00:00
2026-03-27,IYF,KAP,İNFO YATIRIM MENKUL DEĞERLER A.Ş. - İzahname (SPK Tarafından Onaylanan),"İzahname (SPK Tarafından Onaylanan) Ağaoğlu Avrasya Gayrimenkul Yatırım Ortaklığı A.Ş. İzahname Ekleri 2. Bölüm AAGYO, VKY",https://www.kap.org.tr/tr/Bildirim/1577763,tr,2026-03-27T19:26:50+00:00
2026-03-27,IYF,KAP,İNFO YATIRIM MENKUL DEĞERLER A.Ş. - İzahname (SPK Tarafından Onaylanan),"İzahname (SPK Tarafından Onaylanan) Ağaoğlu Avrasya Gayrimenkul Yatırım Ortaklığı A.Ş. İzahname Ekleri 1. Bölüm AAGYO, VKY",https://www.kap.org.tr/tr/Bildirim/1577762,tr,2026-03-27T19:26:31+00:00
2026-03-27,IYF,KAP,İNFO YATIRIM MENKUL DEĞERLER A.Ş. - İzahname (SPK Tarafından Onaylanan),"İzahname (SPK Tarafından Onaylanan) Ağaoğlu Avrasya Gayrimenkul Yatırım Ortaklığı A.Ş. İzahname 4. Bölüm AAGYO, VKY",https://www.kap.org.tr/tr/Bildirim/1577761,tr,2026-03-27T19:26:14+00:00
2026-03-27,IYF,KAP,İNFO YATIRIM MENKUL DEĞERLER A.Ş. - İzahname (SPK Tarafından Onaylanan),"İzahname (SPK Tarafından Onaylanan) Ağaoğlu Avrasya Gayrimenkul Yatırım Ortaklığı A.Ş. İzahname 3. Bölüm AAGYO, VKY",https://www.kap.org.tr/tr/Bildirim/1577760,tr,2026-03-27T19:25:59+00:00
2026-03-27,IYF,KAP,İNFO YATIRIM MENKUL DEĞERLER A.Ş. - İzahname (SPK Tarafından Onaylanan),"İzahname (SPK Tarafından Onaylanan) Ağaoğlu Avrasya Gayrimenkul Yatırım Ortaklığı A.Ş. İzahname 2. Bölüm AAGYO, VKY",https://www.kap.org.tr/tr/Bildirim/1577759,tr,2026-03-27T19:25:41+00:00
2026-03-27,IYF,KAP,İNFO YATIRIM MENKUL DEĞERLER A.Ş. - İzahname (SPK Tarafından Onaylanan),"İzahname (SPK Tarafından Onaylanan) Ağaoğlu Avrasya Gayrimenkul Yatırım Ortaklığı A.Ş. İzahname 1. Bölüm AAGYO, VKY",https://www.kap.org.tr/tr/Bildirim/1577758,tr,2026-03-27T19:25:07+00:00
2026-03-27,IYF,KAP,İNFO YATIRIM MENKUL DEĞERLER A.Ş. - Yatırım Kuruluşu Varant - Sertifika - Senetlerine İlişkin Bildirim,Yatırım Kuruluşu Varant - Sertifika - Senetlerine İlişkin Bildirim 26.03.2026 Vadeli Varantların İtfası,https://www.kap.org.tr/tr/Bildirim/1577617,tr,2026-03-27T17:44:07+00:00
2026-03-27,IYM,KAP,İŞ YATIRIM MENKUL DEĞERLER A.Ş. - Piyasa Yapıcılığı Kapsamında Gerçekleştirilen İşlemler Bildirimi,Piyasa Yapıcılığı Kapsamında Gerçekleştirilen İşlemler Bildirimi Borsa Yatırım Fonu Piyasa Yapıcılığı İşlemleri ISGLK,https://www.kap.org.tr/tr/Bildirim/1577237,tr,2026-03-27T10:17:41+00:00
2026-03-27,IYM,KAP,İŞ YATIRIM MENKUL DEĞERLER A.Ş. - Yatırım Kuruluşu Varant - Sertifika - Senetlerine İlişkin Bildirim,Yatırım Kuruluşu Varant - Sertifika - Senetlerine İlişkin Bildirim İş Yatırım Sertifika ve Varant Alım Satım İşlemleri,https://www.kap.org.tr/tr/Bildirim/1577236,tr,2026-03-27T10:17:17+00:00
2026-03-27,IYM,KAP,İŞ YATIRIM MENKUL DEĞERLER A.Ş. - Yatırım Kuruluşu Varant - Sertifika - Senetlerine İlişkin Bildirim,Yatırım Kuruluşu Varant - Sertifika - Senetlerine İlişkin Bildirim İş Yatırım Aracı Kuruluş Varantlarının İtfa Bildirimi,https://www.kap.org.tr/tr/Bildirim/1577235,tr,2026-03-27T10:16:50+00:00
2026-03-27,IZENR,KAP,İZDEMİR ENERJİ ELEKTRİK ÜRETİM A.Ş. - Şirket Genel Bilgi Formu,Şirket Genel Bilgi Formu,https://www.kap.org.tr/tr/Bildirim/1577679,tr,2026-03-27T18:13:38+00:00
2026-03-27,IZFAS,KAP,İZMİR FIRÇA SANAYİ VE TİCARET A.Ş. - Genel Kurul İşlemlerine İlişkin Bildirim,Genel Kurul İşlemlerine İlişkin Bildirim 2025 YILI OLAĞAN GENEL KURUL HK,https://www.kap.org.tr/tr/Bildirim/1577324,tr,2026-03-27T12:59:03+00:00
2026-03-27,IZMDC,KAP,İZMİR DEMİR ÇELİK SANAYİ A.Ş. - Şirket Genel Bilgi Formu,Şirket Genel Bilgi Formu,https://www.kap.org.tr/tr/Bildirim/1577677,tr,2026-03-27T18:12:48+00:00
2026-03-27,KAPLM,KAP,KAPLAMİN AMBALAJ SANAYİ VE TİCARET A.Ş. - Bağımsız Denetim Kuruluşunun Belirlenmesi,Bağımsız Denetim Kuruluşunun Belirlenmesi Bağımsız Denetim Kuruluşunun Belirlenmesi,https://www.kap.org.tr/tr/Bildirim/1577209,tr,2026-03-27T09:48:06+00:00
2026-03-27,KCHOL,KAP,KOÇ HOLDİNG A.Ş. - Bağımsız Denetim Kuruluşunun Belirlenmesi,Bağımsız Denetim Kuruluşunun Belirlenmesi Bağımsız denetim kuruluşu seçiminin tescili ve TTSG'de ilanı,https://www.kap.org.tr/tr/Bildirim/1577704,tr,2026-03-27T18:22:14+00:00
2026-03-27,KCHOL,KAP,KOÇ HOLDİNG A.Ş. - Genel Kurul İşlemlerine İlişkin Bildirim,Genel Kurul İşlemlerine İlişkin Bildirim Olağan genel kurul kararlarının tescili,https://www.kap.org.tr/tr/Bildirim/1577703,tr,2026-03-27T18:21:57+00:00
2026-03-27,KERVN,KAP,KERVANSARAY YATIRIM HOLDİNG A.Ş. - Bağımsız Denetim Kuruluşunun Belirlenmesi,Bağımsız Denetim Kuruluşunun Belirlenmesi Bağımsız Denetim Kuruluşunun Belirlenmesi Hakkında.,https://www.kap.org.tr/tr/Bildirim/1577578,tr,2026-03-27T17:37:24+00:00
2026-03-27,KFILO,KAP,KAYATUR FİLO KİRALAMA A.Ş. - Pay Dışında Sermaye Piyasası Aracı İşlemlerine İlişkin Bildirim (Faiz İçeren),Pay Dışında Sermaye Piyasası Aracı İşlemlerine İlişkin Bildirim (Faiz İçeren) FİNANSMAN BONOSU İHRACI ISIN: TRFKYTRA2633,https://www.kap.org.tr/tr/Bildirim/1577337,tr,2026-03-27T13:28:05+00:00
2026-03-27,KFILO,KAP,KAYATUR FİLO KİRALAMA A.Ş. - Pay Dışında Sermaye Piyasası Aracı İşlemlerine İlişkin Bildirim (Faiz İçeren),Pay Dışında Sermaye Piyasası Aracı İşlemlerine İlişkin Bildirim (Faiz İçeren) FİNANSMAN BONOSU İHRACI ISIN: TRFKYTRA2633,https://www.kap.org.tr/tr/Bildirim/1577177,tr,2026-03-27T08:58:46+00:00
2026-03-27,KLSER,KAP,KALESERAMİK ÇANAKKALE KALEBODUR SERAMİK SANAYİ A.Ş. - Bağımsız Denetim Kuruluşunun Belirlenmesi,Bağımsız Denetim Kuruluşunun Belirlenmesi Bağımsız Denetim Kuruluşunun Belirlenmesi,https://www.kap.org.tr/tr/Bildirim/1577168,tr,2026-03-27T07:58:14+00:00
2026-03-27,KLSER,KAP,KALESERAMİK ÇANAKKALE KALEBODUR SERAMİK SANAYİ A.Ş. - Genel Kurul İşlemlerine İlişkin Bildirim,Genel Kurul İşlemlerine İlişkin Bildirim 2025 Yılı Olağan Genel Kurul Çağrısı,https://www.kap.org.tr/tr/Bildirim/1577167,tr,2026-03-27T07:57:58+00:00
2026-03-27,KLSER,KAP,KALESERAMİK ÇANAKKALE KALEBODUR SERAMİK SANAYİ A.Ş. - Kar Payı Dağıtım İşlemlerine İlişkin Bildirim,Kar Payı Dağıtım İşlemlerine İlişkin Bildirim Şirket Yönetim Kurulu'nun Kar Payı Dağıtım Teklifi,https://www.kap.org.tr/tr/Bildirim/1577166,tr,2026-03-27T07:57:47+00:00
2026-03-27,KLYPV,KAP,KALYON GÜNEŞ TEKNOLOJİLERİ ÜRETİM A.Ş. - Yeni İş İlişkisi,Yeni İş İlişkisi Yeni İş İlişkisi,https://www.kap.org.tr/tr/Bildirim/1577179,tr,2026-03-27T09:06:45+00:00
2026-03-27,KORTS,KAP,KORTEKS MENSUCAT SANAYİ VE TİCARET A.Ş. - Pay Dışında Sermaye Piyasası Aracı İşlemlerine İlişkin Bildirim (Faiz İçeren),Pay Dışında Sermaye Piyasası Aracı İşlemlerine İlişkin Bildirim (Faiz İçeren) TRSKORT52616 ISIN kodlu Korteks ihracının 12. kupon dönemine ilişkin faiz oranı açıklaması,https://www.kap.org.tr/tr/Bildirim/1577485,tr,2026-03-27T16:44:35+00:00
2026-03-27,KORTS,KAP,KORTEKS MENSUCAT SANAYİ VE TİCARET A.Ş. - Genel Kurul Bildirimi,Genel Kurul Bildirimi Olağanüstü Genel Kurul Toplantısı Bildirimi,https://www.kap.org.tr/tr/Bildirim/1577441,tr,2026-03-27T15:32:15+00:00
2026-03-27,KRPLS,KAP,KOROPLAST TEMİZLİK AMBALAJ ÜRÜNLERİ SANAYİ VE DIŞ TİCARET A.Ş. - Kurumsal Yönetim Bilgi Formu (Güncelleme) - Yönetim Kurulu-2,Kurumsal Yönetim Bilgi Formu (Güncelleme) - Yönetim Kurulu-2 Kurumsal Yönetim Bilgi Formu (Güncelleme),https://www.kap.org.tr/tr/Bildirim/1577694,tr,2026-03-27T18:20:35+00:00
2026-03-27,KRPLS,KAP,KOROPLAST TEMİZLİK AMBALAJ ÜRÜNLERİ SANAYİ VE DIŞ TİCARET A.Ş. - Yönetim Kurulu Komiteleri,Yönetim Kurulu Komiteleri Kurumsal Yönetim Komitesi hk.,https://www.kap.org.tr/tr/Bildirim/1577692,tr,2026-03-27T18:20:00+00:00
2026-03-27,KRPLS,KAP,KOROPLAST TEMİZLİK AMBALAJ ÜRÜNLERİ SANAYİ VE DIŞ TİCARET A.Ş. - Şirket Genel Bilgi Formu,Şirket Genel Bilgi Formu,https://www.kap.org.tr/tr/Bildirim/1577690,tr,2026-03-27T18:19:45+00:00
2026-03-27,KRPLS,KAP,KOROPLAST TEMİZLİK AMBALAJ ÜRÜNLERİ SANAYİ VE DIŞ TİCARET A.Ş. - Özel Durum Açıklaması (Genel),Özel Durum Açıklaması (Genel) Yönetim Kurulu Üyesi İstifası hk.,https://www.kap.org.tr/tr/Bildirim/1577687,tr,2026-03-27T18:19:14+00:00
2026-03-27,KTLEV,KAP,KATILIMEVİM TASARRUF FİNANSMAN A.Ş. - Esas Sözleşme,Esas Sözleşme Güncel Esas Sözleşme,https://www.kap.org.tr/tr/Bildirim/1577160,tr,2026-03-27T00:15:45+00:00
2026-03-27,KTSVK,KAP,KT SUKUK VARLIK KİRALAMA A.Ş. - Pay Dışında Sermaye Piyasası Aracı İşlemlerine İlişkin Bildirim (Faizsiz),Pay Dışında Sermaye Piyasası Aracı İşlemlerine İlişkin Bildirim (Faizsiz) TRDKTSK92610 ISIN Kodlu Yurtiçi Kira Sertifikası İhracının Nitelikli Yatırımcıya Satışının Tamamlanması Hk. LKMNH,https://www.kap.org.tr/tr/Bildirim/1577198,tr,2026-03-27T09:26:55+00:00
2026-03-27,LOGO,KAP,LOGO YAZILIM SANAYİ VE TİCARET A.Ş. - Kar Payı Dağıtım İşlemlerine İlişkin Bildirim,Kar Payı Dağıtım İşlemlerine İlişkin Bildirim Olağan Genel Kurul Kar Dağıtım Sonucu,https://www.kap.org.tr/tr/Bildirim/1577410,tr,2026-03-27T14:56:04+00:00
2026-03-27,LOGO,KAP,LOGO YAZILIM SANAYİ VE TİCARET A.Ş. - Genel Kurul İşlemlerine İlişkin Bildirim,Genel Kurul İşlemlerine İlişkin Bildirim 2025 Yılı Olağan Genel Kurul Toplantısı Sonucu,https://www.kap.org.tr/tr/Bildirim/1577392,tr,2026-03-27T14:29:21+00:00
2026-03-27,LYDHO,KAP,LYDİA HOLDİNG A.Ş. - Bağımsız Denetim Kuruluşunun Belirlenmesi,Bağımsız Denetim Kuruluşunun Belirlenmesi 2026 Yılı Bağımsız Denetim Şirketi Seçimi,https://www.kap.org.tr/tr/Bildirim/1577681,tr,2026-03-27T18:15:34+00:00
2026-03-27,LYDYE,KAP,LYDİA YEŞİL ENERJİ KAYNAKLARI A.Ş. - Bağımsız Denetim Kuruluşunun Belirlenmesi,Bağımsız Denetim Kuruluşunun Belirlenmesi 2026 Yılı Bağımsız Denetim Şirketi Seçimi,https://www.kap.org.tr/tr/Bildirim/1577684,tr,2026-03-27T18:16:37+00:00
2026-03-27,MAALT,KAP,MARMARİS ALTINYUNUS TURİSTİK TESİSLER A.Ş. - Bağımsız Denetim Kuruluşunun Belirlenmesi,Bağımsız Denetim Kuruluşunun Belirlenmesi Bağımsız Denetim Kuruluşu Seçiminin Tescili,https://www.kap.org.tr/tr/Bildirim/1577738,tr,2026-03-27T19:02:54+00:00
2026-03-27,MAALT,KAP,MARMARİS ALTINYUNUS TURİSTİK TESİSLER A.Ş. - Genel Kurul İşlemlerine İlişkin Bildirim,Genel Kurul İşlemlerine İlişkin Bildirim Olağan Genel Kurul Toplantısı Kararlarının Tescili,https://www.kap.org.tr/tr/Bildirim/1577737,tr,2026-03-27T19:02:16+00:00
2026-03-27,MARKA,KAP,MARKA YATIRIM HOLDİNG A.Ş. - Şirket Genel Bilgi Formu,Şirket Genel Bilgi Formu,https://www.kap.org.tr/tr/Bildirim/1577165,tr,2026-03-27T01:41:52+00:00
2026-03-27,MARKA,KAP,MARKA YATIRIM HOLDİNG A.Ş. - Şirket Genel Bilgi Formu,Şirket Genel Bilgi Formu,https://www.kap.org.tr/tr/Bildirim/1577164,tr,2026-03-27T01:35:01+00:00
2026-03-27,MARKA,KAP,MARKA YATIRIM HOLDİNG A.Ş. - Kurumsal Yönetim Bilgi Formu (Güncelleme) - Yönetim Kurulu-2,Kurumsal Yönetim Bilgi Formu (Güncelleme) - Yönetim Kurulu-2 Güncelleme,https://www.kap.org.tr/tr/Bildirim/1577163,tr,2026-03-27T00:53:41+00:00
2026-03-27,MARKA,KAP,MARKA YATIRIM HOLDİNG A.Ş. - Yönetim Kurulu Komiteleri,Yönetim Kurulu Komiteleri Yönetim Kurulu komiteleri hakkında,https://www.kap.org.tr/tr/Bildirim/1577162,tr,2026-03-27T00:30:28+00:00
2026-03-27,MARKA,KAP,MARKA YATIRIM HOLDİNG A.Ş. - Özel Durum Açıklaması (Genel),Özel Durum Açıklaması (Genel) Yönetim Kurulu Görev Dağılımı ve Temsil Yetkisi Hakkında,https://www.kap.org.tr/tr/Bildirim/1577161,tr,2026-03-27T00:30:19+00:00
2026-03-27,MAVI,KAP,MAVİ GİYİM SANAYİ VE TİCARET A.Ş. - Payların Geri Alınmasına İlişkin Bildirim,Payların Geri Alınmasına İlişkin Bildirim 27.03.2026 Tarihli Pay Geri Alım İşlemleri,https://www.kap.org.tr/tr/Bildirim/1577792,tr,2026-03-27T20:10:55+00:00
2026-03-27,MDASM,KAP,MİDAS MENKUL DEĞERLER A.Ş. - TSRS Uyumlu Sürdürülebilirlik Raporu,TSRS Uyumlu Sürdürülebilirlik Raporu 2025 YILI TSRS UYUMLU SÜRDÜRÜLEBİLİRLİK RAPORU,https://www.kap.org.tr/tr/Bildirim/1577616,tr,2026-03-27T17:44:00+00:00
2026-03-27,MDS,KAP,MİDAS MENKUL DEĞERLER A.Ş. - TSRS Uyumlu Sürdürülebilirlik Raporu,TSRS Uyumlu Sürdürülebilirlik Raporu 2025 YILI TSRS UYUMLU SÜRDÜRÜLEBİLİRLİK RAPORU,https://www.kap.org.tr/tr/Bildirim/1577616,tr,2026-03-27T17:44:00+00:00
2026-03-27,MEYSU,KAP,MEYSU GIDA SANAYİ VE TİCARET A.Ş. - Halka Arz Fiyatının Belirlenmesinde Esas Alınan Varsayımlara İlişkin Değerlendirme Raporu,Halka Arz Fiyatının Belirlenmesinde Esas Alınan Varsayımlara İlişkin Değerlendirme Raporu Halka Arz Fiyatının Belirlenmesinde Esas Alınan Varsayımlara İlişkin Değerlendirme Raporu 2025,https://www.kap.org.tr/tr/Bildirim/1577448,tr,2026-03-27T15:49:47+00:00
2026-03-27,MNGFA,KAP,MNG FAKTORİNG A.Ş. - Genel Kurul Bildirimi,Genel Kurul Bildirimi 26.03.2026 tarihinde yapılan Olağan Genel Kurul Toplantısı,https://www.kap.org.tr/tr/Bildirim/1577404,tr,2026-03-27T14:50:45+00:00
2026-03-27,MNGFA,KAP,MNG FAKTORİNG A.Ş. - Pay Dışında Sermaye Piyasası Aracı İşlemlerine İlişkin Bildirim (Faiz İçeren),Pay Dışında Sermaye Piyasası Aracı İşlemlerine İlişkin Bildirim (Faiz İçeren) TRFMNGF72611 ISIN Kodlu Borçlanma Aracı Kupon Ödemesi,https://www.kap.org.tr/tr/Bildirim/1577269,tr,2026-03-27T10:56:41+00:00
2026-03-27,MRBAS,KAP,MARBAŞ MENKUL DEĞERLER A.Ş. - Likidite Sağlayıcılık Kapsamındaki İşlemler,Likidite Sağlayıcılık Kapsamındaki İşlemler ÖZSU BALIK ÜRETİM A.Ş. (OZSUB) Paylarında Likidite Sağlayıcılık Kapsamında Gerçekleştirilen İşlemler OZSUB,https://www.kap.org.tr/tr/Bildirim/1577238,tr,2026-03-27T10:18:23+00:00
2026-03-27,MRS,KAP,MARBAŞ MENKUL DEĞERLER A.Ş. - Likidite Sağlayıcılık Kapsamındaki İşlemler,Likidite Sağlayıcılık Kapsamındaki İşlemler ÖZSU BALIK ÜRETİM A.Ş. (OZSUB) Paylarında Likidite Sağlayıcılık Kapsamında Gerçekleştirilen İşlemler OZSUB,https://www.kap.org.tr/tr/Bildirim/1577238,tr,2026-03-27T10:18:23+00:00
2026-03-27,NRBNK,KAP,NUROL YATIRIM BANKASI A.Ş. - İhraç Belgesi,İhraç Belgesi Borçlanma Aracı İhraç Belgesi Onayı,https://www.kap.org.tr/tr/Bildirim/1577529,tr,2026-03-27T17:05:36+00:00
2026-03-27,NRBNK,KAP,NUROL YATIRIM BANKASI A.Ş. - İhraç Tavanına İlişkin Bildirim,İhraç Tavanına İlişkin Bildirim Borçlanma Aracı İhraç Belgesi Onayı,https://www.kap.org.tr/tr/Bildirim/1577528,tr,2026-03-27T17:05:29+00:00
2026-03-27,NRBNK,KAP,NUROL YATIRIM BANKASI A.Ş. - Bağımsız Denetim Kuruluşunun Belirlenmesi,Bağımsız Denetim Kuruluşunun Belirlenmesi Bağımsız Denetim Kuruluşunun Belirlenmesi,https://www.kap.org.tr/tr/Bildirim/1577527,tr,2026-03-27T17:05:21+00:00
2026-03-27,NRBNK,KAP,NUROL YATIRIM BANKASI A.Ş. - Kar Payı Bildirimi,Kar Payı Bildirimi Kar Payı Bildirimi,https://www.kap.org.tr/tr/Bildirim/1577526,tr,2026-03-27T17:05:14+00:00
2026-03-27,NRBNK,KAP,NUROL YATIRIM BANKASI A.Ş. - Genel Kurul Bildirimi,Genel Kurul Bildirimi 2025 Yılı Olağan Genel Kurul Toplantısı Sonuçları,https://www.kap.org.tr/tr/Bildirim/1577524,tr,2026-03-27T17:05:05+00:00
2026-03-27,NTHOL,KAP,NET HOLDİNG A.Ş. - Pay Alım Satım Bildirimi,Pay Alım Satım Bildirimi Şirketimizin MERİT paylarının alışı hk. MERIT,https://www.kap.org.tr/tr/Bildirim/1577718,tr,2026-03-27T18:29:53+00:00
2026-03-27,NTHOL,KAP,NET HOLDİNG A.Ş. - Payların Geri Alınmasına İlişkin Bildirim,Payların Geri Alınmasına İlişkin Bildirim Şirketimizin kendi paylarının geri alımı hakkında,https://www.kap.org.tr/tr/Bildirim/1577713,tr,2026-03-27T18:29:28+00:00
2026-03-27,NYB,KAP,NUROL YATIRIM BANKASI A.Ş. - İhraç Belgesi,İhraç Belgesi Borçlanma Aracı İhraç Belgesi Onayı,https://www.kap.org.tr/tr/Bildirim/1577529,tr,2026-03-27T17:05:36+00:00
2026-03-27,NYB,KAP,NUROL YATIRIM BANKASI A.Ş. - İhraç Tavanına İlişkin Bildirim,İhraç Tavanına İlişkin Bildirim Borçlanma Aracı İhraç Belgesi Onayı,https://www.kap.org.tr/tr/Bildirim/1577528,tr,2026-03-27T17:05:29+00:00
2026-03-27,NYB,KAP,NUROL YATIRIM BANKASI A.Ş. - Bağımsız Denetim Kuruluşunun Belirlenmesi,Bağımsız Denetim Kuruluşunun Belirlenmesi Bağımsız Denetim Kuruluşunun Belirlenmesi,https://www.kap.org.tr/tr/Bildirim/1577527,tr,2026-03-27T17:05:21+00:00
2026-03-27,NYB,KAP,NUROL YATIRIM BANKASI A.Ş. - Kar Payı Bildirimi,Kar Payı Bildirimi Kar Payı Bildirimi,https://www.kap.org.tr/tr/Bildirim/1577526,tr,2026-03-27T17:05:14+00:00
2026-03-27,NYB,KAP,NUROL YATIRIM BANKASI A.Ş. - Genel Kurul Bildirimi,Genel Kurul Bildirimi 2025 Yılı Olağan Genel Kurul Toplantısı Sonuçları,https://www.kap.org.tr/tr/Bildirim/1577524,tr,2026-03-27T17:05:05+00:00
2026-03-27,ONCSM,KAP,ONCOSEM ONKOLOJİK SİSTEMLER SANAYİ VE TİCARET A.Ş. - Katılım Finansı İlkeleri Bilgi Formu,Katılım Finansı İlkeleri Bilgi Formu,https://www.kap.org.tr/tr/Bildirim/1577672,tr,2026-03-27T18:11:55+00:00
2026-03-27,ONCSM,KAP,ONCOSEM ONKOLOJİK SİSTEMLER SANAYİ VE TİCARET A.Ş. - İhale Süreci / Sonucu,İhale Süreci / Sonucu İhale Katılımı Ve sonucu Hk.,https://www.kap.org.tr/tr/Bildirim/1577346,tr,2026-03-27T13:41:32+00:00
2026-03-27,ORFIN,KAP,ORFİN FİNANSMAN A.Ş. - Pay Dışında Sermaye Piyasası Aracı İşlemlerine İlişkin Bildirim (Faiz İçeren),Pay Dışında Sermaye Piyasası Aracı İşlemlerine İlişkin Bildirim (Faiz İçeren) TRSORFN72617 KUPON ÖDEMESİ,https://www.kap.org.tr/tr/Bildirim/1577214,tr,2026-03-27T09:57:06+00:00
2026-03-27,OYA,KAP,OYAK YATIRIM MENKUL DEĞERLER A.Ş. - Piyasa Yapıcılığı Kapsamında Gerçekleştirilen İşlemler Bildirimi,Piyasa Yapıcılığı Kapsamında Gerçekleştirilen İşlemler Bildirimi 27/03/2026 TARİHLİ OYAYO PİYASA YAPICILIĞI İŞLEMLERİ OYAYO,https://www.kap.org.tr/tr/Bildirim/1577721,tr,2026-03-27T18:30:21+00:00
2026-03-27,OYA,KAP,OYAK YATIRIM MENKUL DEĞERLER A.Ş. - Kar Payı Dağıtım İşlemlerine İlişkin Bildirim,Kar Payı Dağıtım İşlemlerine İlişkin Bildirim Kâr Payı Dağıtımına İlişkin Yönetim Kurulu Kararı,https://www.kap.org.tr/tr/Bildirim/1577706,tr,2026-03-27T18:23:41+00:00
2026-03-27,OYAYO,KAP,OYAK YATIRIM ORTAKLIĞI A.Ş. - Özel Durum Açıklaması (Genel),"Özel Durum Açıklaması (Genel) Ortaklık paylarının BİAŞ'ta oluşan ağırlıklı ortalama fiyatının, pay başına net aktif değerinin 2 katını aşması hakkında",https://www.kap.org.tr/tr/Bildirim/1577256,tr,2026-03-27T10:46:46+00:00
2026-03-27,OYYAT,KAP,OYAK YATIRIM MENKUL DEĞERLER A.Ş. - Piyasa Yapıcılığı Kapsamında Gerçekleştirilen İşlemler Bildirimi,Piyasa Yapıcılığı Kapsamında Gerçekleştirilen İşlemler Bildirimi 27/03/2026 TARİHLİ OYAYO PİYASA YAPICILIĞI İŞLEMLERİ OYAYO,https://www.kap.org.tr/tr/Bildirim/1577721,tr,2026-03-27T18:30:21+00:00
2026-03-27,OYYAT,KAP,OYAK YATIRIM MENKUL DEĞERLER A.Ş. - Kar Payı Dağıtım İşlemlerine İlişkin Bildirim,Kar Payı Dağıtım İşlemlerine İlişkin Bildirim Kâr Payı Dağıtımına İlişkin Yönetim Kurulu Kararı,https://www.kap.org.tr/tr/Bildirim/1577706,tr,2026-03-27T18:23:41+00:00
2026-03-27,OZKGY,KAP,ÖZAK GAYRİMENKUL YATIRIM ORTAKLIĞI A.Ş. - Katılım Finansı İlkeleri Bilgi Formu,Katılım Finansı İlkeleri Bilgi Formu,https://www.kap.org.tr/tr/Bildirim/1577661,tr,2026-03-27T18:10:07+00:00
2026-03-27,PEKGY,KAP,PEKER GAYRİMENKUL YATIRIM ORTAKLIĞI A.Ş. - Özel Durum Açıklaması (Genel),Özel Durum Açıklaması (Genel) Bağımsız Yönetim Kurulu Üye Adaylarının Belirlenmesi ve SPK?ya Başvuru Yapılması,https://www.kap.org.tr/tr/Bildirim/1577685,tr,2026-03-27T18:17:01+00:00
2026-03-27,PETUN,KAP,PINAR ENTEGRE ET VE UN SANAYİİ A.Ş. - Bağımsız Denetim Kuruluşunun Belirlenmesi,Bağımsız Denetim Kuruluşunun Belirlenmesi Bağımsız Denetim Kuruluşunun Belirlenmesi,https://www.kap.org.tr/tr/Bildirim/1577724,tr,2026-03-27T18:31:24+00:00
2026-03-27,PETUN,KAP,PINAR ENTEGRE ET VE UN SANAYİİ A.Ş. - Pay Dışında Sermaye Piyasası Aracı İşlemlerine İlişkin Bildirim (Faiz İçeren),Pay Dışında Sermaye Piyasası Aracı İşlemlerine İlişkin Bildirim (Faiz İçeren) TRFPTUN62617 ISIN Kodlu Finansman Bonosu 3. Kupon Dönemine İlişkin Faiz Oranı Hakkında,https://www.kap.org.tr/tr/Bildirim/1577497,tr,2026-03-27T16:52:40+00:00
2026-03-27,PINSU,KAP,PINAR SU VE İÇECEK SANAYİ VE TİCARET A.Ş. - Bağımsız Denetim Kuruluşunun Belirlenmesi,Bağımsız Denetim Kuruluşunun Belirlenmesi Bağımsız Denetim Kuruluşunun Belirlenmesi,https://www.kap.org.tr/tr/Bildirim/1577615,tr,2026-03-27T17:43:39+00:00
2026-03-27,PKART,KAP,PLASTİKKART AKILLI KART İLETİŞİM SİSTEMLERİ SANAYİ VE TİCARET A.Ş. - İlişkili Taraf İşlemleri,İlişkili Taraf İşlemleri Yaygın ve Süreklilik Arz Eden İlişkili Taraf İşlemlerine İlişkin Rapor'un Sonuç Bölümü,https://www.kap.org.tr/tr/Bildirim/1577440,tr,2026-03-27T15:31:30+00:00
2026-03-27,PKENT,KAP,PETROKENT TURİZM A.Ş. - Esas Sözleşme,Esas Sözleşme Esas Sözleşme Hk.,https://www.kap.org.tr/tr/Bildirim/1577304,tr,2026-03-27T12:05:30+00:00
2026-03-27,PKENT,KAP,PETROKENT TURİZM A.Ş. - Bağımsız Denetim Kuruluşunun Belirlenmesi,Bağımsız Denetim Kuruluşunun Belirlenmesi Bağımsız Denetim Kuruluşunun Belirlenmesi Hk.,https://www.kap.org.tr/tr/Bildirim/1577288,tr,2026-03-27T11:36:39+00:00
2026-03-27,PKENT,KAP,PETROKENT TURİZM A.Ş. - Kayıtlı Sermaye Tavanı İşlemlerine İlişkin Bildirim,Kayıtlı Sermaye Tavanı İşlemlerine İlişkin Bildirim Kayıtlı Sermaye Tavanı İşlemleri Tescili Hk.,https://www.kap.org.tr/tr/Bildirim/1577287,tr,2026-03-27T11:36:13+00:00
2026-03-27,PKENT,KAP,PETROKENT TURİZM A.Ş. - Genel Kurul İşlemlerine İlişkin Bildirim,Genel Kurul İşlemlerine İlişkin Bildirim 2025 Yılı Olağan Genel Kurul Tescil Hk.,https://www.kap.org.tr/tr/Bildirim/1577284,tr,2026-03-27T11:27:25+00:00
2026-03-27,PNSUT,KAP,PINAR SÜT MAMÜLLERİ SANAYİİ A.Ş. - Bağımsız Denetim Kuruluşunun Belirlenmesi,Bağımsız Denetim Kuruluşunun Belirlenmesi Bağımsız Denetim Kuruluşunun Belirlenmesi,https://www.kap.org.tr/tr/Bildirim/1577594,tr,2026-03-27T17:40:45+00:00
2026-03-27,QNBFK,KAP,QNB FİNANSAL KİRALAMA A.Ş. - Kar Payı Dağıtım İşlemlerine İlişkin Bildirim,Kar Payı Dağıtım İşlemlerine İlişkin Bildirim 2025 yılı Kar Payı Dağıtımına İlişkin Genel Kurul Kararı,https://www.kap.org.tr/tr/Bildirim/1577405,tr,2026-03-27T14:51:28+00:00
2026-03-27,QNBFK,KAP,QNB FİNANSAL KİRALAMA A.Ş. - Genel Kurul İşlemlerine İlişkin Bildirim,Genel Kurul İşlemlerine İlişkin Bildirim 2025 Yılı Olağan Genel Kurul Toplantısı Sonucu,https://www.kap.org.tr/tr/Bildirim/1577369,tr,2026-03-27T14:02:46+00:00
2026-03-27,QNBTR,KAP,QNB BANK A.Ş. - Pay Dışında Sermaye Piyasası Aracı İşlemlerine İlişkin Bildirim (Faiz İçeren),Pay Dışında Sermaye Piyasası Aracı İşlemlerine İlişkin Bildirim (Faiz İçeren) MTN programı kapsamında yurtdışında ihraç edilen borçlanma aracının ihracı,https://www.kap.org.tr/tr/Bildirim/1577260,tr,2026-03-27T10:47:58+00:00
2026-03-27,QNBTR,KAP,QNB BANK A.Ş. - Pay Dışında Sermaye Piyasası Aracı İşlemlerine İlişkin Bildirim (Faiz İçeren),Pay Dışında Sermaye Piyasası Aracı İşlemlerine İlişkin Bildirim (Faiz İçeren) Qnb Bank A.Ş Bono İtfasına İlişkin Kamuoyuna Duyuru,https://www.kap.org.tr/tr/Bildirim/1577257,tr,2026-03-27T10:46:46+00:00
2026-03-27,SELEC,KAP,SELÇUK ECZA DEPOSU TİCARET VE SANAYİ A.Ş. - Özel Durum Açıklaması (Genel),Özel Durum Açıklaması (Genel) Sürdürülebilirlik Raporunun Sınırlı Güvence Denetimine İlişkin Bağımsız Denetim Kuruluşu Seçiminin Olağan Genel Kurulca Onaylanması,https://www.kap.org.tr/tr/Bildirim/1577468,tr,2026-03-27T16:09:59+00:00
2026-03-27,SELEC,KAP,SELÇUK ECZA DEPOSU TİCARET VE SANAYİ A.Ş. - Bağımsız Denetim Kuruluşunun Belirlenmesi,Bağımsız Denetim Kuruluşunun Belirlenmesi Bağımsız Denetim Kuruluşu Seçiminin Olağan Genel Kurulca Onaylanması,https://www.kap.org.tr/tr/Bildirim/1577430,tr,2026-03-27T15:25:13+00:00
2026-03-27,SELEC,KAP,SELÇUK ECZA DEPOSU TİCARET VE SANAYİ A.Ş. - Kar Payı Dağıtım İşlemlerine İlişkin Bildirim,Kar Payı Dağıtım İşlemlerine İlişkin Bildirim Kar Payı Dağıtımına İlişkin Olağan Genel Kurul Sonucu,https://www.kap.org.tr/tr/Bildirim/1577412,tr,2026-03-27T14:58:15+00:00
2026-03-27,SELEC,KAP,SELÇUK ECZA DEPOSU TİCARET VE SANAYİ A.Ş. - Genel Kurul İşlemlerine İlişkin Bildirim,Genel Kurul İşlemlerine İlişkin Bildirim Olağan Genel Kurul Sonuç Bildirimi,https://www.kap.org.tr/tr/Bildirim/1577397,tr,2026-03-27T14:38:24+00:00
2026-03-27,SISE,KAP,TÜRKİYE ŞİŞE VE CAM FABRİKALARI A.Ş. - Bağımsız Denetim Kuruluşunun Belirlenmesi,Bağımsız Denetim Kuruluşunun Belirlenmesi Bağımsız Denetim Kuruluşunun Seçimi Hk.,https://www.kap.org.tr/tr/Bildirim/1577710,tr,2026-03-27T18:27:56+00:00
2026-03-27,SISE,KAP,TÜRKİYE ŞİŞE VE CAM FABRİKALARI A.Ş. - Yönetim Kurulu Komiteleri,Yönetim Kurulu Komiteleri Yönetim Kurulu Komiteleri Görev Dağılımı,https://www.kap.org.tr/tr/Bildirim/1577709,tr,2026-03-27T18:25:14+00:00
2026-03-27,SISE,KAP,TÜRKİYE ŞİŞE VE CAM FABRİKALARI A.Ş. - Özel Durum Açıklaması (Genel),Özel Durum Açıklaması (Genel) Yönetim Kurulu Görev Dağılımı,https://www.kap.org.tr/tr/Bildirim/1577708,tr,2026-03-27T18:24:53+00:00
2026-03-27,SISE,KAP,TÜRKİYE ŞİŞE VE CAM FABRİKALARI A.Ş. - Kar Payı Dağıtım İşlemlerine İlişkin Bildirim,Kar Payı Dağıtım İşlemlerine İlişkin Bildirim Kar Payı Dağıtım İşlemlerine İlişkin Bildirim,https://www.kap.org.tr/tr/Bildirim/1577707,tr,2026-03-27T18:23:46+00:00
2026-03-27,SISE,KAP,TÜRKİYE ŞİŞE VE CAM FABRİKALARI A.Ş. - Genel Kurul İşlemlerine İlişkin Bildirim,Genel Kurul İşlemlerine İlişkin Bildirim 2025 Yılı Olağan Genel Kurul Toplantı Sonucu,https://www.kap.org.tr/tr/Bildirim/1577683,tr,2026-03-27T18:16:25+00:00
2026-03-27,SMRFA,KAP,SÜMER FAKTORİNG A.Ş. - Pay Dışında Sermaye Piyasası Aracı İşlemlerine İlişkin Bildirim (Faiz İçeren),Pay Dışında Sermaye Piyasası Aracı İşlemlerine İlişkin Bildirim (Faiz İçeren) TRFSUMF92619 ISIN Kodlu Finansman Bonosunun 2.Kuponuna İlişkin Faiz Oranlarının Bildirimi,https://www.kap.org.tr/tr/Bildirim/1577531,tr,2026-03-27T17:06:12+00:00
2026-03-27,SMRTG,KAP,SMART GÜNEŞ ENERJİSİ TEKNOLOJİLERİ ARAŞTIRMA GELİŞTİRME ÜRETİM SANAYİ VE TİCARET A.Ş. - Kredi Derecelendirmesi,Kredi Derecelendirmesi Kredi Derecelendirme,https://www.kap.org.tr/tr/Bildirim/1577815,tr,2026-03-27T21:07:33+00:00
2026-03-27,SUWEN,KAP,SUWEN TEKSTİL SANAYİ PAZARLAMA A.Ş. - Yönetim Kurulu Komiteleri,Yönetim Kurulu Komiteleri Yönetim Kurulu Komite Üyeliklerinin Belirlenmesi,https://www.kap.org.tr/tr/Bildirim/1577522,tr,2026-03-27T17:03:56+00:00
2026-03-27,TAMFA,KAP,TAM FİNANS FAKTORİNG A.Ş. - Pay Dışında Sermaye Piyasası Aracı İşlemlerine İlişkin Bildirim (Faiz İçeren),Pay Dışında Sermaye Piyasası Aracı İşlemlerine İlişkin Bildirim (Faiz İçeren) 27.03.2026 Vadeli Borçlanma Aracının İtfası ve Kupon Ödemesi,https://www.kap.org.tr/tr/Bildirim/1577308,tr,2026-03-27T12:23:58+00:00
2026-03-27,TATEN,KAP,TATLIPINAR ENERJİ ÜRETİM A.Ş. - Bağımsız Denetim Kuruluşunun Belirlenmesi,Bağımsız Denetim Kuruluşunun Belirlenmesi Bağımsız Denetim Kuruluşunun Belirlenmesi Hk.,https://www.kap.org.tr/tr/Bildirim/1577565,tr,2026-03-27T17:30:37+00:00
2026-03-27,TAVHL,KAP,TAV HAVALİMANLARI HOLDİNG A.Ş. - Kayıtlı Sermaye Tavanı İşlemlerine İlişkin Bildirim,Kayıtlı Sermaye Tavanı İşlemlerine İlişkin Bildirim Kayıtlı sermaye geçerlilik süresinin uzatılmasına ilişkin Esas Sözleşme değişikliğine ilişkin Genel Kurul onayı,https://www.kap.org.tr/tr/Bildirim/1577400,tr,2026-03-27T14:40:55+00:00
2026-03-27,TAVHL,KAP,TAV HAVALİMANLARI HOLDİNG A.Ş. - Kar Payı Dağıtım İşlemlerine İlişkin Bildirim,Kar Payı Dağıtım İşlemlerine İlişkin Bildirim Kar Payı Dağıtım İşlemlerine İlişkin Bildirim,https://www.kap.org.tr/tr/Bildirim/1577389,tr,2026-03-27T14:27:10+00:00
2026-03-27,TAVHL,KAP,TAV HAVALİMANLARI HOLDİNG A.Ş. - Genel Kurul İşlemlerine İlişkin Bildirim,Genel Kurul İşlemlerine İlişkin Bildirim 2025 Olağan Genel Kurul Toplantı Sonucu,https://www.kap.org.tr/tr/Bildirim/1577376,tr,2026-03-27T14:10:36+00:00
2026-03-27,TCELL,KAP,TURKCELL İLETİŞİM HİZMETLERİ A.Ş. - Pay Dışında Sermaye Piyasası Aracı İşlemlerine İlişkin Bildirim (Faiz İçeren),Pay Dışında Sermaye Piyasası Aracı İşlemlerine İlişkin Bildirim (Faiz İçeren) Finansman Bonosu İhracı,https://www.kap.org.tr/tr/Bildirim/1577190,tr,2026-03-27T09:22:50+00:00
2026-03-27,TERA,KAP,TERA YATIRIM MENKUL DEĞERLER A.Ş. - Toptan Alış Satış İşlemi Bildirimi,Toptan Alış Satış İşlemi Bildirimi ISKPL Toptan Alış Satış İşlem Bildirimi ISKPL,https://www.kap.org.tr/tr/Bildirim/1577754,tr,2026-03-27T19:22:47+00:00
2026-03-27,TERA,KAP,TERA YATIRIM MENKUL DEĞERLER A.Ş. - Pay Alım Teklifi Yoluyla Pay Toplanmasına İlişkin Bildirim,Pay Alım Teklifi Yoluyla Pay Toplanmasına İlişkin Bildirim Kuzugrup Gayrimenkul Yatırım Ortaklığı A.Ş.Pay Sahiplerine Zorunlu Pay Alım Teklifi Hk. KZGYO,https://www.kap.org.tr/tr/Bildirim/1577743,tr,2026-03-27T19:11:46+00:00
2026-03-27,TERA,KAP,TERA YATIRIM MENKUL DEĞERLER A.Ş. - Toptan Alış Satış İşlemi Bildirimi,Toptan Alış Satış İşlemi Bildirimi ISKPL Toptan Alış Satış İşlem Bildirimi ISKPL,https://www.kap.org.tr/tr/Bildirim/1577657,tr,2026-03-27T18:07:25+00:00
2026-03-27,THL,KAP,TÜRKİYE HALK BANKASI A.Ş. - Pay Dışında Sermaye Piyasası Aracı İşlemlerine İlişkin Bildirim (Faiz İçeren),Pay Dışında Sermaye Piyasası Aracı İşlemlerine İlişkin Bildirim (Faiz İçeren) Yurtdışı Piyasalara İlave Ana Sermayeye Dahil Edilebilir Tahvil İhracının Tamamlanması,https://www.kap.org.tr/tr/Bildirim/1577680,tr,2026-03-27T18:13:56+00:00
2026-03-27,TKFEN,KAP,TEKFEN HOLDİNG A.Ş. - Özel Durum Açıklaması (Genel),Özel Durum Açıklaması (Genel) Pay Devir Bildirimi,https://www.kap.org.tr/tr/Bildirim/1577693,tr,2026-03-27T18:20:34+00:00
2026-03-27,TKNSA,KAP,TEKNOSA İÇ VE DIŞ TİCARET A.Ş. - Bağımsız Denetim Kuruluşunun Belirlenmesi,Bağımsız Denetim Kuruluşunun Belirlenmesi Bağımsız Denetim Kuruluşunun Seçimi,https://www.kap.org.tr/tr/Bildirim/1577546,tr,2026-03-27T17:13:03+00:00
2026-03-27,TKNSA,KAP,TEKNOSA İÇ VE DIŞ TİCARET A.Ş. - Kayıtlı Sermaye Tavanı İşlemlerine İlişkin Bildirim,Kayıtlı Sermaye Tavanı İşlemlerine İlişkin Bildirim Kayıtlı Sermaye Tavanı ve Esas Sözleşme'de Öngörülen Diğer Değişikliklere İlişkin Genel Kurul Onayı,https://www.kap.org.tr/tr/Bildirim/1577545,tr,2026-03-27T17:12:43+00:00
2026-03-27,TKNSA,KAP,TEKNOSA İÇ VE DIŞ TİCARET A.Ş. - Kar Payı Dağıtım İşlemlerine İlişkin Bildirim,Kar Payı Dağıtım İşlemlerine İlişkin Bildirim 2025 Yılı Karının / Zararının Kullanım Şekli İle İlgili Genel Kurul Kararı,https://www.kap.org.tr/tr/Bildirim/1577542,tr,2026-03-27T17:11:54+00:00
2026-03-27,TKNSA,KAP,TEKNOSA İÇ VE DIŞ TİCARET A.Ş. - Genel Kurul İşlemlerine İlişkin Bildirim,Genel Kurul İşlemlerine İlişkin Bildirim 2025 Yılı Olağan Genel Kurul Toplantı Sonuçları,https://www.kap.org.tr/tr/Bildirim/1577532,tr,2026-03-27T17:06:53+00:00
2026-03-27,TKNSA,KAP,TEKNOSA İÇ VE DIŞ TİCARET A.Ş. - Pay Dışında Sermaye Piyasası Aracı İşlemlerine İlişkin Bildirim (Faiz İçeren),Pay Dışında Sermaye Piyasası Aracı İşlemlerine İlişkin Bildirim (Faiz İçeren) TRFTKNO62637 ISIN kodlu finansman bonosu ihracı,https://www.kap.org.tr/tr/Bildirim/1577213,tr,2026-03-27T09:56:39+00:00
2026-03-27,TOASO,KAP,TOFAŞ TÜRK OTOMOBİL FABRİKASI A.Ş. - Özel Durum Açıklaması (Genel),Özel Durum Açıklaması (Genel) K9 Model Ticari Araç Yatırımının Finansmanı İçin Kredi Sözleşmesi İmzalanması Hakkında,https://www.kap.org.tr/tr/Bildirim/1577775,tr,2026-03-27T19:34:19+00:00
2026-03-27,TRA,KAP,TERA YATIRIM MENKUL DEĞERLER A.Ş. - Toptan Alış Satış İşlemi Bildirimi,Toptan Alış Satış İşlemi Bildirimi ISKPL Toptan Alış Satış İşlem Bildirimi ISKPL,https://www.kap.org.tr/tr/Bildirim/1577754,tr,2026-03-27T19:22:47+00:00
2026-03-27,TRA,KAP,TERA YATIRIM MENKUL DEĞERLER A.Ş. - Pay Alım Teklifi Yoluyla Pay Toplanmasına İlişkin Bildirim,Pay Alım Teklifi Yoluyla Pay Toplanmasına İlişkin Bildirim Kuzugrup Gayrimenkul Yatırım Ortaklığı A.Ş.Pay Sahiplerine Zorunlu Pay Alım Teklifi Hk. KZGYO,https://www.kap.org.tr/tr/Bildirim/1577743,tr,2026-03-27T19:11:46+00:00
2026-03-27,TRA,KAP,TERA YATIRIM MENKUL DEĞERLER A.Ş. - Toptan Alış Satış İşlemi Bildirimi,Toptan Alış Satış İşlemi Bildirimi ISKPL Toptan Alış Satış İşlem Bildirimi ISKPL,https://www.kap.org.tr/tr/Bildirim/1577657,tr,2026-03-27T18:07:25+00:00
2026-03-27,TRALT,KAP,TÜRK ALTIN İŞLETMELERİ A.Ş. - Özel Durum Açıklaması (Genel),Özel Durum Açıklaması (Genel) Kaşköy Projesi Kapsamında Yapılan ÇED Başvurusuna İlişkin Olumlu Kararın Alınması Hk.,https://www.kap.org.tr/tr/Bildirim/1577199,tr,2026-03-27T09:31:00+00:00
2026-03-27,TRILC,KAP,TURK İLAÇ VE SERUM SANAYİ A.Ş. - Pay Dışında Sermaye Piyasası Aracı İşlemlerine İlişkin Bildirim (Faiz İçeren),Pay Dışında Sermaye Piyasası Aracı İşlemlerine İlişkin Bildirim (Faiz İçeren) Satışın tamamlanması,https://www.kap.org.tr/tr/Bildirim/1577633,tr,2026-03-27T17:50:10+00:00
2026-03-27,TRILC,KAP,TURK İLAÇ VE SERUM SANAYİ A.Ş. - Özel Durum Açıklaması (Genel),"Özel Durum Açıklaması (Genel) %0,9 İzotonik Sodyum Klorür İrrigasyonluk Steril Çözelti? adlı ürünümüzün Tıbbi Cihaz Yönetmeliği kapsamında MDR onayı Hakkında",https://www.kap.org.tr/tr/Bildirim/1577243,tr,2026-03-27T10:37:15+00:00
2026-03-27,TURGG,KAP,TÜRKER PROJE GAYRİMENKUL VE YATIRIM GELİŞTİRME A.Ş. - Yönetim Kurulu Komiteleri,Yönetim Kurulu Komiteleri Yönetim Kurulu Komiteleri,https://www.kap.org.tr/tr/Bildirim/1577429,tr,2026-03-27T15:22:52+00:00
2026-03-27,TURGG,KAP,TÜRKER PROJE GAYRİMENKUL VE YATIRIM GELİŞTİRME A.Ş. - Özel Durum Açıklaması (Genel),Özel Durum Açıklaması (Genel) Yönetim Kurulu Görev Dağılımı,https://www.kap.org.tr/tr/Bildirim/1577428,tr,2026-03-27T15:22:42+00:00
2026-03-27,TURGG,KAP,TÜRKER PROJE GAYRİMENKUL VE YATIRIM GELİŞTİRME A.Ş. - Sermaye Artırımı - Azaltımı İşlemlerine İlişkin Bildirim,Sermaye Artırımı - Azaltımı İşlemlerine İlişkin Bildirim Esas Sözleşme Tadilinin Genel Kurulca Onaylanması,https://www.kap.org.tr/tr/Bildirim/1577426,tr,2026-03-27T15:22:31+00:00
2026-03-27,TURGG,KAP,TÜRKER PROJE GAYRİMENKUL VE YATIRIM GELİŞTİRME A.Ş. - Bağımsız Denetim Kuruluşunun Belirlenmesi,Bağımsız Denetim Kuruluşunun Belirlenmesi 2026 Yılı Bağımsız Denetim Kuruluşu Seçimine İlişkin Genel Kurul Kararı,https://www.kap.org.tr/tr/Bildirim/1577425,tr,2026-03-27T15:22:15+00:00
2026-03-27,TURGG,KAP,TÜRKER PROJE GAYRİMENKUL VE YATIRIM GELİŞTİRME A.Ş. - Kayıtlı Sermaye Tavanı İşlemlerine İlişkin Bildirim,Kayıtlı Sermaye Tavanı İşlemlerine İlişkin Bildirim Kayıtlı Sermaye Tavanına İlişkin Genel Kurul Onayı,https://www.kap.org.tr/tr/Bildirim/1577424,tr,2026-03-27T15:21:56+00:00
2026-03-27,TURGG,KAP,TÜRKER PROJE GAYRİMENKUL VE YATIRIM GELİŞTİRME A.Ş. - Kar Payı Dağıtım İşlemlerine İlişkin Bildirim,Kar Payı Dağıtım İşlemlerine İlişkin Bildirim 2025 Yılı Kar Dağıtımına İlişkin Genel Kurul Kararı,https://www.kap.org.tr/tr/Bildirim/1577423,tr,2026-03-27T15:21:37+00:00
2026-03-27,TURGG,KAP,TÜRKER PROJE GAYRİMENKUL VE YATIRIM GELİŞTİRME A.Ş. - Genel Kurul İşlemlerine İlişkin Bildirim,Genel Kurul İşlemlerine İlişkin Bildirim 2025 Yılına Ait Olağan Genel Kurul Toplantısı Sonucu,https://www.kap.org.tr/tr/Bildirim/1577422,tr,2026-03-27T15:11:54+00:00
2026-03-27,TVB,KAP,TÜRKİYE VAKIFLAR BANKASI T.A.O. - Pay Dışında Sermaye Piyasası Aracı İşlemlerine İlişkin Bildirim (Faiz İçeren),Pay Dışında Sermaye Piyasası Aracı İşlemlerine İlişkin Bildirim (Faiz İçeren) Borçlanma Araçlarına İlişkin SPK Başvurusu,https://www.kap.org.tr/tr/Bildirim/1577388,tr,2026-03-27T14:24:59+00:00
2026-03-27,UFUK,KAP,UFUK YATIRIM YÖNETİM VE GAYRİMENKUL A.Ş. - Bağımsız Denetim Kuruluşunun Belirlenmesi,Bağımsız Denetim Kuruluşunun Belirlenmesi 2026 Yılı Bağımsız Denetim Şirketi Seçimi,https://www.kap.org.tr/tr/Bildirim/1577686,tr,2026-03-27T18:17:14+00:00
2026-03-27,USAK,KAP,UŞAK SERAMİK SANAYİ A.Ş. - Pay Dışında Sermaye Piyasası Aracı İşlemlerine İlişkin Bildirim (Faiz İçeren),Pay Dışında Sermaye Piyasası Aracı İşlemlerine İlişkin Bildirim (Faiz İçeren) Kupon Ödemesi Hakkında,https://www.kap.org.tr/tr/Bildirim/1577329,tr,2026-03-27T13:07:52+00:00
2026-03-27,VAKBN,KAP,TÜRKİYE VAKIFLAR BANKASI T.A.O. - Pay Dışında Sermaye Piyasası Aracı İşlemlerine İlişkin Bildirim (Faiz İçeren),Pay Dışında Sermaye Piyasası Aracı İşlemlerine İlişkin Bildirim (Faiz İçeren) Borçlanma Araçlarına İlişkin SPK Başvurusu,https://www.kap.org.tr/tr/Bildirim/1577388,tr,2026-03-27T14:24:59+00:00
2026-03-27,VKFYO,KAP,VAKIF MENKUL KIYMET YATIRIM ORTAKLIĞI A.Ş. - Özel Durum Açıklaması (Genel),"Özel Durum Açıklaması (Genel) Şirketimizin BİAŞ'da oluşan ağırlıklı ortalama fiyatın, pay başına net aktif değerin 2 katını aşması sebebiyle yapılan açıklamadır.",https://www.kap.org.tr/tr/Bildirim/1577660,tr,2026-03-27T18:09:42+00:00
2026-03-27,VKING,KAP,VİKİNG KAĞIT VE SELÜLOZ A.Ş. - Bağımsız Denetim Kuruluşunun Belirlenmesi,Bağımsız Denetim Kuruluşunun Belirlenmesi Bağımsız Denetim Kuruluşunun Belirlenmesi,https://www.kap.org.tr/tr/Bildirim/1577584,tr,2026-03-27T17:39:33+00:00
2026-03-27,VSNMD,KAP,VİŞNE MADENCİLİK ÜRETİM SANAYİ VE TİCARET A.Ş. - Payların Geri Alınmasına İlişkin Bildirim,Payların Geri Alınmasına İlişkin Bildirim Pay geri alım programı kapsamının sonlandırılması,https://www.kap.org.tr/tr/Bildirim/1577670,tr,2026-03-27T18:11:37+00:00
2026-03-27,YKB,KAP,YAPI VE KREDİ BANKASI A.Ş. - Şirket Genel Bilgi Formu,Şirket Genel Bilgi Formu,https://www.kap.org.tr/tr/Bildirim/1577774,tr,2026-03-27T19:34:18+00:00
2026-03-27,YKB,KAP,YAPI VE KREDİ BANKASI A.Ş. - Pay Dışında Sermaye Piyasası Aracı İşlemlerine İlişkin Bildirim (Faiz İçeren),Pay Dışında Sermaye Piyasası Aracı İşlemlerine İlişkin Bildirim (Faiz İçeren) Yurtdışında borçlanma aracı ihracının tamamlanması,https://www.kap.org.tr/tr/Bildirim/1577773,tr,2026-03-27T19:34:02+00:00
2026-03-27,YKB,KAP,YAPI VE KREDİ BANKASI A.Ş. - Pay Dışında Sermaye Piyasası Aracı İşlemlerine İlişkin Bildirim (Faiz İçeren),Pay Dışında Sermaye Piyasası Aracı İşlemlerine İlişkin Bildirim (Faiz İçeren) Yurtdışında borçlanma aracı ihracının tamamlanması,https://www.kap.org.tr/tr/Bildirim/1577772,tr,2026-03-27T19:33:38+00:00
2026-03-27,YKB,KAP,YAPI VE KREDİ BANKASI A.Ş. - Pay Dışında Sermaye Piyasası Aracı İşlemlerine İlişkin Bildirim (Faiz İçeren),Pay Dışında Sermaye Piyasası Aracı İşlemlerine İlişkin Bildirim (Faiz İçeren) Yurtdışında borçlanma aracı ihracının tamamlanması,https://www.kap.org.tr/tr/Bildirim/1577771,tr,2026-03-27T19:33:09+00:00
2026-03-27,YKB,KAP,YAPI VE KREDİ BANKASI A.Ş. - Pay Dışında Sermaye Piyasası Aracı İşlemlerine İlişkin Bildirim (Faiz İçeren),Pay Dışında Sermaye Piyasası Aracı İşlemlerine İlişkin Bildirim (Faiz İçeren) Yurtdışında ihraç edilen borçlanma aracının itfası,https://www.kap.org.tr/tr/Bildirim/1577444,tr,2026-03-27T15:43:33+00:00
2026-03-27,YKB,KAP,YAPI VE KREDİ BANKASI A.Ş. - Özel Durum Açıklaması (Genel),Özel Durum Açıklaması (Genel) Kripto varlık alım satım platformu kuruluşuna ilişkin SPK izni,https://www.kap.org.tr/tr/Bildirim/1577417,tr,2026-03-27T15:02:11+00:00
2026-03-27,YKBNK,KAP,YAPI VE KREDİ BANKASI A.Ş. - Şirket Genel Bilgi Formu,Şirket Genel Bilgi Formu,https://www.kap.org.tr/tr/Bildirim/1577774,tr,2026-03-27T19:34:18+00:00
2026-03-27,YKBNK,KAP,YAPI VE KREDİ BANKASI A.Ş. - Pay Dışında Sermaye Piyasası Aracı İşlemlerine İlişkin Bildirim (Faiz İçeren),Pay Dışında Sermaye Piyasası Aracı İşlemlerine İlişkin Bildirim (Faiz İçeren) Yurtdışında borçlanma aracı ihracının tamamlanması,https://www.kap.org.tr/tr/Bildirim/1577773,tr,2026-03-27T19:34:02+00:00
2026-03-27,YKBNK,KAP,YAPI VE KREDİ BANKASI A.Ş. - Pay Dışında Sermaye Piyasası Aracı İşlemlerine İlişkin Bildirim (Faiz İçeren),Pay Dışında Sermaye Piyasası Aracı İşlemlerine İlişkin Bildirim (Faiz İçeren) Yurtdışında borçlanma aracı ihracının tamamlanması,https://www.kap.org.tr/tr/Bildirim/1577772,tr,2026-03-27T19:33:38+00:00
2026-03-27,YKBNK,KAP,YAPI VE KREDİ BANKASI A.Ş. - Pay Dışında Sermaye Piyasası Aracı İşlemlerine İlişkin Bildirim (Faiz İçeren),Pay Dışında Sermaye Piyasası Aracı İşlemlerine İlişkin Bildirim (Faiz İçeren) Yurtdışında borçlanma aracı ihracının tamamlanması,https://www.kap.org.tr/tr/Bildirim/1577771,tr,2026-03-27T19:33:09+00:00
2026-03-27,YKBNK,KAP,YAPI VE KREDİ BANKASI A.Ş. - Pay Dışında Sermaye Piyasası Aracı İşlemlerine İlişkin Bildirim (Faiz İçeren),Pay Dışında Sermaye Piyasası Aracı İşlemlerine İlişkin Bildirim (Faiz İçeren) Yurtdışında ihraç edilen borçlanma aracının itfası,https://www.kap.org.tr/tr/Bildirim/1577444,tr,2026-03-27T15:43:33+00:00
2026-03-27,YKBNK,KAP,YAPI VE KREDİ BANKASI A.Ş. - Özel Durum Açıklaması (Genel),Özel Durum Açıklaması (Genel) Kripto varlık alım satım platformu kuruluşuna ilişkin SPK izni,https://www.kap.org.tr/tr/Bildirim/1577417,tr,2026-03-27T15:02:11+00:00
2026-03-27,ZKBVR,KAP,ZKB VARLIK KİRALAMA A.Ş. - Pay Dışında Sermaye Piyasası Aracı İşlemlerine İlişkin Bildirim (Faizsiz),Pay Dışında Sermaye Piyasası Aracı İşlemlerine İlişkin Bildirim (Faizsiz) TRDZKBV32616 ISIN kodlu Yurtiçi Kira Sertifikalarının İtfa ve Getiri Ödeme İşlemlerinin Tamamlanması Hk GSMTK,https://www.kap.org.tr/tr/Bildirim/1577282,tr,2026-03-27T11:20:21+00:00
2026-03-27,ZOREN,KAP,ZORLU ENERJİ ELEKTRİK ÜRETİM A.Ş. - Pay Dışında Sermaye Piyasası Aracı İşlemlerine İlişkin Bildirim (Faiz İçeren),Pay Dışında Sermaye Piyasası Aracı İşlemlerine İlişkin Bildirim (Faiz İçeren) TRSZORN32619 ISIN Kodlu Tahvilin 4. Kupon Dönemine İlişkin Faiz Ödemesi ve Anapara Ödemesi Hakkında,https://www.kap.org.tr/tr/Bildirim/1577381,tr,2026-03-27T14:16:15+00:00
2026-03-27,ZOREN,KAP,ZORLU ENERJİ ELEKTRİK ÜRETİM A.Ş. - Pay Dışında Sermaye Piyasası Aracı İşlemlerine İlişkin Bildirim (Faiz İçeren),Pay Dışında Sermaye Piyasası Aracı İşlemlerine İlişkin Bildirim (Faiz İçeren) TRFZORN32616 ISIN KODLU SABİT KUPON ÖDEMELİ BONONUN ANAPARA VE KUPON ÖDEMESİ HAKKINDA,https://www.kap.org.tr/tr/Bildirim/1577379,tr,2026-03-27T14:15:30+00:00
2026-03-27,ZOREN,KAP,ZORLU ENERJİ ELEKTRİK ÜRETİM A.Ş. - Pay Dışında Sermaye Piyasası Aracı İşlemlerine İlişkin Bildirim (Faiz İçeren),Pay Dışında Sermaye Piyasası Aracı İşlemlerine İlişkin Bildirim (Faiz İçeren) Nitelikli Yatırımcılara Satılmak Üzere Değişken Kuponlu Özel Sektör Tahvili İhracı (TRSZORN42717),https://www.kap.org.tr/tr/Bildirim/1577201,tr,2026-03-27T09:32:49+00:00
2026-03-27,ZOREN,KAP,ZORLU ENERJİ ELEKTRİK ÜRETİM A.Ş. - Pay Dışında Sermaye Piyasası Aracı İşlemlerine İlişkin Bildirim (Faiz İçeren),Pay Dışında Sermaye Piyasası Aracı İşlemlerine İlişkin Bildirim (Faiz İçeren) NİTELİKLİ YATIRIMCILARA SATILMAK ÜZERE SABİT KUPON ÖDEMELİ FİNANSMAN BONOSUNUN İHRACI (TRFZORN92610),https://www.kap.org.tr/tr/Bildirim/1577200,tr,2026-03-27T09:32:24+00:00
2026-03-28,ALBRK,KAP,ALBARAKA TÜRK KATILIM BANKASI A.Ş. - Şirket Genel Bilgi Formu,Şirket Genel Bilgi Formu,https://www.kap.org.tr/tr/Bildirim/1577866,tr,2026-03-28T12:46:16+00:00
2026-03-28,ALK,KAP,ALBARAKA TÜRK KATILIM BANKASI A.Ş. - Şirket Genel Bilgi Formu,Şirket Genel Bilgi Formu,https://www.kap.org.tr/tr/Bildirim/1577866,tr,2026-03-28T12:46:16+00:00
2026-03-28,GARAN,KAP,TÜRKİYE GARANTİ BANKASI A.Ş. - Özel Durum Açıklaması (Genel),Özel Durum Açıklaması (Genel) Garanti Bank S.A.?nın satışı ve 10.03.2026 tarihli açıklamamız,https://www.kap.org.tr/tr/Bildirim/1577861,tr,2026-03-28T03:45:29+00:00
2026-03-28,GOKNR,KAP,GÖKNUR GIDA MADDELERİ ENERJİ İMALAT İTHALAT İHRACAT TİCARET VE SANAYİ A.Ş. - Payların Geri Alınmasına İlişkin Bildirim,Payların Geri Alınmasına İlişkin Bildirim Payların Geri Alınmasına İlişkin Bildirim,https://www.kap.org.tr/tr/Bildirim/1577874,tr,2026-03-28T20:34:54+00:00
2026-03-28,KLKIM,KAP,KALEKİM KİMYEVİ MADDELER SANAYİ VE TİCARET A.Ş. - Bağımsız Denetim Kuruluşunun Belirlenmesi,Bağımsız Denetim Kuruluşunun Belirlenmesi Bağımsız Denetim Kuruluşunun Belirlenmesi,https://www.kap.org.tr/tr/Bildirim/1577864,tr,2026-03-28T10:26:31+00:00
2026-03-28,KLKIM,KAP,KALEKİM KİMYEVİ MADDELER SANAYİ VE TİCARET A.Ş. - Genel Kurul İşlemlerine İlişkin Bildirim,Genel Kurul İşlemlerine İlişkin Bildirim 2025 Yılı Olağan Genel Kurul Çağrısı,https://www.kap.org.tr/tr/Bildirim/1577863,tr,2026-03-28T10:25:34+00:00
2026-03-28,KLKIM,KAP,KALEKİM KİMYEVİ MADDELER SANAYİ VE TİCARET A.Ş. - Kar Payı Dağıtım İşlemlerine İlişkin Bildirim,Kar Payı Dağıtım İşlemlerine İlişkin Bildirim Şirket Yönetim Kurulu'nun Kar Payı Dağıtım Teklifi,https://www.kap.org.tr/tr/Bildirim/1577862,tr,2026-03-28T10:23:59+00:00
2026-03-28,MARBL,KAP,TUREKS TURUNÇ MADENCİLİK İÇ VE DIŞ TİCARET A.Ş. - Özel Durum Açıklaması (Genel),Özel Durum Açıklaması (Genel) Bağımsız Yönetim Kurulu Üye Adayına İlişkin SPK Başvurusunun Sonuçlanması,https://www.kap.org.tr/tr/Bildirim/1577865,tr,2026-03-28T12:18:26+00:00
2026-03-28,TGB,KAP,TÜRKİYE GARANTİ BANKASI A.Ş. - Özel Durum Açıklaması (Genel),Özel Durum Açıklaması (Genel) Garanti Bank S.A.?nın satışı ve 10.03.2026 tarihli açıklamamız,https://www.kap.org.tr/tr/Bildirim/1577861,tr,2026-03-28T03:45:29+00:00
2026-03-29,ICUGS,KAP,ICU GİRİŞİM SERMAYESİ YATIRIM ORTAKLIĞI A.Ş. - Özel Durum Açıklaması (Genel),Özel Durum Açıklaması (Genel) Borç-Alacak Davasının Sonuçlanması,https://www.kap.org.tr/tr/Bildirim/1577967,tr,2026-03-29T10:35:37+00:00
2026-03-30,AFB,KAP,AKTİF YATIRIM BANKASI A.Ş. - Pay Dışında Sermaye Piyasası Aracı İşlemlerine İlişkin Bildirim (Faiz İçeren),Pay Dışında Sermaye Piyasası Aracı İşlemlerine İlişkin Bildirim (Faiz İçeren) ÖZEL SEKTÖR TAHVİLİ İHRACI ISIN : TRSAKYB32819,https://www.kap.org.tr/tr/Bildirim/1578048,tr,2026-03-30T10:49:39+00:00
2026-03-30,AFYON,KAP,AFYON ÇİMENTO SANAYİ T.A.Ş. - TSRS Uyumlu Sürdürülebilirlik Raporu,TSRS Uyumlu Sürdürülebilirlik Raporu 31 Aralık 2025 tarihi itibarıyla TSRS Uyumlu Sürdürülebilirlik Raporu,https://www.kap.org.tr/tr/Bildirim/1579723,tr,2026-03-30T23:27:48+00:00
2026-03-30,AFYON,KAP,AFYON ÇİMENTO SANAYİ T.A.Ş. - Şirket Genel Bilgi Formu,Şirket Genel Bilgi Formu,https://www.kap.org.tr/tr/Bildirim/1579259,tr,2026-03-30T19:40:19+00:00
2026-03-30,AFYON,KAP,AFYON ÇİMENTO SANAYİ T.A.Ş. - Özel Durum Açıklaması (Genel),Özel Durum Açıklaması (Genel) Yönetim Kurulu Görev Dağılımı,https://www.kap.org.tr/tr/Bildirim/1579256,tr,2026-03-30T19:39:42+00:00
2026-03-30,AFYON,KAP,AFYON ÇİMENTO SANAYİ T.A.Ş. - Kayıtlı Sermaye Tavanı İşlemlerine İlişkin Bildirim,Kayıtlı Sermaye Tavanı İşlemlerine İlişkin Bildirim Esas sözleşme tadil metninin Genel Kurul onayı,https://www.kap.org.tr/tr/Bildirim/1579208,tr,2026-03-30T19:31:32+00:00
2026-03-30,AFYON,KAP,AFYON ÇİMENTO SANAYİ T.A.Ş. - Kar Payı Dağıtım İşlemlerine İlişkin Bildirim,Kar Payı Dağıtım İşlemlerine İlişkin Bildirim 2025 yılına ait karın kullanım şekli ile ilgili Genel Kurul kararı,https://www.kap.org.tr/tr/Bildirim/1579144,tr,2026-03-30T19:14:08+00:00
2026-03-30,AFYON,KAP,AFYON ÇİMENTO SANAYİ T.A.Ş. - Bağımsız Denetim Kuruluşunun Belirlenmesi,Bağımsız Denetim Kuruluşunun Belirlenmesi Bağımsız Denetim Kuruluşu Seçimi,https://www.kap.org.tr/tr/Bildirim/1579128,tr,2026-03-30T19:04:08+00:00
2026-03-30,AFYON,KAP,AFYON ÇİMENTO SANAYİ T.A.Ş. - Genel Kurul İşlemlerine İlişkin Bildirim,Genel Kurul İşlemlerine İlişkin Bildirim Olağan Genel Kurul Sonuç Bildirimi,https://www.kap.org.tr/tr/Bildirim/1579105,tr,2026-03-30T19:01:00+00:00
2026-03-30,AHGAZ,KAP,AHLATCI DOĞAL GAZ DAĞITIM ENERJİ VE YATIRIM A.Ş. - Özel Durum Açıklaması (Genel),Özel Durum Açıklaması (Genel) Dolaylı Bağlı Ortaklığımız Ahlatcı Altın İşletmeleri A.Ş. Hk.,https://www.kap.org.tr/tr/Bildirim/1578197,tr,2026-03-30T12:42:58+00:00
2026-03-30,AKBNK,KAP,AKBANK T.A.Ş. - Özel Durum Açıklaması (Genel),"Özel Durum Açıklaması (Genel) Takipteki Kredi Alacakları Portföyünün Satışı ARSVY, DNYVA, GLCVY",https://www.kap.org.tr/tr/Bildirim/1577984,tr,2026-03-30T09:35:47+00:00
2026-03-30,AKHAN,KAP,AKHAN UN FABRİKASI VE TARIM ÜRÜNLERİ GIDA SANAYİ TİCARET A.Ş. - Genel Kurul İşlemlerine İlişkin Bildirim,Genel Kurul İşlemlerine İlişkin Bildirim Olağan Genel Kurul Toplantısına Çağrı,https://www.kap.org.tr/tr/Bildirim/1578875,tr,2026-03-30T18:13:49+00:00
2026-03-30,AKM,KAP,AK YATIRIM MENKUL DEĞERLER A.Ş. - Piyasa Yapıcılığı Kapsamında Gerçekleştirilen İşlemler Bildirimi,"Piyasa Yapıcılığı Kapsamında Gerçekleştirilen İşlemler Bildirimi 23.03.2026 - 27.03.2026 Tarih Aralığında Gerçekleşen Borsa Yatırım Fonları Piyasa Yapıcı İşlemleri APGLD, APMDL",https://www.kap.org.tr/tr/Bildirim/1578442,tr,2026-03-30T15:59:57+00:00
2026-03-30,AKM,KAP,AK YATIRIM MENKUL DEĞERLER A.Ş. - Yatırım Kuruluşu Varant - Sertifika - Senetlerine İlişkin Bildirim,Yatırım Kuruluşu Varant - Sertifika - Senetlerine İlişkin Bildirim Varant ve Sertifika PY Alım Satım Bildirimi,https://www.kap.org.tr/tr/Bildirim/1578440,tr,2026-03-30T15:58:59+00:00
2026-03-30,AKM,KAP,AK YATIRIM MENKUL DEĞERLER A.Ş. - Likidite Sağlayıcılık Kapsamındaki İşlemler,Likidite Sağlayıcılık Kapsamındaki İşlemler AGESA Paylarında Likidite Sağlayıcılığı Kapsamında Gerçekleştirilen İşlemler 16.03.2026 - 27.03.2026 AGESA,https://www.kap.org.tr/tr/Bildirim/1578057,tr,2026-03-30T10:56:40+00:00
2026-03-30,AKM,KAP,AK YATIRIM MENKUL DEĞERLER A.Ş. - Likidite Sağlayıcılık Kapsamındaki İşlemler,Likidite Sağlayıcılık Kapsamındaki İşlemler KLSYN Paylarında Likidite Sağlayıcılığı Kapsamında Gerçekleştirilen İşlemler 16.03.2026 - 27.03.2026 KLSYN,https://www.kap.org.tr/tr/Bildirim/1578056,tr,2026-03-30T10:56:32+00:00
2026-03-30,AKMEN,KAP,AK YATIRIM MENKUL DEĞERLER A.Ş. - Piyasa Yapıcılığı Kapsamında Gerçekleştirilen İşlemler Bildirimi,"Piyasa Yapıcılığı Kapsamında Gerçekleştirilen İşlemler Bildirimi 23.03.2026 - 27.03.2026 Tarih Aralığında Gerçekleşen Borsa Yatırım Fonları Piyasa Yapıcı İşlemleri APGLD, APMDL",https://www.kap.org.tr/tr/Bildirim/1578442,tr,2026-03-30T15:59:57+00:00
2026-03-30,AKMEN,KAP,AK YATIRIM MENKUL DEĞERLER A.Ş. - Yatırım Kuruluşu Varant - Sertifika - Senetlerine İlişkin Bildirim,Yatırım Kuruluşu Varant - Sertifika - Senetlerine İlişkin Bildirim Varant ve Sertifika PY Alım Satım Bildirimi,https://www.kap.org.tr/tr/Bildirim/1578440,tr,2026-03-30T15:58:59+00:00
2026-03-30,AKMEN,KAP,AK YATIRIM MENKUL DEĞERLER A.Ş. - Likidite Sağlayıcılık Kapsamındaki İşlemler,Likidite Sağlayıcılık Kapsamındaki İşlemler AGESA Paylarında Likidite Sağlayıcılığı Kapsamında Gerçekleştirilen İşlemler 16.03.2026 - 27.03.2026 AGESA,https://www.kap.org.tr/tr/Bildirim/1578057,tr,2026-03-30T10:56:40+00:00
2026-03-30,AKMEN,KAP,AK YATIRIM MENKUL DEĞERLER A.Ş. - Likidite Sağlayıcılık Kapsamındaki İşlemler,Likidite Sağlayıcılık Kapsamındaki İşlemler KLSYN Paylarında Likidite Sağlayıcılığı Kapsamında Gerçekleştirilen İşlemler 16.03.2026 - 27.03.2026 KLSYN,https://www.kap.org.tr/tr/Bildirim/1578056,tr,2026-03-30T10:56:32+00:00
2026-03-30,AKSEN,KAP,AKSA ENERJİ ÜRETİM A.Ş. - Kurumsal Yönetim İlkelerine Uyum Derecelendirmesi,Kurumsal Yönetim İlkelerine Uyum Derecelendirmesi Kurumsal Yönetim Derecelendirme Sözleşmesinin Yenilenmesi Hakkında,https://www.kap.org.tr/tr/Bildirim/1577983,tr,2026-03-30T09:34:51+00:00
2026-03-30,AKTIF,KAP,AKTİF YATIRIM BANKASI A.Ş. - Pay Dışında Sermaye Piyasası Aracı İşlemlerine İlişkin Bildirim (Faiz İçeren),Pay Dışında Sermaye Piyasası Aracı İşlemlerine İlişkin Bildirim (Faiz İçeren) ÖZEL SEKTÖR TAHVİLİ İHRACI ISIN : TRSAKYB32819,https://www.kap.org.tr/tr/Bildirim/1578048,tr,2026-03-30T10:49:39+00:00
2026-03-30,ALBRK,KAP,ALBARAKA TÜRK KATILIM BANKASI A.Ş. - Şirket Genel Bilgi Formu,Şirket Genel Bilgi Formu,https://www.kap.org.tr/tr/Bildirim/1579542,tr,2026-03-30T21:54:43+00:00
2026-03-30,ALBRK,KAP,ALBARAKA TÜRK KATILIM BANKASI A.Ş. - Yönetim Kurulu Komiteleri,Yönetim Kurulu Komiteleri Yönetim Kurulu Görev Dağılımı,https://www.kap.org.tr/tr/Bildirim/1578628,tr,2026-03-30T17:36:40+00:00
2026-03-30,ALCAR,KAP,ALARKO CARRIER SANAYİ VE TİCARET A.Ş. - Bağımsız Denetim Kuruluşunun Belirlenmesi,Bağımsız Denetim Kuruluşunun Belirlenmesi Bağımsız Denetim Şirketinin Genel Kurul'ca Onaylanması,https://www.kap.org.tr/tr/Bildirim/1578813,tr,2026-03-30T18:07:42+00:00
2026-03-30,ALCAR,KAP,ALARKO CARRIER SANAYİ VE TİCARET A.Ş. - Kar Payı Dağıtım İşlemlerine İlişkin Bildirim,Kar Payı Dağıtım İşlemlerine İlişkin Bildirim 2025 Yılı Kar Payı Dağıtılmasına İlişkin Genel Kurul Kararı,https://www.kap.org.tr/tr/Bildirim/1578810,tr,2026-03-30T18:07:13+00:00
2026-03-30,ALCAR,KAP,ALARKO CARRIER SANAYİ VE TİCARET A.Ş. - Genel Kurul İşlemlerine İlişkin Bildirim,Genel Kurul İşlemlerine İlişkin Bildirim 30.03.2026 Tarihli Genel Kurul Sonucu,https://www.kap.org.tr/tr/Bildirim/1578686,tr,2026-03-30T17:51:33+00:00
2026-03-30,ALK,KAP,ALBARAKA TÜRK KATILIM BANKASI A.Ş. - Şirket Genel Bilgi Formu,Şirket Genel Bilgi Formu,https://www.kap.org.tr/tr/Bildirim/1579542,tr,2026-03-30T21:54:43+00:00
2026-03-30,ALK,KAP,ALBARAKA TÜRK KATILIM BANKASI A.Ş. - Yönetim Kurulu Komiteleri,Yönetim Kurulu Komiteleri Yönetim Kurulu Görev Dağılımı,https://www.kap.org.tr/tr/Bildirim/1578628,tr,2026-03-30T17:36:40+00:00
2026-03-30,ALKIM,KAP,ALKİM ALKALİ KİMYA A.Ş. - Katılım Finansı İlkeleri Bilgi Formu,Katılım Finansı İlkeleri Bilgi Formu,https://www.kap.org.tr/tr/Bildirim/1579170,tr,2026-03-30T19:20:53+00:00
2026-03-30,ALVES,KAP,ALVES KABLO SANAYİ VE TİCARET A.Ş. - Yeni İş İlişkisi,Yeni İş İlişkisi Satış Sözleşmesi İmzalanması,https://www.kap.org.tr/tr/Bildirim/1578193,tr,2026-03-30T12:24:19+00:00
2026-03-30,ALVES,KAP,ALVES KABLO SANAYİ VE TİCARET A.Ş. - Yeni İş İlişkisi,Yeni İş İlişkisi Satış Sözleşmesi İmzalanması,https://www.kap.org.tr/tr/Bildirim/1578191,tr,2026-03-30T12:19:06+00:00
2026-03-30,ANSGR,KAP,ANADOLU ANONİM TÜRK SİGORTA ŞİRKETİ - Özel Durum Açıklaması (Genel),Özel Durum Açıklaması (Genel) Genel Müdür Yardımcımızın Emekli Olması Hakkında,https://www.kap.org.tr/tr/Bildirim/1579462,tr,2026-03-30T21:17:26+00:00
2026-03-30,ANSGR,KAP,ANADOLU ANONİM TÜRK SİGORTA ŞİRKETİ - Özel Durum Açıklaması (Genel),Özel Durum Açıklaması (Genel) Genel Müdür Yardımcımızın Emekli Olması Hakkında,https://www.kap.org.tr/tr/Bildirim/1579460,tr,2026-03-30T21:17:14+00:00
2026-03-30,ANSGR,KAP,ANADOLU ANONİM TÜRK SİGORTA ŞİRKETİ - Kurumsal Yönetim Bilgi Formu (Güncelleme) - Yönetim Kurulu-2,Kurumsal Yönetim Bilgi Formu (Güncelleme) - Yönetim Kurulu-2 Kurumsal Yönetim Bilgi Formu (Güncelleme) - Yönetim Kurulu-2,https://www.kap.org.tr/tr/Bildirim/1579457,tr,2026-03-30T21:16:50+00:00
2026-03-30,ANSGR,KAP,ANADOLU ANONİM TÜRK SİGORTA ŞİRKETİ - Özel Durum Açıklaması (Genel),Özel Durum Açıklaması (Genel) Yönetim Kurulu Başkan ve Başkan Vekili,https://www.kap.org.tr/tr/Bildirim/1579450,tr,2026-03-30T21:16:12+00:00
2026-03-30,ANSGR,KAP,ANADOLU ANONİM TÜRK SİGORTA ŞİRKETİ - Yönetim Kurulu Komiteleri,Yönetim Kurulu Komiteleri Yönetim Kurulu Komite Üyelerinin Seçimi,https://www.kap.org.tr/tr/Bildirim/1579447,tr,2026-03-30T21:15:56+00:00
2026-03-30,ANSGR,KAP,ANADOLU ANONİM TÜRK SİGORTA ŞİRKETİ - Bağımsız Denetim Kuruluşunun Belirlenmesi,Bağımsız Denetim Kuruluşunun Belirlenmesi Bağımsız Denetim Kuruluşu Seçimi,https://www.kap.org.tr/tr/Bildirim/1579444,tr,2026-03-30T21:15:36+00:00
2026-03-30,ANSGR,KAP,ANADOLU ANONİM TÜRK SİGORTA ŞİRKETİ - Kar Payı Dağıtım İşlemlerine İlişkin Bildirim,Kar Payı Dağıtım İşlemlerine İlişkin Bildirim Nakit Kar Payı Dağıtımı,https://www.kap.org.tr/tr/Bildirim/1579442,tr,2026-03-30T21:15:17+00:00
2026-03-30,ANSGR,KAP,ANADOLU ANONİM TÜRK SİGORTA ŞİRKETİ - Genel Kurul İşlemlerine İlişkin Bildirim,Genel Kurul İşlemlerine İlişkin Bildirim 2025 Yılı Ortaklar Olağan Genel Kurul Toplantısı Kararları,https://www.kap.org.tr/tr/Bildirim/1579390,tr,2026-03-30T20:32:38+00:00
2026-03-30,ARDYZ,KAP,ARD GRUP BİLİŞİM TEKNOLOJİLERİ A.Ş. - Yeni İş İlişkisi,Yeni İş İlişkisi Yeni İş İlişkisi,https://www.kap.org.tr/tr/Bildirim/1578396,tr,2026-03-30T15:46:14+00:00
2026-03-30,ARFYE,KAP,ARF BİO YENİLENEBİLİR ENERJİ ÜRETİM A.Ş. - Katılım Finansı İlkeleri Bilgi Formu,Katılım Finansı İlkeleri Bilgi Formu,https://www.kap.org.tr/tr/Bildirim/1578907,tr,2026-03-30T18:19:05+00:00
2026-03-30,ARSAN,KAP,ARSAN HOLDİNG A.Ş. - Özel Durum Açıklaması (Genel),"Özel Durum Açıklaması (Genel) Arsan Varlık Yönetim A.Ş.- İhale sonrası Devir İşlemlerinin tamamlanması hakkında. AKBNK, ARSVY",https://www.kap.org.tr/tr/Bildirim/1578097,tr,2026-03-30T11:53:58+00:00
2026-03-30,ARZUM,KAP,ARZUM ELEKTRİKLİ EV ALETLERİ SANAYİ VE TİCARET A.Ş. - Sermaye Artırımından Elde Edilecek - Edilen Fonun Kullanımına İlişkin Rapor,Sermaye Artırımından Elde Edilecek - Edilen Fonun Kullanımına İlişkin Rapor Sermaye Artırımından Elde Edilecek Fonun Kullanımına İlişkin Rapor,https://www.kap.org.tr/tr/Bildirim/1579032,tr,2026-03-30T18:38:30+00:00
2026-03-30,ARZUM,KAP,ARZUM ELEKTRİKLİ EV ALETLERİ SANAYİ VE TİCARET A.Ş. - İzahname (SPK Onayına Sunulan),İzahname (SPK Onayına Sunulan) 31.12.2025 Finansal Tablo ve Dipnotlarına Göre Güncellenmiş İzahname,https://www.kap.org.tr/tr/Bildirim/1579030,tr,2026-03-30T18:37:56+00:00
2026-03-30,ASGYO,KAP,ASCE GAYRİMENKUL YATIRIM ORTAKLIĞI A.Ş. - Bağımsız Denetim Kuruluşunun Belirlenmesi,Bağımsız Denetim Kuruluşunun Belirlenmesi Bağımsız Denetim Kuruluşunun Genel Kurul Onayı,https://www.kap.org.tr/tr/Bildirim/1579194,tr,2026-03-30T19:26:55+00:00
2026-03-30,ASGYO,KAP,ASCE GAYRİMENKUL YATIRIM ORTAKLIĞI A.Ş. - Kar Payı Dağıtım İşlemlerine İlişkin Bildirim,Kar Payı Dağıtım İşlemlerine İlişkin Bildirim Kar Payı Dağıtımına İlişkin Genel Kurul Toplantı Sonucu,https://www.kap.org.tr/tr/Bildirim/1579152,tr,2026-03-30T19:16:15+00:00
2026-03-30,ASGYO,KAP,ASCE GAYRİMENKUL YATIRIM ORTAKLIĞI A.Ş. - Genel Kurul İşlemlerine İlişkin Bildirim,Genel Kurul İşlemlerine İlişkin Bildirim Olağan Genel Kurul Toplantı Sonucu,https://www.kap.org.tr/tr/Bildirim/1579082,tr,2026-03-30T18:46:12+00:00
2026-03-30,ATAGY,KAP,ATA GAYRİMENKUL YATIRIM ORTAKLIĞI A.Ş. - İlişkili Taraf İşlemleri,İlişkili Taraf İşlemleri Yaygın ve Süreklilik Arz Eden İşlemlere İlişkin Raporun Sonuç Bölümü,https://www.kap.org.tr/tr/Bildirim/1578287,tr,2026-03-30T15:15:48+00:00
2026-03-30,ATLAS,KAP,ATLAS MENKUL KIYMETLER YATIRIM ORTAKLIĞI A.Ş. - Haftalık Rapor,Haftalık Rapor Haftalık Rapor,https://www.kap.org.tr/tr/Bildirim/1578158,tr,2026-03-30T12:03:21+00:00
2026-03-30,AYDEM,KAP,AYDEM YENİLENEBİLİR ENERJİ A.Ş. - Pay Dışında Sermaye Piyasası Aracı İşlemlerine İlişkin Bildirim (Faiz İçeren),Pay Dışında Sermaye Piyasası Aracı İşlemlerine İlişkin Bildirim (Faiz İçeren) Tahvil Kupon Ödemesi,https://www.kap.org.tr/tr/Bildirim/1579508,tr,2026-03-30T21:28:11+00:00
2026-03-30,AYDEM,KAP,AYDEM YENİLENEBİLİR ENERJİ A.Ş. - Şirket Genel Bilgi Formu,Şirket Genel Bilgi Formu,https://www.kap.org.tr/tr/Bildirim/1578929,tr,2026-03-30T18:23:31+00:00
2026-03-30,AYDEM,KAP,AYDEM YENİLENEBİLİR ENERJİ A.Ş. - Kurumsal Yönetim Bilgi Formu (Güncelleme) - Pay Sahipleri,Kurumsal Yönetim Bilgi Formu (Güncelleme) - Pay Sahipleri Kurumsal Yönetim Bilgi Formu - Pay Sahipleri,https://www.kap.org.tr/tr/Bildirim/1578926,tr,2026-03-30T18:23:14+00:00
2026-03-30,AYDEM,KAP,AYDEM YENİLENEBİLİR ENERJİ A.Ş. - Bağımsız Denetim Kuruluşunun Belirlenmesi,Bağımsız Denetim Kuruluşunun Belirlenmesi Bağımsız Denetçinin Tescili ve İlanı,https://www.kap.org.tr/tr/Bildirim/1578922,tr,2026-03-30T18:22:39+00:00
2026-03-30,AYDEM,KAP,AYDEM YENİLENEBİLİR ENERJİ A.Ş. - Genel Kurul İşlemlerine İlişkin Bildirim,Genel Kurul İşlemlerine İlişkin Bildirim 2025 Yılı Olağan Genel Kurul Toplantısı Sonuçlarının Tescil ve TTSG İlanı,https://www.kap.org.tr/tr/Bildirim/1578916,tr,2026-03-30T18:22:14+00:00
2026-03-30,AYGAZ,KAP,AYGAZ A.Ş. - Bağımsız Denetim Kuruluşunun Belirlenmesi,Bağımsız Denetim Kuruluşunun Belirlenmesi Bağımsız Denetim Kuruluşu seçiminin tescili,https://www.kap.org.tr/tr/Bildirim/1578485,tr,2026-03-30T16:15:55+00:00
2026-03-30,AYGAZ,KAP,AYGAZ A.Ş. - Genel Kurul İşlemlerine İlişkin Bildirim,Genel Kurul İşlemlerine İlişkin Bildirim Olağan Genel Kurul Tescili,https://www.kap.org.tr/tr/Bildirim/1578481,tr,2026-03-30T16:15:30+00:00
2026-03-30,BAGFS,KAP,BAGFAŞ BANDIRMA GÜBRE FABRİKALARI A.Ş. - Bağımsız Denetim Kuruluşunun Belirlenmesi,Bağımsız Denetim Kuruluşunun Belirlenmesi Bağımsız Denetim Şirket Seçimi Tescili,https://www.kap.org.tr/tr/Bildirim/1578912,tr,2026-03-30T18:20:48+00:00
2026-03-30,BAGFS,KAP,BAGFAŞ BANDIRMA GÜBRE FABRİKALARI A.Ş. - Genel Kurul İşlemlerine İlişkin Bildirim,Genel Kurul İşlemlerine İlişkin Bildirim Genel Kurul Kararının Tescili,https://www.kap.org.tr/tr/Bildirim/1578896,tr,2026-03-30T18:16:24+00:00
2026-03-30,BAHKM,KAP,BAHADIR KİMYA SANAYİ VE TİCARET A.Ş. - Özel Durum Açıklaması (Genel),Özel Durum Açıklaması (Genel) Finansal Tabloların Konsolide Olarak Hazırlanması Hk.,https://www.kap.org.tr/tr/Bildirim/1578399,tr,2026-03-30T15:46:22+00:00
2026-03-30,BANVT,KAP,BANVİT BANDIRMA VİTAMİNLİ YEM SANAYİ A.Ş. - Kar Payı Dağıtım İşlemlerine İlişkin Bildirim,Kar Payı Dağıtım İşlemlerine İlişkin Bildirim Kar Payı Dağıtım İşlemlerine İlişkin Bildirim,https://www.kap.org.tr/tr/Bildirim/1579005,tr,2026-03-30T18:32:59+00:00
2026-03-30,BANVT,KAP,BANVİT BANDIRMA VİTAMİNLİ YEM SANAYİ A.Ş. - Bağımsız Denetim Kuruluşunun Belirlenmesi,Bağımsız Denetim Kuruluşunun Belirlenmesi Bağımsız Denetim Kuruluşunun Belirlenmesi,https://www.kap.org.tr/tr/Bildirim/1578997,tr,2026-03-30T18:31:43+00:00
2026-03-30,BANVT,KAP,BANVİT BANDIRMA VİTAMİNLİ YEM SANAYİ A.Ş. - Genel Kurul İşlemlerine İlişkin Bildirim,Genel Kurul İşlemlerine İlişkin Bildirim Genel Kurul İşlemlerine İlişkin Bildirim,https://www.kap.org.tr/tr/Bildirim/1578989,tr,2026-03-30T18:30:22+00:00
2026-03-30,BASCM,KAP,BAŞTAŞ BAŞKENT ÇİMENTO SANAYİ VE TİCARET A.Ş. - Kar Payı Dağıtım İşlemlerine İlişkin Bildirim,Kar Payı Dağıtım İşlemlerine İlişkin Bildirim 2025 Yılı Kar Payı Dağıtımına İlişkin Genel Kurul Kararı,https://www.kap.org.tr/tr/Bildirim/1578524,tr,2026-03-30T16:39:46+00:00
2026-03-30,BASCM,KAP,BAŞTAŞ BAŞKENT ÇİMENTO SANAYİ VE TİCARET A.Ş. - Bağımsız Denetim Kuruluşunun Belirlenmesi,Bağımsız Denetim Kuruluşunun Belirlenmesi Bağımsız Denetim Kuruluşunun Belirlenmesi,https://www.kap.org.tr/tr/Bildirim/1578222,tr,2026-03-30T14:20:13+00:00
2026-03-30,BASCM,KAP,BAŞTAŞ BAŞKENT ÇİMENTO SANAYİ VE TİCARET A.Ş. - Genel Kurul İşlemlerine İlişkin Bildirim,Genel Kurul İşlemlerine İlişkin Bildirim 2025 Yılı Olağan Genel Kurul Toplantısı Sonucu,https://www.kap.org.tr/tr/Bildirim/1578221,tr,2026-03-30T14:19:42+00:00
2026-03-30,BIGTK,KAP,BİG MEDYA TEKNOLOJİ A.Ş. - Kar Payı Dağıtım İşlemlerine İlişkin Bildirim,Kar Payı Dağıtım İşlemlerine İlişkin Bildirim 2025 Yılı Kar Payı Dağıtımına İlişkin Olağan Genel Kurul Sonuç Bildirimi,https://www.kap.org.tr/tr/Bildirim/1578035,tr,2026-03-30T10:32:17+00:00
2026-03-30,BIGTK,KAP,BİG MEDYA TEKNOLOJİ A.Ş. - Genel Kurul İşlemlerine İlişkin Bildirim,Genel Kurul İşlemlerine İlişkin Bildirim Big Medya Teknoloji A.Ş. Olağan Genel Kurul Toplantısı Sonuç Bildirimi,https://www.kap.org.tr/tr/Bildirim/1578028,tr,2026-03-30T10:27:22+00:00
2026-03-30,BINHO,KAP,1000 YATIRIMLAR HOLDİNG A.Ş. - Pay Alım Satım Bildirimi,Pay Alım Satım Bildirimi Pay Alım Bildirimi - BINBN Hk. BINBN,https://www.kap.org.tr/tr/Bildirim/1579333,tr,2026-03-30T20:01:01+00:00
2026-03-30,BLUME,KAP,BLUME METAL KİMYA A.Ş. - Yönetim Kurulu Komiteleri,Yönetim Kurulu Komiteleri Yönetim kurulu komitelerinde değişiklik,https://www.kap.org.tr/tr/Bildirim/1578403,tr,2026-03-30T15:47:07+00:00
2026-03-30,BLUME,KAP,BLUME METAL KİMYA A.Ş. - Şirket Genel Bilgi Formu,Şirket Genel Bilgi Formu,https://www.kap.org.tr/tr/Bildirim/1578402,tr,2026-03-30T15:46:53+00:00
2026-03-30,BRISA,KAP,BRİSA BRİDGESTONE SABANCI LASTİK SANAYİ VE TİCARET A.Ş. - Kurumsal Yönetim Bilgi Formu (Güncelleme) - Pay Sahipleri,Kurumsal Yönetim Bilgi Formu (Güncelleme) - Pay Sahipleri Pay Sahipleri - Güncelleme,https://www.kap.org.tr/tr/Bildirim/1578591,tr,2026-03-30T17:18:15+00:00
2026-03-30,BRLSM,KAP,BİRLEŞİM MÜHENDİSLİK ISITMA SOĞUTMA HAVALANDIRMA SANAYİ VE TİCARET A.Ş. - Yeni İş İlişkisi,Yeni İş İlişkisi Şirket ve Bağlı Ortaklığın Nihai Sözleşme İmzalaması,https://www.kap.org.tr/tr/Bildirim/1578066,tr,2026-03-30T11:11:14+00:00
2026-03-30,BULGS,KAP,BULLS GİRİŞİM SERMAYESİ YATIRIM ORTAKLIĞI A.Ş. - Finansal Duran Varlık Edinimi,Finansal Duran Varlık Edinimi Girişim Sermayesi Yatırımı Yapılması Hk. BINBN,https://www.kap.org.tr/tr/Bildirim/1579020,tr,2026-03-30T18:35:09+00:00
2026-03-30,CCOLA,KAP,COCA-COLA İÇECEK A.Ş. - Şirket Genel Bilgi Formu,Şirket Genel Bilgi Formu,https://www.kap.org.tr/tr/Bildirim/1578329,tr,2026-03-30T15:28:01+00:00
2026-03-30,CCOLA,KAP,COCA-COLA İÇECEK A.Ş. - Pay Dışında Sermaye Piyasası Aracı İşlemlerine İlişkin Bildirim (Faiz İçeren),Pay Dışında Sermaye Piyasası Aracı İşlemlerine İlişkin Bildirim (Faiz İçeren) Borçlanma Aracı Kupon Ödemesi ve İtfası,https://www.kap.org.tr/tr/Bildirim/1578328,tr,2026-03-30T15:27:48+00:00
2026-03-30,CEMTS,KAP,ÇEMTAŞ ÇELİK MAKİNA SANAYİ VE TİCARET A.Ş. - Şirket Genel Bilgi Formu,Şirket Genel Bilgi Formu,https://www.kap.org.tr/tr/Bildirim/1578589,tr,2026-03-30T17:17:12+00:00
2026-03-30,CEOEM,KAP,CEO EVENT MEDYA A.Ş. - Yeni İş İlişkisi,Yeni İş İlişkisi YENİ İŞ İLİŞKİSİ,https://www.kap.org.tr/tr/Bildirim/1578807,tr,2026-03-30T18:06:48+00:00
2026-03-30,CIMSA,KAP,ÇİMSA ÇİMENTO SANAYİ VE TİCARET A.Ş. - Entegre Rapor,Entegre Rapor 2025 Entegre Faaliyet Raporu,https://www.kap.org.tr/tr/Bildirim/1579729,tr,2026-03-30T23:28:27+00:00
2026-03-30,CIMSA,KAP,ÇİMSA ÇİMENTO SANAYİ VE TİCARET A.Ş. - TSRS Uyumlu Sürdürülebilirlik Raporu,TSRS Uyumlu Sürdürülebilirlik Raporu 31 Aralık 2025 tarihi itibarıyla TSRS Uyumlu Sürdürülebilirlik Raporu,https://www.kap.org.tr/tr/Bildirim/1579727,tr,2026-03-30T23:28:13+00:00
2026-03-30,CIMSA,KAP,ÇİMSA ÇİMENTO SANAYİ VE TİCARET A.Ş. - Şirket Genel Bilgi Formu,Şirket Genel Bilgi Formu,https://www.kap.org.tr/tr/Bildirim/1579321,tr,2026-03-30T19:57:46+00:00
2026-03-30,CIMSA,KAP,ÇİMSA ÇİMENTO SANAYİ VE TİCARET A.Ş. - Özel Durum Açıklaması (Genel),Özel Durum Açıklaması (Genel) Yönetim Kurulu Görev Dağılımı,https://www.kap.org.tr/tr/Bildirim/1579320,tr,2026-03-30T19:57:18+00:00
2026-03-30,CIMSA,KAP,ÇİMSA ÇİMENTO SANAYİ VE TİCARET A.Ş. - Kar Payı Dağıtım İşlemlerine İlişkin Bildirim,Kar Payı Dağıtım İşlemlerine İlişkin Bildirim 2025 yılına ait karın kullanım şekli ile ilgili Genel Kurul kararı,https://www.kap.org.tr/tr/Bildirim/1579304,tr,2026-03-30T19:52:30+00:00
2026-03-30,CIMSA,KAP,ÇİMSA ÇİMENTO SANAYİ VE TİCARET A.Ş. - Bağımsız Denetim Kuruluşunun Belirlenmesi,Bağımsız Denetim Kuruluşunun Belirlenmesi Bağımsız Denetim Kuruluşu Seçimi,https://www.kap.org.tr/tr/Bildirim/1579299,tr,2026-03-30T19:51:18+00:00
2026-03-30,CIMSA,KAP,ÇİMSA ÇİMENTO SANAYİ VE TİCARET A.Ş. - Genel Kurul İşlemlerine İlişkin Bildirim,Genel Kurul İşlemlerine İlişkin Bildirim Olağan Genel Kurul Sonuç Bildirimi,https://www.kap.org.tr/tr/Bildirim/1579275,tr,2026-03-30T19:45:40+00:00
2026-03-30,CMBTN,KAP,ÇİMBETON HAZIRBETON VE PREFABRİK YAPI ELEMANLARI SANAYİ VE TİCARET A.Ş. - Şirket Genel Bilgi Formu,Şirket Genel Bilgi Formu,https://www.kap.org.tr/tr/Bildirim/1578520,tr,2026-03-30T16:37:47+00:00
2026-03-30,CMENT,KAP,ÇİMENTAŞ İZMİR ÇİMENTO FABRİKASI T.A.Ş. - Şirket Genel Bilgi Formu,Şirket Genel Bilgi Formu,https://www.kap.org.tr/tr/Bildirim/1578523,tr,2026-03-30T16:39:17+00:00
2026-03-30,CMSAN,KAP,ÇAMSAN ENTEGRE AĞAÇ SANAYİ VE TİCARET A.Ş. - Sorumluluk Beyanı (Konsolide Olmayan),Sorumluluk Beyanı (Konsolide Olmayan) 01.01.2025-31.12.2025 dönemi Finansal Tablo ve Faaliyet Raporuna ilişkin Sorumluluk Beyanı,https://www.kap.org.tr/tr/Bildirim/1578876,tr,2026-03-30T18:13:59+00:00
2026-03-30,CMSAN,KAP,ÇAMSAN ENTEGRE AĞAÇ SANAYİ VE TİCARET A.Ş. - Faaliyet Raporu (Konsolide Olmayan),Faaliyet Raporu (Konsolide Olmayan) .,https://www.kap.org.tr/tr/Bildirim/1578873,tr,2026-03-30T18:13:30+00:00
2026-03-30,CMSAN,KAP,ÇAMSAN ENTEGRE AĞAÇ SANAYİ VE TİCARET A.Ş. - Finansal Rapor,Finansal Rapor,https://www.kap.org.tr/tr/Bildirim/1578866,tr,2026-03-30T18:13:01+00:00
2026-03-30,CRDFA,KAP,CREDITWEST FAKTORİNG A.Ş. - Kar Payı Dağıtım İşlemlerine İlişkin Bildirim,Kar Payı Dağıtım İşlemlerine İlişkin Bildirim 2025 Yılı Olağan Genel Kurul Toplantısında 2025 Yılı Karının Dağıtılmamasına Karar Verilmiştir.,https://www.kap.org.tr/tr/Bildirim/1578244,tr,2026-03-30T14:31:47+00:00
2026-03-30,CRDFA,KAP,CREDITWEST FAKTORİNG A.Ş. - Genel Kurul İşlemlerine İlişkin Bildirim,Genel Kurul İşlemlerine İlişkin Bildirim 2025 Yılı Olağan Genel Kurul Toplantısı Sonuçlanmıştır.,https://www.kap.org.tr/tr/Bildirim/1578228,tr,2026-03-30T14:27:15+00:00
2026-03-30,CRDFA,KAP,CREDITWEST FAKTORİNG A.Ş. - Pay Dışında Sermaye Piyasası Aracı İşlemlerine İlişkin Bildirim (Faiz İçeren),Pay Dışında Sermaye Piyasası Aracı İşlemlerine İlişkin Bildirim (Faiz İçeren) TRFTPFC62611 ISIN Kodlu Bono Kupon Ödemesi,https://www.kap.org.tr/tr/Bildirim/1578095,tr,2026-03-30T11:53:55+00:00
2026-03-30,CVKMD,KAP,CVK MADEN İŞLETMELERİ SANAYİ VE TİCARET A.Ş. - Özel Durum Açıklaması (Genel),Özel Durum Açıklaması (Genel) Yenipazar Polimetalik Maden İşletmesi Projesi Prefabrik Binalar ve Prekast Beton Binalar Yapımı Malzemeli İşçilik Anlaşması,https://www.kap.org.tr/tr/Bildirim/1578606,tr,2026-03-30T17:24:44+00:00
2026-03-30,CWENE,KAP,CW ENERJİ MÜHENDİSLİK TİCARET VE SANAYİ A.Ş. - Bağımsız Denetim Kuruluşunun Belirlenmesi,Bağımsız Denetim Kuruluşunun Belirlenmesi 2026 Yılı Bağımsız Denetim Şirketi Belirlenmesi Hk.,https://www.kap.org.tr/tr/Bildirim/1577969,tr,2026-03-30T08:49:47+00:00
2026-03-30,CWENE,KAP,CW ENERJİ MÜHENDİSLİK TİCARET VE SANAYİ A.Ş. - Özel Durum Açıklaması (Genel),Özel Durum Açıklaması (Genel) CW Plus Bayilik Açılışı Hk,https://www.kap.org.tr/tr/Bildirim/1577968,tr,2026-03-30T08:48:52+00:00
2026-03-30,DAGI,KAP,DAGİ GİYİM SANAYİ VE TİCARET A.Ş. - Payların Geri Alınmasına İlişkin Bildirim,Payların Geri Alınmasına İlişkin Bildirim 30.03.2026 Tarihli Pay Geri Alım İşlemleri Hk.,https://www.kap.org.tr/tr/Bildirim/1578996,tr,2026-03-30T18:31:42+00:00
2026-03-30,DAPGM,KAP,DAP GAYRİMENKUL GELİŞTİRME A.Ş. - Genel Kurul İşlemlerine İlişkin Bildirim,Genel Kurul İşlemlerine İlişkin Bildirim 2025 Yılı Olağan Genel Kurul Toplantı Çağrısı,https://www.kap.org.tr/tr/Bildirim/1578884,tr,2026-03-30T18:14:53+00:00
2026-03-30,DAPGM,KAP,DAP GAYRİMENKUL GELİŞTİRME A.Ş. - Kar Payı Dağıtım İşlemlerine İlişkin Bildirim,Kar Payı Dağıtım İşlemlerine İlişkin Bildirim 2025 Yılı Kar Payı Dağıtımına İlişkin Yönetim Kurulu Kararı Hakkında,https://www.kap.org.tr/tr/Bildirim/1578864,tr,2026-03-30T18:12:45+00:00
2026-03-30,DENGE,KAP,DENGE YATIRIM HOLDİNG A.Ş. - Şirket Genel Bilgi Formu,Şirket Genel Bilgi Formu,https://www.kap.org.tr/tr/Bildirim/1578387,tr,2026-03-30T15:45:43+00:00
2026-03-30,DENGE,KAP,DENGE YATIRIM HOLDİNG A.Ş. - Genel Kurul İşlemlerine İlişkin Bildirim,Genel Kurul İşlemlerine İlişkin Bildirim 30.03.2026 tarihinde yapılan 2026 yılı Olağanüstü Genel Kurul toplantısı hk.,https://www.kap.org.tr/tr/Bildirim/1578339,tr,2026-03-30T15:31:16+00:00
2026-03-30,DITAS,KAP,DİTAŞ DOĞAN YEDEK PARÇA İMALAT VE TEKNİK A.Ş. - Katılım Finansı İlkeleri Bilgi Formu,Katılım Finansı İlkeleri Bilgi Formu,https://www.kap.org.tr/tr/Bildirim/1579138,tr,2026-03-30T19:11:21+00:00
2026-03-30,DOAS,KAP,DOĞUŞ OTOMOTİV SERVİS VE TİCARET A.Ş. - Genel Kurul İşlemlerine İlişkin Bildirim,Genel Kurul İşlemlerine İlişkin Bildirim 2025 Faaliyet Yılı Olağan Genel Kurul Toplantı Sonucu,https://www.kap.org.tr/tr/Bildirim/1579396,tr,2026-03-30T20:36:35+00:00
2026-03-30,DSTKF,KAP,DESTEK FİNANS FAKTORİNG A.Ş. - Bağımsız Denetim Kuruluşunun Belirlenmesi,Bağımsız Denetim Kuruluşunun Belirlenmesi Bağımsız Denetim Kuruluşunun Tescil ve TTSG?de İlanı,https://www.kap.org.tr/tr/Bildirim/1578571,tr,2026-03-30T17:07:10+00:00
2026-03-30,DSTKF,KAP,DESTEK FİNANS FAKTORİNG A.Ş. - Genel Kurul İşlemlerine İlişkin Bildirim,Genel Kurul İşlemlerine İlişkin Bildirim 2025 Yılı Olağan Genel Kurul Kararlarının Tescil ve İlanı,https://www.kap.org.tr/tr/Bildirim/1578566,tr,2026-03-30T17:06:12+00:00
2026-03-30,EFOR,KAP,EFOR YATIRIM SANAYİ TİCARET A.Ş. - Payların Geri Alınmasına İlişkin Bildirim,Payların Geri Alınmasına İlişkin Bildirim 30.03.2026 Tarihli Pay Geri Alım İşlemleri,https://www.kap.org.tr/tr/Bildirim/1578982,tr,2026-03-30T18:29:54+00:00
2026-03-30,EGPRO,KAP,EGE PROFİL TİCARET VE SANAYİ A.Ş. - Kredi Derecelendirmesi,Kredi Derecelendirmesi JCR-Er Kredi Derecelendirme Notu,https://www.kap.org.tr/tr/Bildirim/1579096,tr,2026-03-30T18:53:15+00:00
2026-03-30,EKER,KAP,EKER SÜT ÜRÜNLERİ GIDA SANAYİ VE TİCARET A.Ş. - Kar Payı Bildirimi,Kar Payı Bildirimi 2025 Yılı Kar Dağıtımına İlişkin Genel Kurul Kararı,https://www.kap.org.tr/tr/Bildirim/1578204,tr,2026-03-30T13:27:58+00:00
2026-03-30,EKER,KAP,EKER SÜT ÜRÜNLERİ GIDA SANAYİ VE TİCARET A.Ş. - Bağımsız Denetim Kuruluşunun Belirlenmesi,Bağımsız Denetim Kuruluşunun Belirlenmesi 2026 Hesap Dönemi İçin Bağımsız Denetim Kuruluşu Seçiminin Tescili ve TTSG'de İlanı,https://www.kap.org.tr/tr/Bildirim/1578203,tr,2026-03-30T13:22:48+00:00
2026-03-30,EKOFA,KAP,EKO FAKTORİNG A.Ş. - Pay Dışında Sermaye Piyasası Aracı İşlemlerine İlişkin Bildirim (Faiz İçeren),Pay Dışında Sermaye Piyasası Aracı İşlemlerine İlişkin Bildirim (Faiz İçeren) TRFEKOF92616 ISIN KODLU BONO 2.KUPON FAİZ ORANI,https://www.kap.org.tr/tr/Bildirim/1578611,tr,2026-03-30T17:27:51+00:00
2026-03-30,EKTVK,KAP,EMLAK KATILIM VARLIK KİRALAMA A.Ş. - Pay Dışında Sermaye Piyasası Aracı İşlemlerine İlişkin Bildirim (Faizsiz),Pay Dışında Sermaye Piyasası Aracı İşlemlerine İlişkin Bildirim (Faizsiz) Şirketimiz Tarafından İhraç Edilmiş Olan TRDEVKS32672 ISIN Kodlu Kira Sertifikasının İtfası Hk. EKT,https://www.kap.org.tr/tr/Bildirim/1578218,tr,2026-03-30T14:12:30+00:00
2026-03-30,ENERY,KAP,ENERYA ENERJİ A.Ş. - Özel Durum Açıklaması (Genel),Özel Durum Açıklaması (Genel) Ahlatcı Altın İşletmeleri A.Ş. Hk.,https://www.kap.org.tr/tr/Bildirim/1578196,tr,2026-03-30T12:42:36+00:00
2026-03-30,EREGL,KAP,EREĞLİ DEMİR VE ÇELİK FABRİKALARI T.A.Ş. - Kar Payı Dağıtım İşlemlerine İlişkin Bildirim,Kar Payı Dağıtım İşlemlerine İlişkin Bildirim 2025 Olağan Genel Kurul Toplantısı Kar Dağıtım Sonucu,https://www.kap.org.tr/tr/Bildirim/1578858,tr,2026-03-30T18:12:02+00:00
2026-03-30,ETYAT,KAP,EURO TREND YATIRIM ORTAKLIĞI A.Ş. - Haftalık Rapor,Haftalık Rapor 27.03.2026 Tarihli Kağıt Bazlı Haftalık Rapor,https://www.kap.org.tr/tr/Bildirim/1578635,tr,2026-03-30T17:39:28+00:00
2026-03-30,ETYAT,KAP,EURO TREND YATIRIM ORTAKLIĞI A.Ş. - Özel Durum Açıklaması (Genel),"Özel Durum Açıklaması (Genel) BİAŞ'da oluşan ağırlıklı ortalama fiyatın,pay başına net aktif değerin 2 katını aşması",https://www.kap.org.tr/tr/Bildirim/1578486,tr,2026-03-30T16:17:24+00:00
2026-03-30,EUKYO,KAP,EURO KAPİTAL YATIRIM ORTAKLIĞI A.Ş. - Özel Durum Açıklaması (Genel),"Özel Durum Açıklaması (Genel) BİAŞ'da oluşan ağırlıklı ortalama fiyatın,pay başına net aktif değerin 2 katını aşması",https://www.kap.org.tr/tr/Bildirim/1578484,tr,2026-03-30T16:15:55+00:00
2026-03-30,EUKYO,KAP,EURO KAPİTAL YATIRIM ORTAKLIĞI A.Ş. - Haftalık Rapor,Haftalık Rapor 27.03.2026 Tarihli Kağıt Bazlı Haftalık Rapor,https://www.kap.org.tr/tr/Bildirim/1578480,tr,2026-03-30T16:15:25+00:00
2026-03-30,EUYO,KAP,EURO MENKUL KIYMET YATIRIM ORTAKLIĞI A.Ş. - Haftalık Rapor,Haftalık Rapor 27.03.2026 Tarihli Kağıt Bazlı Haftalık Rapor,https://www.kap.org.tr/tr/Bildirim/1578476,tr,2026-03-30T16:13:34+00:00
2026-03-30,EUYO,KAP,EURO MENKUL KIYMET YATIRIM ORTAKLIĞI A.Ş. - Özel Durum Açıklaması (Genel),"Özel Durum Açıklaması (Genel) BİAŞ'da oluşan ağırlıklı ortalama fiyatın,pay başına net aktif değerin 2 katını aşması",https://www.kap.org.tr/tr/Bildirim/1578475,tr,2026-03-30T16:12:41+00:00
2026-03-30,FENER,KAP,FENERBAHÇE FUTBOL A.Ş. - TSRS Uyumlu Sürdürülebilirlik Raporu,TSRS Uyumlu Sürdürülebilirlik Raporu 01.06.2024-31.05.2025 TSRS Uyumlu Sürdürülebilirlik Raporu,https://www.kap.org.tr/tr/Bildirim/1578999,tr,2026-03-30T18:31:43+00:00
2026-03-30,FIN,KAP,QNB BANK A.Ş. - Pay Dışında Sermaye Piyasası Aracı İşlemlerine İlişkin Bildirim (Faiz İçeren),Pay Dışında Sermaye Piyasası Aracı İşlemlerine İlişkin Bildirim (Faiz İçeren) MTN programı kapsamında yurtdışında ihraç edilen borçlanma aracının ihracı,https://www.kap.org.tr/tr/Bildirim/1578587,tr,2026-03-30T17:16:25+00:00
2026-03-30,FIN,KAP,QNB BANK A.Ş. - Pay Dışında Sermaye Piyasası Aracı İşlemlerine İlişkin Bildirim (Faiz İçeren),Pay Dışında Sermaye Piyasası Aracı İşlemlerine İlişkin Bildirim (Faiz İçeren) MTN programı kapsamında yurtdışında ihraç edilen borçlanma aracının ihracı,https://www.kap.org.tr/tr/Bildirim/1578586,tr,2026-03-30T17:15:45+00:00
2026-03-30,FIN,KAP,QNB BANK A.Ş. - Pay Dışında Sermaye Piyasası Aracı İşlemlerine İlişkin Bildirim (Faiz İçeren),Pay Dışında Sermaye Piyasası Aracı İşlemlerine İlişkin Bildirim (Faiz İçeren) MTN programı kapsamında yurtdışında ihraç edilen borçlanma aracının itfası,https://www.kap.org.tr/tr/Bildirim/1578584,tr,2026-03-30T17:15:02+00:00
2026-03-30,FROTO,KAP,FORD OTOMOTİV SANAYİ A.Ş. - Bağımsız Denetim Kuruluşunun Belirlenmesi,Bağımsız Denetim Kuruluşunun Belirlenmesi Bağımsız Denetim Kuruluşunun Tescili,https://www.kap.org.tr/tr/Bildirim/1578319,tr,2026-03-30T15:24:50+00:00
2026-03-30,FROTO,KAP,FORD OTOMOTİV SANAYİ A.Ş. - Genel Kurul İşlemlerine İlişkin Bildirim,Genel Kurul İşlemlerine İlişkin Bildirim Olağan Genel Kurul Tescili,https://www.kap.org.tr/tr/Bildirim/1578089,tr,2026-03-30T11:51:31+00:00
2026-03-30,FROTO,KAP,FORD OTOMOTİV SANAYİ A.Ş. - Kurumsal Yönetim İlkelerine Uyum Derecelendirmesi,Kurumsal Yönetim İlkelerine Uyum Derecelendirmesi Kurumsal Yönetim İlkelerine Uyum Derecelendirme Sözleşmesinin Yenilenmesi,https://www.kap.org.tr/tr/Bildirim/1578055,tr,2026-03-30T10:54:24+00:00
2026-03-30,GARAN,KAP,TÜRKİYE GARANTİ BANKASI A.Ş. - Pay Dışında Sermaye Piyasası Aracı İşlemlerine İlişkin Bildirim (Faiz İçeren),Pay Dışında Sermaye Piyasası Aracı İşlemlerine İlişkin Bildirim (Faiz İçeren) MTN ihracı itfası,https://www.kap.org.tr/tr/Bildirim/1578859,tr,2026-03-30T18:12:06+00:00
2026-03-30,GARAN,KAP,TÜRKİYE GARANTİ BANKASI A.Ş. - Pay Dışında Sermaye Piyasası Aracı İşlemlerine İlişkin Bildirim (Faiz İçeren),Pay Dışında Sermaye Piyasası Aracı İşlemlerine İlişkin Bildirim (Faiz İçeren) MTN ihracı itfası,https://www.kap.org.tr/tr/Bildirim/1578857,tr,2026-03-30T18:11:54+00:00
2026-03-30,GARFA,KAP,GARANTİ FAKTORİNG A.Ş. - Kar Payı Dağıtım İşlemlerine İlişkin Bildirim,Kar Payı Dağıtım İşlemlerine İlişkin Bildirim 2025 Yılı Kar Payı Dağıtımının Olağan Genel Kurul Toplantısında Görüşülmesi,https://www.kap.org.tr/tr/Bildirim/1578389,tr,2026-03-30T15:45:45+00:00
2026-03-30,GARFA,KAP,GARANTİ FAKTORİNG A.Ş. - Genel Kurul İşlemlerine İlişkin Bildirim,Genel Kurul İşlemlerine İlişkin Bildirim 2025 Yılı Olağan Genel Kurul Toplantı Sonucu,https://www.kap.org.tr/tr/Bildirim/1578352,tr,2026-03-30T15:39:56+00:00
2026-03-30,GGBVK,KAP,GOLDEN GLOBAL VARLIK KİRALAMA A.Ş. - İhraç Tavanına İlişkin Bildirim,İhraç Tavanına İlişkin Bildirim Kira Sertifikası İhraç Tavanı Onayı Hk. GGI,https://www.kap.org.tr/tr/Bildirim/1578162,tr,2026-03-30T12:03:47+00:00
2026-03-30,GIPTA,KAP,GIPTA OFİS KIRTASİYE VE PROMOSYON ÜRÜNLERİ İMALAT SANAYİ A.Ş. - Bağımsız Denetim Kuruluşunun Belirlenmesi,Bağımsız Denetim Kuruluşunun Belirlenmesi Bağımsız Denetim Şirketi Seçimi Hk.,https://www.kap.org.tr/tr/Bildirim/1578889,tr,2026-03-30T18:15:24+00:00
2026-03-30,GIPTA,KAP,GIPTA OFİS KIRTASİYE VE PROMOSYON ÜRÜNLERİ İMALAT SANAYİ A.Ş. - Kar Payı Dağıtım İşlemlerine İlişkin Bildirim,Kar Payı Dağıtım İşlemlerine İlişkin Bildirim Kâr Payı Dağıtım İşlemlerine İlişkin Bildirim hk.,https://www.kap.org.tr/tr/Bildirim/1578887,tr,2026-03-30T18:15:09+00:00
2026-03-30,GIPTA,KAP,GIPTA OFİS KIRTASİYE VE PROMOSYON ÜRÜNLERİ İMALAT SANAYİ A.Ş. - Genel Kurul İşlemlerine İlişkin Bildirim,Genel Kurul İşlemlerine İlişkin Bildirim 2025 Yılı Olağan Genel Kurul Toplantı Daveti,https://www.kap.org.tr/tr/Bildirim/1578885,tr,2026-03-30T18:14:54+00:00
2026-03-30,GIPTA,KAP,GIPTA OFİS KIRTASİYE VE PROMOSYON ÜRÜNLERİ İMALAT SANAYİ A.Ş. - Esas Sözleşme Tadili,Esas Sözleşme Tadili Esas Sözleşme Değişikliği SPK Başvurusu Hk.,https://www.kap.org.tr/tr/Bildirim/1578882,tr,2026-03-30T18:14:38+00:00
2026-03-30,GLYHO,KAP,GLOBAL YATIRIM HOLDİNG A.Ş. - Payların Geri Alınmasına İlişkin Bildirim,Payların Geri Alınmasına İlişkin Bildirim 30.03.2026 Tarihli Pay Geri Alım İşlemleri,https://www.kap.org.tr/tr/Bildirim/1578924,tr,2026-03-30T18:22:59+00:00
2026-03-30,GMTAS,KAP,GİMAT MAĞAZACILIK SANAYİ VE TİCARET A.Ş. - Katılım Finansı İlkeleri Bilgi Formu,Katılım Finansı İlkeleri Bilgi Formu,https://www.kap.org.tr/tr/Bildirim/1578851,tr,2026-03-30T18:11:07+00:00
2026-03-30,GOODY,KAP,GOODYEAR LASTİKLERİ T.A.Ş. - Özel Durum Açıklaması (Genel),Özel Durum Açıklaması (Genel) Üst Yönetim Değişikliği,https://www.kap.org.tr/tr/Bildirim/1578009,tr,2026-03-30T10:00:38+00:00
2026-03-30,GRNYO,KAP,GARANTİ YATIRIM ORTAKLIĞI A.Ş. - Özel Durum Açıklaması (Genel),"Özel Durum Açıklaması (Genel) Paylarının BİAŞ'ta oluşan ağırlıklı ortalama fiyatının, pay başına net aktif değerinin 2 katını aşması hakkında.",https://www.kap.org.tr/tr/Bildirim/1578052,tr,2026-03-30T10:52:10+00:00
2026-03-30,GRNYO,KAP,GARANTİ YATIRIM ORTAKLIĞI A.Ş. - Haftalık Rapor,Haftalık Rapor 27.03.2026 tarihli haftalık rapordur.,https://www.kap.org.tr/tr/Bildirim/1578050,tr,2026-03-30T10:51:45+00:00
2026-03-30,GUBRF,KAP,GÜBRE FABRİKALARI T.A.Ş. - Özel Durum Açıklaması (Genel),Özel Durum Açıklaması (Genel) Bağlı Ortaklığın Kar Dağıtımı Kararı,https://www.kap.org.tr/tr/Bildirim/1579200,tr,2026-03-30T19:28:36+00:00
2026-03-30,GWIND,KAP,GALATA WIND ENERJİ A.Ş. - Payların Geri Alınmasına İlişkin Bildirim,Payların Geri Alınmasına İlişkin Bildirim 30.03.2026 tarihli Geri Alım İşlemleri,https://www.kap.org.tr/tr/Bildirim/1579394,tr,2026-03-30T20:34:21+00:00
2026-03-30,GWIND,KAP,GALATA WIND ENERJİ A.Ş. - Kredi Derecelendirmesi,Kredi Derecelendirmesi JCR Kredi Derecelendirmesi,https://www.kap.org.tr/tr/Bildirim/1579027,tr,2026-03-30T18:37:13+00:00
2026-03-30,HALKI,KAP,HALK YATIRIM MENKUL DEĞERLER A.Ş. - Likidite Sağlayıcılık Kapsamındaki İşlemler,"Likidite Sağlayıcılık Kapsamındaki İşlemler Emlak Konut Damlakent Projesi Gayrimenkul Sertifikalarında (DMLKT.G) Likidite Sağlayacılık Kapsamında Gerçekleştirilen İşlemler 16.03.2026-27.03.2026 DMLKT, EKGYO",https://www.kap.org.tr/tr/Bildirim/1578049,tr,2026-03-30T10:51:36+00:00
2026-03-30,HALKI,KAP,HALK YATIRIM MENKUL DEĞERLER A.Ş. - Özel Durum Açıklaması (Genel),Özel Durum Açıklaması (Genel) EMPAE için fiyat istikrarını sağlayıcı işlemlerin süresinin sona ermesi hk. EMPAE,https://www.kap.org.tr/tr/Bildirim/1577996,tr,2026-03-30T09:46:21+00:00
2026-03-30,HATSN,KAP,HAT-SAN GEMİ İNŞAA BAKIM ONARIM DENİZ NAKLİYAT SANAYİ VE TİCARET A.Ş. - Bağımsız Denetim Kuruluşunun Belirlenmesi,Bağımsız Denetim Kuruluşunun Belirlenmesi 2026 Yılı Sürdürülebilirlik Denetçisi Seçimi Hakkında,https://www.kap.org.tr/tr/Bildirim/1579566,tr,2026-03-30T22:19:17+00:00
2026-03-30,HATSN,KAP,HAT-SAN GEMİ İNŞAA BAKIM ONARIM DENİZ NAKLİYAT SANAYİ VE TİCARET A.Ş. - Bağımsız Denetim Kuruluşunun Belirlenmesi,Bağımsız Denetim Kuruluşunun Belirlenmesi 2025 Yılı Sürdürülebilirlik Denetçisi Hakkında,https://www.kap.org.tr/tr/Bildirim/1579564,tr,2026-03-30T22:18:07+00:00
2026-03-30,HATSN,KAP,HAT-SAN GEMİ İNŞAA BAKIM ONARIM DENİZ NAKLİYAT SANAYİ VE TİCARET A.Ş. - Bağımsız Denetim Kuruluşunun Belirlenmesi,Bağımsız Denetim Kuruluşunun Belirlenmesi Bağımsız Denetim Kuruluşu Seçimi Hakkında,https://www.kap.org.tr/tr/Bildirim/1579561,tr,2026-03-30T22:16:27+00:00
2026-03-30,HATSN,KAP,HAT-SAN GEMİ İNŞAA BAKIM ONARIM DENİZ NAKLİYAT SANAYİ VE TİCARET A.Ş. - Kar Payı Dağıtım İşlemlerine İlişkin Bildirim,Kar Payı Dağıtım İşlemlerine İlişkin Bildirim 2025 Yılı Kar Payı Dağıtım işlemleri Hakkında,https://www.kap.org.tr/tr/Bildirim/1579556,tr,2026-03-30T22:13:08+00:00
2026-03-30,HATSN,KAP,HAT-SAN GEMİ İNŞAA BAKIM ONARIM DENİZ NAKLİYAT SANAYİ VE TİCARET A.Ş. - Genel Kurul İşlemlerine İlişkin Bildirim,Genel Kurul İşlemlerine İlişkin Bildirim 2025 Yılı Olağan Genel Kurul Toplantısı Sonuçları Hakkında,https://www.kap.org.tr/tr/Bildirim/1579389,tr,2026-03-30T20:32:01+00:00
2026-03-30,HDFVK,KAP,HEDEF VARLIK KİRALAMA A.Ş. - Özel Durum Açıklaması (Genel),Özel Durum Açıklaması (Genel) Yönetim Kurulu Üyesi Ataması Hk.,https://www.kap.org.tr/tr/Bildirim/1578217,tr,2026-03-30T14:11:05+00:00
2026-03-30,HDFYB,KAP,HEDEF YATIRIM BANKASI A.Ş. - Pay Dışında Sermaye Piyasası Aracı İşlemlerine İlişkin Bildirim (Faiz İçeren),Pay Dışında Sermaye Piyasası Aracı İşlemlerine İlişkin Bildirim (Faiz İçeren) İtfa Ödeme Bildirimi,https://www.kap.org.tr/tr/Bildirim/1578080,tr,2026-03-30T11:41:00+00:00
2026-03-30,HDFYB,KAP,HEDEF YATIRIM BANKASI A.Ş. - Pay Dışında Sermaye Piyasası Aracı İşlemlerine İlişkin Bildirim (Faiz İçeren),Pay Dışında Sermaye Piyasası Aracı İşlemlerine İlişkin Bildirim (Faiz İçeren) İtfa Ödeme Bildirimi,https://www.kap.org.tr/tr/Bildirim/1578079,tr,2026-03-30T11:38:59+00:00
2026-03-30,HDFYB,KAP,HEDEF YATIRIM BANKASI A.Ş. - Pay Dışında Sermaye Piyasası Aracı İşlemlerine İlişkin Bildirim (Faiz İçeren),Pay Dışında Sermaye Piyasası Aracı İşlemlerine İlişkin Bildirim (Faiz İçeren) İtfa Ödeme Bildirim,https://www.kap.org.tr/tr/Bildirim/1578078,tr,2026-03-30T11:36:18+00:00
2026-03-30,HLY,KAP,HALK YATIRIM MENKUL DEĞERLER A.Ş. - Likidite Sağlayıcılık Kapsamındaki İşlemler,"Likidite Sağlayıcılık Kapsamındaki İşlemler Emlak Konut Damlakent Projesi Gayrimenkul Sertifikalarında (DMLKT.G) Likidite Sağlayacılık Kapsamında Gerçekleştirilen İşlemler 16.03.2026-27.03.2026 DMLKT, EKGYO",https://www.kap.org.tr/tr/Bildirim/1578049,tr,2026-03-30T10:51:36+00:00
2026-03-30,HLY,KAP,HALK YATIRIM MENKUL DEĞERLER A.Ş. - Özel Durum Açıklaması (Genel),Özel Durum Açıklaması (Genel) EMPAE için fiyat istikrarını sağlayıcı işlemlerin süresinin sona ermesi hk. EMPAE,https://www.kap.org.tr/tr/Bildirim/1577996,tr,2026-03-30T09:46:21+00:00
2026-03-30,HYB,KAP,HEDEF YATIRIM BANKASI A.Ş. - Pay Dışında Sermaye Piyasası Aracı İşlemlerine İlişkin Bildirim (Faiz İçeren),Pay Dışında Sermaye Piyasası Aracı İşlemlerine İlişkin Bildirim (Faiz İçeren) İtfa Ödeme Bildirimi,https://www.kap.org.tr/tr/Bildirim/1578080,tr,2026-03-30T11:41:00+00:00
2026-03-30,HYB,KAP,HEDEF YATIRIM BANKASI A.Ş. - Pay Dışında Sermaye Piyasası Aracı İşlemlerine İlişkin Bildirim (Faiz İçeren),Pay Dışında Sermaye Piyasası Aracı İşlemlerine İlişkin Bildirim (Faiz İçeren) İtfa Ödeme Bildirimi,https://www.kap.org.tr/tr/Bildirim/1578079,tr,2026-03-30T11:38:59+00:00
2026-03-30,HYB,KAP,HEDEF YATIRIM BANKASI A.Ş. - Pay Dışında Sermaye Piyasası Aracı İşlemlerine İlişkin Bildirim (Faiz İçeren),Pay Dışında Sermaye Piyasası Aracı İşlemlerine İlişkin Bildirim (Faiz İçeren) İtfa Ödeme Bildirim,https://www.kap.org.tr/tr/Bildirim/1578078,tr,2026-03-30T11:36:18+00:00
2026-03-30,ICUGS,KAP,ICU GİRİŞİM SERMAYESİ YATIRIM ORTAKLIĞI A.Ş. - Bağımsız Denetim Kuruluşunun Belirlenmesi,Bağımsız Denetim Kuruluşunun Belirlenmesi 2026 yılı Bağımsız Dış Denetim Şirketi Seçimi,https://www.kap.org.tr/tr/Bildirim/1578906,tr,2026-03-30T18:18:54+00:00
2026-03-30,INFO,KAP,İNFO YATIRIM MENKUL DEĞERLER A.Ş. - Likidite Sağlayıcılık Kapsamındaki İşlemler,Likidite Sağlayıcılık Kapsamındaki İşlemler KRVGD Paylarında Likidite Sağlayıcılık Faaliyetleri Kapsamında Gerçekleştirilen İşlemler KRVGD,https://www.kap.org.tr/tr/Bildirim/1579559,tr,2026-03-30T22:16:08+00:00
2026-03-30,INFO,KAP,İNFO YATIRIM MENKUL DEĞERLER A.Ş. - Özel Durum Açıklaması (Genel),Özel Durum Açıklaması (Genel) İrtibat Bürosu kapatılmasına İlişkin Başvuru hk.,https://www.kap.org.tr/tr/Bildirim/1578848,tr,2026-03-30T18:10:51+00:00
2026-03-30,INFO,KAP,İNFO YATIRIM MENKUL DEĞERLER A.Ş. - Yatırım Kuruluşu Varant - Sertifika - Senetlerine İlişkin Bildirim,Yatırım Kuruluşu Varant - Sertifika - Senetlerine İlişkin Bildirim İnfo Yatırım Varant ve Sertifikaları Piyasa Yapıcı Alım Satım İşlemleri Bildirimi,https://www.kap.org.tr/tr/Bildirim/1578205,tr,2026-03-30T13:29:15+00:00
2026-03-30,ISDMR,KAP,İSKENDERUN DEMİR VE ÇELİK A.Ş. - Kar Payı Dağıtım İşlemlerine İlişkin Bildirim,Kar Payı Dağıtım İşlemlerine İlişkin Bildirim 2025 Olağan Genel Kurul Toplantısı Kar Dağıtım Sonucu,https://www.kap.org.tr/tr/Bildirim/1578853,tr,2026-03-30T18:11:21+00:00
2026-03-30,ISGYO,KAP,İŞ GAYRİMENKUL YATIRIM ORTAKLIĞI A.Ş. - İlişkili Taraf İşlemleri,İlişkili Taraf İşlemleri Tapu Devir İşleminin Tamamlanması Hk. ISCTR,https://www.kap.org.tr/tr/Bildirim/1578290,tr,2026-03-30T15:17:43+00:00
2026-03-30,ISMEN,KAP,İŞ YATIRIM MENKUL DEĞERLER A.Ş. - Genel Kurul İşlemlerine İlişkin Bildirim,Genel Kurul İşlemlerine İlişkin Bildirim Olağan Genel Kurul Toplantı Sonuçları.,https://www.kap.org.tr/tr/Bildirim/1579751,tr,2026-03-30T23:59:21+00:00
2026-03-30,ISMEN,KAP,İŞ YATIRIM MENKUL DEĞERLER A.Ş. - Bağımsız Denetim Kuruluşunun Belirlenmesi,Bağımsız Denetim Kuruluşunun Belirlenmesi Bağımsız Denetim Kuruluşunun Belirlenmesi.,https://www.kap.org.tr/tr/Bildirim/1579576,tr,2026-03-30T22:24:40+00:00
2026-03-30,ISMEN,KAP,İŞ YATIRIM MENKUL DEĞERLER A.Ş. - Yönetim Kurulu Komiteleri,Yönetim Kurulu Komiteleri Yönetim Kurulu Komiteleri.,https://www.kap.org.tr/tr/Bildirim/1579575,tr,2026-03-30T22:23:58+00:00
2026-03-30,ISMEN,KAP,İŞ YATIRIM MENKUL DEĞERLER A.Ş. - Özel Durum Açıklaması (Genel),Özel Durum Açıklaması (Genel) Yönetim Kurulu Görev Dağılımı.,https://www.kap.org.tr/tr/Bildirim/1579558,tr,2026-03-30T22:15:53+00:00
2026-03-30,ISMEN,KAP,İŞ YATIRIM MENKUL DEĞERLER A.Ş. - Kar Payı Dağıtım İşlemlerine İlişkin Bildirim,Kar Payı Dağıtım İşlemlerine İlişkin Bildirim Genel Kurul'un kar dağıtım kararı,https://www.kap.org.tr/tr/Bildirim/1579549,tr,2026-03-30T22:08:09+00:00
2026-03-30,ISMEN,KAP,İŞ YATIRIM MENKUL DEĞERLER A.Ş. - Genel Kurul İşlemlerine İlişkin Bildirim,Genel Kurul İşlemlerine İlişkin Bildirim Olağan Genel Kurul Toplantı Sonuçları.,https://www.kap.org.tr/tr/Bildirim/1579533,tr,2026-03-30T21:49:49+00:00
2026-03-30,ISMEN,KAP,İŞ YATIRIM MENKUL DEĞERLER A.Ş. - Piyasa Yapıcılığı Kapsamında Gerçekleştirilen İşlemler Bildirimi,Piyasa Yapıcılığı Kapsamında Gerçekleştirilen İşlemler Bildirimi Borsa Yatırım Fonu Piyasa Yapıcılığı İşlemleri ISGLK,https://www.kap.org.tr/tr/Bildirim/1578040,tr,2026-03-30T10:41:18+00:00
2026-03-30,ISMEN,KAP,İŞ YATIRIM MENKUL DEĞERLER A.Ş. - Yatırım Kuruluşu Varant - Sertifika - Senetlerine İlişkin Bildirim,Yatırım Kuruluşu Varant - Sertifika - Senetlerine İlişkin Bildirim İş Yatırım Sertifika ve Varant Alım Satım İşlemleri,https://www.kap.org.tr/tr/Bildirim/1578038,tr,2026-03-30T10:40:27+00:00
2026-03-30,ISYAT,KAP,İŞ YATIRIM ORTAKLIĞI A.Ş. - Haftalık Rapor,Haftalık Rapor 27.03.2026 Tarihli Haftalık Rapor,https://www.kap.org.tr/tr/Bildirim/1578687,tr,2026-03-30T17:51:37+00:00
2026-03-30,IYF,KAP,İNFO YATIRIM MENKUL DEĞERLER A.Ş. - Likidite Sağlayıcılık Kapsamındaki İşlemler,Likidite Sağlayıcılık Kapsamındaki İşlemler KRVGD Paylarında Likidite Sağlayıcılık Faaliyetleri Kapsamında Gerçekleştirilen İşlemler KRVGD,https://www.kap.org.tr/tr/Bildirim/1579559,tr,2026-03-30T22:16:08+00:00
2026-03-30,IYF,KAP,İNFO YATIRIM MENKUL DEĞERLER A.Ş. - Özel Durum Açıklaması (Genel),Özel Durum Açıklaması (Genel) İrtibat Bürosu kapatılmasına İlişkin Başvuru hk.,https://www.kap.org.tr/tr/Bildirim/1578848,tr,2026-03-30T18:10:51+00:00
2026-03-30,IYF,KAP,İNFO YATIRIM MENKUL DEĞERLER A.Ş. - Yatırım Kuruluşu Varant - Sertifika - Senetlerine İlişkin Bildirim,Yatırım Kuruluşu Varant - Sertifika - Senetlerine İlişkin Bildirim İnfo Yatırım Varant ve Sertifikaları Piyasa Yapıcı Alım Satım İşlemleri Bildirimi,https://www.kap.org.tr/tr/Bildirim/1578205,tr,2026-03-30T13:29:15+00:00
2026-03-30,IYM,KAP,İŞ YATIRIM MENKUL DEĞERLER A.Ş. - Genel Kurul İşlemlerine İlişkin Bildirim,Genel Kurul İşlemlerine İlişkin Bildirim Olağan Genel Kurul Toplantı Sonuçları.,https://www.kap.org.tr/tr/Bildirim/1579751,tr,2026-03-30T23:59:21+00:00
2026-03-30,IYM,KAP,İŞ YATIRIM MENKUL DEĞERLER A.Ş. - Bağımsız Denetim Kuruluşunun Belirlenmesi,Bağımsız Denetim Kuruluşunun Belirlenmesi Bağımsız Denetim Kuruluşunun Belirlenmesi.,https://www.kap.org.tr/tr/Bildirim/1579576,tr,2026-03-30T22:24:40+00:00
2026-03-30,IYM,KAP,İŞ YATIRIM MENKUL DEĞERLER A.Ş. - Yönetim Kurulu Komiteleri,Yönetim Kurulu Komiteleri Yönetim Kurulu Komiteleri.,https://www.kap.org.tr/tr/Bildirim/1579575,tr,2026-03-30T22:23:58+00:00
2026-03-30,IYM,KAP,İŞ YATIRIM MENKUL DEĞERLER A.Ş. - Özel Durum Açıklaması (Genel),Özel Durum Açıklaması (Genel) Yönetim Kurulu Görev Dağılımı.,https://www.kap.org.tr/tr/Bildirim/1579558,tr,2026-03-30T22:15:53+00:00
2026-03-30,IYM,KAP,İŞ YATIRIM MENKUL DEĞERLER A.Ş. - Kar Payı Dağıtım İşlemlerine İlişkin Bildirim,Kar Payı Dağıtım İşlemlerine İlişkin Bildirim Genel Kurul'un kar dağıtım kararı,https://www.kap.org.tr/tr/Bildirim/1579549,tr,2026-03-30T22:08:09+00:00
2026-03-30,IYM,KAP,İŞ YATIRIM MENKUL DEĞERLER A.Ş. - Genel Kurul İşlemlerine İlişkin Bildirim,Genel Kurul İşlemlerine İlişkin Bildirim Olağan Genel Kurul Toplantı Sonuçları.,https://www.kap.org.tr/tr/Bildirim/1579533,tr,2026-03-30T21:49:49+00:00
2026-03-30,IYM,KAP,İŞ YATIRIM MENKUL DEĞERLER A.Ş. - Piyasa Yapıcılığı Kapsamında Gerçekleştirilen İşlemler Bildirimi,Piyasa Yapıcılığı Kapsamında Gerçekleştirilen İşlemler Bildirimi Borsa Yatırım Fonu Piyasa Yapıcılığı İşlemleri ISGLK,https://www.kap.org.tr/tr/Bildirim/1578040,tr,2026-03-30T10:41:18+00:00
2026-03-30,IYM,KAP,İŞ YATIRIM MENKUL DEĞERLER A.Ş. - Yatırım Kuruluşu Varant - Sertifika - Senetlerine İlişkin Bildirim,Yatırım Kuruluşu Varant - Sertifika - Senetlerine İlişkin Bildirim İş Yatırım Sertifika ve Varant Alım Satım İşlemleri,https://www.kap.org.tr/tr/Bildirim/1578038,tr,2026-03-30T10:40:27+00:00
2026-03-30,KATVK,KAP,KATILIM VARLIK KİRALAMA A.Ş. - İhraç Tavanına İlişkin Bildirim,İhraç Tavanına İlişkin Bildirim Kira Sertifikası İhracına İlişkin Yönetim Kurulu Kararı Alınması SMRTG,https://www.kap.org.tr/tr/Bildirim/1578433,tr,2026-03-30T15:56:39+00:00
2026-03-30,KATVK,KAP,KATILIM VARLIK KİRALAMA A.Ş. - İhraç Belgesi,İhraç Belgesi Kira Sertifikası İhraç Tavanına İlişkin SPK Onayı AKCVR,https://www.kap.org.tr/tr/Bildirim/1578432,tr,2026-03-30T15:56:31+00:00
2026-03-30,KATVK,KAP,KATILIM VARLIK KİRALAMA A.Ş. - İhraç Tavanına İlişkin Bildirim,İhraç Tavanına İlişkin Bildirim Kira Sertifikası İhraç Tavanına İlişkin SPK Onayı AKCVR,https://www.kap.org.tr/tr/Bildirim/1578430,tr,2026-03-30T15:56:10+00:00
2026-03-30,KLVKS,KAP,KALKINMA YATIRIM VARLIK KİRALAMA A.Ş. - Pay Dışında Sermaye Piyasası Aracı İşlemlerine İlişkin Bildirim (Faizsiz),"Pay Dışında Sermaye Piyasası Aracı İşlemlerine İlişkin Bildirim (Faizsiz) TRDKLVK32625 ISIN Kodlu Yurtiçi Kira Sertifikalarının İtfa ve Getiri Ödeme İşlemlerinin Tamamlanması Hk. VAKFN, VKY",https://www.kap.org.tr/tr/Bildirim/1578206,tr,2026-03-30T13:29:37+00:00
2026-03-30,KONKA,KAP,KONYA KAĞIT SANAYİ VE TİCARET A.Ş. - Şirket Genel Bilgi Formu,Şirket Genel Bilgi Formu,https://www.kap.org.tr/tr/Bildirim/1578327,tr,2026-03-30T15:27:00+00:00
2026-03-30,KORTS,KAP,KORTEKS MENSUCAT SANAYİ VE TİCARET A.Ş. - Pay Dışında Sermaye Piyasası Aracı İşlemlerine İlişkin Bildirim (Faiz İçeren),Pay Dışında Sermaye Piyasası Aracı İşlemlerine İlişkin Bildirim (Faiz İçeren) TRSKORT72614 ISIN kodlu Korteks ihracının 4. kupon dönemine ilişkin faiz oranı açıklaması,https://www.kap.org.tr/tr/Bildirim/1578525,tr,2026-03-30T16:40:14+00:00
2026-03-30,KORTS,KAP,KORTEKS MENSUCAT SANAYİ VE TİCARET A.Ş. - Pay Dışında Sermaye Piyasası Aracı İşlemlerine İlişkin Bildirim (Faiz İçeren),Pay Dışında Sermaye Piyasası Aracı İşlemlerine İlişkin Bildirim (Faiz İçeren) TRSKORT52616 ISIN kodlu Korteks ihracının 11. kupon ödeme dönemine ilişkin açıklama,https://www.kap.org.tr/tr/Bildirim/1578107,tr,2026-03-30T11:55:11+00:00
2026-03-30,KRDMA,KAP,KARDEMİR KARABÜK DEMİR ÇELİK SANAYİ VE TİCARET A.Ş. - Özel Durum Açıklaması (Genel),Özel Durum Açıklaması (Genel) Görevden Ayrılma Hk.,https://www.kap.org.tr/tr/Bildirim/1579398,tr,2026-03-30T20:38:09+00:00
2026-03-30,KRDMB,KAP,KARDEMİR KARABÜK DEMİR ÇELİK SANAYİ VE TİCARET A.Ş. - Özel Durum Açıklaması (Genel),Özel Durum Açıklaması (Genel) Görevden Ayrılma Hk.,https://www.kap.org.tr/tr/Bildirim/1579398,tr,2026-03-30T20:38:09+00:00
2026-03-30,KRDMD,KAP,KARDEMİR KARABÜK DEMİR ÇELİK SANAYİ VE TİCARET A.Ş. - Özel Durum Açıklaması (Genel),Özel Durum Açıklaması (Genel) Görevden Ayrılma Hk.,https://www.kap.org.tr/tr/Bildirim/1579398,tr,2026-03-30T20:38:09+00:00
2026-03-30,KRTEK,KAP,KARSU TEKSTİL SANAYİİ VE TİCARET A.Ş. - Kayıtlı Sermaye Tavanı İşlemlerine İlişkin Bildirim,Kayıtlı Sermaye Tavanı İşlemlerine İlişkin Bildirim Kayıtlı Sermaye Tavan Artışı ve Süre Uzatımı-Ticaret Bakanlığı Onayı Hk.,https://www.kap.org.tr/tr/Bildirim/1578067,tr,2026-03-30T11:14:34+00:00
2026-03-30,KTSVK,KAP,KT SUKUK VARLIK KİRALAMA A.Ş. - Tertip İhraç Belgesi,Tertip İhraç Belgesi Tertip İhraç Belgesi 500 Milyon TL FNCLL,https://www.kap.org.tr/tr/Bildirim/1578521,tr,2026-03-30T16:37:56+00:00
2026-03-30,KUTPO,KAP,KÜTAHYA PORSELEN SANAYİ A.Ş. - Bağımsız Denetim Kuruluşunun Belirlenmesi,Bağımsız Denetim Kuruluşunun Belirlenmesi Sürdürülebilirlik Bağımsız Denetim Şirketi Seçimi,https://www.kap.org.tr/tr/Bildirim/1578783,tr,2026-03-30T18:04:12+00:00
2026-03-30,KUVVA,KAP,KUVVA GIDA TİCARET VE SANAYİ YATIRIMLARI A.Ş. - Sürdürülebilirlik Uyum Raporu,Sürdürülebilirlik Uyum Raporu 2025 yılı Sürdürülebilirlik Uyum raporu,https://www.kap.org.tr/tr/Bildirim/1578871,tr,2026-03-30T18:13:27+00:00
2026-03-30,KUVVA,KAP,KUVVA GIDA TİCARET VE SANAYİ YATIRIMLARI A.Ş. - Kurumsal Yönetim Uyum Raporu,Kurumsal Yönetim Uyum Raporu 2025 yılı Kurumsal Yönetim Uyum raporu,https://www.kap.org.tr/tr/Bildirim/1578868,tr,2026-03-30T18:13:05+00:00
2026-03-30,KUVVA,KAP,KUVVA GIDA TİCARET VE SANAYİ YATIRIMLARI A.Ş. - Sorumluluk Beyanı (Konsolide),Sorumluluk Beyanı (Konsolide) Sorumluluk beyanı,https://www.kap.org.tr/tr/Bildirim/1578863,tr,2026-03-30T18:12:42+00:00
2026-03-30,KUVVA,KAP,KUVVA GIDA TİCARET VE SANAYİ YATIRIMLARI A.Ş. - Finansal Rapor,Finansal Rapor,https://www.kap.org.tr/tr/Bildirim/1578860,tr,2026-03-30T18:12:08+00:00
2026-03-30,KUVVA,KAP,KUVVA GIDA TİCARET VE SANAYİ YATIRIMLARI A.Ş. - Faaliyet Raporu (Konsolide),Faaliyet Raporu (Konsolide) 01.01.2025-31.12.2025 Yönetim Kurulu Faaliyet Raporu hk.,https://www.kap.org.tr/tr/Bildirim/1578855,tr,2026-03-30T18:11:29+00:00
2026-03-30,KUVVA,KAP,KUVVA GIDA TİCARET VE SANAYİ YATIRIMLARI A.Ş. - Şirket Merkezi Değişikliği,Şirket Merkezi Değişikliği Şirket merkezi nakli hk,https://www.kap.org.tr/tr/Bildirim/1578286,tr,2026-03-30T15:13:31+00:00
2026-03-30,LILAK,KAP,LİLA KAĞIT SANAYİ VE TİCARET A.Ş. - Kredi Derecelendirmesi,Kredi Derecelendirmesi Kredi Derecelendirme Notu,https://www.kap.org.tr/tr/Bildirim/1579385,tr,2026-03-30T20:28:20+00:00
2026-03-30,LOGO,KAP,LOGO YAZILIM SANAYİ VE TİCARET A.Ş. - Genel Kurul İşlemlerine İlişkin Bildirim,Genel Kurul İşlemlerine İlişkin Bildirim 2025 Yılı Olağan Genel Kurul Toplantısının Tescili,https://www.kap.org.tr/tr/Bildirim/1578256,tr,2026-03-30T14:54:17+00:00
2026-03-30,LYDHO,KAP,LYDİA HOLDİNG A.Ş. - Kar Payı Dağıtım İşlemlerine İlişkin Bildirim,Kar Payı Dağıtım İşlemlerine İlişkin Bildirim Kar Dağıtım Teklifi Hk.,https://www.kap.org.tr/tr/Bildirim/1578427,tr,2026-03-30T15:52:19+00:00
2026-03-30,LYDHO,KAP,LYDİA HOLDİNG A.Ş. - Genel Kurul İşlemlerine İlişkin Bildirim,Genel Kurul İşlemlerine İlişkin Bildirim 2025 Yılı Faaliyetlerinin Görüşüleceği Olağan Genel Kurul Toplantısı Hk.,https://www.kap.org.tr/tr/Bildirim/1578288,tr,2026-03-30T15:16:48+00:00
2026-03-30,MARMR,KAP,MARMARA HOLDİNG A.Ş. - Genel Kurul İşlemlerine İlişkin Bildirim,Genel Kurul İşlemlerine İlişkin Bildirim Olağan Genel Kurul Daveti,https://www.kap.org.tr/tr/Bildirim/1579038,tr,2026-03-30T18:39:45+00:00
2026-03-30,MARMR,KAP,MARMARA HOLDİNG A.Ş. - Kar Payı Dağıtım İşlemlerine İlişkin Bildirim,Kar Payı Dağıtım İşlemlerine İlişkin Bildirim Yönetim Kurulunun Kar Dağıtım Teklifi,https://www.kap.org.tr/tr/Bildirim/1579015,tr,2026-03-30T18:34:28+00:00
2026-03-30,MAVI,KAP,MAVİ GİYİM SANAYİ VE TİCARET A.Ş. - Payların Geri Alınmasına İlişkin Bildirim,Payların Geri Alınmasına İlişkin Bildirim 30.03.2026 Tarihli Pay Geri Alım İşlemleri,https://www.kap.org.tr/tr/Bildirim/1578938,tr,2026-03-30T18:24:52+00:00
2026-03-30,MAVI,KAP,MAVİ GİYİM SANAYİ VE TİCARET A.Ş. - Özel Durum Açıklaması (Genel),Özel Durum Açıklaması (Genel) Üst Yönetim Atama,https://www.kap.org.tr/tr/Bildirim/1578189,tr,2026-03-30T12:16:56+00:00
2026-03-30,MDIAZ,KAP,MEDİAZZ YENİ MEDYA VE TEKNOLOJİ YATIRIMLARI A.Ş. - İhraç Tavanına İlişkin Bildirim,İhraç Tavanına İlişkin Bildirim Yurt içinde Borçlanma Aracı İhraç Tavanının SPK Tarafından Onaylanması,https://www.kap.org.tr/tr/Bildirim/1578777,tr,2026-03-30T18:03:50+00:00
2026-03-30,MDIAZ,KAP,MEDİAZZ YENİ MEDYA VE TEKNOLOJİ YATIRIMLARI A.Ş. - İhraç Belgesi,İhraç Belgesi İHRAÇ BELGESİ,https://www.kap.org.tr/tr/Bildirim/1578519,tr,2026-03-30T16:36:32+00:00
2026-03-30,MEKAG,KAP,MEKA GLOBAL MAKİNE İMALAT SANAYİ VE TİCARET A.Ş. - Kar Payı Dağıtım İşlemlerine İlişkin Bildirim,Kar Payı Dağıtım İşlemlerine İlişkin Bildirim 01.01.2025 - 31.12.2025 Hesap Dönemine İlişkin Kâr Payı Dağıtımı,https://www.kap.org.tr/tr/Bildirim/1578909,tr,2026-03-30T18:19:44+00:00
2026-03-30,MEKAG,KAP,MEKA GLOBAL MAKİNE İMALAT SANAYİ VE TİCARET A.Ş. - Bağımsız Denetim Kuruluşunun Belirlenmesi,Bağımsız Denetim Kuruluşunun Belirlenmesi 2026 Yılı Bağımsız Denetim Şirketinin Seçilmesi,https://www.kap.org.tr/tr/Bildirim/1578900,tr,2026-03-30T18:17:09+00:00
2026-03-30,MEKAG,KAP,MEKA GLOBAL MAKİNE İMALAT SANAYİ VE TİCARET A.Ş. - Genel Kurul İşlemlerine İlişkin Bildirim,Genel Kurul İşlemlerine İlişkin Bildirim 2025 Yılı Olağan Genel Kurul Toplantısı Çağrısı,https://www.kap.org.tr/tr/Bildirim/1578897,tr,2026-03-30T18:16:30+00:00
2026-03-30,MERCN,KAP,MERCAN KİMYA SANAYİ VE TİCARET A.Ş. - Özel Durum Açıklaması (Genel),Özel Durum Açıklaması (Genel) Emülsiyon Tesisi Yatırımı Hakkında,https://www.kap.org.tr/tr/Bildirim/1578867,tr,2026-03-30T18:13:03+00:00
2026-03-30,MERKO,KAP,MERKO GIDA SANAYİ VE TİCARET A.Ş. - Özel Durum Açıklaması (Genel),Özel Durum Açıklaması (Genel) AG Girişim Holding A.Ş' den Gelen Yazı Hk.,https://www.kap.org.tr/tr/Bildirim/1578491,tr,2026-03-30T16:22:39+00:00
2026-03-30,MHRGY,KAP,MHR GAYRİMENKUL YATIRIM ORTAKLIĞI A.Ş. - Kayıtlı Sermaye Tavanı İşlemlerine İlişkin Bildirim,Kayıtlı Sermaye Tavanı İşlemlerine İlişkin Bildirim Kayıtlı Sermaye Tavanı Bakanlık Onayı hk.,https://www.kap.org.tr/tr/Bildirim/1578343,tr,2026-03-30T15:33:12+00:00
2026-03-30,MNDRS,KAP,MENDERES TEKSTİL SANAYİ VE TİCARET A.Ş. - Kar Payı Dağıtım İşlemlerine İlişkin Bildirim,Kar Payı Dağıtım İşlemlerine İlişkin Bildirim 2025 Yılı Kar Payı Dağıtımına İlişkin Genel Kurul Kararı,https://www.kap.org.tr/tr/Bildirim/1578893,tr,2026-03-30T18:15:58+00:00
2026-03-30,MNDRS,KAP,MENDERES TEKSTİL SANAYİ VE TİCARET A.Ş. - Kayıtlı Sermaye Tavanı İşlemlerine İlişkin Bildirim,Kayıtlı Sermaye Tavanı İşlemlerine İlişkin Bildirim Kayıtlı Sermaye Tavanı Artırımı ve Süre Uzatımına İlişkin Genel Kurul Onayı,https://www.kap.org.tr/tr/Bildirim/1578891,tr,2026-03-30T18:15:45+00:00
2026-03-30,MNDRS,KAP,MENDERES TEKSTİL SANAYİ VE TİCARET A.Ş. - Bağımsız Denetim Kuruluşunun Belirlenmesi,Bağımsız Denetim Kuruluşunun Belirlenmesi 2024 Yılı Sürdürülebilirlik Güvence Denetimi Yapacak Bağımsız Denetim Kuruluşunun Seçimine İlişkin Genel Kurul Onayı,https://www.kap.org.tr/tr/Bildirim/1578797,tr,2026-03-30T18:05:14+00:00
2026-03-30,MNDRS,KAP,MENDERES TEKSTİL SANAYİ VE TİCARET A.Ş. - Bağımsız Denetim Kuruluşunun Belirlenmesi,Bağımsız Denetim Kuruluşunun Belirlenmesi 2025 Yılı Sürdürülebilirlik Güvence Denetimi Yapacak Bağımsız Denetim Kuruluşunun Seçimine İlişkin Genel Kurul Onayı,https://www.kap.org.tr/tr/Bildirim/1578793,tr,2026-03-30T18:05:02+00:00
2026-03-30,MNDRS,KAP,MENDERES TEKSTİL SANAYİ VE TİCARET A.Ş. - Bağımsız Denetim Kuruluşunun Belirlenmesi,Bağımsız Denetim Kuruluşunun Belirlenmesi 2026 Yılı Sürdürülebilirlik Güvence Denetimi Yapacak Bağımsız Denetim Kuruluşunun Seçimine İlişkin Genel Kurul Onayı,https://www.kap.org.tr/tr/Bildirim/1578789,tr,2026-03-30T18:04:48+00:00
2026-03-30,MNDRS,KAP,MENDERES TEKSTİL SANAYİ VE TİCARET A.Ş. - Bağımsız Denetim Kuruluşunun Belirlenmesi,Bağımsız Denetim Kuruluşunun Belirlenmesi Bağımsız Denetim Kuruluşunun Seçimine İlişkin Genel Kurul Onayı,https://www.kap.org.tr/tr/Bildirim/1578787,tr,2026-03-30T18:04:33+00:00
2026-03-30,MNDRS,KAP,MENDERES TEKSTİL SANAYİ VE TİCARET A.Ş. - Genel Kurul İşlemlerine İlişkin Bildirim,Genel Kurul İşlemlerine İlişkin Bildirim 2025 Yılı Olağan Genel Kurul Toplantı Sonucu,https://www.kap.org.tr/tr/Bildirim/1578785,tr,2026-03-30T18:04:15+00:00
2026-03-30,MNDRS,KAP,MENDERES TEKSTİL SANAYİ VE TİCARET A.Ş. - Genel Kurul İşlemlerine İlişkin Bildirim,Genel Kurul İşlemlerine İlişkin Bildirim 2025 Yılı İmtiyazlı Pay Sahipleri Özel Kurul Toplantı Sonucu,https://www.kap.org.tr/tr/Bildirim/1578779,tr,2026-03-30T18:03:57+00:00
2026-03-30,MOBTL,KAP,MOBİLTEL İLETİŞİM HİZMETLERİ SANAYİ VE TİCARET A.Ş. - Finansal Rapor,Finansal Rapor,https://www.kap.org.tr/tr/Bildirim/1579089,tr,2026-03-30T18:49:24+00:00
2026-03-30,MOBTL,KAP,MOBİLTEL İLETİŞİM HİZMETLERİ SANAYİ VE TİCARET A.Ş. - Faaliyet Raporu (Konsolide),Faaliyet Raporu (Konsolide) Faaliyet Raporu 2025,https://www.kap.org.tr/tr/Bildirim/1579087,tr,2026-03-30T18:49:00+00:00
2026-03-30,MOBTL,KAP,MOBİLTEL İLETİŞİM HİZMETLERİ SANAYİ VE TİCARET A.Ş. - Sorumluluk Beyanı (Konsolide),Sorumluluk Beyanı (Konsolide) Sorumluluk Beyanı 2025,https://www.kap.org.tr/tr/Bildirim/1579086,tr,2026-03-30T18:48:45+00:00
2026-03-30,MPARK,KAP,MLP SAĞLIK HİZMETLERİ A.Ş. - Pay Dışında Sermaye Piyasası Aracı İşlemlerine İlişkin Bildirim (Faiz İçeren),Pay Dışında Sermaye Piyasası Aracı İşlemlerine İlişkin Bildirim (Faiz İçeren) TRSMLPC62724 ISIN Kodlu Yeşil Tahvilin 3. Kupon Dönemine İlişkin Faiz Ödemesi Hakkında,https://www.kap.org.tr/tr/Bildirim/1578065,tr,2026-03-30T11:08:29+00:00
2026-03-30,MPARK,KAP,MLP SAĞLIK HİZMETLERİ A.Ş. - Pay Dışında Sermaye Piyasası Aracı İşlemlerine İlişkin Bildirim (Faiz İçeren),Pay Dışında Sermaye Piyasası Aracı İşlemlerine İlişkin Bildirim (Faiz İçeren) TRSMLPC62716 ISIN Kodlu Tahvilin 3. Kupon Dönemine İlişkin Faiz Ödemesi Hakkında,https://www.kap.org.tr/tr/Bildirim/1578064,tr,2026-03-30T11:08:17+00:00
2026-03-30,MRBKF,KAP,MERCEDES BENZ KAMYON FİNANSMAN A.Ş. - Pay Dışında Sermaye Piyasası Aracı İşlemlerine İlişkin Bildirim (Faiz İçeren),Pay Dışında Sermaye Piyasası Aracı İşlemlerine İlişkin Bildirim (Faiz İçeren) TRSMBKF42713 ISIN Kodlu Tahvil İhracı,https://www.kap.org.tr/tr/Bildirim/1578176,tr,2026-03-30T12:07:20+00:00
2026-03-30,MTRYO,KAP,METRO YATIRIM ORTAKLIĞI A.Ş. - Haftalık Rapor,Haftalık Rapor Haftalık Rapor,https://www.kap.org.tr/tr/Bildirim/1578444,tr,2026-03-30T16:01:17+00:00
2026-03-30,NTGAZ,KAP,NATURELGAZ SANAYİ VE TİCARET A.Ş. - Bağımsız Denetim Kuruluşunun Belirlenmesi,Bağımsız Denetim Kuruluşunun Belirlenmesi Bağımsız Denetçi Seçimi Tescili,https://www.kap.org.tr/tr/Bildirim/1578616,tr,2026-03-30T17:32:24+00:00
2026-03-30,NTGAZ,KAP,NATURELGAZ SANAYİ VE TİCARET A.Ş. - Genel Kurul İşlemlerine İlişkin Bildirim,Genel Kurul İşlemlerine İlişkin Bildirim 2025 Yılı Olağan Genel Kurul Tescili,https://www.kap.org.tr/tr/Bildirim/1578615,tr,2026-03-30T17:31:37+00:00
2026-03-30,NTHOL,KAP,NET HOLDİNG A.Ş. - Pay Alım Satım Bildirimi,Pay Alım Satım Bildirimi Şirketimizin MERİT paylarının alışı hk. MERIT,https://www.kap.org.tr/tr/Bildirim/1579040,tr,2026-03-30T18:39:56+00:00
2026-03-30,NTHOL,KAP,NET HOLDİNG A.Ş. - Payların Geri Alınmasına İlişkin Bildirim,Payların Geri Alınmasına İlişkin Bildirim Şirketimizin kendi paylarının geri alımı hakkında,https://www.kap.org.tr/tr/Bildirim/1579037,tr,2026-03-30T18:39:36+00:00
2026-03-30,OMD,KAP,OSMANLI YATIRIM MENKUL DEĞERLER A.Ş. - Sermaye Artırımı - Azaltımı İşlemlerine İlişkin Bildirim,Sermaye Artırımı - Azaltımı İşlemlerine İlişkin Bildirim Borsa İstanbul A.Ş. Başvurusu,https://www.kap.org.tr/tr/Bildirim/1578254,tr,2026-03-30T14:51:43+00:00
2026-03-30,ORFIN,KAP,ORFİN FİNANSMAN A.Ş. - İhraç Tavanına İlişkin Bildirim,İhraç Tavanına İlişkin Bildirim Borçlanma Aracı İhracına İlişkin Yönetim Kurulu Kararı,https://www.kap.org.tr/tr/Bildirim/1578276,tr,2026-03-30T15:03:59+00:00
2026-03-30,ORGE,KAP,ORGE ENERJİ ELEKTRİK TAAHHÜT A.Ş. - Yeni İş İlişkisi,Yeni İş İlişkisi Mandarin Oriental Etiler Projesine ilişkin ilave sözleşme görüşmelerine başlanması,https://www.kap.org.tr/tr/Bildirim/1578002,tr,2026-03-30T09:52:58+00:00
2026-03-30,OSMEN,KAP,OSMANLI YATIRIM MENKUL DEĞERLER A.Ş. - Sermaye Artırımı - Azaltımı İşlemlerine İlişkin Bildirim,Sermaye Artırımı - Azaltımı İşlemlerine İlişkin Bildirim Borsa İstanbul A.Ş. Başvurusu,https://www.kap.org.tr/tr/Bildirim/1578254,tr,2026-03-30T14:51:43+00:00
2026-03-30,OYA,KAP,OYAK YATIRIM MENKUL DEĞERLER A.Ş. - Piyasa Yapıcılığı Kapsamında Gerçekleştirilen İşlemler Bildirimi,Piyasa Yapıcılığı Kapsamında Gerçekleştirilen İşlemler Bildirimi 30/03/2026 TARİHLİ OYAYO PİYASA YAPICILIĞI İŞLEMLERİ OYAYO,https://www.kap.org.tr/tr/Bildirim/1579000,tr,2026-03-30T18:31:47+00:00
2026-03-30,OYAYO,KAP,OYAK YATIRIM ORTAKLIĞI A.Ş. - Özel Durum Açıklaması (Genel),"Özel Durum Açıklaması (Genel) Ortaklık paylarının BİAŞ'ta oluşan ağırlıklı ortalama fiyatının, pay başına net aktif değerinin 2 katını aşması hakkında",https://www.kap.org.tr/tr/Bildirim/1578150,tr,2026-03-30T12:01:05+00:00
2026-03-30,OYAYO,KAP,OYAK YATIRIM ORTAKLIĞI A.Ş. - Haftalık Rapor,Haftalık Rapor 27.03.2026 Tarihli Haftalık Rapor,https://www.kap.org.tr/tr/Bildirim/1578148,tr,2026-03-30T12:00:51+00:00
2026-03-30,OYYAT,KAP,OYAK YATIRIM MENKUL DEĞERLER A.Ş. - Piyasa Yapıcılığı Kapsamında Gerçekleştirilen İşlemler Bildirimi,Piyasa Yapıcılığı Kapsamında Gerçekleştirilen İşlemler Bildirimi 30/03/2026 TARİHLİ OYAYO PİYASA YAPICILIĞI İŞLEMLERİ OYAYO,https://www.kap.org.tr/tr/Bildirim/1579000,tr,2026-03-30T18:31:47+00:00
2026-03-30,PETUN,KAP,PINAR ENTEGRE ET VE UN SANAYİİ A.Ş. - Pay Dışında Sermaye Piyasası Aracı İşlemlerine İlişkin Bildirim (Faiz İçeren),Pay Dışında Sermaye Piyasası Aracı İşlemlerine İlişkin Bildirim (Faiz İçeren) TRFPTUN62617 ISIN Kodlu Finansman Bonosunun Kupon Ödemesi,https://www.kap.org.tr/tr/Bildirim/1578479,tr,2026-03-30T16:15:13+00:00
2026-03-30,PLTUR,KAP,PLATFORM TURİZM TAŞIMACILIK GIDA İNŞAAT TEMİZLİK HİZMETLERİ SANAYİ VE TİCARET A.Ş. - Yeni İş İlişkisi,Yeni İş İlişkisi Yeni İş İlişkisi Hk.,https://www.kap.org.tr/tr/Bildirim/1578918,tr,2026-03-30T18:22:22+00:00
2026-03-30,PRKAB,KAP,TÜRK PRYSMİAN KABLO VE SİSTEMLERİ A.Ş. - Bağımsız Denetim Kuruluşunun Belirlenmesi,Bağımsız Denetim Kuruluşunun Belirlenmesi Bağımsız Denetim Kuruluşunun Belirlenmesi,https://www.kap.org.tr/tr/Bildirim/1579657,tr,2026-03-30T22:56:44+00:00
2026-03-30,PSDTC,KAP,PERGAMON STATUS DIŞ TİCARET A.Ş. - Kayıtlı Sermaye Tavanı İşlemlerine İlişkin Bildirim,Kayıtlı Sermaye Tavanı İşlemlerine İlişkin Bildirim Esas Sözleşme Değişikliğinin Genel Kurulda Onaylanması,https://www.kap.org.tr/tr/Bildirim/1578580,tr,2026-03-30T17:12:47+00:00
2026-03-30,PSDTC,KAP,PERGAMON STATUS DIŞ TİCARET A.Ş. - Kar Payı Dağıtım İşlemlerine İlişkin Bildirim,Kar Payı Dağıtım İşlemlerine İlişkin Bildirim Kar Payı Dağıtımına İlişkin Genel Kurul Kararı,https://www.kap.org.tr/tr/Bildirim/1578579,tr,2026-03-30T17:12:34+00:00
2026-03-30,PSDTC,KAP,PERGAMON STATUS DIŞ TİCARET A.Ş. - Genel Kurul İşlemlerine İlişkin Bildirim,Genel Kurul İşlemlerine İlişkin Bildirim Genel Kurul Toplantısı Sonucu,https://www.kap.org.tr/tr/Bildirim/1578542,tr,2026-03-30T17:00:25+00:00
2026-03-30,QNBFK,KAP,QNB FİNANSAL KİRALAMA A.Ş. - İzahname (SPK Tarafından Onaylanan),İzahname (SPK Tarafından Onaylanan) Bedelli Sermaye artırımının Sermaye Piyasası Kurulu tarafından onaylanması,https://www.kap.org.tr/tr/Bildirim/1578003,tr,2026-03-30T09:56:19+00:00
2026-03-30,QNBFK,KAP,QNB FİNANSAL KİRALAMA A.Ş. - Sermaye Artırımı - Azaltımı İşlemlerine İlişkin Bildirim,Sermaye Artırımı - Azaltımı İşlemlerine İlişkin Bildirim Bedelli Sermaye artırımının Sermaye Piyasası Kurulu tarafından onaylanması,https://www.kap.org.tr/tr/Bildirim/1577976,tr,2026-03-30T09:22:10+00:00
2026-03-30,QNBTR,KAP,QNB BANK A.Ş. - Pay Dışında Sermaye Piyasası Aracı İşlemlerine İlişkin Bildirim (Faiz İçeren),Pay Dışında Sermaye Piyasası Aracı İşlemlerine İlişkin Bildirim (Faiz İçeren) MTN programı kapsamında yurtdışında ihraç edilen borçlanma aracının ihracı,https://www.kap.org.tr/tr/Bildirim/1578587,tr,2026-03-30T17:16:25+00:00
2026-03-30,QNBTR,KAP,QNB BANK A.Ş. - Pay Dışında Sermaye Piyasası Aracı İşlemlerine İlişkin Bildirim (Faiz İçeren),Pay Dışında Sermaye Piyasası Aracı İşlemlerine İlişkin Bildirim (Faiz İçeren) MTN programı kapsamında yurtdışında ihraç edilen borçlanma aracının ihracı,https://www.kap.org.tr/tr/Bildirim/1578586,tr,2026-03-30T17:15:45+00:00
2026-03-30,QNBTR,KAP,QNB BANK A.Ş. - Pay Dışında Sermaye Piyasası Aracı İşlemlerine İlişkin Bildirim (Faiz İçeren),Pay Dışında Sermaye Piyasası Aracı İşlemlerine İlişkin Bildirim (Faiz İçeren) MTN programı kapsamında yurtdışında ihraç edilen borçlanma aracının itfası,https://www.kap.org.tr/tr/Bildirim/1578584,tr,2026-03-30T17:15:02+00:00
2026-03-30,QUFIN,KAP,QUICK FİNANSMAN A.Ş. - Pay Dışında Sermaye Piyasası Aracı İşlemlerine İlişkin Bildirim (Faiz İçeren),Pay Dışında Sermaye Piyasası Aracı İşlemlerine İlişkin Bildirim (Faiz İçeren) Nitelikli Yatırımcılara Tahvil Satışının Tamamlanması,https://www.kap.org.tr/tr/Bildirim/1578077,tr,2026-03-30T11:34:22+00:00
2026-03-30,RALYH,KAP,RAL YATIRIM HOLDİNG A.Ş. - Kredi Derecelendirmesi,Kredi Derecelendirmesi Kredi Derecelendirme Notu Artışı Hakkında,https://www.kap.org.tr/tr/Bildirim/1579151,tr,2026-03-30T19:16:00+00:00
2026-03-30,REEDR,KAP,REEDER TEKNOLOJİ SANAYİ VE TİCARET A.Ş. - Bağımsız Denetim Kuruluşunun Belirlenmesi,Bağımsız Denetim Kuruluşunun Belirlenmesi Bağımsız Denetim Kuruluşunun Belirlenmesine İlişkin Yönetim Kurulu Kararı Hk.,https://www.kap.org.tr/tr/Bildirim/1579433,tr,2026-03-30T21:06:14+00:00
2026-03-30,RNPOL,KAP,RAİNBOW POLİKARBONAT SANAYİ TİCARET A.Ş. - Bağımsız Denetim Kuruluşunun Belirlenmesi,Bağımsız Denetim Kuruluşunun Belirlenmesi 2026 Yılı Bağımsız Denetim Şirketinin Belirlenmesi,https://www.kap.org.tr/tr/Bildirim/1578297,tr,2026-03-30T15:21:06+00:00
2026-03-30,RODRG,KAP,RODRİGO TEKSTİL SANAYİ VE TİCARET A.Ş. - Katılım Finansı İlkeleri Bilgi Formu,Katılım Finansı İlkeleri Bilgi Formu,https://www.kap.org.tr/tr/Bildirim/1579700,tr,2026-03-30T23:17:35+00:00
2026-03-30,SANEL,KAP,SAN-EL MÜHENDİSLİK ELEKTRİK TAAHHÜT SANAYİ VE TİCARET A.Ş. - Özel Durum Açıklaması (Genel),Özel Durum Açıklaması (Genel) SÜREKLİ BİLGİLERE İLİŞKİN ÖZEL DURUM AÇIKLAMASI HAKKINDA,https://www.kap.org.tr/tr/Bildirim/1578646,tr,2026-03-30T17:41:10+00:00
2026-03-30,SARKY,KAP,SARKUYSAN ELEKTROLİTİK BAKIR SANAYİ VE TİCARET A.Ş. - Kar Payı Dağıtım İşlemlerine İlişkin Bildirim,Kar Payı Dağıtım İşlemlerine İlişkin Bildirim 2025 YILI FAALİYET DÖNEMİNE İLİŞKİN KÂR DAĞITIM ÖNERİSİ HAKKINDA,https://www.kap.org.tr/tr/Bildirim/1577982,tr,2026-03-30T09:32:09+00:00
2026-03-30,SARKY,KAP,SARKUYSAN ELEKTROLİTİK BAKIR SANAYİ VE TİCARET A.Ş. - Özel Durum Açıklaması (Genel),Özel Durum Açıklaması (Genel) Bağımsız Yönetim Kurulu Üyesi Seçimi hakkında,https://www.kap.org.tr/tr/Bildirim/1577981,tr,2026-03-30T09:31:54+00:00
2026-03-30,SARKY,KAP,SARKUYSAN ELEKTROLİTİK BAKIR SANAYİ VE TİCARET A.Ş. - Genel Kurul İşlemlerine İlişkin Bildirim,Genel Kurul İşlemlerine İlişkin Bildirim 2025 FAALİYET YILINA AİT OLAĞAN GENEL KURUL TOPLANTISI HAKKINDA,https://www.kap.org.tr/tr/Bildirim/1577980,tr,2026-03-30T09:31:24+00:00
2026-03-30,SASA,KAP,SASA POLYESTER SANAYİ A.Ş. - İhraç Tavanına İlişkin Bildirim,İhraç Tavanına İlişkin Bildirim Yurt Dışında Borçlanma Aracı İhracına İlişkin Yönetim Kurulu Kararı,https://www.kap.org.tr/tr/Bildirim/1578890,tr,2026-03-30T18:15:43+00:00
2026-03-30,SEGYO,KAP,ŞEKER GAYRİMENKUL YATIRIM ORTAKLIĞI A.Ş. - Genel Kurul İşlemlerine İlişkin Bildirim,Genel Kurul İşlemlerine İlişkin Bildirim 30.03.2026 Tarihinde yapılan 2025 Yılı Faaliyet Dönemine İlişkin Olağan Genel Kurul Sonuçları Hakkında,https://www.kap.org.tr/tr/Bildirim/1578310,tr,2026-03-30T15:22:29+00:00
2026-03-30,SEKFK,KAP,ŞEKER FİNANSAL KİRALAMA A.Ş. - Bağımsız Denetim Kuruluşunun Belirlenmesi,Bağımsız Denetim Kuruluşunun Belirlenmesi Bağımsız Denetim Kuruluşunun Belirlenmesi Hk.,https://www.kap.org.tr/tr/Bildirim/1579017,tr,2026-03-30T18:34:46+00:00
2026-03-30,SEKFK,KAP,ŞEKER FİNANSAL KİRALAMA A.Ş. - Kar Payı Dağıtım İşlemlerine İlişkin Bildirim,Kar Payı Dağıtım İşlemlerine İlişkin Bildirim Kâr Payı Dağıtım İşlemlerine İlişkin Bildirim,https://www.kap.org.tr/tr/Bildirim/1578985,tr,2026-03-30T18:30:02+00:00
2026-03-30,SEKFK,KAP,ŞEKER FİNANSAL KİRALAMA A.Ş. - Genel Kurul İşlemlerine İlişkin Bildirim,Genel Kurul İşlemlerine İlişkin Bildirim Şirketimiz Olağan Genel Kurul Toplantısı 30 Mart 2026 tarihinde yapılmıştır.,https://www.kap.org.tr/tr/Bildirim/1578919,tr,2026-03-30T18:22:24+00:00
2026-03-30,SELEC,KAP,SELÇUK ECZA DEPOSU TİCARET VE SANAYİ A.Ş. - Kar Payı Dağıtım İşlemlerine İlişkin Bildirim,Kar Payı Dağıtım İşlemlerine İlişkin Bildirim Düzeltme: Kar Payı Dağıtım İşlemlerine İlişkin Bildirim,https://www.kap.org.tr/tr/Bildirim/1579042,tr,2026-03-30T18:40:30+00:00
2026-03-30,SKY,KAP,ŞEKER YATIRIM MENKUL DEĞERLER A.Ş. - Bağımsız Denetim Kuruluşunun Belirlenmesi,Bağımsız Denetim Kuruluşunun Belirlenmesi Bağımsız Denetim Kuruluşunun Belirlenmesi,https://www.kap.org.tr/tr/Bildirim/1578624,tr,2026-03-30T17:34:38+00:00
2026-03-30,SKY,KAP,ŞEKER YATIRIM MENKUL DEĞERLER A.Ş. - Kar Payı Dağıtım İşlemlerine İlişkin Bildirim,Kar Payı Dağıtım İşlemlerine İlişkin Bildirim 2025 Yılı Kar Payı Dağıtımına İlişkin Olağan Genel Kurul Toplantı Sonucu,https://www.kap.org.tr/tr/Bildirim/1578619,tr,2026-03-30T17:34:09+00:00
2026-03-30,SKY,KAP,ŞEKER YATIRIM MENKUL DEĞERLER A.Ş. - Genel Kurul İşlemlerine İlişkin Bildirim,Genel Kurul İşlemlerine İlişkin Bildirim Olağan Genel Kurul Toplantı Sonucu,https://www.kap.org.tr/tr/Bildirim/1578577,tr,2026-03-30T17:11:34+00:00
2026-03-30,SKYMD,KAP,ŞEKER YATIRIM MENKUL DEĞERLER A.Ş. - Bağımsız Denetim Kuruluşunun Belirlenmesi,Bağımsız Denetim Kuruluşunun Belirlenmesi Bağımsız Denetim Kuruluşunun Belirlenmesi,https://www.kap.org.tr/tr/Bildirim/1578624,tr,2026-03-30T17:34:38+00:00
2026-03-30,SKYMD,KAP,ŞEKER YATIRIM MENKUL DEĞERLER A.Ş. - Kar Payı Dağıtım İşlemlerine İlişkin Bildirim,Kar Payı Dağıtım İşlemlerine İlişkin Bildirim 2025 Yılı Kar Payı Dağıtımına İlişkin Olağan Genel Kurul Toplantı Sonucu,https://www.kap.org.tr/tr/Bildirim/1578619,tr,2026-03-30T17:34:09+00:00
2026-03-30,SKYMD,KAP,ŞEKER YATIRIM MENKUL DEĞERLER A.Ş. - Genel Kurul İşlemlerine İlişkin Bildirim,Genel Kurul İşlemlerine İlişkin Bildirim Olağan Genel Kurul Toplantı Sonucu,https://www.kap.org.tr/tr/Bildirim/1578577,tr,2026-03-30T17:11:34+00:00
2026-03-30,SMRFA,KAP,SÜMER FAKTORİNG A.Ş. - Pay Dışında Sermaye Piyasası Aracı İşlemlerine İlişkin Bildirim (Faiz İçeren),Pay Dışında Sermaye Piyasası Aracı İşlemlerine İlişkin Bildirim (Faiz İçeren) TRFSUMF92619 ISIN Kodlu Finansman Bonosunun 2.Kupon Ödemesinin Yapılması Hakkında,https://www.kap.org.tr/tr/Bildirim/1578074,tr,2026-03-30T11:22:48+00:00
2026-03-30,SVGYO,KAP,SAVUR GAYRİMENKUL YATIRIM ORTAKLIĞI A.Ş. - Şirket Genel Bilgi Formu,Şirket Genel Bilgi Formu,https://www.kap.org.tr/tr/Bildirim/1578201,tr,2026-03-30T12:58:32+00:00
2026-03-30,TARKM,KAP,TARKİM BİTKİ KORUMA SANAYİ VE TİCARET A.Ş. - Kredi Derecelendirmesi,Kredi Derecelendirmesi Kredi Derecelendirme Notu Hakkında,https://www.kap.org.tr/tr/Bildirim/1579085,tr,2026-03-30T18:48:19+00:00
2026-03-30,TERA,KAP,TERA YATIRIM MENKUL DEĞERLER A.Ş. - Şirket Genel Bilgi Formu,Şirket Genel Bilgi Formu,https://www.kap.org.tr/tr/Bildirim/1579371,tr,2026-03-30T20:16:17+00:00
2026-03-30,TERA,KAP,TERA YATIRIM MENKUL DEĞERLER A.Ş. - Özel Durum Açıklaması (Genel),Özel Durum Açıklaması (Genel) Genel Müdür Yardımcısı Ataması Hk.,https://www.kap.org.tr/tr/Bildirim/1579370,tr,2026-03-30T20:16:05+00:00
2026-03-30,TERA,KAP,TERA YATIRIM MENKUL DEĞERLER A.Ş. - Pay Alım Teklifi Yoluyla Pay Toplanmasına İlişkin Bildirim,Pay Alım Teklifi Yoluyla Pay Toplanmasına İlişkin Bildirim Kuzugrup Gayrimenkul Yatırım Ortaklığı A.Ş.Pay Sahiplerine Zorunlu Pay Alım Teklifi Hk. KZGYO,https://www.kap.org.tr/tr/Bildirim/1579093,tr,2026-03-30T18:51:23+00:00
2026-03-30,TGB,KAP,TÜRKİYE GARANTİ BANKASI A.Ş. - Pay Dışında Sermaye Piyasası Aracı İşlemlerine İlişkin Bildirim (Faiz İçeren),Pay Dışında Sermaye Piyasası Aracı İşlemlerine İlişkin Bildirim (Faiz İçeren) MTN ihracı itfası,https://www.kap.org.tr/tr/Bildirim/1578859,tr,2026-03-30T18:12:06+00:00
2026-03-30,TGB,KAP,TÜRKİYE GARANTİ BANKASI A.Ş. - Pay Dışında Sermaye Piyasası Aracı İşlemlerine İlişkin Bildirim (Faiz İçeren),Pay Dışında Sermaye Piyasası Aracı İşlemlerine İlişkin Bildirim (Faiz İçeren) MTN ihracı itfası,https://www.kap.org.tr/tr/Bildirim/1578857,tr,2026-03-30T18:11:54+00:00
2026-03-30,TGSAS,KAP,TGS DIŞ TİCARET A.Ş. - Bağımsız Denetim Kuruluşunun Belirlenmesi,Bağımsız Denetim Kuruluşunun Belirlenmesi 01.01.2026-31.12.2026 Hesap dönemi için bağımsız denetim kuruluşunun belirlenmesi,https://www.kap.org.tr/tr/Bildirim/1578532,tr,2026-03-30T16:52:18+00:00
2026-03-30,TKFEN,KAP,TEKFEN HOLDİNG A.Ş. - Katılım Finansı İlkeleri Bilgi Formu,Katılım Finansı İlkeleri Bilgi Formu,https://www.kap.org.tr/tr/Bildirim/1579569,tr,2026-03-30T22:19:30+00:00
2026-03-30,TMSN,KAP,TÜMOSAN MOTOR VE TRAKTÖR SANAYİ A.Ş. - Bağımsız Denetim Kuruluşunun Belirlenmesi,Bağımsız Denetim Kuruluşunun Belirlenmesi Bağımsız Denetim Kuruluşunun Belirlenmesi,https://www.kap.org.tr/tr/Bildirim/1578950,tr,2026-03-30T18:25:56+00:00
2026-03-30,TRA,KAP,TERA YATIRIM MENKUL DEĞERLER A.Ş. - Şirket Genel Bilgi Formu,Şirket Genel Bilgi Formu,https://www.kap.org.tr/tr/Bildirim/1579371,tr,2026-03-30T20:16:17+00:00
2026-03-30,TRA,KAP,TERA YATIRIM MENKUL DEĞERLER A.Ş. - Özel Durum Açıklaması (Genel),Özel Durum Açıklaması (Genel) Genel Müdür Yardımcısı Ataması Hk.,https://www.kap.org.tr/tr/Bildirim/1579370,tr,2026-03-30T20:16:05+00:00
2026-03-30,TRA,KAP,TERA YATIRIM MENKUL DEĞERLER A.Ş. - Pay Alım Teklifi Yoluyla Pay Toplanmasına İlişkin Bildirim,Pay Alım Teklifi Yoluyla Pay Toplanmasına İlişkin Bildirim Kuzugrup Gayrimenkul Yatırım Ortaklığı A.Ş.Pay Sahiplerine Zorunlu Pay Alım Teklifi Hk. KZGYO,https://www.kap.org.tr/tr/Bildirim/1579093,tr,2026-03-30T18:51:23+00:00
2026-03-30,TRILC,KAP,TURK İLAÇ VE SERUM SANAYİ A.Ş. - Pay Dışında Sermaye Piyasası Aracı İşlemlerine İlişkin Bildirim (Faiz İçeren),Pay Dışında Sermaye Piyasası Aracı İşlemlerine İlişkin Bildirim (Faiz İçeren) Finansman Bonosu İtfası Hakkında,https://www.kap.org.tr/tr/Bildirim/1578194,tr,2026-03-30T12:29:07+00:00
2026-03-30,TRKFN,KAP,TURK FİNANSMAN A.Ş. - Pay Dışında Sermaye Piyasası Aracı İşlemlerine İlişkin Bildirim (Faiz İçeren),Pay Dışında Sermaye Piyasası Aracı İşlemlerine İlişkin Bildirim (Faiz İçeren) Kupon Oranı Belirlenmesi,https://www.kap.org.tr/tr/Bildirim/1578492,tr,2026-03-30T16:23:34+00:00
2026-03-30,UCAYM,KAP,ÜÇAY MÜHENDİSLİK ENERJİ VE İKLİMLENDİRME TEKNOLOJİLERİ A.Ş. - Kredi Derecelendirmesi,Kredi Derecelendirmesi Kredi Derecelendirme Notu,https://www.kap.org.tr/tr/Bildirim/1579018,tr,2026-03-30T18:34:51+00:00
2026-03-30,UFUK,KAP,UFUK YATIRIM YÖNETİM VE GAYRİMENKUL A.Ş. - Genel Kurul İşlemlerine İlişkin Bildirim,Genel Kurul İşlemlerine İlişkin Bildirim 2025 Yılı Faaliyetlerinin Görüşüleceği Genel Kurul Toplantısı Hk.,https://www.kap.org.tr/tr/Bildirim/1578349,tr,2026-03-30T15:39:26+00:00
2026-03-30,UFUK,KAP,UFUK YATIRIM YÖNETİM VE GAYRİMENKUL A.Ş. - Kar Payı Dağıtım İşlemlerine İlişkin Bildirim,Kar Payı Dağıtım İşlemlerine İlişkin Bildirim Kar Dağıtım Teklifi Hk.,https://www.kap.org.tr/tr/Bildirim/1578346,tr,2026-03-30T15:34:29+00:00
2026-03-30,UFUK,KAP,UFUK YATIRIM YÖNETİM VE GAYRİMENKUL A.Ş. - Genel Kurul İşlemlerine İlişkin Bildirim,Genel Kurul İşlemlerine İlişkin Bildirim 2025 Yılı Faaliyetlerinin Görüşüleceği Olağan Genel Kurul Toplantısı Hk.,https://www.kap.org.tr/tr/Bildirim/1578289,tr,2026-03-30T15:17:29+00:00
2026-03-30,USAK,KAP,UŞAK SERAMİK SANAYİ A.Ş. - Esas Sözleşme Tadili,Esas Sözleşme Tadili Esas Sözleşmenin Tadili,https://www.kap.org.tr/tr/Bildirim/1578018,tr,2026-03-30T10:11:13+00:00
2026-03-30,VAKKO,KAP,VAKKO TEKSTİL VE HAZIR GİYİM SANAYİ İŞLETMELERİ A.Ş. - Özel Durum Açıklaması (Genel),Özel Durum Açıklaması (Genel) ÇED SÜRECİ,https://www.kap.org.tr/tr/Bildirim/1579427,tr,2026-03-30T20:52:41+00:00
2026-03-30,VESBE,KAP,VESTEL BEYAZ EŞYA SANAYİ VE TİCARET A.Ş. - Kredi Derecelendirmesi,Kredi Derecelendirmesi Vestel Beyaz Eşya Sanayi ve Ticaret AŞ Kredi Derecelendirme Notu Hakkında,https://www.kap.org.tr/tr/Bildirim/1579374,tr,2026-03-30T20:20:43+00:00
2026-03-30,VKFYO,KAP,VAKIF MENKUL KIYMET YATIRIM ORTAKLIĞI A.Ş. - Haftalık Rapor,Haftalık Rapor 27.03.2026 Tarihli Haftalık Rapor,https://www.kap.org.tr/tr/Bildirim/1578898,tr,2026-03-30T18:16:32+00:00
2026-03-30,VKFYO,KAP,VAKIF MENKUL KIYMET YATIRIM ORTAKLIĞI A.Ş. - Özel Durum Açıklaması (Genel),"Özel Durum Açıklaması (Genel) Şirketimizin BİAŞ'da oluşan ağırlıklı ortalama fiyatın, pay başına net aktif değerin 2 katını aşması sebebiyle yapılan açıklamadır.",https://www.kap.org.tr/tr/Bildirim/1578880,tr,2026-03-30T18:14:27+00:00
2026-03-30,YKB,KAP,YAPI VE KREDİ BANKASI A.Ş. - Pay Dışında Sermaye Piyasası Aracı İşlemlerine İlişkin Bildirim (Faiz İçeren),Pay Dışında Sermaye Piyasası Aracı İşlemlerine İlişkin Bildirim (Faiz İçeren) Yurtdışında ihraç edilen borçlanma aracının itfası,https://www.kap.org.tr/tr/Bildirim/1578076,tr,2026-03-30T11:29:20+00:00
2026-03-30,YKB,KAP,YAPI VE KREDİ BANKASI A.Ş. - Pay Dışında Sermaye Piyasası Aracı İşlemlerine İlişkin Bildirim (Faiz İçeren),Pay Dışında Sermaye Piyasası Aracı İşlemlerine İlişkin Bildirim (Faiz İçeren) Yurtdışında ihraç edilen borçlanma aracının itfası,https://www.kap.org.tr/tr/Bildirim/1578075,tr,2026-03-30T11:29:00+00:00
2026-03-30,YKBNK,KAP,YAPI VE KREDİ BANKASI A.Ş. - Pay Dışında Sermaye Piyasası Aracı İşlemlerine İlişkin Bildirim (Faiz İçeren),Pay Dışında Sermaye Piyasası Aracı İşlemlerine İlişkin Bildirim (Faiz İçeren) Yurtdışında ihraç edilen borçlanma aracının itfası,https://www.kap.org.tr/tr/Bildirim/1578076,tr,2026-03-30T11:29:20+00:00
2026-03-30,YKBNK,KAP,YAPI VE KREDİ BANKASI A.Ş. - Pay Dışında Sermaye Piyasası Aracı İşlemlerine İlişkin Bildirim (Faiz İçeren),Pay Dışında Sermaye Piyasası Aracı İşlemlerine İlişkin Bildirim (Faiz İçeren) Yurtdışında ihraç edilen borçlanma aracının itfası,https://www.kap.org.tr/tr/Bildirim/1578075,tr,2026-03-30T11:29:00+00:00
2026-03-30,YKR,KAP,YAPI KREDİ YATIRIM MENKUL DEĞERLER A.Ş. - Pay Dışında Sermaye Piyasası Aracı İşlemlerine İlişkin Bildirim (Faiz İçeren),Pay Dışında Sermaye Piyasası Aracı İşlemlerine İlişkin Bildirim (Faiz İçeren) Borçlanma Aracının İtfası,https://www.kap.org.tr/tr/Bildirim/1578676,tr,2026-03-30T17:48:27+00:00
2026-03-30,YKYAT,KAP,YAPI KREDİ YATIRIM MENKUL DEĞERLER A.Ş. - Pay Dışında Sermaye Piyasası Aracı İşlemlerine İlişkin Bildirim (Faiz İçeren),Pay Dışında Sermaye Piyasası Aracı İşlemlerine İlişkin Bildirim (Faiz İçeren) Borçlanma Aracının İtfası,https://www.kap.org.tr/tr/Bildirim/1578676,tr,2026-03-30T17:48:27+00:00
2026-03-30,YUNSA,KAP,YÜNSA YÜNLÜ SANAYİ VE TİCARET A.Ş. - Kredi Derecelendirmesi,Kredi Derecelendirmesi Kredi Derecelendirme Notu,https://www.kap.org.tr/tr/Bildirim/1579131,tr,2026-03-30T19:06:32+00:00
2026-03-30,ZOREN,KAP,ZORLU ENERJİ ELEKTRİK ÜRETİM A.Ş. - Pay Dışında Sermaye Piyasası Aracı İşlemlerine İlişkin Bildirim (Faiz İçeren),Pay Dışında Sermaye Piyasası Aracı İşlemlerine İlişkin Bildirim (Faiz İçeren) TRSZORNE2619 ISIN Kodlu Tahvilin 3. Kupon Dönemine İlişkin Faiz Oranı Hakkında,https://www.kap.org.tr/tr/Bildirim/1578518,tr,2026-03-30T16:36:07+00:00
2026-03-30,ZRGYO,KAP,ZİRAAT GAYRİMENKUL YATIRIM ORTAKLIĞI A.Ş. - Şirket Genel Bilgi Formu,Şirket Genel Bilgi Formu,https://www.kap.org.tr/tr/Bildirim/1578656,tr,2026-03-30T17:42:41+00:00
2026-03-31,A1CAP,KAP,A1 CAPİTAL YATIRIM MENKUL DEĞERLER A.Ş. - Fiyat Tespit Raporuna İlişkin Analist Raporu (Halka Arza Aracılık Eden Kuruluş Dışında Farklı bir Kuruluş Tarafından Hazırlanan),Fiyat Tespit Raporuna İlişkin Analist Raporu (Halka Arza Aracılık Eden Kuruluş Dışında Farklı bir Kuruluş Tarafından Hazırlanan) Fiyat Tespit Raporuna İlişkin Hazırlanan Analist Raporu (AAGYO) AAGYO,https://www.kap.org.tr/tr/Bildirim/1579940,tr,2026-03-31T10:09:53+00:00
2026-03-31,ACP,KAP,A1 CAPİTAL YATIRIM MENKUL DEĞERLER A.Ş. - Fiyat Tespit Raporuna İlişkin Analist Raporu (Halka Arza Aracılık Eden Kuruluş Dışında Farklı bir Kuruluş Tarafından Hazırlanan),Fiyat Tespit Raporuna İlişkin Analist Raporu (Halka Arza Aracılık Eden Kuruluş Dışında Farklı bir Kuruluş Tarafından Hazırlanan) Fiyat Tespit Raporuna İlişkin Hazırlanan Analist Raporu (AAGYO) AAGYO,https://www.kap.org.tr/tr/Bildirim/1579940,tr,2026-03-31T10:09:53+00:00
2026-03-31,ADESE,KAP,ADESE GAYRİMENKUL YATIRIM A.Ş. - Bağımsız Denetim Kuruluşunun Belirlenmesi,Bağımsız Denetim Kuruluşunun Belirlenmesi 2026 Yılı Bağımsız Denetim Şirketi Seçimi Hk.,https://www.kap.org.tr/tr/Bildirim/1581107,tr,2026-03-31T19:52:33+00:00
2026-03-31,ADGYO,KAP,ADRA GAYRİMENKUL YATIRIM ORTAKLIĞI A.Ş. - Özel Durum Açıklaması (Genel),Özel Durum Açıklaması (Genel) Yatırımcı İlişkileri Bölüm Yöneticisi,https://www.kap.org.tr/tr/Bildirim/1580883,tr,2026-03-31T18:22:03+00:00
2026-03-31,AFB,KAP,AKTİF YATIRIM BANKASI A.Ş. - Şirket Genel Bilgi Formu,Şirket Genel Bilgi Formu,https://www.kap.org.tr/tr/Bildirim/1581213,tr,2026-03-31T21:00:06+00:00
2026-03-31,AFB,KAP,AKTİF YATIRIM BANKASI A.Ş. - Pay Dışında Sermaye Piyasası Aracı İşlemlerine İlişkin Bildirim (Faiz İçeren),Pay Dışında Sermaye Piyasası Aracı İşlemlerine İlişkin Bildirim (Faiz İçeren) Kupon Ödemesi,https://www.kap.org.tr/tr/Bildirim/1579922,tr,2026-03-31T09:55:10+00:00
2026-03-31,AGROT,KAP,AGROTECH YÜKSEK TEKNOLOJİ VE YATIRIM A.Ş. - Kar Payı Dağıtım İşlemlerine İlişkin Bildirim,Kar Payı Dağıtım İşlemlerine İlişkin Bildirim 2025 Yılı Kar Payına ilişkin Yönetim Kurulu Kararı,https://www.kap.org.tr/tr/Bildirim/1581330,tr,2026-03-31T22:12:20+00:00
2026-03-31,AGROT,KAP,AGROTECH YÜKSEK TEKNOLOJİ VE YATIRIM A.Ş. - Genel Kurul İşlemlerine İlişkin Bildirim,Genel Kurul İşlemlerine İlişkin Bildirim 2025 Olağan Genel Kurulu,https://www.kap.org.tr/tr/Bildirim/1581329,tr,2026-03-31T22:09:33+00:00
2026-03-31,AKBNK,KAP,AKBANK T.A.Ş. - Pay Dışında Sermaye Piyasası Aracı İşlemlerine İlişkin Bildirim (Faiz İçeren),Pay Dışında Sermaye Piyasası Aracı İşlemlerine İlişkin Bildirim (Faiz İçeren) Yurtdışı Piyasalara Tahvil İhracı,https://www.kap.org.tr/tr/Bildirim/1580758,tr,2026-03-31T18:01:08+00:00
2026-03-31,AKBNK,KAP,AKBANK T.A.Ş. - Pay Dışında Sermaye Piyasası Aracı İşlemlerine İlişkin Bildirim (Faiz İçeren),Pay Dışında Sermaye Piyasası Aracı İşlemlerine İlişkin Bildirim (Faiz İçeren) Yurtdışı Piyasalara Tahvil İhracı,https://www.kap.org.tr/tr/Bildirim/1580757,tr,2026-03-31T18:00:47+00:00
2026-03-31,AKDFA,KAP,AKDENİZ FAKTORİNG A.Ş. - Pay Dışında Sermaye Piyasası Aracı İşlemlerine İlişkin Bildirim (Faiz İçeren),Pay Dışında Sermaye Piyasası Aracı İşlemlerine İlişkin Bildirim (Faiz İçeren) TRFAKDN42616 ihracın 3. kupon faiz oranı belirlenmesi,https://www.kap.org.tr/tr/Bildirim/1580652,tr,2026-03-31T17:12:16+00:00
2026-03-31,AKENR,KAP,AKENERJİ ELEKTRİK ÜRETİM A.Ş. - Bağımsız Denetim Kuruluşunun Belirlenmesi,Bağımsız Denetim Kuruluşunun Belirlenmesi Bağımsız Denetim Kuruluşunun Belirlenmesi Hakkında Kamu Açıklamasıdır.,https://www.kap.org.tr/tr/Bildirim/1579926,tr,2026-03-31T10:00:30+00:00
2026-03-31,AKFGY,KAP,AKFEN GAYRİMENKUL YATIRIM ORTAKLIĞI A.Ş. - Yatırımcı Raporu,Yatırımcı Raporu Aylık Yatırımcı Raporu,https://www.kap.org.tr/tr/Bildirim/1579865,tr,2026-03-31T08:58:37+00:00
2026-03-31,AKM,KAP,AK YATIRIM MENKUL DEĞERLER A.Ş. - Yatırım Kuruluşu Varant - Sertifika - Senetlerine İlişkin Bildirim,"Yatırım Kuruluşu Varant - Sertifika - Senetlerine İlişkin Bildirim 31.03.2026 Vadeli Ons Altın, Ons Gümüş, BIST30 Endeksi, BIST Spot Altın Endeksi, USDTRY Döviz Kuru ve Pay Senedi Dayanak Varlıklı Varantların İtfası",https://www.kap.org.tr/tr/Bildirim/1581287,tr,2026-03-31T21:44:35+00:00
2026-03-31,AKMEN,KAP,AK YATIRIM MENKUL DEĞERLER A.Ş. - Yatırım Kuruluşu Varant - Sertifika - Senetlerine İlişkin Bildirim,"Yatırım Kuruluşu Varant - Sertifika - Senetlerine İlişkin Bildirim 31.03.2026 Vadeli Ons Altın, Ons Gümüş, BIST30 Endeksi, BIST Spot Altın Endeksi, USDTRY Döviz Kuru ve Pay Senedi Dayanak Varlıklı Varantların İtfası",https://www.kap.org.tr/tr/Bildirim/1581287,tr,2026-03-31T21:44:35+00:00
2026-03-31,AKSA,KAP,AKSA AKRİLİK KİMYA SANAYİİ A.Ş. - Şirket Genel Bilgi Formu,Şirket Genel Bilgi Formu,https://www.kap.org.tr/tr/Bildirim/1581040,tr,2026-03-31T19:15:51+00:00
2026-03-31,AKSA,KAP,AKSA AKRİLİK KİMYA SANAYİİ A.Ş. - Kar Payı Dağıtım İşlemlerine İlişkin Bildirim,Kar Payı Dağıtım İşlemlerine İlişkin Bildirim Kar Payı Dağıtım İşlemlerine İlişkin Bildirim,https://www.kap.org.tr/tr/Bildirim/1581038,tr,2026-03-31T19:15:41+00:00
2026-03-31,AKSA,KAP,AKSA AKRİLİK KİMYA SANAYİİ A.Ş. - Bağımsız Denetim Kuruluşunun Belirlenmesi,Bağımsız Denetim Kuruluşunun Belirlenmesi Bağımsız Denetim Kuruluşunun Belirlenmesi,https://www.kap.org.tr/tr/Bildirim/1581024,tr,2026-03-31T19:06:31+00:00
2026-03-31,AKSA,KAP,AKSA AKRİLİK KİMYA SANAYİİ A.Ş. - Genel Kurul İşlemlerine İlişkin Bildirim,Genel Kurul İşlemlerine İlişkin Bildirim 2025 Yılına ait Olağan Genel Kurul Toplantısı Sonuçları,https://www.kap.org.tr/tr/Bildirim/1581023,tr,2026-03-31T19:06:16+00:00
2026-03-31,AKTIF,KAP,AKTİF YATIRIM BANKASI A.Ş. - Şirket Genel Bilgi Formu,Şirket Genel Bilgi Formu,https://www.kap.org.tr/tr/Bildirim/1581213,tr,2026-03-31T21:00:06+00:00
2026-03-31,AKTIF,KAP,AKTİF YATIRIM BANKASI A.Ş. - Pay Dışında Sermaye Piyasası Aracı İşlemlerine İlişkin Bildirim (Faiz İçeren),Pay Dışında Sermaye Piyasası Aracı İşlemlerine İlişkin Bildirim (Faiz İçeren) Kupon Ödemesi,https://www.kap.org.tr/tr/Bildirim/1579922,tr,2026-03-31T09:55:10+00:00
2026-03-31,ALBRK,KAP,ALBARAKA TÜRK KATILIM BANKASI A.Ş. - Şirket Genel Bilgi Formu,Şirket Genel Bilgi Formu,https://www.kap.org.tr/tr/Bildirim/1580808,tr,2026-03-31T18:11:40+00:00
2026-03-31,ALGYO,KAP,ALARKO GAYRİMENKUL YATIRIM ORTAKLIĞI A.Ş. - Kar Payı Dağıtım İşlemlerine İlişkin Bildirim,Kar Payı Dağıtım İşlemlerine İlişkin Bildirim 2025 Yılı Kar Payı Dağıtımına İlişkin Yönetim Kurulu Kararı,https://www.kap.org.tr/tr/Bildirim/1580941,tr,2026-03-31T18:42:45+00:00
2026-03-31,ALGYO,KAP,ALARKO GAYRİMENKUL YATIRIM ORTAKLIĞI A.Ş. - Genel Kurul İşlemlerine İlişkin Bildirim,Genel Kurul İşlemlerine İlişkin Bildirim Yıllık Olağan Genel Kurul Toplantısına İlişkin Yönetim Kurulu Kararı,https://www.kap.org.tr/tr/Bildirim/1580915,tr,2026-03-31T18:29:50+00:00
2026-03-31,ALK,KAP,ALBARAKA TÜRK KATILIM BANKASI A.Ş. - Şirket Genel Bilgi Formu,Şirket Genel Bilgi Formu,https://www.kap.org.tr/tr/Bildirim/1580808,tr,2026-03-31T18:11:40+00:00
2026-03-31,ALNUS,KAP,ALNUS YATIRIM MENKUL DEĞERLER A.Ş. - Fiyat Tespit Raporuna İlişkin Analist Raporu (Halka Arza Aracılık Eden Kuruluş Dışında Farklı bir Kuruluş Tarafından Hazırlanan),Fiyat Tespit Raporuna İlişkin Analist Raporu (Halka Arza Aracılık Eden Kuruluş Dışında Farklı bir Kuruluş Tarafından Hazırlanan) Ağaoğlu Avrasya Gayrimenkul Yatırım Ortaklığı A.Ş. Fiyat Tespit Raporu'na İlişkin Analist Raporu AAGYO,https://www.kap.org.tr/tr/Bildirim/1579849,tr,2026-03-31T08:39:11+00:00
2026-03-31,ALTNY,KAP,ALTINAY SAVUNMA TEKNOLOJİLERİ A.Ş. - Özel Durum Açıklaması (Genel),Özel Durum Açıklaması (Genel) Şirketimiz Yatırımcı Sunumunun Yayımlanması Hakkında,https://www.kap.org.tr/tr/Bildirim/1580126,tr,2026-03-31T12:29:19+00:00
2026-03-31,ANC,KAP,ALNUS YATIRIM MENKUL DEĞERLER A.Ş. - Fiyat Tespit Raporuna İlişkin Analist Raporu (Halka Arza Aracılık Eden Kuruluş Dışında Farklı bir Kuruluş Tarafından Hazırlanan),Fiyat Tespit Raporuna İlişkin Analist Raporu (Halka Arza Aracılık Eden Kuruluş Dışında Farklı bir Kuruluş Tarafından Hazırlanan) Ağaoğlu Avrasya Gayrimenkul Yatırım Ortaklığı A.Ş. Fiyat Tespit Raporu'na İlişkin Analist Raporu AAGYO,https://www.kap.org.tr/tr/Bildirim/1579849,tr,2026-03-31T08:39:11+00:00
2026-03-31,ANELE,KAP,ANEL ELEKTRİK PROJE TAAHHÜT VE TİCARET A.Ş. - Özel Durum Açıklaması (Genel),"Özel Durum Açıklaması (Genel) Finansal sektöre olan borçların yeniden yapılandırılması hakkında,",https://www.kap.org.tr/tr/Bildirim/1581282,tr,2026-03-31T21:43:18+00:00
2026-03-31,ANSGR,KAP,ANADOLU ANONİM TÜRK SİGORTA ŞİRKETİ - Şirket Genel Bilgi Formu,Şirket Genel Bilgi Formu,https://www.kap.org.tr/tr/Bildirim/1580270,tr,2026-03-31T14:24:46+00:00
2026-03-31,ARASE,KAP,DOĞU ARAS ENERJİ YATIRIMLARI A.Ş. - Özel Durum Açıklaması (Genel),Özel Durum Açıklaması (Genel) Şirketimizin Bağlı Ortaklığı Aras Elektrik Dağıtım A.Ş Firmasının Halka Arzı Hakk.,https://www.kap.org.tr/tr/Bildirim/1579848,tr,2026-03-31T08:37:31+00:00
2026-03-31,ARCLK,KAP,ARÇELİK A.Ş. - Kurumsal Yönetim Bilgi Formu (Güncelleme) - Yönetim Kurulu-2,Kurumsal Yönetim Bilgi Formu (Güncelleme) - Yönetim Kurulu-2 Kurumsal Yönetim Bilgi Formu (Güncelleme) - Yönetim Kurulu-2,https://www.kap.org.tr/tr/Bildirim/1581098,tr,2026-03-31T19:44:44+00:00
2026-03-31,ARCLK,KAP,ARÇELİK A.Ş. - Şirket Genel Bilgi Formu,Şirket Genel Bilgi Formu,https://www.kap.org.tr/tr/Bildirim/1581094,tr,2026-03-31T19:43:25+00:00
2026-03-31,ARCLK,KAP,ARÇELİK A.Ş. - Yönetim Kurulu Komiteleri,Yönetim Kurulu Komiteleri Yönetim Kurulu Komite Üyeliklerinin Belirlenmesi,https://www.kap.org.tr/tr/Bildirim/1581092,tr,2026-03-31T19:42:32+00:00
2026-03-31,ARMGD,KAP,ARMADA GIDA TİCARET SANAYİ A.Ş. - Payların Geri Alınmasına İlişkin Bildirim,Payların Geri Alınmasına İlişkin Bildirim Pay Geri Alım Programının Sona Ermesi Hk.,https://www.kap.org.tr/tr/Bildirim/1580603,tr,2026-03-31T16:52:59+00:00
2026-03-31,ARSAN,KAP,ARSAN HOLDİNG A.Ş. - Bağımsız Denetim Kuruluşunun Belirlenmesi,Bağımsız Denetim Kuruluşunun Belirlenmesi Bağımsız Denetim Kuruluşunun Belirlenmesi.,https://www.kap.org.tr/tr/Bildirim/1580590,tr,2026-03-31T16:46:19+00:00
2026-03-31,ATATR,KAP,ATA TURİZM İŞLETMECİLİK TAŞIMACILIK MADENCİLİK KUYUMCULUK SANAYİ VE DIŞ TİCARET A.Ş. - Özel Durum Açıklaması (Genel),Özel Durum Açıklaması (Genel) FYYS SÜRE UZATIM HAKKINDA,https://www.kap.org.tr/tr/Bildirim/1580876,tr,2026-03-31T18:20:59+00:00
2026-03-31,ATLAS,KAP,ATLAS MENKUL KIYMETLER YATIRIM ORTAKLIĞI A.Ş. - Bağımsız Denetim Kuruluşunun Belirlenmesi,Bağımsız Denetim Kuruluşunun Belirlenmesi 2026 yılı Hesap Dönemi için Bağımsız Denetim Şirketi Seçimi Hakkında,https://www.kap.org.tr/tr/Bildirim/1580954,tr,2026-03-31T18:50:22+00:00
2026-03-31,AVGYO,KAP,AVRASYA GAYRİMENKUL YATIRIM ORTAKLIĞI A.Ş. - Kayıtlı Sermaye Tavanı İşlemlerine İlişkin Bildirim,Kayıtlı Sermaye Tavanı İşlemlerine İlişkin Bildirim Şirket Kayıtlı Sermaye Tavanının Geçerlilik Süresinin Uzatılmasına İlişkin SPK' 'ya Başvuru Hakkında,https://www.kap.org.tr/tr/Bildirim/1580953,tr,2026-03-31T18:49:51+00:00
2026-03-31,AVGYO,KAP,AVRASYA GAYRİMENKUL YATIRIM ORTAKLIĞI A.Ş. - Bağımsız Denetim Kuruluşunun Belirlenmesi,Bağımsız Denetim Kuruluşunun Belirlenmesi 2026 yılı Hesap Dönemi için Bağımsız Denetim Şirketi Seçimi Hakkında,https://www.kap.org.tr/tr/Bildirim/1580950,tr,2026-03-31T18:48:28+00:00
2026-03-31,AVTUR,KAP,AVRASYA PETROL VE TURİSTİK TESİSLER YATIRIMLAR A.Ş. - Bağımsız Denetim Kuruluşunun Belirlenmesi,Bağımsız Denetim Kuruluşunun Belirlenmesi 2026 yılı Hesap Dönemi için Bağımsız Denetim Şirketi Seçimi Hakkında,https://www.kap.org.tr/tr/Bildirim/1580983,tr,2026-03-31T18:56:14+00:00
2026-03-31,AYCES,KAP,ALTIN YUNUS ÇEŞME TURİSTİK TESİSLER A.Ş. - Bağımsız Denetim Kuruluşunun Belirlenmesi,Bağımsız Denetim Kuruluşunun Belirlenmesi Bağımsız Denetim Kuruluşunun Belirlenmesi,https://www.kap.org.tr/tr/Bildirim/1581014,tr,2026-03-31T19:02:54+00:00
2026-03-31,AYCES,KAP,ALTIN YUNUS ÇEŞME TURİSTİK TESİSLER A.Ş. - Kar Payı Dağıtım İşlemlerine İlişkin Bildirim,Kar Payı Dağıtım İşlemlerine İlişkin Bildirim Kar Payı Dağıtım İşlemlerine İlişkin Bildirim,https://www.kap.org.tr/tr/Bildirim/1581013,tr,2026-03-31T19:02:37+00:00
2026-03-31,AYCES,KAP,ALTIN YUNUS ÇEŞME TURİSTİK TESİSLER A.Ş. - Genel Kurul İşlemlerine İlişkin Bildirim,Genel Kurul İşlemlerine İlişkin Bildirim 2025 Yılına İlişkin Olağan Genel Kurul Toplantı Sonucu,https://www.kap.org.tr/tr/Bildirim/1580992,tr,2026-03-31T18:57:25+00:00
2026-03-31,AYES,KAP,AYES ÇELİK HASIR VE ÇİT SANAYİ A.Ş. - Kar Payı Dağıtım İşlemlerine İlişkin Bildirim,Kar Payı Dağıtım İşlemlerine İlişkin Bildirim Genel Kurul Onayına Sunulacak Yönetim Kurulu Kar Payı Dağıtım Teklifi,https://www.kap.org.tr/tr/Bildirim/1580016,tr,2026-03-31T11:28:44+00:00
2026-03-31,AYES,KAP,AYES ÇELİK HASIR VE ÇİT SANAYİ A.Ş. - Genel Kurul İşlemlerine İlişkin Bildirim,Genel Kurul İşlemlerine İlişkin Bildirim 2025 Yılı Olağan Genel Kurul Toplantısı Çağrısı,https://www.kap.org.tr/tr/Bildirim/1580004,tr,2026-03-31T11:06:09+00:00
2026-03-31,BAKAB,KAP,BAK AMBALAJ SANAYİ VE TİCARET A.Ş. - Bağımsız Denetim Kuruluşunun Belirlenmesi,Bağımsız Denetim Kuruluşunun Belirlenmesi Bağımsız Denetim Kuruluşunun Belirlenmesi,https://www.kap.org.tr/tr/Bildirim/1580626,tr,2026-03-31T16:58:00+00:00
2026-03-31,BARMA,KAP,BAREM AMBALAJ SANAYİ VE TİCARET A.Ş. - Özel Durum Açıklaması (Genel),Özel Durum Açıklaması (Genel) Konya Ereğli Fabrikası Yeni İş İlişkisi Hakkında,https://www.kap.org.tr/tr/Bildirim/1579890,tr,2026-03-31T09:19:19+00:00
2026-03-31,BIGCH,KAP,BÜYÜK ŞEFLER GIDA TURİZM TEKSTİL DANIŞMANLIK ORGANİZASYON EĞİTİM SANAYİ VE TİCARET A.Ş. - Şirket Genel Bilgi Formu,Şirket Genel Bilgi Formu,https://www.kap.org.tr/tr/Bildirim/1581104,tr,2026-03-31T19:48:38+00:00
2026-03-31,BIGCH,KAP,BÜYÜK ŞEFLER GIDA TURİZM TEKSTİL DANIŞMANLIK ORGANİZASYON EĞİTİM SANAYİ VE TİCARET A.Ş. - Kredi Derecelendirmesi,Kredi Derecelendirmesi JCR-ER Kredi Derecelendirme Notu,https://www.kap.org.tr/tr/Bildirim/1581088,tr,2026-03-31T19:39:06+00:00
2026-03-31,BIGEN,KAP,BİRLEŞİM GRUP ENERJİ YATIRIMLARI A.Ş. - Bağımsız Denetim Kuruluşunun Belirlenmesi,Bağımsız Denetim Kuruluşunun Belirlenmesi Bağımsız Denetim Şirketi Seçimi,https://www.kap.org.tr/tr/Bildirim/1581192,tr,2026-03-31T20:41:09+00:00
2026-03-31,BIGEN,KAP,BİRLEŞİM GRUP ENERJİ YATIRIMLARI A.Ş. - Kar Payı Dağıtım İşlemlerine İlişkin Bildirim,Kar Payı Dağıtım İşlemlerine İlişkin Bildirim 2025 Yılı Kâr Dağıtım Teklifi,https://www.kap.org.tr/tr/Bildirim/1581190,tr,2026-03-31T20:40:26+00:00
2026-03-31,BIGEN,KAP,BİRLEŞİM GRUP ENERJİ YATIRIMLARI A.Ş. - Genel Kurul İşlemlerine İlişkin Bildirim,Genel Kurul İşlemlerine İlişkin Bildirim 2025 Olağan Genel Kurul Toplantısı,https://www.kap.org.tr/tr/Bildirim/1581188,tr,2026-03-31T20:39:46+00:00
2026-03-31,BJKAS,KAP,BEŞİKTAŞ FUTBOL YATIRIMLARI SANAYİ VE TİCARET A.Ş. - TSRS Uyumlu Sürdürülebilirlik Raporu,TSRS Uyumlu Sürdürülebilirlik Raporu 01.06.2024-31.05.2025 TSRS Uyumlu Sürdürülebilirlik Raporu,https://www.kap.org.tr/tr/Bildirim/1580825,tr,2026-03-31T18:12:32+00:00
2026-03-31,BMSTL,KAP,BMS BİRLEŞİK METAL SANAYİ VE TİCARET A.Ş. - Bağımsız Denetim Kuruluşunun Belirlenmesi,Bağımsız Denetim Kuruluşunun Belirlenmesi Bağımsız Denetim ve Sürdürülebilirlik Denetim Şirketlerinin Belirlenmesi hk.da,https://www.kap.org.tr/tr/Bildirim/1580609,tr,2026-03-31T16:55:19+00:00
2026-03-31,BMSTL,KAP,BMS BİRLEŞİK METAL SANAYİ VE TİCARET A.Ş. - Kredi Derecelendirmesi,Kredi Derecelendirmesi Kredi Derecelendirmesi hk.da,https://www.kap.org.tr/tr/Bildirim/1579942,tr,2026-03-31T10:13:42+00:00
2026-03-31,BOSSA,KAP,BOSSA TİCARET VE SANAYİ İŞLETMELERİ T.A.Ş. - Genel Kurul İşlemlerine İlişkin Bildirim,Genel Kurul İşlemlerine İlişkin Bildirim 2025 Yılı Olağan Genel Kurul Toplantısı.,https://www.kap.org.tr/tr/Bildirim/1580910,tr,2026-03-31T18:27:04+00:00
2026-03-31,BOSSA,KAP,BOSSA TİCARET VE SANAYİ İŞLETMELERİ T.A.Ş. - Kar Payı Dağıtım İşlemlerine İlişkin Bildirim,Kar Payı Dağıtım İşlemlerine İlişkin Bildirim 2025 Yılı Hesap Dönemine İlişkin Kar Payı Dağıtımı Hakkında.,https://www.kap.org.tr/tr/Bildirim/1580893,tr,2026-03-31T18:24:22+00:00
2026-03-31,BRGFK,KAP,BURGAN FİNANSAL KİRALAMA A.Ş. - Esas Sözleşme Tadili,Esas Sözleşme Tadili Burgan Finansal Kiralama A.Ş. Esas Sözleşmesi,https://www.kap.org.tr/tr/Bildirim/1579850,tr,2026-03-31T08:41:18+00:00
2026-03-31,BRLSM,KAP,BİRLEŞİM MÜHENDİSLİK ISITMA SOĞUTMA HAVALANDIRMA SANAYİ VE TİCARET A.Ş. - Bağımsız Denetim Kuruluşunun Belirlenmesi,Bağımsız Denetim Kuruluşunun Belirlenmesi Bağımsız Denetim Şirketi Seçimi,https://www.kap.org.tr/tr/Bildirim/1581071,tr,2026-03-31T19:30:19+00:00
2026-03-31,BRLSM,KAP,BİRLEŞİM MÜHENDİSLİK ISITMA SOĞUTMA HAVALANDIRMA SANAYİ VE TİCARET A.Ş. - Kar Payı Dağıtım İşlemlerine İlişkin Bildirim,Kar Payı Dağıtım İşlemlerine İlişkin Bildirim 2025 Yılı Kâr Dağıtım Teklifi,https://www.kap.org.tr/tr/Bildirim/1581070,tr,2026-03-31T19:30:01+00:00
2026-03-31,BRLSM,KAP,BİRLEŞİM MÜHENDİSLİK ISITMA SOĞUTMA HAVALANDIRMA SANAYİ VE TİCARET A.Ş. - Genel Kurul İşlemlerine İlişkin Bildirim,Genel Kurul İşlemlerine İlişkin Bildirim 2025 Yılı Olağan Genel Kurulu Toplantısı,https://www.kap.org.tr/tr/Bildirim/1581053,tr,2026-03-31T19:25:13+00:00
2026-03-31,BUCIM,KAP,BURSA ÇİMENTO FABRİKASI A.Ş. - Bağımsız Denetim Kuruluşunun Belirlenmesi,Bağımsız Denetim Kuruluşunun Belirlenmesi Bağımsız Denetim Kuruluşu Seçimi Genel Kurul Kararı - 2026 Türkiye Sürdürülebilirlik Raporlama Standartları (TSRS),https://www.kap.org.tr/tr/Bildirim/1581159,tr,2026-03-31T20:18:33+00:00
2026-03-31,BUCIM,KAP,BURSA ÇİMENTO FABRİKASI A.Ş. - Bağımsız Denetim Kuruluşunun Belirlenmesi,Bağımsız Denetim Kuruluşunun Belirlenmesi Bağımsız Denetim Kuruluşu Seçimi - 2025 yılı Türkiye Sürdürülebilirlik Raporlama Standartları (TSRS),https://www.kap.org.tr/tr/Bildirim/1581157,tr,2026-03-31T20:18:07+00:00
2026-03-31,BUCIM,KAP,BURSA ÇİMENTO FABRİKASI A.Ş. - Bağımsız Denetim Kuruluşunun Belirlenmesi,Bağımsız Denetim Kuruluşunun Belirlenmesi Bağımsız Denetim Kuruluşu Seçimi Genel Kurul Kararı - 2024 Türkiye Sürdürülebilirlik Raporlama Standartları (TSRS),https://www.kap.org.tr/tr/Bildirim/1581154,tr,2026-03-31T20:17:10+00:00
2026-03-31,BUCIM,KAP,BURSA ÇİMENTO FABRİKASI A.Ş. - Bağımsız Denetim Kuruluşunun Belirlenmesi,Bağımsız Denetim Kuruluşunun Belirlenmesi Bağımsız Denetim Kuruluşu Seçimi Genel Kurul Kararı,https://www.kap.org.tr/tr/Bildirim/1581151,tr,2026-03-31T20:16:31+00:00
2026-03-31,BUCIM,KAP,BURSA ÇİMENTO FABRİKASI A.Ş. - Özel Durum Açıklaması (Genel),"Özel Durum Açıklaması (Genel) Denetimden Sorumlu Komite, Kurumsal Yönetim Komitesi, Riskin Erken Saptanması ve Sürdürülebilirlik Komitesinin oluşturulması",https://www.kap.org.tr/tr/Bildirim/1581148,tr,2026-03-31T20:15:54+00:00
2026-03-31,BUCIM,KAP,BURSA ÇİMENTO FABRİKASI A.Ş. - Özel Durum Açıklaması (Genel),Özel Durum Açıklaması (Genel) Yönetim Kurulu Görev Dağılımı,https://www.kap.org.tr/tr/Bildirim/1581147,tr,2026-03-31T20:15:03+00:00
2026-03-31,BUCIM,KAP,BURSA ÇİMENTO FABRİKASI A.Ş. - Kar Payı Dağıtım İşlemlerine İlişkin Bildirim,Kar Payı Dağıtım İşlemlerine İlişkin Bildirim Olağan Genel Kurul Kar Dağıtım Sonucu,https://www.kap.org.tr/tr/Bildirim/1581133,tr,2026-03-31T20:00:19+00:00
2026-03-31,BUCIM,KAP,BURSA ÇİMENTO FABRİKASI A.Ş. - Genel Kurul İşlemlerine İlişkin Bildirim,Genel Kurul İşlemlerine İlişkin Bildirim 2025 yılı Olağan Genel Kurul toplantı Sonucu,https://www.kap.org.tr/tr/Bildirim/1581115,tr,2026-03-31T19:55:09+00:00
2026-03-31,BULGS,KAP,BULLS GİRİŞİM SERMAYESİ YATIRIM ORTAKLIĞI A.Ş. - Şirket Genel Bilgi Formu,Şirket Genel Bilgi Formu,https://www.kap.org.tr/tr/Bildirim/1580773,tr,2026-03-31T18:08:29+00:00
2026-03-31,BURCE,KAP,BURÇELİK BURSA ÇELİK DÖKÜM SANAYİİ A.Ş. - Yönetim Kurulu Komiteleri,Yönetim Kurulu Komiteleri Bağımsız Yönetim Kurulu ve Komite Üyeliklerinden İstifa hk,https://www.kap.org.tr/tr/Bildirim/1580495,tr,2026-03-31T16:02:20+00:00
2026-03-31,BURVA,KAP,BURÇELİK VANA SANAYİ VE TİCARET A.Ş. - Yönetim Kurulu Komiteleri,Yönetim Kurulu Komiteleri Bağımsız Yönetim Kurulu ve Komite Üyeliklerinden İstifa hk,https://www.kap.org.tr/tr/Bildirim/1580496,tr,2026-03-31T16:02:53+00:00
2026-03-31,CATES,KAP,ÇATES ELEKTRİK ÜRETİM A.Ş. - Bağımsız Denetim Kuruluşunun Belirlenmesi,Bağımsız Denetim Kuruluşunun Belirlenmesi Bağımsız Denetçinin Tescili ve İlanı,https://www.kap.org.tr/tr/Bildirim/1580775,tr,2026-03-31T18:09:42+00:00
2026-03-31,CATES,KAP,ÇATES ELEKTRİK ÜRETİM A.Ş. - Genel Kurul İşlemlerine İlişkin Bildirim,Genel Kurul İşlemlerine İlişkin Bildirim 2025 Yılı Olağan Genel Kurul Toplantısı Sonuçlarının Tescil ve TTSG İlanı,https://www.kap.org.tr/tr/Bildirim/1580772,tr,2026-03-31T18:08:04+00:00
2026-03-31,CCOLA,KAP,COCA-COLA İÇECEK A.Ş. - Pay Dışında Sermaye Piyasası Aracı İşlemlerine İlişkin Bildirim (Faiz İçeren),Pay Dışında Sermaye Piyasası Aracı İşlemlerine İlişkin Bildirim (Faiz İçeren) Borçlanma Aracı Kupon Ödemesi ve İtfası (Bildirim konusu düzeltilmiştir),https://www.kap.org.tr/tr/Bildirim/1580601,tr,2026-03-31T16:51:58+00:00
2026-03-31,CEMAS,KAP,ÇEMAŞ DÖKÜM SANAYİ A.Ş. - Şirket Genel Bilgi Formu,Şirket Genel Bilgi Formu,https://www.kap.org.tr/tr/Bildirim/1581028,tr,2026-03-31T19:11:18+00:00
2026-03-31,CEMAS,KAP,ÇEMAŞ DÖKÜM SANAYİ A.Ş. - Finansal Duran Varlık Satışı,Finansal Duran Varlık Satışı Finansal Duran Varlık Satışı,https://www.kap.org.tr/tr/Bildirim/1581008,tr,2026-03-31T19:02:02+00:00
2026-03-31,CEMZY,KAP,CEM ZEYTİN A.Ş. - Özel Durum Açıklaması (Genel),Özel Durum Açıklaması (Genel) Yatırımcı İlişkileri Bölüm Yöneticisi,https://www.kap.org.tr/tr/Bildirim/1580888,tr,2026-03-31T18:23:03+00:00
2026-03-31,CONSE,KAP,CONSUS ENERJİ İŞLETMECİLİĞİ VE HİZMETLERİ A.Ş. - Esas Sözleşme,Esas Sözleşme Güncel esas sözleşme metni,https://www.kap.org.tr/tr/Bildirim/1580469,tr,2026-03-31T15:48:21+00:00
2026-03-31,CONSE,KAP,CONSUS ENERJİ İŞLETMECİLİĞİ VE HİZMETLERİ A.Ş. - Bağımsız Denetim Kuruluşunun Belirlenmesi,Bağımsız Denetim Kuruluşunun Belirlenmesi Bağımsız Denetim Kuruluşu seçiminin tescili ve TTSG'de ilanı,https://www.kap.org.tr/tr/Bildirim/1580303,tr,2026-03-31T14:50:15+00:00
2026-03-31,CONSE,KAP,CONSUS ENERJİ İŞLETMECİLİĞİ VE HİZMETLERİ A.Ş. - Esas Sözleşme Tadili,"Esas Sözleşme Tadili Şirket esas sözleşmesinin ""Sermaye ve Paylar"" başlıklı 6. maddesinin tadilinin tescili hk.",https://www.kap.org.tr/tr/Bildirim/1580300,tr,2026-03-31T14:48:50+00:00
2026-03-31,CONSE,KAP,CONSUS ENERJİ İŞLETMECİLİĞİ VE HİZMETLERİ A.Ş. - Kayıtlı Sermaye Tavanı İşlemlerine İlişkin Bildirim,"Kayıtlı Sermaye Tavanı İşlemlerine İlişkin Bildirim Şirket esas sözleşmesinin ""Sermaye ve Paylar"" başlıklı 6. maddesinin tadilinin tescili hk.",https://www.kap.org.tr/tr/Bildirim/1580299,tr,2026-03-31T14:47:49+00:00
2026-03-31,CONSE,KAP,CONSUS ENERJİ İŞLETMECİLİĞİ VE HİZMETLERİ A.Ş. - Genel Kurul İşlemlerine İlişkin Bildirim,Genel Kurul İşlemlerine İlişkin Bildirim Genel Kurul Kararlarının Tescili,https://www.kap.org.tr/tr/Bildirim/1580271,tr,2026-03-31T14:25:57+00:00
2026-03-31,CVKMD,KAP,CVK MADEN İŞLETMELERİ SANAYİ VE TİCARET A.Ş. - Özel Durum Açıklaması (Genel),Özel Durum Açıklaması (Genel) MAPEG İhalesinden Yeni Ruhsat Sahası Alınması Hk.,https://www.kap.org.tr/tr/Bildirim/1580151,tr,2026-03-31T12:54:03+00:00
2026-03-31,CWENE,KAP,CW ENERJİ MÜHENDİSLİK TİCARET VE SANAYİ A.Ş. - Yeni İş İlişkisi,Yeni İş İlişkisi Yeni İş İlişkisi Hk,https://www.kap.org.tr/tr/Bildirim/1580728,tr,2026-03-31T17:49:11+00:00
2026-03-31,CWENE,KAP,CW ENERJİ MÜHENDİSLİK TİCARET VE SANAYİ A.Ş. - Özel Durum Açıklaması (Genel),Özel Durum Açıklaması (Genel) İş Anlaşması Güncelleme Hk.,https://www.kap.org.tr/tr/Bildirim/1580033,tr,2026-03-31T11:37:39+00:00
2026-03-31,DERHL,KAP,DERLÜKS YATIRIM HOLDİNG A.Ş. - Bağımsız Denetim Kuruluşunun Belirlenmesi,Bağımsız Denetim Kuruluşunun Belirlenmesi 2026 Yılı Bağımsız Denetim Kuruluşu Seçimi,https://www.kap.org.tr/tr/Bildirim/1580540,tr,2026-03-31T16:18:54+00:00
2026-03-31,DGGYO,KAP,DOĞUŞ GAYRİMENKUL YATIRIM ORTAKLIĞI A.Ş. - Özel Durum Açıklaması (Genel),Özel Durum Açıklaması (Genel) 2026/3 ve 2026/9 tarihli ara dönem raporlarının BDŞ tarafından hazırlanacağı ve bildirim tarihleri Hakkında,https://www.kap.org.tr/tr/Bildirim/1579847,tr,2026-03-31T08:19:40+00:00
2026-03-31,DGGYO,KAP,DOĞUŞ GAYRİMENKUL YATIRIM ORTAKLIĞI A.Ş. - Özel Durum Açıklaması (Genel),Özel Durum Açıklaması (Genel) Yönetim Kurulu Görev Taksimi Kararı Hk.,https://www.kap.org.tr/tr/Bildirim/1579846,tr,2026-03-31T08:07:27+00:00
2026-03-31,DOAS,KAP,DOĞUŞ OTOMOTİV SERVİS VE TİCARET A.Ş. - Bağımsız Denetim Kuruluşunun Belirlenmesi,Bağımsız Denetim Kuruluşunun Belirlenmesi Bağımsız Denetim Kuruluşunun Belirlenmesi Hakkında,https://www.kap.org.tr/tr/Bildirim/1581027,tr,2026-03-31T19:10:27+00:00
2026-03-31,DOAS,KAP,DOĞUŞ OTOMOTİV SERVİS VE TİCARET A.Ş. - Genel Kurul İşlemlerine İlişkin Bildirim,Genel Kurul İşlemlerine İlişkin Bildirim 2025 Faaliyet Yılı Olağan Genel Kurul Toplantı Tescili,https://www.kap.org.tr/tr/Bildirim/1581026,tr,2026-03-31T19:10:07+00:00
2026-03-31,DSTKF,KAP,DESTEK FİNANS FAKTORİNG A.Ş. - Sermaye Artırımı - Azaltımı İşlemlerine İlişkin Bildirim,Sermaye Artırımı - Azaltımı İşlemlerine İlişkin Bildirim Bedelsiz Sermaye Artırımına İlişkin Revize Yönetim Kurulu Kararı,https://www.kap.org.tr/tr/Bildirim/1580914,tr,2026-03-31T18:28:57+00:00
2026-03-31,DYOBY,KAP,DYO BOYA FABRİKALARI SANAYİ VE TİCARET A.Ş. - Bağımsız Denetim Kuruluşunun Belirlenmesi,Bağımsız Denetim Kuruluşunun Belirlenmesi Bağımsız Denetim Kuruluşunun Belirlenmesi,https://www.kap.org.tr/tr/Bildirim/1581131,tr,2026-03-31T19:57:46+00:00
2026-03-31,DYOBY,KAP,DYO BOYA FABRİKALARI SANAYİ VE TİCARET A.Ş. - Kar Payı Dağıtım İşlemlerine İlişkin Bildirim,Kar Payı Dağıtım İşlemlerine İlişkin Bildirim Kâr Dağıtımına İlişkin,https://www.kap.org.tr/tr/Bildirim/1581102,tr,2026-03-31T19:47:17+00:00
2026-03-31,DYOBY,KAP,DYO BOYA FABRİKALARI SANAYİ VE TİCARET A.Ş. - Genel Kurul İşlemlerine İlişkin Bildirim,Genel Kurul İşlemlerine İlişkin Bildirim 2025 Yılına İlişkin Olağan Genel Kurul Toplantı Sonucu,https://www.kap.org.tr/tr/Bildirim/1580735,tr,2026-03-31T17:53:45+00:00
2026-03-31,DYOBY,KAP,DYO BOYA FABRİKALARI SANAYİ VE TİCARET A.Ş. - Genel Kurul İşlemlerine İlişkin Bildirim,Genel Kurul İşlemlerine İlişkin Bildirim,https://www.kap.org.tr/tr/Bildirim/1580702,tr,2026-03-31T17:39:21+00:00
2026-03-31,EFOR,KAP,EFOR YATIRIM SANAYİ TİCARET A.Ş. - Payların Geri Alınmasına İlişkin Bildirim,Payların Geri Alınmasına İlişkin Bildirim 31.03.2026 Tarihli Pay Geri Alım İşlemleri,https://www.kap.org.tr/tr/Bildirim/1580885,tr,2026-03-31T18:22:44+00:00
2026-03-31,EKGYO,KAP,EMLAK KONUT GAYRİMENKUL YATIRIM ORTAKLIĞI A.Ş. - Özel Durum Açıklaması (Genel),Özel Durum Açıklaması (Genel) İstanbul Ataşehir Küçükbakkalköy Yer Teslimi FENER,https://www.kap.org.tr/tr/Bildirim/1580693,tr,2026-03-31T17:32:28+00:00
2026-03-31,EKGYO,KAP,EMLAK KONUT GAYRİMENKUL YATIRIM ORTAKLIĞI A.Ş. - Özel Durum Açıklaması (Genel),Özel Durum Açıklaması (Genel) Nezihpark Bahçekent Kısmi Geçici Kabul,https://www.kap.org.tr/tr/Bildirim/1580691,tr,2026-03-31T17:32:08+00:00
2026-03-31,EKGYO,KAP,EMLAK KONUT GAYRİMENKUL YATIRIM ORTAKLIĞI A.Ş. - Özel Durum Açıklaması (Genel),Özel Durum Açıklaması (Genel) İstanbul Kartal Millet Bahçesi Kısmi Geçici Kabul,https://www.kap.org.tr/tr/Bildirim/1580690,tr,2026-03-31T17:31:53+00:00
2026-03-31,EKIZ,KAP,EKİZ KİMYA SANAYİ VE TİCARET A.Ş. - Bağımsız Denetim Kuruluşunun Belirlenmesi,Bağımsız Denetim Kuruluşunun Belirlenmesi Bağımsız Denetim Kuruluşunun Belirlenmesi (Yönetim Kurulu Kararı),https://www.kap.org.tr/tr/Bildirim/1580555,tr,2026-03-31T16:29:03+00:00
2026-03-31,EKOFA,KAP,EKO FAKTORİNG A.Ş. - Pay Dışında Sermaye Piyasası Aracı İşlemlerine İlişkin Bildirim (Faiz İçeren),Pay Dışında Sermaye Piyasası Aracı İşlemlerine İlişkin Bildirim (Faiz İçeren) TRFEKOF92616 ISIN KODLU BONO 2.KUPON ÖDEMESİ,https://www.kap.org.tr/tr/Bildirim/1580680,tr,2026-03-31T17:21:49+00:00
2026-03-31,EKTVK,KAP,EMLAK KATILIM VARLIK KİRALAMA A.Ş. - Pay Dışında Sermaye Piyasası Aracı İşlemlerine İlişkin Bildirim (Faizsiz),Pay Dışında Sermaye Piyasası Aracı İşlemlerine İlişkin Bildirim (Faizsiz) Şirketimiz Tarafından İhraç Edilmiş Olan TRDEVKS32680 ISIN Kodlu Kira Sertifikasının İtfası Hk. EKT,https://www.kap.org.tr/tr/Bildirim/1580007,tr,2026-03-31T11:10:43+00:00
2026-03-31,EMPAE,KAP,EMPA ELEKTRONİK SANAYİ VE TİCARET A.Ş. - Bağımsız Denetim Kuruluşunun Belirlenmesi,Bağımsız Denetim Kuruluşunun Belirlenmesi Bağımsız Denetim Kuruluşu Belirlenmesi Hakkında,https://www.kap.org.tr/tr/Bildirim/1581146,tr,2026-03-31T20:14:07+00:00
2026-03-31,ENPRA,KAP,ENPARA BANK A.Ş. - Özel Durum Açıklaması (Genel),Özel Durum Açıklaması (Genel) Kar Payı Dağıtım İşlemlerine İlişkin Genel Kurul Kararı,https://www.kap.org.tr/tr/Bildirim/1580525,tr,2026-03-31T16:12:30+00:00
2026-03-31,ENPRA,KAP,ENPARA BANK A.Ş. - Özel Durum Açıklaması (Genel),Özel Durum Açıklaması (Genel) Olağan genel kurul kararlarının tescil edilmesi hk.,https://www.kap.org.tr/tr/Bildirim/1580458,tr,2026-03-31T15:39:52+00:00
2026-03-31,EREGL,KAP,EREĞLİ DEMİR VE ÇELİK FABRİKALARI T.A.Ş. - Payların Geri Alınmasına İlişkin Bildirim,Payların Geri Alınmasına İlişkin Bildirim Pay Geri Alım Programının Sona Ermesi,https://www.kap.org.tr/tr/Bildirim/1580830,tr,2026-03-31T18:13:51+00:00
2026-03-31,ETYAT,KAP,EURO TREND YATIRIM ORTAKLIĞI A.Ş. - Özel Durum Açıklaması (Genel),"Özel Durum Açıklaması (Genel) BİAŞ'da oluşan ağırlıklı ortalama fiyatın,pay başına net aktif değerin 2 katını aşması",https://www.kap.org.tr/tr/Bildirim/1580490,tr,2026-03-31T15:57:48+00:00
2026-03-31,EUKYO,KAP,EURO KAPİTAL YATIRIM ORTAKLIĞI A.Ş. - Özel Durum Açıklaması (Genel),"Özel Durum Açıklaması (Genel) BİAŞ'da oluşan ağırlıklı ortalama fiyatın,pay başına net aktif değerin 2 katını aşması",https://www.kap.org.tr/tr/Bildirim/1580492,tr,2026-03-31T15:58:18+00:00
2026-03-31,EUYO,KAP,EURO MENKUL KIYMET YATIRIM ORTAKLIĞI A.Ş. - Özel Durum Açıklaması (Genel),"Özel Durum Açıklaması (Genel) BİAŞ'da oluşan ağırlıklı ortalama fiyatın,pay başına net aktif değerin 2 katını aşması",https://www.kap.org.tr/tr/Bildirim/1580489,tr,2026-03-31T15:57:13+00:00
2026-03-31,EXIMB,KAP,TÜRKİYE İHRACAT KREDİ BANKASI A.Ş. - Pay Dışında Sermaye Piyasası Aracı İşlemlerine İlişkin Bildirim (Faiz İçeren),Pay Dışında Sermaye Piyasası Aracı İşlemlerine İlişkin Bildirim (Faiz İçeren) XS3040597612 ISIN Kodlu Tahvil İtfası Hk,https://www.kap.org.tr/tr/Bildirim/1580488,tr,2026-03-31T15:56:09+00:00
2026-03-31,FBB,KAP,FİBABANKA A.Ş. - Genel Kurul Bildirimi,Genel Kurul Bildirimi Fibabanka A.Ş. Olağan Genel Kurul Toplantısı Hakkında,https://www.kap.org.tr/tr/Bildirim/1579993,tr,2026-03-31T10:54:56+00:00
2026-03-31,FBBNK,KAP,FİBABANKA A.Ş. - Genel Kurul Bildirimi,Genel Kurul Bildirimi Fibabanka A.Ş. Olağan Genel Kurul Toplantısı Hakkında,https://www.kap.org.tr/tr/Bildirim/1579993,tr,2026-03-31T10:54:56+00:00
2026-03-31,FIN,KAP,QNB BANK A.Ş. - Pay Dışında Sermaye Piyasası Aracı İşlemlerine İlişkin Bildirim (Faiz İçeren),Pay Dışında Sermaye Piyasası Aracı İşlemlerine İlişkin Bildirim (Faiz İçeren) QNB Bank A.Ş. Borçlanma Aracı Satışın Tamamlanması hk.,https://www.kap.org.tr/tr/Bildirim/1579987,tr,2026-03-31T10:52:17+00:00
2026-03-31,FROTO,KAP,FORD OTOMOTİV SANAYİ A.Ş. - Kredi Derecelendirmesi,Kredi Derecelendirmesi Kredi Derecelendirme Notu,https://www.kap.org.tr/tr/Bildirim/1580892,tr,2026-03-31T18:23:46+00:00
2026-03-31,GARAN,KAP,TÜRKİYE GARANTİ BANKASI A.Ş. - Pay Dışında Sermaye Piyasası Aracı İşlemlerine İlişkin Bildirim (Faiz İçeren),Pay Dışında Sermaye Piyasası Aracı İşlemlerine İlişkin Bildirim (Faiz İçeren) Yurtdışı Piyasalara Tahvil İhracı SPK Onayı,https://www.kap.org.tr/tr/Bildirim/1581058,tr,2026-03-31T19:26:20+00:00
2026-03-31,GARAN,KAP,TÜRKİYE GARANTİ BANKASI A.Ş. - Pay Dışında Sermaye Piyasası Aracı İşlemlerine İlişkin Bildirim (Faiz İçeren),Pay Dışında Sermaye Piyasası Aracı İşlemlerine İlişkin Bildirim (Faiz İçeren) Yurtdışı Piyasalara Tahvil İhracı SPK Onayı,https://www.kap.org.tr/tr/Bildirim/1581057,tr,2026-03-31T19:25:52+00:00
2026-03-31,GARAN,KAP,TÜRKİYE GARANTİ BANKASI A.Ş. - Pay Dışında Sermaye Piyasası Aracı İşlemlerine İlişkin Bildirim (Faiz İçeren),Pay Dışında Sermaye Piyasası Aracı İşlemlerine İlişkin Bildirim (Faiz İçeren) Yurtdışı Piyasalara Tahvil İhracı SPK Onayı,https://www.kap.org.tr/tr/Bildirim/1581054,tr,2026-03-31T19:25:23+00:00
2026-03-31,GARAN,KAP,TÜRKİYE GARANTİ BANKASI A.Ş. - Pay Dışında Sermaye Piyasası Aracı İşlemlerine İlişkin Bildirim (Faiz İçeren),Pay Dışında Sermaye Piyasası Aracı İşlemlerine İlişkin Bildirim (Faiz İçeren) Yurtdışı Piyasalara Tahvil İhracı SPK Onayı,https://www.kap.org.tr/tr/Bildirim/1581052,tr,2026-03-31T19:24:56+00:00
2026-03-31,GARAN,KAP,TÜRKİYE GARANTİ BANKASI A.Ş. - Yatırım Kuruluşu Varant - Sertifika - Senetlerine İlişkin Bildirim,Yatırım Kuruluşu Varant - Sertifika - Senetlerine İlişkin Bildirim Yatırım Kuruluşu Varantları İtfa Fiyatları,https://www.kap.org.tr/tr/Bildirim/1581050,tr,2026-03-31T19:24:22+00:00
2026-03-31,GARAN,KAP,TÜRKİYE GARANTİ BANKASI A.Ş. - Kar Payı Dağıtım İşlemlerine İlişkin Bildirim,Kar Payı Dağıtım İşlemlerine İlişkin Bildirim 2025 Yılı Kar Dağıtımı Hk.,https://www.kap.org.tr/tr/Bildirim/1581049,tr,2026-03-31T19:23:50+00:00
2026-03-31,GARAN,KAP,TÜRKİYE GARANTİ BANKASI A.Ş. - Genel Kurul İşlemlerine İlişkin Bildirim,Genel Kurul İşlemlerine İlişkin Bildirim Bankamız Olağan Genel Kurul Toplantısı?nda alınan kararlar hk.,https://www.kap.org.tr/tr/Bildirim/1580493,tr,2026-03-31T15:59:28+00:00
2026-03-31,GEDIK,KAP,GEDİK YATIRIM MENKUL DEĞERLER A.Ş. - Şirket Genel Bilgi Formu,Şirket Genel Bilgi Formu,https://www.kap.org.tr/tr/Bildirim/1580831,tr,2026-03-31T18:14:04+00:00
2026-03-31,GENIL,KAP,GEN İLAÇ VE SAĞLIK ÜRÜNLERİ SANAYİ VE TİCARET A.Ş. - Kar Payı Dağıtım İşlemlerine İlişkin Bildirim,Kar Payı Dağıtım İşlemlerine İlişkin Bildirim 2025 Yılı Kar Dağıtımının Belirlenmesi,https://www.kap.org.tr/tr/Bildirim/1580374,tr,2026-03-31T15:21:50+00:00
2026-03-31,GENIL,KAP,GEN İLAÇ VE SAĞLIK ÜRÜNLERİ SANAYİ VE TİCARET A.Ş. - Bağımsız Denetim Kuruluşunun Belirlenmesi,Bağımsız Denetim Kuruluşunun Belirlenmesi Bağımsız Denetim Kuruluşunun Belirlenmesi,https://www.kap.org.tr/tr/Bildirim/1580364,tr,2026-03-31T15:10:44+00:00
2026-03-31,GENIL,KAP,GEN İLAÇ VE SAĞLIK ÜRÜNLERİ SANAYİ VE TİCARET A.Ş. - Genel Kurul İşlemlerine İlişkin Bildirim,Genel Kurul İşlemlerine İlişkin Bildirim 2025 Hesap Dönemi Olağan Genel Kurul Toplantısı Sonuçları,https://www.kap.org.tr/tr/Bildirim/1580328,tr,2026-03-31T14:59:51+00:00
2026-03-31,GENTS,KAP,GENTAŞ DEKORATİF YÜZEYLER SANAYİ VE TİCARET A.Ş. - Şirket Genel Bilgi Formu,Şirket Genel Bilgi Formu,https://www.kap.org.tr/tr/Bildirim/1580738,tr,2026-03-31T17:55:39+00:00
2026-03-31,GLB,KAP,GLOBAL MENKUL DEĞERLER A.Ş. - Fiyat Tespit Raporuna İlişkin Analist Raporu (Halka Arza Aracılık Eden Kuruluş Dışında Farklı bir Kuruluş Tarafından Hazırlanan),Fiyat Tespit Raporuna İlişkin Analist Raporu (Halka Arza Aracılık Eden Kuruluş Dışında Farklı bir Kuruluş Tarafından Hazırlanan) Ağaoğlu Avrasya Gayrimenkul Yatırım Ortaklığı A.Ş. Halka Arz Fiyat Tespit Raporuna İlişkin Analist Raporu AAGYO,https://www.kap.org.tr/tr/Bildirim/1580009,tr,2026-03-31T11:11:27+00:00
2026-03-31,GLBMD,KAP,GLOBAL MENKUL DEĞERLER A.Ş. - Fiyat Tespit Raporuna İlişkin Analist Raporu (Halka Arza Aracılık Eden Kuruluş Dışında Farklı bir Kuruluş Tarafından Hazırlanan),Fiyat Tespit Raporuna İlişkin Analist Raporu (Halka Arza Aracılık Eden Kuruluş Dışında Farklı bir Kuruluş Tarafından Hazırlanan) Ağaoğlu Avrasya Gayrimenkul Yatırım Ortaklığı A.Ş. Halka Arz Fiyat Tespit Raporuna İlişkin Analist Raporu AAGYO,https://www.kap.org.tr/tr/Bildirim/1580009,tr,2026-03-31T11:11:27+00:00
2026-03-31,GLYHO,KAP,GLOBAL YATIRIM HOLDİNG A.Ş. - Payların Geri Alınmasına İlişkin Bildirim,Payların Geri Alınmasına İlişkin Bildirim 31.03.2026 Tarihli Pay Geri Alım İşlemleri,https://www.kap.org.tr/tr/Bildirim/1580916,tr,2026-03-31T18:30:12+00:00
2026-03-31,GOKNR,KAP,GÖKNUR GIDA MADDELERİ ENERJİ İMALAT İTHALAT İHRACAT TİCARET VE SANAYİ A.Ş. - Payların Geri Alınmasına İlişkin Bildirim,Payların Geri Alınmasına İlişkin Bildirim Payların Geri Alınmasına İlişkin Bildirim,https://www.kap.org.tr/tr/Bildirim/1580809,tr,2026-03-31T18:11:42+00:00
2026-03-31,GOODY,KAP,GOODYEAR LASTİKLERİ T.A.Ş. - İlişkili Taraf İşlemleri,İlişkili Taraf İşlemleri Grup şirketinden kredi kullanılması,https://www.kap.org.tr/tr/Bildirim/1580932,tr,2026-03-31T18:34:34+00:00
2026-03-31,GRNYO,KAP,GARANTİ YATIRIM ORTAKLIĞI A.Ş. - Özel Durum Açıklaması (Genel),"Özel Durum Açıklaması (Genel) Paylarının BİAŞ'ta oluşan ağırlıklı ortalama fiyatının, pay başına net aktif değerinin 2 katını aşması hakkında.",https://www.kap.org.tr/tr/Bildirim/1579952,tr,2026-03-31T10:29:03+00:00
2026-03-31,GSRAY,KAP,GALATASARAY SPORTİF SINAİ VE TİCARİ YATIRIMLAR A.Ş. - TSRS Uyumlu Sürdürülebilirlik Raporu,TSRS Uyumlu Sürdürülebilirlik Raporu 01.06.2024-31.05.2025 TSRS Uyumlu Sürdürülebilirlik Raporu,https://www.kap.org.tr/tr/Bildirim/1581268,tr,2026-03-31T21:34:57+00:00
2026-03-31,GWIND,KAP,GALATA WIND ENERJİ A.Ş. - Payların Geri Alınmasına İlişkin Bildirim,Payların Geri Alınmasına İlişkin Bildirim 31.03.2026 tarihli Geri Alım İşlemleri,https://www.kap.org.tr/tr/Bildirim/1581309,tr,2026-03-31T21:59:47+00:00
2026-03-31,GWIND,KAP,GALATA WIND ENERJİ A.Ş. - Payların Geri Alınmasına İlişkin Bildirim,Payların Geri Alınmasına İlişkin Bildirim 30.03.2026 tarihli Geri Alım İşlemleri,https://www.kap.org.tr/tr/Bildirim/1580923,tr,2026-03-31T18:33:05+00:00
2026-03-31,HALKI,KAP,HALK YATIRIM MENKUL DEĞERLER A.Ş. - Fiyat Tespit Raporuna İlişkin Analist Raporu (Halka Arza Aracılık Eden Kuruluş Dışında Farklı bir Kuruluş Tarafından Hazırlanan),Fiyat Tespit Raporuna İlişkin Analist Raporu (Halka Arza Aracılık Eden Kuruluş Dışında Farklı bir Kuruluş Tarafından Hazırlanan) Ağaoğlu Avrasya Gayrimenkul Yatırım Ortaklığı A.Ş Fiyat Tespit Raporuna istinaden hazırlanan Analiz Raporu AAGYO,https://www.kap.org.tr/tr/Bildirim/1580215,tr,2026-03-31T13:35:57+00:00
2026-03-31,HDFFL,KAP,HEDEF ARAÇ KİRALAMA VE SERVİS A.Ş. - Pay Dışında Sermaye Piyasası Aracı İşlemlerine İlişkin Bildirim (Faiz İçeren),Pay Dışında Sermaye Piyasası Aracı İşlemlerine İlişkin Bildirim (Faiz İçeren) 3. Kupon Oranının Belirlenmesi,https://www.kap.org.tr/tr/Bildirim/1580779,tr,2026-03-31T18:09:53+00:00
2026-03-31,HDFGS,KAP,HEDEF GİRİŞİM SERMAYESİ YATIRIM ORTAKLIĞI A.Ş. - Genel Kurul İşlemlerine İlişkin Bildirim,Genel Kurul İşlemlerine İlişkin Bildirim 2025 Yılı Olağan Genel Kurulu Ertelenen 2. Toplantısına Davet Hk.,https://www.kap.org.tr/tr/Bildirim/1580666,tr,2026-03-31T17:15:00+00:00
2026-03-31,HDFGS,KAP,HEDEF GİRİŞİM SERMAYESİ YATIRIM ORTAKLIĞI A.Ş. - Genel Kurul İşlemlerine İlişkin Bildirim,Genel Kurul İşlemlerine İlişkin Bildirim 2025 Yılı Olağan Genel Kurul Toplantısının Asgari Toplantı Nisabının Sağlanamaması Nedeniyle Ertelenmesi,https://www.kap.org.tr/tr/Bildirim/1580653,tr,2026-03-31T17:12:24+00:00
2026-03-31,HDFYB,KAP,HEDEF YATIRIM BANKASI A.Ş. - İhraç Tavanına İlişkin Bildirim,İhraç Tavanına İlişkin Bildirim İhraç Tavanına İlişkin Bildirim,https://www.kap.org.tr/tr/Bildirim/1580744,tr,2026-03-31T17:56:37+00:00
2026-03-31,HLVKS,KAP,HALK VARLIK KİRALAMA A.Ş. - Yatırımcı Raporu,Yatırımcı Raporu Halk Varlık Kiralama A.Ş. Yatırımcı Raporu,https://www.kap.org.tr/tr/Bildirim/1580259,tr,2026-03-31T14:16:27+00:00
2026-03-31,HLY,KAP,HALK YATIRIM MENKUL DEĞERLER A.Ş. - Fiyat Tespit Raporuna İlişkin Analist Raporu (Halka Arza Aracılık Eden Kuruluş Dışında Farklı bir Kuruluş Tarafından Hazırlanan),Fiyat Tespit Raporuna İlişkin Analist Raporu (Halka Arza Aracılık Eden Kuruluş Dışında Farklı bir Kuruluş Tarafından Hazırlanan) Ağaoğlu Avrasya Gayrimenkul Yatırım Ortaklığı A.Ş Fiyat Tespit Raporuna istinaden hazırlanan Analiz Raporu AAGYO,https://www.kap.org.tr/tr/Bildirim/1580215,tr,2026-03-31T13:35:57+00:00
2026-03-31,HRKET,KAP,HAREKET PROJE TAŞIMACILIĞI VE YÜK MÜHENDİSLİĞİ A.Ş. - Kar Payı Dağıtım İşlemlerine İlişkin Bildirim,Kar Payı Dağıtım İşlemlerine İlişkin Bildirim 2025 Yılı Kar Payı Dağıtımına İlişkin Yönetim Kurulu Kararı,https://www.kap.org.tr/tr/Bildirim/1580903,tr,2026-03-31T18:25:55+00:00
2026-03-31,HRKET,KAP,HAREKET PROJE TAŞIMACILIĞI VE YÜK MÜHENDİSLİĞİ A.Ş. - Bağımsız Denetim Kuruluşunun Belirlenmesi,Bağımsız Denetim Kuruluşunun Belirlenmesi Bağımsız Denetim Kuruluşunun Belirlenmesi,https://www.kap.org.tr/tr/Bildirim/1580900,tr,2026-03-31T18:25:29+00:00
2026-03-31,HTTBT,KAP,HİTİT BİLGİSAYAR HİZMETLERİ A.Ş. - Bağımsız Denetim Kuruluşunun Belirlenmesi,Bağımsız Denetim Kuruluşunun Belirlenmesi Bağımsız Denetim Kuruluşu Tescil ve TTSG'de İlanı Hk.,https://www.kap.org.tr/tr/Bildirim/1580828,tr,2026-03-31T18:13:28+00:00
2026-03-31,HTTBT,KAP,HİTİT BİLGİSAYAR HİZMETLERİ A.Ş. - Genel Kurul İşlemlerine İlişkin Bildirim,Genel Kurul İşlemlerine İlişkin Bildirim 25.03.2026 tarihli Olağan Genel Kurul Toplantısı Sonuçlarının Tescili,https://www.kap.org.tr/tr/Bildirim/1580822,tr,2026-03-31T18:12:20+00:00
2026-03-31,HURGZ,KAP,HÜRRİYET GAZETECİLİK VE MATBAACILIK A.Ş. - Faaliyetlerin Kısmen veya Tamamen Durdurulması ya da İmkansız Hale Gelmesi,Faaliyetlerin Kısmen veya Tamamen Durdurulması ya da İmkansız Hale Gelmesi Adana DPC Şubesi'nin faaliyetlerinin sona erdirilmesi hakkında,https://www.kap.org.tr/tr/Bildirim/1581300,tr,2026-03-31T21:53:00+00:00
2026-03-31,HYB,KAP,HEDEF YATIRIM BANKASI A.Ş. - İhraç Tavanına İlişkin Bildirim,İhraç Tavanına İlişkin Bildirim İhraç Tavanına İlişkin Bildirim,https://www.kap.org.tr/tr/Bildirim/1580744,tr,2026-03-31T17:56:37+00:00
2026-03-31,ICB,KAP,ICBC TURKEY BANK A.Ş. - Genel Kurul İşlemlerine İlişkin Bildirim,Genel Kurul İşlemlerine İlişkin Bildirim ICBC Turkey 2025 Yılı Olağan Genel Kurul Toplantısı,https://www.kap.org.tr/tr/Bildirim/1580252,tr,2026-03-31T14:07:12+00:00
2026-03-31,ICB,KAP,ICBC TURKEY BANK A.Ş. - Genel Kurul İşlemlerine İlişkin Bildirim,Genel Kurul İşlemlerine İlişkin Bildirim ICBC Turkey 2025 Yılı Olağan Genel Kurul Toplantısının Ertelenmesi Hk.,https://www.kap.org.tr/tr/Bildirim/1580224,tr,2026-03-31T13:43:32+00:00
2026-03-31,ICBCT,KAP,ICBC TURKEY BANK A.Ş. - Genel Kurul İşlemlerine İlişkin Bildirim,Genel Kurul İşlemlerine İlişkin Bildirim ICBC Turkey 2025 Yılı Olağan Genel Kurul Toplantısı,https://www.kap.org.tr/tr/Bildirim/1580252,tr,2026-03-31T14:07:12+00:00
2026-03-31,ICBCT,KAP,ICBC TURKEY BANK A.Ş. - Genel Kurul İşlemlerine İlişkin Bildirim,Genel Kurul İşlemlerine İlişkin Bildirim ICBC Turkey 2025 Yılı Olağan Genel Kurul Toplantısının Ertelenmesi Hk.,https://www.kap.org.tr/tr/Bildirim/1580224,tr,2026-03-31T13:43:32+00:00
2026-03-31,IEYHO,KAP,IŞIKLAR ENERJİ VE YAPI HOLDİNG A.Ş. - İlişkili Taraf İşlemleri,İlişkili Taraf İşlemleri Dolaylı İştirakimizin Pay Alımı hk.da,https://www.kap.org.tr/tr/Bildirim/1581030,tr,2026-03-31T19:13:05+00:00
2026-03-31,IHEVA,KAP,İHLAS EV ALETLERİ İMALAT SANAYİ VE TİCARET A.Ş. - Bağımsız Denetim Kuruluşunun Belirlenmesi,Bağımsız Denetim Kuruluşunun Belirlenmesi Bağımsız Denetim Şirketi Seçimi Hk.,https://www.kap.org.tr/tr/Bildirim/1580045,tr,2026-03-31T11:47:05+00:00
2026-03-31,IHEVA,KAP,İHLAS EV ALETLERİ İMALAT SANAYİ VE TİCARET A.Ş. - Yönetim Kurulu Komiteleri,Yönetim Kurulu Komiteleri Görev Süresi Sona Eren Bağımsız Yönetim Kurulu Üyesinin Yerine Yeni Üye Atanması ve Komite Görevlendirmesi Hk.,https://www.kap.org.tr/tr/Bildirim/1579906,tr,2026-03-31T09:38:40+00:00
2026-03-31,IHGZT,KAP,İHLAS GAZETECİLİK A.Ş. - Bağımsız Denetim Kuruluşunun Belirlenmesi,Bağımsız Denetim Kuruluşunun Belirlenmesi Bağımsız Denetim Şirketi Seçimi Hk.,https://www.kap.org.tr/tr/Bildirim/1580043,tr,2026-03-31T11:44:25+00:00
2026-03-31,IHGZT,KAP,İHLAS GAZETECİLİK A.Ş. - Yönetim Kurulu Komiteleri,Yönetim Kurulu Komiteleri Görev Süresi Sona Eren Bağımsız Yönetim Kurulu Üyesinin Yerine Yeni Üye Atanması ve Komite Görevlendirmesi Hk.,https://www.kap.org.tr/tr/Bildirim/1579902,tr,2026-03-31T09:32:48+00:00
2026-03-31,IHLAS,KAP,İHLAS HOLDİNG A.Ş. - Bağımsız Denetim Kuruluşunun Belirlenmesi,Bağımsız Denetim Kuruluşunun Belirlenmesi Bağımsız Denetim Şirketi Seçimi Hk.,https://www.kap.org.tr/tr/Bildirim/1580052,tr,2026-03-31T11:51:51+00:00
2026-03-31,IHLGM,KAP,İHLAS GAYRİMENKUL PROJE GELİŞTİRME VE TİCARET A.Ş. - Bağımsız Denetim Kuruluşunun Belirlenmesi,Bağımsız Denetim Kuruluşunun Belirlenmesi Bağımsız Denetim Şirketi Seçimi Hk.,https://www.kap.org.tr/tr/Bildirim/1580044,tr,2026-03-31T11:46:34+00:00
2026-03-31,IHYAY,KAP,İHLAS YAYIN HOLDİNG A.Ş. - Bağımsız Denetim Kuruluşunun Belirlenmesi,Bağımsız Denetim Kuruluşunun Belirlenmesi Bağımsız Denetim Şirketi Seçimi Hk.,https://www.kap.org.tr/tr/Bildirim/1580050,tr,2026-03-31T11:48:43+00:00
2026-03-31,IHYAY,KAP,İHLAS YAYIN HOLDİNG A.Ş. - Yönetim Kurulu Komiteleri,Yönetim Kurulu Komiteleri Görev Süresi Sona Eren Bağımsız Yönetim Kurulu Üyesinin Yerine Yeni Üye Atanması ve Komite Görevlendirmesi Hk.,https://www.kap.org.tr/tr/Bildirim/1579903,tr,2026-03-31T09:35:15+00:00
2026-03-31,IMASM,KAP,İMAŞ MAKİNA SANAYİ A.Ş. - Bağımsız Denetim Kuruluşunun Belirlenmesi,Bağımsız Denetim Kuruluşunun Belirlenmesi 2026 Yılı Bağımsız Denetim Şirketi Seçimi Hk.,https://www.kap.org.tr/tr/Bildirim/1581109,tr,2026-03-31T19:52:59+00:00
2026-03-31,INVEO,KAP,INVEO YATIRIM HOLDİNG A.Ş. - Özel Durum Açıklaması (Genel),Özel Durum Açıklaması (Genel) Erhan Topaç?tan devralınan Gedik Yatırım paylarına ilişkin Hisse Devir Sözleşmesi kapsamındaki ödeme yükümlülüklerinin tamamlanması hakkında GEDIK,https://www.kap.org.tr/tr/Bildirim/1580824,tr,2026-03-31T18:12:32+00:00
2026-03-31,INVEO,KAP,INVEO YATIRIM HOLDİNG A.Ş. - Bağımsız Denetim Kuruluşunun Belirlenmesi,Bağımsız Denetim Kuruluşunun Belirlenmesi 2026 Yılı Bağımsız Denetim Şirketi Seçiminin Tescili,https://www.kap.org.tr/tr/Bildirim/1580815,tr,2026-03-31T18:11:54+00:00
2026-03-31,INVEO,KAP,INVEO YATIRIM HOLDİNG A.Ş. - Genel Kurul İşlemlerine İlişkin Bildirim,Genel Kurul İşlemlerine İlişkin Bildirim 2025 Yılı Olağan Genel Kurul Toplantısı Tescili hakkında,https://www.kap.org.tr/tr/Bildirim/1580810,tr,2026-03-31T18:11:43+00:00
2026-03-31,ISATR,KAP,TÜRKİYE İŞ BANKASI A.Ş. - Genel Kurul İşlemlerine İlişkin Bildirim,Genel Kurul İşlemlerine İlişkin Bildirim Olağan Genel Kurul Kararları,https://www.kap.org.tr/tr/Bildirim/1581788,tr,2026-03-31T23:53:49+00:00
2026-03-31,ISATR,KAP,TÜRKİYE İŞ BANKASI A.Ş. - Pay Dışında Sermaye Piyasası Aracı İşlemlerine İlişkin Bildirim (Faiz İçeren),Pay Dışında Sermaye Piyasası Aracı İşlemlerine İlişkin Bildirim (Faiz İçeren) Nitelikli Yatırımcılara Katkı Sermaye Hesaplamasına Dahil Edilecek Türk Lirası Borçlanma Aracı Satışının Tamamlanması,https://www.kap.org.tr/tr/Bildirim/1580602,tr,2026-03-31T16:52:54+00:00
2026-03-31,ISATR,KAP,TÜRKİYE İŞ BANKASI A.Ş. - Bağımsız Denetim Kuruluşunun Belirlenmesi,Bağımsız Denetim Kuruluşunun Belirlenmesi Bağımsız Denetim Kuruluşunun Belirlenmesi,https://www.kap.org.tr/tr/Bildirim/1580375,tr,2026-03-31T15:22:23+00:00
2026-03-31,ISATR,KAP,TÜRKİYE İŞ BANKASI A.Ş. - Kar Payı Dağıtım İşlemlerine İlişkin Bildirim,Kar Payı Dağıtım İşlemlerine İlişkin Bildirim Kar Payı Dağıtımı Hakkında,https://www.kap.org.tr/tr/Bildirim/1580260,tr,2026-03-31T14:16:40+00:00
2026-03-31,ISATR,KAP,TÜRKİYE İŞ BANKASI A.Ş. - Genel Kurul İşlemlerine İlişkin Bildirim,Genel Kurul İşlemlerine İlişkin Bildirim Olağan Genel Kurul Kararları,https://www.kap.org.tr/tr/Bildirim/1580235,tr,2026-03-31T13:49:24+00:00
2026-03-31,ISBIR,KAP,İŞBİR HOLDİNG A.Ş. - Genel Kurul İşlemlerine İlişkin Bildirim,Genel Kurul İşlemlerine İlişkin Bildirim 2025 Faaliyet Dönemi Olağan Genel Kurul Toplantı Sonuçları,https://www.kap.org.tr/tr/Bildirim/1580857,tr,2026-03-31T18:16:38+00:00
2026-03-31,ISBTR,KAP,TÜRKİYE İŞ BANKASI A.Ş. - Genel Kurul İşlemlerine İlişkin Bildirim,Genel Kurul İşlemlerine İlişkin Bildirim Olağan Genel Kurul Kararları,https://www.kap.org.tr/tr/Bildirim/1581788,tr,2026-03-31T23:53:49+00:00
2026-03-31,ISBTR,KAP,TÜRKİYE İŞ BANKASI A.Ş. - Pay Dışında Sermaye Piyasası Aracı İşlemlerine İlişkin Bildirim (Faiz İçeren),Pay Dışında Sermaye Piyasası Aracı İşlemlerine İlişkin Bildirim (Faiz İçeren) Nitelikli Yatırımcılara Katkı Sermaye Hesaplamasına Dahil Edilecek Türk Lirası Borçlanma Aracı Satışının Tamamlanması,https://www.kap.org.tr/tr/Bildirim/1580602,tr,2026-03-31T16:52:54+00:00
2026-03-31,ISBTR,KAP,TÜRKİYE İŞ BANKASI A.Ş. - Bağımsız Denetim Kuruluşunun Belirlenmesi,Bağımsız Denetim Kuruluşunun Belirlenmesi Bağımsız Denetim Kuruluşunun Belirlenmesi,https://www.kap.org.tr/tr/Bildirim/1580375,tr,2026-03-31T15:22:23+00:00
2026-03-31,ISBTR,KAP,TÜRKİYE İŞ BANKASI A.Ş. - Kar Payı Dağıtım İşlemlerine İlişkin Bildirim,Kar Payı Dağıtım İşlemlerine İlişkin Bildirim Kar Payı Dağıtımı Hakkında,https://www.kap.org.tr/tr/Bildirim/1580260,tr,2026-03-31T14:16:40+00:00
2026-03-31,ISBTR,KAP,TÜRKİYE İŞ BANKASI A.Ş. - Genel Kurul İşlemlerine İlişkin Bildirim,Genel Kurul İşlemlerine İlişkin Bildirim Olağan Genel Kurul Kararları,https://www.kap.org.tr/tr/Bildirim/1580235,tr,2026-03-31T13:49:24+00:00
2026-03-31,ISCTR,KAP,TÜRKİYE İŞ BANKASI A.Ş. - Genel Kurul İşlemlerine İlişkin Bildirim,Genel Kurul İşlemlerine İlişkin Bildirim Olağan Genel Kurul Kararları,https://www.kap.org.tr/tr/Bildirim/1581788,tr,2026-03-31T23:53:49+00:00
2026-03-31,ISCTR,KAP,TÜRKİYE İŞ BANKASI A.Ş. - Pay Dışında Sermaye Piyasası Aracı İşlemlerine İlişkin Bildirim (Faiz İçeren),Pay Dışında Sermaye Piyasası Aracı İşlemlerine İlişkin Bildirim (Faiz İçeren) Nitelikli Yatırımcılara Katkı Sermaye Hesaplamasına Dahil Edilecek Türk Lirası Borçlanma Aracı Satışının Tamamlanması,https://www.kap.org.tr/tr/Bildirim/1580602,tr,2026-03-31T16:52:54+00:00
2026-03-31,ISCTR,KAP,TÜRKİYE İŞ BANKASI A.Ş. - Bağımsız Denetim Kuruluşunun Belirlenmesi,Bağımsız Denetim Kuruluşunun Belirlenmesi Bağımsız Denetim Kuruluşunun Belirlenmesi,https://www.kap.org.tr/tr/Bildirim/1580375,tr,2026-03-31T15:22:23+00:00
2026-03-31,ISCTR,KAP,TÜRKİYE İŞ BANKASI A.Ş. - Kar Payı Dağıtım İşlemlerine İlişkin Bildirim,Kar Payı Dağıtım İşlemlerine İlişkin Bildirim Kar Payı Dağıtımı Hakkında,https://www.kap.org.tr/tr/Bildirim/1580260,tr,2026-03-31T14:16:40+00:00
2026-03-31,ISCTR,KAP,TÜRKİYE İŞ BANKASI A.Ş. - Genel Kurul İşlemlerine İlişkin Bildirim,Genel Kurul İşlemlerine İlişkin Bildirim Olağan Genel Kurul Kararları,https://www.kap.org.tr/tr/Bildirim/1580235,tr,2026-03-31T13:49:24+00:00
2026-03-31,ISFAK,KAP,İŞ FAKTORİNG A.Ş. - Pay Dışında Sermaye Piyasası Aracı İşlemlerine İlişkin Bildirim (Faiz İçeren),Pay Dışında Sermaye Piyasası Aracı İşlemlerine İlişkin Bildirim (Faiz İçeren) Nitelikli Yatırımcıya Borçlanma Aracı İhracı,https://www.kap.org.tr/tr/Bildirim/1580012,tr,2026-03-31T11:14:02+00:00
2026-03-31,ISKUR,KAP,TÜRKİYE İŞ BANKASI A.Ş. - Genel Kurul İşlemlerine İlişkin Bildirim,Genel Kurul İşlemlerine İlişkin Bildirim Olağan Genel Kurul Kararları,https://www.kap.org.tr/tr/Bildirim/1581788,tr,2026-03-31T23:53:49+00:00
2026-03-31,ISKUR,KAP,TÜRKİYE İŞ BANKASI A.Ş. - Pay Dışında Sermaye Piyasası Aracı İşlemlerine İlişkin Bildirim (Faiz İçeren),Pay Dışında Sermaye Piyasası Aracı İşlemlerine İlişkin Bildirim (Faiz İçeren) Nitelikli Yatırımcılara Katkı Sermaye Hesaplamasına Dahil Edilecek Türk Lirası Borçlanma Aracı Satışının Tamamlanması,https://www.kap.org.tr/tr/Bildirim/1580602,tr,2026-03-31T16:52:54+00:00
2026-03-31,ISKUR,KAP,TÜRKİYE İŞ BANKASI A.Ş. - Bağımsız Denetim Kuruluşunun Belirlenmesi,Bağımsız Denetim Kuruluşunun Belirlenmesi Bağımsız Denetim Kuruluşunun Belirlenmesi,https://www.kap.org.tr/tr/Bildirim/1580375,tr,2026-03-31T15:22:23+00:00
2026-03-31,ISKUR,KAP,TÜRKİYE İŞ BANKASI A.Ş. - Kar Payı Dağıtım İşlemlerine İlişkin Bildirim,Kar Payı Dağıtım İşlemlerine İlişkin Bildirim Kar Payı Dağıtımı Hakkında,https://www.kap.org.tr/tr/Bildirim/1580260,tr,2026-03-31T14:16:40+00:00
2026-03-31,ISKUR,KAP,TÜRKİYE İŞ BANKASI A.Ş. - Genel Kurul İşlemlerine İlişkin Bildirim,Genel Kurul İşlemlerine İlişkin Bildirim Olağan Genel Kurul Kararları,https://www.kap.org.tr/tr/Bildirim/1580235,tr,2026-03-31T13:49:24+00:00
2026-03-31,ISMEN,KAP,İŞ YATIRIM MENKUL DEĞERLER A.Ş. - Şirket Genel Bilgi Formu,Şirket Genel Bilgi Formu,https://www.kap.org.tr/tr/Bildirim/1581218,tr,2026-03-31T21:06:17+00:00
2026-03-31,ISMEN,KAP,İŞ YATIRIM MENKUL DEĞERLER A.Ş. - Yatırım Kuruluşu Varant - Sertifika - Senetlerine İlişkin Bildirim,Yatırım Kuruluşu Varant - Sertifika - Senetlerine İlişkin Bildirim İş Yatırım Aracı Kuruluş Varantlarının İtfa Bildirimi,https://www.kap.org.tr/tr/Bildirim/1580949,tr,2026-03-31T18:48:15+00:00
2026-03-31,ISMEN,KAP,İŞ YATIRIM MENKUL DEĞERLER A.Ş. - Fiyat Tespit Raporuna İlişkin Analist Raporu (Halka Arza Aracılık Eden Kuruluş Dışında Farklı bir Kuruluş Tarafından Hazırlanan),Fiyat Tespit Raporuna İlişkin Analist Raporu (Halka Arza Aracılık Eden Kuruluş Dışında Farklı bir Kuruluş Tarafından Hazırlanan) Ağaoğlu Avrasya Gayrimenkul Yatırım Ortaklığı A.Ş. Fiyat Tespit Raporuna İlişkin Görüş AAGYO,https://www.kap.org.tr/tr/Bildirim/1580873,tr,2026-03-31T18:20:13+00:00
2026-03-31,ISMEN,KAP,İŞ YATIRIM MENKUL DEĞERLER A.Ş. - Özel Durum Açıklaması (Genel),Özel Durum Açıklaması (Genel) DO & CO AKTIENGESELLSCHAFT 2026/2027 Mali Yılı Sonuçları ve Genel Kurul Toplantısı Açıklama Tarihi DOCO,https://www.kap.org.tr/tr/Bildirim/1580699,tr,2026-03-31T17:37:41+00:00
2026-03-31,ISMEN,KAP,İŞ YATIRIM MENKUL DEĞERLER A.Ş. - Yatırım Kuruluşu Varant - Sertifika - Senetlerine İlişkin Bildirim,Yatırım Kuruluşu Varant - Sertifika - Senetlerine İlişkin Bildirim İş Yatırım Sertifika ve Varant Alım Satım İşlemleri,https://www.kap.org.tr/tr/Bildirim/1580577,tr,2026-03-31T16:43:06+00:00
2026-03-31,ISMEN,KAP,İŞ YATIRIM MENKUL DEĞERLER A.Ş. - Piyasa Yapıcılığı Kapsamında Gerçekleştirilen İşlemler Bildirimi,Piyasa Yapıcılığı Kapsamında Gerçekleştirilen İşlemler Bildirimi Borsa Yatırım Fonu Piyasa Yapıcılığı İşlemleri ISGLK,https://www.kap.org.tr/tr/Bildirim/1580574,tr,2026-03-31T16:42:04+00:00
2026-03-31,ISSEN,KAP,İŞBİR SENTETİK DOKUMA SANAYİ A.Ş. - Genel Kurul İşlemlerine İlişkin Bildirim,Genel Kurul İşlemlerine İlişkin Bildirim Olağan Genel Kurul Toplantı Sonucu Hakkında,https://www.kap.org.tr/tr/Bildirim/1580870,tr,2026-03-31T18:19:50+00:00
2026-03-31,IYM,KAP,İŞ YATIRIM MENKUL DEĞERLER A.Ş. - Şirket Genel Bilgi Formu,Şirket Genel Bilgi Formu,https://www.kap.org.tr/tr/Bildirim/1581218,tr,2026-03-31T21:06:17+00:00
2026-03-31,IYM,KAP,İŞ YATIRIM MENKUL DEĞERLER A.Ş. - Yatırım Kuruluşu Varant - Sertifika - Senetlerine İlişkin Bildirim,Yatırım Kuruluşu Varant - Sertifika - Senetlerine İlişkin Bildirim İş Yatırım Aracı Kuruluş Varantlarının İtfa Bildirimi,https://www.kap.org.tr/tr/Bildirim/1580949,tr,2026-03-31T18:48:15+00:00
2026-03-31,IYM,KAP,İŞ YATIRIM MENKUL DEĞERLER A.Ş. - Fiyat Tespit Raporuna İlişkin Analist Raporu (Halka Arza Aracılık Eden Kuruluş Dışında Farklı bir Kuruluş Tarafından Hazırlanan),Fiyat Tespit Raporuna İlişkin Analist Raporu (Halka Arza Aracılık Eden Kuruluş Dışında Farklı bir Kuruluş Tarafından Hazırlanan) Ağaoğlu Avrasya Gayrimenkul Yatırım Ortaklığı A.Ş. Fiyat Tespit Raporuna İlişkin Görüş AAGYO,https://www.kap.org.tr/tr/Bildirim/1580873,tr,2026-03-31T18:20:13+00:00
2026-03-31,IYM,KAP,İŞ YATIRIM MENKUL DEĞERLER A.Ş. - Özel Durum Açıklaması (Genel),Özel Durum Açıklaması (Genel) DO & CO AKTIENGESELLSCHAFT 2026/2027 Mali Yılı Sonuçları ve Genel Kurul Toplantısı Açıklama Tarihi DOCO,https://www.kap.org.tr/tr/Bildirim/1580699,tr,2026-03-31T17:37:41+00:00
2026-03-31,IYM,KAP,İŞ YATIRIM MENKUL DEĞERLER A.Ş. - Yatırım Kuruluşu Varant - Sertifika - Senetlerine İlişkin Bildirim,Yatırım Kuruluşu Varant - Sertifika - Senetlerine İlişkin Bildirim İş Yatırım Sertifika ve Varant Alım Satım İşlemleri,https://www.kap.org.tr/tr/Bildirim/1580577,tr,2026-03-31T16:43:06+00:00
2026-03-31,IYM,KAP,İŞ YATIRIM MENKUL DEĞERLER A.Ş. - Piyasa Yapıcılığı Kapsamında Gerçekleştirilen İşlemler Bildirimi,Piyasa Yapıcılığı Kapsamında Gerçekleştirilen İşlemler Bildirimi Borsa Yatırım Fonu Piyasa Yapıcılığı İşlemleri ISGLK,https://www.kap.org.tr/tr/Bildirim/1580574,tr,2026-03-31T16:42:04+00:00
2026-03-31,KAREL,KAP,KAREL ELEKTRONİK SANAYİ VE TİCARET A.Ş. - Bağımsız Denetim Kuruluşunun Belirlenmesi,Bağımsız Denetim Kuruluşunun Belirlenmesi Bağımsız Denetim Kuruluşu Seçimi,https://www.kap.org.tr/tr/Bildirim/1580920,tr,2026-03-31T18:32:53+00:00
2026-03-31,KAREL,KAP,KAREL ELEKTRONİK SANAYİ VE TİCARET A.Ş. - Genel Kurul İşlemlerine İlişkin Bildirim,Genel Kurul İşlemlerine İlişkin Bildirim 2025 Yılı Olağan Genel Kurul Toplantısı Çağrısı Hk.,https://www.kap.org.tr/tr/Bildirim/1580919,tr,2026-03-31T18:32:42+00:00
2026-03-31,KAREL,KAP,KAREL ELEKTRONİK SANAYİ VE TİCARET A.Ş. - Kar Payı Dağıtım İşlemlerine İlişkin Bildirim,Kar Payı Dağıtım İşlemlerine İlişkin Bildirim Kar Payı Dağıtımı Hk.,https://www.kap.org.tr/tr/Bildirim/1580918,tr,2026-03-31T18:32:26+00:00
2026-03-31,KATVK,KAP,KATILIM VARLIK KİRALAMA A.Ş. - Pay Dışında Sermaye Piyasası Aracı İşlemlerine İlişkin Bildirim (Faizsiz),Pay Dışında Sermaye Piyasası Aracı İşlemlerine İlişkin Bildirim (Faizsiz) TRDKTLM32724 Yurt İçi Kira Sertifikası İhracının Satışının Tamamlanması HDFFL,https://www.kap.org.tr/tr/Bildirim/1580127,tr,2026-03-31T12:31:48+00:00
2026-03-31,KCHOL,KAP,KOÇ HOLDİNG A.Ş. - Pay Alım Satım Bildirimi,Pay Alım Satım Bildirimi Pay satış işleminin tamamlanması TUPRS,https://www.kap.org.tr/tr/Bildirim/1580840,tr,2026-03-31T18:15:12+00:00
2026-03-31,KGYO,KAP,KORAY GAYRİMENKUL YATIRIM ORTAKLIĞI A.Ş. - Özel Durum Açıklaması (Genel),Özel Durum Açıklaması (Genel) Bağımsız Bölüm Satışı Hk.,https://www.kap.org.tr/tr/Bildirim/1581105,tr,2026-03-31T19:49:20+00:00
2026-03-31,KLRHO,KAP,KİLER HOLDİNG A.Ş. - Özel Durum Açıklaması (Genel),Özel Durum Açıklaması (Genel) Aras Elektrik Dağıtım A.Ş Firmasının Halka Arzı Hakk,https://www.kap.org.tr/tr/Bildirim/1581074,tr,2026-03-31T19:31:15+00:00
2026-03-31,KONKA,KAP,KONYA KAĞIT SANAYİ VE TİCARET A.Ş. - Kayıtlı Sermaye Tavanı İşlemlerine İlişkin Bildirim,Kayıtlı Sermaye Tavanı İşlemlerine İlişkin Bildirim Esas Sözleşme Tadiline İlşkin Yönetim Kurulu Kararı Hk,https://www.kap.org.tr/tr/Bildirim/1580494,tr,2026-03-31T15:59:50+00:00
2026-03-31,KONKA,KAP,KONYA KAĞIT SANAYİ VE TİCARET A.Ş. - Özel Durum Açıklaması (Genel),Özel Durum Açıklaması (Genel) Esas Sözleşme Tadiline İlşkin Yönetim Kurulu Kararı Hk,https://www.kap.org.tr/tr/Bildirim/1580290,tr,2026-03-31T14:35:41+00:00
2026-03-31,KONYA,KAP,KONYA ÇİMENTO SANAYİİ A.Ş. - Kar Payı Dağıtım İşlemlerine İlişkin Bildirim,Kar Payı Dağıtım İşlemlerine İlişkin Bildirim 2025 Yılı Kar Payı Dağıtımına İlişkin Genel Kurul Kararı,https://www.kap.org.tr/tr/Bildirim/1580579,tr,2026-03-31T16:43:33+00:00
2026-03-31,KONYA,KAP,KONYA ÇİMENTO SANAYİİ A.Ş. - Yönetim Kurulu Komiteleri,Yönetim Kurulu Komiteleri Yönetim Kurulu Komiteleri ve Bağımsız Yönetim Kurulu Üyeleri,https://www.kap.org.tr/tr/Bildirim/1580468,tr,2026-03-31T15:47:37+00:00
2026-03-31,KONYA,KAP,KONYA ÇİMENTO SANAYİİ A.Ş. - Bağımsız Denetim Kuruluşunun Belirlenmesi,Bağımsız Denetim Kuruluşunun Belirlenmesi Bağımsız Denetim Şirketi Seçimi,https://www.kap.org.tr/tr/Bildirim/1580466,tr,2026-03-31T15:46:59+00:00
2026-03-31,KONYA,KAP,KONYA ÇİMENTO SANAYİİ A.Ş. - Genel Kurul İşlemlerine İlişkin Bildirim,Genel Kurul İşlemlerine İlişkin Bildirim 2025 Yılı Olağan Genel Kurul Toplantı Sonuçları,https://www.kap.org.tr/tr/Bildirim/1580463,tr,2026-03-31T15:46:20+00:00
2026-03-31,KORDS,KAP,KORDSA TEKNİK TEKSTİL A.Ş. - Kurumsal Yönetim Bilgi Formu (Güncelleme) - Yönetim Kurulu-2,Kurumsal Yönetim Bilgi Formu (Güncelleme) - Yönetim Kurulu-2 Kurumsal Yönetim Bilgi Formu Güncelleme - Yönetim Kurulu-2,https://www.kap.org.tr/tr/Bildirim/1580917,tr,2026-03-31T18:31:25+00:00
2026-03-31,KORDS,KAP,KORDSA TEKNİK TEKSTİL A.Ş. - Şirket Genel Bilgi Formu,Şirket Genel Bilgi Formu,https://www.kap.org.tr/tr/Bildirim/1580628,tr,2026-03-31T16:58:26+00:00
2026-03-31,KORDS,KAP,KORDSA TEKNİK TEKSTİL A.Ş. - Bağımsız Denetim Kuruluşunun Belirlenmesi,Bağımsız Denetim Kuruluşunun Belirlenmesi Denetçinin Belirlenmesi Genel Kurul Onayı.,https://www.kap.org.tr/tr/Bildirim/1579840,tr,2026-03-31T05:20:02+00:00
2026-03-31,KORDS,KAP,KORDSA TEKNİK TEKSTİL A.Ş. - Kar Payı Dağıtım İşlemlerine İlişkin Bildirim,Kar Payı Dağıtım İşlemlerine İlişkin Bildirim 2025 yılı konsolide dönem zararının kullanım şekli ile ilgili Genel Kurul Kararı.,https://www.kap.org.tr/tr/Bildirim/1579839,tr,2026-03-31T05:14:06+00:00
2026-03-31,KORDS,KAP,KORDSA TEKNİK TEKSTİL A.Ş. - Genel Kurul İşlemlerine İlişkin Bildirim,Genel Kurul İşlemlerine İlişkin Bildirim 2025 Yılı Olağan Genel Kurul Toplantısı Sonucu.,https://www.kap.org.tr/tr/Bildirim/1579838,tr,2026-03-31T04:57:06+00:00
2026-03-31,KORTS,KAP,KORTEKS MENSUCAT SANAYİ VE TİCARET A.Ş. - Şirket Genel Bilgi Formu,Şirket Genel Bilgi Formu,https://www.kap.org.tr/tr/Bildirim/1580612,tr,2026-03-31T16:56:32+00:00
2026-03-31,KORTS,KAP,KORTEKS MENSUCAT SANAYİ VE TİCARET A.Ş. - Pay Dışında Sermaye Piyasası Aracı İşlemlerine İlişkin Bildirim (Faiz İçeren),Pay Dışında Sermaye Piyasası Aracı İşlemlerine İlişkin Bildirim (Faiz İçeren) TRSKORT72614 ISIN kodlu Korteks ihracının 3. kupon ödeme dönemine ilişkin açıklama,https://www.kap.org.tr/tr/Bildirim/1579978,tr,2026-03-31T10:50:14+00:00
2026-03-31,KRDMA,KAP,KARDEMİR KARABÜK DEMİR ÇELİK SANAYİ VE TİCARET A.Ş. - Şirket Genel Bilgi Formu,Şirket Genel Bilgi Formu,https://www.kap.org.tr/tr/Bildirim/1580730,tr,2026-03-31T17:50:14+00:00
2026-03-31,KRDMB,KAP,KARDEMİR KARABÜK DEMİR ÇELİK SANAYİ VE TİCARET A.Ş. - Şirket Genel Bilgi Formu,Şirket Genel Bilgi Formu,https://www.kap.org.tr/tr/Bildirim/1580730,tr,2026-03-31T17:50:14+00:00
2026-03-31,KRDMD,KAP,KARDEMİR KARABÜK DEMİR ÇELİK SANAYİ VE TİCARET A.Ş. - Şirket Genel Bilgi Formu,Şirket Genel Bilgi Formu,https://www.kap.org.tr/tr/Bildirim/1580730,tr,2026-03-31T17:50:14+00:00
2026-03-31,KRVGD,KAP,KERVAN GIDA SANAYİ VE TİCARET A.Ş. - Şirket Genel Bilgi Formu,Şirket Genel Bilgi Formu,https://www.kap.org.tr/tr/Bildirim/1580327,tr,2026-03-31T14:58:40+00:00
2026-03-31,KTSVK,KAP,KT SUKUK VARLIK KİRALAMA A.Ş. - Pay Dışında Sermaye Piyasası Aracı İşlemlerine İlişkin Bildirim (Faizsiz),Pay Dışında Sermaye Piyasası Aracı İşlemlerine İlişkin Bildirim (Faizsiz) TRDKTSK32699 ISIN Kodlu Kira Sertifikası Kupon ve Anapara Ödeme İşlemi Hk. ALVES,https://www.kap.org.tr/tr/Bildirim/1580018,tr,2026-03-31T11:29:29+00:00
2026-03-31,KUTPO,KAP,KÜTAHYA PORSELEN SANAYİ A.Ş. - Özel Durum Açıklaması (Genel),Özel Durum Açıklaması (Genel) Genel Müdür ataması,https://www.kap.org.tr/tr/Bildirim/1580859,tr,2026-03-31T18:16:55+00:00
2026-03-31,KUTPO,KAP,KÜTAHYA PORSELEN SANAYİ A.Ş. - Kar Payı Dağıtım İşlemlerine İlişkin Bildirim,Kar Payı Dağıtım İşlemlerine İlişkin Bildirim Kar Payı Dağıtımı Hk.,https://www.kap.org.tr/tr/Bildirim/1580709,tr,2026-03-31T17:45:00+00:00
2026-03-31,KUTPO,KAP,KÜTAHYA PORSELEN SANAYİ A.Ş. - Genel Kurul İşlemlerine İlişkin Bildirim,Genel Kurul İşlemlerine İlişkin Bildirim 2025 Yılı Olağan Genel Kurul Hk.,https://www.kap.org.tr/tr/Bildirim/1580698,tr,2026-03-31T17:37:15+00:00
2026-03-31,KZGYO,KAP,KUZUGRUP GAYRİMENKUL YATIRIM ORTAKLIĞI A.Ş. - Şirket Genel Bilgi Formu,Şirket Genel Bilgi Formu,https://www.kap.org.tr/tr/Bildirim/1580952,tr,2026-03-31T18:49:45+00:00
2026-03-31,KZGYO,KAP,KUZUGRUP GAYRİMENKUL YATIRIM ORTAKLIĞI A.Ş. - Özel Durum Açıklaması (Genel),Özel Durum Açıklaması (Genel) Genel Müdür Ataması Hakkında,https://www.kap.org.tr/tr/Bildirim/1580889,tr,2026-03-31T18:23:11+00:00
2026-03-31,LIDFA,KAP,LİDER FAKTORİNG A.Ş. - Pay Dışında Sermaye Piyasası Aracı İşlemlerine İlişkin Bildirim (Faiz İçeren),Pay Dışında Sermaye Piyasası Aracı İşlemlerine İlişkin Bildirim (Faiz İçeren) TRSLDFK42612 ISIN Kodlu Tahvil Kupon Oranı,https://www.kap.org.tr/tr/Bildirim/1580569,tr,2026-03-31T16:38:55+00:00
2026-03-31,LKMNH,KAP,LOKMAN HEKİM ENGÜRÜSAĞ SAĞLIK TURİZM EĞİTİM HİZMETLERİ VE İNŞAAT TAAHHÜT A.Ş. - Özel Durum Açıklaması (Genel),Özel Durum Açıklaması (Genel) Van İlindeki Hastane Operasyonlarının Birleştirilmesi Hakkında,https://www.kap.org.tr/tr/Bildirim/1580951,tr,2026-03-31T18:49:08+00:00
2026-03-31,LRSHO,KAP,LORAS HOLDİNG A.Ş. - Bağımsız Denetim Kuruluşunun Belirlenmesi,Bağımsız Denetim Kuruluşunun Belirlenmesi 2026 Yılı Bağımsız Denetim Şirketi Seçimi Hk.,https://www.kap.org.tr/tr/Bildirim/1581106,tr,2026-03-31T19:52:05+00:00
2026-03-31,MEKMD,KAP,MEKSA YATIRIM MENKUL DEĞERLER A.Ş. - Pay Dışında Sermaye Piyasası Aracı İşlemlerine İlişkin Bildirim (Faiz İçeren),Pay Dışında Sermaye Piyasası Aracı İşlemlerine İlişkin Bildirim (Faiz İçeren) Finansman Bonosu İhracı Hakkında,https://www.kap.org.tr/tr/Bildirim/1579997,tr,2026-03-31T10:57:26+00:00
2026-03-31,MEPET,KAP,MEPET METRO PETROL VE TESİSLERİ SANAYİ TİCARET A.Ş. - Bağımsız Denetim Kuruluşunun Belirlenmesi,Bağımsız Denetim Kuruluşunun Belirlenmesi Bağımsız Denetim Kuruluşu Belirlenmesi Hakkında,https://www.kap.org.tr/tr/Bildirim/1580968,tr,2026-03-31T18:53:44+00:00
2026-03-31,METRO,KAP,METRO TİCARİ VE MALİ YATIRIMLAR HOLDİNG A.Ş. - Bağımsız Denetim Kuruluşunun Belirlenmesi,Bağımsız Denetim Kuruluşunun Belirlenmesi Bağımsız Denetim Kuruluşu Belirlenmesi Hakkında,https://www.kap.org.tr/tr/Bildirim/1580963,tr,2026-03-31T18:53:06+00:00
2026-03-31,MMCAS,KAP,MMC SANAYİ VE TİCARİ YATIRIMLAR A.Ş. - Bağımsız Denetim Kuruluşunun Belirlenmesi,Bağımsız Denetim Kuruluşunun Belirlenmesi Bağımsız Denetim Kuruluşunun Belirlenmesi Hakkında,https://www.kap.org.tr/tr/Bildirim/1580444,tr,2026-03-31T15:36:24+00:00
2026-03-31,MPARK,KAP,MLP SAĞLIK HİZMETLERİ A.Ş. - Genel Kurul İşlemlerine İlişkin Bildirim,Genel Kurul İşlemlerine İlişkin Bildirim MLP SAĞLIK HİZMETLERİ A.Ş. 2025 YILI OLAĞAN GENEL KURUL TOPLANTISI DAVETİ,https://www.kap.org.tr/tr/Bildirim/1580845,tr,2026-03-31T18:15:36+00:00
2026-03-31,MPARK,KAP,MLP SAĞLIK HİZMETLERİ A.Ş. - Bağımsız Denetim Kuruluşunun Belirlenmesi,Bağımsız Denetim Kuruluşunun Belirlenmesi Bağımsız Denetim Kuruluşunun Seçilmesi,https://www.kap.org.tr/tr/Bildirim/1580843,tr,2026-03-31T18:15:22+00:00
2026-03-31,MPARK,KAP,MLP SAĞLIK HİZMETLERİ A.Ş. - Kar Payı Dağıtım İşlemlerine İlişkin Bildirim,Kar Payı Dağıtım İşlemlerine İlişkin Bildirim MPARK Kâr Dağıtım Teklifine İlişkin Açıklama,https://www.kap.org.tr/tr/Bildirim/1580837,tr,2026-03-31T18:14:51+00:00
2026-03-31,MRBAS,KAP,MARBAŞ MENKUL DEĞERLER A.Ş. - Fiyat Tespit Raporuna İlişkin Analist Raporu (Halka Arza Aracılık Eden Kuruluş Dışında Farklı bir Kuruluş Tarafından Hazırlanan),Fiyat Tespit Raporuna İlişkin Analist Raporu (Halka Arza Aracılık Eden Kuruluş Dışında Farklı bir Kuruluş Tarafından Hazırlanan) Ağaoğlu Avrasya Gayrimenkul Yatırım Ortaklığı A.Ş. Fiyat Tespitine İlişkin Analist Raporu AAGYO,https://www.kap.org.tr/tr/Bildirim/1580561,tr,2026-03-31T16:30:09+00:00
2026-03-31,MRMAG,KAP,MARKA MAĞAZACILIK A.Ş. - Pay Dışında Sermaye Piyasası Aracı İşlemlerine İlişkin Bildirim (Faiz İçeren),Pay Dışında Sermaye Piyasası Aracı İşlemlerine İlişkin Bildirim (Faiz İçeren) TRFMRKA62616 ISIN kodlu ihracın 3.kupon faiz ödemesinin gerçekleştirilmesi,https://www.kap.org.tr/tr/Bildirim/1580288,tr,2026-03-31T14:32:25+00:00
2026-03-31,MRMAG,KAP,MARKA MAĞAZACILIK A.Ş. - Pay Dışında Sermaye Piyasası Aracı İşlemlerine İlişkin Bildirim (Faiz İçeren),Pay Dışında Sermaye Piyasası Aracı İşlemlerine İlişkin Bildirim (Faiz İçeren) TRFMRKA62616 ISIN kodlu ihracın 3.kupon faiz oranının belirlenmesi,https://www.kap.org.tr/tr/Bildirim/1580145,tr,2026-03-31T12:46:22+00:00
2026-03-31,MRS,KAP,MARBAŞ MENKUL DEĞERLER A.Ş. - Fiyat Tespit Raporuna İlişkin Analist Raporu (Halka Arza Aracılık Eden Kuruluş Dışında Farklı bir Kuruluş Tarafından Hazırlanan),Fiyat Tespit Raporuna İlişkin Analist Raporu (Halka Arza Aracılık Eden Kuruluş Dışında Farklı bir Kuruluş Tarafından Hazırlanan) Ağaoğlu Avrasya Gayrimenkul Yatırım Ortaklığı A.Ş. Fiyat Tespitine İlişkin Analist Raporu AAGYO,https://www.kap.org.tr/tr/Bildirim/1580561,tr,2026-03-31T16:30:09+00:00
2026-03-31,MSA,KAP,MEKSA YATIRIM MENKUL DEĞERLER A.Ş. - Pay Dışında Sermaye Piyasası Aracı İşlemlerine İlişkin Bildirim (Faiz İçeren),Pay Dışında Sermaye Piyasası Aracı İşlemlerine İlişkin Bildirim (Faiz İçeren) Finansman Bonosu İhracı Hakkında,https://www.kap.org.tr/tr/Bildirim/1579997,tr,2026-03-31T10:57:26+00:00
2026-03-31,MSY,KAP,MİSYON YATIRIM BANKASI A.Ş. - Şirket Genel Bilgi Formu,Şirket Genel Bilgi Formu,https://www.kap.org.tr/tr/Bildirim/1580006,tr,2026-03-31T11:09:47+00:00
2026-03-31,MSYBN,KAP,MİSYON YATIRIM BANKASI A.Ş. - Şirket Genel Bilgi Formu,Şirket Genel Bilgi Formu,https://www.kap.org.tr/tr/Bildirim/1580006,tr,2026-03-31T11:09:47+00:00
2026-03-31,MTRYO,KAP,METRO YATIRIM ORTAKLIĞI A.Ş. - Bağımsız Denetim Kuruluşunun Belirlenmesi,Bağımsız Denetim Kuruluşunun Belirlenmesi 2026 yılı Hesap Dönemi için Bağımsız Denetim Şirketi Seçimi Hakkında,https://www.kap.org.tr/tr/Bildirim/1580955,tr,2026-03-31T18:51:11+00:00
2026-03-31,NETAS,KAP,NETAŞ TELEKOMÜNİKASYON A.Ş. - Yeni İş İlişkisi,Yeni İş İlişkisi Aselsannet'le İmzalanan Sözleşme,https://www.kap.org.tr/tr/Bildirim/1579976,tr,2026-03-31T10:47:47+00:00
2026-03-31,NURVK,KAP,NUROL VARLIK KİRALAMA A.Ş. - Genel Kurul Bildirimi,Genel Kurul Bildirimi Olağan Genel Kurul Kararı Tescili,https://www.kap.org.tr/tr/Bildirim/1580704,tr,2026-03-31T17:40:12+00:00
2026-03-31,ODAS,KAP,ODAŞ ELEKTRİK ÜRETİM SANAYİ TİCARET A.Ş. - Şirket Genel Bilgi Formu,Şirket Genel Bilgi Formu,https://www.kap.org.tr/tr/Bildirim/1580198,tr,2026-03-31T13:26:28+00:00
2026-03-31,ONCSM,KAP,ONCOSEM ONKOLOJİK SİSTEMLER SANAYİ VE TİCARET A.Ş. - Katılım Finansı İlkeleri Bilgi Formu,Katılım Finansı İlkeleri Bilgi Formu,https://www.kap.org.tr/tr/Bildirim/1580826,tr,2026-03-31T18:12:53+00:00
2026-03-31,ONCSM,KAP,ONCOSEM ONKOLOJİK SİSTEMLER SANAYİ VE TİCARET A.Ş. - İhale Süreci / Sonucu,İhale Süreci / Sonucu Kesinleşen İhale Sonucuna İlişkin Açıklama Hk.,https://www.kap.org.tr/tr/Bildirim/1579901,tr,2026-03-31T09:29:16+00:00
2026-03-31,OSTIM,KAP,OSTİM ENDÜSTRİYEL YATIRIMLAR VE İŞLETME A.Ş. - Bağımsız Denetim Kuruluşunun Belirlenmesi,Bağımsız Denetim Kuruluşunun Belirlenmesi 2026 Yılı Bağımsız Denetim Şirketinin Seçilmesi Hk.,https://www.kap.org.tr/tr/Bildirim/1580907,tr,2026-03-31T18:26:39+00:00
2026-03-31,OSTIM,KAP,OSTİM ENDÜSTRİYEL YATIRIMLAR VE İŞLETME A.Ş. - Kar Payı Dağıtım İşlemlerine İlişkin Bildirim,Kar Payı Dağıtım İşlemlerine İlişkin Bildirim 01.01.2025 - 31.12.2025 Hesap Dönemine İlişkin Kâr Payı Dağıtımı Hk.,https://www.kap.org.tr/tr/Bildirim/1580906,tr,2026-03-31T18:26:13+00:00
2026-03-31,OSTIM,KAP,OSTİM ENDÜSTRİYEL YATIRIMLAR VE İŞLETME A.Ş. - Genel Kurul İşlemlerine İlişkin Bildirim,Genel Kurul İşlemlerine İlişkin Bildirim 2025 Yılı Olağan Genel Kurul Toplantısı Hk.,https://www.kap.org.tr/tr/Bildirim/1580891,tr,2026-03-31T18:23:33+00:00
2026-03-31,OTKAR,KAP,OTOKAR OTOMOTİV VE SAVUNMA SANAYİ A.Ş. - Bağımsız Denetim Kuruluşunun Belirlenmesi,Bağımsız Denetim Kuruluşunun Belirlenmesi Bağımsız Denetim Kuruluşu Seçiminin Tescili,https://www.kap.org.tr/tr/Bildirim/1580896,tr,2026-03-31T18:25:07+00:00
2026-03-31,OTKAR,KAP,OTOKAR OTOMOTİV VE SAVUNMA SANAYİ A.Ş. - Genel Kurul İşlemlerine İlişkin Bildirim,Genel Kurul İşlemlerine İlişkin Bildirim Olağan Genel Kurul Tescili,https://www.kap.org.tr/tr/Bildirim/1580894,tr,2026-03-31T18:24:29+00:00
2026-03-31,OYA,KAP,OYAK YATIRIM MENKUL DEĞERLER A.Ş. - Piyasa Yapıcılığı Kapsamında Gerçekleştirilen İşlemler Bildirimi,Piyasa Yapıcılığı Kapsamında Gerçekleştirilen İşlemler Bildirimi 31/03/2026 TARİHLİ OYAYO PİYASA YAPICILIĞI İŞLEMLERİ OYAYO,https://www.kap.org.tr/tr/Bildirim/1580926,tr,2026-03-31T18:33:16+00:00
2026-03-31,OYA,KAP,OYAK YATIRIM MENKUL DEĞERLER A.Ş. - Şirket Genel Bilgi Formu,Şirket Genel Bilgi Formu,https://www.kap.org.tr/tr/Bildirim/1580890,tr,2026-03-31T18:23:25+00:00
2026-03-31,OYA,KAP,OYAK YATIRIM MENKUL DEĞERLER A.Ş. - Pay Dışında Sermaye Piyasası Aracı İşlemlerine İlişkin Bildirim (Faiz İçeren),Pay Dışında Sermaye Piyasası Aracı İşlemlerine İlişkin Bildirim (Faiz İçeren) TRFOYMD32629 Bono İtfası,https://www.kap.org.tr/tr/Bildirim/1580884,tr,2026-03-31T18:22:10+00:00
2026-03-31,OYA,KAP,OYAK YATIRIM MENKUL DEĞERLER A.Ş. - Pay Dışında Sermaye Piyasası Aracı İşlemlerine İlişkin Bildirim (Faiz İçeren),Pay Dışında Sermaye Piyasası Aracı İşlemlerine İlişkin Bildirim (Faiz İçeren) TRFOYMD62618 Finansman Bono İhracı,https://www.kap.org.tr/tr/Bildirim/1579992,tr,2026-03-31T10:54:02+00:00
2026-03-31,OYAKC,KAP,OYAK ÇİMENTO FABRİKALARI A.Ş. - Şirket Genel Bilgi Formu,Şirket Genel Bilgi Formu,https://www.kap.org.tr/tr/Bildirim/1581464,tr,2026-03-31T23:15:25+00:00
2026-03-31,OYAKC,KAP,OYAK ÇİMENTO FABRİKALARI A.Ş. - Kar Payı Dağıtım İşlemlerine İlişkin Bildirim,Kar Payı Dağıtım İşlemlerine İlişkin Bildirim 2025 Yılı Olağan Genel Kurul Toplantısı Kar Dağıtım Sonucu,https://www.kap.org.tr/tr/Bildirim/1581260,tr,2026-03-31T21:31:32+00:00
2026-03-31,OYAKC,KAP,OYAK ÇİMENTO FABRİKALARI A.Ş. - Bağımsız Denetim Kuruluşunun Belirlenmesi,"Bağımsız Denetim Kuruluşunun Belirlenmesi Genel Kurul Toplantısı 2024, 2025, 2026 Yılı TSRS Uyumlu Sürdürülebilirlik Raporlanının Güvence Denetimi Kuruluşunun Seçim Sonucu",https://www.kap.org.tr/tr/Bildirim/1581194,tr,2026-03-31T20:42:21+00:00
2026-03-31,OYAKC,KAP,OYAK ÇİMENTO FABRİKALARI A.Ş. - Bağımsız Denetim Kuruluşunun Belirlenmesi,Bağımsız Denetim Kuruluşunun Belirlenmesi Genel Kurul Toplantısı 2026 Yılı Bağımsız Denetim Şirketi Seçim Sonucu,https://www.kap.org.tr/tr/Bildirim/1581193,tr,2026-03-31T20:41:39+00:00
2026-03-31,OYAKC,KAP,OYAK ÇİMENTO FABRİKALARI A.Ş. - Genel Kurul İşlemlerine İlişkin Bildirim,Genel Kurul İşlemlerine İlişkin Bildirim 2025 Yılına İlişkin Olağan Genel Kurul Toplantısı Sonucu,https://www.kap.org.tr/tr/Bildirim/1581189,tr,2026-03-31T20:40:11+00:00
2026-03-31,OYAKC,KAP,OYAK ÇİMENTO FABRİKALARI A.Ş. - Özel Durum Açıklaması (Genel),Özel Durum Açıklaması (Genel) Tüzel Kişi Yönetim Kurulu Üyesi Temsilci Değişikliği,https://www.kap.org.tr/tr/Bildirim/1581187,tr,2026-03-31T20:38:52+00:00
2026-03-31,OYAYO,KAP,OYAK YATIRIM ORTAKLIĞI A.Ş. - Özel Durum Açıklaması (Genel),"Özel Durum Açıklaması (Genel) Ortaklık paylarının BİAŞ'ta oluşan ağırlıklı ortalama fiyatının, pay başına net aktif değerinin 2 katını aşması hakkında",https://www.kap.org.tr/tr/Bildirim/1580082,tr,2026-03-31T12:11:09+00:00
2026-03-31,OYYAT,KAP,OYAK YATIRIM MENKUL DEĞERLER A.Ş. - Piyasa Yapıcılığı Kapsamında Gerçekleştirilen İşlemler Bildirimi,Piyasa Yapıcılığı Kapsamında Gerçekleştirilen İşlemler Bildirimi 31/03/2026 TARİHLİ OYAYO PİYASA YAPICILIĞI İŞLEMLERİ OYAYO,https://www.kap.org.tr/tr/Bildirim/1580926,tr,2026-03-31T18:33:16+00:00
2026-03-31,OYYAT,KAP,OYAK YATIRIM MENKUL DEĞERLER A.Ş. - Şirket Genel Bilgi Formu,Şirket Genel Bilgi Formu,https://www.kap.org.tr/tr/Bildirim/1580890,tr,2026-03-31T18:23:25+00:00
2026-03-31,OYYAT,KAP,OYAK YATIRIM MENKUL DEĞERLER A.Ş. - Pay Dışında Sermaye Piyasası Aracı İşlemlerine İlişkin Bildirim (Faiz İçeren),Pay Dışında Sermaye Piyasası Aracı İşlemlerine İlişkin Bildirim (Faiz İçeren) TRFOYMD32629 Bono İtfası,https://www.kap.org.tr/tr/Bildirim/1580884,tr,2026-03-31T18:22:10+00:00
2026-03-31,OYYAT,KAP,OYAK YATIRIM MENKUL DEĞERLER A.Ş. - Pay Dışında Sermaye Piyasası Aracı İşlemlerine İlişkin Bildirim (Faiz İçeren),Pay Dışında Sermaye Piyasası Aracı İşlemlerine İlişkin Bildirim (Faiz İçeren) TRFOYMD62618 Finansman Bono İhracı,https://www.kap.org.tr/tr/Bildirim/1579992,tr,2026-03-31T10:54:02+00:00
2026-03-31,OZGYO,KAP,ÖZDERİCİ GAYRİMENKUL YATIRIM ORTAKLIĞI A.Ş. - Kar Payı Dağıtım İşlemlerine İlişkin Bildirim,Kar Payı Dağıtım İşlemlerine İlişkin Bildirim Yönetim Kurulu'nun 2025 Yılı Kâr Dağıtım Teklifi Sonucu Hakkında,https://www.kap.org.tr/tr/Bildirim/1580256,tr,2026-03-31T14:09:35+00:00
2026-03-31,OZGYO,KAP,ÖZDERİCİ GAYRİMENKUL YATIRIM ORTAKLIĞI A.Ş. - Genel Kurul İşlemlerine İlişkin Bildirim,Genel Kurul İşlemlerine İlişkin Bildirim 2025 Yılı Olağan Genel Kurul Toplantı Sonucu,https://www.kap.org.tr/tr/Bildirim/1580247,tr,2026-03-31T14:01:08+00:00
2026-03-31,OZYSR,KAP,ÖZYAŞAR TEL VE GALVANİZLEME SANAYİ A.Ş. - Sermaye Artırımı - Azaltımı İşlemlerine İlişkin Bildirim,Sermaye Artırımı - Azaltımı İşlemlerine İlişkin Bildirim Bedelsiz sermaye artırımı işlemlerinin tamamlandığının tespiti ve esas sözleşme tadili ile ihraç belgesinin onaylanması amacıyla Sermaye Piyasası Kurulu?na başvurulması,https://www.kap.org.tr/tr/Bildirim/1581191,tr,2026-03-31T20:41:01+00:00
2026-03-31,OZYSR,KAP,ÖZYAŞAR TEL VE GALVANİZLEME SANAYİ A.Ş. - Şirket Genel Bilgi Formu,Şirket Genel Bilgi Formu,https://www.kap.org.tr/tr/Bildirim/1580937,tr,2026-03-31T18:40:23+00:00
2026-03-31,PBT,KAP,PASHA YATIRIM BANKASI A.Ş. - Kar Payı Bildirimi,Kar Payı Bildirimi 2025 Yılı Kar Dağıtımına İlişkin Olağan Genel Kurul Kararı Hk.,https://www.kap.org.tr/tr/Bildirim/1580412,tr,2026-03-31T15:30:48+00:00
2026-03-31,PBT,KAP,PASHA YATIRIM BANKASI A.Ş. - Şirket Genel Bilgi Formu,Şirket Genel Bilgi Formu,https://www.kap.org.tr/tr/Bildirim/1580361,tr,2026-03-31T15:08:30+00:00
2026-03-31,PBT,KAP,PASHA YATIRIM BANKASI A.Ş. - Genel Kurul Bildirimi,Genel Kurul Bildirimi 2025 Yılı Olağan Genel Kurul Toplantısında Alınan Kararlar,https://www.kap.org.tr/tr/Bildirim/1580269,tr,2026-03-31T14:24:07+00:00
2026-03-31,PBTR,KAP,PASHA YATIRIM BANKASI A.Ş. - Kar Payı Bildirimi,Kar Payı Bildirimi 2025 Yılı Kar Dağıtımına İlişkin Olağan Genel Kurul Kararı Hk.,https://www.kap.org.tr/tr/Bildirim/1580412,tr,2026-03-31T15:30:48+00:00
2026-03-31,PBTR,KAP,PASHA YATIRIM BANKASI A.Ş. - Şirket Genel Bilgi Formu,Şirket Genel Bilgi Formu,https://www.kap.org.tr/tr/Bildirim/1580361,tr,2026-03-31T15:08:30+00:00
2026-03-31,PBTR,KAP,PASHA YATIRIM BANKASI A.Ş. - Genel Kurul Bildirimi,Genel Kurul Bildirimi 2025 Yılı Olağan Genel Kurul Toplantısında Alınan Kararlar,https://www.kap.org.tr/tr/Bildirim/1580269,tr,2026-03-31T14:24:07+00:00
2026-03-31,PETUN,KAP,PINAR ENTEGRE ET VE UN SANAYİİ A.Ş. - Bağımsız Denetim Kuruluşunun Belirlenmesi,Bağımsız Denetim Kuruluşunun Belirlenmesi Bağımsız Denetim Kuruluşunun Belirlenmesi,https://www.kap.org.tr/tr/Bildirim/1580756,tr,2026-03-31T18:00:22+00:00
2026-03-31,PETUN,KAP,PINAR ENTEGRE ET VE UN SANAYİİ A.Ş. - Genel Kurul İşlemlerine İlişkin Bildirim,Genel Kurul İşlemlerine İlişkin Bildirim 2025 Yılına İlişkin Olağan Genel Kurul Toplantı Sonucu,https://www.kap.org.tr/tr/Bildirim/1580597,tr,2026-03-31T16:47:56+00:00
2026-03-31,PETUN,KAP,PINAR ENTEGRE ET VE UN SANAYİİ A.Ş. - Genel Kurul İşlemlerine İlişkin Bildirim,Genel Kurul İşlemlerine İlişkin Bildirim,https://www.kap.org.tr/tr/Bildirim/1580532,tr,2026-03-31T16:14:34+00:00
2026-03-31,PETUN,KAP,PINAR ENTEGRE ET VE UN SANAYİİ A.Ş. - Kar Payı Dağıtım İşlemlerine İlişkin Bildirim,Kar Payı Dağıtım İşlemlerine İlişkin Bildirim Kâr Dağıtımına İlişkin,https://www.kap.org.tr/tr/Bildirim/1580471,tr,2026-03-31T15:50:37+00:00
2026-03-31,PETUN,KAP,PINAR ENTEGRE ET VE UN SANAYİİ A.Ş. - Genel Kurul İşlemlerine İlişkin Bildirim,Genel Kurul İşlemlerine İlişkin Bildirim,https://www.kap.org.tr/tr/Bildirim/1580428,tr,2026-03-31T15:31:55+00:00
2026-03-31,PETUN,KAP,PINAR ENTEGRE ET VE UN SANAYİİ A.Ş. - Pay Dışında Sermaye Piyasası Aracı İşlemlerine İlişkin Bildirim (Faiz İçeren),Pay Dışında Sermaye Piyasası Aracı İşlemlerine İlişkin Bildirim (Faiz İçeren) Nitelikli Yatırımcılara Satılmak Üzere Finansman Bonosu İhracı,https://www.kap.org.tr/tr/Bildirim/1580119,tr,2026-03-31T12:23:38+00:00
2026-03-31,PGSUS,KAP,PEGASUS HAVA TAŞIMACILIĞI A.Ş. - Yönetim Kurulu Komiteleri,Yönetim Kurulu Komiteleri Yönetim Kurulu Görev Dağılımı ve Yönetim Kurulu Komiteleri,https://www.kap.org.tr/tr/Bildirim/1580376,tr,2026-03-31T15:22:46+00:00
2026-03-31,PGSUS,KAP,PEGASUS HAVA TAŞIMACILIĞI A.Ş. - Kar Payı Dağıtım İşlemlerine İlişkin Bildirim,Kar Payı Dağıtım İşlemlerine İlişkin Bildirim 2025 Yılı Dönem Karının Kullanımına İlişkin Genel Kurul Kararı,https://www.kap.org.tr/tr/Bildirim/1580370,tr,2026-03-31T15:16:46+00:00
2026-03-31,PGSUS,KAP,PEGASUS HAVA TAŞIMACILIĞI A.Ş. - Genel Kurul İşlemlerine İlişkin Bildirim,Genel Kurul İşlemlerine İlişkin Bildirim Olağan Genel Kurul Toplantı Tutanağı ve Hazır Bulunanlar Listesi,https://www.kap.org.tr/tr/Bildirim/1580365,tr,2026-03-31T15:10:50+00:00
2026-03-31,PINSU,KAP,PINAR SU VE İÇECEK SANAYİ VE TİCARET A.Ş. - Bağımsız Denetim Kuruluşunun Belirlenmesi,Bağımsız Denetim Kuruluşunun Belirlenmesi Bağımsız Denetim Kuruluşunun Belirlenmesi,https://www.kap.org.tr/tr/Bildirim/1580705,tr,2026-03-31T17:40:32+00:00
2026-03-31,PINSU,KAP,PINAR SU VE İÇECEK SANAYİ VE TİCARET A.Ş. - Kar Payı Dağıtım İşlemlerine İlişkin Bildirim,Kar Payı Dağıtım İşlemlerine İlişkin Bildirim Kâr Dağıtımına İlişkin,https://www.kap.org.tr/tr/Bildirim/1580703,tr,2026-03-31T17:39:45+00:00
2026-03-31,PINSU,KAP,PINAR SU VE İÇECEK SANAYİ VE TİCARET A.Ş. - Genel Kurul İşlemlerine İlişkin Bildirim,Genel Kurul İşlemlerine İlişkin Bildirim 2025 Yılına İlişkin Olağan Genel Kurul Toplantı Sonucu,https://www.kap.org.tr/tr/Bildirim/1580669,tr,2026-03-31T17:17:21+00:00
2026-03-31,PNSUT,KAP,PINAR SÜT MAMÜLLERİ SANAYİİ A.Ş. - Bağımsız Denetim Kuruluşunun Belirlenmesi,Bağımsız Denetim Kuruluşunun Belirlenmesi Bağımsız Denetim Kuruluşunun Belirlenmesi,https://www.kap.org.tr/tr/Bildirim/1581220,tr,2026-03-31T21:07:50+00:00
2026-03-31,PNSUT,KAP,PINAR SÜT MAMÜLLERİ SANAYİİ A.Ş. - Kar Payı Dağıtım İşlemlerine İlişkin Bildirim,Kar Payı Dağıtım İşlemlerine İlişkin Bildirim Kâr Dağıtımına İlişkin,https://www.kap.org.tr/tr/Bildirim/1581214,tr,2026-03-31T21:01:30+00:00
2026-03-31,PNSUT,KAP,PINAR SÜT MAMÜLLERİ SANAYİİ A.Ş. - Genel Kurul İşlemlerine İlişkin Bildirim,Genel Kurul İşlemlerine İlişkin Bildirim 2025 Yılına İlişkin Olağan Genel Kurul Toplantı Sonucu,https://www.kap.org.tr/tr/Bildirim/1581210,tr,2026-03-31T20:55:56+00:00
2026-03-31,PRKAB,KAP,TÜRK PRYSMİAN KABLO VE SİSTEMLERİ A.Ş. - Bağımsız Denetim Kuruluşunun Belirlenmesi,Bağımsız Denetim Kuruluşunun Belirlenmesi Bağımsız Denetim Kuruluşunun Belirlenmesi,https://www.kap.org.tr/tr/Bildirim/1581417,tr,2026-03-31T22:35:44+00:00
2026-03-31,PRKAB,KAP,TÜRK PRYSMİAN KABLO VE SİSTEMLERİ A.Ş. - Kar Payı Dağıtım İşlemlerine İlişkin Bildirim,Kar Payı Dağıtım İşlemlerine İlişkin Bildirim Kar Payı Dağıtım İşlemlerine İlişkin Bildirim,https://www.kap.org.tr/tr/Bildirim/1581411,tr,2026-03-31T22:28:15+00:00
2026-03-31,PRKAB,KAP,TÜRK PRYSMİAN KABLO VE SİSTEMLERİ A.Ş. - Özel Durum Açıklaması (Genel),Özel Durum Açıklaması (Genel) Yönetim Kurulu Görev Dağılımı,https://www.kap.org.tr/tr/Bildirim/1581293,tr,2026-03-31T21:49:40+00:00
2026-03-31,PRKAB,KAP,TÜRK PRYSMİAN KABLO VE SİSTEMLERİ A.Ş. - Genel Kurul İşlemlerine İlişkin Bildirim,Genel Kurul İşlemlerine İlişkin Bildirim 2025 Yılı Olağan Genel Kurul Toplantı Sonucu,https://www.kap.org.tr/tr/Bildirim/1581290,tr,2026-03-31T21:47:40+00:00
2026-03-31,PSDTC,KAP,PERGAMON STATUS DIŞ TİCARET A.Ş. - Esas Sözleşme,Esas Sözleşme Esas Sözleşme,https://www.kap.org.tr/tr/Bildirim/1580128,tr,2026-03-31T12:34:00+00:00
2026-03-31,PSDTC,KAP,PERGAMON STATUS DIŞ TİCARET A.Ş. - Bağımsız Denetim Kuruluşunun Belirlenmesi,Bağımsız Denetim Kuruluşunun Belirlenmesi Bağımsız Denetim Kuruluşu seçiminin Genel Kurul'ca onaylanması,https://www.kap.org.tr/tr/Bildirim/1580073,tr,2026-03-31T12:04:29+00:00
2026-03-31,QNBFF,KAP,QNB FAKTORİNG A.Ş. - Genel Kurul Bildirimi,Genel Kurul Bildirimi Genel Kurul Bildirimi hk.,https://www.kap.org.tr/tr/Bildirim/1580250,tr,2026-03-31T14:03:57+00:00
2026-03-31,QNBFK,KAP,QNB FİNANSAL KİRALAMA A.Ş. - Sermaye Artırımı - Azaltımı İşlemlerine İlişkin Bildirim,Sermaye Artırımı - Azaltımı İşlemlerine İlişkin Bildirim Bedelli Sermaye Artırımında Yeni Pay Alma Hakkı Kullanım Tarihleri,https://www.kap.org.tr/tr/Bildirim/1580373,tr,2026-03-31T15:21:24+00:00
2026-03-31,QNBTR,KAP,QNB BANK A.Ş. - Pay Dışında Sermaye Piyasası Aracı İşlemlerine İlişkin Bildirim (Faiz İçeren),Pay Dışında Sermaye Piyasası Aracı İşlemlerine İlişkin Bildirim (Faiz İçeren) QNB Bank A.Ş. Borçlanma Aracı Satışın Tamamlanması hk.,https://www.kap.org.tr/tr/Bildirim/1579987,tr,2026-03-31T10:52:17+00:00
2026-03-31,QUAGR,KAP,QUA GRANITE HAYAL YAPI VE ÜRÜNLERİ SANAYİ TİCARET A.Ş. - Şirket Genel Bilgi Formu,Şirket Genel Bilgi Formu,https://www.kap.org.tr/tr/Bildirim/1580911,tr,2026-03-31T18:27:13+00:00
2026-03-31,QUAGR,KAP,QUA GRANITE HAYAL YAPI VE ÜRÜNLERİ SANAYİ TİCARET A.Ş. - Özel Durum Açıklaması (Genel),Özel Durum Açıklaması (Genel) Yönetim Kurulu Üyeliği İstifa Kabul ve Atama,https://www.kap.org.tr/tr/Bildirim/1580909,tr,2026-03-31T18:26:56+00:00
2026-03-31,REEDR,KAP,REEDER TEKNOLOJİ SANAYİ VE TİCARET A.Ş. - Şirket Genel Bilgi Formu,Şirket Genel Bilgi Formu,https://www.kap.org.tr/tr/Bildirim/1581473,tr,2026-03-31T23:21:16+00:00
2026-03-31,REEDR,KAP,REEDER TEKNOLOJİ SANAYİ VE TİCARET A.Ş. - Özel Durum Açıklaması (Genel),Özel Durum Açıklaması (Genel) Üst Düzey Yönetici Değişikliği Hk.,https://www.kap.org.tr/tr/Bildirim/1581470,tr,2026-03-31T23:20:40+00:00
2026-03-31,RODRG,KAP,RODRİGO TEKSTİL SANAYİ VE TİCARET A.Ş. - Özel Durum Açıklaması (Genel),Özel Durum Açıklaması (Genel) Azerbaycanda kapanan mağazalar hk,https://www.kap.org.tr/tr/Bildirim/1579760,tr,2026-03-31T00:19:24+00:00
2026-03-31,RYGYO,KAP,REYSAŞ GAYRİMENKUL YATIRIM ORTAKLIĞI A.Ş. - Sürdürülebilirlik Uyum Raporu,Sürdürülebilirlik Uyum Raporu Reysaş GYO Sürdürülebilirlik Uyum Raporu 2025,https://www.kap.org.tr/tr/Bildirim/1581455,tr,2026-03-31T23:09:34+00:00
2026-03-31,RYGYO,KAP,REYSAŞ GAYRİMENKUL YATIRIM ORTAKLIĞI A.Ş. - Kurumsal Yönetim Bilgi Formu,Kurumsal Yönetim Bilgi Formu Reysaş GYO Kurumsal Yönetim Bilgi Formu 2025,https://www.kap.org.tr/tr/Bildirim/1581453,tr,2026-03-31T23:09:12+00:00
2026-03-31,RYGYO,KAP,REYSAŞ GAYRİMENKUL YATIRIM ORTAKLIĞI A.Ş. - Kurumsal Yönetim Uyum Raporu,Kurumsal Yönetim Uyum Raporu Reysaş GYO 2025 Yılı Kurumsal Yönetim Uyum Raporu,https://www.kap.org.tr/tr/Bildirim/1581452,tr,2026-03-31T23:07:49+00:00
2026-03-31,RYGYO,KAP,REYSAŞ GAYRİMENKUL YATIRIM ORTAKLIĞI A.Ş. - Faaliyet Raporu (Konsolide),Faaliyet Raporu (Konsolide) REYSAŞ GYO 31.12.2025 FAALİYET RAPORU,https://www.kap.org.tr/tr/Bildirim/1580887,tr,2026-03-31T18:22:57+00:00
2026-03-31,RYGYO,KAP,REYSAŞ GAYRİMENKUL YATIRIM ORTAKLIĞI A.Ş. - Sorumluluk Beyanı (Konsolide),Sorumluluk Beyanı (Konsolide) REYSAŞ GYO 31.12.2025 FİNANSAL RAPORLAR SORUMLULUK BEYAN,https://www.kap.org.tr/tr/Bildirim/1579845,tr,2026-03-31T08:04:36+00:00
2026-03-31,RYGYO,KAP,REYSAŞ GAYRİMENKUL YATIRIM ORTAKLIĞI A.Ş. - Finansal Rapor,Finansal Rapor,https://www.kap.org.tr/tr/Bildirim/1579844,tr,2026-03-31T08:04:05+00:00
2026-03-31,RYGYO,KAP,REYSAŞ GAYRİMENKUL YATIRIM ORTAKLIĞI A.Ş. - Finansal Rapor,Finansal Rapor,https://www.kap.org.tr/tr/Bildirim/1579843,tr,2026-03-31T08:03:34+00:00
2026-03-31,RYSAS,KAP,REYSAŞ TAŞIMACILIK VE LOJİSTİK TİCARET A.Ş. - Sürdürülebilirlik Uyum Raporu,Sürdürülebilirlik Uyum Raporu Reysaş Lojistik Sürdürülebilirlik Uyum Raporu 2025,https://www.kap.org.tr/tr/Bildirim/1581449,tr,2026-03-31T23:06:15+00:00
2026-03-31,RYSAS,KAP,REYSAŞ TAŞIMACILIK VE LOJİSTİK TİCARET A.Ş. - Kurumsal Yönetim Bilgi Formu,Kurumsal Yönetim Bilgi Formu REYSAŞ LOJİSTİK 2025 KURUMSAL YÖNETİM BİLGİ FORMU,https://www.kap.org.tr/tr/Bildirim/1581448,tr,2026-03-31T23:05:58+00:00
2026-03-31,RYSAS,KAP,REYSAŞ TAŞIMACILIK VE LOJİSTİK TİCARET A.Ş. - Kurumsal Yönetim Uyum Raporu,Kurumsal Yönetim Uyum Raporu REYSAŞ LOJİSTİK KURUMSAL YÖNETİM UYUM RAPORU 2025,https://www.kap.org.tr/tr/Bildirim/1581445,tr,2026-03-31T23:04:47+00:00
2026-03-31,RYSAS,KAP,REYSAŞ TAŞIMACILIK VE LOJİSTİK TİCARET A.Ş. - Faaliyet Raporu (Konsolide),Faaliyet Raporu (Konsolide) REYSAŞ LOJİSTİK 31.12.2025 FAALİYET RAPORU,https://www.kap.org.tr/tr/Bildirim/1580879,tr,2026-03-31T18:21:31+00:00
2026-03-31,RYSAS,KAP,REYSAŞ TAŞIMACILIK VE LOJİSTİK TİCARET A.Ş. - Sorumluluk Beyanı (Konsolide),Sorumluluk Beyanı (Konsolide) REYSAŞ LOJİSTİK 31.12.2025 FİNANSAL RAPORLAR SORUMLULUK BEYANI,https://www.kap.org.tr/tr/Bildirim/1579842,tr,2026-03-31T08:01:51+00:00
2026-03-31,RYSAS,KAP,REYSAŞ TAŞIMACILIK VE LOJİSTİK TİCARET A.Ş. - Finansal Rapor,Finansal Rapor,https://www.kap.org.tr/tr/Bildirim/1579841,tr,2026-03-31T08:01:08+00:00
2026-03-31,SAHOL,KAP,HACI ÖMER SABANCI HOLDİNG A.Ş. - Bağımsız Denetim Kuruluşunun Belirlenmesi,Bağımsız Denetim Kuruluşunun Belirlenmesi Denetçi ve Topluluk Denetçisinin Belirlenmesi,https://www.kap.org.tr/tr/Bildirim/1580598,tr,2026-03-31T16:50:43+00:00
2026-03-31,SAHOL,KAP,HACI ÖMER SABANCI HOLDİNG A.Ş. - Kar Payı Dağıtım İşlemlerine İlişkin Bildirim,Kar Payı Dağıtım İşlemlerine İlişkin Bildirim Genel Kurul'un Kar Payı Dağıtım Kararı,https://www.kap.org.tr/tr/Bildirim/1580562,tr,2026-03-31T16:30:22+00:00
2026-03-31,SAHOL,KAP,HACI ÖMER SABANCI HOLDİNG A.Ş. - Genel Kurul İşlemlerine İlişkin Bildirim,Genel Kurul İşlemlerine İlişkin Bildirim 2025 yII Olağan Genel Kurul Toplantısı Sonuçları,https://www.kap.org.tr/tr/Bildirim/1580548,tr,2026-03-31T16:27:36+00:00
2026-03-31,SANFM,KAP,SANİFOAM ENDÜSTRİ VE TÜKETİM ÜRÜNLERİ SANAYİ TİCARET A.Ş. - Özel Durum Açıklaması (Genel),Özel Durum Açıklaması (Genel) Kalitede Mükemmeliyet Ödülü Hk.,https://www.kap.org.tr/tr/Bildirim/1579888,tr,2026-03-31T09:14:49+00:00
2026-03-31,SARKY,KAP,SARKUYSAN ELEKTROLİTİK BAKIR SANAYİ VE TİCARET A.Ş. - Katılım Finansı İlkeleri Bilgi Formu,Katılım Finansı İlkeleri Bilgi Formu,https://www.kap.org.tr/tr/Bildirim/1580838,tr,2026-03-31T18:15:02+00:00
2026-03-31,SEGYO,KAP,ŞEKER GAYRİMENKUL YATIRIM ORTAKLIĞI A.Ş. - Yönetim Kurulu Komiteleri,Yönetim Kurulu Komiteleri SPK'nın Kurumsal Yönetim Tebliği Uyarıca Belirlenen Komitler Hk.,https://www.kap.org.tr/tr/Bildirim/1580295,tr,2026-03-31T14:42:19+00:00
2026-03-31,SEGYO,KAP,ŞEKER GAYRİMENKUL YATIRIM ORTAKLIĞI A.Ş. - Özel Durum Açıklaması (Genel),Özel Durum Açıklaması (Genel) 2025 Yılı Olağan Genel Kurulunda Seçilen Yönetim Kurulu Üyelerinin Görev Dağılımı ve Komiteler HK.,https://www.kap.org.tr/tr/Bildirim/1580079,tr,2026-03-31T12:09:39+00:00
2026-03-31,SEGYO,KAP,ŞEKER GAYRİMENKUL YATIRIM ORTAKLIĞI A.Ş. - Bağımsız Denetim Kuruluşunun Belirlenmesi,Bağımsız Denetim Kuruluşunun Belirlenmesi Bağımısz Denetim Şirketinin belirlenmesi hakkında,https://www.kap.org.tr/tr/Bildirim/1579939,tr,2026-03-31T10:09:38+00:00
2026-03-31,SEGYO,KAP,ŞEKER GAYRİMENKUL YATIRIM ORTAKLIĞI A.Ş. - Kar Payı Dağıtım İşlemlerine İlişkin Bildirim,Kar Payı Dağıtım İşlemlerine İlişkin Bildirim 30.03.2026 Traihli Olağan Genel Kurul da Kabul Edilen Kar Dağıtmama Kararı Hakkında,https://www.kap.org.tr/tr/Bildirim/1579886,tr,2026-03-31T09:08:02+00:00
2026-03-31,SELVA,KAP,SELVA GIDA SANAYİ A.Ş. - Bağımsız Denetim Kuruluşunun Belirlenmesi,Bağımsız Denetim Kuruluşunun Belirlenmesi 2026 Yılı Bağımsız Denetim Şirketi Seçimi Hk.,https://www.kap.org.tr/tr/Bildirim/1581110,tr,2026-03-31T19:53:26+00:00
2026-03-31,SISE,KAP,TÜRKİYE ŞİŞE VE CAM FABRİKALARI A.Ş. - Kurumsal Yönetim Bilgi Formu (Güncelleme) - Yönetim Kurulu-2,Kurumsal Yönetim Bilgi Formu (Güncelleme) - Yönetim Kurulu-2 Yönetim Kurulu - II,https://www.kap.org.tr/tr/Bildirim/1580931,tr,2026-03-31T18:34:27+00:00
2026-03-31,SISE,KAP,TÜRKİYE ŞİŞE VE CAM FABRİKALARI A.Ş. - Kurumsal Yönetim Bilgi Formu (Güncelleme) - Yönetim Kurulu-1,Kurumsal Yönetim Bilgi Formu (Güncelleme) - Yönetim Kurulu-1 Yönetim Kurulu - I,https://www.kap.org.tr/tr/Bildirim/1580929,tr,2026-03-31T18:33:40+00:00
2026-03-31,SISE,KAP,TÜRKİYE ŞİŞE VE CAM FABRİKALARI A.Ş. - Kurumsal Yönetim Bilgi Formu (Güncelleme) - Pay Sahipleri,Kurumsal Yönetim Bilgi Formu (Güncelleme) - Pay Sahipleri Pay Sahipleri,https://www.kap.org.tr/tr/Bildirim/1580927,tr,2026-03-31T18:33:25+00:00
2026-03-31,SISE,KAP,TÜRKİYE ŞİŞE VE CAM FABRİKALARI A.Ş. - Şirket Genel Bilgi Formu,Şirket Genel Bilgi Formu,https://www.kap.org.tr/tr/Bildirim/1580922,tr,2026-03-31T18:33:04+00:00
2026-03-31,SKTAS,KAP,SÖKTAŞ TEKSTİL SANAYİ VE TİCARET A.Ş. - Genel Kurul İşlemlerine İlişkin Bildirim,Genel Kurul İşlemlerine İlişkin Bildirim Olağan Genel Kurul Daveti ve Bilgilendirme Dökümanı,https://www.kap.org.tr/tr/Bildirim/1581419,tr,2026-03-31T22:36:16+00:00
2026-03-31,SKTAS,KAP,SÖKTAŞ TEKSTİL SANAYİ VE TİCARET A.Ş. - Kar Payı Dağıtım İşlemlerine İlişkin Bildirim,Kar Payı Dağıtım İşlemlerine İlişkin Bildirim 2025 Yılı Genel Kuruluna Sunulacak Kar Dağıtım Teklifi,https://www.kap.org.tr/tr/Bildirim/1581418,tr,2026-03-31T22:35:50+00:00
2026-03-31,SMRVA,KAP,SÜMER VARLIK YÖNETİM A.Ş. - Pay Dışında Sermaye Piyasası Aracı İşlemlerine İlişkin Bildirim (Faiz İçeren),Pay Dışında Sermaye Piyasası Aracı İşlemlerine İlişkin Bildirim (Faiz İçeren) Kupon Oranı Belirlenmesi,https://www.kap.org.tr/tr/Bildirim/1580585,tr,2026-03-31T16:45:14+00:00
2026-03-31,SNGYO,KAP,SİNPAŞ GAYRİMENKUL YATIRIM ORTAKLIĞI A.Ş. - Değerleme Raporu,"Değerleme Raporu İstanbul İli, Beykoz İlçesi, Göztepe Mahallesi, 2760 Ada 129, 130, 131, 132, 133, 134 ve 135 Parsellerde Bulunan Arsa Nitelikli Taşınmazın Değerleme Raporu",https://www.kap.org.tr/tr/Bildirim/1580582,tr,2026-03-31T16:44:43+00:00
2026-03-31,SUNTK,KAP,SUN TEKSTİL SANAYİ VE TİCARET A.Ş. - Özel Durum Açıklaması (Genel),Özel Durum Açıklaması (Genel) Guatemala Yatırımı,https://www.kap.org.tr/tr/Bildirim/1580245,tr,2026-03-31T14:00:37+00:00
2026-03-31,SUWEN,KAP,SUWEN TEKSTİL SANAYİ PAZARLAMA A.Ş. - Şirket Genel Bilgi Formu,Şirket Genel Bilgi Formu,https://www.kap.org.tr/tr/Bildirim/1580371,tr,2026-03-31T15:17:12+00:00
2026-03-31,SUWEN,KAP,SUWEN TEKSTİL SANAYİ PAZARLAMA A.Ş. - Esas Sözleşme,Esas Sözleşme Şirketimizin Güncel Esas Sözleşmesi Hakkında,https://www.kap.org.tr/tr/Bildirim/1580249,tr,2026-03-31T14:02:32+00:00
2026-03-31,SUWEN,KAP,SUWEN TEKSTİL SANAYİ PAZARLAMA A.Ş. - Kayıtlı Sermaye Tavanı İşlemlerine İlişkin Bildirim,Kayıtlı Sermaye Tavanı İşlemlerine İlişkin Bildirim Kayıtlı Sermaye Tavan Artırımına ve Süre Uzatımına İlişkin Esas Sözleşme Değişikliğinin Tescili,https://www.kap.org.tr/tr/Bildirim/1580246,tr,2026-03-31T14:00:45+00:00
2026-03-31,SUWEN,KAP,SUWEN TEKSTİL SANAYİ PAZARLAMA A.Ş. - Bağımsız Denetim Kuruluşunun Belirlenmesi,Bağımsız Denetim Kuruluşunun Belirlenmesi Bağımsız Denetim Kuruluşu seçiminin tescil ve TTSG'de ilanı,https://www.kap.org.tr/tr/Bildirim/1580166,tr,2026-03-31T13:11:45+00:00
2026-03-31,SUWEN,KAP,SUWEN TEKSTİL SANAYİ PAZARLAMA A.Ş. - Genel Kurul İşlemlerine İlişkin Bildirim,Genel Kurul İşlemlerine İlişkin Bildirim 25.03.2026 Tarihinde Yapılan 2025 Yılı Olağan Genel Kurul Toplantısının Tescili,https://www.kap.org.tr/tr/Bildirim/1580163,tr,2026-03-31T13:10:43+00:00
2026-03-31,TBORG,KAP,TÜRK TUBORG BİRA VE MALT SANAYİİ A.Ş. - Bağımsız Denetim Kuruluşunun Belirlenmesi,Bağımsız Denetim Kuruluşunun Belirlenmesi Bağımsız Denetim Kuruluşu Ataması,https://www.kap.org.tr/tr/Bildirim/1580863,tr,2026-03-31T18:18:00+00:00
2026-03-31,TEBFA,KAP,TEB FAKTORİNG A.Ş. - Genel Kurul Bildirimi,Genel Kurul Bildirimi TEB Faktoring A.Ş. Olağan Genel Kurul Toplantı Sonucu,https://www.kap.org.tr/tr/Bildirim/1580707,tr,2026-03-31T17:42:51+00:00
2026-03-31,TEHOL,KAP,TERA YATIRIM TEKNOLOJİ HOLDİNG A.Ş. - Finansal Duran Varlık Satışı,Finansal Duran Varlık Satışı Finansal Duran Varlık Satışı DLT Turizm ve Ticaret A.Ş. TERA,https://www.kap.org.tr/tr/Bildirim/1580874,tr,2026-03-31T18:20:27+00:00
2026-03-31,TEHOL,KAP,TERA YATIRIM TEKNOLOJİ HOLDİNG A.Ş. - Finansal Duran Varlık Satışı,Finansal Duran Varlık Satışı Finansal Duran Varlık Satışı Meta Mobilite Enerji A.Ş. TERA,https://www.kap.org.tr/tr/Bildirim/1580872,tr,2026-03-31T18:20:11+00:00
2026-03-31,TERA,KAP,TERA YATIRIM MENKUL DEĞERLER A.Ş. - Pay Alım Teklifi Yoluyla Pay Toplanmasına İlişkin Bildirim,Pay Alım Teklifi Yoluyla Pay Toplanmasına İlişkin Bildirim Kuzugrup Gayrimenkul Yatırım Ortaklığı A.Ş.Pay Sahiplerine Zorunlu Pay Alım Teklifi Hk. KZGYO,https://www.kap.org.tr/tr/Bildirim/1580933,tr,2026-03-31T18:34:48+00:00
2026-03-31,TGB,KAP,TÜRKİYE GARANTİ BANKASI A.Ş. - Pay Dışında Sermaye Piyasası Aracı İşlemlerine İlişkin Bildirim (Faiz İçeren),Pay Dışında Sermaye Piyasası Aracı İşlemlerine İlişkin Bildirim (Faiz İçeren) Yurtdışı Piyasalara Tahvil İhracı SPK Onayı,https://www.kap.org.tr/tr/Bildirim/1581058,tr,2026-03-31T19:26:20+00:00
2026-03-31,TGB,KAP,TÜRKİYE GARANTİ BANKASI A.Ş. - Pay Dışında Sermaye Piyasası Aracı İşlemlerine İlişkin Bildirim (Faiz İçeren),Pay Dışında Sermaye Piyasası Aracı İşlemlerine İlişkin Bildirim (Faiz İçeren) Yurtdışı Piyasalara Tahvil İhracı SPK Onayı,https://www.kap.org.tr/tr/Bildirim/1581057,tr,2026-03-31T19:25:52+00:00
2026-03-31,TGB,KAP,TÜRKİYE GARANTİ BANKASI A.Ş. - Pay Dışında Sermaye Piyasası Aracı İşlemlerine İlişkin Bildirim (Faiz İçeren),Pay Dışında Sermaye Piyasası Aracı İşlemlerine İlişkin Bildirim (Faiz İçeren) Yurtdışı Piyasalara Tahvil İhracı SPK Onayı,https://www.kap.org.tr/tr/Bildirim/1581054,tr,2026-03-31T19:25:23+00:00
2026-03-31,TGB,KAP,TÜRKİYE GARANTİ BANKASI A.Ş. - Pay Dışında Sermaye Piyasası Aracı İşlemlerine İlişkin Bildirim (Faiz İçeren),Pay Dışında Sermaye Piyasası Aracı İşlemlerine İlişkin Bildirim (Faiz İçeren) Yurtdışı Piyasalara Tahvil İhracı SPK Onayı,https://www.kap.org.tr/tr/Bildirim/1581052,tr,2026-03-31T19:24:56+00:00
2026-03-31,TGB,KAP,TÜRKİYE GARANTİ BANKASI A.Ş. - Yatırım Kuruluşu Varant - Sertifika - Senetlerine İlişkin Bildirim,Yatırım Kuruluşu Varant - Sertifika - Senetlerine İlişkin Bildirim Yatırım Kuruluşu Varantları İtfa Fiyatları,https://www.kap.org.tr/tr/Bildirim/1581050,tr,2026-03-31T19:24:22+00:00
2026-03-31,TGB,KAP,TÜRKİYE GARANTİ BANKASI A.Ş. - Kar Payı Dağıtım İşlemlerine İlişkin Bildirim,Kar Payı Dağıtım İşlemlerine İlişkin Bildirim 2025 Yılı Kar Dağıtımı Hk.,https://www.kap.org.tr/tr/Bildirim/1581049,tr,2026-03-31T19:23:50+00:00
2026-03-31,TGB,KAP,TÜRKİYE GARANTİ BANKASI A.Ş. - Genel Kurul İşlemlerine İlişkin Bildirim,Genel Kurul İşlemlerine İlişkin Bildirim Bankamız Olağan Genel Kurul Toplantısı?nda alınan kararlar hk.,https://www.kap.org.tr/tr/Bildirim/1580493,tr,2026-03-31T15:59:28+00:00
2026-03-31,THR,KAP,TÜRKİYE İHRACAT KREDİ BANKASI A.Ş. - Pay Dışında Sermaye Piyasası Aracı İşlemlerine İlişkin Bildirim (Faiz İçeren),Pay Dışında Sermaye Piyasası Aracı İşlemlerine İlişkin Bildirim (Faiz İçeren) XS3040597612 ISIN Kodlu Tahvil İtfası Hk,https://www.kap.org.tr/tr/Bildirim/1580488,tr,2026-03-31T15:56:09+00:00
2026-03-31,TIB,KAP,TÜRKİYE İŞ BANKASI A.Ş. - Genel Kurul İşlemlerine İlişkin Bildirim,Genel Kurul İşlemlerine İlişkin Bildirim Olağan Genel Kurul Kararları,https://www.kap.org.tr/tr/Bildirim/1581788,tr,2026-03-31T23:53:49+00:00
2026-03-31,TIB,KAP,TÜRKİYE İŞ BANKASI A.Ş. - Pay Dışında Sermaye Piyasası Aracı İşlemlerine İlişkin Bildirim (Faiz İçeren),Pay Dışında Sermaye Piyasası Aracı İşlemlerine İlişkin Bildirim (Faiz İçeren) Nitelikli Yatırımcılara Katkı Sermaye Hesaplamasına Dahil Edilecek Türk Lirası Borçlanma Aracı Satışının Tamamlanması,https://www.kap.org.tr/tr/Bildirim/1580602,tr,2026-03-31T16:52:54+00:00
2026-03-31,TIB,KAP,TÜRKİYE İŞ BANKASI A.Ş. - Bağımsız Denetim Kuruluşunun Belirlenmesi,Bağımsız Denetim Kuruluşunun Belirlenmesi Bağımsız Denetim Kuruluşunun Belirlenmesi,https://www.kap.org.tr/tr/Bildirim/1580375,tr,2026-03-31T15:22:23+00:00
2026-03-31,TIB,KAP,TÜRKİYE İŞ BANKASI A.Ş. - Kar Payı Dağıtım İşlemlerine İlişkin Bildirim,Kar Payı Dağıtım İşlemlerine İlişkin Bildirim Kar Payı Dağıtımı Hakkında,https://www.kap.org.tr/tr/Bildirim/1580260,tr,2026-03-31T14:16:40+00:00
2026-03-31,TIB,KAP,TÜRKİYE İŞ BANKASI A.Ş. - Genel Kurul İşlemlerine İlişkin Bildirim,Genel Kurul İşlemlerine İlişkin Bildirim Olağan Genel Kurul Kararları,https://www.kap.org.tr/tr/Bildirim/1580235,tr,2026-03-31T13:49:24+00:00
2026-03-31,TRA,KAP,TERA YATIRIM MENKUL DEĞERLER A.Ş. - Pay Alım Teklifi Yoluyla Pay Toplanmasına İlişkin Bildirim,Pay Alım Teklifi Yoluyla Pay Toplanmasına İlişkin Bildirim Kuzugrup Gayrimenkul Yatırım Ortaklığı A.Ş.Pay Sahiplerine Zorunlu Pay Alım Teklifi Hk. KZGYO,https://www.kap.org.tr/tr/Bildirim/1580933,tr,2026-03-31T18:34:48+00:00
2026-03-31,TRALT,KAP,TÜRK ALTIN İŞLETMELERİ A.Ş. - Özel Durum Açıklaması (Genel),Özel Durum Açıklaması (Genel) 2025 Yılı Umrek Raporu,https://www.kap.org.tr/tr/Bildirim/1580866,tr,2026-03-31T18:18:55+00:00
2026-03-31,TRGYO,KAP,TORUNLAR GAYRİMENKUL YATIRIM ORTAKLIĞI A.Ş. - Özel Durum Açıklaması (Genel),Özel Durum Açıklaması (Genel) Samsun ili taşınmaz ihalesi Hk.,https://www.kap.org.tr/tr/Bildirim/1580763,tr,2026-03-31T18:03:59+00:00
2026-03-31,TRGYO,KAP,TORUNLAR GAYRİMENKUL YATIRIM ORTAKLIĞI A.Ş. - Bağımsız Denetim Kuruluşunun Belirlenmesi,Bağımsız Denetim Kuruluşunun Belirlenmesi 01012026-31122026 dönemini kapsayan bağımsız denetim firmasının seçimi,https://www.kap.org.tr/tr/Bildirim/1580524,tr,2026-03-31T16:11:45+00:00
2026-03-31,TRILC,KAP,TURK İLAÇ VE SERUM SANAYİ A.Ş. - Bağımsız Denetim Kuruluşunun Belirlenmesi,Bağımsız Denetim Kuruluşunun Belirlenmesi 2026 Yılı Bağımsız Denetim Şirketinin Belirlenmesi Hakkında,https://www.kap.org.tr/tr/Bildirim/1581086,tr,2026-03-31T19:37:06+00:00
2026-03-31,TRKFN,KAP,TURK FİNANSMAN A.Ş. - Pay Dışında Sermaye Piyasası Aracı İşlemlerine İlişkin Bildirim (Faiz İçeren),Pay Dışında Sermaye Piyasası Aracı İşlemlerine İlişkin Bildirim (Faiz İçeren) Kupon Ödemesi,https://www.kap.org.tr/tr/Bildirim/1580656,tr,2026-03-31T17:13:24+00:00
2026-03-31,TVB,KAP,TÜRKİYE VAKIFLAR BANKASI T.A.O. - Pay Dışında Sermaye Piyasası Aracı İşlemlerine İlişkin Bildirim (Faiz İçeren),Pay Dışında Sermaye Piyasası Aracı İşlemlerine İlişkin Bildirim (Faiz İçeren) Borçlanma Araçlarına İlişkin Faiz Açıklaması,https://www.kap.org.tr/tr/Bildirim/1580727,tr,2026-03-31T17:48:53+00:00
2026-03-31,TVB,KAP,TÜRKİYE VAKIFLAR BANKASI T.A.O. - Pay Dışında Sermaye Piyasası Aracı İşlemlerine İlişkin Bildirim (Faiz İçeren),Pay Dışında Sermaye Piyasası Aracı İşlemlerine İlişkin Bildirim (Faiz İçeren) Borçlanma Araçlarına İlişkin Faiz Açıklaması,https://www.kap.org.tr/tr/Bildirim/1580470,tr,2026-03-31T15:49:05+00:00
2026-03-31,TVB,KAP,TÜRKİYE VAKIFLAR BANKASI T.A.O. - İzahname-Özet (SPK Tarafından Onaylanan),İzahname-Özet (SPK Tarafından Onaylanan) İzahname- Özet,https://www.kap.org.tr/tr/Bildirim/1580465,tr,2026-03-31T15:46:46+00:00
2026-03-31,TVB,KAP,TÜRKİYE VAKIFLAR BANKASI T.A.O. - İzahname-Sermaye Piyasası Aracı Notu (SPK Tarafından Onaylanan),İzahname-Sermaye Piyasası Aracı Notu (SPK Tarafından Onaylanan) İzahname- Sermaye Piyasası Aracı Notu,https://www.kap.org.tr/tr/Bildirim/1580462,tr,2026-03-31T15:46:18+00:00
2026-03-31,TVB,KAP,TÜRKİYE VAKIFLAR BANKASI T.A.O. - İzahname-İhraççı Bİlgi Dokümanı (SPK Tarafından Onaylanan),İzahname-İhraççı Bİlgi Dokümanı (SPK Tarafından Onaylanan) İzahname- İhraççı Bilgi Dokümanı,https://www.kap.org.tr/tr/Bildirim/1580461,tr,2026-03-31T15:45:18+00:00
2026-03-31,ULUFA,KAP,ULUSAL FAKTORİNG A.Ş. - Pay Dışında Sermaye Piyasası Aracı İşlemlerine İlişkin Bildirim (Faiz İçeren),Pay Dışında Sermaye Piyasası Aracı İşlemlerine İlişkin Bildirim (Faiz İçeren) Şirketimiz TRFULFK72610 ISIN Kodlu Değişken Faizli Borçlanma Aracımızın Kupon Oranına İlişkin Açıklama,https://www.kap.org.tr/tr/Bildirim/1580908,tr,2026-03-31T18:26:48+00:00
2026-03-31,VAKBN,KAP,TÜRKİYE VAKIFLAR BANKASI T.A.O. - Pay Dışında Sermaye Piyasası Aracı İşlemlerine İlişkin Bildirim (Faiz İçeren),Pay Dışında Sermaye Piyasası Aracı İşlemlerine İlişkin Bildirim (Faiz İçeren) Borçlanma Araçlarına İlişkin Faiz Açıklaması,https://www.kap.org.tr/tr/Bildirim/1580727,tr,2026-03-31T17:48:53+00:00
2026-03-31,VAKBN,KAP,TÜRKİYE VAKIFLAR BANKASI T.A.O. - Pay Dışında Sermaye Piyasası Aracı İşlemlerine İlişkin Bildirim (Faiz İçeren),Pay Dışında Sermaye Piyasası Aracı İşlemlerine İlişkin Bildirim (Faiz İçeren) Borçlanma Araçlarına İlişkin Faiz Açıklaması,https://www.kap.org.tr/tr/Bildirim/1580470,tr,2026-03-31T15:49:05+00:00
2026-03-31,VAKBN,KAP,TÜRKİYE VAKIFLAR BANKASI T.A.O. - İzahname-Özet (SPK Tarafından Onaylanan),İzahname-Özet (SPK Tarafından Onaylanan) İzahname- Özet,https://www.kap.org.tr/tr/Bildirim/1580465,tr,2026-03-31T15:46:46+00:00
2026-03-31,VAKBN,KAP,TÜRKİYE VAKIFLAR BANKASI T.A.O. - İzahname-Sermaye Piyasası Aracı Notu (SPK Tarafından Onaylanan),İzahname-Sermaye Piyasası Aracı Notu (SPK Tarafından Onaylanan) İzahname- Sermaye Piyasası Aracı Notu,https://www.kap.org.tr/tr/Bildirim/1580462,tr,2026-03-31T15:46:18+00:00
2026-03-31,VAKBN,KAP,TÜRKİYE VAKIFLAR BANKASI T.A.O. - İzahname-İhraççı Bİlgi Dokümanı (SPK Tarafından Onaylanan),İzahname-İhraççı Bİlgi Dokümanı (SPK Tarafından Onaylanan) İzahname- İhraççı Bilgi Dokümanı,https://www.kap.org.tr/tr/Bildirim/1580461,tr,2026-03-31T15:45:18+00:00
2026-03-31,VKFYO,KAP,VAKIF MENKUL KIYMET YATIRIM ORTAKLIĞI A.Ş. - Kayıtlı Sermaye Tavanı İşlemlerine İlişkin Bildirim,Kayıtlı Sermaye Tavanı İşlemlerine İlişkin Bildirim Kayıtlı Sermaye Tavanı Süre Uzatımına İlişkin SPK Onayı,https://www.kap.org.tr/tr/Bildirim/1581681,tr,2026-03-31T23:45:59+00:00
2026-03-31,VKFYO,KAP,VAKIF MENKUL KIYMET YATIRIM ORTAKLIĞI A.Ş. - Özel Durum Açıklaması (Genel),"Özel Durum Açıklaması (Genel) Şirketimizin BİAŞ'da oluşan ağırlıklı ortalama fiyatın, pay başına net aktif değerin 2 katını aşması sebebiyle yapılan açıklamadır.",https://www.kap.org.tr/tr/Bildirim/1581212,tr,2026-03-31T20:59:58+00:00
2026-03-31,VKING,KAP,VİKİNG KAĞIT VE SELÜLOZ A.Ş. - Kar Payı Dağıtım İşlemlerine İlişkin Bildirim,Kar Payı Dağıtım İşlemlerine İlişkin Bildirim Kâr Dağıtımına İlişkin,https://www.kap.org.tr/tr/Bildirim/1580865,tr,2026-03-31T18:18:34+00:00
2026-03-31,VKING,KAP,VİKİNG KAĞIT VE SELÜLOZ A.Ş. - Bağımsız Denetim Kuruluşunun Belirlenmesi,Bağımsız Denetim Kuruluşunun Belirlenmesi Bağımsız Denetim Kuruluşunun Belirlenmesi,https://www.kap.org.tr/tr/Bildirim/1580827,tr,2026-03-31T18:12:59+00:00
2026-03-31,VKING,KAP,VİKİNG KAĞIT VE SELÜLOZ A.Ş. - Genel Kurul İşlemlerine İlişkin Bildirim,Genel Kurul İşlemlerine İlişkin Bildirim 2025 Yılına İlişkin Olağan Genel Kurul Toplantı Sonucu,https://www.kap.org.tr/tr/Bildirim/1580823,tr,2026-03-31T18:12:30+00:00
2026-03-31,VRGYO,KAP,VERA KONSEPT GAYRİMENKUL YATIRIM ORTAKLIĞI A.Ş. - Özel Durum Açıklaması (Genel),Özel Durum Açıklaması (Genel) Elazığ Konsept Vera AVM Satışı Hk.,https://www.kap.org.tr/tr/Bildirim/1580959,tr,2026-03-31T18:52:41+00:00
2026-03-31,YKR,KAP,YAPI KREDİ YATIRIM MENKUL DEĞERLER A.Ş. - Pay Dışında Sermaye Piyasası Aracı İşlemlerine İlişkin Bildirim (Faiz İçeren),Pay Dışında Sermaye Piyasası Aracı İşlemlerine İlişkin Bildirim (Faiz İçeren) Borçlanma Aracının İtfası,https://www.kap.org.tr/tr/Bildirim/1580732,tr,2026-03-31T17:51:26+00:00
2026-03-31,YKYAT,KAP,YAPI KREDİ YATIRIM MENKUL DEĞERLER A.Ş. - Pay Dışında Sermaye Piyasası Aracı İşlemlerine İlişkin Bildirim (Faiz İçeren),Pay Dışında Sermaye Piyasası Aracı İşlemlerine İlişkin Bildirim (Faiz İçeren) Borçlanma Aracının İtfası,https://www.kap.org.tr/tr/Bildirim/1580732,tr,2026-03-31T17:51:26+00:00
2026-03-31,ZERGY,KAP,ZERAY GAYRİMENKUL YATIRIM ORTAKLIĞI A.Ş. - Özel Durum Açıklaması (Genel),Özel Durum Açıklaması (Genel) Kocaeli Başiskele Projesi Yapı Ruhsatı Başvurusu Hakkında,https://www.kap.org.tr/tr/Bildirim/1579915,tr,2026-03-31T09:46:54+00:00
2026-03-31,ZKBVR,KAP,ZKB VARLIK KİRALAMA A.Ş. - Tertip İhraç Belgesi,Tertip İhraç Belgesi Tertip İhraç Belgesi TRYKI,https://www.kap.org.tr/tr/Bildirim/1580736,tr,2026-03-31T17:55:14+00:00
2026-03-31,ZKBVR,KAP,ZKB VARLIK KİRALAMA A.Ş. - Tertip İhraç Belgesi,Tertip İhraç Belgesi Tertip İhraç Belgesi TKMRT,https://www.kap.org.tr/tr/Bildirim/1579908,tr,2026-03-31T09:39:15+00:00
2026-03-31,ZKBVR,KAP,ZKB VARLIK KİRALAMA A.Ş. - Tertip İhraç Belgesi,Tertip İhraç Belgesi Tertip İhraç Belgesi PETUN,https://www.kap.org.tr/tr/Bildirim/1579891,tr,2026-03-31T09:19:37+00:00
2026-03-31,ZOREN,KAP,ZORLU ENERJİ ELEKTRİK ÜRETİM A.Ş. - Pay Dışında Sermaye Piyasası Aracı İşlemlerine İlişkin Bildirim (Faiz İçeren),Pay Dışında Sermaye Piyasası Aracı İşlemlerine İlişkin Bildirim (Faiz İçeren) TRSZORNE2619 ISIN Kodlu Tahvilin 2. Kupon Dönemine İlişkin Faiz Ödemesi Hakkında,https://www.kap.org.tr/tr/Bildirim/1580231,tr,2026-03-31T13:46:06+00:00
