date,ticker,source,title,text,url,language,published_at
2026-05-31,EKIZ,KAP,EKİZ KİMYA SANAYİ VE TİCARET A.Ş. - Özel Durum Açıklaması (Genel),Özel Durum Açıklaması (Genel) Banka İle Yapılan Protokol Süresinin Uzatılması Hakkında,https://www.kap.org.tr/tr/Bildirim/1611279,tr,2026-05-31T22:10:25+00:00
2026-06-01,AEFES,KAP,ANADOLU EFES BİRACILIK VE MALT SANAYİİ A.Ş. - Şirket Genel Bilgi Formu,Şirket Genel Bilgi Formu,https://www.kap.org.tr/tr/Bildirim/1611685,tr,2026-06-01T19:13:11+00:00
2026-06-01,AFYON,KAP,AFYON ÇİMENTO SANAYİ T.A.Ş. - Şirket Genel Bilgi Formu,Şirket Genel Bilgi Formu,https://www.kap.org.tr/tr/Bildirim/1611709,tr,2026-06-01T20:28:07+00:00
2026-06-01,AFYON,KAP,AFYON ÇİMENTO SANAYİ T.A.Ş. - Kurumsal Yönetim Bilgi Formu (Güncelleme) - Yönetim Kurulu-1,Kurumsal Yönetim Bilgi Formu (Güncelleme) - Yönetim Kurulu-1 Yönetim Kurulu I Bilgi Formu Güncelleme,https://www.kap.org.tr/tr/Bildirim/1611710,tr,2026-06-01T20:28:16+00:00
2026-06-01,AGESA,KAP,AGESA HAYAT VE EMEKLİLİK A.Ş. - Özel Durum Açıklaması (Genel),Özel Durum Açıklaması (Genel) Genel Müdür Yardımcısı Ataması AKGRT,https://www.kap.org.tr/tr/Bildirim/1611413,tr,2026-06-01T14:42:07+00:00
2026-06-01,AHGAZ,KAP,AHLATCI DOĞAL GAZ DAĞITIM ENERJİ VE YATIRIM A.Ş. - Payların Geri Alınmasına İlişkin Bildirim,Payların Geri Alınmasına İlişkin Bildirim 01.06.2026 Tarihli Pay Geri Alım İşlemleri,https://www.kap.org.tr/tr/Bildirim/1611665,tr,2026-06-01T18:30:16+00:00
2026-06-01,AKBNK,KAP,AKBANK T.A.Ş. - Özel Durum Açıklaması (Genel),Özel Durum Açıklaması (Genel) Yurtdışı Piyasalara Sermaye Benzeri (Basel III uyumlu) Tahvil İhracı,https://www.kap.org.tr/tr/Bildirim/1611351,tr,2026-06-01T11:02:35+00:00
2026-06-01,AKBNK,KAP,AKBANK T.A.Ş. - Pay Dışında Sermaye Piyasası Aracı İşlemlerine İlişkin Bildirim (Faiz İçeren),Pay Dışında Sermaye Piyasası Aracı İşlemlerine İlişkin Bildirim (Faiz İçeren) Yurtdışı Piyasalara Tahvil İhracı,https://www.kap.org.tr/tr/Bildirim/1611585,tr,2026-06-01T17:41:26+00:00
2026-06-01,AKBNK,KAP,AKBANK T.A.Ş. - Pay Dışında Sermaye Piyasası Aracı İşlemlerine İlişkin Bildirim (Faiz İçeren),Pay Dışında Sermaye Piyasası Aracı İşlemlerine İlişkin Bildirim (Faiz İçeren) Yurtdışı Piyasalara Tahvil İhracı,https://www.kap.org.tr/tr/Bildirim/1611586,tr,2026-06-01T17:41:42+00:00
2026-06-01,AKFGY,KAP,AKFEN GAYRİMENKUL YATIRIM ORTAKLIĞI A.Ş. - Bağımsız Denetim Kuruluşunun Belirlenmesi,Bağımsız Denetim Kuruluşunun Belirlenmesi Bağımsız denetim kuruluşu seçiminin tescili ve TTSG'de ilanı,https://www.kap.org.tr/tr/Bildirim/1611457,tr,2026-06-01T16:16:06+00:00
2026-06-01,AKFGY,KAP,AKFEN GAYRİMENKUL YATIRIM ORTAKLIĞI A.Ş. - Genel Kurul İşlemlerine İlişkin Bildirim,Genel Kurul İşlemlerine İlişkin Bildirim 2025 Yılı Olağan Genel Kurul Toplantısı Tescil İşlemi,https://www.kap.org.tr/tr/Bildirim/1611460,tr,2026-06-01T16:17:50+00:00
2026-06-01,AKFGY,KAP,AKFEN GAYRİMENKUL YATIRIM ORTAKLIĞI A.Ş. - Yönetim Kurulu Komiteleri,Yönetim Kurulu Komiteleri Yönetim Kurulu Komitelerinin Üyelerinin Belirlenmesi hk,https://www.kap.org.tr/tr/Bildirim/1611462,tr,2026-06-01T16:18:21+00:00
2026-06-01,AKFGY,KAP,AKFEN GAYRİMENKUL YATIRIM ORTAKLIĞI A.Ş. - Şirket Genel Bilgi Formu,Şirket Genel Bilgi Formu,https://www.kap.org.tr/tr/Bildirim/1611463,tr,2026-06-01T16:19:25+00:00
2026-06-01,AKFGY,KAP,AKFEN GAYRİMENKUL YATIRIM ORTAKLIĞI A.Ş. - Esas Sözleşme,Esas Sözleşme Esas Sözleşme,https://www.kap.org.tr/tr/Bildirim/1611465,tr,2026-06-01T16:20:54+00:00
2026-06-01,AKFGY,KAP,AKFEN GAYRİMENKUL YATIRIM ORTAKLIĞI A.Ş. - İlişkili Taraf İşlemleri,İlişkili Taraf İşlemleri Yaygın ve Süreklilik Arz Eden İşlemler Raporu Hk.,https://www.kap.org.tr/tr/Bildirim/1611641,tr,2026-06-01T18:20:52+00:00
2026-06-01,AKGRT,KAP,AKSİGORTA A.Ş. - Özel Durum Açıklaması (Genel),Özel Durum Açıklaması (Genel) Genel Müdür Yardımcısı Ataması AGESA,https://www.kap.org.tr/tr/Bildirim/1611414,tr,2026-06-01T14:43:10+00:00
2026-06-01,AKM,KAP,AK YATIRIM MENKUL DEĞERLER A.Ş. - Likidite Sağlayıcılık Kapsamındaki İşlemler,Likidite Sağlayıcılık Kapsamındaki İşlemler ORGE Paylarında Likidite Sağlayıcılığı Kapsamında Gerçekleştirilen İşlemler 18.05.2026 - 29.05.2026 ORGE,https://www.kap.org.tr/tr/Bildirim/1611377,tr,2026-06-01T11:54:32+00:00
2026-06-01,AKM,KAP,AK YATIRIM MENKUL DEĞERLER A.Ş. - Likidite Sağlayıcılık Kapsamındaki İşlemler,Likidite Sağlayıcılık Kapsamındaki İşlemler LOGO Paylarında Likidite Sağlayıcılığı Kapsamında Gerçekleştirilen İşlemler 18.05.2026 - 29.05.2026 LOGO,https://www.kap.org.tr/tr/Bildirim/1611379,tr,2026-06-01T11:54:41+00:00
2026-06-01,AKM,KAP,AK YATIRIM MENKUL DEĞERLER A.Ş. - Yatırım Kuruluşu Varant - Sertifika - Senetlerine İlişkin Bildirim,Yatırım Kuruluşu Varant - Sertifika - Senetlerine İlişkin Bildirim Varant ve Sertifika PY Alım Satım Bildirimi,https://www.kap.org.tr/tr/Bildirim/1611380,tr,2026-06-01T11:54:48+00:00
2026-06-01,AKM,KAP,AK YATIRIM MENKUL DEĞERLER A.Ş. - Piyasa Yapıcılığı Kapsamında Gerçekleştirilen İşlemler Bildirimi,"Piyasa Yapıcılığı Kapsamında Gerçekleştirilen İşlemler Bildirimi 25.05.2026 - 26.05.2026 Tarih Aralığında Gerçekleşen Borsa Yatırım Fonları Piyasa Yapıcı İşlemleri APGLD, APMDL",https://www.kap.org.tr/tr/Bildirim/1611448,tr,2026-06-01T16:14:39+00:00
2026-06-01,AKMEN,KAP,AK YATIRIM MENKUL DEĞERLER A.Ş. - Likidite Sağlayıcılık Kapsamındaki İşlemler,Likidite Sağlayıcılık Kapsamındaki İşlemler ORGE Paylarında Likidite Sağlayıcılığı Kapsamında Gerçekleştirilen İşlemler 18.05.2026 - 29.05.2026 ORGE,https://www.kap.org.tr/tr/Bildirim/1611377,tr,2026-06-01T11:54:32+00:00
2026-06-01,AKMEN,KAP,AK YATIRIM MENKUL DEĞERLER A.Ş. - Likidite Sağlayıcılık Kapsamındaki İşlemler,Likidite Sağlayıcılık Kapsamındaki İşlemler LOGO Paylarında Likidite Sağlayıcılığı Kapsamında Gerçekleştirilen İşlemler 18.05.2026 - 29.05.2026 LOGO,https://www.kap.org.tr/tr/Bildirim/1611379,tr,2026-06-01T11:54:41+00:00
2026-06-01,AKMEN,KAP,AK YATIRIM MENKUL DEĞERLER A.Ş. - Yatırım Kuruluşu Varant - Sertifika - Senetlerine İlişkin Bildirim,Yatırım Kuruluşu Varant - Sertifika - Senetlerine İlişkin Bildirim Varant ve Sertifika PY Alım Satım Bildirimi,https://www.kap.org.tr/tr/Bildirim/1611380,tr,2026-06-01T11:54:48+00:00
2026-06-01,AKMEN,KAP,AK YATIRIM MENKUL DEĞERLER A.Ş. - Piyasa Yapıcılığı Kapsamında Gerçekleştirilen İşlemler Bildirimi,"Piyasa Yapıcılığı Kapsamında Gerçekleştirilen İşlemler Bildirimi 25.05.2026 - 26.05.2026 Tarih Aralığında Gerçekleşen Borsa Yatırım Fonları Piyasa Yapıcı İşlemleri APGLD, APMDL",https://www.kap.org.tr/tr/Bildirim/1611448,tr,2026-06-01T16:14:39+00:00
2026-06-01,AKSEN,KAP,AKSA ENERJİ ÜRETİM A.Ş. - Özel Durum Açıklaması (Genel),Özel Durum Açıklaması (Genel) Kazakistan Kombine Isı ve Enerji Santrali?ne ilişkin Bakanlık Kabulü Hakkında,https://www.kap.org.tr/tr/Bildirim/1611385,tr,2026-06-01T12:10:57+00:00
2026-06-01,AKTVK,KAP,AKTİF BANK SUKUK VARLIK KİRALAMA A.Ş. - Pay Dışında Sermaye Piyasası Aracı İşlemlerine İlişkin Bildirim (Faizsiz),Pay Dışında Sermaye Piyasası Aracı İşlemlerine İlişkin Bildirim (Faizsiz) Kupon Oranı Belirlenmesi,https://www.kap.org.tr/tr/Bildirim/1611404,tr,2026-06-01T14:04:44+00:00
2026-06-01,AKTVK,KAP,AKTİF BANK SUKUK VARLIK KİRALAMA A.Ş. - Pay Dışında Sermaye Piyasası Aracı İşlemlerine İlişkin Bildirim (Faizsiz),Pay Dışında Sermaye Piyasası Aracı İşlemlerine İlişkin Bildirim (Faizsiz) İtfa,https://www.kap.org.tr/tr/Bildirim/1611447,tr,2026-06-01T16:14:13+00:00
2026-06-01,AKYHO,KAP,AKDENİZ YATIRIM HOLDİNG A.Ş. - Yönetim Kurulu Komiteleri,Yönetim Kurulu Komiteleri Yönetim Kurulu Komiteleri Hakkında,https://www.kap.org.tr/tr/Bildirim/1611728,tr,2026-06-01T21:46:01+00:00
2026-06-01,ALNUS,KAP,ALNUS YATIRIM MENKUL DEĞERLER A.Ş. - Pay Dışında Sermaye Piyasası Aracı İşlemlerine İlişkin Bildirim (Faiz İçeren),Pay Dışında Sermaye Piyasası Aracı İşlemlerine İlişkin Bildirim (Faiz İçeren) TRFSRMD62613 ISIN Kodlu Değişken Faizli Finansman Bonosunun 4. Kupon Oranının Belirlenmesi,https://www.kap.org.tr/tr/Bildirim/1611519,tr,2026-06-01T17:15:17+00:00
2026-06-01,ANC,KAP,ALNUS YATIRIM MENKUL DEĞERLER A.Ş. - Pay Dışında Sermaye Piyasası Aracı İşlemlerine İlişkin Bildirim (Faiz İçeren),Pay Dışında Sermaye Piyasası Aracı İşlemlerine İlişkin Bildirim (Faiz İçeren) TRFSRMD62613 ISIN Kodlu Değişken Faizli Finansman Bonosunun 4. Kupon Oranının Belirlenmesi,https://www.kap.org.tr/tr/Bildirim/1611519,tr,2026-06-01T17:15:17+00:00
2026-06-01,ANSGR,KAP,ANADOLU ANONİM TÜRK SİGORTA ŞİRKETİ - TSRS Uyumlu Sürdürülebilirlik Raporu,TSRS Uyumlu Sürdürülebilirlik Raporu 2025 TSRS Uyumlu Sürdürülebilirlik Raporu,https://www.kap.org.tr/tr/Bildirim/1611661,tr,2026-06-01T18:27:38+00:00
2026-06-01,ARDYZ,KAP,ARD GRUP BİLİŞİM TEKNOLOJİLERİ A.Ş. - Yeni İş İlişkisi,Yeni İş İlişkisi Sözleşme İmzalanması Hk.,https://www.kap.org.tr/tr/Bildirim/1611290,tr,2026-06-01T09:17:23+00:00
2026-06-01,ASELS,KAP,ASELSAN ELEKTRONİK SANAYİ VE TİCARET A.Ş. - Yeni İş İlişkisi,Yeni İş İlişkisi Sözleşme İmzalanması,https://www.kap.org.tr/tr/Bildirim/1611291,tr,2026-06-01T09:17:57+00:00
2026-06-01,ATLAS,KAP,ATLAS MENKUL KIYMETLER YATIRIM ORTAKLIĞI A.Ş. - Haftalık Rapor,Haftalık Rapor Haftalık Rapor,https://www.kap.org.tr/tr/Bildirim/1611391,tr,2026-06-01T13:04:44+00:00
2026-06-01,ATLAS,KAP,ATLAS MENKUL KIYMETLER YATIRIM ORTAKLIĞI A.Ş. - Özel Durum Açıklaması (Genel),Özel Durum Açıklaması (Genel) Portföy Yönetim Şirketi Değişikliği Hakkında,https://www.kap.org.tr/tr/Bildirim/1611663,tr,2026-06-01T18:29:08+00:00
2026-06-01,AVGYO,KAP,AVRASYA GAYRİMENKUL YATIRIM ORTAKLIĞI A.Ş. - Finansal Rapor,Finansal Rapor,https://www.kap.org.tr/tr/Bildirim/1611729,tr,2026-06-01T23:53:27+00:00
2026-06-01,AVGYO,KAP,AVRASYA GAYRİMENKUL YATIRIM ORTAKLIĞI A.Ş. - Finansal Rapor,Finansal Rapor,https://www.kap.org.tr/tr/Bildirim/1611730,tr,2026-06-01T23:53:40+00:00
2026-06-01,AVGYO,KAP,AVRASYA GAYRİMENKUL YATIRIM ORTAKLIĞI A.Ş. - Faaliyet Raporu (Konsolide),Faaliyet Raporu (Konsolide) 2026/3 Aylık Faaliyet Raporu,https://www.kap.org.tr/tr/Bildirim/1611731,tr,2026-06-01T23:53:52+00:00
2026-06-01,AVGYO,KAP,AVRASYA GAYRİMENKUL YATIRIM ORTAKLIĞI A.Ş. - Sorumluluk Beyanı (Konsolide),Sorumluluk Beyanı (Konsolide) Sorumluluk Beyanı,https://www.kap.org.tr/tr/Bildirim/1611732,tr,2026-06-01T23:53:59+00:00
2026-06-01,BAHKM,KAP,BAHADIR KİMYA SANAYİ VE TİCARET A.Ş. - Özel Durum Açıklaması (Genel),Özel Durum Açıklaması (Genel) Yatırım Teşvik Tutarının Artırılması Hk.,https://www.kap.org.tr/tr/Bildirim/1611418,tr,2026-06-01T14:59:42+00:00
2026-06-01,BAKAB,KAP,BAK AMBALAJ SANAYİ VE TİCARET A.Ş. - Genel Kurul İşlemlerine İlişkin Bildirim,Genel Kurul İşlemlerine İlişkin Bildirim Bak Ambalaj Sanayi ve Ticaret A.Ş. 2025 Yılı Olağan Genel Kurul Toplantısı İlanı Hk,https://www.kap.org.tr/tr/Bildirim/1611547,tr,2026-06-01T17:27:30+00:00
2026-06-01,BAKAB,KAP,BAK AMBALAJ SANAYİ VE TİCARET A.Ş. - Kar Payı Dağıtım İşlemlerine İlişkin Bildirim,Kar Payı Dağıtım İşlemlerine İlişkin Bildirim 2025 Yılına İlişkin Kar Payı Dağıtımı Hakkında,https://www.kap.org.tr/tr/Bildirim/1611596,tr,2026-06-01T17:48:18+00:00
2026-06-01,BLS,KAP,BULLS YATIRIM MENKUL DEĞERLER A.Ş. - Pay Alım Teklifi Yoluyla Pay Toplanmasına İlişkin Bildirim,Pay Alım Teklifi Yoluyla Pay Toplanmasına İlişkin Bildirim Özerden Ambalaj Sanayi A.Ş. Paylarına Yönelik Zorunlu Pay Alım Teklifi OZRDN,https://www.kap.org.tr/tr/Bildirim/1611618,tr,2026-06-01T18:05:28+00:00
2026-06-01,BLSMD,KAP,BULLS YATIRIM MENKUL DEĞERLER A.Ş. - Pay Alım Teklifi Yoluyla Pay Toplanmasına İlişkin Bildirim,Pay Alım Teklifi Yoluyla Pay Toplanmasına İlişkin Bildirim Özerden Ambalaj Sanayi A.Ş. Paylarına Yönelik Zorunlu Pay Alım Teklifi OZRDN,https://www.kap.org.tr/tr/Bildirim/1611618,tr,2026-06-01T18:05:28+00:00
2026-06-01,BOBET,KAP,BOĞAZİÇİ BETON SANAYİ VE TİCARET A.Ş. - Payların Geri Alınmasına İlişkin Bildirim,Payların Geri Alınmasına İlişkin Bildirim 01.06.2026 Tarihli Pay Geri Alım İşlemleri Hakkında,https://www.kap.org.tr/tr/Bildirim/1611716,tr,2026-06-01T20:49:01+00:00
2026-06-01,BRKO,KAP,BİRKO BİRLEŞİK KOYUNLULULAR MENSUCAT TİCARET VE SANAYİ A.Ş. - Özel Durum Açıklaması (Genel),Özel Durum Açıklaması (Genel) Şirket Hakim Hisse Alımı Hakkında,https://www.kap.org.tr/tr/Bildirim/1611657,tr,2026-06-01T18:24:18+00:00
2026-06-01,BRMEN,KAP,BİRLİK MENSUCAT TİCARET VE SANAYİ İŞLETMESİ A.Ş. - Finansal Rapor,Finansal Rapor,https://www.kap.org.tr/tr/Bildirim/1611638,tr,2026-06-01T18:20:17+00:00
2026-06-01,BRMEN,KAP,BİRLİK MENSUCAT TİCARET VE SANAYİ İŞLETMESİ A.Ş. - Faaliyet Raporu (Konsolide),Faaliyet Raporu (Konsolide) BRMEN Yönetim Kurulu Faaliyet Raporu,https://www.kap.org.tr/tr/Bildirim/1611639,tr,2026-06-01T18:20:32+00:00
2026-06-01,BRMEN,KAP,BİRLİK MENSUCAT TİCARET VE SANAYİ İŞLETMESİ A.Ş. - Sorumluluk Beyanı (Konsolide),Sorumluluk Beyanı (Konsolide) BRMEN Sorumluluk Beyanı,https://www.kap.org.tr/tr/Bildirim/1611640,tr,2026-06-01T18:20:47+00:00
2026-06-01,BRMEN,KAP,BİRLİK MENSUCAT TİCARET VE SANAYİ İŞLETMESİ A.Ş. - Sermaye Artırımından Elde Edilecek - Edilen Fonun Kullanımına İlişkin Rapor,Sermaye Artırımından Elde Edilecek - Edilen Fonun Kullanımına İlişkin Rapor Sermaye Artırımından Elde Edilen Fonun Kullanımına İlişkin Rapor,https://www.kap.org.tr/tr/Bildirim/1611664,tr,2026-06-01T18:29:12+00:00
2026-06-01,BRSAN,KAP,BORUSAN BİRLEŞİK BORU FABRİKALARI SANAYİ VE TİCARET A.Ş. - Yeni İş İlişkisi,Yeni İş İlişkisi Amerika Birleşik Devletleri'nde Yeni Satış Siparişlerinin Alınması,https://www.kap.org.tr/tr/Bildirim/1611282,tr,2026-06-01T08:00:11+00:00
2026-06-01,BULGS,KAP,BULLS GİRİŞİM SERMAYESİ YATIRIM ORTAKLIĞI A.Ş. - Genel Kurul İşlemlerine İlişkin Bildirim,Genel Kurul İşlemlerine İlişkin Bildirim 2025 Yılı Olağan Genel Kurulunun Tescili,https://www.kap.org.tr/tr/Bildirim/1611608,tr,2026-06-01T18:00:14+00:00
2026-06-01,BULGS,KAP,BULLS GİRİŞİM SERMAYESİ YATIRIM ORTAKLIĞI A.Ş. - Bağımsız Denetim Kuruluşunun Belirlenmesi,Bağımsız Denetim Kuruluşunun Belirlenmesi 2026 Yılı Bağımsız Denetim Şirketi Seçiminin Tescili,https://www.kap.org.tr/tr/Bildirim/1611609,tr,2026-06-01T18:00:57+00:00
2026-06-01,CIMSA,KAP,ÇİMSA ÇİMENTO SANAYİ VE TİCARET A.Ş. - Özel Durum Açıklaması (Genel),Özel Durum Açıklaması (Genel) Genel Müdür Ataması hk.,https://www.kap.org.tr/tr/Bildirim/1611691,tr,2026-06-01T19:35:33+00:00
2026-06-01,CIMSA,KAP,ÇİMSA ÇİMENTO SANAYİ VE TİCARET A.Ş. - Özel Durum Açıklaması (Genel),Özel Durum Açıklaması (Genel) Yatırımcı İlişkileri Bölümü Yöneticisi Ataması hk.,https://www.kap.org.tr/tr/Bildirim/1611692,tr,2026-06-01T19:35:51+00:00
2026-06-01,CIMSA,KAP,ÇİMSA ÇİMENTO SANAYİ VE TİCARET A.Ş. - Şirket Genel Bilgi Formu,Şirket Genel Bilgi Formu,https://www.kap.org.tr/tr/Bildirim/1611693,tr,2026-06-01T19:36:07+00:00
2026-06-01,CIMSA,KAP,ÇİMSA ÇİMENTO SANAYİ VE TİCARET A.Ş. - Şirket Genel Bilgi Formu,Şirket Genel Bilgi Formu,https://www.kap.org.tr/tr/Bildirim/1611711,tr,2026-06-01T20:30:10+00:00
2026-06-01,CIMSA,KAP,ÇİMSA ÇİMENTO SANAYİ VE TİCARET A.Ş. - Kurumsal Yönetim Bilgi Formu (Güncelleme) - Yönetim Kurulu-1,Kurumsal Yönetim Bilgi Formu (Güncelleme) - Yönetim Kurulu-1 Yönetim Kurulu I Bilgi Formu Güncelleme,https://www.kap.org.tr/tr/Bildirim/1611712,tr,2026-06-01T20:30:20+00:00
2026-06-01,CIMSA,KAP,ÇİMSA ÇİMENTO SANAYİ VE TİCARET A.Ş. - Kurumsal Yönetim Bilgi Formu (Güncelleme) - Yönetim Kurulu-2,Kurumsal Yönetim Bilgi Formu (Güncelleme) - Yönetim Kurulu-2 Yönetim Kurulu II Bilgi Formu Güncelleme,https://www.kap.org.tr/tr/Bildirim/1611713,tr,2026-06-01T20:30:39+00:00
2026-06-01,CMSAN,KAP,ÇAMSAN ENTEGRE AĞAÇ SANAYİ VE TİCARET A.Ş. - Pay Dışında Sermaye Piyasası Aracı İşlemlerine İlişkin Bildirim (Faiz İçeren),Pay Dışında Sermaye Piyasası Aracı İşlemlerine İlişkin Bildirim (Faiz İçeren) Finansman Bonosu İtfası,https://www.kap.org.tr/tr/Bildirim/1611545,tr,2026-06-01T17:25:06+00:00
2026-06-01,CVKMD,KAP,CVK MADEN İŞLETMELERİ SANAYİ VE TİCARET A.Ş. - Özel Durum Açıklaması (Genel),Özel Durum Açıklaması (Genel) Yenipazar Polimetalik Maden İşletmesi Projesi Maden Tesisi Detay Mühendislik ve Tasarım İşleri Hizmet Sözleşmesi Hk.,https://www.kap.org.tr/tr/Bildirim/1611724,tr,2026-06-01T21:31:44+00:00
2026-06-01,DAPGM,KAP,DAP GAYRİMENKUL GELİŞTİRME A.Ş. - İhale Süreci / Sonucu,İhale Süreci / Sonucu İstanbul Ümraniye Tepeüstü Arsa Satışı Karşılığı Gelir Paylaşımı İşi,https://www.kap.org.tr/tr/Bildirim/1611390,tr,2026-06-01T12:57:17+00:00
2026-06-01,DCTTR,KAP,DCT TRADİNG DIŞ TİCARET A.Ş. - Pay Satış Bilgi Formu,Pay Satış Bilgi Formu Pay Satış Bilgi Formu SPK Başvurusu Hakkında,https://www.kap.org.tr/tr/Bildirim/1611677,tr,2026-06-01T18:50:38+00:00
2026-06-01,DESPC,KAP,DESPEC BİLGİSAYAR PAZARLAMA VE TİCARET A.Ş. - Özel Durum Açıklaması (Genel),Özel Durum Açıklaması (Genel) Ankara şube adres değişikliği hakkında,https://www.kap.org.tr/tr/Bildirim/1611366,tr,2026-06-01T11:39:44+00:00
2026-06-01,DNZEN,KAP,DENİZ EKO ENERJİ VE GERİ DÖNÜŞÜM A.Ş. - Pay Dışında Sermaye Piyasası Aracı İşlemlerine İlişkin Bildirim (Faiz İçeren),Pay Dışında Sermaye Piyasası Aracı İşlemlerine İlişkin Bildirim (Faiz İçeren) TRFDEKOK2628 Kodlu Finansman Bonosu İhracı,https://www.kap.org.tr/tr/Bildirim/1611422,tr,2026-06-01T15:13:53+00:00
2026-06-01,DOGVY,KAP,DOĞRU VARLIK YÖNETİM A.Ş. - Pay Dışında Sermaye Piyasası Aracı İşlemlerine İlişkin Bildirim (Faiz İçeren),Pay Dışında Sermaye Piyasası Aracı İşlemlerine İlişkin Bildirim (Faiz İçeren) TRFDGRV82617 ISIN Kodlu Finansman Bonosu Kupon Ödeme Bildirimi,https://www.kap.org.tr/tr/Bildirim/1611417,tr,2026-06-01T14:56:35+00:00
2026-06-01,DOHOL,KAP,DOĞAN ŞİRKETLER GRUBU HOLDİNG A.Ş. - Özel Durum Açıklaması (Genel),"Özel Durum Açıklaması (Genel) Bağlı Ortaklığımız Öncü GSYO'nun, Karel Elektronik'in Tahsisli Sermaye Artırımına İştiraki Hakkında (Güncelleme) KAREL",https://www.kap.org.tr/tr/Bildirim/1611703,tr,2026-06-01T20:04:46+00:00
2026-06-01,DUNYH,KAP,DÜNYA HOLDİNG A.Ş. - Genel Kurul İşlemlerine İlişkin Bildirim,Genel Kurul İşlemlerine İlişkin Bildirim 2025 Yılı Olağan Genel Kurulunun Tescili,https://www.kap.org.tr/tr/Bildirim/1611620,tr,2026-06-01T18:07:00+00:00
2026-06-01,DUNYH,KAP,DÜNYA HOLDİNG A.Ş. - Bağımsız Denetim Kuruluşunun Belirlenmesi,Bağımsız Denetim Kuruluşunun Belirlenmesi 2026 Yılı Bağımsız Denetim Şirketi Seçiminin Tescili,https://www.kap.org.tr/tr/Bildirim/1611623,tr,2026-06-01T18:08:05+00:00
2026-06-01,EBEBK,KAP,EBEBEK MAĞAZACILIK A.Ş. - Şirket Genel Bilgi Formu,Şirket Genel Bilgi Formu,https://www.kap.org.tr/tr/Bildirim/1611672,tr,2026-06-01T18:37:08+00:00
2026-06-01,EBEBK,KAP,EBEBEK MAĞAZACILIK A.Ş. - Özel Durum Açıklaması (Genel),Özel Durum Açıklaması (Genel) Mayıs 2026 Mağaza Sayısı,https://www.kap.org.tr/tr/Bildirim/1611674,tr,2026-06-01T18:38:06+00:00
2026-06-01,ECOGR,KAP,ECOGREEN ENERJİ HOLDİNG A.Ş. - Özel Durum Açıklaması (Genel),Özel Durum Açıklaması (Genel) Birleşme İşlemlerine İlişkin Bildirim,https://www.kap.org.tr/tr/Bildirim/1611676,tr,2026-06-01T18:47:45+00:00
2026-06-01,ECOGR,KAP,ECOGREEN ENERJİ HOLDİNG A.Ş. - Şirket Genel Bilgi Formu,Şirket Genel Bilgi Formu,https://www.kap.org.tr/tr/Bildirim/1611678,tr,2026-06-01T18:52:11+00:00
2026-06-01,EKGYO,KAP,EMLAK KONUT GAYRİMENKUL YATIRIM ORTAKLIĞI A.Ş. - Değerleme Raporu,Değerleme Raporu Hayat Flora Gayrimenkul Değerleme Raporu,https://www.kap.org.tr/tr/Bildirim/1611682,tr,2026-06-01T19:05:46+00:00
2026-06-01,EKGYO,KAP,EMLAK KONUT GAYRİMENKUL YATIRIM ORTAKLIĞI A.Ş. - Özel Durum Açıklaması (Genel),Özel Durum Açıklaması (Genel) İstanbul Hoşdere Emlak Konut Vadi Evleri 1. Etap Kesin Kabul,https://www.kap.org.tr/tr/Bildirim/1611683,tr,2026-06-01T19:06:06+00:00
2026-06-01,EKGYO,KAP,EMLAK KONUT GAYRİMENKUL YATIRIM ORTAKLIĞI A.Ş. - Özel Durum Açıklaması (Genel),Özel Durum Açıklaması (Genel) Kira Sertifikası (Sukuk) İhracı Satışının Tamamlanması,https://www.kap.org.tr/tr/Bildirim/1611684,tr,2026-06-01T19:07:26+00:00
2026-06-01,EKTVK,KAP,EMLAK KATILIM VARLIK KİRALAMA A.Ş. - Pay Dışında Sermaye Piyasası Aracı İşlemlerine İlişkin Bildirim (Faizsiz),Pay Dışında Sermaye Piyasası Aracı İşlemlerine İlişkin Bildirim (Faizsiz) TRDEVKSE2614 ISIN Kodlu Kira Sertifikası İhracının Nitelikli Yatırımcıya Satışının Tamamlanması Hk. EKT,https://www.kap.org.tr/tr/Bildirim/1611310,tr,2026-06-01T09:36:12+00:00
2026-06-01,EKTVK,KAP,EMLAK KATILIM VARLIK KİRALAMA A.Ş. - Pay Dışında Sermaye Piyasası Aracı İşlemlerine İlişkin Bildirim (Faizsiz),Pay Dışında Sermaye Piyasası Aracı İşlemlerine İlişkin Bildirim (Faizsiz) Şirketimiz Tarafından İhraç Edilmiş Olan TRDEVKS62612 ISIN Kodlu Kira Sertifikasının İtfası Hk. EKT,https://www.kap.org.tr/tr/Bildirim/1611530,tr,2026-06-01T17:23:31+00:00
2026-06-01,EMVAR,KAP,EMLAK VARLIK KİRALAMA A.Ş. - Pay Dışında Sermaye Piyasası Aracı İşlemlerine İlişkin Bildirim (Faizsiz),Pay Dışında Sermaye Piyasası Aracı İşlemlerine İlişkin Bildirim (Faizsiz) TRDEMVK62722 ISIN Kodlu Kira Sertifikası İhracının 4. Kupon Oranının Belirlenmesi Hk. GRFIN,https://www.kap.org.tr/tr/Bildirim/1611520,tr,2026-06-01T17:15:52+00:00
2026-06-01,EMVAR,KAP,EMLAK VARLIK KİRALAMA A.Ş. - Pay Dışında Sermaye Piyasası Aracı İşlemlerine İlişkin Bildirim (Faizsiz),Pay Dışında Sermaye Piyasası Aracı İşlemlerine İlişkin Bildirim (Faizsiz) TRDEMVK62714 ISIN Kodlu Kira Sertifikası İhracının 4. Kupon Oranının Belirlenmesi Hk. GRFIN,https://www.kap.org.tr/tr/Bildirim/1611521,tr,2026-06-01T17:16:39+00:00
2026-06-01,EMVAR,KAP,EMLAK VARLIK KİRALAMA A.Ş. - Pay Dışında Sermaye Piyasası Aracı İşlemlerine İlişkin Bildirim (Faizsiz),Pay Dışında Sermaye Piyasası Aracı İşlemlerine İlişkin Bildirim (Faizsiz) TRDEMVK32717 ISIN Kodlu Kira Sertifikasının 9. Dönemsel Getiri Ödemesi Hk. GRFIN,https://www.kap.org.tr/tr/Bildirim/1611529,tr,2026-06-01T17:22:31+00:00
2026-06-01,ETYAT,KAP,EURO TREND YATIRIM ORTAKLIĞI A.Ş. - Özel Durum Açıklaması (Genel),"Özel Durum Açıklaması (Genel) BİAŞ'da oluşan ağırlıklı ortalama fiyatın,pay başına net aktif değerin 2 katını aşması",https://www.kap.org.tr/tr/Bildirim/1611487,tr,2026-06-01T16:48:06+00:00
2026-06-01,ETYAT,KAP,EURO TREND YATIRIM ORTAKLIĞI A.Ş. - Haftalık Rapor,Haftalık Rapor 26.05.2026 Tarihli Kağıt Bazlı Haftalık Rapor,https://www.kap.org.tr/tr/Bildirim/1611488,tr,2026-06-01T16:48:17+00:00
2026-06-01,EUKYO,KAP,EURO KAPİTAL YATIRIM ORTAKLIĞI A.Ş. - Özel Durum Açıklaması (Genel),"Özel Durum Açıklaması (Genel) BİAŞ'da oluşan ağırlıklı ortalama fiyatın,pay başına net aktif değerin 2 katını aşması",https://www.kap.org.tr/tr/Bildirim/1611491,tr,2026-06-01T16:50:59+00:00
2026-06-01,EUKYO,KAP,EURO KAPİTAL YATIRIM ORTAKLIĞI A.Ş. - Haftalık Rapor,Haftalık Rapor 26.05.2026 Tarihli Kağıt Bazlı Haftalık Rapor,https://www.kap.org.tr/tr/Bildirim/1611492,tr,2026-06-01T16:51:09+00:00
2026-06-01,EUYO,KAP,EURO MENKUL KIYMET YATIRIM ORTAKLIĞI A.Ş. - Özel Durum Açıklaması (Genel),"Özel Durum Açıklaması (Genel) BİAŞ'da oluşan ağırlıklı ortalama fiyatın,pay başına net aktif değerin 2 katını aşması",https://www.kap.org.tr/tr/Bildirim/1611485,tr,2026-06-01T16:46:27+00:00
2026-06-01,EUYO,KAP,EURO MENKUL KIYMET YATIRIM ORTAKLIĞI A.Ş. - Haftalık Rapor,Haftalık Rapor 26.05.2026 Tarihli Kağıt Bazlı Haftalık Rapor,https://www.kap.org.tr/tr/Bildirim/1611486,tr,2026-06-01T16:46:38+00:00
2026-06-01,EXIMB,KAP,TÜRKİYE İHRACAT KREDİ BANKASI A.Ş. - Pay Dışında Sermaye Piyasası Aracı İşlemlerine İlişkin Bildirim (Faiz İçeren),Pay Dışında Sermaye Piyasası Aracı İşlemlerine İlişkin Bildirim (Faiz İçeren) GMTN programı çerçevesinde yurt dışında borçlanma aracı ihracı,https://www.kap.org.tr/tr/Bildirim/1611497,tr,2026-06-01T16:55:08+00:00
2026-06-01,FADE,KAP,FADE GIDA YATIRIM SANAYİ TİCARET A.Ş. - Şirket Genel Bilgi Formu,Şirket Genel Bilgi Formu,https://www.kap.org.tr/tr/Bildirim/1611523,tr,2026-06-01T17:17:30+00:00
2026-06-01,FIN,KAP,QNB BANK A.Ş. - Özel Durum Açıklaması (Genel),Özel Durum Açıklaması (Genel) Takipteki Kredi Portföyünden Satış,https://www.kap.org.tr/tr/Bildirim/1611339,tr,2026-06-01T10:22:47+00:00
2026-06-01,FIN,KAP,QNB BANK A.Ş. - Pay Dışında Sermaye Piyasası Aracı İşlemlerine İlişkin Bildirim (Faiz İçeren),Pay Dışında Sermaye Piyasası Aracı İşlemlerine İlişkin Bildirim (Faiz İçeren) MTN programı kapsamında yurtdışında ihraç edilen borçlanma aracının ihracı,https://www.kap.org.tr/tr/Bildirim/1611429,tr,2026-06-01T15:23:27+00:00
2026-06-01,FORTE,KAP,FORTE BİLGİ İLETİŞİM TEKNOLOJİLERİ VE SAVUNMA SANAYİ A.Ş. - Yeni İş İlişkisi,Yeni İş İlişkisi T.C. Milli Eğitim Bakanlığı İhale Sonucu,https://www.kap.org.tr/tr/Bildirim/1611370,tr,2026-06-01T11:43:26+00:00
2026-06-01,GRNYO,KAP,GARANTİ YATIRIM ORTAKLIĞI A.Ş. - Haftalık Rapor,Haftalık Rapor 26.05.2026 tarihli haftalık rapordur.,https://www.kap.org.tr/tr/Bildirim/1611358,tr,2026-06-01T11:20:54+00:00
2026-06-01,GRNYO,KAP,GARANTİ YATIRIM ORTAKLIĞI A.Ş. - Özel Durum Açıklaması (Genel),"Özel Durum Açıklaması (Genel) Paylarının BİAŞ'ta oluşan ağırlıklı ortalama fiyatının, pay başına net aktif değerinin 2 katını aşması hakkında.",https://www.kap.org.tr/tr/Bildirim/1611359,tr,2026-06-01T11:21:05+00:00
2026-06-01,GRNYO,KAP,GARANTİ YATIRIM ORTAKLIĞI A.Ş. - Özel Durum Açıklaması (Genel),Özel Durum Açıklaması (Genel) Rota Portföy Yönetimi A.Ş.ile Portföy Yönetim Sözleşmesi Düzenlenmesi,https://www.kap.org.tr/tr/Bildirim/1611431,tr,2026-06-01T15:34:33+00:00
2026-06-01,GUNDG,KAP,GÜNDOĞDU GIDA SÜT ÜRÜNLERİ SANAYİ VE DIŞ TİCARET A.Ş. - Özel Durum Açıklaması (Genel),Özel Durum Açıklaması (Genel) Yatırımcı İlişkileri Bölüm Yöneticisi Ataması,https://www.kap.org.tr/tr/Bildirim/1611341,tr,2026-06-01T10:40:43+00:00
2026-06-01,GUNDG,KAP,GÜNDOĞDU GIDA SÜT ÜRÜNLERİ SANAYİ VE DIŞ TİCARET A.Ş. - Kurumsal Yönetim Bilgi Formu (Güncelleme) - Yönetim Kurulu-2,Kurumsal Yönetim Bilgi Formu (Güncelleme) - Yönetim Kurulu-2 Güncelleme,https://www.kap.org.tr/tr/Bildirim/1611342,tr,2026-06-01T10:41:08+00:00
2026-06-01,GUNDG,KAP,GÜNDOĞDU GIDA SÜT ÜRÜNLERİ SANAYİ VE DIŞ TİCARET A.Ş. - Şirket Genel Bilgi Formu,Şirket Genel Bilgi Formu,https://www.kap.org.tr/tr/Bildirim/1611344,tr,2026-06-01T10:41:57+00:00
2026-06-01,GUNDG,KAP,GÜNDOĞDU GIDA SÜT ÜRÜNLERİ SANAYİ VE DIŞ TİCARET A.Ş. - Esas Sözleşme Tadili,Esas Sözleşme Tadili Yatırımlar Holding Yapısına Dönüşüm Amacıyla Esas Sözleşme Tadiline İlişkin SPK Başvurusu,https://www.kap.org.tr/tr/Bildirim/1611714,tr,2026-06-01T20:40:31+00:00
2026-06-01,HEDEF,KAP,HEDEF HOLDİNG A.Ş. - Sermaye Artırımı - Azaltımı İşlemlerine İlişkin Bildirim,Sermaye Artırımı - Azaltımı İşlemlerine İlişkin Bildirim Bedelsiz Sermaye Artırımı Kapsamında Payların Dağıtım Tarihine İlişkin Bildirim Hk.,https://www.kap.org.tr/tr/Bildirim/1611434,tr,2026-06-01T15:43:02+00:00
2026-06-01,HLVKS,KAP,HALK VARLIK KİRALAMA A.Ş. - Pay Dışında Sermaye Piyasası Aracı İşlemlerine İlişkin Bildirim (Faizsiz),Pay Dışında Sermaye Piyasası Aracı İşlemlerine İlişkin Bildirim (Faizsiz) TRDHVKA32715 ISIN Kodlu Kira Sertifikası İhracının 1. Kupon Oranının Belirlenmesi Hk. HALKF,https://www.kap.org.tr/tr/Bildirim/1611631,tr,2026-06-01T18:16:06+00:00
2026-06-01,IMASM,KAP,İMAŞ MAKİNA SANAYİ A.Ş. - Sermaye Artırımı - Azaltımı İşlemlerine İlişkin Bildirim,Sermaye Artırımı - Azaltımı İşlemlerine İlişkin Bildirim Sermaye Artırımına İlişkin SPK Başvurusu Hk.,https://www.kap.org.tr/tr/Bildirim/1611655,tr,2026-06-01T18:23:18+00:00
2026-06-01,IMASM,KAP,İMAŞ MAKİNA SANAYİ A.Ş. - İzahname (SPK Onayına Sunulan),İzahname (SPK Onayına Sunulan) Sermaye Artırımı Başvurusu Kapsamında SPK Onayına Sunulan Taslak İzahname,https://www.kap.org.tr/tr/Bildirim/1611658,tr,2026-06-01T18:26:44+00:00
2026-06-01,IMASM,KAP,İMAŞ MAKİNA SANAYİ A.Ş. - Sermaye Artırımından Elde Edilecek - Edilen Fonun Kullanımına İlişkin Rapor,Sermaye Artırımından Elde Edilecek - Edilen Fonun Kullanımına İlişkin Rapor Sermaye Artırımından Elde Edilecek Fonun Kullanımına İlişkin Rapor,https://www.kap.org.tr/tr/Bildirim/1611659,tr,2026-06-01T18:27:18+00:00
2026-06-01,INDES,KAP,İNDEKS BİLGİSAYAR SİSTEMLERİ MÜHENDİSLİK SANAYİ VE TİCARET A.Ş. - Özel Durum Açıklaması (Genel),Özel Durum Açıklaması (Genel) Ankara şube adres değişikliği hakkında,https://www.kap.org.tr/tr/Bildirim/1611354,tr,2026-06-01T11:07:37+00:00
2026-06-01,INFO,KAP,İNFO YATIRIM MENKUL DEĞERLER A.Ş. - Yatırım Kuruluşu Varant - Sertifika - Senetlerine İlişkin Bildirim,Yatırım Kuruluşu Varant - Sertifika - Senetlerine İlişkin Bildirim İnfo Yatırım Varantları Piyasa Yapıcı Alım Satım İşlemleri Bildirimi,https://www.kap.org.tr/tr/Bildirim/1611406,tr,2026-06-01T14:26:03+00:00
2026-06-01,INFO,KAP,İNFO YATIRIM MENKUL DEĞERLER A.Ş. - Yatırım Kuruluşu Varant - Sertifika - Senetlerine İlişkin Bildirim,Yatırım Kuruluşu Varant - Sertifika - Senetlerine İlişkin Bildirim 26.05.2026 Vadeli Varantların İtfası,https://www.kap.org.tr/tr/Bildirim/1611506,tr,2026-06-01T17:08:31+00:00
2026-06-01,ISFIN,KAP,İŞ FİNANSAL KİRALAMA A.Ş. - Kredi Derecelendirmesi,Kredi Derecelendirmesi Kredi Derecelendirme Notu Hakkında,https://www.kap.org.tr/tr/Bildirim/1611598,tr,2026-06-01T17:55:37+00:00
2026-06-01,ISMEN,KAP,İŞ YATIRIM MENKUL DEĞERLER A.Ş. - Yatırım Kuruluşu Varant - Sertifika - Senetlerine İlişkin Bildirim,Yatırım Kuruluşu Varant - Sertifika - Senetlerine İlişkin Bildirim İş Yatırım Aracı Kuruluş Varantlarının İtfa Bildirimi,https://www.kap.org.tr/tr/Bildirim/1611355,tr,2026-06-01T11:08:28+00:00
2026-06-01,ISMEN,KAP,İŞ YATIRIM MENKUL DEĞERLER A.Ş. - Piyasa Yapıcılığı Kapsamında Gerçekleştirilen İşlemler Bildirimi,Piyasa Yapıcılığı Kapsamında Gerçekleştirilen İşlemler Bildirimi Borsa Yatırım Fonu Piyasa Yapıcılığı İşlemleri ISGLK,https://www.kap.org.tr/tr/Bildirim/1611546,tr,2026-06-01T17:25:11+00:00
2026-06-01,ISMEN,KAP,İŞ YATIRIM MENKUL DEĞERLER A.Ş. - Yatırım Kuruluşu Varant - Sertifika - Senetlerine İlişkin Bildirim,Yatırım Kuruluşu Varant - Sertifika - Senetlerine İlişkin Bildirim İş Yatırım Sertifika ve Varant Alım Satım İşlemleri,https://www.kap.org.tr/tr/Bildirim/1611605,tr,2026-06-01T17:57:49+00:00
2026-06-01,ISMEN,KAP,İŞ YATIRIM MENKUL DEĞERLER A.Ş. - Pay Dışında Sermaye Piyasası Aracı İşlemlerine İlişkin Bildirim (Faiz İçeren),Pay Dışında Sermaye Piyasası Aracı İşlemlerine İlişkin Bildirim (Faiz İçeren) 01.06.2026 Vadeli Borçlanma Aracının İtfası,https://www.kap.org.tr/tr/Bildirim/1611607,tr,2026-06-01T17:58:35+00:00
2026-06-01,ISMEN,KAP,İŞ YATIRIM MENKUL DEĞERLER A.Ş. - Pay Dışında Sermaye Piyasası Aracı İşlemlerine İlişkin Bildirim (Faiz İçeren),Pay Dışında Sermaye Piyasası Aracı İşlemlerine İlişkin Bildirim (Faiz İçeren) 01.06.2026 Vadeli Borçlanma Aracının İtfası,https://www.kap.org.tr/tr/Bildirim/1611619,tr,2026-06-01T18:06:56+00:00
2026-06-01,ISYAT,KAP,İŞ YATIRIM ORTAKLIĞI A.Ş. - Haftalık Rapor,Haftalık Rapor 26.05.2026 Tarihli Haftalık Rapor,https://www.kap.org.tr/tr/Bildirim/1611590,tr,2026-06-01T17:44:33+00:00
2026-06-01,IYF,KAP,İNFO YATIRIM MENKUL DEĞERLER A.Ş. - Yatırım Kuruluşu Varant - Sertifika - Senetlerine İlişkin Bildirim,Yatırım Kuruluşu Varant - Sertifika - Senetlerine İlişkin Bildirim İnfo Yatırım Varantları Piyasa Yapıcı Alım Satım İşlemleri Bildirimi,https://www.kap.org.tr/tr/Bildirim/1611406,tr,2026-06-01T14:26:03+00:00
2026-06-01,IYF,KAP,İNFO YATIRIM MENKUL DEĞERLER A.Ş. - Yatırım Kuruluşu Varant - Sertifika - Senetlerine İlişkin Bildirim,Yatırım Kuruluşu Varant - Sertifika - Senetlerine İlişkin Bildirim 26.05.2026 Vadeli Varantların İtfası,https://www.kap.org.tr/tr/Bildirim/1611506,tr,2026-06-01T17:08:31+00:00
2026-06-01,IYM,KAP,İŞ YATIRIM MENKUL DEĞERLER A.Ş. - Yatırım Kuruluşu Varant - Sertifika - Senetlerine İlişkin Bildirim,Yatırım Kuruluşu Varant - Sertifika - Senetlerine İlişkin Bildirim İş Yatırım Aracı Kuruluş Varantlarının İtfa Bildirimi,https://www.kap.org.tr/tr/Bildirim/1611355,tr,2026-06-01T11:08:28+00:00
2026-06-01,IYM,KAP,İŞ YATIRIM MENKUL DEĞERLER A.Ş. - Piyasa Yapıcılığı Kapsamında Gerçekleştirilen İşlemler Bildirimi,Piyasa Yapıcılığı Kapsamında Gerçekleştirilen İşlemler Bildirimi Borsa Yatırım Fonu Piyasa Yapıcılığı İşlemleri ISGLK,https://www.kap.org.tr/tr/Bildirim/1611546,tr,2026-06-01T17:25:11+00:00
2026-06-01,IYM,KAP,İŞ YATIRIM MENKUL DEĞERLER A.Ş. - Yatırım Kuruluşu Varant - Sertifika - Senetlerine İlişkin Bildirim,Yatırım Kuruluşu Varant - Sertifika - Senetlerine İlişkin Bildirim İş Yatırım Sertifika ve Varant Alım Satım İşlemleri,https://www.kap.org.tr/tr/Bildirim/1611605,tr,2026-06-01T17:57:49+00:00
2026-06-01,IYM,KAP,İŞ YATIRIM MENKUL DEĞERLER A.Ş. - Pay Dışında Sermaye Piyasası Aracı İşlemlerine İlişkin Bildirim (Faiz İçeren),Pay Dışında Sermaye Piyasası Aracı İşlemlerine İlişkin Bildirim (Faiz İçeren) 01.06.2026 Vadeli Borçlanma Aracının İtfası,https://www.kap.org.tr/tr/Bildirim/1611607,tr,2026-06-01T17:58:35+00:00
2026-06-01,IYM,KAP,İŞ YATIRIM MENKUL DEĞERLER A.Ş. - Pay Dışında Sermaye Piyasası Aracı İşlemlerine İlişkin Bildirim (Faiz İçeren),Pay Dışında Sermaye Piyasası Aracı İşlemlerine İlişkin Bildirim (Faiz İçeren) 01.06.2026 Vadeli Borçlanma Aracının İtfası,https://www.kap.org.tr/tr/Bildirim/1611619,tr,2026-06-01T18:06:56+00:00
2026-06-01,KAREL,KAP,KAREL ELEKTRONİK SANAYİ VE TİCARET A.Ş. - Sermaye Artırımından Elde Edilecek - Edilen Fonun Kullanımına İlişkin Rapor,Sermaye Artırımından Elde Edilecek - Edilen Fonun Kullanımına İlişkin Rapor Tahsisli Sermaye Artırımından Sağlanacak Fonların Kullanım Yeri Raporu,https://www.kap.org.tr/tr/Bildirim/1611686,tr,2026-06-01T19:26:48+00:00
2026-06-01,KAYSE,KAP,KAYSERİ ŞEKER FABRİKASI A.Ş. - Özel Durum Açıklaması (Genel),Özel Durum Açıklaması (Genel) Yönetici Sorumluluk Sigortası,https://www.kap.org.tr/tr/Bildirim/1611517,tr,2026-06-01T17:14:27+00:00
2026-06-01,KCAER,KAP,KOCAER ÇELİK SANAYİ VE TİCARET A.Ş. - Özel Durum Açıklaması (Genel),Özel Durum Açıklaması (Genel) Genel Müdür Atama,https://www.kap.org.tr/tr/Bildirim/1611283,tr,2026-06-01T08:44:04+00:00
2026-06-01,KCAER,KAP,KOCAER ÇELİK SANAYİ VE TİCARET A.Ş. - Şirket Genel Bilgi Formu,Şirket Genel Bilgi Formu,https://www.kap.org.tr/tr/Bildirim/1611285,tr,2026-06-01T08:59:25+00:00
2026-06-01,KIMMR,KAP,ERSAN ALIŞVERİŞ HİZMETLERİ VE GIDA SANAYİ TİCARET A.Ş. - Esas Sözleşme,Esas Sözleşme Esas Sözleşmenin Güncel Hali,https://www.kap.org.tr/tr/Bildirim/1611281,tr,2026-06-01T00:38:13+00:00
2026-06-01,KLGYO,KAP,KİLER GAYRİMENKUL YATIRIM ORTAKLIĞI A.Ş. - Esas Sözleşme,Esas Sözleşme Esas Sözleşme,https://www.kap.org.tr/tr/Bildirim/1611705,tr,2026-06-01T20:08:37+00:00
2026-06-01,KMPUR,KAP,KİMTEKS POLİÜRETAN SANAYİ VE TİCARET A.Ş. - Kurumsal Yönetim İlkelerine Uyum Derecelendirmesi,Kurumsal Yönetim İlkelerine Uyum Derecelendirmesi Kurumsal Yönetim İlkelerine Uyum Derecelendirme Sözleşmesinin Yenilenmesi,https://www.kap.org.tr/tr/Bildirim/1611360,tr,2026-06-01T11:22:39+00:00
2026-06-01,KNTFA,KAP,KENT FİNANS FAKTORİNG A.Ş. - Pay Dışında Sermaye Piyasası Aracı İşlemlerine İlişkin Bildirim (Faiz İçeren),Pay Dışında Sermaye Piyasası Aracı İşlemlerine İlişkin Bildirim (Faiz İçeren) Kupon Faiz Oranının Belirlenmesi Hk.,https://www.kap.org.tr/tr/Bildirim/1611551,tr,2026-06-01T17:30:05+00:00
2026-06-01,KONKA,KAP,KONYA KAĞIT SANAYİ VE TİCARET A.Ş. - Genel Kurul İşlemlerine İlişkin Bildirim,Genel Kurul İşlemlerine İlişkin Bildirim 2025 Yılı Olağan Genel Kurul Kararlarının Tescili Hakkında,https://www.kap.org.tr/tr/Bildirim/1611515,tr,2026-06-01T17:13:07+00:00
2026-06-01,KONKA,KAP,KONYA KAĞIT SANAYİ VE TİCARET A.Ş. - Kayıtlı Sermaye Tavanı İşlemlerine İlişkin Bildirim,Kayıtlı Sermaye Tavanı İşlemlerine İlişkin Bildirim Kayıtlı Sermaye Tavan Artırımı ve Geçerlilik Süresine İlişkin Genel Kurul Kararının Tescili Hakkında,https://www.kap.org.tr/tr/Bildirim/1611553,tr,2026-06-01T17:34:02+00:00
2026-06-01,KONKA,KAP,KONYA KAĞIT SANAYİ VE TİCARET A.Ş. - Sermaye Artırımı - Azaltımı İşlemlerine İlişkin Bildirim,Sermaye Artırımı - Azaltımı İşlemlerine İlişkin Bildirim Bedelsiz Sermaye Artırımına İlişkin Esas Sözleşme Tescili,https://www.kap.org.tr/tr/Bildirim/1611555,tr,2026-06-01T17:34:58+00:00
2026-06-01,KONKA,KAP,KONYA KAĞIT SANAYİ VE TİCARET A.Ş. - Kar Payı Dağıtım İşlemlerine İlişkin Bildirim,Kar Payı Dağıtım İşlemlerine İlişkin Bildirim 2025 Yılı Kar Payı Dağıtım Kararının Tescili Hakkında,https://www.kap.org.tr/tr/Bildirim/1611556,tr,2026-06-01T17:35:31+00:00
2026-06-01,KONKA,KAP,KONYA KAĞIT SANAYİ VE TİCARET A.Ş. - Bağımsız Denetim Kuruluşunun Belirlenmesi,Bağımsız Denetim Kuruluşunun Belirlenmesi 01.01.2026 - 31.12.2026 Hesap Dönemi Bağımsız Denetim Kuruluşu Seçiminin Tescili,https://www.kap.org.tr/tr/Bildirim/1611563,tr,2026-06-01T17:36:26+00:00
2026-06-01,KOTON,KAP,KOTON MAĞAZACILIK TEKSTİL SANAYİ VE TİCARET A.Ş. - Bağımsız Denetim Kuruluşunun Belirlenmesi,Bağımsız Denetim Kuruluşunun Belirlenmesi Bağımsız Denetim Kuruluşunun Belirlenmesi,https://www.kap.org.tr/tr/Bildirim/1611432,tr,2026-06-01T15:39:19+00:00
2026-06-01,KTLEV,KAP,KATILIMEVİM TASARRUF FİNANSMAN A.Ş. - Özel Durum Açıklaması (Genel),Özel Durum Açıklaması (Genel) Mayıs 2026 Aylık Gerçekleşen Sözleşme Büyüklüğü,https://www.kap.org.tr/tr/Bildirim/1611347,tr,2026-06-01T10:45:10+00:00
2026-06-01,KTLEV,KAP,KATILIMEVİM TASARRUF FİNANSMAN A.Ş. - Özel Durum Açıklaması (Genel),Özel Durum Açıklaması (Genel) Karaman Şube Açılışı Hk.,https://www.kap.org.tr/tr/Bildirim/1611552,tr,2026-06-01T17:30:31+00:00
2026-06-01,KTSVK,KAP,KT SUKUK VARLIK KİRALAMA A.Ş. - Pay Dışında Sermaye Piyasası Aracı İşlemlerine İlişkin Bildirim (Faizsiz),Pay Dışında Sermaye Piyasası Aracı İşlemlerine İlişkin Bildirim (Faizsiz) TRDKTSK52663 ISIN Kodlu Kira Sertifikası İtfa ve Kupon Ödemesi Hk.,https://www.kap.org.tr/tr/Bildirim/1611420,tr,2026-06-01T15:11:30+00:00
2026-06-01,KTSVK,KAP,KT SUKUK VARLIK KİRALAMA A.Ş. - Pay Dışında Sermaye Piyasası Aracı İşlemlerine İlişkin Bildirim (Faizsiz),Pay Dışında Sermaye Piyasası Aracı İşlemlerine İlişkin Bildirim (Faizsiz) TRDKTSK52655 ISIN Kodlu Kira Sertifikası İtfa ve Kupon Ödemesi Hk.,https://www.kap.org.tr/tr/Bildirim/1611421,tr,2026-06-01T15:11:55+00:00
2026-06-01,LIDER,KAP,LDR TURİZM A.Ş. - Payların Geri Alınmasına İlişkin Bildirim,Payların Geri Alınmasına İlişkin Bildirim Payların Geri Alınmasına İlişkin Bildirim,https://www.kap.org.tr/tr/Bildirim/1611688,tr,2026-06-01T19:32:20+00:00
2026-06-01,MEDTR,KAP,MEDİTERA TIBBİ MALZEME SANAYİ VE TİCARET A.Ş. - İhale Süreci / Sonucu,İhale Süreci / Sonucu Tepecik Eğitim ve Araştırma Hastanesi İhalesi Hakkında,https://www.kap.org.tr/tr/Bildirim/1611416,tr,2026-06-01T14:55:41+00:00
2026-06-01,MEPET,KAP,MEPET METRO PETROL VE TESİSLERİ SANAYİ TİCARET A.Ş. - Sürdürülebilirlik Raporu,Sürdürülebilirlik Raporu 2024 Yılı TSRS Uyumlu Sürdürülebilirlik Raporu,https://www.kap.org.tr/tr/Bildirim/1611624,tr,2026-06-01T18:10:03+00:00
2026-06-01,MEPET,KAP,MEPET METRO PETROL VE TESİSLERİ SANAYİ TİCARET A.Ş. - Finansal Rapor,Finansal Rapor,https://www.kap.org.tr/tr/Bildirim/1611625,tr,2026-06-01T18:11:12+00:00
2026-06-01,MEPET,KAP,MEPET METRO PETROL VE TESİSLERİ SANAYİ TİCARET A.Ş. - Faaliyet Raporu (Konsolide),Faaliyet Raporu (Konsolide) Faaliyet Raporu,https://www.kap.org.tr/tr/Bildirim/1611627,tr,2026-06-01T18:11:37+00:00
2026-06-01,MEPET,KAP,MEPET METRO PETROL VE TESİSLERİ SANAYİ TİCARET A.Ş. - Sorumluluk Beyanı (Konsolide),Sorumluluk Beyanı (Konsolide) Sorumluluk Beyanı,https://www.kap.org.tr/tr/Bildirim/1611629,tr,2026-06-01T18:11:55+00:00
2026-06-01,MERCN,KAP,MERCAN KİMYA SANAYİ VE TİCARET A.Ş. - Genel Kurul İşlemlerine İlişkin Bildirim,Genel Kurul İşlemlerine İlişkin Bildirim Genel Kurul İşlemlerine İlişkin Tescil Bildirimi,https://www.kap.org.tr/tr/Bildirim/1611635,tr,2026-06-01T18:17:49+00:00
2026-06-01,MERCN,KAP,MERCAN KİMYA SANAYİ VE TİCARET A.Ş. - Bağımsız Denetim Kuruluşunun Belirlenmesi,Bağımsız Denetim Kuruluşunun Belirlenmesi Bağımsız Denetim Kuruluşunun Belirlenmesi,https://www.kap.org.tr/tr/Bildirim/1611636,tr,2026-06-01T18:17:58+00:00
2026-06-01,MIATK,KAP,MİA TEKNOLOJİ A.Ş. - Geri Alınan Payların Elden Çıkarılması,Geri Alınan Payların Elden Çıkarılması Geri alınan payların elden çıkarılması hk.,https://www.kap.org.tr/tr/Bildirim/1611675,tr,2026-06-01T18:46:32+00:00
2026-06-01,MINTF,KAP,MİNT FİNANSMAN A.Ş. - Pay Dışında Sermaye Piyasası Aracı İşlemlerine İlişkin Bildirim (Faiz İçeren),Pay Dışında Sermaye Piyasası Aracı İşlemlerine İlişkin Bildirim (Faiz İçeren) TRFMINTA2619 ISIN Kodlu Kıymetin 2. Kupon Oranının Belirlenmesi,https://www.kap.org.tr/tr/Bildirim/1611587,tr,2026-06-01T17:42:13+00:00
2026-06-01,MMCAS,KAP,MMC SANAYİ VE TİCARİ YATIRIMLAR A.Ş. - Genel Kurul İşlemlerine İlişkin Bildirim,Genel Kurul İşlemlerine İlişkin Bildirim Şirketimizin 2025 yılı Olağan Genel Kurul Toplantısının tescili hakkında,https://www.kap.org.tr/tr/Bildirim/1611628,tr,2026-06-01T18:11:51+00:00
2026-06-01,MMCAS,KAP,MMC SANAYİ VE TİCARİ YATIRIMLAR A.Ş. - Bağımsız Denetim Kuruluşunun Belirlenmesi,Bağımsız Denetim Kuruluşunun Belirlenmesi Bağımsız Denetim Kuruluşu seçiminin tescili ve TTSG'de ilanı,https://www.kap.org.tr/tr/Bildirim/1611630,tr,2026-06-01T18:12:04+00:00
2026-06-01,MRBAS,KAP,MARBAŞ MENKUL DEĞERLER A.Ş. - Likidite Sağlayıcılık Kapsamındaki İşlemler,Likidite Sağlayıcılık Kapsamındaki İşlemler ÖZSU BALIK ÜRETİM A.Ş. (OZSUB) Paylarında Likidite Sağlayıcılık Kapsamında Gerçekleştirilen İşlemler OZSUB,https://www.kap.org.tr/tr/Bildirim/1611376,tr,2026-06-01T11:54:15+00:00
2026-06-01,MRBAS,KAP,MARBAŞ MENKUL DEĞERLER A.Ş. - Likidite Sağlayıcılık Kapsamındaki İşlemler,Likidite Sağlayıcılık Kapsamındaki İşlemler DCT TRADİNG DIŞ TİCARET A.Ş. Paylarında Likidite Sağlayıcılık Kapsamında Gerçekleştirilen İşlemler DCTTR,https://www.kap.org.tr/tr/Bildirim/1611378,tr,2026-06-01T11:54:38+00:00
2026-06-01,MRGYO,KAP,MARTI GAYRİMENKUL YATIRIM ORTAKLIĞI A.Ş. - Finansal Rapor,Finansal Rapor,https://www.kap.org.tr/tr/Bildirim/1611725,tr,2026-06-01T21:44:07+00:00
2026-06-01,MRGYO,KAP,MARTI GAYRİMENKUL YATIRIM ORTAKLIĞI A.Ş. - Faaliyet Raporu (Konsolide Olmayan),Faaliyet Raporu (Konsolide Olmayan) Şirketimizin 01.04.2025-31.03.2026 Özel Hesap Dönemi Faaliyet Raporu,https://www.kap.org.tr/tr/Bildirim/1611726,tr,2026-06-01T21:44:25+00:00
2026-06-01,MRGYO,KAP,MARTI GAYRİMENKUL YATIRIM ORTAKLIĞI A.Ş. - Sorumluluk Beyanı (Konsolide Olmayan),Sorumluluk Beyanı (Konsolide Olmayan) 01.04.2025-31.03.2026 Özel Hesap Dönemi Sorumluluk Beyanı,https://www.kap.org.tr/tr/Bildirim/1611727,tr,2026-06-01T21:44:50+00:00
2026-06-01,MRS,KAP,MARBAŞ MENKUL DEĞERLER A.Ş. - Likidite Sağlayıcılık Kapsamındaki İşlemler,Likidite Sağlayıcılık Kapsamındaki İşlemler ÖZSU BALIK ÜRETİM A.Ş. (OZSUB) Paylarında Likidite Sağlayıcılık Kapsamında Gerçekleştirilen İşlemler OZSUB,https://www.kap.org.tr/tr/Bildirim/1611376,tr,2026-06-01T11:54:15+00:00
2026-06-01,MRS,KAP,MARBAŞ MENKUL DEĞERLER A.Ş. - Likidite Sağlayıcılık Kapsamındaki İşlemler,Likidite Sağlayıcılık Kapsamındaki İşlemler DCT TRADİNG DIŞ TİCARET A.Ş. Paylarında Likidite Sağlayıcılık Kapsamında Gerçekleştirilen İşlemler DCTTR,https://www.kap.org.tr/tr/Bildirim/1611378,tr,2026-06-01T11:54:38+00:00
2026-06-01,MTRYO,KAP,METRO YATIRIM ORTAKLIĞI A.Ş. - Haftalık Rapor,Haftalık Rapor Haftalık Rapor,https://www.kap.org.tr/tr/Bildirim/1611369,tr,2026-06-01T11:42:31+00:00
2026-06-01,MTRYO,KAP,METRO YATIRIM ORTAKLIĞI A.Ş. - Özel Durum Açıklaması (Genel),Özel Durum Açıklaması (Genel) Portföy Yönetim Sözleşmesi İmzalanması hakkında,https://www.kap.org.tr/tr/Bildirim/1611656,tr,2026-06-01T18:23:37+00:00
2026-06-01,NUHCM,KAP,NUH ÇİMENTO SANAYİ A.Ş. - Kurumsal Yönetim Bilgi Formu (Güncelleme) - Yönetim Kurulu-2,Kurumsal Yönetim Bilgi Formu (Güncelleme) - Yönetim Kurulu-2 Yönetim Kurulu Komite Üyelerinin Güncellenmesi,https://www.kap.org.tr/tr/Bildirim/1611405,tr,2026-06-01T14:17:10+00:00
2026-06-01,ONRYT,KAP,ONUR YÜKSEK TEKNOLOJİ A.Ş. - Genel Kurul İşlemlerine İlişkin Bildirim,Genel Kurul İşlemlerine İlişkin Bildirim 2025 Yılı Olağan Genel Kurul Toplantı Sonucu,https://www.kap.org.tr/tr/Bildirim/1611681,tr,2026-06-01T19:04:31+00:00
2026-06-01,ONRYT,KAP,ONUR YÜKSEK TEKNOLOJİ A.Ş. - Kar Payı Dağıtım İşlemlerine İlişkin Bildirim,Kar Payı Dağıtım İşlemlerine İlişkin Bildirim Kar Payı Dağıtım İşlemlerine İlişkin Genel Kurul Kararı,https://www.kap.org.tr/tr/Bildirim/1611699,tr,2026-06-01T20:01:16+00:00
2026-06-01,ONRYT,KAP,ONUR YÜKSEK TEKNOLOJİ A.Ş. - Bağımsız Denetim Kuruluşunun Belirlenmesi,Bağımsız Denetim Kuruluşunun Belirlenmesi Bağımsız Denetim Kuruluşunun Belirlenmesi,https://www.kap.org.tr/tr/Bildirim/1611700,tr,2026-06-01T20:02:00+00:00
2026-06-01,ONRYT,KAP,ONUR YÜKSEK TEKNOLOJİ A.Ş. - Şirket Genel Bilgi Formu,Şirket Genel Bilgi Formu,https://www.kap.org.tr/tr/Bildirim/1611702,tr,2026-06-01T20:02:46+00:00
2026-06-01,OYA,KAP,OYAK YATIRIM MENKUL DEĞERLER A.Ş. - Piyasa Yapıcılığı Kapsamında Gerçekleştirilen İşlemler Bildirimi,Piyasa Yapıcılığı Kapsamında Gerçekleştirilen İşlemler Bildirimi 01/06/2026 TARİHLİ OYAYO PİYASA YAPICILIĞI İŞLEMLERİ OYAYO,https://www.kap.org.tr/tr/Bildirim/1611668,tr,2026-06-01T18:33:22+00:00
2026-06-01,OYAYO,KAP,OYAK YATIRIM ORTAKLIĞI A.Ş. - Haftalık Rapor,Haftalık Rapor 26.05.2026 Tarihli Haftalık Rapor,https://www.kap.org.tr/tr/Bildirim/1611383,tr,2026-06-01T11:59:24+00:00
2026-06-01,OYAYO,KAP,OYAK YATIRIM ORTAKLIĞI A.Ş. - Özel Durum Açıklaması (Genel),"Özel Durum Açıklaması (Genel) Ortaklık paylarının BİAŞ'ta oluşan ağırlıklı ortalama fiyatının, pay başına net aktif değerinin 2 katını aşması hakkında",https://www.kap.org.tr/tr/Bildirim/1611384,tr,2026-06-01T11:59:36+00:00
2026-06-01,OYYAT,KAP,OYAK YATIRIM MENKUL DEĞERLER A.Ş. - Piyasa Yapıcılığı Kapsamında Gerçekleştirilen İşlemler Bildirimi,Piyasa Yapıcılığı Kapsamında Gerçekleştirilen İşlemler Bildirimi 01/06/2026 TARİHLİ OYAYO PİYASA YAPICILIĞI İŞLEMLERİ OYAYO,https://www.kap.org.tr/tr/Bildirim/1611668,tr,2026-06-01T18:33:22+00:00
2026-06-01,PASEU,KAP,PASİFİK EURASİA LOJİSTİK DIŞ TİCARET A.Ş. - Özel Durum Açıklaması (Genel),Özel Durum Açıklaması (Genel) Genel Müdür Değişikliği Hakkında Bilgilendirme,https://www.kap.org.tr/tr/Bildirim/1611715,tr,2026-06-01T20:41:41+00:00
2026-06-01,PASEU,KAP,PASİFİK EURASİA LOJİSTİK DIŞ TİCARET A.Ş. - Şirket Genel Bilgi Formu,Şirket Genel Bilgi Formu,https://www.kap.org.tr/tr/Bildirim/1611719,tr,2026-06-01T21:12:57+00:00
2026-06-01,PASEU,KAP,PASİFİK EURASİA LOJİSTİK DIŞ TİCARET A.Ş. - Kurumsal Yönetim Bilgi Formu (Güncelleme) - Yönetim Kurulu-1,Kurumsal Yönetim Bilgi Formu (Güncelleme) - Yönetim Kurulu-1 Kurumsal Yönetim Bilgi Formu (Güncelleme) Genel Müdür Değişikliği Hk.,https://www.kap.org.tr/tr/Bildirim/1611720,tr,2026-06-01T21:14:13+00:00
2026-06-01,PBT,KAP,PASHA YATIRIM BANKASI A.Ş. - Pay Dışında Sermaye Piyasası Aracı İşlemlerine İlişkin Bildirim (Faiz İçeren),Pay Dışında Sermaye Piyasası Aracı İşlemlerine İlişkin Bildirim (Faiz İçeren) PASHA Yatırım Bankası A.Ş. Maygold Otomotiv Üçüncü Varlık Finansmanı Fonu tarafından gerçekleştirilen Varlığa Dayalı Menkul Kıymet İhracı (550 mn ),https://www.kap.org.tr/tr/Bildirim/1611331,tr,2026-06-01T10:11:43+00:00
2026-06-01,PBT,KAP,PASHA YATIRIM BANKASI A.Ş. - Pay Dışında Sermaye Piyasası Aracı İşlemlerine İlişkin Bildirim (Faiz İçeren),Pay Dışında Sermaye Piyasası Aracı İşlemlerine İlişkin Bildirim (Faiz İçeren) PASHA Yatırım Bankası A.Ş. VDMK İtfası,https://www.kap.org.tr/tr/Bildirim/1611350,tr,2026-06-01T10:59:37+00:00
2026-06-01,PBTR,KAP,PASHA YATIRIM BANKASI A.Ş. - Pay Dışında Sermaye Piyasası Aracı İşlemlerine İlişkin Bildirim (Faiz İçeren),Pay Dışında Sermaye Piyasası Aracı İşlemlerine İlişkin Bildirim (Faiz İçeren) PASHA Yatırım Bankası A.Ş. Maygold Otomotiv Üçüncü Varlık Finansmanı Fonu tarafından gerçekleştirilen Varlığa Dayalı Menkul Kıymet İhracı (550 mn ),https://www.kap.org.tr/tr/Bildirim/1611331,tr,2026-06-01T10:11:43+00:00
2026-06-01,PBTR,KAP,PASHA YATIRIM BANKASI A.Ş. - Pay Dışında Sermaye Piyasası Aracı İşlemlerine İlişkin Bildirim (Faiz İçeren),Pay Dışında Sermaye Piyasası Aracı İşlemlerine İlişkin Bildirim (Faiz İçeren) PASHA Yatırım Bankası A.Ş. VDMK İtfası,https://www.kap.org.tr/tr/Bildirim/1611350,tr,2026-06-01T10:59:37+00:00
2026-06-01,PGSUS,KAP,PEGASUS HAVA TAŞIMACILIĞI A.Ş. - Kurumsal Yönetim İlkelerine Uyum Derecelendirmesi,Kurumsal Yönetim İlkelerine Uyum Derecelendirmesi Kurumsal Yönetim Derecelendirme Sözleşmesinin Yenilenmesi,https://www.kap.org.tr/tr/Bildirim/1611375,tr,2026-06-01T11:54:10+00:00
2026-06-01,PGSUS,KAP,PEGASUS HAVA TAŞIMACILIĞI A.Ş. - Kurumsal Yönetim İlkelerine Uyum Derecelendirmesi,Kurumsal Yönetim İlkelerine Uyum Derecelendirmesi Kurumsal Yönetim Derecelendirme Sözleşmesinin Yenilenmesi - Düzeltme,https://www.kap.org.tr/tr/Bildirim/1611571,tr,2026-06-01T17:38:22+00:00
2026-06-01,PNSUT,KAP,PINAR SÜT MAMÜLLERİ SANAYİİ A.Ş. - Pay Dışında Sermaye Piyasası Aracı İşlemlerine İlişkin Bildirim (Faiz İçeren),Pay Dışında Sermaye Piyasası Aracı İşlemlerine İlişkin Bildirim (Faiz İçeren) TRFPNST62611 ISIN Kodlu Finansman Bonosu 2. Kupon Dönemine İlişkin Faiz Oranı Hakkında,https://www.kap.org.tr/tr/Bildirim/1611548,tr,2026-06-01T17:28:22+00:00
2026-06-01,POLTK,KAP,POLİTEKNİK METAL SANAYİ VE TİCARET A.Ş. - İlişkili Taraf İşlemleri,İlişkili Taraf İşlemleri Rotatif Nitelikte Grup İçi Kredi Temin Edilmesi,https://www.kap.org.tr/tr/Bildirim/1611311,tr,2026-06-01T09:41:37+00:00
2026-06-01,QNBTR,KAP,QNB BANK A.Ş. - Özel Durum Açıklaması (Genel),Özel Durum Açıklaması (Genel) Takipteki Kredi Portföyünden Satış,https://www.kap.org.tr/tr/Bildirim/1611339,tr,2026-06-01T10:22:47+00:00
2026-06-01,QNBTR,KAP,QNB BANK A.Ş. - Pay Dışında Sermaye Piyasası Aracı İşlemlerine İlişkin Bildirim (Faiz İçeren),Pay Dışında Sermaye Piyasası Aracı İşlemlerine İlişkin Bildirim (Faiz İçeren) MTN programı kapsamında yurtdışında ihraç edilen borçlanma aracının ihracı,https://www.kap.org.tr/tr/Bildirim/1611429,tr,2026-06-01T15:23:27+00:00
2026-06-01,SAHOL,KAP,HACI ÖMER SABANCI HOLDİNG A.Ş. - Özel Durum Açıklaması (Genel),Özel Durum Açıklaması (Genel) Lucky 7 ve Pepper Güneş Enerjisi Projelerine İlişkin Proje Finansmanı ve Vergi Avantajlı Özsermaye Yatırımı Sözleşmelerinin İmzalanması,https://www.kap.org.tr/tr/Bildirim/1611286,tr,2026-06-01T09:06:16+00:00
2026-06-01,SAHOL,KAP,HACI ÖMER SABANCI HOLDİNG A.Ş. - Şirket Genel Bilgi Formu,Şirket Genel Bilgi Formu,https://www.kap.org.tr/tr/Bildirim/1611287,tr,2026-06-01T09:06:27+00:00
2026-06-01,SAYAS,KAP,SAY YENİLENEBİLİR ENERJİ EKİPMANLARI SANAYİ VE TİCARET A.Ş. - Bağımsız Denetim Kuruluşunun Belirlenmesi,Bağımsız Denetim Kuruluşunun Belirlenmesi 2026 yılı Bağımsız Denetim Şirketi Seçimi Tescili,https://www.kap.org.tr/tr/Bildirim/1611679,tr,2026-06-01T19:02:43+00:00
2026-06-01,SAYAS,KAP,SAY YENİLENEBİLİR ENERJİ EKİPMANLARI SANAYİ VE TİCARET A.Ş. - Genel Kurul İşlemlerine İlişkin Bildirim,Genel Kurul İşlemlerine İlişkin Bildirim Genel Kurulun Tescil Edilmesi,https://www.kap.org.tr/tr/Bildirim/1611680,tr,2026-06-01T19:02:55+00:00
2026-06-01,SMRVA,KAP,SÜMER VARLIK YÖNETİM A.Ş. - Pay Dışında Sermaye Piyasası Aracı İşlemlerine İlişkin Bildirim (Faiz İçeren),Pay Dışında Sermaye Piyasası Aracı İşlemlerine İlişkin Bildirim (Faiz İçeren) TRFSUVY62622 ISIN NOLU BONONUN KUPON ÖDEMESİ VE İTFASI,https://www.kap.org.tr/tr/Bildirim/1611398,tr,2026-06-01T13:45:03+00:00
2026-06-01,SMRVA,KAP,SÜMER VARLIK YÖNETİM A.Ş. - Pay Dışında Sermaye Piyasası Aracı İşlemlerine İlişkin Bildirim (Faiz İçeren),Pay Dışında Sermaye Piyasası Aracı İşlemlerine İlişkin Bildirim (Faiz İçeren) TRFSUVY62614 ISIN KODLU BONONUN KUPON ÖDEMESİ VE İTFASI,https://www.kap.org.tr/tr/Bildirim/1611399,tr,2026-06-01T13:45:21+00:00
2026-06-01,SNPAM,KAP,SÖNMEZ PAMUKLU SANAYİİ A.Ş. - Yönetim Kurulu Komiteleri,Yönetim Kurulu Komiteleri Yönetim Kurulu Komite Yapılandırması,https://www.kap.org.tr/tr/Bildirim/1611564,tr,2026-06-01T17:37:03+00:00
2026-06-01,SNPAM,KAP,SÖNMEZ PAMUKLU SANAYİİ A.Ş. - Kurumsal Yönetim Bilgi Formu (Güncelleme) - Yönetim Kurulu-2,Kurumsal Yönetim Bilgi Formu (Güncelleme) - Yönetim Kurulu-2 Yönetim Kurulu Komiteleri,https://www.kap.org.tr/tr/Bildirim/1611592,tr,2026-06-01T17:46:06+00:00
2026-06-01,SNPAM,KAP,SÖNMEZ PAMUKLU SANAYİİ A.Ş. - Şirket Genel Bilgi Formu,Şirket Genel Bilgi Formu,https://www.kap.org.tr/tr/Bildirim/1611626,tr,2026-06-01T18:11:20+00:00
2026-06-01,SONME,KAP,SÖNMEZ FİLAMENT SENTETİK İPLİK VE ELYAF SANAYİ A.Ş. - Yönetim Kurulu Komiteleri,Yönetim Kurulu Komiteleri Yönetim Kurulu Komite Yapılandırması,https://www.kap.org.tr/tr/Bildirim/1611557,tr,2026-06-01T17:35:49+00:00
2026-06-01,SONME,KAP,SÖNMEZ FİLAMENT SENTETİK İPLİK VE ELYAF SANAYİ A.Ş. - Kurumsal Yönetim Bilgi Formu (Güncelleme) - Yönetim Kurulu-2,Kurumsal Yönetim Bilgi Formu (Güncelleme) - Yönetim Kurulu-2 Yönetim Kurulu Komiteleri,https://www.kap.org.tr/tr/Bildirim/1611594,tr,2026-06-01T17:47:04+00:00
2026-06-01,SONME,KAP,SÖNMEZ FİLAMENT SENTETİK İPLİK VE ELYAF SANAYİ A.Ş. - Şirket Genel Bilgi Formu,Şirket Genel Bilgi Formu,https://www.kap.org.tr/tr/Bildirim/1611621,tr,2026-06-01T18:07:18+00:00
2026-06-01,TATEN,KAP,TATLIPINAR ENERJİ ÜRETİM A.Ş. - Bağımsız Denetim Kuruluşunun Belirlenmesi,Bağımsız Denetim Kuruluşunun Belirlenmesi Bağımsız Denetim Kuruluşunun Tescil ve TTSG İlanı,https://www.kap.org.tr/tr/Bildirim/1611666,tr,2026-06-01T18:30:51+00:00
2026-06-01,TATEN,KAP,TATLIPINAR ENERJİ ÜRETİM A.Ş. - Genel Kurul İşlemlerine İlişkin Bildirim,Genel Kurul İşlemlerine İlişkin Bildirim 2025 Yılı Olağan Genel Kurul Toplantısı Sonuçlarının Tescil ve TTSG İlanı,https://www.kap.org.tr/tr/Bildirim/1611667,tr,2026-06-01T18:31:01+00:00
2026-06-01,TATGD,KAP,TAT GIDA SANAYİ A.Ş. - Pay Dışında Sermaye Piyasası Aracı İşlemlerine İlişkin Bildirim (Faiz İçeren),Pay Dışında Sermaye Piyasası Aracı İşlemlerine İlişkin Bildirim (Faiz İçeren) TRSTATK22713 ISIN Kodlu Tahvilin 5. Kupon Ödemesi,https://www.kap.org.tr/tr/Bildirim/1611427,tr,2026-06-01T15:19:54+00:00
2026-06-01,TCELL,KAP,TURKCELL İLETİŞİM HİZMETLERİ A.Ş. - Özel Durum Açıklaması (Genel),Özel Durum Açıklaması (Genel) ABD Sermaye Piyasası Mevzuatı Uyarınca SEC'ye Yapılan Açıklama,https://www.kap.org.tr/tr/Bildirim/1611689,tr,2026-06-01T19:32:59+00:00
2026-06-01,TCELL,KAP,TURKCELL İLETİŞİM HİZMETLERİ A.Ş. - Şirket Genel Bilgi Formu,Şirket Genel Bilgi Formu,https://www.kap.org.tr/tr/Bildirim/1611690,tr,2026-06-01T19:33:20+00:00
2026-06-01,TEBFA,KAP,TEB FAKTORİNG A.Ş. - Özel Durum Açıklaması (Genel),Özel Durum Açıklaması (Genel) Şirketimiz Genel Müdür Yardımcısı'nın görevden ayrılması hakkında,https://www.kap.org.tr/tr/Bildirim/1611549,tr,2026-06-01T17:29:14+00:00
2026-06-01,TEBFA,KAP,TEB FAKTORİNG A.Ş. - Şirket Genel Bilgi Formu,Şirket Genel Bilgi Formu,https://www.kap.org.tr/tr/Bildirim/1611550,tr,2026-06-01T17:30:05+00:00
2026-06-01,TEHOL,KAP,TERA YATIRIM TEKNOLOJİ HOLDİNG A.Ş. - Şirket Genel Bilgi Formu,Şirket Genel Bilgi Formu,https://www.kap.org.tr/tr/Bildirim/1611637,tr,2026-06-01T18:19:33+00:00
2026-06-01,TEHOL,KAP,TERA YATIRIM TEKNOLOJİ HOLDİNG A.Ş. - Şirket Genel Bilgi Formu,Şirket Genel Bilgi Formu,https://www.kap.org.tr/tr/Bildirim/1611660,tr,2026-06-01T18:27:33+00:00
2026-06-01,THR,KAP,TÜRKİYE İHRACAT KREDİ BANKASI A.Ş. - Pay Dışında Sermaye Piyasası Aracı İşlemlerine İlişkin Bildirim (Faiz İçeren),Pay Dışında Sermaye Piyasası Aracı İşlemlerine İlişkin Bildirim (Faiz İçeren) GMTN programı çerçevesinde yurt dışında borçlanma aracı ihracı,https://www.kap.org.tr/tr/Bildirim/1611497,tr,2026-06-01T16:55:08+00:00
2026-06-01,TRILC,KAP,TURK İLAÇ VE SERUM SANAYİ A.Ş. - Özel Durum Açıklaması (Genel),Özel Durum Açıklaması (Genel) Yönetim Kurulu Üyesi İstifa ve Ataması Hakkında,https://www.kap.org.tr/tr/Bildirim/1611723,tr,2026-06-01T21:26:41+00:00
2026-06-01,TVB,KAP,TÜRKİYE VAKIFLAR BANKASI T.A.O. - Pay Dışında Sermaye Piyasası Aracı İşlemlerine İlişkin Bildirim (Faiz İçeren),Pay Dışında Sermaye Piyasası Aracı İşlemlerine İlişkin Bildirim (Faiz İçeren) GMTN Programı Çerçevesinde Türkiye Dışında Sürdürülebilir Borçlanma Aracı İhracı SPK Onayı,https://www.kap.org.tr/tr/Bildirim/1611554,tr,2026-06-01T17:34:43+00:00
2026-06-01,VAKBN,KAP,TÜRKİYE VAKIFLAR BANKASI T.A.O. - Pay Dışında Sermaye Piyasası Aracı İşlemlerine İlişkin Bildirim (Faiz İçeren),Pay Dışında Sermaye Piyasası Aracı İşlemlerine İlişkin Bildirim (Faiz İçeren) GMTN Programı Çerçevesinde Türkiye Dışında Sürdürülebilir Borçlanma Aracı İhracı SPK Onayı,https://www.kap.org.tr/tr/Bildirim/1611554,tr,2026-06-01T17:34:43+00:00
2026-06-01,VAKFA,KAP,VAKIF FAKTORİNG A.Ş. - Özel Durum Açıklaması (Genel),Özel Durum Açıklaması (Genel) Yönetim Kurulu Üye Değişikliği ve Yeni Üye Ataması,https://www.kap.org.tr/tr/Bildirim/1611632,tr,2026-06-01T18:16:07+00:00
2026-06-01,VAKFA,KAP,VAKIF FAKTORİNG A.Ş. - Şirket Genel Bilgi Formu,Şirket Genel Bilgi Formu,https://www.kap.org.tr/tr/Bildirim/1611634,tr,2026-06-01T18:17:07+00:00
2026-06-01,VAKFN,KAP,VAKIF FİNANSAL KİRALAMA A.Ş. - Özel Durum Açıklaması (Genel),Özel Durum Açıklaması (Genel) Yönetim Kurulu Üyesi İstifası ve Ataması Hakkında,https://www.kap.org.tr/tr/Bildirim/1611599,tr,2026-06-01T17:56:00+00:00
2026-06-01,VAKFN,KAP,VAKIF FİNANSAL KİRALAMA A.Ş. - Şirket Genel Bilgi Formu,Şirket Genel Bilgi Formu,https://www.kap.org.tr/tr/Bildirim/1611601,tr,2026-06-01T17:56:48+00:00
2026-06-01,VAKFN,KAP,VAKIF FİNANSAL KİRALAMA A.Ş. - Kurumsal Yönetim Bilgi Formu (Güncelleme) - Yönetim Kurulu-1,Kurumsal Yönetim Bilgi Formu (Güncelleme) - Yönetim Kurulu-1 Kurumsal Yönetim Bilgi Formu Güncelleme,https://www.kap.org.tr/tr/Bildirim/1611602,tr,2026-06-01T17:57:08+00:00
2026-06-01,VAKFN,KAP,VAKIF FİNANSAL KİRALAMA A.Ş. - Yönetim Kurulu Komiteleri,Yönetim Kurulu Komiteleri Yönetim Kurulu Komiteleri Hakkında,https://www.kap.org.tr/tr/Bildirim/1611603,tr,2026-06-01T17:57:27+00:00
2026-06-01,VAKFN,KAP,VAKIF FİNANSAL KİRALAMA A.Ş. - Kurumsal Yönetim Bilgi Formu (Güncelleme) - Yönetim Kurulu-2,Kurumsal Yönetim Bilgi Formu (Güncelleme) - Yönetim Kurulu-2 Yönetim Kurulu II Bilgi Formu Güncelleme,https://www.kap.org.tr/tr/Bildirim/1611604,tr,2026-06-01T17:57:40+00:00
2026-06-01,VKFYO,KAP,VAKIF MENKUL KIYMET YATIRIM ORTAKLIĞI A.Ş. - Özel Durum Açıklaması (Genel),"Özel Durum Açıklaması (Genel) Şirketimizin BİAŞ'da oluşan ağırlıklı ortalama fiyatın, pay başına net aktif değerin 2 katını aşması sebebiyle yapılan açıklamadır.",https://www.kap.org.tr/tr/Bildirim/1611441,tr,2026-06-01T16:00:25+00:00
2026-06-01,VKING,KAP,VİKİNG KAĞIT VE SELÜLOZ A.Ş. - Şirket Genel Bilgi Formu,Şirket Genel Bilgi Formu,https://www.kap.org.tr/tr/Bildirim/1611425,tr,2026-06-01T15:16:44+00:00
2026-06-01,YBTAS,KAP,YİBİTAŞ YOZGAT İŞÇİ BİRLİĞİ İNŞAAT MALZEMELERİ TİCARET VE SANAYİ A.Ş. - Faaliyetlerin Kısmen veya Tamamen Durdurulması ya da İmkansız Hale Gelmesi,Faaliyetlerin Kısmen veya Tamamen Durdurulması ya da İmkansız Hale Gelmesi Geçici Fırın Duruşu,https://www.kap.org.tr/tr/Bildirim/1611313,tr,2026-06-01T09:42:17+00:00
2026-06-01,YEOTK,KAP,YEO TEKNOLOJİ ENERJİ VE ENDÜSTRİ A.Ş. - Yeni İş İlişkisi,Yeni İş İlişkisi Yeni iş ilişkisi.,https://www.kap.org.tr/tr/Bildirim/1611305,tr,2026-06-01T09:25:33+00:00
2026-06-01,YKB,KAP,YAPI VE KREDİ BANKASI A.Ş. - Pay Dışında Sermaye Piyasası Aracı İşlemlerine İlişkin Bildirim (Faiz İçeren),Pay Dışında Sermaye Piyasası Aracı İşlemlerine İlişkin Bildirim (Faiz İçeren) Yurtdışında ihraç edilen borçlanma aracının itfası,https://www.kap.org.tr/tr/Bildirim/1611371,tr,2026-06-01T11:44:03+00:00
2026-06-01,YKB,KAP,YAPI VE KREDİ BANKASI A.Ş. - Pay Dışında Sermaye Piyasası Aracı İşlemlerine İlişkin Bildirim (Faiz İçeren),Pay Dışında Sermaye Piyasası Aracı İşlemlerine İlişkin Bildirim (Faiz İçeren) Yurtdışında ihraç edilen borçlanma aracının itfası,https://www.kap.org.tr/tr/Bildirim/1611505,tr,2026-06-01T17:05:44+00:00
2026-06-01,YKBNK,KAP,YAPI VE KREDİ BANKASI A.Ş. - Pay Dışında Sermaye Piyasası Aracı İşlemlerine İlişkin Bildirim (Faiz İçeren),Pay Dışında Sermaye Piyasası Aracı İşlemlerine İlişkin Bildirim (Faiz İçeren) Yurtdışında ihraç edilen borçlanma aracının itfası,https://www.kap.org.tr/tr/Bildirim/1611371,tr,2026-06-01T11:44:03+00:00
2026-06-01,YKBNK,KAP,YAPI VE KREDİ BANKASI A.Ş. - Pay Dışında Sermaye Piyasası Aracı İşlemlerine İlişkin Bildirim (Faiz İçeren),Pay Dışında Sermaye Piyasası Aracı İşlemlerine İlişkin Bildirim (Faiz İçeren) Yurtdışında ihraç edilen borçlanma aracının itfası,https://www.kap.org.tr/tr/Bildirim/1611505,tr,2026-06-01T17:05:44+00:00
2026-06-01,YKR,KAP,YAPI KREDİ YATIRIM MENKUL DEĞERLER A.Ş. - Pay Dışında Sermaye Piyasası Aracı İşlemlerine İlişkin Bildirim (Faiz İçeren),Pay Dışında Sermaye Piyasası Aracı İşlemlerine İlişkin Bildirim (Faiz İçeren) Borçlanma Aracının İtfası,https://www.kap.org.tr/tr/Bildirim/1611673,tr,2026-06-01T18:37:21+00:00
2026-06-01,YKYAT,KAP,YAPI KREDİ YATIRIM MENKUL DEĞERLER A.Ş. - Pay Dışında Sermaye Piyasası Aracı İşlemlerine İlişkin Bildirim (Faiz İçeren),Pay Dışında Sermaye Piyasası Aracı İşlemlerine İlişkin Bildirim (Faiz İçeren) Borçlanma Aracının İtfası,https://www.kap.org.tr/tr/Bildirim/1611673,tr,2026-06-01T18:37:21+00:00
2026-06-01,YYLGD,KAP,YAYLA AGRO GIDA SANAYİ VE TİCARET A.Ş. - Genel Kurul İşlemlerine İlişkin Bildirim,Genel Kurul İşlemlerine İlişkin Bildirim 2025 yılı Olağan Genel Kurul tescili hakkında,https://www.kap.org.tr/tr/Bildirim/1611669,tr,2026-06-01T18:35:03+00:00
2026-06-01,YYLGD,KAP,YAYLA AGRO GIDA SANAYİ VE TİCARET A.Ş. - Özel Durum Açıklaması (Genel),Özel Durum Açıklaması (Genel) Yönetim Kurulu Görev Dağılımı,https://www.kap.org.tr/tr/Bildirim/1611670,tr,2026-06-01T18:35:19+00:00
2026-06-01,YYLGD,KAP,YAYLA AGRO GIDA SANAYİ VE TİCARET A.Ş. - Bağımsız Denetim Kuruluşunun Belirlenmesi,Bağımsız Denetim Kuruluşunun Belirlenmesi 2026 yılı faaliyet dönemine ilişkin Bağımsız Denetim Kuruluşunun tescili,https://www.kap.org.tr/tr/Bildirim/1611671,tr,2026-06-01T18:35:52+00:00
2026-06-02,A1CAP,KAP,A1 CAPİTAL YATIRIM MENKUL DEĞERLER A.Ş. - Şirket Genel Bilgi Formu,Şirket Genel Bilgi Formu,https://www.kap.org.tr/tr/Bildirim/1612172,tr,2026-06-02T18:40:27+00:00
2026-06-02,A1YEN,KAP,A1 YENİLENEBİLİR ENERJİ ÜRETİM A.Ş. - Şirket Genel Bilgi Formu,Şirket Genel Bilgi Formu,https://www.kap.org.tr/tr/Bildirim/1612173,tr,2026-06-02T18:41:13+00:00
2026-06-02,ACP,KAP,A1 CAPİTAL YATIRIM MENKUL DEĞERLER A.Ş. - Şirket Genel Bilgi Formu,Şirket Genel Bilgi Formu,https://www.kap.org.tr/tr/Bildirim/1612172,tr,2026-06-02T18:40:27+00:00
2026-06-02,AFB,KAP,AKTİF YATIRIM BANKASI A.Ş. - İhraç Tavanına İlişkin Bildirim,İhraç Tavanına İlişkin Bildirim Yurtiçinde borçlanma aracı ihraç kararı alınması hk.,https://www.kap.org.tr/tr/Bildirim/1612028,tr,2026-06-02T17:31:05+00:00
2026-06-02,AFB,KAP,AKTİF YATIRIM BANKASI A.Ş. - İhraç Tavanına İlişkin Bildirim,İhraç Tavanına İlişkin Bildirim Yurt dışında borçlanma aracı ihraç kararı alınması hk.,https://www.kap.org.tr/tr/Bildirim/1612029,tr,2026-06-02T17:31:24+00:00
2026-06-02,AHGAZ,KAP,AHLATCI DOĞAL GAZ DAĞITIM ENERJİ VE YATIRIM A.Ş. - Payların Geri Alınmasına İlişkin Bildirim,Payların Geri Alınmasına İlişkin Bildirim 02.06.2026 Tarihli Pay Geri Alım İşlemleri,https://www.kap.org.tr/tr/Bildirim/1612165,tr,2026-06-02T18:30:15+00:00
2026-06-02,AKBNK,KAP,AKBANK T.A.Ş. - Özel Durum Açıklaması (Genel),Özel Durum Açıklaması (Genel) Yurtdışı Piyasalara Sermaye Benzeri (Basel III Uyumlu) Tahvil Fiyatlanması,https://www.kap.org.tr/tr/Bildirim/1611798,tr,2026-06-02T12:00:17+00:00
2026-06-02,AKBNK,KAP,AKBANK T.A.Ş. - Pay Dışında Sermaye Piyasası Aracı İşlemlerine İlişkin Bildirim (Faiz İçeren),Pay Dışında Sermaye Piyasası Aracı İşlemlerine İlişkin Bildirim (Faiz İçeren) Yurtdışı Piyasalara Sermaye Benzeri (Basel III Uyumlu) Tahvil İhracı,https://www.kap.org.tr/tr/Bildirim/1612021,tr,2026-06-02T17:16:03+00:00
2026-06-02,AKGRT,KAP,AKSİGORTA A.Ş. - Özel Durum Açıklaması (Genel),Özel Durum Açıklaması (Genel) Yatırımcı İlişkileri Sorumlusu,https://www.kap.org.tr/tr/Bildirim/1611937,tr,2026-06-02T16:07:43+00:00
2026-06-02,AKGRT,KAP,AKSİGORTA A.Ş. - Şirket Genel Bilgi Formu,Şirket Genel Bilgi Formu,https://www.kap.org.tr/tr/Bildirim/1611938,tr,2026-06-02T16:07:52+00:00
2026-06-02,AKM,KAP,AK YATIRIM MENKUL DEĞERLER A.Ş. - Pay Dışında Sermaye Piyasası Aracı İşlemlerine İlişkin Bildirim (Faiz İçeren),Pay Dışında Sermaye Piyasası Aracı İşlemlerine İlişkin Bildirim (Faiz İçeren) Nitelikli Yatırımcıya Borçlanma Aracı İtfa ve Kupon Ödemesi,https://www.kap.org.tr/tr/Bildirim/1611804,tr,2026-06-02T12:28:54+00:00
2026-06-02,AKMEN,KAP,AK YATIRIM MENKUL DEĞERLER A.Ş. - Pay Dışında Sermaye Piyasası Aracı İşlemlerine İlişkin Bildirim (Faiz İçeren),Pay Dışında Sermaye Piyasası Aracı İşlemlerine İlişkin Bildirim (Faiz İçeren) Nitelikli Yatırımcıya Borçlanma Aracı İtfa ve Kupon Ödemesi,https://www.kap.org.tr/tr/Bildirim/1611804,tr,2026-06-02T12:28:54+00:00
2026-06-02,AKTIF,KAP,AKTİF YATIRIM BANKASI A.Ş. - İhraç Tavanına İlişkin Bildirim,İhraç Tavanına İlişkin Bildirim Yurtiçinde borçlanma aracı ihraç kararı alınması hk.,https://www.kap.org.tr/tr/Bildirim/1612028,tr,2026-06-02T17:31:05+00:00
2026-06-02,AKTIF,KAP,AKTİF YATIRIM BANKASI A.Ş. - İhraç Tavanına İlişkin Bildirim,İhraç Tavanına İlişkin Bildirim Yurt dışında borçlanma aracı ihraç kararı alınması hk.,https://www.kap.org.tr/tr/Bildirim/1612029,tr,2026-06-02T17:31:24+00:00
2026-06-02,ALFAS,KAP,ALFA SOLAR ENERJİ SANAYİ VE TİCARET A.Ş. - Genel Kurul İşlemlerine İlişkin Bildirim,Genel Kurul İşlemlerine İlişkin Bildirim 2025 Yılı Olağan Genel Kurul Toplantı Sonuçları,https://www.kap.org.tr/tr/Bildirim/1612202,tr,2026-06-02T19:56:39+00:00
2026-06-02,ALFAS,KAP,ALFA SOLAR ENERJİ SANAYİ VE TİCARET A.Ş. - Bağımsız Denetim Kuruluşunun Belirlenmesi,Bağımsız Denetim Kuruluşunun Belirlenmesi Bağımsız Denetim Şirketi'nin Genel Kurul Tarafından Onaylanması Hakkında,https://www.kap.org.tr/tr/Bildirim/1612206,tr,2026-06-02T19:59:10+00:00
2026-06-02,ALFAS,KAP,ALFA SOLAR ENERJİ SANAYİ VE TİCARET A.Ş. - Bağımsız Denetim Kuruluşunun Belirlenmesi,Bağımsız Denetim Kuruluşunun Belirlenmesi Sürdürülebilirlik Güvence Denetimi İçin Bağımsız Denetim Şirketinin Genel Kurulca Seçilmesi,https://www.kap.org.tr/tr/Bildirim/1612207,tr,2026-06-02T19:59:24+00:00
2026-06-02,ALFAS,KAP,ALFA SOLAR ENERJİ SANAYİ VE TİCARET A.Ş. - Kar Payı Dağıtım İşlemlerine İlişkin Bildirim,Kar Payı Dağıtım İşlemlerine İlişkin Bildirim 2025 Yılı Olağan Genel Kurul Toplantısı Kâr Dağıtım Sonucu,https://www.kap.org.tr/tr/Bildirim/1612211,tr,2026-06-02T22:18:56+00:00
2026-06-02,ALKA,KAP,ALKİM KAĞIT SANAYİ VE TİCARET A.Ş. - Özel Durum Açıklaması (Genel),Özel Durum Açıklaması (Genel) Genel Müdür Yardımcısı Ataması,https://www.kap.org.tr/tr/Bildirim/1611780,tr,2026-06-02T11:18:48+00:00
2026-06-02,ALNUS,KAP,ALNUS YATIRIM MENKUL DEĞERLER A.Ş. - Pay Dışında Sermaye Piyasası Aracı İşlemlerine İlişkin Bildirim (Faiz İçeren),Pay Dışında Sermaye Piyasası Aracı İşlemlerine İlişkin Bildirim (Faiz İçeren) TRFSRMD62613 ISIN Kodlu Finansman Bonosu 4. Kupon Ödemesi ve Bononun İtfası,https://www.kap.org.tr/tr/Bildirim/1611768,tr,2026-06-02T10:38:05+00:00
2026-06-02,ALNUS,KAP,ALNUS YATIRIM MENKUL DEĞERLER A.Ş. - Pay Dışında Sermaye Piyasası Aracı İşlemlerine İlişkin Bildirim (Faiz İçeren),Pay Dışında Sermaye Piyasası Aracı İşlemlerine İlişkin Bildirim (Faiz İçeren) TRFSRMDA2611 ISIN Kodlu Değişken Faizli Finansman Bonosu Satışının Tamamlanması,https://www.kap.org.tr/tr/Bildirim/1611898,tr,2026-06-02T15:35:39+00:00
2026-06-02,ALVES,KAP,ALVES KABLO SANAYİ VE TİCARET A.Ş. - Sermaye Artırımı - Azaltımı İşlemlerine İlişkin Bildirim,Sermaye Artırımı - Azaltımı İşlemlerine İlişkin Bildirim Bedelli Sermaye Artırımı Kapsamında SPK'ya Başvuru Yapılması Hk.,https://www.kap.org.tr/tr/Bildirim/1612169,tr,2026-06-02T18:34:29+00:00
2026-06-02,ALVES,KAP,ALVES KABLO SANAYİ VE TİCARET A.Ş. - İzahname (SPK Onayına Sunulan),İzahname (SPK Onayına Sunulan) Bedelli Sermaye Artırımı Başvurusu Kapsamında SPK Onayına Sunulan Taslak İzahname Hk.,https://www.kap.org.tr/tr/Bildirim/1612181,tr,2026-06-02T19:09:07+00:00
2026-06-02,ANC,KAP,ALNUS YATIRIM MENKUL DEĞERLER A.Ş. - Pay Dışında Sermaye Piyasası Aracı İşlemlerine İlişkin Bildirim (Faiz İçeren),Pay Dışında Sermaye Piyasası Aracı İşlemlerine İlişkin Bildirim (Faiz İçeren) TRFSRMD62613 ISIN Kodlu Finansman Bonosu 4. Kupon Ödemesi ve Bononun İtfası,https://www.kap.org.tr/tr/Bildirim/1611768,tr,2026-06-02T10:38:05+00:00
2026-06-02,ANC,KAP,ALNUS YATIRIM MENKUL DEĞERLER A.Ş. - Pay Dışında Sermaye Piyasası Aracı İşlemlerine İlişkin Bildirim (Faiz İçeren),Pay Dışında Sermaye Piyasası Aracı İşlemlerine İlişkin Bildirim (Faiz İçeren) TRFSRMDA2611 ISIN Kodlu Değişken Faizli Finansman Bonosu Satışının Tamamlanması,https://www.kap.org.tr/tr/Bildirim/1611898,tr,2026-06-02T15:35:39+00:00
2026-06-02,ASTOR,KAP,ASTOR ENERJİ A.Ş. - Kayıtlı Sermaye Tavanı İşlemlerine İlişkin Bildirim,Kayıtlı Sermaye Tavanı İşlemlerine İlişkin Bildirim Kayıtlı Sermaye Tavanı Artırımı ve Geçerlilik Süresinin Uzatılmasına İlişkin SPK Başvurusu,https://www.kap.org.tr/tr/Bildirim/1612153,tr,2026-06-02T18:19:51+00:00
2026-06-02,ASUZU,KAP,ANADOLU ISUZU OTOMOTİV SANAYİ VE TİCARET A.Ş. - Kurumsal Yönetim İlkelerine Uyum Derecelendirmesi,Kurumsal Yönetim İlkelerine Uyum Derecelendirmesi Kurumsal Yönetim Derecelendirme Notu'na ilişkin açıklama,https://www.kap.org.tr/tr/Bildirim/1611864,tr,2026-06-02T14:34:19+00:00
2026-06-02,ATAKP,KAP,ATAKEY PATATES GIDA SANAYİ VE TİCARET A.Ş. - Genel Kurul İşlemlerine İlişkin Bildirim,Genel Kurul İşlemlerine İlişkin Bildirim 2025 Yılı Olağan Genel Kurul Toplantı Sonucu,https://www.kap.org.tr/tr/Bildirim/1612216,tr,2026-06-02T23:08:11+00:00
2026-06-02,ATAKP,KAP,ATAKEY PATATES GIDA SANAYİ VE TİCARET A.Ş. - Kar Payı Dağıtım İşlemlerine İlişkin Bildirim,Kar Payı Dağıtım İşlemlerine İlişkin Bildirim Kar Dağıtım Kararının Olağan Genel Kurul'da Onaylanması,https://www.kap.org.tr/tr/Bildirim/1612220,tr,2026-06-02T23:48:04+00:00
2026-06-02,ATAKP,KAP,ATAKEY PATATES GIDA SANAYİ VE TİCARET A.Ş. - Bağımsız Denetim Kuruluşunun Belirlenmesi,Bağımsız Denetim Kuruluşunun Belirlenmesi Bağımsız Denetim Kuruluşunun Belirlenmesi,https://www.kap.org.tr/tr/Bildirim/1612221,tr,2026-06-02T23:48:48+00:00
2026-06-02,ATLFA,KAP,ATILIM FAKTORİNG A.Ş. - Pay Dışında Sermaye Piyasası Aracı İşlemlerine İlişkin Bildirim (Faiz İçeren),Pay Dışında Sermaye Piyasası Aracı İşlemlerine İlişkin Bildirim (Faiz İçeren) Bono İtfası,https://www.kap.org.tr/tr/Bildirim/1611743,tr,2026-06-02T09:34:09+00:00
2026-06-02,BINHO,KAP,1000 YATIRIMLAR HOLDİNG A.Ş. - Kayıtlı Sermaye Tavanı İşlemlerine İlişkin Bildirim,Kayıtlı Sermaye Tavanı İşlemlerine İlişkin Bildirim Esas Sözleşme Tadil Metni Ticaret Bakanlığı İç Ticaret Genel Müdürlüğü Onayı Hakkında,https://www.kap.org.tr/tr/Bildirim/1612178,tr,2026-06-02T18:56:29+00:00
2026-06-02,BLCYT,KAP,BİLİCİ YATIRIM SANAYİ VE TİCARET A.Ş. - Sermaye Artırımı - Azaltımı İşlemlerine İlişkin Bildirim,Sermaye Artırımı - Azaltımı İşlemlerine İlişkin Bildirim Bilici Yatırım Sanayi Ve Ticaret A.Ş. Kayıtlı Sermaye Tavanı İçerisinde İç Kaynaklardan Bedelsiz Sermaye Arttırımı Hk.,https://www.kap.org.tr/tr/Bildirim/1612064,tr,2026-06-02T18:10:27+00:00
2026-06-02,BLS,KAP,BULLS YATIRIM MENKUL DEĞERLER A.Ş. - Pay Alım Teklifi Yoluyla Pay Toplanmasına İlişkin Bildirim,Pay Alım Teklifi Yoluyla Pay Toplanmasına İlişkin Bildirim Özerden Ambalaj Sanayi A.Ş. Paylarına Yönelik Zorunlu Pay Alım Teklifi OZRDN,https://www.kap.org.tr/tr/Bildirim/1612059,tr,2026-06-02T18:01:02+00:00
2026-06-02,BLSMD,KAP,BULLS YATIRIM MENKUL DEĞERLER A.Ş. - Pay Alım Teklifi Yoluyla Pay Toplanmasına İlişkin Bildirim,Pay Alım Teklifi Yoluyla Pay Toplanmasına İlişkin Bildirim Özerden Ambalaj Sanayi A.Ş. Paylarına Yönelik Zorunlu Pay Alım Teklifi OZRDN,https://www.kap.org.tr/tr/Bildirim/1612059,tr,2026-06-02T18:01:02+00:00
2026-06-02,CCOLA,KAP,COCA-COLA İÇECEK A.Ş. - Pay Dışında Sermaye Piyasası Aracı İşlemlerine İlişkin Bildirim (Faiz İçeren),Pay Dışında Sermaye Piyasası Aracı İşlemlerine İlişkin Bildirim (Faiz İçeren) Borçlanma Aracı Kupon Ödemesi ve İtfası,https://www.kap.org.tr/tr/Bildirim/1611737,tr,2026-06-02T09:01:56+00:00
2026-06-02,CELHA,KAP,ÇELİK HALAT VE TEL SANAYİİ A.Ş. - Özel Durum Açıklaması (Genel),Özel Durum Açıklaması (Genel) Pay Devri İşlemlerine İlişkin Bildirim Hakkında.,https://www.kap.org.tr/tr/Bildirim/1612217,tr,2026-06-02T23:44:55+00:00
2026-06-02,CEMAS,KAP,ÇEMAŞ DÖKÜM SANAYİ A.Ş. - Genel Kurul İşlemlerine İlişkin Bildirim,Genel Kurul İşlemlerine İlişkin Bildirim 2025 Yılı Olağan Genel Kurul Toplantısı 2. Çağrı,https://www.kap.org.tr/tr/Bildirim/1611867,tr,2026-06-02T14:49:45+00:00
2026-06-02,CGCAM,KAP,ÇAĞDAŞ CAM SANAYİ VE TİCARET A.Ş. - Özel Durum Açıklaması (Genel),Özel Durum Açıklaması (Genel) Genel Müdür Ataması Hk.,https://www.kap.org.tr/tr/Bildirim/1611808,tr,2026-06-02T12:43:56+00:00
2026-06-02,CGCAM,KAP,ÇAĞDAŞ CAM SANAYİ VE TİCARET A.Ş. - Pay Alım Satım Bildirimi,Pay Alım Satım Bildirimi Pay Alım Satım Bildirimi,https://www.kap.org.tr/tr/Bildirim/1612106,tr,2026-06-02T18:12:07+00:00
2026-06-02,CGCAM,KAP,ÇAĞDAŞ CAM SANAYİ VE TİCARET A.Ş. - Pay Alım Satım Bildirimi,Pay Alım Satım Bildirimi Pay Alım Satım Bildirimi,https://www.kap.org.tr/tr/Bildirim/1612109,tr,2026-06-02T18:12:32+00:00
2026-06-02,CGCAM,KAP,ÇAĞDAŞ CAM SANAYİ VE TİCARET A.Ş. - Pay Alım Satım Bildirimi,Pay Alım Satım Bildirimi Pay Alım Satım Bildirimi,https://www.kap.org.tr/tr/Bildirim/1612113,tr,2026-06-02T18:12:49+00:00
2026-06-02,CGCAM,KAP,ÇAĞDAŞ CAM SANAYİ VE TİCARET A.Ş. - Pay Alım Satım Bildirimi,Pay Alım Satım Bildirimi Pay Alım Satım Bildirimi,https://www.kap.org.tr/tr/Bildirim/1612114,tr,2026-06-02T18:13:05+00:00
2026-06-02,CGCAM,KAP,ÇAĞDAŞ CAM SANAYİ VE TİCARET A.Ş. - Şirket Genel Bilgi Formu,Şirket Genel Bilgi Formu,https://www.kap.org.tr/tr/Bildirim/1612115,tr,2026-06-02T18:13:24+00:00
2026-06-02,CRFSA,KAP,CARREFOURSA CARREFOUR SABANCI TİCARET MERKEZİ A.Ş. - Şirket Genel Bilgi Formu,Şirket Genel Bilgi Formu,https://www.kap.org.tr/tr/Bildirim/1611776,tr,2026-06-02T11:04:21+00:00
2026-06-02,CWENE,KAP,CW ENERJİ MÜHENDİSLİK TİCARET VE SANAYİ A.Ş. - Özel Durum Açıklaması (Genel),Özel Durum Açıklaması (Genel) CW Solar Cell Enerji A.Ş. Kayıtlı Sermaye Sistemine Geçiş Başvurusu Hakkında,https://www.kap.org.tr/tr/Bildirim/1612154,tr,2026-06-02T18:20:26+00:00
2026-06-02,DERHL,KAP,DERLÜKS YATIRIM HOLDİNG A.Ş. - Genel Kurul İşlemlerine İlişkin Bildirim,Genel Kurul İşlemlerine İlişkin Bildirim 2025 Yılı Olağan Genel Kurul Daveti,https://www.kap.org.tr/tr/Bildirim/1612107,tr,2026-06-02T18:12:14+00:00
2026-06-02,DERHL,KAP,DERLÜKS YATIRIM HOLDİNG A.Ş. - Kar Payı Dağıtım İşlemlerine İlişkin Bildirim,Kar Payı Dağıtım İşlemlerine İlişkin Bildirim 2025 Yılı Yönetim Kurulu Kar Dağıtım Teklifi,https://www.kap.org.tr/tr/Bildirim/1612112,tr,2026-06-02T18:12:48+00:00
2026-06-02,EGEEN,KAP,EGE ENDÜSTRİ VE TİCARET A.Ş. - Özel Durum Açıklaması (Genel),Özel Durum Açıklaması (Genel) Bağlı Ortaklığımızın sermaye artırımına iştirak kararı,https://www.kap.org.tr/tr/Bildirim/1611744,tr,2026-06-02T09:35:50+00:00
2026-06-02,EKSUN,KAP,EKSUN GIDA TARIM SANAYİ VE TİCARET A.Ş. - Özel Durum Açıklaması (Genel),Özel Durum Açıklaması (Genel) Yönetici Sorumluluk Sigortasının Yenilenmesi,https://www.kap.org.tr/tr/Bildirim/1611868,tr,2026-06-02T14:49:55+00:00
2026-06-02,EMVAR,KAP,EMLAK VARLIK KİRALAMA A.Ş. - Pay Dışında Sermaye Piyasası Aracı İşlemlerine İlişkin Bildirim (Faizsiz),Pay Dışında Sermaye Piyasası Aracı İşlemlerine İlişkin Bildirim (Faizsiz) TRDEMVK62722 ISIN Kodlu Kira Sertifikasının 4. Dönemsel Getiri Ödemesi Hk. GRFIN,https://www.kap.org.tr/tr/Bildirim/1611897,tr,2026-06-02T15:35:26+00:00
2026-06-02,EMVAR,KAP,EMLAK VARLIK KİRALAMA A.Ş. - Pay Dışında Sermaye Piyasası Aracı İşlemlerine İlişkin Bildirim (Faizsiz),Pay Dışında Sermaye Piyasası Aracı İşlemlerine İlişkin Bildirim (Faizsiz) TRDEMVK62714 ISIN Kodlu Kira Sertifikasının 4. Dönemsel Getiri Ödemesi Hk. GRFIN,https://www.kap.org.tr/tr/Bildirim/1611899,tr,2026-06-02T15:36:03+00:00
2026-06-02,ENJSA,KAP,ENERJİSA ENERJİ A.Ş. - Pay Dışında Sermaye Piyasası Aracı İşlemlerine İlişkin Bildirim (Faiz İçeren),Pay Dışında Sermaye Piyasası Aracı İşlemlerine İlişkin Bildirim (Faiz İçeren) TRSENSA32710 ISIN Kodlu Tahvilin 5. Kupon Faiz Oranının Belirlenmesi.,https://www.kap.org.tr/tr/Bildirim/1612027,tr,2026-06-02T17:27:40+00:00
2026-06-02,ENPRA,KAP,ENPARA BANK A.Ş. - Özel Durum Açıklaması (Genel),Özel Durum Açıklaması (Genel) Takipteki Kredi Portföyünden Satış,https://www.kap.org.tr/tr/Bildirim/1612013,tr,2026-06-02T17:09:10+00:00
2026-06-02,ERGLI,KAP,EREĞLİ TEKSTİL TURİZM SANAYİ VE TİCARET A.Ş. - Özel Durum Açıklaması (Genel),Özel Durum Açıklaması (Genel) Hisse Rehini Kaldırılması Hk. TMSN,https://www.kap.org.tr/tr/Bildirim/1612164,tr,2026-06-02T18:29:50+00:00
2026-06-02,ESEN,KAP,ESENBOĞA ELEKTRİK ÜRETİM A.Ş. - Özel Durum Açıklaması (Genel),Özel Durum Açıklaması (Genel) Margün Enerji Üretim Sanayi ve Ticaret A.Ş. Paylarına İlişkin Hızlandırılmış Talep Toplama Sürecinin Başlaması MAGEN,https://www.kap.org.tr/tr/Bildirim/1612167,tr,2026-06-02T18:32:19+00:00
2026-06-02,ETYAT,KAP,EURO TREND YATIRIM ORTAKLIĞI A.Ş. - Özel Durum Açıklaması (Genel),"Özel Durum Açıklaması (Genel) BİAŞ'da oluşan ağırlıklı ortalama fiyatın,pay başına net aktif değerin 2 katını aşması",https://www.kap.org.tr/tr/Bildirim/1611886,tr,2026-06-02T14:57:06+00:00
2026-06-02,EUKYO,KAP,EURO KAPİTAL YATIRIM ORTAKLIĞI A.Ş. - Özel Durum Açıklaması (Genel),"Özel Durum Açıklaması (Genel) BİAŞ'da oluşan ağırlıklı ortalama fiyatın,pay başına net aktif değerin 2 katını aşması",https://www.kap.org.tr/tr/Bildirim/1611887,tr,2026-06-02T14:57:38+00:00
2026-06-02,EUPWR,KAP,EUROPOWER ENERJİ VE OTOMASYON TEKNOLOJİLERİ SANAYİ TİCARET A.Ş. - İhale Süreci / Sonucu,İhale Süreci / Sonucu Peak PV İhale Sonucu Hakkında GESAN,https://www.kap.org.tr/tr/Bildirim/1611757,tr,2026-06-02T10:17:48+00:00
2026-06-02,EUYO,KAP,EURO MENKUL KIYMET YATIRIM ORTAKLIĞI A.Ş. - Özel Durum Açıklaması (Genel),"Özel Durum Açıklaması (Genel) BİAŞ'da oluşan ağırlıklı ortalama fiyatın,pay başına net aktif değerin 2 katını aşması",https://www.kap.org.tr/tr/Bildirim/1611885,tr,2026-06-02T14:56:29+00:00
2026-06-02,FRIGO,KAP,FRİGO-PAK GIDA MADDELERİ SANAYİ VE TİCARET A.Ş. - Şirket Genel Bilgi Formu,Şirket Genel Bilgi Formu,https://www.kap.org.tr/tr/Bildirim/1611858,tr,2026-06-02T14:17:01+00:00
2026-06-02,GARAN,KAP,TÜRKİYE GARANTİ BANKASI A.Ş. - Pay Dışında Sermaye Piyasası Aracı İşlemlerine İlişkin Bildirim (Faiz İçeren),Pay Dışında Sermaye Piyasası Aracı İşlemlerine İlişkin Bildirim (Faiz İçeren) MTN ihracı itfası,https://www.kap.org.tr/tr/Bildirim/1612065,tr,2026-06-02T18:10:44+00:00
2026-06-02,GARAN,KAP,TÜRKİYE GARANTİ BANKASI A.Ş. - Pay Dışında Sermaye Piyasası Aracı İşlemlerine İlişkin Bildirim (Faiz İçeren),Pay Dışında Sermaye Piyasası Aracı İşlemlerine İlişkin Bildirim (Faiz İçeren) MTN ihracı itfası,https://www.kap.org.tr/tr/Bildirim/1612066,tr,2026-06-02T18:10:59+00:00
2026-06-02,GARAN,KAP,TÜRKİYE GARANTİ BANKASI A.Ş. - Pay Dışında Sermaye Piyasası Aracı İşlemlerine İlişkin Bildirim (Faiz İçeren),Pay Dışında Sermaye Piyasası Aracı İşlemlerine İlişkin Bildirim (Faiz İçeren) MTN ihracı itfası,https://www.kap.org.tr/tr/Bildirim/1612083,tr,2026-06-02T18:11:14+00:00
2026-06-02,GLRMK,KAP,GÜLERMAK AĞIR SANAYİ İNŞAAT VE TAAHHÜT A.Ş. - Genel Kurul İşlemlerine İlişkin Bildirim,Genel Kurul İşlemlerine İlişkin Bildirim 2025 Yılı Olağan Genel Kurul Toplantısı Sonucu,https://www.kap.org.tr/tr/Bildirim/1612032,tr,2026-06-02T17:34:59+00:00
2026-06-02,GLRMK,KAP,GÜLERMAK AĞIR SANAYİ İNŞAAT VE TAAHHÜT A.Ş. - Kar Payı Dağıtım İşlemlerine İlişkin Bildirim,Kar Payı Dağıtım İşlemlerine İlişkin Bildirim Kâr Payı Dağıtımına İlişkin Genel Kurul Kararı,https://www.kap.org.tr/tr/Bildirim/1612055,tr,2026-06-02T17:55:06+00:00
2026-06-02,GLRMK,KAP,GÜLERMAK AĞIR SANAYİ İNŞAAT VE TAAHHÜT A.Ş. - Bağımsız Denetim Kuruluşunun Belirlenmesi,Bağımsız Denetim Kuruluşunun Belirlenmesi Bağımsız Denetim Şirketi Seçimi Hakkında,https://www.kap.org.tr/tr/Bildirim/1612056,tr,2026-06-02T17:56:03+00:00
2026-06-02,GLRYH,KAP,GÜLER YATIRIM HOLDİNG A.Ş. - Özel Durum Açıklaması (Genel),Özel Durum Açıklaması (Genel) Girişim Yatırımından Çıkış Yapılması Hk. PRDGS,https://www.kap.org.tr/tr/Bildirim/1612175,tr,2026-06-02T18:42:38+00:00
2026-06-02,GLYHO,KAP,GLOBAL YATIRIM HOLDİNG A.Ş. - Payların Geri Alınmasına İlişkin Bildirim,Payların Geri Alınmasına İlişkin Bildirim 02.06.2026 Tarihli Pay Geri Alım İşlemleri,https://www.kap.org.tr/tr/Bildirim/1612166,tr,2026-06-02T18:30:28+00:00
2026-06-02,GRNYO,KAP,GARANTİ YATIRIM ORTAKLIĞI A.Ş. - Özel Durum Açıklaması (Genel),"Özel Durum Açıklaması (Genel) Paylarının BİAŞ'ta oluşan ağırlıklı ortalama fiyatının, pay başına net aktif değerinin 2 katını aşması hakkında.",https://www.kap.org.tr/tr/Bildirim/1611782,tr,2026-06-02T11:21:52+00:00
2026-06-02,GSDHO,KAP,GSD HOLDİNG A.Ş. - Özel Durum Açıklaması (Genel),Özel Durum Açıklaması (Genel) GSD 4 Limited tarafından bir adet kuru yük gemisi satın alınması,https://www.kap.org.tr/tr/Bildirim/1612176,tr,2026-06-02T18:47:58+00:00
2026-06-02,GSDHO,KAP,GSD HOLDİNG A.Ş. - Özel Durum Açıklaması (Genel),Özel Durum Açıklaması (Genel) Şirketimizin bağlı ortaklığı GSD Shipping B.V. tarafından yeni inşa edilecek kuru yük gemisi alımı ile ilgili niyet mektubu imzalanması hakkında,https://www.kap.org.tr/tr/Bildirim/1612177,tr,2026-06-02T18:48:13+00:00
2026-06-02,HALKB,KAP,TÜRKİYE HALK BANKASI A.Ş. - Şirket Genel Bilgi Formu,Şirket Genel Bilgi Formu,https://www.kap.org.tr/tr/Bildirim/1612057,tr,2026-06-02T17:58:14+00:00
2026-06-02,HDFFL,KAP,HEDEF ARAÇ KİRALAMA VE SERVİS A.Ş. - Pay Dışında Sermaye Piyasası Aracı İşlemlerine İlişkin Bildirim (Faiz İçeren),Pay Dışında Sermaye Piyasası Aracı İşlemlerine İlişkin Bildirim (Faiz İçeren) 4. Kupon Oranının Belirlenmesi,https://www.kap.org.tr/tr/Bildirim/1612210,tr,2026-06-02T21:01:45+00:00
2026-06-02,HEDEF,KAP,HEDEF HOLDİNG A.Ş. - Özel Durum Açıklaması (Genel),Özel Durum Açıklaması (Genel) İştirakimiz Colendi Menkul Değerler A.Ş.'nin. Sermaye Artırım İşlemi Hk. COL,https://www.kap.org.tr/tr/Bildirim/1612105,tr,2026-06-02T18:12:05+00:00
2026-06-02,HEDEF,KAP,HEDEF HOLDİNG A.Ş. - Özel Durum Açıklaması (Genel),Özel Durum Açıklaması (Genel) Yönetim Kurulu Üyesi İstifası Hk.,https://www.kap.org.tr/tr/Bildirim/1612108,tr,2026-06-02T18:12:30+00:00
2026-06-02,HEDEF,KAP,HEDEF HOLDİNG A.Ş. - Şirket Genel Bilgi Formu,Şirket Genel Bilgi Formu,https://www.kap.org.tr/tr/Bildirim/1612111,tr,2026-06-02T18:12:41+00:00
2026-06-02,HLVKS,KAP,HALK VARLIK KİRALAMA A.Ş. - Pay Dışında Sermaye Piyasası Aracı İşlemlerine İlişkin Bildirim (Faizsiz),Pay Dışında Sermaye Piyasası Aracı İşlemlerine İlişkin Bildirim (Faizsiz) TRDHVKA32715 ISIN Kodlu Kira Sertifikası İhracının Birinci Dönem Dönemsel Getiri Ödemesi HALKF,https://www.kap.org.tr/tr/Bildirim/1611785,tr,2026-06-02T11:32:49+00:00
2026-06-02,HLVKS,KAP,HALK VARLIK KİRALAMA A.Ş. - Tertip İhraç Belgesi,Tertip İhraç Belgesi Emlak Konut GYO 10.Tertip İhraç Belgesi EKGYO,https://www.kap.org.tr/tr/Bildirim/1611788,tr,2026-06-02T11:39:25+00:00
2026-06-02,HUZFA,KAP,HUZUR FAKTORİNG A.Ş. - Pay Dışında Sermaye Piyasası Aracı İşlemlerine İlişkin Bildirim (Faiz İçeren),Pay Dışında Sermaye Piyasası Aracı İşlemlerine İlişkin Bildirim (Faiz İçeren) TRFHZRF92610 ISIN KODLU FİNANSMAN BONOSU 3.KUPON ORANI BELİRLENMESİ,https://www.kap.org.tr/tr/Bildirim/1611975,tr,2026-06-02T16:36:16+00:00
2026-06-02,IHLAS,KAP,İHLAS HOLDİNG A.Ş. - Sermaye Artırımı - Azaltımı İşlemlerine İlişkin Bildirim,Sermaye Artırımı - Azaltımı İşlemlerine İlişkin Bildirim Bedelli Sermaye Artırımına İlişkin Alınan Yönetim Kurulu Kararının Revizesi Hakkında,https://www.kap.org.tr/tr/Bildirim/1612048,tr,2026-06-02T17:45:09+00:00
2026-06-02,INFO,KAP,İNFO YATIRIM MENKUL DEĞERLER A.Ş. - Özel Durum Açıklaması (Genel),Özel Durum Açıklaması (Genel) Yönetim Kurulu Üyesi Ataması hk.,https://www.kap.org.tr/tr/Bildirim/1612082,tr,2026-06-02T18:11:12+00:00
2026-06-02,INGRM,KAP,INGRAM MİCRO BİLİŞİM SİSTEMLERİ A.Ş. - Genel Kurul İşlemlerine İlişkin Bildirim,Genel Kurul İşlemlerine İlişkin Bildirim 2025 Yılı Olağan Genel Kurul Toplantısı,https://www.kap.org.tr/tr/Bildirim/1612019,tr,2026-06-02T17:13:22+00:00
2026-06-02,INGRM,KAP,INGRAM MİCRO BİLİŞİM SİSTEMLERİ A.Ş. - Kar Payı Dağıtım İşlemlerine İlişkin Bildirim,Kar Payı Dağıtım İşlemlerine İlişkin Bildirim 2025 yılı Kar Payı Dağıtımına İlişkin Yönetim Kurulu Kararı,https://www.kap.org.tr/tr/Bildirim/1612023,tr,2026-06-02T17:18:46+00:00
2026-06-02,INVEO,KAP,INVEO YATIRIM HOLDİNG A.Ş. - Şirket Genel Bilgi Formu,Şirket Genel Bilgi Formu,https://www.kap.org.tr/tr/Bildirim/1612062,tr,2026-06-02T18:10:20+00:00
2026-06-02,ISATR,KAP,TÜRKİYE İŞ BANKASI A.Ş. - Pay Dışında Sermaye Piyasası Aracı İşlemlerine İlişkin Bildirim (Faiz İçeren),Pay Dışında Sermaye Piyasası Aracı İşlemlerine İlişkin Bildirim (Faiz İçeren) Yurtdışı Piyasalara Tahvil İhracı,https://www.kap.org.tr/tr/Bildirim/1611786,tr,2026-06-02T11:35:03+00:00
2026-06-02,ISBTR,KAP,TÜRKİYE İŞ BANKASI A.Ş. - Pay Dışında Sermaye Piyasası Aracı İşlemlerine İlişkin Bildirim (Faiz İçeren),Pay Dışında Sermaye Piyasası Aracı İşlemlerine İlişkin Bildirim (Faiz İçeren) Yurtdışı Piyasalara Tahvil İhracı,https://www.kap.org.tr/tr/Bildirim/1611786,tr,2026-06-02T11:35:03+00:00
2026-06-02,ISCTR,KAP,TÜRKİYE İŞ BANKASI A.Ş. - Pay Dışında Sermaye Piyasası Aracı İşlemlerine İlişkin Bildirim (Faiz İçeren),Pay Dışında Sermaye Piyasası Aracı İşlemlerine İlişkin Bildirim (Faiz İçeren) Yurtdışı Piyasalara Tahvil İhracı,https://www.kap.org.tr/tr/Bildirim/1611786,tr,2026-06-02T11:35:03+00:00
2026-06-02,ISKUR,KAP,TÜRKİYE İŞ BANKASI A.Ş. - Pay Dışında Sermaye Piyasası Aracı İşlemlerine İlişkin Bildirim (Faiz İçeren),Pay Dışında Sermaye Piyasası Aracı İşlemlerine İlişkin Bildirim (Faiz İçeren) Yurtdışı Piyasalara Tahvil İhracı,https://www.kap.org.tr/tr/Bildirim/1611786,tr,2026-06-02T11:35:03+00:00
2026-06-02,ISMEN,KAP,İŞ YATIRIM MENKUL DEĞERLER A.Ş. - Özel Durum Açıklaması (Genel),Özel Durum Açıklaması (Genel) DO & CO Aktiengesellschaft Temettü Dağıtımı DOCO,https://www.kap.org.tr/tr/Bildirim/1611833,tr,2026-06-02T13:33:06+00:00
2026-06-02,ISMEN,KAP,İŞ YATIRIM MENKUL DEĞERLER A.Ş. - Piyasa Yapıcılığı Kapsamında Gerçekleştirilen İşlemler Bildirimi,Piyasa Yapıcılığı Kapsamında Gerçekleştirilen İşlemler Bildirimi Borsa Yatırım Fonu Piyasa Yapıcılığı İşlemleri ISGLK,https://www.kap.org.tr/tr/Bildirim/1612035,tr,2026-06-02T17:36:51+00:00
2026-06-02,ISMEN,KAP,İŞ YATIRIM MENKUL DEĞERLER A.Ş. - Yatırım Kuruluşu Varant - Sertifika - Senetlerine İlişkin Bildirim,Yatırım Kuruluşu Varant - Sertifika - Senetlerine İlişkin Bildirim İş Yatırım Sertifika ve Varant Alım Satım İşlemleri,https://www.kap.org.tr/tr/Bildirim/1612036,tr,2026-06-02T17:37:15+00:00
2026-06-02,IYF,KAP,İNFO YATIRIM MENKUL DEĞERLER A.Ş. - Özel Durum Açıklaması (Genel),Özel Durum Açıklaması (Genel) Yönetim Kurulu Üyesi Ataması hk.,https://www.kap.org.tr/tr/Bildirim/1612082,tr,2026-06-02T18:11:12+00:00
2026-06-02,IYM,KAP,İŞ YATIRIM MENKUL DEĞERLER A.Ş. - Özel Durum Açıklaması (Genel),Özel Durum Açıklaması (Genel) DO & CO Aktiengesellschaft Temettü Dağıtımı DOCO,https://www.kap.org.tr/tr/Bildirim/1611833,tr,2026-06-02T13:33:06+00:00
2026-06-02,IYM,KAP,İŞ YATIRIM MENKUL DEĞERLER A.Ş. - Piyasa Yapıcılığı Kapsamında Gerçekleştirilen İşlemler Bildirimi,Piyasa Yapıcılığı Kapsamında Gerçekleştirilen İşlemler Bildirimi Borsa Yatırım Fonu Piyasa Yapıcılığı İşlemleri ISGLK,https://www.kap.org.tr/tr/Bildirim/1612035,tr,2026-06-02T17:36:51+00:00
2026-06-02,IYM,KAP,İŞ YATIRIM MENKUL DEĞERLER A.Ş. - Yatırım Kuruluşu Varant - Sertifika - Senetlerine İlişkin Bildirim,Yatırım Kuruluşu Varant - Sertifika - Senetlerine İlişkin Bildirim İş Yatırım Sertifika ve Varant Alım Satım İşlemleri,https://www.kap.org.tr/tr/Bildirim/1612036,tr,2026-06-02T17:37:15+00:00
2026-06-02,IZFAS,KAP,İZMİR FIRÇA SANAYİ VE TİCARET A.Ş. - Genel Kurul İşlemlerine İlişkin Bildirim,Genel Kurul İşlemlerine İlişkin Bildirim ERTELENEN 2025 YILI OLAĞAN GENEL KURUL TOPLANTISI YAPILMIŞTIR,https://www.kap.org.tr/tr/Bildirim/1611888,tr,2026-06-02T15:05:24+00:00
2026-06-02,IZFAS,KAP,İZMİR FIRÇA SANAYİ VE TİCARET A.Ş. - Kar Payı Dağıtım İşlemlerine İlişkin Bildirim,Kar Payı Dağıtım İşlemlerine İlişkin Bildirim 2025 YILI KAR PAYI DAĞITIMI 2025 GENEL KURUL TOPLANTISINDA GÖRÜŞÜLMÜŞTÜR.,https://www.kap.org.tr/tr/Bildirim/1611890,tr,2026-06-02T15:14:49+00:00
2026-06-02,IZFAS,KAP,İZMİR FIRÇA SANAYİ VE TİCARET A.Ş. - Bağımsız Denetim Kuruluşunun Belirlenmesi,Bağımsız Denetim Kuruluşunun Belirlenmesi 2026 YILI İÇİN BAĞIMSIZ DENETİM ŞİRKLETİNİN SEÇİMİNİN GENEL KURULDA ONAYLANMASI,https://www.kap.org.tr/tr/Bildirim/1611893,tr,2026-06-02T15:22:20+00:00
2026-06-02,KAREL,KAP,KAREL ELEKTRONİK SANAYİ VE TİCARET A.Ş. - Özel Durum Açıklaması (Genel),Özel Durum Açıklaması (Genel) Yatırımcı Sunumu Hk.,https://www.kap.org.tr/tr/Bildirim/1611928,tr,2026-06-02T15:51:09+00:00
2026-06-02,KAREL,KAP,KAREL ELEKTRONİK SANAYİ VE TİCARET A.Ş. - Sermaye Artırımı - Azaltımı İşlemlerine İlişkin Bildirim,Sermaye Artırımı - Azaltımı İşlemlerine İlişkin Bildirim Tahsisli Sermaye Artırımı Borsa Başvurusu Pay Satış Fiyatı Hk.,https://www.kap.org.tr/tr/Bildirim/1612208,tr,2026-06-02T20:09:54+00:00
2026-06-02,KLYPV,KAP,KALYON GÜNEŞ TEKNOLOJİLERİ ÜRETİM A.Ş. - Genel Kurul İşlemlerine İlişkin Bildirim,Genel Kurul İşlemlerine İlişkin Bildirim 2025 Olağan Genel Kurul Toplantı Tutanağı Düzeltmesi,https://www.kap.org.tr/tr/Bildirim/1611980,tr,2026-06-02T16:48:49+00:00
2026-06-02,KLYPV,KAP,KALYON GÜNEŞ TEKNOLOJİLERİ ÜRETİM A.Ş. - Genel Kurul İşlemlerine İlişkin Bildirim,Genel Kurul İşlemlerine İlişkin Bildirim 2025 Yılı Olağan Genel Kurul Toplantısı Sonuçlarının Tescili,https://www.kap.org.tr/tr/Bildirim/1612014,tr,2026-06-02T17:10:27+00:00
2026-06-02,KLYPV,KAP,KALYON GÜNEŞ TEKNOLOJİLERİ ÜRETİM A.Ş. - Bağımsız Denetim Kuruluşunun Belirlenmesi,Bağımsız Denetim Kuruluşunun Belirlenmesi Bağımsız Denetim Kuruluşu seçiminin tescil ve ilanı,https://www.kap.org.tr/tr/Bildirim/1612020,tr,2026-06-02T17:14:32+00:00
2026-06-02,KNTFA,KAP,KENT FİNANS FAKTORİNG A.Ş. - Pay Dışında Sermaye Piyasası Aracı İşlemlerine İlişkin Bildirim (Faiz İçeren),Pay Dışında Sermaye Piyasası Aracı İşlemlerine İlişkin Bildirim (Faiz İçeren) Finansman Bonosu ve Kupon Ödemesi Hk.,https://www.kap.org.tr/tr/Bildirim/1611944,tr,2026-06-02T16:18:54+00:00
2026-06-02,KTLEV,KAP,KATILIMEVİM TASARRUF FİNANSMAN A.Ş. - Özel Durum Açıklaması (Genel),Özel Durum Açıklaması (Genel) Antalya Alanya Şube Açılışı Hk.,https://www.kap.org.tr/tr/Bildirim/1611835,tr,2026-06-02T13:40:57+00:00
2026-06-02,KTSVK,KAP,KT SUKUK VARLIK KİRALAMA A.Ş. - Pay Dışında Sermaye Piyasası Aracı İşlemlerine İlişkin Bildirim (Faizsiz),Pay Dışında Sermaye Piyasası Aracı İşlemlerine İlişkin Bildirim (Faizsiz) TRDKTSK62654 ISIN Kodlu Kira Sertifikası İtfa ve Kupon Ödemesi Hk. DINCR,https://www.kap.org.tr/tr/Bildirim/1611767,tr,2026-06-02T10:37:11+00:00
2026-06-02,KZBGY,KAP,KIZILBÜK GAYRİMENKUL YATIRIM ORTAKLIĞI A.Ş. - Özel Durum Açıklaması (Genel),Özel Durum Açıklaması (Genel) Marmaris Sinpaş Kızılbük Thermal Wellness Resort Projemize Ait Güncel Satış Bilgisi Hk.,https://www.kap.org.tr/tr/Bildirim/1612214,tr,2026-06-02T22:58:18+00:00
2026-06-02,LIDFA,KAP,LİDER FAKTORİNG A.Ş. - Pay Dışında Sermaye Piyasası Aracı İşlemlerine İlişkin Bildirim (Faiz İçeren),Pay Dışında Sermaye Piyasası Aracı İşlemlerine İlişkin Bildirim (Faiz İçeren) TRFLDFK32719 ISIN Kodlu BOno Kupon Oranı,https://www.kap.org.tr/tr/Bildirim/1611979,tr,2026-06-02T16:47:42+00:00
2026-06-02,MGROS,KAP,MİGROS TİCARET A.Ş. - Özel Durum Açıklaması (Genel),Özel Durum Açıklaması (Genel) Üst Yönetim Değişikliği,https://www.kap.org.tr/tr/Bildirim/1612203,tr,2026-06-02T19:57:53+00:00
2026-06-02,MGROS,KAP,MİGROS TİCARET A.Ş. - Şirket Genel Bilgi Formu,Şirket Genel Bilgi Formu,https://www.kap.org.tr/tr/Bildirim/1612204,tr,2026-06-02T19:58:05+00:00
2026-06-02,MGROS,KAP,MİGROS TİCARET A.Ş. - Esas Sözleşme,Esas Sözleşme Esas Sözleşme,https://www.kap.org.tr/tr/Bildirim/1612205,tr,2026-06-02T19:58:48+00:00
2026-06-02,MINTF,KAP,MİNT FİNANSMAN A.Ş. - Pay Dışında Sermaye Piyasası Aracı İşlemlerine İlişkin Bildirim (Faiz İçeren),Pay Dışında Sermaye Piyasası Aracı İşlemlerine İlişkin Bildirim (Faiz İçeren) TRFMINTA2619 ISIN Kodlu 75.000.000 TL Tutarındaki Bononun 2. Kupon Ödemesi Hakkında,https://www.kap.org.tr/tr/Bildirim/1611945,tr,2026-06-02T16:20:38+00:00
2026-06-02,MOBTL,KAP,MOBİLTEL İLETİŞİM HİZMETLERİ SANAYİ VE TİCARET A.Ş. - Genel Kurul İşlemlerine İlişkin Bildirim,Genel Kurul İşlemlerine İlişkin Bildirim 2025 Yılı Olağan Genel Kurul Toplantı Sonucu,https://www.kap.org.tr/tr/Bildirim/1612025,tr,2026-06-02T17:24:53+00:00
2026-06-02,MOBTL,KAP,MOBİLTEL İLETİŞİM HİZMETLERİ SANAYİ VE TİCARET A.Ş. - Kar Payı Dağıtım İşlemlerine İlişkin Bildirim,Kar Payı Dağıtım İşlemlerine İlişkin Bildirim 2025 Yılı Kar-Zarar Dağıtımı Hakkında Genel Kurul Kararı,https://www.kap.org.tr/tr/Bildirim/1612030,tr,2026-06-02T17:31:37+00:00
2026-06-02,MOBTL,KAP,MOBİLTEL İLETİŞİM HİZMETLERİ SANAYİ VE TİCARET A.Ş. - Bağımsız Denetim Kuruluşunun Belirlenmesi,Bağımsız Denetim Kuruluşunun Belirlenmesi Bağımsız Denetim Şirketinin Seçimi,https://www.kap.org.tr/tr/Bildirim/1612042,tr,2026-06-02T17:38:45+00:00
2026-06-02,MOBTL,KAP,MOBİLTEL İLETİŞİM HİZMETLERİ SANAYİ VE TİCARET A.Ş. - Kayıtlı Sermaye Tavanı İşlemlerine İlişkin Bildirim,Kayıtlı Sermaye Tavanı İşlemlerine İlişkin Bildirim Kayıtlı Sermaye Tavanı Genel Kurul Onayı Hakkında,https://www.kap.org.tr/tr/Bildirim/1612053,tr,2026-06-02T17:51:06+00:00
2026-06-02,MOBTL,KAP,MOBİLTEL İLETİŞİM HİZMETLERİ SANAYİ VE TİCARET A.Ş. - Bağımsız Denetim Kuruluşunun Belirlenmesi,Bağımsız Denetim Kuruluşunun Belirlenmesi Sürdürülebilirlik Güvence Denetimi Şirketinin Belirlenmesi Hk.,https://www.kap.org.tr/tr/Bildirim/1612060,tr,2026-06-02T18:01:19+00:00
2026-06-02,MRSHL,KAP,MARSHALL BOYA VE VERNİK SANAYİİ A.Ş. - Yönetim Kurulu Komiteleri,Yönetim Kurulu Komiteleri Komite Çalışma Esaslarının Güncellenmesi,https://www.kap.org.tr/tr/Bildirim/1611857,tr,2026-06-02T14:12:17+00:00
2026-06-02,NRBNK,KAP,NUROL YATIRIM BANKASI A.Ş. - Pay Dışında Sermaye Piyasası Aracı İşlemlerine İlişkin Bildirim (Faiz İçeren),Pay Dışında Sermaye Piyasası Aracı İşlemlerine İlişkin Bildirim (Faiz İçeren) TRSNURL62720 ISIN Kodlu Tahvil Satışının Tamamlanması,https://www.kap.org.tr/tr/Bildirim/1611802,tr,2026-06-02T12:22:04+00:00
2026-06-02,NYB,KAP,NUROL YATIRIM BANKASI A.Ş. - Pay Dışında Sermaye Piyasası Aracı İşlemlerine İlişkin Bildirim (Faiz İçeren),Pay Dışında Sermaye Piyasası Aracı İşlemlerine İlişkin Bildirim (Faiz İçeren) TRSNURL62720 ISIN Kodlu Tahvil Satışının Tamamlanması,https://www.kap.org.tr/tr/Bildirim/1611802,tr,2026-06-02T12:22:04+00:00
2026-06-02,ODINE,KAP,ODİNE SOLUTİONS TEKNOLOJİ TİCARET VE SANAYİ A.Ş. - Kurumsal Yönetim İlkelerine Uyum Derecelendirmesi,Kurumsal Yönetim İlkelerine Uyum Derecelendirmesi Kurumsal Yönetim Derecelendirme Sözleşmesi Hakkında,https://www.kap.org.tr/tr/Bildirim/1611734,tr,2026-06-02T08:47:24+00:00
2026-06-02,ONRYT,KAP,ONUR YÜKSEK TEKNOLOJİ A.Ş. - Özel Durum Açıklaması (Genel),Özel Durum Açıklaması (Genel) Yönetim Kurulu Görev Dağılımı Hakkında,https://www.kap.org.tr/tr/Bildirim/1612146,tr,2026-06-02T18:13:59+00:00
2026-06-02,ONRYT,KAP,ONUR YÜKSEK TEKNOLOJİ A.Ş. - Yönetim Kurulu Komiteleri,Yönetim Kurulu Komiteleri Yönetim Kurulu Komite Üyelerinin Belirlenmesi,https://www.kap.org.tr/tr/Bildirim/1612147,tr,2026-06-02T18:14:40+00:00
2026-06-02,ONRYT,KAP,ONUR YÜKSEK TEKNOLOJİ A.Ş. - Özel Durum Açıklaması (Genel),Özel Durum Açıklaması (Genel) Yönetim Kurulu Başkanı ve Genel Müdürün Aynı Kişi Olmasının Gerekçesi Hk.,https://www.kap.org.tr/tr/Bildirim/1612148,tr,2026-06-02T18:15:18+00:00
2026-06-02,ONRYT,KAP,ONUR YÜKSEK TEKNOLOJİ A.Ş. - Şirket Genel Bilgi Formu,Şirket Genel Bilgi Formu,https://www.kap.org.tr/tr/Bildirim/1612149,tr,2026-06-02T18:15:52+00:00
2026-06-02,ORFIN,KAP,ORFİN FİNANSMAN A.Ş. - İhraç Tavanına İlişkin Bildirim,İhraç Tavanına İlişkin Bildirim 07.05.2026 TARİHLİ İHRAÇ BELGESİ VE SPK ONAYI,https://www.kap.org.tr/tr/Bildirim/1611769,tr,2026-06-02T10:43:35+00:00
2026-06-02,ORFIN,KAP,ORFİN FİNANSMAN A.Ş. - İhraç Belgesi,İhraç Belgesi 08.05.2026 TARİHLİ İHRAÇ BELGESİ,https://www.kap.org.tr/tr/Bildirim/1611770,tr,2026-06-02T10:45:15+00:00
2026-06-02,ORGE,KAP,ORGE ENERJİ ELEKTRİK TAAHHÜT A.Ş. - Sürdürülebilirlik Raporu,Sürdürülebilirlik Raporu 2025 Yılı TSRS Uyumlu Sürdürülebilirlik Raporu,https://www.kap.org.tr/tr/Bildirim/1612110,tr,2026-06-02T18:12:33+00:00
2026-06-02,ORMA,KAP,ORMA ORMAN MAHSÜLLERİ İNTEGRE SANAYİ VE TİCARET A.Ş. - Şirket Genel Bilgi Formu,Şirket Genel Bilgi Formu,https://www.kap.org.tr/tr/Bildirim/1611733,tr,2026-06-02T08:45:17+00:00
2026-06-02,OTKAR,KAP,OTOKAR OTOMOTİV VE SAVUNMA SANAYİ A.Ş. - Pay Dışında Sermaye Piyasası Aracı İşlemlerine İlişkin Bildirim (Faiz İçeren),Pay Dışında Sermaye Piyasası Aracı İşlemlerine İlişkin Bildirim (Faiz İçeren) Tahvil İhracı Talep Toplama,https://www.kap.org.tr/tr/Bildirim/1611736,tr,2026-06-02T08:56:57+00:00
2026-06-02,OTKAR,KAP,OTOKAR OTOMOTİV VE SAVUNMA SANAYİ A.Ş. - Pay Dışında Sermaye Piyasası Aracı İşlemlerine İlişkin Bildirim (Faiz İçeren),Pay Dışında Sermaye Piyasası Aracı İşlemlerine İlişkin Bildirim (Faiz İçeren) Tahvil İhracı - Satışın Tamamlanması,https://www.kap.org.tr/tr/Bildirim/1612155,tr,2026-06-02T18:20:49+00:00
2026-06-02,OTKAR,KAP,OTOKAR OTOMOTİV VE SAVUNMA SANAYİ A.Ş. - Özel Durum Açıklaması (Genel),Özel Durum Açıklaması (Genel) Automecanica S.A. paylarının devralınması işlemine ilişkin Romanya doğrudan yabancı yatırım otoritesi izni,https://www.kap.org.tr/tr/Bildirim/1612209,tr,2026-06-02T21:01:45+00:00
2026-06-02,OYA,KAP,OYAK YATIRIM MENKUL DEĞERLER A.Ş. - Piyasa Yapıcılığı Kapsamında Gerçekleştirilen İşlemler Bildirimi,Piyasa Yapıcılığı Kapsamında Gerçekleştirilen İşlemler Bildirimi 02/06/2026 TARİHLİ OYAYO PİYASA YAPICILIĞI İŞLEMLERİ OYAYO,https://www.kap.org.tr/tr/Bildirim/1612168,tr,2026-06-02T18:33:43+00:00
2026-06-02,OYAYO,KAP,OYAK YATIRIM ORTAKLIĞI A.Ş. - Özel Durum Açıklaması (Genel),"Özel Durum Açıklaması (Genel) Ortaklık paylarının BİAŞ'ta oluşan ağırlıklı ortalama fiyatının, pay başına net aktif değerinin 2 katını aşması hakkında",https://www.kap.org.tr/tr/Bildirim/1611807,tr,2026-06-02T12:40:34+00:00
2026-06-02,OYYAT,KAP,OYAK YATIRIM MENKUL DEĞERLER A.Ş. - Piyasa Yapıcılığı Kapsamında Gerçekleştirilen İşlemler Bildirimi,Piyasa Yapıcılığı Kapsamında Gerçekleştirilen İşlemler Bildirimi 02/06/2026 TARİHLİ OYAYO PİYASA YAPICILIĞI İŞLEMLERİ OYAYO,https://www.kap.org.tr/tr/Bildirim/1612168,tr,2026-06-02T18:33:43+00:00
2026-06-02,PETKM,KAP,PETKİM PETROKİMYA HOLDİNG A.Ş. - Şirket Genel Bilgi Formu,Şirket Genel Bilgi Formu,https://www.kap.org.tr/tr/Bildirim/1612150,tr,2026-06-02T18:16:22+00:00
2026-06-02,PETKM,KAP,PETKİM PETROKİMYA HOLDİNG A.Ş. - Özel Durum Açıklaması (Genel),Özel Durum Açıklaması (Genel) Kolaylaştırılmış Birleşme Nedeniyle Çoğunluk Doğrudan Hissedar Değişikliği,https://www.kap.org.tr/tr/Bildirim/1612151,tr,2026-06-02T18:16:33+00:00
2026-06-02,PKART,KAP,PLASTİKKART AKILLI KART İLETİŞİM SİSTEMLERİ SANAYİ VE TİCARET A.Ş. - Sermaye Artırımı - Azaltımı İşlemlerine İlişkin Bildirim,Sermaye Artırımı - Azaltımı İşlemlerine İlişkin Bildirim İçsel Kaynaklardan Yapılacak Sermaye Artışı T.C. Ticaret Bakanlığı Onayı Hk.,https://www.kap.org.tr/tr/Bildirim/1611932,tr,2026-06-02T16:01:12+00:00
2026-06-02,PNSUT,KAP,PINAR SÜT MAMÜLLERİ SANAYİİ A.Ş. - Pay Dışında Sermaye Piyasası Aracı İşlemlerine İlişkin Bildirim (Faiz İçeren),Pay Dışında Sermaye Piyasası Aracı İşlemlerine İlişkin Bildirim (Faiz İçeren) TRFPNST62611 ISIN Kodlu Finansman Bonosunun İtfası,https://www.kap.org.tr/tr/Bildirim/1611933,tr,2026-06-02T16:01:35+00:00
2026-06-02,QNBFF,KAP,QNB FAKTORİNG A.Ş. - Pay Dışında Sermaye Piyasası Aracı İşlemlerine İlişkin Bildirim (Faiz İçeren),"Pay Dışında Sermaye Piyasası Aracı İşlemlerine İlişkin Bildirim (Faiz İçeren) TRFQNBFA2618 ISIN kodlu 500,000,000 TL nominal tutarlı 182 gün vadeli finansman bonolarının satışı tamamlanmıştır.",https://www.kap.org.tr/tr/Bildirim/1611739,tr,2026-06-02T09:14:01+00:00
2026-06-02,QNBFF,KAP,QNB FAKTORİNG A.Ş. - Pay Dışında Sermaye Piyasası Aracı İşlemlerine İlişkin Bildirim (Faiz İçeren),Pay Dışında Sermaye Piyasası Aracı İşlemlerine İlişkin Bildirim (Faiz İçeren) TRFQNBF62614 ISIN nolu finansman bonosunun itfası gerçekleşmiştir.,https://www.kap.org.tr/tr/Bildirim/1611745,tr,2026-06-02T09:41:23+00:00
2026-06-02,SASA,KAP,SASA POLYESTER SANAYİ A.Ş. - Özel Durum Açıklaması (Genel),Özel Durum Açıklaması (Genel) Şirket Satış Performansına İlişkin Bilgilendirme,https://www.kap.org.tr/tr/Bildirim/1611742,tr,2026-06-02T09:33:25+00:00
2026-06-02,SEK,KAP,ŞEKERBANK T.A.Ş. - Pay Dışında Sermaye Piyasası Aracı İşlemlerine İlişkin Bildirim (Faiz İçeren),Pay Dışında Sermaye Piyasası Aracı İşlemlerine İlişkin Bildirim (Faiz İçeren) TRSSKBKA0017 ISIN Kodlu Sermaye Benzeri Borçlanma Aracı Kupon Oranı Hk.,https://www.kap.org.tr/tr/Bildirim/1612192,tr,2026-06-02T19:12:54+00:00
2026-06-02,SKBNK,KAP,ŞEKERBANK T.A.Ş. - Pay Dışında Sermaye Piyasası Aracı İşlemlerine İlişkin Bildirim (Faiz İçeren),Pay Dışında Sermaye Piyasası Aracı İşlemlerine İlişkin Bildirim (Faiz İçeren) TRSSKBKA0017 ISIN Kodlu Sermaye Benzeri Borçlanma Aracı Kupon Oranı Hk.,https://www.kap.org.tr/tr/Bildirim/1612192,tr,2026-06-02T19:12:54+00:00
2026-06-02,SMRTG,KAP,SMART GÜNEŞ ENERJİSİ TEKNOLOJİLERİ ARAŞTIRMA GELİŞTİRME ÜRETİM SANAYİ VE TİCARET A.Ş. - Yeni İş İlişkisi,Yeni İş İlişkisi Yeni iş ilişkisi,https://www.kap.org.tr/tr/Bildirim/1611869,tr,2026-06-02T14:50:23+00:00
2026-06-02,SMRVA,KAP,SÜMER VARLIK YÖNETİM A.Ş. - Şirket Genel Bilgi Formu,Şirket Genel Bilgi Formu,https://www.kap.org.tr/tr/Bildirim/1611943,tr,2026-06-02T16:17:27+00:00
2026-06-02,TABGD,KAP,TAB GIDA SANAYİ VE TİCARET A.Ş. - Genel Kurul İşlemlerine İlişkin Bildirim,Genel Kurul İşlemlerine İlişkin Bildirim 2025 Yılı Olağan Genel Kurul Toplantı Sonucu,https://www.kap.org.tr/tr/Bildirim/1612215,tr,2026-06-02T23:06:33+00:00
2026-06-02,TABGD,KAP,TAB GIDA SANAYİ VE TİCARET A.Ş. - Bağımsız Denetim Kuruluşunun Belirlenmesi,Bağımsız Denetim Kuruluşunun Belirlenmesi Bağımsız Denetim Kuruluşu Seçimi,https://www.kap.org.tr/tr/Bildirim/1612218,tr,2026-06-02T23:45:47+00:00
2026-06-02,TABGD,KAP,TAB GIDA SANAYİ VE TİCARET A.Ş. - Kar Payı Dağıtım İşlemlerine İlişkin Bildirim,Kar Payı Dağıtım İşlemlerine İlişkin Bildirim Yönetim Kurulunun kar payı dağıtım teklifinin Genel Kurul'da onaylanması,https://www.kap.org.tr/tr/Bildirim/1612219,tr,2026-06-02T23:46:04+00:00
2026-06-02,TAC,KAP,TACİRLER YATIRIM MENKUL DEĞERLER A.Ş. - Pay Dışında Sermaye Piyasası Aracı İşlemlerine İlişkin Bildirim (Faiz İçeren),Pay Dışında Sermaye Piyasası Aracı İşlemlerine İlişkin Bildirim (Faiz İçeren) TRFTCMD62613 Tac Bono İtfa Ödemesi,https://www.kap.org.tr/tr/Bildirim/1611766,tr,2026-06-02T10:34:06+00:00
2026-06-02,TAMFA,KAP,TAM FİNANS FAKTORİNG A.Ş. - Pay Dışında Sermaye Piyasası Aracı İşlemlerine İlişkin Bildirim (Faiz İçeren),Pay Dışında Sermaye Piyasası Aracı İşlemlerine İlişkin Bildirim (Faiz İçeren) TRFTAMF32714 ISIN Kodlu Finansman Bonosunun 1. Kupon Oranının Belirlenmesi Hakkında,https://www.kap.org.tr/tr/Bildirim/1612037,tr,2026-06-02T17:37:19+00:00
2026-06-02,TCRYT,KAP,TACİRLER YATIRIM MENKUL DEĞERLER A.Ş. - Pay Dışında Sermaye Piyasası Aracı İşlemlerine İlişkin Bildirim (Faiz İçeren),Pay Dışında Sermaye Piyasası Aracı İşlemlerine İlişkin Bildirim (Faiz İçeren) TRFTCMD62613 Tac Bono İtfa Ödemesi,https://www.kap.org.tr/tr/Bildirim/1611766,tr,2026-06-02T10:34:06+00:00
2026-06-02,TEZOL,KAP,EUROPAP TEZOL KAĞIT SANAYİ VE TİCARET A.Ş. - Payların Geri Alınmasına İlişkin Bildirim,Payların Geri Alınmasına İlişkin Bildirim Pay Geri Alım İşleminin Tamamlanması,https://www.kap.org.tr/tr/Bildirim/1612213,tr,2026-06-02T22:39:00+00:00
2026-06-02,TGB,KAP,TÜRKİYE GARANTİ BANKASI A.Ş. - Pay Dışında Sermaye Piyasası Aracı İşlemlerine İlişkin Bildirim (Faiz İçeren),Pay Dışında Sermaye Piyasası Aracı İşlemlerine İlişkin Bildirim (Faiz İçeren) MTN ihracı itfası,https://www.kap.org.tr/tr/Bildirim/1612065,tr,2026-06-02T18:10:44+00:00
2026-06-02,TGB,KAP,TÜRKİYE GARANTİ BANKASI A.Ş. - Pay Dışında Sermaye Piyasası Aracı İşlemlerine İlişkin Bildirim (Faiz İçeren),Pay Dışında Sermaye Piyasası Aracı İşlemlerine İlişkin Bildirim (Faiz İçeren) MTN ihracı itfası,https://www.kap.org.tr/tr/Bildirim/1612066,tr,2026-06-02T18:10:59+00:00
2026-06-02,TGB,KAP,TÜRKİYE GARANTİ BANKASI A.Ş. - Pay Dışında Sermaye Piyasası Aracı İşlemlerine İlişkin Bildirim (Faiz İçeren),Pay Dışında Sermaye Piyasası Aracı İşlemlerine İlişkin Bildirim (Faiz İçeren) MTN ihracı itfası,https://www.kap.org.tr/tr/Bildirim/1612083,tr,2026-06-02T18:11:14+00:00
2026-06-02,THL,KAP,TÜRKİYE HALK BANKASI A.Ş. - Şirket Genel Bilgi Formu,Şirket Genel Bilgi Formu,https://www.kap.org.tr/tr/Bildirim/1612057,tr,2026-06-02T17:58:14+00:00
2026-06-02,TIB,KAP,TÜRKİYE İŞ BANKASI A.Ş. - Pay Dışında Sermaye Piyasası Aracı İşlemlerine İlişkin Bildirim (Faiz İçeren),Pay Dışında Sermaye Piyasası Aracı İşlemlerine İlişkin Bildirim (Faiz İçeren) Yurtdışı Piyasalara Tahvil İhracı,https://www.kap.org.tr/tr/Bildirim/1611786,tr,2026-06-02T11:35:03+00:00
2026-06-02,TRILC,KAP,TURK İLAÇ VE SERUM SANAYİ A.Ş. - Özel Durum Açıklaması (Genel),Özel Durum Açıklaması (Genel) Ankara 3. Asliye Ticaret Mahkemesi'nin Şirketimiz Hakkındaki Konkordato Kararı,https://www.kap.org.tr/tr/Bildirim/1612170,tr,2026-06-02T18:38:37+00:00
2026-06-02,TUCLK,KAP,TUĞÇELİK ALÜMİNYUM VE METAL MAMÜLLERİ SANAYİ VE TİCARET A.Ş. - Kayıtlı Sermaye Tavanı İşlemlerine İlişkin Bildirim,Kayıtlı Sermaye Tavanı İşlemlerine İlişkin Bildirim Kayıtlı Sermaye Tavanının Artırılması Ve Geçerlilik Süresinin Uzatılması Hakkında Yönetim Kurulu Kararı,https://www.kap.org.tr/tr/Bildirim/1611896,tr,2026-06-02T15:33:48+00:00
2026-06-02,TVB,KAP,TÜRKİYE VAKIFLAR BANKASI T.A.O. - Pay Dışında Sermaye Piyasası Aracı İşlemlerine İlişkin Bildirim (Faiz İçeren),Pay Dışında Sermaye Piyasası Aracı İşlemlerine İlişkin Bildirim (Faiz İçeren) Nitelikli Yatırımcılara Finansman Bonosu İhracının Tamamlanması,https://www.kap.org.tr/tr/Bildirim/1611841,tr,2026-06-02T13:57:26+00:00
2026-06-02,UNLU,KAP,ÜNLÜ YATIRIM HOLDİNG A.Ş. - Şirket Genel Bilgi Formu,Şirket Genel Bilgi Formu,https://www.kap.org.tr/tr/Bildirim/1612156,tr,2026-06-02T18:21:01+00:00
2026-06-02,VAKBN,KAP,TÜRKİYE VAKIFLAR BANKASI T.A.O. - Pay Dışında Sermaye Piyasası Aracı İşlemlerine İlişkin Bildirim (Faiz İçeren),Pay Dışında Sermaye Piyasası Aracı İşlemlerine İlişkin Bildirim (Faiz İçeren) Nitelikli Yatırımcılara Finansman Bonosu İhracının Tamamlanması,https://www.kap.org.tr/tr/Bildirim/1611841,tr,2026-06-02T13:57:26+00:00
2026-06-02,VESBE,KAP,VESTEL BEYAZ EŞYA SANAYİ VE TİCARET A.Ş. - Kurumsal Yönetim Bilgi Formu (Güncelleme) - Yönetim Kurulu-1,Kurumsal Yönetim Bilgi Formu (Güncelleme) - Yönetim Kurulu-1 Güncelleme,https://www.kap.org.tr/tr/Bildirim/1611992,tr,2026-06-02T17:00:43+00:00
2026-06-02,VESBE,KAP,VESTEL BEYAZ EŞYA SANAYİ VE TİCARET A.Ş. - Kurumsal Yönetim Bilgi Formu (Güncelleme) - Yönetim Kurulu-2,Kurumsal Yönetim Bilgi Formu (Güncelleme) - Yönetim Kurulu-2 Güncelleme,https://www.kap.org.tr/tr/Bildirim/1611994,tr,2026-06-02T17:01:10+00:00
2026-06-02,VESTL,KAP,VESTEL ELEKTRONİK SANAYİ VE TİCARET A.Ş. - Kurumsal Yönetim Bilgi Formu (Güncelleme) - Yönetim Kurulu-1,Kurumsal Yönetim Bilgi Formu (Güncelleme) - Yönetim Kurulu-1 Güncelleme,https://www.kap.org.tr/tr/Bildirim/1611985,tr,2026-06-02T16:59:27+00:00
2026-06-02,VESTL,KAP,VESTEL ELEKTRONİK SANAYİ VE TİCARET A.Ş. - Kurumsal Yönetim Bilgi Formu (Güncelleme) - Yönetim Kurulu-2,Kurumsal Yönetim Bilgi Formu (Güncelleme) - Yönetim Kurulu-2 Güncelleme,https://www.kap.org.tr/tr/Bildirim/1611986,tr,2026-06-02T16:59:54+00:00
2026-06-02,VKFYO,KAP,VAKIF MENKUL KIYMET YATIRIM ORTAKLIĞI A.Ş. - Haftalık Rapor,Haftalık Rapor 26.05.2026 Tarihli Haftalık Rapor,https://www.kap.org.tr/tr/Bildirim/1611740,tr,2026-06-02T09:14:05+00:00
2026-06-02,VKFYO,KAP,VAKIF MENKUL KIYMET YATIRIM ORTAKLIĞI A.Ş. - Özel Durum Açıklaması (Genel),"Özel Durum Açıklaması (Genel) Şirketimizin BİAŞ'da oluşan ağırlıklı ortalama fiyatın, pay başına net aktif değerin 2 katını aşması sebebiyle yapılan açıklamadır.",https://www.kap.org.tr/tr/Bildirim/1611982,tr,2026-06-02T16:55:55+00:00
2026-06-02,VRGYO,KAP,VERA KONSEPT GAYRİMENKUL YATIRIM ORTAKLIĞI A.Ş. - Genel Kurul İşlemlerine İlişkin Bildirim,Genel Kurul İşlemlerine İlişkin Bildirim 2025 Yılına Ait Olağan Genel Kurul Toplantısı Sonucu,https://www.kap.org.tr/tr/Bildirim/1611831,tr,2026-06-02T13:25:30+00:00
2026-06-02,VRGYO,KAP,VERA KONSEPT GAYRİMENKUL YATIRIM ORTAKLIĞI A.Ş. - Kar Payı Dağıtım İşlemlerine İlişkin Bildirim,Kar Payı Dağıtım İşlemlerine İlişkin Bildirim Kar dağıtımına ilişkin Genel Kurul kararı,https://www.kap.org.tr/tr/Bildirim/1611834,tr,2026-06-02T13:38:34+00:00
2026-06-02,VRGYO,KAP,VERA KONSEPT GAYRİMENKUL YATIRIM ORTAKLIĞI A.Ş. - Bağımsız Denetim Kuruluşunun Belirlenmesi,Bağımsız Denetim Kuruluşunun Belirlenmesi Bağımsız Denetim Kuruluşunun Genel Kurul'ca onaylanması,https://www.kap.org.tr/tr/Bildirim/1611836,tr,2026-06-02T13:45:43+00:00
2026-06-02,VRGYO,KAP,VERA KONSEPT GAYRİMENKUL YATIRIM ORTAKLIĞI A.Ş. - Genel Kurul İşlemlerine İlişkin Bildirim,Genel Kurul İşlemlerine İlişkin Bildirim 2025 Yılına Ait Olağan Genel Kurul Toplantı Sonuçları Revize,https://www.kap.org.tr/tr/Bildirim/1611865,tr,2026-06-02T14:44:47+00:00
2026-06-02,YATAS,KAP,YATAŞ YATAK VE YORGAN SANAYİ TİCARET A.Ş. - Genel Kurul İşlemlerine İlişkin Bildirim,Genel Kurul İşlemlerine İlişkin Bildirim 2025 Yılı Olağan Genel Kurul Toplantısı Sonucu,https://www.kap.org.tr/tr/Bildirim/1612179,tr,2026-06-02T19:00:41+00:00
2026-06-02,YATAS,KAP,YATAŞ YATAK VE YORGAN SANAYİ TİCARET A.Ş. - Kar Payı Dağıtım İşlemlerine İlişkin Bildirim,Kar Payı Dağıtım İşlemlerine İlişkin Bildirim Kar Dağıtımı Genel Kurul Sonucu,https://www.kap.org.tr/tr/Bildirim/1612180,tr,2026-06-02T19:07:33+00:00
2026-06-02,YKB,KAP,YAPI VE KREDİ BANKASI A.Ş. - Şirket Genel Bilgi Formu,Şirket Genel Bilgi Formu,https://www.kap.org.tr/tr/Bildirim/1611810,tr,2026-06-02T12:57:49+00:00
2026-06-02,YKBNK,KAP,YAPI VE KREDİ BANKASI A.Ş. - Şirket Genel Bilgi Formu,Şirket Genel Bilgi Formu,https://www.kap.org.tr/tr/Bildirim/1611810,tr,2026-06-02T12:57:49+00:00
2026-06-02,YKFIN,KAP,YAPI KREDİ FİNANSAL KİRALAMA A.O. - Pay Dışında Sermaye Piyasası Aracı İşlemlerine İlişkin Bildirim (Faiz İçeren),Pay Dışında Sermaye Piyasası Aracı İşlemlerine İlişkin Bildirim (Faiz İçeren) TRSYKFK22810 ISIN Kodlu Tahvilin Kupon Ödemesi,https://www.kap.org.tr/tr/Bildirim/1611775,tr,2026-06-02T11:02:18+00:00
2026-06-02,ZKBVR,KAP,ZKB VARLIK KİRALAMA A.Ş. - Tertip İhraç Belgesi,Tertip İhraç Belgesi Tertip İhraç Belgesi FZLGY,https://www.kap.org.tr/tr/Bildirim/1612033,tr,2026-06-02T17:35:03+00:00
2026-06-02,ZOREN,KAP,ZORLU ENERJİ ELEKTRİK ÜRETİM A.Ş. - Pay Dışında Sermaye Piyasası Aracı İşlemlerine İlişkin Bildirim (Faiz İçeren),Pay Dışında Sermaye Piyasası Aracı İşlemlerine İlişkin Bildirim (Faiz İçeren) TRSZORN42717 ISIN Kodlu Tahvilin 3. Kupon Dönemine İlişkin Faiz Oranı,https://www.kap.org.tr/tr/Bildirim/1611984,tr,2026-06-02T16:59:25+00:00
2026-06-03,AHGAZ,KAP,AHLATCI DOĞAL GAZ DAĞITIM ENERJİ VE YATIRIM A.Ş. - Payların Geri Alınmasına İlişkin Bildirim,Payların Geri Alınmasına İlişkin Bildirim 03.06.2026 Tarihli Pay Geri Alım İşlemleri,https://www.kap.org.tr/tr/Bildirim/1612719,tr,2026-06-03T18:30:47+00:00
2026-06-03,AKENR,KAP,AKENERJİ ELEKTRİK ÜRETİM A.Ş. - Genel Kurul İşlemlerine İlişkin Bildirim,Genel Kurul İşlemlerine İlişkin Bildirim Şirketimizin 5 Mayıs 2026 tarihinde yapılan 2025 yılına ait Olağan Genel Kurul'unun tescilinin kamuya açıklanmasıdır.,https://www.kap.org.tr/tr/Bildirim/1612436,tr,2026-06-03T13:09:21+00:00
2026-06-03,AKM,KAP,AK YATIRIM MENKUL DEĞERLER A.Ş. - Pay Dışında Sermaye Piyasası Aracı İşlemlerine İlişkin Bildirim (Faiz İçeren),Pay Dışında Sermaye Piyasası Aracı İşlemlerine İlişkin Bildirim (Faiz İçeren) Nitelikli Yatırımcıya Borçlanma Aracı İhracı,https://www.kap.org.tr/tr/Bildirim/1612257,tr,2026-06-03T10:00:47+00:00
2026-06-03,AKM,KAP,AK YATIRIM MENKUL DEĞERLER A.Ş. - Pay Dışında Sermaye Piyasası Aracı İşlemlerine İlişkin Bildirim (Faiz İçeren),Pay Dışında Sermaye Piyasası Aracı İşlemlerine İlişkin Bildirim (Faiz İçeren) 03.06.2026 Vadeli Borçlanma Aracının İtfası,https://www.kap.org.tr/tr/Bildirim/1612259,tr,2026-06-03T10:00:55+00:00
2026-06-03,AKMEN,KAP,AK YATIRIM MENKUL DEĞERLER A.Ş. - Pay Dışında Sermaye Piyasası Aracı İşlemlerine İlişkin Bildirim (Faiz İçeren),Pay Dışında Sermaye Piyasası Aracı İşlemlerine İlişkin Bildirim (Faiz İçeren) Nitelikli Yatırımcıya Borçlanma Aracı İhracı,https://www.kap.org.tr/tr/Bildirim/1612257,tr,2026-06-03T10:00:47+00:00
2026-06-03,AKMEN,KAP,AK YATIRIM MENKUL DEĞERLER A.Ş. - Pay Dışında Sermaye Piyasası Aracı İşlemlerine İlişkin Bildirim (Faiz İçeren),Pay Dışında Sermaye Piyasası Aracı İşlemlerine İlişkin Bildirim (Faiz İçeren) 03.06.2026 Vadeli Borçlanma Aracının İtfası,https://www.kap.org.tr/tr/Bildirim/1612259,tr,2026-06-03T10:00:55+00:00
2026-06-03,AKSEN,KAP,AKSA ENERJİ ÜRETİM A.Ş. - Özel Durum Açıklaması (Genel),Özel Durum Açıklaması (Genel) Gaziantep ili Pamuk Depolamalı Güneş Enerjisi Santrali Hakkında,https://www.kap.org.tr/tr/Bildirim/1612435,tr,2026-06-03T13:00:18+00:00
2026-06-03,ALFAS,KAP,ALFA SOLAR ENERJİ SANAYİ VE TİCARET A.Ş. - Özel Durum Açıklaması (Genel),Özel Durum Açıklaması (Genel) Yatırımcı İlişkileri Müdürü Ataması,https://www.kap.org.tr/tr/Bildirim/1612693,tr,2026-06-03T18:13:01+00:00
2026-06-03,ALFAS,KAP,ALFA SOLAR ENERJİ SANAYİ VE TİCARET A.Ş. - Şirket Genel Bilgi Formu,Şirket Genel Bilgi Formu,https://www.kap.org.tr/tr/Bildirim/1612696,tr,2026-06-03T18:13:24+00:00
2026-06-03,ALFAS,KAP,ALFA SOLAR ENERJİ SANAYİ VE TİCARET A.Ş. - Kurumsal Yönetim Bilgi Formu (Güncelleme) - Yönetim Kurulu-2,Kurumsal Yönetim Bilgi Formu (Güncelleme) - Yönetim Kurulu-2 Yönetim Kurulu Komiteleri (Güncelleme),https://www.kap.org.tr/tr/Bildirim/1612697,tr,2026-06-03T18:13:47+00:00
2026-06-03,ALNUS,KAP,ALNUS YATIRIM MENKUL DEĞERLER A.Ş. - Pay Dışında Sermaye Piyasası Aracı İşlemlerine İlişkin Bildirim (Faiz İçeren),Pay Dışında Sermaye Piyasası Aracı İşlemlerine İlişkin Bildirim (Faiz İçeren) TRFSRMD62621 ISIN Kodlu Finansman Bonosu İtfası,https://www.kap.org.tr/tr/Bildirim/1612281,tr,2026-06-03T10:17:07+00:00
2026-06-03,ALNUS,KAP,ALNUS YATIRIM MENKUL DEĞERLER A.Ş. - Pay Dışında Sermaye Piyasası Aracı İşlemlerine İlişkin Bildirim (Faiz İçeren),Pay Dışında Sermaye Piyasası Aracı İşlemlerine İlişkin Bildirim (Faiz İçeren) TRFSRMD92610 ISIN Kodlu Finansman Bonosu Satışının Tamamlanması,https://www.kap.org.tr/tr/Bildirim/1612468,tr,2026-06-03T14:33:24+00:00
2026-06-03,ALVES,KAP,ALVES KABLO SANAYİ VE TİCARET A.Ş. - Sermaye Artırımı - Azaltımı İşlemlerine İlişkin Bildirim,Sermaye Artırımı - Azaltımı İşlemlerine İlişkin Bildirim Bedelli Sermaye Artırımı Kapsamında SPK'ya Başvuru Yapılması Hk.,https://www.kap.org.tr/tr/Bildirim/1612306,tr,2026-06-03T11:09:14+00:00
2026-06-03,ANC,KAP,ALNUS YATIRIM MENKUL DEĞERLER A.Ş. - Pay Dışında Sermaye Piyasası Aracı İşlemlerine İlişkin Bildirim (Faiz İçeren),Pay Dışında Sermaye Piyasası Aracı İşlemlerine İlişkin Bildirim (Faiz İçeren) TRFSRMD62621 ISIN Kodlu Finansman Bonosu İtfası,https://www.kap.org.tr/tr/Bildirim/1612281,tr,2026-06-03T10:17:07+00:00
2026-06-03,ANC,KAP,ALNUS YATIRIM MENKUL DEĞERLER A.Ş. - Pay Dışında Sermaye Piyasası Aracı İşlemlerine İlişkin Bildirim (Faiz İçeren),Pay Dışında Sermaye Piyasası Aracı İşlemlerine İlişkin Bildirim (Faiz İçeren) TRFSRMD92610 ISIN Kodlu Finansman Bonosu Satışının Tamamlanması,https://www.kap.org.tr/tr/Bildirim/1612468,tr,2026-06-03T14:33:24+00:00
2026-06-03,ARDYZ,KAP,ARD GRUP BİLİŞİM TEKNOLOJİLERİ A.Ş. - Yeni İş İlişkisi,Yeni İş İlişkisi Yeni İş İlişkisi Hk.,https://www.kap.org.tr/tr/Bildirim/1612232,tr,2026-06-03T09:19:52+00:00
2026-06-03,ATAVK,KAP,ATA VARLIK KİRALAMA A.Ş. - Tertip İhraç Belgesi,Tertip İhraç Belgesi Tertip İhraç Belgesi Spk Onayı FKPET,https://www.kap.org.tr/tr/Bildirim/1612299,tr,2026-06-03T10:44:09+00:00
2026-06-03,ATEKS,KAP,AKIN TEKSTİL A.Ş. - Özel Durum Açıklaması (Genel),Özel Durum Açıklaması (Genel) Konkordato Süreci Hakkında Bilgilendirme,https://www.kap.org.tr/tr/Bildirim/1612493,tr,2026-06-03T15:09:29+00:00
2026-06-03,BAGFS,KAP,BAGFAŞ BANDIRMA GÜBRE FABRİKALARI A.Ş. - Ortaklık Aleyhine Dava Açılması veya Davaya İlişkin Gelişmeler,"Ortaklık Aleyhine Dava Açılması veya Davaya İlişkin Gelişmeler Dava Açılması hk,",https://www.kap.org.tr/tr/Bildirim/1612694,tr,2026-06-03T18:13:01+00:00
2026-06-03,BAHKM,KAP,BAHADIR KİMYA SANAYİ VE TİCARET A.Ş. - Özel Durum Açıklaması (Genel),Özel Durum Açıklaması (Genel) Kırıkkale Şubesi'ne Alınan Yatırım Teşvik Tutarının Artırılması Hk,https://www.kap.org.tr/tr/Bildirim/1612427,tr,2026-06-03T12:33:08+00:00
2026-06-03,BAHKM,KAP,BAHADIR KİMYA SANAYİ VE TİCARET A.Ş. - Genel Kurul İşlemlerine İlişkin Bildirim,Genel Kurul İşlemlerine İlişkin Bildirim Genel Kurul Çağrısı,https://www.kap.org.tr/tr/Bildirim/1612489,tr,2026-06-03T15:06:23+00:00
2026-06-03,BAHKM,KAP,BAHADIR KİMYA SANAYİ VE TİCARET A.Ş. - Kar Payı Dağıtım İşlemlerine İlişkin Bildirim,Kar Payı Dağıtım İşlemlerine İlişkin Bildirim 2025 Yılı Kar Payı Dağıtım Önerisi Hk.,https://www.kap.org.tr/tr/Bildirim/1612490,tr,2026-06-03T15:07:32+00:00
2026-06-03,BAHKM,KAP,BAHADIR KİMYA SANAYİ VE TİCARET A.Ş. - Bağımsız Denetim Kuruluşunun Belirlenmesi,Bağımsız Denetim Kuruluşunun Belirlenmesi Bağımsız Denetim Kuruluşunun Belirlenmesi Hk.,https://www.kap.org.tr/tr/Bildirim/1612491,tr,2026-06-03T15:07:45+00:00
2026-06-03,BALAT,KAP,BALATACILAR BALATACILIK SANAYİ VE TİCARET A.Ş. - Özel Durum Açıklaması (Genel),Özel Durum Açıklaması (Genel) Esas Sözleşme Tadil Tasarısına İlişkin Yönetim Kurulu Kararı,https://www.kap.org.tr/tr/Bildirim/1612428,tr,2026-06-03T12:36:08+00:00
2026-06-03,BASGZ,KAP,BAŞKENT DOĞALGAZ DAĞITIM GAYRİMENKUL YATIRIM ORTAKLIĞI A.Ş. - Özel Durum Açıklaması (Genel),Özel Durum Açıklaması (Genel) Bağımsız Yönetim Kurulu Üye Adaylarının Bağımsızlık ölçütlerini taşımış olduklarını tespit eden Aday Gösterme Komitesi Raporu'nun SPK tarafından onaylanması hk,https://www.kap.org.tr/tr/Bildirim/1612683,tr,2026-06-03T18:07:08+00:00
2026-06-03,BERA,KAP,BERA HOLDİNG A.Ş. - Özel Durum Açıklaması (Genel),Özel Durum Açıklaması (Genel) Bağlı Ortaklığımız Konya Kağıt Sanayi ve Ticaret A.Ş.'nin Özel Endüstri Bölgesi İmar Planı Onayı Hakkında KONKA,https://www.kap.org.tr/tr/Bildirim/1612539,tr,2026-06-03T15:52:41+00:00
2026-06-03,BIGEN,KAP,BİRLEŞİM GRUP ENERJİ YATIRIMLARI A.Ş. - Olağan Dışı Fiyat ve Miktar Hareketleri,Olağan Dışı Fiyat ve Miktar Hareketleri Olağandışı Fiyat ve Miktar Hareketlerine İlişkin Açıklama Hk.,https://www.kap.org.tr/tr/Bildirim/1612479,tr,2026-06-03T14:55:08+00:00
2026-06-03,BLS,KAP,BULLS YATIRIM MENKUL DEĞERLER A.Ş. - Pay Alım Teklifi Yoluyla Pay Toplanmasına İlişkin Bildirim,Pay Alım Teklifi Yoluyla Pay Toplanmasına İlişkin Bildirim Özerden Ambalaj Sanayi A.Ş. Paylarına Yönelik Zorunlu Pay Alım Teklifi OZRDN,https://www.kap.org.tr/tr/Bildirim/1612680,tr,2026-06-03T18:06:32+00:00
2026-06-03,BLSMD,KAP,BULLS YATIRIM MENKUL DEĞERLER A.Ş. - Pay Alım Teklifi Yoluyla Pay Toplanmasına İlişkin Bildirim,Pay Alım Teklifi Yoluyla Pay Toplanmasına İlişkin Bildirim Özerden Ambalaj Sanayi A.Ş. Paylarına Yönelik Zorunlu Pay Alım Teklifi OZRDN,https://www.kap.org.tr/tr/Bildirim/1612680,tr,2026-06-03T18:06:32+00:00
2026-06-03,BRKT,KAP,BEREKET VARLIK KİRALAMA A.Ş. - İhraç Tavanına İlişkin Bildirim,İhraç Tavanına İlişkin Bildirim Yurt İçi Kira Sertifikası İhraç Tavanına İlişkin SPK Başvurusu Hk. ALBRK,https://www.kap.org.tr/tr/Bildirim/1612681,tr,2026-06-03T18:06:36+00:00
2026-06-03,BSOKE,KAP,BATISÖKE SÖKE ÇİMENTO SANAYİİ T.A.Ş. - Genel Kurul İşlemlerine İlişkin Bildirim,Genel Kurul İşlemlerine İlişkin Bildirim 2025 Yılı A Grubu Pay Sahipleri Özel Genel Kurul Toplantı Sonucu,https://www.kap.org.tr/tr/Bildirim/1612794,tr,2026-06-03T21:09:21+00:00
2026-06-03,BSOKE,KAP,BATISÖKE SÖKE ÇİMENTO SANAYİİ T.A.Ş. - Genel Kurul İşlemlerine İlişkin Bildirim,Genel Kurul İşlemlerine İlişkin Bildirim 2025 Yılı Olağan Genel Kurul Toplantı Sonucu,https://www.kap.org.tr/tr/Bildirim/1612795,tr,2026-06-03T21:09:45+00:00
2026-06-03,BSOKE,KAP,BATISÖKE SÖKE ÇİMENTO SANAYİİ T.A.Ş. - Kar Payı Dağıtım İşlemlerine İlişkin Bildirim,Kar Payı Dağıtım İşlemlerine İlişkin Bildirim 2025 Yılı Olağan Genel Kurulu toplantısında onaylanan Kar Payı Dağıtım Kararı,https://www.kap.org.tr/tr/Bildirim/1612802,tr,2026-06-03T21:49:14+00:00
2026-06-03,BSOKE,KAP,BATISÖKE SÖKE ÇİMENTO SANAYİİ T.A.Ş. - Kayıtlı Sermaye Tavanı İşlemlerine İlişkin Bildirim,Kayıtlı Sermaye Tavanı İşlemlerine İlişkin Bildirim Kayıtlı Sermaye Tavanı Artışı ve Süre Uzatımı Genel Kurul Toplantı Sonucu,https://www.kap.org.tr/tr/Bildirim/1612803,tr,2026-06-03T21:49:22+00:00
2026-06-03,BSOKE,KAP,BATISÖKE SÖKE ÇİMENTO SANAYİİ T.A.Ş. - Esas Sözleşme Tadili,Esas Sözleşme Tadili Esas Sözleşme Değişikliği hk.,https://www.kap.org.tr/tr/Bildirim/1612804,tr,2026-06-03T21:49:31+00:00
2026-06-03,BTCIM,KAP,BATIÇİM BATI ANADOLU ÇİMENTO SANAYİİ A.Ş. - Genel Kurul İşlemlerine İlişkin Bildirim,Genel Kurul İşlemlerine İlişkin Bildirim 2025 Yılı A Grubu Pay Sahipleri Özel Genel Kurul Toplantı Sonucu,https://www.kap.org.tr/tr/Bildirim/1612798,tr,2026-06-03T21:13:06+00:00
2026-06-03,BTCIM,KAP,BATIÇİM BATI ANADOLU ÇİMENTO SANAYİİ A.Ş. - Genel Kurul İşlemlerine İlişkin Bildirim,Genel Kurul İşlemlerine İlişkin Bildirim 2025 Yılı Olağan Genel Kurul Toplantı Sonucu,https://www.kap.org.tr/tr/Bildirim/1612799,tr,2026-06-03T21:13:25+00:00
2026-06-03,BTCIM,KAP,BATIÇİM BATI ANADOLU ÇİMENTO SANAYİİ A.Ş. - Kar Payı Dağıtım İşlemlerine İlişkin Bildirim,Kar Payı Dağıtım İşlemlerine İlişkin Bildirim Kar Payı Dağıtım İşlemlerine İlişkin Genel Kurul Toplantı Sonucu,https://www.kap.org.tr/tr/Bildirim/1612805,tr,2026-06-03T22:09:12+00:00
2026-06-03,BTCIM,KAP,BATIÇİM BATI ANADOLU ÇİMENTO SANAYİİ A.Ş. - Ayrılma Hakkı Kullanımına İlişkin Bildirim,Ayrılma Hakkı Kullanımına İlişkin Bildirim Ayrılma Hakkı Kullanımına İlişkin Genel Kurul Toplantı Sonucu BSOKE,https://www.kap.org.tr/tr/Bildirim/1612806,tr,2026-06-03T22:09:26+00:00
2026-06-03,BTCIM,KAP,BATIÇİM BATI ANADOLU ÇİMENTO SANAYİİ A.Ş. - Ayrılma Hakkı Kullanımına İlişkin Bildirim,Ayrılma Hakkı Kullanımına İlişkin Bildirim Ayrılma Hakkı Kullanımına İlişkin Genel Kurul Toplantı Sonucu,https://www.kap.org.tr/tr/Bildirim/1612807,tr,2026-06-03T22:09:38+00:00
2026-06-03,BVSAN,KAP,BÜLBÜLOĞLU VİNÇ SANAYİ VE TİCARET A.Ş. - Genel Kurul İşlemlerine İlişkin Bildirim,Genel Kurul İşlemlerine İlişkin Bildirim Genel Kurul İşlemlerine İlişkin Bildirim,https://www.kap.org.tr/tr/Bildirim/1612473,tr,2026-06-03T14:40:17+00:00
2026-06-03,BVSAN,KAP,BÜLBÜLOĞLU VİNÇ SANAYİ VE TİCARET A.Ş. - Kar Payı Dağıtım İşlemlerine İlişkin Bildirim,Kar Payı Dağıtım İşlemlerine İlişkin Bildirim 2025 Yılı Kar Payı Dağıtımına İlişkin Genel Kurul Kararı,https://www.kap.org.tr/tr/Bildirim/1612474,tr,2026-06-03T14:45:08+00:00
2026-06-03,BVSAN,KAP,BÜLBÜLOĞLU VİNÇ SANAYİ VE TİCARET A.Ş. - Kayıtlı Sermaye Tavanı İşlemlerine İlişkin Bildirim,Kayıtlı Sermaye Tavanı İşlemlerine İlişkin Bildirim Kayıtlı Sermaye Sistemi Süre Uzatımı ve Tavan Artırımı Başvurusu Hk.,https://www.kap.org.tr/tr/Bildirim/1612476,tr,2026-06-03T14:49:13+00:00
2026-06-03,BVSAN,KAP,BÜLBÜLOĞLU VİNÇ SANAYİ VE TİCARET A.Ş. - Bağımsız Denetim Kuruluşunun Belirlenmesi,Bağımsız Denetim Kuruluşunun Belirlenmesi Bağımsız Denetim Kuruluşunun Belirlenmesi,https://www.kap.org.tr/tr/Bildirim/1612478,tr,2026-06-03T14:55:07+00:00
2026-06-03,BVSAN,KAP,BÜLBÜLOĞLU VİNÇ SANAYİ VE TİCARET A.Ş. - Bağımsız Denetim Kuruluşunun Belirlenmesi,Bağımsız Denetim Kuruluşunun Belirlenmesi Sürdürebilirlik Denetim Kuruluşunun Belirlenmesi,https://www.kap.org.tr/tr/Bildirim/1612488,tr,2026-06-03T15:02:49+00:00
2026-06-03,BVSAN,KAP,BÜLBÜLOĞLU VİNÇ SANAYİ VE TİCARET A.Ş. - Yönetim Kurulu Komiteleri,Yönetim Kurulu Komiteleri Yönetim Kurulu Komiteleri Hakkında,https://www.kap.org.tr/tr/Bildirim/1612496,tr,2026-06-03T15:11:57+00:00
2026-06-03,CELHA,KAP,ÇELİK HALAT VE TEL SANAYİİ A.Ş. - Özel Durum Açıklaması (Genel),Özel Durum Açıklaması (Genel) Yatırımcı Tazmin Merkezi?ne (YTM) Devredilen Paylardan Kaynaklanan Ödemelere İlişkin Son Başvuru Süresi Hakkında Duyuru,https://www.kap.org.tr/tr/Bildirim/1612666,tr,2026-06-03T17:40:28+00:00
2026-06-03,CUSAN,KAP,ÇUHADAROĞLU METAL SANAYİ VE PAZARLAMA A.Ş. - Kayıtlı Sermaye Tavanı İşlemlerine İlişkin Bildirim,Kayıtlı Sermaye Tavanı İşlemlerine İlişkin Bildirim Kayıtlı Sermaye Tavanı Artırımı ve Geçerlilik Süresinin Uzatılmasına İlişkin SPK Başvurusu,https://www.kap.org.tr/tr/Bildirim/1612796,tr,2026-06-03T21:11:43+00:00
2026-06-03,DAPGM,KAP,DAP GAYRİMENKUL GELİŞTİRME A.Ş. - İhale Süreci / Sonucu,İhale Süreci / Sonucu İstanbul Ümraniye Tepeüstü Arsa Satışı Karşılığı Gelir Paylaşımı İşi İhalesi 1.Oturum,https://www.kap.org.tr/tr/Bildirim/1612672,tr,2026-06-03T17:53:41+00:00
2026-06-03,DGNMO,KAP,DOĞANLAR MOBİLYA GRUBU İMALAT SANAYİ VE TİCARET A.Ş. - Genel Kurul İşlemlerine İlişkin Bildirim,Genel Kurul İşlemlerine İlişkin Bildirim 2025 Yılı Olağan Genel Kurul Toplantısı Sonuçlarının Tescili,https://www.kap.org.tr/tr/Bildirim/1612446,tr,2026-06-03T13:42:33+00:00
2026-06-03,DGNMO,KAP,DOĞANLAR MOBİLYA GRUBU İMALAT SANAYİ VE TİCARET A.Ş. - Bağımsız Denetim Kuruluşunun Belirlenmesi,Bağımsız Denetim Kuruluşunun Belirlenmesi Bağımsız Denetim Kuruluşu seçiminin tescil ve ilanı,https://www.kap.org.tr/tr/Bildirim/1612447,tr,2026-06-03T13:42:59+00:00
2026-06-03,DNFIN,KAP,DENİZ FİNANSAL KİRALAMA A.Ş. - Pay Dışında Sermaye Piyasası Aracı İşlemlerine İlişkin Bildirim (Faiz İçeren),Pay Dışında Sermaye Piyasası Aracı İşlemlerine İlişkin Bildirim (Faiz İçeren) TRFDNFK62712 ISIN Numaralı Finansan Bonosu İhracı,https://www.kap.org.tr/tr/Bildirim/1612252,tr,2026-06-03T09:57:52+00:00
2026-06-03,DNZEN,KAP,DENİZ EKO ENERJİ VE GERİ DÖNÜŞÜM A.Ş. - İhraç Tavanına İlişkin Bildirim,İhraç Tavanına İlişkin Bildirim Yurt İçinde Borçlanma Aracı İhracına İlişkin Yönetim Kurulu Kararı,https://www.kap.org.tr/tr/Bildirim/1612300,tr,2026-06-03T10:54:25+00:00
2026-06-03,DNZEN,KAP,DENİZ EKO ENERJİ VE GERİ DÖNÜŞÜM A.Ş. - İhraç Tavanına İlişkin Bildirim,İhraç Tavanına İlişkin Bildirim Yurt İçinde Borçlanma Aracı İhracına İlişkin SPK Başvurusu,https://www.kap.org.tr/tr/Bildirim/1612308,tr,2026-06-03T11:09:55+00:00
2026-06-03,EBEBK,KAP,EBEBEK MAĞAZACILIK A.Ş. - Özel Durum Açıklaması (Genel),Özel Durum Açıklaması (Genel) Mayıs 2026 Ziyaretçi Sayısı,https://www.kap.org.tr/tr/Bildirim/1612731,tr,2026-06-03T18:48:09+00:00
2026-06-03,EBEBK,KAP,EBEBEK MAĞAZACILIK A.Ş. - Özel Durum Açıklaması (Genel),Özel Durum Açıklaması (Genel) Denetimden Sorumlu Komite Görev ve Çalışma Esasları Dokümanında Değişiklik,https://www.kap.org.tr/tr/Bildirim/1612733,tr,2026-06-03T18:50:19+00:00
2026-06-03,EGEEN,KAP,EGE ENDÜSTRİ VE TİCARET A.Ş. - Özel Durum Açıklaması (Genel),Özel Durum Açıklaması (Genel) Yatırımcı Tazmin Merkezinden 03.06.2026 tarihinde şirketimize tebliğ edilen yazı hk,https://www.kap.org.tr/tr/Bildirim/1612669,tr,2026-06-03T17:44:11+00:00
2026-06-03,EMPAE,KAP,EMPA ELEKTRONİK SANAYİ VE TİCARET A.Ş. - Olağan Dışı Fiyat ve Miktar Hareketleri,Olağan Dışı Fiyat ve Miktar Hareketleri Olağandışı Fiyat ve Miktar Hareketi Hakkında,https://www.kap.org.tr/tr/Bildirim/1612550,tr,2026-06-03T16:16:40+00:00
2026-06-03,ENERY,KAP,ENERYA ENERJİ A.Ş. - Payların Geri Alınmasına İlişkin Bildirim,Payların Geri Alınmasına İlişkin Bildirim 03.06.2026 Tarihli Pay Geri Alım İşlemleri,https://www.kap.org.tr/tr/Bildirim/1612720,tr,2026-06-03T18:31:07+00:00
2026-06-03,ENJSA,KAP,ENERJİSA ENERJİ A.Ş. - Pay Dışında Sermaye Piyasası Aracı İşlemlerine İlişkin Bildirim (Faiz İçeren),Pay Dışında Sermaye Piyasası Aracı İşlemlerine İlişkin Bildirim (Faiz İçeren) TRSENSA32710 ISIN Kodlu Tahvilin 5. Kupon Faiz Ödemesi.,https://www.kap.org.tr/tr/Bildirim/1612452,tr,2026-06-03T14:08:35+00:00
2026-06-03,ENPRA,KAP,ENPARA BANK A.Ş. - Özel Durum Açıklaması (Genel),"Özel Durum Açıklaması (Genel) Takipteki Kredi Portföyünden Satış GLCVY, ISTVY",https://www.kap.org.tr/tr/Bildirim/1612668,tr,2026-06-03T17:43:35+00:00
2026-06-03,ESEN,KAP,ESENBOĞA ELEKTRİK ÜRETİM A.Ş. - Özel Durum Açıklaması (Genel),Özel Durum Açıklaması (Genel) Margün Enerji Üretim Sanayi ve Ticaret A.Ş. Paylarına İlişkin Hızlandırılmış Talep Toplama Sürecinde Fiyatın Belirlenmesi MAGEN,https://www.kap.org.tr/tr/Bildirim/1612229,tr,2026-06-03T08:55:20+00:00
2026-06-03,ETYAT,KAP,EURO TREND YATIRIM ORTAKLIĞI A.Ş. - Özel Durum Açıklaması (Genel),"Özel Durum Açıklaması (Genel) BİAŞ'da oluşan ağırlıklı ortalama fiyatın,pay başına net aktif değerin 2 katını aşması",https://www.kap.org.tr/tr/Bildirim/1612582,tr,2026-06-03T16:45:21+00:00
2026-06-03,EUKYO,KAP,EURO KAPİTAL YATIRIM ORTAKLIĞI A.Ş. - Özel Durum Açıklaması (Genel),"Özel Durum Açıklaması (Genel) BİAŞ'da oluşan ağırlıklı ortalama fiyatın,pay başına net aktif değerin 2 katını aşması",https://www.kap.org.tr/tr/Bildirim/1612583,tr,2026-06-03T16:46:00+00:00
2026-06-03,EUYO,KAP,EURO MENKUL KIYMET YATIRIM ORTAKLIĞI A.Ş. - Özel Durum Açıklaması (Genel),"Özel Durum Açıklaması (Genel) BİAŞ'da oluşan ağırlıklı ortalama fiyatın,pay başına net aktif değerin 2 katını aşması",https://www.kap.org.tr/tr/Bildirim/1612581,tr,2026-06-03T16:44:43+00:00
2026-06-03,FIN,KAP,QNB BANK A.Ş. - İhraç Tavanına İlişkin Bildirim,İhraç Tavanına İlişkin Bildirim Orta Vadeli Borçlanma (Medium Term Note) Programına ilişkin güncelleme hk.,https://www.kap.org.tr/tr/Bildirim/1612334,tr,2026-06-03T11:46:57+00:00
2026-06-03,FIN,KAP,QNB BANK A.Ş. - İhraç Tavanına İlişkin Bildirim,İhraç Tavanına İlişkin Bildirim Orta Vadeli Borçlanma (Medium Term Note) Programına ilişkin güncelleme hk.,https://www.kap.org.tr/tr/Bildirim/1612335,tr,2026-06-03T11:47:14+00:00
2026-06-03,FIN,KAP,QNB BANK A.Ş. - Pay Dışında Sermaye Piyasası Aracı İşlemlerine İlişkin Bildirim (Faiz İçeren),Pay Dışında Sermaye Piyasası Aracı İşlemlerine İlişkin Bildirim (Faiz İçeren) MTN programı kapsamında yurtdışında ihraç edilen borçlanma aracının ihracı,https://www.kap.org.tr/tr/Bildirim/1612675,tr,2026-06-03T17:57:49+00:00
2026-06-03,FIN,KAP,QNB BANK A.Ş. - Pay Dışında Sermaye Piyasası Aracı İşlemlerine İlişkin Bildirim (Faiz İçeren),Pay Dışında Sermaye Piyasası Aracı İşlemlerine İlişkin Bildirim (Faiz İçeren) MTN programı kapsamında yurtdışında ihraç edilen borçlanma aracının ihracı,https://www.kap.org.tr/tr/Bildirim/1612676,tr,2026-06-03T17:58:05+00:00
2026-06-03,FZLGY,KAP,FUZUL GAYRİMENKUL YATIRIM ORTAKLIĞI A.Ş. - Şirket Merkezi Değişikliği,Şirket Merkezi Değişikliği Şirket Merkezi Değişikliği Hak.,https://www.kap.org.tr/tr/Bildirim/1612710,tr,2026-06-03T18:21:17+00:00
2026-06-03,GEDIK,KAP,GEDİK YATIRIM MENKUL DEĞERLER A.Ş. - Özel Durum Açıklaması (Genel),Özel Durum Açıklaması (Genel) Yönetim Kurulu Üye Değişikliği Hakkında,https://www.kap.org.tr/tr/Bildirim/1612687,tr,2026-06-03T18:10:14+00:00
2026-06-03,GEDIK,KAP,GEDİK YATIRIM MENKUL DEĞERLER A.Ş. - Şirket Genel Bilgi Formu,Şirket Genel Bilgi Formu,https://www.kap.org.tr/tr/Bildirim/1612689,tr,2026-06-03T18:10:29+00:00
2026-06-03,GLYHO,KAP,GLOBAL YATIRIM HOLDİNG A.Ş. - Payların Geri Alınmasına İlişkin Bildirim,Payların Geri Alınmasına İlişkin Bildirim 03.06.2026 Tarihli Pay Geri Alım İşlemleri,https://www.kap.org.tr/tr/Bildirim/1612727,tr,2026-06-03T18:45:15+00:00
2026-06-03,GLYHO,KAP,GLOBAL YATIRIM HOLDİNG A.Ş. - Özel Durum Açıklaması (Genel),"Özel Durum Açıklaması (Genel) İspanya, Ferrol Kruvaziyer Limanı Hk",https://www.kap.org.tr/tr/Bildirim/1612734,tr,2026-06-03T18:52:10+00:00
2026-06-03,GOKNR,KAP,GÖKNUR GIDA MADDELERİ ENERJİ İMALAT İTHALAT İHRACAT TİCARET VE SANAYİ A.Ş. - Kayıtlı Sermaye Tavanı İşlemlerine İlişkin Bildirim,Kayıtlı Sermaye Tavanı İşlemlerine İlişkin Bildirim Kayıtlı Sermaye Tavanı Geçerlilik Süresinin Uzatılmasına İlişkin SPK Başvurusu,https://www.kap.org.tr/tr/Bildirim/1612658,tr,2026-06-03T17:30:28+00:00
2026-06-03,GOKNR,KAP,GÖKNUR GIDA MADDELERİ ENERJİ İMALAT İTHALAT İHRACAT TİCARET VE SANAYİ A.Ş. - Payların Geri Alınmasına İlişkin Bildirim,Payların Geri Alınmasına İlişkin Bildirim Payların geri alınmasına ilişkin bildirim.,https://www.kap.org.tr/tr/Bildirim/1612726,tr,2026-06-03T18:41:51+00:00
2026-06-03,GOODY,KAP,GOODYEAR LASTİKLERİ T.A.Ş. - Özel Durum Açıklaması (Genel),Özel Durum Açıklaması (Genel) Toplu İş Sözleşmesi Görüşmeleri Sonucu,https://www.kap.org.tr/tr/Bildirim/1612500,tr,2026-06-03T15:12:39+00:00
2026-06-03,GOODY,KAP,GOODYEAR LASTİKLERİ T.A.Ş. - Genel Kurul İşlemlerine İlişkin Bildirim,Genel Kurul İşlemlerine İlişkin Bildirim Olağan Genel Kurul İlanı,https://www.kap.org.tr/tr/Bildirim/1612753,tr,2026-06-03T20:29:52+00:00
2026-06-03,GOODY,KAP,GOODYEAR LASTİKLERİ T.A.Ş. - Kar Payı Dağıtım İşlemlerine İlişkin Bildirim,Kar Payı Dağıtım İşlemlerine İlişkin Bildirim Kar Dağıtım Teklifine İlişkin Açıklama,https://www.kap.org.tr/tr/Bildirim/1612797,tr,2026-06-03T21:12:07+00:00
2026-06-03,GOODY,KAP,GOODYEAR LASTİKLERİ T.A.Ş. - Bağımsız Denetim Kuruluşunun Belirlenmesi,Bağımsız Denetim Kuruluşunun Belirlenmesi Bağımsız Denetim Kuruluşu Seçimi,https://www.kap.org.tr/tr/Bildirim/1612801,tr,2026-06-03T21:43:05+00:00
2026-06-03,GRNYO,KAP,GARANTİ YATIRIM ORTAKLIĞI A.Ş. - Özel Durum Açıklaması (Genel),Özel Durum Açıklaması (Genel) Rota Portföy Yönetimi A.Ş.ile Portföy Yönetim Sözleşmesi Düzenlenmesi ROP,https://www.kap.org.tr/tr/Bildirim/1612294,tr,2026-06-03T10:34:07+00:00
2026-06-03,GRNYO,KAP,GARANTİ YATIRIM ORTAKLIĞI A.Ş. - Özel Durum Açıklaması (Genel),"Özel Durum Açıklaması (Genel) Paylarının BİAŞ'ta oluşan ağırlıklı ortalama fiyatının, pay başına net aktif değerinin 2 katını aşması hakkında.",https://www.kap.org.tr/tr/Bildirim/1612312,tr,2026-06-03T11:16:55+00:00
2026-06-03,HDFFL,KAP,HEDEF ARAÇ KİRALAMA VE SERVİS A.Ş. - Pay Dışında Sermaye Piyasası Aracı İşlemlerine İlişkin Bildirim (Faiz İçeren),Pay Dışında Sermaye Piyasası Aracı İşlemlerine İlişkin Bildirim (Faiz İçeren) TRSHDAKK2618 ISIN Kodlu Tahvilin 4. Kupon Ödemesi,https://www.kap.org.tr/tr/Bildirim/1612445,tr,2026-06-03T13:38:20+00:00
2026-06-03,HLGYO,KAP,HALK GAYRİMENKUL YATIRIM ORTAKLIĞI A.Ş. - Şirket Genel Bilgi Formu,Şirket Genel Bilgi Formu,https://www.kap.org.tr/tr/Bildirim/1612729,tr,2026-06-03T18:47:22+00:00
2026-06-03,HLVKS,KAP,HALK VARLIK KİRALAMA A.Ş. - Tertip İhraç Belgesi,Tertip İhraç Belgesi Emlak Konut GYO 1.Tertip İhraç Belgesi EKGYO,https://www.kap.org.tr/tr/Bildirim/1612240,tr,2026-06-03T09:33:00+00:00
2026-06-03,HRKET,KAP,HAREKET PROJE TAŞIMACILIĞI VE YÜK MÜHENDİSLİĞİ A.Ş. - Olağan Dışı Fiyat ve Miktar Hareketleri,Olağan Dışı Fiyat ve Miktar Hareketleri Olağandışı Fiyat ve Miktar Hareketi Hk.,https://www.kap.org.tr/tr/Bildirim/1612480,tr,2026-06-03T14:57:30+00:00
2026-06-03,HUZFA,KAP,HUZUR FAKTORİNG A.Ş. - Pay Dışında Sermaye Piyasası Aracı İşlemlerine İlişkin Bildirim (Faiz İçeren),Pay Dışında Sermaye Piyasası Aracı İşlemlerine İlişkin Bildirim (Faiz İçeren) TRFHZRF92610 ISIN KODLU FİNANSMAN BONOSU 3.KUPON ÖDEMESİ,https://www.kap.org.tr/tr/Bildirim/1612287,tr,2026-06-03T10:24:34+00:00
2026-06-03,IHLAS,KAP,İHLAS HOLDİNG A.Ş. - Sermaye Artırımından Elde Edilecek - Edilen Fonun Kullanımına İlişkin Rapor,Sermaye Artırımından Elde Edilecek - Edilen Fonun Kullanımına İlişkin Rapor Sermaye Artırımından Elde Edilecek Fonun Kullanım Yerleri Hk. (Revize),https://www.kap.org.tr/tr/Bildirim/1612249,tr,2026-06-03T09:50:59+00:00
2026-06-03,IMASM,KAP,İMAŞ MAKİNA SANAYİ A.Ş. - Özel Durum Açıklaması (Genel),Özel Durum Açıklaması (Genel) Sürdürülebilirlik Denetimi İçin Bağımsız Denetim Firmasının Seçimi Hakkında,https://www.kap.org.tr/tr/Bildirim/1612779,tr,2026-06-03T20:44:49+00:00
2026-06-03,INFO,KAP,İNFO YATIRIM MENKUL DEĞERLER A.Ş. - Şirket Genel Bilgi Formu,Şirket Genel Bilgi Formu,https://www.kap.org.tr/tr/Bildirim/1612426,tr,2026-06-03T12:32:25+00:00
2026-06-03,ISATR,KAP,TÜRKİYE İŞ BANKASI A.Ş. - Pay Dışında Sermaye Piyasası Aracı İşlemlerine İlişkin Bildirim (Faiz İçeren),Pay Dışında Sermaye Piyasası Aracı İşlemlerine İlişkin Bildirim (Faiz İçeren) Yurtdışı Piyasalara Tahvil İhracı,https://www.kap.org.tr/tr/Bildirim/1612315,tr,2026-06-03T11:18:56+00:00
2026-06-03,ISATR,KAP,TÜRKİYE İŞ BANKASI A.Ş. - Pay Dışında Sermaye Piyasası Aracı İşlemlerine İlişkin Bildirim (Faiz İçeren),Pay Dışında Sermaye Piyasası Aracı İşlemlerine İlişkin Bildirim (Faiz İçeren) Yurtdışı Piyasalara Tahvil İhracı,https://www.kap.org.tr/tr/Bildirim/1612316,tr,2026-06-03T11:19:32+00:00
2026-06-03,ISATR,KAP,TÜRKİYE İŞ BANKASI A.Ş. - Pay Dışında Sermaye Piyasası Aracı İşlemlerine İlişkin Bildirim (Faiz İçeren),Pay Dışında Sermaye Piyasası Aracı İşlemlerine İlişkin Bildirim (Faiz İçeren) Yurtdışı Piyasalara Tahvil İhracı,https://www.kap.org.tr/tr/Bildirim/1612587,tr,2026-06-03T16:49:56+00:00
2026-06-03,ISBTR,KAP,TÜRKİYE İŞ BANKASI A.Ş. - Pay Dışında Sermaye Piyasası Aracı İşlemlerine İlişkin Bildirim (Faiz İçeren),Pay Dışında Sermaye Piyasası Aracı İşlemlerine İlişkin Bildirim (Faiz İçeren) Yurtdışı Piyasalara Tahvil İhracı,https://www.kap.org.tr/tr/Bildirim/1612315,tr,2026-06-03T11:18:56+00:00
2026-06-03,ISBTR,KAP,TÜRKİYE İŞ BANKASI A.Ş. - Pay Dışında Sermaye Piyasası Aracı İşlemlerine İlişkin Bildirim (Faiz İçeren),Pay Dışında Sermaye Piyasası Aracı İşlemlerine İlişkin Bildirim (Faiz İçeren) Yurtdışı Piyasalara Tahvil İhracı,https://www.kap.org.tr/tr/Bildirim/1612316,tr,2026-06-03T11:19:32+00:00
2026-06-03,ISBTR,KAP,TÜRKİYE İŞ BANKASI A.Ş. - Pay Dışında Sermaye Piyasası Aracı İşlemlerine İlişkin Bildirim (Faiz İçeren),Pay Dışında Sermaye Piyasası Aracı İşlemlerine İlişkin Bildirim (Faiz İçeren) Yurtdışı Piyasalara Tahvil İhracı,https://www.kap.org.tr/tr/Bildirim/1612587,tr,2026-06-03T16:49:56+00:00
2026-06-03,ISCTR,KAP,TÜRKİYE İŞ BANKASI A.Ş. - Pay Dışında Sermaye Piyasası Aracı İşlemlerine İlişkin Bildirim (Faiz İçeren),Pay Dışında Sermaye Piyasası Aracı İşlemlerine İlişkin Bildirim (Faiz İçeren) Yurtdışı Piyasalara Tahvil İhracı,https://www.kap.org.tr/tr/Bildirim/1612315,tr,2026-06-03T11:18:56+00:00
2026-06-03,ISCTR,KAP,TÜRKİYE İŞ BANKASI A.Ş. - Pay Dışında Sermaye Piyasası Aracı İşlemlerine İlişkin Bildirim (Faiz İçeren),Pay Dışında Sermaye Piyasası Aracı İşlemlerine İlişkin Bildirim (Faiz İçeren) Yurtdışı Piyasalara Tahvil İhracı,https://www.kap.org.tr/tr/Bildirim/1612316,tr,2026-06-03T11:19:32+00:00
2026-06-03,ISCTR,KAP,TÜRKİYE İŞ BANKASI A.Ş. - Pay Dışında Sermaye Piyasası Aracı İşlemlerine İlişkin Bildirim (Faiz İçeren),Pay Dışında Sermaye Piyasası Aracı İşlemlerine İlişkin Bildirim (Faiz İçeren) Yurtdışı Piyasalara Tahvil İhracı,https://www.kap.org.tr/tr/Bildirim/1612587,tr,2026-06-03T16:49:56+00:00
2026-06-03,ISFIN,KAP,İŞ FİNANSAL KİRALAMA A.Ş. - Pay Dışında Sermaye Piyasası Aracı İşlemlerine İlişkin Bildirim (Faiz İçeren),Pay Dışında Sermaye Piyasası Aracı İşlemlerine İlişkin Bildirim (Faiz İçeren) TRFISFNA2619 ISIN Kodlu Finansman Bonosu İhracı,https://www.kap.org.tr/tr/Bildirim/1612278,tr,2026-06-03T10:14:56+00:00
2026-06-03,ISKUR,KAP,TÜRKİYE İŞ BANKASI A.Ş. - Pay Dışında Sermaye Piyasası Aracı İşlemlerine İlişkin Bildirim (Faiz İçeren),Pay Dışında Sermaye Piyasası Aracı İşlemlerine İlişkin Bildirim (Faiz İçeren) Yurtdışı Piyasalara Tahvil İhracı,https://www.kap.org.tr/tr/Bildirim/1612315,tr,2026-06-03T11:18:56+00:00
2026-06-03,ISKUR,KAP,TÜRKİYE İŞ BANKASI A.Ş. - Pay Dışında Sermaye Piyasası Aracı İşlemlerine İlişkin Bildirim (Faiz İçeren),Pay Dışında Sermaye Piyasası Aracı İşlemlerine İlişkin Bildirim (Faiz İçeren) Yurtdışı Piyasalara Tahvil İhracı,https://www.kap.org.tr/tr/Bildirim/1612316,tr,2026-06-03T11:19:32+00:00
2026-06-03,ISKUR,KAP,TÜRKİYE İŞ BANKASI A.Ş. - Pay Dışında Sermaye Piyasası Aracı İşlemlerine İlişkin Bildirim (Faiz İçeren),Pay Dışında Sermaye Piyasası Aracı İşlemlerine İlişkin Bildirim (Faiz İçeren) Yurtdışı Piyasalara Tahvil İhracı,https://www.kap.org.tr/tr/Bildirim/1612587,tr,2026-06-03T16:49:56+00:00
2026-06-03,ISMEN,KAP,İŞ YATIRIM MENKUL DEĞERLER A.Ş. - Yatırım Kuruluşu Varant - Sertifika - Senetlerine İlişkin Bildirim,Yatırım Kuruluşu Varant - Sertifika - Senetlerine İlişkin Bildirim İş Yatırım Sertifika ve Varant Alım Satım İşlemleri,https://www.kap.org.tr/tr/Bildirim/1612721,tr,2026-06-03T18:32:04+00:00
2026-06-03,ISMEN,KAP,İŞ YATIRIM MENKUL DEĞERLER A.Ş. - Piyasa Yapıcılığı Kapsamında Gerçekleştirilen İşlemler Bildirimi,Piyasa Yapıcılığı Kapsamında Gerçekleştirilen İşlemler Bildirimi Borsa Yatırım Fonu Piyasa Yapıcılığı İşlemleri ISGLK,https://www.kap.org.tr/tr/Bildirim/1612725,tr,2026-06-03T18:35:14+00:00
2026-06-03,ISTFK,KAP,İSTANBUL FAKTORİNG A.Ş. - Pay Dışında Sermaye Piyasası Aracı İşlemlerine İlişkin Bildirim (Faiz İçeren),Pay Dışında Sermaye Piyasası Aracı İşlemlerine İlişkin Bildirim (Faiz İçeren) TRFIFAS92619 ISIN kodlu finansman bonosunun 1. kupon oranına ilişkin açıklama,https://www.kap.org.tr/tr/Bildirim/1612579,tr,2026-06-03T16:44:24+00:00
2026-06-03,IYF,KAP,İNFO YATIRIM MENKUL DEĞERLER A.Ş. - Şirket Genel Bilgi Formu,Şirket Genel Bilgi Formu,https://www.kap.org.tr/tr/Bildirim/1612426,tr,2026-06-03T12:32:25+00:00
2026-06-03,IYM,KAP,İŞ YATIRIM MENKUL DEĞERLER A.Ş. - Yatırım Kuruluşu Varant - Sertifika - Senetlerine İlişkin Bildirim,Yatırım Kuruluşu Varant - Sertifika - Senetlerine İlişkin Bildirim İş Yatırım Sertifika ve Varant Alım Satım İşlemleri,https://www.kap.org.tr/tr/Bildirim/1612721,tr,2026-06-03T18:32:04+00:00
2026-06-03,IYM,KAP,İŞ YATIRIM MENKUL DEĞERLER A.Ş. - Piyasa Yapıcılığı Kapsamında Gerçekleştirilen İşlemler Bildirimi,Piyasa Yapıcılığı Kapsamında Gerçekleştirilen İşlemler Bildirimi Borsa Yatırım Fonu Piyasa Yapıcılığı İşlemleri ISGLK,https://www.kap.org.tr/tr/Bildirim/1612725,tr,2026-06-03T18:35:14+00:00
2026-06-03,KAREL,KAP,KAREL ELEKTRONİK SANAYİ VE TİCARET A.Ş. - Genel Kurul İşlemlerine İlişkin Bildirim,Genel Kurul İşlemlerine İlişkin Bildirim 2025 Yılı Olağan Genel Kurul Toplantısı Tescili Hk.,https://www.kap.org.tr/tr/Bildirim/1612533,tr,2026-06-03T15:46:12+00:00
2026-06-03,KAREL,KAP,KAREL ELEKTRONİK SANAYİ VE TİCARET A.Ş. - Bağımsız Denetim Kuruluşunun Belirlenmesi,Bağımsız Denetim Kuruluşunun Belirlenmesi Bağımsız Denetim Kuruluşu Seçimi Tescili Hk.,https://www.kap.org.tr/tr/Bildirim/1612534,tr,2026-06-03T15:46:58+00:00
2026-06-03,KAYSE,KAP,KAYSERİ ŞEKER FABRİKASI A.Ş. - Özel Durum Açıklaması (Genel),Özel Durum Açıklaması (Genel) Yönetim Kurulu Üyesi İstifası hk.,https://www.kap.org.tr/tr/Bildirim/1612748,tr,2026-06-03T20:07:52+00:00
2026-06-03,KAYSE,KAP,KAYSERİ ŞEKER FABRİKASI A.Ş. - Şirket Genel Bilgi Formu,Şirket Genel Bilgi Formu,https://www.kap.org.tr/tr/Bildirim/1612749,tr,2026-06-03T20:08:09+00:00
2026-06-03,KLGYO,KAP,KİLER GAYRİMENKUL YATIRIM ORTAKLIĞI A.Ş. - Bilgilendirme Politikası,Bilgilendirme Politikası Bilgilendirme politikası Güncellemesi,https://www.kap.org.tr/tr/Bildirim/1612774,tr,2026-06-03T20:43:35+00:00
2026-06-03,KLGYO,KAP,KİLER GAYRİMENKUL YATIRIM ORTAKLIĞI A.Ş. - Kar Dağıtım Politikası,Kar Dağıtım Politikası Kar Dağıtım Politikası Güncellemesi,https://www.kap.org.tr/tr/Bildirim/1612775,tr,2026-06-03T20:43:50+00:00
2026-06-03,KLGYO,KAP,KİLER GAYRİMENKUL YATIRIM ORTAKLIĞI A.Ş. - Özel Durum Açıklaması (Genel),Özel Durum Açıklaması (Genel) Ücret Politikası Güncellemesi,https://www.kap.org.tr/tr/Bildirim/1612777,tr,2026-06-03T20:44:09+00:00
2026-06-03,KLGYO,KAP,KİLER GAYRİMENKUL YATIRIM ORTAKLIĞI A.Ş. - Özel Durum Açıklaması (Genel),Özel Durum Açıklaması (Genel) Bağış ve Yardım Politikası Güncellemesi,https://www.kap.org.tr/tr/Bildirim/1612778,tr,2026-06-03T20:44:22+00:00
2026-06-03,KLMSN,KAP,KLİMASAN KLİMA SANAYİ VE TİCARET A.Ş. - Genel Kurul İşlemlerine İlişkin Bildirim,Genel Kurul İşlemlerine İlişkin Bildirim 2025 YILI A GRUBU İMTİYAZLI PAY SAHİPLERİ GENEL KURULU TOPLANTI SONUCU,https://www.kap.org.tr/tr/Bildirim/1612469,tr,2026-06-03T14:39:26+00:00
2026-06-03,KLMSN,KAP,KLİMASAN KLİMA SANAYİ VE TİCARET A.Ş. - Genel Kurul İşlemlerine İlişkin Bildirim,Genel Kurul İşlemlerine İlişkin Bildirim 2025 YILI B GRUBU İMTİYAZLI PAY SAHİPLERİ GENEL KURUL TOPLANTI SONUCU,https://www.kap.org.tr/tr/Bildirim/1612470,tr,2026-06-03T14:39:36+00:00
2026-06-03,KLMSN,KAP,KLİMASAN KLİMA SANAYİ VE TİCARET A.Ş. - Genel Kurul İşlemlerine İlişkin Bildirim,Genel Kurul İşlemlerine İlişkin Bildirim 2025 YILI C GRUBU İMTİYAZLI PAY SAHİPLERİ GENEL KURUL TOPLANTI SONUCU,https://www.kap.org.tr/tr/Bildirim/1612471,tr,2026-06-03T14:39:46+00:00
2026-06-03,KLMSN,KAP,KLİMASAN KLİMA SANAYİ VE TİCARET A.Ş. - Genel Kurul İşlemlerine İlişkin Bildirim,Genel Kurul İşlemlerine İlişkin Bildirim 2025 YILI OLAĞAN GENEL KURUL TOPLANTI SONUCU,https://www.kap.org.tr/tr/Bildirim/1612472,tr,2026-06-03T14:39:56+00:00
2026-06-03,KLMSN,KAP,KLİMASAN KLİMA SANAYİ VE TİCARET A.Ş. - Kar Payı Dağıtım İşlemlerine İlişkin Bildirim,Kar Payı Dağıtım İşlemlerine İlişkin Bildirim KAR PAYI DAĞITIM İŞLEMLERİNE İLİŞKİN GENEL KURUL SONUCU,https://www.kap.org.tr/tr/Bildirim/1612494,tr,2026-06-03T15:11:50+00:00
2026-06-03,KLMSN,KAP,KLİMASAN KLİMA SANAYİ VE TİCARET A.Ş. - Yönetim Kurulu Komiteleri,Yönetim Kurulu Komiteleri Yönetim Kurulu ve Komite Atamaları,https://www.kap.org.tr/tr/Bildirim/1612497,tr,2026-06-03T15:12:20+00:00
2026-06-03,KLMSN,KAP,KLİMASAN KLİMA SANAYİ VE TİCARET A.Ş. - Bağımsız Denetim Kuruluşunun Belirlenmesi,Bağımsız Denetim Kuruluşunun Belirlenmesi Bağımsız Denetim Kuruluşu Seçiminin Genel Kurul tarafından onaylanması,https://www.kap.org.tr/tr/Bildirim/1612498,tr,2026-06-03T15:12:29+00:00
2026-06-03,KLMSN,KAP,KLİMASAN KLİMA SANAYİ VE TİCARET A.Ş. - Bağımsız Denetim Kuruluşunun Belirlenmesi,Bağımsız Denetim Kuruluşunun Belirlenmesi Sürdürülebilirlik Denetim Kuruluşunun Genel Kurul Tarafından Onaylanması,https://www.kap.org.tr/tr/Bildirim/1612499,tr,2026-06-03T15:12:38+00:00
2026-06-03,KLMSN,KAP,KLİMASAN KLİMA SANAYİ VE TİCARET A.Ş. - Kurumsal Yönetim Bilgi Formu (Güncelleme) - Yönetim Kurulu-1,Kurumsal Yönetim Bilgi Formu (Güncelleme) - Yönetim Kurulu-1 Genel Kurul'da Yönetim Kurulu Üye Değişikliği,https://www.kap.org.tr/tr/Bildirim/1612546,tr,2026-06-03T16:08:25+00:00
2026-06-03,KLMSN,KAP,KLİMASAN KLİMA SANAYİ VE TİCARET A.Ş. - Kurumsal Yönetim Bilgi Formu (Güncelleme) - Yönetim Kurulu-2,Kurumsal Yönetim Bilgi Formu (Güncelleme) - Yönetim Kurulu-2 Genel Kurulda Seçilen Yönetim Kurulu Üyeleri ve Komitelerinin Güncellenmesi,https://www.kap.org.tr/tr/Bildirim/1612547,tr,2026-06-03T16:08:49+00:00
2026-06-03,KLMSN,KAP,KLİMASAN KLİMA SANAYİ VE TİCARET A.Ş. - Şirket Genel Bilgi Formu,Şirket Genel Bilgi Formu,https://www.kap.org.tr/tr/Bildirim/1612548,tr,2026-06-03T16:09:02+00:00
2026-06-03,KLSYN,KAP,KOLEKSİYON MOBİLYA SANAYİ A.Ş. - Genel Kurul İşlemlerine İlişkin Bildirim,Genel Kurul İşlemlerine İlişkin Bildirim 2025 Yılı Olağan Genel Kurul Toplantısı Sonuçları Hakkında,https://www.kap.org.tr/tr/Bildirim/1612345,tr,2026-06-03T11:57:29+00:00
2026-06-03,KLSYN,KAP,KOLEKSİYON MOBİLYA SANAYİ A.Ş. - Kayıtlı Sermaye Tavanı İşlemlerine İlişkin Bildirim,Kayıtlı Sermaye Tavanı İşlemlerine İlişkin Bildirim Kayıtlı Sermaye Tavanı İşlemleri Hakkında,https://www.kap.org.tr/tr/Bildirim/1612347,tr,2026-06-03T12:00:55+00:00
2026-06-03,KLSYN,KAP,KOLEKSİYON MOBİLYA SANAYİ A.Ş. - Kar Payı Dağıtım İşlemlerine İlişkin Bildirim,Kar Payı Dağıtım İşlemlerine İlişkin Bildirim Kar Payı Dağıtım İşlemleri Hakkında,https://www.kap.org.tr/tr/Bildirim/1612418,tr,2026-06-03T12:10:16+00:00
2026-06-03,KLSYN,KAP,KOLEKSİYON MOBİLYA SANAYİ A.Ş. - Bağımsız Denetim Kuruluşunun Belirlenmesi,Bağımsız Denetim Kuruluşunun Belirlenmesi Bağımsız Denetim Şirketi Seçimi Hakkında,https://www.kap.org.tr/tr/Bildirim/1612421,tr,2026-06-03T12:14:51+00:00
2026-06-03,KLSYN,KAP,KOLEKSİYON MOBİLYA SANAYİ A.Ş. - Bağımsız Denetim Kuruluşunun Belirlenmesi,Bağımsız Denetim Kuruluşunun Belirlenmesi Sürdürülebilirlik Güvence Denetimi Bağımısz Denetim Şirketi Seçimi Hakkında,https://www.kap.org.tr/tr/Bildirim/1612423,tr,2026-06-03T12:17:59+00:00
2026-06-03,KLYPV,KAP,KALYON GÜNEŞ TEKNOLOJİLERİ ÜRETİM A.Ş. - Yeni İş İlişkisi,Yeni İş İlişkisi Yeni İş İlişkisi,https://www.kap.org.tr/tr/Bildirim/1612236,tr,2026-06-03T09:28:08+00:00
2026-06-03,KNFRT,KAP,KONFRUT TARIM A.Ş. - Olağan Dışı Fiyat ve Miktar Hareketleri,Olağan Dışı Fiyat ve Miktar Hareketleri Olağan Dışı Fiyat ve Miktar Hareketleri,https://www.kap.org.tr/tr/Bildirim/1612718,tr,2026-06-03T18:29:19+00:00
2026-06-03,KONKA,KAP,KONYA KAĞIT SANAYİ VE TİCARET A.Ş. - Esas Sözleşme,Esas Sözleşme Esas Sözleşme,https://www.kap.org.tr/tr/Bildirim/1612307,tr,2026-06-03T11:09:38+00:00
2026-06-03,KONKA,KAP,KONYA KAĞIT SANAYİ VE TİCARET A.Ş. - Özel Durum Açıklaması (Genel),Özel Durum Açıklaması (Genel) Konya Kağıt Sanayi ve Ticaret A.Ş. İzmir Özel Endüstri Bölgesi İlk İmar Planı Onayı Hakkında,https://www.kap.org.tr/tr/Bildirim/1612532,tr,2026-06-03T15:43:41+00:00
2026-06-03,KTSVK,KAP,KT SUKUK VARLIK KİRALAMA A.Ş. - Pay Dışında Sermaye Piyasası Aracı İşlemlerine İlişkin Bildirim (Faizsiz),Pay Dışında Sermaye Piyasası Aracı İşlemlerine İlişkin Bildirim (Faizsiz) TRDKTSKK2646 ISIN Kodlu Yurtiçi Kira Sertifikası İhracının Nitelikli Yatırımcıya Satışının Tamamlanması Hk ALVES,https://www.kap.org.tr/tr/Bildirim/1612329,tr,2026-06-03T11:31:06+00:00
2026-06-03,KTSVK,KAP,KT SUKUK VARLIK KİRALAMA A.Ş. - Pay Dışında Sermaye Piyasası Aracı İşlemlerine İlişkin Bildirim (Faizsiz),Pay Dışında Sermaye Piyasası Aracı İşlemlerine İlişkin Bildirim (Faizsiz) TRDKTSK62621 ISIN Kodlu Kira Sertifikası İtfa ve Kupon Ödemesi Hk. ALVES,https://www.kap.org.tr/tr/Bildirim/1612442,tr,2026-06-03T13:25:36+00:00
2026-06-03,KTSVK,KAP,KT SUKUK VARLIK KİRALAMA A.Ş. - Pay Dışında Sermaye Piyasası Aracı İşlemlerine İlişkin Bildirim (Faizsiz),Pay Dışında Sermaye Piyasası Aracı İşlemlerine İlişkin Bildirim (Faizsiz) TRDKTSK92669 ISIN Kodlu Yurtiçi Kira Sertifikası İhracının Nitelikli Yatırımcıya Satışının Tamamlanması Hk DINCR,https://www.kap.org.tr/tr/Bildirim/1612453,tr,2026-06-03T14:10:45+00:00
2026-06-03,KTSVK,KAP,KT SUKUK VARLIK KİRALAMA A.Ş. - Pay Dışında Sermaye Piyasası Aracı İşlemlerine İlişkin Bildirim (Faizsiz),Pay Dışında Sermaye Piyasası Aracı İşlemlerine İlişkin Bildirim (Faizsiz) TRDKTSKE26B4 ISIN Kodlu Yurtiçi Kira Sertifikası İhracının Nitelikli Yatırımcıya Satışının Tamamlanması Hk EFOR,https://www.kap.org.tr/tr/Bildirim/1612477,tr,2026-06-03T14:50:02+00:00
2026-06-03,LIDFA,KAP,LİDER FAKTORİNG A.Ş. - Pay Dışında Sermaye Piyasası Aracı İşlemlerine İlişkin Bildirim (Faiz İçeren),Pay Dışında Sermaye Piyasası Aracı İşlemlerine İlişkin Bildirim (Faiz İçeren) trfldfk32719 ISIN Kodlu Bono Kupon Ödemesi,https://www.kap.org.tr/tr/Bildirim/1612230,tr,2026-06-03T09:17:35+00:00
2026-06-03,LRSHO,KAP,LORAS HOLDİNG A.Ş. - Özel Durum Açıklaması (Genel),Özel Durum Açıklaması (Genel) Sürdürülebilirlik Denetimi İçin Bağımsız Denetim Firmasının Seçimi Hakkında,https://www.kap.org.tr/tr/Bildirim/1612776,tr,2026-06-03T20:44:01+00:00
2026-06-03,MAGEN,KAP,MARGÜN ENERJİ ÜRETİM SANAYİ VE TİCARET A.Ş. - Özel Durum Açıklaması (Genel),Özel Durum Açıklaması (Genel) Jeotermal Enerji Yatırımları,https://www.kap.org.tr/tr/Bildirim/1612248,tr,2026-06-03T09:49:03+00:00
2026-06-03,MEGMT,KAP,MEGA METAL SANAYİ VE TİCARET A.Ş. - Sermaye Artırımı - Azaltımı İşlemlerine İlişkin Bildirim,Sermaye Artırımı - Azaltımı İşlemlerine İlişkin Bildirim SPK Başvurusu Hk.,https://www.kap.org.tr/tr/Bildirim/1612679,tr,2026-06-03T18:03:19+00:00
2026-06-03,MEKMD,KAP,MEKSA YATIRIM MENKUL DEĞERLER A.Ş. - Pay Dışında Sermaye Piyasası Aracı İşlemlerine İlişkin Bildirim (Faiz İçeren),Pay Dışında Sermaye Piyasası Aracı İşlemlerine İlişkin Bildirim (Faiz İçeren) Finansman Bonosu İtfası Hk.,https://www.kap.org.tr/tr/Bildirim/1612279,tr,2026-06-03T10:16:00+00:00
2026-06-03,MEKMD,KAP,MEKSA YATIRIM MENKUL DEĞERLER A.Ş. - Pay Dışında Sermaye Piyasası Aracı İşlemlerine İlişkin Bildirim (Faiz İçeren),Pay Dışında Sermaye Piyasası Aracı İşlemlerine İlişkin Bildirim (Faiz İçeren) Finansman Bonosu İhracı Hakkında,https://www.kap.org.tr/tr/Bildirim/1612280,tr,2026-06-03T10:16:13+00:00
2026-06-03,METEN,KAP,METGÜN ENERJİ YATIRIMLARI A.Ş. - Esas Sözleşme,Esas Sözleşme Metgün Enerji SPK ve Ticaret Bakanlığı Onaylı Esas Sözleşme,https://www.kap.org.tr/tr/Bildirim/1612580,tr,2026-06-03T16:44:36+00:00
2026-06-03,METEN,KAP,METGÜN ENERJİ YATIRIMLARI A.Ş. - Şirket Genel Bilgi Formu,Şirket Genel Bilgi Formu,https://www.kap.org.tr/tr/Bildirim/1612682,tr,2026-06-03T18:06:47+00:00
2026-06-03,MINTF,KAP,MİNT FİNANSMAN A.Ş. - Pay Dışında Sermaye Piyasası Aracı İşlemlerine İlişkin Bildirim (Faiz İçeren),Pay Dışında Sermaye Piyasası Aracı İşlemlerine İlişkin Bildirim (Faiz İçeren) TRFMINT62619 ISIN Kodlu 75.000.000 TL Tutarındaki Bono İtfa ve Kupon Ödemesi Hakkında,https://www.kap.org.tr/tr/Bildirim/1612544,tr,2026-06-03T16:05:28+00:00
2026-06-03,MSA,KAP,MEKSA YATIRIM MENKUL DEĞERLER A.Ş. - Pay Dışında Sermaye Piyasası Aracı İşlemlerine İlişkin Bildirim (Faiz İçeren),Pay Dışında Sermaye Piyasası Aracı İşlemlerine İlişkin Bildirim (Faiz İçeren) Finansman Bonosu İtfası Hk.,https://www.kap.org.tr/tr/Bildirim/1612279,tr,2026-06-03T10:16:00+00:00
2026-06-03,MSA,KAP,MEKSA YATIRIM MENKUL DEĞERLER A.Ş. - Pay Dışında Sermaye Piyasası Aracı İşlemlerine İlişkin Bildirim (Faiz İçeren),Pay Dışında Sermaye Piyasası Aracı İşlemlerine İlişkin Bildirim (Faiz İçeren) Finansman Bonosu İhracı Hakkında,https://www.kap.org.tr/tr/Bildirim/1612280,tr,2026-06-03T10:16:13+00:00
2026-06-03,NRBNK,KAP,NUROL YATIRIM BANKASI A.Ş. - Pay Dışında Sermaye Piyasası Aracı İşlemlerine İlişkin Bildirim (Faiz İçeren),Pay Dışında Sermaye Piyasası Aracı İşlemlerine İlişkin Bildirim (Faiz İçeren) TRSNURL62613 ISIN Kodlu Tahvilin İtfası,https://www.kap.org.tr/tr/Bildirim/1612434,tr,2026-06-03T12:58:35+00:00
2026-06-03,NTHOL,KAP,NET HOLDİNG A.Ş. - Payların Geri Alınmasına İlişkin Bildirim,Payların Geri Alınmasına İlişkin Bildirim Şirketimizin kendi paylarının geri alımı hakkında,https://www.kap.org.tr/tr/Bildirim/1612695,tr,2026-06-03T18:13:10+00:00
2026-06-03,NYB,KAP,NUROL YATIRIM BANKASI A.Ş. - Pay Dışında Sermaye Piyasası Aracı İşlemlerine İlişkin Bildirim (Faiz İçeren),Pay Dışında Sermaye Piyasası Aracı İşlemlerine İlişkin Bildirim (Faiz İçeren) TRSNURL62613 ISIN Kodlu Tahvilin İtfası,https://www.kap.org.tr/tr/Bildirim/1612434,tr,2026-06-03T12:58:35+00:00
2026-06-03,ONRYT,KAP,ONUR YÜKSEK TEKNOLOJİ A.Ş. - Kurumsal Yönetim Bilgi Formu (Güncelleme) - Yönetim Kurulu-2,Kurumsal Yönetim Bilgi Formu (Güncelleme) - Yönetim Kurulu-2 Kurumsal Yönetim Bilgi Formu Yönetim Kurulu II (Güncelleme),https://www.kap.org.tr/tr/Bildirim/1612728,tr,2026-06-03T18:46:52+00:00
2026-06-03,ONRYT,KAP,ONUR YÜKSEK TEKNOLOJİ A.Ş. - Genel Kurul İşlemlerine İlişkin Bildirim,Genel Kurul İşlemlerine İlişkin Bildirim Genel Kurul Karar Tescili,https://www.kap.org.tr/tr/Bildirim/1612730,tr,2026-06-03T18:47:51+00:00
2026-06-03,ONRYT,KAP,ONUR YÜKSEK TEKNOLOJİ A.Ş. - Bağımsız Denetim Kuruluşunun Belirlenmesi,Bağımsız Denetim Kuruluşunun Belirlenmesi Bağımsız Denetim Kuruluşu Seçiminin Tescili,https://www.kap.org.tr/tr/Bildirim/1612732,tr,2026-06-03T18:48:39+00:00
2026-06-03,OTKAR,KAP,OTOKAR OTOMOTİV VE SAVUNMA SANAYİ A.Ş. - Finansal Duran Varlık Edinimi,Finansal Duran Varlık Edinimi Automecanica S.A. paylarının devralınması işleminin tamamlanması,https://www.kap.org.tr/tr/Bildirim/1612692,tr,2026-06-03T18:12:34+00:00
2026-06-03,OTOSR,KAP,OTOSOR OTOMOTİV A.Ş. - İhraç Tavanına İlişkin Bildirim,İhraç Tavanına İlişkin Bildirim Borçlanma Aracı İhraç Belgesi Onayı,https://www.kap.org.tr/tr/Bildirim/1612575,tr,2026-06-03T16:40:37+00:00
2026-06-03,OTOSR,KAP,OTOSOR OTOMOTİV A.Ş. - İhraç Belgesi,İhraç Belgesi Borçlanma Aracı İhraç Belgesi Onayı,https://www.kap.org.tr/tr/Bildirim/1612576,tr,2026-06-03T16:41:11+00:00
2026-06-03,OYA,KAP,OYAK YATIRIM MENKUL DEĞERLER A.Ş. - Piyasa Yapıcılığı Kapsamında Gerçekleştirilen İşlemler Bildirimi,Piyasa Yapıcılığı Kapsamında Gerçekleştirilen İşlemler Bildirimi 03/06/2026 TARİHLİ OYAYO PİYASA YAPICILIĞI İŞLEMLERİ OYAYO,https://www.kap.org.tr/tr/Bildirim/1612724,tr,2026-06-03T18:33:45+00:00
2026-06-03,OYAYO,KAP,OYAK YATIRIM ORTAKLIĞI A.Ş. - Özel Durum Açıklaması (Genel),"Özel Durum Açıklaması (Genel) Ortaklık paylarının BİAŞ'ta oluşan ağırlıklı ortalama fiyatının, pay başına net aktif değerinin 2 katını aşması hakkında",https://www.kap.org.tr/tr/Bildirim/1612425,tr,2026-06-03T12:25:22+00:00
2026-06-03,OYYAT,KAP,OYAK YATIRIM MENKUL DEĞERLER A.Ş. - Piyasa Yapıcılığı Kapsamında Gerçekleştirilen İşlemler Bildirimi,Piyasa Yapıcılığı Kapsamında Gerçekleştirilen İşlemler Bildirimi 03/06/2026 TARİHLİ OYAYO PİYASA YAPICILIĞI İŞLEMLERİ OYAYO,https://www.kap.org.tr/tr/Bildirim/1612724,tr,2026-06-03T18:33:45+00:00
2026-06-03,OZKGY,KAP,ÖZAK GAYRİMENKUL YATIRIM ORTAKLIĞI A.Ş. - İhale Süreci / Sonucu,İhale Süreci / Sonucu İstanbul Ümraniye Tepeüstü Arsa Satışı Karşılığı Gelir Paylaşımı İşi İhalesi HK.,https://www.kap.org.tr/tr/Bildirim/1612684,tr,2026-06-03T18:07:36+00:00
2026-06-03,PBT,KAP,PASHA YATIRIM BANKASI A.Ş. - Pay Dışında Sermaye Piyasası Aracı İşlemlerine İlişkin Bildirim (Faiz İçeren),Pay Dışında Sermaye Piyasası Aracı İşlemlerine İlişkin Bildirim (Faiz İçeren) Yeşil Bono Satışının tamamlanması,https://www.kap.org.tr/tr/Bildirim/1612659,tr,2026-06-03T17:31:59+00:00
2026-06-03,PBTR,KAP,PASHA YATIRIM BANKASI A.Ş. - Pay Dışında Sermaye Piyasası Aracı İşlemlerine İlişkin Bildirim (Faiz İçeren),Pay Dışında Sermaye Piyasası Aracı İşlemlerine İlişkin Bildirim (Faiz İçeren) Yeşil Bono Satışının tamamlanması,https://www.kap.org.tr/tr/Bildirim/1612659,tr,2026-06-03T17:31:59+00:00
2026-06-03,PNSUT,KAP,PINAR SÜT MAMÜLLERİ SANAYİİ A.Ş. - Pay Dışında Sermaye Piyasası Aracı İşlemlerine İlişkin Bildirim (Faiz İçeren),Pay Dışında Sermaye Piyasası Aracı İşlemlerine İlişkin Bildirim (Faiz İçeren) Nitelikli Yatırımcılara Satılmak Üzere Finansman Bonosu İhracı,https://www.kap.org.tr/tr/Bildirim/1612424,tr,2026-06-03T12:20:49+00:00
2026-06-03,PRDGS,KAP,PARDUS GİRİŞİM SERMAYESİ YATIRIM ORTAKLIĞI A.Ş. - Şirket Genel Bilgi Formu,Şirket Genel Bilgi Formu,https://www.kap.org.tr/tr/Bildirim/1612250,tr,2026-06-03T09:56:54+00:00
2026-06-03,PRZMA,KAP,PRİZMA PRES MATBAACILIK YAYINCILIK SANAYİ VE TİCARET A.Ş. - Özel Durum Açıklaması (Genel),Özel Durum Açıklaması (Genel) Şirketimiz Paylarının Tera Grubuna Devri Hk. TEHOL,https://www.kap.org.tr/tr/Bildirim/1612717,tr,2026-06-03T18:28:55+00:00
2026-06-03,QNBFK,KAP,QNB FİNANSAL KİRALAMA A.Ş. - Pay Dışında Sermaye Piyasası Aracı İşlemlerine İlişkin Bildirim (Faiz İçeren),Pay Dışında Sermaye Piyasası Aracı İşlemlerine İlişkin Bildirim (Faiz İçeren) TRFQFKRA2613 ISIN KODLU FİNANSMAN BONOSU İHRACININ TAMAMLANMASI,https://www.kap.org.tr/tr/Bildirim/1612448,tr,2026-06-03T13:47:06+00:00
2026-06-03,QNBTR,KAP,QNB BANK A.Ş. - İhraç Tavanına İlişkin Bildirim,İhraç Tavanına İlişkin Bildirim Orta Vadeli Borçlanma (Medium Term Note) Programına ilişkin güncelleme hk.,https://www.kap.org.tr/tr/Bildirim/1612334,tr,2026-06-03T11:46:57+00:00
2026-06-03,QNBTR,KAP,QNB BANK A.Ş. - İhraç Tavanına İlişkin Bildirim,İhraç Tavanına İlişkin Bildirim Orta Vadeli Borçlanma (Medium Term Note) Programına ilişkin güncelleme hk.,https://www.kap.org.tr/tr/Bildirim/1612335,tr,2026-06-03T11:47:14+00:00
2026-06-03,QNBTR,KAP,QNB BANK A.Ş. - Pay Dışında Sermaye Piyasası Aracı İşlemlerine İlişkin Bildirim (Faiz İçeren),Pay Dışında Sermaye Piyasası Aracı İşlemlerine İlişkin Bildirim (Faiz İçeren) MTN programı kapsamında yurtdışında ihraç edilen borçlanma aracının ihracı,https://www.kap.org.tr/tr/Bildirim/1612675,tr,2026-06-03T17:57:49+00:00
2026-06-03,QNBTR,KAP,QNB BANK A.Ş. - Pay Dışında Sermaye Piyasası Aracı İşlemlerine İlişkin Bildirim (Faiz İçeren),Pay Dışında Sermaye Piyasası Aracı İşlemlerine İlişkin Bildirim (Faiz İçeren) MTN programı kapsamında yurtdışında ihraç edilen borçlanma aracının ihracı,https://www.kap.org.tr/tr/Bildirim/1612676,tr,2026-06-03T17:58:05+00:00
2026-06-03,RTALB,KAP,RTA LABORATUVARLARI BİYOLOJİK ÜRÜNLER İLAÇ VE MAKİNE SANAYİ TİCARET A.Ş. - Genel Kurul İşlemlerine İlişkin Bildirim,Genel Kurul İşlemlerine İlişkin Bildirim 2025 Yılı Olağan Genel Kurulu Daveti,https://www.kap.org.tr/tr/Bildirim/1612688,tr,2026-06-03T18:10:26+00:00
2026-06-03,RTALB,KAP,RTA LABORATUVARLARI BİYOLOJİK ÜRÜNLER İLAÇ VE MAKİNE SANAYİ TİCARET A.Ş. - Kar Payı Dağıtım İşlemlerine İlişkin Bildirim,Kar Payı Dağıtım İşlemlerine İlişkin Bildirim Yönetim Kurulu'nun Kar Payı Dağıtılmamasına İlişkin Teklifi,https://www.kap.org.tr/tr/Bildirim/1612690,tr,2026-06-03T18:10:34+00:00
2026-06-03,SANEL,KAP,SAN-EL MÜHENDİSLİK ELEKTRİK TAAHHÜT SANAYİ VE TİCARET A.Ş. - Olağan Dışı Fiyat ve Miktar Hareketleri,Olağan Dışı Fiyat ve Miktar Hareketleri Olağandışı Fiyat ve Miktar Haraketleri Hakkında,https://www.kap.org.tr/tr/Bildirim/1612800,tr,2026-06-03T21:24:21+00:00
2026-06-03,SASA,KAP,SASA POLYESTER SANAYİ A.Ş. - Sermaye Artırımı - Azaltımı İşlemlerine İlişkin Bildirim,Sermaye Artırımı - Azaltımı İşlemlerine İlişkin Bildirim Şarta bağlı sermaye artırımı tescili,https://www.kap.org.tr/tr/Bildirim/1612739,tr,2026-06-03T19:08:27+00:00
2026-06-03,SASA,KAP,SASA POLYESTER SANAYİ A.Ş. - Esas Sözleşme,Esas Sözleşme Güncel Esas Sözleşme,https://www.kap.org.tr/tr/Bildirim/1612740,tr,2026-06-03T19:09:18+00:00
2026-06-03,SASA,KAP,SASA POLYESTER SANAYİ A.Ş. - Özel Durum Açıklaması (Genel),Özel Durum Açıklaması (Genel) Şarta Bağlı Sermaye Artırımı Yönetim Kurulu Kararı,https://www.kap.org.tr/tr/Bildirim/1612741,tr,2026-06-03T19:14:05+00:00
2026-06-03,SAYAS,KAP,SAY YENİLENEBİLİR ENERJİ EKİPMANLARI SANAYİ VE TİCARET A.Ş. - Esas Sözleşme Tadili,Esas Sözleşme Tadili Esas Sözleşme Tadili Hakkında(Güncelleme),https://www.kap.org.tr/tr/Bildirim/1612523,tr,2026-06-03T15:30:18+00:00
2026-06-03,SEK,KAP,ŞEKERBANK T.A.Ş. - Pay Dışında Sermaye Piyasası Aracı İşlemlerine İlişkin Bildirim (Faiz İçeren),Pay Dışında Sermaye Piyasası Aracı İşlemlerine İlişkin Bildirim (Faiz İçeren) TRSSKBKA0017 ISIN kodlu sermaye benzeri borçlanma aracının yirmi altıncı kupon ödemesi yapılmıştır.,https://www.kap.org.tr/tr/Bildirim/1612735,tr,2026-06-03T19:07:08+00:00
2026-06-03,SEK,KAP,ŞEKERBANK T.A.Ş. - Şirket Genel Bilgi Formu,Şirket Genel Bilgi Formu,https://www.kap.org.tr/tr/Bildirim/1612736,tr,2026-06-03T19:07:25+00:00
2026-06-03,SEK,KAP,ŞEKERBANK T.A.Ş. - Sermaye Artırımı - Azaltımı İşlemlerine İlişkin Bildirim,Sermaye Artırımı - Azaltımı İşlemlerine İlişkin Bildirim Bankamızın Bedelli Sermaye Artırımı İşlemine İlişkin SPK Başvurusu,https://www.kap.org.tr/tr/Bildirim/1612737,tr,2026-06-03T19:08:04+00:00
2026-06-03,SEK,KAP,ŞEKERBANK T.A.Ş. - İzahname (SPK Onayına Sunulan),İzahname (SPK Onayına Sunulan) Bedelli Sermaye Artırımına İlişkin SPK Onayına Sunulan Taslak İzahname,https://www.kap.org.tr/tr/Bildirim/1612738,tr,2026-06-03T19:08:18+00:00
2026-06-03,SELVA,KAP,SELVA GIDA SANAYİ A.Ş. - Özel Durum Açıklaması (Genel),Özel Durum Açıklaması (Genel) Sürdürülebilirlik Denetimi İçin Bağımsız Denetim Firmasının Seçimi Hakkında,https://www.kap.org.tr/tr/Bildirim/1612790,tr,2026-06-03T20:45:37+00:00
2026-06-03,SKBNK,KAP,ŞEKERBANK T.A.Ş. - Pay Dışında Sermaye Piyasası Aracı İşlemlerine İlişkin Bildirim (Faiz İçeren),Pay Dışında Sermaye Piyasası Aracı İşlemlerine İlişkin Bildirim (Faiz İçeren) TRSSKBKA0017 ISIN kodlu sermaye benzeri borçlanma aracının yirmi altıncı kupon ödemesi yapılmıştır.,https://www.kap.org.tr/tr/Bildirim/1612735,tr,2026-06-03T19:07:08+00:00
2026-06-03,SKBNK,KAP,ŞEKERBANK T.A.Ş. - Şirket Genel Bilgi Formu,Şirket Genel Bilgi Formu,https://www.kap.org.tr/tr/Bildirim/1612736,tr,2026-06-03T19:07:25+00:00
2026-06-03,SKBNK,KAP,ŞEKERBANK T.A.Ş. - Sermaye Artırımı - Azaltımı İşlemlerine İlişkin Bildirim,Sermaye Artırımı - Azaltımı İşlemlerine İlişkin Bildirim Bankamızın Bedelli Sermaye Artırımı İşlemine İlişkin SPK Başvurusu,https://www.kap.org.tr/tr/Bildirim/1612737,tr,2026-06-03T19:08:04+00:00
2026-06-03,SKBNK,KAP,ŞEKERBANK T.A.Ş. - İzahname (SPK Onayına Sunulan),İzahname (SPK Onayına Sunulan) Bedelli Sermaye Artırımına İlişkin SPK Onayına Sunulan Taslak İzahname,https://www.kap.org.tr/tr/Bildirim/1612738,tr,2026-06-03T19:08:18+00:00
2026-06-03,SKY,KAP,ŞEKER YATIRIM MENKUL DEĞERLER A.Ş. - Pay Dışında Sermaye Piyasası Aracı İşlemlerine İlişkin Bildirim (Faiz İçeren),Pay Dışında Sermaye Piyasası Aracı İşlemlerine İlişkin Bildirim (Faiz İçeren) TRFSKMD92615 ISIN kodlu 91 gün vadeli iskontolu finansman bonosunun ihracı,https://www.kap.org.tr/tr/Bildirim/1612226,tr,2026-06-03T08:51:57+00:00
2026-06-03,SKY,KAP,ŞEKER YATIRIM MENKUL DEĞERLER A.Ş. - Pay Dışında Sermaye Piyasası Aracı İşlemlerine İlişkin Bildirim (Faiz İçeren),Pay Dışında Sermaye Piyasası Aracı İşlemlerine İlişkin Bildirim (Faiz İçeren) TRFSKMD62618 ISIN kodlu 98 gün vadeli iskontolu finansman bonosunun itfası,https://www.kap.org.tr/tr/Bildirim/1612663,tr,2026-06-03T17:37:35+00:00
2026-06-03,SKY,KAP,ŞEKER YATIRIM MENKUL DEĞERLER A.Ş. - Şirket Genel Bilgi Formu,Şirket Genel Bilgi Formu,https://www.kap.org.tr/tr/Bildirim/1612664,tr,2026-06-03T17:37:45+00:00
2026-06-03,SKYMD,KAP,ŞEKER YATIRIM MENKUL DEĞERLER A.Ş. - Pay Dışında Sermaye Piyasası Aracı İşlemlerine İlişkin Bildirim (Faiz İçeren),Pay Dışında Sermaye Piyasası Aracı İşlemlerine İlişkin Bildirim (Faiz İçeren) TRFSKMD92615 ISIN kodlu 91 gün vadeli iskontolu finansman bonosunun ihracı,https://www.kap.org.tr/tr/Bildirim/1612226,tr,2026-06-03T08:51:57+00:00
2026-06-03,SKYMD,KAP,ŞEKER YATIRIM MENKUL DEĞERLER A.Ş. - Pay Dışında Sermaye Piyasası Aracı İşlemlerine İlişkin Bildirim (Faiz İçeren),Pay Dışında Sermaye Piyasası Aracı İşlemlerine İlişkin Bildirim (Faiz İçeren) TRFSKMD62618 ISIN kodlu 98 gün vadeli iskontolu finansman bonosunun itfası,https://www.kap.org.tr/tr/Bildirim/1612663,tr,2026-06-03T17:37:35+00:00
2026-06-03,SKYMD,KAP,ŞEKER YATIRIM MENKUL DEĞERLER A.Ş. - Şirket Genel Bilgi Formu,Şirket Genel Bilgi Formu,https://www.kap.org.tr/tr/Bildirim/1612664,tr,2026-06-03T17:37:45+00:00
2026-06-03,SMRTG,KAP,SMART GÜNEŞ ENERJİSİ TEKNOLOJİLERİ ARAŞTIRMA GELİŞTİRME ÜRETİM SANAYİ VE TİCARET A.Ş. - Pay Dışında Sermaye Piyasası Aracı İşlemlerine İlişkin Bildirim (Faiz İçeren),"Pay Dışında Sermaye Piyasası Aracı İşlemlerine İlişkin Bildirim (Faiz İçeren) Şirketimizin TRSSMAR82610 ISIN kodlu özel sektör tahvilinin 03.06.2026 tarihli 3. kupon faiz oranı %12,0872 olarak belirlenmiştir.",https://www.kap.org.tr/tr/Bildirim/1612227,tr,2026-06-03T08:52:58+00:00
2026-06-03,SMRTG,KAP,SMART GÜNEŞ ENERJİSİ TEKNOLOJİLERİ ARAŞTIRMA GELİŞTİRME ÜRETİM SANAYİ VE TİCARET A.Ş. - Pay Dışında Sermaye Piyasası Aracı İşlemlerine İlişkin Bildirim (Faiz İçeren),"Pay Dışında Sermaye Piyasası Aracı İşlemlerine İlişkin Bildirim (Faiz İçeren) Şirketimizin, TRFSMAR62619 ISIN kodlu özel sektör finansman bonosunun 2. kupon faiz oranı %11,5900 olarak belirlenmiştir.",https://www.kap.org.tr/tr/Bildirim/1612228,tr,2026-06-03T08:53:51+00:00
2026-06-03,SMRTG,KAP,SMART GÜNEŞ ENERJİSİ TEKNOLOJİLERİ ARAŞTIRMA GELİŞTİRME ÜRETİM SANAYİ VE TİCARET A.Ş. - Pay Dışında Sermaye Piyasası Aracı İşlemlerine İlişkin Bildirim (Faiz İçeren),"Pay Dışında Sermaye Piyasası Aracı İşlemlerine İlişkin Bildirim (Faiz İçeren) Şirketimizin, TRFSMAR62619 ISIN kodlu özel sektör finansman bonosunun 2. kupon ve anapara ödemesi gerçekleştirilmiştir.",https://www.kap.org.tr/tr/Bildirim/1612309,tr,2026-06-03T11:11:05+00:00
2026-06-03,SMRTG,KAP,SMART GÜNEŞ ENERJİSİ TEKNOLOJİLERİ ARAŞTIRMA GELİŞTİRME ÜRETİM SANAYİ VE TİCARET A.Ş. - Pay Dışında Sermaye Piyasası Aracı İşlemlerine İlişkin Bildirim (Faiz İçeren),Pay Dışında Sermaye Piyasası Aracı İşlemlerine İlişkin Bildirim (Faiz İçeren) Şirketimizin TRSSMAR82610 ISIN kodlu özel sektör tahvilinin 03.06.2026 tarihli 3. kupon faiz ödemesi gerçekleştirilmiştir.,https://www.kap.org.tr/tr/Bildirim/1612311,tr,2026-06-03T11:16:45+00:00
2026-06-03,SVGYO,KAP,SAVUR GAYRİMENKUL YATIRIM ORTAKLIĞI A.Ş. - Esas Sözleşme Tadili,Esas Sözleşme Tadili Esas Sözleşme Sermaye ve Paylar Maddesinin Tescili Hk.,https://www.kap.org.tr/tr/Bildirim/1612346,tr,2026-06-03T12:00:40+00:00
2026-06-03,SVGYO,KAP,SAVUR GAYRİMENKUL YATIRIM ORTAKLIĞI A.Ş. - Şirket Genel Bilgi Formu,Şirket Genel Bilgi Formu,https://www.kap.org.tr/tr/Bildirim/1612450,tr,2026-06-03T13:59:14+00:00
2026-06-03,TAC,KAP,TACİRLER YATIRIM MENKUL DEĞERLER A.Ş. - İhraç Tavanına İlişkin Bildirim,İhraç Tavanına İlişkin Bildirim Sermaye Piyasası Aracı İhracına İlişkin Yönetim Kurulu Kararı,https://www.kap.org.tr/tr/Bildirim/1612518,tr,2026-06-03T15:22:33+00:00
2026-06-03,TAMFA,KAP,TAM FİNANS FAKTORİNG A.Ş. - Pay Dışında Sermaye Piyasası Aracı İşlemlerine İlişkin Bildirim (Faiz İçeren),Pay Dışında Sermaye Piyasası Aracı İşlemlerine İlişkin Bildirim (Faiz İçeren) TRFTAMF32714 ISIN Kodlu Finansman Bonosunun 1. Kupon Ödemesinin Yapılması Hakkında,https://www.kap.org.tr/tr/Bildirim/1612333,tr,2026-06-03T11:38:32+00:00
2026-06-03,TAMFA,KAP,TAM FİNANS FAKTORİNG A.Ş. - Pay Dışında Sermaye Piyasası Aracı İşlemlerine İlişkin Bildirim (Faiz İçeren),Pay Dışında Sermaye Piyasası Aracı İşlemlerine İlişkin Bildirim (Faiz İçeren) TRFTAMF92619 ISIN Kodlu Finansman Bonosunun 3. Kupon Oranının Belirlenmesi Hakkında,https://www.kap.org.tr/tr/Bildirim/1612574,tr,2026-06-03T16:35:29+00:00
2026-06-03,TCRYT,KAP,TACİRLER YATIRIM MENKUL DEĞERLER A.Ş. - İhraç Tavanına İlişkin Bildirim,İhraç Tavanına İlişkin Bildirim Sermaye Piyasası Aracı İhracına İlişkin Yönetim Kurulu Kararı,https://www.kap.org.tr/tr/Bildirim/1612518,tr,2026-06-03T15:22:33+00:00
2026-06-03,TEBFA,KAP,TEB FAKTORİNG A.Ş. - Pay Dışında Sermaye Piyasası Aracı İşlemlerine İlişkin Bildirim (Faiz İçeren),Pay Dışında Sermaye Piyasası Aracı İşlemlerine İlişkin Bildirim (Faiz İçeren) Nitelikli Yatırımcıya Borçlanma Aracı İhracı,https://www.kap.org.tr/tr/Bildirim/1612293,tr,2026-06-03T10:33:24+00:00
2026-06-03,TIB,KAP,TÜRKİYE İŞ BANKASI A.Ş. - Pay Dışında Sermaye Piyasası Aracı İşlemlerine İlişkin Bildirim (Faiz İçeren),Pay Dışında Sermaye Piyasası Aracı İşlemlerine İlişkin Bildirim (Faiz İçeren) Yurtdışı Piyasalara Tahvil İhracı,https://www.kap.org.tr/tr/Bildirim/1612315,tr,2026-06-03T11:18:56+00:00
2026-06-03,TIB,KAP,TÜRKİYE İŞ BANKASI A.Ş. - Pay Dışında Sermaye Piyasası Aracı İşlemlerine İlişkin Bildirim (Faiz İçeren),Pay Dışında Sermaye Piyasası Aracı İşlemlerine İlişkin Bildirim (Faiz İçeren) Yurtdışı Piyasalara Tahvil İhracı,https://www.kap.org.tr/tr/Bildirim/1612316,tr,2026-06-03T11:19:32+00:00
2026-06-03,TIB,KAP,TÜRKİYE İŞ BANKASI A.Ş. - Pay Dışında Sermaye Piyasası Aracı İşlemlerine İlişkin Bildirim (Faiz İçeren),Pay Dışında Sermaye Piyasası Aracı İşlemlerine İlişkin Bildirim (Faiz İçeren) Yurtdışı Piyasalara Tahvil İhracı,https://www.kap.org.tr/tr/Bildirim/1612587,tr,2026-06-03T16:49:56+00:00
2026-06-03,TKNSA,KAP,TEKNOSA İÇ VE DIŞ TİCARET A.Ş. - Pay Dışında Sermaye Piyasası Aracı İşlemlerine İlişkin Bildirim (Faiz İçeren),Pay Dışında Sermaye Piyasası Aracı İşlemlerine İlişkin Bildirim (Faiz İçeren) TRFTKNOA2613 ISIN kodlu finansman bonosu ihracı,https://www.kap.org.tr/tr/Bildirim/1612258,tr,2026-06-03T10:00:49+00:00
2026-06-03,TKNSA,KAP,TEKNOSA İÇ VE DIŞ TİCARET A.Ş. - Pay Dışında Sermaye Piyasası Aracı İşlemlerine İlişkin Bildirim (Faiz İçeren),Pay Dışında Sermaye Piyasası Aracı İşlemlerine İlişkin Bildirim (Faiz İçeren) TRFTKNO62611 ISIN Kodlu Finansman Bonosu Kupon Ödemesi ve Anapara İtfası,https://www.kap.org.tr/tr/Bildirim/1612457,tr,2026-06-03T14:19:49+00:00
2026-06-03,TKNSA,KAP,TEKNOSA İÇ VE DIŞ TİCARET A.Ş. - TSRS Uyumlu Sürdürülebilirlik Raporu,TSRS Uyumlu Sürdürülebilirlik Raporu 2025 TSRS Uyumlu Sürdürülebilirlik Raporu,https://www.kap.org.tr/tr/Bildirim/1612750,tr,2026-06-03T20:13:17+00:00
2026-06-03,TRILC,KAP,TURK İLAÇ VE SERUM SANAYİ A.Ş. - Genel Kurul İşlemlerine İlişkin Bildirim,Genel Kurul İşlemlerine İlişkin Bildirim Olağan Genel Kurul Neticesi Hakkında,https://www.kap.org.tr/tr/Bildirim/1612744,tr,2026-06-03T19:42:28+00:00
2026-06-03,TRILC,KAP,TURK İLAÇ VE SERUM SANAYİ A.Ş. - Kar Payı Dağıtım İşlemlerine İlişkin Bildirim,Kar Payı Dağıtım İşlemlerine İlişkin Bildirim Kar Dağıtılmamasına İlişkin Olağan Genel Kurul Toplantı Neticesi Hakkında.,https://www.kap.org.tr/tr/Bildirim/1612745,tr,2026-06-03T19:45:33+00:00
2026-06-03,TRILC,KAP,TURK İLAÇ VE SERUM SANAYİ A.Ş. - Kayıtlı Sermaye Tavanı İşlemlerine İlişkin Bildirim,Kayıtlı Sermaye Tavanı İşlemlerine İlişkin Bildirim Kayıtlı Sermaye Tavanının Yükseltilmesine İlişkin Olağan Genel Kurul Kararı Hakkında.,https://www.kap.org.tr/tr/Bildirim/1612746,tr,2026-06-03T19:50:01+00:00
2026-06-03,TRILC,KAP,TURK İLAÇ VE SERUM SANAYİ A.Ş. - Bağımsız Denetim Kuruluşunun Belirlenmesi,Bağımsız Denetim Kuruluşunun Belirlenmesi 2026 Yılı Bağımsız Denetim Şirketinin Belirlenmesi Hakkında Genel Kurul Neticesi,https://www.kap.org.tr/tr/Bildirim/1612747,tr,2026-06-03T19:56:05+00:00
2026-06-03,TRILC,KAP,TURK İLAÇ VE SERUM SANAYİ A.Ş. - Şirket Genel Bilgi Formu,Şirket Genel Bilgi Formu,https://www.kap.org.tr/tr/Bildirim/1612751,tr,2026-06-03T20:17:22+00:00
2026-06-03,TRILC,KAP,TURK İLAÇ VE SERUM SANAYİ A.Ş. - Kurumsal Yönetim Bilgi Formu (Güncelleme) - Yönetim Kurulu-2,Kurumsal Yönetim Bilgi Formu (Güncelleme) - Yönetim Kurulu-2 Güncelleme,https://www.kap.org.tr/tr/Bildirim/1612752,tr,2026-06-03T20:24:10+00:00
2026-06-03,TRYKI,KAP,TİRYAKİ AGRO GIDA SANAYİ VE TİCARET A.Ş. - Pay Dışında Sermaye Piyasası Aracı İşlemlerine İlişkin Bildirim (Faiz İçeren),Pay Dışında Sermaye Piyasası Aracı İşlemlerine İlişkin Bildirim (Faiz İçeren) TRFTRYK92618 ISIN Kodlu Finansman Bonosu 3. Kupon Dönemine İlişkin Faiz Oranı Hakkında,https://www.kap.org.tr/tr/Bildirim/1612812,tr,2026-06-03T23:53:00+00:00
2026-06-03,TSPOR,KAP,TRABZONSPOR SPORTİF YATIRIM VE FUTBOL İŞLETMECİLİĞİ TİCARET A.Ş. - Transfer Görüşmelerinin Sonuçlanması veya Sona Ermesi,Transfer Görüşmelerinin Sonuçlanması veya Sona Ermesi Oleksandr Zubkov Kesin Transferi Hakkında.,https://www.kap.org.tr/tr/Bildirim/1612542,tr,2026-06-03T16:00:04+00:00
2026-06-03,TSPOR,KAP,TRABZONSPOR SPORTİF YATIRIM VE FUTBOL İŞLETMECİLİĞİ TİCARET A.Ş. - Sözleşme Feshi,Sözleşme Feshi Oleksandr Zubkov İle Olan Sözleşmenin Feshi Hakkında.,https://www.kap.org.tr/tr/Bildirim/1612543,tr,2026-06-03T16:00:42+00:00
2026-06-03,ULUFA,KAP,ULUSAL FAKTORİNG A.Ş. - Pay Dışında Sermaye Piyasası Aracı İşlemlerine İlişkin Bildirim (Faiz İçeren),Pay Dışında Sermaye Piyasası Aracı İşlemlerine İlişkin Bildirim (Faiz İçeren) Şirketimiz TRSULFK92710 ISIN Kodlu Değişken Faizli Borçlanma Aracımızın Kupon Oranına İlişkin Açıklama,https://www.kap.org.tr/tr/Bildirim/1612711,tr,2026-06-03T18:22:17+00:00
2026-06-03,VAKVK,KAP,VAKIF VARLIK KİRALAMA A.Ş. - Pay Dışında Sermaye Piyasası Aracı İşlemlerine İlişkin Bildirim (Faizsiz),Pay Dışında Sermaye Piyasası Aracı İşlemlerine İlişkin Bildirim (Faizsiz) TRDVVRK62634 ISIN Kodlu Yurtiçi Kira Sertifikası İhracının İtfa Ödemesi,https://www.kap.org.tr/tr/Bildirim/1612514,tr,2026-06-03T15:20:24+00:00
2026-06-03,VAKVK,KAP,VAKIF VARLIK KİRALAMA A.Ş. - Pay Dışında Sermaye Piyasası Aracı İşlemlerine İlişkin Bildirim (Faizsiz),Pay Dışında Sermaye Piyasası Aracı İşlemlerine İlişkin Bildirim (Faizsiz) TRDVVRK62626 ISIN Kodlu Yurtiçi Kira Sertifikası İhracının İtfa Ödemesi,https://www.kap.org.tr/tr/Bildirim/1612515,tr,2026-06-03T15:20:37+00:00
2026-06-03,VAKVK,KAP,VAKIF VARLIK KİRALAMA A.Ş. - Pay Dışında Sermaye Piyasası Aracı İşlemlerine İlişkin Bildirim (Faizsiz),Pay Dışında Sermaye Piyasası Aracı İşlemlerine İlişkin Bildirim (Faizsiz) TRDVVRK92615 ISIN Kodlu Yurtiçi Kira Sertifikası İhracının Satışının Tamamlanması,https://www.kap.org.tr/tr/Bildirim/1612516,tr,2026-06-03T15:20:49+00:00
2026-06-03,VAKVK,KAP,VAKIF VARLIK KİRALAMA A.Ş. - Pay Dışında Sermaye Piyasası Aracı İşlemlerine İlişkin Bildirim (Faizsiz),Pay Dışında Sermaye Piyasası Aracı İşlemlerine İlişkin Bildirim (Faizsiz) TRDVVRK92623 ISIN Kodlu Yurtiçi Kira Sertifikası İhracının Satışının Tamamlanması,https://www.kap.org.tr/tr/Bildirim/1612517,tr,2026-06-03T15:20:59+00:00
2026-06-03,VKFYO,KAP,VAKIF MENKUL KIYMET YATIRIM ORTAKLIĞI A.Ş. - Özel Durum Açıklaması (Genel),"Özel Durum Açıklaması (Genel) Şirketimizin BİAŞ'da oluşan ağırlıklı ortalama fiyatın, pay başına net aktif değerin 2 katını aşması sebebiyle yapılan açıklamadır.",https://www.kap.org.tr/tr/Bildirim/1612743,tr,2026-06-03T19:31:56+00:00
2026-06-03,ZKBVR,KAP,ZKB VARLIK KİRALAMA A.Ş. - Pay Dışında Sermaye Piyasası Aracı İşlemlerine İlişkin Bildirim (Faizsiz),Pay Dışında Sermaye Piyasası Aracı İşlemlerine İlişkin Bildirim (Faizsiz) TRDZKBV62613 ISIN kodlu Yurtiçi Kira Sertifikalarının İtfa ve Getiri Ödeme İşlemlerinin Tamamlanması Hk BALSU,https://www.kap.org.tr/tr/Bildirim/1612344,tr,2026-06-03T11:56:30+00:00
2026-06-03,ZOREN,KAP,ZORLU ENERJİ ELEKTRİK ÜRETİM A.Ş. - Pay Dışında Sermaye Piyasası Aracı İşlemlerine İlişkin Bildirim (Faiz İçeren),Pay Dışında Sermaye Piyasası Aracı İşlemlerine İlişkin Bildirim (Faiz İçeren) TRSZORN42717 ISIN Kodlu Tahvilin 2. Kupon Dönemine İlişkin Faiz Ödemesi Hakkında,https://www.kap.org.tr/tr/Bildirim/1612437,tr,2026-06-03T13:10:14+00:00
2026-06-03,ZOREN,KAP,ZORLU ENERJİ ELEKTRİK ÜRETİM A.Ş. - Pay Dışında Sermaye Piyasası Aracı İşlemlerine İlişkin Bildirim (Faiz İçeren),Pay Dışında Sermaye Piyasası Aracı İşlemlerine İlişkin Bildirim (Faiz İçeren) TRSZORN92621 ISIN Kodlu Tahvilin 4. Kupon Dönemine İlişkin Faiz Oranı Hakkında,https://www.kap.org.tr/tr/Bildirim/1612570,tr,2026-06-03T16:30:04+00:00
2026-06-03,ZOREN,KAP,ZORLU ENERJİ ELEKTRİK ÜRETİM A.Ş. - Pay Dışında Sermaye Piyasası Aracı İşlemlerine İlişkin Bildirim (Faiz İçeren),Pay Dışında Sermaye Piyasası Aracı İşlemlerine İlişkin Bildirim (Faiz İçeren) TRSZORNA2613 ISIN Kodlu Tahvilin 3. Kupon Dönemine İlişkin Faiz Oranı Hakkında,https://www.kap.org.tr/tr/Bildirim/1612571,tr,2026-06-03T16:30:26+00:00
2026-06-04,AAGYO,KAP,AĞAOĞLU AVRASYA GAYRİMENKUL YATIRIM ORTAKLIĞI A.Ş. - Genel Kurul İşlemlerine İlişkin Bildirim,Genel Kurul İşlemlerine İlişkin Bildirim 2025 Yılı Olağan Genel Kurul Toplantısı Sonucu,https://www.kap.org.tr/tr/Bildirim/1613178,tr,2026-06-04T16:13:38+00:00
2026-06-04,AAGYO,KAP,AĞAOĞLU AVRASYA GAYRİMENKUL YATIRIM ORTAKLIĞI A.Ş. - Kar Payı Dağıtım İşlemlerine İlişkin Bildirim,Kar Payı Dağıtım İşlemlerine İlişkin Bildirim 2025 Yılı Kar Payı Dağıtımına İlişkin Genel Kurul Kararı,https://www.kap.org.tr/tr/Bildirim/1613230,tr,2026-06-04T17:06:28+00:00
2026-06-04,ADESE,KAP,ADESE GAYRİMENKUL YATIRIM A.Ş. - Genel Kurul İşlemlerine İlişkin Bildirim,"Genel Kurul İşlemlerine İlişkin Bildirim 2025 yılı Olağan Genel Kurul Toplantısının, Toplantı Nisabının Sağlanamaması Nedeniyle Ertelenmesi Hk.",https://www.kap.org.tr/tr/Bildirim/1613154,tr,2026-06-04T15:32:53+00:00
2026-06-04,ADESE,KAP,ADESE GAYRİMENKUL YATIRIM A.Ş. - Genel Kurul İşlemlerine İlişkin Bildirim,Genel Kurul İşlemlerine İlişkin Bildirim 04.06.2026 Tarihinde Ertelenen Olağan Genel Kurul 2.Toplantı Çağrısı Hk.,https://www.kap.org.tr/tr/Bildirim/1613313,tr,2026-06-04T18:46:38+00:00
2026-06-04,AHGAZ,KAP,AHLATCI DOĞAL GAZ DAĞITIM ENERJİ VE YATIRIM A.Ş. - Payların Geri Alınmasına İlişkin Bildirim,Payların Geri Alınmasına İlişkin Bildirim 04.06.2026 Tarihli Pay Geri Alım İşlemleri,https://www.kap.org.tr/tr/Bildirim/1613307,tr,2026-06-04T18:30:21+00:00
2026-06-04,AKCNS,KAP,AKÇANSA ÇİMENTO SANAYİ VE TİCARET A.Ş. - Esas Sözleşme,Esas Sözleşme Esas Sözleşme,https://www.kap.org.tr/tr/Bildirim/1613059,tr,2026-06-04T13:46:27+00:00
2026-06-04,AKENR,KAP,AKENERJİ ELEKTRİK ÜRETİM A.Ş. - Esas Sözleşme,Esas Sözleşme Esas Sözleşme,https://www.kap.org.tr/tr/Bildirim/1612977,tr,2026-06-04T11:12:49+00:00
2026-06-04,AKM,KAP,AK YATIRIM MENKUL DEĞERLER A.Ş. - Pay Dışında Sermaye Piyasası Aracı İşlemlerine İlişkin Bildirim (Faiz İçeren),Pay Dışında Sermaye Piyasası Aracı İşlemlerine İlişkin Bildirim (Faiz İçeren) Nitelikli Yatırımcıya Borçlanma Aracı İhracı,https://www.kap.org.tr/tr/Bildirim/1612845,tr,2026-06-04T09:56:21+00:00
2026-06-04,AKM,KAP,AK YATIRIM MENKUL DEĞERLER A.Ş. - Pay Dışında Sermaye Piyasası Aracı İşlemlerine İlişkin Bildirim (Faiz İçeren),Pay Dışında Sermaye Piyasası Aracı İşlemlerine İlişkin Bildirim (Faiz İçeren) TRFAKYM92619 Isın Kodlu Bono İhracı Hakkında,https://www.kap.org.tr/tr/Bildirim/1612846,tr,2026-06-04T09:57:03+00:00
2026-06-04,AKM,KAP,AK YATIRIM MENKUL DEĞERLER A.Ş. - Pay Dışında Sermaye Piyasası Aracı İşlemlerine İlişkin Bildirim (Faiz İçeren),Pay Dışında Sermaye Piyasası Aracı İşlemlerine İlişkin Bildirim (Faiz İçeren) Nitelikli Yatırımcıya Borçlanma Aracı İtfa ve Kupon Ödemesi,https://www.kap.org.tr/tr/Bildirim/1612847,tr,2026-06-04T09:57:11+00:00
2026-06-04,AKMEN,KAP,AK YATIRIM MENKUL DEĞERLER A.Ş. - Pay Dışında Sermaye Piyasası Aracı İşlemlerine İlişkin Bildirim (Faiz İçeren),Pay Dışında Sermaye Piyasası Aracı İşlemlerine İlişkin Bildirim (Faiz İçeren) Nitelikli Yatırımcıya Borçlanma Aracı İhracı,https://www.kap.org.tr/tr/Bildirim/1612845,tr,2026-06-04T09:56:21+00:00
2026-06-04,AKMEN,KAP,AK YATIRIM MENKUL DEĞERLER A.Ş. - Pay Dışında Sermaye Piyasası Aracı İşlemlerine İlişkin Bildirim (Faiz İçeren),Pay Dışında Sermaye Piyasası Aracı İşlemlerine İlişkin Bildirim (Faiz İçeren) TRFAKYM92619 Isın Kodlu Bono İhracı Hakkında,https://www.kap.org.tr/tr/Bildirim/1612846,tr,2026-06-04T09:57:03+00:00
2026-06-04,AKMEN,KAP,AK YATIRIM MENKUL DEĞERLER A.Ş. - Pay Dışında Sermaye Piyasası Aracı İşlemlerine İlişkin Bildirim (Faiz İçeren),Pay Dışında Sermaye Piyasası Aracı İşlemlerine İlişkin Bildirim (Faiz İçeren) Nitelikli Yatırımcıya Borçlanma Aracı İtfa ve Kupon Ödemesi,https://www.kap.org.tr/tr/Bildirim/1612847,tr,2026-06-04T09:57:11+00:00
2026-06-04,AKSGY,KAP,AKİŞ GAYRİMENKUL YATIRIM ORTAKLIĞI A.Ş. - Özel Durum Açıklaması (Genel),Özel Durum Açıklaması (Genel) Bağlı Ortaklık Yurt Dışı Yatırımı hk,https://www.kap.org.tr/tr/Bildirim/1613357,tr,2026-06-04T21:36:52+00:00
2026-06-04,AKSGY,KAP,AKİŞ GAYRİMENKUL YATIRIM ORTAKLIĞI A.Ş. - Şirket Genel Bilgi Formu,Şirket Genel Bilgi Formu,https://www.kap.org.tr/tr/Bildirim/1613358,tr,2026-06-04T21:37:09+00:00
2026-06-04,ALKA,KAP,ALKİM KAĞIT SANAYİ VE TİCARET A.Ş. - Özel Durum Açıklaması (Genel),Özel Durum Açıklaması (Genel) Yatırımcı Tazmin Merkezine Başvuru Süresi Hakkında Duyuru,https://www.kap.org.tr/tr/Bildirim/1613158,tr,2026-06-04T16:02:36+00:00
2026-06-04,ANELE,KAP,ANEL ELEKTRİK PROJE TAAHHÜT VE TİCARET A.Ş. - Özel Durum Açıklaması (Genel),"Özel Durum Açıklaması (Genel) Finansal sektöre olan borçların yeniden yapılandırılması hakkında,",https://www.kap.org.tr/tr/Bildirim/1613305,tr,2026-06-04T18:23:55+00:00
2026-06-04,ANHYT,KAP,ANADOLU HAYAT EMEKLİLİK A.Ş. - Özel Durum Açıklaması (Genel),Özel Durum Açıklaması (Genel) 01.01.2026-31.05.2026 dönemine ait prim üretimi,https://www.kap.org.tr/tr/Bildirim/1613284,tr,2026-06-04T18:10:32+00:00
2026-06-04,ARENA,KAP,ARENA BİLGİSAYAR SANAYİ VE TİCARET A.Ş. - Özel Durum Açıklaması (Genel),Özel Durum Açıklaması (Genel) Mali İşlerden Sorumlu Genel Müdür Yardımcısının (CFO) Görevden Ayrılması Hakkında,https://www.kap.org.tr/tr/Bildirim/1613359,tr,2026-06-04T21:43:26+00:00
2026-06-04,ARSAN,KAP,ARSAN HOLDİNG A.Ş. - Özel Durum Açıklaması (Genel),Özel Durum Açıklaması (Genel) Genel Kredi Sözleşmesi hakkında.,https://www.kap.org.tr/tr/Bildirim/1613026,tr,2026-06-04T13:22:44+00:00
2026-06-04,ASELS,KAP,ASELSAN ELEKTRONİK SANAYİ VE TİCARET A.Ş. - Yeni İş İlişkisi,Yeni İş İlişkisi Sözleşme İmzalanması,https://www.kap.org.tr/tr/Bildirim/1612829,tr,2026-06-04T09:15:07+00:00
2026-06-04,AVGYO,KAP,AVRASYA GAYRİMENKUL YATIRIM ORTAKLIĞI A.Ş. - Genel Kurul İşlemlerine İlişkin Bildirim,Genel Kurul İşlemlerine İlişkin Bildirim 2025 Yılı Olağan Genel Kurulu Tescili Hakkında,https://www.kap.org.tr/tr/Bildirim/1613295,tr,2026-06-04T18:16:08+00:00
2026-06-04,AVPGY,KAP,AVRUPAKENT GAYRİMENKUL YATIRIM ORTAKLIĞI A.Ş. - Genel Kurul İşlemlerine İlişkin Bildirim,Genel Kurul İşlemlerine İlişkin Bildirim 2025 Yılı Olağan Genel Kurul Kararlarının Tescili,https://www.kap.org.tr/tr/Bildirim/1612964,tr,2026-06-04T10:57:06+00:00
2026-06-04,AVPGY,KAP,AVRUPAKENT GAYRİMENKUL YATIRIM ORTAKLIĞI A.Ş. - Bağımsız Denetim Kuruluşunun Belirlenmesi,Bağımsız Denetim Kuruluşunun Belirlenmesi Bağımsız Denetim Kuruluşu Seçiminin Tescil ve TTSG'de İlanı,https://www.kap.org.tr/tr/Bildirim/1612965,tr,2026-06-04T10:58:16+00:00
2026-06-04,BASGZ,KAP,BAŞKENT DOĞALGAZ DAĞITIM GAYRİMENKUL YATIRIM ORTAKLIĞI A.Ş. - Kayıtlı Sermaye Tavanı İşlemlerine İlişkin Bildirim,Kayıtlı Sermaye Tavanı İşlemlerine İlişkin Bildirim Kayıtlı Sermaye Tavan Artışı ve Süre Uzatımı SPK ve Ticaret Bakanlığı Onayı hk,https://www.kap.org.tr/tr/Bildirim/1613290,tr,2026-06-04T18:13:07+00:00
2026-06-04,BIGTK,KAP,BİG MEDYA TEKNOLOJİ A.Ş. - Özel Durum Açıklaması (Genel),Özel Durum Açıklaması (Genel) Big Medya Teknoloji A.Ş. Paylarında Gerçekleştirilen Satış İşlemleri Hakkında,https://www.kap.org.tr/tr/Bildirim/1613310,tr,2026-06-04T18:30:51+00:00
2026-06-04,BIZIM,KAP,BİZİM TOPTAN SATIŞ MAĞAZALARI A.Ş. - Genel Kurul İşlemlerine İlişkin Bildirim,Genel Kurul İşlemlerine İlişkin Bildirim 2025 Yılı Olağan Genel Kurul Toplantısı Tescil Bildirimi,https://www.kap.org.tr/tr/Bildirim/1613248,tr,2026-06-04T17:18:21+00:00
2026-06-04,BIZIM,KAP,BİZİM TOPTAN SATIŞ MAĞAZALARI A.Ş. - Bağımsız Denetim Kuruluşunun Belirlenmesi,Bağımsız Denetim Kuruluşunun Belirlenmesi Bağımsız Denetim Şirketinin Seçiminin Tescili,https://www.kap.org.tr/tr/Bildirim/1613250,tr,2026-06-04T17:18:52+00:00
2026-06-04,BIZIM,KAP,BİZİM TOPTAN SATIŞ MAĞAZALARI A.Ş. - Kar Payı Dağıtım İşlemlerine İlişkin Bildirim,Kar Payı Dağıtım İşlemlerine İlişkin Bildirim 2025 Yılı Olağan Genel Kurul Toplantısı Kar Dağıtım KararıTescil Bildirimi,https://www.kap.org.tr/tr/Bildirim/1613251,tr,2026-06-04T17:20:45+00:00
2026-06-04,BLCYT,KAP,BİLİCİ YATIRIM SANAYİ VE TİCARET A.Ş. - Sermaye Artırımı - Azaltımı İşlemlerine İlişkin Bildirim,Sermaye Artırımı - Azaltımı İşlemlerine İlişkin Bildirim Sermaye Arttırım işlemleri için SPK Başvurusu,https://www.kap.org.tr/tr/Bildirim/1613010,tr,2026-06-04T12:06:56+00:00
2026-06-04,BLS,KAP,BULLS YATIRIM MENKUL DEĞERLER A.Ş. - Pay Alım Teklifi Yoluyla Pay Toplanmasına İlişkin Bildirim,Pay Alım Teklifi Yoluyla Pay Toplanmasına İlişkin Bildirim Özerden Ambalaj Sanayi A.Ş. Paylarına Yönelik Zorunlu pay alım teklifi OZRDN,https://www.kap.org.tr/tr/Bildirim/1613280,tr,2026-06-04T18:02:31+00:00
2026-06-04,BLSMD,KAP,BULLS YATIRIM MENKUL DEĞERLER A.Ş. - Pay Alım Teklifi Yoluyla Pay Toplanmasına İlişkin Bildirim,Pay Alım Teklifi Yoluyla Pay Toplanmasına İlişkin Bildirim Özerden Ambalaj Sanayi A.Ş. Paylarına Yönelik Zorunlu pay alım teklifi OZRDN,https://www.kap.org.tr/tr/Bildirim/1613280,tr,2026-06-04T18:02:31+00:00
2026-06-04,BOBET,KAP,BOĞAZİÇİ BETON SANAYİ VE TİCARET A.Ş. - Payların Geri Alınmasına İlişkin Bildirim,Payların Geri Alınmasına İlişkin Bildirim 04.06.2026 Tarihli Pay Geri Alım İşlemleri Hakkında,https://www.kap.org.tr/tr/Bildirim/1613293,tr,2026-06-04T18:15:59+00:00
2026-06-04,BRKO,KAP,BİRKO BİRLEŞİK KOYUNLULULAR MENSUCAT TİCARET VE SANAYİ A.Ş. - Şirket Genel Bilgi Formu,Şirket Genel Bilgi Formu,https://www.kap.org.tr/tr/Bildirim/1613152,tr,2026-06-04T15:30:43+00:00
2026-06-04,BRKO,KAP,BİRKO BİRLEŞİK KOYUNLULULAR MENSUCAT TİCARET VE SANAYİ A.Ş. - Esas Sözleşme,Esas Sözleşme ŞİRKETİMİZ GÜNCEL ESAS SÖZLEŞMESİ HAKKINDA,https://www.kap.org.tr/tr/Bildirim/1613153,tr,2026-06-04T15:30:57+00:00
2026-06-04,BRKVY,KAP,BİRİKİM VARLIK YÖNETİM A.Ş. - Özel Durum Açıklaması (Genel),"Özel Durum Açıklaması (Genel) Tahsili Gecikmiş Alacak Portföyü Alımı ISATR, ISBTR, ISCTR, ISKUR, TIB",https://www.kap.org.tr/tr/Bildirim/1613285,tr,2026-06-04T18:10:33+00:00
2026-06-04,BSOKE,KAP,BATISÖKE SÖKE ÇİMENTO SANAYİİ T.A.Ş. - Bağımsız Denetim Kuruluşunun Belirlenmesi,Bağımsız Denetim Kuruluşunun Belirlenmesi 2024 ve 2025 Yılları Bağımsız Denetim Kuruluşunun Genel Kurulca Onaylanması - TSRS,https://www.kap.org.tr/tr/Bildirim/1612817,tr,2026-06-04T08:57:49+00:00
2026-06-04,BSOKE,KAP,BATISÖKE SÖKE ÇİMENTO SANAYİİ T.A.Ş. - Bağımsız Denetim Kuruluşunun Belirlenmesi,Bağımsız Denetim Kuruluşunun Belirlenmesi 2026 Yılı Bağımsız Denetim Kuruluşunun Genel Kurulca Onaylanması - TSRS,https://www.kap.org.tr/tr/Bildirim/1612818,tr,2026-06-04T08:58:23+00:00
2026-06-04,BSOKE,KAP,BATISÖKE SÖKE ÇİMENTO SANAYİİ T.A.Ş. - Bağımsız Denetim Kuruluşunun Belirlenmesi,Bağımsız Denetim Kuruluşunun Belirlenmesi 2025 Yılı Bağımsız Denetim Kuruluşunun Genel Kurulca Onaylanması (Faaliyet Raporu),https://www.kap.org.tr/tr/Bildirim/1612819,tr,2026-06-04T08:58:54+00:00
2026-06-04,BSOKE,KAP,BATISÖKE SÖKE ÇİMENTO SANAYİİ T.A.Ş. - Bağımsız Denetim Kuruluşunun Belirlenmesi,Bağımsız Denetim Kuruluşunun Belirlenmesi 2026 Yılı Bağımsız Denetim Kuruluşunun Genel Kurulca Onaylanması,https://www.kap.org.tr/tr/Bildirim/1612820,tr,2026-06-04T08:59:17+00:00
2026-06-04,BTCIM,KAP,BATIÇİM BATI ANADOLU ÇİMENTO SANAYİİ A.Ş. - Bağımsız Denetim Kuruluşunun Belirlenmesi,Bağımsız Denetim Kuruluşunun Belirlenmesi 2024 ve 2025 Yılları Bağımsız Denetim Kuruluşunun Genel Kurulca Onaylanması - TSRS,https://www.kap.org.tr/tr/Bildirim/1612821,tr,2026-06-04T08:59:51+00:00
2026-06-04,BTCIM,KAP,BATIÇİM BATI ANADOLU ÇİMENTO SANAYİİ A.Ş. - Bağımsız Denetim Kuruluşunun Belirlenmesi,Bağımsız Denetim Kuruluşunun Belirlenmesi 2026 Yılı Bağımsız Denetim Kuruluşunun Genel Kurulca Onaylanması - TSRS,https://www.kap.org.tr/tr/Bildirim/1612822,tr,2026-06-04T09:00:22+00:00
2026-06-04,BTCIM,KAP,BATIÇİM BATI ANADOLU ÇİMENTO SANAYİİ A.Ş. - Bağımsız Denetim Kuruluşunun Belirlenmesi,Bağımsız Denetim Kuruluşunun Belirlenmesi 2025 Yılı Bağımsız Denetim Kuruluşunun Genel Kurulca Onaylanması (Faaliyet Raporu),https://www.kap.org.tr/tr/Bildirim/1612823,tr,2026-06-04T09:00:47+00:00
2026-06-04,BTCIM,KAP,BATIÇİM BATI ANADOLU ÇİMENTO SANAYİİ A.Ş. - Bağımsız Denetim Kuruluşunun Belirlenmesi,Bağımsız Denetim Kuruluşunun Belirlenmesi 2026 Yılı Bağımsız Denetim Kuruluşunun Genel Kurulca Onaylanması,https://www.kap.org.tr/tr/Bildirim/1612824,tr,2026-06-04T09:01:11+00:00
2026-06-04,BYDNR,KAP,BAYDÖNER RESTORANLARI A.Ş. - Esas Sözleşme,Esas Sözleşme Esas Sözleşme,https://www.kap.org.tr/tr/Bildirim/1613287,tr,2026-06-04T18:10:49+00:00
2026-06-04,CVKMD,KAP,CVK MADEN İŞLETMELERİ SANAYİ VE TİCARET A.Ş. - Yönetim Kurulu Komiteleri,Yönetim Kurulu Komiteleri Yönetim Kurulu Komiteleri Üye Değişikliği Hk.,https://www.kap.org.tr/tr/Bildirim/1613349,tr,2026-06-04T21:05:46+00:00
2026-06-04,CVKMD,KAP,CVK MADEN İŞLETMELERİ SANAYİ VE TİCARET A.Ş. - Şirket Genel Bilgi Formu,Şirket Genel Bilgi Formu,https://www.kap.org.tr/tr/Bildirim/1613350,tr,2026-06-04T21:06:03+00:00
2026-06-04,CVKMD,KAP,CVK MADEN İŞLETMELERİ SANAYİ VE TİCARET A.Ş. - Kurumsal Yönetim Bilgi Formu (Güncelleme) - Yönetim Kurulu-2,Kurumsal Yönetim Bilgi Formu (Güncelleme) - Yönetim Kurulu-2 Yönetim Kurulu Komiteleri Üye Değişikliği Hk.,https://www.kap.org.tr/tr/Bildirim/1613351,tr,2026-06-04T21:06:28+00:00
2026-06-04,DFKTR,KAP,DORUK FAKTORİNG A.Ş. - Pay Dışında Sermaye Piyasası Aracı İşlemlerine İlişkin Bildirim (Faiz İçeren),Pay Dışında Sermaye Piyasası Aracı İşlemlerine İlişkin Bildirim (Faiz İçeren) Kupon Ödemesi,https://www.kap.org.tr/tr/Bildirim/1613005,tr,2026-06-04T11:53:10+00:00
2026-06-04,DGATE,KAP,DATAGATE BİLGİSAYAR MALZEMELERİ TİCARET A.Ş. - Genel Kurul İşlemlerine İlişkin Bildirim,Genel Kurul İşlemlerine İlişkin Bildirim 2025 Olağan Genel Kurul Tescili,https://www.kap.org.tr/tr/Bildirim/1613191,tr,2026-06-04T16:35:14+00:00
2026-06-04,DGATE,KAP,DATAGATE BİLGİSAYAR MALZEMELERİ TİCARET A.Ş. - Bağımsız Denetim Kuruluşunun Belirlenmesi,Bağımsız Denetim Kuruluşunun Belirlenmesi Bağımsız Denetim Kuruluşunun Tescili,https://www.kap.org.tr/tr/Bildirim/1613192,tr,2026-06-04T16:35:22+00:00
2026-06-04,DGNMO,KAP,DOĞANLAR MOBİLYA GRUBU İMALAT SANAYİ VE TİCARET A.Ş. - Özel Durum Açıklaması (Genel),Özel Durum Açıklaması (Genel) 2026 İlk Çeyrek Sonuçları Yatırımcı Sunumu Hk.,https://www.kap.org.tr/tr/Bildirim/1613352,tr,2026-06-04T21:19:20+00:00
2026-06-04,DIRIT,KAP,DİRİTEKS DİRİLİŞ TEKSTİL SANAYİ VE TİCARET A.Ş. - Şirket Genel Bilgi Formu,Şirket Genel Bilgi Formu,https://www.kap.org.tr/tr/Bildirim/1612978,tr,2026-06-04T11:13:14+00:00
2026-06-04,DIRIT,KAP,DİRİTEKS DİRİLİŞ TEKSTİL SANAYİ VE TİCARET A.Ş. - Esas Sözleşme,Esas Sözleşme ŞİRKETİMİZİN GÜNCEL ESAS SÖZLEŞMESİ HAKKINDA,https://www.kap.org.tr/tr/Bildirim/1612979,tr,2026-06-04T11:13:27+00:00
2026-06-04,DOGUB,KAP,DOĞUSAN BORU SANAYİ VE TİCARET A.Ş. - Özel Durum Açıklaması (Genel),Özel Durum Açıklaması (Genel) Yatırımcı Tazmin Merkezinden 03.06.2026 Tarihinde Şirketimize tebliğ edilen yazı hk.,https://www.kap.org.tr/tr/Bildirim/1613099,tr,2026-06-04T14:11:07+00:00
2026-06-04,DOGVY,KAP,DOĞRU VARLIK YÖNETİM A.Ş. - Özel Durum Açıklaması (Genel),"Özel Durum Açıklaması (Genel) Türkiye İş Bankası A.Ş. Tahsili Gecikmiş Alacak Portföyü Alımı ISATR, ISBTR, ISCTR, ISKUR, TIB",https://www.kap.org.tr/tr/Bildirim/1613204,tr,2026-06-04T16:44:57+00:00
2026-06-04,DURDO,KAP,DURAN DOĞAN BASIM VE AMBALAJ SANAYİ A.Ş. - Özel Durum Açıklaması (Genel),Özel Durum Açıklaması (Genel) Operasyonların Merkezileştirilmesi ve Verimlilik Artışı Hakkında,https://www.kap.org.tr/tr/Bildirim/1613291,tr,2026-06-04T18:14:50+00:00
2026-06-04,DYBNK,KAP,D YATIRIM BANKASI A.Ş. - İhraç Tavanına İlişkin Bildirim,İhraç Tavanına İlişkin Bildirim İhraç tavan başvurusu bildirimi,https://www.kap.org.tr/tr/Bildirim/1612941,tr,2026-06-04T10:21:53+00:00
2026-06-04,ECOGR,KAP,ECOGREEN ENERJİ HOLDİNG A.Ş. - İhraç Tavanına İlişkin Bildirim,İhraç Tavanına İlişkin Bildirim Yurt Dışı Borçlanma Aracı İhracına İlişkin Yönetim Kurulu Kararı ve SPK Başvurusu,https://www.kap.org.tr/tr/Bildirim/1613343,tr,2026-06-04T20:20:25+00:00
2026-06-04,EKGYO,KAP,EMLAK KONUT GAYRİMENKUL YATIRIM ORTAKLIĞI A.Ş. - Özel Durum Açıklaması (Genel),Özel Durum Açıklaması (Genel) İstanbul Ümraniye Tepeüstü İhalesi 1. Oturum Sonucu,https://www.kap.org.tr/tr/Bildirim/1613041,tr,2026-06-04T13:41:52+00:00
2026-06-04,EKGYO,KAP,EMLAK KONUT GAYRİMENKUL YATIRIM ORTAKLIĞI A.Ş. - Özel Durum Açıklaması (Genel),Özel Durum Açıklaması (Genel) Nezih Park Bahçekent STG Artışı,https://www.kap.org.tr/tr/Bildirim/1613061,tr,2026-06-04T13:46:50+00:00
2026-06-04,EKTVK,KAP,EMLAK KATILIM VARLIK KİRALAMA A.Ş. - Pay Dışında Sermaye Piyasası Aracı İşlemlerine İlişkin Bildirim (Faizsiz),Pay Dışında Sermaye Piyasası Aracı İşlemlerine İlişkin Bildirim (Faizsiz) TRDEVKS92627 ISIN Kodlu Kira Sertifikası İhracının Nitelikli Yatırımcıya Satışının Tamamlanması Hk. EKT,https://www.kap.org.tr/tr/Bildirim/1612949,tr,2026-06-04T10:35:04+00:00
2026-06-04,EKTVK,KAP,EMLAK KATILIM VARLIK KİRALAMA A.Ş. - Pay Dışında Sermaye Piyasası Aracı İşlemlerine İlişkin Bildirim (Faizsiz),Pay Dışında Sermaye Piyasası Aracı İşlemlerine İlişkin Bildirim (Faizsiz) Şirketimiz Tarafından İhraç Edilmiş Olan TRDEVKS62638 ISIN Kodlu Kira Sertifikasının İtfası Hk. EKT,https://www.kap.org.tr/tr/Bildirim/1613236,tr,2026-06-04T17:12:36+00:00
2026-06-04,EMIRV,KAP,EMİR VARLIK YÖNETİM A.Ş. - Pay Dışında Sermaye Piyasası Aracı İşlemlerine İlişkin Bildirim (Faiz İçeren),Pay Dışında Sermaye Piyasası Aracı İşlemlerine İlişkin Bildirim (Faiz İçeren) TRFEMIRA2612 Finansman Bonosu İhracının Gerçekleşmesi,https://www.kap.org.tr/tr/Bildirim/1613130,tr,2026-06-04T15:11:30+00:00
2026-06-04,EMIRV,KAP,EMİR VARLIK YÖNETİM A.Ş. - Pay Dışında Sermaye Piyasası Aracı İşlemlerine İlişkin Bildirim (Faiz İçeren),Pay Dışında Sermaye Piyasası Aracı İşlemlerine İlişkin Bildirim (Faiz İçeren) TRFEMIRA2612 Finansman Bonosu İhracının Gerçekleşmesi,https://www.kap.org.tr/tr/Bildirim/1613231,tr,2026-06-04T17:08:51+00:00
2026-06-04,ENERY,KAP,ENERYA ENERJİ A.Ş. - Payların Geri Alınmasına İlişkin Bildirim,Payların Geri Alınmasına İlişkin Bildirim 04.06.2026 Tarihli Pay Geri Alım İşlemleri,https://www.kap.org.tr/tr/Bildirim/1613309,tr,2026-06-04T18:30:34+00:00
2026-06-04,ENJSA,KAP,ENERJİSA ENERJİ A.Ş. - Özel Durum Açıklaması (Genel),Özel Durum Açıklaması (Genel) Yönetici Sorumluluk Sigortası,https://www.kap.org.tr/tr/Bildirim/1613336,tr,2026-06-04T19:47:01+00:00
2026-06-04,ERBOS,KAP,ERBOSAN ERCİYAS BORU SANAYİ VE TİCARET A.Ş. - Özel Durum Açıklaması (Genel),Özel Durum Açıklaması (Genel) Yatırımcı Tazmin Merkezi (YTM) Başvuruları Hakkında Bilgilendirme,https://www.kap.org.tr/tr/Bildirim/1613122,tr,2026-06-04T14:48:38+00:00
2026-06-04,ETYAT,KAP,EURO TREND YATIRIM ORTAKLIĞI A.Ş. - Özel Durum Açıklaması (Genel),"Özel Durum Açıklaması (Genel) BİAŞ'da oluşan ağırlıklı ortalama fiyatın,pay başına net aktif değerin 2 katını aşması",https://www.kap.org.tr/tr/Bildirim/1613196,tr,2026-06-04T16:40:58+00:00
2026-06-04,EUKYO,KAP,EURO KAPİTAL YATIRIM ORTAKLIĞI A.Ş. - Özel Durum Açıklaması (Genel),"Özel Durum Açıklaması (Genel) BİAŞ'da oluşan ağırlıklı ortalama fiyatın,pay başına net aktif değerin 2 katını aşması",https://www.kap.org.tr/tr/Bildirim/1613199,tr,2026-06-04T16:41:27+00:00
2026-06-04,EUYO,KAP,EURO MENKUL KIYMET YATIRIM ORTAKLIĞI A.Ş. - Özel Durum Açıklaması (Genel),"Özel Durum Açıklaması (Genel) BİAŞ'da oluşan ağırlıklı ortalama fiyatın,pay başına net aktif değerin 2 katını aşması",https://www.kap.org.tr/tr/Bildirim/1613195,tr,2026-06-04T16:40:27+00:00
2026-06-04,FIN,KAP,QNB BANK A.Ş. - Pay Dışında Sermaye Piyasası Aracı İşlemlerine İlişkin Bildirim (Faiz İçeren),Pay Dışında Sermaye Piyasası Aracı İşlemlerine İlişkin Bildirim (Faiz İçeren) MTN programı kapsamında yurtdışında ihraç edilen borçlanma aracının ihracı,https://www.kap.org.tr/tr/Bildirim/1613277,tr,2026-06-04T17:56:35+00:00
2026-06-04,FIN,KAP,QNB BANK A.Ş. - Pay Dışında Sermaye Piyasası Aracı İşlemlerine İlişkin Bildirim (Faiz İçeren),Pay Dışında Sermaye Piyasası Aracı İşlemlerine İlişkin Bildirim (Faiz İçeren) MTN programı kapsamında yurtdışında ihraç edilen borçlanma aracının itfası,https://www.kap.org.tr/tr/Bildirim/1613278,tr,2026-06-04T17:56:59+00:00
2026-06-04,FIN,KAP,QNB BANK A.Ş. - Özel Durum Açıklaması (Genel),Özel Durum Açıklaması (Genel) Bankamızca sürdürülebilirlik bağlantılı sendikasyon kredisi temin edilmesi hk,https://www.kap.org.tr/tr/Bildirim/1613292,tr,2026-06-04T18:15:13+00:00
2026-06-04,FLAP,KAP,FLAP KONGRE TOPLANTI HİZMETLERİ OTOMOTİV VE TURİZM A.Ş. - Genel Kurul İşlemlerine İlişkin Bildirim,Genel Kurul İşlemlerine İlişkin Bildirim 2025 YILI OLAĞAN GENEL KURUL SONUÇLARI,https://www.kap.org.tr/tr/Bildirim/1613344,tr,2026-06-04T20:53:01+00:00
2026-06-04,FLAP,KAP,FLAP KONGRE TOPLANTI HİZMETLERİ OTOMOTİV VE TURİZM A.Ş. - Kar Payı Dağıtım İşlemlerine İlişkin Bildirim,Kar Payı Dağıtım İşlemlerine İlişkin Bildirim 2025 Yılı Olağan Genel Kurul Kar Dağıtım Sonucu,https://www.kap.org.tr/tr/Bildirim/1613345,tr,2026-06-04T20:57:57+00:00
2026-06-04,FLAP,KAP,FLAP KONGRE TOPLANTI HİZMETLERİ OTOMOTİV VE TURİZM A.Ş. - Bağımsız Denetim Kuruluşunun Belirlenmesi,Bağımsız Denetim Kuruluşunun Belirlenmesi Bağımsız Denetim Kuruluşunun Genel Kurul Tarafından Onaylanması,https://www.kap.org.tr/tr/Bildirim/1613348,tr,2026-06-04T21:02:21+00:00
2026-06-04,FORTE,KAP,FORTE BİLGİ İLETİŞİM TEKNOLOJİLERİ VE SAVUNMA SANAYİ A.Ş. - İhale Süreci / Sonucu,İhale Süreci / Sonucu İhale süreci güncel gelişme,https://www.kap.org.tr/tr/Bildirim/1613146,tr,2026-06-04T15:20:51+00:00
2026-06-04,GATEG,KAP,GATE GROUP TEKNOLOJİ MEDYA VE SİBER GÜVENLİK HİZMETLERİ A.Ş. - Genel Kurul İşlemlerine İlişkin Bildirim,Genel Kurul İşlemlerine İlişkin Bildirim 2025 Yılı Olağan Genel Kurul Toplantısı Sonuçlarının Tescili ve İlanı Hakkında,https://www.kap.org.tr/tr/Bildirim/1613066,tr,2026-06-04T13:58:12+00:00
2026-06-04,GATEG,KAP,GATE GROUP TEKNOLOJİ MEDYA VE SİBER GÜVENLİK HİZMETLERİ A.Ş. - Bağımsız Denetim Kuruluşunun Belirlenmesi,Bağımsız Denetim Kuruluşunun Belirlenmesi Bağımsız Denetim Şirketi Seçimi Tescil ve İlanı Hakkında,https://www.kap.org.tr/tr/Bildirim/1613067,tr,2026-06-04T13:58:42+00:00
2026-06-04,GEDIK,KAP,GEDİK YATIRIM MENKUL DEĞERLER A.Ş. - Pay Dışında Sermaye Piyasası Aracı İşlemlerine İlişkin Bildirim (Faiz İçeren),Pay Dışında Sermaye Piyasası Aracı İşlemlerine İlişkin Bildirim (Faiz İçeren) Finansman Bono İhracı Hakkında,https://www.kap.org.tr/tr/Bildirim/1613013,tr,2026-06-04T12:42:22+00:00
2026-06-04,GLCVY,KAP,GELECEK VARLIK YÖNETİMİ A.Ş. - Özel Durum Açıklaması (Genel),"Özel Durum Açıklaması (Genel) Tahsili Gecikmiş Alacak Portföyü Alımı ISATR, ISBTR, ISCTR, ISKUR, TIB",https://www.kap.org.tr/tr/Bildirim/1613297,tr,2026-06-04T18:18:11+00:00
2026-06-04,GOLTS,KAP,GÖLTAŞ GÖLLER BÖLGESİ ÇİMENTO SANAYİ VE TİCARET A.Ş. - Özel Durum Açıklaması (Genel),Özel Durum Açıklaması (Genel) Süresi İçinde Kaydileştirilmeyen Paylar Hk.,https://www.kap.org.tr/tr/Bildirim/1612997,tr,2026-06-04T11:28:57+00:00
2026-06-04,GRNYO,KAP,GARANTİ YATIRIM ORTAKLIĞI A.Ş. - Özel Durum Açıklaması (Genel),"Özel Durum Açıklaması (Genel) Paylarının BİAŞ'ta oluşan ağırlıklı ortalama fiyatının, pay başına net aktif değerinin 2 katını aşması hakkında.",https://www.kap.org.tr/tr/Bildirim/1612945,tr,2026-06-04T10:31:35+00:00
2026-06-04,GUBRF,KAP,GÜBRE FABRİKALARI T.A.Ş. - Özel Durum Açıklaması (Genel),Özel Durum Açıklaması (Genel) Yatırımcı Tazmin Merkezine Başvuru Süresi Hakkında Duyuru,https://www.kap.org.tr/tr/Bildirim/1613019,tr,2026-06-04T13:21:03+00:00
2026-06-04,HALKB,KAP,TÜRKİYE HALK BANKASI A.Ş. - Pay Dışında Sermaye Piyasası Aracı İşlemlerine İlişkin Bildirim (Faiz İçeren),Pay Dışında Sermaye Piyasası Aracı İşlemlerine İlişkin Bildirim (Faiz İçeren) Yurtiçinde Nitelikli Yatırımcılara Sermaye Benzeri Tahvil Kupon Oranı,https://www.kap.org.tr/tr/Bildirim/1613281,tr,2026-06-04T18:03:59+00:00
2026-06-04,HLVKS,KAP,HALK VARLIK KİRALAMA A.Ş. - Pay Dışında Sermaye Piyasası Aracı İşlemlerine İlişkin Bildirim (Faizsiz),Pay Dışında Sermaye Piyasası Aracı İşlemlerine İlişkin Bildirim (Faizsiz) Yurtiçi Kira Sertifikası İhracı Nitelikli Yatırımcıya Satışın Tamamlanması Hk. EKGYO,https://www.kap.org.tr/tr/Bildirim/1613298,tr,2026-06-04T18:20:05+00:00
2026-06-04,HLVKS,KAP,HALK VARLIK KİRALAMA A.Ş. - Pay Dışında Sermaye Piyasası Aracı İşlemlerine İlişkin Bildirim (Faizsiz),Pay Dışında Sermaye Piyasası Aracı İşlemlerine İlişkin Bildirim (Faizsiz) Yurtiçi Kira Sertifikası İhracı Nitelikli Yatırımcıya Satışın Tamamlanması Hk. EKGYO,https://www.kap.org.tr/tr/Bildirim/1613300,tr,2026-06-04T18:20:18+00:00
2026-06-04,IHEVA,KAP,İHLAS EV ALETLERİ İMALAT SANAYİ VE TİCARET A.Ş. - Özel Durum Açıklaması (Genel),Özel Durum Açıklaması (Genel) Süresi İçinde Kaydileştirilmeyen Paylar Hk.,https://www.kap.org.tr/tr/Bildirim/1613271,tr,2026-06-04T17:47:17+00:00
2026-06-04,IHLAS,KAP,İHLAS HOLDİNG A.Ş. - Özel Durum Açıklaması (Genel),Özel Durum Açıklaması (Genel) Süresi İçinde Kaydileştirilmeyen Paylar Hk.,https://www.kap.org.tr/tr/Bildirim/1613228,tr,2026-06-04T17:04:45+00:00
2026-06-04,IHLGM,KAP,İHLAS GAYRİMENKUL PROJE GELİŞTİRME VE TİCARET A.Ş. - Özel Durum Açıklaması (Genel),Özel Durum Açıklaması (Genel) Süresi İçinde Kaydileştirilmeyen Paylar Hk.,https://www.kap.org.tr/tr/Bildirim/1613227,tr,2026-06-04T17:03:49+00:00
2026-06-04,INDES,KAP,İNDEKS BİLGİSAYAR SİSTEMLERİ MÜHENDİSLİK SANAYİ VE TİCARET A.Ş. - Genel Kurul İşlemlerine İlişkin Bildirim,Genel Kurul İşlemlerine İlişkin Bildirim 2025 Olağan Genel Kurul Tescili,https://www.kap.org.tr/tr/Bildirim/1613189,tr,2026-06-04T16:34:46+00:00
2026-06-04,INDES,KAP,İNDEKS BİLGİSAYAR SİSTEMLERİ MÜHENDİSLİK SANAYİ VE TİCARET A.Ş. - Bağımsız Denetim Kuruluşunun Belirlenmesi,Bağımsız Denetim Kuruluşunun Belirlenmesi Bağımsız Denetim Kuruluşunun Tescili,https://www.kap.org.tr/tr/Bildirim/1613190,tr,2026-06-04T16:34:55+00:00
2026-06-04,ISMEN,KAP,İŞ YATIRIM MENKUL DEĞERLER A.Ş. - Piyasa Yapıcılığı Kapsamında Gerçekleştirilen İşlemler Bildirimi,Piyasa Yapıcılığı Kapsamında Gerçekleştirilen İşlemler Bildirimi Borsa Yatırım Fonu Piyasa Yapıcılığı İşlemleri ISGLK,https://www.kap.org.tr/tr/Bildirim/1613057,tr,2026-06-04T13:45:52+00:00
2026-06-04,ISMEN,KAP,İŞ YATIRIM MENKUL DEĞERLER A.Ş. - Yatırım Kuruluşu Varant - Sertifika - Senetlerine İlişkin Bildirim,Yatırım Kuruluşu Varant - Sertifika - Senetlerine İlişkin Bildirim İş Yatırım Sertifika ve Varant Alım Satım İşlemleri,https://www.kap.org.tr/tr/Bildirim/1613063,tr,2026-06-04T13:48:27+00:00
2026-06-04,ISTFK,KAP,İSTANBUL FAKTORİNG A.Ş. - Pay Dışında Sermaye Piyasası Aracı İşlemlerine İlişkin Bildirim (Faiz İçeren),Pay Dışında Sermaye Piyasası Aracı İşlemlerine İlişkin Bildirim (Faiz İçeren) TRFIFAS92619 ISIN kodlu finansman bonosunun 1. Kupon Ödemesi,https://www.kap.org.tr/tr/Bildirim/1613060,tr,2026-06-04T13:46:28+00:00
2026-06-04,IYM,KAP,İŞ YATIRIM MENKUL DEĞERLER A.Ş. - Piyasa Yapıcılığı Kapsamında Gerçekleştirilen İşlemler Bildirimi,Piyasa Yapıcılığı Kapsamında Gerçekleştirilen İşlemler Bildirimi Borsa Yatırım Fonu Piyasa Yapıcılığı İşlemleri ISGLK,https://www.kap.org.tr/tr/Bildirim/1613057,tr,2026-06-04T13:45:52+00:00
2026-06-04,IYM,KAP,İŞ YATIRIM MENKUL DEĞERLER A.Ş. - Yatırım Kuruluşu Varant - Sertifika - Senetlerine İlişkin Bildirim,Yatırım Kuruluşu Varant - Sertifika - Senetlerine İlişkin Bildirim İş Yatırım Sertifika ve Varant Alım Satım İşlemleri,https://www.kap.org.tr/tr/Bildirim/1613063,tr,2026-06-04T13:48:27+00:00
2026-06-04,IZMDC,KAP,İZMİR DEMİR ÇELİK SANAYİ A.Ş. - Özel Durum Açıklaması (Genel),Özel Durum Açıklaması (Genel) Süresi İçinde Kaydileştirilmeyen Paylar Hakkında,https://www.kap.org.tr/tr/Bildirim/1613180,tr,2026-06-04T16:15:42+00:00
2026-06-04,KCAER,KAP,KOCAER ÇELİK SANAYİ VE TİCARET A.Ş. - Genel Kurul İşlemlerine İlişkin Bildirim,Genel Kurul İşlemlerine İlişkin Bildirim 2025 Mali Yılına İlişkin Olağan Genel Kurul Toplantısı Sonucu,https://www.kap.org.tr/tr/Bildirim/1613105,tr,2026-06-04T14:24:22+00:00
2026-06-04,KCAER,KAP,KOCAER ÇELİK SANAYİ VE TİCARET A.Ş. - Bağımsız Denetim Kuruluşunun Belirlenmesi,Bağımsız Denetim Kuruluşunun Belirlenmesi Bağımsız Denetim Kuruluşunun Belirlenmesi,https://www.kap.org.tr/tr/Bildirim/1613107,tr,2026-06-04T14:24:56+00:00
2026-06-04,KCAER,KAP,KOCAER ÇELİK SANAYİ VE TİCARET A.Ş. - Kar Payı Dağıtım İşlemlerine İlişkin Bildirim,Kar Payı Dağıtım İşlemlerine İlişkin Bildirim Kar Payı Dağıtımına İlişkin Genel Kurul Onayı,https://www.kap.org.tr/tr/Bildirim/1613110,tr,2026-06-04T14:36:27+00:00
2026-06-04,KCAER,KAP,KOCAER ÇELİK SANAYİ VE TİCARET A.Ş. - Esas Sözleşme Tadili,Esas Sözleşme Tadili Esas Sözleşme Tadilinin Genel kurulda Onaylanması,https://www.kap.org.tr/tr/Bildirim/1613111,tr,2026-06-04T14:36:53+00:00
2026-06-04,KCAER,KAP,KOCAER ÇELİK SANAYİ VE TİCARET A.Ş. - Bilgilendirme Politikası,Bilgilendirme Politikası Bilgilendirme Politikasının Güncellenmesi,https://www.kap.org.tr/tr/Bildirim/1613112,tr,2026-06-04T14:37:22+00:00
2026-06-04,KCAER,KAP,KOCAER ÇELİK SANAYİ VE TİCARET A.Ş. - Bilgilendirme Politikası,Bilgilendirme Politikası Bilgilendirme Politikasının Güncellenmesi,https://www.kap.org.tr/tr/Bildirim/1613129,tr,2026-06-04T15:08:23+00:00
2026-06-04,KFILO,KAP,KAYATUR FİLO KİRALAMA A.Ş. - Pay Dışında Sermaye Piyasası Aracı İşlemlerine İlişkin Bildirim (Faiz İçeren),Pay Dışında Sermaye Piyasası Aracı İşlemlerine İlişkin Bildirim (Faiz İçeren) TRFKYTR62611- ISIN kodlu tahvilin 05.06.2026 tarihli ödemesine ait faiz bildirimidir,https://www.kap.org.tr/tr/Bildirim/1613225,tr,2026-06-04T17:02:37+00:00
2026-06-04,KLGYO,KAP,KİLER GAYRİMENKUL YATIRIM ORTAKLIĞI A.Ş. - Kar Payı Dağıtım İşlemlerine İlişkin Bildirim,Kar Payı Dağıtım İşlemlerine İlişkin Bildirim Kar Payı Dağıtım İşlemlerine İlişkin Bildirim,https://www.kap.org.tr/tr/Bildirim/1613353,tr,2026-06-04T21:22:59+00:00
2026-06-04,KLGYO,KAP,KİLER GAYRİMENKUL YATIRIM ORTAKLIĞI A.Ş. - Genel Kurul İşlemlerine İlişkin Bildirim,Genel Kurul İşlemlerine İlişkin Bildirim Genel Kurul İşlemlerine İlişkin Bildirim,https://www.kap.org.tr/tr/Bildirim/1613354,tr,2026-06-04T21:23:38+00:00
2026-06-04,KLGYO,KAP,KİLER GAYRİMENKUL YATIRIM ORTAKLIĞI A.Ş. - Özel Durum Açıklaması (Genel),Özel Durum Açıklaması (Genel) Yönetim Kurulu Üyelerinin Teklif edilmesi hakkında,https://www.kap.org.tr/tr/Bildirim/1613355,tr,2026-06-04T21:24:09+00:00
2026-06-04,KLRHO,KAP,KİLER HOLDİNG A.Ş. - Kar Payı Dağıtım İşlemlerine İlişkin Bildirim,Kar Payı Dağıtım İşlemlerine İlişkin Bildirim Kar Payı Dağıtım İşlemlerine İlişkin Bildirim,https://www.kap.org.tr/tr/Bildirim/1613320,tr,2026-06-04T19:03:55+00:00
2026-06-04,KLRHO,KAP,KİLER HOLDİNG A.Ş. - Genel Kurul İşlemlerine İlişkin Bildirim,Genel Kurul İşlemlerine İlişkin Bildirim Genel Kurul İşlemlerine İlişkin Bildirim,https://www.kap.org.tr/tr/Bildirim/1613322,tr,2026-06-04T19:06:48+00:00
2026-06-04,KLRHO,KAP,KİLER HOLDİNG A.Ş. - Özel Durum Açıklaması (Genel),Özel Durum Açıklaması (Genel) Bağış ve Yardım Politikasının Güncellenmesi,https://www.kap.org.tr/tr/Bildirim/1613323,tr,2026-06-04T19:07:11+00:00
2026-06-04,KLRHO,KAP,KİLER HOLDİNG A.Ş. - Özel Durum Açıklaması (Genel),Özel Durum Açıklaması (Genel) Ücret Politikasının Güncellenmesi,https://www.kap.org.tr/tr/Bildirim/1613324,tr,2026-06-04T19:07:26+00:00
2026-06-04,KLRHO,KAP,KİLER HOLDİNG A.Ş. - Bilgilendirme Politikası,Bilgilendirme Politikası Bilgilendirme Politikasının Güncellenmesi,https://www.kap.org.tr/tr/Bildirim/1613325,tr,2026-06-04T19:07:55+00:00
2026-06-04,KLRHO,KAP,KİLER HOLDİNG A.Ş. - Kar Dağıtım Politikası,Kar Dağıtım Politikası Kar Dağıtım Politikasının Güncellenmesi,https://www.kap.org.tr/tr/Bildirim/1613326,tr,2026-06-04T19:08:06+00:00
2026-06-04,KLRHO,KAP,KİLER HOLDİNG A.Ş. - Özel Durum Açıklaması (Genel),Özel Durum Açıklaması (Genel) Sürdürülebilirlik raporu ve Güvence Denetimi firmasını seçimi,https://www.kap.org.tr/tr/Bildirim/1613327,tr,2026-06-04T19:08:48+00:00
2026-06-04,KLRHO,KAP,KİLER HOLDİNG A.Ş. - Özel Durum Açıklaması (Genel),Özel Durum Açıklaması (Genel) Yönetim Kurulu Üyelerinin Teklif edilmesi hakkında,https://www.kap.org.tr/tr/Bildirim/1613328,tr,2026-06-04T19:09:05+00:00
2026-06-04,KMPUR,KAP,KİMTEKS POLİÜRETAN SANAYİ VE TİCARET A.Ş. - Genel Kurul İşlemlerine İlişkin Bildirim,Genel Kurul İşlemlerine İlişkin Bildirim 2025 Yılı Olağan Genel Kurul Toplantı Sonucu,https://www.kap.org.tr/tr/Bildirim/1613335,tr,2026-06-04T19:46:44+00:00
2026-06-04,KMPUR,KAP,KİMTEKS POLİÜRETAN SANAYİ VE TİCARET A.Ş. - Kar Payı Dağıtım İşlemlerine İlişkin Bildirim,Kar Payı Dağıtım İşlemlerine İlişkin Bildirim 2025 Yılı Olağan Genel Kurul Toplantısı Kâr Payı Dağıtım Sonucu,https://www.kap.org.tr/tr/Bildirim/1613337,tr,2026-06-04T19:51:55+00:00
2026-06-04,KMPUR,KAP,KİMTEKS POLİÜRETAN SANAYİ VE TİCARET A.Ş. - Bağımsız Denetim Kuruluşunun Belirlenmesi,Bağımsız Denetim Kuruluşunun Belirlenmesi Bağımsız Denetim Kuruluşunun Genel Kurul Tarafından Onaylanması,https://www.kap.org.tr/tr/Bildirim/1613338,tr,2026-06-04T19:52:23+00:00
2026-06-04,KMPUR,KAP,KİMTEKS POLİÜRETAN SANAYİ VE TİCARET A.Ş. - Özel Durum Açıklaması (Genel),Özel Durum Açıklaması (Genel) Sürdürülebilirlik Raporunun Sınırlı Güvence Denetimine İlişkin Bağımsız Denetim Kuruluşu Seçiminin Genel Kurul Tarafından Onaylanması,https://www.kap.org.tr/tr/Bildirim/1613339,tr,2026-06-04T19:53:29+00:00
2026-06-04,KMPUR,KAP,KİMTEKS POLİÜRETAN SANAYİ VE TİCARET A.Ş. - Özel Durum Açıklaması (Genel),Özel Durum Açıklaması (Genel) Yönetim Kurulu Üyelerinin Görev Dağılımı Hakkında,https://www.kap.org.tr/tr/Bildirim/1613340,tr,2026-06-04T19:54:58+00:00
2026-06-04,KMPUR,KAP,KİMTEKS POLİÜRETAN SANAYİ VE TİCARET A.Ş. - Yönetim Kurulu Komiteleri,Yönetim Kurulu Komiteleri Yönetim Kurulu Komitelerinin Oluşturulması Hakkında,https://www.kap.org.tr/tr/Bildirim/1613341,tr,2026-06-04T19:57:27+00:00
2026-06-04,KOCFN,KAP,KOÇ FİNANSMAN A.Ş. - Pay Dışında Sermaye Piyasası Aracı İşlemlerine İlişkin Bildirim (Faiz İçeren),Pay Dışında Sermaye Piyasası Aracı İşlemlerine İlişkin Bildirim (Faiz İçeren) TRSKCTFA2711 ISIN Kodlu Tahvil İhracı,https://www.kap.org.tr/tr/Bildirim/1612838,tr,2026-06-04T09:36:38+00:00
2026-06-04,KONTR,KAP,KONTROLMATİK TEKNOLOJİ ENERJİ VE MÜHENDİSLİK A.Ş. - Genel Kurul İşlemlerine İlişkin Bildirim,Genel Kurul İşlemlerine İlişkin Bildirim 2025 Yılı Olağan Genel Kurul Toplantısının Ertelenmesi Hakkında,https://www.kap.org.tr/tr/Bildirim/1613273,tr,2026-06-04T17:50:00+00:00
2026-06-04,KONTR,KAP,KONTROLMATİK TEKNOLOJİ ENERJİ VE MÜHENDİSLİK A.Ş. - Pay Dışında Sermaye Piyasası Aracı İşlemlerine İlişkin Bildirim (Faiz İçeren),Pay Dışında Sermaye Piyasası Aracı İşlemlerine İlişkin Bildirim (Faiz İçeren) TRSKNTR32719 ISIN kodlu Tahvile İlişkin Kupon Oranının Açıklanması,https://www.kap.org.tr/tr/Bildirim/1613274,tr,2026-06-04T17:50:15+00:00
2026-06-04,KONTR,KAP,KONTROLMATİK TEKNOLOJİ ENERJİ VE MÜHENDİSLİK A.Ş. - Pay Dışında Sermaye Piyasası Aracı İşlemlerine İlişkin Bildirim (Faiz İçeren),Pay Dışında Sermaye Piyasası Aracı İşlemlerine İlişkin Bildirim (Faiz İçeren) TRFKNTR92611 ISIN Kodlu Finansman Bonosunun Kupon Oranının Açıklanması,https://www.kap.org.tr/tr/Bildirim/1613275,tr,2026-06-04T17:52:49+00:00
2026-06-04,KRVGD,KAP,KERVAN GIDA SANAYİ VE TİCARET A.Ş. - Özel Durum Açıklaması (Genel),Özel Durum Açıklaması (Genel) Bağlı Ortaklığımız Kervan USA LLC?nin ABD Gümrük Vergisi İadeleri Hk.,https://www.kap.org.tr/tr/Bildirim/1613056,tr,2026-06-04T13:44:28+00:00
2026-06-04,KTSVK,KAP,KT SUKUK VARLIK KİRALAMA A.Ş. - Pay Dışında Sermaye Piyasası Aracı İşlemlerine İlişkin Bildirim (Faizsiz),Pay Dışında Sermaye Piyasası Aracı İşlemlerine İlişkin Bildirim (Faizsiz) TRDKTSKE26D0 ISIN Kodlu Yurtiçi Kira Sertifikası İhracının Nitelikli Yatırımcıya Satışının Tamamlanması Hk SUKKR,https://www.kap.org.tr/tr/Bildirim/1612826,tr,2026-06-04T09:03:13+00:00
2026-06-04,KTSVK,KAP,KT SUKUK VARLIK KİRALAMA A.Ş. - Pay Dışında Sermaye Piyasası Aracı İşlemlerine İlişkin Bildirim (Faizsiz),Pay Dışında Sermaye Piyasası Aracı İşlemlerine İlişkin Bildirim (Faizsiz) TRDKTSKE26C2 ISIN Kodlu Yurtiçi Kira Sertifikası İhracının Nitelikli Yatırımcıya Satışının Tamamlanması SUKKR,https://www.kap.org.tr/tr/Bildirim/1612827,tr,2026-06-04T09:03:24+00:00
2026-06-04,KUYAS,KAP,KUYAŞ YATIRIM A.Ş. - Genel Kurul İşlemlerine İlişkin Bildirim,Genel Kurul İşlemlerine İlişkin Bildirim 29.06.2026 Tarihinde Yapılacak Olağan Genel Kurula Davet Çağrısı ve Genel Kurul Gündemi hk.,https://www.kap.org.tr/tr/Bildirim/1613360,tr,2026-06-04T21:55:11+00:00
2026-06-04,KUYAS,KAP,KUYAŞ YATIRIM A.Ş. - Kar Payı Dağıtım İşlemlerine İlişkin Bildirim,Kar Payı Dağıtım İşlemlerine İlişkin Bildirim Kar Payı Dağıtımı Yapılmaması,https://www.kap.org.tr/tr/Bildirim/1613369,tr,2026-06-04T22:33:15+00:00
2026-06-04,LIDFA,KAP,LİDER FAKTORİNG A.Ş. - Pay Dışında Sermaye Piyasası Aracı İşlemlerine İlişkin Bildirim (Faiz İçeren),Pay Dışında Sermaye Piyasası Aracı İşlemlerine İlişkin Bildirim (Faiz İçeren) TRFLDFK62617 ISIN Kodlu Bono Kupon Oranı,https://www.kap.org.tr/tr/Bildirim/1613184,tr,2026-06-04T16:25:04+00:00
2026-06-04,LRSHO,KAP,LORAS HOLDİNG A.Ş. - Genel Kurul İşlemlerine İlişkin Bildirim,"Genel Kurul İşlemlerine İlişkin Bildirim 2025 yılı Olağan Genel Kurul Toplantısının, Toplantı Nisabının Sağlanamaması Nedeniyle Ertelenmesi Hk.",https://www.kap.org.tr/tr/Bildirim/1613002,tr,2026-06-04T11:37:44+00:00
2026-06-04,LRSHO,KAP,LORAS HOLDİNG A.Ş. - Genel Kurul İşlemlerine İlişkin Bildirim,Genel Kurul İşlemlerine İlişkin Bildirim 04.06.2026 Tarihinde Ertelenen Olağan Genel Kurul 2.Toplantı Çağrısı Hk.,https://www.kap.org.tr/tr/Bildirim/1613312,tr,2026-06-04T18:44:11+00:00
2026-06-04,MEDTR,KAP,MEDİTERA TIBBİ MALZEME SANAYİ VE TİCARET A.Ş. - İhale Süreci / Sonucu,İhale Süreci / Sonucu İzmir Atatürk Eğitim ve Araştırma Hastanesi İhalesi Hakkında,https://www.kap.org.tr/tr/Bildirim/1613014,tr,2026-06-04T12:44:32+00:00
2026-06-04,MEDTR,KAP,MEDİTERA TIBBİ MALZEME SANAYİ VE TİCARET A.Ş. - İhale Süreci / Sonucu,İhale Süreci / Sonucu Isparta İl Sağlık Müdürlüğü İhalesi Hakkında,https://www.kap.org.tr/tr/Bildirim/1613229,tr,2026-06-04T17:06:04+00:00
2026-06-04,MEKMD,KAP,MEKSA YATIRIM MENKUL DEĞERLER A.Ş. - Pay Dışında Sermaye Piyasası Aracı İşlemlerine İlişkin Bildirim (Faiz İçeren),Pay Dışında Sermaye Piyasası Aracı İşlemlerine İlişkin Bildirim (Faiz İçeren) Finansman Bonosu İhracı,https://www.kap.org.tr/tr/Bildirim/1612938,tr,2026-06-04T10:10:34+00:00
2026-06-04,MERCN,KAP,MERCAN KİMYA SANAYİ VE TİCARET A.Ş. - Payların Geri Alınmasına İlişkin Bildirim,Payların Geri Alınmasına İlişkin Bildirim 04.06.2026 Tarihli Pay Geri Alım İşlemleri,https://www.kap.org.tr/tr/Bildirim/1613301,tr,2026-06-04T18:20:39+00:00
2026-06-04,MSA,KAP,MEKSA YATIRIM MENKUL DEĞERLER A.Ş. - Pay Dışında Sermaye Piyasası Aracı İşlemlerine İlişkin Bildirim (Faiz İçeren),Pay Dışında Sermaye Piyasası Aracı İşlemlerine İlişkin Bildirim (Faiz İçeren) Finansman Bonosu İhracı,https://www.kap.org.tr/tr/Bildirim/1612938,tr,2026-06-04T10:10:34+00:00
2026-06-04,MSY,KAP,MİSYON YATIRIM BANKASI A.Ş. - Pay Dışında Sermaye Piyasası Aracı İşlemlerine İlişkin Bildirim (Faiz İçeren),Pay Dışında Sermaye Piyasası Aracı İşlemlerine İlişkin Bildirim (Faiz İçeren) FİNANSMAN BONOSU İHRACI ISIN: TRFMSYN62717,https://www.kap.org.tr/tr/Bildirim/1612982,tr,2026-06-04T11:18:35+00:00
2026-06-04,MSYBN,KAP,MİSYON YATIRIM BANKASI A.Ş. - Pay Dışında Sermaye Piyasası Aracı İşlemlerine İlişkin Bildirim (Faiz İçeren),Pay Dışında Sermaye Piyasası Aracı İşlemlerine İlişkin Bildirim (Faiz İçeren) FİNANSMAN BONOSU İHRACI ISIN: TRFMSYN62717,https://www.kap.org.tr/tr/Bildirim/1612982,tr,2026-06-04T11:18:35+00:00
2026-06-04,NTHOL,KAP,NET HOLDİNG A.Ş. - Payların Geri Alınmasına İlişkin Bildirim,Payların Geri Alınmasına İlişkin Bildirim Şirketimizin kendi paylarının geri alımı hakkında,https://www.kap.org.tr/tr/Bildirim/1613317,tr,2026-06-04T18:54:24+00:00
2026-06-04,NTHOL,KAP,NET HOLDİNG A.Ş. - Pay Alım Satım Bildirimi,Pay Alım Satım Bildirimi Şirketimizin MERİT paylarının alışı hk. MERIT,https://www.kap.org.tr/tr/Bildirim/1613318,tr,2026-06-04T18:54:34+00:00
2026-06-04,OFSYM,KAP,OFİS YEM GIDA SANAYİ TİCARET A.Ş. - Özel Durum Açıklaması (Genel),Özel Durum Açıklaması (Genel) Yatırımcı İlişkileri Müdürü Ataması,https://www.kap.org.tr/tr/Bildirim/1613282,tr,2026-06-04T18:09:44+00:00
2026-06-04,OFSYM,KAP,OFİS YEM GIDA SANAYİ TİCARET A.Ş. - Şirket Genel Bilgi Formu,Şirket Genel Bilgi Formu,https://www.kap.org.tr/tr/Bildirim/1613283,tr,2026-06-04T18:10:12+00:00
2026-06-04,OFSYM,KAP,OFİS YEM GIDA SANAYİ TİCARET A.Ş. - Kurumsal Yönetim Bilgi Formu (Güncelleme) - Yönetim Kurulu-2,Kurumsal Yönetim Bilgi Formu (Güncelleme) - Yönetim Kurulu-2 Yönetim Kurulu Komiteleri (Güncelleme),https://www.kap.org.tr/tr/Bildirim/1613286,tr,2026-06-04T18:10:43+00:00
2026-06-04,OSVKS,KAP,OSMANLI VARLIK KİRALAMA A.Ş. - Pay Dışında Sermaye Piyasası Aracı İşlemlerine İlişkin Bildirim (Faizsiz),Pay Dışında Sermaye Piyasası Aracı İşlemlerine İlişkin Bildirim (Faizsiz) TRDOSMV92614 ISIN Kodlu İhracın Kupon Kar Payı/Getiri Oranının Belirlenmesi,https://www.kap.org.tr/tr/Bildirim/1613253,tr,2026-06-04T17:26:37+00:00
2026-06-04,OSVKS,KAP,OSMANLI VARLIK KİRALAMA A.Ş. - Pay Dışında Sermaye Piyasası Aracı İşlemlerine İlişkin Bildirim (Faizsiz),Pay Dışında Sermaye Piyasası Aracı İşlemlerine İlişkin Bildirim (Faizsiz) TRDOSMV32818 ISIN Kodlu İhracın Kupon Kar Payı/Getiri Oranının Belirlenmesi,https://www.kap.org.tr/tr/Bildirim/1613258,tr,2026-06-04T17:28:59+00:00
2026-06-04,OSVKS,KAP,OSMANLI VARLIK KİRALAMA A.Ş. - Pay Dışında Sermaye Piyasası Aracı İşlemlerine İlişkin Bildirim (Faizsiz),Pay Dışında Sermaye Piyasası Aracı İşlemlerine İlişkin Bildirim (Faizsiz) TRDOSMV32719 ISIN Kodlu İhracın Kupon Kar Payı/Getiri Oranının Belirlenmesi,https://www.kap.org.tr/tr/Bildirim/1613260,tr,2026-06-04T17:30:39+00:00
2026-06-04,OYA,KAP,OYAK YATIRIM MENKUL DEĞERLER A.Ş. - Piyasa Yapıcılığı Kapsamında Gerçekleştirilen İşlemler Bildirimi,Piyasa Yapıcılığı Kapsamında Gerçekleştirilen İşlemler Bildirimi 04/06/2026 TARİHLİ OYAYO PİYASA YAPICILIĞI İŞLEMLERİ OYAYO,https://www.kap.org.tr/tr/Bildirim/1613311,tr,2026-06-04T18:31:24+00:00
2026-06-04,OYAYO,KAP,OYAK YATIRIM ORTAKLIĞI A.Ş. - Özel Durum Açıklaması (Genel),"Özel Durum Açıklaması (Genel) Ortaklık paylarının BİAŞ'ta oluşan ağırlıklı ortalama fiyatının, pay başına net aktif değerinin 2 katını aşması hakkında",https://www.kap.org.tr/tr/Bildirim/1613015,tr,2026-06-04T12:45:31+00:00
2026-06-04,OYLUM,KAP,OYLUM SINAİ YATIRIMLAR A.Ş. - Genel Kurul İşlemlerine İlişkin Bildirim,Genel Kurul İşlemlerine İlişkin Bildirim 2025 Yılı Olağan Genel Kurul Toplantısı Sonucu,https://www.kap.org.tr/tr/Bildirim/1613321,tr,2026-06-04T19:06:19+00:00
2026-06-04,OYLUM,KAP,OYLUM SINAİ YATIRIMLAR A.Ş. - Kar Payı Dağıtım İşlemlerine İlişkin Bildirim,Kar Payı Dağıtım İşlemlerine İlişkin Bildirim 2025 Yılı Olağan Genel Kurulu Kar Payı Dağıtım Kararı Sonucu,https://www.kap.org.tr/tr/Bildirim/1613331,tr,2026-06-04T19:10:30+00:00
2026-06-04,OYLUM,KAP,OYLUM SINAİ YATIRIMLAR A.Ş. - Bağımsız Denetim Kuruluşunun Belirlenmesi,Bağımsız Denetim Kuruluşunun Belirlenmesi Bağımsız Denetim Kuruluşunun Belirlenmesi,https://www.kap.org.tr/tr/Bildirim/1613332,tr,2026-06-04T19:15:13+00:00
2026-06-04,OYYAT,KAP,OYAK YATIRIM MENKUL DEĞERLER A.Ş. - Piyasa Yapıcılığı Kapsamında Gerçekleştirilen İşlemler Bildirimi,Piyasa Yapıcılığı Kapsamında Gerçekleştirilen İşlemler Bildirimi 04/06/2026 TARİHLİ OYAYO PİYASA YAPICILIĞI İŞLEMLERİ OYAYO,https://www.kap.org.tr/tr/Bildirim/1613311,tr,2026-06-04T18:31:24+00:00
2026-06-04,PBT,KAP,PASHA YATIRIM BANKASI A.Ş. - Pay Dışında Sermaye Piyasası Aracı İşlemlerine İlişkin Bildirim (Faiz İçeren),Pay Dışında Sermaye Piyasası Aracı İşlemlerine İlişkin Bildirim (Faiz İçeren) Yeşil Bono Satışının tamamlanması,https://www.kap.org.tr/tr/Bildirim/1612843,tr,2026-06-04T09:47:53+00:00
2026-06-04,PBT,KAP,PASHA YATIRIM BANKASI A.Ş. - Pay Dışında Sermaye Piyasası Aracı İşlemlerine İlişkin Bildirim (Faiz İçeren),Pay Dışında Sermaye Piyasası Aracı İşlemlerine İlişkin Bildirim (Faiz İçeren) PASHA Yatırım Bankası Bono İtfası,https://www.kap.org.tr/tr/Bildirim/1613218,tr,2026-06-04T16:54:07+00:00
2026-06-04,PBTR,KAP,PASHA YATIRIM BANKASI A.Ş. - Pay Dışında Sermaye Piyasası Aracı İşlemlerine İlişkin Bildirim (Faiz İçeren),Pay Dışında Sermaye Piyasası Aracı İşlemlerine İlişkin Bildirim (Faiz İçeren) Yeşil Bono Satışının tamamlanması,https://www.kap.org.tr/tr/Bildirim/1612843,tr,2026-06-04T09:47:53+00:00
2026-06-04,PBTR,KAP,PASHA YATIRIM BANKASI A.Ş. - Pay Dışında Sermaye Piyasası Aracı İşlemlerine İlişkin Bildirim (Faiz İçeren),Pay Dışında Sermaye Piyasası Aracı İşlemlerine İlişkin Bildirim (Faiz İçeren) PASHA Yatırım Bankası Bono İtfası,https://www.kap.org.tr/tr/Bildirim/1613218,tr,2026-06-04T16:54:07+00:00
2026-06-04,PEKGY,KAP,PEKER GAYRİMENKUL YATIRIM ORTAKLIĞI A.Ş. - Finansal Tablo ve-veya Dipnot Değişikliği,Finansal Tablo ve-veya Dipnot Değişikliği Finansal Tablo Dipnot Düzeltme,https://www.kap.org.tr/tr/Bildirim/1613037,tr,2026-06-04T13:32:01+00:00
2026-06-04,PEKGY,KAP,PEKER GAYRİMENKUL YATIRIM ORTAKLIĞI A.Ş. - Finansal Rapor,Finansal Rapor,https://www.kap.org.tr/tr/Bildirim/1613302,tr,2026-06-04T18:22:01+00:00
2026-06-04,PEKGY,KAP,PEKER GAYRİMENKUL YATIRIM ORTAKLIĞI A.Ş. - Finansal Rapor,Finansal Rapor,https://www.kap.org.tr/tr/Bildirim/1613303,tr,2026-06-04T18:22:23+00:00
2026-06-04,PNSUT,KAP,PINAR SÜT MAMÜLLERİ SANAYİİ A.Ş. - Pay Dışında Sermaye Piyasası Aracı İşlemlerine İlişkin Bildirim (Faiz İçeren),Pay Dışında Sermaye Piyasası Aracı İşlemlerine İlişkin Bildirim (Faiz İçeren) Nitelikli Yatırımcılara Satılmak Üzere Finansman Bonosu İhracı,https://www.kap.org.tr/tr/Bildirim/1612992,tr,2026-06-04T11:25:28+00:00
2026-06-04,PNSUT,KAP,PINAR SÜT MAMÜLLERİ SANAYİİ A.Ş. - Pay Dışında Sermaye Piyasası Aracı İşlemlerine İlişkin Bildirim (Faiz İçeren),Pay Dışında Sermaye Piyasası Aracı İşlemlerine İlişkin Bildirim (Faiz İçeren) TRFPNST62629 ISIN Kodlu Finansman Bonosunun İtfası,https://www.kap.org.tr/tr/Bildirim/1613151,tr,2026-06-04T15:30:20+00:00
2026-06-04,POLHO,KAP,POLİSAN HOLDİNG A.Ş. - Özel Durum Açıklaması (Genel),Özel Durum Açıklaması (Genel) Yönetici Sorumluluk Sigortasının Yenilenmesi,https://www.kap.org.tr/tr/Bildirim/1613294,tr,2026-06-04T18:16:05+00:00
2026-06-04,QNBTR,KAP,QNB BANK A.Ş. - Pay Dışında Sermaye Piyasası Aracı İşlemlerine İlişkin Bildirim (Faiz İçeren),Pay Dışında Sermaye Piyasası Aracı İşlemlerine İlişkin Bildirim (Faiz İçeren) MTN programı kapsamında yurtdışında ihraç edilen borçlanma aracının ihracı,https://www.kap.org.tr/tr/Bildirim/1613277,tr,2026-06-04T17:56:35+00:00
2026-06-04,QNBTR,KAP,QNB BANK A.Ş. - Pay Dışında Sermaye Piyasası Aracı İşlemlerine İlişkin Bildirim (Faiz İçeren),Pay Dışında Sermaye Piyasası Aracı İşlemlerine İlişkin Bildirim (Faiz İçeren) MTN programı kapsamında yurtdışında ihraç edilen borçlanma aracının itfası,https://www.kap.org.tr/tr/Bildirim/1613278,tr,2026-06-04T17:56:59+00:00
2026-06-04,QNBTR,KAP,QNB BANK A.Ş. - Özel Durum Açıklaması (Genel),Özel Durum Açıklaması (Genel) Bankamızca sürdürülebilirlik bağlantılı sendikasyon kredisi temin edilmesi hk,https://www.kap.org.tr/tr/Bildirim/1613292,tr,2026-06-04T18:15:13+00:00
2026-06-04,RGYAS,KAP,RÖNESANS GAYRİMENKUL YATIRIM A.Ş. - Özel Durum Açıklaması (Genel),Özel Durum Açıklaması (Genel) Müşterek Yönetime Tabi Ortaklığımızın Paylarının Alımı Hk.,https://www.kap.org.tr/tr/Bildirim/1612839,tr,2026-06-04T09:45:45+00:00
2026-06-04,SASA,KAP,SASA POLYESTER SANAYİ A.Ş. - Sermaye Artırımı - Azaltımı İşlemlerine İlişkin Bildirim,Sermaye Artırımı - Azaltımı İşlemlerine İlişkin Bildirim Şarta bağlı sermaye artırımı tescili,https://www.kap.org.tr/tr/Bildirim/1613299,tr,2026-06-04T18:20:12+00:00
2026-06-04,SAYAS,KAP,SAY YENİLENEBİLİR ENERJİ EKİPMANLARI SANAYİ VE TİCARET A.Ş. - Özel Durum Açıklaması (Genel),Özel Durum Açıklaması (Genel) Kurumlar Vergisi İnceleme Sonucu,https://www.kap.org.tr/tr/Bildirim/1613333,tr,2026-06-04T19:34:06+00:00
2026-06-04,SMRFA,KAP,SÜMER FAKTORİNG A.Ş. - Pay Dışında Sermaye Piyasası Aracı İşlemlerine İlişkin Bildirim (Faiz İçeren),Pay Dışında Sermaye Piyasası Aracı İşlemlerine İlişkin Bildirim (Faiz İçeren) TRFSUMF32714 ISIN Kodlu Finansman Bonosunun 1.Kuponuna İlişkin Faiz Oranlarının Bildirimi,https://www.kap.org.tr/tr/Bildirim/1613235,tr,2026-06-04T17:11:46+00:00
2026-06-04,SMRVA,KAP,SÜMER VARLIK YÖNETİM A.Ş. - Halka Arz Fiyatının Belirlenmesinde Esas Alınan Varsayımlara İlişkin Değerlendirme Raporu,Halka Arz Fiyatının Belirlenmesinde Esas Alınan Varsayımlara İlişkin Değerlendirme Raporu 2025-1 Çeyrek Halka Arz Fiyatının Belirlenmesinde Esas Alınan Varsayımlara İlişkin Değerlendirme Raporu Hakkındadır,https://www.kap.org.tr/tr/Bildirim/1613314,tr,2026-06-04T18:49:06+00:00
2026-06-04,SMRVA,KAP,SÜMER VARLIK YÖNETİM A.Ş. - Halka Arz Fiyatının Belirlenmesinde Esas Alınan Varsayımlara İlişkin Değerlendirme Raporu,Halka Arz Fiyatının Belirlenmesinde Esas Alınan Varsayımlara İlişkin Değerlendirme Raporu 2025-2. Çeyrek Halka Arz Fiyatının Belirlenmesinde Esas Alınan Varsayımlara İlişkin Değerlendirme Raporu Hakkındadır.,https://www.kap.org.tr/tr/Bildirim/1613315,tr,2026-06-04T18:49:24+00:00
2026-06-04,SMRVA,KAP,SÜMER VARLIK YÖNETİM A.Ş. - Halka Arz Fiyatının Belirlenmesinde Esas Alınan Varsayımlara İlişkin Değerlendirme Raporu,Halka Arz Fiyatının Belirlenmesinde Esas Alınan Varsayımlara İlişkin Değerlendirme Raporu 2025-3. Çeyrek Halka Arz Fiyatının Belirlenmesinde Esas Alınan Varsayımlara İlişkin Değerlendirme Raporu Hakkındadır.,https://www.kap.org.tr/tr/Bildirim/1613316,tr,2026-06-04T18:49:36+00:00
2026-06-04,SVGYO,KAP,SAVUR GAYRİMENKUL YATIRIM ORTAKLIĞI A.Ş. - Esas Sözleşme,Esas Sözleşme Güncel Esas Sözleşme,https://www.kap.org.tr/tr/Bildirim/1613109,tr,2026-06-04T14:35:17+00:00
2026-06-04,TAC,KAP,TACİRLER YATIRIM MENKUL DEĞERLER A.Ş. - İhraç Tavanına İlişkin Bildirim,İhraç Tavanına İlişkin Bildirim Sermaye Piyasası Aracı İhracına İlişkin Yönetim Kurulu Kararı,https://www.kap.org.tr/tr/Bildirim/1612957,tr,2026-06-04T10:47:16+00:00
2026-06-04,TAMFA,KAP,TAM FİNANS FAKTORİNG A.Ş. - Pay Dışında Sermaye Piyasası Aracı İşlemlerine İlişkin Bildirim (Faiz İçeren),Pay Dışında Sermaye Piyasası Aracı İşlemlerine İlişkin Bildirim (Faiz İçeren) TRFTAMF92619 ISIN Kodlu Finansman Bonosunun 3. Kupon Ödemesinin Yapılması Hakkında,https://www.kap.org.tr/tr/Bildirim/1612976,tr,2026-06-04T11:11:35+00:00
2026-06-04,TCRYT,KAP,TACİRLER YATIRIM MENKUL DEĞERLER A.Ş. - İhraç Tavanına İlişkin Bildirim,İhraç Tavanına İlişkin Bildirim Sermaye Piyasası Aracı İhracına İlişkin Yönetim Kurulu Kararı,https://www.kap.org.tr/tr/Bildirim/1612957,tr,2026-06-04T10:47:16+00:00
2026-06-04,TGSAS,KAP,TGS DIŞ TİCARET A.Ş. - Yatırımcı Raporu,Yatırımcı Raporu 2026 1. Çeyrek Yatırımcı Sunumu,https://www.kap.org.tr/tr/Bildirim/1612937,tr,2026-06-04T10:08:04+00:00
2026-06-04,THL,KAP,TÜRKİYE HALK BANKASI A.Ş. - Pay Dışında Sermaye Piyasası Aracı İşlemlerine İlişkin Bildirim (Faiz İçeren),Pay Dışında Sermaye Piyasası Aracı İşlemlerine İlişkin Bildirim (Faiz İçeren) Yurtiçinde Nitelikli Yatırımcılara Sermaye Benzeri Tahvil Kupon Oranı,https://www.kap.org.tr/tr/Bildirim/1613281,tr,2026-06-04T18:03:59+00:00
2026-06-04,THYAO,KAP,TÜRK HAVA YOLLARI A.O. - Özel Durum Açıklaması (Genel),Özel Durum Açıklaması (Genel) Air Europa Yatırım Süreci Güncellemesi - 5,https://www.kap.org.tr/tr/Bildirim/1613157,tr,2026-06-04T15:53:23+00:00
2026-06-04,TRALT,KAP,TÜRK ALTIN İŞLETMELERİ A.Ş. - Özel Durum Açıklaması (Genel),"Özel Durum Açıklaması (Genel) Üretim Faaliyetlerinden Elde Edilen Kazançlara Uygulanan Kurumlar Vergisi Oranının 2027 Yılından İtibaren %25 ten %12,5 e Düşürülmesine İlişkin Yasal Düzenleme Hk. TRENJ, TRMET",https://www.kap.org.tr/tr/Bildirim/1613296,tr,2026-06-04T18:16:44+00:00
2026-06-04,TRYKI,KAP,TİRYAKİ AGRO GIDA SANAYİ VE TİCARET A.Ş. - Pay Dışında Sermaye Piyasası Aracı İşlemlerine İlişkin Bildirim (Faiz İçeren),Pay Dışında Sermaye Piyasası Aracı İşlemlerine İlişkin Bildirim (Faiz İçeren) TRFTRYK92618 ISIN Kodlu Finansman Bonosunun Kupon Ödemesi,https://www.kap.org.tr/tr/Bildirim/1613156,tr,2026-06-04T15:48:17+00:00
2026-06-04,TSK,KAP,TÜRKİYE SINAİ KALKINMA BANKASI A.Ş. - Kurumsal Yönetim İlkelerine Uyum Derecelendirmesi,Kurumsal Yönetim İlkelerine Uyum Derecelendirmesi Kurumsal Yönetim İlkelerine Uyum Derecelendirmesi Sözleşmesi'nin Yenilenmesi,https://www.kap.org.tr/tr/Bildirim/1613334,tr,2026-06-04T19:38:41+00:00
2026-06-04,TSKB,KAP,TÜRKİYE SINAİ KALKINMA BANKASI A.Ş. - Kurumsal Yönetim İlkelerine Uyum Derecelendirmesi,Kurumsal Yönetim İlkelerine Uyum Derecelendirmesi Kurumsal Yönetim İlkelerine Uyum Derecelendirmesi Sözleşmesi'nin Yenilenmesi,https://www.kap.org.tr/tr/Bildirim/1613334,tr,2026-06-04T19:38:41+00:00
2026-06-04,TSPOR,KAP,TRABZONSPOR SPORTİF YATIRIM VE FUTBOL İŞLETMECİLİĞİ TİCARET A.Ş. - Transfer Görüşmelerinin Sonuçlanması veya Sona Ermesi,Transfer Görüşmelerinin Sonuçlanması veya Sona Ermesi Sidny Lopes Cabral Transferi Hakkında.,https://www.kap.org.tr/tr/Bildirim/1613346,tr,2026-06-04T21:00:01+00:00
2026-06-04,TSPOR,KAP,TRABZONSPOR SPORTİF YATIRIM VE FUTBOL İŞLETMECİLİĞİ TİCARET A.Ş. - Sözleşme İmzalanması,Sözleşme İmzalanması Sidny Lopes Cabral İle Sözleşme İmzalanması Hakkında.,https://www.kap.org.tr/tr/Bildirim/1613347,tr,2026-06-04T21:00:14+00:00
2026-06-04,TUREX,KAP,TUREKS TURİZM TAŞIMACILIK A.Ş. - Genel Kurul İşlemlerine İlişkin Bildirim,Genel Kurul İşlemlerine İlişkin Bildirim 2025 Yılı Olağan Genel Kurul Toplantı Sonucu,https://www.kap.org.tr/tr/Bildirim/1613194,tr,2026-06-04T16:38:41+00:00
2026-06-04,TUREX,KAP,TUREKS TURİZM TAŞIMACILIK A.Ş. - Kar Payı Dağıtım İşlemlerine İlişkin Bildirim,Kar Payı Dağıtım İşlemlerine İlişkin Bildirim 2025 yılı Kar Payı Dağıtım Önerisinin Genel Kurul tarafından onaylanması.,https://www.kap.org.tr/tr/Bildirim/1613213,tr,2026-06-04T16:47:34+00:00
2026-06-04,TUREX,KAP,TUREKS TURİZM TAŞIMACILIK A.Ş. - Özel Durum Açıklaması (Genel),Özel Durum Açıklaması (Genel) Bağımsız Denetim Kuruluşu seçiminin Genel Kurul tarafından onaylanması,https://www.kap.org.tr/tr/Bildirim/1613215,tr,2026-06-04T16:51:00+00:00
2026-06-04,TURSG,KAP,TÜRKİYE SİGORTA A.Ş. - Özel Durum Açıklaması (Genel),Özel Durum Açıklaması (Genel) 2026 Mayıs Sonu Brüt Prim Üretimi,https://www.kap.org.tr/tr/Bildirim/1612956,tr,2026-06-04T10:43:41+00:00
2026-06-04,TVB,KAP,TÜRKİYE VAKIFLAR BANKASI T.A.O. - Pay Dışında Sermaye Piyasası Aracı İşlemlerine İlişkin Bildirim (Faiz İçeren),Pay Dışında Sermaye Piyasası Aracı İşlemlerine İlişkin Bildirim (Faiz İçeren) Borçlanma Araçlarına İlişkin Satış Sonuçları Açıklaması,https://www.kap.org.tr/tr/Bildirim/1613123,tr,2026-06-04T14:50:54+00:00
2026-06-04,UCAYM,KAP,ÜÇAY MÜHENDİSLİK ENERJİ VE İKLİMLENDİRME TEKNOLOJİLERİ A.Ş. - Genel Kurul İşlemlerine İlişkin Bildirim,Genel Kurul İşlemlerine İlişkin Bildirim Genel Kurul - Tescil ve İlanı hk.,https://www.kap.org.tr/tr/Bildirim/1613249,tr,2026-06-04T17:18:37+00:00
2026-06-04,UCAYM,KAP,ÜÇAY MÜHENDİSLİK ENERJİ VE İKLİMLENDİRME TEKNOLOJİLERİ A.Ş. - Bağımsız Denetim Kuruluşunun Belirlenmesi,Bağımsız Denetim Kuruluşunun Belirlenmesi Bağımsız Denetim Kuruluşunun Tescil Edilmesi Hk.,https://www.kap.org.tr/tr/Bildirim/1613252,tr,2026-06-04T17:20:47+00:00
2026-06-04,UCAYM,KAP,ÜÇAY MÜHENDİSLİK ENERJİ VE İKLİMLENDİRME TEKNOLOJİLERİ A.Ş. - İç Yönerge,İç Yönerge Genel Kurul Çalışma Esasları İç Yönerge Tescil ve İlanı hk,https://www.kap.org.tr/tr/Bildirim/1613264,tr,2026-06-04T17:35:28+00:00
2026-06-04,ULUFA,KAP,ULUSAL FAKTORİNG A.Ş. - Pay Dışında Sermaye Piyasası Aracı İşlemlerine İlişkin Bildirim (Faiz İçeren),Pay Dışında Sermaye Piyasası Aracı İşlemlerine İlişkin Bildirim (Faiz İçeren) Şirketimiz TRSULFK92710 ISIN Kodlu Değişken Faizli Borçlanma Aracımızın Kupon Ödemesine İlişkin Açıklama,https://www.kap.org.tr/tr/Bildirim/1613000,tr,2026-06-04T11:31:19+00:00
2026-06-04,ULUFA,KAP,ULUSAL FAKTORİNG A.Ş. - Pay Dışında Sermaye Piyasası Aracı İşlemlerine İlişkin Bildirim (Faiz İçeren),Pay Dışında Sermaye Piyasası Aracı İşlemlerine İlişkin Bildirim (Faiz İçeren) Şirketimiz TRFULFK62629 ISIN Kodlu Değişken Faizli Borçlanma Aracımızın Kupon Oranına İlişkin Açıklama,https://www.kap.org.tr/tr/Bildirim/1613304,tr,2026-06-04T18:23:24+00:00
2026-06-04,VAKBN,KAP,TÜRKİYE VAKIFLAR BANKASI T.A.O. - Pay Dışında Sermaye Piyasası Aracı İşlemlerine İlişkin Bildirim (Faiz İçeren),Pay Dışında Sermaye Piyasası Aracı İşlemlerine İlişkin Bildirim (Faiz İçeren) Borçlanma Araçlarına İlişkin Satış Sonuçları Açıklaması,https://www.kap.org.tr/tr/Bildirim/1613123,tr,2026-06-04T14:50:54+00:00
2026-06-04,VKFYO,KAP,VAKIF MENKUL KIYMET YATIRIM ORTAKLIĞI A.Ş. - Özel Durum Açıklaması (Genel),"Özel Durum Açıklaması (Genel) Şirketimizin BİAŞ'da oluşan ağırlıklı ortalama fiyatın, pay başına net aktif değerin 2 katını aşması sebebiyle yapılan açıklamadır.",https://www.kap.org.tr/tr/Bildirim/1613279,tr,2026-06-04T18:01:00+00:00
2026-06-04,VKGYO,KAP,VAKIF GAYRİMENKUL YATIRIM ORTAKLIĞI A.Ş. - Maddi Duran Varlık Alımı,Maddi Duran Varlık Alımı Şirketimiz Maddi Duran Varlık Alımı,https://www.kap.org.tr/tr/Bildirim/1613308,tr,2026-06-04T18:30:31+00:00
2026-06-04,YKB,KAP,YAPI VE KREDİ BANKASI A.Ş. - Şirket Genel Bilgi Formu,Şirket Genel Bilgi Formu,https://www.kap.org.tr/tr/Bildirim/1613342,tr,2026-06-04T20:18:40+00:00
2026-06-04,YKB,KAP,YAPI VE KREDİ BANKASI A.Ş. - Özel Durum Açıklaması (Genel),Özel Durum Açıklaması (Genel) Sendikasyon kredisi anlaşması,https://www.kap.org.tr/tr/Bildirim/1613356,tr,2026-06-04T21:28:12+00:00
2026-06-04,YKBNK,KAP,YAPI VE KREDİ BANKASI A.Ş. - Şirket Genel Bilgi Formu,Şirket Genel Bilgi Formu,https://www.kap.org.tr/tr/Bildirim/1613342,tr,2026-06-04T20:18:40+00:00
2026-06-04,YKBNK,KAP,YAPI VE KREDİ BANKASI A.Ş. - Özel Durum Açıklaması (Genel),Özel Durum Açıklaması (Genel) Sendikasyon kredisi anlaşması,https://www.kap.org.tr/tr/Bildirim/1613356,tr,2026-06-04T21:28:12+00:00
2026-06-04,ZKBVK,KAP,ZİRAAT KATILIM VARLIK KİRALAMA A.Ş. - Pay Dışında Sermaye Piyasası Aracı İşlemlerine İlişkin Bildirim (Faizsiz),Pay Dışında Sermaye Piyasası Aracı İşlemlerine İlişkin Bildirim (Faizsiz) TRDZKVK92611 ISIN Kodlu Yurtiçi Kira Sertifikası İhracının Satışının Tamamlanması Hk ZTB,https://www.kap.org.tr/tr/Bildirim/1612835,tr,2026-06-04T09:23:07+00:00
2026-06-04,ZKBVK,KAP,ZİRAAT KATILIM VARLIK KİRALAMA A.Ş. - Pay Dışında Sermaye Piyasası Aracı İşlemlerine İlişkin Bildirim (Faizsiz),Pay Dışında Sermaye Piyasası Aracı İşlemlerine İlişkin Bildirim (Faizsiz) TRDZKVK62614 ISIN kodlu Yurtiçi Kira Sertifikalarının İtfa ve Getiri Ödeme İşlemlerinin Tamamlanması Hk ZTB,https://www.kap.org.tr/tr/Bildirim/1613147,tr,2026-06-04T15:23:40+00:00
2026-06-04,ZOREN,KAP,ZORLU ENERJİ ELEKTRİK ÜRETİM A.Ş. - Pay Dışında Sermaye Piyasası Aracı İşlemlerine İlişkin Bildirim (Faiz İçeren),Pay Dışında Sermaye Piyasası Aracı İşlemlerine İlişkin Bildirim (Faiz İçeren) TRSZORNA2613 ISIN Kodlu Tahvilin 2. Kupon Dönemine İlişkin Faiz Ödemesi Hakkında,https://www.kap.org.tr/tr/Bildirim/1612970,tr,2026-06-04T11:05:46+00:00
2026-06-04,ZOREN,KAP,ZORLU ENERJİ ELEKTRİK ÜRETİM A.Ş. - Pay Dışında Sermaye Piyasası Aracı İşlemlerine İlişkin Bildirim (Faiz İçeren),Pay Dışında Sermaye Piyasası Aracı İşlemlerine İlişkin Bildirim (Faiz İçeren) TRSZORN92621 ISIN Kodlu Tahvilin 3. Kupon Dönemine İlişkin Faiz Ödemesi Hakkında,https://www.kap.org.tr/tr/Bildirim/1612972,tr,2026-06-04T11:05:55+00:00
2026-06-05,A1YEN,KAP,A1 YENİLENEBİLİR ENERJİ ÜRETİM A.Ş. - Genel Kurul İşlemlerine İlişkin Bildirim,Genel Kurul İşlemlerine İlişkin Bildirim 2025 Yılı Olağan Genel Kurulu Daveti,https://www.kap.org.tr/tr/Bildirim/1613969,tr,2026-06-05T18:11:05+00:00
2026-06-05,A1YEN,KAP,A1 YENİLENEBİLİR ENERJİ ÜRETİM A.Ş. - Kar Payı Dağıtım İşlemlerine İlişkin Bildirim,Kar Payı Dağıtım İşlemlerine İlişkin Bildirim Yönetim Kurulu'nun Kar Payı Dağıtılmamasına İlişkin Teklifi,https://www.kap.org.tr/tr/Bildirim/1613970,tr,2026-06-05T18:11:12+00:00
2026-06-05,ADEL,KAP,ADEL KALEMCİLİK TİCARET VE SANAYİ A.Ş. - Özel Durum Açıklaması (Genel),Özel Durum Açıklaması (Genel) Yönetim Kurulu ve Komiteleri atamaları hk.,https://www.kap.org.tr/tr/Bildirim/1614128,tr,2026-06-05T20:40:53+00:00
2026-06-05,AEFES,KAP,ANADOLU EFES BİRACILIK VE MALT SANAYİİ A.Ş. - Pay Dışında Sermaye Piyasası Aracı İşlemlerine İlişkin Bildirim (Faiz İçeren),Pay Dışında Sermaye Piyasası Aracı İşlemlerine İlişkin Bildirim (Faiz İçeren) TRFEFES92610 ISIN Kodlu Tahvilin 3. Kupon Faiz Oranının Belirlenmesi,https://www.kap.org.tr/tr/Bildirim/1613893,tr,2026-06-05T17:57:17+00:00
2026-06-05,AGESA,KAP,AGESA HAYAT VE EMEKLİLİK A.Ş. - Özel Durum Açıklaması (Genel),Özel Durum Açıklaması (Genel) 01.01.2026-31.05.2026 Dönemine Ait Prim Üretimi,https://www.kap.org.tr/tr/Bildirim/1614005,tr,2026-06-05T18:18:33+00:00
2026-06-05,AGESA,KAP,AGESA HAYAT VE EMEKLİLİK A.Ş. - Şirket Genel Bilgi Formu,Şirket Genel Bilgi Formu,https://www.kap.org.tr/tr/Bildirim/1614072,tr,2026-06-05T18:26:23+00:00
2026-06-05,AHGAZ,KAP,AHLATCI DOĞAL GAZ DAĞITIM ENERJİ VE YATIRIM A.Ş. - Payların Geri Alınmasına İlişkin Bildirim,Payların Geri Alınmasına İlişkin Bildirim 05.06.2026 Tarihli Pay Geri Alım İşlemleri,https://www.kap.org.tr/tr/Bildirim/1614097,tr,2026-06-05T18:30:16+00:00
2026-06-05,AKFIS,KAP,AKFEN İNŞAAT TURİZM VE TİCARET A.Ş. - İhale Süreci / Sonucu,İhale Süreci / Sonucu Hatay Şehir Hastanesi (1000 Yatak) Yapım İşi İhalesi,https://www.kap.org.tr/tr/Bildirim/1613498,tr,2026-06-05T11:12:40+00:00
2026-06-05,AKFIS,KAP,AKFEN İNŞAAT TURİZM VE TİCARET A.Ş. - İhale Süreci / Sonucu,İhale Süreci / Sonucu Hatay Şehir Hastanesi (1000 Yatak) Yapım İşi İhalesi,https://www.kap.org.tr/tr/Bildirim/1613996,tr,2026-06-05T18:12:09+00:00
2026-06-05,AKHAN,KAP,AKHAN UN FABRİKASI VE TARIM ÜRÜNLERİ GIDA SANAYİ TİCARET A.Ş. - Yeni İş İlişkisi,Yeni İş İlişkisi Yeni İş İlişkisi - GANA Pazarı,https://www.kap.org.tr/tr/Bildirim/1613371,tr,2026-06-05T08:01:23+00:00
2026-06-05,ALKIM,KAP,ALKİM ALKALİ KİMYA A.Ş. - Özel Durum Açıklaması (Genel),Özel Durum Açıklaması (Genel) Yatırımcı Tazmin Merkezine Başvuru Süresi Hakkında Duyuru,https://www.kap.org.tr/tr/Bildirim/1614136,tr,2026-06-05T22:42:06+00:00
2026-06-05,ALTNY,KAP,ALTINAY SAVUNMA TEKNOLOJİLERİ A.Ş. - Genel Kurul İşlemlerine İlişkin Bildirim,Genel Kurul İşlemlerine İlişkin Bildirim 2025 Yılı Olağan Genel Kurul Toplantı Sonucu,https://www.kap.org.tr/tr/Bildirim/1613874,tr,2026-06-05T17:31:40+00:00
2026-06-05,ALTNY,KAP,ALTINAY SAVUNMA TEKNOLOJİLERİ A.Ş. - Kar Payı Dağıtım İşlemlerine İlişkin Bildirim,Kar Payı Dağıtım İşlemlerine İlişkin Bildirim Kar Payı Dağıtımına İlişkin Genel Kurulu Kararı,https://www.kap.org.tr/tr/Bildirim/1613885,tr,2026-06-05T17:42:35+00:00
2026-06-05,ALTNY,KAP,ALTINAY SAVUNMA TEKNOLOJİLERİ A.Ş. - Bağımsız Denetim Kuruluşunun Belirlenmesi,Bağımsız Denetim Kuruluşunun Belirlenmesi 2025-2026 Hesap Dönemi Sürdürülebilirlik Raporlamasına İlişkin Bağımsız Denetim Şirketinin Onaylanması Hakkında,https://www.kap.org.tr/tr/Bildirim/1613930,tr,2026-06-05T18:02:42+00:00
2026-06-05,ALTNY,KAP,ALTINAY SAVUNMA TEKNOLOJİLERİ A.Ş. - Bağımsız Denetim Kuruluşunun Belirlenmesi,Bağımsız Denetim Kuruluşunun Belirlenmesi Bağımsız Denetim Kuruluşu Seçiminin 2025 Yılı Olağan Genel Kurul Toplantısında Onaylanması,https://www.kap.org.tr/tr/Bildirim/1613939,tr,2026-06-05T18:04:56+00:00
2026-06-05,ALTNY,KAP,ALTINAY SAVUNMA TEKNOLOJİLERİ A.Ş. - Kayıtlı Sermaye Tavanı İşlemlerine İlişkin Bildirim,Kayıtlı Sermaye Tavanı İşlemlerine İlişkin Bildirim Kayıtlı Sermaye Tavanı Artışı ve Süre Uzatımı Genel Kurul Toplantı Sonucu,https://www.kap.org.tr/tr/Bildirim/1614003,tr,2026-06-05T18:16:50+00:00
2026-06-05,ALVES,KAP,ALVES KABLO SANAYİ VE TİCARET A.Ş. - İhraç Tavanına İlişkin Bildirim,İhraç Tavanına İlişkin Bildirim Kira Sertifikası İhracına İlişkin Yönetim Kurulu Kararı Alınması KTSVK,https://www.kap.org.tr/tr/Bildirim/1614000,tr,2026-06-05T18:15:53+00:00
2026-06-05,ANSGR,KAP,ANADOLU ANONİM TÜRK SİGORTA ŞİRKETİ - Özel Durum Açıklaması (Genel),Özel Durum Açıklaması (Genel) 05.2026 Dönemi Brüt Prim Üretimi,https://www.kap.org.tr/tr/Bildirim/1613744,tr,2026-06-05T16:07:21+00:00
2026-06-05,ANSGR,KAP,ANADOLU ANONİM TÜRK SİGORTA ŞİRKETİ - Özel Durum Açıklaması (Genel),Özel Durum Açıklaması (Genel) Yatırımcı Tazmin Merkezi (YTM) Başvuruları Hakkında Bilgilendirme,https://www.kap.org.tr/tr/Bildirim/1614105,tr,2026-06-05T18:43:48+00:00
2026-06-05,ARENA,KAP,ARENA BİLGİSAYAR SANAYİ VE TİCARET A.Ş. - Şirket Genel Bilgi Formu,Şirket Genel Bilgi Formu,https://www.kap.org.tr/tr/Bildirim/1613381,tr,2026-06-05T08:50:20+00:00
2026-06-05,ARSAN,KAP,ARSAN HOLDİNG A.Ş. - Bağımsız Denetim Kuruluşunun Belirlenmesi,Bağımsız Denetim Kuruluşunun Belirlenmesi 2026 Yılı Sürdürülebilirlik Güvence Denetimi İçin Bağımsız Denetim Şirketi Seçimi hakkında.,https://www.kap.org.tr/tr/Bildirim/1613531,tr,2026-06-05T11:48:14+00:00
2026-06-05,ARSAN,KAP,ARSAN HOLDİNG A.Ş. - Özel Durum Açıklaması (Genel),"Özel Durum Açıklaması (Genel) Arsan Varlık Yönetim A.Ş.- İhale sonrası Devir İşlemlerinin tamamlanması hakkında. ARSVY, TIB",https://www.kap.org.tr/tr/Bildirim/1613732,tr,2026-06-05T15:51:01+00:00
2026-06-05,AVGYO,KAP,AVRASYA GAYRİMENKUL YATIRIM ORTAKLIĞI A.Ş. - Kayıtlı Sermaye Tavanı İşlemlerine İlişkin Bildirim,Kayıtlı Sermaye Tavanı İşlemlerine İlişkin Bildirim Kayıtlı Sermaye Tavanı İzin Süresi Tescili Hakkında,https://www.kap.org.tr/tr/Bildirim/1614106,tr,2026-06-05T18:50:59+00:00
2026-06-05,AVGYO,KAP,AVRASYA GAYRİMENKUL YATIRIM ORTAKLIĞI A.Ş. - Esas Sözleşme,Esas Sözleşme Esas Sözleşme,https://www.kap.org.tr/tr/Bildirim/1614107,tr,2026-06-05T18:51:23+00:00
2026-06-05,AVHOL,KAP,AVRUPA YATIRIM HOLDİNG A.Ş. - Olağan Dışı Fiyat ve Miktar Hareketleri,Olağan Dışı Fiyat ve Miktar Hareketleri Olağandışı Fiyat ve Miktar Hareketlerine İlişkin Açıklama Hk.,https://www.kap.org.tr/tr/Bildirim/1613783,tr,2026-06-05T16:29:50+00:00
2026-06-05,AVTUR,KAP,AVRASYA PETROL VE TURİSTİK TESİSLER YATIRIMLAR A.Ş. - Genel Kurul İşlemlerine İlişkin Bildirim,Genel Kurul İşlemlerine İlişkin Bildirim 2025 Yılı Olağan Genel Kurul Toplantısının Tescil ve İlanı Hakkında,https://www.kap.org.tr/tr/Bildirim/1614108,tr,2026-06-05T18:54:17+00:00
2026-06-05,AVTUR,KAP,AVRASYA PETROL VE TURİSTİK TESİSLER YATIRIMLAR A.Ş. - Kayıtlı Sermaye Tavanı İşlemlerine İlişkin Bildirim,Kayıtlı Sermaye Tavanı İşlemlerine İlişkin Bildirim Kayıtlı Sermaye Tavanı Süresi Uzatımı Hususunda Olağan Genel Kurul Toplantısının Tescili Hakkında,https://www.kap.org.tr/tr/Bildirim/1614121,tr,2026-06-05T19:50:12+00:00
2026-06-05,AVTUR,KAP,AVRASYA PETROL VE TURİSTİK TESİSLER YATIRIMLAR A.Ş. - Esas Sözleşme,Esas Sözleşme Esas Sözleşme,https://www.kap.org.tr/tr/Bildirim/1614122,tr,2026-06-05T19:51:22+00:00
2026-06-05,AYCES,KAP,ALTIN YUNUS ÇEŞME TURİSTİK TESİSLER A.Ş. - Olağan Dışı Fiyat ve Miktar Hareketleri,Olağan Dışı Fiyat ve Miktar Hareketleri Olağandışı Fiyat ve Miktar Hareketleri Hk.,https://www.kap.org.tr/tr/Bildirim/1614109,tr,2026-06-05T19:00:28+00:00
2026-06-05,BAKAB,KAP,BAK AMBALAJ SANAYİ VE TİCARET A.Ş. - Özel Durum Açıklaması (Genel),Özel Durum Açıklaması (Genel) Süresi İçinde Kaydileştirilmeyen Paylar Hakkında,https://www.kap.org.tr/tr/Bildirim/1613801,tr,2026-06-05T16:45:35+00:00
2026-06-05,BANVT,KAP,BANVİT BANDIRMA VİTAMİNLİ YEM SANAYİ A.Ş. - Özel Durum Açıklaması (Genel),Özel Durum Açıklaması (Genel) Yatırımcı Tazmin Merkezine Başvuru Süresine Dair Bilgilendirme ve Duyuru,https://www.kap.org.tr/tr/Bildirim/1613373,tr,2026-06-05T08:16:06+00:00
2026-06-05,BASGZ,KAP,BAŞKENT DOĞALGAZ DAĞITIM GAYRİMENKUL YATIRIM ORTAKLIĞI A.Ş. - Genel Kurul İşlemlerine İlişkin Bildirim,Genel Kurul İşlemlerine İlişkin Bildirim Genel Kurul Toplantı Sonucu,https://www.kap.org.tr/tr/Bildirim/1613798,tr,2026-06-05T16:42:36+00:00
2026-06-05,BASGZ,KAP,BAŞKENT DOĞALGAZ DAĞITIM GAYRİMENKUL YATIRIM ORTAKLIĞI A.Ş. - Kar Payı Dağıtım İşlemlerine İlişkin Bildirim,Kar Payı Dağıtım İşlemlerine İlişkin Bildirim 2025 Yılı Kar Dağıtım Önerisinin Genel Kurul'da onaylanması.,https://www.kap.org.tr/tr/Bildirim/1614026,tr,2026-06-05T18:22:18+00:00
2026-06-05,BASGZ,KAP,BAŞKENT DOĞALGAZ DAĞITIM GAYRİMENKUL YATIRIM ORTAKLIĞI A.Ş. - Kayıtlı Sermaye Tavanı İşlemlerine İlişkin Bildirim,Kayıtlı Sermaye Tavanı İşlemlerine İlişkin Bildirim Kayıtlı Sermaye Tavanı Artışı ve Süre Uzatımı Genel Kurul Toplantı Sonucu,https://www.kap.org.tr/tr/Bildirim/1614027,tr,2026-06-05T18:22:29+00:00
2026-06-05,BASGZ,KAP,BAŞKENT DOĞALGAZ DAĞITIM GAYRİMENKUL YATIRIM ORTAKLIĞI A.Ş. - Bağımsız Denetim Kuruluşunun Belirlenmesi,Bağımsız Denetim Kuruluşunun Belirlenmesi 2026 Yılı Bağımsız Denetim Kuruluşunun Belirlenmesinin Genel Kurulda onaylanması hk.,https://www.kap.org.tr/tr/Bildirim/1614044,tr,2026-06-05T18:22:46+00:00
2026-06-05,BIENY,KAP,BİEN YAPI ÜRÜNLERİ SANAYİ TURİZM VE TİCARET A.Ş. - Pay Dışında Sermaye Piyasası Aracı İşlemlerine İlişkin Bildirim (Faiz İçeren),Pay Dışında Sermaye Piyasası Aracı İşlemlerine İlişkin Bildirim (Faiz İçeren) TRSBNYPK2718 ISIN Kodlu 200.000.000 TL Nominal tutarlı 539 gün vadeli tahvil İhracı satışının tamamlanması,https://www.kap.org.tr/tr/Bildirim/1614135,tr,2026-06-05T22:30:33+00:00
2026-06-05,BJKAS,KAP,BEŞİKTAŞ FUTBOL YATIRIMLARI SANAYİ VE TİCARET A.Ş. - Teknik Yönetime İlişkin Açıklama,Teknik Yönetime İlişkin Açıklama Teknik direktörlük görevi için Vincenzo Italiano ile görüşmelere başlanmıştır.,https://www.kap.org.tr/tr/Bildirim/1613706,tr,2026-06-05T15:14:36+00:00
2026-06-05,BLS,KAP,BULLS YATIRIM MENKUL DEĞERLER A.Ş. - Pay Alım Teklifi Yoluyla Pay Toplanmasına İlişkin Bildirim,Pay Alım Teklifi Yoluyla Pay Toplanmasına İlişkin Bildirim Özerden Ambalaj Sanayi A.Ş. Paylarına Yönelik Zorunlu Pay Alım Teklifi OZRDN,https://www.kap.org.tr/tr/Bildirim/1613928,tr,2026-06-05T18:02:17+00:00
2026-06-05,BLS,KAP,BULLS YATIRIM MENKUL DEĞERLER A.Ş. - Pay Alım Teklifi Yoluyla Pay Toplanmasına İlişkin Bildirim,Pay Alım Teklifi Yoluyla Pay Toplanmasına İlişkin Bildirim Özerden Ambalaj Sanayi A.Ş. Paylarına Yönelik Zorunlu Pay Alım Teklifi OZRDN,https://www.kap.org.tr/tr/Bildirim/1613999,tr,2026-06-05T18:15:48+00:00
2026-06-05,BLSMD,KAP,BULLS YATIRIM MENKUL DEĞERLER A.Ş. - Pay Alım Teklifi Yoluyla Pay Toplanmasına İlişkin Bildirim,Pay Alım Teklifi Yoluyla Pay Toplanmasına İlişkin Bildirim Özerden Ambalaj Sanayi A.Ş. Paylarına Yönelik Zorunlu Pay Alım Teklifi OZRDN,https://www.kap.org.tr/tr/Bildirim/1613928,tr,2026-06-05T18:02:17+00:00
2026-06-05,BLSMD,KAP,BULLS YATIRIM MENKUL DEĞERLER A.Ş. - Pay Alım Teklifi Yoluyla Pay Toplanmasına İlişkin Bildirim,Pay Alım Teklifi Yoluyla Pay Toplanmasına İlişkin Bildirim Özerden Ambalaj Sanayi A.Ş. Paylarına Yönelik Zorunlu Pay Alım Teklifi OZRDN,https://www.kap.org.tr/tr/Bildirim/1613999,tr,2026-06-05T18:15:48+00:00
2026-06-05,BRISA,KAP,BRİSA BRİDGESTONE SABANCI LASTİK SANAYİ VE TİCARET A.Ş. - Pay Dışında Sermaye Piyasası Aracı İşlemlerine İlişkin Bildirim (Faiz İçeren),Pay Dışında Sermaye Piyasası Aracı İşlemlerine İlişkin Bildirim (Faiz İçeren) TRFBRSA12716 ISIN kodlu finansman bonosu ihracı,https://www.kap.org.tr/tr/Bildirim/1613400,tr,2026-06-05T09:28:18+00:00
2026-06-05,BRISA,KAP,BRİSA BRİDGESTONE SABANCI LASTİK SANAYİ VE TİCARET A.Ş. - Özel Durum Açıklaması (Genel),Özel Durum Açıklaması (Genel) Süresi İçinde Kaydileştirilmeyen Paylarla İlgili Yatırımcı Tazmin Merkezi Başvuruları Hakkında Duyuru,https://www.kap.org.tr/tr/Bildirim/1613832,tr,2026-06-05T17:11:34+00:00
2026-06-05,BRKO,KAP,BİRKO BİRLEŞİK KOYUNLULULAR MENSUCAT TİCARET VE SANAYİ A.Ş. - Özel Durum Açıklaması (Genel),Özel Durum Açıklaması (Genel) ŞİRKET HİSSE ALIMI HAKKINDA DÜZELTME,https://www.kap.org.tr/tr/Bildirim/1614129,tr,2026-06-05T20:52:19+00:00
2026-06-05,BRKT,KAP,BEREKET VARLIK KİRALAMA A.Ş. - Pay Dışında Sermaye Piyasası Aracı İşlemlerine İlişkin Bildirim (Faizsiz),Pay Dışında Sermaye Piyasası Aracı İşlemlerine İlişkin Bildirim (Faizsiz) TRDBRKT92629 ISIN Kodlu Yurt İçi Kira Sertifikası Satışının Tamamlanması Hk. ALBRK,https://www.kap.org.tr/tr/Bildirim/1613445,tr,2026-06-05T09:56:58+00:00
2026-06-05,BRKT,KAP,BEREKET VARLIK KİRALAMA A.Ş. - Pay Dışında Sermaye Piyasası Aracı İşlemlerine İlişkin Bildirim (Faizsiz),Pay Dışında Sermaye Piyasası Aracı İşlemlerine İlişkin Bildirim (Faizsiz) TRDBRKT62614 ISIN Kodlu Kira Sertifikasının İtfası Hk. ALBRK,https://www.kap.org.tr/tr/Bildirim/1613447,tr,2026-06-05T09:59:46+00:00
2026-06-05,CCOLA,KAP,COCA-COLA İÇECEK A.Ş. - Özel Durum Açıklaması (Genel),Özel Durum Açıklaması (Genel) Rekabet Kurulu Soruşturma Kararı,https://www.kap.org.tr/tr/Bildirim/1613398,tr,2026-06-05T09:22:44+00:00
2026-06-05,CRFSA,KAP,CARREFOURSA CARREFOUR SABANCI TİCARET MERKEZİ A.Ş. - Pay Dışında Sermaye Piyasası Aracı İşlemlerine İlişkin Bildirim (Faiz İçeren),Pay Dışında Sermaye Piyasası Aracı İşlemlerine İlişkin Bildirim (Faiz İçeren) TRSCARF92617 ISIN Kodlu Tahvilin 3. Kupon Faiz Oranının Belirlenmesi,https://www.kap.org.tr/tr/Bildirim/1613588,tr,2026-06-05T12:50:36+00:00
2026-06-05,CVKMD,KAP,CVK MADEN İŞLETMELERİ SANAYİ VE TİCARET A.Ş. - Özel Durum Açıklaması (Genel),"Özel Durum Açıklaması (Genel) Üretim Faaliyetlerinden Elde Edilen Kazançlara Uygulanan Kurumlar Vergisi Oranının 2027 Yılından İtibaren %25'ten %12,5'e Düşürülmesine İlişkin Yasal Düzenleme Hk.",https://www.kap.org.tr/tr/Bildirim/1614131,tr,2026-06-05T21:25:03+00:00
2026-06-05,CWENE,KAP,CW ENERJİ MÜHENDİSLİK TİCARET VE SANAYİ A.Ş. - Yeni İş İlişkisi,Yeni İş İlişkisi Yeni İş Bildirimi Hk,https://www.kap.org.tr/tr/Bildirim/1613708,tr,2026-06-05T15:15:38+00:00
2026-06-05,DERHL,KAP,DERLÜKS YATIRIM HOLDİNG A.Ş. - Sermaye Artırımı - Azaltımı İşlemlerine İlişkin Bildirim,Sermaye Artırımı - Azaltımı İşlemlerine İlişkin Bildirim Bedelsiz Sermaye Artırımı Hakkında Yönetim Kurulu Kararı,https://www.kap.org.tr/tr/Bildirim/1613998,tr,2026-06-05T18:14:10+00:00
2026-06-05,DMD,KAP,DESTEK YATIRIM MENKUL DEĞERLER A.Ş. - Şirket Genel Bilgi Formu,Şirket Genel Bilgi Formu,https://www.kap.org.tr/tr/Bildirim/1613809,tr,2026-06-05T16:55:56+00:00
2026-06-05,DMSAS,KAP,DEMİSAŞ DÖKÜM EMAYE MAMÜLLERİ SANAYİ A.Ş. - Özel Durum Açıklaması (Genel),Özel Durum Açıklaması (Genel) E-12659767-110.05-12769 Sayı ve 03.06.2026 tarihli Yatırımcı Tazmin Merkezi'nden (YTM) Şirketimize tebliğ edilmiş olan yazıya ilişkin açıklama,https://www.kap.org.tr/tr/Bildirim/1613726,tr,2026-06-05T15:47:43+00:00
2026-06-05,DOKTA,KAP,DÖKTAŞ DÖKÜMCÜLÜK TİCARET VE SANAYİ A.Ş. - Özel Durum Açıklaması (Genel),Özel Durum Açıklaması (Genel) Süresi İçinde Kaydileştirilmeyen Paylar Hk.,https://www.kap.org.tr/tr/Bildirim/1613372,tr,2026-06-05T08:05:32+00:00
2026-06-05,DSYAT,KAP,DESTEK YATIRIM MENKUL DEĞERLER A.Ş. - Şirket Genel Bilgi Formu,Şirket Genel Bilgi Formu,https://www.kap.org.tr/tr/Bildirim/1613809,tr,2026-06-05T16:55:56+00:00
2026-06-05,DURDO,KAP,DURAN DOĞAN BASIM VE AMBALAJ SANAYİ A.Ş. - Özel Durum Açıklaması (Genel),Özel Durum Açıklaması (Genel) Yatırımcı Tazmin Merkezine Başvuru Süresine Dair Bilgilendirme ve Duyuru,https://www.kap.org.tr/tr/Bildirim/1613722,tr,2026-06-05T15:37:59+00:00
2026-06-05,DVRLK,KAP,D VARLIK KİRALAMA A.Ş. - İhraç Tavanına İlişkin Bildirim,İhraç Tavanına İlişkin Bildirim Kira Sertifikası İhraç Tavan Onayı Hk.,https://www.kap.org.tr/tr/Bildirim/1613932,tr,2026-06-05T18:04:13+00:00
2026-06-05,DVRLK,KAP,D VARLIK KİRALAMA A.Ş. - İhraç Belgesi,İhraç Belgesi İhraç Belgesi Hk.,https://www.kap.org.tr/tr/Bildirim/1613940,tr,2026-06-05T18:06:32+00:00
2026-06-05,EBEBK,KAP,EBEBEK MAĞAZACILIK A.Ş. - Özel Durum Açıklaması (Genel),Özel Durum Açıklaması (Genel) Mayıs 2026 Satış Adedi,https://www.kap.org.tr/tr/Bildirim/1614081,tr,2026-06-05T18:27:17+00:00
2026-06-05,EBEBK,KAP,EBEBEK MAĞAZACILIK A.Ş. - Özel Durum Açıklaması (Genel),Özel Durum Açıklaması (Genel) Yönetim Kurulu Üyesi Değişikliği,https://www.kap.org.tr/tr/Bildirim/1614096,tr,2026-06-05T18:29:45+00:00
2026-06-05,ECZIP,KAP,EİP ECZACIBAŞI İLAÇ PAZARLAMA A.Ş. - Genel Kurul Bildirimi,Genel Kurul Bildirimi 2025 Yılı Olağan Genel Kurul Kararlarının Tescili,https://www.kap.org.tr/tr/Bildirim/1613713,tr,2026-06-05T15:21:00+00:00
2026-06-05,EKDMR,KAP,EKİNCİLER DEMİR VE ÇELİK SANAYİ A.Ş. - Esas Sözleşme Tadili,Esas Sözleşme Tadili Ana Sözleşme Sermaye Maddesi Tadili,https://www.kap.org.tr/tr/Bildirim/1614119,tr,2026-06-05T19:42:16+00:00
2026-06-05,EKTVK,KAP,EMLAK KATILIM VARLIK KİRALAMA A.Ş. - Pay Dışında Sermaye Piyasası Aracı İşlemlerine İlişkin Bildirim (Faizsiz),Pay Dışında Sermaye Piyasası Aracı İşlemlerine İlişkin Bildirim (Faizsiz) TRDEVKS92635 ISIN Kodlu Kira Sertifikası İhracının Nitelikli Yatırımcıya Satışının Tamamlanması Hk. EKT,https://www.kap.org.tr/tr/Bildirim/1613539,tr,2026-06-05T12:17:28+00:00
2026-06-05,EKTVK,KAP,EMLAK KATILIM VARLIK KİRALAMA A.Ş. - Pay Dışında Sermaye Piyasası Aracı İşlemlerine İlişkin Bildirim (Faizsiz),Pay Dışında Sermaye Piyasası Aracı İşlemlerine İlişkin Bildirim (Faizsiz) Şirketimiz Tarafından İhraç Edilmiş Olan TRDEVKS62661 ISIN Kodlu Kira Sertifikasının İtfası Hk. EKT,https://www.kap.org.tr/tr/Bildirim/1613760,tr,2026-06-05T16:13:13+00:00
2026-06-05,ENERY,KAP,ENERYA ENERJİ A.Ş. - Payların Geri Alınmasına İlişkin Bildirim,Payların Geri Alınmasına İlişkin Bildirim 05.06.2026 Tarihli Pay Geri Alım İşlemleri,https://www.kap.org.tr/tr/Bildirim/1614099,tr,2026-06-05T18:30:48+00:00
2026-06-05,ENSRI,KAP,ENSARİ SINAİ YATIRIMLAR A.Ş. - Olağan Dışı Fiyat ve Miktar Hareketleri,Olağan Dışı Fiyat ve Miktar Hareketleri Olağandışı fiyat miktar hareketleri hakkında.,https://www.kap.org.tr/tr/Bildirim/1614120,tr,2026-06-05T19:44:29+00:00
2026-06-05,ERCB,KAP,ERCİYAS ÇELİK BORU SANAYİ A.Ş. - Pay Dışında Sermaye Piyasası Aracı İşlemlerine İlişkin Bildirim (Faiz İçeren),Pay Dışında Sermaye Piyasası Aracı İşlemlerine İlişkin Bildirim (Faiz İçeren) TRFERCY62610 ISIN Kodlu Finansman Bonosu İtfası,https://www.kap.org.tr/tr/Bildirim/1613533,tr,2026-06-05T11:51:15+00:00
2026-06-05,ERCB,KAP,ERCİYAS ÇELİK BORU SANAYİ A.Ş. - Pay Dışında Sermaye Piyasası Aracı İşlemlerine İlişkin Bildirim (Faiz İçeren),Pay Dışında Sermaye Piyasası Aracı İşlemlerine İlişkin Bildirim (Faiz İçeren) Finansman Bonosu İhracı,https://www.kap.org.tr/tr/Bildirim/1613705,tr,2026-06-05T15:12:22+00:00
2026-06-05,ETYAT,KAP,EURO TREND YATIRIM ORTAKLIĞI A.Ş. - Özel Durum Açıklaması (Genel),"Özel Durum Açıklaması (Genel) BİAŞ'da oluşan ağırlıklı ortalama fiyatın,pay başına net aktif değerin 2 katını aşması",https://www.kap.org.tr/tr/Bildirim/1613707,tr,2026-06-05T15:15:10+00:00
2026-06-05,EUKYO,KAP,EURO KAPİTAL YATIRIM ORTAKLIĞI A.Ş. - Özel Durum Açıklaması (Genel),"Özel Durum Açıklaması (Genel) BİAŞ'da oluşan ağırlıklı ortalama fiyatın,pay başına net aktif değerin 2 katını aşması",https://www.kap.org.tr/tr/Bildirim/1613709,tr,2026-06-05T15:15:53+00:00
2026-06-05,EUYO,KAP,EURO MENKUL KIYMET YATIRIM ORTAKLIĞI A.Ş. - Özel Durum Açıklaması (Genel),"Özel Durum Açıklaması (Genel) BİAŞ'da oluşan ağırlıklı ortalama fiyatın,pay başına net aktif değerin 2 katını aşması",https://www.kap.org.tr/tr/Bildirim/1613704,tr,2026-06-05T15:11:30+00:00
2026-06-05,FBB,KAP,FİBABANKA A.Ş. - Özel Durum Açıklaması (Genel),Özel Durum Açıklaması (Genel) Kripto Varlık Hizmet Sağlayıcı Şirket Kurulması Hakkında,https://www.kap.org.tr/tr/Bildirim/1613514,tr,2026-06-05T11:30:50+00:00
2026-06-05,FBBNK,KAP,FİBABANKA A.Ş. - Özel Durum Açıklaması (Genel),Özel Durum Açıklaması (Genel) Kripto Varlık Hizmet Sağlayıcı Şirket Kurulması Hakkında,https://www.kap.org.tr/tr/Bildirim/1613514,tr,2026-06-05T11:30:50+00:00
2026-06-05,FIN,KAP,QNB BANK A.Ş. - Pay Dışında Sermaye Piyasası Aracı İşlemlerine İlişkin Bildirim (Faiz İçeren),Pay Dışında Sermaye Piyasası Aracı İşlemlerine İlişkin Bildirim (Faiz İçeren) QNB Bank A.Ş. Borçlanma Aracı Satışın Tamamlanması hk.,https://www.kap.org.tr/tr/Bildirim/1613505,tr,2026-06-05T11:18:49+00:00
2026-06-05,FIN,KAP,QNB BANK A.Ş. - Özel Durum Açıklaması (Genel),"Özel Durum Açıklaması (Genel) Takipteki Kredi Portföyünden Satış DNYVA, DOGVY, EMIRV, GLCVY",https://www.kap.org.tr/tr/Bildirim/1613532,tr,2026-06-05T11:48:15+00:00
2026-06-05,FIN,KAP,QNB BANK A.Ş. - Pay Dışında Sermaye Piyasası Aracı İşlemlerine İlişkin Bildirim (Faiz İçeren),Pay Dışında Sermaye Piyasası Aracı İşlemlerine İlişkin Bildirim (Faiz İçeren) MTN programı kapsamında yurtdışında ihraç edilen borçlanma aracının ihracı,https://www.kap.org.tr/tr/Bildirim/1613714,tr,2026-06-05T15:23:58+00:00
2026-06-05,FIN,KAP,QNB BANK A.Ş. - Pay Dışında Sermaye Piyasası Aracı İşlemlerine İlişkin Bildirim (Faiz İçeren),Pay Dışında Sermaye Piyasası Aracı İşlemlerine İlişkin Bildirim (Faiz İçeren) MTN programı kapsamında yurtdışında ihraç edilen borçlanma aracının ihracı,https://www.kap.org.tr/tr/Bildirim/1613715,tr,2026-06-05T15:24:23+00:00
2026-06-05,FLAP,KAP,FLAP KONGRE TOPLANTI HİZMETLERİ OTOMOTİV VE TURİZM A.Ş. - Genel Kurul İşlemlerine İlişkin Bildirim,Genel Kurul İşlemlerine İlişkin Bildirim 2025 Yılı Olağan Genel Kurul Tescili,https://www.kap.org.tr/tr/Bildirim/1614117,tr,2026-06-05T19:34:34+00:00
2026-06-05,FLAP,KAP,FLAP KONGRE TOPLANTI HİZMETLERİ OTOMOTİV VE TURİZM A.Ş. - Bağımsız Denetim Kuruluşunun Belirlenmesi,Bağımsız Denetim Kuruluşunun Belirlenmesi Bağımsız denetim kuruluşu seçiminin tescili ve TTSG'de ilanı,https://www.kap.org.tr/tr/Bildirim/1614118,tr,2026-06-05T19:35:48+00:00
2026-06-05,FORTE,KAP,FORTE BİLGİ İLETİŞİM TEKNOLOJİLERİ VE SAVUNMA SANAYİ A.Ş. - Genel Kurul İşlemlerine İlişkin Bildirim,Genel Kurul İşlemlerine İlişkin Bildirim 2025 Hesap Dönemi Olağan Genel Kurul Toplantısı,https://www.kap.org.tr/tr/Bildirim/1613942,tr,2026-06-05T18:07:15+00:00
2026-06-05,FORTE,KAP,FORTE BİLGİ İLETİŞİM TEKNOLOJİLERİ VE SAVUNMA SANAYİ A.Ş. - Kar Payı Dağıtım İşlemlerine İlişkin Bildirim,Kar Payı Dağıtım İşlemlerine İlişkin Bildirim Kar Dağıtım Teklifi,https://www.kap.org.tr/tr/Bildirim/1613943,tr,2026-06-05T18:07:27+00:00
2026-06-05,GARFA,KAP,GARANTİ FAKTORİNG A.Ş. - Özel Durum Açıklaması (Genel),Özel Durum Açıklaması (Genel) Riskin Erken Saptanması Komitesi Üye Seçimi,https://www.kap.org.tr/tr/Bildirim/1613804,tr,2026-06-05T16:48:14+00:00
2026-06-05,GEDIK,KAP,GEDİK YATIRIM MENKUL DEĞERLER A.Ş. - Özel Durum Açıklaması (Genel),Özel Durum Açıklaması (Genel) Ichain Yatırım Holding AŞ?nin Misyon Kripto Varlık Alım Satım Platformu AŞye sermaye artırımında iştirak etmesi hakkında,https://www.kap.org.tr/tr/Bildirim/1614123,tr,2026-06-05T19:53:26+00:00
2026-06-05,GENTS,KAP,GENTAŞ DEKORATİF YÜZEYLER SANAYİ VE TİCARET A.Ş. - Özel Durum Açıklaması (Genel),Özel Durum Açıklaması (Genel) Süresi içerisinde kaydileştirilmediği için mülkiyeti Yatırımcı Tazmin Merkezi (YTM)?ne intikal eden fiziki payların YTM'ye son başvuru tarihi Hk.,https://www.kap.org.tr/tr/Bildirim/1613677,tr,2026-06-05T14:38:47+00:00
2026-06-05,GLRMK,KAP,GÜLERMAK AĞIR SANAYİ İNŞAAT VE TAAHHÜT A.Ş. - Özel Durum Açıklaması (Genel),Özel Durum Açıklaması (Genel) Yönetim Kurulu Görev Dağılımı Hakkında,https://www.kap.org.tr/tr/Bildirim/1613382,tr,2026-06-05T08:51:36+00:00
2026-06-05,GLRMK,KAP,GÜLERMAK AĞIR SANAYİ İNŞAAT VE TAAHHÜT A.Ş. - Şirket Genel Bilgi Formu,Şirket Genel Bilgi Formu,https://www.kap.org.tr/tr/Bildirim/1613383,tr,2026-06-05T08:53:04+00:00
2026-06-05,GLRMK,KAP,GÜLERMAK AĞIR SANAYİ İNŞAAT VE TAAHHÜT A.Ş. - Yönetim Kurulu Komiteleri,Yönetim Kurulu Komiteleri Yönetim Kurulu Komite Üyelerinin Seçimi Hakkında,https://www.kap.org.tr/tr/Bildirim/1613384,tr,2026-06-05T08:53:38+00:00
2026-06-05,GLRYH,KAP,GÜLER YATIRIM HOLDİNG A.Ş. - Genel Kurul İşlemlerine İlişkin Bildirim,Genel Kurul İşlemlerine İlişkin Bildirim 2025 Yılı Olağan Genel Kurulu Daveti,https://www.kap.org.tr/tr/Bildirim/1613955,tr,2026-06-05T18:10:44+00:00
2026-06-05,GLRYH,KAP,GÜLER YATIRIM HOLDİNG A.Ş. - Kar Payı Dağıtım İşlemlerine İlişkin Bildirim,Kar Payı Dağıtım İşlemlerine İlişkin Bildirim Yönetim Kurulu'nun Kar Payı Dağıtılmamasına İlişkin Teklifi,https://www.kap.org.tr/tr/Bildirim/1613956,tr,2026-06-05T18:10:51+00:00
2026-06-05,GLYHO,KAP,GLOBAL YATIRIM HOLDİNG A.Ş. - Payların Geri Alınmasına İlişkin Bildirim,Payların Geri Alınmasına İlişkin Bildirim 05.06.2026 Tarihli Pay Geri Alım İşlemleri,https://www.kap.org.tr/tr/Bildirim/1614104,tr,2026-06-05T18:41:04+00:00
2026-06-05,GRNYO,KAP,GARANTİ YATIRIM ORTAKLIĞI A.Ş. - Özel Durum Açıklaması (Genel),"Özel Durum Açıklaması (Genel) Paylarının BİAŞ'ta oluşan ağırlıklı ortalama fiyatının, pay başına net aktif değerinin 2 katını aşması hakkında.",https://www.kap.org.tr/tr/Bildirim/1613512,tr,2026-06-05T11:27:08+00:00
2026-06-05,GUBRF,KAP,GÜBRE FABRİKALARI T.A.Ş. - Özel Durum Açıklaması (Genel),Özel Durum Açıklaması (Genel) Yönetim Kurulu Üyesi ve Genel Müdürün Görevden Ayrılması,https://www.kap.org.tr/tr/Bildirim/1614134,tr,2026-06-05T22:15:37+00:00
2026-06-05,HALKB,KAP,TÜRKİYE HALK BANKASI A.Ş. - Pay Dışında Sermaye Piyasası Aracı İşlemlerine İlişkin Bildirim (Faiz İçeren),Pay Dışında Sermaye Piyasası Aracı İşlemlerine İlişkin Bildirim (Faiz İçeren) Yurtiçinde Nitelikli Yatırımcılara Sermaye Benzeri Tahvil Kupon İtfası,https://www.kap.org.tr/tr/Bildirim/1613506,tr,2026-06-05T11:18:50+00:00
2026-06-05,HDFFL,KAP,HEDEF ARAÇ KİRALAMA VE SERVİS A.Ş. - Pay Dışında Sermaye Piyasası Aracı İşlemlerine İlişkin Bildirim (Faiz İçeren),Pay Dışında Sermaye Piyasası Aracı İşlemlerine İlişkin Bildirim (Faiz İçeren) 1. Kupon Oranı Belirlenmesi,https://www.kap.org.tr/tr/Bildirim/1613399,tr,2026-06-05T09:25:24+00:00
2026-06-05,HDFFL,KAP,HEDEF ARAÇ KİRALAMA VE SERVİS A.Ş. - Pay Dışında Sermaye Piyasası Aracı İşlemlerine İlişkin Bildirim (Faiz İçeren),Pay Dışında Sermaye Piyasası Aracı İşlemlerine İlişkin Bildirim (Faiz İçeren) TRSHDAK32810 ISIN Kodlu Tahvilin 1. Kupon Ödemesi,https://www.kap.org.tr/tr/Bildirim/1613619,tr,2026-06-05T13:48:23+00:00
2026-06-05,HLVKS,KAP,HALK VARLIK KİRALAMA A.Ş. - Pay Dışında Sermaye Piyasası Aracı İşlemlerine İlişkin Bildirim (Faizsiz),Pay Dışında Sermaye Piyasası Aracı İşlemlerine İlişkin Bildirim (Faizsiz) Yurtiçi Kira Sertifikası İtfa ve Getiri Ödemesi EKGYO,https://www.kap.org.tr/tr/Bildirim/1613598,tr,2026-06-05T13:02:19+00:00
2026-06-05,HLVKS,KAP,HALK VARLIK KİRALAMA A.Ş. - Pay Dışında Sermaye Piyasası Aracı İşlemlerine İlişkin Bildirim (Faizsiz),Pay Dışında Sermaye Piyasası Aracı İşlemlerine İlişkin Bildirim (Faizsiz) Yurtiçi Kira Sertifikası İtfa ve Getiri Ödemesi EKGYO,https://www.kap.org.tr/tr/Bildirim/1613610,tr,2026-06-05T13:10:58+00:00
2026-06-05,HRKET,KAP,HAREKET PROJE TAŞIMACILIĞI VE YÜK MÜHENDİSLİĞİ A.Ş. - Genel Kurul İşlemlerine İlişkin Bildirim,Genel Kurul İşlemlerine İlişkin Bildirim 2025 Yılı Olağan Genel Kurul Toplantı Sonucu,https://www.kap.org.tr/tr/Bildirim/1613599,tr,2026-06-05T13:05:24+00:00
2026-06-05,HRKET,KAP,HAREKET PROJE TAŞIMACILIĞI VE YÜK MÜHENDİSLİĞİ A.Ş. - Kar Payı Dağıtım İşlemlerine İlişkin Bildirim,Kar Payı Dağıtım İşlemlerine İlişkin Bildirim 2025 Yılı Kar Payı Dağıtımına İlişkin Kararın Genel Kurul'da Onaylanması Hk.,https://www.kap.org.tr/tr/Bildirim/1613611,tr,2026-06-05T13:12:01+00:00
2026-06-05,HRKET,KAP,HAREKET PROJE TAŞIMACILIĞI VE YÜK MÜHENDİSLİĞİ A.Ş. - Bağımsız Denetim Kuruluşunun Belirlenmesi,Bağımsız Denetim Kuruluşunun Belirlenmesi Bağımsız Denetim Kuruluşu Seçiminin Genel Kurul'da Onaylanması Hk.,https://www.kap.org.tr/tr/Bildirim/1613612,tr,2026-06-05T13:12:27+00:00
2026-06-05,IHAAS,KAP,İHLAS HABER AJANSI A.Ş. - Olağan Dışı Fiyat ve Miktar Hareketleri,Olağan Dışı Fiyat ve Miktar Hareketleri Olağandışı Fiyat ve Miktar Hareketi Hk.,https://www.kap.org.tr/tr/Bildirim/1613792,tr,2026-06-05T16:34:32+00:00
2026-06-05,IHLAS,KAP,İHLAS HOLDİNG A.Ş. - Sermaye Artırımı - Azaltımı İşlemlerine İlişkin Bildirim,Sermaye Artırımı - Azaltımı İşlemlerine İlişkin Bildirim Bedelli Sermaye Artırımına İlişkin İzahnamenin SPK Tarafından Onaylanması Hk.,https://www.kap.org.tr/tr/Bildirim/1613395,tr,2026-06-05T09:06:29+00:00
2026-06-05,IHLAS,KAP,İHLAS HOLDİNG A.Ş. - İzahname (SPK Tarafından Onaylanan),İzahname (SPK Tarafından Onaylanan) Bedelli Sermaye Artırımına İlişkin SPK Tarafından Onaylanan İzahname Hk.,https://www.kap.org.tr/tr/Bildirim/1614112,tr,2026-06-05T19:17:12+00:00
2026-06-05,IMASM,KAP,İMAŞ MAKİNA SANAYİ A.Ş. - Genel Kurul İşlemlerine İlişkin Bildirim,Genel Kurul İşlemlerine İlişkin Bildirim Genel Kurul Toplantı Sonucu,https://www.kap.org.tr/tr/Bildirim/1613614,tr,2026-06-05T13:34:12+00:00
2026-06-05,IMASM,KAP,İMAŞ MAKİNA SANAYİ A.Ş. - Kar Payı Dağıtım İşlemlerine İlişkin Bildirim,Kar Payı Dağıtım İşlemlerine İlişkin Bildirim 2025 yılı Kar dağıtımı ile ilgili Genel Kurul kararı hakkında,https://www.kap.org.tr/tr/Bildirim/1613615,tr,2026-06-05T13:37:36+00:00
2026-06-05,IMASM,KAP,İMAŞ MAKİNA SANAYİ A.Ş. - Bağımsız Denetim Kuruluşunun Belirlenmesi,Bağımsız Denetim Kuruluşunun Belirlenmesi Bağımsız Denetim Şirketinin Seçimi Hakkında Genel Kurul Sonucu,https://www.kap.org.tr/tr/Bildirim/1613616,tr,2026-06-05T13:38:17+00:00
2026-06-05,ISATR,KAP,TÜRKİYE İŞ BANKASI A.Ş. - Pay Dışında Sermaye Piyasası Aracı İşlemlerine İlişkin Bildirim (Faiz İçeren),Pay Dışında Sermaye Piyasası Aracı İşlemlerine İlişkin Bildirim (Faiz İçeren) Yurtdışı Piyasalara Tahvil İhracı,https://www.kap.org.tr/tr/Bildirim/1613684,tr,2026-06-05T15:07:52+00:00
2026-06-05,ISBTR,KAP,TÜRKİYE İŞ BANKASI A.Ş. - Pay Dışında Sermaye Piyasası Aracı İşlemlerine İlişkin Bildirim (Faiz İçeren),Pay Dışında Sermaye Piyasası Aracı İşlemlerine İlişkin Bildirim (Faiz İçeren) Yurtdışı Piyasalara Tahvil İhracı,https://www.kap.org.tr/tr/Bildirim/1613684,tr,2026-06-05T15:07:52+00:00
2026-06-05,ISCTR,KAP,TÜRKİYE İŞ BANKASI A.Ş. - Pay Dışında Sermaye Piyasası Aracı İşlemlerine İlişkin Bildirim (Faiz İçeren),Pay Dışında Sermaye Piyasası Aracı İşlemlerine İlişkin Bildirim (Faiz İçeren) Yurtdışı Piyasalara Tahvil İhracı,https://www.kap.org.tr/tr/Bildirim/1613684,tr,2026-06-05T15:07:52+00:00
2026-06-05,ISFAK,KAP,İŞ FAKTORİNG A.Ş. - Pay Dışında Sermaye Piyasası Aracı İşlemlerine İlişkin Bildirim (Faiz İçeren),Pay Dışında Sermaye Piyasası Aracı İşlemlerine İlişkin Bildirim (Faiz İçeren) Nitelikli Yatırımcıya Borçlanma Aracı İhracı,https://www.kap.org.tr/tr/Bildirim/1613489,tr,2026-06-05T11:09:02+00:00
2026-06-05,ISFAK,KAP,İŞ FAKTORİNG A.Ş. - Pay Dışında Sermaye Piyasası Aracı İşlemlerine İlişkin Bildirim (Faiz İçeren),Pay Dışında Sermaye Piyasası Aracı İşlemlerine İlişkin Bildirim (Faiz İçeren) TRFISFA62612 ISIN Kodlu Finansman Bonosu Kupon Oranı Açıklaması,https://www.kap.org.tr/tr/Bildirim/1613800,tr,2026-06-05T16:44:37+00:00
2026-06-05,ISKUR,KAP,TÜRKİYE İŞ BANKASI A.Ş. - Pay Dışında Sermaye Piyasası Aracı İşlemlerine İlişkin Bildirim (Faiz İçeren),Pay Dışında Sermaye Piyasası Aracı İşlemlerine İlişkin Bildirim (Faiz İçeren) Yurtdışı Piyasalara Tahvil İhracı,https://www.kap.org.tr/tr/Bildirim/1613684,tr,2026-06-05T15:07:52+00:00
2026-06-05,ISMEN,KAP,İŞ YATIRIM MENKUL DEĞERLER A.Ş. - Piyasa Yapıcılığı Kapsamında Gerçekleştirilen İşlemler Bildirimi,Piyasa Yapıcılığı Kapsamında Gerçekleştirilen İşlemler Bildirimi Borsa Yatırım Fonu Piyasa Yapıcılığı İşlemleri ISGLK,https://www.kap.org.tr/tr/Bildirim/1613545,tr,2026-06-05T12:35:24+00:00
2026-06-05,ISMEN,KAP,İŞ YATIRIM MENKUL DEĞERLER A.Ş. - Yatırım Kuruluşu Varant - Sertifika - Senetlerine İlişkin Bildirim,Yatırım Kuruluşu Varant - Sertifika - Senetlerine İlişkin Bildirim İş Yatırım Sertifika ve Varant Alım Satım İşlemleri,https://www.kap.org.tr/tr/Bildirim/1613546,tr,2026-06-05T12:36:19+00:00
2026-06-05,IYM,KAP,İŞ YATIRIM MENKUL DEĞERLER A.Ş. - Piyasa Yapıcılığı Kapsamında Gerçekleştirilen İşlemler Bildirimi,Piyasa Yapıcılığı Kapsamında Gerçekleştirilen İşlemler Bildirimi Borsa Yatırım Fonu Piyasa Yapıcılığı İşlemleri ISGLK,https://www.kap.org.tr/tr/Bildirim/1613545,tr,2026-06-05T12:35:24+00:00
2026-06-05,IYM,KAP,İŞ YATIRIM MENKUL DEĞERLER A.Ş. - Yatırım Kuruluşu Varant - Sertifika - Senetlerine İlişkin Bildirim,Yatırım Kuruluşu Varant - Sertifika - Senetlerine İlişkin Bildirim İş Yatırım Sertifika ve Varant Alım Satım İşlemleri,https://www.kap.org.tr/tr/Bildirim/1613546,tr,2026-06-05T12:36:19+00:00
2026-06-05,IZENR,KAP,İZDEMİR ENERJİ ELEKTRİK ÜRETİM A.Ş. - Faaliyetlerin Kısmen veya Tamamen Durdurulması ya da İmkansız Hale Gelmesi,Faaliyetlerin Kısmen veya Tamamen Durdurulması ya da İmkansız Hale Gelmesi Yıllık Planlı Bakımın Tamamlanması,https://www.kap.org.tr/tr/Bildirim/1613997,tr,2026-06-05T18:12:34+00:00
2026-06-05,KAYSE,KAP,KAYSERİ ŞEKER FABRİKASI A.Ş. - Esas Sözleşme Tadili,Esas Sözleşme Tadili Esas Sözleşme Tadili,https://www.kap.org.tr/tr/Bildirim/1614124,tr,2026-06-05T20:11:10+00:00
2026-06-05,KAYSE,KAP,KAYSERİ ŞEKER FABRİKASI A.Ş. - Özel Durum Açıklaması (Genel),Özel Durum Açıklaması (Genel) Şeker Pancarı Tohumu Islahı Projesi Faaliyetleri Kapsamında Ortaklık Görüşmelerinin Sonlandırılması Hk.,https://www.kap.org.tr/tr/Bildirim/1614125,tr,2026-06-05T20:11:59+00:00
2026-06-05,KCAER,KAP,KOCAER ÇELİK SANAYİ VE TİCARET A.Ş. - Genel Kurul İşlemlerine İlişkin Bildirim,Genel Kurul İşlemlerine İlişkin Bildirim Olağan Genel Kurul Tescil İşlemlerinin Tamamlanması,https://www.kap.org.tr/tr/Bildirim/1613538,tr,2026-06-05T12:13:36+00:00
2026-06-05,KCAER,KAP,KOCAER ÇELİK SANAYİ VE TİCARET A.Ş. - Bağımsız Denetim Kuruluşunun Belirlenmesi,Bağımsız Denetim Kuruluşunun Belirlenmesi Bağımsız Denetim Kuruluşunun Belirlenmesi,https://www.kap.org.tr/tr/Bildirim/1613542,tr,2026-06-05T12:23:06+00:00
2026-06-05,KFILO,KAP,KAYATUR FİLO KİRALAMA A.Ş. - Pay Dışında Sermaye Piyasası Aracı İşlemlerine İlişkin Bildirim (Faiz İçeren),Pay Dışında Sermaye Piyasası Aracı İşlemlerine İlişkin Bildirim (Faiz İçeren) TRFKYTR62611 ISIN kodlu tahvilin anapara ve faiz itfası yapılmıştır,https://www.kap.org.tr/tr/Bildirim/1613536,tr,2026-06-05T11:59:42+00:00
2026-06-05,KLSYN,KAP,KOLEKSİYON MOBİLYA SANAYİ A.Ş. - Yönetim Kurulu Komiteleri,Yönetim Kurulu Komiteleri Yönetim Kurulu Komiteleri Hakkında,https://www.kap.org.tr/tr/Bildirim/1613446,tr,2026-06-05T09:57:15+00:00
2026-06-05,KLSYN,KAP,KOLEKSİYON MOBİLYA SANAYİ A.Ş. - Şirket Genel Bilgi Formu,Şirket Genel Bilgi Formu,https://www.kap.org.tr/tr/Bildirim/1613454,tr,2026-06-05T10:03:19+00:00
2026-06-05,KNFRT,KAP,KONFRUT TARIM A.Ş. - Genel Kurul İşlemlerine İlişkin Bildirim,Genel Kurul İşlemlerine İlişkin Bildirim 2025 Yılı Olağan Genel Kurul Toplantısı Tescili,https://www.kap.org.tr/tr/Bildirim/1614046,tr,2026-06-05T18:23:33+00:00
2026-06-05,KNFRT,KAP,KONFRUT TARIM A.Ş. - Bağımsız Denetim Kuruluşunun Belirlenmesi,Bağımsız Denetim Kuruluşunun Belirlenmesi Bağımsız Denetim Kuruluşu Seçiminin Tescili ve TTSG'de İlanı,https://www.kap.org.tr/tr/Bildirim/1614103,tr,2026-06-05T18:34:55+00:00
2026-06-05,KONYA,KAP,KONYA ÇİMENTO SANAYİİ A.Ş. - Özel Durum Açıklaması (Genel),Özel Durum Açıklaması (Genel) Süresi İçinde Kaydileştirilmeyen Paylar Hakkında,https://www.kap.org.tr/tr/Bildirim/1613807,tr,2026-06-05T16:52:17+00:00
2026-06-05,LIDFA,KAP,LİDER FAKTORİNG A.Ş. - Pay Dışında Sermaye Piyasası Aracı İşlemlerine İlişkin Bildirim (Faiz İçeren),Pay Dışında Sermaye Piyasası Aracı İşlemlerine İlişkin Bildirim (Faiz İçeren) TRFLDFK62617 ISIN Kodlu Bono Kupon ve İtfa Ödemesi,https://www.kap.org.tr/tr/Bildirim/1613393,tr,2026-06-05T09:05:45+00:00
2026-06-05,LIDFA,KAP,LİDER FAKTORİNG A.Ş. - Pay Dışında Sermaye Piyasası Aracı İşlemlerine İlişkin Bildirim (Faiz İçeren),Pay Dışında Sermaye Piyasası Aracı İşlemlerine İlişkin Bildirim (Faiz İçeren) TRFLDFKA2614 ISIN Kodlu Bono İhracı,https://www.kap.org.tr/tr/Bildirim/1613402,tr,2026-06-05T09:30:07+00:00
2026-06-05,LYDYE,KAP,LYDİA YEŞİL ENERJİ KAYNAKLARI A.Ş. - Genel Kurul İşlemlerine İlişkin Bildirim,Genel Kurul İşlemlerine İlişkin Bildirim 2025 Yılı Faaliyetlerinin Görüşüleceği Olağan Genel Kurul Toplantısı Hk.,https://www.kap.org.tr/tr/Bildirim/1613884,tr,2026-06-05T17:40:33+00:00
2026-06-05,LYDYE,KAP,LYDİA YEŞİL ENERJİ KAYNAKLARI A.Ş. - Kar Payı Dağıtım İşlemlerine İlişkin Bildirim,Kar Payı Dağıtım İşlemlerine İlişkin Bildirim Kar Dağıtım Teklifi Hk.,https://www.kap.org.tr/tr/Bildirim/1613929,tr,2026-06-05T18:02:28+00:00
2026-06-05,MAGEN,KAP,MARGÜN ENERJİ ÜRETİM SANAYİ VE TİCARET A.Ş. - İhraç Tavanına İlişkin Bildirim,İhraç Tavanına İlişkin Bildirim Yurt Dışında Satılmak Üzere Borçlanma Aracı İhraç Tavanı İçin SPK Onayı,https://www.kap.org.tr/tr/Bildirim/1614102,tr,2026-06-05T18:34:47+00:00
2026-06-05,MAKTK,KAP,MAKİNA TAKIM ENDÜSTRİSİ A.Ş. - Özel Durum Açıklaması (Genel),Özel Durum Açıklaması (Genel) Yatırım Tazmin Merkezi (YTM) Başvuru Süresi Hakkında Bilgilendirme,https://www.kap.org.tr/tr/Bildirim/1613853,tr,2026-06-05T17:28:51+00:00
2026-06-05,MEDTR,KAP,MEDİTERA TIBBİ MALZEME SANAYİ VE TİCARET A.Ş. - İhale Süreci / Sonucu,İhale Süreci / Sonucu İzmir Atatürk Eğitim ve Araştırma Hastanesi İhalesi Hakkında,https://www.kap.org.tr/tr/Bildirim/1613836,tr,2026-06-05T17:15:51+00:00
2026-06-05,MEGAP,KAP,MEGA POLİETİLEN KÖPÜK SANAYİ VE TİCARET A.Ş. - Sorumluluk Beyanı (Konsolide),Sorumluluk Beyanı (Konsolide) Sorumluluk Beyanı,https://www.kap.org.tr/tr/Bildirim/1614138,tr,2026-06-05T23:24:05+00:00
2026-06-05,MEGAP,KAP,MEGA POLİETİLEN KÖPÜK SANAYİ VE TİCARET A.Ş. - Finansal Rapor,Finansal Rapor,https://www.kap.org.tr/tr/Bildirim/1614139,tr,2026-06-05T23:24:21+00:00
2026-06-05,MEGAP,KAP,MEGA POLİETİLEN KÖPÜK SANAYİ VE TİCARET A.Ş. - Faaliyet Raporu (Konsolide),Faaliyet Raporu (Konsolide) Faaliye Raporu,https://www.kap.org.tr/tr/Bildirim/1614140,tr,2026-06-05T23:24:31+00:00
2026-06-05,NTHOL,KAP,NET HOLDİNG A.Ş. - Payların Geri Alınmasına İlişkin Bildirim,Payların Geri Alınmasına İlişkin Bildirim Şirketimizin kendi paylarının geri alımı hakkında,https://www.kap.org.tr/tr/Bildirim/1613984,tr,2026-06-05T18:11:43+00:00
2026-06-05,OBAMS,KAP,OBA MAKARNACILIK SANAYİ VE TİCARET A.Ş. - Özel Durum Açıklaması (Genel),Özel Durum Açıklaması (Genel) Şube Açılışı Hakkında,https://www.kap.org.tr/tr/Bildirim/1614137,tr,2026-06-05T22:57:53+00:00
2026-06-05,OSVKS,KAP,OSMANLI VARLIK KİRALAMA A.Ş. - Pay Dışında Sermaye Piyasası Aracı İşlemlerine İlişkin Bildirim (Faizsiz),Pay Dışında Sermaye Piyasası Aracı İşlemlerine İlişkin Bildirim (Faizsiz) TRDOSMV32719 ISIN Kodlu İhracın Kupon Ödemesi,https://www.kap.org.tr/tr/Bildirim/1613763,tr,2026-06-05T16:22:46+00:00
2026-06-05,OSVKS,KAP,OSMANLI VARLIK KİRALAMA A.Ş. - Pay Dışında Sermaye Piyasası Aracı İşlemlerine İlişkin Bildirim (Faizsiz),Pay Dışında Sermaye Piyasası Aracı İşlemlerine İlişkin Bildirim (Faizsiz) TRDOSMV92614 ISIN Kodlu İhracın Kupon Ödemesi,https://www.kap.org.tr/tr/Bildirim/1613764,tr,2026-06-05T16:24:53+00:00
2026-06-05,OSVKS,KAP,OSMANLI VARLIK KİRALAMA A.Ş. - Pay Dışında Sermaye Piyasası Aracı İşlemlerine İlişkin Bildirim (Faizsiz),Pay Dışında Sermaye Piyasası Aracı İşlemlerine İlişkin Bildirim (Faizsiz) TRDOSMV32818 ISIN Kodlu İhracın Kupon Ödemesi,https://www.kap.org.tr/tr/Bildirim/1613781,tr,2026-06-05T16:26:09+00:00
2026-06-05,OYA,KAP,OYAK YATIRIM MENKUL DEĞERLER A.Ş. - Piyasa Yapıcılığı Kapsamında Gerçekleştirilen İşlemler Bildirimi,Piyasa Yapıcılığı Kapsamında Gerçekleştirilen İşlemler Bildirimi 05/06/2026 TARİHLİ OYAYO PİYASA YAPICILIĞI İŞLEMLERİ OYAYO,https://www.kap.org.tr/tr/Bildirim/1614101,tr,2026-06-05T18:31:24+00:00
2026-06-05,OYAYO,KAP,OYAK YATIRIM ORTAKLIĞI A.Ş. - Özel Durum Açıklaması (Genel),"Özel Durum Açıklaması (Genel) Ortaklık paylarının BİAŞ'ta oluşan ağırlıklı ortalama fiyatının, pay başına net aktif değerinin 2 katını aşması hakkında",https://www.kap.org.tr/tr/Bildirim/1613511,tr,2026-06-05T11:27:07+00:00
2026-06-05,OYYAT,KAP,OYAK YATIRIM MENKUL DEĞERLER A.Ş. - Piyasa Yapıcılığı Kapsamında Gerçekleştirilen İşlemler Bildirimi,Piyasa Yapıcılığı Kapsamında Gerçekleştirilen İşlemler Bildirimi 05/06/2026 TARİHLİ OYAYO PİYASA YAPICILIĞI İŞLEMLERİ OYAYO,https://www.kap.org.tr/tr/Bildirim/1614101,tr,2026-06-05T18:31:24+00:00
2026-06-05,OZSUB,KAP,ÖZSU BALIK ÜRETİM A.Ş. - Genel Kurul İşlemlerine İlişkin Bildirim,Genel Kurul İşlemlerine İlişkin Bildirim 2025 Yılı Olağan Genel Kurul Sonuçları,https://www.kap.org.tr/tr/Bildirim/1613681,tr,2026-06-05T14:57:55+00:00
2026-06-05,OZSUB,KAP,ÖZSU BALIK ÜRETİM A.Ş. - Kar Payı Dağıtım İşlemlerine İlişkin Bildirim,Kar Payı Dağıtım İşlemlerine İlişkin Bildirim Kar Payı Dağıtımına İlişkin Genel Kurul Kararı,https://www.kap.org.tr/tr/Bildirim/1613685,tr,2026-06-05T15:08:07+00:00
2026-06-05,OZSUB,KAP,ÖZSU BALIK ÜRETİM A.Ş. - Yönetim Kurulu Komiteleri,Yönetim Kurulu Komiteleri Yönetim Kurulu Komiteleri,https://www.kap.org.tr/tr/Bildirim/1613718,tr,2026-06-05T15:29:40+00:00
2026-06-05,OZYSR,KAP,ÖZYAŞAR TEL VE GALVANİZLEME SANAYİ A.Ş. - Genel Kurul İşlemlerine İlişkin Bildirim,Genel Kurul İşlemlerine İlişkin Bildirim 2025 Yılı Olağan Genel Kurul Toplantısı Sonucu,https://www.kap.org.tr/tr/Bildirim/1614130,tr,2026-06-05T21:15:33+00:00
2026-06-05,OZYSR,KAP,ÖZYAŞAR TEL VE GALVANİZLEME SANAYİ A.Ş. - Kar Payı Dağıtım İşlemlerine İlişkin Bildirim,Kar Payı Dağıtım İşlemlerine İlişkin Bildirim 2025 Faaliyet Yılı Kâr Dağıtımı,https://www.kap.org.tr/tr/Bildirim/1614132,tr,2026-06-05T21:38:56+00:00
2026-06-05,OZYSR,KAP,ÖZYAŞAR TEL VE GALVANİZLEME SANAYİ A.Ş. - Bağımsız Denetim Kuruluşunun Belirlenmesi,Bağımsız Denetim Kuruluşunun Belirlenmesi Bağımsız Denetim Kuruluşunun Belirlenmesi Hakkında - Genel Kurul,https://www.kap.org.tr/tr/Bildirim/1614133,tr,2026-06-05T21:39:12+00:00
2026-06-05,PETKM,KAP,PETKİM PETROKİMYA HOLDİNG A.Ş. - Şirket Genel Bilgi Formu,Şirket Genel Bilgi Formu,https://www.kap.org.tr/tr/Bildirim/1614114,tr,2026-06-05T19:26:33+00:00
2026-06-05,PETKM,KAP,PETKİM PETROKİMYA HOLDİNG A.Ş. - Özel Durum Açıklaması (Genel),Özel Durum Açıklaması (Genel) Yatırımcı Tazmin Merkezine Başvuru Süresi Hakkında Duyuru,https://www.kap.org.tr/tr/Bildirim/1614115,tr,2026-06-05T19:26:43+00:00
2026-06-05,PRKME,KAP,PARK ELEKTRİK ÜRETİM MADENCİLİK SANAYİ VE TİCARET A.Ş. - Kurumsal Yönetim İlkelerine Uyum Derecelendirmesi,Kurumsal Yönetim İlkelerine Uyum Derecelendirmesi Kurumsal Yönetim Derecelendirmesi Dönem Revizyonu hk.,https://www.kap.org.tr/tr/Bildirim/1613674,tr,2026-06-05T14:36:14+00:00
2026-06-05,QNBTR,KAP,QNB BANK A.Ş. - Pay Dışında Sermaye Piyasası Aracı İşlemlerine İlişkin Bildirim (Faiz İçeren),Pay Dışında Sermaye Piyasası Aracı İşlemlerine İlişkin Bildirim (Faiz İçeren) QNB Bank A.Ş. Borçlanma Aracı Satışın Tamamlanması hk.,https://www.kap.org.tr/tr/Bildirim/1613505,tr,2026-06-05T11:18:49+00:00
2026-06-05,QNBTR,KAP,QNB BANK A.Ş. - Özel Durum Açıklaması (Genel),"Özel Durum Açıklaması (Genel) Takipteki Kredi Portföyünden Satış DNYVA, DOGVY, EMIRV, GLCVY",https://www.kap.org.tr/tr/Bildirim/1613532,tr,2026-06-05T11:48:15+00:00
2026-06-05,QNBTR,KAP,QNB BANK A.Ş. - Pay Dışında Sermaye Piyasası Aracı İşlemlerine İlişkin Bildirim (Faiz İçeren),Pay Dışında Sermaye Piyasası Aracı İşlemlerine İlişkin Bildirim (Faiz İçeren) MTN programı kapsamında yurtdışında ihraç edilen borçlanma aracının ihracı,https://www.kap.org.tr/tr/Bildirim/1613714,tr,2026-06-05T15:23:58+00:00
2026-06-05,QNBTR,KAP,QNB BANK A.Ş. - Pay Dışında Sermaye Piyasası Aracı İşlemlerine İlişkin Bildirim (Faiz İçeren),Pay Dışında Sermaye Piyasası Aracı İşlemlerine İlişkin Bildirim (Faiz İçeren) MTN programı kapsamında yurtdışında ihraç edilen borçlanma aracının ihracı,https://www.kap.org.tr/tr/Bildirim/1613715,tr,2026-06-05T15:24:23+00:00
2026-06-05,REEDR,KAP,REEDER TEKNOLOJİ SANAYİ VE TİCARET A.Ş. - Bağımsız Denetim Kuruluşunun Belirlenmesi,Bağımsız Denetim Kuruluşunun Belirlenmesi Bağımsız Denetim Kuruluşunun Belirlenmesi,https://www.kap.org.tr/tr/Bildirim/1614141,tr,2026-06-05T23:33:01+00:00
2026-06-05,REEDR,KAP,REEDER TEKNOLOJİ SANAYİ VE TİCARET A.Ş. - Kar Payı Dağıtım İşlemlerine İlişkin Bildirim,Kar Payı Dağıtım İşlemlerine İlişkin Bildirim Kar Payı Dağıtım Önerisi,https://www.kap.org.tr/tr/Bildirim/1614142,tr,2026-06-05T23:33:51+00:00
2026-06-05,REEDR,KAP,REEDER TEKNOLOJİ SANAYİ VE TİCARET A.Ş. - Özel Durum Açıklaması (Genel),Özel Durum Açıklaması (Genel) Yönetim Kurulu Bağış Üst Sınırı Önerisi Hk.,https://www.kap.org.tr/tr/Bildirim/1614143,tr,2026-06-05T23:35:28+00:00
2026-06-05,SASA,KAP,SASA POLYESTER SANAYİ A.Ş. - Sermaye Artırımı - Azaltımı İşlemlerine İlişkin Bildirim,Sermaye Artırımı - Azaltımı İşlemlerine İlişkin Bildirim Şarta Bağlı Sermaye Artırımı SPK Onayı,https://www.kap.org.tr/tr/Bildirim/1613469,tr,2026-06-05T10:23:21+00:00
2026-06-05,SEKFK,KAP,ŞEKER FİNANSAL KİRALAMA A.Ş. - Sermaye Artırımından Elde Edilecek - Edilen Fonun Kullanımına İlişkin Rapor,Sermaye Artırımından Elde Edilecek - Edilen Fonun Kullanımına İlişkin Rapor Şirketimizin Sermaye arttırımı başvurusuna ilişkin Revize edilen Fon Kullanım Raporu,https://www.kap.org.tr/tr/Bildirim/1613941,tr,2026-06-05T18:07:07+00:00
2026-06-05,SELVA,KAP,SELVA GIDA SANAYİ A.Ş. - Genel Kurul İşlemlerine İlişkin Bildirim,Genel Kurul İşlemlerine İlişkin Bildirim Genel Kurul Toplantı Sonucu,https://www.kap.org.tr/tr/Bildirim/1614001,tr,2026-06-05T18:15:55+00:00
2026-06-05,SELVA,KAP,SELVA GIDA SANAYİ A.Ş. - Bağımsız Denetim Kuruluşunun Belirlenmesi,Bağımsız Denetim Kuruluşunun Belirlenmesi Bağımsız Denetim Şirketinin Seçimi Hakkında Genel Kurul Sonucu,https://www.kap.org.tr/tr/Bildirim/1614002,tr,2026-06-05T18:16:21+00:00
2026-06-05,SELVA,KAP,SELVA GIDA SANAYİ A.Ş. - Kar Payı Dağıtım İşlemlerine İlişkin Bildirim,Kar Payı Dağıtım İşlemlerine İlişkin Bildirim 2025 yılı Kar dağıtımı ile ilgili Genel Kurul kararı hakkında,https://www.kap.org.tr/tr/Bildirim/1614045,tr,2026-06-05T18:22:49+00:00
2026-06-05,SISE,KAP,TÜRKİYE ŞİŞE VE CAM FABRİKALARI A.Ş. - Özel Durum Açıklaması (Genel),Özel Durum Açıklaması (Genel) Yönetici Sorumluluk Sigortası,https://www.kap.org.tr/tr/Bildirim/1613678,tr,2026-06-05T14:38:51+00:00
2026-06-05,SMRFA,KAP,SÜMER FAKTORİNG A.Ş. - Pay Dışında Sermaye Piyasası Aracı İşlemlerine İlişkin Bildirim (Faiz İçeren),"Pay Dışında Sermaye Piyasası Aracı İşlemlerine İlişkin Bildirim (Faiz İçeren) Şirketimizin TRFSUMFA2614 ISIN kodlu, 90.000.000-TL nominal tutarlı ve 182 gün vadeli, değişken getirili 3 ayda bir kupon ödemeli Finansman Bonosu İhracının gerçekleşmesi hakkında",https://www.kap.org.tr/tr/Bildirim/1613443,tr,2026-06-05T09:55:11+00:00
2026-06-05,SMRFA,KAP,SÜMER FAKTORİNG A.Ş. - Pay Dışında Sermaye Piyasası Aracı İşlemlerine İlişkin Bildirim (Faiz İçeren),Pay Dışında Sermaye Piyasası Aracı İşlemlerine İlişkin Bildirim (Faiz İçeren) TRFSUMF32714 ISIN Kodlu Finansman Bonosunun 1.Kupon Ödemesinin Yapılması Hakkında,https://www.kap.org.tr/tr/Bildirim/1613480,tr,2026-06-05T10:43:49+00:00
2026-06-05,SMRVA,KAP,SÜMER VARLIK YÖNETİM A.Ş. - İhraç Tavanına İlişkin Bildirim,İhraç Tavanına İlişkin Bildirim Yurt İçi Borçlanma Aracı İhraç Limiti SPK Onayı,https://www.kap.org.tr/tr/Bildirim/1614100,tr,2026-06-05T18:31:05+00:00
2026-06-05,SOKM,KAP,ŞOK MARKETLER TİCARET A.Ş. - Esas Sözleşme Tadili,Esas Sözleşme Tadili Esas Sözleşme Tadiline İlişkin Yönetim Kurulu kararı,https://www.kap.org.tr/tr/Bildirim/1614110,tr,2026-06-05T19:05:24+00:00
2026-06-05,SOKM,KAP,ŞOK MARKETLER TİCARET A.Ş. - Kayıtlı Sermaye Tavanı İşlemlerine İlişkin Bildirim,Kayıtlı Sermaye Tavanı İşlemlerine İlişkin Bildirim Kayıtlı Sermaye Tavanının Artırılması ve Geçerlilik Süresinin Uzatılmasına İlişkin Yönetim Kurulu Kararı,https://www.kap.org.tr/tr/Bildirim/1614111,tr,2026-06-05T19:05:50+00:00
2026-06-05,TAC,KAP,TACİRLER YATIRIM MENKUL DEĞERLER A.Ş. - Pay Dışında Sermaye Piyasası Aracı İşlemlerine İlişkin Bildirim (Faiz İçeren),Pay Dışında Sermaye Piyasası Aracı İşlemlerine İlişkin Bildirim (Faiz İçeren) TRFTCMD92610 ISIN Kodlu Bono İhracı Hk,https://www.kap.org.tr/tr/Bildirim/1613394,tr,2026-06-05T09:05:54+00:00
2026-06-05,TAE,KAP,TERA YATIRIM BANKASI A.Ş. - Pay Dışında Sermaye Piyasası Aracı İşlemlerine İlişkin Bildirim (Faiz İçeren),Pay Dışında Sermaye Piyasası Aracı İşlemlerine İlişkin Bildirim (Faiz İçeren) TRFTRYB62610 ISIN Kodlu Finansman Bonosunun İtfası,https://www.kap.org.tr/tr/Bildirim/1613540,tr,2026-06-05T12:21:03+00:00
2026-06-05,TCRYT,KAP,TACİRLER YATIRIM MENKUL DEĞERLER A.Ş. - Pay Dışında Sermaye Piyasası Aracı İşlemlerine İlişkin Bildirim (Faiz İçeren),Pay Dışında Sermaye Piyasası Aracı İşlemlerine İlişkin Bildirim (Faiz İçeren) TRFTCMD92610 ISIN Kodlu Bono İhracı Hk,https://www.kap.org.tr/tr/Bildirim/1613394,tr,2026-06-05T09:05:54+00:00
2026-06-05,THL,KAP,TÜRKİYE HALK BANKASI A.Ş. - Pay Dışında Sermaye Piyasası Aracı İşlemlerine İlişkin Bildirim (Faiz İçeren),Pay Dışında Sermaye Piyasası Aracı İşlemlerine İlişkin Bildirim (Faiz İçeren) Yurtiçinde Nitelikli Yatırımcılara Sermaye Benzeri Tahvil Kupon İtfası,https://www.kap.org.tr/tr/Bildirim/1613506,tr,2026-06-05T11:18:50+00:00
2026-06-05,TIB,KAP,TÜRKİYE İŞ BANKASI A.Ş. - Pay Dışında Sermaye Piyasası Aracı İşlemlerine İlişkin Bildirim (Faiz İçeren),Pay Dışında Sermaye Piyasası Aracı İşlemlerine İlişkin Bildirim (Faiz İçeren) Yurtdışı Piyasalara Tahvil İhracı,https://www.kap.org.tr/tr/Bildirim/1613684,tr,2026-06-05T15:07:52+00:00
2026-06-05,TRALT,KAP,TÜRK ALTIN İŞLETMELERİ A.Ş. - Özel Durum Açıklaması (Genel),Özel Durum Açıklaması (Genel) Çukuralan Altın Madeni Kırma-Eleme Tesisi Projesi Hk.,https://www.kap.org.tr/tr/Bildirim/1614055,tr,2026-06-05T18:23:42+00:00
2026-06-05,TRBNK,KAP,TERA YATIRIM BANKASI A.Ş. - Pay Dışında Sermaye Piyasası Aracı İşlemlerine İlişkin Bildirim (Faiz İçeren),Pay Dışında Sermaye Piyasası Aracı İşlemlerine İlişkin Bildirim (Faiz İçeren) TRFTRYB62610 ISIN Kodlu Finansman Bonosunun İtfası,https://www.kap.org.tr/tr/Bildirim/1613540,tr,2026-06-05T12:21:03+00:00
2026-06-05,TRCAS,KAP,TURCAS HOLDİNG A.Ş. - Özel Durum Açıklaması (Genel),Özel Durum Açıklaması (Genel) Süresi içerisinde kaydileştirilmediği için mülkiyeti Yatırımcı Tazmin Merkezi?ne (YTM) intikal eden fiziki payların YTM'ye son başvuru tarihi,https://www.kap.org.tr/tr/Bildirim/1613825,tr,2026-06-05T17:00:20+00:00
2026-06-05,TRILC,KAP,TURK İLAÇ VE SERUM SANAYİ A.Ş. - Şirket Genel Bilgi Formu,Şirket Genel Bilgi Formu,https://www.kap.org.tr/tr/Bildirim/1613401,tr,2026-06-05T09:29:16+00:00
2026-06-05,TRILC,KAP,TURK İLAÇ VE SERUM SANAYİ A.Ş. - Haber ve Söylentilere İlişkin Açıklama,Haber ve Söylentilere İlişkin Açıklama 08.05.2026 tarihinde Şirketimiz Genel Müdürü Yunus Emre BATTAL Tarafından Şirketimiz Paylarında Gerçekleştirilmiş Olan Pay Satışı Bilgilendirmesi Hakkında,https://www.kap.org.tr/tr/Bildirim/1613891,tr,2026-06-05T17:52:32+00:00
2026-06-05,TSK,KAP,TÜRKİYE SINAİ KALKINMA BANKASI A.Ş. - Kurumsal Yönetim İlkelerine Uyum Derecelendirmesi,Kurumsal Yönetim İlkelerine Uyum Derecelendirmesi Kurumsal Yönetim İlkelerine Uyum Derecelendirmesi Sözleşmesi'nin Yenilenmesi - Düzeltme,https://www.kap.org.tr/tr/Bildirim/1613535,tr,2026-06-05T11:59:12+00:00
2026-06-05,TSKB,KAP,TÜRKİYE SINAİ KALKINMA BANKASI A.Ş. - Kurumsal Yönetim İlkelerine Uyum Derecelendirmesi,Kurumsal Yönetim İlkelerine Uyum Derecelendirmesi Kurumsal Yönetim İlkelerine Uyum Derecelendirmesi Sözleşmesi'nin Yenilenmesi - Düzeltme,https://www.kap.org.tr/tr/Bildirim/1613535,tr,2026-06-05T11:59:12+00:00
2026-06-05,TSPOR,KAP,TRABZONSPOR SPORTİF YATIRIM VE FUTBOL İŞLETMECİLİĞİ TİCARET A.Ş. - Sözleşme İmzalanması,Sözleşme İmzalanması Ruslan Malinovskyi İle Sözleşme İmzalanması Hakkında.,https://www.kap.org.tr/tr/Bildirim/1614126,tr,2026-06-05T20:30:02+00:00
2026-06-05,TSPOR,KAP,TRABZONSPOR SPORTİF YATIRIM VE FUTBOL İŞLETMECİLİĞİ TİCARET A.Ş. - Sözleşme İmzalanması,Sözleşme İmzalanması Ernest Muçi İle Sözleşme İmzalanması Hakkında.,https://www.kap.org.tr/tr/Bildirim/1614127,tr,2026-06-05T20:31:06+00:00
2026-06-05,TUREX,KAP,TUREKS TURİZM TAŞIMACILIK A.Ş. - Bağımsız Denetim Kuruluşunun Belirlenmesi,Bağımsız Denetim Kuruluşunun Belirlenmesi Bağımsız Denetim Kuruluşu seçiminin Genel Kurul tarafından onaylanması,https://www.kap.org.tr/tr/Bildirim/1613534,tr,2026-06-05T11:55:29+00:00
2026-06-05,TVB,KAP,TÜRKİYE VAKIFLAR BANKASI T.A.O. - Pay Dışında Sermaye Piyasası Aracı İşlemlerine İlişkin Bildirim (Faiz İçeren),Pay Dışında Sermaye Piyasası Aracı İşlemlerine İlişkin Bildirim (Faiz İçeren) TRFVKFB62628 ISIN kodlu T. Vakıflar Bankası T.A.O. Finansman Bonosunun İtfası,https://www.kap.org.tr/tr/Bildirim/1613784,tr,2026-06-05T16:30:00+00:00
2026-06-05,TVB,KAP,TÜRKİYE VAKIFLAR BANKASI T.A.O. - Pay Dışında Sermaye Piyasası Aracı İşlemlerine İlişkin Bildirim (Faiz İçeren),Pay Dışında Sermaye Piyasası Aracı İşlemlerine İlişkin Bildirim (Faiz İçeren) TRFVKFB62610 ISIN kodlu T. Vakıflar Bankası T.A.O. Finansman Bonolarının İtfası,https://www.kap.org.tr/tr/Bildirim/1613788,tr,2026-06-05T16:32:24+00:00
2026-06-05,ULKER,KAP,ÜLKER BİSKÜVİ SANAYİ A.Ş. - Özel Durum Açıklaması (Genel),Özel Durum Açıklaması (Genel) Yatırım Tazmin Merkezi (YTM) Başvuru Süresi Hakkında Bilgilendirme,https://www.kap.org.tr/tr/Bildirim/1613803,tr,2026-06-05T16:46:44+00:00
2026-06-05,ULUFA,KAP,ULUSAL FAKTORİNG A.Ş. - Pay Dışında Sermaye Piyasası Aracı İşlemlerine İlişkin Bildirim (Faiz İçeren),Pay Dışında Sermaye Piyasası Aracı İşlemlerine İlişkin Bildirim (Faiz İçeren) Şirketimiz TRFULFK62629 ISIN Kodlu Değişken Faizli Borçlanma Aracımızın Ödemesine İlişkin Açıklama,https://www.kap.org.tr/tr/Bildirim/1613473,tr,2026-06-05T10:28:55+00:00
2026-06-05,VAKBN,KAP,TÜRKİYE VAKIFLAR BANKASI T.A.O. - Pay Dışında Sermaye Piyasası Aracı İşlemlerine İlişkin Bildirim (Faiz İçeren),Pay Dışında Sermaye Piyasası Aracı İşlemlerine İlişkin Bildirim (Faiz İçeren) TRFVKFB62628 ISIN kodlu T. Vakıflar Bankası T.A.O. Finansman Bonosunun İtfası,https://www.kap.org.tr/tr/Bildirim/1613784,tr,2026-06-05T16:30:00+00:00
2026-06-05,VAKBN,KAP,TÜRKİYE VAKIFLAR BANKASI T.A.O. - Pay Dışında Sermaye Piyasası Aracı İşlemlerine İlişkin Bildirim (Faiz İçeren),Pay Dışında Sermaye Piyasası Aracı İşlemlerine İlişkin Bildirim (Faiz İçeren) TRFVKFB62610 ISIN kodlu T. Vakıflar Bankası T.A.O. Finansman Bonolarının İtfası,https://www.kap.org.tr/tr/Bildirim/1613788,tr,2026-06-05T16:32:24+00:00
2026-06-05,VDFAS,KAP,VOLKSWAGEN DOĞUŞ FİNANSMAN A.Ş. - Pay Dışında Sermaye Piyasası Aracı İşlemlerine İlişkin Bildirim (Faiz İçeren),Pay Dışında Sermaye Piyasası Aracı İşlemlerine İlişkin Bildirim (Faiz İçeren) İtfa ve kupon ödemesi,https://www.kap.org.tr/tr/Bildirim/1613409,tr,2026-06-05T09:37:52+00:00
2026-06-05,VKFYO,KAP,VAKIF MENKUL KIYMET YATIRIM ORTAKLIĞI A.Ş. - Özel Durum Açıklaması (Genel),"Özel Durum Açıklaması (Genel) Şirketimizin BİAŞ'da oluşan ağırlıklı ortalama fiyatın, pay başına net aktif değerin 2 katını aşması sebebiyle yapılan açıklamadır.",https://www.kap.org.tr/tr/Bildirim/1613724,tr,2026-06-05T15:41:26+00:00
2026-06-05,YBTAS,KAP,YİBİTAŞ YOZGAT İŞÇİ BİRLİĞİ İNŞAAT MALZEMELERİ TİCARET VE SANAYİ A.Ş. - Genel Kurul İşlemlerine İlişkin Bildirim,Genel Kurul İşlemlerine İlişkin Bildirim 2025 Hesap Yılı Olağan Genel Kurul Toplantısı Hakkında,https://www.kap.org.tr/tr/Bildirim/1613435,tr,2026-06-05T09:50:54+00:00
2026-06-05,ZERGY,KAP,ZERAY GAYRİMENKUL YATIRIM ORTAKLIĞI A.Ş. - Özel Durum Açıklaması (Genel),Özel Durum Açıklaması (Genel) Başiskele/Ovacık Bölgesinde Proje Geliştirilmesine Yönelik Prensip Anlaşması Hk.,https://www.kap.org.tr/tr/Bildirim/1613411,tr,2026-06-05T09:40:04+00:00
2026-06-05,ZKBVR,KAP,ZKB VARLIK KİRALAMA A.Ş. - Pay Dışında Sermaye Piyasası Aracı İşlemlerine İlişkin Bildirim (Faizsiz),Pay Dışında Sermaye Piyasası Aracı İşlemlerine İlişkin Bildirim (Faizsiz) TRDZKBV92644 ISIN Kodlu Yurtiçi Kira Sertifikası İhracının Satışının Tamamlanması Hk FZLGY,https://www.kap.org.tr/tr/Bildirim/1613405,tr,2026-06-05T09:33:20+00:00
2026-06-05,ZKBVR,KAP,ZKB VARLIK KİRALAMA A.Ş. - Pay Dışında Sermaye Piyasası Aracı İşlemlerine İlişkin Bildirim (Faizsiz),Pay Dışında Sermaye Piyasası Aracı İşlemlerine İlişkin Bildirim (Faizsiz) TRDZKBV62654 ISIN kodlu Yurtiçi Kira Sertifikalarının İtfa ve Getiri Ödeme İşlemlerinin Tamamlanması Hk FZLGY,https://www.kap.org.tr/tr/Bildirim/1613620,tr,2026-06-05T13:53:20+00:00
2026-06-06,BJKAS,KAP,BEŞİKTAŞ FUTBOL YATIRIMLARI SANAYİ VE TİCARET A.Ş. - Teknik Yönetime İlişkin Açıklama,Teknik Yönetime İlişkin Açıklama Profesyonel Futbol Takımımızın Teknik Direktörlüğü konusunda Sayın Vincenzo Italiano ile anlaşmaya varılmıştır.,https://www.kap.org.tr/tr/Bildirim/1614146,tr,2026-06-06T14:12:22+00:00
2026-06-06,BRYAT,KAP,BORUSAN YATIRIM VE PAZARLAMA A.Ş. - Özel Durum Açıklaması (Genel),Özel Durum Açıklaması (Genel) Süresi İçinde Kaydileştirilmeyen Paylarla İlgili Yatırımcı Tazmin Merkezi Başvuruları Hakkında Bilgilendirma,https://www.kap.org.tr/tr/Bildirim/1614145,tr,2026-06-06T09:23:21+00:00
2026-06-06,CLEBI,KAP,ÇELEBİ HAVA SERVİSİ A.Ş. - Birleşme İşlemlerine İlişkin Bildirim,"Birleşme İşlemlerine İlişkin Bildirim Şirketimizin %100 bağlı ortaklığı olan Çelebi Kargo Depolama ve Dağıtım Hizmetleri A.Ş'nin, Şirketimiz tarafından devir alınması suretiyle, kolaylaştırılmış usulde birleşmesinin tescil edilmesi",https://www.kap.org.tr/tr/Bildirim/1614148,tr,2026-06-06T19:51:38+00:00
2026-06-06,KUVVA,KAP,KUVVA GIDA TİCARET VE SANAYİ YATIRIMLARI A.Ş. - Şirket Genel Bilgi Formu,Şirket Genel Bilgi Formu,https://www.kap.org.tr/tr/Bildirim/1614147,tr,2026-06-06T14:12:49+00:00
2026-06-07,FRIGO,KAP,FRİGO-PAK GIDA MADDELERİ SANAYİ VE TİCARET A.Ş. - Özel Durum Açıklaması (Genel),Özel Durum Açıklaması (Genel) Bahçe Plantasyonları Hk.,https://www.kap.org.tr/tr/Bildirim/1614149,tr,2026-06-07T08:39:36+00:00
2026-06-07,PENTA,KAP,PENTA TEKNOLOJİ ÜRÜNLERİ DAĞITIM TİCARET A.Ş. - Genel Kurul İşlemlerine İlişkin Bildirim,Genel Kurul İşlemlerine İlişkin Bildirim 2025 Yılı Olağan Genel Kurul Toplantısı Daveti,https://www.kap.org.tr/tr/Bildirim/1614150,tr,2026-06-07T19:44:12+00:00
2026-06-07,PENTA,KAP,PENTA TEKNOLOJİ ÜRÜNLERİ DAĞITIM TİCARET A.Ş. - Kar Payı Dağıtım İşlemlerine İlişkin Bildirim,Kar Payı Dağıtım İşlemlerine İlişkin Bildirim Kar payı dağıtımına ilişkin yönetim kurulu önerisi,https://www.kap.org.tr/tr/Bildirim/1614151,tr,2026-06-07T19:50:37+00:00
2026-06-07,PENTA,KAP,PENTA TEKNOLOJİ ÜRÜNLERİ DAĞITIM TİCARET A.Ş. - Bağımsız Denetim Kuruluşunun Belirlenmesi,Bağımsız Denetim Kuruluşunun Belirlenmesi Bağımsız Denetim Kuruluşunun Seçimi,https://www.kap.org.tr/tr/Bildirim/1614152,tr,2026-06-07T19:51:36+00:00
2026-06-08,A1CAP,KAP,A1 CAPİTAL YATIRIM MENKUL DEĞERLER A.Ş. - Kayıtlı Sermaye Tavanı İşlemlerine İlişkin Bildirim,Kayıtlı Sermaye Tavanı İşlemlerine İlişkin Bildirim Kayıtlı Sermaye Tavanı Artırımının T.C. Ticaret Bakanlığı Tarafından Onaylanması Hk.,https://www.kap.org.tr/tr/Bildirim/1614886,tr,2026-06-08T18:10:58+00:00
2026-06-08,A1YEN,KAP,A1 YENİLENEBİLİR ENERJİ ÜRETİM A.Ş. - Kar Payı Dağıtım İşlemlerine İlişkin Bildirim,Kar Payı Dağıtım İşlemlerine İlişkin Bildirim Yönetim Kurulu'nun Kar Payı Dağıtılmamasına İlişkin Teklifi,https://www.kap.org.tr/tr/Bildirim/1614888,tr,2026-06-08T18:11:16+00:00
2026-06-08,ACP,KAP,A1 CAPİTAL YATIRIM MENKUL DEĞERLER A.Ş. - Kayıtlı Sermaye Tavanı İşlemlerine İlişkin Bildirim,Kayıtlı Sermaye Tavanı İşlemlerine İlişkin Bildirim Kayıtlı Sermaye Tavanı Artırımının T.C. Ticaret Bakanlığı Tarafından Onaylanması Hk.,https://www.kap.org.tr/tr/Bildirim/1614886,tr,2026-06-08T18:10:58+00:00
2026-06-08,AEFES,KAP,ANADOLU EFES BİRACILIK VE MALT SANAYİİ A.Ş. - Pay Dışında Sermaye Piyasası Aracı İşlemlerine İlişkin Bildirim (Faiz İçeren),Pay Dışında Sermaye Piyasası Aracı İşlemlerine İlişkin Bildirim (Faiz İçeren) TRFEFES92610 ISIN Kodlu Finansman Bonosunun 3. Kupon Ödemesi,https://www.kap.org.tr/tr/Bildirim/1614559,tr,2026-06-08T15:17:37+00:00
2026-06-08,AHGAZ,KAP,AHLATCI DOĞAL GAZ DAĞITIM ENERJİ VE YATIRIM A.Ş. - Payların Geri Alınmasına İlişkin Bildirim,Payların Geri Alınmasına İlişkin Bildirim 08.06.2026 Tarihli Pay Geri Alım İşlemleri,https://www.kap.org.tr/tr/Bildirim/1614938,tr,2026-06-08T18:30:26+00:00
2026-06-08,AKBNK,KAP,AKBANK T.A.Ş. - Şirket Genel Bilgi Formu,Şirket Genel Bilgi Formu,https://www.kap.org.tr/tr/Bildirim/1614727,tr,2026-06-08T16:55:28+00:00
2026-06-08,AKBNK,KAP,AKBANK T.A.Ş. - Pay Dışında Sermaye Piyasası Aracı İşlemlerine İlişkin Bildirim (Faiz İçeren),Pay Dışında Sermaye Piyasası Aracı İşlemlerine İlişkin Bildirim (Faiz İçeren) Yurtdışı Piyasalara Sermaye Benzeri (Basel III uyumlu) (T2) Tahvil İhracının Tamamlanması,https://www.kap.org.tr/tr/Bildirim/1614808,tr,2026-06-08T17:36:29+00:00
2026-06-08,AKBNK,KAP,AKBANK T.A.Ş. - Pay Dışında Sermaye Piyasası Aracı İşlemlerine İlişkin Bildirim (Faiz İçeren),Pay Dışında Sermaye Piyasası Aracı İşlemlerine İlişkin Bildirim (Faiz İçeren) Yurtdışı Piyasalara Sermaye Benzeri (Basel III uyumlu) (T2) Tahvil İhracının Tamamlanması,https://www.kap.org.tr/tr/Bildirim/1614809,tr,2026-06-08T17:36:45+00:00
2026-06-08,AKENR,KAP,AKENERJİ ELEKTRİK ÜRETİM A.Ş. - Özel Durum Açıklaması (Genel),Özel Durum Açıklaması (Genel) Yatırımcı Tazmin Merkezine Başvuru süresinin kamuya açıklanmasıdır.,https://www.kap.org.tr/tr/Bildirim/1614253,tr,2026-06-08T10:16:20+00:00
2026-06-08,AKM,KAP,AK YATIRIM MENKUL DEĞERLER A.Ş. - Yatırım Kuruluşu Varant - Sertifika - Senetlerine İlişkin Bildirim,Yatırım Kuruluşu Varant - Sertifika - Senetlerine İlişkin Bildirim Varant ve Sertifika PY Alım Satım Bildirimi,https://www.kap.org.tr/tr/Bildirim/1614311,tr,2026-06-08T10:42:02+00:00
2026-06-08,AKM,KAP,AK YATIRIM MENKUL DEĞERLER A.Ş. - Likidite Sağlayıcılık Kapsamındaki İşlemler,Likidite Sağlayıcılık Kapsamındaki İşlemler KLSYN Paylarında Likidite Sağlayıcılığı Kapsamında Gerçekleştirilen İşlemler 25.05.2026 - 05.06.2026 KLSYN,https://www.kap.org.tr/tr/Bildirim/1614312,tr,2026-06-08T10:42:10+00:00
2026-06-08,AKM,KAP,AK YATIRIM MENKUL DEĞERLER A.Ş. - Likidite Sağlayıcılık Kapsamındaki İşlemler,Likidite Sağlayıcılık Kapsamındaki İşlemler AGESA Paylarında Likidite Sağlayıcılığı Kapsamında Gerçekleştirilen İşlemler 25.05.2026 - 05.06.2026 AGESA,https://www.kap.org.tr/tr/Bildirim/1614313,tr,2026-06-08T10:42:20+00:00
2026-06-08,AKM,KAP,AK YATIRIM MENKUL DEĞERLER A.Ş. - Pay Dışında Sermaye Piyasası Aracı İşlemlerine İlişkin Bildirim (Faiz İçeren),Pay Dışında Sermaye Piyasası Aracı İşlemlerine İlişkin Bildirim (Faiz İçeren) Nitelikli Yatırımcıya Borçlanma Aracı İtfa ve Kupon Ödemesi,https://www.kap.org.tr/tr/Bildirim/1614314,tr,2026-06-08T10:42:29+00:00
2026-06-08,AKM,KAP,AK YATIRIM MENKUL DEĞERLER A.Ş. - Pay Dışında Sermaye Piyasası Aracı İşlemlerine İlişkin Bildirim (Faiz İçeren),Pay Dışında Sermaye Piyasası Aracı İşlemlerine İlişkin Bildirim (Faiz İçeren) Nitelikli Yatırımcıya Borçlanma Aracı İtfa ve Kupon Ödemesi,https://www.kap.org.tr/tr/Bildirim/1614315,tr,2026-06-08T10:42:39+00:00
2026-06-08,AKM,KAP,AK YATIRIM MENKUL DEĞERLER A.Ş. - Piyasa Yapıcılığı Kapsamında Gerçekleştirilen İşlemler Bildirimi,"Piyasa Yapıcılığı Kapsamında Gerçekleştirilen İşlemler Bildirimi 01.06.2026 - 05.06.2026 Tarih Aralığında Gerçekleşen Borsa Yatırım Fonları Piyasa Yapıcı İşlemleri APBDL, APGLD, APLIB, APX30",https://www.kap.org.tr/tr/Bildirim/1614330,tr,2026-06-08T11:07:12+00:00
2026-06-08,AKMEN,KAP,AK YATIRIM MENKUL DEĞERLER A.Ş. - Yatırım Kuruluşu Varant - Sertifika - Senetlerine İlişkin Bildirim,Yatırım Kuruluşu Varant - Sertifika - Senetlerine İlişkin Bildirim Varant ve Sertifika PY Alım Satım Bildirimi,https://www.kap.org.tr/tr/Bildirim/1614311,tr,2026-06-08T10:42:02+00:00
2026-06-08,AKMEN,KAP,AK YATIRIM MENKUL DEĞERLER A.Ş. - Likidite Sağlayıcılık Kapsamındaki İşlemler,Likidite Sağlayıcılık Kapsamındaki İşlemler KLSYN Paylarında Likidite Sağlayıcılığı Kapsamında Gerçekleştirilen İşlemler 25.05.2026 - 05.06.2026 KLSYN,https://www.kap.org.tr/tr/Bildirim/1614312,tr,2026-06-08T10:42:10+00:00
2026-06-08,AKMEN,KAP,AK YATIRIM MENKUL DEĞERLER A.Ş. - Likidite Sağlayıcılık Kapsamındaki İşlemler,Likidite Sağlayıcılık Kapsamındaki İşlemler AGESA Paylarında Likidite Sağlayıcılığı Kapsamında Gerçekleştirilen İşlemler 25.05.2026 - 05.06.2026 AGESA,https://www.kap.org.tr/tr/Bildirim/1614313,tr,2026-06-08T10:42:20+00:00
2026-06-08,AKMEN,KAP,AK YATIRIM MENKUL DEĞERLER A.Ş. - Pay Dışında Sermaye Piyasası Aracı İşlemlerine İlişkin Bildirim (Faiz İçeren),Pay Dışında Sermaye Piyasası Aracı İşlemlerine İlişkin Bildirim (Faiz İçeren) Nitelikli Yatırımcıya Borçlanma Aracı İtfa ve Kupon Ödemesi,https://www.kap.org.tr/tr/Bildirim/1614314,tr,2026-06-08T10:42:29+00:00
2026-06-08,AKMEN,KAP,AK YATIRIM MENKUL DEĞERLER A.Ş. - Pay Dışında Sermaye Piyasası Aracı İşlemlerine İlişkin Bildirim (Faiz İçeren),Pay Dışında Sermaye Piyasası Aracı İşlemlerine İlişkin Bildirim (Faiz İçeren) Nitelikli Yatırımcıya Borçlanma Aracı İtfa ve Kupon Ödemesi,https://www.kap.org.tr/tr/Bildirim/1614315,tr,2026-06-08T10:42:39+00:00
2026-06-08,AKMEN,KAP,AK YATIRIM MENKUL DEĞERLER A.Ş. - Piyasa Yapıcılığı Kapsamında Gerçekleştirilen İşlemler Bildirimi,"Piyasa Yapıcılığı Kapsamında Gerçekleştirilen İşlemler Bildirimi 01.06.2026 - 05.06.2026 Tarih Aralığında Gerçekleşen Borsa Yatırım Fonları Piyasa Yapıcı İşlemleri APBDL, APGLD, APLIB, APX30",https://www.kap.org.tr/tr/Bildirim/1614330,tr,2026-06-08T11:07:12+00:00
2026-06-08,AKSEN,KAP,AKSA ENERJİ ÜRETİM A.Ş. - Özel Durum Açıklaması (Genel),Özel Durum Açıklaması (Genel) Eskişehir Depolamalı Rüzgar Enerjisi Santrali Yatırımı Hakkında,https://www.kap.org.tr/tr/Bildirim/1614248,tr,2026-06-08T10:09:25+00:00
2026-06-08,AKSUE,KAP,AKSU ENERJİ VE TİCARET A.Ş. - Özel Durum Açıklaması (Genel),Özel Durum Açıklaması (Genel) Kaydileştirilmeyen Paylar için Yatırımcı Tazmin Merkezine Başvuru süresi Hk.,https://www.kap.org.tr/tr/Bildirim/1614512,tr,2026-06-08T14:25:05+00:00
2026-06-08,ALARK,KAP,ALARKO HOLDİNG A.Ş. - Özel Durum Açıklaması (Genel),Özel Durum Açıklaması (Genel) Bağlı Ortaklığımız Alyat Teknoloji Yatırımları Holding Anonim Şirketi tarafından Yeni Şirket Kurulması,https://www.kap.org.tr/tr/Bildirim/1614939,tr,2026-06-08T18:30:45+00:00
2026-06-08,ARSAN,KAP,ARSAN HOLDİNG A.Ş. - Özel Durum Açıklaması (Genel),Özel Durum Açıklaması (Genel) Yatırımcı Tazmin Merkezine Başvuru Süresine Dair Bilgilendirme ve Duyuru,https://www.kap.org.tr/tr/Bildirim/1614597,tr,2026-06-08T15:44:47+00:00
2026-06-08,ATAGY,KAP,ATA GAYRİMENKUL YATIRIM ORTAKLIĞI A.Ş. - Özel Durum Açıklaması (Genel),Özel Durum Açıklaması (Genel) Yatırımcı Tazmin Merkezine Yapılacak Başvuru Hakkında Yapılan Açıklamadır,https://www.kap.org.tr/tr/Bildirim/1614509,tr,2026-06-08T14:21:39+00:00
2026-06-08,ATLAS,KAP,ATLAS MENKUL KIYMETLER YATIRIM ORTAKLIĞI A.Ş. - Haftalık Rapor,Haftalık Rapor Haftalık Rapor,https://www.kap.org.tr/tr/Bildirim/1614351,tr,2026-06-08T11:56:38+00:00
2026-06-08,ATLFA,KAP,ATILIM FAKTORİNG A.Ş. - İhraç Tavanına İlişkin Bildirim,İhraç Tavanına İlişkin Bildirim İhraç Tavanı Başvurusu,https://www.kap.org.tr/tr/Bildirim/1614678,tr,2026-06-08T16:20:47+00:00
2026-06-08,BLS,KAP,BULLS YATIRIM MENKUL DEĞERLER A.Ş. - Pay Alım Teklifi Yoluyla Pay Toplanmasına İlişkin Bildirim,Pay Alım Teklifi Yoluyla Pay Toplanmasına İlişkin Bildirim Özerden Ambalaj Sanayi A.Ş. Paylarına Yönelik Zorunlu Pay Alım Teklifi OZRDN,https://www.kap.org.tr/tr/Bildirim/1614847,tr,2026-06-08T18:04:00+00:00
2026-06-08,BLSMD,KAP,BULLS YATIRIM MENKUL DEĞERLER A.Ş. - Pay Alım Teklifi Yoluyla Pay Toplanmasına İlişkin Bildirim,Pay Alım Teklifi Yoluyla Pay Toplanmasına İlişkin Bildirim Özerden Ambalaj Sanayi A.Ş. Paylarına Yönelik Zorunlu Pay Alım Teklifi OZRDN,https://www.kap.org.tr/tr/Bildirim/1614847,tr,2026-06-08T18:04:00+00:00
2026-06-08,BORLS,KAP,BORLEASE OTOMOTİV A.Ş. - Özel Durum Açıklaması (Genel),Özel Durum Açıklaması (Genel) TRSBORL22714 ISIN kodlu finansman bonosunun 4.Kupon Ödemesi ve TRSBORL82619 ISIN kodlu finansman bonosunun 3. Kupon Ödemesi Hk.,https://www.kap.org.tr/tr/Bildirim/1614915,tr,2026-06-08T18:19:29+00:00
2026-06-08,BRGFK,KAP,BURGAN FİNANSAL KİRALAMA A.Ş. - İhraç Tavanına İlişkin Bildirim,İhraç Tavanına İlişkin Bildirim Borçlanma Araçları İhracına İlişkin SPK Onayı ve İhraç Belgesi,https://www.kap.org.tr/tr/Bildirim/1614320,tr,2026-06-08T10:51:34+00:00
2026-06-08,BRGFK,KAP,BURGAN FİNANSAL KİRALAMA A.Ş. - İhraç Tavanına İlişkin Bildirim,İhraç Tavanına İlişkin Bildirim Borçlanma Araçları İhracına İlişkin SPK Onayı ve İhraç Belgesi,https://www.kap.org.tr/tr/Bildirim/1614325,tr,2026-06-08T10:56:54+00:00
2026-06-08,BRISA,KAP,BRİSA BRİDGESTONE SABANCI LASTİK SANAYİ VE TİCARET A.Ş. - İhraç Tavanına İlişkin Bildirim,İhraç Tavanına İlişkin Bildirim Kira Sertifikası İhracına İlişkin Sermaye Piyasası Kurulu Onayı Alınması KATVK,https://www.kap.org.tr/tr/Bildirim/1614601,tr,2026-06-08T15:46:22+00:00
2026-06-08,BRISA,KAP,BRİSA BRİDGESTONE SABANCI LASTİK SANAYİ VE TİCARET A.Ş. - İhraç Belgesi,İhraç Belgesi Kira Sertifikası İhraç Belgesi KATVK,https://www.kap.org.tr/tr/Bildirim/1614602,tr,2026-06-08T15:46:39+00:00
2026-06-08,BRISA,KAP,BRİSA BRİDGESTONE SABANCI LASTİK SANAYİ VE TİCARET A.Ş. - Şirket Genel Bilgi Formu,Şirket Genel Bilgi Formu,https://www.kap.org.tr/tr/Bildirim/1614603,tr,2026-06-08T15:46:51+00:00
2026-06-08,BRSAN,KAP,BORUSAN BİRLEŞİK BORU FABRİKALARI SANAYİ VE TİCARET A.Ş. - Özel Durum Açıklaması (Genel),Özel Durum Açıklaması (Genel) Süresi İçinde Kaydileştirilmeyen Paylarla İlgili Yatırımcı Tazmin Merkezi Başvuruları Hakkında Bilgilendirme,https://www.kap.org.tr/tr/Bildirim/1614153,tr,2026-06-08T08:04:45+00:00
2026-06-08,BVSAN,KAP,BÜLBÜLOĞLU VİNÇ SANAYİ VE TİCARET A.Ş. - Genel Kurul İşlemlerine İlişkin Bildirim,Genel Kurul İşlemlerine İlişkin Bildirim Genel Kurul İşlemlerine İlişkin Bildirim,https://www.kap.org.tr/tr/Bildirim/1614564,tr,2026-06-08T15:28:26+00:00
2026-06-08,BVSAN,KAP,BÜLBÜLOĞLU VİNÇ SANAYİ VE TİCARET A.Ş. - Kar Payı Dağıtım İşlemlerine İlişkin Bildirim,Kar Payı Dağıtım İşlemlerine İlişkin Bildirim 2025 Yılı Kar Payı Dağıtımı Hk.,https://www.kap.org.tr/tr/Bildirim/1614565,tr,2026-06-08T15:32:04+00:00
2026-06-08,BVSAN,KAP,BÜLBÜLOĞLU VİNÇ SANAYİ VE TİCARET A.Ş. - Kayıtlı Sermaye Tavanı İşlemlerine İlişkin Bildirim,Kayıtlı Sermaye Tavanı İşlemlerine İlişkin Bildirim Kayıtlı Sermaye Sistemi Süre Uzatımı ve Tavan Artırımı Başvurusu Hk.,https://www.kap.org.tr/tr/Bildirim/1614568,tr,2026-06-08T15:34:59+00:00
2026-06-08,BVSAN,KAP,BÜLBÜLOĞLU VİNÇ SANAYİ VE TİCARET A.Ş. - Bağımsız Denetim Kuruluşunun Belirlenmesi,Bağımsız Denetim Kuruluşunun Belirlenmesi Bağımsız Denetim Kuruluşunun Belirlenmesi,https://www.kap.org.tr/tr/Bildirim/1614577,tr,2026-06-08T15:39:40+00:00
2026-06-08,BVSAN,KAP,BÜLBÜLOĞLU VİNÇ SANAYİ VE TİCARET A.Ş. - Esas Sözleşme,Esas Sözleşme Esas Sözleşme,https://www.kap.org.tr/tr/Bildirim/1614805,tr,2026-06-08T17:35:15+00:00
2026-06-08,CAGFA,KAP,ÇAĞDAŞ FAKTORİNG A.Ş. - İhraç Belgesi,İhraç Belgesi İhraç Belgesi,https://www.kap.org.tr/tr/Bildirim/1614510,tr,2026-06-08T14:22:46+00:00
2026-06-08,CAGFA,KAP,ÇAĞDAŞ FAKTORİNG A.Ş. - İhraç Tavanına İlişkin Bildirim,İhraç Tavanına İlişkin Bildirim İhraç Tavanı Tutarının Onaylanması,https://www.kap.org.tr/tr/Bildirim/1614511,tr,2026-06-08T14:23:08+00:00
2026-06-08,CAGFA,KAP,ÇAĞDAŞ FAKTORİNG A.Ş. - Pay Dışında Sermaye Piyasası Aracı İşlemlerine İlişkin Bildirim (Faiz İçeren),Pay Dışında Sermaye Piyasası Aracı İşlemlerine İlişkin Bildirim (Faiz İçeren) TRFCGDF32716 ISIN Kodlu İhracın 1.Kupon Faiz Oranının Belirlenmesi,https://www.kap.org.tr/tr/Bildirim/1614736,tr,2026-06-08T17:03:16+00:00
2026-06-08,CGCAM,KAP,ÇAĞDAŞ CAM SANAYİ VE TİCARET A.Ş. - Olağan Dışı Fiyat ve Miktar Hareketleri,Olağan Dışı Fiyat ve Miktar Hareketleri Olağan Dışı Fiyat ve Miktar Hareketleri Hakkında,https://www.kap.org.tr/tr/Bildirim/1614159,tr,2026-06-08T08:57:32+00:00
2026-06-08,COSMO,KAP,COSMOS YATIRIM HOLDİNG A.Ş. - Özel Durum Açıklaması (Genel),Özel Durum Açıklaması (Genel) YTM Başvuru Süresine Dair Bilgilendirme,https://www.kap.org.tr/tr/Bildirim/1614394,tr,2026-06-08T12:13:09+00:00
2026-06-08,DARDL,KAP,DARDANEL ÖNENTAŞ GIDA SANAYİ A.Ş. - Genel Kurul İşlemlerine İlişkin Bildirim,Genel Kurul İşlemlerine İlişkin Bildirim 2025 Yılı Olağan Genel Kurul Toplantısı Sonucu Hk.,https://www.kap.org.tr/tr/Bildirim/1614449,tr,2026-06-08T13:09:57+00:00
2026-06-08,DARDL,KAP,DARDANEL ÖNENTAŞ GIDA SANAYİ A.Ş. - Kar Payı Dağıtım İşlemlerine İlişkin Bildirim,Kar Payı Dağıtım İşlemlerine İlişkin Bildirim Kar Payı Dağıtımına İlişkin Genel Kurul Kararı,https://www.kap.org.tr/tr/Bildirim/1614451,tr,2026-06-08T13:13:56+00:00
2026-06-08,DARDL,KAP,DARDANEL ÖNENTAŞ GIDA SANAYİ A.Ş. - Özel Durum Açıklaması (Genel),Özel Durum Açıklaması (Genel) Süresi İçinde Kaydileştirilmeyen Paylarla İlgili Yatırımcı Tazmin Merkezi Başvuruları Hakkında Duyuru,https://www.kap.org.tr/tr/Bildirim/1614676,tr,2026-06-08T16:15:14+00:00
2026-06-08,DARDL,KAP,DARDANEL ÖNENTAŞ GIDA SANAYİ A.Ş. - Şirket Merkezi Değişikliği,Şirket Merkezi Değişikliği Şirket Merkez Adresinin Güncellenmesi Hk.,https://www.kap.org.tr/tr/Bildirim/1614778,tr,2026-06-08T17:18:13+00:00
2026-06-08,DENGE,KAP,DENGE YATIRIM HOLDİNG A.Ş. - Genel Kurul İşlemlerine İlişkin Bildirim,Genel Kurul İşlemlerine İlişkin Bildirim Olağan Genel Kurul Toplantısı nisap sağlanamadığı için yapılamamıştır.,https://www.kap.org.tr/tr/Bildirim/1614553,tr,2026-06-08T14:58:38+00:00
2026-06-08,DESPC,KAP,DESPEC BİLGİSAYAR PAZARLAMA VE TİCARET A.Ş. - Genel Kurul İşlemlerine İlişkin Bildirim,Genel Kurul İşlemlerine İlişkin Bildirim 2025 Olağan Genel Kurul Tescili,https://www.kap.org.tr/tr/Bildirim/1614475,tr,2026-06-08T14:07:58+00:00
2026-06-08,DESPC,KAP,DESPEC BİLGİSAYAR PAZARLAMA VE TİCARET A.Ş. - Bağımsız Denetim Kuruluşunun Belirlenmesi,Bağımsız Denetim Kuruluşunun Belirlenmesi Bağımsız Denetim Kuruluşunun Tescili,https://www.kap.org.tr/tr/Bildirim/1614477,tr,2026-06-08T14:08:22+00:00
2026-06-08,DGRVK,KAP,DEĞER VARLIK KİRALAMA A.Ş. - Tertip İhraç Belgesi,Tertip İhraç Belgesi Yurt İçi Kira Sertifikası İhracına İlişkin SPK Tertip İhraç Onayı Hk. EBEBK,https://www.kap.org.tr/tr/Bildirim/1614459,tr,2026-06-08T13:55:53+00:00
2026-06-08,DGRVK,KAP,DEĞER VARLIK KİRALAMA A.Ş. - İhraç Belgesi,İhraç Belgesi Kira Sertifikası İhraç Tavan Onayı Hk. TARFN,https://www.kap.org.tr/tr/Bildirim/1614460,tr,2026-06-08T13:58:20+00:00
2026-06-08,DGRVK,KAP,DEĞER VARLIK KİRALAMA A.Ş. - İhraç Tavanına İlişkin Bildirim,İhraç Tavanına İlişkin Bildirim Kira Sertifikası İhraç Tavan Onayı Hk. TARFN,https://www.kap.org.tr/tr/Bildirim/1614461,tr,2026-06-08T13:59:03+00:00
2026-06-08,DIRIT,KAP,DİRİTEKS DİRİLİŞ TEKSTİL SANAYİ VE TİCARET A.Ş. - Finansal Rapor,Finansal Rapor,https://www.kap.org.tr/tr/Bildirim/1614931,tr,2026-06-08T18:26:12+00:00
2026-06-08,DIRIT,KAP,DİRİTEKS DİRİLİŞ TEKSTİL SANAYİ VE TİCARET A.Ş. - Faaliyet Raporu (Konsolide),Faaliyet Raporu (Konsolide) FAALİYET RAPORU 1NCİ 3 AYLIK,https://www.kap.org.tr/tr/Bildirim/1614934,tr,2026-06-08T18:26:44+00:00
2026-06-08,DIRIT,KAP,DİRİTEKS DİRİLİŞ TEKSTİL SANAYİ VE TİCARET A.Ş. - Sorumluluk Beyanı (Konsolide),Sorumluluk Beyanı (Konsolide) SORUMLULUK BEYANI HAKKINDA,https://www.kap.org.tr/tr/Bildirim/1614935,tr,2026-06-08T18:27:05+00:00
2026-06-08,DKVRL,KAP,DK VARLIK KİRALAMA A.Ş. - Tertip İhraç Belgesi,Tertip İhraç Belgesi Tertip İhraç Belgesi ADA,https://www.kap.org.tr/tr/Bildirim/1614158,tr,2026-06-08T08:54:28+00:00
2026-06-08,DNYVA,KAP,DÜNYA VARLIK YÖNETİM A.Ş. - Özel Durum Açıklaması (Genel),Özel Durum Açıklaması (Genel) Genel Müdür Vekili Belirlenmesi Hakkında,https://www.kap.org.tr/tr/Bildirim/1614555,tr,2026-06-08T14:59:39+00:00
2026-06-08,EBEBK,KAP,EBEBEK MAĞAZACILIK A.Ş. - Şirket Genel Bilgi Formu,Şirket Genel Bilgi Formu,https://www.kap.org.tr/tr/Bildirim/1614779,tr,2026-06-08T17:18:47+00:00
2026-06-08,EKTVK,KAP,EMLAK KATILIM VARLIK KİRALAMA A.Ş. - Pay Dışında Sermaye Piyasası Aracı İşlemlerine İlişkin Bildirim (Faizsiz),Pay Dışında Sermaye Piyasası Aracı İşlemlerine İlişkin Bildirim (Faizsiz) TRDEVKS82693 ISIN Kodlu Kira Sertifikası İhracının Nitelikli Yatırımcıya Satışının Tamamlanması Hk. EKT,https://www.kap.org.tr/tr/Bildirim/1614598,tr,2026-06-08T15:45:05+00:00
2026-06-08,EMNIS,KAP,EMİNİŞ AMBALAJ SANAYİ VE TİCARET A.Ş. - Özel Durum Açıklaması (Genel),Özel Durum Açıklaması (Genel) YTM Başvuru Süresine Dair Bilgilendirme,https://www.kap.org.tr/tr/Bildirim/1614405,tr,2026-06-08T12:19:00+00:00
2026-06-08,EMVAR,KAP,EMLAK VARLIK KİRALAMA A.Ş. - Pay Dışında Sermaye Piyasası Aracı İşlemlerine İlişkin Bildirim (Faizsiz),Pay Dışında Sermaye Piyasası Aracı İşlemlerine İlişkin Bildirim (Faizsiz) TRDEMVK92620 ISIN Kodlu Kira Sertifikasının 3. Dönemsel Getiri Ödemesi Hk. ALFIN,https://www.kap.org.tr/tr/Bildirim/1614201,tr,2026-06-08T09:30:18+00:00
2026-06-08,EMVAR,KAP,EMLAK VARLIK KİRALAMA A.Ş. - Pay Dışında Sermaye Piyasası Aracı İşlemlerine İlişkin Bildirim (Faizsiz),Pay Dışında Sermaye Piyasası Aracı İşlemlerine İlişkin Bildirim (Faizsiz) TRDEMVK92612 ISIN Kodlu Kira Sertifikasının 3. Dönemsel Getiri Ödemesi Hk.,https://www.kap.org.tr/tr/Bildirim/1614202,tr,2026-06-08T09:30:38+00:00
2026-06-08,EMVAR,KAP,EMLAK VARLIK KİRALAMA A.Ş. - Pay Dışında Sermaye Piyasası Aracı İşlemlerine İlişkin Bildirim (Faizsiz),Pay Dışında Sermaye Piyasası Aracı İşlemlerine İlişkin Bildirim (Faizsiz) TRDEMVKA2655 ISIN Kodlu Kira Sertifikası İhracının Nitelikli Yatırımcıya Satışının Tamamlanması Hk. ALFIN,https://www.kap.org.tr/tr/Bildirim/1614237,tr,2026-06-08T09:48:47+00:00
2026-06-08,ENKAI,KAP,ENKA İNŞAAT VE SANAYİ A.Ş. - Özel Durum Açıklaması (Genel),Özel Durum Açıklaması (Genel) Yatırımcı Tazmin Merkezi Başvurularına İlişkin Duyuru,https://www.kap.org.tr/tr/Bildirim/1614200,tr,2026-06-08T09:28:30+00:00
2026-06-08,ENPRA,KAP,ENPARA BANK A.Ş. - Kredi Derecelendirmesi,Kredi Derecelendirmesi Fitch Ratings tarafından açıklanan kredi derecelendirme notları hakkında,https://www.kap.org.tr/tr/Bildirim/1614228,tr,2026-06-08T09:35:32+00:00
2026-06-08,EPLAS,KAP,EGEPLAST EGE PLASTİK TİCARET VE SANAYİ A.Ş. - Özel Durum Açıklaması (Genel),Özel Durum Açıklaması (Genel) Yatırımcı Tazmin Merkezine (YTM) Başvuru Süresi Hakkında Bilgilendirme,https://www.kap.org.tr/tr/Bildirim/1614873,tr,2026-06-08T18:06:30+00:00
2026-06-08,EREGL,KAP,EREĞLİ DEMİR VE ÇELİK FABRİKALARI T.A.Ş. - Özel Durum Açıklaması (Genel),Özel Durum Açıklaması (Genel) Yatırımcı Tazmin Merkezi'ne Başvuru Süresi Hakkında Duyuru,https://www.kap.org.tr/tr/Bildirim/1614893,tr,2026-06-08T18:12:54+00:00
2026-06-08,ETYAT,KAP,EURO TREND YATIRIM ORTAKLIĞI A.Ş. - Özel Durum Açıklaması (Genel),"Özel Durum Açıklaması (Genel) BİAŞ'da oluşan ağırlıklı ortalama fiyatın,pay başına net aktif değerin 2 katını aşması",https://www.kap.org.tr/tr/Bildirim/1614615,tr,2026-06-08T15:48:55+00:00
2026-06-08,ETYAT,KAP,EURO TREND YATIRIM ORTAKLIĞI A.Ş. - Haftalık Rapor,Haftalık Rapor 05.06.2026 Tarihli Haftalık Rapor,https://www.kap.org.tr/tr/Bildirim/1614617,tr,2026-06-08T15:49:05+00:00
2026-06-08,EUKYO,KAP,EURO KAPİTAL YATIRIM ORTAKLIĞI A.Ş. - Özel Durum Açıklaması (Genel),"Özel Durum Açıklaması (Genel) BİAŞ'da oluşan ağırlıklı ortalama fiyatın,pay başına net aktif değerin 2 katını aşması",https://www.kap.org.tr/tr/Bildirim/1614618,tr,2026-06-08T15:50:42+00:00
2026-06-08,EUKYO,KAP,EURO KAPİTAL YATIRIM ORTAKLIĞI A.Ş. - Haftalık Rapor,Haftalık Rapor 05.06.2026 Tarihli Haftalık Rapor,https://www.kap.org.tr/tr/Bildirim/1614619,tr,2026-06-08T15:50:52+00:00
2026-06-08,EUYO,KAP,EURO MENKUL KIYMET YATIRIM ORTAKLIĞI A.Ş. - Özel Durum Açıklaması (Genel),"Özel Durum Açıklaması (Genel) BİAŞ'da oluşan ağırlıklı ortalama fiyatın,pay başına net aktif değerin 2 katını aşması",https://www.kap.org.tr/tr/Bildirim/1614599,tr,2026-06-08T15:45:45+00:00
2026-06-08,EUYO,KAP,EURO MENKUL KIYMET YATIRIM ORTAKLIĞI A.Ş. - Haftalık Rapor,Haftalık Rapor 05.06.2026 Tarihli Haftalık Rapor,https://www.kap.org.tr/tr/Bildirim/1614600,tr,2026-06-08T15:45:54+00:00
2026-06-08,FENER,KAP,FENERBAHÇE FUTBOL A.Ş. - Özel Durum Açıklaması (Genel),Özel Durum Açıklaması (Genel) Süresi İçinde Kaydileştirilmeyen Fiziki Paylarla İlgili Yatırımcı Tazmin Merkezi Başvuruları Hakkında Duyuru,https://www.kap.org.tr/tr/Bildirim/1614737,tr,2026-06-08T17:03:25+00:00
2026-06-08,FIN,KAP,QNB BANK A.Ş. - Pay Dışında Sermaye Piyasası Aracı İşlemlerine İlişkin Bildirim (Faiz İçeren),Pay Dışında Sermaye Piyasası Aracı İşlemlerine İlişkin Bildirim (Faiz İçeren) MTN programı kapsamında yurtdışında ihraç edilen borçlanma aracının itfası,https://www.kap.org.tr/tr/Bildirim/1614447,tr,2026-06-08T13:07:27+00:00
2026-06-08,FIN,KAP,QNB BANK A.Ş. - Pay Dışında Sermaye Piyasası Aracı İşlemlerine İlişkin Bildirim (Faiz İçeren),Pay Dışında Sermaye Piyasası Aracı İşlemlerine İlişkin Bildirim (Faiz İçeren) MTN programı kapsamında yurtdışında ihraç edilen borçlanma aracının itfası,https://www.kap.org.tr/tr/Bildirim/1614448,tr,2026-06-08T13:08:01+00:00
2026-06-08,FIN,KAP,QNB BANK A.Ş. - İhraç Tavanına İlişkin Bildirim,İhraç Tavanına İlişkin Bildirim İhraç Tavanına İlişkin Bildirim (SPK Tarafından Onaylanan),https://www.kap.org.tr/tr/Bildirim/1614840,tr,2026-06-08T17:57:18+00:00
2026-06-08,FIN,KAP,QNB BANK A.Ş. - İhraç Belgesi,İhraç Belgesi QNB Bank A.Ş. İhraç Belgesi,https://www.kap.org.tr/tr/Bildirim/1614841,tr,2026-06-08T17:57:51+00:00
2026-06-08,FORTE,KAP,FORTE BİLGİ İLETİŞİM TEKNOLOJİLERİ VE SAVUNMA SANAYİ A.Ş. - Yeni İş İlişkisi,Yeni İş İlişkisi Havelsan A.Ş. ile sözleşme imzalanması,https://www.kap.org.tr/tr/Bildirim/1614171,tr,2026-06-08T09:13:21+00:00
2026-06-08,FORTE,KAP,FORTE BİLGİ İLETİŞİM TEKNOLOJİLERİ VE SAVUNMA SANAYİ A.Ş. - Genel Kurul İşlemlerine İlişkin Bildirim,Genel Kurul İşlemlerine İlişkin Bildirim Genel Kurulda bulunan kayıtlı sermaye artışı hak kullanım süreci olarak seçilerek bildirim yeniden gönderilmektedir.,https://www.kap.org.tr/tr/Bildirim/1614413,tr,2026-06-08T12:36:19+00:00
2026-06-08,GARFA,KAP,GARANTİ FAKTORİNG A.Ş. - Kurumsal Yönetim Bilgi Formu (Güncelleme) - Yönetim Kurulu-2,Kurumsal Yönetim Bilgi Formu (Güncelleme) - Yönetim Kurulu-2 Riskin Erken Saptanması Komitesi Üye Seçimi,https://www.kap.org.tr/tr/Bildirim/1614467,tr,2026-06-08T14:00:40+00:00
2026-06-08,GARFA,KAP,GARANTİ FAKTORİNG A.Ş. - Şirket Genel Bilgi Formu,Şirket Genel Bilgi Formu,https://www.kap.org.tr/tr/Bildirim/1614468,tr,2026-06-08T14:01:08+00:00
2026-06-08,GARFA,KAP,GARANTİ FAKTORİNG A.Ş. - Kurumsal Yönetim Bilgi Formu (Güncelleme) - Yönetim Kurulu-2,Kurumsal Yönetim Bilgi Formu (Güncelleme) - Yönetim Kurulu-2 Riskin Erken Saptanması Komitesi Üye Seçimi,https://www.kap.org.tr/tr/Bildirim/1614541,tr,2026-06-08T14:50:43+00:00
2026-06-08,GENIL,KAP,GEN İLAÇ VE SAĞLIK ÜRÜNLERİ SANAYİ VE TİCARET A.Ş. - Özel Durum Açıklaması (Genel),Özel Durum Açıklaması (Genel) SUL-238 Projesi Hakkında Güncel Gelişme,https://www.kap.org.tr/tr/Bildirim/1614412,tr,2026-06-08T12:27:52+00:00
2026-06-08,GESAN,KAP,GİRİŞİM ELEKTRİK SANAYİ TAAHHÜT VE TİCARET A.Ş. - İhale Süreci / Sonucu,İhale Süreci / Sonucu Bosna-Hersek'te Alınan İhale Hakkında,https://www.kap.org.tr/tr/Bildirim/1614169,tr,2026-06-08T09:12:37+00:00
2026-06-08,GLB,KAP,GLOBAL MENKUL DEĞERLER A.Ş. - Özel Durum Açıklaması (Genel),Özel Durum Açıklaması (Genel) Yatırımcı Tazmin Merkezinin Yazısı Uyarınca Yapılan Duyuru,https://www.kap.org.tr/tr/Bildirim/1614889,tr,2026-06-08T18:11:17+00:00
2026-06-08,GLBMD,KAP,GLOBAL MENKUL DEĞERLER A.Ş. - Özel Durum Açıklaması (Genel),Özel Durum Açıklaması (Genel) Yatırımcı Tazmin Merkezinin Yazısı Uyarınca Yapılan Duyuru,https://www.kap.org.tr/tr/Bildirim/1614889,tr,2026-06-08T18:11:17+00:00
2026-06-08,GLYHO,KAP,GLOBAL YATIRIM HOLDİNG A.Ş. - Özel Durum Açıklaması (Genel),Özel Durum Açıklaması (Genel) Yatırımcı Tazmin Merkezinin yazısı uyarınca yapılan duyuru,https://www.kap.org.tr/tr/Bildirim/1614917,tr,2026-06-08T18:23:43+00:00
2026-06-08,GOKNR,KAP,GÖKNUR GIDA MADDELERİ ENERJİ İMALAT İTHALAT İHRACAT TİCARET VE SANAYİ A.Ş. - Payların Geri Alınmasına İlişkin Bildirim,Payların Geri Alınmasına İlişkin Bildirim Payların geri alınmasına ilişkin bildirim,https://www.kap.org.tr/tr/Bildirim/1614236,tr,2026-06-08T09:47:02+00:00
2026-06-08,GOZDE,KAP,GÖZDE GİRİŞİM SERMAYESİ YATIRIM ORTAKLIĞI A.Ş. - Özel Durum Açıklaması (Genel),Özel Durum Açıklaması (Genel) Genel Müdür Atanması,https://www.kap.org.tr/tr/Bildirim/1614260,tr,2026-06-08T10:32:01+00:00
2026-06-08,GOZDE,KAP,GÖZDE GİRİŞİM SERMAYESİ YATIRIM ORTAKLIĞI A.Ş. - Şirket Genel Bilgi Formu,Şirket Genel Bilgi Formu,https://www.kap.org.tr/tr/Bildirim/1614261,tr,2026-06-08T10:32:22+00:00
2026-06-08,GRNYO,KAP,GARANTİ YATIRIM ORTAKLIĞI A.Ş. - Haftalık Rapor,Haftalık Rapor 05.06.2026 tarihli haftalık rapordur.,https://www.kap.org.tr/tr/Bildirim/1614322,tr,2026-06-08T10:54:50+00:00
2026-06-08,GRNYO,KAP,GARANTİ YATIRIM ORTAKLIĞI A.Ş. - Özel Durum Açıklaması (Genel),"Özel Durum Açıklaması (Genel) Paylarının BİAŞ'ta oluşan ağırlıklı ortalama fiyatının, pay başına net aktif değerinin 2 katını aşması hakkında.",https://www.kap.org.tr/tr/Bildirim/1614323,tr,2026-06-08T10:55:03+00:00
2026-06-08,GSDDE,KAP,GSD DENİZCİLİK GAYRİMENKUL İNŞAAT SANAYİ VE TİCARET A.Ş. - Özel Durum Açıklaması (Genel),Özel Durum Açıklaması (Genel) Süresi İçinde Kaydileştirilmeyen Paylarla İlgili Yatırımcı Tazmin Merkezi Başvuruları Hakkında Duyuru,https://www.kap.org.tr/tr/Bildirim/1614772,tr,2026-06-08T17:13:34+00:00
2026-06-08,GSDHO,KAP,GSD HOLDİNG A.Ş. - Özel Durum Açıklaması (Genel),Özel Durum Açıklaması (Genel) Süresi İçinde Kaydileştirilmeyen Paylarla İlgili Yatırımcı Tazmin Merkezi Başvuruları Hakkında Duyuru,https://www.kap.org.tr/tr/Bildirim/1614773,tr,2026-06-08T17:14:20+00:00
2026-06-08,GUBRF,KAP,GÜBRE FABRİKALARI T.A.Ş. - Şirket Genel Bilgi Formu,Şirket Genel Bilgi Formu,https://www.kap.org.tr/tr/Bildirim/1614848,tr,2026-06-08T18:05:38+00:00
2026-06-08,HLVKS,KAP,HALK VARLIK KİRALAMA A.Ş. - İhraç Tavanına İlişkin Bildirim,İhraç Tavanına İlişkin Bildirim İhraç Tavanına İlişkin Bildirim HALKF,https://www.kap.org.tr/tr/Bildirim/1614936,tr,2026-06-08T18:29:16+00:00
2026-06-08,HLVKS,KAP,HALK VARLIK KİRALAMA A.Ş. - İhraç Belgesi,İhraç Belgesi İHRAÇ BELGESİ HALKF,https://www.kap.org.tr/tr/Bildirim/1614937,tr,2026-06-08T18:29:41+00:00
2026-06-08,HRKET,KAP,HAREKET PROJE TAŞIMACILIĞI VE YÜK MÜHENDİSLİĞİ A.Ş. - Özel Durum Açıklaması (Genel),Özel Durum Açıklaması (Genel) Yönetim Kurulu Görev Dağılımı,https://www.kap.org.tr/tr/Bildirim/1614414,tr,2026-06-08T12:46:10+00:00
2026-06-08,HTTBT,KAP,HİTİT BİLGİSAYAR HİZMETLERİ A.Ş. - Yeni İş İlişkisi,Yeni İş İlişkisi Hitit ve Air Zimbabwe İş Ortaklığının Rezervasyon & Yolcu Hizmetleri ve Muhasebe Çözümleri ile Genişletilmesi,https://www.kap.org.tr/tr/Bildirim/1614160,tr,2026-06-08T08:57:38+00:00
2026-06-08,HUBVC,KAP,HUB GİRİŞİM SERMAYESİ YATIRIM ORTAKLIĞI A.Ş. - Özel Durum Açıklaması (Genel),Özel Durum Açıklaması (Genel) İştirakimiz Enko Teknoloji Anonim Şirketi Sözleşme Tadili ve Sermaye Artırımı Tescili Hk.,https://www.kap.org.tr/tr/Bildirim/1614887,tr,2026-06-08T18:11:13+00:00
2026-06-08,HUBVC,KAP,HUB GİRİŞİM SERMAYESİ YATIRIM ORTAKLIĞI A.Ş. - Şirket Genel Bilgi Formu,Şirket Genel Bilgi Formu,https://www.kap.org.tr/tr/Bildirim/1614892,tr,2026-06-08T18:12:09+00:00
2026-06-08,IHLAS,KAP,İHLAS HOLDİNG A.Ş. - Sermaye Artırımı - Azaltımı İşlemlerine İlişkin Bildirim,Sermaye Artırımı - Azaltımı İşlemlerine İlişkin Bildirim Bedelli Sermaye Artırımı İşleminde Yeni Pay Alma Hakkı Kullanım Tarihleri Hk.,https://www.kap.org.tr/tr/Bildirim/1614513,tr,2026-06-08T14:35:20+00:00
2026-06-08,INFO,KAP,İNFO YATIRIM MENKUL DEĞERLER A.Ş. - Yatırım Kuruluşu Varant - Sertifika - Senetlerine İlişkin Bildirim,Yatırım Kuruluşu Varant - Sertifika - Senetlerine İlişkin Bildirim İnfo Yatırım Varant ve Sertifikaları Piyasa Yapıcı Alım Satım İşlemleri Bildirimi,https://www.kap.org.tr/tr/Bildirim/1614246,tr,2026-06-08T10:06:18+00:00
2026-06-08,INVEO,KAP,INVEO YATIRIM HOLDİNG A.Ş. - Özel Durum Açıklaması (Genel),Özel Durum Açıklaması (Genel) Yatırımcı Tazmin Merkezi Başvurularına İlişkin Duyuru,https://www.kap.org.tr/tr/Bildirim/1614832,tr,2026-06-08T17:52:24+00:00
2026-06-08,ISATR,KAP,TÜRKİYE İŞ BANKASI A.Ş. - Pay Dışında Sermaye Piyasası Aracı İşlemlerine İlişkin Bildirim (Faiz İçeren),Pay Dışında Sermaye Piyasası Aracı İşlemlerine İlişkin Bildirim (Faiz İçeren) Yurtiçi TL cinsi katkı sermaye hesaplamasına dahil edilecek borçlanma aracı kupon oranı açıklaması,https://www.kap.org.tr/tr/Bildirim/1614726,tr,2026-06-08T16:54:50+00:00
2026-06-08,ISBIR,KAP,İŞBİR HOLDİNG A.Ş. - Ortaklık Aleyhine Dava Açılması veya Davaya İlişkin Gelişmeler,Ortaklık Aleyhine Dava Açılması veya Davaya İlişkin Gelişmeler Ortaklık Aleyhine Dava Açılması,https://www.kap.org.tr/tr/Bildirim/1614895,tr,2026-06-08T18:16:12+00:00
2026-06-08,ISBIR,KAP,İŞBİR HOLDİNG A.Ş. - Ortaklık Aleyhine Dava Açılması veya Davaya İlişkin Gelişmeler,Ortaklık Aleyhine Dava Açılması veya Davaya İlişkin Gelişmeler Ortaklık Aleyhine Dava Açılması,https://www.kap.org.tr/tr/Bildirim/1614897,tr,2026-06-08T18:17:14+00:00
2026-06-08,ISBTR,KAP,TÜRKİYE İŞ BANKASI A.Ş. - Pay Dışında Sermaye Piyasası Aracı İşlemlerine İlişkin Bildirim (Faiz İçeren),Pay Dışında Sermaye Piyasası Aracı İşlemlerine İlişkin Bildirim (Faiz İçeren) Yurtiçi TL cinsi katkı sermaye hesaplamasına dahil edilecek borçlanma aracı kupon oranı açıklaması,https://www.kap.org.tr/tr/Bildirim/1614726,tr,2026-06-08T16:54:50+00:00
2026-06-08,ISCTR,KAP,TÜRKİYE İŞ BANKASI A.Ş. - Pay Dışında Sermaye Piyasası Aracı İşlemlerine İlişkin Bildirim (Faiz İçeren),Pay Dışında Sermaye Piyasası Aracı İşlemlerine İlişkin Bildirim (Faiz İçeren) Yurtiçi TL cinsi katkı sermaye hesaplamasına dahil edilecek borçlanma aracı kupon oranı açıklaması,https://www.kap.org.tr/tr/Bildirim/1614726,tr,2026-06-08T16:54:50+00:00
2026-06-08,ISFAK,KAP,İŞ FAKTORİNG A.Ş. - Pay Dışında Sermaye Piyasası Aracı İşlemlerine İlişkin Bildirim (Faiz İçeren),Pay Dışında Sermaye Piyasası Aracı İşlemlerine İlişkin Bildirim (Faiz İçeren) TRFISFA62612 ISIN Kodlu Finansman Bonosu Kupon Ödemesi ve İtfası,https://www.kap.org.tr/tr/Bildirim/1614310,tr,2026-06-08T10:41:43+00:00
2026-06-08,ISKUR,KAP,TÜRKİYE İŞ BANKASI A.Ş. - Pay Dışında Sermaye Piyasası Aracı İşlemlerine İlişkin Bildirim (Faiz İçeren),Pay Dışında Sermaye Piyasası Aracı İşlemlerine İlişkin Bildirim (Faiz İçeren) Yurtiçi TL cinsi katkı sermaye hesaplamasına dahil edilecek borçlanma aracı kupon oranı açıklaması,https://www.kap.org.tr/tr/Bildirim/1614726,tr,2026-06-08T16:54:50+00:00
2026-06-08,ISMEN,KAP,İŞ YATIRIM MENKUL DEĞERLER A.Ş. - Piyasa Yapıcılığı Kapsamında Gerçekleştirilen İşlemler Bildirimi,Piyasa Yapıcılığı Kapsamında Gerçekleştirilen İşlemler Bildirimi Borsa Yatırım Fonu Piyasa Yapıcılığı İşlemleri ISGLK,https://www.kap.org.tr/tr/Bildirim/1614262,tr,2026-06-08T10:33:10+00:00
2026-06-08,ISMEN,KAP,İŞ YATIRIM MENKUL DEĞERLER A.Ş. - Yatırım Kuruluşu Varant - Sertifika - Senetlerine İlişkin Bildirim,Yatırım Kuruluşu Varant - Sertifika - Senetlerine İlişkin Bildirim İş Yatırım Sertifika ve Varant Alım Satım İşlemleri,https://www.kap.org.tr/tr/Bildirim/1614307,tr,2026-06-08T10:36:46+00:00
2026-06-08,ISMEN,KAP,İŞ YATIRIM MENKUL DEĞERLER A.Ş. - Pay Dışında Sermaye Piyasası Aracı İşlemlerine İlişkin Bildirim (Faiz İçeren),Pay Dışında Sermaye Piyasası Aracı İşlemlerine İlişkin Bildirim (Faiz İçeren) 08.06.2026 Vadeli Borçlanma Aracının İtfası,https://www.kap.org.tr/tr/Bildirim/1614800,tr,2026-06-08T17:29:10+00:00
2026-06-08,ISMEN,KAP,İŞ YATIRIM MENKUL DEĞERLER A.Ş. - Ortaklık Aleyhine Dava Açılması veya Davaya İlişkin Gelişmeler,Ortaklık Aleyhine Dava Açılması veya Davaya İlişkin Gelişmeler Ortaklık Aleyhine Dava Açılması,https://www.kap.org.tr/tr/Bildirim/1614891,tr,2026-06-08T18:12:02+00:00
2026-06-08,ISYAT,KAP,İŞ YATIRIM ORTAKLIĞI A.Ş. - Özel Durum Açıklaması (Genel),Özel Durum Açıklaması (Genel) Yatırımcı Tazmin Merkezi Süreci Hakkında,https://www.kap.org.tr/tr/Bildirim/1614571,tr,2026-06-08T15:36:28+00:00
2026-06-08,ISYAT,KAP,İŞ YATIRIM ORTAKLIĞI A.Ş. - Haftalık Rapor,Haftalık Rapor 05.06.2026 Tarihli Haftalık Rapor,https://www.kap.org.tr/tr/Bildirim/1614721,tr,2026-06-08T16:50:57+00:00
2026-06-08,IYF,KAP,İNFO YATIRIM MENKUL DEĞERLER A.Ş. - Yatırım Kuruluşu Varant - Sertifika - Senetlerine İlişkin Bildirim,Yatırım Kuruluşu Varant - Sertifika - Senetlerine İlişkin Bildirim İnfo Yatırım Varant ve Sertifikaları Piyasa Yapıcı Alım Satım İşlemleri Bildirimi,https://www.kap.org.tr/tr/Bildirim/1614246,tr,2026-06-08T10:06:18+00:00
2026-06-08,IYM,KAP,İŞ YATIRIM MENKUL DEĞERLER A.Ş. - Piyasa Yapıcılığı Kapsamında Gerçekleştirilen İşlemler Bildirimi,Piyasa Yapıcılığı Kapsamında Gerçekleştirilen İşlemler Bildirimi Borsa Yatırım Fonu Piyasa Yapıcılığı İşlemleri ISGLK,https://www.kap.org.tr/tr/Bildirim/1614262,tr,2026-06-08T10:33:10+00:00
2026-06-08,IYM,KAP,İŞ YATIRIM MENKUL DEĞERLER A.Ş. - Yatırım Kuruluşu Varant - Sertifika - Senetlerine İlişkin Bildirim,Yatırım Kuruluşu Varant - Sertifika - Senetlerine İlişkin Bildirim İş Yatırım Sertifika ve Varant Alım Satım İşlemleri,https://www.kap.org.tr/tr/Bildirim/1614307,tr,2026-06-08T10:36:46+00:00
2026-06-08,IYM,KAP,İŞ YATIRIM MENKUL DEĞERLER A.Ş. - Pay Dışında Sermaye Piyasası Aracı İşlemlerine İlişkin Bildirim (Faiz İçeren),Pay Dışında Sermaye Piyasası Aracı İşlemlerine İlişkin Bildirim (Faiz İçeren) 08.06.2026 Vadeli Borçlanma Aracının İtfası,https://www.kap.org.tr/tr/Bildirim/1614800,tr,2026-06-08T17:29:10+00:00
2026-06-08,IYM,KAP,İŞ YATIRIM MENKUL DEĞERLER A.Ş. - Ortaklık Aleyhine Dava Açılması veya Davaya İlişkin Gelişmeler,Ortaklık Aleyhine Dava Açılması veya Davaya İlişkin Gelişmeler Ortaklık Aleyhine Dava Açılması,https://www.kap.org.tr/tr/Bildirim/1614891,tr,2026-06-08T18:12:02+00:00
2026-06-08,IZFAS,KAP,İZMİR FIRÇA SANAYİ VE TİCARET A.Ş. - Genel Kurul İşlemlerine İlişkin Bildirim,Genel Kurul İşlemlerine İlişkin Bildirim ERTELENEN 2025 YILI OLAĞAN GENEL KURULU TESCİL EDİLMİŞTİR.,https://www.kap.org.tr/tr/Bildirim/1614327,tr,2026-06-08T11:01:07+00:00
2026-06-08,IZFAS,KAP,İZMİR FIRÇA SANAYİ VE TİCARET A.Ş. - Bağımsız Denetim Kuruluşunun Belirlenmesi,Bağımsız Denetim Kuruluşunun Belirlenmesi 2026 Yılı Bağımsız Denetim Şirketinin Genel Kurulda Onaylanması tescil edilmiştir.,https://www.kap.org.tr/tr/Bildirim/1614328,tr,2026-06-08T11:05:26+00:00
2026-06-08,KATVK,KAP,KATILIM VARLIK KİRALAMA A.Ş. - İhraç Tavanına İlişkin Bildirim,İhraç Tavanına İlişkin Bildirim Kira Sertifikası İhraç Tavanına İlişkin SPK Onayı BRISA,https://www.kap.org.tr/tr/Bildirim/1614547,tr,2026-06-08T14:53:39+00:00
2026-06-08,KATVK,KAP,KATILIM VARLIK KİRALAMA A.Ş. - İhraç Belgesi,İhraç Belgesi Kira Sertifikası İhraç Tavanına İlişkin SPK Onayı BRISA,https://www.kap.org.tr/tr/Bildirim/1614549,tr,2026-06-08T14:53:50+00:00
2026-06-08,KATVK,KAP,KATILIM VARLIK KİRALAMA A.Ş. - İhraç Tavanına İlişkin Bildirim,İhraç Tavanına İlişkin Bildirim Kira Sertifikası İhraç Tavanına İlişkin SPK Onayı KARSN,https://www.kap.org.tr/tr/Bildirim/1614556,tr,2026-06-08T15:03:08+00:00
2026-06-08,KATVK,KAP,KATILIM VARLIK KİRALAMA A.Ş. - İhraç Belgesi,İhraç Belgesi Kira Sertifikası İhraç Tavanına İlişkin SPK Onayı KARSN,https://www.kap.org.tr/tr/Bildirim/1614557,tr,2026-06-08T15:03:15+00:00
2026-06-08,KATVK,KAP,KATILIM VARLIK KİRALAMA A.Ş. - Genel Kurul Bildirimi,Genel Kurul Bildirimi 2025 Yılı Olağan Genel Kurul Toplantı Tarihi ve Gündemi,https://www.kap.org.tr/tr/Bildirim/1614722,tr,2026-06-08T16:52:27+00:00
2026-06-08,KBORU,KAP,KUZEY BORU A.Ş. - İhale Süreci / Sonucu,İhale Süreci / Sonucu İhale Süreci Bildirimi,https://www.kap.org.tr/tr/Bildirim/1614933,tr,2026-06-08T18:26:25+00:00
2026-06-08,KCAER,KAP,KOCAER ÇELİK SANAYİ VE TİCARET A.Ş. - Esas Sözleşme,Esas Sözleşme Esas Sözleşmenin Güncel Hali,https://www.kap.org.tr/tr/Bildirim/1614679,tr,2026-06-08T16:21:36+00:00
2026-06-08,KFILO,KAP,KAYATUR FİLO KİRALAMA A.Ş. - Pay Dışında Sermaye Piyasası Aracı İşlemlerine İlişkin Bildirim (Faiz İçeren),Pay Dışında Sermaye Piyasası Aracı İşlemlerine İlişkin Bildirim (Faiz İçeren) TRFKYTR62611 ISIN kodlu tahvilin anapara ve faiz itfasına ait MKK Tarafından istenilen bildirim konusu değişikliği yapılmıştır.,https://www.kap.org.tr/tr/Bildirim/1614529,tr,2026-06-08T14:48:48+00:00
2026-06-08,KGYO,KAP,KORAY GAYRİMENKUL YATIRIM ORTAKLIĞI A.Ş. - Şirket Genel Bilgi Formu,Şirket Genel Bilgi Formu,https://www.kap.org.tr/tr/Bildirim/1614154,tr,2026-06-08T08:19:20+00:00
2026-06-08,KLN,KAP,TÜRKİYE KALKINMA VE YATIRIM BANKASI A.Ş. - Özel Durum Açıklaması (Genel),Özel Durum Açıklaması (Genel) Avrupa Yatırım Bankası (EIB) ile kredi anlaşması imzalanması,https://www.kap.org.tr/tr/Bildirim/1614168,tr,2026-06-08T09:10:44+00:00
2026-06-08,KLNMA,KAP,TÜRKİYE KALKINMA VE YATIRIM BANKASI A.Ş. - Özel Durum Açıklaması (Genel),Özel Durum Açıklaması (Genel) Avrupa Yatırım Bankası (EIB) ile kredi anlaşması imzalanması,https://www.kap.org.tr/tr/Bildirim/1614168,tr,2026-06-08T09:10:44+00:00
2026-06-08,KTSKR,KAP,KÜTAHYA ŞEKER FABRİKASI A.Ş. - Genel Kurul İşlemlerine İlişkin Bildirim,Genel Kurul İşlemlerine İlişkin Bildirim 2025 Olağan Genel Kurul Toplantı Çağrısı,https://www.kap.org.tr/tr/Bildirim/1614844,tr,2026-06-08T18:02:09+00:00
2026-06-08,KTSKR,KAP,KÜTAHYA ŞEKER FABRİKASI A.Ş. - Kar Payı Dağıtım İşlemlerine İlişkin Bildirim,Kar Payı Dağıtım İşlemlerine İlişkin Bildirim 2025 Yılı Olağan Genel Kuruluna Kar Payı Dağıtım Önerisi,https://www.kap.org.tr/tr/Bildirim/1614845,tr,2026-06-08T18:02:50+00:00
2026-06-08,KTSKR,KAP,KÜTAHYA ŞEKER FABRİKASI A.Ş. - Genel Kurul İşlemlerine İlişkin Bildirim,Genel Kurul İşlemlerine İlişkin Bildirim 2025 İmtiyazlı Pay Sahipleri Özel Kurulu Toplantı Çağrısı,https://www.kap.org.tr/tr/Bildirim/1614846,tr,2026-06-08T18:03:52+00:00
2026-06-08,KUVVA,KAP,KUVVA GIDA TİCARET VE SANAYİ YATIRIMLARI A.Ş. - Sermaye Artırımı - Azaltımı İşlemlerine İlişkin Bildirim,Sermaye Artırımı - Azaltımı İşlemlerine İlişkin Bildirim Bedelsiz sermaye artırımı hk,https://www.kap.org.tr/tr/Bildirim/1614718,tr,2026-06-08T16:50:05+00:00
2026-06-08,LIDER,KAP,LDR TURİZM A.Ş. - Yönetim Kurulu Komiteleri,Yönetim Kurulu Komiteleri Denetimden Sorumlu Komite Çalışma Esaslarının Güncellenmesi,https://www.kap.org.tr/tr/Bildirim/1614514,tr,2026-06-08T14:39:11+00:00
2026-06-08,LILAK,KAP,LİLA KAĞIT SANAYİ VE TİCARET A.Ş. - Özel Durum Açıklaması (Genel),Özel Durum Açıklaması (Genel) Erzurum Fabrikası Faz I Açılışı,https://www.kap.org.tr/tr/Bildirim/1614885,tr,2026-06-08T18:10:54+00:00
2026-06-08,LINK,KAP,LİNK BİLGİSAYAR SİSTEMLERİ YAZILIMI VE DONANIMI SANAYİ VE TİCARET A.Ş. - Özel Durum Açıklaması (Genel),Özel Durum Açıklaması (Genel) Süresi İçinde Kaydileştirilmeyen Paylarla İlgili Yatırımcı Tazmin Merkezi Başvuruları Hakkında Duyuru,https://www.kap.org.tr/tr/Bildirim/1614890,tr,2026-06-08T18:11:53+00:00
2026-06-08,LMKDC,KAP,LİMAK DOĞU ANADOLU ÇİMENTO SANAYİ VE TİCARET A.Ş. - Özel Durum Açıklaması (Genel),Özel Durum Açıklaması (Genel) Lisanssız Elektrik Üretim Başvurusuna İlişkin Kapasite Tahsisi Hakkında,https://www.kap.org.tr/tr/Bildirim/1614335,tr,2026-06-08T11:30:35+00:00
2026-06-08,LYDHO,KAP,LYDİA HOLDİNG A.Ş. - Özel Durum Açıklaması (Genel),Özel Durum Açıklaması (Genel) Süresi İçinde Kaydileştirilmeyen Paylarla İlgili Yatırımcı Tazmin Merkezi Başvuruları Hk. Bilgilendirme,https://www.kap.org.tr/tr/Bildirim/1614801,tr,2026-06-08T17:29:52+00:00
2026-06-08,MARKA,KAP,MARKA YATIRIM HOLDİNG A.Ş. - Özel Durum Açıklaması (Genel),Özel Durum Açıklaması (Genel) Bağlı Ortaklık Hakkında,https://www.kap.org.tr/tr/Bildirim/1614796,tr,2026-06-08T17:25:21+00:00
2026-06-08,MHRGY,KAP,MHR GAYRİMENKUL YATIRIM ORTAKLIĞI A.Ş. - Maddi Duran Varlık Alımı,Maddi Duran Varlık Alımı Şirketimiz Gayrimenkul Yatırımı hk.,https://www.kap.org.tr/tr/Bildirim/1614719,tr,2026-06-08T16:50:19+00:00
2026-06-08,MPARK,KAP,MLP SAĞLIK HİZMETLERİ A.Ş. - Şirket Genel Bilgi Formu,Şirket Genel Bilgi Formu,https://www.kap.org.tr/tr/Bildirim/1614157,tr,2026-06-08T08:53:30+00:00
2026-06-08,MTRYO,KAP,METRO YATIRIM ORTAKLIĞI A.Ş. - Haftalık Rapor,Haftalık Rapor Haftalık Rapor,https://www.kap.org.tr/tr/Bildirim/1614321,tr,2026-06-08T10:53:03+00:00
2026-06-08,MZHLD,KAP,MAZHAR ZORLU HOLDİNG A.Ş. - Özel Durum Açıklaması (Genel),Özel Durum Açıklaması (Genel) Yatırımcı Tazmin Merkezine (YTM) Başvuru Süresi Hakkında Bilgilendirme,https://www.kap.org.tr/tr/Bildirim/1614881,tr,2026-06-08T18:07:20+00:00
2026-06-08,NRBNK,KAP,NUROL YATIRIM BANKASI A.Ş. - Pay Dışında Sermaye Piyasası Aracı İşlemlerine İlişkin Bildirim (Faiz İçeren),Pay Dışında Sermaye Piyasası Aracı İşlemlerine İlişkin Bildirim (Faiz İçeren) TRSNURL62738 ISIN Kodlu Tahvil Satışının Tamamlanması,https://www.kap.org.tr/tr/Bildirim/1614454,tr,2026-06-08T13:24:04+00:00
2026-06-08,NYB,KAP,NUROL YATIRIM BANKASI A.Ş. - Pay Dışında Sermaye Piyasası Aracı İşlemlerine İlişkin Bildirim (Faiz İçeren),Pay Dışında Sermaye Piyasası Aracı İşlemlerine İlişkin Bildirim (Faiz İçeren) TRSNURL62738 ISIN Kodlu Tahvil Satışının Tamamlanması,https://www.kap.org.tr/tr/Bildirim/1614454,tr,2026-06-08T13:24:04+00:00
2026-06-08,OTOSR,KAP,OTOSOR OTOMOTİV A.Ş. - Pay Dışında Sermaye Piyasası Aracı İşlemlerine İlişkin Bildirim (Faiz İçeren),Pay Dışında Sermaye Piyasası Aracı İşlemlerine İlişkin Bildirim (Faiz İçeren) TRFOTSRA2611 ISIN Kodlu Finansman Bonosunun 2. Kupon Oranının Belirlenmesi,https://www.kap.org.tr/tr/Bildirim/1614882,tr,2026-06-08T18:09:28+00:00
2026-06-08,OYA,KAP,OYAK YATIRIM MENKUL DEĞERLER A.Ş. - Piyasa Yapıcılığı Kapsamında Gerçekleştirilen İşlemler Bildirimi,Piyasa Yapıcılığı Kapsamında Gerçekleştirilen İşlemler Bildirimi 08/06/2026 TARİHLİ OYAYO PİYASA YAPICILIĞI İŞLEMLERİ OYAYO,https://www.kap.org.tr/tr/Bildirim/1614940,tr,2026-06-08T18:30:53+00:00
2026-06-08,OYAYO,KAP,OYAK YATIRIM ORTAKLIĞI A.Ş. - Özel Durum Açıklaması (Genel),"Özel Durum Açıklaması (Genel) Ortaklık paylarının BİAŞ'ta oluşan ağırlıklı ortalama fiyatının, pay başına net aktif değerinin 2 katını aşması hakkında",https://www.kap.org.tr/tr/Bildirim/1614352,tr,2026-06-08T12:05:31+00:00
2026-06-08,OYAYO,KAP,OYAK YATIRIM ORTAKLIĞI A.Ş. - Haftalık Rapor,Haftalık Rapor 05.06.2026 Tarihli Haftalık Rapor,https://www.kap.org.tr/tr/Bildirim/1614353,tr,2026-06-08T12:05:49+00:00
2026-06-08,OYYAT,KAP,OYAK YATIRIM MENKUL DEĞERLER A.Ş. - Piyasa Yapıcılığı Kapsamında Gerçekleştirilen İşlemler Bildirimi,Piyasa Yapıcılığı Kapsamında Gerçekleştirilen İşlemler Bildirimi 08/06/2026 TARİHLİ OYAYO PİYASA YAPICILIĞI İŞLEMLERİ OYAYO,https://www.kap.org.tr/tr/Bildirim/1614940,tr,2026-06-08T18:30:53+00:00
2026-06-08,OZYSR,KAP,ÖZYAŞAR TEL VE GALVANİZLEME SANAYİ A.Ş. - Genel Kurul İşlemlerine İlişkin Bildirim,Genel Kurul İşlemlerine İlişkin Bildirim 2025 Yılı Olağan Genel Kurul Toplantısı Sonucu,https://www.kap.org.tr/tr/Bildirim/1614239,tr,2026-06-08T09:56:25+00:00
2026-06-08,PARSN,KAP,PARSAN MAKİNA PARÇALARI SANAYİİ A.Ş. - Özel Durum Açıklaması (Genel),Özel Durum Açıklaması (Genel) Süresi İçinde Kaydileştirilmeyen Paylara İlişkin Duyuru,https://www.kap.org.tr/tr/Bildirim/1614724,tr,2026-06-08T16:53:53+00:00
2026-06-08,PBT,KAP,PASHA YATIRIM BANKASI A.Ş. - Özel Durum Açıklaması (Genel),Özel Durum Açıklaması (Genel) PASHA Yatırım Bankası A.Ş. Maygold Üçüncü Varlık Finansmanı Fonu iç tüzük değişikliği Hk.,https://www.kap.org.tr/tr/Bildirim/1614780,tr,2026-06-08T17:20:38+00:00
2026-06-08,PBTR,KAP,PASHA YATIRIM BANKASI A.Ş. - Özel Durum Açıklaması (Genel),Özel Durum Açıklaması (Genel) PASHA Yatırım Bankası A.Ş. Maygold Üçüncü Varlık Finansmanı Fonu iç tüzük değişikliği Hk.,https://www.kap.org.tr/tr/Bildirim/1614780,tr,2026-06-08T17:20:38+00:00
2026-06-08,PENTA,KAP,PENTA TEKNOLOJİ ÜRÜNLERİ DAĞITIM TİCARET A.Ş. - Genel Kurul İşlemlerine İlişkin Bildirim,Genel Kurul İşlemlerine İlişkin Bildirim 2025 Yılı Olağan Genel Kurul Toplantısı Daveti,https://www.kap.org.tr/tr/Bildirim/1614238,tr,2026-06-08T09:52:04+00:00
2026-06-08,QNBFK,KAP,QNB FİNANSAL KİRALAMA A.Ş. - Şirket Genel Bilgi Formu,Şirket Genel Bilgi Formu,https://www.kap.org.tr/tr/Bildirim/1614558,tr,2026-06-08T15:06:55+00:00
2026-06-08,QNBTR,KAP,QNB BANK A.Ş. - Pay Dışında Sermaye Piyasası Aracı İşlemlerine İlişkin Bildirim (Faiz İçeren),Pay Dışında Sermaye Piyasası Aracı İşlemlerine İlişkin Bildirim (Faiz İçeren) MTN programı kapsamında yurtdışında ihraç edilen borçlanma aracının itfası,https://www.kap.org.tr/tr/Bildirim/1614447,tr,2026-06-08T13:07:27+00:00
2026-06-08,QNBTR,KAP,QNB BANK A.Ş. - Pay Dışında Sermaye Piyasası Aracı İşlemlerine İlişkin Bildirim (Faiz İçeren),Pay Dışında Sermaye Piyasası Aracı İşlemlerine İlişkin Bildirim (Faiz İçeren) MTN programı kapsamında yurtdışında ihraç edilen borçlanma aracının itfası,https://www.kap.org.tr/tr/Bildirim/1614448,tr,2026-06-08T13:08:01+00:00
2026-06-08,QNBTR,KAP,QNB BANK A.Ş. - İhraç Tavanına İlişkin Bildirim,İhraç Tavanına İlişkin Bildirim İhraç Tavanına İlişkin Bildirim (SPK Tarafından Onaylanan),https://www.kap.org.tr/tr/Bildirim/1614840,tr,2026-06-08T17:57:18+00:00
2026-06-08,QNBTR,KAP,QNB BANK A.Ş. - İhraç Belgesi,İhraç Belgesi QNB Bank A.Ş. İhraç Belgesi,https://www.kap.org.tr/tr/Bildirim/1614841,tr,2026-06-08T17:57:51+00:00
2026-06-08,RAYSG,KAP,RAY SİGORTA A.Ş. - Özel Durum Açıklaması (Genel),Özel Durum Açıklaması (Genel) 2026 Yılı Mayıs Ayı Sonu Brüt Prim Üretimi,https://www.kap.org.tr/tr/Bildirim/1614156,tr,2026-06-08T08:25:42+00:00
2026-06-08,RUBNS,KAP,RUBENİS TEKSTİL SANAYİ TİCARET A.Ş. - Özel Durum Açıklaması (Genel),Özel Durum Açıklaması (Genel) Ürün Satışları Hakkında.,https://www.kap.org.tr/tr/Bildirim/1614155,tr,2026-06-08T08:24:06+00:00
2026-06-08,SAHOL,KAP,HACI ÖMER SABANCI HOLDİNG A.Ş. - Özel Durum Açıklaması (Genel),Özel Durum Açıklaması (Genel) Süresi İçinde Kaydileştirilmeyen Paylarla İlgili Yatırımcı Tazmin Merkezi Başvuruları Hakkında Duyuru,https://www.kap.org.tr/tr/Bildirim/1614453,tr,2026-06-08T13:20:36+00:00
2026-06-08,SARKY,KAP,SARKUYSAN ELEKTROLİTİK BAKIR SANAYİ VE TİCARET A.Ş. - Özel Durum Açıklaması (Genel),Özel Durum Açıklaması (Genel) E-12659767-110.05-12854 Sayı ve 04.06.2026 tarihli Yatırımcı Tazmin Merkezi'nden (YTM) Şirketimize tebliğ edilmiş olan yazıya ilişkin hususlar aşağıda belirtilmiştir.,https://www.kap.org.tr/tr/Bildirim/1614344,tr,2026-06-08T11:49:17+00:00
2026-06-08,SASA,KAP,SASA POLYESTER SANAYİ A.Ş. - Şirket Genel Bilgi Formu,Şirket Genel Bilgi Formu,https://www.kap.org.tr/tr/Bildirim/1614458,tr,2026-06-08T13:46:33+00:00
2026-06-08,SISE,KAP,TÜRKİYE ŞİŞE VE CAM FABRİKALARI A.Ş. - Şirket Genel Bilgi Formu,Şirket Genel Bilgi Formu,https://www.kap.org.tr/tr/Bildirim/1614642,tr,2026-06-08T16:02:27+00:00
2026-06-08,SMRVA,KAP,SÜMER VARLIK YÖNETİM A.Ş. - İhraç Belgesi,İhraç Belgesi Yurt İçi Borçlanma Aracı İhraç Limiti SPK Onayı,https://www.kap.org.tr/tr/Bildirim/1614457,tr,2026-06-08T13:33:34+00:00
2026-06-08,SMRVA,KAP,SÜMER VARLIK YÖNETİM A.Ş. - Pay Dışında Sermaye Piyasası Aracı İşlemlerine İlişkin Bildirim (Faiz İçeren),Pay Dışında Sermaye Piyasası Aracı İşlemlerine İlişkin Bildirim (Faiz İçeren) TRFSUVYA2610 ISIN Kodlu Bonoya ait Kupon Oranı Belirlenmesi,https://www.kap.org.tr/tr/Bildirim/1614740,tr,2026-06-08T17:12:02+00:00
2026-06-08,TARKM,KAP,TARKİM BİTKİ KORUMA SANAYİ VE TİCARET A.Ş. - Özel Durum Açıklaması (Genel),Özel Durum Açıklaması (Genel) Turgutlu Yeni Fabrika Yatırımı Yapı Kullanım İzinleri Hk.,https://www.kap.org.tr/tr/Bildirim/1614674,tr,2026-06-08T16:10:54+00:00
2026-06-08,TAVHL,KAP,TAV HAVALİMANLARI HOLDİNG A.Ş. - Pay Dışında Sermaye Piyasası Aracı İşlemlerine İlişkin Bildirim (Faiz İçeren),Pay Dışında Sermaye Piyasası Aracı İşlemlerine İlişkin Bildirim (Faiz İçeren) Yurt Dışı Tahvil 5. Kupon Ödemesi,https://www.kap.org.tr/tr/Bildirim/1614251,tr,2026-06-08T10:12:20+00:00
2026-06-08,TAVHL,KAP,TAV HAVALİMANLARI HOLDİNG A.Ş. - İhale Süreci / Sonucu,İhale Süreci / Sonucu Kuveyt Uluslararası Havalimanı Terminal 2 İşletme ve Bakım Hizmeti İhalesi,https://www.kap.org.tr/tr/Bildirim/1614665,tr,2026-06-08T16:06:21+00:00
2026-06-08,TEVKS,KAP,TERA VARLIK KİRALAMA A.Ş. - İhraç Tavanına İlişkin Bildirim,İhraç Tavanına İlişkin Bildirim Yurt İçi Kira Sertifikası İhraç Tavanına İlişkin SPK Başvurusu TRBNK,https://www.kap.org.tr/tr/Bildirim/1614450,tr,2026-06-08T13:10:38+00:00
2026-06-08,TIB,KAP,TÜRKİYE İŞ BANKASI A.Ş. - Pay Dışında Sermaye Piyasası Aracı İşlemlerine İlişkin Bildirim (Faiz İçeren),Pay Dışında Sermaye Piyasası Aracı İşlemlerine İlişkin Bildirim (Faiz İçeren) Yurtiçi TL cinsi katkı sermaye hesaplamasına dahil edilecek borçlanma aracı kupon oranı açıklaması,https://www.kap.org.tr/tr/Bildirim/1614726,tr,2026-06-08T16:54:50+00:00
2026-06-08,TVB,KAP,TÜRKİYE VAKIFLAR BANKASI T.A.O. - Pay Dışında Sermaye Piyasası Aracı İşlemlerine İlişkin Bildirim (Faiz İçeren),Pay Dışında Sermaye Piyasası Aracı İşlemlerine İlişkin Bildirim (Faiz İçeren) Yurtiçinde Nitelikli Yatırımcılara Sermaye Benzeri Tahvil 35. Kupon Ödemesi,https://www.kap.org.tr/tr/Bildirim/1614563,tr,2026-06-08T15:27:40+00:00
2026-06-08,ULKER,KAP,ÜLKER BİSKÜVİ SANAYİ A.Ş. - Genel Kurul İşlemlerine İlişkin Bildirim,Genel Kurul İşlemlerine İlişkin Bildirim 2025 Olağan Genel Kurul Toplantısı Sonucu,https://www.kap.org.tr/tr/Bildirim/1614932,tr,2026-06-08T18:26:25+00:00
2026-06-08,VAKBN,KAP,TÜRKİYE VAKIFLAR BANKASI T.A.O. - Pay Dışında Sermaye Piyasası Aracı İşlemlerine İlişkin Bildirim (Faiz İçeren),Pay Dışında Sermaye Piyasası Aracı İşlemlerine İlişkin Bildirim (Faiz İçeren) Yurtiçinde Nitelikli Yatırımcılara Sermaye Benzeri Tahvil 35. Kupon Ödemesi,https://www.kap.org.tr/tr/Bildirim/1614563,tr,2026-06-08T15:27:40+00:00
2026-06-08,VAKVK,KAP,VAKIF VARLIK KİRALAMA A.Ş. - Genel Kurul Bildirimi,Genel Kurul Bildirimi 2025 Yılı Olağan Genel Kurul Toplantı Tarihi ve Gündemi,https://www.kap.org.tr/tr/Bildirim/1614723,tr,2026-06-08T16:52:56+00:00
2026-06-08,YKB,KAP,YAPI VE KREDİ BANKASI A.Ş. - Pay Dışında Sermaye Piyasası Aracı İşlemlerine İlişkin Bildirim (Faiz İçeren),Pay Dışında Sermaye Piyasası Aracı İşlemlerine İlişkin Bildirim (Faiz İçeren) Yurtdışında ihraç edilen borçlanma aracının itfası,https://www.kap.org.tr/tr/Bildirim/1614462,tr,2026-06-08T13:59:36+00:00
2026-06-08,YKB,KAP,YAPI VE KREDİ BANKASI A.Ş. - Pay Dışında Sermaye Piyasası Aracı İşlemlerine İlişkin Bildirim (Faiz İçeren),Pay Dışında Sermaye Piyasası Aracı İşlemlerine İlişkin Bildirim (Faiz İçeren) Yurtdışında ihraç edilen borçlanma aracının itfası,https://www.kap.org.tr/tr/Bildirim/1614463,tr,2026-06-08T13:59:49+00:00
2026-06-08,YKB,KAP,YAPI VE KREDİ BANKASI A.Ş. - Pay Dışında Sermaye Piyasası Aracı İşlemlerine İlişkin Bildirim (Faiz İçeren),Pay Dışında Sermaye Piyasası Aracı İşlemlerine İlişkin Bildirim (Faiz İçeren) Yurtdışında ihraç edilen borçlanma aracının itfası,https://www.kap.org.tr/tr/Bildirim/1614464,tr,2026-06-08T14:00:03+00:00
2026-06-08,YKB,KAP,YAPI VE KREDİ BANKASI A.Ş. - Pay Dışında Sermaye Piyasası Aracı İşlemlerine İlişkin Bildirim (Faiz İçeren),Pay Dışında Sermaye Piyasası Aracı İşlemlerine İlişkin Bildirim (Faiz İçeren) Yurtdışında ihraç edilen borçlanma aracının itfası,https://www.kap.org.tr/tr/Bildirim/1614465,tr,2026-06-08T14:00:21+00:00
2026-06-08,YKB,KAP,YAPI VE KREDİ BANKASI A.Ş. - Pay Dışında Sermaye Piyasası Aracı İşlemlerine İlişkin Bildirim (Faiz İçeren),Pay Dışında Sermaye Piyasası Aracı İşlemlerine İlişkin Bildirim (Faiz İçeren) Yurtdışında ihraç edilen borçlanma aracının itfası,https://www.kap.org.tr/tr/Bildirim/1614466,tr,2026-06-08T14:00:37+00:00
2026-06-08,YKBNK,KAP,YAPI VE KREDİ BANKASI A.Ş. - Pay Dışında Sermaye Piyasası Aracı İşlemlerine İlişkin Bildirim (Faiz İçeren),Pay Dışında Sermaye Piyasası Aracı İşlemlerine İlişkin Bildirim (Faiz İçeren) Yurtdışında ihraç edilen borçlanma aracının itfası,https://www.kap.org.tr/tr/Bildirim/1614462,tr,2026-06-08T13:59:36+00:00
2026-06-08,YKBNK,KAP,YAPI VE KREDİ BANKASI A.Ş. - Pay Dışında Sermaye Piyasası Aracı İşlemlerine İlişkin Bildirim (Faiz İçeren),Pay Dışında Sermaye Piyasası Aracı İşlemlerine İlişkin Bildirim (Faiz İçeren) Yurtdışında ihraç edilen borçlanma aracının itfası,https://www.kap.org.tr/tr/Bildirim/1614463,tr,2026-06-08T13:59:49+00:00
2026-06-08,YKBNK,KAP,YAPI VE KREDİ BANKASI A.Ş. - Pay Dışında Sermaye Piyasası Aracı İşlemlerine İlişkin Bildirim (Faiz İçeren),Pay Dışında Sermaye Piyasası Aracı İşlemlerine İlişkin Bildirim (Faiz İçeren) Yurtdışında ihraç edilen borçlanma aracının itfası,https://www.kap.org.tr/tr/Bildirim/1614464,tr,2026-06-08T14:00:03+00:00
2026-06-08,YKBNK,KAP,YAPI VE KREDİ BANKASI A.Ş. - Pay Dışında Sermaye Piyasası Aracı İşlemlerine İlişkin Bildirim (Faiz İçeren),Pay Dışında Sermaye Piyasası Aracı İşlemlerine İlişkin Bildirim (Faiz İçeren) Yurtdışında ihraç edilen borçlanma aracının itfası,https://www.kap.org.tr/tr/Bildirim/1614465,tr,2026-06-08T14:00:21+00:00
2026-06-08,YKBNK,KAP,YAPI VE KREDİ BANKASI A.Ş. - Pay Dışında Sermaye Piyasası Aracı İşlemlerine İlişkin Bildirim (Faiz İçeren),Pay Dışında Sermaye Piyasası Aracı İşlemlerine İlişkin Bildirim (Faiz İçeren) Yurtdışında ihraç edilen borçlanma aracının itfası,https://www.kap.org.tr/tr/Bildirim/1614466,tr,2026-06-08T14:00:37+00:00
2026-06-08,YKFIN,KAP,YAPI KREDİ FİNANSAL KİRALAMA A.O. - Pay Dışında Sermaye Piyasası Aracı İşlemlerine İlişkin Bildirim (Faiz İçeren),Pay Dışında Sermaye Piyasası Aracı İşlemlerine İlişkin Bildirim (Faiz İçeren) TRSYKFK62618 ISIN kodlu tahvilin kupon ödemesi ve anapara itfası gerçekleşmiştir,https://www.kap.org.tr/tr/Bildirim/1614329,tr,2026-06-08T11:06:43+00:00
