date,ticker,source,title,text,url,language,published_at
2025-03-24,A1CAP,KAP,A1 CAPİTAL YATIRIM MENKUL DEĞERLER A.Ş. - Bağımsız Denetim Kuruluşunun Belirlenmesi,Bağımsız Denetim Kuruluşunun Belirlenmesi 2025 Yılı Bağımsız Denetim Şirketi Belirlenmesi Hk.,https://www.kap.org.tr/tr/Bildirim/1410587,tr,2025-03-24T18:10:52+00:00
2025-03-24,A1CAP,KAP,A1 CAPİTAL YATIRIM MENKUL DEĞERLER A.Ş. - Özel Durum Açıklaması (Genel),Özel Durum Açıklaması (Genel) Yatırımcı İlişkileri Yöneticisinin Görevden Ayrılması Hk.,https://www.kap.org.tr/tr/Bildirim/1410584,tr,2025-03-24T18:10:26+00:00
2025-03-24,A1YEN,KAP,KARTAL YENİLENEBİLİR ENERJİ ÜRETİM A.Ş. - Bağımsız Denetim Kuruluşunun Belirlenmesi,Bağımsız Denetim Kuruluşunun Belirlenmesi 2025 Yılı Bağımsız Denetim Şirketi Belirlenmesi Hk.,https://www.kap.org.tr/tr/Bildirim/1410574,tr,2025-03-24T18:08:09+00:00
2025-03-24,ACP,KAP,A1 CAPİTAL YATIRIM MENKUL DEĞERLER A.Ş. - Bağımsız Denetim Kuruluşunun Belirlenmesi,Bağımsız Denetim Kuruluşunun Belirlenmesi 2025 Yılı Bağımsız Denetim Şirketi Belirlenmesi Hk.,https://www.kap.org.tr/tr/Bildirim/1410587,tr,2025-03-24T18:10:52+00:00
2025-03-24,ACP,KAP,A1 CAPİTAL YATIRIM MENKUL DEĞERLER A.Ş. - Özel Durum Açıklaması (Genel),Özel Durum Açıklaması (Genel) Yatırımcı İlişkileri Yöneticisinin Görevden Ayrılması Hk.,https://www.kap.org.tr/tr/Bildirim/1410584,tr,2025-03-24T18:10:26+00:00
2025-03-24,ADEL,KAP,ADEL KALEMCİLİK TİCARET VE SANAYİ A.Ş. - Pay Dışında Sermaye Piyasası Aracı İşlemlerine İlişkin Bildirim (Faiz İçeren),Pay Dışında Sermaye Piyasası Aracı İşlemlerine İlişkin Bildirim (Faiz İçeren) TRSADEL92611 ISIN Kodlu Tahvilin 1. Kupon Faiz Oranının Belirlenmesi,https://www.kap.org.tr/tr/Bildirim/1410755,tr,2025-03-24T20:16:16+00:00
2025-03-24,AGESA,KAP,AGESA HAYAT VE EMEKLİLİK A.Ş. - Özel Durum Açıklaması (Genel),Özel Durum Açıklaması (Genel) Yönetim Kurulu Başkanı Değişimi,https://www.kap.org.tr/tr/Bildirim/1410428,tr,2025-03-24T15:00:22+00:00
2025-03-24,AHGAZ,KAP,AHLATCI DOĞAL GAZ DAĞITIM ENERJİ VE YATIRIM A.Ş. - Payların Geri Alınmasına İlişkin Bildirim,Payların Geri Alınmasına İlişkin Bildirim 24.03.2025 Tarihli Pay Geri Alım İşlemleri,https://www.kap.org.tr/tr/Bildirim/1410628,tr,2025-03-24T18:30:06+00:00
2025-03-24,AHSGY,KAP,AHES GAYRİMENKUL YATIRIM ORTAKLIĞI A.Ş. - Şirket Genel Bilgi Formu,Şirket Genel Bilgi Formu,https://www.kap.org.tr/tr/Bildirim/1410433,tr,2025-03-24T15:06:49+00:00
2025-03-24,AHSGY,KAP,AHES GAYRİMENKUL YATIRIM ORTAKLIĞI A.Ş. - Özel Durum Açıklaması (Genel),Özel Durum Açıklaması (Genel) Yatırımcı İlişkileri Yönetici Ataması Hakk.,https://www.kap.org.tr/tr/Bildirim/1410432,tr,2025-03-24T15:06:11+00:00
2025-03-24,AKBNK,KAP,AKBANK T.A.Ş. - Kar Payı Dağıtım İşlemlerine İlişkin Bildirim,Kar Payı Dağıtım İşlemlerine İlişkin Bildirim 2024 Yılı Karının Dağıtımı Hakkında.,https://www.kap.org.tr/tr/Bildirim/1410758,tr,2025-03-24T20:24:23+00:00
2025-03-24,AKBNK,KAP,AKBANK T.A.Ş. - Genel Kurul İşlemlerine İlişkin Bildirim,Genel Kurul İşlemlerine İlişkin Bildirim 24.03.2025 Tarihli Ortaklar Olağan Genel Kurul Toplantısı Kararları.,https://www.kap.org.tr/tr/Bildirim/1410756,tr,2025-03-24T20:17:13+00:00
2025-03-24,AKCNS,KAP,AKÇANSA ÇİMENTO SANAYİ VE TİCARET A.Ş. - Bağımsız Denetim Kuruluşunun Belirlenmesi,Bağımsız Denetim Kuruluşunun Belirlenmesi Denetçi Tescil ve İlanı,https://www.kap.org.tr/tr/Bildirim/1410497,tr,2025-03-24T16:40:32+00:00
2025-03-24,AKCNS,KAP,AKÇANSA ÇİMENTO SANAYİ VE TİCARET A.Ş. - Genel Kurul İşlemlerine İlişkin Bildirim,Genel Kurul İşlemlerine İlişkin Bildirim 2024 Yılı Olağan Genel Kurul Toplantı Sonuçlarının Tescil ve İlanı,https://www.kap.org.tr/tr/Bildirim/1410496,tr,2025-03-24T16:40:17+00:00
2025-03-24,AKFIS,KAP,AKFEN İNŞAAT TURİZM VE TİCARET A.Ş. - Halka Arz Fiyatının Belirlenmesinde Esas Alınan Varsayımlara İlişkin Değerlendirme Raporu,Halka Arz Fiyatının Belirlenmesinde Esas Alınan Varsayımlara İlişkin Değerlendirme Raporu Halka Arz Fiyatının Belirlenmesinde Esas Alınan Varsayımlara İlişkin Denetimden Sorumlu Komite Tarafından Hazırlanan Gerçekleşme ve Değerlendirme Raporu,https://www.kap.org.tr/tr/Bildirim/1410719,tr,2025-03-24T20:00:25+00:00
2025-03-24,AKFIS,KAP,AKFEN İNŞAAT TURİZM VE TİCARET A.Ş. - Payların Geri Alınmasına İlişkin Bildirim,Payların Geri Alınmasına İlişkin Bildirim Pay Geri Alım Programının Başlatılması Hk.,https://www.kap.org.tr/tr/Bildirim/1410706,tr,2025-03-24T19:46:12+00:00
2025-03-24,AKFYE,KAP,AKFEN YENİLENEBİLİR ENERJİ A.Ş. - Sermaye Artırımından Elde Edilecek - Edilen Fonun Kullanımına İlişkin Rapor,Sermaye Artırımından Elde Edilecek - Edilen Fonun Kullanımına İlişkin Rapor Tahsisli Sermaye Artırımında Elde Edilen Fonun Kullanım Yerine İlişkin Rapor,https://www.kap.org.tr/tr/Bildirim/1410607,tr,2025-03-24T18:17:17+00:00
2025-03-24,AKFYE,KAP,AKFEN YENİLENEBİLİR ENERJİ A.Ş. - Halka Arz Fiyatının Belirlenmesinde Esas Alınan Varsayımlara İlişkin Değerlendirme Raporu,Halka Arz Fiyatının Belirlenmesinde Esas Alınan Varsayımlara İlişkin Değerlendirme Raporu Halka Arz Fiyatının Belirlenmesinde Esas Alınan Varsayımlara İlişkin Denetimden Sorumlu Komite Tarafından Hazırlanan Gerçekleşme ve Değerlendirme Raporu,https://www.kap.org.tr/tr/Bildirim/1410602,tr,2025-03-24T18:14:53+00:00
2025-03-24,AKGRT,KAP,AKSİGORTA A.Ş. - Şirket Genel Bilgi Formu,Şirket Genel Bilgi Formu,https://www.kap.org.tr/tr/Bildirim/1410436,tr,2025-03-24T15:11:07+00:00
2025-03-24,AKGRT,KAP,AKSİGORTA A.Ş. - Özel Durum Açıklaması (Genel),Özel Durum Açıklaması (Genel) Yönetim Kurulu Başkanı Değişimi,https://www.kap.org.tr/tr/Bildirim/1410430,tr,2025-03-24T15:04:11+00:00
2025-03-24,AKM,KAP,AK YATIRIM MENKUL DEĞERLER A.Ş. - Likidite Sağlayıcılık Kapsamındaki İşlemler,Likidite Sağlayıcılık Kapsamındaki İşlemler ORGE Paylarında Likidite Sağlayıcılığı Kapsamında Gerçekleştirilen İşlemler 10.03.2025-21.03.2025 ORGE,https://www.kap.org.tr/tr/Bildirim/1410195,tr,2025-03-24T10:45:54+00:00
2025-03-24,AKM,KAP,AK YATIRIM MENKUL DEĞERLER A.Ş. - Piyasa Yapıcılığı Kapsamında Gerçekleştirilen İşlemler Bildirimi,Piyasa Yapıcılığı Kapsamında Gerçekleştirilen İşlemler Bildirimi 21/03/2025 Tarihli Borsa Yatırım Fonları Piyasa Yapıcı İşlemleri APLIB,https://www.kap.org.tr/tr/Bildirim/1410194,tr,2025-03-24T10:45:47+00:00
2025-03-24,AKM,KAP,AK YATIRIM MENKUL DEĞERLER A.Ş. - Yatırım Kuruluşu Varant - Sertifika - Senetlerine İlişkin Bildirim,Yatırım Kuruluşu Varant - Sertifika - Senetlerine İlişkin Bildirim Varant ve Sertifika PY Alım Satım Bildirimi,https://www.kap.org.tr/tr/Bildirim/1410193,tr,2025-03-24T10:45:39+00:00
2025-03-24,AKM,KAP,AK YATIRIM MENKUL DEĞERLER A.Ş. - Likidite Sağlayıcılık Kapsamındaki İşlemler,Likidite Sağlayıcılık Kapsamındaki İşlemler LOGO Paylarında Likidite Sağlayıcılığı Kapsamında Gerçekleştirilen İşlemler 10.03.2025-21.03.2025 LOGO,https://www.kap.org.tr/tr/Bildirim/1410192,tr,2025-03-24T10:45:31+00:00
2025-03-24,AKM,KAP,AK YATIRIM MENKUL DEĞERLER A.Ş. - Likidite Sağlayıcılık Kapsamındaki İşlemler,Likidite Sağlayıcılık Kapsamındaki İşlemler KRVGD Paylarında Likidite Sağlayıcılığı Kapsamında Gerçekleştirilen İşlemler 10.03.2025-21.03.2025 KRVGD,https://www.kap.org.tr/tr/Bildirim/1410191,tr,2025-03-24T10:45:24+00:00
2025-03-24,AKMEN,KAP,AK YATIRIM MENKUL DEĞERLER A.Ş. - Likidite Sağlayıcılık Kapsamındaki İşlemler,Likidite Sağlayıcılık Kapsamındaki İşlemler ORGE Paylarında Likidite Sağlayıcılığı Kapsamında Gerçekleştirilen İşlemler 10.03.2025-21.03.2025 ORGE,https://www.kap.org.tr/tr/Bildirim/1410195,tr,2025-03-24T10:45:54+00:00
2025-03-24,AKMEN,KAP,AK YATIRIM MENKUL DEĞERLER A.Ş. - Piyasa Yapıcılığı Kapsamında Gerçekleştirilen İşlemler Bildirimi,Piyasa Yapıcılığı Kapsamında Gerçekleştirilen İşlemler Bildirimi 21/03/2025 Tarihli Borsa Yatırım Fonları Piyasa Yapıcı İşlemleri APLIB,https://www.kap.org.tr/tr/Bildirim/1410194,tr,2025-03-24T10:45:47+00:00
2025-03-24,AKMEN,KAP,AK YATIRIM MENKUL DEĞERLER A.Ş. - Yatırım Kuruluşu Varant - Sertifika - Senetlerine İlişkin Bildirim,Yatırım Kuruluşu Varant - Sertifika - Senetlerine İlişkin Bildirim Varant ve Sertifika PY Alım Satım Bildirimi,https://www.kap.org.tr/tr/Bildirim/1410193,tr,2025-03-24T10:45:39+00:00
2025-03-24,AKMEN,KAP,AK YATIRIM MENKUL DEĞERLER A.Ş. - Likidite Sağlayıcılık Kapsamındaki İşlemler,Likidite Sağlayıcılık Kapsamındaki İşlemler LOGO Paylarında Likidite Sağlayıcılığı Kapsamında Gerçekleştirilen İşlemler 10.03.2025-21.03.2025 LOGO,https://www.kap.org.tr/tr/Bildirim/1410192,tr,2025-03-24T10:45:31+00:00
2025-03-24,AKMEN,KAP,AK YATIRIM MENKUL DEĞERLER A.Ş. - Likidite Sağlayıcılık Kapsamındaki İşlemler,Likidite Sağlayıcılık Kapsamındaki İşlemler KRVGD Paylarında Likidite Sağlayıcılığı Kapsamında Gerçekleştirilen İşlemler 10.03.2025-21.03.2025 KRVGD,https://www.kap.org.tr/tr/Bildirim/1410191,tr,2025-03-24T10:45:24+00:00
2025-03-24,AKSA,KAP,AKSA AKRİLİK KİMYA SANAYİİ A.Ş. - Özel Durum Açıklaması (Genel),Özel Durum Açıklaması (Genel) Teknik İplik Tesisi Yatırımı,https://www.kap.org.tr/tr/Bildirim/1410145,tr,2025-03-24T09:19:12+00:00
2025-03-24,AKSGY,KAP,AKİŞ GAYRİMENKUL YATIRIM ORTAKLIĞI A.Ş. - Özel Durum Açıklaması (Genel),Özel Durum Açıklaması (Genel) Bağımsız Yönetim Kurulu Üyeleri İçin SPK Onayı hk.,https://www.kap.org.tr/tr/Bildirim/1410237,tr,2025-03-24T11:51:16+00:00
2025-03-24,ALKLC,KAP,ALTINKILIÇ GIDA VE SÜT SANAYİ TİCARET A.Ş. - Payların Geri Alınmasına İlişkin Bildirim,Payların Geri Alınmasına İlişkin Bildirim Pay Geri Alımı,https://www.kap.org.tr/tr/Bildirim/1410600,tr,2025-03-24T18:14:18+00:00
2025-03-24,ALNUS,KAP,ALNUS YATIRIM MENKUL DEĞERLER A.Ş. - Pay Alım Satım Bildirimi,Pay Alım Satım Bildirimi DERHL Pay Alım Bildirimi DERHL,https://www.kap.org.tr/tr/Bildirim/1410605,tr,2025-03-24T18:15:41+00:00
2025-03-24,ANC,KAP,ALNUS YATIRIM MENKUL DEĞERLER A.Ş. - Pay Alım Satım Bildirimi,Pay Alım Satım Bildirimi DERHL Pay Alım Bildirimi DERHL,https://www.kap.org.tr/tr/Bildirim/1410605,tr,2025-03-24T18:15:41+00:00
2025-03-24,ANHYT,KAP,ANADOLU HAYAT EMEKLİLİK A.Ş. - Şirket Genel Bilgi Formu,Şirket Genel Bilgi Formu,https://www.kap.org.tr/tr/Bildirim/1410759,tr,2025-03-24T20:25:22+00:00
2025-03-24,ANHYT,KAP,ANADOLU HAYAT EMEKLİLİK A.Ş. - Kurumsal Yönetim Bilgi Formu (Güncelleme) - Yönetim Kurulu-2,Kurumsal Yönetim Bilgi Formu (Güncelleme) - Yönetim Kurulu-2 Yönetim Kurulu Komiteleri,https://www.kap.org.tr/tr/Bildirim/1410717,tr,2025-03-24T19:54:37+00:00
2025-03-24,ANHYT,KAP,ANADOLU HAYAT EMEKLİLİK A.Ş. - Kurumsal Yönetim Bilgi Formu (Güncelleme) - Yönetim Kurulu-1,Kurumsal Yönetim Bilgi Formu (Güncelleme) - Yönetim Kurulu-1 Yönetim Kurulu Üyelerine İlişkin Değişiklik,https://www.kap.org.tr/tr/Bildirim/1410716,tr,2025-03-24T19:54:13+00:00
2025-03-24,ANHYT,KAP,ANADOLU HAYAT EMEKLİLİK A.Ş. - Kurumsal Yönetim Uyum Raporu (Güncelleme),Kurumsal Yönetim Uyum Raporu (Güncelleme) Yönetim Kurulunun Yapısı,https://www.kap.org.tr/tr/Bildirim/1410714,tr,2025-03-24T19:53:55+00:00
2025-03-24,ANHYT,KAP,ANADOLU HAYAT EMEKLİLİK A.Ş. - Yönetim Kurulu Komiteleri,Yönetim Kurulu Komiteleri Yönetim Kurulu Komite Üyelerinin Seçimi,https://www.kap.org.tr/tr/Bildirim/1410711,tr,2025-03-24T19:51:51+00:00
2025-03-24,ANHYT,KAP,ANADOLU HAYAT EMEKLİLİK A.Ş. - Özel Durum Açıklaması (Genel),Özel Durum Açıklaması (Genel) Yönetim Kurulu Başkan ve Başkan Vekili Seçimi,https://www.kap.org.tr/tr/Bildirim/1410710,tr,2025-03-24T19:51:40+00:00
2025-03-24,ANHYT,KAP,ANADOLU HAYAT EMEKLİLİK A.Ş. - Bağımsız Denetim Kuruluşunun Belirlenmesi,Bağımsız Denetim Kuruluşunun Belirlenmesi Bağımsız Denetim Kuruluşu'nun Genel Kurul'da Onaylanması,https://www.kap.org.tr/tr/Bildirim/1410697,tr,2025-03-24T19:35:28+00:00
2025-03-24,ANHYT,KAP,ANADOLU HAYAT EMEKLİLİK A.Ş. - Kar Payı Dağıtım İşlemlerine İlişkin Bildirim,Kar Payı Dağıtım İşlemlerine İlişkin Bildirim Nakit Kar Payı Dağıtım Tarihi,https://www.kap.org.tr/tr/Bildirim/1410695,tr,2025-03-24T19:33:53+00:00
2025-03-24,ANHYT,KAP,ANADOLU HAYAT EMEKLİLİK A.Ş. - Genel Kurul İşlemlerine İlişkin Bildirim,Genel Kurul İşlemlerine İlişkin Bildirim 2024 Yılı Ortaklar Olağan Genel Kurul Toplantısı Kararları,https://www.kap.org.tr/tr/Bildirim/1410613,tr,2025-03-24T18:19:08+00:00
2025-03-24,ANSGR,KAP,ANADOLU ANONİM TÜRK SİGORTA ŞİRKETİ - Bağımsız Denetim Kuruluşunun Belirlenmesi,Bağımsız Denetim Kuruluşunun Belirlenmesi Bağımsız Denetim Kuruluşunun Belirlenmesi,https://www.kap.org.tr/tr/Bildirim/1410788,tr,2025-03-24T21:01:26+00:00
2025-03-24,ARDYZ,KAP,ARD GRUP BİLİŞİM TEKNOLOJİLERİ A.Ş. - Özel Durum Açıklaması (Genel),"Özel Durum Açıklaması (Genel) Çevre, Şehircilik ve İklim Değişikliği Bakanlığı'ndan Alınan İhalenin İş Artışı Hk.",https://www.kap.org.tr/tr/Bildirim/1410678,tr,2025-03-24T18:56:56+00:00
2025-03-24,ARSAN,KAP,ARSAN TEKSTİL TİCARET VE SANAYİ A.Ş. - Özel Durum Açıklaması (Genel),Özel Durum Açıklaması (Genel) Bağımsız Yönetim Kurulu Üyelerinin yapılacak Olağan Genel Kurul'da aday gösterilmesi hakkında.,https://www.kap.org.tr/tr/Bildirim/1410515,tr,2025-03-24T17:01:06+00:00
2025-03-24,ARSAN,KAP,ARSAN TEKSTİL TİCARET VE SANAYİ A.Ş. - Kar Payı Dağıtım İşlemlerine İlişkin Bildirim,Kar Payı Dağıtım İşlemlerine İlişkin Bildirim 2024 Yılı Olağan Genel Kurul Toplantısı Kar Dağıtımı Hakkında.,https://www.kap.org.tr/tr/Bildirim/1410513,tr,2025-03-24T16:59:44+00:00
2025-03-24,ARSAN,KAP,ARSAN TEKSTİL TİCARET VE SANAYİ A.Ş. - Genel Kurul İşlemlerine İlişkin Bildirim,Genel Kurul İşlemlerine İlişkin Bildirim 2024 Yılı Olağan Genel Kurul Toplantısı Çağrısı.,https://www.kap.org.tr/tr/Bildirim/1410511,tr,2025-03-24T16:53:02+00:00
2025-03-24,ARSAN,KAP,ARSAN TEKSTİL TİCARET VE SANAYİ A.Ş. - Bağımsız Denetim Kuruluşunun Belirlenmesi,Bağımsız Denetim Kuruluşunun Belirlenmesi Bağımsız Denetim Kuruluşunun Belirlenmesi.,https://www.kap.org.tr/tr/Bildirim/1410507,tr,2025-03-24T16:44:35+00:00
2025-03-24,ASGYO,KAP,ASCE GAYRİMENKUL YATIRIM ORTAKLIĞI A.Ş. - Payların Geri Alınmasına İlişkin Bildirim,Payların Geri Alınmasına İlişkin Bildirim Pay geri alım programının başlatılması,https://www.kap.org.tr/tr/Bildirim/1410601,tr,2025-03-24T18:14:49+00:00
2025-03-24,ATLAS,KAP,ATLAS MENKUL KIYMETLER YATIRIM ORTAKLIĞI A.Ş. - Haftalık Rapor,Haftalık Rapor Haftalık Rapor,https://www.kap.org.tr/tr/Bildirim/1410215,tr,2025-03-24T11:00:45+00:00
2025-03-24,AVGYO,KAP,AVRASYA GAYRİMENKUL YATIRIM ORTAKLIĞI A.Ş. - Payların Geri Alınmasına İlişkin Bildirim,Payların Geri Alınmasına İlişkin Bildirim 24.03.2025 Tarihli Pay Geri Alım İşlemleri,https://www.kap.org.tr/tr/Bildirim/1410792,tr,2025-03-24T21:29:03+00:00
2025-03-24,AZTEK,KAP,AZTEK TEKNOLOJİ ÜRÜNLERİ TİCARET A.Ş. - Kar Payı Dağıtım İşlemlerine İlişkin Bildirim,Kar Payı Dağıtım İşlemlerine İlişkin Bildirim 2024 Yılı Kar Payı Dağıtımın İlişkin Yönetim Kurulu Kararı,https://www.kap.org.tr/tr/Bildirim/1410639,tr,2025-03-24T18:41:51+00:00
2025-03-24,AZTEK,KAP,AZTEK TEKNOLOJİ ÜRÜNLERİ TİCARET A.Ş. - Genel Kurul İşlemlerine İlişkin Bildirim,Genel Kurul İşlemlerine İlişkin Bildirim 2024 Yılı Olağan Genel Kurul Toplantısı Çağrısı,https://www.kap.org.tr/tr/Bildirim/1410638,tr,2025-03-24T18:41:34+00:00
2025-03-24,BALSU,KAP,BALSU GIDA SANAYİ VE TİCARET A.Ş. - Payların Geri Alınmasına İlişkin Bildirim,Payların Geri Alınmasına İlişkin Bildirim Payların Geri Alınmasına İlişkin Bildirim,https://www.kap.org.tr/tr/Bildirim/1410748,tr,2025-03-24T20:10:03+00:00
2025-03-24,BIENY,KAP,BİEN YAPI ÜRÜNLERİ SANAYİ TURİZM VE TİCARET A.Ş. - Kurumsal Yönetim Bilgi Formu (Güncelleme) - Yönetim Kurulu-2,Kurumsal Yönetim Bilgi Formu (Güncelleme) - Yönetim Kurulu-2 Yönetim Kurulu Komite Atamalarına İlişkin Açıklama,https://www.kap.org.tr/tr/Bildirim/1410703,tr,2025-03-24T19:44:49+00:00
2025-03-24,BIENY,KAP,BİEN YAPI ÜRÜNLERİ SANAYİ TURİZM VE TİCARET A.Ş. - Şirket Genel Bilgi Formu,Şirket Genel Bilgi Formu,https://www.kap.org.tr/tr/Bildirim/1410690,tr,2025-03-24T19:11:57+00:00
2025-03-24,BIENY,KAP,BİEN YAPI ÜRÜNLERİ SANAYİ TURİZM VE TİCARET A.Ş. - Özel Durum Açıklaması (Genel),Özel Durum Açıklaması (Genel) Atanan Bağımsız Yönetim Kurulu Üyesi Özgeçmiş ve Bağımsızlık Beyanı Hk.,https://www.kap.org.tr/tr/Bildirim/1410688,tr,2025-03-24T19:04:08+00:00
2025-03-24,BIENY,KAP,BİEN YAPI ÜRÜNLERİ SANAYİ TURİZM VE TİCARET A.Ş. - Özel Durum Açıklaması (Genel),Özel Durum Açıklaması (Genel) Bağımsız Yönetim Kurulu Üyesi İstifa Kabul ve Ataması,https://www.kap.org.tr/tr/Bildirim/1410625,tr,2025-03-24T18:27:59+00:00
2025-03-24,BMSCH,KAP,BMS ÇELİK HASIR SANAYİ VE TİCARET A.Ş. - Sermaye Artırımı - Azaltımı İşlemlerine İlişkin Bildirim,Sermaye Artırımı - Azaltımı İşlemlerine İlişkin Bildirim Bedelsiz Pay Alma Hakkı Kullanım Başlangıç Tarihi Hakkında,https://www.kap.org.tr/tr/Bildirim/1410547,tr,2025-03-24T17:29:36+00:00
2025-03-24,BRGAN,KAP,BURGAN BANK A.Ş. - Özel Durum Açıklaması (Genel),Özel Durum Açıklaması (Genel) SPK İhraç Tavanı Başvurumuz Hakkında,https://www.kap.org.tr/tr/Bildirim/1410250,tr,2025-03-24T12:37:02+00:00
2025-03-24,BRGAN,KAP,BURGAN BANK A.Ş. - Özel Durum Açıklaması (Genel),Özel Durum Açıklaması (Genel) SPK İhraç Tavanı Başvurumuz Hakkında,https://www.kap.org.tr/tr/Bildirim/1410243,tr,2025-03-24T12:07:07+00:00
2025-03-24,BUCIM,KAP,BURSA ÇİMENTO FABRİKASI A.Ş. - Özel Durum Açıklaması (Genel),Özel Durum Açıklaması (Genel) Modernizasyon İnşaatı Projesi Yatırımı,https://www.kap.org.tr/tr/Bildirim/1410457,tr,2025-03-24T15:41:30+00:00
2025-03-24,BULGS,KAP,BULLS GİRİŞİM SERMAYESİ YATIRIM ORTAKLIĞI A.Ş. - Esas Sözleşme,Esas Sözleşme Güncel Esas Sözleşme,https://www.kap.org.tr/tr/Bildirim/1410544,tr,2025-03-24T17:27:11+00:00
2025-03-24,BULGS,KAP,BULLS GİRİŞİM SERMAYESİ YATIRIM ORTAKLIĞI A.Ş. - Esas Sözleşme Tadili,Esas Sözleşme Tadili Esas Sözleşme Tadilinin Tescili,https://www.kap.org.tr/tr/Bildirim/1410404,tr,2025-03-24T14:42:00+00:00
2025-03-24,BUR,KAP,BURGAN BANK A.Ş. - Özel Durum Açıklaması (Genel),Özel Durum Açıklaması (Genel) SPK İhraç Tavanı Başvurumuz Hakkında,https://www.kap.org.tr/tr/Bildirim/1410250,tr,2025-03-24T12:37:02+00:00
2025-03-24,BUR,KAP,BURGAN BANK A.Ş. - Özel Durum Açıklaması (Genel),Özel Durum Açıklaması (Genel) SPK İhraç Tavanı Başvurumuz Hakkında,https://www.kap.org.tr/tr/Bildirim/1410243,tr,2025-03-24T12:07:07+00:00
2025-03-24,BYDNR,KAP,BAYDÖNER RESTORANLARI A.Ş. - Katılım Finansı İlkeleri Bilgi Formu,Katılım Finansı İlkeleri Bilgi Formu,https://www.kap.org.tr/tr/Bildirim/1410622,tr,2025-03-24T18:22:20+00:00
2025-03-24,BYDNR,KAP,BAYDÖNER RESTORANLARI A.Ş. - Halka Arz Fiyatının Belirlenmesinde Esas Alınan Varsayımlara İlişkin Değerlendirme Raporu,Halka Arz Fiyatının Belirlenmesinde Esas Alınan Varsayımlara İlişkin Değerlendirme Raporu Halka Arz Fiyatının Belirlenmesinde Esas Alınan Varsayımlara İlişkin Değerlendirme Raporu 2024 Yıllık,https://www.kap.org.tr/tr/Bildirim/1410619,tr,2025-03-24T18:21:32+00:00
2025-03-24,CAGFA,KAP,ÇAĞDAŞ FAKTORİNG A.Ş. - İhraç Belgesi,İhraç Belgesi Ek İhraç Belgesi,https://www.kap.org.tr/tr/Bildirim/1410214,tr,2025-03-24T10:57:50+00:00
2025-03-24,CAGFA,KAP,ÇAĞDAŞ FAKTORİNG A.Ş. - İhraç Tavanına İlişkin Bildirim,İhraç Tavanına İlişkin Bildirim Ek İhraç Limitinin Onaylanması,https://www.kap.org.tr/tr/Bildirim/1410212,tr,2025-03-24T10:57:39+00:00
2025-03-24,CRFSA,KAP,CARREFOURSA CARREFOUR SABANCI TİCARET MERKEZİ A.Ş. - İhraç Tavanına İlişkin Bildirim,İhraç Tavanına İlişkin Bildirim Borçlanma Aracı İhracına İlişkin Yönetim Kurulu Kararı,https://www.kap.org.tr/tr/Bildirim/1410762,tr,2025-03-24T20:35:25+00:00
2025-03-24,DCTTR,KAP,DCT TRADİNG DIŞ TİCARET A.Ş. - Genel Kurul İşlemlerine İlişkin Bildirim,Genel Kurul İşlemlerine İlişkin Bildirim Olağan Genel Kurul Daveti,https://www.kap.org.tr/tr/Bildirim/1410715,tr,2025-03-24T19:54:09+00:00
2025-03-24,DCTTR,KAP,DCT TRADİNG DIŞ TİCARET A.Ş. - Kar Payı Dağıtım İşlemlerine İlişkin Bildirim,Kar Payı Dağıtım İşlemlerine İlişkin Bildirim Yönetim Kurulu'nun Kar Dağıtım Önerisi,https://www.kap.org.tr/tr/Bildirim/1410712,tr,2025-03-24T19:53:28+00:00
2025-03-24,DCTTR,KAP,DCT TRADİNG DIŞ TİCARET A.Ş. - Payların Geri Alınmasına İlişkin Bildirim,Payların Geri Alınmasına İlişkin Bildirim Pay Geri Alım İşlemlerine Karar Verilmesi,https://www.kap.org.tr/tr/Bildirim/1410155,tr,2025-03-24T09:44:18+00:00
2025-03-24,DOHOL,KAP,DOĞAN ŞİRKETLER GRUBU HOLDİNG A.Ş. - Şirket Genel Bilgi Formu,Şirket Genel Bilgi Formu,https://www.kap.org.tr/tr/Bildirim/1410217,tr,2025-03-24T11:07:24+00:00
2025-03-24,DOHOL,KAP,DOĞAN ŞİRKETLER GRUBU HOLDİNG A.Ş. - Özel Durum Açıklaması (Genel),Özel Durum Açıklaması (Genel) Bağımsız Yönetim Kurulu Üye Adayları Hk.,https://www.kap.org.tr/tr/Bildirim/1410216,tr,2025-03-24T11:07:07+00:00
2025-03-24,DOKTA,KAP,DÖKTAŞ DÖKÜMCÜLÜK TİCARET VE SANAYİ A.Ş. - Bağımsız Denetim Kuruluşunun Belirlenmesi,Bağımsız Denetim Kuruluşunun Belirlenmesi 2025 Yılı Bağımsız Denetim Kuruluşunun Belirlenmesi,https://www.kap.org.tr/tr/Bildirim/1410627,tr,2025-03-24T18:28:59+00:00
2025-03-24,DYOBY,KAP,DYO BOYA FABRİKALARI SANAYİ VE TİCARET A.Ş. - Pay Dışında Sermaye Piyasası Aracı İşlemlerine İlişkin Bildirim (Faiz İçeren),Pay Dışında Sermaye Piyasası Aracı İşlemlerine İlişkin Bildirim (Faiz İçeren) TRFDYBY92518 ISIN Kodlu Finansman Bonusunun 2. Kupon Dönemine İlişkin Faiz Oranı Hakkında,https://www.kap.org.tr/tr/Bildirim/1410571,tr,2025-03-24T18:06:00+00:00
2025-03-24,ECILC,KAP,EİS ECZACIBAŞI İLAÇ SINAİ VE FİNANSAL YATIRIMLAR SANAYİ VE TİCARET A.Ş. - İlişkili Taraf İşlemleri,İlişkili Taraf İşlemleri Yaygın ve Süreklilik Arz Eden İlişkili Taraf İşlemlerine İlişkin Rapor'un Sonuç Bölümü,https://www.kap.org.tr/tr/Bildirim/1410177,tr,2025-03-24T10:22:43+00:00
2025-03-24,EFOR,KAP,EFOR ÇAY SANAYİ TİCARET A.Ş. - Özel Durum Açıklaması (Genel),Özel Durum Açıklaması (Genel) Efor Gübre Madencilik San. Tic. A.Ş. Halka Arz Başvurusu Hakkında,https://www.kap.org.tr/tr/Bildirim/1410794,tr,2025-03-24T21:31:51+00:00
2025-03-24,EKOFA,KAP,EKO FAKTORİNG A.Ş. - Pay Dışında Sermaye Piyasası Aracı İşlemlerine İlişkin Bildirim (Faiz İçeren),Pay Dışında Sermaye Piyasası Aracı İşlemlerine İlişkin Bildirim (Faiz İçeren) NİTELİKLİ YATIRIMCIYA BORÇLANMA ARACI İHRACI,https://www.kap.org.tr/tr/Bildirim/1410560,tr,2025-03-24T17:45:27+00:00
2025-03-24,EKTVK,KAP,EMLAK KATILIM VARLIK KİRALAMA A.Ş. - Tertip İhraç Belgesi,Tertip İhraç Belgesi Tertip İhraç Belgeleri EKT,https://www.kap.org.tr/tr/Bildirim/1410485,tr,2025-03-24T16:28:50+00:00
2025-03-24,EKTVK,KAP,EMLAK KATILIM VARLIK KİRALAMA A.Ş. - Pay Dışında Sermaye Piyasası Aracı İşlemlerine İlişkin Bildirim (Faizsiz),Pay Dışında Sermaye Piyasası Aracı İşlemlerine İlişkin Bildirim (Faizsiz) TRDEVKS22616 ISIN Kodlu Kira Sertifikasının 3. Dönemsel Kira Ödemesi Hk. EKT,https://www.kap.org.tr/tr/Bildirim/1410477,tr,2025-03-24T16:19:44+00:00
2025-03-24,EKTVK,KAP,EMLAK KATILIM VARLIK KİRALAMA A.Ş. - Pay Dışında Sermaye Piyasası Aracı İşlemlerine İlişkin Bildirim (Faizsiz),Pay Dışında Sermaye Piyasası Aracı İşlemlerine İlişkin Bildirim (Faizsiz) TRDEVKS92619 ISIN Kodlu Kira Sertifikasının 2.Dönemsel Getiri Ödemesi Hk. EKT,https://www.kap.org.tr/tr/Bildirim/1410476,tr,2025-03-24T16:19:30+00:00
2025-03-24,EKTVK,KAP,EMLAK KATILIM VARLIK KİRALAMA A.Ş. - Genel Kurul Bildirimi,Genel Kurul Bildirimi Emlak Katılım Varlık Kiralama A.Ş. 2024 Yılı Olağan Genel Kurul Kararları Tescili Hk.,https://www.kap.org.tr/tr/Bildirim/1410472,tr,2025-03-24T16:10:15+00:00
2025-03-24,ENDAE,KAP,ENDA ENERJİ HOLDİNG A.Ş. - Esas Sözleşme,Esas Sözleşme Esas Sözleşme,https://www.kap.org.tr/tr/Bildirim/1410565,tr,2025-03-24T17:52:47+00:00
2025-03-24,ENDAE,KAP,ENDA ENERJİ HOLDİNG A.Ş. - Esas Sözleşme Tadili,Esas Sözleşme Tadili Esas Sözleşme Tadil Tescili,https://www.kap.org.tr/tr/Bildirim/1410557,tr,2025-03-24T17:43:01+00:00
2025-03-24,ENERY,KAP,ENERYA ENERJİ A.Ş. - Payların Geri Alınmasına İlişkin Bildirim,Payların Geri Alınmasına İlişkin Bildirim 24.03.2025 Tarihli Pay Geri Alım İşlemleri,https://www.kap.org.tr/tr/Bildirim/1410629,tr,2025-03-24T18:30:50+00:00
2025-03-24,ENJSA,KAP,ENERJİSA ENERJİ A.Ş. - Kar Payı Dağıtım İşlemlerine İlişkin Bildirim,Kar Payı Dağıtım İşlemlerine İlişkin Bildirim 2024 Yılına Ait Karın Kullanım Şekli ile İlgili Genel Kurul Kararı,https://www.kap.org.tr/tr/Bildirim/1410533,tr,2025-03-24T17:15:22+00:00
2025-03-24,ENJSA,KAP,ENERJİSA ENERJİ A.Ş. - Genel Kurul İşlemlerine İlişkin Bildirim,Genel Kurul İşlemlerine İlişkin Bildirim 2024 Yılı Olağan Genel Kurul Toplantı Sonuçları,https://www.kap.org.tr/tr/Bildirim/1410495,tr,2025-03-24T16:39:36+00:00
2025-03-24,ENTRA,KAP,IC ENTERRA YENİLENEBİLİR ENERJİ A.Ş. - Yönetim Kurulu Komiteleri,Yönetim Kurulu Komiteleri Yönetim Kurulu Komiteleri,https://www.kap.org.tr/tr/Bildirim/1411005,tr,2025-03-24T23:53:02+00:00
2025-03-24,ENTRA,KAP,IC ENTERRA YENİLENEBİLİR ENERJİ A.Ş. - Özel Durum Açıklaması (Genel),Özel Durum Açıklaması (Genel) Bağımsız Üye Atama,https://www.kap.org.tr/tr/Bildirim/1410985,tr,2025-03-24T23:26:23+00:00
2025-03-24,EREGL,KAP,EREĞLİ DEMİR VE ÇELİK FABRİKALARI T.A.Ş. - Entegre Rapor,Entegre Rapor 2024 Yılı Entegre Faaliyet Raporu,https://www.kap.org.tr/tr/Bildirim/1410649,tr,2025-03-24T18:49:15+00:00
2025-03-24,ETYAT,KAP,EURO TREND YATIRIM ORTAKLIĞI A.Ş. - Haftalık Rapor,Haftalık Rapor 21.03.2025 Tarihli Haftalık Rapor,https://www.kap.org.tr/tr/Bildirim/1410224,tr,2025-03-24T11:19:28+00:00
2025-03-24,ETYAT,KAP,EURO TREND YATIRIM ORTAKLIĞI A.Ş. - Özel Durum Açıklaması (Genel),"Özel Durum Açıklaması (Genel) BİAŞ'da oluşan ağırlıklı ortalama fiyatın,pay başına net aktif değerin 2 katını aşması",https://www.kap.org.tr/tr/Bildirim/1410223,tr,2025-03-24T11:19:15+00:00
2025-03-24,EUKYO,KAP,EURO KAPİTAL YATIRIM ORTAKLIĞI A.Ş. - Haftalık Rapor,Haftalık Rapor 21.03.2025 Tarihli Haftalık Rapor,https://www.kap.org.tr/tr/Bildirim/1410226,tr,2025-03-24T11:21:22+00:00
2025-03-24,EUKYO,KAP,EURO KAPİTAL YATIRIM ORTAKLIĞI A.Ş. - Özel Durum Açıklaması (Genel),"Özel Durum Açıklaması (Genel) BİAŞ'da oluşan ağırlıklı ortalama fiyatın,pay başına net aktif değerin 2 katını aşması",https://www.kap.org.tr/tr/Bildirim/1410225,tr,2025-03-24T11:21:09+00:00
2025-03-24,EUYO,KAP,EURO MENKUL KIYMET YATIRIM ORTAKLIĞI A.Ş. - Haftalık Rapor,Haftalık Rapor 21.03.2025 Tarihli Haftalık Rapor,https://www.kap.org.tr/tr/Bildirim/1410222,tr,2025-03-24T11:17:36+00:00
2025-03-24,EUYO,KAP,EURO MENKUL KIYMET YATIRIM ORTAKLIĞI A.Ş. - Özel Durum Açıklaması (Genel),"Özel Durum Açıklaması (Genel) BİAŞ'da oluşan ağırlıklı ortalama fiyatın,pay başına net aktif değerin 2 katını aşması",https://www.kap.org.tr/tr/Bildirim/1410220,tr,2025-03-24T11:17:24+00:00
2025-03-24,EXIMB,KAP,TÜRKİYE İHRACAT KREDİ BANKASI A.Ş. - Pay Dışında Sermaye Piyasası Aracı İşlemlerine İlişkin Bildirim (Faiz İçeren),Pay Dışında Sermaye Piyasası Aracı İşlemlerine İlişkin Bildirim (Faiz İçeren) XS2906340596 ISIN Kodlu Finansman Bonosunun İtfası Hk,https://www.kap.org.tr/tr/Bildirim/1410474,tr,2025-03-24T16:17:38+00:00
2025-03-24,EXIMB,KAP,TÜRKİYE İHRACAT KREDİ BANKASI A.Ş. - Pay Dışında Sermaye Piyasası Aracı İşlemlerine İlişkin Bildirim (Faiz İçeren),Pay Dışında Sermaye Piyasası Aracı İşlemlerine İlişkin Bildirim (Faiz İçeren) GMTN programı çerçevesinde yurt dışında borçlanma aracı ihracı,https://www.kap.org.tr/tr/Bildirim/1410471,tr,2025-03-24T16:09:03+00:00
2025-03-24,FBB,KAP,FİBABANKA A.Ş. - Özel Durum Açıklaması (Genel),Özel Durum Açıklaması (Genel) Fibabanka A.Ş. Arıcıoğlu Otomotiv Birinci Varlık Finansmanı Fonu İçtüzüğü,https://www.kap.org.tr/tr/Bildirim/1410247,tr,2025-03-24T12:27:06+00:00
2025-03-24,FBB,KAP,FİBABANKA A.Ş. - Özel Durum Açıklaması (Genel),Özel Durum Açıklaması (Genel) Fibabanka A.Ş. Star Et Varlık Finansmanı Fonu Fon Kuruluş İptaline İlişkin Yönetim Kurulu Kararı,https://www.kap.org.tr/tr/Bildirim/1410152,tr,2025-03-24T09:30:26+00:00
2025-03-24,FBBNK,KAP,FİBABANKA A.Ş. - Özel Durum Açıklaması (Genel),Özel Durum Açıklaması (Genel) Fibabanka A.Ş. Arıcıoğlu Otomotiv Birinci Varlık Finansmanı Fonu İçtüzüğü,https://www.kap.org.tr/tr/Bildirim/1410247,tr,2025-03-24T12:27:06+00:00
2025-03-24,FBBNK,KAP,FİBABANKA A.Ş. - Özel Durum Açıklaması (Genel),Özel Durum Açıklaması (Genel) Fibabanka A.Ş. Star Et Varlık Finansmanı Fonu Fon Kuruluş İptaline İlişkin Yönetim Kurulu Kararı,https://www.kap.org.tr/tr/Bildirim/1410152,tr,2025-03-24T09:30:26+00:00
2025-03-24,FIN,KAP,QNB BANK A.Ş. - Pay Dışında Sermaye Piyasası Aracı İşlemlerine İlişkin Bildirim (Faiz İçeren),Pay Dışında Sermaye Piyasası Aracı İşlemlerine İlişkin Bildirim (Faiz İçeren) MTN programı kapsamında yurtdışında ihraç edilen borçlanma aracının ihracı,https://www.kap.org.tr/tr/Bildirim/1410551,tr,2025-03-24T17:37:33+00:00
2025-03-24,FIN,KAP,QNB BANK A.Ş. - Pay Dışında Sermaye Piyasası Aracı İşlemlerine İlişkin Bildirim (Faiz İçeren),Pay Dışında Sermaye Piyasası Aracı İşlemlerine İlişkin Bildirim (Faiz İçeren) MTN programı kapsamında yurtdışında ihraç edilen borçlanma aracının itfası,https://www.kap.org.tr/tr/Bildirim/1410464,tr,2025-03-24T15:55:42+00:00
2025-03-24,FIN,KAP,QNB BANK A.Ş. - Pay Dışında Sermaye Piyasası Aracı İşlemlerine İlişkin Bildirim (Faiz İçeren),Pay Dışında Sermaye Piyasası Aracı İşlemlerine İlişkin Bildirim (Faiz İçeren) MTN programı kapsamında yurtdışında ihraç edilen borçlanma aracının ihracı,https://www.kap.org.tr/tr/Bildirim/1410463,tr,2025-03-24T15:55:22+00:00
2025-03-24,FIN,KAP,QNB BANK A.Ş. - Pay Dışında Sermaye Piyasası Aracı İşlemlerine İlişkin Bildirim (Faiz İçeren),Pay Dışında Sermaye Piyasası Aracı İşlemlerine İlişkin Bildirim (Faiz İçeren) MTN programı kapsamında yurtdışında ihraç edilen borçlanma aracının ihracı,https://www.kap.org.tr/tr/Bildirim/1410462,tr,2025-03-24T15:55:01+00:00
2025-03-24,FIN,KAP,QNB BANK A.Ş. - Pay Dışında Sermaye Piyasası Aracı İşlemlerine İlişkin Bildirim (Faiz İçeren),Pay Dışında Sermaye Piyasası Aracı İşlemlerine İlişkin Bildirim (Faiz İçeren) MTN programı kapsamında yurtdışında ihraç edilen borçlanma aracının ihracı,https://www.kap.org.tr/tr/Bildirim/1410461,tr,2025-03-24T15:54:41+00:00
2025-03-24,FIN,KAP,QNB BANK A.Ş. - Pay Dışında Sermaye Piyasası Aracı İşlemlerine İlişkin Bildirim (Faiz İçeren),Pay Dışında Sermaye Piyasası Aracı İşlemlerine İlişkin Bildirim (Faiz İçeren) MTN programı kapsamında yurtdışında ihraç edilen borçlanma aracının ihracı,https://www.kap.org.tr/tr/Bildirim/1410460,tr,2025-03-24T15:54:18+00:00
2025-03-24,FRIGO,KAP,FRİGO-PAK GIDA MADDELERİ SANAYİ VE TİCARET A.Ş. - Payların Geri Alınmasına İlişkin Bildirim,Payların Geri Alınmasına İlişkin Bildirim Pay Geri Alım İşlemleri Hk.,https://www.kap.org.tr/tr/Bildirim/1410702,tr,2025-03-24T19:43:54+00:00
2025-03-24,GEDIK,KAP,GEDİK YATIRIM MENKUL DEĞERLER A.Ş. - Payların Geri Alınmasına İlişkin Bildirim,Payların Geri Alınmasına İlişkin Bildirim 24.03.2025 tarihli pay geri alım işlemleri,https://www.kap.org.tr/tr/Bildirim/1410586,tr,2025-03-24T18:10:41+00:00
2025-03-24,GENTS,KAP,GENTAŞ DEKORATİF YÜZEYLER SANAYİ VE TİCARET A.Ş. - Özel Durum Açıklaması (Genel),Özel Durum Açıklaması (Genel) Mengen Yerleşkemiz Çatı GES Teşvik Belgesinin Kapanması Hk.,https://www.kap.org.tr/tr/Bildirim/1410369,tr,2025-03-24T14:29:29+00:00
2025-03-24,GLCVY,KAP,GELECEK VARLIK YÖNETİMİ A.Ş. - Özel Durum Açıklaması (Genel),"Özel Durum Açıklaması (Genel) Tahsili Gecikmiş Alacak Portföyü Alımı FBB, FBBNK",https://www.kap.org.tr/tr/Bildirim/1410793,tr,2025-03-24T21:30:31+00:00
2025-03-24,GLRYH,KAP,GÜLER YATIRIM HOLDİNG A.Ş. - Bağımsız Denetim Kuruluşunun Belirlenmesi,Bağımsız Denetim Kuruluşunun Belirlenmesi 2025 Yılı Bağımsız Denetim Şirketi Belirlenmesi Hk.,https://www.kap.org.tr/tr/Bildirim/1410573,tr,2025-03-24T18:07:37+00:00
2025-03-24,GLRYH,KAP,GÜLER YATIRIM HOLDİNG A.Ş. - Şirket Genel Bilgi Formu,Şirket Genel Bilgi Formu,https://www.kap.org.tr/tr/Bildirim/1410572,tr,2025-03-24T18:07:16+00:00
2025-03-24,GLYHO,KAP,GLOBAL YATIRIM HOLDİNG A.Ş. - Payların Geri Alınmasına İlişkin Bildirim,Payların Geri Alınmasına İlişkin Bildirim SPK İlke Kararı uyarınca pay geri alımı yapılması.,https://www.kap.org.tr/tr/Bildirim/1410163,tr,2025-03-24T09:54:46+00:00
2025-03-24,GOZDE,KAP,GÖZDE GİRİŞİM SERMAYESİ YATIRIM ORTAKLIĞI A.Ş. - Bağımsız Denetim Kuruluşunun Belirlenmesi,Bağımsız Denetim Kuruluşunun Belirlenmesi Bağımsız Denetim Şirketi Seçimi Hk,https://www.kap.org.tr/tr/Bildirim/1410769,tr,2025-03-24T20:50:06+00:00
2025-03-24,GOZDE,KAP,GÖZDE GİRİŞİM SERMAYESİ YATIRIM ORTAKLIĞI A.Ş. - Kar Payı Dağıtım İşlemlerine İlişkin Bildirim,Kar Payı Dağıtım İşlemlerine İlişkin Bildirim Kar Payı Dağıtımına İlişkin Yönetim Kurulu Kararı,https://www.kap.org.tr/tr/Bildirim/1410768,tr,2025-03-24T20:49:53+00:00
2025-03-24,GOZDE,KAP,GÖZDE GİRİŞİM SERMAYESİ YATIRIM ORTAKLIĞI A.Ş. - Genel Kurul İşlemlerine İlişkin Bildirim,Genel Kurul İşlemlerine İlişkin Bildirim 2024 Yılı Olağan Genel Kurul Toplantısı,https://www.kap.org.tr/tr/Bildirim/1410765,tr,2025-03-24T20:40:21+00:00
2025-03-24,GRNYO,KAP,GARANTİ YATIRIM ORTAKLIĞI A.Ş. - Özel Durum Açıklaması (Genel),"Özel Durum Açıklaması (Genel) Paylarının BİAŞ'ta oluşan ağırlıklı ortalama fiyatının, pay başına net aktif değerinin 2 katını aşması hakkında.",https://www.kap.org.tr/tr/Bildirim/1410213,tr,2025-03-24T10:57:46+00:00
2025-03-24,GRNYO,KAP,GARANTİ YATIRIM ORTAKLIĞI A.Ş. - Haftalık Rapor,Haftalık Rapor 21.03.2025 tarihli haftalık rapordur.,https://www.kap.org.tr/tr/Bildirim/1410211,tr,2025-03-24T10:57:33+00:00
2025-03-24,GRTHO,KAP,GRAINTURK HOLDİNG A.Ş. - Payların Geri Alınmasına İlişkin Bildirim,Payların Geri Alınmasına İlişkin Bildirim Pay Geri Alımı 24.03.2025,https://www.kap.org.tr/tr/Bildirim/1410578,tr,2025-03-24T18:09:36+00:00
2025-03-24,GRTHO,KAP,GRAINTURK HOLDİNG A.Ş. - Payların Geri Alınmasına İlişkin Bildirim,Payların Geri Alınmasına İlişkin Bildirim Şirket paylarının geri alımına ilişkin programın başlatılması hk.,https://www.kap.org.tr/tr/Bildirim/1410305,tr,2025-03-24T14:02:00+00:00
2025-03-24,GSDDE,KAP,GSD DENİZCİLİK GAYRİMENKUL İNŞAAT SANAYİ VE TİCARET A.Ş. - Kar Dağıtım Politikası,Kar Dağıtım Politikası Şirketimizin 2025 ve izleyen yıllara ilişkin kar dağıtım politikası önerisi,https://www.kap.org.tr/tr/Bildirim/1410705,tr,2025-03-24T19:46:11+00:00
2025-03-24,GSDDE,KAP,GSD DENİZCİLİK GAYRİMENKUL İNŞAAT SANAYİ VE TİCARET A.Ş. - Kar Payı Dağıtım İşlemlerine İlişkin Bildirim,Kar Payı Dağıtım İşlemlerine İlişkin Bildirim Şirket Yönetim Kurulu'nun 2024 Yılı Kar Dağıtım Önerisi,https://www.kap.org.tr/tr/Bildirim/1410704,tr,2025-03-24T19:45:41+00:00
2025-03-24,GSDDE,KAP,GSD DENİZCİLİK GAYRİMENKUL İNŞAAT SANAYİ VE TİCARET A.Ş. - Genel Kurul İşlemlerine İlişkin Bildirim,Genel Kurul İşlemlerine İlişkin Bildirim 2024 Yılı Olağan Genel Kurul Çağrısı,https://www.kap.org.tr/tr/Bildirim/1410700,tr,2025-03-24T19:40:07+00:00
2025-03-24,GSDDE,KAP,GSD DENİZCİLİK GAYRİMENKUL İNŞAAT SANAYİ VE TİCARET A.Ş. - Özel Durum Açıklaması (Genel),Özel Durum Açıklaması (Genel) Geçmiş Yıllar Zararlarının Mahsup Edilmesi hk.,https://www.kap.org.tr/tr/Bildirim/1410699,tr,2025-03-24T19:39:44+00:00
2025-03-24,GSDDE,KAP,GSD DENİZCİLİK GAYRİMENKUL İNŞAAT SANAYİ VE TİCARET A.Ş. - Bağımsız Denetim Kuruluşunun Belirlenmesi,Bağımsız Denetim Kuruluşunun Belirlenmesi Bağımsız Denetim Şirketinin Seçimi,https://www.kap.org.tr/tr/Bildirim/1410698,tr,2025-03-24T19:39:24+00:00
2025-03-24,GSDHO,KAP,GSD HOLDİNG A.Ş. - Kar Dağıtım Politikası,Kar Dağıtım Politikası Şirketimizin 2025 ve izleyen yıllara ilişkin kar dağıtım politikası önerisi,https://www.kap.org.tr/tr/Bildirim/1410721,tr,2025-03-24T20:01:07+00:00
2025-03-24,GSDHO,KAP,GSD HOLDİNG A.Ş. - Kar Payı Dağıtım İşlemlerine İlişkin Bildirim,Kar Payı Dağıtım İşlemlerine İlişkin Bildirim Kar Payı Dağıtımına İlişkin Yönetim Kurulu Kararı,https://www.kap.org.tr/tr/Bildirim/1410720,tr,2025-03-24T20:00:49+00:00
2025-03-24,GSDHO,KAP,GSD HOLDİNG A.Ş. - Genel Kurul İşlemlerine İlişkin Bildirim,Genel Kurul İşlemlerine İlişkin Bildirim 2024 Yılı İle İlgili Olağan Genel Kurul Toplantısı,https://www.kap.org.tr/tr/Bildirim/1410713,tr,2025-03-24T19:53:34+00:00
2025-03-24,GSDHO,KAP,GSD HOLDİNG A.Ş. - Özel Durum Açıklaması (Genel),Özel Durum Açıklaması (Genel) Geçmiş Yıllar Zararlarının Mahsup Edilmesi hk.,https://www.kap.org.tr/tr/Bildirim/1410709,tr,2025-03-24T19:50:11+00:00
2025-03-24,GSDHO,KAP,GSD HOLDİNG A.Ş. - Bağımsız Denetim Kuruluşunun Belirlenmesi,Bağımsız Denetim Kuruluşunun Belirlenmesi Bağımsız Denetim Kuruluşu Seçimi,https://www.kap.org.tr/tr/Bildirim/1410708,tr,2025-03-24T19:49:05+00:00
2025-03-24,GSDHO,KAP,GSD HOLDİNG A.Ş. - Özel Durum Açıklaması (Genel),Özel Durum Açıklaması (Genel) GSD Varlık Yönetim A.Ş. tarafından Tahsili Gecikmiş Alacak Portföyü Alımı,https://www.kap.org.tr/tr/Bildirim/1410707,tr,2025-03-24T19:48:16+00:00
2025-03-24,HLGYO,KAP,HALK GAYRİMENKUL YATIRIM ORTAKLIĞI A.Ş. - Payların Geri Alınmasına İlişkin Bildirim,Payların Geri Alınmasına İlişkin Bildirim 24.03.2025 tarihli geri alım işlemleri,https://www.kap.org.tr/tr/Bildirim/1410631,tr,2025-03-24T18:32:28+00:00
2025-03-24,HRKET,KAP,HAREKET PROJE TAŞIMACILIĞI VE YÜK MÜHENDİSLİĞİ A.Ş. - Payların Geri Alınmasına İlişkin Bildirim,Payların Geri Alınmasına İlişkin Bildirim Geri Alım Programı Başlatılması Hk.,https://www.kap.org.tr/tr/Bildirim/1410258,tr,2025-03-24T13:16:18+00:00
2025-03-24,HTTBT,KAP,HİTİT BİLGİSAYAR HİZMETLERİ A.Ş. - Yeni İş İlişkisi,Yeni İş İlişkisi Air Montenegro'nun Hitit Bilgisayar Hizmetleri A.Ş.nin yazılım çözümlerini kullanmaya başlaması.,https://www.kap.org.tr/tr/Bildirim/1410149,tr,2025-03-24T09:25:20+00:00
2025-03-24,IEYHO,KAP,IŞIKLAR ENERJİ VE YAPI HOLDİNG A.Ş. - Genel Kurul İşlemlerine İlişkin Bildirim,Genel Kurul İşlemlerine İlişkin Bildirim 2024 Yılı Olağan Genel Kurul Toplantı Çağrısı,https://www.kap.org.tr/tr/Bildirim/1410564,tr,2025-03-24T17:51:30+00:00
2025-03-24,IEYHO,KAP,IŞIKLAR ENERJİ VE YAPI HOLDİNG A.Ş. - Kar Payı Dağıtım İşlemlerine İlişkin Bildirim,Kar Payı Dağıtım İşlemlerine İlişkin Bildirim 2024 Yılı Kâr Payı Dağıtımına İlişkin Yönetim Kurulu Kararı,https://www.kap.org.tr/tr/Bildirim/1410528,tr,2025-03-24T17:08:07+00:00
2025-03-24,IEYHO,KAP,IŞIKLAR ENERJİ VE YAPI HOLDİNG A.Ş. - Ortaklık Aleyhine Dava Açılması veya Davaya İlişkin Gelişmeler,Ortaklık Aleyhine Dava Açılması veya Davaya İlişkin Gelişmeler Şirket Aleyhine Dava Açılması,https://www.kap.org.tr/tr/Bildirim/1410509,tr,2025-03-24T16:46:10+00:00
2025-03-24,IEYHO,KAP,IŞIKLAR ENERJİ VE YAPI HOLDİNG A.Ş. - Ortaklık Aleyhine Dava Açılması veya Davaya İlişkin Gelişmeler,Ortaklık Aleyhine Dava Açılması veya Davaya İlişkin Gelişmeler Şirket Aleyhine Dava Açılması,https://www.kap.org.tr/tr/Bildirim/1410153,tr,2025-03-24T09:39:35+00:00
2025-03-24,INFO,KAP,İNFO YATIRIM MENKUL DEĞERLER A.Ş. - Yatırım Kuruluşu Varant - Sertifika - Senetlerine İlişkin Bildirim,Yatırım Kuruluşu Varant - Sertifika - Senetlerine İlişkin Bildirim İnfo Yatırım Varantları Piyasa Yapıcı Alım Satım İşlemleri Bildirimi,https://www.kap.org.tr/tr/Bildirim/1410218,tr,2025-03-24T11:13:27+00:00
2025-03-24,INVEO,KAP,INVEO YATIRIM HOLDİNG A.Ş. - Genel Kurul İşlemlerine İlişkin Bildirim,Genel Kurul İşlemlerine İlişkin Bildirim Genel Kurul Bilgilendirme Dokümanının geri alım programı çerçevesinde güncellenmesi hk.,https://www.kap.org.tr/tr/Bildirim/1410598,tr,2025-03-24T18:13:05+00:00
2025-03-24,INVEO,KAP,INVEO YATIRIM HOLDİNG A.Ş. - Payların Geri Alınmasına İlişkin Bildirim,Payların Geri Alınmasına İlişkin Bildirim Şirket paylarının geri alımına ilişkin programın başlatılması hk.,https://www.kap.org.tr/tr/Bildirim/1410150,tr,2025-03-24T09:26:57+00:00
2025-03-24,ISATR,KAP,TÜRKİYE İŞ BANKASI A.Ş. - Özel Durum Açıklaması (Genel),Özel Durum Açıklaması (Genel) Bağlı Ortaklıklarımızdan Moka Ödeme ve Elektronik Para Kuruluşu A.Ş.'nin Birleşme İşlemine İlişkin Genel Kurul Kararları hakkında,https://www.kap.org.tr/tr/Bildirim/1410593,tr,2025-03-24T18:11:30+00:00
2025-03-24,ISATR,KAP,TÜRKİYE İŞ BANKASI A.Ş. - Şirket Genel Bilgi Formu,Şirket Genel Bilgi Formu,https://www.kap.org.tr/tr/Bildirim/1410590,tr,2025-03-24T18:11:19+00:00
2025-03-24,ISBIR,KAP,İŞBİR HOLDİNG A.Ş. - Özel Durum Açıklaması (Genel),Özel Durum Açıklaması (Genel) Yönetim Kurulu Üyeliğinden İstifa,https://www.kap.org.tr/tr/Bildirim/1410626,tr,2025-03-24T18:28:47+00:00
2025-03-24,ISBTR,KAP,TÜRKİYE İŞ BANKASI A.Ş. - Özel Durum Açıklaması (Genel),Özel Durum Açıklaması (Genel) Bağlı Ortaklıklarımızdan Moka Ödeme ve Elektronik Para Kuruluşu A.Ş.'nin Birleşme İşlemine İlişkin Genel Kurul Kararları hakkında,https://www.kap.org.tr/tr/Bildirim/1410593,tr,2025-03-24T18:11:30+00:00
2025-03-24,ISBTR,KAP,TÜRKİYE İŞ BANKASI A.Ş. - Şirket Genel Bilgi Formu,Şirket Genel Bilgi Formu,https://www.kap.org.tr/tr/Bildirim/1410590,tr,2025-03-24T18:11:19+00:00
2025-03-24,ISCTR,KAP,TÜRKİYE İŞ BANKASI A.Ş. - Özel Durum Açıklaması (Genel),Özel Durum Açıklaması (Genel) Bağlı Ortaklıklarımızdan Moka Ödeme ve Elektronik Para Kuruluşu A.Ş.'nin Birleşme İşlemine İlişkin Genel Kurul Kararları hakkında,https://www.kap.org.tr/tr/Bildirim/1410593,tr,2025-03-24T18:11:30+00:00
2025-03-24,ISCTR,KAP,TÜRKİYE İŞ BANKASI A.Ş. - Şirket Genel Bilgi Formu,Şirket Genel Bilgi Formu,https://www.kap.org.tr/tr/Bildirim/1410590,tr,2025-03-24T18:11:19+00:00
2025-03-24,ISDMR,KAP,İSKENDERUN DEMİR VE ÇELİK A.Ş. - Entegre Rapor,Entegre Rapor 2024 Yılı Entegre Faaliyet Raporu,https://www.kap.org.tr/tr/Bildirim/1410648,tr,2025-03-24T18:48:46+00:00
2025-03-24,ISFAK,KAP,İŞ FAKTORİNG A.Ş. - Genel Kurul Bildirimi,Genel Kurul Bildirimi 2024 Yılı Olağan Genel Kurul Toplantısı Sonucu,https://www.kap.org.tr/tr/Bildirim/1410561,tr,2025-03-24T17:50:01+00:00
2025-03-24,ISGSY,KAP,İŞ GİRİŞİM SERMAYESİ YATIRIM ORTAKLIĞI A.Ş. - Bağımsız Denetim Kuruluşunun Belirlenmesi,Bağımsız Denetim Kuruluşunun Belirlenmesi BAĞIMSIZ DENETİM KURULUŞUNUN BELİRLENMESİ,https://www.kap.org.tr/tr/Bildirim/1410553,tr,2025-03-24T17:39:39+00:00
2025-03-24,ISGSY,KAP,İŞ GİRİŞİM SERMAYESİ YATIRIM ORTAKLIĞI A.Ş. - Kar Payı Dağıtım İşlemlerine İlişkin Bildirim,Kar Payı Dağıtım İşlemlerine İlişkin Bildirim 2024 OLAĞAN GENEL KURUL TOPLANTI SONUCU,https://www.kap.org.tr/tr/Bildirim/1410536,tr,2025-03-24T17:24:39+00:00
2025-03-24,ISGSY,KAP,İŞ GİRİŞİM SERMAYESİ YATIRIM ORTAKLIĞI A.Ş. - Genel Kurul İşlemlerine İlişkin Bildirim,Genel Kurul İşlemlerine İlişkin Bildirim 2024 Olağan Genel Kurul Sonucu,https://www.kap.org.tr/tr/Bildirim/1410531,tr,2025-03-24T17:13:39+00:00
2025-03-24,ISKUR,KAP,TÜRKİYE İŞ BANKASI A.Ş. - Özel Durum Açıklaması (Genel),Özel Durum Açıklaması (Genel) Bağlı Ortaklıklarımızdan Moka Ödeme ve Elektronik Para Kuruluşu A.Ş.'nin Birleşme İşlemine İlişkin Genel Kurul Kararları hakkında,https://www.kap.org.tr/tr/Bildirim/1410593,tr,2025-03-24T18:11:30+00:00
2025-03-24,ISKUR,KAP,TÜRKİYE İŞ BANKASI A.Ş. - Şirket Genel Bilgi Formu,Şirket Genel Bilgi Formu,https://www.kap.org.tr/tr/Bildirim/1410590,tr,2025-03-24T18:11:19+00:00
2025-03-24,ISMEN,KAP,İŞ YATIRIM MENKUL DEĞERLER A.Ş. - Özel Durum Açıklaması (Genel),Özel Durum Açıklaması (Genel) Şube geçici adres değişikliği.,https://www.kap.org.tr/tr/Bildirim/1410254,tr,2025-03-24T13:05:29+00:00
2025-03-24,ISMEN,KAP,İŞ YATIRIM MENKUL DEĞERLER A.Ş. - Yatırım Kuruluşu Varant - Sertifika - Senetlerine İlişkin Bildirim,Yatırım Kuruluşu Varant - Sertifika - Senetlerine İlişkin Bildirim İş Yatırım Sertifika ve Varant Alım Satım İşlemleri,https://www.kap.org.tr/tr/Bildirim/1410165,tr,2025-03-24T09:56:41+00:00
2025-03-24,ISMEN,KAP,İŞ YATIRIM MENKUL DEĞERLER A.Ş. - Piyasa Yapıcılığı Kapsamında Gerçekleştirilen İşlemler Bildirimi,Piyasa Yapıcılığı Kapsamında Gerçekleştirilen İşlemler Bildirimi Borsa Yatırım Fonu Piyasa Yapıcılığı İşlemleri ISGLK,https://www.kap.org.tr/tr/Bildirim/1410164,tr,2025-03-24T09:55:19+00:00
2025-03-24,ISSEN,KAP,İŞBİR SENTETİK DOKUMA SANAYİ A.Ş. - Şirket Genel Bilgi Formu,Şirket Genel Bilgi Formu,https://www.kap.org.tr/tr/Bildirim/1410635,tr,2025-03-24T18:34:54+00:00
2025-03-24,ISSEN,KAP,İŞBİR SENTETİK DOKUMA SANAYİ A.Ş. - Özel Durum Açıklaması (Genel),Özel Durum Açıklaması (Genel) Yönetim Kurulu Üyesinin ayrılması hakkında,https://www.kap.org.tr/tr/Bildirim/1410634,tr,2025-03-24T18:34:43+00:00
2025-03-24,ISYAT,KAP,İŞ YATIRIM ORTAKLIĞI A.Ş. - Haftalık Rapor,Haftalık Rapor 21.03.2025 Tarihli Haftalık Rapor,https://www.kap.org.tr/tr/Bildirim/1410535,tr,2025-03-24T17:20:30+00:00
2025-03-24,ISYAT,KAP,İŞ YATIRIM ORTAKLIĞI A.Ş. - Özel Durum Açıklaması (Genel),"Özel Durum Açıklaması (Genel) Ortaklık paylarının BİAŞ'ta oluşan ağırlıklı ortalama fiyatının, pay başına net aktif değerinin 2 katını aşması hakkında",https://www.kap.org.tr/tr/Bildirim/1410249,tr,2025-03-24T12:34:45+00:00
2025-03-24,IYF,KAP,İNFO YATIRIM MENKUL DEĞERLER A.Ş. - Yatırım Kuruluşu Varant - Sertifika - Senetlerine İlişkin Bildirim,Yatırım Kuruluşu Varant - Sertifika - Senetlerine İlişkin Bildirim İnfo Yatırım Varantları Piyasa Yapıcı Alım Satım İşlemleri Bildirimi,https://www.kap.org.tr/tr/Bildirim/1410218,tr,2025-03-24T11:13:27+00:00
2025-03-24,IYM,KAP,İŞ YATIRIM MENKUL DEĞERLER A.Ş. - Özel Durum Açıklaması (Genel),Özel Durum Açıklaması (Genel) Şube geçici adres değişikliği.,https://www.kap.org.tr/tr/Bildirim/1410254,tr,2025-03-24T13:05:29+00:00
2025-03-24,IYM,KAP,İŞ YATIRIM MENKUL DEĞERLER A.Ş. - Yatırım Kuruluşu Varant - Sertifika - Senetlerine İlişkin Bildirim,Yatırım Kuruluşu Varant - Sertifika - Senetlerine İlişkin Bildirim İş Yatırım Sertifika ve Varant Alım Satım İşlemleri,https://www.kap.org.tr/tr/Bildirim/1410165,tr,2025-03-24T09:56:41+00:00
2025-03-24,IYM,KAP,İŞ YATIRIM MENKUL DEĞERLER A.Ş. - Piyasa Yapıcılığı Kapsamında Gerçekleştirilen İşlemler Bildirimi,Piyasa Yapıcılığı Kapsamında Gerçekleştirilen İşlemler Bildirimi Borsa Yatırım Fonu Piyasa Yapıcılığı İşlemleri ISGLK,https://www.kap.org.tr/tr/Bildirim/1410164,tr,2025-03-24T09:55:19+00:00
2025-03-24,KATVK,KAP,KATILIM VARLIK KİRALAMA A.Ş. - İhraç Tavanına İlişkin Bildirim,İhraç Tavanına İlişkin Bildirim Kira Sertifikası İhraç Tavanı SPK Başvurusu KARSN,https://www.kap.org.tr/tr/Bildirim/1410484,tr,2025-03-24T16:24:33+00:00
2025-03-24,KCHOL,KAP,KOÇ HOLDİNG A.Ş. - Şirket Genel Bilgi Formu,Şirket Genel Bilgi Formu,https://www.kap.org.tr/tr/Bildirim/1410604,tr,2025-03-24T18:15:21+00:00
2025-03-24,KIMMR,KAP,ERSAN ALIŞVERİŞ HİZMETLERİ VE GIDA SANAYİ TİCARET A.Ş. - Özel Durum Açıklaması (Genel),Özel Durum Açıklaması (Genel) Yatırımcı İlişkileri Yöneticisinin Görevden Ayrılması Hakkında,https://www.kap.org.tr/tr/Bildirim/1410242,tr,2025-03-24T12:02:08+00:00
2025-03-24,KLN,KAP,TÜRKİYE KALKINMA VE YATIRIM BANKASI A.Ş. - Pay Dışında Sermaye Piyasası Aracı İşlemlerine İlişkin Bildirim (Faiz İçeren),Pay Dışında Sermaye Piyasası Aracı İşlemlerine İlişkin Bildirim (Faiz İçeren) Sürdürülebilir Borçlanma Aracı Kupon Ödemesi,https://www.kap.org.tr/tr/Bildirim/1410475,tr,2025-03-24T16:18:20+00:00
2025-03-24,KLNMA,KAP,TÜRKİYE KALKINMA VE YATIRIM BANKASI A.Ş. - Pay Dışında Sermaye Piyasası Aracı İşlemlerine İlişkin Bildirim (Faiz İçeren),Pay Dışında Sermaye Piyasası Aracı İşlemlerine İlişkin Bildirim (Faiz İçeren) Sürdürülebilir Borçlanma Aracı Kupon Ödemesi,https://www.kap.org.tr/tr/Bildirim/1410475,tr,2025-03-24T16:18:20+00:00
2025-03-24,KLSER,KAP,KALESERAMİK ÇANAKKALE KALEBODUR SERAMİK SANAYİ A.Ş. - Halka Arz Fiyatının Belirlenmesinde Esas Alınan Varsayımlara İlişkin Değerlendirme Raporu,Halka Arz Fiyatının Belirlenmesinde Esas Alınan Varsayımlara İlişkin Değerlendirme Raporu Halka Arz Fiyatının Belirlenmesinde Esas Alınan Varsayımlara İlişkin Gerçekleşme ve Değerlendirme Raporu,https://www.kap.org.tr/tr/Bildirim/1410151,tr,2025-03-24T09:28:46+00:00
2025-03-24,KOCMT,KAP,KOÇ METALURJİ A.Ş. - Payların Geri Alınmasına İlişkin Bildirim,Payların Geri Alınmasına İlişkin Bildirim 24.03.2025 Tarihli Pay Geri Alım İşlemleri,https://www.kap.org.tr/tr/Bildirim/1410630,tr,2025-03-24T18:31:48+00:00
2025-03-24,KOCMT,KAP,KOÇ METALURJİ A.Ş. - Faaliyetlerin Kısmen veya Tamamen Durdurulması ya da İmkansız Hale Gelmesi,Faaliyetlerin Kısmen veya Tamamen Durdurulması ya da İmkansız Hale Gelmesi Yıllık Planlı Bakım Nedeniyle Üretim Faaliyetlerine Geçici Süreyle Ara Verilmesi,https://www.kap.org.tr/tr/Bildirim/1410594,tr,2025-03-24T18:11:53+00:00
2025-03-24,KONKA,KAP,KONYA KAĞIT SANAYİ VE TİCARET A.Ş. - Genel Kurul İşlemlerine İlişkin Bildirim,Genel Kurul İşlemlerine İlişkin Bildirim Konya Kağıt Sanayi ve Ticaret A.Ş. 2024 Yılı Olağan Genel Kurul Toplantısı Hakkında,https://www.kap.org.tr/tr/Bildirim/1410456,tr,2025-03-24T15:40:55+00:00
2025-03-24,KONKA,KAP,KONYA KAĞIT SANAYİ VE TİCARET A.Ş. - Kar Payı Dağıtım İşlemlerine İlişkin Bildirim,Kar Payı Dağıtım İşlemlerine İlişkin Bildirim 2024 Yılı Yönetim Kurulu Kar Dağıtım Teklifi,https://www.kap.org.tr/tr/Bildirim/1410455,tr,2025-03-24T15:40:16+00:00
2025-03-24,KONTR,KAP,KONTROLMATİK TEKNOLOJİ ENERJİ VE MÜHENDİSLİK A.Ş. - Genel Kurul İşlemlerine İlişkin Bildirim,Genel Kurul İşlemlerine İlişkin Bildirim 2024 Yılı Olağan Genel Kurul Daveti,https://www.kap.org.tr/tr/Bildirim/1410907,tr,2025-03-24T22:29:40+00:00
2025-03-24,KONTR,KAP,KONTROLMATİK TEKNOLOJİ ENERJİ VE MÜHENDİSLİK A.Ş. - Kar Payı Dağıtım İşlemlerine İlişkin Bildirim,Kar Payı Dağıtım İşlemlerine İlişkin Bildirim Yönetim Kurulumuzun 2024 Yılına İlişkin Kar Payı Dağıtımı Teklifi,https://www.kap.org.tr/tr/Bildirim/1410597,tr,2025-03-24T18:12:43+00:00
2025-03-24,KONYA,KAP,KONYA ÇİMENTO SANAYİİ A.Ş. - Bağımsız Denetim Kuruluşunun Belirlenmesi,Bağımsız Denetim Kuruluşunun Belirlenmesi Bağımsız Denetim Şirketi Seçimi,https://www.kap.org.tr/tr/Bildirim/1410311,tr,2025-03-24T14:05:06+00:00
2025-03-24,KONYA,KAP,KONYA ÇİMENTO SANAYİİ A.Ş. - Genel Kurul İşlemlerine İlişkin Bildirim,Genel Kurul İşlemlerine İlişkin Bildirim 2024 Yılı Olağan Genel Kurul Toplantısı Kararları Tescili,https://www.kap.org.tr/tr/Bildirim/1410309,tr,2025-03-24T14:04:29+00:00
2025-03-24,KRDMA,KAP,KARDEMİR KARABÜK DEMİR ÇELİK SANAYİ VE TİCARET A.Ş. - Özel Durum Açıklaması (Genel),Özel Durum Açıklaması (Genel) Satış Duyurusu Hk.,https://www.kap.org.tr/tr/Bildirim/1410454,tr,2025-03-24T15:39:57+00:00
2025-03-24,KRDMB,KAP,KARDEMİR KARABÜK DEMİR ÇELİK SANAYİ VE TİCARET A.Ş. - Özel Durum Açıklaması (Genel),Özel Durum Açıklaması (Genel) Satış Duyurusu Hk.,https://www.kap.org.tr/tr/Bildirim/1410454,tr,2025-03-24T15:39:57+00:00
2025-03-24,KRDMD,KAP,KARDEMİR KARABÜK DEMİR ÇELİK SANAYİ VE TİCARET A.Ş. - Özel Durum Açıklaması (Genel),Özel Durum Açıklaması (Genel) Satış Duyurusu Hk.,https://www.kap.org.tr/tr/Bildirim/1410454,tr,2025-03-24T15:39:57+00:00
2025-03-24,KRVGD,KAP,KERVAN GIDA SANAYİ VE TİCARET A.Ş. - Payların Geri Alınmasına İlişkin Bildirim,"Payların Geri Alınmasına İlişkin Bildirim 24.03.2025 TARİHLİ PAY GERİ ALIMI HAKKINDA,",https://www.kap.org.tr/tr/Bildirim/1410633,tr,2025-03-24T18:34:27+00:00
2025-03-24,KRVGD,KAP,KERVAN GIDA SANAYİ VE TİCARET A.Ş. - Esas Sözleşme Tadili,"Esas Sözleşme Tadili ESAS SÖZLEŞME TADİL METNİ TİCARET BAKANLIĞI ONAYI HAKKINDA,",https://www.kap.org.tr/tr/Bildirim/1410148,tr,2025-03-24T09:24:21+00:00
2025-03-24,KTSVK,KAP,KT SUKUK VARLIK KİRALAMA A.Ş. - Tertip İhraç Belgesi,Tertip İhraç Belgesi Tümosan Motor ve Traktör Sanayi A.Ş.Kira Sertifikası İhraç Tavanına İlişkin SPK Onayı,https://www.kap.org.tr/tr/Bildirim/1410205,tr,2025-03-24T10:53:13+00:00
2025-03-24,KTSVK,KAP,KT SUKUK VARLIK KİRALAMA A.Ş. - İhraç Tavanına İlişkin Bildirim,İhraç Tavanına İlişkin Bildirim Tümosan Motor ve Traktör Sanayi A.Ş.Kira Sertifikası İhraç Tavanına İlişkin SPK Onayı TMSN,https://www.kap.org.tr/tr/Bildirim/1410202,tr,2025-03-24T10:48:20+00:00
2025-03-24,KTSVK,KAP,KT SUKUK VARLIK KİRALAMA A.Ş. - Tertip İhraç Belgesi,Tertip İhraç Belgesi Kervan Gıda Sanayi ve Ticaret A.Ş.Kira Sertifikası İhraç Tavanına İlişkin SPK Onayı,https://www.kap.org.tr/tr/Bildirim/1410179,tr,2025-03-24T10:32:14+00:00
2025-03-24,KTSVK,KAP,KT SUKUK VARLIK KİRALAMA A.Ş. - İhraç Tavanına İlişkin Bildirim,İhraç Tavanına İlişkin Bildirim Kervan Gıda Sanayi ve Ticaret A.Ş.Kira Sertifikası İhraç Tavanına İlişkin SPK Onayı KRVGD,https://www.kap.org.tr/tr/Bildirim/1410178,tr,2025-03-24T10:27:40+00:00
2025-03-24,KUVVA,KAP,KUVVA GIDA TİCARET VE SANAYİ YATIRIMLARI A.Ş. - Finansal Duran Varlık Edinimi,Finansal Duran Varlık Edinimi Finansal Duran varlık edinimi (Düzeltme),https://www.kap.org.tr/tr/Bildirim/1410694,tr,2025-03-24T19:27:43+00:00
2025-03-24,LIDFA,KAP,LİDER FAKTORİNG A.Ş. - Özel Durum Açıklaması (Genel),Özel Durum Açıklaması (Genel) Tahsili Gecikmiş Alacak Portföyü Alımı-İhaleye Konu Alacakların Devrine Yönelik Sözleşmenin İmza Sürecinin Tamamlanmas ISBTR,https://www.kap.org.tr/tr/Bildirim/1410368,tr,2025-03-24T14:28:18+00:00
2025-03-24,LILAK,KAP,LİLA KAĞIT SANAYİ VE TİCARET A.Ş. - Bağımsız Denetim Kuruluşunun Belirlenmesi,Bağımsız Denetim Kuruluşunun Belirlenmesi Bağımsız Denetim Kuruluşunun Tescil ve İlanı,https://www.kap.org.tr/tr/Bildirim/1410684,tr,2025-03-24T19:01:40+00:00
2025-03-24,LILAK,KAP,LİLA KAĞIT SANAYİ VE TİCARET A.Ş. - Genel Kurul İşlemlerine İlişkin Bildirim,Genel Kurul İşlemlerine İlişkin Bildirim 2024 Yılı Olağan Genel Kurul?un Tescili,https://www.kap.org.tr/tr/Bildirim/1410682,tr,2025-03-24T19:01:25+00:00
2025-03-24,LKMNH,KAP,LOKMAN HEKİM ENGÜRÜSAĞ SAĞLIK TURİZM EĞİTİM HİZMETLERİ VE İNŞAAT TAAHHÜT A.Ş. - Payların Geri Alınmasına İlişkin Bildirim,Payların Geri Alınmasına İlişkin Bildirim Hisse Geri Alım,https://www.kap.org.tr/tr/Bildirim/1410641,tr,2025-03-24T18:43:43+00:00
2025-03-24,MAALT,KAP,MARMARİS ALTINYUNUS TURİSTİK TESİSLER A.Ş. - Kayıtlı Sermaye Tavanı İşlemlerine İlişkin Bildirim,Kayıtlı Sermaye Tavanı İşlemlerine İlişkin Bildirim Kayıtlı Sermaye Tavanının Artırılması ve Geçerlilik Süresinin Uzatılması Amaçlı Esas Sözleşme Değişikliğine İlişkin Genel Kurul Onayı,https://www.kap.org.tr/tr/Bildirim/1410585,tr,2025-03-24T18:10:39+00:00
2025-03-24,MAALT,KAP,MARMARİS ALTINYUNUS TURİSTİK TESİSLER A.Ş. - Bağımsız Denetim Kuruluşunun Belirlenmesi,Bağımsız Denetim Kuruluşunun Belirlenmesi Bağımsız Denetim Kuruluşu Seçiminin Genel Kurul Tarafından Onaylanması,https://www.kap.org.tr/tr/Bildirim/1410583,tr,2025-03-24T18:10:10+00:00
2025-03-24,MAALT,KAP,MARMARİS ALTINYUNUS TURİSTİK TESİSLER A.Ş. - Kar Payı Dağıtım İşlemlerine İlişkin Bildirim,Kar Payı Dağıtım İşlemlerine İlişkin Bildirim Olağan Genel Kurul Toplantısı Kâr Dağıtım Kararı,https://www.kap.org.tr/tr/Bildirim/1410581,tr,2025-03-24T18:09:53+00:00
2025-03-24,MAALT,KAP,MARMARİS ALTINYUNUS TURİSTİK TESİSLER A.Ş. - Genel Kurul İşlemlerine İlişkin Bildirim,Genel Kurul İşlemlerine İlişkin Bildirim 24.03.2025 Tarihli Olağan Genel Kurul Toplantı Sonucu,https://www.kap.org.tr/tr/Bildirim/1410570,tr,2025-03-24T17:58:07+00:00
2025-03-24,MAGEN,KAP,MARGÜN ENERJİ ÜRETİM SANAYİ VE TİCARET A.Ş. - Finansal Duran Varlık Edinimi,Finansal Duran Varlık Edinimi Jeotermal Enerji Santrali Alınması Hk.,https://www.kap.org.tr/tr/Bildirim/1410256,tr,2025-03-24T13:07:08+00:00
2025-03-24,MAKIM,KAP,MAKİM MAKİNA TEKNOLOJİLERİ SANAYİ VE TİCARET A.Ş. - Yeni İş İlişkisi,Yeni İş İlişkisi Sipariş Hakkında,https://www.kap.org.tr/tr/Bildirim/1410596,tr,2025-03-24T18:12:30+00:00
2025-03-24,MAKTK,KAP,MAKİNA TAKIM ENDÜSTRİSİ A.Ş. - Bağımsız Denetim Kuruluşunun Belirlenmesi,Bağımsız Denetim Kuruluşunun Belirlenmesi Bağımsız Denetim Kuruluşunun Belirlenmesi,https://www.kap.org.tr/tr/Bildirim/1410760,tr,2025-03-24T20:25:25+00:00
2025-03-24,MAKTK,KAP,MAKİNA TAKIM ENDÜSTRİSİ A.Ş. - Kar Payı Dağıtım İşlemlerine İlişkin Bildirim,Kar Payı Dağıtım İşlemlerine İlişkin Bildirim Kar Payı Dağıtımı Hk.,https://www.kap.org.tr/tr/Bildirim/1410757,tr,2025-03-24T20:22:46+00:00
2025-03-24,MAKTK,KAP,MAKİNA TAKIM ENDÜSTRİSİ A.Ş. - Genel Kurul İşlemlerine İlişkin Bildirim,Genel Kurul İşlemlerine İlişkin Bildirim Olağan Genel Kurul Daveti ve Bilgilendirme Dokümanı,https://www.kap.org.tr/tr/Bildirim/1410722,tr,2025-03-24T20:01:32+00:00
2025-03-24,MANAS,KAP,MANAS ENERJİ YÖNETİMİ SANAYİ VE TİCARET A.Ş. - Özel Durum Açıklaması (Genel),Özel Durum Açıklaması (Genel) Genel Müdür Atanması Hakkında,https://www.kap.org.tr/tr/Bildirim/1410236,tr,2025-03-24T11:40:19+00:00
2025-03-24,MGROS,KAP,MİGROS TİCARET A.Ş. - Genel Kurul İşlemlerine İlişkin Bildirim,Genel Kurul İşlemlerine İlişkin Bildirim Olağan Genel Kurul Toplantısı için Bilgilendirme Dokümanı,https://www.kap.org.tr/tr/Bildirim/1410718,tr,2025-03-24T19:59:25+00:00
2025-03-24,MHRGY,KAP,MHR GAYRİMENKUL YATIRIM ORTAKLIĞI A.Ş. - Payların Geri Alınmasına İlişkin Bildirim,Payların Geri Alınmasına İlişkin Bildirim Payların Geri Alınmasına İlşkin Bildirim,https://www.kap.org.tr/tr/Bildirim/1410677,tr,2025-03-24T18:55:36+00:00
2025-03-24,MIATK,KAP,MİA TEKNOLOJİ A.Ş. - Kayıtlı Sermaye Tavanı İşlemlerine İlişkin Bildirim,Kayıtlı Sermaye Tavanı İşlemlerine İlişkin Bildirim Kayıtlı Sermaye Tavan Artırımı ve Süre Uzatımına İlişkin Bakanlık Onayı Hakkında,https://www.kap.org.tr/tr/Bildirim/1410791,tr,2025-03-24T21:15:51+00:00
2025-03-24,MOPAS,KAP,MOPAŞ MARKETÇİLİK GIDA SANAYİ VE TİCARET A.Ş. - Özel Durum Açıklaması (Genel),Özel Durum Açıklaması (Genel) Yeni Mağaza Açılışı,https://www.kap.org.tr/tr/Bildirim/1410552,tr,2025-03-24T17:39:20+00:00
2025-03-24,MOPAS,KAP,MOPAŞ MARKETÇİLİK GIDA SANAYİ VE TİCARET A.Ş. - Halka Arz Fiyatının Belirlenmesinde Esas Alınan Varsayımlara İlişkin Değerlendirme Raporu,Halka Arz Fiyatının Belirlenmesinde Esas Alınan Varsayımlara İlişkin Değerlendirme Raporu Mopas Varsayimlara iliskin Degerlendirme Raporu,https://www.kap.org.tr/tr/Bildirim/1410549,tr,2025-03-24T17:30:25+00:00
2025-03-24,MTRYO,KAP,METRO YATIRIM ORTAKLIĞI A.Ş. - Haftalık Rapor,Haftalık Rapor Haftalık Rapor,https://www.kap.org.tr/tr/Bildirim/1410190,tr,2025-03-24T10:42:06+00:00
2025-03-24,NTHOL,KAP,NET HOLDİNG A.Ş. - Payların Geri Alınmasına İlişkin Bildirim,Payların Geri Alınmasına İlişkin Bildirim Şirketimizin kendi paylarının geri alımı hakkında,https://www.kap.org.tr/tr/Bildirim/1410595,tr,2025-03-24T18:12:21+00:00
2025-03-24,NUHCM,KAP,NUH ÇİMENTO SANAYİ A.Ş. - Bağımsız Denetim Kuruluşunun Belirlenmesi,Bağımsız Denetim Kuruluşunun Belirlenmesi 2025 Yılı Bağımsız Denetim Kuruluşunun Tescil Edilmesi,https://www.kap.org.tr/tr/Bildirim/1410646,tr,2025-03-24T18:46:39+00:00
2025-03-24,NUHCM,KAP,NUH ÇİMENTO SANAYİ A.Ş. - Genel Kurul İşlemlerine İlişkin Bildirim,Genel Kurul İşlemlerine İlişkin Bildirim 2024 Yılı Olağan Genel Kurul Toplantı Tescili,https://www.kap.org.tr/tr/Bildirim/1410640,tr,2025-03-24T18:42:52+00:00
2025-03-24,OTKAR,KAP,OTOKAR OTOMOTİV VE SAVUNMA SANAYİ A.Ş. - Bağımsız Denetim Kuruluşunun Belirlenmesi,Bağımsız Denetim Kuruluşunun Belirlenmesi Bağımsız Denetim Kuruluşu Seçimi Genel Kurul Kararı,https://www.kap.org.tr/tr/Bildirim/1410859,tr,2025-03-24T21:59:54+00:00
2025-03-24,OTKAR,KAP,OTOKAR OTOMOTİV VE SAVUNMA SANAYİ A.Ş. - Esas Sözleşme Tadili,Esas Sözleşme Tadili Esas Sözleşme Tadiline İlişkin Genel Kurul Onayı,https://www.kap.org.tr/tr/Bildirim/1410856,tr,2025-03-24T21:59:22+00:00
2025-03-24,OTKAR,KAP,OTOKAR OTOMOTİV VE SAVUNMA SANAYİ A.Ş. - Kayıtlı Sermaye Tavanı İşlemlerine İlişkin Bildirim,Kayıtlı Sermaye Tavanı İşlemlerine İlişkin Bildirim Şirket Esas Sözleşmesi'nin 7. Maddesinin tadil edilmesi.,https://www.kap.org.tr/tr/Bildirim/1410853,tr,2025-03-24T21:59:02+00:00
2025-03-24,OTKAR,KAP,OTOKAR OTOMOTİV VE SAVUNMA SANAYİ A.Ş. - Kar Payı Dağıtım İşlemlerine İlişkin Bildirim,Kar Payı Dağıtım İşlemlerine İlişkin Bildirim 2024 Yılı Kar Dağıtım Önerisi'nin Olağan Genel Kurul'da kabulü,https://www.kap.org.tr/tr/Bildirim/1410851,tr,2025-03-24T21:58:44+00:00
2025-03-24,OTKAR,KAP,OTOKAR OTOMOTİV VE SAVUNMA SANAYİ A.Ş. - Kar Dağıtım Politikası,Kar Dağıtım Politikası Güncellenen Kâr Dağıtım Politikasının Genel Kurul Tarafından Onaylanması,https://www.kap.org.tr/tr/Bildirim/1410848,tr,2025-03-24T21:57:58+00:00
2025-03-24,OTKAR,KAP,OTOKAR OTOMOTİV VE SAVUNMA SANAYİ A.Ş. - Genel Kurul İşlemlerine İlişkin Bildirim,Genel Kurul İşlemlerine İlişkin Bildirim Genel Kurul Toplantısı Sonucu,https://www.kap.org.tr/tr/Bildirim/1410796,tr,2025-03-24T21:36:17+00:00
2025-03-24,OTKAR,KAP,OTOKAR OTOMOTİV VE SAVUNMA SANAYİ A.Ş. - Kurumsal Yönetim İlkelerine Uyum Derecelendirmesi,Kurumsal Yönetim İlkelerine Uyum Derecelendirmesi Kurumsal Yönetim Derecelendirme Raporu,https://www.kap.org.tr/tr/Bildirim/1410469,tr,2025-03-24T16:00:22+00:00
2025-03-24,OYA,KAP,OYAK YATIRIM MENKUL DEĞERLER A.Ş. - Kar Payı Dağıtım İşlemlerine İlişkin Bildirim,Kar Payı Dağıtım İşlemlerine İlişkin Bildirim 2024 Olağan Genel Kurul Toplantısı Kar Dağıtım Sonucu,https://www.kap.org.tr/tr/Bildirim/1410689,tr,2025-03-24T19:10:23+00:00
2025-03-24,OYA,KAP,OYAK YATIRIM MENKUL DEĞERLER A.Ş. - Özel Durum Açıklaması (Genel),Özel Durum Açıklaması (Genel) Yönetim Kurulu Üyelerinin Görev Dağılımı,https://www.kap.org.tr/tr/Bildirim/1410685,tr,2025-03-24T19:02:02+00:00
2025-03-24,OYA,KAP,OYAK YATIRIM MENKUL DEĞERLER A.Ş. - Yönetim Kurulu Komiteleri,Yönetim Kurulu Komiteleri Yönetim Kurulu Komite Seçimi,https://www.kap.org.tr/tr/Bildirim/1410683,tr,2025-03-24T19:01:34+00:00
2025-03-24,OYA,KAP,OYAK YATIRIM MENKUL DEĞERLER A.Ş. - Bağımsız Denetim Kuruluşunun Belirlenmesi,Bağımsız Denetim Kuruluşunun Belirlenmesi Genel Kurul Toplantısı 2025 Yılı Bağımsız Denetim Şirketi Seçim Sonucu,https://www.kap.org.tr/tr/Bildirim/1410681,tr,2025-03-24T19:01:17+00:00
2025-03-24,OYA,KAP,OYAK YATIRIM MENKUL DEĞERLER A.Ş. - Genel Kurul İşlemlerine İlişkin Bildirim,Genel Kurul İşlemlerine İlişkin Bildirim 2024 Yılına İlişkin Olağan Genel Kurul Toplantısı Sonucu,https://www.kap.org.tr/tr/Bildirim/1410680,tr,2025-03-24T18:59:54+00:00
2025-03-24,OYA,KAP,OYAK YATIRIM MENKUL DEĞERLER A.Ş. - Piyasa Yapıcılığı Kapsamında Gerçekleştirilen İşlemler Bildirimi,Piyasa Yapıcılığı Kapsamında Gerçekleştirilen İşlemler Bildirimi 24/03/2025 TARİHLİ OYAYO PİYASA YAPICILIĞI İŞLEMLERİ OYAYO,https://www.kap.org.tr/tr/Bildirim/1410679,tr,2025-03-24T18:57:31+00:00
2025-03-24,OYAYO,KAP,OYAK YATIRIM ORTAKLIĞI A.Ş. - Özel Durum Açıklaması (Genel),Özel Durum Açıklaması (Genel) Bağımsız Yönetim Kurulu Üyelerinin Adaylığı Hakkında,https://www.kap.org.tr/tr/Bildirim/1410696,tr,2025-03-24T19:34:00+00:00
2025-03-24,OYAYO,KAP,OYAK YATIRIM ORTAKLIĞI A.Ş. - Şirket Genel Bilgi Formu,Şirket Genel Bilgi Formu,https://www.kap.org.tr/tr/Bildirim/1410687,tr,2025-03-24T19:03:02+00:00
2025-03-24,OYAYO,KAP,OYAK YATIRIM ORTAKLIĞI A.Ş. - Özel Durum Açıklaması (Genel),"Özel Durum Açıklaması (Genel) Ortaklık paylarının BİAŞ'ta oluşan ağırlıklı ortalama fiyatının, pay başına net aktif değerinin 2 katını aşması hakkında",https://www.kap.org.tr/tr/Bildirim/1410176,tr,2025-03-24T10:15:53+00:00
2025-03-24,OYAYO,KAP,OYAK YATIRIM ORTAKLIĞI A.Ş. - Haftalık Rapor,Haftalık Rapor 21.03.2025 Tarihli Haftalık Rapor,https://www.kap.org.tr/tr/Bildirim/1410175,tr,2025-03-24T10:15:03+00:00
2025-03-24,OYYAT,KAP,OYAK YATIRIM MENKUL DEĞERLER A.Ş. - Kar Payı Dağıtım İşlemlerine İlişkin Bildirim,Kar Payı Dağıtım İşlemlerine İlişkin Bildirim 2024 Olağan Genel Kurul Toplantısı Kar Dağıtım Sonucu,https://www.kap.org.tr/tr/Bildirim/1410689,tr,2025-03-24T19:10:23+00:00
2025-03-24,OYYAT,KAP,OYAK YATIRIM MENKUL DEĞERLER A.Ş. - Özel Durum Açıklaması (Genel),Özel Durum Açıklaması (Genel) Yönetim Kurulu Üyelerinin Görev Dağılımı,https://www.kap.org.tr/tr/Bildirim/1410685,tr,2025-03-24T19:02:02+00:00
2025-03-24,OYYAT,KAP,OYAK YATIRIM MENKUL DEĞERLER A.Ş. - Yönetim Kurulu Komiteleri,Yönetim Kurulu Komiteleri Yönetim Kurulu Komite Seçimi,https://www.kap.org.tr/tr/Bildirim/1410683,tr,2025-03-24T19:01:34+00:00
2025-03-24,OYYAT,KAP,OYAK YATIRIM MENKUL DEĞERLER A.Ş. - Bağımsız Denetim Kuruluşunun Belirlenmesi,Bağımsız Denetim Kuruluşunun Belirlenmesi Genel Kurul Toplantısı 2025 Yılı Bağımsız Denetim Şirketi Seçim Sonucu,https://www.kap.org.tr/tr/Bildirim/1410681,tr,2025-03-24T19:01:17+00:00
2025-03-24,OYYAT,KAP,OYAK YATIRIM MENKUL DEĞERLER A.Ş. - Genel Kurul İşlemlerine İlişkin Bildirim,Genel Kurul İşlemlerine İlişkin Bildirim 2024 Yılına İlişkin Olağan Genel Kurul Toplantısı Sonucu,https://www.kap.org.tr/tr/Bildirim/1410680,tr,2025-03-24T18:59:54+00:00
2025-03-24,OYYAT,KAP,OYAK YATIRIM MENKUL DEĞERLER A.Ş. - Piyasa Yapıcılığı Kapsamında Gerçekleştirilen İşlemler Bildirimi,Piyasa Yapıcılığı Kapsamında Gerçekleştirilen İşlemler Bildirimi 24/03/2025 TARİHLİ OYAYO PİYASA YAPICILIĞI İŞLEMLERİ OYAYO,https://www.kap.org.tr/tr/Bildirim/1410679,tr,2025-03-24T18:57:31+00:00
2025-03-24,OZYSR,KAP,ÖZYAŞAR TEL VE GALVANİZLEME SANAYİ A.Ş. - Pay Alım Satım Bildirimi,Pay Alım Satım Bildirimi Derviş Ali Çokyaşar tarafından alınan Özyaşar Tel ve Galvanizleme San.A.Ş. paylarına ilişkin bildirim,https://www.kap.org.tr/tr/Bildirim/1410752,tr,2025-03-24T20:13:15+00:00
2025-03-24,PAPIL,KAP,PAPİLON SAVUNMA TEKNOLOJİ VE TİCARET A.Ş. - Kayıtlı Sermaye Tavanı İşlemlerine İlişkin Bildirim,Kayıtlı Sermaye Tavanı İşlemlerine İlişkin Bildirim Kayıtlı Sermaye Tavanı Arttırımı ve Geçerlilik Süresi Uzatılması Sermaye Piyasası Kurulu Onayı,https://www.kap.org.tr/tr/Bildirim/1410623,tr,2025-03-24T18:25:21+00:00
2025-03-24,PARSN,KAP,PARSAN MAKİNA PARÇALARI SANAYİİ A.Ş. - İlişkili Taraf İşlemleri,İlişkili Taraf İşlemleri Yaygın ve Süreklilik Arz eden İlişkili Taraf İşlemleri Raporu'nun Sonuç Bölümü,https://www.kap.org.tr/tr/Bildirim/1410693,tr,2025-03-24T19:25:39+00:00
2025-03-24,PARSN,KAP,PARSAN MAKİNA PARÇALARI SANAYİİ A.Ş. - Bağımsız Denetim Kuruluşunun Belirlenmesi,Bağımsız Denetim Kuruluşunun Belirlenmesi 2025 yılı Bağımsız Denetim Kuruluşunun Belirlenmesi,https://www.kap.org.tr/tr/Bildirim/1410692,tr,2025-03-24T19:24:56+00:00
2025-03-24,PCILT,KAP,PC İLETİŞİM VE MEDYA HİZMETLERİ SANAYİ TİCARET A.Ş. - Payların Geri Alınmasına İlişkin Bildirim,Payların Geri Alınmasına İlişkin Bildirim 24.03.2025 Tarihli Pay Geri Alım İşlemleri,https://www.kap.org.tr/tr/Bildirim/1410915,tr,2025-03-24T22:45:21+00:00
2025-03-24,PCILT,KAP,PC İLETİŞİM VE MEDYA HİZMETLERİ SANAYİ TİCARET A.Ş. - Payların Geri Alınmasına İlişkin Bildirim,Payların Geri Alınmasına İlişkin Bildirim Şirket paylarının geri alımına ilişkin yeni program başlatılması hk.,https://www.kap.org.tr/tr/Bildirim/1410467,tr,2025-03-24T15:57:36+00:00
2025-03-24,PCILT,KAP,PC İLETİŞİM VE MEDYA HİZMETLERİ SANAYİ TİCARET A.Ş. - Payların Geri Alınmasına İlişkin Bildirim,Payların Geri Alınmasına İlişkin Bildirim Pay Geri Alım Programının Sonlandırılması Hakkında,https://www.kap.org.tr/tr/Bildirim/1410416,tr,2025-03-24T14:48:15+00:00
2025-03-24,PNLSN,KAP,PANELSAN ÇATI CEPHE SİSTEMLERİ SANAYİ VE TİCARET A.Ş. - Özel Durum Açıklaması (Genel),Özel Durum Açıklaması (Genel) GES Yatırımı hk.,https://www.kap.org.tr/tr/Bildirim/1410468,tr,2025-03-24T15:57:56+00:00
2025-03-24,PRDGS,KAP,PARDUS GİRİŞİM SERMAYESİ YATIRIM ORTAKLIĞI A.Ş. - Bağımsız Denetim Kuruluşunun Belirlenmesi,Bağımsız Denetim Kuruluşunun Belirlenmesi 2025 Yılı Bağımsız Denetim Şirketi Belirlenmesi Hk.,https://www.kap.org.tr/tr/Bildirim/1410576,tr,2025-03-24T18:08:42+00:00
2025-03-24,PRKME,KAP,PARK ELEKTRİK ÜRETİM MADENCİLİK SANAYİ VE TİCARET A.Ş. - Payların Geri Alınmasına İlişkin Bildirim,Payların Geri Alınmasına İlişkin Bildirim 24 Mart 2025 tarihli pay geri alım işlemleri,https://www.kap.org.tr/tr/Bildirim/1410764,tr,2025-03-24T20:39:17+00:00
2025-03-24,PRZMA,KAP,PRİZMA PRES MATBAACILIK YAYINCILIK SANAYİ VE TİCARET A.Ş. - Kurumsal Yönetim Bilgi Formu (Güncelleme) - Yönetim Kurulu-2,Kurumsal Yönetim Bilgi Formu (Güncelleme) - Yönetim Kurulu-2 Yönetim Kurulu Komiteleri Güncelleme,https://www.kap.org.tr/tr/Bildirim/1410448,tr,2025-03-24T15:29:24+00:00
2025-03-24,PRZMA,KAP,PRİZMA PRES MATBAACILIK YAYINCILIK SANAYİ VE TİCARET A.Ş. - Şirket Genel Bilgi Formu,Şirket Genel Bilgi Formu,https://www.kap.org.tr/tr/Bildirim/1410442,tr,2025-03-24T15:19:37+00:00
2025-03-24,PRZMA,KAP,PRİZMA PRES MATBAACILIK YAYINCILIK SANAYİ VE TİCARET A.Ş. - Yönetim Kurulu Komiteleri,"Yönetim Kurulu Komiteleri Denetimden Sorumlu Komite, Kurumsal Yönetim Komitesi ve Riskin Erken Saptanması Komitesi Üyelerinin Seçimi",https://www.kap.org.tr/tr/Bildirim/1410435,tr,2025-03-24T15:10:22+00:00
2025-03-24,PRZMA,KAP,PRİZMA PRES MATBAACILIK YAYINCILIK SANAYİ VE TİCARET A.Ş. - Bağımsız Denetim Kuruluşunun Belirlenmesi,Bağımsız Denetim Kuruluşunun Belirlenmesi Bağımsız Denetim Şirketi Seçimine ilişkin Genel Kurul Kararı,https://www.kap.org.tr/tr/Bildirim/1410431,tr,2025-03-24T15:05:46+00:00
2025-03-24,PRZMA,KAP,PRİZMA PRES MATBAACILIK YAYINCILIK SANAYİ VE TİCARET A.Ş. - Kayıtlı Sermaye Tavanı İşlemlerine İlişkin Bildirim,Kayıtlı Sermaye Tavanı İşlemlerine İlişkin Bildirim Genel Kurul Onayı,https://www.kap.org.tr/tr/Bildirim/1410429,tr,2025-03-24T15:01:27+00:00
2025-03-24,PRZMA,KAP,PRİZMA PRES MATBAACILIK YAYINCILIK SANAYİ VE TİCARET A.Ş. - Kar Payı Dağıtım İşlemlerine İlişkin Bildirim,Kar Payı Dağıtım İşlemlerine İlişkin Bildirim Kar Payı Dağıtımına İlişkin Olağan Genel Kurul Kararı,https://www.kap.org.tr/tr/Bildirim/1410424,tr,2025-03-24T14:58:23+00:00
2025-03-24,PRZMA,KAP,PRİZMA PRES MATBAACILIK YAYINCILIK SANAYİ VE TİCARET A.Ş. - Genel Kurul İşlemlerine İlişkin Bildirim,Genel Kurul İşlemlerine İlişkin Bildirim Genel Kurul Toplantı Sonucu,https://www.kap.org.tr/tr/Bildirim/1410421,tr,2025-03-24T14:54:31+00:00
2025-03-24,QNBTR,KAP,QNB BANK A.Ş. - Pay Dışında Sermaye Piyasası Aracı İşlemlerine İlişkin Bildirim (Faiz İçeren),Pay Dışında Sermaye Piyasası Aracı İşlemlerine İlişkin Bildirim (Faiz İçeren) MTN programı kapsamında yurtdışında ihraç edilen borçlanma aracının ihracı,https://www.kap.org.tr/tr/Bildirim/1410551,tr,2025-03-24T17:37:33+00:00
2025-03-24,QNBTR,KAP,QNB BANK A.Ş. - Pay Dışında Sermaye Piyasası Aracı İşlemlerine İlişkin Bildirim (Faiz İçeren),Pay Dışında Sermaye Piyasası Aracı İşlemlerine İlişkin Bildirim (Faiz İçeren) MTN programı kapsamında yurtdışında ihraç edilen borçlanma aracının itfası,https://www.kap.org.tr/tr/Bildirim/1410464,tr,2025-03-24T15:55:42+00:00
2025-03-24,QNBTR,KAP,QNB BANK A.Ş. - Pay Dışında Sermaye Piyasası Aracı İşlemlerine İlişkin Bildirim (Faiz İçeren),Pay Dışında Sermaye Piyasası Aracı İşlemlerine İlişkin Bildirim (Faiz İçeren) MTN programı kapsamında yurtdışında ihraç edilen borçlanma aracının ihracı,https://www.kap.org.tr/tr/Bildirim/1410463,tr,2025-03-24T15:55:22+00:00
2025-03-24,QNBTR,KAP,QNB BANK A.Ş. - Pay Dışında Sermaye Piyasası Aracı İşlemlerine İlişkin Bildirim (Faiz İçeren),Pay Dışında Sermaye Piyasası Aracı İşlemlerine İlişkin Bildirim (Faiz İçeren) MTN programı kapsamında yurtdışında ihraç edilen borçlanma aracının ihracı,https://www.kap.org.tr/tr/Bildirim/1410462,tr,2025-03-24T15:55:01+00:00
2025-03-24,QNBTR,KAP,QNB BANK A.Ş. - Pay Dışında Sermaye Piyasası Aracı İşlemlerine İlişkin Bildirim (Faiz İçeren),Pay Dışında Sermaye Piyasası Aracı İşlemlerine İlişkin Bildirim (Faiz İçeren) MTN programı kapsamında yurtdışında ihraç edilen borçlanma aracının ihracı,https://www.kap.org.tr/tr/Bildirim/1410461,tr,2025-03-24T15:54:41+00:00
2025-03-24,QNBTR,KAP,QNB BANK A.Ş. - Pay Dışında Sermaye Piyasası Aracı İşlemlerine İlişkin Bildirim (Faiz İçeren),Pay Dışında Sermaye Piyasası Aracı İşlemlerine İlişkin Bildirim (Faiz İçeren) MTN programı kapsamında yurtdışında ihraç edilen borçlanma aracının ihracı,https://www.kap.org.tr/tr/Bildirim/1410460,tr,2025-03-24T15:54:18+00:00
2025-03-24,QUFIN,KAP,QUICK FİNANSMAN A.Ş. - İhraç Tavanına İlişkin Bildirim,İhraç Tavanına İlişkin Bildirim Borçlanma Aracı İhracına İlişkin Yönetim Kurulu Kararı,https://www.kap.org.tr/tr/Bildirim/1410493,tr,2025-03-24T16:36:24+00:00
2025-03-24,QUFIN,KAP,QUICK FİNANSMAN A.Ş. - Pay Dışında Sermaye Piyasası Aracı İşlemlerine İlişkin Bildirim (Faiz İçeren),Pay Dışında Sermaye Piyasası Aracı İşlemlerine İlişkin Bildirim (Faiz İçeren) Tahvil İtfa ve Kupon Ödemesi Hakkında,https://www.kap.org.tr/tr/Bildirim/1410221,tr,2025-03-24T11:17:36+00:00
2025-03-24,QYATB,KAP,Q YATIRIM BANKASI A.Ş. - İhraç Tavanına İlişkin Bildirim,İhraç Tavanına İlişkin Bildirim SPK Tarafından Onaylanan 1.400.000.000 TL Tavanlı İhraç Belgesi,https://www.kap.org.tr/tr/Bildirim/1410483,tr,2025-03-24T16:23:15+00:00
2025-03-24,QYATB,KAP,Q YATIRIM BANKASI A.Ş. - Pay Dışında Sermaye Piyasası Aracı İşlemlerine İlişkin Bildirim (Faiz İçeren),Pay Dışında Sermaye Piyasası Aracı İşlemlerine İlişkin Bildirim (Faiz İçeren) Değişken Faizli Finansman Bonosu İhracı,https://www.kap.org.tr/tr/Bildirim/1410239,tr,2025-03-24T11:57:25+00:00
2025-03-24,RTALB,KAP,RTA LABORATUVARLARI BİYOLOJİK ÜRÜNLER İLAÇ VE MAKİNE SANAYİ TİCARET A.Ş. - Sermaye Artırımı - Azaltımı İşlemlerine İlişkin Bildirim,Sermaye Artırımı - Azaltımı İşlemlerine İlişkin Bildirim Bedelsiz Sermaye Artırımına İlişkin Esas Sözleşme Tescili,https://www.kap.org.tr/tr/Bildirim/1410580,tr,2025-03-24T18:09:53+00:00
2025-03-24,RTALB,KAP,RTA LABORATUVARLARI BİYOLOJİK ÜRÜNLER İLAÇ VE MAKİNE SANAYİ TİCARET A.Ş. - Bağımsız Denetim Kuruluşunun Belirlenmesi,Bağımsız Denetim Kuruluşunun Belirlenmesi 2025 Yılı Bağımsız Denetim Şirketi Belirlenmesi Hk.,https://www.kap.org.tr/tr/Bildirim/1410579,tr,2025-03-24T18:09:40+00:00
2025-03-24,RTALB,KAP,RTA LABORATUVARLARI BİYOLOJİK ÜRÜNLER İLAÇ VE MAKİNE SANAYİ TİCARET A.Ş. - Esas Sözleşme,Esas Sözleşme Esas Sözleşme,https://www.kap.org.tr/tr/Bildirim/1410577,tr,2025-03-24T18:09:16+00:00
2025-03-24,RUBNS,KAP,RUBENİS TEKSTİL SANAYİ TİCARET A.Ş. - Sermaye Artırımı - Azaltımı İşlemlerine İlişkin Bildirim,Sermaye Artırımı - Azaltımı İşlemlerine İlişkin Bildirim Tahsisli Sermaye Arttırımı Başvurusu Hk. Güncelleme,https://www.kap.org.tr/tr/Bildirim/1410434,tr,2025-03-24T15:06:52+00:00
2025-03-24,RYGYO,KAP,REYSAŞ GAYRİMENKUL YATIRIM ORTAKLIĞI A.Ş. - Pay Alım Satım Bildirimi,Pay Alım Satım Bildirimi Pay Alımı Hk.,https://www.kap.org.tr/tr/Bildirim/1410555,tr,2025-03-24T17:40:38+00:00
2025-03-24,RYGYO,KAP,REYSAŞ GAYRİMENKUL YATIRIM ORTAKLIĞI A.Ş. - Maddi Duran Varlık Kiraya Verilmesi veya Ayni Hak Tesisi,Maddi Duran Varlık Kiraya Verilmesi veya Ayni Hak Tesisi Depo Kiralama Bildirimi,https://www.kap.org.tr/tr/Bildirim/1410554,tr,2025-03-24T17:39:51+00:00
2025-03-24,SANFM,KAP,SANİFOAM ENDÜSTRİ VE TÜKETİM ÜRÜNLERİ SANAYİ TİCARET A.Ş. - Payların Geri Alınmasına İlişkin Bildirim,Payların Geri Alınmasına İlişkin Bildirim Geri Alım Programı Başlatılması Hk.,https://www.kap.org.tr/tr/Bildirim/1410308,tr,2025-03-24T14:03:37+00:00
2025-03-24,SERNT,KAP,SERANİT GRANİT SERAMİK SANAYİ VE TİCARET A.Ş. - Esas Sözleşme,Esas Sözleşme Esas Sözleşme,https://www.kap.org.tr/tr/Bildirim/1410478,tr,2025-03-24T16:20:02+00:00
2025-03-24,SERNT,KAP,SERANİT GRANİT SERAMİK SANAYİ VE TİCARET A.Ş. - Özel Durum Açıklaması (Genel),Özel Durum Açıklaması (Genel) Sermaye Artırımına İlişkin Esas Sözleşme Tescili,https://www.kap.org.tr/tr/Bildirim/1410445,tr,2025-03-24T15:21:36+00:00
2025-03-24,SKYLP,KAP,SKYALP FİNANSAL TEKNOLOJİLER VE DANIŞMANLIK A.Ş. - Sermaye Artırımı - Azaltımı İşlemlerine İlişkin Bildirim,Sermaye Artırımı - Azaltımı İşlemlerine İlişkin Bildirim Bedelsiz sermaye artışına izin alınması için Sermaye Piyasası Kurulu'na Başvuru yapılması hk.,https://www.kap.org.tr/tr/Bildirim/1410443,tr,2025-03-24T15:19:55+00:00
2025-03-24,SRVGY,KAP,SERVET GAYRİMENKUL YATIRIM ORTAKLIĞI A.Ş. - Esas Sözleşme,Esas Sözleşme Esas Sözleşme,https://www.kap.org.tr/tr/Bildirim/1410465,tr,2025-03-24T15:56:15+00:00
2025-03-24,SUNTK,KAP,SUN TEKSTİL SANAYİ VE TİCARET A.Ş. - Payların Geri Alınmasına İlişkin Bildirim,Payların Geri Alınmasına İlişkin Bildirim 24.03.2025 Tarihli Pay Geri Alım İşlemleri,https://www.kap.org.tr/tr/Bildirim/1410632,tr,2025-03-24T18:32:43+00:00
2025-03-24,SUNTK,KAP,SUN TEKSTİL SANAYİ VE TİCARET A.Ş. - Payların Geri Alınmasına İlişkin Bildirim,Payların Geri Alınmasına İlişkin Bildirim Şirket paylarının geri alımına ilişkin programın başlatılması hakkında,https://www.kap.org.tr/tr/Bildirim/1410189,tr,2025-03-24T10:39:44+00:00
2025-03-24,TERA,KAP,TERA YATIRIM MENKUL DEĞERLER A.Ş. - İhraç Tavanına İlişkin Bildirim,İhraç Tavanına İlişkin Bildirim Borçlanma Aracı İhraç Belgesi SPK Başvurusu,https://www.kap.org.tr/tr/Bildirim/1410458,tr,2025-03-24T15:41:34+00:00
2025-03-24,TERA,KAP,TERA YATIRIM MENKUL DEĞERLER A.Ş. - Payların Geri Alınmasına İlişkin Bildirim,"Payların Geri Alınmasına İlişkin Bildirim Şirket paylarının geri alımına ilişkin programın başlatılması hk. DAGHL, PEHOL",https://www.kap.org.tr/tr/Bildirim/1410169,tr,2025-03-24T10:00:15+00:00
2025-03-24,THR,KAP,TÜRKİYE İHRACAT KREDİ BANKASI A.Ş. - Pay Dışında Sermaye Piyasası Aracı İşlemlerine İlişkin Bildirim (Faiz İçeren),Pay Dışında Sermaye Piyasası Aracı İşlemlerine İlişkin Bildirim (Faiz İçeren) XS2906340596 ISIN Kodlu Finansman Bonosunun İtfası Hk,https://www.kap.org.tr/tr/Bildirim/1410474,tr,2025-03-24T16:17:38+00:00
2025-03-24,THR,KAP,TÜRKİYE İHRACAT KREDİ BANKASI A.Ş. - Pay Dışında Sermaye Piyasası Aracı İşlemlerine İlişkin Bildirim (Faiz İçeren),Pay Dışında Sermaye Piyasası Aracı İşlemlerine İlişkin Bildirim (Faiz İçeren) GMTN programı çerçevesinde yurt dışında borçlanma aracı ihracı,https://www.kap.org.tr/tr/Bildirim/1410471,tr,2025-03-24T16:09:03+00:00
2025-03-24,THYAO,KAP,TÜRK HAVA YOLLARI A.O. - Payların Geri Alınmasına İlişkin Bildirim,Payların Geri Alınmasına İlişkin Bildirim 24.03.2025 Tarihli Hisse Geri Alım İşlemleri Hakkında Bildirim,https://www.kap.org.tr/tr/Bildirim/1410763,tr,2025-03-24T20:36:57+00:00
2025-03-24,TIB,KAP,TÜRKİYE İŞ BANKASI A.Ş. - Özel Durum Açıklaması (Genel),Özel Durum Açıklaması (Genel) Bağlı Ortaklıklarımızdan Moka Ödeme ve Elektronik Para Kuruluşu A.Ş.'nin Birleşme İşlemine İlişkin Genel Kurul Kararları hakkında,https://www.kap.org.tr/tr/Bildirim/1410593,tr,2025-03-24T18:11:30+00:00
2025-03-24,TIB,KAP,TÜRKİYE İŞ BANKASI A.Ş. - Şirket Genel Bilgi Formu,Şirket Genel Bilgi Formu,https://www.kap.org.tr/tr/Bildirim/1410590,tr,2025-03-24T18:11:19+00:00
2025-03-24,TNZTP,KAP,TAPDİ OKSİJEN ÖZEL SAĞLIK VE EĞİTİM HİZMETLERİ SANAYİ TİCARET A.Ş. - Esas Sözleşme,Esas Sözleşme Esas Sözleşme,https://www.kap.org.tr/tr/Bildirim/1410559,tr,2025-03-24T17:45:12+00:00
2025-03-24,TNZTP,KAP,TAPDİ OKSİJEN ÖZEL SAĞLIK VE EĞİTİM HİZMETLERİ SANAYİ TİCARET A.Ş. - Sermaye Artırımı - Azaltımı İşlemlerine İlişkin Bildirim,Sermaye Artırımı - Azaltımı İşlemlerine İlişkin Bildirim Bedelsiz Sermaye Artırımı Tescil ve İlanı Hk.,https://www.kap.org.tr/tr/Bildirim/1410558,tr,2025-03-24T17:45:01+00:00
2025-03-24,TRA,KAP,TERA YATIRIM MENKUL DEĞERLER A.Ş. - İhraç Tavanına İlişkin Bildirim,İhraç Tavanına İlişkin Bildirim Borçlanma Aracı İhraç Belgesi SPK Başvurusu,https://www.kap.org.tr/tr/Bildirim/1410458,tr,2025-03-24T15:41:34+00:00
2025-03-24,TRA,KAP,TERA YATIRIM MENKUL DEĞERLER A.Ş. - Payların Geri Alınmasına İlişkin Bildirim,"Payların Geri Alınmasına İlişkin Bildirim Şirket paylarının geri alımına ilişkin programın başlatılması hk. DAGHL, PEHOL",https://www.kap.org.tr/tr/Bildirim/1410169,tr,2025-03-24T10:00:15+00:00
2025-03-24,TRALT,KAP,KOZA ALTIN İŞLETMELERİ A.Ş. - Özel Durum Açıklaması (Genel),Özel Durum Açıklaması (Genel) İstanbul İli Beşiktaş İlçesi Bebek Mahallesi 1259 Ada 132 -133 Parselde Bulunan Gayrimenkulümüzün Satışı Hk.,https://www.kap.org.tr/tr/Bildirim/1410624,tr,2025-03-24T18:27:05+00:00
2025-03-24,TRHOL,KAP,DAGİ YATIRIM HOLDİNG A.Ş. - Payların Geri Alınmasına İlişkin Bildirim,Payların Geri Alınmasına İlişkin Bildirim Şirket paylarının geri alımına ilişkin programın başlatılması hk.,https://www.kap.org.tr/tr/Bildirim/1410172,tr,2025-03-24T10:07:50+00:00
2025-03-24,TRILC,KAP,TURK İLAÇ VE SERUM SANAYİ A.Ş. - Yeni İş İlişkisi,Yeni İş İlişkisi Pharmaget Sp. İlaç Dağıtım Şirketi ve Zeus Ecza Deposu ile İmzalanan Serum Satış Anlaşması Hakkında,https://www.kap.org.tr/tr/Bildirim/1410701,tr,2025-03-24T19:41:17+00:00
2025-03-24,TRKNT,KAP,TURKNET İLETİŞİM HİZMETLERİ A.Ş. - Şirket Genel Bilgi Formu,Şirket Genel Bilgi Formu,https://www.kap.org.tr/tr/Bildirim/1410248,tr,2025-03-24T12:29:25+00:00
2025-03-24,TRMEN,KAP,TRIVE YATIRIM MENKUL DEĞERLER A.Ş. - İhraç Tavanına İlişkin Bildirim,İhraç Tavanına İlişkin Bildirim İhraç Tavanına İlişkin Sermaye Piyasası Kurulu'na Başvuruda Bulunulması,https://www.kap.org.tr/tr/Bildirim/1410599,tr,2025-03-24T18:13:38+00:00
2025-03-24,TRMEN,KAP,TRIVE YATIRIM MENKUL DEĞERLER A.Ş. - Özel Durum Açıklaması (Genel),Özel Durum Açıklaması (Genel) İhraç edilen TRSISKM62511 kodlu borçlanma araçlarının ihraç iadesi,https://www.kap.org.tr/tr/Bildirim/1410490,tr,2025-03-24T16:32:06+00:00
2025-03-24,TSK,KAP,TÜRKİYE SINAİ KALKINMA BANKASI A.Ş. - Kar Payı Dağıtım İşlemlerine İlişkin Bildirim,Kar Payı Dağıtım İşlemlerine İlişkin Bildirim Kar Payı Dağıtımına İlişkin Genel Kurul Kararı,https://www.kap.org.tr/tr/Bildirim/1410676,tr,2025-03-24T18:55:33+00:00
2025-03-24,TSK,KAP,TÜRKİYE SINAİ KALKINMA BANKASI A.Ş. - Bağımsız Denetim Kuruluşunun Belirlenmesi,Bağımsız Denetim Kuruluşunun Belirlenmesi Bağımsız Denetim Kuruluşu'nun Belirlenmesine İlişkin Genel Kurul Kararı,https://www.kap.org.tr/tr/Bildirim/1410655,tr,2025-03-24T18:49:52+00:00
2025-03-24,TSK,KAP,TÜRKİYE SINAİ KALKINMA BANKASI A.Ş. - Genel Kurul İşlemlerine İlişkin Bildirim,Genel Kurul İşlemlerine İlişkin Bildirim Genel Kurul Toplantı Sonucu,https://www.kap.org.tr/tr/Bildirim/1410647,tr,2025-03-24T18:48:13+00:00
2025-03-24,TSKB,KAP,TÜRKİYE SINAİ KALKINMA BANKASI A.Ş. - Kar Payı Dağıtım İşlemlerine İlişkin Bildirim,Kar Payı Dağıtım İşlemlerine İlişkin Bildirim Kar Payı Dağıtımına İlişkin Genel Kurul Kararı,https://www.kap.org.tr/tr/Bildirim/1410676,tr,2025-03-24T18:55:33+00:00
2025-03-24,TSKB,KAP,TÜRKİYE SINAİ KALKINMA BANKASI A.Ş. - Bağımsız Denetim Kuruluşunun Belirlenmesi,Bağımsız Denetim Kuruluşunun Belirlenmesi Bağımsız Denetim Kuruluşu'nun Belirlenmesine İlişkin Genel Kurul Kararı,https://www.kap.org.tr/tr/Bildirim/1410655,tr,2025-03-24T18:49:52+00:00
2025-03-24,TSKB,KAP,TÜRKİYE SINAİ KALKINMA BANKASI A.Ş. - Genel Kurul İşlemlerine İlişkin Bildirim,Genel Kurul İşlemlerine İlişkin Bildirim Genel Kurul Toplantı Sonucu,https://www.kap.org.tr/tr/Bildirim/1410647,tr,2025-03-24T18:48:13+00:00
2025-03-24,TTRAK,KAP,TÜRK TRAKTÖR VE ZİRAAT MAKİNELERİ A.Ş. - Kar Dağıtım Politikası,Kar Dağıtım Politikası Güncellenen Kâr Dağıtım Politikasının Genel Kurul Tarafından Onaylanması,https://www.kap.org.tr/tr/Bildirim/1410735,tr,2025-03-24T20:06:00+00:00
2025-03-24,TVB,KAP,TÜRKİYE VAKIFLAR BANKASI T.A.O. - Pay Dışında Sermaye Piyasası Aracı İşlemlerine İlişkin Bildirim (Faiz İçeren),Pay Dışında Sermaye Piyasası Aracı İşlemlerine İlişkin Bildirim (Faiz İçeren) GMTN Programı Çerçevesinde Türkiye Dışında Sürdürülebilir Borçlanma Aracı İhracı SPK Onayı,https://www.kap.org.tr/tr/Bildirim/1410556,tr,2025-03-24T17:42:48+00:00
2025-03-24,TVM,KAP,TRIVE YATIRIM MENKUL DEĞERLER A.Ş. - İhraç Tavanına İlişkin Bildirim,İhraç Tavanına İlişkin Bildirim İhraç Tavanına İlişkin Sermaye Piyasası Kurulu'na Başvuruda Bulunulması,https://www.kap.org.tr/tr/Bildirim/1410599,tr,2025-03-24T18:13:38+00:00
2025-03-24,TVM,KAP,TRIVE YATIRIM MENKUL DEĞERLER A.Ş. - Özel Durum Açıklaması (Genel),Özel Durum Açıklaması (Genel) İhraç edilen TRSISKM62511 kodlu borçlanma araçlarının ihraç iadesi,https://www.kap.org.tr/tr/Bildirim/1410490,tr,2025-03-24T16:32:06+00:00
2025-03-24,ULUFA,KAP,ULUSAL FAKTORİNG A.Ş. - Payların Geri Alınmasına İlişkin Bildirim,Payların Geri Alınmasına İlişkin Bildirim Şirket Paylarının Geri Alımına İlişkin Programın Başlatılması Hakkında,https://www.kap.org.tr/tr/Bildirim/1410675,tr,2025-03-24T18:53:09+00:00
2025-03-24,UNLU,KAP,ÜNLÜ YATIRIM HOLDİNG A.Ş. - Payların Geri Alınmasına İlişkin Bildirim,Payların Geri Alınmasına İlişkin Bildirim Şirket paylarının geri alımına ilişkin Yönetim Kurulu Kararı hk.,https://www.kap.org.tr/tr/Bildirim/1410642,tr,2025-03-24T18:43:58+00:00
2025-03-24,VAKBN,KAP,TÜRKİYE VAKIFLAR BANKASI T.A.O. - Pay Dışında Sermaye Piyasası Aracı İşlemlerine İlişkin Bildirim (Faiz İçeren),Pay Dışında Sermaye Piyasası Aracı İşlemlerine İlişkin Bildirim (Faiz İçeren) GMTN Programı Çerçevesinde Türkiye Dışında Sürdürülebilir Borçlanma Aracı İhracı SPK Onayı,https://www.kap.org.tr/tr/Bildirim/1410556,tr,2025-03-24T17:42:48+00:00
2025-03-24,VAKVK,KAP,VAKIF VARLIK KİRALAMA A.Ş. - Pay Dışında Sermaye Piyasası Aracı İşlemlerine İlişkin Bildirim (Faizsiz),Pay Dışında Sermaye Piyasası Aracı İşlemlerine İlişkin Bildirim (Faizsiz) TRDVVRK32520 ISIN Kodlu Yurtiçi Kira Sertifikası İhracının Satışının İtfa ve Kupon Ödemesi,https://www.kap.org.tr/tr/Bildirim/1410419,tr,2025-03-24T14:53:29+00:00
2025-03-24,VAKVK,KAP,VAKIF VARLIK KİRALAMA A.Ş. - Pay Dışında Sermaye Piyasası Aracı İşlemlerine İlişkin Bildirim (Faizsiz),Pay Dışında Sermaye Piyasası Aracı İşlemlerine İlişkin Bildirim (Faizsiz) TRDVVRK62527 ISIN Kodlu Yurtiçi Kira Sertifikası İhracının Satışının Tamamlanması,https://www.kap.org.tr/tr/Bildirim/1410203,tr,2025-03-24T10:52:49+00:00
2025-03-24,VBTYZ,KAP,VBT YAZILIM A.Ş. - Kayıtlı Sermaye Tavanı İşlemlerine İlişkin Bildirim,"Kayıtlı Sermaye Tavanı İşlemlerine İlişkin Bildirim ESAS SÖZLEŞME TADİL METNİ HAKKINDA,",https://www.kap.org.tr/tr/Bildirim/1410246,tr,2025-03-24T12:20:48+00:00
2025-03-24,VKFYO,KAP,VAKIF MENKUL KIYMET YATIRIM ORTAKLIĞI A.Ş. - Haftalık Rapor,Haftalık Rapor 21.03.2025 Tarihli Haftalık Rapor,https://www.kap.org.tr/tr/Bildirim/1410542,tr,2025-03-24T17:26:03+00:00
2025-03-24,VKFYO,KAP,VAKIF MENKUL KIYMET YATIRIM ORTAKLIĞI A.Ş. - Özel Durum Açıklaması (Genel),"Özel Durum Açıklaması (Genel) Şirketimizin BİAŞ'da oluşan ağırlıklı ortalama fiyatın, pay başına net aktif değerin 2 katını aşması sebebiyle yapılan açıklamadır",https://www.kap.org.tr/tr/Bildirim/1410537,tr,2025-03-24T17:25:32+00:00
2025-03-24,YBQ,KAP,Q YATIRIM BANKASI A.Ş. - İhraç Tavanına İlişkin Bildirim,İhraç Tavanına İlişkin Bildirim SPK Tarafından Onaylanan 1.400.000.000 TL Tavanlı İhraç Belgesi,https://www.kap.org.tr/tr/Bildirim/1410483,tr,2025-03-24T16:23:15+00:00
2025-03-24,YBQ,KAP,Q YATIRIM BANKASI A.Ş. - Pay Dışında Sermaye Piyasası Aracı İşlemlerine İlişkin Bildirim (Faiz İçeren),Pay Dışında Sermaye Piyasası Aracı İşlemlerine İlişkin Bildirim (Faiz İçeren) Değişken Faizli Finansman Bonosu İhracı,https://www.kap.org.tr/tr/Bildirim/1410239,tr,2025-03-24T11:57:25+00:00
2025-03-24,YKB,KAP,YAPI VE KREDİ BANKASI A.Ş. - Pay Dışında Sermaye Piyasası Aracı İşlemlerine İlişkin Bildirim (Faiz İçeren),Pay Dışında Sermaye Piyasası Aracı İşlemlerine İlişkin Bildirim (Faiz İçeren) Yurtdışında borçlanma aracı ihracının tamamlanması,https://www.kap.org.tr/tr/Bildirim/1410568,tr,2025-03-24T17:54:17+00:00
2025-03-24,YKB,KAP,YAPI VE KREDİ BANKASI A.Ş. - Pay Dışında Sermaye Piyasası Aracı İşlemlerine İlişkin Bildirim (Faiz İçeren),Pay Dışında Sermaye Piyasası Aracı İşlemlerine İlişkin Bildirim (Faiz İçeren) Yurtdışında borçlanma aracı ihracının tamamlanması,https://www.kap.org.tr/tr/Bildirim/1410567,tr,2025-03-24T17:53:56+00:00
2025-03-24,YKB,KAP,YAPI VE KREDİ BANKASI A.Ş. - Pay Dışında Sermaye Piyasası Aracı İşlemlerine İlişkin Bildirim (Faiz İçeren),Pay Dışında Sermaye Piyasası Aracı İşlemlerine İlişkin Bildirim (Faiz İçeren) Yurtdışında ihraç edilen borçlanma aracının itfası,https://www.kap.org.tr/tr/Bildirim/1410251,tr,2025-03-24T12:43:32+00:00
2025-03-24,YKBNK,KAP,YAPI VE KREDİ BANKASI A.Ş. - Pay Dışında Sermaye Piyasası Aracı İşlemlerine İlişkin Bildirim (Faiz İçeren),Pay Dışında Sermaye Piyasası Aracı İşlemlerine İlişkin Bildirim (Faiz İçeren) Yurtdışında borçlanma aracı ihracının tamamlanması,https://www.kap.org.tr/tr/Bildirim/1410568,tr,2025-03-24T17:54:17+00:00
2025-03-24,YKBNK,KAP,YAPI VE KREDİ BANKASI A.Ş. - Pay Dışında Sermaye Piyasası Aracı İşlemlerine İlişkin Bildirim (Faiz İçeren),Pay Dışında Sermaye Piyasası Aracı İşlemlerine İlişkin Bildirim (Faiz İçeren) Yurtdışında borçlanma aracı ihracının tamamlanması,https://www.kap.org.tr/tr/Bildirim/1410567,tr,2025-03-24T17:53:56+00:00
2025-03-24,YKBNK,KAP,YAPI VE KREDİ BANKASI A.Ş. - Pay Dışında Sermaye Piyasası Aracı İşlemlerine İlişkin Bildirim (Faiz İçeren),Pay Dışında Sermaye Piyasası Aracı İşlemlerine İlişkin Bildirim (Faiz İçeren) Yurtdışında ihraç edilen borçlanma aracının itfası,https://www.kap.org.tr/tr/Bildirim/1410251,tr,2025-03-24T12:43:32+00:00
2025-03-24,YKSLN,KAP,YÜKSELEN ÇELİK A.Ş. - Genel Kurul İşlemlerine İlişkin Bildirim,Genel Kurul İşlemlerine İlişkin Bildirim 2024 Yılına İlişkin Olağan Genel Kurul Toplantısı Çağrısı,https://www.kap.org.tr/tr/Bildirim/1410592,tr,2025-03-24T18:11:30+00:00
2025-03-24,YKSLN,KAP,YÜKSELEN ÇELİK A.Ş. - Bağımsız Denetim Kuruluşunun Belirlenmesi,Bağımsız Denetim Kuruluşunun Belirlenmesi Bağımsız Denetim Şirketinin Seçimi,https://www.kap.org.tr/tr/Bildirim/1410591,tr,2025-03-24T18:11:20+00:00
2025-03-24,YKSLN,KAP,YÜKSELEN ÇELİK A.Ş. - Kar Payı Dağıtım İşlemlerine İlişkin Bildirim,Kar Payı Dağıtım İşlemlerine İlişkin Bildirim 2024 Yılı Kar Payı Dağıtımına İlişkin Yönetim Kurulu Teklifi,https://www.kap.org.tr/tr/Bildirim/1410589,tr,2025-03-24T18:11:10+00:00
2025-03-24,YKSLN,KAP,YÜKSELEN ÇELİK A.Ş. - Özel Durum Açıklaması (Genel),Özel Durum Açıklaması (Genel) Ortaklardan Şirkete Verilen Borç ve Banka Borçlarının Azalması,https://www.kap.org.tr/tr/Bildirim/1410510,tr,2025-03-24T16:49:17+00:00
2025-03-24,YUNSA,KAP,YÜNSA YÜNLÜ SANAYİ VE TİCARET A.Ş. - Özel Durum Açıklaması (Genel),Özel Durum Açıklaması (Genel) Bağımsız Yönetim Kurulu Üye Adayları,https://www.kap.org.tr/tr/Bildirim/1410903,tr,2025-03-24T22:15:09+00:00
2025-03-24,YUNSA,KAP,YÜNSA YÜNLÜ SANAYİ VE TİCARET A.Ş. - Bağımsız Denetim Kuruluşunun Belirlenmesi,Bağımsız Denetim Kuruluşunun Belirlenmesi Bağımsız Denetim Kuruluşunun Belirlenmesi,https://www.kap.org.tr/tr/Bildirim/1410902,tr,2025-03-24T22:14:38+00:00
2025-03-24,YUNSA,KAP,YÜNSA YÜNLÜ SANAYİ VE TİCARET A.Ş. - Kar Payı Dağıtım İşlemlerine İlişkin Bildirim,Kar Payı Dağıtım İşlemlerine İlişkin Bildirim Şirket Yönetim Kurulu'nun 01.01.2024-31.12.2024 Kar Payı Dağıtımı Hakkında Önerisi,https://www.kap.org.tr/tr/Bildirim/1410901,tr,2025-03-24T22:14:00+00:00
2025-03-24,YUNSA,KAP,YÜNSA YÜNLÜ SANAYİ VE TİCARET A.Ş. - Genel Kurul İşlemlerine İlişkin Bildirim,Genel Kurul İşlemlerine İlişkin Bildirim Genel Kurul İşlemlerine İlişkin Bildirim,https://www.kap.org.tr/tr/Bildirim/1410900,tr,2025-03-24T22:12:42+00:00
2025-03-24,YYLGD,KAP,YAYLA AGRO GIDA SANAYİ VE TİCARET A.Ş. - Payların Geri Alınmasına İlişkin Bildirim,Payların Geri Alınmasına İlişkin Bildirim Payların Geri Alınmasına İlişkin Bildirim,https://www.kap.org.tr/tr/Bildirim/1410873,tr,2025-03-24T22:04:03+00:00
2025-03-24,YYLGD,KAP,YAYLA AGRO GIDA SANAYİ VE TİCARET A.Ş. - Özel Durum Açıklaması (Genel),Özel Durum Açıklaması (Genel) Yönetim Kurulu Bağımsız Üye Adaylarının Belirlenmesi,https://www.kap.org.tr/tr/Bildirim/1410550,tr,2025-03-24T17:31:32+00:00
2025-03-24,ZKBVR,KAP,ZKB VARLIK KİRALAMA A.Ş. - Pay Dışında Sermaye Piyasası Aracı İşlemlerine İlişkin Bildirim (Faizsiz),Pay Dışında Sermaye Piyasası Aracı İşlemlerine İlişkin Bildirim (Faizsiz) TRDZKBVA2513 ISIN Kodlu Yeşil Kira Sertifikası 1. Kupon oranı belirlenmesi hakkında GSMTK,https://www.kap.org.tr/tr/Bildirim/1410508,tr,2025-03-24T16:45:57+00:00
2025-03-24,ZKBVR,KAP,ZKB VARLIK KİRALAMA A.Ş. - İhraç Belgesi,İhraç Belgesi İhraç belgesi PNSUT,https://www.kap.org.tr/tr/Bildirim/1410244,tr,2025-03-24T12:07:13+00:00
2025-03-24,ZKBVR,KAP,ZKB VARLIK KİRALAMA A.Ş. - İhraç Tavanına İlişkin Bildirim,İhraç Tavanına İlişkin Bildirim Kira sertifikası İhraç Tavanı SPK Onayı PNSUT,https://www.kap.org.tr/tr/Bildirim/1410241,tr,2025-03-24T12:01:45+00:00
2025-03-25,A1CAP,KAP,A1 CAPİTAL YATIRIM MENKUL DEĞERLER A.Ş. - Kurumsal Yönetim Bilgi Formu (Güncelleme) - Yönetim Kurulu-3,Kurumsal Yönetim Bilgi Formu (Güncelleme) - Yönetim Kurulu-3 Yönetim Kurulu Komiteleri Hk.,https://www.kap.org.tr/tr/Bildirim/1411499,tr,2025-03-25T18:11:41+00:00
2025-03-25,A1CAP,KAP,A1 CAPİTAL YATIRIM MENKUL DEĞERLER A.Ş. - Kurumsal Yönetim Bilgi Formu (Güncelleme) - Yönetim Kurulu-2,Kurumsal Yönetim Bilgi Formu (Güncelleme) - Yönetim Kurulu-2 Yönetim Kurulu Komiteleri Hk.,https://www.kap.org.tr/tr/Bildirim/1411498,tr,2025-03-25T18:11:29+00:00
2025-03-25,A1CAP,KAP,A1 CAPİTAL YATIRIM MENKUL DEĞERLER A.Ş. - Şirket Genel Bilgi Formu,Şirket Genel Bilgi Formu,https://www.kap.org.tr/tr/Bildirim/1411497,tr,2025-03-25T18:11:10+00:00
2025-03-25,A1CAP,KAP,A1 CAPİTAL YATIRIM MENKUL DEĞERLER A.Ş. - Özel Durum Açıklaması (Genel),Özel Durum Açıklaması (Genel) Yatırımcı İlişkileri Bölüm Yöneticisi Ataması Hk.,https://www.kap.org.tr/tr/Bildirim/1411495,tr,2025-03-25T18:11:02+00:00
2025-03-25,A1CAP,KAP,A1 CAPİTAL YATIRIM MENKUL DEĞERLER A.Ş. - Kurumsal Yönetim Bilgi Formu (Güncelleme) - Yönetim Kurulu-3,Kurumsal Yönetim Bilgi Formu (Güncelleme) - Yönetim Kurulu-3 Yönetim Kurulu Komiteleri Hk.,https://www.kap.org.tr/tr/Bildirim/1411168,tr,2025-03-25T09:45:08+00:00
2025-03-25,A1CAP,KAP,A1 CAPİTAL YATIRIM MENKUL DEĞERLER A.Ş. - Kurumsal Yönetim Bilgi Formu (Güncelleme) - Yönetim Kurulu-2,Kurumsal Yönetim Bilgi Formu (Güncelleme) - Yönetim Kurulu-2 Kurumsal Yönetim Bilgi Formu Hk.,https://www.kap.org.tr/tr/Bildirim/1411149,tr,2025-03-25T09:25:01+00:00
2025-03-25,A1CAP,KAP,A1 CAPİTAL YATIRIM MENKUL DEĞERLER A.Ş. - Şirket Genel Bilgi Formu,Şirket Genel Bilgi Formu,https://www.kap.org.tr/tr/Bildirim/1411146,tr,2025-03-25T09:13:18+00:00
2025-03-25,A1CAP,KAP,A1 CAPİTAL YATIRIM MENKUL DEĞERLER A.Ş. - Payların Geri Alınmasına İlişkin Bildirim,Payların Geri Alınmasına İlişkin Bildirim 24.03.2025 Tarihli Pay Geri Alım İşlemleri,https://www.kap.org.tr/tr/Bildirim/1411145,tr,2025-03-25T09:11:50+00:00
2025-03-25,ACP,KAP,A1 CAPİTAL YATIRIM MENKUL DEĞERLER A.Ş. - Kurumsal Yönetim Bilgi Formu (Güncelleme) - Yönetim Kurulu-3,Kurumsal Yönetim Bilgi Formu (Güncelleme) - Yönetim Kurulu-3 Yönetim Kurulu Komiteleri Hk.,https://www.kap.org.tr/tr/Bildirim/1411499,tr,2025-03-25T18:11:41+00:00
2025-03-25,ACP,KAP,A1 CAPİTAL YATIRIM MENKUL DEĞERLER A.Ş. - Kurumsal Yönetim Bilgi Formu (Güncelleme) - Yönetim Kurulu-2,Kurumsal Yönetim Bilgi Formu (Güncelleme) - Yönetim Kurulu-2 Yönetim Kurulu Komiteleri Hk.,https://www.kap.org.tr/tr/Bildirim/1411498,tr,2025-03-25T18:11:29+00:00
2025-03-25,ACP,KAP,A1 CAPİTAL YATIRIM MENKUL DEĞERLER A.Ş. - Şirket Genel Bilgi Formu,Şirket Genel Bilgi Formu,https://www.kap.org.tr/tr/Bildirim/1411497,tr,2025-03-25T18:11:10+00:00
2025-03-25,ACP,KAP,A1 CAPİTAL YATIRIM MENKUL DEĞERLER A.Ş. - Özel Durum Açıklaması (Genel),Özel Durum Açıklaması (Genel) Yatırımcı İlişkileri Bölüm Yöneticisi Ataması Hk.,https://www.kap.org.tr/tr/Bildirim/1411495,tr,2025-03-25T18:11:02+00:00
2025-03-25,ACP,KAP,A1 CAPİTAL YATIRIM MENKUL DEĞERLER A.Ş. - Kurumsal Yönetim Bilgi Formu (Güncelleme) - Yönetim Kurulu-3,Kurumsal Yönetim Bilgi Formu (Güncelleme) - Yönetim Kurulu-3 Yönetim Kurulu Komiteleri Hk.,https://www.kap.org.tr/tr/Bildirim/1411168,tr,2025-03-25T09:45:08+00:00
2025-03-25,ACP,KAP,A1 CAPİTAL YATIRIM MENKUL DEĞERLER A.Ş. - Kurumsal Yönetim Bilgi Formu (Güncelleme) - Yönetim Kurulu-2,Kurumsal Yönetim Bilgi Formu (Güncelleme) - Yönetim Kurulu-2 Kurumsal Yönetim Bilgi Formu Hk.,https://www.kap.org.tr/tr/Bildirim/1411149,tr,2025-03-25T09:25:01+00:00
2025-03-25,ACP,KAP,A1 CAPİTAL YATIRIM MENKUL DEĞERLER A.Ş. - Şirket Genel Bilgi Formu,Şirket Genel Bilgi Formu,https://www.kap.org.tr/tr/Bildirim/1411146,tr,2025-03-25T09:13:18+00:00
2025-03-25,ACP,KAP,A1 CAPİTAL YATIRIM MENKUL DEĞERLER A.Ş. - Payların Geri Alınmasına İlişkin Bildirim,Payların Geri Alınmasına İlişkin Bildirim 24.03.2025 Tarihli Pay Geri Alım İşlemleri,https://www.kap.org.tr/tr/Bildirim/1411145,tr,2025-03-25T09:11:50+00:00
2025-03-25,ADEL,KAP,ADEL KALEMCİLİK TİCARET VE SANAYİ A.Ş. - Kar Payı Dağıtım İşlemlerine İlişkin Bildirim,Kar Payı Dağıtım İşlemlerine İlişkin Bildirim 2024 Faaliyet Yılı Karı Dağıtım Teklfiine İlişkin Yönetim Kurulu Kararı,https://www.kap.org.tr/tr/Bildirim/1411625,tr,2025-03-25T19:01:55+00:00
2025-03-25,ADEL,KAP,ADEL KALEMCİLİK TİCARET VE SANAYİ A.Ş. - Bağımsız Denetim Kuruluşunun Belirlenmesi,Bağımsız Denetim Kuruluşunun Belirlenmesi Bağımsız Denetim Kuruluşunun Belirlenmesi,https://www.kap.org.tr/tr/Bildirim/1411623,tr,2025-03-25T19:01:20+00:00
2025-03-25,ADEL,KAP,ADEL KALEMCİLİK TİCARET VE SANAYİ A.Ş. - İlişkili Taraf İşlemleri,İlişkili Taraf İşlemleri 2025 Yılı İlişkili Taraf İşlemlerine İlişkin Olarak Hazırlanan Yönetim Kurulu Raporu Hakkında,https://www.kap.org.tr/tr/Bildirim/1411622,tr,2025-03-25T19:01:03+00:00
2025-03-25,ADEL,KAP,ADEL KALEMCİLİK TİCARET VE SANAYİ A.Ş. - Genel Kurul İşlemlerine İlişkin Bildirim,Genel Kurul İşlemlerine İlişkin Bildirim 2024 Takvim Yılı Faaliyetleri İle İlgili Olağan Genel Kurul Toplantısı,https://www.kap.org.tr/tr/Bildirim/1411621,tr,2025-03-25T19:00:47+00:00
2025-03-25,ADEL,KAP,ADEL KALEMCİLİK TİCARET VE SANAYİ A.Ş. - Pay Dışında Sermaye Piyasası Aracı İşlemlerine İlişkin Bildirim (Faiz İçeren),Pay Dışında Sermaye Piyasası Aracı İşlemlerine İlişkin Bildirim (Faiz İçeren) TRSADEL92611 ISIN Kodlu Tahvilin 1. Kupon Ödemesi,https://www.kap.org.tr/tr/Bildirim/1411617,tr,2025-03-25T18:58:38+00:00
2025-03-25,ADGYO,KAP,ADRA GAYRİMENKUL YATIRIM ORTAKLIĞI A.Ş. - Şirket Genel Bilgi Formu,Şirket Genel Bilgi Formu,https://www.kap.org.tr/tr/Bildirim/1411576,tr,2025-03-25T18:38:39+00:00
2025-03-25,ADGYO,KAP,ADRA GAYRİMENKUL YATIRIM ORTAKLIĞI A.Ş. - Payların Geri Alınmasına İlişkin Bildirim,Payların Geri Alınmasına İlişkin Bildirim Payların Geri Alınmasına İlişkin Bildirim,https://www.kap.org.tr/tr/Bildirim/1411575,tr,2025-03-25T18:38:25+00:00
2025-03-25,ADGYO,KAP,ADRA GAYRİMENKUL YATIRIM ORTAKLIĞI A.Ş. - Özel Durum Açıklaması (Genel),Özel Durum Açıklaması (Genel) Yatırımcı İlişkileri Bölüm Yöneticisi Ataması Hakkında,https://www.kap.org.tr/tr/Bildirim/1411574,tr,2025-03-25T18:38:14+00:00
2025-03-25,AGESA,KAP,AGESA HAYAT VE EMEKLİLİK A.Ş. - Şirket Genel Bilgi Formu,Şirket Genel Bilgi Formu,https://www.kap.org.tr/tr/Bildirim/1411241,tr,2025-03-25T12:25:19+00:00
2025-03-25,AGROT,KAP,AGROTECH YÜKSEK TEKNOLOJİ VE YATIRIM A.Ş. - Sürdürülebilirlik Uyum Raporu,Sürdürülebilirlik Uyum Raporu 2024 Yılı Sürdürülebilirlik Uyum Raporu,https://www.kap.org.tr/tr/Bildirim/1411776,tr,2025-03-25T22:04:54+00:00
2025-03-25,AGROT,KAP,AGROTECH YÜKSEK TEKNOLOJİ VE YATIRIM A.Ş. - Kurumsal Yönetim Bilgi Formu,Kurumsal Yönetim Bilgi Formu Kurumsal Yönetim Bilgi Formu,https://www.kap.org.tr/tr/Bildirim/1411775,tr,2025-03-25T22:04:23+00:00
2025-03-25,AGROT,KAP,AGROTECH YÜKSEK TEKNOLOJİ VE YATIRIM A.Ş. - Kurumsal Yönetim Uyum Raporu,Kurumsal Yönetim Uyum Raporu 2024 Yılı Kurumsal Yönetim Uyum Raporu,https://www.kap.org.tr/tr/Bildirim/1411774,tr,2025-03-25T22:01:54+00:00
2025-03-25,AGROT,KAP,AGROTECH YÜKSEK TEKNOLOJİ VE YATIRIM A.Ş. - Sorumluluk Beyanı (Konsolide),Sorumluluk Beyanı (Konsolide) 2024 Yılı Finansal Raporu Sorumluluk Beyanı,https://www.kap.org.tr/tr/Bildirim/1411773,tr,2025-03-25T22:01:21+00:00
2025-03-25,AGROT,KAP,AGROTECH YÜKSEK TEKNOLOJİ VE YATIRIM A.Ş. - Faaliyet Raporu (Konsolide),Faaliyet Raporu (Konsolide) 2024 Yılı Faaliyet Raporu,https://www.kap.org.tr/tr/Bildirim/1411772,tr,2025-03-25T22:00:57+00:00
2025-03-25,AGROT,KAP,AGROTECH YÜKSEK TEKNOLOJİ VE YATIRIM A.Ş. - Finansal Rapor,Finansal Rapor,https://www.kap.org.tr/tr/Bildirim/1411771,tr,2025-03-25T22:00:43+00:00
2025-03-25,AHGAZ,KAP,AHLATCI DOĞAL GAZ DAĞITIM ENERJİ VE YATIRIM A.Ş. - Payların Geri Alınmasına İlişkin Bildirim,Payların Geri Alınmasına İlişkin Bildirim 25.03.2025 Tarihli Pay Geri Alım İşlemleri,https://www.kap.org.tr/tr/Bildirim/1411545,tr,2025-03-25T18:25:29+00:00
2025-03-25,AHGAZ,KAP,AHLATCI DOĞAL GAZ DAĞITIM ENERJİ VE YATIRIM A.Ş. - Şirket Genel Bilgi Formu,Şirket Genel Bilgi Formu,https://www.kap.org.tr/tr/Bildirim/1411542,tr,2025-03-25T18:24:02+00:00
2025-03-25,AKDFA,KAP,AKDENİZ FAKTORİNG A.Ş. - Pay Dışında Sermaye Piyasası Aracı İşlemlerine İlişkin Bildirim (Faiz İçeren),Pay Dışında Sermaye Piyasası Aracı İşlemlerine İlişkin Bildirim (Faiz İçeren) TRFAKDN62523 ISIN kupon faiz oranının belirlenmesi,https://www.kap.org.tr/tr/Bildirim/1411416,tr,2025-03-25T16:57:35+00:00
2025-03-25,AKFGY,KAP,AKFEN GAYRİMENKUL YATIRIM ORTAKLIĞI A.Ş. - Payların Geri Alınmasına İlişkin Bildirim,Payların Geri Alınmasına İlişkin Bildirim Pay Geri Alım Programının Başlatılması Hk.,https://www.kap.org.tr/tr/Bildirim/1411279,tr,2025-03-25T14:01:02+00:00
2025-03-25,AKFIS,KAP,AKFEN İNŞAAT TURİZM VE TİCARET A.Ş. - İhale Süreci / Sonucu,İhale Süreci / Sonucu Hırvatistan/Zagreb Sağlık Merkezi Tesisinin Tam Yenileme İşleri İhalesi hk.,https://www.kap.org.tr/tr/Bildirim/1411467,tr,2025-03-25T17:44:10+00:00
2025-03-25,AKFYE,KAP,AKFEN YENİLENEBİLİR ENERJİ A.Ş. - Payların Geri Alınmasına İlişkin Bildirim,Payların Geri Alınmasına İlişkin Bildirim Pay Geri Alım Programının Başlatılması Hk.,https://www.kap.org.tr/tr/Bildirim/1411280,tr,2025-03-25T14:02:53+00:00
2025-03-25,AKM,KAP,AK YATIRIM MENKUL DEĞERLER A.Ş. - Pay Dışında Sermaye Piyasası Aracı İşlemlerine İlişkin Bildirim (Faiz İçeren),Pay Dışında Sermaye Piyasası Aracı İşlemlerine İlişkin Bildirim (Faiz İçeren) Nitelikli Yatırımcıya Borçlanma Aracı İhracı,https://www.kap.org.tr/tr/Bildirim/1411169,tr,2025-03-25T09:45:26+00:00
2025-03-25,AKMEN,KAP,AK YATIRIM MENKUL DEĞERLER A.Ş. - Pay Dışında Sermaye Piyasası Aracı İşlemlerine İlişkin Bildirim (Faiz İçeren),Pay Dışında Sermaye Piyasası Aracı İşlemlerine İlişkin Bildirim (Faiz İçeren) Nitelikli Yatırımcıya Borçlanma Aracı İhracı,https://www.kap.org.tr/tr/Bildirim/1411169,tr,2025-03-25T09:45:26+00:00
2025-03-25,AKSEN,KAP,AKSA ENERJİ ÜRETİM A.Ş. - Özel Durum Açıklaması (Genel),Özel Durum Açıklaması (Genel) Mersin Depolamalı Rüzgâr Enerjisi Santrali Üretim Lisansının EPDK Onayı Hakkında,https://www.kap.org.tr/tr/Bildirim/1411289,tr,2025-03-25T14:24:38+00:00
2025-03-25,ALARK,KAP,ALARKO HOLDİNG A.Ş. - Payların Geri Alınmasına İlişkin Bildirim,Payların Geri Alınmasına İlişkin Bildirim Pay Geri Alım İşlemleri,https://www.kap.org.tr/tr/Bildirim/1411656,tr,2025-03-25T19:22:54+00:00
2025-03-25,ALJF,KAP,ALJ FİNANSMAN A.Ş. - Genel Kurul Bildirimi,Genel Kurul Bildirimi ALJ Finansman A.Ş. - Genel Kurul Bildirimi,https://www.kap.org.tr/tr/Bildirim/1411373,tr,2025-03-25T16:10:55+00:00
2025-03-25,ARCLK,KAP,ARÇELİK A.Ş. - Kredi Derecelendirmesi,Kredi Derecelendirmesi S&P Kredi Derecelendirme Notunun Açıklanması,https://www.kap.org.tr/tr/Bildirim/1411544,tr,2025-03-25T18:24:26+00:00
2025-03-25,ARCLK,KAP,ARÇELİK A.Ş. - Pay Dışında Sermaye Piyasası Aracı İşlemlerine İlişkin Bildirim (Faiz İçeren),Pay Dışında Sermaye Piyasası Aracı İşlemlerine İlişkin Bildirim (Faiz İçeren) XS2721520802 ISIN kodlu Tahvilin Kupon Ödemesi,https://www.kap.org.tr/tr/Bildirim/1411540,tr,2025-03-25T18:23:16+00:00
2025-03-25,ARCLK,KAP,ARÇELİK A.Ş. - Pay Dışında Sermaye Piyasası Aracı İşlemlerine İlişkin Bildirim (Faiz İçeren),Pay Dışında Sermaye Piyasası Aracı İşlemlerine İlişkin Bildirim (Faiz İçeren) XS2695038401 ISIN Kodlu Tahvilin Kupon Ödemesi,https://www.kap.org.tr/tr/Bildirim/1411536,tr,2025-03-25T18:23:04+00:00
2025-03-25,ASGYO,KAP,ASCE GAYRİMENKUL YATIRIM ORTAKLIĞI A.Ş. - Payların Geri Alınmasına İlişkin Bildirim,Payların Geri Alınmasına İlişkin Bildirim 25 Mart 2025 Tarihli Pay Geri Alım İşlemleri,https://www.kap.org.tr/tr/Bildirim/1411792,tr,2025-03-25T22:40:44+00:00
2025-03-25,ASUZU,KAP,ANADOLU ISUZU OTOMOTİV SANAYİ VE TİCARET A.Ş. - Bağımsız Denetim Kuruluşunun Belirlenmesi,Bağımsız Denetim Kuruluşunun Belirlenmesi 2025 yılı bağımsız dış denetim şirketi seçimi hakkında açıklama,https://www.kap.org.tr/tr/Bildirim/1411532,tr,2025-03-25T18:21:50+00:00
2025-03-25,ASUZU,KAP,ANADOLU ISUZU OTOMOTİV SANAYİ VE TİCARET A.Ş. - Genel Kurul İşlemlerine İlişkin Bildirim,Genel Kurul İşlemlerine İlişkin Bildirim Genel Kurul Toplantı Daveti,https://www.kap.org.tr/tr/Bildirim/1411530,tr,2025-03-25T18:21:17+00:00
2025-03-25,ASUZU,KAP,ANADOLU ISUZU OTOMOTİV SANAYİ VE TİCARET A.Ş. - Kar Payı Dağıtım İşlemlerine İlişkin Bildirim,Kar Payı Dağıtım İşlemlerine İlişkin Bildirim Kar payı dağıtım teklifi,https://www.kap.org.tr/tr/Bildirim/1411529,tr,2025-03-25T18:20:50+00:00
2025-03-25,ATEKS,KAP,AKIN TEKSTİL A.Ş. - Ortaklık Aleyhine Dava Açılması veya Davaya İlişkin Gelişmeler,Ortaklık Aleyhine Dava Açılması veya Davaya İlişkin Gelişmeler Ortaklık Aleyhine Açılan Dava Hakkında,https://www.kap.org.tr/tr/Bildirim/1411253,tr,2025-03-25T12:56:58+00:00
2025-03-25,ATEKS,KAP,AKIN TEKSTİL A.Ş. - Haber ve Söylentilere İlişkin Açıklama,Haber ve Söylentilere İlişkin Açıklama Bazı Basın ve Medya organlarında Çıkan Haberler ile ilgili açıklama,https://www.kap.org.tr/tr/Bildirim/1411252,tr,2025-03-25T12:56:43+00:00
2025-03-25,ATLFA,KAP,ATILIM FAKTORİNG A.Ş. - Şirket Genel Bilgi Formu,Şirket Genel Bilgi Formu,https://www.kap.org.tr/tr/Bildirim/1411194,tr,2025-03-25T10:49:26+00:00
2025-03-25,ATSYH,KAP,ATLANTİS YATIRIM HOLDİNG A.Ş. - Sorumluluk Beyanı (Konsolide),Sorumluluk Beyanı (Konsolide) ATSYH 2024 4.3 AYLIK SORUMLULUK BEYANI,https://www.kap.org.tr/tr/Bildirim/1411754,tr,2025-03-25T21:11:32+00:00
2025-03-25,ATSYH,KAP,ATLANTİS YATIRIM HOLDİNG A.Ş. - Faaliyet Raporu (Konsolide),Faaliyet Raporu (Konsolide) ATSYH 4.2 AYLIK FAALİYET RAPORU,https://www.kap.org.tr/tr/Bildirim/1411747,tr,2025-03-25T21:06:07+00:00
2025-03-25,ATSYH,KAP,ATLANTİS YATIRIM HOLDİNG A.Ş. - Finansal Rapor,Finansal Rapor,https://www.kap.org.tr/tr/Bildirim/1411746,tr,2025-03-25T21:05:48+00:00
2025-03-25,AYCES,KAP,ALTIN YUNUS ÇEŞME TURİSTİK TESİSLER A.Ş. - Bağımsız Denetim Kuruluşunun Belirlenmesi,Bağımsız Denetim Kuruluşunun Belirlenmesi Bağımsız Denetim Kuruluşunun Belirlenmesi,https://www.kap.org.tr/tr/Bildirim/1411268,tr,2025-03-25T13:37:48+00:00
2025-03-25,AZTEK,KAP,AZTEK TEKNOLOJİ ÜRÜNLERİ TİCARET A.Ş. - Kar Payı Dağıtım İşlemlerine İlişkin Bildirim,Kar Payı Dağıtım İşlemlerine İlişkin Bildirim 2024 Yılı Kar Payı Dağıtımı açıklamamıza Nakit Kar Payı Ödeme Zaman Aralığı tablosu eklenerek tekrar gönderilmektedir.,https://www.kap.org.tr/tr/Bildirim/1411543,tr,2025-03-25T18:24:09+00:00
2025-03-25,AZTEK,KAP,AZTEK TEKNOLOJİ ÜRÜNLERİ TİCARET A.Ş. - Kar Payı Dağıtım İşlemlerine İlişkin Bildirim,Kar Payı Dağıtım İşlemlerine İlişkin Bildirim 2024 Yılı Kar Payı Dağıtımı açıklamamıza Nakit Kar Payı Ödeme Zaman Aralığı tablosu eklenerek tekrar gönderilmektedir.,https://www.kap.org.tr/tr/Bildirim/1411220,tr,2025-03-25T11:46:23+00:00
2025-03-25,BAHKM,KAP,BAHADIR KİMYA SANAYİ VE TİCARET A.Ş. - Payların Geri Alınmasına İlişkin Bildirim,Payların Geri Alınmasına İlişkin Bildirim 25.03.2025 Tarihli Pay Geri Alım İşlemleri,https://www.kap.org.tr/tr/Bildirim/1411427,tr,2025-03-25T17:00:49+00:00
2025-03-25,BALAT,KAP,BALATACILAR BALATACILIK SANAYİ VE TİCARET A.Ş. - Sorumluluk Beyanı (Konsolide),Sorumluluk Beyanı (Konsolide) 31.12.2024 Sorumluluk Beyanı,https://www.kap.org.tr/tr/Bildirim/1411818,tr,2025-03-25T23:46:14+00:00
2025-03-25,BALAT,KAP,BALATACILAR BALATACILIK SANAYİ VE TİCARET A.Ş. - Faaliyet Raporu (Konsolide),Faaliyet Raporu (Konsolide) 2024 Yıllık Faaliyet Raporu,https://www.kap.org.tr/tr/Bildirim/1411817,tr,2025-03-25T23:46:00+00:00
2025-03-25,BALAT,KAP,BALATACILAR BALATACILIK SANAYİ VE TİCARET A.Ş. - Finansal Rapor,Finansal Rapor,https://www.kap.org.tr/tr/Bildirim/1411816,tr,2025-03-25T23:41:24+00:00
2025-03-25,BALSU,KAP,BALSU GIDA SANAYİ VE TİCARET A.Ş. - Halka Arz Fiyatının Belirlenmesinde Esas Alınan Varsayımlara İlişkin Değerlendirme Raporu,Halka Arz Fiyatının Belirlenmesinde Esas Alınan Varsayımlara İlişkin Değerlendirme Raporu HALKA ARZ FİYATININ BELİRLENMESİNE ESAS ALINAN VARSAYIMLARA İLİŞKİN DEĞERLENDİRME RAPORU,https://www.kap.org.tr/tr/Bildirim/1411616,tr,2025-03-25T18:58:35+00:00
2025-03-25,BALSU,KAP,BALSU GIDA SANAYİ VE TİCARET A.Ş. - Sermaye Artırımından Elde Edilecek - Edilen Fonun Kullanımına İlişkin Rapor,Sermaye Artırımından Elde Edilecek - Edilen Fonun Kullanımına İlişkin Rapor Halka Arzdan Elde Edilen Fonun Kullanım Yerlerine İlişkin Denetimden Sorumlu Komite Raporu,https://www.kap.org.tr/tr/Bildirim/1411581,tr,2025-03-25T18:50:48+00:00
2025-03-25,BESLR,KAP,KEREVİTAŞ GIDA SANAYİ VE TİCARET A.Ş. - İlişkili Taraf İşlemleri,İlişkili Taraf İşlemleri İlişkili Taraf İşlemleri ULKER,https://www.kap.org.tr/tr/Bildirim/1411644,tr,2025-03-25T19:15:47+00:00
2025-03-25,BESLR,KAP,KEREVİTAŞ GIDA SANAYİ VE TİCARET A.Ş. - Bağımsız Denetim Kuruluşunun Belirlenmesi,Bağımsız Denetim Kuruluşunun Belirlenmesi Bağımsız Denetim Şirketi Seçimi Hk.,https://www.kap.org.tr/tr/Bildirim/1411642,tr,2025-03-25T19:14:22+00:00
2025-03-25,BESLR,KAP,KEREVİTAŞ GIDA SANAYİ VE TİCARET A.Ş. - Kar Payı Dağıtım İşlemlerine İlişkin Bildirim,Kar Payı Dağıtım İşlemlerine İlişkin Bildirim Kar Payı Dağıtımına İlişkin Yönetim Kurulu Önerisi,https://www.kap.org.tr/tr/Bildirim/1411637,tr,2025-03-25T19:13:32+00:00
2025-03-25,BESLR,KAP,KEREVİTAŞ GIDA SANAYİ VE TİCARET A.Ş. - Genel Kurul İşlemlerine İlişkin Bildirim,Genel Kurul İşlemlerine İlişkin Bildirim 2024 Yılına İlişkin Olağan Genel Kurul Toplantısı İçin Bilgilendirme Dokümanı,https://www.kap.org.tr/tr/Bildirim/1411634,tr,2025-03-25T19:12:32+00:00
2025-03-25,BFREN,KAP,BOSCH FREN SİSTEMLERİ SANAYİ VE TİCARET A.Ş. - Genel Kurul İşlemlerine İlişkin Bildirim,Genel Kurul İşlemlerine İlişkin Bildirim 2024 yılına ilişkin Olağan Genel Kurul Toplantısına Çağrı ve Toplantı Gündemi,https://www.kap.org.tr/tr/Bildirim/1411794,tr,2025-03-25T22:46:37+00:00
2025-03-25,BFREN,KAP,BOSCH FREN SİSTEMLERİ SANAYİ VE TİCARET A.Ş. - Kar Payı Dağıtım İşlemlerine İlişkin Bildirim,Kar Payı Dağıtım İşlemlerine İlişkin Bildirim Kar Payı Dağıtım Bildirimi,https://www.kap.org.tr/tr/Bildirim/1411793,tr,2025-03-25T22:42:17+00:00
2025-03-25,BFREN,KAP,BOSCH FREN SİSTEMLERİ SANAYİ VE TİCARET A.Ş. - Bağımsız Denetim Kuruluşunun Belirlenmesi,Bağımsız Denetim Kuruluşunun Belirlenmesi Bağımsız Denetim Kuruluşunun Belirlenmesi,https://www.kap.org.tr/tr/Bildirim/1411785,tr,2025-03-25T22:35:33+00:00
2025-03-25,BIENY,KAP,BİEN YAPI ÜRÜNLERİ SANAYİ TURİZM VE TİCARET A.Ş. - Özel Durum Açıklaması (Genel),Özel Durum Açıklaması (Genel) Bağımsız Yönetim Kurulu Üye Adayına İlişkin SPK Başvurusu,https://www.kap.org.tr/tr/Bildirim/1411583,tr,2025-03-25T18:51:07+00:00
2025-03-25,BIGTK,KAP,DOĞAN BURDA DERGİ YAYINCILIK VE PAZARLAMA A.Ş. - İlişkili Taraf İşlemleri,İlişkili Taraf İşlemleri İlişkili Taraf İşlemi Hakkında,https://www.kap.org.tr/tr/Bildirim/1411814,tr,2025-03-25T23:32:58+00:00
2025-03-25,BIMAS,KAP,BİM BİRLEŞİK MAĞAZALAR A.Ş. - Payların Geri Alınmasına İlişkin Bildirim,Payların Geri Alınmasına İlişkin Bildirim 24 Mart 2025 Tarihli Pay Geri Alım İşlemleri,https://www.kap.org.tr/tr/Bildirim/1411130,tr,2025-03-25T06:52:53+00:00
2025-03-25,BINBN,KAP,BİN ULAŞIM VE AKILLI ŞEHİR TEKNOLOJİLERİ A.Ş. - Sermaye Artırımından Elde Edilecek - Edilen Fonun Kullanımına İlişkin Rapor,Sermaye Artırımından Elde Edilecek - Edilen Fonun Kullanımına İlişkin Rapor Sermaye Artırımından Elde Edilecek- Edilen Fonun Kullanımına İlişkin Rapor,https://www.kap.org.tr/tr/Bildirim/1411804,tr,2025-03-25T23:17:19+00:00
2025-03-25,BINBN,KAP,BİN ULAŞIM VE AKILLI ŞEHİR TEKNOLOJİLERİ A.Ş. - Halka Arz Fiyatının Belirlenmesinde Esas Alınan Varsayımlara İlişkin Değerlendirme Raporu,Halka Arz Fiyatının Belirlenmesinde Esas Alınan Varsayımlara İlişkin Değerlendirme Raporu Halka Arz Fiyatının Belirlenmesinde Esas Alınan Varsayımlara İlişkin Değerlendirme Raporu,https://www.kap.org.tr/tr/Bildirim/1411803,tr,2025-03-25T23:16:45+00:00
2025-03-25,BINHO,KAP,1000 YATIRIMLAR HOLDİNG A.Ş. - Halka Arz Fiyatının Belirlenmesinde Esas Alınan Varsayımlara İlişkin Değerlendirme Raporu,Halka Arz Fiyatının Belirlenmesinde Esas Alınan Varsayımlara İlişkin Değerlendirme Raporu Halka Arz Fiyatının Belirlenmesinde Esas Alınan Varsayımlara İlişkin Değerlendirme Raporu,https://www.kap.org.tr/tr/Bildirim/1411808,tr,2025-03-25T23:22:49+00:00
2025-03-25,BLCYT,KAP,BİLİCİ YATIRIM SANAYİ VE TİCARET A.Ş. - İlişkili Taraf İşlemleri,İlişkili Taraf İşlemleri BİLİCİ YATIRIM SANAYİ VE TİCARET A.Ş. YENİ ŞİRKET KURULUŞU BİLDİRİMİ,https://www.kap.org.tr/tr/Bildirim/1411285,tr,2025-03-25T14:14:13+00:00
2025-03-25,BMSTL,KAP,BMS BİRLEŞİK METAL SANAYİ VE TİCARET A.Ş. - Kayıtlı Sermaye Tavanı İşlemlerine İlişkin Bildirim,Kayıtlı Sermaye Tavanı İşlemlerine İlişkin Bildirim Kayıtlı Sermaye Tavanının Artırılması ve Süresinin Uzatılması Hk.,https://www.kap.org.tr/tr/Bildirim/1411428,tr,2025-03-25T17:02:50+00:00
2025-03-25,BOBET,KAP,BOĞAZİÇİ BETON SANAYİ VE TİCARET A.Ş. - Payların Geri Alınmasına İlişkin Bildirim,"Payların Geri Alınmasına İlişkin Bildirim Pay Geri Alım Pogramı Hakkında,",https://www.kap.org.tr/tr/Bildirim/1411144,tr,2025-03-25T09:10:17+00:00
2025-03-25,BORLS,KAP,BORLEASE OTOMOTİV A.Ş. - Pay Dışında Sermaye Piyasası Aracı İşlemlerine İlişkin Bildirim (Faiz İçeren),Pay Dışında Sermaye Piyasası Aracı İşlemlerine İlişkin Bildirim (Faiz İçeren) Finansman Bonosu Satışının Tamamlanması,https://www.kap.org.tr/tr/Bildirim/1411733,tr,2025-03-25T20:47:22+00:00
2025-03-25,BORSK,KAP,BOR ŞEKER A.Ş. - Özel Durum Açıklaması (Genel),Özel Durum Açıklaması (Genel) Kapasite Artışı ve Yeni Üretim Tesisi Kapsamında ÇED Sürecinin Başlaması Hakkında,https://www.kap.org.tr/tr/Bildirim/1411184,tr,2025-03-25T10:17:30+00:00
2025-03-25,BRGAN,KAP,BURGAN BANK A.Ş. - Özel Durum Açıklaması (Genel),Özel Durum Açıklaması (Genel) 2024 Yılı Olağan Genel Kurul Toplantısı Hakkında,https://www.kap.org.tr/tr/Bildirim/1411305,tr,2025-03-25T14:46:54+00:00
2025-03-25,BRSAN,KAP,BORUSAN BİRLEŞİK BORU FABRİKALARI SANAYİ VE TİCARET A.Ş. - Özel Durum Açıklaması (Genel),"Özel Durum Açıklaması (Genel) Yönetim Kurulu Bağımsız Üye Aday Listesi, Özgeçmişleri ve Bağımsızlık Beyanları",https://www.kap.org.tr/tr/Bildirim/1411791,tr,2025-03-25T22:38:07+00:00
2025-03-25,BRSAN,KAP,BORUSAN BİRLEŞİK BORU FABRİKALARI SANAYİ VE TİCARET A.Ş. - Bağımsız Denetim Kuruluşunun Belirlenmesi,Bağımsız Denetim Kuruluşunun Belirlenmesi Bağımsız Denetim Şirketinin Genel Kurul Onayına Sunulması,https://www.kap.org.tr/tr/Bildirim/1411789,tr,2025-03-25T22:37:53+00:00
2025-03-25,BRSAN,KAP,BORUSAN BİRLEŞİK BORU FABRİKALARI SANAYİ VE TİCARET A.Ş. - Kar Payı Dağıtım İşlemlerine İlişkin Bildirim,Kar Payı Dağıtım İşlemlerine İlişkin Bildirim Kar Payı Dağıtımına İlişkin Yönetim Kurulu Kararı,https://www.kap.org.tr/tr/Bildirim/1411787,tr,2025-03-25T22:37:40+00:00
2025-03-25,BRSAN,KAP,BORUSAN BİRLEŞİK BORU FABRİKALARI SANAYİ VE TİCARET A.Ş. - Genel Kurul İşlemlerine İlişkin Bildirim,Genel Kurul İşlemlerine İlişkin Bildirim Olağan Genel Kurul'un Toplantıya Davet Edilmesine İlişkin Yönetim Kurulu Kararı,https://www.kap.org.tr/tr/Bildirim/1411786,tr,2025-03-25T22:37:28+00:00
2025-03-25,BUR,KAP,BURGAN BANK A.Ş. - Özel Durum Açıklaması (Genel),Özel Durum Açıklaması (Genel) 2024 Yılı Olağan Genel Kurul Toplantısı Hakkında,https://www.kap.org.tr/tr/Bildirim/1411305,tr,2025-03-25T14:46:54+00:00
2025-03-25,CAGFA,KAP,ÇAĞDAŞ FAKTORİNG A.Ş. - Pay Dışında Sermaye Piyasası Aracı İşlemlerine İlişkin Bildirim (Faiz İçeren),Pay Dışında Sermaye Piyasası Aracı İşlemlerine İlişkin Bildirim (Faiz İçeren) 25.03.2025 Vadeli Bono İtfası,https://www.kap.org.tr/tr/Bildirim/1411307,tr,2025-03-25T14:47:16+00:00
2025-03-25,CAGFA,KAP,ÇAĞDAŞ FAKTORİNG A.Ş. - Genel Kurul Bildirimi,Genel Kurul Bildirimi Çağdaş Faktoring Aş. 2024 Yılı Olağan Genel Kurulu,https://www.kap.org.tr/tr/Bildirim/1411306,tr,2025-03-25T14:47:08+00:00
2025-03-25,CEMAS,KAP,ÇEMAŞ DÖKÜM SANAYİ A.Ş. - Genel Kurul İşlemlerine İlişkin Bildirim,Genel Kurul İşlemlerine İlişkin Bildirim 2024 Yılı Olağan Genel Kurul Toplantı Çağrısı,https://www.kap.org.tr/tr/Bildirim/1411300,tr,2025-03-25T14:41:36+00:00
2025-03-25,CEMAS,KAP,ÇEMAŞ DÖKÜM SANAYİ A.Ş. - Kar Payı Dağıtım İşlemlerine İlişkin Bildirim,Kar Payı Dağıtım İşlemlerine İlişkin Bildirim 2024 Yılı Kâr Payı Dağıtımına İlişkin Yönetim Kurulu Kararı,https://www.kap.org.tr/tr/Bildirim/1411283,tr,2025-03-25T14:08:08+00:00
2025-03-25,CEMTS,KAP,ÇEMTAŞ ÇELİK MAKİNA SANAYİ VE TİCARET A.Ş. - Bağımsız Denetim Kuruluşunun Belirlenmesi,Bağımsız Denetim Kuruluşunun Belirlenmesi Bağımsız Denetim Kuruluşunun Tescili,https://www.kap.org.tr/tr/Bildirim/1411426,tr,2025-03-25T17:00:19+00:00
2025-03-25,CEMTS,KAP,ÇEMTAŞ ÇELİK MAKİNA SANAYİ VE TİCARET A.Ş. - Genel Kurul İşlemlerine İlişkin Bildirim,Genel Kurul İşlemlerine İlişkin Bildirim Olağan Genel Kurul Toplantısı Tescili,https://www.kap.org.tr/tr/Bildirim/1411425,tr,2025-03-25T17:00:04+00:00
2025-03-25,CGCAM,KAP,ÇAĞDAŞ CAM SANAYİ VE TİCARET A.Ş. - Genel Kurul İşlemlerine İlişkin Bildirim,Genel Kurul İşlemlerine İlişkin Bildirim Olağan Genel Kurul İlanı,https://www.kap.org.tr/tr/Bildirim/1411496,tr,2025-03-25T18:11:05+00:00
2025-03-25,CGCAM,KAP,ÇAĞDAŞ CAM SANAYİ VE TİCARET A.Ş. - Kar Payı Dağıtım İşlemlerine İlişkin Bildirim,Kar Payı Dağıtım İşlemlerine İlişkin Bildirim Yönetim Kurulu'nun Kar Dağıtım Teklifi,https://www.kap.org.tr/tr/Bildirim/1411494,tr,2025-03-25T18:10:56+00:00
2025-03-25,CGCAM,KAP,ÇAĞDAŞ CAM SANAYİ VE TİCARET A.Ş. - Özel Durum Açıklaması (Genel),Özel Durum Açıklaması (Genel) Bağımsız Üye Aday Listesi,https://www.kap.org.tr/tr/Bildirim/1411493,tr,2025-03-25T18:10:43+00:00
2025-03-25,CGCAM,KAP,ÇAĞDAŞ CAM SANAYİ VE TİCARET A.Ş. - Bağımsız Denetim Kuruluşunun Belirlenmesi,Bağımsız Denetim Kuruluşunun Belirlenmesi Denetçi Raporu,https://www.kap.org.tr/tr/Bildirim/1411492,tr,2025-03-25T18:10:30+00:00
2025-03-25,CONSE,KAP,CONSUS ENERJİ İŞLETMECİLİĞİ VE HİZMETLERİ A.Ş. - Bağımsız Denetim Kuruluşunun Belirlenmesi,Bağımsız Denetim Kuruluşunun Belirlenmesi Bağımsız denetim şirketinin belirlenmesi hk.,https://www.kap.org.tr/tr/Bildirim/1411718,tr,2025-03-25T20:25:44+00:00
2025-03-25,CONSE,KAP,CONSUS ENERJİ İŞLETMECİLİĞİ VE HİZMETLERİ A.Ş. - Kar Payı Dağıtım İşlemlerine İlişkin Bildirim,Kar Payı Dağıtım İşlemlerine İlişkin Bildirim Kar Payı Dağıtımı Yapılamayacağı Hususunda 2024 Yılı Olağan Genel Kurul Toplantısı'nda Pay Sahiplerine Bilgi Verilmesi Hakkında,https://www.kap.org.tr/tr/Bildirim/1411711,tr,2025-03-25T20:20:47+00:00
2025-03-25,CONSE,KAP,CONSUS ENERJİ İŞLETMECİLİĞİ VE HİZMETLERİ A.Ş. - Genel Kurul İşlemlerine İlişkin Bildirim,Genel Kurul İşlemlerine İlişkin Bildirim 2024 Yılı Olağan Genel Kurul Toplantısı'na İlişkin Davet ve Bilgilendirme Dokümanı,https://www.kap.org.tr/tr/Bildirim/1411659,tr,2025-03-25T19:31:12+00:00
2025-03-25,CRDFA,KAP,CREDITWEST FAKTORİNG A.Ş. - Pay Dışında Sermaye Piyasası Aracı İşlemlerine İlişkin Bildirim (Faiz İçeren),Pay Dışında Sermaye Piyasası Aracı İşlemlerine İlişkin Bildirim (Faiz İçeren) TRFTPFC62512 Belirlenen 3. Kupon Faizi,https://www.kap.org.tr/tr/Bildirim/1411387,tr,2025-03-25T16:18:45+00:00
2025-03-25,CRFSA,KAP,CARREFOURSA CARREFOUR SABANCI TİCARET MERKEZİ A.Ş. - Pay Dışında Sermaye Piyasası Aracı İşlemlerine İlişkin Bildirim (Faiz İçeren),Pay Dışında Sermaye Piyasası Aracı İşlemlerine İlişkin Bildirim (Faiz İçeren) TRFCARF32511 ISIN kodlu tahvil faiz ödemesi ve anapara itfası,https://www.kap.org.tr/tr/Bildirim/1411310,tr,2025-03-25T14:55:22+00:00
2025-03-25,CRFSA,KAP,CARREFOURSA CARREFOUR SABANCI TİCARET MERKEZİ A.Ş. - Pay Dışında Sermaye Piyasası Aracı İşlemlerine İlişkin Bildirim (Faiz İçeren),Pay Dışında Sermaye Piyasası Aracı İşlemlerine İlişkin Bildirim (Faiz İçeren) TRFCARF92523 ISIN kodlu tahvil ihracı,https://www.kap.org.tr/tr/Bildirim/1411205,tr,2025-03-25T11:04:35+00:00
2025-03-25,CUSAN,KAP,ÇUHADAROĞLU METAL SANAYİ VE PAZARLAMA A.Ş. - Şirket Genel Bilgi Formu,Şirket Genel Bilgi Formu,https://www.kap.org.tr/tr/Bildirim/1411133,tr,2025-03-25T08:03:57+00:00
2025-03-25,CUSAN,KAP,ÇUHADAROĞLU METAL SANAYİ VE PAZARLAMA A.Ş. - Özel Durum Açıklaması (Genel),Özel Durum Açıklaması (Genel) Yatırımcı İlişkileri Bölümü Hk.,https://www.kap.org.tr/tr/Bildirim/1411132,tr,2025-03-25T07:57:57+00:00
2025-03-25,CVKMD,KAP,CVK MADEN İŞLETMELERİ SANAYİ VE TİCARET A.Ş. - Halka Arz Fiyatının Belirlenmesinde Esas Alınan Varsayımlara İlişkin Değerlendirme Raporu,Halka Arz Fiyatının Belirlenmesinde Esas Alınan Varsayımlara İlişkin Değerlendirme Raporu Halka Arz Fiyatının Belirlenmesinde Esas Alınan Varsayımlara İlişkin Gerçekleşme ve Değerlendirme Raporu,https://www.kap.org.tr/tr/Bildirim/1411166,tr,2025-03-25T09:41:06+00:00
2025-03-25,CWENE,KAP,CW ENERJİ MÜHENDİSLİK TİCARET VE SANAYİ A.Ş. - Özel Durum Açıklaması (Genel),Özel Durum Açıklaması (Genel) CW Enerji Mühendislik Ticaret ve Sanayi A.Ş. Fiyat Tespit Raporuna İlişkin 8. Değerlendirme Raporu Hk,https://www.kap.org.tr/tr/Bildirim/1411577,tr,2025-03-25T18:40:12+00:00
2025-03-25,DARDL,KAP,DARDANEL ÖNENTAŞ GIDA SANAYİ A.Ş. - Pay Dışında Sermaye Piyasası Aracı İşlemlerine İlişkin Bildirim (Faiz İçeren),Pay Dışında Sermaye Piyasası Aracı İşlemlerine İlişkin Bildirim (Faiz İçeren) TRFDRDL62518 ISIN kodlu finansman bonosunun 2.ci kupon ödemesi hk.,https://www.kap.org.tr/tr/Bildirim/1411244,tr,2025-03-25T12:31:59+00:00
2025-03-25,DARDL,KAP,DARDANEL ÖNENTAŞ GIDA SANAYİ A.Ş. - Pay Dışında Sermaye Piyasası Aracı İşlemlerine İlişkin Bildirim (Faiz İçeren),Pay Dışında Sermaye Piyasası Aracı İşlemlerine İlişkin Bildirim (Faiz İçeren) TRFDRDL62534 ISIN kodlu finansman bonosunun 1.ci kupon ödemesi hk.,https://www.kap.org.tr/tr/Bildirim/1411242,tr,2025-03-25T12:25:20+00:00
2025-03-25,DERHL,KAP,DERLÜKS YATIRIM HOLDİNG A.Ş. - Genel Kurul İşlemlerine İlişkin Bildirim,Genel Kurul İşlemlerine İlişkin Bildirim 2024 Yılı Olağan Genel Kurul Toplantısı Sonucu,https://www.kap.org.tr/tr/Bildirim/1411770,tr,2025-03-25T21:50:51+00:00
2025-03-25,DERIM,KAP,DERİMOD KONFEKSİYON AYAKKABI DERİ SANAYİ VE TİCARET A.Ş. - Devrolma İşlemlerine İlişkin Bildirim,Devrolma İşlemlerine İlişkin Bildirim Şirketimizin Derimod Deri Konfeksiyon Pazarlama Sanayi Ve Ticaret AŞ bünyesinde birleşmesine ilişkin Yönetim Kurulu Kararı,https://www.kap.org.tr/tr/Bildirim/1411632,tr,2025-03-25T19:09:40+00:00
2025-03-25,DOHOL,KAP,DOĞAN ŞİRKETLER GRUBU HOLDİNG A.Ş. - Özel Durum Açıklaması (Genel),Özel Durum Açıklaması (Genel) Bağlı Ortaklık Sermaye Artışına İştirak Edilmesi Hk. DYBNK,https://www.kap.org.tr/tr/Bildirim/1411566,tr,2025-03-25T18:34:27+00:00
2025-03-25,DVRLK,KAP,D VARLIK KİRALAMA A.Ş. - Pay Dışında Sermaye Piyasası Aracı İşlemlerine İlişkin Bildirim (Faizsiz),Pay Dışında Sermaye Piyasası Aracı İşlemlerine İlişkin Bildirim (Faizsiz) D Varlık Kiralama A.Ş. Kira Sertifikası İhracı DYBNK,https://www.kap.org.tr/tr/Bildirim/1411433,tr,2025-03-25T17:09:02+00:00
2025-03-25,DYBNK,KAP,D YATIRIM BANKASI A.Ş. - Özel Durum Açıklaması (Genel),Özel Durum Açıklaması (Genel) Sermaye Artışına İlişkin Yönetim Kurulu Kararı,https://www.kap.org.tr/tr/Bildirim/1411487,tr,2025-03-25T18:07:38+00:00
2025-03-25,DYOBY,KAP,DYO BOYA FABRİKALARI SANAYİ VE TİCARET A.Ş. - Pay Dışında Sermaye Piyasası Aracı İşlemlerine İlişkin Bildirim (Faiz İçeren),Pay Dışında Sermaye Piyasası Aracı İşlemlerine İlişkin Bildirim (Faiz İçeren) TRFDYBY92518 ISIN Kodlu Finansman Bonusunun Kupon Ödemesi,https://www.kap.org.tr/tr/Bildirim/1411271,tr,2025-03-25T13:45:44+00:00
2025-03-25,DYOBY,KAP,DYO BOYA FABRİKALARI SANAYİ VE TİCARET A.Ş. - Bağımsız Denetim Kuruluşunun Belirlenmesi,Bağımsız Denetim Kuruluşunun Belirlenmesi Bağımsız Denetim Kuruluşunun Belirlenmesi,https://www.kap.org.tr/tr/Bildirim/1411270,tr,2025-03-25T13:45:34+00:00
2025-03-25,EKOFA,KAP,EKO FAKTORİNG A.Ş. - Pay Dışında Sermaye Piyasası Aracı İşlemlerine İlişkin Bildirim (Faiz İçeren),Pay Dışında Sermaye Piyasası Aracı İşlemlerine İlişkin Bildirim (Faiz İçeren) TRFEKOF32513 ISIN KODLU BONO 4.KUPON FAİZİ BİLDİRİMİ,https://www.kap.org.tr/tr/Bildirim/1411469,tr,2025-03-25T17:44:31+00:00
2025-03-25,EKOFA,KAP,EKO FAKTORİNG A.Ş. - Pay Dışında Sermaye Piyasası Aracı İşlemlerine İlişkin Bildirim (Faiz İçeren),Pay Dışında Sermaye Piyasası Aracı İşlemlerine İlişkin Bildirim (Faiz İçeren) TRFEKOF92517 ISIN KODLU BONO 2.KUPON FAİZİ BİLDİRİMİ,https://www.kap.org.tr/tr/Bildirim/1411466,tr,2025-03-25T17:43:51+00:00
2025-03-25,EKOS,KAP,EKOS TEKNOLOJİ VE ELEKTRİK A.Ş. - Halka Arz Fiyatının Belirlenmesinde Esas Alınan Varsayımlara İlişkin Değerlendirme Raporu,Halka Arz Fiyatının Belirlenmesinde Esas Alınan Varsayımlara İlişkin Değerlendirme Raporu Halka Arz Fiyatının Belirlenmesinde Esas Alınan Varsayımlara İlişkin Değerlendirme Raporu,https://www.kap.org.tr/tr/Bildirim/1411549,tr,2025-03-25T18:26:01+00:00
2025-03-25,EKSUN,KAP,EKSUN GIDA TARIM SANAYİ VE TİCARET A.Ş. - Halka Arz Fiyatının Belirlenmesinde Esas Alınan Varsayımlara İlişkin Değerlendirme Raporu,Halka Arz Fiyatının Belirlenmesinde Esas Alınan Varsayımlara İlişkin Değerlendirme Raporu Halka Arz Fiyatının Belirlenmesinde Esas Alınan Varsayımlara İlişkin Değerlendirme Raporu,https://www.kap.org.tr/tr/Bildirim/1411286,tr,2025-03-25T14:19:21+00:00
2025-03-25,EMVAR,KAP,EMLAK VARLIK KİRALAMA A.Ş. - Genel Kurul Bildirimi,Genel Kurul Bildirimi Emlak Varlık Kiralama A.Ş. 2024 Yılı Olağan Genel Kurul Kararları Tescili Hk.,https://www.kap.org.tr/tr/Bildirim/1411335,tr,2025-03-25T15:43:48+00:00
2025-03-25,EMVAR,KAP,EMLAK VARLIK KİRALAMA A.Ş. - Pay Dışında Sermaye Piyasası Aracı İşlemlerine İlişkin Bildirim (Faizsiz),Pay Dışında Sermaye Piyasası Aracı İşlemlerine İlişkin Bildirim (Faizsiz) TRDEMVKA2523 ISIN Kodlu Kira Sertifikasının 1.Dönemsel Kira Ödemesi Hk. ALFIN,https://www.kap.org.tr/tr/Bildirim/1411160,tr,2025-03-25T09:31:47+00:00
2025-03-25,ENERY,KAP,ENERYA ENERJİ A.Ş. - Sermaye Artırımı - Azaltımı İşlemlerine İlişkin Bildirim,Sermaye Artırımı - Azaltımı İşlemlerine İlişkin Bildirim Bedelsiz Sermaye Artırımı Tescil ve İlanı,https://www.kap.org.tr/tr/Bildirim/1411539,tr,2025-03-25T18:23:16+00:00
2025-03-25,ENJSA,KAP,ENERJİSA ENERJİ A.Ş. - Pay Dışında Sermaye Piyasası Aracı İşlemlerine İlişkin Bildirim (Faiz İçeren),Pay Dışında Sermaye Piyasası Aracı İşlemlerine İlişkin Bildirim (Faiz İçeren) TRSENSA92516 ISIN kodlu tahvilin 6.kupon ödemesi,https://www.kap.org.tr/tr/Bildirim/1411269,tr,2025-03-25T13:45:20+00:00
2025-03-25,ENTRA,KAP,IC ENTERRA YENİLENEBİLİR ENERJİ A.Ş. - Şirket Genel Bilgi Formu,Şirket Genel Bilgi Formu,https://www.kap.org.tr/tr/Bildirim/1411441,tr,2025-03-25T17:16:37+00:00
2025-03-25,ETYAT,KAP,EURO TREND YATIRIM ORTAKLIĞI A.Ş. - Özel Durum Açıklaması (Genel),"Özel Durum Açıklaması (Genel) BİAŞ'da oluşan ağırlıklı ortalama fiyatın,pay başına net aktif değerin 2 katını aşması",https://www.kap.org.tr/tr/Bildirim/1411239,tr,2025-03-25T12:22:42+00:00
2025-03-25,EUKYO,KAP,EURO KAPİTAL YATIRIM ORTAKLIĞI A.Ş. - Özel Durum Açıklaması (Genel),"Özel Durum Açıklaması (Genel) BİAŞ'da oluşan ağırlıklı ortalama fiyatın,pay başına net aktif değerin 2 katını aşması",https://www.kap.org.tr/tr/Bildirim/1411240,tr,2025-03-25T12:23:36+00:00
2025-03-25,EUPWR,KAP,EUROPOWER ENERJİ VE OTOMASYON TEKNOLOJİLERİ SANAYİ TİCARET A.Ş. - Katılım Finansı İlkeleri Bilgi Formu,Katılım Finansı İlkeleri Bilgi Formu,https://www.kap.org.tr/tr/Bildirim/1411502,tr,2025-03-25T18:12:53+00:00
2025-03-25,EUYO,KAP,EURO MENKUL KIYMET YATIRIM ORTAKLIĞI A.Ş. - Özel Durum Açıklaması (Genel),"Özel Durum Açıklaması (Genel) BİAŞ'da oluşan ağırlıklı ortalama fiyatın,pay başına net aktif değerin 2 katını aşması",https://www.kap.org.tr/tr/Bildirim/1411237,tr,2025-03-25T12:21:47+00:00
2025-03-25,EXIMB,KAP,TÜRKİYE İHRACAT KREDİ BANKASI A.Ş. - Pay Dışında Sermaye Piyasası Aracı İşlemlerine İlişkin Bildirim (Faiz İçeren),Pay Dışında Sermaye Piyasası Aracı İşlemlerine İlişkin Bildirim (Faiz İçeren) GMTN programı çerçevesinde yurt dışında borçlanma aracı ihracı,https://www.kap.org.tr/tr/Bildirim/1411376,tr,2025-03-25T16:12:56+00:00
2025-03-25,EXIMB,KAP,TÜRKİYE İHRACAT KREDİ BANKASI A.Ş. - Pay Dışında Sermaye Piyasası Aracı İşlemlerine İlişkin Bildirim (Faiz İçeren),Pay Dışında Sermaye Piyasası Aracı İşlemlerine İlişkin Bildirim (Faiz İçeren) GMTN programı çerçevesinde yurt dışında borçlanma aracı ihracı,https://www.kap.org.tr/tr/Bildirim/1411371,tr,2025-03-25T16:08:53+00:00
2025-03-25,FBB,KAP,FİBABANKA A.Ş. - Pay Dışında Sermaye Piyasası Aracı İşlemlerine İlişkin Bildirim (Faiz İçeren),Pay Dışında Sermaye Piyasası Aracı İşlemlerine İlişkin Bildirim (Faiz İçeren) Yurt Dışı Sermaye Benzeri Tahvil Kupon Ödemesi,https://www.kap.org.tr/tr/Bildirim/1411378,tr,2025-03-25T16:13:15+00:00
2025-03-25,FBBNK,KAP,FİBABANKA A.Ş. - Pay Dışında Sermaye Piyasası Aracı İşlemlerine İlişkin Bildirim (Faiz İçeren),Pay Dışında Sermaye Piyasası Aracı İşlemlerine İlişkin Bildirim (Faiz İçeren) Yurt Dışı Sermaye Benzeri Tahvil Kupon Ödemesi,https://www.kap.org.tr/tr/Bildirim/1411378,tr,2025-03-25T16:13:15+00:00
2025-03-25,FIN,KAP,QNB BANK A.Ş. - Pay Dışında Sermaye Piyasası Aracı İşlemlerine İlişkin Bildirim (Faiz İçeren),Pay Dışında Sermaye Piyasası Aracı İşlemlerine İlişkin Bildirim (Faiz İçeren) MTN programı kapsamında yurtdışında ihraç edilen borçlanma aracının ihracı,https://www.kap.org.tr/tr/Bildirim/1411255,tr,2025-03-25T13:01:41+00:00
2025-03-25,FMIZP,KAP,FEDERAL MOGUL İZMİT PİSTON VE PİM ÜRETİM TESİSLERİ A.Ş. - Şirket Genel Bilgi Formu,Şirket Genel Bilgi Formu,https://www.kap.org.tr/tr/Bildirim/1411309,tr,2025-03-25T14:55:16+00:00
2025-03-25,FMIZP,KAP,FEDERAL MOGUL İZMİT PİSTON VE PİM ÜRETİM TESİSLERİ A.Ş. - Kar Payı Dağıtım İşlemlerine İlişkin Bildirim,Kar Payı Dağıtım İşlemlerine İlişkin Bildirim 2024 Yılı Kar Dağıtımı,https://www.kap.org.tr/tr/Bildirim/1411302,tr,2025-03-25T14:45:31+00:00
2025-03-25,FMIZP,KAP,FEDERAL MOGUL İZMİT PİSTON VE PİM ÜRETİM TESİSLERİ A.Ş. - Genel Kurul İşlemlerine İlişkin Bildirim,Genel Kurul İşlemlerine İlişkin Bildirim GENEL KURUL TOPLANTI SONUCU,https://www.kap.org.tr/tr/Bildirim/1411298,tr,2025-03-25T14:34:33+00:00
2025-03-25,FONET,KAP,FONET BİLGİ TEKNOLOJİLERİ A.Ş. - İhale Süreci / Sonucu,İhale Süreci / Sonucu Uşak İl Sağlık Müdürlüğü Tarafından Yapılan İhale Hakkında,https://www.kap.org.tr/tr/Bildirim/1411395,tr,2025-03-25T16:38:32+00:00
2025-03-25,FORTE,KAP,FORTE BİLGİ İLETİŞİM TEKNOLOJİLERİ VE SAVUNMA SANAYİ A.Ş. - Özel Durum Açıklaması (Genel),Özel Durum Açıklaması (Genel) Şirket Devralma Hk.,https://www.kap.org.tr/tr/Bildirim/1411278,tr,2025-03-25T13:57:48+00:00
2025-03-25,FRIGO,KAP,FRİGO-PAK GIDA MADDELERİ SANAYİ VE TİCARET A.Ş. - Payların Geri Alınmasına İlişkin Bildirim,Payların Geri Alınmasına İlişkin Bildirim Pay Geri Alım İşlemleri Hk.,https://www.kap.org.tr/tr/Bildirim/1411710,tr,2025-03-25T20:15:36+00:00
2025-03-25,GEDIK,KAP,GEDİK YATIRIM MENKUL DEĞERLER A.Ş. - Payların Geri Alınmasına İlişkin Bildirim,Payların Geri Alınmasına İlişkin Bildirim 25.03.2025 tarihli pay geri alım işlemleri,https://www.kap.org.tr/tr/Bildirim/1411547,tr,2025-03-25T18:25:42+00:00
2025-03-25,GEDIK,KAP,GEDİK YATIRIM MENKUL DEĞERLER A.Ş. - Özel Durum Açıklaması (Genel),"Özel Durum Açıklaması (Genel) Bağlı ortaklığımız Marbaş Menkul Değerler AŞnin İç Kaynaklardan Bedelsiz Sermaye Artırımı Tescili Hakkında MRBAS, MRS",https://www.kap.org.tr/tr/Bildirim/1411520,tr,2025-03-25T18:18:04+00:00
2025-03-25,GEDZA,KAP,GEDİZ AMBALAJ SANAYİ VE TİCARET A.Ş. - Payların Geri Alınmasına İlişkin Bildirim,Payların Geri Alınmasına İlişkin Bildirim Pay geri alımı hk.,https://www.kap.org.tr/tr/Bildirim/1411565,tr,2025-03-25T18:33:46+00:00
2025-03-25,GENIL,KAP,GEN İLAÇ VE SAĞLIK ÜRÜNLERİ SANAYİ VE TİCARET A.Ş. - Özel Durum Açıklaması (Genel),Özel Durum Açıklaması (Genel) Güneş Enerjisi Projesi Güncel Gelişme,https://www.kap.org.tr/tr/Bildirim/1411216,tr,2025-03-25T11:29:24+00:00
2025-03-25,GESAN,KAP,GİRİŞİM ELEKTRİK SANAYİ TAAHHÜT VE TİCARET A.Ş. - Katılım Finansı İlkeleri Bilgi Formu,Katılım Finansı İlkeleri Bilgi Formu,https://www.kap.org.tr/tr/Bildirim/1411500,tr,2025-03-25T18:12:31+00:00
2025-03-25,GLCVY,KAP,GELECEK VARLIK YÖNETİMİ A.Ş. - Özel Durum Açıklaması (Genel),"Özel Durum Açıklaması (Genel) İhale sonrası Devir ve Temlik İşlemlerinin tamamlanması hk. YKB, YKBNK",https://www.kap.org.tr/tr/Bildirim/1411758,tr,2025-03-25T21:15:32+00:00
2025-03-25,GLRYH,KAP,GÜLER YATIRIM HOLDİNG A.Ş. - Payların Geri Alınmasına İlişkin Bildirim,Payların Geri Alınmasına İlişkin Bildirim 24.03.2025 Tarihli Pay Geri Alım İşlemleri,https://www.kap.org.tr/tr/Bildirim/1411143,tr,2025-03-25T09:09:27+00:00
2025-03-25,GMTAS,KAP,GİMAT MAĞAZACILIK SANAYİ VE TİCARET A.Ş. - Özel Durum Açıklaması (Genel),Özel Durum Açıklaması (Genel) Yeni Mağaza Açılışı Hk.,https://www.kap.org.tr/tr/Bildirim/1411178,tr,2025-03-25T10:07:10+00:00
2025-03-25,GRNYO,KAP,GARANTİ YATIRIM ORTAKLIĞI A.Ş. - Özel Durum Açıklaması (Genel),"Özel Durum Açıklaması (Genel) Paylarının BİAŞ'ta oluşan ağırlıklı ortalama fiyatının, pay başına net aktif değerinin 2 katını aşması hakkında.",https://www.kap.org.tr/tr/Bildirim/1411187,tr,2025-03-25T10:21:34+00:00
2025-03-25,GRTHO,KAP,GRAINTURK HOLDİNG A.Ş. - Payların Geri Alınmasına İlişkin Bildirim,Payların Geri Alınmasına İlişkin Bildirim Pay Geri Alımı 25.03.2025,https://www.kap.org.tr/tr/Bildirim/1411513,tr,2025-03-25T18:15:43+00:00
2025-03-25,GSDHO,KAP,GSD HOLDİNG A.Ş. - Özel Durum Açıklaması (Genel),Özel Durum Açıklaması (Genel) GSD Varlık Yönetim A.Ş.- İhale sonrası Devir ve Temlik İşlemlerinin tamamlanması hk.,https://www.kap.org.tr/tr/Bildirim/1411585,tr,2025-03-25T18:51:35+00:00
2025-03-25,GSDHO,KAP,GSD HOLDİNG A.Ş. - Genel Kurul İşlemlerine İlişkin Bildirim,Genel Kurul İşlemlerine İlişkin Bildirim 2024 Yılı İle İlgili Olağan Genel Kurul Toplantısı,https://www.kap.org.tr/tr/Bildirim/1411212,tr,2025-03-25T11:15:48+00:00
2025-03-25,HALKB,KAP,TÜRKİYE HALK BANKASI A.Ş. - Özel Durum Açıklaması (Genel),Özel Durum Açıklaması (Genel) Pay Geri Alım Programı Hakkında,https://www.kap.org.tr/tr/Bildirim/1411516,tr,2025-03-25T18:16:39+00:00
2025-03-25,HALKB,KAP,TÜRKİYE HALK BANKASI A.Ş. - Kar Payı Dağıtım İşlemlerine İlişkin Bildirim,Kar Payı Dağıtım İşlemlerine İlişkin Bildirim Kar Payı Dağıtımına İlişkin Yönetim Kurulu Kararı,https://www.kap.org.tr/tr/Bildirim/1411515,tr,2025-03-25T18:16:19+00:00
2025-03-25,HALKB,KAP,TÜRKİYE HALK BANKASI A.Ş. - Genel Kurul İşlemlerine İlişkin Bildirim,Genel Kurul İşlemlerine İlişkin Bildirim Olağan Genel Kurul Toplantı Çağrısı,https://www.kap.org.tr/tr/Bildirim/1411483,tr,2025-03-25T18:00:55+00:00
2025-03-25,HEDEF,KAP,HEDEF HOLDİNG A.Ş. - Özel Durum Açıklaması (Genel),Özel Durum Açıklaması (Genel) Colendi Menkul Değerler A.Ş. İlave Yatırımı hk. COL,https://www.kap.org.tr/tr/Bildirim/1411333,tr,2025-03-25T15:42:57+00:00
2025-03-25,HLVKS,KAP,HALK VARLIK KİRALAMA A.Ş. - Pay Dışında Sermaye Piyasası Aracı İşlemlerine İlişkin Bildirim (Faizsiz),Pay Dışında Sermaye Piyasası Aracı İşlemlerine İlişkin Bildirim (Faizsiz) Yurtiçi Kira Sertifikası İhracı Nitelikli Yatırımcıya Satışın Tamamlanması hk. PYCLL,https://www.kap.org.tr/tr/Bildirim/1411518,tr,2025-03-25T18:17:07+00:00
2025-03-25,HRKET,KAP,HAREKET PROJE TAŞIMACILIĞI VE YÜK MÜHENDİSLİĞİ A.Ş. - Halka Arz Fiyatının Belirlenmesinde Esas Alınan Varsayımlara İlişkin Değerlendirme Raporu,Halka Arz Fiyatının Belirlenmesinde Esas Alınan Varsayımlara İlişkin Değerlendirme Raporu Halka Arz Fiyatının Belirlenmesinde Esas Alınan Varsayımlara İlişkin Değerlendirme Raporu Hk.,https://www.kap.org.tr/tr/Bildirim/1411440,tr,2025-03-25T17:16:05+00:00
2025-03-25,HTTBT,KAP,HİTİT BİLGİSAYAR HİZMETLERİ A.Ş. - Kayıtlı Sermaye Tavanı İşlemlerine İlişkin Bildirim,Kayıtlı Sermaye Tavanı İşlemlerine İlişkin Bildirim Kayıtlı Sermaye Tavanı Artırımı ve Geçerlilik Süresi Uzatımı Genel Kurul Onayı,https://www.kap.org.tr/tr/Bildirim/1411437,tr,2025-03-25T17:12:11+00:00
2025-03-25,HTTBT,KAP,HİTİT BİLGİSAYAR HİZMETLERİ A.Ş. - Kar Payı Dağıtım İşlemlerine İlişkin Bildirim,Kar Payı Dağıtım İşlemlerine İlişkin Bildirim 2024 Yılı Olağan Genel Kurulu toplantısında onaylanan Kar Payı Dağıtım Kararı,https://www.kap.org.tr/tr/Bildirim/1411407,tr,2025-03-25T16:56:16+00:00
2025-03-25,HTTBT,KAP,HİTİT BİLGİSAYAR HİZMETLERİ A.Ş. - Bağımsız Denetim Kuruluşunun Belirlenmesi,Bağımsız Denetim Kuruluşunun Belirlenmesi Bağımsız Denetim Kuruluşunun Genel Kurul'ca onaylanması,https://www.kap.org.tr/tr/Bildirim/1411375,tr,2025-03-25T16:12:32+00:00
2025-03-25,HTTBT,KAP,HİTİT BİLGİSAYAR HİZMETLERİ A.Ş. - Genel Kurul İşlemlerine İlişkin Bildirim,Genel Kurul İşlemlerine İlişkin Bildirim 2024 Yılına ait Olağan Genel Kurul Sonucu,https://www.kap.org.tr/tr/Bildirim/1411362,tr,2025-03-25T15:57:43+00:00
2025-03-25,HUNER,KAP,HUN YENİLENEBİLİR ENERJİ ÜRETİM A.Ş. - Kar Payı Dağıtım İşlemlerine İlişkin Bildirim,Kar Payı Dağıtım İşlemlerine İlişkin Bildirim Hun Yenilenebilir Enerji Üretim A.Ş. 2024 Yılı Kar Dağıtım Teklifi Hk.,https://www.kap.org.tr/tr/Bildirim/1411614,tr,2025-03-25T18:57:24+00:00
2025-03-25,HUNER,KAP,HUN YENİLENEBİLİR ENERJİ ÜRETİM A.Ş. - Genel Kurul İşlemlerine İlişkin Bildirim,Genel Kurul İşlemlerine İlişkin Bildirim Hun Yenilenebilir Enerji Üretim A.Ş. 2024 Yılı Olağan Genel Kurul Daveti Hk.,https://www.kap.org.tr/tr/Bildirim/1411613,tr,2025-03-25T18:57:15+00:00
2025-03-25,HUZFA,KAP,HUZUR FAKTORİNG A.Ş. - Pay Dışında Sermaye Piyasası Aracı İşlemlerine İlişkin Bildirim (Faiz İçeren),Pay Dışında Sermaye Piyasası Aracı İşlemlerine İlişkin Bildirim (Faiz İçeren) TRFHZRF92511 ISIN KODLU BONONUN 2. KUPON ORANI BELİRLENMESİ,https://www.kap.org.tr/tr/Bildirim/1411396,tr,2025-03-25T16:39:48+00:00
2025-03-25,ICUGS,KAP,ICU GİRİŞİM SERMAYESİ YATIRIM ORTAKLIĞI A.Ş. - Payların Geri Alınmasına İlişkin Bildirim,Payların Geri Alınmasına İlişkin Bildirim Pay Geri Alım Programının Başlatılması Hakkında,https://www.kap.org.tr/tr/Bildirim/1411550,tr,2025-03-25T18:27:23+00:00
2025-03-25,IHLGM,KAP,İHLAS GAYRİMENKUL PROJE GELİŞTİRME VE TİCARET A.Ş. - Özel Durum Açıklaması (Genel),Özel Durum Açıklaması (Genel) Hasılat Paylaşım Sözleşmesi Hk.,https://www.kap.org.tr/tr/Bildirim/1411638,tr,2025-03-25T19:14:02+00:00
2025-03-25,INFO,KAP,İNFO YATIRIM MENKUL DEĞERLER A.Ş. - Likidite Sağlayıcılık Kapsamındaki İşlemler,Likidite Sağlayıcılık Kapsamındaki İşlemler TATEN Paylarında Likidite Sağlayıcılık Faaliyetleri Kapsamında Gerçekleştirilen İşlemler TATEN,https://www.kap.org.tr/tr/Bildirim/1411251,tr,2025-03-25T12:51:49+00:00
2025-03-25,INVES,KAP,INVESTCO HOLDİNG A.Ş. - Pay Alım Satım Bildirimi,Pay Alım Satım Bildirimi VERUS Pay Alım Bildirimi VERUS,https://www.kap.org.tr/tr/Bildirim/1411560,tr,2025-03-25T18:30:49+00:00
2025-03-25,INVES,KAP,INVESTCO HOLDİNG A.Ş. - Payların Geri Alınmasına İlişkin Bildirim,Payların Geri Alınmasına İlişkin Bildirim Pay Geri Alım İşlemleri Hk.,https://www.kap.org.tr/tr/Bildirim/1411559,tr,2025-03-25T18:30:27+00:00
2025-03-25,ISBIR,KAP,İŞBİR HOLDİNG A.Ş. - Özel Durum Açıklaması (Genel),Özel Durum Açıklaması (Genel) Genel Müdür Atanması Hakkında,https://www.kap.org.tr/tr/Bildirim/1411196,tr,2025-03-25T10:57:14+00:00
2025-03-25,ISFIN,KAP,İŞ FİNANSAL KİRALAMA A.Ş. - Şirket Genel Bilgi Formu,Şirket Genel Bilgi Formu,https://www.kap.org.tr/tr/Bildirim/1411578,tr,2025-03-25T18:44:34+00:00
2025-03-25,ISFIN,KAP,İŞ FİNANSAL KİRALAMA A.Ş. - Yönetim Kurulu Komiteleri,Yönetim Kurulu Komiteleri Yönetim Kurulu Üyeleri Arasında Görev Dağılımı,https://www.kap.org.tr/tr/Bildirim/1411573,tr,2025-03-25T18:37:55+00:00
2025-03-25,ISFIN,KAP,İŞ FİNANSAL KİRALAMA A.Ş. - Bağımsız Denetim Kuruluşunun Belirlenmesi,Bağımsız Denetim Kuruluşunun Belirlenmesi Bağımsız Denetim Kuruluşunun Belirlenmesi,https://www.kap.org.tr/tr/Bildirim/1411570,tr,2025-03-25T18:36:25+00:00
2025-03-25,ISFIN,KAP,İŞ FİNANSAL KİRALAMA A.Ş. - Kar Payı Dağıtım İşlemlerine İlişkin Bildirim,Kar Payı Dağıtım İşlemlerine İlişkin Bildirim İş Finansal Kiralama A.Ş. 2024 yılı Kar Dağıtımı Hakkında,https://www.kap.org.tr/tr/Bildirim/1411568,tr,2025-03-25T18:35:15+00:00
2025-03-25,ISFIN,KAP,İŞ FİNANSAL KİRALAMA A.Ş. - Genel Kurul İşlemlerine İlişkin Bildirim,Genel Kurul İşlemlerine İlişkin Bildirim 2024 yılı Olağan Genel Kurul Toplantısı Sonucu,https://www.kap.org.tr/tr/Bildirim/1411548,tr,2025-03-25T18:25:44+00:00
2025-03-25,ISGSY,KAP,İŞ GİRİŞİM SERMAYESİ YATIRIM ORTAKLIĞI A.Ş. - Şirket Genel Bilgi Formu,Şirket Genel Bilgi Formu,https://www.kap.org.tr/tr/Bildirim/1411489,tr,2025-03-25T18:08:12+00:00
2025-03-25,ISGSY,KAP,İŞ GİRİŞİM SERMAYESİ YATIRIM ORTAKLIĞI A.Ş. - Yönetim Kurulu Komiteleri,Yönetim Kurulu Komiteleri Yönetim Kurulu Komiteleri,https://www.kap.org.tr/tr/Bildirim/1411488,tr,2025-03-25T18:07:48+00:00
2025-03-25,ISGSY,KAP,İŞ GİRİŞİM SERMAYESİ YATIRIM ORTAKLIĞI A.Ş. - Özel Durum Açıklaması (Genel),Özel Durum Açıklaması (Genel) Yönetim Kurulu Görev Dağılımı,https://www.kap.org.tr/tr/Bildirim/1411486,tr,2025-03-25T18:07:24+00:00
2025-03-25,ISKPL,KAP,IŞIK PLASTİK SANAYİ VE DIŞ TİCARET PAZARLAMA A.Ş. - Katılım Finansı İlkeleri Bilgi Formu,Katılım Finansı İlkeleri Bilgi Formu,https://www.kap.org.tr/tr/Bildirim/1411735,tr,2025-03-25T20:49:22+00:00
2025-03-25,ISMEN,KAP,İŞ YATIRIM MENKUL DEĞERLER A.Ş. - Piyasa Yapıcılığı Kapsamında Gerçekleştirilen İşlemler Bildirimi,Piyasa Yapıcılığı Kapsamında Gerçekleştirilen İşlemler Bildirimi Borsa Yatırım Fonu Piyasa Yapıcılığı İşlemleri ISGLK,https://www.kap.org.tr/tr/Bildirim/1411248,tr,2025-03-25T12:33:55+00:00
2025-03-25,ISMEN,KAP,İŞ YATIRIM MENKUL DEĞERLER A.Ş. - Yatırım Kuruluşu Varant - Sertifika - Senetlerine İlişkin Bildirim,Yatırım Kuruluşu Varant - Sertifika - Senetlerine İlişkin Bildirim İş Yatırım Sertifika ve Varant Alım Satım İşlemleri,https://www.kap.org.tr/tr/Bildirim/1411246,tr,2025-03-25T12:33:27+00:00
2025-03-25,ISYAT,KAP,İŞ YATIRIM ORTAKLIĞI A.Ş. - Özel Durum Açıklaması (Genel),"Özel Durum Açıklaması (Genel) Ortaklık paylarının BİAŞ'ta oluşan ağırlıklı ortalama fiyatının, pay başına net aktif değerinin 2 katını aşması hakkında",https://www.kap.org.tr/tr/Bildirim/1411238,tr,2025-03-25T12:22:04+00:00
2025-03-25,IYF,KAP,İNFO YATIRIM MENKUL DEĞERLER A.Ş. - Likidite Sağlayıcılık Kapsamındaki İşlemler,Likidite Sağlayıcılık Kapsamındaki İşlemler TATEN Paylarında Likidite Sağlayıcılık Faaliyetleri Kapsamında Gerçekleştirilen İşlemler TATEN,https://www.kap.org.tr/tr/Bildirim/1411251,tr,2025-03-25T12:51:49+00:00
2025-03-25,IYM,KAP,İŞ YATIRIM MENKUL DEĞERLER A.Ş. - Piyasa Yapıcılığı Kapsamında Gerçekleştirilen İşlemler Bildirimi,Piyasa Yapıcılığı Kapsamında Gerçekleştirilen İşlemler Bildirimi Borsa Yatırım Fonu Piyasa Yapıcılığı İşlemleri ISGLK,https://www.kap.org.tr/tr/Bildirim/1411248,tr,2025-03-25T12:33:55+00:00
2025-03-25,IYM,KAP,İŞ YATIRIM MENKUL DEĞERLER A.Ş. - Yatırım Kuruluşu Varant - Sertifika - Senetlerine İlişkin Bildirim,Yatırım Kuruluşu Varant - Sertifika - Senetlerine İlişkin Bildirim İş Yatırım Sertifika ve Varant Alım Satım İşlemleri,https://www.kap.org.tr/tr/Bildirim/1411246,tr,2025-03-25T12:33:27+00:00
2025-03-25,KATMR,KAP,KATMERCİLER ARAÇ ÜSTÜ EKİPMAN SANAYİ VE TİCARET A.Ş. - Kar Dağıtım Politikası,Kar Dağıtım Politikası Kar Dağıtım Politikası,https://www.kap.org.tr/tr/Bildirim/1411524,tr,2025-03-25T18:18:34+00:00
2025-03-25,KCAER,KAP,KOCAER ÇELİK SANAYİ VE TİCARET A.Ş. - Bilgilendirme Politikası,Bilgilendirme Politikası Bilgilendirme Politikasının Güncellenmesi,https://www.kap.org.tr/tr/Bildirim/1411780,tr,2025-03-25T22:22:58+00:00
2025-03-25,KCAER,KAP,KOCAER ÇELİK SANAYİ VE TİCARET A.Ş. - Bağımsız Denetim Kuruluşunun Belirlenmesi,Bağımsız Denetim Kuruluşunun Belirlenmesi 2025 Yılı Bağımsız Denetim Şirketi Seçimi,https://www.kap.org.tr/tr/Bildirim/1411779,tr,2025-03-25T22:22:09+00:00
2025-03-25,KCAER,KAP,KOCAER ÇELİK SANAYİ VE TİCARET A.Ş. - Kar Payı Dağıtım İşlemlerine İlişkin Bildirim,Kar Payı Dağıtım İşlemlerine İlişkin Bildirim Kar Payı Dağıtımına İlişkin Yönetim Kurulu Kararı,https://www.kap.org.tr/tr/Bildirim/1411778,tr,2025-03-25T22:20:27+00:00
2025-03-25,KCAER,KAP,KOCAER ÇELİK SANAYİ VE TİCARET A.Ş. - Genel Kurul İşlemlerine İlişkin Bildirim,Genel Kurul İşlemlerine İlişkin Bildirim 2024 Yılı Olağan Genel Kurul Daveti,https://www.kap.org.tr/tr/Bildirim/1411777,tr,2025-03-25T22:14:38+00:00
2025-03-25,KCAER,KAP,KOCAER ÇELİK SANAYİ VE TİCARET A.Ş. - Kredi Derecelendirmesi,Kredi Derecelendirmesi JCR Kredi Derecelendirmesi,https://www.kap.org.tr/tr/Bildirim/1411564,tr,2025-03-25T18:33:24+00:00
2025-03-25,KGYO,KAP,KORAY GAYRİMENKUL YATIRIM ORTAKLIĞI A.Ş. - Kar Payı Dağıtım İşlemlerine İlişkin Bildirim,Kar Payı Dağıtım İşlemlerine İlişkin Bildirim Koray GYO A.Ş. 2024 Yılı Kar Dağıtımına İlişkin Yönetim Kurulu Kararı,https://www.kap.org.tr/tr/Bildirim/1411620,tr,2025-03-25T18:59:52+00:00
2025-03-25,KGYO,KAP,KORAY GAYRİMENKUL YATIRIM ORTAKLIĞI A.Ş. - Genel Kurul İşlemlerine İlişkin Bildirim,Genel Kurul İşlemlerine İlişkin Bildirim Koray GYO 2024 yılı Olağan Genel Kurul Toplantısı Daveti Hk.,https://www.kap.org.tr/tr/Bildirim/1411619,tr,2025-03-25T18:59:39+00:00
2025-03-25,KIMMR,KAP,ERSAN ALIŞVERİŞ HİZMETLERİ VE GIDA SANAYİ TİCARET A.Ş. - Şirket Genel Bilgi Formu,Şirket Genel Bilgi Formu,https://www.kap.org.tr/tr/Bildirim/1411287,tr,2025-03-25T14:22:53+00:00
2025-03-25,KLKIM,KAP,KALEKİM KİMYEVİ MADDELER SANAYİ VE TİCARET A.Ş. - Bağımsız Denetim Kuruluşunun Belirlenmesi,Bağımsız Denetim Kuruluşunun Belirlenmesi Bağımsız Denetim Kuruluşunun Belirlenmesi,https://www.kap.org.tr/tr/Bildirim/1411709,tr,2025-03-25T20:07:43+00:00
2025-03-25,KLSER,KAP,KALESERAMİK ÇANAKKALE KALEBODUR SERAMİK SANAYİ A.Ş. - Bağımsız Denetim Kuruluşunun Belirlenmesi,Bağımsız Denetim Kuruluşunun Belirlenmesi Bağımsız Denetim Kuruluşunun Belirlenmesi,https://www.kap.org.tr/tr/Bildirim/1411695,tr,2025-03-25T20:04:29+00:00
2025-03-25,KOCMT,KAP,KOÇ METALURJİ A.Ş. - Payların Geri Alınmasına İlişkin Bildirim,Payların Geri Alınmasına İlişkin Bildirim 25.03.2025 Tarihli Pay Geri Alım İşlemleri Hk.,https://www.kap.org.tr/tr/Bildirim/1411525,tr,2025-03-25T18:19:44+00:00
2025-03-25,KONTR,KAP,KONTROLMATİK TEKNOLOJİ ENERJİ VE MÜHENDİSLİK A.Ş. - Yeni İş İlişkisi,Yeni İş İlişkisi Yeni İş İlişkisi Kurulması,https://www.kap.org.tr/tr/Bildirim/1411438,tr,2025-03-25T17:13:10+00:00
2025-03-25,KOTON,KAP,KOTON MAĞAZACILIK TEKSTİL SANAYİ VE TİCARET A.Ş. - Halka Arz Fiyatının Belirlenmesinde Esas Alınan Varsayımlara İlişkin Değerlendirme Raporu,Halka Arz Fiyatının Belirlenmesinde Esas Alınan Varsayımlara İlişkin Değerlendirme Raporu Halka Arz Fiyatının Belirlenmesinde Esas Alınan Varsayımlara İlişkin Değerlendirme Raporu,https://www.kap.org.tr/tr/Bildirim/1411643,tr,2025-03-25T19:15:40+00:00
2025-03-25,KSTUR,KAP,KUŞTUR KUŞADASI TURİZM ENDÜSTRİSİ A.Ş. - Şirket Genel Bilgi Formu,Şirket Genel Bilgi Formu,https://www.kap.org.tr/tr/Bildirim/1411449,tr,2025-03-25T17:24:37+00:00
2025-03-25,KSTUR,KAP,KUŞTUR KUŞADASI TURİZM ENDÜSTRİSİ A.Ş. - Yönetim Kurulu Komiteleri,Yönetim Kurulu Komiteleri KUŞTUR KUŞADASI TURİZM ENDÜSTRİSİ A.Ş. YÖNETİM KURULU VE KOMİTELERİ,https://www.kap.org.tr/tr/Bildirim/1411436,tr,2025-03-25T17:12:05+00:00
2025-03-25,KSTUR,KAP,KUŞTUR KUŞADASI TURİZM ENDÜSTRİSİ A.Ş. - Bağımsız Denetim Kuruluşunun Belirlenmesi,Bağımsız Denetim Kuruluşunun Belirlenmesi BAĞIMSIZ DENETİM KURULUŞUNUN SEÇİMİNE İLİŞKİN YÖNETİM KURULU TEKLİFİNİN GENEL KURULDA ONAYI,https://www.kap.org.tr/tr/Bildirim/1411435,tr,2025-03-25T17:10:17+00:00
2025-03-25,KSTUR,KAP,KUŞTUR KUŞADASI TURİZM ENDÜSTRİSİ A.Ş. - Kar Payı Dağıtım İşlemlerine İlişkin Bildirim,Kar Payı Dağıtım İşlemlerine İlişkin Bildirim 25/03/2025 TARİHİNDE YAPILAN OLAĞAN GENEL KURULDA YÖNETİM KURULUNUN KAR DAĞITIM ÖNERİSİNİN ONAYLANMASI,https://www.kap.org.tr/tr/Bildirim/1411432,tr,2025-03-25T17:08:03+00:00
2025-03-25,KSTUR,KAP,KUŞTUR KUŞADASI TURİZM ENDÜSTRİSİ A.Ş. - Genel Kurul İşlemlerine İlişkin Bildirim,Genel Kurul İşlemlerine İlişkin Bildirim KUŞTUR A.Ş. 25/03/2025 TARİHİNDE YAPILAN OLAĞAN GENEL KURUL TOPLANTISI SONUÇLARI,https://www.kap.org.tr/tr/Bildirim/1411420,tr,2025-03-25T16:57:52+00:00
2025-03-25,KUVVA,KAP,KUVVA GIDA TİCARET VE SANAYİ YATIRIMLARI A.Ş. - Faaliyet Raporu (Konsolide),Faaliyet Raporu (Konsolide) 31.12.2024 Tarihli Yönetim Kurulu Faaliyet Raporu,https://www.kap.org.tr/tr/Bildirim/1411541,tr,2025-03-25T18:23:48+00:00
2025-03-25,KUVVA,KAP,KUVVA GIDA TİCARET VE SANAYİ YATIRIMLARI A.Ş. - Sorumluluk Beyanı (Konsolide),Sorumluluk Beyanı (Konsolide) 01.01.2024-31.12.2024 Sorumluluk beyanı,https://www.kap.org.tr/tr/Bildirim/1411538,tr,2025-03-25T18:23:10+00:00
2025-03-25,KUVVA,KAP,KUVVA GIDA TİCARET VE SANAYİ YATIRIMLARI A.Ş. - Finansal Rapor,Finansal Rapor,https://www.kap.org.tr/tr/Bildirim/1411534,tr,2025-03-25T18:22:29+00:00
2025-03-25,KUYAS,KAP,KUYAŞ YATIRIM A.Ş. - Özel Durum Açıklaması (Genel),Özel Durum Açıklaması (Genel) Maden Hakında,https://www.kap.org.tr/tr/Bildirim/1411163,tr,2025-03-25T09:38:01+00:00
2025-03-25,LKMNH,KAP,LOKMAN HEKİM ENGÜRÜSAĞ SAĞLIK TURİZM EĞİTİM HİZMETLERİ VE İNŞAAT TAAHHÜT A.Ş. - Payların Geri Alınmasına İlişkin Bildirim,Payların Geri Alınmasına İlişkin Bildirim Hisse Geri Alımı,https://www.kap.org.tr/tr/Bildirim/1411703,tr,2025-03-25T20:06:02+00:00
2025-03-25,LYDHO,KAP,LYDİA HOLDİNG A.Ş. - Kar Payı Dağıtım İşlemlerine İlişkin Bildirim,Kar Payı Dağıtım İşlemlerine İlişkin Bildirim Kar Dağıtım Tablosu,https://www.kap.org.tr/tr/Bildirim/1411455,tr,2025-03-25T17:33:29+00:00
2025-03-25,LYDHO,KAP,LYDİA HOLDİNG A.Ş. - Genel Kurul İşlemlerine İlişkin Bildirim,Genel Kurul İşlemlerine İlişkin Bildirim Genel Kurul Toplantısına Davet,https://www.kap.org.tr/tr/Bildirim/1411453,tr,2025-03-25T17:33:15+00:00
2025-03-25,LYDYE,KAP,LYDİA YEŞİL ENERJİ KAYNAKLARI A.Ş. - Kar Payı Dağıtım İşlemlerine İlişkin Bildirim,Kar Payı Dağıtım İşlemlerine İlişkin Bildirim Kar Dağıtım Tablosu,https://www.kap.org.tr/tr/Bildirim/1411458,tr,2025-03-25T17:37:48+00:00
2025-03-25,LYDYE,KAP,LYDİA YEŞİL ENERJİ KAYNAKLARI A.Ş. - Genel Kurul İşlemlerine İlişkin Bildirim,Genel Kurul İşlemlerine İlişkin Bildirim Genel Kurul Toplantı Daveti,https://www.kap.org.tr/tr/Bildirim/1411457,tr,2025-03-25T17:37:29+00:00
2025-03-25,MAALT,KAP,MARMARİS ALTINYUNUS TURİSTİK TESİSLER A.Ş. - Şirket Genel Bilgi Formu,Şirket Genel Bilgi Formu,https://www.kap.org.tr/tr/Bildirim/1411788,tr,2025-03-25T22:37:51+00:00
2025-03-25,MGROS,KAP,MİGROS TİCARET A.Ş. - Pay Dışında Sermaye Piyasası Aracı İşlemlerine İlişkin Bildirim (Faiz İçeren),Pay Dışında Sermaye Piyasası Aracı İşlemlerine İlişkin Bildirim (Faiz İçeren) TRSMGTI62517 ISIN Kodlu Tahvilin 7. Kupon Faiz Ödemesi,https://www.kap.org.tr/tr/Bildirim/1411680,tr,2025-03-25T19:56:53+00:00
2025-03-25,MIATK,KAP,MİA TEKNOLOJİ A.Ş. - Yeni İş İlişkisi,Yeni İş İlişkisi Güvenlik Teknolojileri Alanında Yeni İş İlişkisi,https://www.kap.org.tr/tr/Bildirim/1411161,tr,2025-03-25T09:34:59+00:00
2025-03-25,MIATK,KAP,MİA TEKNOLOJİ A.Ş. - Özel Durum Açıklaması (Genel),Özel Durum Açıklaması (Genel) TRİPY MOBILITY A.Ş?den Dinamik Fiyatlandırma ve Talep Yönetim Sistemi (MDFTYS) Projesi,https://www.kap.org.tr/tr/Bildirim/1411151,tr,2025-03-25T09:27:07+00:00
2025-03-25,MIATK,KAP,MİA TEKNOLOJİ A.Ş. - Özel Durum Açıklaması (Genel),Özel Durum Açıklaması (Genel) TRİPY MOBILITY A.Ş?den Mikromobilite Dengeleme ve Talep Yönetim Sistemi (MTDTYS) Projesi,https://www.kap.org.tr/tr/Bildirim/1411150,tr,2025-03-25T09:25:17+00:00
2025-03-25,MIATK,KAP,MİA TEKNOLOJİ A.Ş. - Özel Durum Açıklaması (Genel),Özel Durum Açıklaması (Genel) Bağımsız Yönetim Kurulu Üye Adaylarının SPK Tarafından Onaylanması,https://www.kap.org.tr/tr/Bildirim/1411137,tr,2025-03-25T08:59:43+00:00
2025-03-25,MOGAN,KAP,MOGAN ENERJİ YATIRIM HOLDİNG A.Ş. - Halka Arz Fiyatının Belirlenmesinde Esas Alınan Varsayımlara İlişkin Değerlendirme Raporu,Halka Arz Fiyatının Belirlenmesinde Esas Alınan Varsayımlara İlişkin Değerlendirme Raporu Halka Arz Fiyatının Belirlenmesinde Esas Alınan Varsayımlara İlişkin Değerlendirme Raporu hk.,https://www.kap.org.tr/tr/Bildirim/1411635,tr,2025-03-25T19:13:03+00:00
2025-03-25,MPARK,KAP,MLP SAĞLIK HİZMETLERİ A.Ş. - Şirket Genel Bilgi Formu,Şirket Genel Bilgi Formu,https://www.kap.org.tr/tr/Bildirim/1411317,tr,2025-03-25T15:15:41+00:00
2025-03-25,MRBAS,KAP,MARBAŞ MENKUL DEĞERLER A.Ş. - Özel Durum Açıklaması (Genel),Özel Durum Açıklaması (Genel) İç Kaynaklardan Bedelsiz Sermaye Artırımı Tescil Hakkında,https://www.kap.org.tr/tr/Bildirim/1411507,tr,2025-03-25T18:14:37+00:00
2025-03-25,MRS,KAP,MARBAŞ MENKUL DEĞERLER A.Ş. - Özel Durum Açıklaması (Genel),Özel Durum Açıklaması (Genel) İç Kaynaklardan Bedelsiz Sermaye Artırımı Tescil Hakkında,https://www.kap.org.tr/tr/Bildirim/1411507,tr,2025-03-25T18:14:37+00:00
2025-03-25,NIBAS,KAP,NİĞBAŞ NİĞDE BETON SANAYİ VE TİCARET A.Ş. - Genel Kurul İşlemlerine İlişkin Bildirim,Genel Kurul İşlemlerine İlişkin Bildirim 2024 Yılı Olağan Genel Kurul Toplantı Çağrısı,https://www.kap.org.tr/tr/Bildirim/1411364,tr,2025-03-25T16:02:55+00:00
2025-03-25,NIBAS,KAP,NİĞBAŞ NİĞDE BETON SANAYİ VE TİCARET A.Ş. - Kar Payı Dağıtım İşlemlerine İlişkin Bildirim,Kar Payı Dağıtım İşlemlerine İlişkin Bildirim 2024 Yılı Kâr Payı Dağıtımına İlişkin Yönetim Kurulu Kararı,https://www.kap.org.tr/tr/Bildirim/1411314,tr,2025-03-25T15:09:05+00:00
2025-03-25,NTHOL,KAP,NET HOLDİNG A.Ş. - Payların Geri Alınmasına İlişkin Bildirim,Payların Geri Alınmasına İlişkin Bildirim Şirketimizin kendi paylarının geri alımı hakkında,https://www.kap.org.tr/tr/Bildirim/1411557,tr,2025-03-25T18:29:39+00:00
2025-03-25,OFSYM,KAP,OFİS YEM GIDA SANAYİ TİCARET A.Ş. - Payların Geri Alınmasına İlişkin Bildirim,Payların Geri Alınmasına İlişkin Bildirim Payların Geri Alınmasına İlişkin Bildirim,https://www.kap.org.tr/tr/Bildirim/1411276,tr,2025-03-25T13:54:18+00:00
2025-03-25,ONCSM,KAP,ONCOSEM ONKOLOJİK SİSTEMLER SANAYİ VE TİCARET A.Ş. - Bağımsız Denetim Kuruluşunun Belirlenmesi,Bağımsız Denetim Kuruluşunun Belirlenmesi 2025 Yılı Faaliyet Dönemi Bağımsız Denetim Şirketi Seçiminin Tescili,https://www.kap.org.tr/tr/Bildirim/1411479,tr,2025-03-25T17:59:49+00:00
2025-03-25,ONCSM,KAP,ONCOSEM ONKOLOJİK SİSTEMLER SANAYİ VE TİCARET A.Ş. - Şirket Genel Bilgi Formu,Şirket Genel Bilgi Formu,https://www.kap.org.tr/tr/Bildirim/1411472,tr,2025-03-25T17:55:16+00:00
2025-03-25,ONCSM,KAP,ONCOSEM ONKOLOJİK SİSTEMLER SANAYİ VE TİCARET A.Ş. - Genel Kurul İşlemlerine İlişkin Bildirim,Genel Kurul İşlemlerine İlişkin Bildirim 2024 Olağan Genel Kurul Toplantısı Tescili,https://www.kap.org.tr/tr/Bildirim/1411452,tr,2025-03-25T17:32:11+00:00
2025-03-25,OYA,KAP,OYAK YATIRIM MENKUL DEĞERLER A.Ş. - Piyasa Yapıcılığı Kapsamında Gerçekleştirilen İşlemler Bildirimi,Piyasa Yapıcılığı Kapsamında Gerçekleştirilen İşlemler Bildirimi 25/03/2025 TARİHLİ OYAYO PİYASA YAPICILIĞI İŞLEMLERİ OYAYO,https://www.kap.org.tr/tr/Bildirim/1411562,tr,2025-03-25T18:32:33+00:00
2025-03-25,OYAYO,KAP,OYAK YATIRIM ORTAKLIĞI A.Ş. - Şirket Genel Bilgi Formu,Şirket Genel Bilgi Formu,https://www.kap.org.tr/tr/Bildirim/1411523,tr,2025-03-25T18:18:28+00:00
2025-03-25,OYAYO,KAP,OYAK YATIRIM ORTAKLIĞI A.Ş. - Yönetim Kurulu Komiteleri,Yönetim Kurulu Komiteleri Yönetim Kurulu Komite Seçimi,https://www.kap.org.tr/tr/Bildirim/1411522,tr,2025-03-25T18:18:19+00:00
2025-03-25,OYAYO,KAP,OYAK YATIRIM ORTAKLIĞI A.Ş. - Özel Durum Açıklaması (Genel),Özel Durum Açıklaması (Genel) Yönetim Kurulu Üyeleri görev dağılımı hk.,https://www.kap.org.tr/tr/Bildirim/1411521,tr,2025-03-25T18:18:07+00:00
2025-03-25,OYAYO,KAP,OYAK YATIRIM ORTAKLIĞI A.Ş. - Kar Payı Dağıtım İşlemlerine İlişkin Bildirim,Kar Payı Dağıtım İşlemlerine İlişkin Bildirim 2024 Olağan Genel Kurul Toplantısı Kar Dağıtım Sonucu,https://www.kap.org.tr/tr/Bildirim/1411519,tr,2025-03-25T18:17:53+00:00
2025-03-25,OYAYO,KAP,OYAK YATIRIM ORTAKLIĞI A.Ş. - Bağımsız Denetim Kuruluşunun Belirlenmesi,Bağımsız Denetim Kuruluşunun Belirlenmesi 2025 Yılı Bağımsız Denetim Şirketi Seçimi,https://www.kap.org.tr/tr/Bildirim/1411505,tr,2025-03-25T18:13:13+00:00
2025-03-25,OYAYO,KAP,OYAK YATIRIM ORTAKLIĞI A.Ş. - Genel Kurul İşlemlerine İlişkin Bildirim,Genel Kurul İşlemlerine İlişkin Bildirim OYAK Yatırım Ortaklığı A.Ş 2024 Yılı Olağan Genel Kurul Toplantı Sonucu Hk.,https://www.kap.org.tr/tr/Bildirim/1411501,tr,2025-03-25T18:12:37+00:00
2025-03-25,OYAYO,KAP,OYAK YATIRIM ORTAKLIĞI A.Ş. - Özel Durum Açıklaması (Genel),"Özel Durum Açıklaması (Genel) Ortaklık paylarının BİAŞ'ta oluşan ağırlıklı ortalama fiyatının, pay başına net aktif değerinin 2 katını aşması hakkında",https://www.kap.org.tr/tr/Bildirim/1411225,tr,2025-03-25T12:05:49+00:00
2025-03-25,OYYAT,KAP,OYAK YATIRIM MENKUL DEĞERLER A.Ş. - Piyasa Yapıcılığı Kapsamında Gerçekleştirilen İşlemler Bildirimi,Piyasa Yapıcılığı Kapsamında Gerçekleştirilen İşlemler Bildirimi 25/03/2025 TARİHLİ OYAYO PİYASA YAPICILIĞI İŞLEMLERİ OYAYO,https://www.kap.org.tr/tr/Bildirim/1411562,tr,2025-03-25T18:32:33+00:00
2025-03-25,OZGYO,KAP,ÖZDERİCİ GAYRİMENKUL YATIRIM ORTAKLIĞI A.Ş. - Payların Geri Alınmasına İlişkin Bildirim,Payların Geri Alınmasına İlişkin Bildirim Payların Geri Alınmasına İlişkin Bildirim,https://www.kap.org.tr/tr/Bildirim/1411424,tr,2025-03-25T16:59:54+00:00
2025-03-25,PAPIL,KAP,PAPİLON SAVUNMA TEKNOLOJİ VE TİCARET A.Ş. - Kayıtlı Sermaye Tavanı İşlemlerine İlişkin Bildirim,Kayıtlı Sermaye Tavanı İşlemlerine İlişkin Bildirim Kayıtlı Sermaye Tavanı Arttırımı ve Geçerlilik Süresi Uzatılması İçin T.C. Ticaret Bakanlığı'na Başvuru Yapılması,https://www.kap.org.tr/tr/Bildirim/1411223,tr,2025-03-25T11:58:23+00:00
2025-03-25,PBT,KAP,PASHA YATIRIM BANKASI A.Ş. - Genel Kurul Bildirimi,Genel Kurul Bildirimi 2024 Yılı Olağan Genel Kurul Toplantısı Tescili Hakkında,https://www.kap.org.tr/tr/Bildirim/1411294,tr,2025-03-25T14:31:22+00:00
2025-03-25,PBTR,KAP,PASHA YATIRIM BANKASI A.Ş. - Genel Kurul Bildirimi,Genel Kurul Bildirimi 2024 Yılı Olağan Genel Kurul Toplantısı Tescili Hakkında,https://www.kap.org.tr/tr/Bildirim/1411294,tr,2025-03-25T14:31:22+00:00
2025-03-25,PCILT,KAP,PC İLETİŞİM VE MEDYA HİZMETLERİ SANAYİ TİCARET A.Ş. - Payların Geri Alınmasına İlişkin Bildirim,Payların Geri Alınmasına İlişkin Bildirim 25.03.2025 Tarihli Pay Geri Alım İşlemleri,https://www.kap.org.tr/tr/Bildirim/1411624,tr,2025-03-25T19:01:50+00:00
2025-03-25,PCILT,KAP,PC İLETİŞİM VE MEDYA HİZMETLERİ SANAYİ TİCARET A.Ş. - Katılım Finansı İlkeleri Bilgi Formu,Katılım Finansı İlkeleri Bilgi Formu,https://www.kap.org.tr/tr/Bildirim/1411089,tr,2025-03-25T00:29:51+00:00
2025-03-25,PETUN,KAP,PINAR ENTEGRE ET VE UN SANAYİİ A.Ş. - Bağımsız Denetim Kuruluşunun Belirlenmesi,Bağımsız Denetim Kuruluşunun Belirlenmesi Bağımsız Denetim Kuruluşunun Belirlenmesi,https://www.kap.org.tr/tr/Bildirim/1411274,tr,2025-03-25T13:50:26+00:00
2025-03-25,PINSU,KAP,PINAR SU VE İÇECEK SANAYİ VE TİCARET A.Ş. - Bağımsız Denetim Kuruluşunun Belirlenmesi,Bağımsız Denetim Kuruluşunun Belirlenmesi Bağımsız Denetim Kuruluşunun Belirlenmesi,https://www.kap.org.tr/tr/Bildirim/1411288,tr,2025-03-25T14:23:29+00:00
2025-03-25,PNSUT,KAP,PINAR SÜT MAMÜLLERİ SANAYİİ A.Ş. - Bağımsız Denetim Kuruluşunun Belirlenmesi,Bağımsız Denetim Kuruluşunun Belirlenmesi Bağımsız Denetim Kuruluşunun Belirlenmesi,https://www.kap.org.tr/tr/Bildirim/1411284,tr,2025-03-25T14:12:30+00:00
2025-03-25,PRKME,KAP,PARK ELEKTRİK ÜRETİM MADENCİLİK SANAYİ VE TİCARET A.Ş. - Payların Geri Alınmasına İlişkin Bildirim,Payların Geri Alınmasına İlişkin Bildirim 24 Mart 2025 tarihli pay geri alım işlemlerine ilişkin tutar düzeltmesi,https://www.kap.org.tr/tr/Bildirim/1411177,tr,2025-03-25T10:06:02+00:00
2025-03-25,QFINF,KAP,Q FİNANS FAKTORİNG A.Ş. - Sorumluluk Beyanı (Konsolide Olmayan),Sorumluluk Beyanı (Konsolide Olmayan) 31.12.2024 Sorumluluk Beyanı,https://www.kap.org.tr/tr/Bildirim/1411629,tr,2025-03-25T19:07:00+00:00
2025-03-25,QFINF,KAP,Q FİNANS FAKTORİNG A.Ş. - Faaliyet Raporu (Konsolide Olmayan),Faaliyet Raporu (Konsolide Olmayan) 31.12.2024 Yönetim Kurulu Faaliyet Raporu,https://www.kap.org.tr/tr/Bildirim/1411628,tr,2025-03-25T19:06:41+00:00
2025-03-25,QFINF,KAP,Q FİNANS FAKTORİNG A.Ş. - Finansal Rapor,Finansal Rapor,https://www.kap.org.tr/tr/Bildirim/1411627,tr,2025-03-25T19:06:21+00:00
2025-03-25,QNBFF,KAP,QNB FAKTORİNG A.Ş. - Pay Dışında Sermaye Piyasası Aracı İşlemlerine İlişkin Bildirim (Faiz İçeren),Pay Dışında Sermaye Piyasası Aracı İşlemlerine İlişkin Bildirim (Faiz İçeren) TRFFINF32540 ISIN nolu finansman bonosunun itfası gerçekleşmiştir.,https://www.kap.org.tr/tr/Bildirim/1411180,tr,2025-03-25T10:09:27+00:00
2025-03-25,QNBFK,KAP,QNB FİNANSAL KİRALAMA A.Ş. - Bağımsız Denetim Kuruluşunun Belirlenmesi,Bağımsız Denetim Kuruluşunun Belirlenmesi Bağımsız Denetim Kuruluşunun belirlenmesine ilişkin yönetim kurulu kararı,https://www.kap.org.tr/tr/Bildirim/1411211,tr,2025-03-25T11:15:07+00:00
2025-03-25,QNBTR,KAP,QNB BANK A.Ş. - Pay Dışında Sermaye Piyasası Aracı İşlemlerine İlişkin Bildirim (Faiz İçeren),Pay Dışında Sermaye Piyasası Aracı İşlemlerine İlişkin Bildirim (Faiz İçeren) MTN programı kapsamında yurtdışında ihraç edilen borçlanma aracının ihracı,https://www.kap.org.tr/tr/Bildirim/1411255,tr,2025-03-25T13:01:41+00:00
2025-03-25,QYATB,KAP,Q YATIRIM BANKASI A.Ş. - Genel Kurul Bildirimi,Genel Kurul Bildirimi 2024 Faaliyet Yılı Olağan Genel Kurul Toplantısı,https://www.kap.org.tr/tr/Bildirim/1411363,tr,2025-03-25T16:01:05+00:00
2025-03-25,QYHOL,KAP,Q YATIRIM HOLDİNG A.Ş. - Pay Dışında Sermaye Piyasası Aracı İşlemlerine İlişkin Bildirim (Faiz İçeren),Pay Dışında Sermaye Piyasası Aracı İşlemlerine İlişkin Bildirim (Faiz İçeren) 25.03.2026 vadeli tahvil ihracı,https://www.kap.org.tr/tr/Bildirim/1411293,tr,2025-03-25T14:30:10+00:00
2025-03-25,REEDR,KAP,REEDER TEKNOLOJİ SANAYİ VE TİCARET A.Ş. - Halka Arz Fiyatının Belirlenmesinde Esas Alınan Varsayımlara İlişkin Değerlendirme Raporu,Halka Arz Fiyatının Belirlenmesinde Esas Alınan Varsayımlara İlişkin Değerlendirme Raporu Halka Arz Fiyatının Belirlenmesinde Esas Alınan Varsayımlara İlişkin Değerlendirme Raporu Hk.,https://www.kap.org.tr/tr/Bildirim/1411626,tr,2025-03-25T19:05:40+00:00
2025-03-25,REEDR,KAP,REEDER TEKNOLOJİ SANAYİ VE TİCARET A.Ş. - Payların Geri Alınmasına İlişkin Bildirim,Payların Geri Alınmasına İlişkin Bildirim 25.03.2025 Tarihli Pay Geri Alım İşlemleri,https://www.kap.org.tr/tr/Bildirim/1411203,tr,2025-03-25T11:00:06+00:00
2025-03-25,SAHOL,KAP,HACI ÖMER SABANCI HOLDİNG A.Ş. - Özel Durum Açıklaması (Genel),Özel Durum Açıklaması (Genel) Yönetim Kurulu Başkanlığı'nda Meydana Gelecek Görev Değişimi,https://www.kap.org.tr/tr/Bildirim/1411134,tr,2025-03-25T08:12:12+00:00
2025-03-25,SAMAT,KAP,SARAY MATBAACILIK KAĞITÇILIK KIRTASİYECİLİK TİCARET VE SANAYİ A.Ş. - Sermaye Artırımı - Azaltımı İşlemlerine İlişkin Bildirim,Sermaye Artırımı - Azaltımı İşlemlerine İlişkin Bildirim Bedelsiz Sermaye Artırımı Hakkında,https://www.kap.org.tr/tr/Bildirim/1411127,tr,2025-03-25T01:22:31+00:00
2025-03-25,SANFM,KAP,SANİFOAM ENDÜSTRİ VE TÜKETİM ÜRÜNLERİ SANAYİ TİCARET A.Ş. - Kayıtlı Sermaye Tavanı İşlemlerine İlişkin Bildirim,Kayıtlı Sermaye Tavanı İşlemlerine İlişkin Bildirim Kayıtlı Sermaye Tavanı İşlemleri SPK Onayı,https://www.kap.org.tr/tr/Bildirim/1411254,tr,2025-03-25T12:57:29+00:00
2025-03-25,SISE,KAP,TÜRKİYE ŞİŞE VE CAM FABRİKALARI A.Ş. - Şirket Genel Bilgi Formu,Şirket Genel Bilgi Formu,https://www.kap.org.tr/tr/Bildirim/1411719,tr,2025-03-25T20:25:47+00:00
2025-03-25,SISE,KAP,TÜRKİYE ŞİŞE VE CAM FABRİKALARI A.Ş. - Yönetim Kurulu Komiteleri,Yönetim Kurulu Komiteleri Yönetim Kurulu Komiteleri Görev Dağılımı,https://www.kap.org.tr/tr/Bildirim/1411672,tr,2025-03-25T19:44:29+00:00
2025-03-25,SISE,KAP,TÜRKİYE ŞİŞE VE CAM FABRİKALARI A.Ş. - Bağımsız Denetim Kuruluşunun Belirlenmesi,Bağımsız Denetim Kuruluşunun Belirlenmesi Bağımsız Denetim Kuruluşunun Seçimi hk.,https://www.kap.org.tr/tr/Bildirim/1411670,tr,2025-03-25T19:40:39+00:00
2025-03-25,SISE,KAP,TÜRKİYE ŞİŞE VE CAM FABRİKALARI A.Ş. - Özel Durum Açıklaması (Genel),Özel Durum Açıklaması (Genel) Yönetim Kurulu Görev Dağılımı,https://www.kap.org.tr/tr/Bildirim/1411666,tr,2025-03-25T19:39:05+00:00
2025-03-25,SISE,KAP,TÜRKİYE ŞİŞE VE CAM FABRİKALARI A.Ş. - Kayıtlı Sermaye Tavanı İşlemlerine İlişkin Bildirim,Kayıtlı Sermaye Tavanı İşlemlerine İlişkin Bildirim Kayıtlı Sermaye Tavanı Hk.,https://www.kap.org.tr/tr/Bildirim/1411661,tr,2025-03-25T19:35:23+00:00
2025-03-25,SISE,KAP,TÜRKİYE ŞİŞE VE CAM FABRİKALARI A.Ş. - Kar Payı Dağıtım İşlemlerine İlişkin Bildirim,Kar Payı Dağıtım İşlemlerine İlişkin Bildirim Kar Payı Dağıtım İşlemlerine İlişkin Bildirim,https://www.kap.org.tr/tr/Bildirim/1411658,tr,2025-03-25T19:28:30+00:00
2025-03-25,SISE,KAP,TÜRKİYE ŞİŞE VE CAM FABRİKALARI A.Ş. - Genel Kurul İşlemlerine İlişkin Bildirim,Genel Kurul İşlemlerine İlişkin Bildirim 2024 Yılı Olağan Genel Kurul Toplantı Sonucu,https://www.kap.org.tr/tr/Bildirim/1411646,tr,2025-03-25T19:17:36+00:00
2025-03-25,SKYLP,KAP,SKYALP FİNANSAL TEKNOLOJİLER VE DANIŞMANLIK A.Ş. - Sermaye Artırımı - Azaltımı İşlemlerine İlişkin Bildirim,Sermaye Artırımı - Azaltımı İşlemlerine İlişkin Bildirim Bedelsiz sermaye artışına izin alınması için Sermaye Piyasası Kurulu'na başvuru yapılması hk.,https://www.kap.org.tr/tr/Bildirim/1411215,tr,2025-03-25T11:22:18+00:00
2025-03-25,SMRFA,KAP,SÜMER FAKTORİNG A.Ş. - Pay Dışında Sermaye Piyasası Aracı İşlemlerine İlişkin Bildirim (Faiz İçeren),Pay Dışında Sermaye Piyasası Aracı İşlemlerine İlişkin Bildirim (Faiz İçeren) TRSSUMF32519 ISIN Kodlu Özel Sektör Tahvilinin 4. Kuponu ve Ana Parasının Ödenmesi Hakkında,https://www.kap.org.tr/tr/Bildirim/1411224,tr,2025-03-25T12:02:44+00:00
2025-03-25,SNGYO,KAP,SİNPAŞ GAYRİMENKUL YATIRIM ORTAKLIĞI A.Ş. - Şirket Genel Bilgi Formu,Şirket Genel Bilgi Formu,https://www.kap.org.tr/tr/Bildirim/1411308,tr,2025-03-25T14:48:51+00:00
2025-03-25,SOKE,KAP,SÖKE DEĞİRMENCİLİK SANAYİ VE TİCARET A.Ş. - Genel Kurul İşlemlerine İlişkin Bildirim,Genel Kurul İşlemlerine İlişkin Bildirim 2024 Yılına Ait Olağan Genel Kurul Toplantı Çağrısı,https://www.kap.org.tr/tr/Bildirim/1411451,tr,2025-03-25T17:29:04+00:00
2025-03-25,SRVGY,KAP,SERVET GAYRİMENKUL YATIRIM ORTAKLIĞI A.Ş. - Şirket Genel Bilgi Formu,Şirket Genel Bilgi Formu,https://www.kap.org.tr/tr/Bildirim/1411247,tr,2025-03-25T12:33:33+00:00
2025-03-25,SURGY,KAP,SUR TATİL EVLERİ GAYRİMENKUL YATIRIM ORTAKLIĞI A.Ş. - Payların Geri Alınmasına İlişkin Bildirim,Payların Geri Alınmasına İlişkin Bildirim Payların Geri Alınmasına İlişkin Bildirim,https://www.kap.org.tr/tr/Bildirim/1411503,tr,2025-03-25T18:12:58+00:00
2025-03-25,SUWEN,KAP,SUWEN TEKSTİL SANAYİ PAZARLAMA A.Ş. - Bağımsız Denetim Kuruluşunun Belirlenmesi,Bağımsız Denetim Kuruluşunun Belirlenmesi Sürdürülebilirlik Güvence Denetimini Yapmak Üzere Bağımsız Denetim Şirketi Seçimi hk.,https://www.kap.org.tr/tr/Bildirim/1411563,tr,2025-03-25T18:33:16+00:00
2025-03-25,TAMFA,KAP,TAM FİNANS FAKTORİNG A.Ş. - İhraç Tavanına İlişkin Bildirim,İhraç Tavanına İlişkin Bildirim Sermaye Piyasası Aracına İlişkin yapılan SPK Başvurusu,https://www.kap.org.tr/tr/Bildirim/1411465,tr,2025-03-25T17:43:39+00:00
2025-03-25,TAMFA,KAP,TAM FİNANS FAKTORİNG A.Ş. - İhraç Tavanına İlişkin Bildirim,İhraç Tavanına İlişkin Bildirim Sermaye Piyasası Aracına İlişkin yapılan SPK Başvurusu için alınan Yönetim Kurulu Kararı,https://www.kap.org.tr/tr/Bildirim/1411297,tr,2025-03-25T14:33:43+00:00
2025-03-25,TERA,KAP,TERA YATIRIM MENKUL DEĞERLER A.Ş. - Payların Geri Alınmasına İlişkin Bildirim,Payların Geri Alınmasına İlişkin Bildirim 25.03.2025 Tarihli Pay Geri Alım İşlemleri,https://www.kap.org.tr/tr/Bildirim/1411742,tr,2025-03-25T20:54:08+00:00
2025-03-25,THL,KAP,TÜRKİYE HALK BANKASI A.Ş. - Özel Durum Açıklaması (Genel),Özel Durum Açıklaması (Genel) Pay Geri Alım Programı Hakkında,https://www.kap.org.tr/tr/Bildirim/1411516,tr,2025-03-25T18:16:39+00:00
2025-03-25,THL,KAP,TÜRKİYE HALK BANKASI A.Ş. - Kar Payı Dağıtım İşlemlerine İlişkin Bildirim,Kar Payı Dağıtım İşlemlerine İlişkin Bildirim Kar Payı Dağıtımına İlişkin Yönetim Kurulu Kararı,https://www.kap.org.tr/tr/Bildirim/1411515,tr,2025-03-25T18:16:19+00:00
2025-03-25,THL,KAP,TÜRKİYE HALK BANKASI A.Ş. - Genel Kurul İşlemlerine İlişkin Bildirim,Genel Kurul İşlemlerine İlişkin Bildirim Olağan Genel Kurul Toplantı Çağrısı,https://www.kap.org.tr/tr/Bildirim/1411483,tr,2025-03-25T18:00:55+00:00
2025-03-25,THR,KAP,TÜRKİYE İHRACAT KREDİ BANKASI A.Ş. - Pay Dışında Sermaye Piyasası Aracı İşlemlerine İlişkin Bildirim (Faiz İçeren),Pay Dışında Sermaye Piyasası Aracı İşlemlerine İlişkin Bildirim (Faiz İçeren) GMTN programı çerçevesinde yurt dışında borçlanma aracı ihracı,https://www.kap.org.tr/tr/Bildirim/1411376,tr,2025-03-25T16:12:56+00:00
2025-03-25,THR,KAP,TÜRKİYE İHRACAT KREDİ BANKASI A.Ş. - Pay Dışında Sermaye Piyasası Aracı İşlemlerine İlişkin Bildirim (Faiz İçeren),Pay Dışında Sermaye Piyasası Aracı İşlemlerine İlişkin Bildirim (Faiz İçeren) GMTN programı çerçevesinde yurt dışında borçlanma aracı ihracı,https://www.kap.org.tr/tr/Bildirim/1411371,tr,2025-03-25T16:08:53+00:00
2025-03-25,TMPOL,KAP,TEMAPOL POLİMER PLASTİK VE İNŞAAT SANAYİ TİCARET A.Ş. - İlişkili Taraf İşlemleri,İlişkili Taraf İşlemleri Yaygın ve Süreklilik Arz Eden İşlemlere İlişkin Yönetim Kurulu Kararı,https://www.kap.org.tr/tr/Bildirim/1411296,tr,2025-03-25T14:33:11+00:00
2025-03-25,TOASO,KAP,TOFAŞ TÜRK OTOMOBİL FABRİKASI A.Ş. - Şirket Genel Bilgi Formu,Şirket Genel Bilgi Formu,https://www.kap.org.tr/tr/Bildirim/1411682,tr,2025-03-25T19:59:39+00:00
2025-03-25,TOASO,KAP,TOFAŞ TÜRK OTOMOBİL FABRİKASI A.Ş. - Özel Durum Açıklaması (Genel),Özel Durum Açıklaması (Genel) Güncellenen Kâr Dağıtım Politikasının Genel Kurul Tarafından Onaylanması,https://www.kap.org.tr/tr/Bildirim/1411681,tr,2025-03-25T19:57:00+00:00
2025-03-25,TOASO,KAP,TOFAŞ TÜRK OTOMOBİL FABRİKASI A.Ş. - Bağımsız Denetim Kuruluşunun Belirlenmesi,Bağımsız Denetim Kuruluşunun Belirlenmesi Bağımsız Denetim Kuruluşu seçiminin Genel Kurul'ca onaylanması.,https://www.kap.org.tr/tr/Bildirim/1411679,tr,2025-03-25T19:56:44+00:00
2025-03-25,TOASO,KAP,TOFAŞ TÜRK OTOMOBİL FABRİKASI A.Ş. - Kayıtlı Sermaye Tavanı İşlemlerine İlişkin Bildirim,Kayıtlı Sermaye Tavanı İşlemlerine İlişkin Bildirim Kayıtlı Sermaye Tavanının Artırılması ve Geçerlilik Süresinin Uzatılması Amaçlı Esas Sözleşme Değişikliğine İlişkin Genel Kurul Onayı,https://www.kap.org.tr/tr/Bildirim/1411678,tr,2025-03-25T19:56:29+00:00
2025-03-25,TOASO,KAP,TOFAŞ TÜRK OTOMOBİL FABRİKASI A.Ş. - Kar Payı Dağıtım İşlemlerine İlişkin Bildirim,Kar Payı Dağıtım İşlemlerine İlişkin Bildirim Olağan Genel Kurul Kar Dağıtım Sonucu,https://www.kap.org.tr/tr/Bildirim/1411677,tr,2025-03-25T19:56:10+00:00
2025-03-25,TOASO,KAP,TOFAŞ TÜRK OTOMOBİL FABRİKASI A.Ş. - Genel Kurul İşlemlerine İlişkin Bildirim,Genel Kurul İşlemlerine İlişkin Bildirim Olağan Genel Kurul Toplantısı,https://www.kap.org.tr/tr/Bildirim/1411645,tr,2025-03-25T19:16:45+00:00
2025-03-25,TRA,KAP,TERA YATIRIM MENKUL DEĞERLER A.Ş. - Payların Geri Alınmasına İlişkin Bildirim,Payların Geri Alınmasına İlişkin Bildirim 25.03.2025 Tarihli Pay Geri Alım İşlemleri,https://www.kap.org.tr/tr/Bildirim/1411742,tr,2025-03-25T20:54:08+00:00
2025-03-25,TRCAS,KAP,TURCAS PETROL A.Ş. - Yönetim Kurulu Komiteleri,Yönetim Kurulu Komiteleri Komite üyelikleri hakkında,https://www.kap.org.tr/tr/Bildirim/1411331,tr,2025-03-25T15:42:42+00:00
2025-03-25,TRENJ,KAP,İPEK DOĞAL ENERJİ KAYNAKLARI ARAŞTIRMA VE ÜRETİM A.Ş. - Sürdürülebilirlik Uyum Raporu,Sürdürülebilirlik Uyum Raporu 2024 Yılı Sürdürülebilirlik Uyum Raporu,https://www.kap.org.tr/tr/Bildirim/1411597,tr,2025-03-25T18:52:50+00:00
2025-03-25,TRENJ,KAP,İPEK DOĞAL ENERJİ KAYNAKLARI ARAŞTIRMA VE ÜRETİM A.Ş. - Kurumsal Yönetim Uyum Raporu,Kurumsal Yönetim Uyum Raporu 2024 YILI KURUMSAL YÖNETİM UYUM RAPORU,https://www.kap.org.tr/tr/Bildirim/1411594,tr,2025-03-25T18:52:34+00:00
2025-03-25,TRENJ,KAP,İPEK DOĞAL ENERJİ KAYNAKLARI ARAŞTIRMA VE ÜRETİM A.Ş. - Kurumsal Yönetim Bilgi Formu,Kurumsal Yönetim Bilgi Formu 2024 YILI KURUMSAL YÖNETİM BİLGİ FORMU,https://www.kap.org.tr/tr/Bildirim/1411591,tr,2025-03-25T18:52:13+00:00
2025-03-25,TRENJ,KAP,İPEK DOĞAL ENERJİ KAYNAKLARI ARAŞTIRMA VE ÜRETİM A.Ş. - Sorumluluk Beyanı (Konsolide),Sorumluluk Beyanı (Konsolide) Sorumluluk Beyanı 31.12.2024,https://www.kap.org.tr/tr/Bildirim/1411584,tr,2025-03-25T18:51:16+00:00
2025-03-25,TRENJ,KAP,İPEK DOĞAL ENERJİ KAYNAKLARI ARAŞTIRMA VE ÜRETİM A.Ş. - Faaliyet Raporu (Konsolide),Faaliyet Raporu (Konsolide) Yönetim Kurulu Faaliyet Raporu 31.12.2024,https://www.kap.org.tr/tr/Bildirim/1411582,tr,2025-03-25T18:50:53+00:00
2025-03-25,TRENJ,KAP,İPEK DOĞAL ENERJİ KAYNAKLARI ARAŞTIRMA VE ÜRETİM A.Ş. - Finansal Rapor,Finansal Rapor,https://www.kap.org.tr/tr/Bildirim/1411580,tr,2025-03-25T18:50:01+00:00
2025-03-25,TRHOL,KAP,DAGİ YATIRIM HOLDİNG A.Ş. - Payların Geri Alınmasına İlişkin Bildirim,Payların Geri Alınmasına İlişkin Bildirim 25.03.2025 Tarihli Pay Geri Alım İşlemleri,https://www.kap.org.tr/tr/Bildirim/1411741,tr,2025-03-25T20:53:21+00:00
2025-03-25,TRMET,KAP,KOZA ANADOLU METAL MADENCİLİK İŞLETMELERİ A.Ş. - Sürdürülebilirlik Uyum Raporu,Sürdürülebilirlik Uyum Raporu 2024 Yılı Sürdürülebilirlik Uyum Raporu,https://www.kap.org.tr/tr/Bildirim/1411612,tr,2025-03-25T18:56:24+00:00
2025-03-25,TRMET,KAP,KOZA ANADOLU METAL MADENCİLİK İŞLETMELERİ A.Ş. - Kurumsal Yönetim Bilgi Formu,Kurumsal Yönetim Bilgi Formu 2024 YILI KURUMSAL YÖNETİM BİLGİ FORMU,https://www.kap.org.tr/tr/Bildirim/1411611,tr,2025-03-25T18:56:06+00:00
2025-03-25,TRMET,KAP,KOZA ANADOLU METAL MADENCİLİK İŞLETMELERİ A.Ş. - Kurumsal Yönetim Uyum Raporu,Kurumsal Yönetim Uyum Raporu 2024 YILI KURUMSAL YÖNETİM UYUM RAPORU,https://www.kap.org.tr/tr/Bildirim/1411610,tr,2025-03-25T18:55:17+00:00
2025-03-25,TRMET,KAP,KOZA ANADOLU METAL MADENCİLİK İŞLETMELERİ A.Ş. - Sorumluluk Beyanı (Konsolide),Sorumluluk Beyanı (Konsolide) Sorumluluk Beyanı 31.12.2024,https://www.kap.org.tr/tr/Bildirim/1411609,tr,2025-03-25T18:54:59+00:00
2025-03-25,TRMET,KAP,KOZA ANADOLU METAL MADENCİLİK İŞLETMELERİ A.Ş. - Faaliyet Raporu (Konsolide),Faaliyet Raporu (Konsolide) Yönetim Kurulu Faaliyet Raporu 31.12.2024,https://www.kap.org.tr/tr/Bildirim/1411607,tr,2025-03-25T18:54:37+00:00
2025-03-25,TRMET,KAP,KOZA ANADOLU METAL MADENCİLİK İŞLETMELERİ A.Ş. - Finansal Rapor,Finansal Rapor,https://www.kap.org.tr/tr/Bildirim/1411605,tr,2025-03-25T18:53:42+00:00
2025-03-25,TSK,KAP,TÜRKİYE SINAİ KALKINMA BANKASI A.Ş. - Özel Durum Açıklaması (Genel),Özel Durum Açıklaması (Genel) Yönetim Kurulu Görev Dağılımı,https://www.kap.org.tr/tr/Bildirim/1411531,tr,2025-03-25T18:21:30+00:00
2025-03-25,TSKB,KAP,TÜRKİYE SINAİ KALKINMA BANKASI A.Ş. - Özel Durum Açıklaması (Genel),Özel Durum Açıklaması (Genel) Yönetim Kurulu Görev Dağılımı,https://www.kap.org.tr/tr/Bildirim/1411531,tr,2025-03-25T18:21:30+00:00
2025-03-25,TSPOR,KAP,TRABZONSPOR SPORTİF YATIRIM VE FUTBOL İŞLETMECİLİĞİ TİCARET A.Ş. - Katılım Finansı İlkeleri Bilgi Formu,Katılım Finansı İlkeleri Bilgi Formu,https://www.kap.org.tr/tr/Bildirim/1411128,tr,2025-03-25T01:37:05+00:00
2025-03-25,TTRAK,KAP,TÜRK TRAKTÖR VE ZİRAAT MAKİNELERİ A.Ş. - Şirket Genel Bilgi Formu,Şirket Genel Bilgi Formu,https://www.kap.org.tr/tr/Bildirim/1411618,tr,2025-03-25T18:59:06+00:00
2025-03-25,TURSG,KAP,TÜRKİYE SİGORTA A.Ş. - Sermaye Artırımı - Azaltımı İşlemlerine İlişkin Bildirim,Sermaye Artırımı - Azaltımı İşlemlerine İlişkin Bildirim Bedelsiz Sermaye Artırımına İlişkin Yönetim Kurulu Kararı,https://www.kap.org.tr/tr/Bildirim/1411170,tr,2025-03-25T09:50:47+00:00
2025-03-25,TURSG,KAP,TÜRKİYE SİGORTA A.Ş. - Bağımsız Denetim Kuruluşunun Belirlenmesi,Bağımsız Denetim Kuruluşunun Belirlenmesi Bağımsız Denetim Kuruluşunun Belirlenmesi,https://www.kap.org.tr/tr/Bildirim/1411138,tr,2025-03-25T09:00:00+00:00
2025-03-25,TURSG,KAP,TÜRKİYE SİGORTA A.Ş. - Kar Payı Dağıtım İşlemlerine İlişkin Bildirim,Kar Payı Dağıtım İşlemlerine İlişkin Bildirim 01.01.2024-31.12.2024 dönemine ait Kâr Payı dağıtımı,https://www.kap.org.tr/tr/Bildirim/1411136,tr,2025-03-25T08:55:31+00:00
2025-03-25,TURSG,KAP,TÜRKİYE SİGORTA A.Ş. - Genel Kurul İşlemlerine İlişkin Bildirim,Genel Kurul İşlemlerine İlişkin Bildirim Türkiye Sigorta AŞ 2024 Olağan Genel Kurul Toplantı Çağrısı ve Gündemi,https://www.kap.org.tr/tr/Bildirim/1411135,tr,2025-03-25T08:51:30+00:00
2025-03-25,TVB,KAP,TÜRKİYE VAKIFLAR BANKASI T.A.O. - Özel Durum Açıklaması (Genel),Özel Durum Açıklaması (Genel) Genel Kurul Bilgisine Sunulacak 2024 Yılına Ait Yardım ve Bağışlar,https://www.kap.org.tr/tr/Bildirim/1411482,tr,2025-03-25T18:00:27+00:00
2025-03-25,TVB,KAP,TÜRKİYE VAKIFLAR BANKASI T.A.O. - Kar Payı Dağıtım İşlemlerine İlişkin Bildirim,Kar Payı Dağıtım İşlemlerine İlişkin Bildirim Kâr Dağıtım Tablosu,https://www.kap.org.tr/tr/Bildirim/1411481,tr,2025-03-25T18:00:14+00:00
2025-03-25,TVB,KAP,TÜRKİYE VAKIFLAR BANKASI T.A.O. - Genel Kurul İşlemlerine İlişkin Bildirim,Genel Kurul İşlemlerine İlişkin Bildirim Türkiye Vakıflar Bankası T.A.O. Olağan Genel Kurul Toplantı Çağrısı ve Gündemi Hakkında,https://www.kap.org.tr/tr/Bildirim/1411480,tr,2025-03-25T18:00:04+00:00
2025-03-25,TVB,KAP,TÜRKİYE VAKIFLAR BANKASI T.A.O. - Pay Dışında Sermaye Piyasası Aracı İşlemlerine İlişkin Bildirim (Faiz İçeren),Pay Dışında Sermaye Piyasası Aracı İşlemlerine İlişkin Bildirim (Faiz İçeren) GMTN Programı Çerçevesinde Türkiye Dışında Sürdürülebilir Borçlanma Aracı İhracı SPK Onayı,https://www.kap.org.tr/tr/Bildirim/1411327,tr,2025-03-25T15:38:27+00:00
2025-03-25,UFUK,KAP,UFUK YATIRIM YÖNETİM VE GAYRİMENKUL A.Ş. - Kar Payı Dağıtım İşlemlerine İlişkin Bildirim,Kar Payı Dağıtım İşlemlerine İlişkin Bildirim Kar Dağıtım Tablosu,https://www.kap.org.tr/tr/Bildirim/1411461,tr,2025-03-25T17:42:59+00:00
2025-03-25,UFUK,KAP,UFUK YATIRIM YÖNETİM VE GAYRİMENKUL A.Ş. - Genel Kurul İşlemlerine İlişkin Bildirim,Genel Kurul İşlemlerine İlişkin Bildirim Genel Kurul Toplantı Daveti,https://www.kap.org.tr/tr/Bildirim/1411459,tr,2025-03-25T17:42:40+00:00
2025-03-25,ULUSE,KAP,ULUSOY ELEKTRİK İMALAT TAAHHÜT VE TİCARET A.Ş. - Sürdürülebilirlik Uyum Raporu,Sürdürülebilirlik Uyum Raporu Sürdürülebilirlik İlkeleri Uyum Raporu,https://www.kap.org.tr/tr/Bildirim/1411546,tr,2025-03-25T18:25:37+00:00
2025-03-25,ULUSE,KAP,ULUSOY ELEKTRİK İMALAT TAAHHÜT VE TİCARET A.Ş. - Kurumsal Yönetim Bilgi Formu,Kurumsal Yönetim Bilgi Formu Kurumsal Yönetim Bilgi Formu,https://www.kap.org.tr/tr/Bildirim/1411537,tr,2025-03-25T18:23:06+00:00
2025-03-25,ULUSE,KAP,ULUSOY ELEKTRİK İMALAT TAAHHÜT VE TİCARET A.Ş. - Kurumsal Yönetim Uyum Raporu,Kurumsal Yönetim Uyum Raporu Kurumsal Yönetim Uyum Raporu,https://www.kap.org.tr/tr/Bildirim/1411533,tr,2025-03-25T18:22:04+00:00
2025-03-25,ULUSE,KAP,ULUSOY ELEKTRİK İMALAT TAAHHÜT VE TİCARET A.Ş. - Sorumluluk Beyanı (Konsolide),Sorumluluk Beyanı (Konsolide) Sorumluluk Beyanı,https://www.kap.org.tr/tr/Bildirim/1411528,tr,2025-03-25T18:20:46+00:00
2025-03-25,ULUSE,KAP,ULUSOY ELEKTRİK İMALAT TAAHHÜT VE TİCARET A.Ş. - Faaliyet Raporu (Konsolide),Faaliyet Raporu (Konsolide) Faaliyet Raporu,https://www.kap.org.tr/tr/Bildirim/1411527,tr,2025-03-25T18:20:31+00:00
2025-03-25,ULUSE,KAP,ULUSOY ELEKTRİK İMALAT TAAHHÜT VE TİCARET A.Ş. - Finansal Rapor,Finansal Rapor,https://www.kap.org.tr/tr/Bildirim/1411526,tr,2025-03-25T18:20:15+00:00
2025-03-25,UNLU,KAP,ÜNLÜ YATIRIM HOLDİNG A.Ş. - Payların Geri Alınmasına İlişkin Bildirim,Payların Geri Alınmasına İlişkin Bildirim 25.03.2025 Tarihli Pay Geri Alım İşlemleri,https://www.kap.org.tr/tr/Bildirim/1411569,tr,2025-03-25T18:35:41+00:00
2025-03-25,VAKBN,KAP,TÜRKİYE VAKIFLAR BANKASI T.A.O. - Özel Durum Açıklaması (Genel),Özel Durum Açıklaması (Genel) Genel Kurul Bilgisine Sunulacak 2024 Yılına Ait Yardım ve Bağışlar,https://www.kap.org.tr/tr/Bildirim/1411482,tr,2025-03-25T18:00:27+00:00
2025-03-25,VAKBN,KAP,TÜRKİYE VAKIFLAR BANKASI T.A.O. - Kar Payı Dağıtım İşlemlerine İlişkin Bildirim,Kar Payı Dağıtım İşlemlerine İlişkin Bildirim Kâr Dağıtım Tablosu,https://www.kap.org.tr/tr/Bildirim/1411481,tr,2025-03-25T18:00:14+00:00
2025-03-25,VAKBN,KAP,TÜRKİYE VAKIFLAR BANKASI T.A.O. - Genel Kurul İşlemlerine İlişkin Bildirim,Genel Kurul İşlemlerine İlişkin Bildirim Türkiye Vakıflar Bankası T.A.O. Olağan Genel Kurul Toplantı Çağrısı ve Gündemi Hakkında,https://www.kap.org.tr/tr/Bildirim/1411480,tr,2025-03-25T18:00:04+00:00
2025-03-25,VAKBN,KAP,TÜRKİYE VAKIFLAR BANKASI T.A.O. - Pay Dışında Sermaye Piyasası Aracı İşlemlerine İlişkin Bildirim (Faiz İçeren),Pay Dışında Sermaye Piyasası Aracı İşlemlerine İlişkin Bildirim (Faiz İçeren) GMTN Programı Çerçevesinde Türkiye Dışında Sürdürülebilir Borçlanma Aracı İhracı SPK Onayı,https://www.kap.org.tr/tr/Bildirim/1411327,tr,2025-03-25T15:38:27+00:00
2025-03-25,VESTL,KAP,VESTEL ELEKTRONİK SANAYİ VE TİCARET A.Ş. - Özel Durum Açıklaması (Genel),Özel Durum Açıklaması (Genel) Sharp Corporation ile Mevcut İş Birliğinin Uzatılması,https://www.kap.org.tr/tr/Bildirim/1411450,tr,2025-03-25T17:25:59+00:00
2025-03-25,VKFYO,KAP,VAKIF MENKUL KIYMET YATIRIM ORTAKLIĞI A.Ş. - Özel Durum Açıklaması (Genel),"Özel Durum Açıklaması (Genel) Şirketimizin BİAŞ'da oluşan ağırlıklı ortalama fiyatın, pay başına net aktif değerin 2 katını aşması sebebiyle yapılan açıklamadır",https://www.kap.org.tr/tr/Bildirim/1411397,tr,2025-03-25T16:40:08+00:00
2025-03-25,VKGYO,KAP,VAKIF GAYRİMENKUL YATIRIM ORTAKLIĞI A.Ş. - Değerleme Raporu,Değerleme Raporu Gebze 6365 Ada 14 ve 15 Parsel Yıl İçi Değerleme Raporları,https://www.kap.org.tr/tr/Bildirim/1411360,tr,2025-03-25T15:55:29+00:00
2025-03-25,VKING,KAP,VİKİNG KAĞIT VE SELÜLOZ A.Ş. - Bağımsız Denetim Kuruluşunun Belirlenmesi,Bağımsız Denetim Kuruluşunun Belirlenmesi Bağımsız Denetim Kuruluşunun Belirlenmesi,https://www.kap.org.tr/tr/Bildirim/1411282,tr,2025-03-25T14:07:45+00:00
2025-03-25,YBQ,KAP,Q YATIRIM BANKASI A.Ş. - Genel Kurul Bildirimi,Genel Kurul Bildirimi 2024 Faaliyet Yılı Olağan Genel Kurul Toplantısı,https://www.kap.org.tr/tr/Bildirim/1411363,tr,2025-03-25T16:01:05+00:00
2025-03-25,YKB,KAP,YAPI VE KREDİ BANKASI A.Ş. - Pay Dışında Sermaye Piyasası Aracı İşlemlerine İlişkin Bildirim (Faiz İçeren),Pay Dışında Sermaye Piyasası Aracı İşlemlerine İlişkin Bildirim (Faiz İçeren) Özkaynak hesaplamasına dahil edilebilir nitelikte yurtiçinde ihraç edilen borçlanma aracının kupon oranı,https://www.kap.org.tr/tr/Bildirim/1411415,tr,2025-03-25T16:57:26+00:00
2025-03-25,YKBNK,KAP,YAPI VE KREDİ BANKASI A.Ş. - Pay Dışında Sermaye Piyasası Aracı İşlemlerine İlişkin Bildirim (Faiz İçeren),Pay Dışında Sermaye Piyasası Aracı İşlemlerine İlişkin Bildirim (Faiz İçeren) Özkaynak hesaplamasına dahil edilebilir nitelikte yurtiçinde ihraç edilen borçlanma aracının kupon oranı,https://www.kap.org.tr/tr/Bildirim/1411415,tr,2025-03-25T16:57:26+00:00
2025-03-25,YKR,KAP,YAPI KREDİ YATIRIM MENKUL DEĞERLER A.Ş. - Kredi Derecelendirmesi,Kredi Derecelendirmesi Fitch Ratings kredi derecelendirme notları hakkında,https://www.kap.org.tr/tr/Bildirim/1411456,tr,2025-03-25T17:34:02+00:00
2025-03-25,YKR,KAP,YAPI KREDİ YATIRIM MENKUL DEĞERLER A.Ş. - Şirket Genel Bilgi Formu,Şirket Genel Bilgi Formu,https://www.kap.org.tr/tr/Bildirim/1411454,tr,2025-03-25T17:33:25+00:00
2025-03-25,YKYAT,KAP,YAPI KREDİ YATIRIM MENKUL DEĞERLER A.Ş. - Kredi Derecelendirmesi,Kredi Derecelendirmesi Fitch Ratings kredi derecelendirme notları hakkında,https://www.kap.org.tr/tr/Bildirim/1411456,tr,2025-03-25T17:34:02+00:00
2025-03-25,YKYAT,KAP,YAPI KREDİ YATIRIM MENKUL DEĞERLER A.Ş. - Şirket Genel Bilgi Formu,Şirket Genel Bilgi Formu,https://www.kap.org.tr/tr/Bildirim/1411454,tr,2025-03-25T17:33:25+00:00
2025-03-25,YYLGD,KAP,YAYLA AGRO GIDA SANAYİ VE TİCARET A.Ş. - Payların Geri Alınmasına İlişkin Bildirim,Payların Geri Alınmasına İlişkin Bildirim Payların Geri Alınmasına İlişkin Bildirim,https://www.kap.org.tr/tr/Bildirim/1411510,tr,2025-03-25T18:15:11+00:00
2025-03-25,ZKBVR,KAP,ZKB VARLIK KİRALAMA A.Ş. - Pay Dışında Sermaye Piyasası Aracı İşlemlerine İlişkin Bildirim (Faizsiz),Pay Dışında Sermaye Piyasası Aracı İşlemlerine İlişkin Bildirim (Faizsiz) TRDZKBVA2513 ISIN Kodlu Yeşil Kira Sertifikasının 1. Kupon ödemesi GSMTK,https://www.kap.org.tr/tr/Bildirim/1411221,tr,2025-03-25T11:47:06+00:00
2025-03-26,A1YEN,KAP,KARTAL YENİLENEBİLİR ENERJİ ÜRETİM A.Ş. - Kar Payı Dağıtım İşlemlerine İlişkin Bildirim,Kar Payı Dağıtım İşlemlerine İlişkin Bildirim Yönetim Kurulu'nun Kar Payı Dağıtılmamasına İlişkin Teklifi,https://www.kap.org.tr/tr/Bildirim/1412347,tr,2025-03-26T18:11:00+00:00
2025-03-26,A1YEN,KAP,KARTAL YENİLENEBİLİR ENERJİ ÜRETİM A.Ş. - Genel Kurul İşlemlerine İlişkin Bildirim,Genel Kurul İşlemlerine İlişkin Bildirim 2024 Yılı Olağan Genel Kurulu Daveti,https://www.kap.org.tr/tr/Bildirim/1412343,tr,2025-03-26T18:10:31+00:00
2025-03-26,ADEL,KAP,ADEL KALEMCİLİK TİCARET VE SANAYİ A.Ş. - Özel Durum Açıklaması (Genel),Özel Durum Açıklaması (Genel) Üst Yönetim Değişikliği,https://www.kap.org.tr/tr/Bildirim/1412351,tr,2025-03-26T18:11:10+00:00
2025-03-26,AFB,KAP,AKTİF YATIRIM BANKASI A.Ş. - Genel Kurul Bildirimi,Genel Kurul Bildirimi Olağan Genel Kurul Toplantısı Hk.,https://www.kap.org.tr/tr/Bildirim/1412268,tr,2025-03-26T17:55:51+00:00
2025-03-26,AGESA,KAP,AGESA HAYAT VE EMEKLİLİK A.Ş. - Özel Durum Açıklaması (Genel),Özel Durum Açıklaması (Genel) Sağlık Sigortası Branşı Ruhsat Başvurusu,https://www.kap.org.tr/tr/Bildirim/1412501,tr,2025-03-26T19:50:43+00:00
2025-03-26,AGESA,KAP,AGESA HAYAT VE EMEKLİLİK A.Ş. - Pay Alım Satım Bildirimi,Pay Alım Satım Bildirimi Emeklilik yatırım fonlarımızın KARDEMİR KARABÜK DEMİR ÇELİK SANAYİ VE TİCARET A.Ş. (KRDMD) sermayesindeki sahip olduğu paylar KRDMD,https://www.kap.org.tr/tr/Bildirim/1412499,tr,2025-03-26T19:47:25+00:00
2025-03-26,AGESA,KAP,AGESA HAYAT VE EMEKLİLİK A.Ş. - Genel Kurul İşlemlerine İlişkin Bildirim,Genel Kurul İşlemlerine İlişkin Bildirim 19 Mart 2025 tarihli 2024 yılı Olağan Genel Kurulu'nun Tescil ve İlanı,https://www.kap.org.tr/tr/Bildirim/1412138,tr,2025-03-26T16:44:35+00:00
2025-03-26,AGESA,KAP,AGESA HAYAT VE EMEKLİLİK A.Ş. - Bağımsız Denetim Kuruluşunun Belirlenmesi,Bağımsız Denetim Kuruluşunun Belirlenmesi 2025 yılı bağımsız denetim kuruluşu seçimi hk.,https://www.kap.org.tr/tr/Bildirim/1412137,tr,2025-03-26T16:43:31+00:00
2025-03-26,AGROT,KAP,AGROTECH YÜKSEK TEKNOLOJİ VE YATIRIM A.Ş. - Özel Durum Açıklaması (Genel),Özel Durum Açıklaması (Genel) 26.03.2025 Tarihli Pay Geri Alımı,https://www.kap.org.tr/tr/Bildirim/1412087,tr,2025-03-26T15:55:44+00:00
2025-03-26,AGROT,KAP,AGROTECH YÜKSEK TEKNOLOJİ VE YATIRIM A.Ş. - Özel Durum Açıklaması (Genel),Özel Durum Açıklaması (Genel) Pay Geri Alım Programının Başlatılması Hk.,https://www.kap.org.tr/tr/Bildirim/1411991,tr,2025-03-26T14:48:34+00:00
2025-03-26,AHGAZ,KAP,AHLATCI DOĞAL GAZ DAĞITIM ENERJİ VE YATIRIM A.Ş. - Payların Geri Alınmasına İlişkin Bildirim,Payların Geri Alınmasına İlişkin Bildirim 26.03.2025 Tarihli Pay Geri Alım İşlemleri,https://www.kap.org.tr/tr/Bildirim/1412445,tr,2025-03-26T18:30:27+00:00
2025-03-26,AHGAZ,KAP,AHLATCI DOĞAL GAZ DAĞITIM ENERJİ VE YATIRIM A.Ş. - Özel Durum Açıklaması (Genel),Özel Durum Açıklaması (Genel) Dolaylı Bağlı Ortaklığımız Ahlatcı Altın İşletmeleri A.Ş. Hk.,https://www.kap.org.tr/tr/Bildirim/1411965,tr,2025-03-26T13:59:48+00:00
2025-03-26,AKDFA,KAP,AKDENİZ FAKTORİNG A.Ş. - Pay Dışında Sermaye Piyasası Aracı İşlemlerine İlişkin Bildirim (Faiz İçeren),Pay Dışında Sermaye Piyasası Aracı İşlemlerine İlişkin Bildirim (Faiz İçeren) TRFAKDN62523 ISIN ihracın kupon ödemesi hk,https://www.kap.org.tr/tr/Bildirim/1411847,tr,2025-03-26T08:46:11+00:00
2025-03-26,AKM,KAP,AK YATIRIM MENKUL DEĞERLER A.Ş. - Pay Dışında Sermaye Piyasası Aracı İşlemlerine İlişkin Bildirim (Faiz İçeren),Pay Dışında Sermaye Piyasası Aracı İşlemlerine İlişkin Bildirim (Faiz İçeren) Nitelikli Yatırımcıya Borçlanma Aracı İhracı,https://www.kap.org.tr/tr/Bildirim/1411887,tr,2025-03-26T10:30:44+00:00
2025-03-26,AKM,KAP,AK YATIRIM MENKUL DEĞERLER A.Ş. - Şirket Genel Bilgi Formu,Şirket Genel Bilgi Formu,https://www.kap.org.tr/tr/Bildirim/1411862,tr,2025-03-26T09:41:39+00:00
2025-03-26,AKMEN,KAP,AK YATIRIM MENKUL DEĞERLER A.Ş. - Pay Dışında Sermaye Piyasası Aracı İşlemlerine İlişkin Bildirim (Faiz İçeren),Pay Dışında Sermaye Piyasası Aracı İşlemlerine İlişkin Bildirim (Faiz İçeren) Nitelikli Yatırımcıya Borçlanma Aracı İhracı,https://www.kap.org.tr/tr/Bildirim/1411887,tr,2025-03-26T10:30:44+00:00
2025-03-26,AKMEN,KAP,AK YATIRIM MENKUL DEĞERLER A.Ş. - Şirket Genel Bilgi Formu,Şirket Genel Bilgi Formu,https://www.kap.org.tr/tr/Bildirim/1411862,tr,2025-03-26T09:41:39+00:00
2025-03-26,AKTIF,KAP,AKTİF YATIRIM BANKASI A.Ş. - Genel Kurul Bildirimi,Genel Kurul Bildirimi Olağan Genel Kurul Toplantısı Hk.,https://www.kap.org.tr/tr/Bildirim/1412268,tr,2025-03-26T17:55:51+00:00
2025-03-26,ALARK,KAP,ALARKO HOLDİNG A.Ş. - Payların Geri Alınmasına İlişkin Bildirim,Payların Geri Alınmasına İlişkin Bildirim Pay Geri Alım İşlemleri,https://www.kap.org.tr/tr/Bildirim/1412412,tr,2025-03-26T18:23:03+00:00
2025-03-26,ALBRK,KAP,ALBARAKA TÜRK KATILIM BANKASI A.Ş. - Kar Payı Dağıtım İşlemlerine İlişkin Bildirim,Kar Payı Dağıtım İşlemlerine İlişkin Bildirim Kâr Payı Dağıtımına İlişkin Genel Kurul Kararı,https://www.kap.org.tr/tr/Bildirim/1412191,tr,2025-03-26T17:15:32+00:00
2025-03-26,ALBRK,KAP,ALBARAKA TÜRK KATILIM BANKASI A.Ş. - Bağımsız Denetim Kuruluşunun Belirlenmesi,Bağımsız Denetim Kuruluşunun Belirlenmesi Bağımsız Denetim Kuruluşunun Seçimine İlişkin Genel Kurul Kararı,https://www.kap.org.tr/tr/Bildirim/1412126,tr,2025-03-26T16:38:40+00:00
2025-03-26,ALBRK,KAP,ALBARAKA TÜRK KATILIM BANKASI A.Ş. - Genel Kurul İşlemlerine İlişkin Bildirim,Genel Kurul İşlemlerine İlişkin Bildirim 2024 Yılı Olağan Genel Kurul Toplantısı Sonucu,https://www.kap.org.tr/tr/Bildirim/1412125,tr,2025-03-26T16:36:42+00:00
2025-03-26,ALFAS,KAP,ALFA SOLAR ENERJİ SANAYİ VE TİCARET A.Ş. - Özel Durum Açıklaması (Genel),Özel Durum Açıklaması (Genel) Hücre Üretimi Yatırımı Hakkında,https://www.kap.org.tr/tr/Bildirim/1412510,tr,2025-03-26T20:17:38+00:00
2025-03-26,ALJF,KAP,ALJ FİNANSMAN A.Ş. - Pay Dışında Sermaye Piyasası Aracı İşlemlerine İlişkin Bildirim (Faiz İçeren),Pay Dışında Sermaye Piyasası Aracı İşlemlerine İlişkin Bildirim (Faiz İçeren) TRFALJF92513 ISIN kodlu tahvilin kupon ödemesi,https://www.kap.org.tr/tr/Bildirim/1411975,tr,2025-03-26T14:24:39+00:00
2025-03-26,ALK,KAP,ALBARAKA TÜRK KATILIM BANKASI A.Ş. - Kar Payı Dağıtım İşlemlerine İlişkin Bildirim,Kar Payı Dağıtım İşlemlerine İlişkin Bildirim Kâr Payı Dağıtımına İlişkin Genel Kurul Kararı,https://www.kap.org.tr/tr/Bildirim/1412191,tr,2025-03-26T17:15:32+00:00
2025-03-26,ALK,KAP,ALBARAKA TÜRK KATILIM BANKASI A.Ş. - Bağımsız Denetim Kuruluşunun Belirlenmesi,Bağımsız Denetim Kuruluşunun Belirlenmesi Bağımsız Denetim Kuruluşunun Seçimine İlişkin Genel Kurul Kararı,https://www.kap.org.tr/tr/Bildirim/1412126,tr,2025-03-26T16:38:40+00:00
2025-03-26,ALK,KAP,ALBARAKA TÜRK KATILIM BANKASI A.Ş. - Genel Kurul İşlemlerine İlişkin Bildirim,Genel Kurul İşlemlerine İlişkin Bildirim 2024 Yılı Olağan Genel Kurul Toplantısı Sonucu,https://www.kap.org.tr/tr/Bildirim/1412125,tr,2025-03-26T16:36:42+00:00
2025-03-26,ALKLC,KAP,ALTINKILIÇ GIDA VE SÜT SANAYİ TİCARET A.Ş. - Payların Geri Alınmasına İlişkin Bildirim,Payların Geri Alınmasına İlişkin Bildirim Pay Geri Alımı,https://www.kap.org.tr/tr/Bildirim/1412491,tr,2025-03-26T19:09:18+00:00
2025-03-26,ANSGR,KAP,ANADOLU ANONİM TÜRK SİGORTA ŞİRKETİ - Kurumsal Yönetim Bilgi Formu (Güncelleme) - Yönetim Kurulu-2,Kurumsal Yönetim Bilgi Formu (Güncelleme) - Yönetim Kurulu-2 Kurumsal Yönetim Bilgi Formu (Güncelleme) - Yönetim Kurulu-2,https://www.kap.org.tr/tr/Bildirim/1412517,tr,2025-03-26T20:27:07+00:00
2025-03-26,ANSGR,KAP,ANADOLU ANONİM TÜRK SİGORTA ŞİRKETİ - Şirket Genel Bilgi Formu,Şirket Genel Bilgi Formu,https://www.kap.org.tr/tr/Bildirim/1412516,tr,2025-03-26T20:26:44+00:00
2025-03-26,ANSGR,KAP,ANADOLU ANONİM TÜRK SİGORTA ŞİRKETİ - Özel Durum Açıklaması (Genel),Özel Durum Açıklaması (Genel) Yönetim Kurulu Başkan ve Başkan Vekili,https://www.kap.org.tr/tr/Bildirim/1412515,tr,2025-03-26T20:26:31+00:00
2025-03-26,ANSGR,KAP,ANADOLU ANONİM TÜRK SİGORTA ŞİRKETİ - Yönetim Kurulu Komiteleri,Yönetim Kurulu Komiteleri Yönetim Kurulu Komite Üyelerinin Seçimi,https://www.kap.org.tr/tr/Bildirim/1412514,tr,2025-03-26T20:26:08+00:00
2025-03-26,ANSGR,KAP,ANADOLU ANONİM TÜRK SİGORTA ŞİRKETİ - Bağımsız Denetim Kuruluşunun Belirlenmesi,Bağımsız Denetim Kuruluşunun Belirlenmesi Bağımsız Denetim Kuruluşu Seçimi,https://www.kap.org.tr/tr/Bildirim/1412513,tr,2025-03-26T20:25:55+00:00
2025-03-26,ANSGR,KAP,ANADOLU ANONİM TÜRK SİGORTA ŞİRKETİ - Kar Payı Dağıtım İşlemlerine İlişkin Bildirim,Kar Payı Dağıtım İşlemlerine İlişkin Bildirim Nakit Kar Payı Dağıtımı,https://www.kap.org.tr/tr/Bildirim/1412512,tr,2025-03-26T20:25:22+00:00
2025-03-26,ANSGR,KAP,ANADOLU ANONİM TÜRK SİGORTA ŞİRKETİ - Genel Kurul İşlemlerine İlişkin Bildirim,Genel Kurul İşlemlerine İlişkin Bildirim 2024 Yılı Ortaklar Olağan Genel Kurul Toplantısı Kararları,https://www.kap.org.tr/tr/Bildirim/1412500,tr,2025-03-26T19:50:40+00:00
2025-03-26,ARZUM,KAP,ARZUM ELEKTRİKLİ EV ALETLERİ SANAYİ VE TİCARET A.Ş. - Pay Dışında Sermaye Piyasası Aracı İşlemlerine İlişkin Bildirim (Faiz İçeren),Pay Dışında Sermaye Piyasası Aracı İşlemlerine İlişkin Bildirim (Faiz İçeren) TRFAZEV32525 ISIN Kodlu Finansman Bonosunun İtfa ve Getiri Ödeme İşlemlerinin Tamamlanması Hk,https://www.kap.org.tr/tr/Bildirim/1412187,tr,2025-03-26T17:13:34+00:00
2025-03-26,ARZUM,KAP,ARZUM ELEKTRİKLİ EV ALETLERİ SANAYİ VE TİCARET A.Ş. - Pay Dışında Sermaye Piyasası Aracı İşlemlerine İlişkin Bildirim (Faiz İçeren),Pay Dışında Sermaye Piyasası Aracı İşlemlerine İlişkin Bildirim (Faiz İçeren) TRFAZEV32525 ISIN Kodlu Finansman Bonosu 4.Kupon Dönemine İlişkin Faiz Oranı Hk.,https://www.kap.org.tr/tr/Bildirim/1411907,tr,2025-03-26T11:11:15+00:00
2025-03-26,ASELS,KAP,ASELSAN ELEKTRONİK SANAYİ VE TİCARET A.Ş. - Özel Durum Açıklaması (Genel),Özel Durum Açıklaması (Genel) Proje Bazlı Yatırım Teşvik (Süper Teşvik) Alınması Hakkında,https://www.kap.org.tr/tr/Bildirim/1412080,tr,2025-03-26T15:50:26+00:00
2025-03-26,ASGYO,KAP,ASCE GAYRİMENKUL YATIRIM ORTAKLIĞI A.Ş. - Payların Geri Alınmasına İlişkin Bildirim,Payların Geri Alınmasına İlişkin Bildirim 26 Mart 2025 Tarihli Pay Geri Alım İşlemleri,https://www.kap.org.tr/tr/Bildirim/1412528,tr,2025-03-26T20:54:41+00:00
2025-03-26,AVGYO,KAP,AVRASYA GAYRİMENKUL YATIRIM ORTAKLIĞI A.Ş. - Payların Geri Alınmasına İlişkin Bildirim,Payların Geri Alınmasına İlişkin Bildirim 26.03.2025 Tarihli Pay Geri Alım İşlemleri,https://www.kap.org.tr/tr/Bildirim/1412494,tr,2025-03-26T19:23:24+00:00
2025-03-26,AVHOL,KAP,AVRUPA YATIRIM HOLDİNG A.Ş. - Payların Geri Alınmasına İlişkin Bildirim,Payların Geri Alınmasına İlişkin Bildirim Pay Geri Alım Programının Başlatılması Hk.,https://www.kap.org.tr/tr/Bildirim/1412367,tr,2025-03-26T18:15:40+00:00
2025-03-26,AVHOL,KAP,AVRUPA YATIRIM HOLDİNG A.Ş. - Şirket Genel Bilgi Formu,Şirket Genel Bilgi Formu,https://www.kap.org.tr/tr/Bildirim/1411925,tr,2025-03-26T11:31:03+00:00
2025-03-26,AVHOL,KAP,AVRUPA YATIRIM HOLDİNG A.Ş. - Özel Durum Açıklaması (Genel),Özel Durum Açıklaması (Genel) Yatırımcı İlişkileri Ataması,https://www.kap.org.tr/tr/Bildirim/1411924,tr,2025-03-26T11:30:53+00:00
2025-03-26,BIENY,KAP,BİEN YAPI ÜRÜNLERİ SANAYİ TURİZM VE TİCARET A.Ş. - Özel Durum Açıklaması (Genel),Özel Durum Açıklaması (Genel) Bağımsız Yönetim Kurulu Üye Adayına İlişkin SPK Başvurusu,https://www.kap.org.tr/tr/Bildirim/1412489,tr,2025-03-26T19:03:44+00:00
2025-03-26,BIMAS,KAP,BİM BİRLEŞİK MAĞAZALAR A.Ş. - Genel Kurul İşlemlerine İlişkin Bildirim,Genel Kurul İşlemlerine İlişkin Bildirim 2024 Yılı Olağan Genel Kurul Toplantısı Çağrısı,https://www.kap.org.tr/tr/Bildirim/1412625,tr,2025-03-26T22:01:11+00:00
2025-03-26,BIMAS,KAP,BİM BİRLEŞİK MAĞAZALAR A.Ş. - Özel Durum Açıklaması (Genel),"Özel Durum Açıklaması (Genel) Bağımsız Yönetim Kurulu Üye Adayları, Özgeçmişleri ve Bağımsızlık Beyanları",https://www.kap.org.tr/tr/Bildirim/1412623,tr,2025-03-26T22:00:44+00:00
2025-03-26,BIMAS,KAP,BİM BİRLEŞİK MAĞAZALAR A.Ş. - Kar Payı Dağıtım İşlemlerine İlişkin Bildirim,Kar Payı Dağıtım İşlemlerine İlişkin Bildirim 2024 Yılı Karının Dağıtımı Hakkında Yönetim Kurulu Tavsiye Kararı,https://www.kap.org.tr/tr/Bildirim/1412620,tr,2025-03-26T21:59:17+00:00
2025-03-26,BIMAS,KAP,BİM BİRLEŞİK MAĞAZALAR A.Ş. - Bağımsız Denetim Kuruluşunun Belirlenmesi,Bağımsız Denetim Kuruluşunun Belirlenmesi Bağımsız Denetim Firması Seçimi,https://www.kap.org.tr/tr/Bildirim/1412617,tr,2025-03-26T21:57:49+00:00
2025-03-26,BIMAS,KAP,BİM BİRLEŞİK MAĞAZALAR A.Ş. - Payların Geri Alınmasına İlişkin Bildirim,Payların Geri Alınmasına İlişkin Bildirim 25 Mart 2025 Tarihli Pay Geri Alım İşlemleri,https://www.kap.org.tr/tr/Bildirim/1411844,tr,2025-03-26T07:10:30+00:00
2025-03-26,BLS,KAP,BULLS YATIRIM MENKUL DEĞERLER A.Ş. - İhraç Tavanına İlişkin Bildirim,İhraç Tavanına İlişkin Bildirim Borçlanma Aracı İhraç Tavanı Başvurusu,https://www.kap.org.tr/tr/Bildirim/1412147,tr,2025-03-26T16:53:23+00:00
2025-03-26,BLS,KAP,BULLS YATIRIM MENKUL DEĞERLER A.Ş. - Pay Dışında Sermaye Piyasası Aracı İşlemlerine İlişkin Bildirim (Faiz İçeren),Pay Dışında Sermaye Piyasası Aracı İşlemlerine İlişkin Bildirim (Faiz İçeren) Finansman Bonosu İhracı,https://www.kap.org.tr/tr/Bildirim/1411853,tr,2025-03-26T09:11:30+00:00
2025-03-26,BLSMD,KAP,BULLS YATIRIM MENKUL DEĞERLER A.Ş. - İhraç Tavanına İlişkin Bildirim,İhraç Tavanına İlişkin Bildirim Borçlanma Aracı İhraç Tavanı Başvurusu,https://www.kap.org.tr/tr/Bildirim/1412147,tr,2025-03-26T16:53:23+00:00
2025-03-26,BLSMD,KAP,BULLS YATIRIM MENKUL DEĞERLER A.Ş. - Pay Dışında Sermaye Piyasası Aracı İşlemlerine İlişkin Bildirim (Faiz İçeren),Pay Dışında Sermaye Piyasası Aracı İşlemlerine İlişkin Bildirim (Faiz İçeren) Finansman Bonosu İhracı,https://www.kap.org.tr/tr/Bildirim/1411853,tr,2025-03-26T09:11:30+00:00
2025-03-26,BMSTL,KAP,BMS BİRLEŞİK METAL SANAYİ VE TİCARET A.Ş. - Bağımsız Denetim Kuruluşunun Belirlenmesi,Bağımsız Denetim Kuruluşunun Belirlenmesi Bağımsız Denetim Kuruluşunun Seçilmesi hk.,https://www.kap.org.tr/tr/Bildirim/1412008,tr,2025-03-26T15:01:53+00:00
2025-03-26,BOBET,KAP,BOĞAZİÇİ BETON SANAYİ VE TİCARET A.Ş. - Kar Payı Dağıtım İşlemlerine İlişkin Bildirim,"Kar Payı Dağıtım İşlemlerine İlişkin Bildirim 2024 Yılı Hesap Dönemi Kar Payı Dağıtımı Yönetim Kurulu Kararı Hakkında,",https://www.kap.org.tr/tr/Bildirim/1412438,tr,2025-03-26T18:29:08+00:00
2025-03-26,BOBET,KAP,BOĞAZİÇİ BETON SANAYİ VE TİCARET A.Ş. - Genel Kurul İşlemlerine İlişkin Bildirim,"Genel Kurul İşlemlerine İlişkin Bildirim 2024Yılı Olağan Genel Kurul Toplantısı Hakkında,",https://www.kap.org.tr/tr/Bildirim/1412426,tr,2025-03-26T18:28:33+00:00
2025-03-26,BOBET,KAP,BOĞAZİÇİ BETON SANAYİ VE TİCARET A.Ş. - Bağımsız Denetim Kuruluşunun Belirlenmesi,"Bağımsız Denetim Kuruluşunun Belirlenmesi Bağımsız Denetim Şirketi Seçimi Hakkında,",https://www.kap.org.tr/tr/Bildirim/1412361,tr,2025-03-26T18:12:35+00:00
2025-03-26,BRISA,KAP,BRİSA BRİDGESTONE SABANCI LASTİK SANAYİ VE TİCARET A.Ş. - Kar Payı Dağıtım İşlemlerine İlişkin Bildirim,Kar Payı Dağıtım İşlemlerine İlişkin Bildirim Genel Kurul'un Kar Payı Dağıtım Kararı,https://www.kap.org.tr/tr/Bildirim/1412479,tr,2025-03-26T18:45:40+00:00
2025-03-26,BRISA,KAP,BRİSA BRİDGESTONE SABANCI LASTİK SANAYİ VE TİCARET A.Ş. - Bağımsız Denetim Kuruluşunun Belirlenmesi,Bağımsız Denetim Kuruluşunun Belirlenmesi Bağımsız Denetim Kuruluşunun Genel Kurul'ca Seçilmesi,https://www.kap.org.tr/tr/Bildirim/1412464,tr,2025-03-26T18:34:29+00:00
2025-03-26,BRISA,KAP,BRİSA BRİDGESTONE SABANCI LASTİK SANAYİ VE TİCARET A.Ş. - Genel Kurul İşlemlerine İlişkin Bildirim,Genel Kurul İşlemlerine İlişkin Bildirim 2024 Yılı Olağan Genel Kurul Toplantı Sonuçları,https://www.kap.org.tr/tr/Bildirim/1412460,tr,2025-03-26T18:34:00+00:00
2025-03-26,BRKT,KAP,BEREKET VARLIK KİRALAMA A.Ş. - Bağımsız Denetim Kuruluşunun Belirlenmesi,Bağımsız Denetim Kuruluşunun Belirlenmesi Bağımsız Denetim Kuruluşunun Seçimine İlişkin Genel Kurul Kararı Hk.,https://www.kap.org.tr/tr/Bildirim/1412078,tr,2025-03-26T15:48:50+00:00
2025-03-26,BRKT,KAP,BEREKET VARLIK KİRALAMA A.Ş. - Genel Kurul Bildirimi,Genel Kurul Bildirimi 26.03.2025 Tarihli 2024 Yılı Olağan Genel Kurul Toplantısı Kararları Hk.,https://www.kap.org.tr/tr/Bildirim/1412031,tr,2025-03-26T15:13:53+00:00
2025-03-26,BRKT,KAP,BEREKET VARLIK KİRALAMA A.Ş. - Pay Dışında Sermaye Piyasası Aracı İşlemlerine İlişkin Bildirim (Faizsiz),Pay Dışında Sermaye Piyasası Aracı İşlemlerine İlişkin Bildirim (Faizsiz) TRDBRKT32518 ISIN Kodlu Kira Sertifikasının İtfası Hk. ALBRK,https://www.kap.org.tr/tr/Bildirim/1411903,tr,2025-03-26T11:04:11+00:00
2025-03-26,BRKVY,KAP,BİRİKİM VARLIK YÖNETİM A.Ş. - Kar Payı Dağıtım İşlemlerine İlişkin Bildirim,Kar Payı Dağıtım İşlemlerine İlişkin Bildirim Kar Payı Dağıtımına İlişkin Yönetim Kurulu Kararı,https://www.kap.org.tr/tr/Bildirim/1412310,tr,2025-03-26T18:04:32+00:00
2025-03-26,BRKVY,KAP,BİRİKİM VARLIK YÖNETİM A.Ş. - Genel Kurul İşlemlerine İlişkin Bildirim,Genel Kurul İşlemlerine İlişkin Bildirim 2024 Yılı Olağan Genel Kurul Toplantı Daveti,https://www.kap.org.tr/tr/Bildirim/1412308,tr,2025-03-26T18:04:13+00:00
2025-03-26,BRYAT,KAP,BORUSAN YATIRIM VE PAZARLAMA A.Ş. - Özel Durum Açıklaması (Genel),"Özel Durum Açıklaması (Genel) Yönetim Kurulu Bağımsız Üye Aday Listesi, Özgeçmişleri ve Bağımsızlık Beyanları",https://www.kap.org.tr/tr/Bildirim/1411841,tr,2025-03-26T01:03:22+00:00
2025-03-26,BRYAT,KAP,BORUSAN YATIRIM VE PAZARLAMA A.Ş. - Bağımsız Denetim Kuruluşunun Belirlenmesi,Bağımsız Denetim Kuruluşunun Belirlenmesi Bağımsız Denetim Firmasının Genel Kurul Onayına Sunulması,https://www.kap.org.tr/tr/Bildirim/1411840,tr,2025-03-26T01:03:10+00:00
2025-03-26,BRYAT,KAP,BORUSAN YATIRIM VE PAZARLAMA A.Ş. - Kar Payı Dağıtım İşlemlerine İlişkin Bildirim,Kar Payı Dağıtım İşlemlerine İlişkin Bildirim 2024 yılı hesap dönemi kar dağıtımına ilişkin Yönetim Kurulu Kararı,https://www.kap.org.tr/tr/Bildirim/1411839,tr,2025-03-26T01:02:57+00:00
2025-03-26,BRYAT,KAP,BORUSAN YATIRIM VE PAZARLAMA A.Ş. - Genel Kurul İşlemlerine İlişkin Bildirim,Genel Kurul İşlemlerine İlişkin Bildirim Olağan Genel Kurul'un Toplantıya Davet Edilmesine İlişkin Yönetim Kurulu Kararı,https://www.kap.org.tr/tr/Bildirim/1411838,tr,2025-03-26T01:02:41+00:00
2025-03-26,BVSAN,KAP,BÜLBÜLOĞLU VİNÇ SANAYİ VE TİCARET A.Ş. - Bağımsız Denetim Kuruluşunun Belirlenmesi,Bağımsız Denetim Kuruluşunun Belirlenmesi Bağımsız Denetim Şirketi Belirlenmesi Hakkında,https://www.kap.org.tr/tr/Bildirim/1411963,tr,2025-03-26T13:59:26+00:00
2025-03-26,BVSAN,KAP,BÜLBÜLOĞLU VİNÇ SANAYİ VE TİCARET A.Ş. - Kar Payı Dağıtım İşlemlerine İlişkin Bildirim,Kar Payı Dağıtım İşlemlerine İlişkin Bildirim Kar Payı Dağıtım İşlemlerine İlişkin Bildirim,https://www.kap.org.tr/tr/Bildirim/1411960,tr,2025-03-26T13:58:27+00:00
2025-03-26,BVSAN,KAP,BÜLBÜLOĞLU VİNÇ SANAYİ VE TİCARET A.Ş. - Genel Kurul İşlemlerine İlişkin Bildirim,Genel Kurul İşlemlerine İlişkin Bildirim 2024 Genel Kurul İşlemleri Hakkında,https://www.kap.org.tr/tr/Bildirim/1411955,tr,2025-03-26T13:54:13+00:00
2025-03-26,CAGFA,KAP,ÇAĞDAŞ FAKTORİNG A.Ş. - Pay Dışında Sermaye Piyasası Aracı İşlemlerine İlişkin Bildirim (Faiz İçeren),Pay Dışında Sermaye Piyasası Aracı İşlemlerine İlişkin Bildirim (Faiz İçeren) 26.03.2026 Vadeli Bono İhracı,https://www.kap.org.tr/tr/Bildirim/1412267,tr,2025-03-26T17:54:24+00:00
2025-03-26,CAGFA,KAP,ÇAĞDAŞ FAKTORİNG A.Ş. - Kredi Derecelendirmesi,Kredi Derecelendirmesi Çağdaş Faktoring A.Ş. '' Kredi Derecelendirme Not Bildirimi. '',https://www.kap.org.tr/tr/Bildirim/1411909,tr,2025-03-26T11:12:52+00:00
2025-03-26,CCOLA,KAP,COCA-COLA İÇECEK A.Ş. - Pay Dışında Sermaye Piyasası Aracı İşlemlerine İlişkin Bildirim (Faiz İçeren),Pay Dışında Sermaye Piyasası Aracı İşlemlerine İlişkin Bildirim (Faiz İçeren) TRSCOLA92612 ISIN Kodlu Tahvilin 2. Kupon Ödemesi,https://www.kap.org.tr/tr/Bildirim/1412016,tr,2025-03-26T15:06:12+00:00
2025-03-26,CCOLA,KAP,COCA-COLA İÇECEK A.Ş. - Pay Dışında Sermaye Piyasası Aracı İşlemlerine İlişkin Bildirim (Faiz İçeren),Pay Dışında Sermaye Piyasası Aracı İşlemlerine İlişkin Bildirim (Faiz İçeren) TRSCOLA92612 ISIN Kodlu Tahvilin 2. Kupon Faiz Oranının Belirlenmesi,https://www.kap.org.tr/tr/Bildirim/1411845,tr,2025-03-26T08:26:25+00:00
2025-03-26,CEMTS,KAP,ÇEMTAŞ ÇELİK MAKİNA SANAYİ VE TİCARET A.Ş. - Kurumsal Yönetim Bilgi Formu (Güncelleme) - Yönetim Kurulu-2,Kurumsal Yönetim Bilgi Formu (Güncelleme) - Yönetim Kurulu-2 Kurumsal Yönetim Bilgi Formu - Güncelleme-Yönetim Kurulu-II,https://www.kap.org.tr/tr/Bildirim/1411923,tr,2025-03-26T11:25:55+00:00
2025-03-26,CEMTS,KAP,ÇEMTAŞ ÇELİK MAKİNA SANAYİ VE TİCARET A.Ş. - Kurumsal Yönetim Bilgi Formu (Güncelleme) - Yönetim Kurulu-1,Kurumsal Yönetim Bilgi Formu (Güncelleme) - Yönetim Kurulu-1 Kurumsal Yönetim Bilgi Formu - Güncelleme-Yönetim Kurulu-I,https://www.kap.org.tr/tr/Bildirim/1411922,tr,2025-03-26T11:25:34+00:00
2025-03-26,CEMTS,KAP,ÇEMTAŞ ÇELİK MAKİNA SANAYİ VE TİCARET A.Ş. - Kurumsal Yönetim Bilgi Formu (Güncelleme) - Pay Sahipleri,Kurumsal Yönetim Bilgi Formu (Güncelleme) - Pay Sahipleri Kurumsal Yönetim Bilgi Formu - Güncelleme-Pay Sahipleri,https://www.kap.org.tr/tr/Bildirim/1411921,tr,2025-03-26T11:25:21+00:00
2025-03-26,CEMTS,KAP,ÇEMTAŞ ÇELİK MAKİNA SANAYİ VE TİCARET A.Ş. - Şirket Genel Bilgi Formu,Şirket Genel Bilgi Formu,https://www.kap.org.tr/tr/Bildirim/1411920,tr,2025-03-26T11:24:57+00:00
2025-03-26,CRDFA,KAP,CREDITWEST FAKTORİNG A.Ş. - Pay Dışında Sermaye Piyasası Aracı İşlemlerine İlişkin Bildirim (Faiz İçeren),Pay Dışında Sermaye Piyasası Aracı İşlemlerine İlişkin Bildirim (Faiz İçeren) TRFTPFC62512 ISIN Kodlu Bononun Kupon Ödemesi Gerçekleşmiştir.,https://www.kap.org.tr/tr/Bildirim/1411874,tr,2025-03-26T10:01:14+00:00
2025-03-26,CRFSA,KAP,CARREFOURSA CARREFOUR SABANCI TİCARET MERKEZİ A.Ş. - Esas Sözleşme Tadili,Esas Sözleşme Tadili Esas Sözleşme Tadili Genel Kurul Onayı,https://www.kap.org.tr/tr/Bildirim/1411906,tr,2025-03-26T11:10:46+00:00
2025-03-26,CRFSA,KAP,CARREFOURSA CARREFOUR SABANCI TİCARET MERKEZİ A.Ş. - Bağımsız Denetim Kuruluşunun Belirlenmesi,Bağımsız Denetim Kuruluşunun Belirlenmesi 2025 Yılı Faaliyet Dönemi için Denetçi Genel Kurul Onayı,https://www.kap.org.tr/tr/Bildirim/1411905,tr,2025-03-26T11:08:33+00:00
2025-03-26,CRFSA,KAP,CARREFOURSA CARREFOUR SABANCI TİCARET MERKEZİ A.Ş. - Genel Kurul İşlemlerine İlişkin Bildirim,Genel Kurul İşlemlerine İlişkin Bildirim 2024 yılı Olağan Genel Kurul Toplantı Sonucu,https://www.kap.org.tr/tr/Bildirim/1411904,tr,2025-03-26T11:05:11+00:00
2025-03-26,CRFSA,KAP,CARREFOURSA CARREFOUR SABANCI TİCARET MERKEZİ A.Ş. - Kar Payı Dağıtım İşlemlerine İlişkin Bildirim,Kar Payı Dağıtım İşlemlerine İlişkin Bildirim 2024 hesap dönemine ilişkin kâr dağıtımı yapılamaması,https://www.kap.org.tr/tr/Bildirim/1411899,tr,2025-03-26T10:55:38+00:00
2025-03-26,CVKMD,KAP,CVK MADEN İŞLETMELERİ SANAYİ VE TİCARET A.Ş. - Payların Geri Alınmasına İlişkin Bildirim,Payların Geri Alınmasına İlişkin Bildirim Pay Geri Alım Programının Başlatılması Hk.,https://www.kap.org.tr/tr/Bildirim/1412090,tr,2025-03-26T15:56:15+00:00
2025-03-26,CWENE,KAP,CW ENERJİ MÜHENDİSLİK TİCARET VE SANAYİ A.Ş. - Özel Durum Açıklaması (Genel),Özel Durum Açıklaması (Genel) Hücre Yatırımı Hakkında,https://www.kap.org.tr/tr/Bildirim/1412188,tr,2025-03-26T17:14:38+00:00
2025-03-26,DCTTR,KAP,DCT TRADİNG DIŞ TİCARET A.Ş. - Payların Geri Alınmasına İlişkin Bildirim,Payların Geri Alınmasına İlişkin Bildirim Pay Geri Alımı,https://www.kap.org.tr/tr/Bildirim/1412481,tr,2025-03-26T18:47:34+00:00
2025-03-26,DCTTR,KAP,DCT TRADİNG DIŞ TİCARET A.Ş. - Özel Durum Açıklaması (Genel),Özel Durum Açıklaması (Genel) Bağlı ortaklık sermaye artışı,https://www.kap.org.tr/tr/Bildirim/1411956,tr,2025-03-26T13:55:07+00:00
2025-03-26,DENFA,KAP,DENİZ FAKTORİNG A.Ş. - Pay Dışında Sermaye Piyasası Aracı İşlemlerine İlişkin Bildirim (Faiz İçeren),Pay Dışında Sermaye Piyasası Aracı İşlemlerine İlişkin Bildirim (Faiz İçeren) Borçlanma Aracı İtfası,https://www.kap.org.tr/tr/Bildirim/1411933,tr,2025-03-26T11:42:56+00:00
2025-03-26,DERHL,KAP,DERLÜKS YATIRIM HOLDİNG A.Ş. - Özel Durum Açıklaması (Genel),Özel Durum Açıklaması (Genel) Genel Kurul katılımcı listeleri hk.,https://www.kap.org.tr/tr/Bildirim/1411902,tr,2025-03-26T11:02:20+00:00
2025-03-26,DFKTR,KAP,DORUK FAKTORİNG A.Ş. - Genel Kurul Bildirimi,Genel Kurul Bildirimi 26.03.2025 Olağan Genel Kurul,https://www.kap.org.tr/tr/Bildirim/1411970,tr,2025-03-26T14:20:05+00:00
2025-03-26,DGGYO,KAP,DOĞUŞ GAYRİMENKUL YATIRIM ORTAKLIĞI A.Ş. - Bağımsız Denetim Kuruluşunun Belirlenmesi,Bağımsız Denetim Kuruluşunun Belirlenmesi 2025 yılı Bağımsız Denetim Şirketi Seçimi Hk.,https://www.kap.org.tr/tr/Bildirim/1412024,tr,2025-03-26T15:08:56+00:00
2025-03-26,DGGYO,KAP,DOĞUŞ GAYRİMENKUL YATIRIM ORTAKLIĞI A.Ş. - Kar Payı Dağıtım İşlemlerine İlişkin Bildirim,Kar Payı Dağıtım İşlemlerine İlişkin Bildirim Kar Payı Dağıtımına İlişkin Yönetim Kurulu Kararının Olağan Genel Kurul'da Onayı,https://www.kap.org.tr/tr/Bildirim/1412003,tr,2025-03-26T14:58:01+00:00
2025-03-26,DGGYO,KAP,DOĞUŞ GAYRİMENKUL YATIRIM ORTAKLIĞI A.Ş. - Genel Kurul İşlemlerine İlişkin Bildirim,Genel Kurul İşlemlerine İlişkin Bildirim 2024 yılına ilişkin Olağan Genel Kurul Toplantısı Sonucu,https://www.kap.org.tr/tr/Bildirim/1411980,tr,2025-03-26T14:33:38+00:00
2025-03-26,DGNMO,KAP,DOĞANLAR MOBİLYA GRUBU İMALAT SANAYİ VE TİCARET A.Ş. - Özel Durum Açıklaması (Genel),Özel Durum Açıklaması (Genel) 2024 Yatırımcı Sunumu,https://www.kap.org.tr/tr/Bildirim/1412539,tr,2025-03-26T21:08:53+00:00
2025-03-26,DGRVK,KAP,DEĞER VARLIK KİRALAMA A.Ş. - Bağımsız Denetim Kuruluşunun Belirlenmesi,Bağımsız Denetim Kuruluşunun Belirlenmesi Bağımsız Denetim Kuruluşunun Seçimine İlişkin Genel Kurul Kararı Hk.,https://www.kap.org.tr/tr/Bildirim/1412085,tr,2025-03-26T15:53:10+00:00
2025-03-26,DGRVK,KAP,DEĞER VARLIK KİRALAMA A.Ş. - Genel Kurul Bildirimi,Genel Kurul Bildirimi 26.03.2025 Tarihli 2024 Yılı Olağan Genel Kurul Toplantısı Kararları Hk.,https://www.kap.org.tr/tr/Bildirim/1412081,tr,2025-03-26T15:51:39+00:00
2025-03-26,DGRVK,KAP,DEĞER VARLIK KİRALAMA A.Ş. - Şirket Genel Bilgi Formu,Şirket Genel Bilgi Formu,https://www.kap.org.tr/tr/Bildirim/1411993,tr,2025-03-26T14:49:14+00:00
2025-03-26,DGRVK,KAP,DEĞER VARLIK KİRALAMA A.Ş. - Özel Durum Açıklaması (Genel),Özel Durum Açıklaması (Genel) Yönetim Kurulu Üyesinin İstifası Hk.,https://www.kap.org.tr/tr/Bildirim/1411992,tr,2025-03-26T14:48:34+00:00
2025-03-26,DOHOL,KAP,DOĞAN ŞİRKETLER GRUBU HOLDİNG A.Ş. - Payların Geri Alınmasına İlişkin Bildirim,Payların Geri Alınmasına İlişkin Bildirim Pay Geri Alım İşlemleri,https://www.kap.org.tr/tr/Bildirim/1412476,tr,2025-03-26T18:38:45+00:00
2025-03-26,DVRLK,KAP,D VARLIK KİRALAMA A.Ş. - Pay Dışında Sermaye Piyasası Aracı İşlemlerine İlişkin Bildirim (Faizsiz),Pay Dışında Sermaye Piyasası Aracı İşlemlerine İlişkin Bildirim (Faizsiz) D Varlık Kiralama A.Ş. Kira Sertifikası İhracı DYBNK,https://www.kap.org.tr/tr/Bildirim/1411892,tr,2025-03-26T10:43:14+00:00
2025-03-26,ECILC,KAP,EİS ECZACIBAŞI İLAÇ SINAİ VE FİNANSAL YATIRIMLAR SANAYİ VE TİCARET A.Ş. - Bağımsız Denetim Kuruluşunun Belirlenmesi,Bağımsız Denetim Kuruluşunun Belirlenmesi Yönetim Kurulu'nun 2025 yılı için Bağımsız Denetim Kuruluşu önerisi,https://www.kap.org.tr/tr/Bildirim/1412486,tr,2025-03-26T18:59:18+00:00
2025-03-26,ECZYT,KAP,ECZACIBAŞI YATIRIM HOLDİNG ORTAKLIĞI A.Ş. - Bağımsız Denetim Kuruluşunun Belirlenmesi,Bağımsız Denetim Kuruluşunun Belirlenmesi Yönetim Kurulu'nun 2025 yılı için Bağımsız Denetim Kuruluşu önerisi,https://www.kap.org.tr/tr/Bildirim/1412488,tr,2025-03-26T19:03:00+00:00
2025-03-26,EGEEN,KAP,EGE ENDÜSTRİ VE TİCARET A.Ş. - Kurumsal Yönetim Bilgi Formu (Güncelleme) - Yönetim Kurulu-2,Kurumsal Yönetim Bilgi Formu (Güncelleme) - Yönetim Kurulu-2 YÖNETİM KURULU-II,https://www.kap.org.tr/tr/Bildirim/1412111,tr,2025-03-26T16:09:16+00:00
2025-03-26,EGEEN,KAP,EGE ENDÜSTRİ VE TİCARET A.Ş. - Şirket Genel Bilgi Formu,Şirket Genel Bilgi Formu,https://www.kap.org.tr/tr/Bildirim/1412101,tr,2025-03-26T16:02:33+00:00
2025-03-26,EGEEN,KAP,EGE ENDÜSTRİ VE TİCARET A.Ş. - Özel Durum Açıklaması (Genel),Özel Durum Açıklaması (Genel) Komite Üyeliklerinin Açıklanması hk.,https://www.kap.org.tr/tr/Bildirim/1412095,tr,2025-03-26T15:58:09+00:00
2025-03-26,EGEEN,KAP,EGE ENDÜSTRİ VE TİCARET A.Ş. - Özel Durum Açıklaması (Genel),Özel Durum Açıklaması (Genel) Yönetim Kurulu Görev Dağılımı,https://www.kap.org.tr/tr/Bildirim/1412092,tr,2025-03-26T15:56:59+00:00
2025-03-26,EGEEN,KAP,EGE ENDÜSTRİ VE TİCARET A.Ş. - Esas Sözleşme Tadili,Esas Sözleşme Tadili Esas Sözleşme Tadiline İlişkin Genel Kurul Onayı,https://www.kap.org.tr/tr/Bildirim/1412089,tr,2025-03-26T15:56:11+00:00
2025-03-26,EGEEN,KAP,EGE ENDÜSTRİ VE TİCARET A.Ş. - Kar Payı Dağıtım İşlemlerine İlişkin Bildirim,Kar Payı Dağıtım İşlemlerine İlişkin Bildirim 2024 yılı kar payı dağıtımının 26.03.2025 tarihinde gerçekleştirilen Genel Kurul'da görüşülmesi hk.,https://www.kap.org.tr/tr/Bildirim/1412084,tr,2025-03-26T15:53:05+00:00
2025-03-26,EGEEN,KAP,EGE ENDÜSTRİ VE TİCARET A.Ş. - Genel Kurul İşlemlerine İlişkin Bildirim,Genel Kurul İşlemlerine İlişkin Bildirim 26.03.2025 tarihinde yapılan Ege Endüstri ve Tic. A Ş Genel Kurul'una ilişkin sonuçlar ekte yer almaktadır.,https://www.kap.org.tr/tr/Bildirim/1412079,tr,2025-03-26T15:49:14+00:00
2025-03-26,EGEGY,KAP,EGEYAPI AVRUPA GAYRİMENKUL YATIRIM ORTAKLIĞI A.Ş. - Şirket Genel Bilgi Formu,Şirket Genel Bilgi Formu,https://www.kap.org.tr/tr/Bildirim/1411846,tr,2025-03-26T08:38:01+00:00
2025-03-26,EGEPO,KAP,NASMED ÖZEL SAĞLIK HİZMETLERİ TİCARET A.Ş. - Kayıtlı Sermaye Tavanı İşlemlerine İlişkin Bildirim,Kayıtlı Sermaye Tavanı İşlemlerine İlişkin Bildirim Kayıtlı Sermaye Tavanı Artırım,https://www.kap.org.tr/tr/Bildirim/1411928,tr,2025-03-26T11:36:40+00:00
2025-03-26,EGSER,KAP,EGE SERAMİK SANAYİ VE TİCARET A.Ş. - Özel Durum Açıklaması (Genel),Özel Durum Açıklaması (Genel) Toplu İş Sözleşmesi Görüşmelerinin Sonuçlandırılması,https://www.kap.org.tr/tr/Bildirim/1412152,tr,2025-03-26T16:57:36+00:00
2025-03-26,EKOFA,KAP,EKO FAKTORİNG A.Ş. - Pay Dışında Sermaye Piyasası Aracı İşlemlerine İlişkin Bildirim (Faiz İçeren),Pay Dışında Sermaye Piyasası Aracı İşlemlerine İlişkin Bildirim (Faiz İçeren) NİTELİKLİ YATIRIMCIYA BORÇLANMA ARACI İHRACI,https://www.kap.org.tr/tr/Bildirim/1412235,tr,2025-03-26T17:38:52+00:00
2025-03-26,EKOFA,KAP,EKO FAKTORİNG A.Ş. - Pay Dışında Sermaye Piyasası Aracı İşlemlerine İlişkin Bildirim (Faiz İçeren),Pay Dışında Sermaye Piyasası Aracı İşlemlerine İlişkin Bildirim (Faiz İçeren) TRFEKOF32513 ISIN KODLU BONO 4.KUPON FAİZ ÖDEMESİ VE İTFA,https://www.kap.org.tr/tr/Bildirim/1412233,tr,2025-03-26T17:38:15+00:00
2025-03-26,EKOFA,KAP,EKO FAKTORİNG A.Ş. - Pay Dışında Sermaye Piyasası Aracı İşlemlerine İlişkin Bildirim (Faiz İçeren),Pay Dışında Sermaye Piyasası Aracı İşlemlerine İlişkin Bildirim (Faiz İçeren) TRFEKOF92517 ISIN KODLU BONO 2.KUPON ÖDEMESİ,https://www.kap.org.tr/tr/Bildirim/1412230,tr,2025-03-26T17:37:43+00:00
2025-03-26,ELITE,KAP,ELİTE NATUREL ORGANİK GIDA SANAYİ VE TİCARET A.Ş. - Katılım Finansı İlkeleri Bilgi Formu,Katılım Finansı İlkeleri Bilgi Formu,https://www.kap.org.tr/tr/Bildirim/1412569,tr,2025-03-26T21:36:24+00:00
2025-03-26,EMVAR,KAP,EMLAK VARLIK KİRALAMA A.Ş. - Pay Dışında Sermaye Piyasası Aracı İşlemlerine İlişkin Bildirim (Faizsiz),Pay Dışında Sermaye Piyasası Aracı İşlemlerine İlişkin Bildirim (Faizsiz) TRDEMVK32618 ISIN Kodlu Kira Sertifikasının 4.Dönemsel Kira Ödemesi Hk. AKFK,https://www.kap.org.tr/tr/Bildirim/1411901,tr,2025-03-26T10:59:46+00:00
2025-03-26,ENERY,KAP,ENERYA ENERJİ A.Ş. - Payların Geri Alınmasına İlişkin Bildirim,Payların Geri Alınmasına İlişkin Bildirim 26.03.2025 Tarihli Pay Geri Alım İşlemleri,https://www.kap.org.tr/tr/Bildirim/1412447,tr,2025-03-26T18:31:08+00:00
2025-03-26,ENERY,KAP,ENERYA ENERJİ A.Ş. - Özel Durum Açıklaması (Genel),Özel Durum Açıklaması (Genel) Ahlatcı Altın İşletmeleri A.Ş. Hk.,https://www.kap.org.tr/tr/Bildirim/1411962,tr,2025-03-26T13:59:18+00:00
2025-03-26,ENJSA,KAP,ENERJİSA ENERJİ A.Ş. - Bağımsız Denetim Kuruluşunun Belirlenmesi,Bağımsız Denetim Kuruluşunun Belirlenmesi Bağımsız Denetim Kuruluşu Seçiminin Genel Kurul Tarafından Onaylanması,https://www.kap.org.tr/tr/Bildirim/1411888,tr,2025-03-26T10:33:18+00:00
2025-03-26,ENTRA,KAP,IC ENTERRA YENİLENEBİLİR ENERJİ A.Ş. - Özel Durum Açıklaması (Genel),Özel Durum Açıklaması (Genel) Niyet Mektubu İmzalanması,https://www.kap.org.tr/tr/Bildirim/1411857,tr,2025-03-26T09:17:26+00:00
2025-03-26,EREGL,KAP,EREĞLİ DEMİR VE ÇELİK FABRİKALARI T.A.Ş. - Bağımsız Denetim Kuruluşunun Belirlenmesi,Bağımsız Denetim Kuruluşunun Belirlenmesi Genel Kurul Toplantısı 2025 Yılı Bağımsız Denetim Şirketi Seçim Sonucu,https://www.kap.org.tr/tr/Bildirim/1412522,tr,2025-03-26T20:36:21+00:00
2025-03-26,EREGL,KAP,EREĞLİ DEMİR VE ÇELİK FABRİKALARI T.A.Ş. - Kar Payı Dağıtım İşlemlerine İlişkin Bildirim,Kar Payı Dağıtım İşlemlerine İlişkin Bildirim 2024 Olağan Genel Kurul Toplantısı Kar Dağıtım Sonucu,https://www.kap.org.tr/tr/Bildirim/1412521,tr,2025-03-26T20:36:10+00:00
2025-03-26,EREGL,KAP,EREĞLİ DEMİR VE ÇELİK FABRİKALARI T.A.Ş. - Genel Kurul İşlemlerine İlişkin Bildirim,Genel Kurul İşlemlerine İlişkin Bildirim 2024 Yılına İlişkin Olağan Genel Kurul Toplantısı Sonucu,https://www.kap.org.tr/tr/Bildirim/1412518,tr,2025-03-26T20:29:37+00:00
2025-03-26,ERGLI,KAP,EREĞLİ TEKSTİL TURİZM SANAYİ VE TİCARET A.Ş. - Özel Durum Açıklaması (Genel),Özel Durum Açıklaması (Genel) Hisse Rehini Kaldırılması Hk. TLMAN,https://www.kap.org.tr/tr/Bildirim/1412185,tr,2025-03-26T17:09:05+00:00
2025-03-26,ESCAR,KAP,ESCAR FİLO KİRALAMA HİZMETLERİ A.Ş. - Yatırımcı Raporu,Yatırımcı Raporu ESCAR 2024 4.ÇEYREK YATIRIMCI SUNUMU,https://www.kap.org.tr/tr/Bildirim/1412004,tr,2025-03-26T14:59:42+00:00
2025-03-26,ETYAT,KAP,EURO TREND YATIRIM ORTAKLIĞI A.Ş. - Özel Durum Açıklaması (Genel),"Özel Durum Açıklaması (Genel) BİAŞ'da oluşan ağırlıklı ortalama fiyatın,pay başına net aktif değerin 2 katını aşması",https://www.kap.org.tr/tr/Bildirim/1411949,tr,2025-03-26T13:36:02+00:00
2025-03-26,EUKYO,KAP,EURO KAPİTAL YATIRIM ORTAKLIĞI A.Ş. - Özel Durum Açıklaması (Genel),"Özel Durum Açıklaması (Genel) BİAŞ'da oluşan ağırlıklı ortalama fiyatın,pay başına net aktif değerin 2 katını aşması",https://www.kap.org.tr/tr/Bildirim/1411950,tr,2025-03-26T13:36:41+00:00
2025-03-26,EUPWR,KAP,EUROPOWER ENERJİ VE OTOMASYON TEKNOLOJİLERİ SANAYİ TİCARET A.Ş. - İhale Süreci / Sonucu,İhale Süreci / Sonucu İhale Sonucu Hak.,https://www.kap.org.tr/tr/Bildirim/1412237,tr,2025-03-26T17:39:53+00:00
2025-03-26,EUYO,KAP,EURO MENKUL KIYMET YATIRIM ORTAKLIĞI A.Ş. - Özel Durum Açıklaması (Genel),"Özel Durum Açıklaması (Genel) BİAŞ'da oluşan ağırlıklı ortalama fiyatın,pay başına net aktif değerin 2 katını aşması",https://www.kap.org.tr/tr/Bildirim/1411948,tr,2025-03-26T13:35:20+00:00
2025-03-26,EXIMB,KAP,TÜRKİYE İHRACAT KREDİ BANKASI A.Ş. - Pay Dışında Sermaye Piyasası Aracı İşlemlerine İlişkin Bildirim (Faiz İçeren),Pay Dışında Sermaye Piyasası Aracı İşlemlerine İlişkin Bildirim (Faiz İçeren) GMTN programı çerçevesinde yurt dışında borçlanma aracı ihracı,https://www.kap.org.tr/tr/Bildirim/1412102,tr,2025-03-26T16:03:15+00:00
2025-03-26,EXIMB,KAP,TÜRKİYE İHRACAT KREDİ BANKASI A.Ş. - Pay Dışında Sermaye Piyasası Aracı İşlemlerine İlişkin Bildirim (Faiz İçeren),Pay Dışında Sermaye Piyasası Aracı İşlemlerine İlişkin Bildirim (Faiz İçeren) XS2908897155 ISIN Kodlu Finansman Bonosunun İtfası Hk,https://www.kap.org.tr/tr/Bildirim/1411976,tr,2025-03-26T14:30:06+00:00
2025-03-26,FRIGO,KAP,FRİGO-PAK GIDA MADDELERİ SANAYİ VE TİCARET A.Ş. - Payların Geri Alınmasına İlişkin Bildirim,Payların Geri Alınmasına İlişkin Bildirim Pay Geri Alımı Hk.,https://www.kap.org.tr/tr/Bildirim/1412508,tr,2025-03-26T20:10:07+00:00
2025-03-26,FROTO,KAP,FORD OTOMOTİV SANAYİ A.Ş. - Şirket Genel Bilgi Formu,Şirket Genel Bilgi Formu,https://www.kap.org.tr/tr/Bildirim/1412497,tr,2025-03-26T19:29:54+00:00
2025-03-26,FROTO,KAP,FORD OTOMOTİV SANAYİ A.Ş. - Özel Durum Açıklaması (Genel),Özel Durum Açıklaması (Genel) Yönetim Kurulu Üyelerinin görev dağılımı hakkında karar alınması,https://www.kap.org.tr/tr/Bildirim/1412496,tr,2025-03-26T19:29:17+00:00
2025-03-26,FROTO,KAP,FORD OTOMOTİV SANAYİ A.Ş. - Bağımsız Denetim Kuruluşunun Belirlenmesi,Bağımsız Denetim Kuruluşunun Belirlenmesi Bağımsız Denetim Şirketi seçiminin Genel Kurul'ca onaylanması,https://www.kap.org.tr/tr/Bildirim/1411959,tr,2025-03-26T13:57:38+00:00
2025-03-26,FROTO,KAP,FORD OTOMOTİV SANAYİ A.Ş. - Kar Payı Dağıtım İşlemlerine İlişkin Bildirim,Kar Payı Dağıtım İşlemlerine İlişkin Bildirim Olağan Genel Kurul Kar Dağıtım Sonucu,https://www.kap.org.tr/tr/Bildirim/1411957,tr,2025-03-26T13:55:35+00:00
2025-03-26,FROTO,KAP,FORD OTOMOTİV SANAYİ A.Ş. - Genel Kurul İşlemlerine İlişkin Bildirim,Genel Kurul İşlemlerine İlişkin Bildirim Olağan Genel Kurul Toplantı Sonucu,https://www.kap.org.tr/tr/Bildirim/1411951,tr,2025-03-26T13:37:40+00:00
2025-03-26,GEDIK,KAP,GEDİK YATIRIM MENKUL DEĞERLER A.Ş. - Payların Geri Alınmasına İlişkin Bildirim,Payların Geri Alınmasına İlişkin Bildirim 26.03.2025 tarihli pay geri alım işlemleri,https://www.kap.org.tr/tr/Bildirim/1412448,tr,2025-03-26T18:31:24+00:00
2025-03-26,GEDIK,KAP,GEDİK YATIRIM MENKUL DEĞERLER A.Ş. - Yönetim Kurulu Komiteleri,Yönetim Kurulu Komiteleri Yönetim Kurulu Komite Üyeliklerinin Belirlenmesi,https://www.kap.org.tr/tr/Bildirim/1412442,tr,2025-03-26T18:30:20+00:00
2025-03-26,GEDIK,KAP,GEDİK YATIRIM MENKUL DEĞERLER A.Ş. - Özel Durum Açıklaması (Genel),Özel Durum Açıklaması (Genel) Yönetim Kurulu Görev Dağılımı,https://www.kap.org.tr/tr/Bildirim/1412440,tr,2025-03-26T18:29:47+00:00
2025-03-26,GEDIK,KAP,GEDİK YATIRIM MENKUL DEĞERLER A.Ş. - Kar Payı Dağıtım İşlemlerine İlişkin Bildirim,Kar Payı Dağıtım İşlemlerine İlişkin Bildirim 2024 Yılı Karının Kullanımına İlişkin Genel Kurul Kararı Hakkında,https://www.kap.org.tr/tr/Bildirim/1412439,tr,2025-03-26T18:29:26+00:00
2025-03-26,GEDIK,KAP,GEDİK YATIRIM MENKUL DEĞERLER A.Ş. - Genel Kurul İşlemlerine İlişkin Bildirim,Genel Kurul İşlemlerine İlişkin Bildirim 2024 Yılı Olağan Genel Kurul Toplantı Sonucu Hakkında,https://www.kap.org.tr/tr/Bildirim/1412256,tr,2025-03-26T17:51:17+00:00
2025-03-26,GLCVY,KAP,GELECEK VARLIK YÖNETİMİ A.Ş. - Kar Payı Dağıtım İşlemlerine İlişkin Bildirim,Kar Payı Dağıtım İşlemlerine İlişkin Bildirim 2024 Yılı Kar Dağıtımına İlişkin Yönetim Kurulu Kararı Hk.,https://www.kap.org.tr/tr/Bildirim/1412474,tr,2025-03-26T18:36:01+00:00
2025-03-26,GLCVY,KAP,GELECEK VARLIK YÖNETİMİ A.Ş. - Özel Durum Açıklaması (Genel),"Özel Durum Açıklaması (Genel) İhale sonrası Devir ve Temlik İşlemlerinin tamamlanması hk. GARAN, TGB",https://www.kap.org.tr/tr/Bildirim/1412362,tr,2025-03-26T18:12:36+00:00
2025-03-26,GRNYO,KAP,GARANTİ YATIRIM ORTAKLIĞI A.Ş. - Özel Durum Açıklaması (Genel),"Özel Durum Açıklaması (Genel) Paylarının BİAŞ'ta oluşan ağırlıklı ortalama fiyatının, pay başına net aktif değerinin 2 katını aşması hakkında.",https://www.kap.org.tr/tr/Bildirim/1411867,tr,2025-03-26T09:57:30+00:00
2025-03-26,GRTHO,KAP,GRAINTURK HOLDİNG A.Ş. - Payların Geri Alınmasına İlişkin Bildirim,Payların Geri Alınmasına İlişkin Bildirim Pay Geri Alımı 26.03.2025,https://www.kap.org.tr/tr/Bildirim/1412346,tr,2025-03-26T18:11:00+00:00
2025-03-26,GSDHO,KAP,GSD HOLDİNG A.Ş. - Şirket Genel Bilgi Formu,Şirket Genel Bilgi Formu,https://www.kap.org.tr/tr/Bildirim/1411859,tr,2025-03-26T09:19:44+00:00
2025-03-26,HALKB,KAP,TÜRKİYE HALK BANKASI A.Ş. - Payların Geri Alınmasına İlişkin Bildirim,Payların Geri Alınmasına İlişkin Bildirim Pay Geri Alımı,https://www.kap.org.tr/tr/Bildirim/1412449,tr,2025-03-26T18:31:49+00:00
2025-03-26,HLVKS,KAP,HALK VARLIK KİRALAMA A.Ş. - Pay Dışında Sermaye Piyasası Aracı İşlemlerine İlişkin Bildirim (Faizsiz),Pay Dışında Sermaye Piyasası Aracı İşlemlerine İlişkin Bildirim (Faizsiz) Yurtiçi Kira Sertifikası İtfa ve Getiri Ödemesi PYCLL,https://www.kap.org.tr/tr/Bildirim/1411974,tr,2025-03-26T14:22:59+00:00
2025-03-26,HLVKS,KAP,HALK VARLIK KİRALAMA A.Ş. - Pay Dışında Sermaye Piyasası Aracı İşlemlerine İlişkin Bildirim (Faizsiz),Pay Dışında Sermaye Piyasası Aracı İşlemlerine İlişkin Bildirim (Faizsiz) Yurtiçi Kira Sertifikası İtfa ve Getiri Ödemesi PYCLL,https://www.kap.org.tr/tr/Bildirim/1411973,tr,2025-03-26T14:22:31+00:00
2025-03-26,HRKET,KAP,HAREKET PROJE TAŞIMACILIĞI VE YÜK MÜHENDİSLİĞİ A.Ş. - Genel Kurul İşlemlerine İlişkin Bildirim,Genel Kurul İşlemlerine İlişkin Bildirim 2024 Yılı Olağan Genel Kurul Toplantı Çağrısı,https://www.kap.org.tr/tr/Bildirim/1412172,tr,2025-03-26T17:03:47+00:00
2025-03-26,HRKET,KAP,HAREKET PROJE TAŞIMACILIĞI VE YÜK MÜHENDİSLİĞİ A.Ş. - Kar Payı Dağıtım İşlemlerine İlişkin Bildirim,Kar Payı Dağıtım İşlemlerine İlişkin Bildirim 2024 Yılı Kar Payı Dağıtımına İlişkin Yönetim Kurulu Kararı,https://www.kap.org.tr/tr/Bildirim/1412160,tr,2025-03-26T17:02:12+00:00
2025-03-26,HRKET,KAP,HAREKET PROJE TAŞIMACILIĞI VE YÜK MÜHENDİSLİĞİ A.Ş. - Bağımsız Denetim Kuruluşunun Belirlenmesi,Bağımsız Denetim Kuruluşunun Belirlenmesi Bağımsız Denetim Kuruluşunun Belirlenmesi,https://www.kap.org.tr/tr/Bildirim/1412158,tr,2025-03-26T17:01:24+00:00
2025-03-26,HTTBT,KAP,HİTİT BİLGİSAYAR HİZMETLERİ A.Ş. - Katılım Finansı İlkeleri Bilgi Formu,Katılım Finansı İlkeleri Bilgi Formu,https://www.kap.org.tr/tr/Bildirim/1412406,tr,2025-03-26T18:21:27+00:00
2025-03-26,HUZFA,KAP,HUZUR FAKTORİNG A.Ş. - Pay Dışında Sermaye Piyasası Aracı İşlemlerine İlişkin Bildirim (Faiz İçeren),Pay Dışında Sermaye Piyasası Aracı İşlemlerine İlişkin Bildirim (Faiz İçeren) TRFHZRF92511 ISIN KODLU FİNANSMAN BONOSUNUN 2.KUPON ÖDEMESİ YAPILMIŞTIR,https://www.kap.org.tr/tr/Bildirim/1411880,tr,2025-03-26T10:11:55+00:00
2025-03-26,INFO,KAP,İNFO YATIRIM MENKUL DEĞERLER A.Ş. - Yatırım Kuruluşu Varant - Sertifika - Senetlerine İlişkin Bildirim,Yatırım Kuruluşu Varant - Sertifika - Senetlerine İlişkin Bildirim Yatırım Kuruluşu Sertifikaları İlk Satış Fiyatları,https://www.kap.org.tr/tr/Bildirim/1412224,tr,2025-03-26T17:34:18+00:00
2025-03-26,INFO,KAP,İNFO YATIRIM MENKUL DEĞERLER A.Ş. - Özel Durum Açıklaması (Genel),Özel Durum Açıklaması (Genel) Yetki belgesi hk.,https://www.kap.org.tr/tr/Bildirim/1411865,tr,2025-03-26T09:51:36+00:00
2025-03-26,INTEM,KAP,İNTEMA İNŞAAT VE TESİSAT MALZEMELERİ YATIRIM VE PAZARLAMA A.Ş. - Bağımsız Denetim Kuruluşunun Belirlenmesi,Bağımsız Denetim Kuruluşunun Belirlenmesi Yönetim Kurulu'nun 2025 yılı için Bağımsız Denetim Kuruluşu önerisi,https://www.kap.org.tr/tr/Bildirim/1412490,tr,2025-03-26T19:04:02+00:00
2025-03-26,INVEO,KAP,INVEO YATIRIM HOLDİNG A.Ş. - Yönetim Kurulu Komiteleri,Yönetim Kurulu Komiteleri Yönetim Kurulu Komite Üyeliklerinin Belirlenmesi,https://www.kap.org.tr/tr/Bildirim/1412414,tr,2025-03-26T18:24:00+00:00
2025-03-26,INVEO,KAP,INVEO YATIRIM HOLDİNG A.Ş. - Özel Durum Açıklaması (Genel),Özel Durum Açıklaması (Genel) Yönetim Kurulu Görev Dağılımı,https://www.kap.org.tr/tr/Bildirim/1412413,tr,2025-03-26T18:23:52+00:00
2025-03-26,INVEO,KAP,INVEO YATIRIM HOLDİNG A.Ş. - Kayıtlı Sermaye Tavanı İşlemlerine İlişkin Bildirim,Kayıtlı Sermaye Tavanı İşlemlerine İlişkin Bildirim Kayıtlı sermaye tavan artırımının Olağan Genel Kurul'da onaylanması hakkında,https://www.kap.org.tr/tr/Bildirim/1412411,tr,2025-03-26T18:22:20+00:00
2025-03-26,INVEO,KAP,INVEO YATIRIM HOLDİNG A.Ş. - Kar Payı Dağıtım İşlemlerine İlişkin Bildirim,Kar Payı Dağıtım İşlemlerine İlişkin Bildirim 2024 Yılı Kar Dağıtımı Hususuna İlişkin Genel Kurul Kararı hakkında,https://www.kap.org.tr/tr/Bildirim/1412408,tr,2025-03-26T18:21:42+00:00
2025-03-26,INVEO,KAP,INVEO YATIRIM HOLDİNG A.Ş. - Genel Kurul İşlemlerine İlişkin Bildirim,Genel Kurul İşlemlerine İlişkin Bildirim 2024 Yılı Olağan Genel Kurul Toplantı Sonucu Hakkında,https://www.kap.org.tr/tr/Bildirim/1412116,tr,2025-03-26T16:22:36+00:00
2025-03-26,INVES,KAP,INVESTCO HOLDİNG A.Ş. - Pay Alım Satım Bildirimi,Pay Alım Satım Bildirimi VERUS Pay Alım Bildirimi VERUS,https://www.kap.org.tr/tr/Bildirim/1412443,tr,2025-03-26T18:30:21+00:00
2025-03-26,INVES,KAP,INVESTCO HOLDİNG A.Ş. - Payların Geri Alınmasına İlişkin Bildirim,Payların Geri Alınmasına İlişkin Bildirim Pay Geri Alım İşlemleri Hk.,https://www.kap.org.tr/tr/Bildirim/1412441,tr,2025-03-26T18:30:05+00:00
2025-03-26,ISDMR,KAP,İSKENDERUN DEMİR VE ÇELİK A.Ş. - Şirket Genel Bilgi Formu,Şirket Genel Bilgi Formu,https://www.kap.org.tr/tr/Bildirim/1412504,tr,2025-03-26T19:53:53+00:00
2025-03-26,ISDMR,KAP,İSKENDERUN DEMİR VE ÇELİK A.Ş. - Bağımsız Denetim Kuruluşunun Belirlenmesi,Bağımsız Denetim Kuruluşunun Belirlenmesi Genel Kurul Toplantısı 2025 Yılı Bağımsız Denetim Şirketi Seçim Sonucu,https://www.kap.org.tr/tr/Bildirim/1412503,tr,2025-03-26T19:53:41+00:00
2025-03-26,ISDMR,KAP,İSKENDERUN DEMİR VE ÇELİK A.Ş. - Kar Payı Dağıtım İşlemlerine İlişkin Bildirim,Kar Payı Dağıtım İşlemlerine İlişkin Bildirim 2024 Olağan Genel Kurul Toplantısı Kar Dağıtım Sonucu,https://www.kap.org.tr/tr/Bildirim/1412502,tr,2025-03-26T19:53:28+00:00
2025-03-26,ISDMR,KAP,İSKENDERUN DEMİR VE ÇELİK A.Ş. - Genel Kurul İşlemlerine İlişkin Bildirim,Genel Kurul İşlemlerine İlişkin Bildirim 2024 Yılına İlişkin Olağan Genel Kurul Toplantısı Sonucu,https://www.kap.org.tr/tr/Bildirim/1412498,tr,2025-03-26T19:45:37+00:00
2025-03-26,ISGYO,KAP,İŞ GAYRİMENKUL YATIRIM ORTAKLIĞI A.Ş. - Şirket Genel Bilgi Formu,Şirket Genel Bilgi Formu,https://www.kap.org.tr/tr/Bildirim/1412151,tr,2025-03-26T16:56:13+00:00
2025-03-26,ISGYO,KAP,İŞ GAYRİMENKUL YATIRIM ORTAKLIĞI A.Ş. - Genel Kurul İşlemlerine İlişkin Bildirim,Genel Kurul İşlemlerine İlişkin Bildirim 2024 Yılı Olağan Genel Kurul Toplantısı Sonuçları Tescili,https://www.kap.org.tr/tr/Bildirim/1411900,tr,2025-03-26T10:59:44+00:00
2025-03-26,ISGYO,KAP,İŞ GAYRİMENKUL YATIRIM ORTAKLIĞI A.Ş. - Bağımsız Denetim Kuruluşunun Belirlenmesi,Bağımsız Denetim Kuruluşunun Belirlenmesi Bağımsız Denetim Kuruluşunun Tescil ve İlanı,https://www.kap.org.tr/tr/Bildirim/1411898,tr,2025-03-26T10:47:48+00:00
2025-03-26,ISGYO,KAP,İŞ GAYRİMENKUL YATIRIM ORTAKLIĞI A.Ş. - Yönetim Kurulu Komiteleri,Yönetim Kurulu Komiteleri Yönetim Kurulu Komiteleri,https://www.kap.org.tr/tr/Bildirim/1411894,tr,2025-03-26T10:45:16+00:00
2025-03-26,ISMEN,KAP,İŞ YATIRIM MENKUL DEĞERLER A.Ş. - Yönetim Kurulu Komiteleri,Yönetim Kurulu Komiteleri Yönetim Kurulu Komiteleri.,https://www.kap.org.tr/tr/Bildirim/1412319,tr,2025-03-26T18:06:12+00:00
2025-03-26,ISMEN,KAP,İŞ YATIRIM MENKUL DEĞERLER A.Ş. - Özel Durum Açıklaması (Genel),Özel Durum Açıklaması (Genel) Yönetim Kurulu Görev Dağılımı.,https://www.kap.org.tr/tr/Bildirim/1412311,tr,2025-03-26T18:04:41+00:00
2025-03-26,ISMEN,KAP,İŞ YATIRIM MENKUL DEĞERLER A.Ş. - Bağımsız Denetim Kuruluşunun Belirlenmesi,Bağımsız Denetim Kuruluşunun Belirlenmesi Bağımsız Denetim Kuruluşunun Belirlenmesi.,https://www.kap.org.tr/tr/Bildirim/1412301,tr,2025-03-26T18:03:50+00:00
2025-03-26,ISMEN,KAP,İŞ YATIRIM MENKUL DEĞERLER A.Ş. - Kar Payı Dağıtım İşlemlerine İlişkin Bildirim,Kar Payı Dağıtım İşlemlerine İlişkin Bildirim Genel Kurul'un kar dağıtım kararı.,https://www.kap.org.tr/tr/Bildirim/1412295,tr,2025-03-26T18:02:53+00:00
2025-03-26,ISMEN,KAP,İŞ YATIRIM MENKUL DEĞERLER A.Ş. - Genel Kurul İşlemlerine İlişkin Bildirim,Genel Kurul İşlemlerine İlişkin Bildirim Olağan Genel Kurul Toplantı Sonuçları.,https://www.kap.org.tr/tr/Bildirim/1412176,tr,2025-03-26T17:04:57+00:00
2025-03-26,ISMEN,KAP,İŞ YATIRIM MENKUL DEĞERLER A.Ş. - Yatırım Kuruluşu Varant - Sertifika - Senetlerine İlişkin Bildirim,Yatırım Kuruluşu Varant - Sertifika - Senetlerine İlişkin Bildirim İş Yatırım Sertifika ve Varant Alım Satım İşlemleri,https://www.kap.org.tr/tr/Bildirim/1411869,tr,2025-03-26T09:59:29+00:00
2025-03-26,ISMEN,KAP,İŞ YATIRIM MENKUL DEĞERLER A.Ş. - Piyasa Yapıcılığı Kapsamında Gerçekleştirilen İşlemler Bildirimi,Piyasa Yapıcılığı Kapsamında Gerçekleştirilen İşlemler Bildirimi Borsa Yatırım Fonu Piyasa Yapıcılığı İşlemleri ISGLK,https://www.kap.org.tr/tr/Bildirim/1411868,tr,2025-03-26T09:59:05+00:00
2025-03-26,ISTFK,KAP,İSTANBUL FAKTORİNG A.Ş. - Pay Dışında Sermaye Piyasası Aracı İşlemlerine İlişkin Bildirim (Faiz İçeren),Pay Dışında Sermaye Piyasası Aracı İşlemlerine İlişkin Bildirim (Faiz İçeren) FİNANSMAN BONOSU İTFASI,https://www.kap.org.tr/tr/Bildirim/1411913,tr,2025-03-26T11:16:54+00:00
2025-03-26,ISTFK,KAP,İSTANBUL FAKTORİNG A.Ş. - Pay Dışında Sermaye Piyasası Aracı İşlemlerine İlişkin Bildirim (Faiz İçeren),Pay Dışında Sermaye Piyasası Aracı İşlemlerine İlişkin Bildirim (Faiz İçeren) FİNANSMAN BONOSU İTFASI,https://www.kap.org.tr/tr/Bildirim/1411910,tr,2025-03-26T11:13:15+00:00
2025-03-26,ISYAT,KAP,İŞ YATIRIM ORTAKLIĞI A.Ş. - Özel Durum Açıklaması (Genel),"Özel Durum Açıklaması (Genel) Ortaklık paylarının BİAŞ'ta oluşan ağırlıklı ortalama fiyatının, pay başına net aktif değerinin 2 katını aşması hakkında",https://www.kap.org.tr/tr/Bildirim/1411908,tr,2025-03-26T11:12:12+00:00
2025-03-26,IYF,KAP,İNFO YATIRIM MENKUL DEĞERLER A.Ş. - Yatırım Kuruluşu Varant - Sertifika - Senetlerine İlişkin Bildirim,Yatırım Kuruluşu Varant - Sertifika - Senetlerine İlişkin Bildirim Yatırım Kuruluşu Sertifikaları İlk Satış Fiyatları,https://www.kap.org.tr/tr/Bildirim/1412224,tr,2025-03-26T17:34:18+00:00
2025-03-26,IYF,KAP,İNFO YATIRIM MENKUL DEĞERLER A.Ş. - Özel Durum Açıklaması (Genel),Özel Durum Açıklaması (Genel) Yetki belgesi hk.,https://www.kap.org.tr/tr/Bildirim/1411865,tr,2025-03-26T09:51:36+00:00
2025-03-26,IYM,KAP,İŞ YATIRIM MENKUL DEĞERLER A.Ş. - Yönetim Kurulu Komiteleri,Yönetim Kurulu Komiteleri Yönetim Kurulu Komiteleri.,https://www.kap.org.tr/tr/Bildirim/1412319,tr,2025-03-26T18:06:12+00:00
2025-03-26,IYM,KAP,İŞ YATIRIM MENKUL DEĞERLER A.Ş. - Özel Durum Açıklaması (Genel),Özel Durum Açıklaması (Genel) Yönetim Kurulu Görev Dağılımı.,https://www.kap.org.tr/tr/Bildirim/1412311,tr,2025-03-26T18:04:41+00:00
2025-03-26,IYM,KAP,İŞ YATIRIM MENKUL DEĞERLER A.Ş. - Bağımsız Denetim Kuruluşunun Belirlenmesi,Bağımsız Denetim Kuruluşunun Belirlenmesi Bağımsız Denetim Kuruluşunun Belirlenmesi.,https://www.kap.org.tr/tr/Bildirim/1412301,tr,2025-03-26T18:03:50+00:00
2025-03-26,IYM,KAP,İŞ YATIRIM MENKUL DEĞERLER A.Ş. - Kar Payı Dağıtım İşlemlerine İlişkin Bildirim,Kar Payı Dağıtım İşlemlerine İlişkin Bildirim Genel Kurul'un kar dağıtım kararı.,https://www.kap.org.tr/tr/Bildirim/1412295,tr,2025-03-26T18:02:53+00:00
2025-03-26,IYM,KAP,İŞ YATIRIM MENKUL DEĞERLER A.Ş. - Genel Kurul İşlemlerine İlişkin Bildirim,Genel Kurul İşlemlerine İlişkin Bildirim Olağan Genel Kurul Toplantı Sonuçları.,https://www.kap.org.tr/tr/Bildirim/1412176,tr,2025-03-26T17:04:57+00:00
2025-03-26,IYM,KAP,İŞ YATIRIM MENKUL DEĞERLER A.Ş. - Yatırım Kuruluşu Varant - Sertifika - Senetlerine İlişkin Bildirim,Yatırım Kuruluşu Varant - Sertifika - Senetlerine İlişkin Bildirim İş Yatırım Sertifika ve Varant Alım Satım İşlemleri,https://www.kap.org.tr/tr/Bildirim/1411869,tr,2025-03-26T09:59:29+00:00
2025-03-26,IYM,KAP,İŞ YATIRIM MENKUL DEĞERLER A.Ş. - Piyasa Yapıcılığı Kapsamında Gerçekleştirilen İşlemler Bildirimi,Piyasa Yapıcılığı Kapsamında Gerçekleştirilen İşlemler Bildirimi Borsa Yatırım Fonu Piyasa Yapıcılığı İşlemleri ISGLK,https://www.kap.org.tr/tr/Bildirim/1411868,tr,2025-03-26T09:59:05+00:00
2025-03-26,KATMR,KAP,KATMERCİLER ARAÇ ÜSTÜ EKİPMAN SANAYİ VE TİCARET A.Ş. - Kar Dağıtım Politikası,Kar Dağıtım Politikası Kar Dağıtım Politikası,https://www.kap.org.tr/tr/Bildirim/1411848,tr,2025-03-26T08:50:05+00:00
2025-03-26,KATVK,KAP,KATILIM VARLIK KİRALAMA A.Ş. - Genel Kurul Bildirimi,Genel Kurul Bildirimi 2024 Yılı Olağan Genel Kurul Toplantı Sonucu,https://www.kap.org.tr/tr/Bildirim/1412664,tr,2025-03-26T22:35:35+00:00
2025-03-26,KOCMT,KAP,KOÇ METALURJİ A.Ş. - Payların Geri Alınmasına İlişkin Bildirim,Payların Geri Alınmasına İlişkin Bildirim 26.03.2025 Tarihli Pay Geri Alım İşlemleri Hk.,https://www.kap.org.tr/tr/Bildirim/1412410,tr,2025-03-26T18:21:59+00:00
2025-03-26,KONTR,KAP,KONTROLMATİK TEKNOLOJİ ENERJİ VE MÜHENDİSLİK A.Ş. - İhale Süreci / Sonucu,İhale Süreci / Sonucu Kesinleşen İhale Kararı,https://www.kap.org.tr/tr/Bildirim/1411946,tr,2025-03-26T13:26:21+00:00
2025-03-26,KORDS,KAP,KORDSA TEKNİK TEKSTİL A.Ş. - Bağımsız Denetim Kuruluşunun Belirlenmesi,Bağımsız Denetim Kuruluşunun Belirlenmesi Denetçinin Belirlenmesi.,https://www.kap.org.tr/tr/Bildirim/1411998,tr,2025-03-26T14:53:25+00:00
2025-03-26,KORDS,KAP,KORDSA TEKNİK TEKSTİL A.Ş. - Kar Payı Dağıtım İşlemlerine İlişkin Bildirim,Kar Payı Dağıtım İşlemlerine İlişkin Bildirim 2024 Yılı Kârının kullanım şekli ile ilgili Genel Kurul Kararı.,https://www.kap.org.tr/tr/Bildirim/1411995,tr,2025-03-26T14:51:06+00:00
2025-03-26,KORDS,KAP,KORDSA TEKNİK TEKSTİL A.Ş. - Genel Kurul İşlemlerine İlişkin Bildirim,Genel Kurul İşlemlerine İlişkin Bildirim 2024 Yılı Olağan Genel Kurul Toplantısı Sonucu.,https://www.kap.org.tr/tr/Bildirim/1411988,tr,2025-03-26T14:44:58+00:00
2025-03-26,KSFIN,KAP,KOÇ FIAT KREDİ FİNANSMAN A.Ş. - Genel Kurul Bildirimi,Genel Kurul Bildirimi GENEL KURUL TESCİLİ,https://www.kap.org.tr/tr/Bildirim/1411883,tr,2025-03-26T10:20:04+00:00
2025-03-26,KUVVA,KAP,KUVVA GIDA TİCARET VE SANAYİ YATIRIMLARI A.Ş. - Katılım Finansı İlkeleri Bilgi Formu,Katılım Finansı İlkeleri Bilgi Formu,https://www.kap.org.tr/tr/Bildirim/1412370,tr,2025-03-26T18:16:16+00:00
2025-03-26,KUYAS,KAP,KUYAŞ YATIRIM A.Ş. - Özel Durum Açıklaması (Genel),Özel Durum Açıklaması (Genel) İş Birliği,https://www.kap.org.tr/tr/Bildirim/1412229,tr,2025-03-26T17:37:21+00:00
2025-03-26,KZBGY,KAP,KIZILBÜK GAYRİMENKUL YATIRIM ORTAKLIĞI A.Ş. - Özel Durum Açıklaması (Genel),Özel Durum Açıklaması (Genel) İzmir 3. İdari Dava Dairesinin 2024/1105 Esas Sayılı Dosyası Davacıların İstinaf Başvurusunun Kesin Red Kararı,https://www.kap.org.tr/tr/Bildirim/1411958,tr,2025-03-26T13:57:12+00:00
2025-03-26,LILAK,KAP,LİLA KAĞIT SANAYİ VE TİCARET A.Ş. - Şirket Genel Bilgi Formu,Şirket Genel Bilgi Formu,https://www.kap.org.tr/tr/Bildirim/1412415,tr,2025-03-26T18:24:16+00:00
2025-03-26,LKMNH,KAP,LOKMAN HEKİM ENGÜRÜSAĞ SAĞLIK TURİZM EĞİTİM HİZMETLERİ VE İNŞAAT TAAHHÜT A.Ş. - Payların Geri Alınmasına İlişkin Bildirim,Payların Geri Alınmasına İlişkin Bildirim Hisse Geri Alımı,https://www.kap.org.tr/tr/Bildirim/1412505,tr,2025-03-26T19:54:35+00:00
2025-03-26,MAKIM,KAP,MAKİM MAKİNA TEKNOLOJİLERİ SANAYİ VE TİCARET A.Ş. - Bağımsız Denetim Kuruluşunun Belirlenmesi,Bağımsız Denetim Kuruluşunun Belirlenmesi Bağımsız Denetim Kuruluşunun Belirlenmesi,https://www.kap.org.tr/tr/Bildirim/1412206,tr,2025-03-26T17:19:41+00:00
2025-03-26,MAKIM,KAP,MAKİM MAKİNA TEKNOLOJİLERİ SANAYİ VE TİCARET A.Ş. - Kar Payı Dağıtım İşlemlerine İlişkin Bildirim,Kar Payı Dağıtım İşlemlerine İlişkin Bildirim Kar Payı Dağıtım İşlemlerine İlişkin Bildirim,https://www.kap.org.tr/tr/Bildirim/1412204,tr,2025-03-26T17:19:10+00:00
2025-03-26,MAKIM,KAP,MAKİM MAKİNA TEKNOLOJİLERİ SANAYİ VE TİCARET A.Ş. - Genel Kurul İşlemlerine İlişkin Bildirim,Genel Kurul İşlemlerine İlişkin Bildirim Genel Kurul İşlemlerine İlişkin Bildirim,https://www.kap.org.tr/tr/Bildirim/1412193,tr,2025-03-26T17:16:40+00:00
2025-03-26,MIATK,KAP,MİA TEKNOLOJİ A.Ş. - Özel Durum Açıklaması (Genel),Özel Durum Açıklaması (Genel) Güncel Yatırımcı Sunumu,https://www.kap.org.tr/tr/Bildirim/1412495,tr,2025-03-26T19:24:37+00:00
2025-03-26,MOPAS,KAP,MOPAŞ MARKETÇİLİK GIDA SANAYİ VE TİCARET A.Ş. - Esas Sözleşme,Esas Sözleşme Esas sözleşme,https://www.kap.org.tr/tr/Bildirim/1412264,tr,2025-03-26T17:52:47+00:00
2025-03-26,MOPAS,KAP,MOPAŞ MARKETÇİLİK GIDA SANAYİ VE TİCARET A.Ş. - Esas Sözleşme Tadili,Esas Sözleşme Tadili Esas Sozlesme Tadili Hakkında,https://www.kap.org.tr/tr/Bildirim/1412241,tr,2025-03-26T17:42:34+00:00
2025-03-26,MPARK,KAP,MLP SAĞLIK HİZMETLERİ A.Ş. - Faaliyet Raporu (Konsolide),Faaliyet Raporu (Konsolide) MPARK 2024 Yılı Konsolide Faaliyet Raporu - Bağımsız Denetim Görüşü Tarihi Güncellemesi,https://www.kap.org.tr/tr/Bildirim/1412492,tr,2025-03-26T19:11:39+00:00
2025-03-26,MRBAS,KAP,MARBAŞ MENKUL DEĞERLER A.Ş. - Şirket Genel Bilgi Formu,Şirket Genel Bilgi Formu,https://www.kap.org.tr/tr/Bildirim/1412317,tr,2025-03-26T18:06:06+00:00
2025-03-26,MRS,KAP,MARBAŞ MENKUL DEĞERLER A.Ş. - Şirket Genel Bilgi Formu,Şirket Genel Bilgi Formu,https://www.kap.org.tr/tr/Bildirim/1412317,tr,2025-03-26T18:06:06+00:00
2025-03-26,NATEN,KAP,NATUREL YENİLENEBİLİR ENERJİ TİCARET A.Ş. - Özel Durum Açıklaması (Genel),Özel Durum Açıklaması (Genel) ARAZİ TİPİ GÜNEŞ SANTRALİ Tamamlama ve İlgili Kurumlar Kabulü,https://www.kap.org.tr/tr/Bildirim/1412186,tr,2025-03-26T17:12:34+00:00
2025-03-26,NRBNK,KAP,NUROL YATIRIM BANKASI A.Ş. - Tertip İhraç Belgesi,Tertip İhraç Belgesi Nurol Yatırım Bankası A.Ş. Otosor Varlık Finansman Fonu Tertip İhraç Belgesi OTOSR,https://www.kap.org.tr/tr/Bildirim/1412272,tr,2025-03-26T17:58:44+00:00
2025-03-26,NRBNK,KAP,NUROL YATIRIM BANKASI A.Ş. - Pay Dışında Sermaye Piyasası Aracı İşlemlerine İlişkin Bildirim (Faiz İçeren),Pay Dışında Sermaye Piyasası Aracı İşlemlerine İlişkin Bildirim (Faiz İçeren) TRPNUR332513 ISIN Kodlu VDMK İtfası OTOSR,https://www.kap.org.tr/tr/Bildirim/1412271,tr,2025-03-26T17:58:31+00:00
2025-03-26,NRBNK,KAP,NUROL YATIRIM BANKASI A.Ş. - Kar Payı Bildirimi,Kar Payı Bildirimi Kar Payı Bildirimi,https://www.kap.org.tr/tr/Bildirim/1412270,tr,2025-03-26T17:58:17+00:00
2025-03-26,NRBNK,KAP,NUROL YATIRIM BANKASI A.Ş. - Genel Kurul Bildirimi,Genel Kurul Bildirimi 2024 Yılı Olağan Genel Kurul Toplantısı Sonuçları,https://www.kap.org.tr/tr/Bildirim/1412269,tr,2025-03-26T17:58:08+00:00
2025-03-26,NTHOL,KAP,NET HOLDİNG A.Ş. - Payların Geri Alınmasına İlişkin Bildirim,Payların Geri Alınmasına İlişkin Bildirim Şirketimizin kendi paylarının geri alımı hakkında,https://www.kap.org.tr/tr/Bildirim/1412446,tr,2025-03-26T18:30:36+00:00
2025-03-26,NUHCM,KAP,NUH ÇİMENTO SANAYİ A.Ş. - Şirket Genel Bilgi Formu,Şirket Genel Bilgi Formu,https://www.kap.org.tr/tr/Bildirim/1412012,tr,2025-03-26T15:03:03+00:00
2025-03-26,NUHCM,KAP,NUH ÇİMENTO SANAYİ A.Ş. - Yönetim Kurulu Komiteleri,Yönetim Kurulu Komiteleri Yönetim Kurulu Komite Üyeliklerinin Belirlenmesi,https://www.kap.org.tr/tr/Bildirim/1411982,tr,2025-03-26T14:34:37+00:00
2025-03-26,NURVK,KAP,NUROL VARLIK KİRALAMA A.Ş. - Genel Kurul Bildirimi,Genel Kurul Bildirimi 2024 Yılı Olağan Genel Kurul Toplantısı Sonuçları,https://www.kap.org.tr/tr/Bildirim/1412297,tr,2025-03-26T18:03:14+00:00
2025-03-26,NURVK,KAP,NUROL VARLIK KİRALAMA A.Ş. - İhraç Tavanına İlişkin Bildirim,İhraç Tavanına İlişkin Bildirim Kira Sertifikası İhracına İlişkin Yönetim Kurulu Kararı Alınması NRBNK,https://www.kap.org.tr/tr/Bildirim/1411967,tr,2025-03-26T14:10:48+00:00
2025-03-26,NYB,KAP,NUROL YATIRIM BANKASI A.Ş. - Tertip İhraç Belgesi,Tertip İhraç Belgesi Nurol Yatırım Bankası A.Ş. Otosor Varlık Finansman Fonu Tertip İhraç Belgesi OTOSR,https://www.kap.org.tr/tr/Bildirim/1412272,tr,2025-03-26T17:58:44+00:00
2025-03-26,NYB,KAP,NUROL YATIRIM BANKASI A.Ş. - Pay Dışında Sermaye Piyasası Aracı İşlemlerine İlişkin Bildirim (Faiz İçeren),Pay Dışında Sermaye Piyasası Aracı İşlemlerine İlişkin Bildirim (Faiz İçeren) TRPNUR332513 ISIN Kodlu VDMK İtfası OTOSR,https://www.kap.org.tr/tr/Bildirim/1412271,tr,2025-03-26T17:58:31+00:00
2025-03-26,NYB,KAP,NUROL YATIRIM BANKASI A.Ş. - Kar Payı Bildirimi,Kar Payı Bildirimi Kar Payı Bildirimi,https://www.kap.org.tr/tr/Bildirim/1412270,tr,2025-03-26T17:58:17+00:00
2025-03-26,NYB,KAP,NUROL YATIRIM BANKASI A.Ş. - Genel Kurul Bildirimi,Genel Kurul Bildirimi 2024 Yılı Olağan Genel Kurul Toplantısı Sonuçları,https://www.kap.org.tr/tr/Bildirim/1412269,tr,2025-03-26T17:58:08+00:00
2025-03-26,ONCSM,KAP,ONCOSEM ONKOLOJİK SİSTEMLER SANAYİ VE TİCARET A.Ş. - Kurumsal Yönetim Bilgi Formu (Güncelleme) - Yönetim Kurulu-2,Kurumsal Yönetim Bilgi Formu (Güncelleme) - Yönetim Kurulu-2 Kurumsal Yönetim Bilgi Formu (Güncelleme) - Yönetim Kurulu - 2,https://www.kap.org.tr/tr/Bildirim/1412042,tr,2025-03-26T15:23:44+00:00
2025-03-26,ONCSM,KAP,ONCOSEM ONKOLOJİK SİSTEMLER SANAYİ VE TİCARET A.Ş. - Yönetim Kurulu Komiteleri,Yönetim Kurulu Komiteleri Yönetim Kurulu Komiteleri Üyelikleri Hk.,https://www.kap.org.tr/tr/Bildirim/1412041,tr,2025-03-26T15:23:22+00:00
2025-03-26,OTKAR,KAP,OTOKAR OTOMOTİV VE SAVUNMA SANAYİ A.Ş. - Şirket Genel Bilgi Formu,Şirket Genel Bilgi Formu,https://www.kap.org.tr/tr/Bildirim/1412473,tr,2025-03-26T18:35:48+00:00
2025-03-26,OYA,KAP,OYAK YATIRIM MENKUL DEĞERLER A.Ş. - Piyasa Yapıcılığı Kapsamında Gerçekleştirilen İşlemler Bildirimi,Piyasa Yapıcılığı Kapsamında Gerçekleştirilen İşlemler Bildirimi 26/03/2025 TARİHLİ OYAYO PİYASA YAPICILIĞI İŞLEMLERİ OYAYO,https://www.kap.org.tr/tr/Bildirim/1412493,tr,2025-03-26T19:11:45+00:00
2025-03-26,OYAYO,KAP,OYAK YATIRIM ORTAKLIĞI A.Ş. - Özel Durum Açıklaması (Genel),"Özel Durum Açıklaması (Genel) Ortaklık paylarının BİAŞ'ta oluşan ağırlıklı ortalama fiyatının, pay başına net aktif değerinin 2 katını aşması hakkında",https://www.kap.org.tr/tr/Bildirim/1411915,tr,2025-03-26T11:20:12+00:00
2025-03-26,OYAYO,KAP,OYAK YATIRIM ORTAKLIĞI A.Ş. - Şirket Genel Bilgi Formu,Şirket Genel Bilgi Formu,https://www.kap.org.tr/tr/Bildirim/1411856,tr,2025-03-26T09:16:15+00:00
2025-03-26,OYYAT,KAP,OYAK YATIRIM MENKUL DEĞERLER A.Ş. - Piyasa Yapıcılığı Kapsamında Gerçekleştirilen İşlemler Bildirimi,Piyasa Yapıcılığı Kapsamında Gerçekleştirilen İşlemler Bildirimi 26/03/2025 TARİHLİ OYAYO PİYASA YAPICILIĞI İŞLEMLERİ OYAYO,https://www.kap.org.tr/tr/Bildirim/1412493,tr,2025-03-26T19:11:45+00:00
2025-03-26,OZGYO,KAP,ÖZDERİCİ GAYRİMENKUL YATIRIM ORTAKLIĞI A.Ş. - Payların Geri Alınmasına İlişkin Bildirim,Payların Geri Alınmasına İlişkin Bildirim 26.03.2025 Tarihli Pay Geri Alım İşlemleri,https://www.kap.org.tr/tr/Bildirim/1412507,tr,2025-03-26T20:09:54+00:00
2025-03-26,PKENT,KAP,PETROKENT TURİZM A.Ş. - Kar Payı Dağıtım İşlemlerine İlişkin Bildirim,Kar Payı Dağıtım İşlemlerine İlişkin Bildirim 2024 Olağan Genel Kurulu Kararına İstinaden Kar Payı Dağıtım Konusu Hk.,https://www.kap.org.tr/tr/Bildirim/1411961,tr,2025-03-26T13:58:36+00:00
2025-03-26,PKENT,KAP,PETROKENT TURİZM A.Ş. - Genel Kurul İşlemlerine İlişkin Bildirim,Genel Kurul İşlemlerine İlişkin Bildirim 2024 Yılı Olağan Genel Kurul Toplantısı Hk.,https://www.kap.org.tr/tr/Bildirim/1411954,tr,2025-03-26T13:51:51+00:00
2025-03-26,PNSUT,KAP,PINAR SÜT MAMÜLLERİ SANAYİİ A.Ş. - Katılım Finansı İlkeleri Bilgi Formu,Katılım Finansı İlkeleri Bilgi Formu,https://www.kap.org.tr/tr/Bildirim/1412477,tr,2025-03-26T18:38:52+00:00
2025-03-26,POLHO,KAP,POLİSAN HOLDİNG A.Ş. - Genel Kurul İşlemlerine İlişkin Bildirim,Genel Kurul İşlemlerine İlişkin Bildirim Genel Kurul İlanı,https://www.kap.org.tr/tr/Bildirim/1412650,tr,2025-03-26T22:30:49+00:00
2025-03-26,POLHO,KAP,POLİSAN HOLDİNG A.Ş. - Kar Payı Dağıtım İşlemlerine İlişkin Bildirim,Kar Payı Dağıtım İşlemlerine İlişkin Bildirim Yönetim Kurulunun Kar Dağıtım Teklifi,https://www.kap.org.tr/tr/Bildirim/1412647,tr,2025-03-26T22:29:46+00:00
2025-03-26,PRKAB,KAP,TÜRK PRYSMİAN KABLO VE SİSTEMLERİ A.Ş. - Bağımsız Denetim Kuruluşunun Belirlenmesi,Bağımsız Denetim Kuruluşunun Belirlenmesi Bağımsız Denetim Kuruluşunun Belirlenmesi,https://www.kap.org.tr/tr/Bildirim/1412350,tr,2025-03-26T18:11:09+00:00
2025-03-26,QNBFK,KAP,QNB FİNANSAL KİRALAMA A.Ş. - Pay Dışında Sermaye Piyasası Aracı İşlemlerine İlişkin Bildirim (Faiz İçeren),Pay Dışında Sermaye Piyasası Aracı İşlemlerine İlişkin Bildirim (Faiz İçeren) TRFFFKR32521 ISIN KODLU FİNANSMAN BONOSU İTFASI,https://www.kap.org.tr/tr/Bildirim/1412001,tr,2025-03-26T14:56:56+00:00
2025-03-26,QYATB,KAP,Q YATIRIM BANKASI A.Ş. - Özel Durum Açıklaması (Genel),Özel Durum Açıklaması (Genel) Genel Müdür Ataması Hk.,https://www.kap.org.tr/tr/Bildirim/1411972,tr,2025-03-26T14:20:49+00:00
2025-03-26,QYATB,KAP,Q YATIRIM BANKASI A.Ş. - Şirket Genel Bilgi Formu,Şirket Genel Bilgi Formu,https://www.kap.org.tr/tr/Bildirim/1411971,tr,2025-03-26T14:20:24+00:00
2025-03-26,RNPOL,KAP,RAİNBOW POLİKARBONAT SANAYİ TİCARET A.Ş. - Payların Geri Alınmasına İlişkin Bildirim,Payların Geri Alınmasına İlişkin Bildirim Payların Geri Alınmasına İlişkin Bildirim 6,https://www.kap.org.tr/tr/Bildirim/1412672,tr,2025-03-26T22:42:21+00:00
2025-03-26,SEGMN,KAP,SEĞMEN KARDEŞLER GIDA ÜRETİM VE AMBALAJ SANAYİ A.Ş. - Payların Geri Alınmasına İlişkin Bildirim,Payların Geri Alınmasına İlişkin Bildirim 26.03.2025 Tarihli Payların Geri Alınması hk.,https://www.kap.org.tr/tr/Bildirim/1412363,tr,2025-03-26T18:12:54+00:00
2025-03-26,SURGY,KAP,SUR TATİL EVLERİ GAYRİMENKUL YATIRIM ORTAKLIĞI A.Ş. - Katılım Finansı İlkeleri Bilgi Formu,Katılım Finansı İlkeleri Bilgi Formu,https://www.kap.org.tr/tr/Bildirim/1412364,tr,2025-03-26T18:13:24+00:00
2025-03-26,TAE,KAP,TERA YATIRIM BANKASI A.Ş. - Genel Kurul Bildirimi,Genel Kurul Bildirimi Olağan Genel Kurul Toplantısı Bildirimi,https://www.kap.org.tr/tr/Bildirim/1412183,tr,2025-03-26T17:08:27+00:00
2025-03-26,TAMFA,KAP,TAM FİNANS FAKTORİNG A.Ş. - İhraç Tavanına İlişkin Bildirim,İhraç Tavanına İlişkin Bildirim Sermaye Piyasası Aracına İlişkin yapılan SPK Başvurusu,https://www.kap.org.tr/tr/Bildirim/1412150,tr,2025-03-26T16:54:05+00:00
2025-03-26,TAVHL,KAP,TAV HAVALİMANLARI HOLDİNG A.Ş. - Kar Payı Dağıtım İşlemlerine İlişkin Bildirim,Kar Payı Dağıtım İşlemlerine İlişkin Bildirim Kar Payı Dağıtımı,https://www.kap.org.tr/tr/Bildirim/1411945,tr,2025-03-26T13:11:22+00:00
2025-03-26,TAVHL,KAP,TAV HAVALİMANLARI HOLDİNG A.Ş. - Genel Kurul İşlemlerine İlişkin Bildirim,Genel Kurul İşlemlerine İlişkin Bildirim 2024 Olağan Genel Kurul Toplantı Sonucu,https://www.kap.org.tr/tr/Bildirim/1411944,tr,2025-03-26T13:02:49+00:00
2025-03-26,TCELL,KAP,TURKCELL İLETİŞİM HİZMETLERİ A.Ş. - Esas Sözleşme Tadili,Esas Sözleşme Tadili Esas Sözleşme Tadili SPK Onayı,https://www.kap.org.tr/tr/Bildirim/1412483,tr,2025-03-26T18:51:14+00:00
2025-03-26,TCELL,KAP,TURKCELL İLETİŞİM HİZMETLERİ A.Ş. - Şirket Genel Bilgi Formu,Şirket Genel Bilgi Formu,https://www.kap.org.tr/tr/Bildirim/1411831,tr,2025-03-26T00:23:43+00:00
2025-03-26,TCELL,KAP,TURKCELL İLETİŞİM HİZMETLERİ A.Ş. - Özel Durum Açıklaması (Genel),Özel Durum Açıklaması (Genel) Turktell Bilişim Servisleri A.Ş. Sermaye Artışı,https://www.kap.org.tr/tr/Bildirim/1411830,tr,2025-03-26T00:23:27+00:00
2025-03-26,TCELL,KAP,TURKCELL İLETİŞİM HİZMETLERİ A.Ş. - İhraç Tavanına İlişkin Bildirim,İhraç Tavanına İlişkin Bildirim Borçlanma Aracı İhracına İlişkin Yönetim Kurulu Kararı,https://www.kap.org.tr/tr/Bildirim/1411829,tr,2025-03-26T00:23:14+00:00
2025-03-26,TCELL,KAP,TURKCELL İLETİŞİM HİZMETLERİ A.Ş. - Özel Durum Açıklaması (Genel),Özel Durum Açıklaması (Genel) Pay Geri Alım Programı,https://www.kap.org.tr/tr/Bildirim/1411828,tr,2025-03-26T00:22:52+00:00
2025-03-26,TCELL,KAP,TURKCELL İLETİŞİM HİZMETLERİ A.Ş. - Özel Durum Açıklaması (Genel),Özel Durum Açıklaması (Genel) Şirketimiz Menkul Kıymetlerinin Geri Alımı Hakkında Yönetim Kurulu Kararı,https://www.kap.org.tr/tr/Bildirim/1411827,tr,2025-03-26T00:22:20+00:00
2025-03-26,TCELL,KAP,TURKCELL İLETİŞİM HİZMETLERİ A.Ş. - Kar Payı Dağıtım İşlemlerine İlişkin Bildirim,Kar Payı Dağıtım İşlemlerine İlişkin Bildirim Yönetim Kurulu Kar Payı Dağıtım Teklifi Kararı,https://www.kap.org.tr/tr/Bildirim/1411826,tr,2025-03-26T00:21:03+00:00
2025-03-26,TCELL,KAP,TURKCELL İLETİŞİM HİZMETLERİ A.Ş. - Genel Kurul İşlemlerine İlişkin Bildirim,Genel Kurul İşlemlerine İlişkin Bildirim Olağan Genel Kurul Toplantısı Kararı ve Davet Duyurusu,https://www.kap.org.tr/tr/Bildirim/1411825,tr,2025-03-26T00:09:35+00:00
2025-03-26,TCKRC,KAP,KIRAÇ GALVANİZ TELEKOMİNİKASYON METAL MAKİNE İNŞAAT ELEKTRİK SANAYİ VE TİCARET A.Ş. - Payların Geri Alınmasına İlişkin Bildirim,Payların Geri Alınmasına İlişkin Bildirim Payların Geri Alınmasına İlişkin Bildirim,https://www.kap.org.tr/tr/Bildirim/1411849,tr,2025-03-26T09:02:28+00:00
2025-03-26,TEHOL,KAP,PERA YATIRIM HOLDİNG A.Ş. - Özel Durum Açıklaması (Genel),"Özel Durum Açıklaması (Genel) İş Birliği KUYAS, TERA",https://www.kap.org.tr/tr/Bildirim/1412416,tr,2025-03-26T18:24:30+00:00
2025-03-26,TERA,KAP,TERA YATIRIM MENKUL DEĞERLER A.Ş. - Payların Geri Alınmasına İlişkin Bildirim,Payların Geri Alınmasına İlişkin Bildirim 26.03.2025 Tarihli Pay Geri Alım İşlemleri,https://www.kap.org.tr/tr/Bildirim/1412523,tr,2025-03-26T20:43:55+00:00
2025-03-26,TEZOL,KAP,EUROPAP TEZOL KAĞIT SANAYİ VE TİCARET A.Ş. - Payların Geri Alınmasına İlişkin Bildirim,Payların Geri Alınmasına İlişkin Bildirim Şirket paylarının geri alımına ilişkin programın başlatılması hakkında,https://www.kap.org.tr/tr/Bildirim/1411866,tr,2025-03-26T09:53:26+00:00
2025-03-26,TFNVK,KAP,TF VARLIK KİRALAMA A.Ş. - Şirket Genel Bilgi Formu,Şirket Genel Bilgi Formu,https://www.kap.org.tr/tr/Bildirim/1411885,tr,2025-03-26T10:21:18+00:00
2025-03-26,TFNVK,KAP,TF VARLIK KİRALAMA A.Ş. - Pay Dışında Sermaye Piyasası Aracı İşlemlerine İlişkin Bildirim (Faizsiz),Pay Dışında Sermaye Piyasası Aracı İşlemlerine İlişkin Bildirim (Faizsiz) 1.Tertip Kira Sertifikası Satışının Tamamlanması hk.,https://www.kap.org.tr/tr/Bildirim/1411852,tr,2025-03-26T09:04:39+00:00
2025-03-26,THL,KAP,TÜRKİYE HALK BANKASI A.Ş. - Payların Geri Alınmasına İlişkin Bildirim,Payların Geri Alınmasına İlişkin Bildirim Pay Geri Alımı,https://www.kap.org.tr/tr/Bildirim/1412449,tr,2025-03-26T18:31:49+00:00
2025-03-26,THR,KAP,TÜRKİYE İHRACAT KREDİ BANKASI A.Ş. - Pay Dışında Sermaye Piyasası Aracı İşlemlerine İlişkin Bildirim (Faiz İçeren),Pay Dışında Sermaye Piyasası Aracı İşlemlerine İlişkin Bildirim (Faiz İçeren) GMTN programı çerçevesinde yurt dışında borçlanma aracı ihracı,https://www.kap.org.tr/tr/Bildirim/1412102,tr,2025-03-26T16:03:15+00:00
2025-03-26,THR,KAP,TÜRKİYE İHRACAT KREDİ BANKASI A.Ş. - Pay Dışında Sermaye Piyasası Aracı İşlemlerine İlişkin Bildirim (Faiz İçeren),Pay Dışında Sermaye Piyasası Aracı İşlemlerine İlişkin Bildirim (Faiz İçeren) XS2908897155 ISIN Kodlu Finansman Bonosunun İtfası Hk,https://www.kap.org.tr/tr/Bildirim/1411976,tr,2025-03-26T14:30:06+00:00
2025-03-26,TMPOL,KAP,TEMAPOL POLİMER PLASTİK VE İNŞAAT SANAYİ TİCARET A.Ş. - Kar Payı Dağıtım İşlemlerine İlişkin Bildirim,Kar Payı Dağıtım İşlemlerine İlişkin Bildirim 2024 Yılı Karı için Olağan Genel Kurula sunulacak teklif,https://www.kap.org.tr/tr/Bildirim/1412100,tr,2025-03-26T16:00:39+00:00
2025-03-26,TMPOL,KAP,TEMAPOL POLİMER PLASTİK VE İNŞAAT SANAYİ TİCARET A.Ş. - Bağımsız Denetim Kuruluşunun Belirlenmesi,Bağımsız Denetim Kuruluşunun Belirlenmesi Bağımsız Denetim Firması seçimi hakkında Yönetim Kurulu Kararı,https://www.kap.org.tr/tr/Bildirim/1412097,tr,2025-03-26T16:00:04+00:00
2025-03-26,TMPOL,KAP,TEMAPOL POLİMER PLASTİK VE İNŞAAT SANAYİ TİCARET A.Ş. - Genel Kurul İşlemlerine İlişkin Bildirim,Genel Kurul İşlemlerine İlişkin Bildirim 2024 Yılı Olağan Genel Kurul Çağrısı,https://www.kap.org.tr/tr/Bildirim/1412076,tr,2025-03-26T15:46:42+00:00
2025-03-26,TRA,KAP,TERA YATIRIM MENKUL DEĞERLER A.Ş. - Payların Geri Alınmasına İlişkin Bildirim,Payların Geri Alınmasına İlişkin Bildirim 26.03.2025 Tarihli Pay Geri Alım İşlemleri,https://www.kap.org.tr/tr/Bildirim/1412523,tr,2025-03-26T20:43:55+00:00
2025-03-26,TRBNK,KAP,TERA YATIRIM BANKASI A.Ş. - Genel Kurul Bildirimi,Genel Kurul Bildirimi Olağan Genel Kurul Toplantısı Bildirimi,https://www.kap.org.tr/tr/Bildirim/1412183,tr,2025-03-26T17:08:27+00:00
2025-03-26,TRENJ,KAP,İPEK DOĞAL ENERJİ KAYNAKLARI ARAŞTIRMA VE ÜRETİM A.Ş. - Katılım Finansı İlkeleri Bilgi Formu,Katılım Finansı İlkeleri Bilgi Formu,https://www.kap.org.tr/tr/Bildirim/1412487,tr,2025-03-26T19:01:29+00:00
2025-03-26,TRHOL,KAP,DAGİ YATIRIM HOLDİNG A.Ş. - Payların Geri Alınmasına İlişkin Bildirim,Payların Geri Alınmasına İlişkin Bildirim 26.03.2025 Tarihli Pay Geri Alım İşlemleri,https://www.kap.org.tr/tr/Bildirim/1412524,tr,2025-03-26T20:44:46+00:00
2025-03-26,TRMET,KAP,KOZA ANADOLU METAL MADENCİLİK İŞLETMELERİ A.Ş. - Katılım Finansı İlkeleri Bilgi Formu,Katılım Finansı İlkeleri Bilgi Formu,https://www.kap.org.tr/tr/Bildirim/1412485,tr,2025-03-26T18:57:12+00:00
2025-03-26,TRYKI,KAP,TİRYAKİ AGRO GIDA SANAYİ VE TİCARET A.Ş. - Pay Dışında Sermaye Piyasası Aracı İşlemlerine İlişkin Bildirim (Faiz İçeren),Pay Dışında Sermaye Piyasası Aracı İşlemlerine İlişkin Bildirim (Faiz İçeren) TRFTRYK62512 ISIN Kodlu Finansman Bonosu 3.Kupon Dönemine İlişkin Faiz Oranı Hakkında,https://www.kap.org.tr/tr/Bildirim/1412130,tr,2025-03-26T16:41:40+00:00
2025-03-26,TTKOM,KAP,TÜRK TELEKOMÜNİKASYON A.Ş. - Kar Payı Dağıtım İşlemlerine İlişkin Bildirim,Kar Payı Dağıtım İşlemlerine İlişkin Bildirim Kar Payı Dağıtımına İlişkin Yönetim Kurulu Kararı,https://www.kap.org.tr/tr/Bildirim/1412677,tr,2025-03-26T23:00:33+00:00
2025-03-26,TTKOM,KAP,TÜRK TELEKOMÜNİKASYON A.Ş. - Genel Kurul İşlemlerine İlişkin Bildirim,Genel Kurul İşlemlerine İlişkin Bildirim 2024 Yılı Olağan Genel Kurul Toplantısı,https://www.kap.org.tr/tr/Bildirim/1412676,tr,2025-03-26T23:00:07+00:00
2025-03-26,TTKOM,KAP,TÜRK TELEKOMÜNİKASYON A.Ş. - Bağımsız Denetim Kuruluşunun Belirlenmesi,Bağımsız Denetim Kuruluşunun Belirlenmesi Bağımsız Denetim Firmasının Seçilmesi Hakkında,https://www.kap.org.tr/tr/Bildirim/1412675,tr,2025-03-26T22:59:46+00:00
2025-03-26,TTRAK,KAP,TÜRK TRAKTÖR VE ZİRAAT MAKİNELERİ A.Ş. - Özel Durum Açıklaması (Genel),Özel Durum Açıklaması (Genel) Yönetici Sorumluluk Sigortası,https://www.kap.org.tr/tr/Bildirim/1412480,tr,2025-03-26T18:46:15+00:00
2025-03-26,TUPRS,KAP,TÜPRAŞ-TÜRKİYE PETROL RAFİNERİLERİ A.Ş. - Kredi Derecelendirmesi,Kredi Derecelendirmesi Moody's Kredi Derecelendirme Notu,https://www.kap.org.tr/tr/Bildirim/1411860,tr,2025-03-26T09:27:55+00:00
2025-03-26,TURSG,KAP,TÜRKİYE SİGORTA A.Ş. - Genel Kurul İşlemlerine İlişkin Bildirim,Genel Kurul İşlemlerine İlişkin Bildirim Gündemde Yer Alan Kayıtlı Sermaye Tavanın Hak Kullanım Sürecine Dahil Edilmesi,https://www.kap.org.tr/tr/Bildirim/1411966,tr,2025-03-26T14:00:46+00:00
2025-03-26,TVB,KAP,TÜRKİYE VAKIFLAR BANKASI T.A.O. - Pay Dışında Sermaye Piyasası Aracı İşlemlerine İlişkin Bildirim (Faiz İçeren),Pay Dışında Sermaye Piyasası Aracı İşlemlerine İlişkin Bildirim (Faiz İçeren) GMTN Programı Çerçevesinde Türkiye Dışında Sürdürülebilir Borçlanma Aracı İhracı SPK Onayı,https://www.kap.org.tr/tr/Bildirim/1412129,tr,2025-03-26T16:41:08+00:00
2025-03-26,ULAS,KAP,ULAŞLAR TURİZM ENERJİ TARIM GIDA VE İNŞAAT YATIRIMLARI A.Ş. - Katılım Finansı İlkeleri Bilgi Formu,Katılım Finansı İlkeleri Bilgi Formu,https://www.kap.org.tr/tr/Bildirim/1412366,tr,2025-03-26T18:15:14+00:00
2025-03-26,USAK,KAP,UŞAK SERAMİK SANAYİ A.Ş. - Kayıtlı Sermaye Tavanı İşlemlerine İlişkin Bildirim,Kayıtlı Sermaye Tavanı İşlemlerine İlişkin Bildirim Kayıtlı Sermaye Tavanı Arttırımı ve Geçerlilik Süresinin Uzatılması Hakkında,https://www.kap.org.tr/tr/Bildirim/1412292,tr,2025-03-26T18:02:39+00:00
2025-03-26,VAKBN,KAP,TÜRKİYE VAKIFLAR BANKASI T.A.O. - Pay Dışında Sermaye Piyasası Aracı İşlemlerine İlişkin Bildirim (Faiz İçeren),Pay Dışında Sermaye Piyasası Aracı İşlemlerine İlişkin Bildirim (Faiz İçeren) GMTN Programı Çerçevesinde Türkiye Dışında Sürdürülebilir Borçlanma Aracı İhracı SPK Onayı,https://www.kap.org.tr/tr/Bildirim/1412129,tr,2025-03-26T16:41:08+00:00
2025-03-26,VAKVK,KAP,VAKIF VARLIK KİRALAMA A.Ş. - Genel Kurul Bildirimi,Genel Kurul Bildirimi 2024 Yılı Olağan Genel Kurul Toplantı Sonucu,https://www.kap.org.tr/tr/Bildirim/1412143,tr,2025-03-26T16:50:54+00:00
2025-03-26,VKFYO,KAP,VAKIF MENKUL KIYMET YATIRIM ORTAKLIĞI A.Ş. - Özel Durum Açıklaması (Genel),"Özel Durum Açıklaması (Genel) Şirketimizin BİAŞ'da oluşan ağırlıklı ortalama fiyatın, pay başına net aktif değerin 2 katını aşması sebebiyle yapılan açıklamadır",https://www.kap.org.tr/tr/Bildirim/1412240,tr,2025-03-26T17:40:57+00:00
2025-03-26,YBQ,KAP,Q YATIRIM BANKASI A.Ş. - Özel Durum Açıklaması (Genel),Özel Durum Açıklaması (Genel) Genel Müdür Ataması Hk.,https://www.kap.org.tr/tr/Bildirim/1411972,tr,2025-03-26T14:20:49+00:00
2025-03-26,YBQ,KAP,Q YATIRIM BANKASI A.Ş. - Şirket Genel Bilgi Formu,Şirket Genel Bilgi Formu,https://www.kap.org.tr/tr/Bildirim/1411971,tr,2025-03-26T14:20:24+00:00
2025-03-26,YEOTK,KAP,YEO TEKNOLOJİ ENERJİ VE ENDÜSTRİ A.Ş. - Katılım Finansı İlkeleri Bilgi Formu,Katılım Finansı İlkeleri Bilgi Formu,https://www.kap.org.tr/tr/Bildirim/1412506,tr,2025-03-26T20:05:45+00:00
2025-03-26,YEOTK,KAP,YEO TEKNOLOJİ ENERJİ VE ENDÜSTRİ A.Ş. - Kurumsal Yönetim Bilgi Formu,Kurumsal Yönetim Bilgi Formu Kurumsal yönetim bilgi formu.,https://www.kap.org.tr/tr/Bildirim/1411837,tr,2025-03-26T00:28:17+00:00
2025-03-26,YEOTK,KAP,YEO TEKNOLOJİ ENERJİ VE ENDÜSTRİ A.Ş. - Kurumsal Yönetim Uyum Raporu,Kurumsal Yönetim Uyum Raporu Kurumsal yönetim uyum raporu,https://www.kap.org.tr/tr/Bildirim/1411836,tr,2025-03-26T00:27:15+00:00
2025-03-26,YEOTK,KAP,YEO TEKNOLOJİ ENERJİ VE ENDÜSTRİ A.Ş. - Sürdürülebilirlik Uyum Raporu,Sürdürülebilirlik Uyum Raporu Sürdürülebilirlik uyum raporu.,https://www.kap.org.tr/tr/Bildirim/1411835,tr,2025-03-26T00:27:03+00:00
2025-03-26,YEOTK,KAP,YEO TEKNOLOJİ ENERJİ VE ENDÜSTRİ A.Ş. - Sorumluluk Beyanı (Konsolide),Sorumluluk Beyanı (Konsolide) Sorumluluk Beyanı.,https://www.kap.org.tr/tr/Bildirim/1411834,tr,2025-03-26T00:26:48+00:00
2025-03-26,YEOTK,KAP,YEO TEKNOLOJİ ENERJİ VE ENDÜSTRİ A.Ş. - Faaliyet Raporu (Konsolide),Faaliyet Raporu (Konsolide) 01.0.2024 - 31.12.2024 Faaliyet raporu.,https://www.kap.org.tr/tr/Bildirim/1411833,tr,2025-03-26T00:26:18+00:00
2025-03-26,YEOTK,KAP,YEO TEKNOLOJİ ENERJİ VE ENDÜSTRİ A.Ş. - Finansal Rapor,Finansal Rapor,https://www.kap.org.tr/tr/Bildirim/1411832,tr,2025-03-26T00:25:42+00:00
2025-03-26,YKB,KAP,YAPI VE KREDİ BANKASI A.Ş. - Bağımsız Denetim Kuruluşunun Belirlenmesi,Bağımsız Denetim Kuruluşunun Belirlenmesi Bağımsız Denetim Kuruluşu seçiminin Genel Kurul'ca onaylanması,https://www.kap.org.tr/tr/Bildirim/1412520,tr,2025-03-26T20:32:36+00:00
2025-03-26,YKB,KAP,YAPI VE KREDİ BANKASI A.Ş. - Kar Payı Dağıtım İşlemlerine İlişkin Bildirim,Kar Payı Dağıtım İşlemlerine İlişkin Bildirim Kar dağıtımının Genel Kurul tarafından onaylanması,https://www.kap.org.tr/tr/Bildirim/1412519,tr,2025-03-26T20:32:25+00:00
2025-03-26,YKB,KAP,YAPI VE KREDİ BANKASI A.Ş. - Genel Kurul İşlemlerine İlişkin Bildirim,Genel Kurul İşlemlerine İlişkin Bildirim Olağan Genel Kurul Toplantı Sonucu,https://www.kap.org.tr/tr/Bildirim/1412509,tr,2025-03-26T20:16:50+00:00
2025-03-26,YKB,KAP,YAPI VE KREDİ BANKASI A.Ş. - Pay Dışında Sermaye Piyasası Aracı İşlemlerine İlişkin Bildirim (Faiz İçeren),Pay Dışında Sermaye Piyasası Aracı İşlemlerine İlişkin Bildirim (Faiz İçeren) Özkaynak hesaplamasına dahil edilebilir nitelikte yurtiçinde ihraç edilen borçlanma aracının kupon oranı,https://www.kap.org.tr/tr/Bildirim/1412214,tr,2025-03-26T17:26:04+00:00
2025-03-26,YKB,KAP,YAPI VE KREDİ BANKASI A.Ş. - Pay Dışında Sermaye Piyasası Aracı İşlemlerine İlişkin Bildirim (Faiz İçeren),Pay Dışında Sermaye Piyasası Aracı İşlemlerine İlişkin Bildirim (Faiz İçeren) Yurtdışında borçlanma aracı ihracının tamamlanması,https://www.kap.org.tr/tr/Bildirim/1412181,tr,2025-03-26T17:07:33+00:00
2025-03-26,YKB,KAP,YAPI VE KREDİ BANKASI A.Ş. - Pay Dışında Sermaye Piyasası Aracı İşlemlerine İlişkin Bildirim (Faiz İçeren),Pay Dışında Sermaye Piyasası Aracı İşlemlerine İlişkin Bildirim (Faiz İçeren) Yurtdışında borçlanma aracı ihracının tamamlanması,https://www.kap.org.tr/tr/Bildirim/1412180,tr,2025-03-26T17:07:10+00:00
2025-03-26,YKB,KAP,YAPI VE KREDİ BANKASI A.Ş. - Pay Dışında Sermaye Piyasası Aracı İşlemlerine İlişkin Bildirim (Faiz İçeren),Pay Dışında Sermaye Piyasası Aracı İşlemlerine İlişkin Bildirim (Faiz İçeren) Özkaynak hesaplamasına dahil edilebilir nitelikte yurtiçinde ihraç edilen borçlanma aracının kupon ödemesi,https://www.kap.org.tr/tr/Bildirim/1411879,tr,2025-03-26T10:09:45+00:00
2025-03-26,YKBNK,KAP,YAPI VE KREDİ BANKASI A.Ş. - Bağımsız Denetim Kuruluşunun Belirlenmesi,Bağımsız Denetim Kuruluşunun Belirlenmesi Bağımsız Denetim Kuruluşu seçiminin Genel Kurul'ca onaylanması,https://www.kap.org.tr/tr/Bildirim/1412520,tr,2025-03-26T20:32:36+00:00
2025-03-26,YKBNK,KAP,YAPI VE KREDİ BANKASI A.Ş. - Kar Payı Dağıtım İşlemlerine İlişkin Bildirim,Kar Payı Dağıtım İşlemlerine İlişkin Bildirim Kar dağıtımının Genel Kurul tarafından onaylanması,https://www.kap.org.tr/tr/Bildirim/1412519,tr,2025-03-26T20:32:25+00:00
2025-03-26,YKBNK,KAP,YAPI VE KREDİ BANKASI A.Ş. - Genel Kurul İşlemlerine İlişkin Bildirim,Genel Kurul İşlemlerine İlişkin Bildirim Olağan Genel Kurul Toplantı Sonucu,https://www.kap.org.tr/tr/Bildirim/1412509,tr,2025-03-26T20:16:50+00:00
2025-03-26,YKBNK,KAP,YAPI VE KREDİ BANKASI A.Ş. - Pay Dışında Sermaye Piyasası Aracı İşlemlerine İlişkin Bildirim (Faiz İçeren),Pay Dışında Sermaye Piyasası Aracı İşlemlerine İlişkin Bildirim (Faiz İçeren) Özkaynak hesaplamasına dahil edilebilir nitelikte yurtiçinde ihraç edilen borçlanma aracının kupon oranı,https://www.kap.org.tr/tr/Bildirim/1412214,tr,2025-03-26T17:26:04+00:00
2025-03-26,YKBNK,KAP,YAPI VE KREDİ BANKASI A.Ş. - Pay Dışında Sermaye Piyasası Aracı İşlemlerine İlişkin Bildirim (Faiz İçeren),Pay Dışında Sermaye Piyasası Aracı İşlemlerine İlişkin Bildirim (Faiz İçeren) Yurtdışında borçlanma aracı ihracının tamamlanması,https://www.kap.org.tr/tr/Bildirim/1412181,tr,2025-03-26T17:07:33+00:00
2025-03-26,YKBNK,KAP,YAPI VE KREDİ BANKASI A.Ş. - Pay Dışında Sermaye Piyasası Aracı İşlemlerine İlişkin Bildirim (Faiz İçeren),Pay Dışında Sermaye Piyasası Aracı İşlemlerine İlişkin Bildirim (Faiz İçeren) Yurtdışında borçlanma aracı ihracının tamamlanması,https://www.kap.org.tr/tr/Bildirim/1412180,tr,2025-03-26T17:07:10+00:00
2025-03-26,YKBNK,KAP,YAPI VE KREDİ BANKASI A.Ş. - Pay Dışında Sermaye Piyasası Aracı İşlemlerine İlişkin Bildirim (Faiz İçeren),Pay Dışında Sermaye Piyasası Aracı İşlemlerine İlişkin Bildirim (Faiz İçeren) Özkaynak hesaplamasına dahil edilebilir nitelikte yurtiçinde ihraç edilen borçlanma aracının kupon ödemesi,https://www.kap.org.tr/tr/Bildirim/1411879,tr,2025-03-26T10:09:45+00:00
2025-03-26,YYLGD,KAP,YAYLA AGRO GIDA SANAYİ VE TİCARET A.Ş. - Payların Geri Alınmasına İlişkin Bildirim,Payların Geri Alınmasına İlişkin Bildirim Payların Geri Alınmasına İlişkin Bildirim,https://www.kap.org.tr/tr/Bildirim/1412382,tr,2025-03-26T18:18:40+00:00
2025-03-27,AEFES,KAP,ANADOLU EFES BİRACILIK VE MALT SANAYİİ A.Ş. - Bağımsız Denetim Kuruluşunun Belirlenmesi,Bağımsız Denetim Kuruluşunun Belirlenmesi Bağımsız Denetim Şirketinin Seçilmesi hk,https://www.kap.org.tr/tr/Bildirim/1413291,tr,2025-03-27T17:27:28+00:00
2025-03-27,AFYON,KAP,AFYON ÇİMENTO SANAYİ T.A.Ş. - Bağımsız Denetim Kuruluşunun Belirlenmesi,Bağımsız Denetim Kuruluşunun Belirlenmesi Bağımsız Denetim Kuruluşu Seçimi,https://www.kap.org.tr/tr/Bildirim/1413661,tr,2025-03-27T19:45:07+00:00
2025-03-27,AFYON,KAP,AFYON ÇİMENTO SANAYİ T.A.Ş. - Kar Payı Dağıtım İşlemlerine İlişkin Bildirim,Kar Payı Dağıtım İşlemlerine İlişkin Bildirim 2024 yılına ait karın kullanım şekli ile ilgili Genel Kurul kararı,https://www.kap.org.tr/tr/Bildirim/1413655,tr,2025-03-27T19:41:28+00:00
2025-03-27,AFYON,KAP,AFYON ÇİMENTO SANAYİ T.A.Ş. - Genel Kurul İşlemlerine İlişkin Bildirim,Genel Kurul İşlemlerine İlişkin Bildirim Olağan Genel Kurul Sonuç Bildirimi,https://www.kap.org.tr/tr/Bildirim/1413631,tr,2025-03-27T19:25:32+00:00
2025-03-27,AGESA,KAP,AGESA HAYAT VE EMEKLİLİK A.Ş. - Payların Geri Alınmasına İlişkin Bildirim,Payların Geri Alınmasına İlişkin Bildirim Günlük Pay Geri Alım İşlemleri,https://www.kap.org.tr/tr/Bildirim/1413557,tr,2025-03-27T18:56:29+00:00
2025-03-27,AGESA,KAP,AGESA HAYAT VE EMEKLİLİK A.Ş. - Genel Kurul İşlemlerine İlişkin Bildirim,Genel Kurul İşlemlerine İlişkin Bildirim 19 Mart 2025 tarihli 2024 yılı Olağan Genel Kurulu'nun Tescil ve İlanı,https://www.kap.org.tr/tr/Bildirim/1413301,tr,2025-03-27T17:33:16+00:00
2025-03-27,AGHOL,KAP,AG ANADOLU GRUBU HOLDİNG A.Ş. - Bağımsız Denetim Kuruluşunun Belirlenmesi,Bağımsız Denetim Kuruluşunun Belirlenmesi Bağımsız dış denetim şirketi seçimi hakkında açıklama,https://www.kap.org.tr/tr/Bildirim/1413394,tr,2025-03-27T18:15:40+00:00
2025-03-27,AGHOL,KAP,AG ANADOLU GRUBU HOLDİNG A.Ş. - Genel Kurul İşlemlerine İlişkin Bildirim,Genel Kurul İşlemlerine İlişkin Bildirim Genel Kurul Toplantı Daveti,https://www.kap.org.tr/tr/Bildirim/1413392,tr,2025-03-27T18:15:30+00:00
2025-03-27,AGHOL,KAP,AG ANADOLU GRUBU HOLDİNG A.Ş. - Kar Payı Dağıtım İşlemlerine İlişkin Bildirim,Kar Payı Dağıtım İşlemlerine İlişkin Bildirim Kar Dağıtım Teklifi,https://www.kap.org.tr/tr/Bildirim/1413389,tr,2025-03-27T18:15:21+00:00
2025-03-27,AGROT,KAP,AGROTECH YÜKSEK TEKNOLOJİ VE YATIRIM A.Ş. - Payların Geri Alınmasına İlişkin Bildirim,Payların Geri Alınmasına İlişkin Bildirim Pay Geri Alım Programının Başlatılması Hk.,https://www.kap.org.tr/tr/Bildirim/1412683,tr,2025-03-27T00:06:18+00:00
2025-03-27,AHGAZ,KAP,AHLATCI DOĞAL GAZ DAĞITIM ENERJİ VE YATIRIM A.Ş. - Şirket Genel Bilgi Formu,Şirket Genel Bilgi Formu,https://www.kap.org.tr/tr/Bildirim/1413463,tr,2025-03-27T18:31:37+00:00
2025-03-27,AHGAZ,KAP,AHLATCI DOĞAL GAZ DAĞITIM ENERJİ VE YATIRIM A.Ş. - Payların Geri Alınmasına İlişkin Bildirim,Payların Geri Alınmasına İlişkin Bildirim 27.03.2025 Tarihli Pay Geri Alım İşlemleri,https://www.kap.org.tr/tr/Bildirim/1413458,tr,2025-03-27T18:30:00+00:00
2025-03-27,AKM,KAP,AK YATIRIM MENKUL DEĞERLER A.Ş. - Pay Dışında Sermaye Piyasası Aracı İşlemlerine İlişkin Bildirim (Faiz İçeren),Pay Dışında Sermaye Piyasası Aracı İşlemlerine İlişkin Bildirim (Faiz İçeren) TRFAKYM52548 Isın Kodlu Bono İhracı Hakkında,https://www.kap.org.tr/tr/Bildirim/1412856,tr,2025-03-27T11:54:27+00:00
2025-03-27,AKM,KAP,AK YATIRIM MENKUL DEĞERLER A.Ş. - Pay Dışında Sermaye Piyasası Aracı İşlemlerine İlişkin Bildirim (Faiz İçeren),Pay Dışında Sermaye Piyasası Aracı İşlemlerine İlişkin Bildirim (Faiz İçeren) 27.03.2025 Vadeli Borçlanma Aracının İtfası,https://www.kap.org.tr/tr/Bildirim/1412795,tr,2025-03-27T10:34:17+00:00
2025-03-27,AKM,KAP,AK YATIRIM MENKUL DEĞERLER A.Ş. - Pay Dışında Sermaye Piyasası Aracı İşlemlerine İlişkin Bildirim (Faiz İçeren),Pay Dışında Sermaye Piyasası Aracı İşlemlerine İlişkin Bildirim (Faiz İçeren) 27.03.2025 Vadeli Borçlanma Aracının İtfası,https://www.kap.org.tr/tr/Bildirim/1412794,tr,2025-03-27T10:34:06+00:00
2025-03-27,AKM,KAP,AK YATIRIM MENKUL DEĞERLER A.Ş. - Yatırım Kuruluşu Varant - Sertifika - Senetlerine İlişkin Bildirim,Yatırım Kuruluşu Varant - Sertifika - Senetlerine İlişkin Bildirim 26.03.2025 Vadeli Brent Petrol Varantlarının İtfa Fiyatları,https://www.kap.org.tr/tr/Bildirim/1412793,tr,2025-03-27T10:33:57+00:00
2025-03-27,AKMEN,KAP,AK YATIRIM MENKUL DEĞERLER A.Ş. - Pay Dışında Sermaye Piyasası Aracı İşlemlerine İlişkin Bildirim (Faiz İçeren),Pay Dışında Sermaye Piyasası Aracı İşlemlerine İlişkin Bildirim (Faiz İçeren) TRFAKYM52548 Isın Kodlu Bono İhracı Hakkında,https://www.kap.org.tr/tr/Bildirim/1412856,tr,2025-03-27T11:54:27+00:00
2025-03-27,AKMEN,KAP,AK YATIRIM MENKUL DEĞERLER A.Ş. - Pay Dışında Sermaye Piyasası Aracı İşlemlerine İlişkin Bildirim (Faiz İçeren),Pay Dışında Sermaye Piyasası Aracı İşlemlerine İlişkin Bildirim (Faiz İçeren) 27.03.2025 Vadeli Borçlanma Aracının İtfası,https://www.kap.org.tr/tr/Bildirim/1412795,tr,2025-03-27T10:34:17+00:00
2025-03-27,AKMEN,KAP,AK YATIRIM MENKUL DEĞERLER A.Ş. - Pay Dışında Sermaye Piyasası Aracı İşlemlerine İlişkin Bildirim (Faiz İçeren),Pay Dışında Sermaye Piyasası Aracı İşlemlerine İlişkin Bildirim (Faiz İçeren) 27.03.2025 Vadeli Borçlanma Aracının İtfası,https://www.kap.org.tr/tr/Bildirim/1412794,tr,2025-03-27T10:34:06+00:00
2025-03-27,AKMEN,KAP,AK YATIRIM MENKUL DEĞERLER A.Ş. - Yatırım Kuruluşu Varant - Sertifika - Senetlerine İlişkin Bildirim,Yatırım Kuruluşu Varant - Sertifika - Senetlerine İlişkin Bildirim 26.03.2025 Vadeli Brent Petrol Varantlarının İtfa Fiyatları,https://www.kap.org.tr/tr/Bildirim/1412793,tr,2025-03-27T10:33:57+00:00
2025-03-27,AKMGY,KAP,AKMERKEZ GAYRİMENKUL YATIRIM ORTAKLIĞI A.Ş. - Genel Kurul İşlemlerine İlişkin Bildirim,Genel Kurul İşlemlerine İlişkin Bildirim 2024 Yılına ait Olağan Genel Kurul Toplantısına İlişkin Bilgilendirme Dokümanı Güncellemesi hk.,https://www.kap.org.tr/tr/Bildirim/1412746,tr,2025-03-27T09:45:28+00:00
2025-03-27,AKSEN,KAP,AKSA ENERJİ ÜRETİM A.Ş. - Kurumsal Yönetim Bilgi Formu (Güncelleme) - Yönetim Kurulu-3,Kurumsal Yönetim Bilgi Formu (Güncelleme) - Yönetim Kurulu-3 Kurumsal Yönetim Komitesi,https://www.kap.org.tr/tr/Bildirim/1413318,tr,2025-03-27T17:49:54+00:00
2025-03-27,AKSEN,KAP,AKSA ENERJİ ÜRETİM A.Ş. - Kurumsal Yönetim Bilgi Formu (Güncelleme) - Yönetim Kurulu-2,Kurumsal Yönetim Bilgi Formu (Güncelleme) - Yönetim Kurulu-2 Kurumsal Yönetim Komitesi,https://www.kap.org.tr/tr/Bildirim/1413314,tr,2025-03-27T17:45:03+00:00
2025-03-27,AKSEN,KAP,AKSA ENERJİ ÜRETİM A.Ş. - Özel Durum Açıklaması (Genel),Özel Durum Açıklaması (Genel) Komiteler Hakkında,https://www.kap.org.tr/tr/Bildirim/1413305,tr,2025-03-27T17:35:16+00:00
2025-03-27,ALBRK,KAP,ALBARAKA TÜRK KATILIM BANKASI A.Ş. - Özel Durum Açıklaması (Genel),Özel Durum Açıklaması (Genel) Yönetim Kurulu Üyesi İstifası Hk.,https://www.kap.org.tr/tr/Bildirim/1413667,tr,2025-03-27T19:55:25+00:00
2025-03-27,ALK,KAP,ALBARAKA TÜRK KATILIM BANKASI A.Ş. - Özel Durum Açıklaması (Genel),Özel Durum Açıklaması (Genel) Yönetim Kurulu Üyesi İstifası Hk.,https://www.kap.org.tr/tr/Bildirim/1413667,tr,2025-03-27T19:55:25+00:00
2025-03-27,ALKLC,KAP,ALTINKILIÇ GIDA VE SÜT SANAYİ TİCARET A.Ş. - Pay Dışında Sermaye Piyasası Aracı İşlemlerine İlişkin Bildirim (Faiz İçeren),Pay Dışında Sermaye Piyasası Aracı İşlemlerine İlişkin Bildirim (Faiz İçeren) Finansman Bonosu,https://www.kap.org.tr/tr/Bildirim/1413264,tr,2025-03-27T16:59:15+00:00
2025-03-27,ALKLC,KAP,ALTINKILIÇ GIDA VE SÜT SANAYİ TİCARET A.Ş. - Pay Dışında Sermaye Piyasası Aracı İşlemlerine İlişkin Bildirim (Faiz İçeren),Pay Dışında Sermaye Piyasası Aracı İşlemlerine İlişkin Bildirim (Faiz İçeren) FİNANSMAN BONOSU,https://www.kap.org.tr/tr/Bildirim/1412905,tr,2025-03-27T12:52:24+00:00
2025-03-27,ALKLC,KAP,ALTINKILIÇ GIDA VE SÜT SANAYİ TİCARET A.Ş. - Pay Dışında Sermaye Piyasası Aracı İşlemlerine İlişkin Bildirim (Faiz İçeren),Pay Dışında Sermaye Piyasası Aracı İşlemlerine İlişkin Bildirim (Faiz İçeren) FİNANSMAN BONOSU İHRACI,https://www.kap.org.tr/tr/Bildirim/1412869,tr,2025-03-27T12:04:15+00:00
2025-03-27,ALNUS,KAP,ALNUS YATIRIM MENKUL DEĞERLER A.Ş. - Pay Alım Satım Bildirimi,Pay Alım Satım Bildirimi DERHL Pay Alım Bildirimi DERHL,https://www.kap.org.tr/tr/Bildirim/1413435,tr,2025-03-27T18:22:26+00:00
2025-03-27,ALVES,KAP,ALVES KABLO SANAYİ VE TİCARET A.Ş. - Bağımsız Denetim Kuruluşunun Belirlenmesi,Bağımsız Denetim Kuruluşunun Belirlenmesi 2025 Yılı Faaliyet Dönemi Bağımsız Denetim Kuruluşunun Belirlenmesi Hk.,https://www.kap.org.tr/tr/Bildirim/1413292,tr,2025-03-27T17:27:42+00:00
2025-03-27,ALVES,KAP,ALVES KABLO SANAYİ VE TİCARET A.Ş. - Kar Payı Dağıtım İşlemlerine İlişkin Bildirim,Kar Payı Dağıtım İşlemlerine İlişkin Bildirim 2024 Yılı Kâr Payı Dağıtımı,https://www.kap.org.tr/tr/Bildirim/1413287,tr,2025-03-27T17:22:00+00:00
2025-03-27,ALVES,KAP,ALVES KABLO SANAYİ VE TİCARET A.Ş. - Genel Kurul İşlemlerine İlişkin Bildirim,Genel Kurul İşlemlerine İlişkin Bildirim 2024 Olağan Genel Kurul Toplantı Sonucu,https://www.kap.org.tr/tr/Bildirim/1413283,tr,2025-03-27T17:18:11+00:00
2025-03-27,ANC,KAP,ALNUS YATIRIM MENKUL DEĞERLER A.Ş. - Pay Alım Satım Bildirimi,Pay Alım Satım Bildirimi DERHL Pay Alım Bildirimi DERHL,https://www.kap.org.tr/tr/Bildirim/1413435,tr,2025-03-27T18:22:26+00:00
2025-03-27,ARTMS,KAP,ARTEMİS HALI A.Ş. - Bağımsız Denetim Kuruluşunun Belirlenmesi,"Bağımsız Denetim Kuruluşunun Belirlenmesi BAĞIMSIZ DENETİM ŞİRKETİ SEÇİMİ HAKKINDA,",https://www.kap.org.tr/tr/Bildirim/1413681,tr,2025-03-27T20:16:50+00:00
2025-03-27,ATA,KAP,ATA YATIRIM MENKUL KIYMETLER A.Ş. - Sorumluluk Beyanı (Konsolide),Sorumluluk Beyanı (Konsolide) ATA YATIRIM MENKUL KIYMETLER A.Ş.31/12/2024 SORUMLULUK BEYANI,https://www.kap.org.tr/tr/Bildirim/1412689,tr,2025-03-27T03:18:58+00:00
2025-03-27,ATA,KAP,ATA YATIRIM MENKUL KIYMETLER A.Ş. - Faaliyet Raporu (Konsolide),Faaliyet Raporu (Konsolide) ATA YATIRIM MENKUL KIYMETLER A.Ş.31/12/2024 FAALİYET RAPORU,https://www.kap.org.tr/tr/Bildirim/1412688,tr,2025-03-27T03:18:38+00:00
2025-03-27,ATA,KAP,ATA YATIRIM MENKUL KIYMETLER A.Ş. - Finansal Rapor,Finansal Rapor,https://www.kap.org.tr/tr/Bildirim/1412687,tr,2025-03-27T03:18:23+00:00
2025-03-27,ATAYM,KAP,ATA YATIRIM MENKUL KIYMETLER A.Ş. - Sorumluluk Beyanı (Konsolide),Sorumluluk Beyanı (Konsolide) ATA YATIRIM MENKUL KIYMETLER A.Ş.31/12/2024 SORUMLULUK BEYANI,https://www.kap.org.tr/tr/Bildirim/1412689,tr,2025-03-27T03:18:58+00:00
2025-03-27,ATAYM,KAP,ATA YATIRIM MENKUL KIYMETLER A.Ş. - Faaliyet Raporu (Konsolide),Faaliyet Raporu (Konsolide) ATA YATIRIM MENKUL KIYMETLER A.Ş.31/12/2024 FAALİYET RAPORU,https://www.kap.org.tr/tr/Bildirim/1412688,tr,2025-03-27T03:18:38+00:00
2025-03-27,ATAYM,KAP,ATA YATIRIM MENKUL KIYMETLER A.Ş. - Finansal Rapor,Finansal Rapor,https://www.kap.org.tr/tr/Bildirim/1412687,tr,2025-03-27T03:18:23+00:00
2025-03-27,ATLAS,KAP,ATLAS MENKUL KIYMETLER YATIRIM ORTAKLIĞI A.Ş. - Bağımsız Denetim Kuruluşunun Belirlenmesi,Bağımsız Denetim Kuruluşunun Belirlenmesi 2025 Yılı Hesap Dönemi İçin Bağımsız Denetim Şirketinin Belirlenmesi Hakkında,https://www.kap.org.tr/tr/Bildirim/1413333,tr,2025-03-27T18:03:50+00:00
2025-03-27,AVGYO,KAP,AVRASYA GAYRİMENKUL YATIRIM ORTAKLIĞI A.Ş. - Payların Geri Alınmasına İlişkin Bildirim,Payların Geri Alınmasına İlişkin Bildirim 27.03.2025 Tarihli Pay Geri Alım İşlemleri,https://www.kap.org.tr/tr/Bildirim/1413797,tr,2025-03-27T20:47:11+00:00
2025-03-27,AVGYO,KAP,AVRASYA GAYRİMENKUL YATIRIM ORTAKLIĞI A.Ş. - Bağımsız Denetim Kuruluşunun Belirlenmesi,Bağımsız Denetim Kuruluşunun Belirlenmesi 2025 yılı Hesap Dönemi için Bağımsız Denetim Şirketi Seçimi Hakkında,https://www.kap.org.tr/tr/Bildirim/1413339,tr,2025-03-27T18:07:50+00:00
2025-03-27,AVTUR,KAP,AVRASYA PETROL VE TURİSTİK TESİSLER YATIRIMLAR A.Ş. - Bağımsız Denetim Kuruluşunun Belirlenmesi,Bağımsız Denetim Kuruluşunun Belirlenmesi 2025 yılı Hesap Dönemi için Bağımsız Denetim Şirketi Seçimi Hakkında,https://www.kap.org.tr/tr/Bildirim/1413365,tr,2025-03-27T18:12:12+00:00
2025-03-27,AYGAZ,KAP,AYGAZ A.Ş. - Esas Sözleşme Tadili,Esas Sözleşme Tadili Esas Sözleşme Tadiline İlişkin Genel Kurul Onayı,https://www.kap.org.tr/tr/Bildirim/1413662,tr,2025-03-27T19:45:35+00:00
2025-03-27,AYGAZ,KAP,AYGAZ A.Ş. - Bağımsız Denetim Kuruluşunun Belirlenmesi,Bağımsız Denetim Kuruluşunun Belirlenmesi Bağımsız Denetim Kuruluşu Seçiminin Genel Kurul Tarafından Onaylanması,https://www.kap.org.tr/tr/Bildirim/1413659,tr,2025-03-27T19:44:46+00:00
2025-03-27,AYGAZ,KAP,AYGAZ A.Ş. - Kayıtlı Sermaye Tavanı İşlemlerine İlişkin Bildirim,Kayıtlı Sermaye Tavanı İşlemlerine İlişkin Bildirim Kayıtlı Sermaye Tavanının Artırılması ve Süresinin Uzatılması Amaçlı Esas Sözleşme Değişikliğine İlişkin Genel Kurul Onayı,https://www.kap.org.tr/tr/Bildirim/1413658,tr,2025-03-27T19:43:58+00:00
2025-03-27,AYGAZ,KAP,AYGAZ A.Ş. - Kar Payı Dağıtım İşlemlerine İlişkin Bildirim,Kar Payı Dağıtım İşlemlerine İlişkin Bildirim Kar Dağıtım Önerisi'nin Olağan Genel Kurul Toplantısında Onaylanması,https://www.kap.org.tr/tr/Bildirim/1413653,tr,2025-03-27T19:41:24+00:00
2025-03-27,AYGAZ,KAP,AYGAZ A.Ş. - Kar Dağıtım Politikası,Kar Dağıtım Politikası Güncellenen Kâr Dağıtım Politikasının Genel Kurul Tarafından Onaylanması,https://www.kap.org.tr/tr/Bildirim/1413632,tr,2025-03-27T19:25:38+00:00
2025-03-27,AYGAZ,KAP,AYGAZ A.Ş. - Genel Kurul İşlemlerine İlişkin Bildirim,Genel Kurul İşlemlerine İlişkin Bildirim Olağan Genel Kurul Toplantı Sonucu,https://www.kap.org.tr/tr/Bildirim/1413630,tr,2025-03-27T19:24:53+00:00
2025-03-27,BALSU,KAP,BALSU GIDA SANAYİ VE TİCARET A.Ş. - Payların Geri Alınmasına İlişkin Bildirim,Payların Geri Alınmasına İlişkin Bildirim Payların Geri Alınmasına İlişkin Bildirim,https://www.kap.org.tr/tr/Bildirim/1413669,tr,2025-03-27T19:59:20+00:00
2025-03-27,BIENY,KAP,BİEN YAPI ÜRÜNLERİ SANAYİ TURİZM VE TİCARET A.Ş. - Genel Kurul İşlemlerine İlişkin Bildirim,Genel Kurul İşlemlerine İlişkin Bildirim Olağan Genel Kurul Daveti ve Bilgilendirme Dokümanı,https://www.kap.org.tr/tr/Bildirim/1413801,tr,2025-03-27T20:51:19+00:00
2025-03-27,BIENY,KAP,BİEN YAPI ÜRÜNLERİ SANAYİ TURİZM VE TİCARET A.Ş. - Kar Payı Dağıtım İşlemlerine İlişkin Bildirim,Kar Payı Dağıtım İşlemlerine İlişkin Bildirim Şirket Yönetim Kurulu'nun Kar Payı Dağıtım Önerisi,https://www.kap.org.tr/tr/Bildirim/1413800,tr,2025-03-27T20:50:28+00:00
2025-03-27,BIENY,KAP,BİEN YAPI ÜRÜNLERİ SANAYİ TURİZM VE TİCARET A.Ş. - Bağımsız Denetim Kuruluşunun Belirlenmesi,Bağımsız Denetim Kuruluşunun Belirlenmesi 2025 yılı için Bağımsız Denetim Kuruluşu Seçimi,https://www.kap.org.tr/tr/Bildirim/1413799,tr,2025-03-27T20:49:39+00:00
2025-03-27,BIGCH,KAP,BÜYÜK ŞEFLER GIDA TURİZM TEKSTİL DANIŞMANLIK ORGANİZASYON EĞİTİM SANAYİ VE TİCARET A.Ş. - Kar Payı Dağıtım İşlemlerine İlişkin Bildirim,Kar Payı Dağıtım İşlemlerine İlişkin Bildirim Yönetim Kurulu'nun 2024 Yılı Kar Payı Dağıtımı Önerisi,https://www.kap.org.tr/tr/Bildirim/1413804,tr,2025-03-27T20:55:55+00:00
2025-03-27,BLCYT,KAP,BİLİCİ YATIRIM SANAYİ VE TİCARET A.Ş. - Kar Payı Dağıtım İşlemlerine İlişkin Bildirim,Kar Payı Dağıtım İşlemlerine İlişkin Bildirim Bilici Yatırım Sanayi ve Ticaret A.Ş. 2024 yılı Yönetim Kurulu Kar Payı Dağıtım Teklifi,https://www.kap.org.tr/tr/Bildirim/1413383,tr,2025-03-27T18:14:20+00:00
2025-03-27,BLCYT,KAP,BİLİCİ YATIRIM SANAYİ VE TİCARET A.Ş. - İlişkili Taraf İşlemleri,İlişkili Taraf İşlemleri Bilici Yatırım Sanayi ve Ticaret A.Ş. 2025 Yılı ilişkili taraf işlemleri Sonuç Bölümü,https://www.kap.org.tr/tr/Bildirim/1413358,tr,2025-03-27T18:11:41+00:00
2025-03-27,BLCYT,KAP,BİLİCİ YATIRIM SANAYİ VE TİCARET A.Ş. - Genel Kurul İşlemlerine İlişkin Bildirim,Genel Kurul İşlemlerine İlişkin Bildirim Bilici Yatırım Sanayi ve Ticaret A.Ş. 2024 yılı Olağan Genel Kurul Duyurusu,https://www.kap.org.tr/tr/Bildirim/1413353,tr,2025-03-27T18:11:17+00:00
2025-03-27,BRISA,KAP,BRİSA BRİDGESTONE SABANCI LASTİK SANAYİ VE TİCARET A.Ş. - Genel Kurul İşlemlerine İlişkin Bildirim,Genel Kurul İşlemlerine İlişkin Bildirim 2024 Yılı Olağan Genel Kurul Toplantı Sonuçları (Genel Kurul Tutanaklarına Muhalefet Şerhleri eklenmiştir),https://www.kap.org.tr/tr/Bildirim/1412884,tr,2025-03-27T12:28:49+00:00
2025-03-27,BRKVY,KAP,BİRİKİM VARLIK YÖNETİM A.Ş. - Özel Durum Açıklaması (Genel),"Özel Durum Açıklaması (Genel) Tahsili Gecikmiş Alacak Portföyü Alımı - İhaleye Konu Alacakların Devrine Yönelik Sözleşmenin İmza Sürecinin Tamamlanması DENIZ, DNZ",https://www.kap.org.tr/tr/Bildirim/1413331,tr,2025-03-27T18:03:18+00:00
2025-03-27,BRKVY,KAP,BİRİKİM VARLIK YÖNETİM A.Ş. - Kar Payı Dağıtım İşlemlerine İlişkin Bildirim,Kar Payı Dağıtım İşlemlerine İlişkin Bildirim Kar Payı Dağıtımına İlişkin Yönetim Kurulu Kararı,https://www.kap.org.tr/tr/Bildirim/1412918,tr,2025-03-27T13:08:14+00:00
2025-03-27,CAGFA,KAP,ÇAĞDAŞ FAKTORİNG A.Ş. - Pay Dışında Sermaye Piyasası Aracı İşlemlerine İlişkin Bildirim (Faiz İçeren),Pay Dışında Sermaye Piyasası Aracı İşlemlerine İlişkin Bildirim (Faiz İçeren) 27.03.2026 Vadeli Bono İtfası,https://www.kap.org.tr/tr/Bildirim/1413306,tr,2025-03-27T17:37:58+00:00
2025-03-27,CAGFA,KAP,ÇAĞDAŞ FAKTORİNG A.Ş. - İhraç Belgesi,İhraç Belgesi Ek İhraç Belgesi,https://www.kap.org.tr/tr/Bildirim/1412894,tr,2025-03-27T12:35:52+00:00
2025-03-27,CAGFA,KAP,ÇAĞDAŞ FAKTORİNG A.Ş. - İhraç Tavanına İlişkin Bildirim,İhraç Tavanına İlişkin Bildirim Ek İhraç Limitinin Onaylanması,https://www.kap.org.tr/tr/Bildirim/1412893,tr,2025-03-27T12:35:42+00:00
2025-03-27,CAGFA,KAP,ÇAĞDAŞ FAKTORİNG A.Ş. - Şirket Genel Bilgi Formu,Şirket Genel Bilgi Formu,https://www.kap.org.tr/tr/Bildirim/1412788,tr,2025-03-27T10:23:25+00:00
2025-03-27,CCOLA,KAP,COCA-COLA İÇECEK A.Ş. - Pay Dışında Sermaye Piyasası Aracı İşlemlerine İlişkin Bildirim (Faiz İçeren),Pay Dışında Sermaye Piyasası Aracı İşlemlerine İlişkin Bildirim (Faiz İçeren) Borçlanma Aracı Kupon Ödemesi,https://www.kap.org.tr/tr/Bildirim/1413060,tr,2025-03-27T15:15:17+00:00
2025-03-27,CELHA,KAP,ÇELİK HALAT VE TEL SANAYİİ A.Ş. - Özel Durum Açıklaması (Genel),Özel Durum Açıklaması (Genel) Yönetim Kurulu Görev Dağılımı,https://www.kap.org.tr/tr/Bildirim/1413867,tr,2025-03-27T22:23:37+00:00
2025-03-27,CELHA,KAP,ÇELİK HALAT VE TEL SANAYİİ A.Ş. - Özel Durum Açıklaması (Genel),Özel Durum Açıklaması (Genel) Yönetim Kurulu Komite Atamaları,https://www.kap.org.tr/tr/Bildirim/1413866,tr,2025-03-27T22:22:53+00:00
2025-03-27,CELHA,KAP,ÇELİK HALAT VE TEL SANAYİİ A.Ş. - Kurumsal Yönetim Bilgi Formu (Güncelleme) - Yönetim Kurulu-2,Kurumsal Yönetim Bilgi Formu (Güncelleme) - Yönetim Kurulu-2 Yönetim Kurulu Komite Atamaları,https://www.kap.org.tr/tr/Bildirim/1413865,tr,2025-03-27T22:22:10+00:00
2025-03-27,CELHA,KAP,ÇELİK HALAT VE TEL SANAYİİ A.Ş. - Şirket Genel Bilgi Formu,Şirket Genel Bilgi Formu,https://www.kap.org.tr/tr/Bildirim/1413864,tr,2025-03-27T22:21:26+00:00
2025-03-27,CELHA,KAP,ÇELİK HALAT VE TEL SANAYİİ A.Ş. - Bağımsız Denetim Kuruluşunun Belirlenmesi,Bağımsız Denetim Kuruluşunun Belirlenmesi Bağımsız Denetim Kuruluşunun Belirlenmesi,https://www.kap.org.tr/tr/Bildirim/1413863,tr,2025-03-27T22:20:59+00:00
2025-03-27,CELHA,KAP,ÇELİK HALAT VE TEL SANAYİİ A.Ş. - Kar Payı Dağıtım İşlemlerine İlişkin Bildirim,Kar Payı Dağıtım İşlemlerine İlişkin Bildirim Kar Payı Dağıtım İşlemlerine İlişkin Sonuç Bildirimi,https://www.kap.org.tr/tr/Bildirim/1413853,tr,2025-03-27T22:20:26+00:00
2025-03-27,CELHA,KAP,ÇELİK HALAT VE TEL SANAYİİ A.Ş. - Genel Kurul İşlemlerine İlişkin Bildirim,Genel Kurul İşlemlerine İlişkin Bildirim 2024 Yılı Olağan Genel Kurul Toplantısı Sonuç Bildirimi,https://www.kap.org.tr/tr/Bildirim/1413852,tr,2025-03-27T22:16:28+00:00
2025-03-27,CIMSA,KAP,ÇİMSA ÇİMENTO SANAYİ VE TİCARET A.Ş. - Entegre Rapor,Entegre Rapor 2024 yılı Entegre Faaliyet Raporu,https://www.kap.org.tr/tr/Bildirim/1413697,tr,2025-03-27T20:20:08+00:00
2025-03-27,CIMSA,KAP,ÇİMSA ÇİMENTO SANAYİ VE TİCARET A.Ş. - Kayıtlı Sermaye Tavanı İşlemlerine İlişkin Bildirim,Kayıtlı Sermaye Tavanı İşlemlerine İlişkin Bildirim Esas sözleşme tadil metninin Genel Kurul onayı,https://www.kap.org.tr/tr/Bildirim/1413682,tr,2025-03-27T20:17:09+00:00
2025-03-27,CIMSA,KAP,ÇİMSA ÇİMENTO SANAYİ VE TİCARET A.Ş. - Bağımsız Denetim Kuruluşunun Belirlenmesi,Bağımsız Denetim Kuruluşunun Belirlenmesi Bağımsız Denetim Kuruluşu Seçimi,https://www.kap.org.tr/tr/Bildirim/1413673,tr,2025-03-27T20:03:05+00:00
2025-03-27,CIMSA,KAP,ÇİMSA ÇİMENTO SANAYİ VE TİCARET A.Ş. - Kar Payı Dağıtım İşlemlerine İlişkin Bildirim,Kar Payı Dağıtım İşlemlerine İlişkin Bildirim 2024 yılına ait karın kullanım şekli ile ilgili Genel Kurul kararı,https://www.kap.org.tr/tr/Bildirim/1413672,tr,2025-03-27T20:01:25+00:00
2025-03-27,CIMSA,KAP,ÇİMSA ÇİMENTO SANAYİ VE TİCARET A.Ş. - Genel Kurul İşlemlerine İlişkin Bildirim,Genel Kurul İşlemlerine İlişkin Bildirim Olağan Genel Kurul Sonuç Bildirimi,https://www.kap.org.tr/tr/Bildirim/1413666,tr,2025-03-27T19:53:26+00:00
2025-03-27,CONSE,KAP,CONSUS ENERJİ İŞLETMECİLİĞİ VE HİZMETLERİ A.Ş. - Yeni İş İlişkisi,"Yeni İş İlişkisi Bağlı ortaklıklarımızdan Tres Enerji ile Boyner arasında, 2.8 MWp-3.2 MWp arası kurulu güce ilişkin güneş enerji santralinin kurulması, işletilmesi ve devrine yönelik imzalanan sözleşme hk.",https://www.kap.org.tr/tr/Bildirim/1413393,tr,2025-03-27T18:15:37+00:00
2025-03-27,CRFSA,KAP,CARREFOURSA CARREFOUR SABANCI TİCARET MERKEZİ A.Ş. - Genel Kurul İşlemlerine İlişkin Bildirim,Genel Kurul İşlemlerine İlişkin Bildirim 2024 Yılı Olağan Genel Kurul Toplantı Sonuçları (Genel Kurul Tutanaklarına Muhalefet Şerhleri ve Öneri eklenmiştir),https://www.kap.org.tr/tr/Bildirim/1413022,tr,2025-03-27T14:31:16+00:00
2025-03-27,CRFSA,KAP,CARREFOURSA CARREFOUR SABANCI TİCARET MERKEZİ A.Ş. - Genel Kurul İşlemlerine İlişkin Bildirim,Genel Kurul İşlemlerine İlişkin Bildirim 2024 Yılı Olağan Genel Kurul Toplantı Sonucu,https://www.kap.org.tr/tr/Bildirim/1412844,tr,2025-03-27T11:44:06+00:00
2025-03-27,CVKMD,KAP,CVK MADEN İŞLETMELERİ SANAYİ VE TİCARET A.Ş. - Payların Geri Alınmasına İlişkin Bildirim,Payların Geri Alınmasına İlişkin Bildirim Pay Geri Alım İşlemleri,https://www.kap.org.tr/tr/Bildirim/1412708,tr,2025-03-27T09:09:08+00:00
2025-03-27,DAPGM,KAP,DAP GAYRİMENKUL GELİŞTİRME A.Ş. - Özel Durum Açıklaması (Genel),Özel Durum Açıklaması (Genel) Yeni Levent Anaokulu Yapı Kullanma İzin Belgesi (İskan) Alımı Hk.,https://www.kap.org.tr/tr/Bildirim/1412877,tr,2025-03-27T12:12:03+00:00
2025-03-27,DCTTR,KAP,DCT TRADİNG DIŞ TİCARET A.Ş. - Payların Geri Alınmasına İlişkin Bildirim,Payların Geri Alınmasına İlişkin Bildirim Pay Geri Alımı,https://www.kap.org.tr/tr/Bildirim/1413528,tr,2025-03-27T18:45:39+00:00
2025-03-27,DESA,KAP,DESA DERİ SANAYİ VE TİCARET A.Ş. - Bağımsız Denetim Kuruluşunun Belirlenmesi,Bağımsız Denetim Kuruluşunun Belirlenmesi Bağımsız Denetim Kuruluşunun Belirlenmesi,https://www.kap.org.tr/tr/Bildirim/1413399,tr,2025-03-27T18:16:11+00:00
2025-03-27,DGGYO,KAP,DOĞUŞ GAYRİMENKUL YATIRIM ORTAKLIĞI A.Ş. - Özel Durum Açıklaması (Genel),Özel Durum Açıklaması (Genel) Yönetim Kurulu Görev Taksimi Kararı Hk.,https://www.kap.org.tr/tr/Bildirim/1413238,tr,2025-03-27T16:44:47+00:00
2025-03-27,DGGYO,KAP,DOĞUŞ GAYRİMENKUL YATIRIM ORTAKLIĞI A.Ş. - Özel Durum Açıklaması (Genel),Özel Durum Açıklaması (Genel) 2025/3 ve 2025/9 tarihli ara dönem raporlarının BDŞ tarafından hazırlanacağı ve bildirim tarihleri Hakkında,https://www.kap.org.tr/tr/Bildirim/1413212,tr,2025-03-27T16:30:05+00:00
2025-03-27,DOAS,KAP,DOĞUŞ OTOMOTİV SERVİS VE TİCARET A.Ş. - Özel Durum Açıklaması (Genel),Özel Durum Açıklaması (Genel) Yönetim Kurulu Görev Dağılımı hakkında,https://www.kap.org.tr/tr/Bildirim/1413384,tr,2025-03-27T18:14:37+00:00
2025-03-27,DOAS,KAP,DOĞUŞ OTOMOTİV SERVİS VE TİCARET A.Ş. - Kar Payı Dağıtım İşlemlerine İlişkin Bildirim,Kar Payı Dağıtım İşlemlerine İlişkin Bildirim 2024 Faaliyet Yılı Kar Dağıtımı Genel Kurul Kararı,https://www.kap.org.tr/tr/Bildirim/1413378,tr,2025-03-27T18:13:55+00:00
2025-03-27,DOAS,KAP,DOĞUŞ OTOMOTİV SERVİS VE TİCARET A.Ş. - Genel Kurul İşlemlerine İlişkin Bildirim,Genel Kurul İşlemlerine İlişkin Bildirim 2024 Faaliyet Yılı Olağan Genel Kurul Toplantı Sonucu,https://www.kap.org.tr/tr/Bildirim/1413316,tr,2025-03-27T17:45:48+00:00
2025-03-27,DSTKF,KAP,DESTEK FİNANS FAKTORİNG A.Ş. - Bağımsız Denetim Kuruluşunun Belirlenmesi,Bağımsız Denetim Kuruluşunun Belirlenmesi Bağımsız Denetim Kuruluşu Seçimi,https://www.kap.org.tr/tr/Bildirim/1412731,tr,2025-03-27T09:40:57+00:00
2025-03-27,DVRLK,KAP,D VARLIK KİRALAMA A.Ş. - Genel Kurul Bildirimi,Genel Kurul Bildirimi Genel Kurul İşlemlerine İlişkin Bildirim,https://www.kap.org.tr/tr/Bildirim/1413606,tr,2025-03-27T19:12:43+00:00
2025-03-27,DYBNK,KAP,D YATIRIM BANKASI A.Ş. - Genel Kurul Bildirimi,Genel Kurul Bildirimi Genel Kurul İşlemlerine İlişkin Bildirim,https://www.kap.org.tr/tr/Bildirim/1413589,tr,2025-03-27T19:07:26+00:00
2025-03-27,DYOBY,KAP,DYO BOYA FABRİKALARI SANAYİ VE TİCARET A.Ş. - Kayıtlı Sermaye Tavanı İşlemlerine İlişkin Bildirim,Kayıtlı Sermaye Tavanı İşlemlerine İlişkin Bildirim Kayıtlı Sermaye Tavanı Esas Sözleşme Madde Tadiline İlişkin Genel Kurul Onayı,https://www.kap.org.tr/tr/Bildirim/1413210,tr,2025-03-27T16:28:48+00:00
2025-03-27,DYOBY,KAP,DYO BOYA FABRİKALARI SANAYİ VE TİCARET A.Ş. - Kar Payı Dağıtım İşlemlerine İlişkin Bildirim,Kar Payı Dağıtım İşlemlerine İlişkin Bildirim Kâr Dağıtımına İlişkin,https://www.kap.org.tr/tr/Bildirim/1413196,tr,2025-03-27T16:24:22+00:00
2025-03-27,DYOBY,KAP,DYO BOYA FABRİKALARI SANAYİ VE TİCARET A.Ş. - Genel Kurul İşlemlerine İlişkin Bildirim,Genel Kurul İşlemlerine İlişkin Bildirim 2024 Yılına İlişkin Olağan Genel Kurul Toplantı Sonucu,https://www.kap.org.tr/tr/Bildirim/1413188,tr,2025-03-27T16:21:58+00:00
2025-03-27,DZGYO,KAP,DENİZ GAYRİMENKUL YATIRIM ORTAKLIĞI A.Ş. - Bağımsız Denetim Kuruluşunun Belirlenmesi,Bağımsız Denetim Kuruluşunun Belirlenmesi 2025 hesap yılı Bağımsız Denetim Şirketi seçimine ilişkin Genel Kurul Kararı,https://www.kap.org.tr/tr/Bildirim/1413445,tr,2025-03-27T18:24:52+00:00
2025-03-27,DZGYO,KAP,DENİZ GAYRİMENKUL YATIRIM ORTAKLIĞI A.Ş. - Kar Payı Dağıtım İşlemlerine İlişkin Bildirim,Kar Payı Dağıtım İşlemlerine İlişkin Bildirim 2024 yılı Kar Payı Dağıtımına İlişkin Olağan Genel Kurul Sonucu,https://www.kap.org.tr/tr/Bildirim/1413411,tr,2025-03-27T18:18:29+00:00
2025-03-27,DZGYO,KAP,DENİZ GAYRİMENKUL YATIRIM ORTAKLIĞI A.Ş. - Genel Kurul İşlemlerine İlişkin Bildirim,Genel Kurul İşlemlerine İlişkin Bildirim 2024 yılı hesap dönemi Olağan Genel Kurul Toplantı sonucu hk.,https://www.kap.org.tr/tr/Bildirim/1413347,tr,2025-03-27T18:09:33+00:00
2025-03-27,EBEBK,KAP,EBEBEK MAĞAZACILIK A.Ş. - Kurumsal Yönetim Bilgi Formu (Güncelleme) - Pay Sahipleri,Kurumsal Yönetim Bilgi Formu (Güncelleme) - Pay Sahipleri Güncelleme,https://www.kap.org.tr/tr/Bildirim/1413192,tr,2025-03-27T16:23:25+00:00
2025-03-27,EBEBK,KAP,EBEBEK MAĞAZACILIK A.Ş. - Özel Durum Açıklaması (Genel),Özel Durum Açıklaması (Genel) Bağış Politikası,https://www.kap.org.tr/tr/Bildirim/1413122,tr,2025-03-27T15:52:32+00:00
2025-03-27,EBEBK,KAP,EBEBEK MAĞAZACILIK A.Ş. - Kar Payı Dağıtım İşlemlerine İlişkin Bildirim,Kar Payı Dağıtım İşlemlerine İlişkin Bildirim Kar Dağıtımına İlişkin Genel Kurul Kararı,https://www.kap.org.tr/tr/Bildirim/1413095,tr,2025-03-27T15:33:57+00:00
2025-03-27,EBEBK,KAP,EBEBEK MAĞAZACILIK A.Ş. - Genel Kurul İşlemlerine İlişkin Bildirim,Genel Kurul İşlemlerine İlişkin Bildirim 2024 Yılı Olağan Genel Kurul Toplantı Sonucu,https://www.kap.org.tr/tr/Bildirim/1413088,tr,2025-03-27T15:29:45+00:00
2025-03-27,ECILC,KAP,EİS ECZACIBAŞI İLAÇ SINAİ VE FİNANSAL YATIRIMLAR SANAYİ VE TİCARET A.Ş. - Finansal Duran Varlık Satışı,Finansal Duran Varlık Satışı Eczacıbaşı-Monrol'deki %50 payımızın satış işleminin tamamlanması,https://www.kap.org.tr/tr/Bildirim/1413233,tr,2025-03-27T16:43:05+00:00
2025-03-27,EGEGY,KAP,EGEYAPI AVRUPA GAYRİMENKUL YATIRIM ORTAKLIĞI A.Ş. - Özel Durum Açıklaması (Genel),Özel Durum Açıklaması (Genel) İyi Niyet Sözleşmesi İmzalanması Hk.,https://www.kap.org.tr/tr/Bildirim/1413300,tr,2025-03-27T17:33:10+00:00
2025-03-27,EGEPO,KAP,NASMED ÖZEL SAĞLIK HİZMETLERİ TİCARET A.Ş. - Kayıtlı Sermaye Tavanı İşlemlerine İlişkin Bildirim,Kayıtlı Sermaye Tavanı İşlemlerine İlişkin Bildirim Kayıtlı Semaye Tavanı Geçerlilik Tarihi,https://www.kap.org.tr/tr/Bildirim/1412911,tr,2025-03-27T12:59:12+00:00
2025-03-27,EKTVK,KAP,EMLAK KATILIM VARLIK KİRALAMA A.Ş. - Pay Dışında Sermaye Piyasası Aracı İşlemlerine İlişkin Bildirim (Faizsiz),Pay Dışında Sermaye Piyasası Aracı İşlemlerine İlişkin Bildirim (Faizsiz) TRDEVKS72553 ISIN Kodlu Kira Sertifikası İhracının Nitelikli Yatırımcıya Satışının Tamamlanması Hk. EKT,https://www.kap.org.tr/tr/Bildirim/1412824,tr,2025-03-27T11:23:47+00:00
2025-03-27,EKTVK,KAP,EMLAK KATILIM VARLIK KİRALAMA A.Ş. - Pay Dışında Sermaye Piyasası Aracı İşlemlerine İlişkin Bildirim (Faizsiz),Pay Dışında Sermaye Piyasası Aracı İşlemlerine İlişkin Bildirim (Faizsiz) TRDEVKS72546 ISIN Kodlu Kira Sertifikası İhracının Nitelikli Yatırımcıya Satışının Tamamlanması Hk. EKT,https://www.kap.org.tr/tr/Bildirim/1412821,tr,2025-03-27T11:22:22+00:00
2025-03-27,EKTVK,KAP,EMLAK KATILIM VARLIK KİRALAMA A.Ş. - Pay Dışında Sermaye Piyasası Aracı İşlemlerine İlişkin Bildirim (Faizsiz),Pay Dışında Sermaye Piyasası Aracı İşlemlerine İlişkin Bildirim (Faizsiz) Şirketimiz Tarafından İhraç Edilmiş Olan TRDEVKS32565 ISIN Kodlu Kira Sertifikasının İtfası Hk. EKT,https://www.kap.org.tr/tr/Bildirim/1412820,tr,2025-03-27T11:20:54+00:00
2025-03-27,ENERY,KAP,ENERYA ENERJİ A.Ş. - Şirket Genel Bilgi Formu,Şirket Genel Bilgi Formu,https://www.kap.org.tr/tr/Bildirim/1413461,tr,2025-03-27T18:31:05+00:00
2025-03-27,ENERY,KAP,ENERYA ENERJİ A.Ş. - Payların Geri Alınmasına İlişkin Bildirim,Payların Geri Alınmasına İlişkin Bildirim 27.03.2025 Tarihli Pay Geri Alım İşlemleri,https://www.kap.org.tr/tr/Bildirim/1413460,tr,2025-03-27T18:30:38+00:00
2025-03-27,ERCB,KAP,ERCİYAS ÇELİK BORU SANAYİ A.Ş. - Yeni İş İlişkisi,Yeni İş İlişkisi Yeni Sipariş Alımı Hk,https://www.kap.org.tr/tr/Bildirim/1413642,tr,2025-03-27T19:31:34+00:00
2025-03-27,ERCB,KAP,ERCİYAS ÇELİK BORU SANAYİ A.Ş. - Pay Dışında Sermaye Piyasası Aracı İşlemlerine İlişkin Bildirim (Faiz İçeren),Pay Dışında Sermaye Piyasası Aracı İşlemlerine İlişkin Bildirim (Faiz İçeren) Finansman Bonosu İhracı,https://www.kap.org.tr/tr/Bildirim/1412789,tr,2025-03-27T10:26:06+00:00
2025-03-27,ERGLI,KAP,EREĞLİ TEKSTİL TURİZM SANAYİ VE TİCARET A.Ş. - Pay Dışında Sermaye Piyasası Aracı İşlemlerine İlişkin Bildirim (Faiz İçeren),Pay Dışında Sermaye Piyasası Aracı İşlemlerine İlişkin Bildirim (Faiz İçeren) Finansman Bonosu İtfası,https://www.kap.org.tr/tr/Bildirim/1412978,tr,2025-03-27T14:03:43+00:00
2025-03-27,ERGLI,KAP,EREĞLİ TEKSTİL TURİZM SANAYİ VE TİCARET A.Ş. - Pay Dışında Sermaye Piyasası Aracı İşlemlerine İlişkin Bildirim (Faiz İçeren),Pay Dışında Sermaye Piyasası Aracı İşlemlerine İlişkin Bildirim (Faiz İçeren) Finansman Bonosu İhracının Tamamlanması,https://www.kap.org.tr/tr/Bildirim/1412693,tr,2025-03-27T08:26:43+00:00
2025-03-27,ETYAT,KAP,EURO TREND YATIRIM ORTAKLIĞI A.Ş. - Özel Durum Açıklaması (Genel),"Özel Durum Açıklaması (Genel) BİAŞ'da oluşan ağırlıklı ortalama fiyatın,pay başına net aktif değerin 2 katını aşması",https://www.kap.org.tr/tr/Bildirim/1413049,tr,2025-03-27T15:04:52+00:00
2025-03-27,EUKYO,KAP,EURO KAPİTAL YATIRIM ORTAKLIĞI A.Ş. - Özel Durum Açıklaması (Genel),"Özel Durum Açıklaması (Genel) BİAŞ'da oluşan ağırlıklı ortalama fiyatın,pay başına net aktif değerin 2 katını aşması",https://www.kap.org.tr/tr/Bildirim/1413050,tr,2025-03-27T15:05:32+00:00
2025-03-27,EUYO,KAP,EURO MENKUL KIYMET YATIRIM ORTAKLIĞI A.Ş. - Özel Durum Açıklaması (Genel),"Özel Durum Açıklaması (Genel) BİAŞ'da oluşan ağırlıklı ortalama fiyatın,pay başına net aktif değerin 2 katını aşması",https://www.kap.org.tr/tr/Bildirim/1413048,tr,2025-03-27T15:04:14+00:00
2025-03-27,EXIMB,KAP,TÜRKİYE İHRACAT KREDİ BANKASI A.Ş. - Pay Dışında Sermaye Piyasası Aracı İşlemlerine İlişkin Bildirim (Faiz İçeren),Pay Dışında Sermaye Piyasası Aracı İşlemlerine İlişkin Bildirim (Faiz İçeren) GMTN programı çerçevesinde yurt dışında borçlanma aracı ihracı,https://www.kap.org.tr/tr/Bildirim/1413090,tr,2025-03-27T15:30:08+00:00
2025-03-27,EXIMB,KAP,TÜRKİYE İHRACAT KREDİ BANKASI A.Ş. - Pay Dışında Sermaye Piyasası Aracı İşlemlerine İlişkin Bildirim (Faiz İçeren),Pay Dışında Sermaye Piyasası Aracı İşlemlerine İlişkin Bildirim (Faiz İçeren) GMTN programı çerçevesinde yurt dışında borçlanma aracı ihracı,https://www.kap.org.tr/tr/Bildirim/1413087,tr,2025-03-27T15:29:41+00:00
2025-03-27,EXIMB,KAP,TÜRKİYE İHRACAT KREDİ BANKASI A.Ş. - Pay Dışında Sermaye Piyasası Aracı İşlemlerine İlişkin Bildirim (Faiz İçeren),Pay Dışında Sermaye Piyasası Aracı İşlemlerine İlişkin Bildirim (Faiz İçeren) GMTN programı çerçevesinde yurt dışında borçlanma aracı ihracı,https://www.kap.org.tr/tr/Bildirim/1413085,tr,2025-03-27T15:28:40+00:00
2025-03-27,EXIMB,KAP,TÜRKİYE İHRACAT KREDİ BANKASI A.Ş. - Pay Dışında Sermaye Piyasası Aracı İşlemlerine İlişkin Bildirim (Faiz İçeren),Pay Dışında Sermaye Piyasası Aracı İşlemlerine İlişkin Bildirim (Faiz İçeren) XS2908898120 ISIN Kodlu Finansman Bonosunun İtfası Hk,https://www.kap.org.tr/tr/Bildirim/1413041,tr,2025-03-27T14:50:25+00:00
2025-03-27,FADE,KAP,FADE GIDA YATIRIM SANAYİ TİCARET A.Ş. - Genel Kurul İşlemlerine İlişkin Bildirim,Genel Kurul İşlemlerine İlişkin Bildirim 2024 Yılı Olağan Genel Kurul Toplantısı Tescili Hk.,https://www.kap.org.tr/tr/Bildirim/1413232,tr,2025-03-27T16:42:35+00:00
2025-03-27,FADE,KAP,FADE GIDA YATIRIM SANAYİ TİCARET A.Ş. - Kar Payı Dağıtım İşlemlerine İlişkin Bildirim,"Kar Payı Dağıtım İşlemlerine İlişkin Bildirim 2024 yılı Net Dönem Karının, şirket bünyesinde bırakılması ve kâr payı dağıtımının yapılmaması önerisinin Genel Kurulda onayı Hk.",https://www.kap.org.tr/tr/Bildirim/1413213,tr,2025-03-27T16:30:30+00:00
2025-03-27,FADE,KAP,FADE GIDA YATIRIM SANAYİ TİCARET A.Ş. - Genel Kurul İşlemlerine İlişkin Bildirim,Genel Kurul İşlemlerine İlişkin Bildirim 2024 Yılı Olağan Genel Kurul Toplantı Sonucu Hakkında,https://www.kap.org.tr/tr/Bildirim/1413073,tr,2025-03-27T15:18:20+00:00
2025-03-27,FBB,KAP,FİBABANKA A.Ş. - Pay Dışında Sermaye Piyasası Aracı İşlemlerine İlişkin Bildirim (Faiz İçeren),Pay Dışında Sermaye Piyasası Aracı İşlemlerine İlişkin Bildirim (Faiz İçeren) FİBABANKA A.Ş. BİRİNCİ VARLIK FİNANSMANI FONU VDMK İTFASI,https://www.kap.org.tr/tr/Bildirim/1412779,tr,2025-03-27T10:02:49+00:00
2025-03-27,FBBNK,KAP,FİBABANKA A.Ş. - Pay Dışında Sermaye Piyasası Aracı İşlemlerine İlişkin Bildirim (Faiz İçeren),Pay Dışında Sermaye Piyasası Aracı İşlemlerine İlişkin Bildirim (Faiz İçeren) FİBABANKA A.Ş. BİRİNCİ VARLIK FİNANSMANI FONU VDMK İTFASI,https://www.kap.org.tr/tr/Bildirim/1412779,tr,2025-03-27T10:02:49+00:00
2025-03-27,FIN,KAP,QNB BANK A.Ş. - Genel Kurul İşlemlerine İlişkin Bildirim,Genel Kurul İşlemlerine İlişkin Bildirim Genel Kurul toplantı sonuçları,https://www.kap.org.tr/tr/Bildirim/1413321,tr,2025-03-27T17:52:10+00:00
2025-03-27,FIN,KAP,QNB BANK A.Ş. - Pay Dışında Sermaye Piyasası Aracı İşlemlerine İlişkin Bildirim (Faiz İçeren),Pay Dışında Sermaye Piyasası Aracı İşlemlerine İlişkin Bildirim (Faiz İçeren) MTN programı kapsamında yurtdışında ihraç edilen borçlanma aracının ihracı,https://www.kap.org.tr/tr/Bildirim/1413089,tr,2025-03-27T15:29:51+00:00
2025-03-27,FIN,KAP,QNB BANK A.Ş. - Pay Dışında Sermaye Piyasası Aracı İşlemlerine İlişkin Bildirim (Faiz İçeren),Pay Dışında Sermaye Piyasası Aracı İşlemlerine İlişkin Bildirim (Faiz İçeren) MTN programı kapsamında yurtdışında ihraç edilen borçlanma aracının itfası,https://www.kap.org.tr/tr/Bildirim/1413086,tr,2025-03-27T15:29:05+00:00
2025-03-27,FRIGO,KAP,FRİGO-PAK GIDA MADDELERİ SANAYİ VE TİCARET A.Ş. - Payların Geri Alınmasına İlişkin Bildirim,Payların Geri Alınmasına İlişkin Bildirim Pay Geri Alım Hk.,https://www.kap.org.tr/tr/Bildirim/1413611,tr,2025-03-27T19:19:20+00:00
2025-03-27,GARAN,KAP,TÜRKİYE GARANTİ BANKASI A.Ş. - Pay Dışında Sermaye Piyasası Aracı İşlemlerine İlişkin Bildirim (Faiz İçeren),Pay Dışında Sermaye Piyasası Aracı İşlemlerine İlişkin Bildirim (Faiz İçeren) Yurtdışı Piyasalara Tahvil İhracı SPK Onayı,https://www.kap.org.tr/tr/Bildirim/1413454,tr,2025-03-27T18:27:19+00:00
2025-03-27,GARAN,KAP,TÜRKİYE GARANTİ BANKASI A.Ş. - Yönetim Kurulu Komiteleri,Yönetim Kurulu Komiteleri Kurumsal Yönetim Komitesi Üyeliğine atama,https://www.kap.org.tr/tr/Bildirim/1413452,tr,2025-03-27T18:27:01+00:00
2025-03-27,GARAN,KAP,TÜRKİYE GARANTİ BANKASI A.Ş. - Genel Kurul İşlemlerine İlişkin Bildirim,Genel Kurul İşlemlerine İlişkin Bildirim Bankamız Olağan Genel Kurul Toplantısı?nda alınan kararlar hk.,https://www.kap.org.tr/tr/Bildirim/1413069,tr,2025-03-27T15:17:56+00:00
2025-03-27,GARAN,KAP,TÜRKİYE GARANTİ BANKASI A.Ş. - Kar Payı Dağıtım İşlemlerine İlişkin Bildirim,Kar Payı Dağıtım İşlemlerine İlişkin Bildirim 2024 Yılı Kar Dağıtımı Hk.,https://www.kap.org.tr/tr/Bildirim/1413039,tr,2025-03-27T14:44:33+00:00
2025-03-27,GARAN,KAP,TÜRKİYE GARANTİ BANKASI A.Ş. - Genel Kurul İşlemlerine İlişkin Bildirim,Genel Kurul İşlemlerine İlişkin Bildirim Bankamız Olağan Genel Kurul Toplantısı?nda alınan kararlar hakkında,https://www.kap.org.tr/tr/Bildirim/1413032,tr,2025-03-27T14:35:47+00:00
2025-03-27,GEDIK,KAP,GEDİK YATIRIM MENKUL DEĞERLER A.Ş. - Payların Geri Alınmasına İlişkin Bildirim,Payların Geri Alınmasına İlişkin Bildirim 27.03.2025 tarihli pay geri alım işlemleri,https://www.kap.org.tr/tr/Bildirim/1413356,tr,2025-03-27T18:11:29+00:00
2025-03-27,GENIL,KAP,GEN İLAÇ VE SAĞLIK ÜRÜNLERİ SANAYİ VE TİCARET A.Ş. - Kar Payı Dağıtım İşlemlerine İlişkin Bildirim,Kar Payı Dağıtım İşlemlerine İlişkin Bildirim 2025 Yılı Karının Belirlenmesi,https://www.kap.org.tr/tr/Bildirim/1413317,tr,2025-03-27T17:47:04+00:00
2025-03-27,GENIL,KAP,GEN İLAÇ VE SAĞLIK ÜRÜNLERİ SANAYİ VE TİCARET A.Ş. - Bağımsız Denetim Kuruluşunun Belirlenmesi,Bağımsız Denetim Kuruluşunun Belirlenmesi Bağımsız Denetim Kurulunun Belirlenmesi,https://www.kap.org.tr/tr/Bildirim/1412926,tr,2025-03-27T13:32:25+00:00
2025-03-27,GENIL,KAP,GEN İLAÇ VE SAĞLIK ÜRÜNLERİ SANAYİ VE TİCARET A.Ş. - Genel Kurul İşlemlerine İlişkin Bildirim,Genel Kurul İşlemlerine İlişkin Bildirim 2024 Hesap Dönemi Olağan Genel Kurul Toplantısı Sonuçları,https://www.kap.org.tr/tr/Bildirim/1412923,tr,2025-03-27T13:19:29+00:00
2025-03-27,GENTS,KAP,GENTAŞ DEKORATİF YÜZEYLER SANAYİ VE TİCARET A.Ş. - Kar Payı Dağıtım İşlemlerine İlişkin Bildirim,Kar Payı Dağıtım İşlemlerine İlişkin Bildirim 2024 Yılı Karının Dağıtımına İlişkin Yönetim Kurulu Teklifi Kararı Hk.,https://www.kap.org.tr/tr/Bildirim/1413487,tr,2025-03-27T18:36:29+00:00
2025-03-27,GENTS,KAP,GENTAŞ DEKORATİF YÜZEYLER SANAYİ VE TİCARET A.Ş. - Genel Kurul İşlemlerine İlişkin Bildirim,Genel Kurul İşlemlerine İlişkin Bildirim 2024 Yılı Olağan Genel Kurul Toplantısının 30.04.2025 tarihinde yapılacağı hk.,https://www.kap.org.tr/tr/Bildirim/1413466,tr,2025-03-27T18:32:20+00:00
2025-03-27,GESAN,KAP,GİRİŞİM ELEKTRİK SANAYİ TAAHHÜT VE TİCARET A.Ş. - İhale Süreci / Sonucu,İhale Süreci / Sonucu İhale Sonucu Bildirimi,https://www.kap.org.tr/tr/Bildirim/1413169,tr,2025-03-27T16:13:32+00:00
2025-03-27,GLCVY,KAP,GELECEK VARLIK YÖNETİMİ A.Ş. - Özel Durum Açıklaması (Genel),"Özel Durum Açıklaması (Genel) İhale sonrası Devir ve Temlik İşlemlerinin tamamlanması hk. FBB, FBBNK",https://www.kap.org.tr/tr/Bildirim/1413643,tr,2025-03-27T19:33:24+00:00
2025-03-27,GRNYO,KAP,GARANTİ YATIRIM ORTAKLIĞI A.Ş. - Özel Durum Açıklaması (Genel),"Özel Durum Açıklaması (Genel) Paylarının BİAŞ'ta oluşan ağırlıklı ortalama fiyatının, pay başına net aktif değerinin 2 katını aşması hakkında.",https://www.kap.org.tr/tr/Bildirim/1412802,tr,2025-03-27T10:58:00+00:00
2025-03-27,GRTHO,KAP,GRAINTURK HOLDİNG A.Ş. - Payların Geri Alınmasına İlişkin Bildirim,Payların Geri Alınmasına İlişkin Bildirim Pay Geri Alımı 27.03.2025,https://www.kap.org.tr/tr/Bildirim/1413361,tr,2025-03-27T18:11:47+00:00
2025-03-27,GSDHO,KAP,GSD HOLDİNG A.Ş. - Özel Durum Açıklaması (Genel),Özel Durum Açıklaması (Genel) GSD Varlık Yönetim A.Ş.- İhale sonrası Devir ve Temlik İşlemlerinin tamamlanması hk.,https://www.kap.org.tr/tr/Bildirim/1413555,tr,2025-03-27T18:56:02+00:00
2025-03-27,GUBRF,KAP,GÜBRE FABRİKALARI T.A.Ş. - Özel Durum Açıklaması (Genel),Özel Durum Açıklaması (Genel) Bağlı Ortaklığın Kar Dağıtımı Kararı,https://www.kap.org.tr/tr/Bildirim/1412906,tr,2025-03-27T12:54:28+00:00
2025-03-27,HALKI,KAP,HALK YATIRIM MENKUL DEĞERLER A.Ş. - Pay Dışında Sermaye Piyasası Aracı İşlemlerine İlişkin Bildirim (Faiz İçeren),Pay Dışında Sermaye Piyasası Aracı İşlemlerine İlişkin Bildirim (Faiz İçeren) TRFHALK32521 ISIN kodlu Finansman Bonosu'nun itfası hakkında,https://www.kap.org.tr/tr/Bildirim/1413047,tr,2025-03-27T14:59:24+00:00
2025-03-27,HDFGS,KAP,HEDEF GİRİŞİM SERMAYESİ YATIRIM ORTAKLIĞI A.Ş. - Şirket Genel Bilgi Formu,Şirket Genel Bilgi Formu,https://www.kap.org.tr/tr/Bildirim/1413371,tr,2025-03-27T18:13:04+00:00
2025-03-27,HDFGS,KAP,HEDEF GİRİŞİM SERMAYESİ YATIRIM ORTAKLIĞI A.Ş. - Özel Durum Açıklaması (Genel),Özel Durum Açıklaması (Genel) Tırport Sermaye Artırımı hk.,https://www.kap.org.tr/tr/Bildirim/1413368,tr,2025-03-27T18:12:42+00:00
2025-03-27,HLY,KAP,HALK YATIRIM MENKUL DEĞERLER A.Ş. - Pay Dışında Sermaye Piyasası Aracı İşlemlerine İlişkin Bildirim (Faiz İçeren),Pay Dışında Sermaye Piyasası Aracı İşlemlerine İlişkin Bildirim (Faiz İçeren) TRFHALK32521 ISIN kodlu Finansman Bonosu'nun itfası hakkında,https://www.kap.org.tr/tr/Bildirim/1413047,tr,2025-03-27T14:59:24+00:00
2025-03-27,ICB,KAP,ICBC TURKEY BANK A.Ş. - Özel Durum Açıklaması (Genel),Özel Durum Açıklaması (Genel) Sermaye Benzeri Kredi (Katkı Sermaye) Yenilenmesi BDDK Onayı Hakkında,https://www.kap.org.tr/tr/Bildirim/1413045,tr,2025-03-27T14:55:24+00:00
2025-03-27,ICB,KAP,ICBC TURKEY BANK A.Ş. - Bağımsız Denetim Kuruluşunun Belirlenmesi,Bağımsız Denetim Kuruluşunun Belirlenmesi Bağımsız Denetim Kuruluşunun Belirlenmesi,https://www.kap.org.tr/tr/Bildirim/1413040,tr,2025-03-27T14:46:06+00:00
2025-03-27,ICB,KAP,ICBC TURKEY BANK A.Ş. - Kar Payı Dağıtım İşlemlerine İlişkin Bildirim,Kar Payı Dağıtım İşlemlerine İlişkin Bildirim Kar Payı Dağıtım İşlemlerine İlişkin Bildirim,https://www.kap.org.tr/tr/Bildirim/1413038,tr,2025-03-27T14:41:14+00:00
2025-03-27,ICB,KAP,ICBC TURKEY BANK A.Ş. - Genel Kurul İşlemlerine İlişkin Bildirim,Genel Kurul İşlemlerine İlişkin Bildirim 2024 Yılı Olağan Genel Kurul Toplantı Sonucu,https://www.kap.org.tr/tr/Bildirim/1413033,tr,2025-03-27T14:37:23+00:00
2025-03-27,ICBCT,KAP,ICBC TURKEY BANK A.Ş. - Özel Durum Açıklaması (Genel),Özel Durum Açıklaması (Genel) Sermaye Benzeri Kredi (Katkı Sermaye) Yenilenmesi BDDK Onayı Hakkında,https://www.kap.org.tr/tr/Bildirim/1413045,tr,2025-03-27T14:55:24+00:00
2025-03-27,ICBCT,KAP,ICBC TURKEY BANK A.Ş. - Bağımsız Denetim Kuruluşunun Belirlenmesi,Bağımsız Denetim Kuruluşunun Belirlenmesi Bağımsız Denetim Kuruluşunun Belirlenmesi,https://www.kap.org.tr/tr/Bildirim/1413040,tr,2025-03-27T14:46:06+00:00
2025-03-27,ICBCT,KAP,ICBC TURKEY BANK A.Ş. - Kar Payı Dağıtım İşlemlerine İlişkin Bildirim,Kar Payı Dağıtım İşlemlerine İlişkin Bildirim Kar Payı Dağıtım İşlemlerine İlişkin Bildirim,https://www.kap.org.tr/tr/Bildirim/1413038,tr,2025-03-27T14:41:14+00:00
2025-03-27,ICBCT,KAP,ICBC TURKEY BANK A.Ş. - Genel Kurul İşlemlerine İlişkin Bildirim,Genel Kurul İşlemlerine İlişkin Bildirim 2024 Yılı Olağan Genel Kurul Toplantı Sonucu,https://www.kap.org.tr/tr/Bildirim/1413033,tr,2025-03-27T14:37:23+00:00
2025-03-27,IHLAS,KAP,İHLAS HOLDİNG A.Ş. - Özel Durum Açıklaması (Genel),Özel Durum Açıklaması (Genel) Bağlı Ortaklığımızın Sermaye Artırımı Hk.,https://www.kap.org.tr/tr/Bildirim/1413525,tr,2025-03-27T18:44:05+00:00
2025-03-27,INFO,KAP,İNFO YATIRIM MENKUL DEĞERLER A.Ş. - Yatırım Kuruluşu Varant - Sertifika - Senetlerine İlişkin Bildirim,Yatırım Kuruluşu Varant - Sertifika - Senetlerine İlişkin Bildirim 26.03.2025 Vadeli Varantların İtfası,https://www.kap.org.tr/tr/Bildirim/1412980,tr,2025-03-27T14:06:44+00:00
2025-03-27,INTEK,KAP,İNNOSA TEKNOLOJİ A.Ş. - Özel Durum Açıklaması (Genel),Özel Durum Açıklaması (Genel) Bağlı Ortaklığımız Probel Yazılım ve Bilişim Sistemleri A.Ş. Tarafından Aksaray İl Sağlık Müdürlüğü ile İmzalanan Sözleşme Hakkında,https://www.kap.org.tr/tr/Bildirim/1413497,tr,2025-03-27T18:37:15+00:00
2025-03-27,INVES,KAP,INVESTCO HOLDİNG A.Ş. - Finansal Duran Varlık Edinimi,Finansal Duran Varlık Edinimi %100 Bağlı Ortaklığımız REM GSYO A.Ş. Tarafından Yapılan Girişim Sermayesi Yatırımı Hakkında,https://www.kap.org.tr/tr/Bildirim/1413483,tr,2025-03-27T18:36:12+00:00
2025-03-27,INVES,KAP,INVESTCO HOLDİNG A.Ş. - Pay Alım Satım Bildirimi,Pay Alım Satım Bildirimi VERUS Pay Alım Bildirimi VERUS,https://www.kap.org.tr/tr/Bildirim/1413459,tr,2025-03-27T18:30:36+00:00
2025-03-27,ISATR,KAP,TÜRKİYE İŞ BANKASI A.Ş. - Genel Kurul İşlemlerine İlişkin Bildirim,Genel Kurul İşlemlerine İlişkin Bildirim Olağan Genel Kurul Kararları,https://www.kap.org.tr/tr/Bildirim/1413753,tr,2025-03-27T20:27:37+00:00
2025-03-27,ISATR,KAP,TÜRKİYE İŞ BANKASI A.Ş. - Bağımsız Denetim Kuruluşunun Belirlenmesi,Bağımsız Denetim Kuruluşunun Belirlenmesi Bağımsız Denetim Kuruluşunun Belirlenmesi,https://www.kap.org.tr/tr/Bildirim/1413425,tr,2025-03-27T18:20:54+00:00
2025-03-27,ISATR,KAP,TÜRKİYE İŞ BANKASI A.Ş. - Kar Payı Dağıtım İşlemlerine İlişkin Bildirim,Kar Payı Dağıtım İşlemlerine İlişkin Bildirim Kar Payı Dağıtımı Hakkında,https://www.kap.org.tr/tr/Bildirim/1413054,tr,2025-03-27T15:10:13+00:00
2025-03-27,ISATR,KAP,TÜRKİYE İŞ BANKASI A.Ş. - Genel Kurul İşlemlerine İlişkin Bildirim,Genel Kurul İşlemlerine İlişkin Bildirim Olağan Genel Kurul Kararları,https://www.kap.org.tr/tr/Bildirim/1413014,tr,2025-03-27T14:26:49+00:00
2025-03-27,ISBTR,KAP,TÜRKİYE İŞ BANKASI A.Ş. - Genel Kurul İşlemlerine İlişkin Bildirim,Genel Kurul İşlemlerine İlişkin Bildirim Olağan Genel Kurul Kararları,https://www.kap.org.tr/tr/Bildirim/1413753,tr,2025-03-27T20:27:37+00:00
2025-03-27,ISBTR,KAP,TÜRKİYE İŞ BANKASI A.Ş. - Bağımsız Denetim Kuruluşunun Belirlenmesi,Bağımsız Denetim Kuruluşunun Belirlenmesi Bağımsız Denetim Kuruluşunun Belirlenmesi,https://www.kap.org.tr/tr/Bildirim/1413425,tr,2025-03-27T18:20:54+00:00
2025-03-27,ISBTR,KAP,TÜRKİYE İŞ BANKASI A.Ş. - Kar Payı Dağıtım İşlemlerine İlişkin Bildirim,Kar Payı Dağıtım İşlemlerine İlişkin Bildirim Kar Payı Dağıtımı Hakkında,https://www.kap.org.tr/tr/Bildirim/1413054,tr,2025-03-27T15:10:13+00:00
2025-03-27,ISBTR,KAP,TÜRKİYE İŞ BANKASI A.Ş. - Genel Kurul İşlemlerine İlişkin Bildirim,Genel Kurul İşlemlerine İlişkin Bildirim Olağan Genel Kurul Kararları,https://www.kap.org.tr/tr/Bildirim/1413014,tr,2025-03-27T14:26:49+00:00
2025-03-27,ISCTR,KAP,TÜRKİYE İŞ BANKASI A.Ş. - Genel Kurul İşlemlerine İlişkin Bildirim,Genel Kurul İşlemlerine İlişkin Bildirim Olağan Genel Kurul Kararları,https://www.kap.org.tr/tr/Bildirim/1413753,tr,2025-03-27T20:27:37+00:00
2025-03-27,ISCTR,KAP,TÜRKİYE İŞ BANKASI A.Ş. - Bağımsız Denetim Kuruluşunun Belirlenmesi,Bağımsız Denetim Kuruluşunun Belirlenmesi Bağımsız Denetim Kuruluşunun Belirlenmesi,https://www.kap.org.tr/tr/Bildirim/1413425,tr,2025-03-27T18:20:54+00:00
2025-03-27,ISCTR,KAP,TÜRKİYE İŞ BANKASI A.Ş. - Kar Payı Dağıtım İşlemlerine İlişkin Bildirim,Kar Payı Dağıtım İşlemlerine İlişkin Bildirim Kar Payı Dağıtımı Hakkında,https://www.kap.org.tr/tr/Bildirim/1413054,tr,2025-03-27T15:10:13+00:00
2025-03-27,ISCTR,KAP,TÜRKİYE İŞ BANKASI A.Ş. - Genel Kurul İşlemlerine İlişkin Bildirim,Genel Kurul İşlemlerine İlişkin Bildirim Olağan Genel Kurul Kararları,https://www.kap.org.tr/tr/Bildirim/1413014,tr,2025-03-27T14:26:49+00:00
2025-03-27,ISKUR,KAP,TÜRKİYE İŞ BANKASI A.Ş. - Genel Kurul İşlemlerine İlişkin Bildirim,Genel Kurul İşlemlerine İlişkin Bildirim Olağan Genel Kurul Kararları,https://www.kap.org.tr/tr/Bildirim/1413753,tr,2025-03-27T20:27:37+00:00
2025-03-27,ISKUR,KAP,TÜRKİYE İŞ BANKASI A.Ş. - Bağımsız Denetim Kuruluşunun Belirlenmesi,Bağımsız Denetim Kuruluşunun Belirlenmesi Bağımsız Denetim Kuruluşunun Belirlenmesi,https://www.kap.org.tr/tr/Bildirim/1413425,tr,2025-03-27T18:20:54+00:00
2025-03-27,ISKUR,KAP,TÜRKİYE İŞ BANKASI A.Ş. - Kar Payı Dağıtım İşlemlerine İlişkin Bildirim,Kar Payı Dağıtım İşlemlerine İlişkin Bildirim Kar Payı Dağıtımı Hakkında,https://www.kap.org.tr/tr/Bildirim/1413054,tr,2025-03-27T15:10:13+00:00
2025-03-27,ISKUR,KAP,TÜRKİYE İŞ BANKASI A.Ş. - Genel Kurul İşlemlerine İlişkin Bildirim,Genel Kurul İşlemlerine İlişkin Bildirim Olağan Genel Kurul Kararları,https://www.kap.org.tr/tr/Bildirim/1413014,tr,2025-03-27T14:26:49+00:00
2025-03-27,ISMEN,KAP,İŞ YATIRIM MENKUL DEĞERLER A.Ş. - Piyasa Yapıcılığı Kapsamında Gerçekleştirilen İşlemler Bildirimi,Piyasa Yapıcılığı Kapsamında Gerçekleştirilen İşlemler Bildirimi Borsa Yatırım Fonu Piyasa Yapıcılığı İşlemleri ISGLK,https://www.kap.org.tr/tr/Bildirim/1412787,tr,2025-03-27T10:23:21+00:00
2025-03-27,ISMEN,KAP,İŞ YATIRIM MENKUL DEĞERLER A.Ş. - Yatırım Kuruluşu Varant - Sertifika - Senetlerine İlişkin Bildirim,Yatırım Kuruluşu Varant - Sertifika - Senetlerine İlişkin Bildirim İş Yatırım Aracı Kuruluş Varantlarının İtfa Bildirimi,https://www.kap.org.tr/tr/Bildirim/1412786,tr,2025-03-27T10:22:59+00:00
2025-03-27,ISMEN,KAP,İŞ YATIRIM MENKUL DEĞERLER A.Ş. - Yatırım Kuruluşu Varant - Sertifika - Senetlerine İlişkin Bildirim,Yatırım Kuruluşu Varant - Sertifika - Senetlerine İlişkin Bildirim İş Yatırım Sertifika ve Varant Alım Satım İşlemleri,https://www.kap.org.tr/tr/Bildirim/1412785,tr,2025-03-27T10:22:22+00:00
2025-03-27,ISYAT,KAP,İŞ YATIRIM ORTAKLIĞI A.Ş. - Özel Durum Açıklaması (Genel),"Özel Durum Açıklaması (Genel) Ortaklık paylarının BİAŞ'ta oluşan ağırlıklı ortalama fiyatının, pay başına net aktif değerinin 2 katını aşması hakkında",https://www.kap.org.tr/tr/Bildirim/1412897,tr,2025-03-27T12:39:25+00:00
2025-03-27,IYF,KAP,İNFO YATIRIM MENKUL DEĞERLER A.Ş. - Yatırım Kuruluşu Varant - Sertifika - Senetlerine İlişkin Bildirim,Yatırım Kuruluşu Varant - Sertifika - Senetlerine İlişkin Bildirim 26.03.2025 Vadeli Varantların İtfası,https://www.kap.org.tr/tr/Bildirim/1412980,tr,2025-03-27T14:06:44+00:00
2025-03-27,IYM,KAP,İŞ YATIRIM MENKUL DEĞERLER A.Ş. - Piyasa Yapıcılığı Kapsamında Gerçekleştirilen İşlemler Bildirimi,Piyasa Yapıcılığı Kapsamında Gerçekleştirilen İşlemler Bildirimi Borsa Yatırım Fonu Piyasa Yapıcılığı İşlemleri ISGLK,https://www.kap.org.tr/tr/Bildirim/1412787,tr,2025-03-27T10:23:21+00:00
2025-03-27,IYM,KAP,İŞ YATIRIM MENKUL DEĞERLER A.Ş. - Yatırım Kuruluşu Varant - Sertifika - Senetlerine İlişkin Bildirim,Yatırım Kuruluşu Varant - Sertifika - Senetlerine İlişkin Bildirim İş Yatırım Aracı Kuruluş Varantlarının İtfa Bildirimi,https://www.kap.org.tr/tr/Bildirim/1412786,tr,2025-03-27T10:22:59+00:00
2025-03-27,IYM,KAP,İŞ YATIRIM MENKUL DEĞERLER A.Ş. - Yatırım Kuruluşu Varant - Sertifika - Senetlerine İlişkin Bildirim,Yatırım Kuruluşu Varant - Sertifika - Senetlerine İlişkin Bildirim İş Yatırım Sertifika ve Varant Alım Satım İşlemleri,https://www.kap.org.tr/tr/Bildirim/1412785,tr,2025-03-27T10:22:22+00:00
2025-03-27,KERVN,KAP,KERVANSARAY YATIRIM HOLDİNG A.Ş. - Özel Durum Açıklaması (Genel),Özel Durum Açıklaması (Genel) 27.03.2025 tarihinde Kervansaray Uludağ Otelinde yaşanmış olan yangın hususunda kamuoyunun ve pay sahiplerinin bilgilendirilmesi hakkında.,https://www.kap.org.tr/tr/Bildirim/1413590,tr,2025-03-27T19:08:11+00:00
2025-03-27,KERVN,KAP,KERVANSARAY YATIRIM HOLDİNG A.Ş. - Haber ve Söylentilere İlişkin Açıklama,Haber ve Söylentilere İlişkin Açıklama 27.03.2025 tarihinde Kervansaray Uludağ Otelinde yaşanmış olan yangın hakkında.,https://www.kap.org.tr/tr/Bildirim/1413293,tr,2025-03-27T17:28:27+00:00
2025-03-27,KIMMR,KAP,ERSAN ALIŞVERİŞ HİZMETLERİ VE GIDA SANAYİ TİCARET A.Ş. - Genel Kurul İşlemlerine İlişkin Bildirim,Genel Kurul İşlemlerine İlişkin Bildirim 2024 Yılına İlişkin Olağan Genel Kurul Toplantısına Çağrı İlanı ve Bilgilendirme Dökümanı,https://www.kap.org.tr/tr/Bildirim/1413827,tr,2025-03-27T21:30:24+00:00
2025-03-27,KIMMR,KAP,ERSAN ALIŞVERİŞ HİZMETLERİ VE GIDA SANAYİ TİCARET A.Ş. - Kar Payı Dağıtım İşlemlerine İlişkin Bildirim,Kar Payı Dağıtım İşlemlerine İlişkin Bildirim Yönetim Kurulu'nun 2024 Yılı Kar Payı Dağıtım Önerisi Hk.,https://www.kap.org.tr/tr/Bildirim/1413814,tr,2025-03-27T21:08:46+00:00
2025-03-27,KIMMR,KAP,ERSAN ALIŞVERİŞ HİZMETLERİ VE GIDA SANAYİ TİCARET A.Ş. - Bağımsız Denetim Kuruluşunun Belirlenmesi,Bağımsız Denetim Kuruluşunun Belirlenmesi Bağımsız Denetim Kuruluşunun Belirlenmesi Hk.,https://www.kap.org.tr/tr/Bildirim/1413807,tr,2025-03-27T21:04:19+00:00
2025-03-27,KLMSN,KAP,KLİMASAN KLİMA SANAYİ VE TİCARET A.Ş. - Şirket Genel Bilgi Formu,Şirket Genel Bilgi Formu,https://www.kap.org.tr/tr/Bildirim/1413023,tr,2025-03-27T14:31:34+00:00
2025-03-27,KLMSN,KAP,KLİMASAN KLİMA SANAYİ VE TİCARET A.Ş. - Özel Durum Açıklaması (Genel),Özel Durum Açıklaması (Genel) Yatırımcı İlişkileri Bölümü Yöneticisinin ve Kurumsal Yönetim Komitesi Üyesinin Değişmesi,https://www.kap.org.tr/tr/Bildirim/1412984,tr,2025-03-27T14:09:28+00:00
2025-03-27,KNTFA,KAP,KENT FİNANS FAKTORİNG A.Ş. - Kredi Derecelendirmesi,Kredi Derecelendirmesi Kredi Derecelendirme Bildirimi,https://www.kap.org.tr/tr/Bildirim/1413046,tr,2025-03-27T14:55:58+00:00
2025-03-27,KOCMT,KAP,KOÇ METALURJİ A.Ş. - Payların Geri Alınmasına İlişkin Bildirim,Payların Geri Alınmasına İlişkin Bildirim 27.03.2025 Tarihli Pay Geri Alım İşlemleri Hk.,https://www.kap.org.tr/tr/Bildirim/1413443,tr,2025-03-27T18:23:38+00:00
2025-03-27,KORDS,KAP,KORDSA TEKNİK TEKSTİL A.Ş. - Özel Durum Açıklaması (Genel),Özel Durum Açıklaması (Genel) Yönetim Kurulu Başkanı ve Başkan Vekilinin görev dağılımı.,https://www.kap.org.tr/tr/Bildirim/1413134,tr,2025-03-27T15:55:23+00:00
2025-03-27,KTSVK,KAP,KT SUKUK VARLIK KİRALAMA A.Ş. - Tertip İhraç Belgesi,Tertip İhraç Belgesi Tertip İhraç Belgesi 200 Milyon TL KRVGD,https://www.kap.org.tr/tr/Bildirim/1413282,tr,2025-03-27T17:17:13+00:00
2025-03-27,LINK,KAP,LİNK BİLGİSAYAR SİSTEMLERİ YAZILIMI VE DONANIMI SANAYİ VE TİCARET A.Ş. - Katılım Finansı İlkeleri Bilgi Formu,Katılım Finansı İlkeleri Bilgi Formu,https://www.kap.org.tr/tr/Bildirim/1413455,tr,2025-03-27T18:28:36+00:00
2025-03-27,LINK,KAP,LİNK BİLGİSAYAR SİSTEMLERİ YAZILIMI VE DONANIMI SANAYİ VE TİCARET A.Ş. - Yeni İş İlişkisi,Yeni İş İlişkisi Güvenlik Teknolojileri Alanında Yeni İş İlişkisi,https://www.kap.org.tr/tr/Bildirim/1413451,tr,2025-03-27T18:26:21+00:00
2025-03-27,LKMNH,KAP,LOKMAN HEKİM ENGÜRÜSAĞ SAĞLIK TURİZM EĞİTİM HİZMETLERİ VE İNŞAAT TAAHHÜT A.Ş. - Payların Geri Alınmasına İlişkin Bildirim,Payların Geri Alınmasına İlişkin Bildirim Hisse Geri Alımı,https://www.kap.org.tr/tr/Bildirim/1413462,tr,2025-03-27T18:31:36+00:00
2025-03-27,MGROS,KAP,MİGROS TİCARET A.Ş. - Genel Kurul İşlemlerine İlişkin Bildirim,Genel Kurul İşlemlerine İlişkin Bildirim Olağan Genel Kurul Toplantısı için Bilgilendirme Dokümanında Güncelleme,https://www.kap.org.tr/tr/Bildirim/1413561,tr,2025-03-27T18:58:45+00:00
2025-03-27,MHRGY,KAP,MHR GAYRİMENKUL YATIRIM ORTAKLIĞI A.Ş. - Payların Geri Alınmasına İlişkin Bildirim,Payların Geri Alınmasına İlişkin Bildirim Payların Geri Alınmasına İlşkin Bildirim,https://www.kap.org.tr/tr/Bildirim/1413665,tr,2025-03-27T19:49:44+00:00
2025-03-27,MHRGY,KAP,MHR GAYRİMENKUL YATIRIM ORTAKLIĞI A.Ş. - Payların Geri Alınmasına İlişkin Bildirim,Payların Geri Alınmasına İlişkin Bildirim Payların Geri Alınmasına İlşkin Bildirim,https://www.kap.org.tr/tr/Bildirim/1412684,tr,2025-03-27T00:16:38+00:00
2025-03-27,MIATK,KAP,MİA TEKNOLOJİ A.Ş. - Özel Durum Açıklaması (Genel),Özel Durum Açıklaması (Genel) MIACorpUK Ltd'nin Kuruluşu ve Birleşik Krallık'taki Büyüme Vizyonu,https://www.kap.org.tr/tr/Bildirim/1412940,tr,2025-03-27T13:45:55+00:00
2025-03-27,MRBAS,KAP,MARBAŞ MENKUL DEĞERLER A.Ş. - Likidite Sağlayıcılık Kapsamındaki İşlemler,Likidite Sağlayıcılık Kapsamındaki İşlemler DCT TRADİNG DIŞ TİCARET A.Ş. Paylarında Likidite Sağlayacılık Kapsamında Gerçekleştirilen İşlemler DCTTR,https://www.kap.org.tr/tr/Bildirim/1412908,tr,2025-03-27T12:56:09+00:00
2025-03-27,MRBKF,KAP,MERCEDES BENZ KAMYON FİNANSMAN A.Ş. - Pay Dışında Sermaye Piyasası Aracı İşlemlerine İlişkin Bildirim (Faiz İçeren),Pay Dışında Sermaye Piyasası Aracı İşlemlerine İlişkin Bildirim (Faiz İçeren) TRSMBKF32615 ISIN Kodlu Tahvil İhracı,https://www.kap.org.tr/tr/Bildirim/1412857,tr,2025-03-27T11:55:22+00:00
2025-03-27,MRBKF,KAP,MERCEDES BENZ KAMYON FİNANSMAN A.Ş. - Pay Dışında Sermaye Piyasası Aracı İşlemlerine İlişkin Bildirim (Faiz İçeren),Pay Dışında Sermaye Piyasası Aracı İşlemlerine İlişkin Bildirim (Faiz İçeren) TRSMBKF62513 ISIN Kodlu Tahvil 1.Kupon Ödemesi,https://www.kap.org.tr/tr/Bildirim/1412827,tr,2025-03-27T11:32:19+00:00
2025-03-27,MRS,KAP,MARBAŞ MENKUL DEĞERLER A.Ş. - Likidite Sağlayıcılık Kapsamındaki İşlemler,Likidite Sağlayıcılık Kapsamındaki İşlemler DCT TRADİNG DIŞ TİCARET A.Ş. Paylarında Likidite Sağlayacılık Kapsamında Gerçekleştirilen İşlemler DCTTR,https://www.kap.org.tr/tr/Bildirim/1412908,tr,2025-03-27T12:56:09+00:00
2025-03-27,MTRYO,KAP,METRO YATIRIM ORTAKLIĞI A.Ş. - Bağımsız Denetim Kuruluşunun Belirlenmesi,Bağımsız Denetim Kuruluşunun Belirlenmesi 2025 yılı Hesap Dönemi için Bağımsız Denetim Şirketi Seçimi Hakkında,https://www.kap.org.tr/tr/Bildirim/1413337,tr,2025-03-27T18:04:54+00:00
2025-03-27,NRBNK,KAP,NUROL YATIRIM BANKASI A.Ş. - Pay Dışında Sermaye Piyasası Aracı İşlemlerine İlişkin Bildirim (Faiz İçeren),Pay Dışında Sermaye Piyasası Aracı İşlemlerine İlişkin Bildirim (Faiz İçeren) Nurol Yatırım Bankası A.Ş. Finansman Bonosu İhracı,https://www.kap.org.tr/tr/Bildirim/1413028,tr,2025-03-27T14:34:30+00:00
2025-03-27,NRBNK,KAP,NUROL YATIRIM BANKASI A.Ş. - Pay Dışında Sermaye Piyasası Aracı İşlemlerine İlişkin Bildirim (Faiz İçeren),Pay Dışında Sermaye Piyasası Aracı İşlemlerine İlişkin Bildirim (Faiz İçeren) Nurol Yatırım Bankası A.Ş. Otosor Varlık Finansman Fonu VDMK İhracı OTOSR,https://www.kap.org.tr/tr/Bildirim/1412819,tr,2025-03-27T11:19:25+00:00
2025-03-27,NYB,KAP,NUROL YATIRIM BANKASI A.Ş. - Pay Dışında Sermaye Piyasası Aracı İşlemlerine İlişkin Bildirim (Faiz İçeren),Pay Dışında Sermaye Piyasası Aracı İşlemlerine İlişkin Bildirim (Faiz İçeren) Nurol Yatırım Bankası A.Ş. Finansman Bonosu İhracı,https://www.kap.org.tr/tr/Bildirim/1413028,tr,2025-03-27T14:34:30+00:00
2025-03-27,NYB,KAP,NUROL YATIRIM BANKASI A.Ş. - Pay Dışında Sermaye Piyasası Aracı İşlemlerine İlişkin Bildirim (Faiz İçeren),Pay Dışında Sermaye Piyasası Aracı İşlemlerine İlişkin Bildirim (Faiz İçeren) Nurol Yatırım Bankası A.Ş. Otosor Varlık Finansman Fonu VDMK İhracı OTOSR,https://www.kap.org.tr/tr/Bildirim/1412819,tr,2025-03-27T11:19:25+00:00
2025-03-27,ONCSM,KAP,ONCOSEM ONKOLOJİK SİSTEMLER SANAYİ VE TİCARET A.Ş. - Şirket Genel Bilgi Formu,Şirket Genel Bilgi Formu,https://www.kap.org.tr/tr/Bildirim/1412807,tr,2025-03-27T11:08:08+00:00
2025-03-27,OTKAR,KAP,OTOKAR OTOMOTİV VE SAVUNMA SANAYİ A.Ş. - Şirket Genel Bilgi Formu,Şirket Genel Bilgi Formu,https://www.kap.org.tr/tr/Bildirim/1413398,tr,2025-03-27T18:16:10+00:00
2025-03-27,OYA,KAP,OYAK YATIRIM MENKUL DEĞERLER A.Ş. - Piyasa Yapıcılığı Kapsamında Gerçekleştirilen İşlemler Bildirimi,Piyasa Yapıcılığı Kapsamında Gerçekleştirilen İşlemler Bildirimi 27/03/2025 TARİHLİ OYAYO PİYASA YAPICILIĞI İŞLEMLERİ OYAYO,https://www.kap.org.tr/tr/Bildirim/1413578,tr,2025-03-27T19:02:40+00:00
2025-03-27,OYAKC,KAP,OYAK ÇİMENTO FABRİKALARI A.Ş. - Şirket Genel Bilgi Formu,Şirket Genel Bilgi Formu,https://www.kap.org.tr/tr/Bildirim/1413465,tr,2025-03-27T18:32:12+00:00
2025-03-27,OYAKC,KAP,OYAK ÇİMENTO FABRİKALARI A.Ş. - Bağımsız Denetim Kuruluşunun Belirlenmesi,Bağımsız Denetim Kuruluşunun Belirlenmesi 2025 Yılı Bağımsız Denetim Şirketi Seçimi,https://www.kap.org.tr/tr/Bildirim/1412760,tr,2025-03-27T09:51:13+00:00
2025-03-27,OYAYO,KAP,OYAK YATIRIM ORTAKLIĞI A.Ş. - Özel Durum Açıklaması (Genel),"Özel Durum Açıklaması (Genel) Ortaklık paylarının BİAŞ'ta oluşan ağırlıklı ortalama fiyatının, pay başına net aktif değerinin 2 katını aşması hakkında",https://www.kap.org.tr/tr/Bildirim/1412758,tr,2025-03-27T09:50:51+00:00
2025-03-27,OYYAT,KAP,OYAK YATIRIM MENKUL DEĞERLER A.Ş. - Piyasa Yapıcılığı Kapsamında Gerçekleştirilen İşlemler Bildirimi,Piyasa Yapıcılığı Kapsamında Gerçekleştirilen İşlemler Bildirimi 27/03/2025 TARİHLİ OYAYO PİYASA YAPICILIĞI İŞLEMLERİ OYAYO,https://www.kap.org.tr/tr/Bildirim/1413578,tr,2025-03-27T19:02:40+00:00
2025-03-27,OZGYO,KAP,ÖZDERİCİ GAYRİMENKUL YATIRIM ORTAKLIĞI A.Ş. - Payların Geri Alınmasına İlişkin Bildirim,Payların Geri Alınmasına İlişkin Bildirim 27.03.2025 Tarihli Pay Geri Alım İşlemleri,https://www.kap.org.tr/tr/Bildirim/1413509,tr,2025-03-27T18:38:03+00:00
2025-03-27,OZGYO,KAP,ÖZDERİCİ GAYRİMENKUL YATIRIM ORTAKLIĞI A.Ş. - Kayıtlı Sermaye Tavanı İşlemlerine İlişkin Bildirim,Kayıtlı Sermaye Tavanı İşlemlerine İlişkin Bildirim Kayıtlı Sermaye Tavanına İlişkin Genel Kurul Onayı Tescili Hakkıda,https://www.kap.org.tr/tr/Bildirim/1412920,tr,2025-03-27T13:15:28+00:00
2025-03-27,OZGYO,KAP,ÖZDERİCİ GAYRİMENKUL YATIRIM ORTAKLIĞI A.Ş. - Genel Kurul İşlemlerine İlişkin Bildirim,"Genel Kurul İşlemlerine İlişkin Bildirim 2024 Yılı Olağan Genel Kurul Toplantı Sonucu, Tescil ve İlanı Hakkında",https://www.kap.org.tr/tr/Bildirim/1412916,tr,2025-03-27T13:06:55+00:00
2025-03-27,PARSN,KAP,PARSAN MAKİNA PARÇALARI SANAYİİ A.Ş. - Özel Durum Açıklaması (Genel),Özel Durum Açıklaması (Genel) İştirak Temettü Payı Hk.,https://www.kap.org.tr/tr/Bildirim/1413405,tr,2025-03-27T18:17:21+00:00
2025-03-27,PCILT,KAP,PC İLETİŞİM VE MEDYA HİZMETLERİ SANAYİ TİCARET A.Ş. - Payların Geri Alınmasına İlişkin Bildirim,Payların Geri Alınmasına İlişkin Bildirim 26.03.2025 Tarihli Pay Geri Alım İşlemleri,https://www.kap.org.tr/tr/Bildirim/1412686,tr,2025-03-27T03:16:26+00:00
2025-03-27,PETUN,KAP,PINAR ENTEGRE ET VE UN SANAYİİ A.Ş. - Kayıtlı Sermaye Tavanı İşlemlerine İlişkin Bildirim,Kayıtlı Sermaye Tavanı İşlemlerine İlişkin Bildirim Kayıtlı Sermaye Tavanı Esas Sözleşme Madde Tadiline İlişkin Genel Kurul Onayı,https://www.kap.org.tr/tr/Bildirim/1413133,tr,2025-03-27T15:54:21+00:00
2025-03-27,PETUN,KAP,PINAR ENTEGRE ET VE UN SANAYİİ A.Ş. - Kar Payı Dağıtım İşlemlerine İlişkin Bildirim,Kar Payı Dağıtım İşlemlerine İlişkin Bildirim Kâr Dağıtımına İlişkin,https://www.kap.org.tr/tr/Bildirim/1413112,tr,2025-03-27T15:48:19+00:00
2025-03-27,PETUN,KAP,PINAR ENTEGRE ET VE UN SANAYİİ A.Ş. - Genel Kurul İşlemlerine İlişkin Bildirim,Genel Kurul İşlemlerine İlişkin Bildirim 2024 Yılına İlişkin Olağan Genel Kurul Toplantı Sonucu,https://www.kap.org.tr/tr/Bildirim/1413099,tr,2025-03-27T15:41:55+00:00
2025-03-27,PLTUR,KAP,PLATFORM TURİZM TAŞIMACILIK GIDA İNŞAAT TEMİZLİK HİZMETLERİ SANAYİ VE TİCARET A.Ş. - Yeni İş İlişkisi,Yeni İş İlişkisi Yeni İş İlişkisi Hk.,https://www.kap.org.tr/tr/Bildirim/1413768,tr,2025-03-27T20:30:32+00:00
2025-03-27,PLTUR,KAP,PLATFORM TURİZM TAŞIMACILIK GIDA İNŞAAT TEMİZLİK HİZMETLERİ SANAYİ VE TİCARET A.Ş. - Yeni İş İlişkisi,Yeni İş İlişkisi Yeni İş İlişkisi Hk.,https://www.kap.org.tr/tr/Bildirim/1413749,tr,2025-03-27T20:27:09+00:00
2025-03-27,PRKAB,KAP,TÜRK PRYSMİAN KABLO VE SİSTEMLERİ A.Ş. - Kar Payı Dağıtım İşlemlerine İlişkin Bildirim,Kar Payı Dağıtım İşlemlerine İlişkin Bildirim Kar Payı Dağıtım İşlemlerine İlişkin Bildirim,https://www.kap.org.tr/tr/Bildirim/1413664,tr,2025-03-27T19:46:03+00:00
2025-03-27,PRKAB,KAP,TÜRK PRYSMİAN KABLO VE SİSTEMLERİ A.Ş. - Bağımsız Denetim Kuruluşunun Belirlenmesi,Bağımsız Denetim Kuruluşunun Belirlenmesi Bağımsız Denetim Kuruluşunun Belirlenmesi,https://www.kap.org.tr/tr/Bildirim/1413646,tr,2025-03-27T19:35:07+00:00
2025-03-27,PRKAB,KAP,TÜRK PRYSMİAN KABLO VE SİSTEMLERİ A.Ş. - Özel Durum Açıklaması (Genel),Özel Durum Açıklaması (Genel) Yönetim Kurulu Görev Dağılımı,https://www.kap.org.tr/tr/Bildirim/1413636,tr,2025-03-27T19:27:38+00:00
2025-03-27,PRKAB,KAP,TÜRK PRYSMİAN KABLO VE SİSTEMLERİ A.Ş. - Genel Kurul İşlemlerine İlişkin Bildirim,Genel Kurul İşlemlerine İlişkin Bildirim 2024 Yılı Olağan Genel Kurul Toplantı Sonucu,https://www.kap.org.tr/tr/Bildirim/1413628,tr,2025-03-27T19:24:33+00:00
2025-03-27,PSDTC,KAP,PERGAMON STATUS DIŞ TİCARET A.Ş. - Bağımsız Denetim Kuruluşunun Belirlenmesi,Bağımsız Denetim Kuruluşunun Belirlenmesi Bağımsız Denetim Kuruluşu seçiminin Genel Kurul'ca onaylanması,https://www.kap.org.tr/tr/Bildirim/1413286,tr,2025-03-27T17:20:24+00:00
2025-03-27,PSDTC,KAP,PERGAMON STATUS DIŞ TİCARET A.Ş. - Kar Payı Dağıtım İşlemlerine İlişkin Bildirim,Kar Payı Dağıtım İşlemlerine İlişkin Bildirim Kar Payı Dağıtımına İlişkin Genel Kurul Kararı,https://www.kap.org.tr/tr/Bildirim/1413285,tr,2025-03-27T17:20:11+00:00
2025-03-27,PSDTC,KAP,PERGAMON STATUS DIŞ TİCARET A.Ş. - Genel Kurul İşlemlerine İlişkin Bildirim,Genel Kurul İşlemlerine İlişkin Bildirim Genel Kurul Toplantısı Sonucu,https://www.kap.org.tr/tr/Bildirim/1413267,tr,2025-03-27T17:02:32+00:00
2025-03-27,QNBTR,KAP,QNB BANK A.Ş. - Genel Kurul İşlemlerine İlişkin Bildirim,Genel Kurul İşlemlerine İlişkin Bildirim Genel Kurul toplantı sonuçları,https://www.kap.org.tr/tr/Bildirim/1413321,tr,2025-03-27T17:52:10+00:00
2025-03-27,QNBTR,KAP,QNB BANK A.Ş. - Pay Dışında Sermaye Piyasası Aracı İşlemlerine İlişkin Bildirim (Faiz İçeren),Pay Dışında Sermaye Piyasası Aracı İşlemlerine İlişkin Bildirim (Faiz İçeren) MTN programı kapsamında yurtdışında ihraç edilen borçlanma aracının ihracı,https://www.kap.org.tr/tr/Bildirim/1413089,tr,2025-03-27T15:29:51+00:00
2025-03-27,QNBTR,KAP,QNB BANK A.Ş. - Pay Dışında Sermaye Piyasası Aracı İşlemlerine İlişkin Bildirim (Faiz İçeren),Pay Dışında Sermaye Piyasası Aracı İşlemlerine İlişkin Bildirim (Faiz İçeren) MTN programı kapsamında yurtdışında ihraç edilen borçlanma aracının itfası,https://www.kap.org.tr/tr/Bildirim/1413086,tr,2025-03-27T15:29:05+00:00
2025-03-27,RALYH,KAP,RAL YATIRIM HOLDİNG A.Ş. - Esas Sözleşme,Esas Sözleşme Güncel Esas Sözleşme,https://www.kap.org.tr/tr/Bildirim/1413391,tr,2025-03-27T18:15:24+00:00
2025-03-27,RALYH,KAP,RAL YATIRIM HOLDİNG A.Ş. - Sermaye Artırımı - Azaltımı İşlemlerine İlişkin Bildirim,Sermaye Artırımı - Azaltımı İşlemlerine İlişkin Bildirim Bedelsiz Sermaye Artırımı Tescil ve İlanı,https://www.kap.org.tr/tr/Bildirim/1413388,tr,2025-03-27T18:15:12+00:00
2025-03-27,RGYAS,KAP,RÖNESANS GAYRİMENKUL YATIRIM A.Ş. - İlişkili Taraf İşlemleri,İlişkili Taraf İşlemleri İlişkili Taraf İşlemleri Raporu Sonucu,https://www.kap.org.tr/tr/Bildirim/1413426,tr,2025-03-27T18:21:02+00:00
2025-03-27,RYSAS,KAP,REYSAŞ TAŞIMACILIK VE LOJİSTİK TİCARET A.Ş. - Pay Alım Satım Bildirimi,Pay Alım Satım Bildirimi RYGYO Pay Alım Bildirimi RYGYO,https://www.kap.org.tr/tr/Bildirim/1413296,tr,2025-03-27T17:29:20+00:00
2025-03-27,RYSAS,KAP,REYSAŞ TAŞIMACILIK VE LOJİSTİK TİCARET A.Ş. - Şirket Genel Bilgi Formu,Şirket Genel Bilgi Formu,https://www.kap.org.tr/tr/Bildirim/1413143,tr,2025-03-27T16:00:47+00:00
2025-03-27,SAHOL,KAP,HACI ÖMER SABANCI HOLDİNG A.Ş. - Şirket Genel Bilgi Formu,Şirket Genel Bilgi Formu,https://www.kap.org.tr/tr/Bildirim/1413325,tr,2025-03-27T17:59:21+00:00
2025-03-27,SAHOL,KAP,HACI ÖMER SABANCI HOLDİNG A.Ş. - Kurumsal Yönetim Bilgi Formu (Güncelleme) - Pay Sahipleri,Kurumsal Yönetim Bilgi Formu (Güncelleme) - Pay Sahipleri Kurumsal Yönetim Bilgi Formu Güncelleme - Pay Sahipleri,https://www.kap.org.tr/tr/Bildirim/1413319,tr,2025-03-27T17:50:34+00:00
2025-03-27,SAHOL,KAP,HACI ÖMER SABANCI HOLDİNG A.Ş. - Kurumsal Yönetim Bilgi Formu (Güncelleme) - Yönetim Kurulu-2,Kurumsal Yönetim Bilgi Formu (Güncelleme) - Yönetim Kurulu-2 Kurumsal Yönetim Bilgi Formu Güncelleme - Yönetim Kurulu-II,https://www.kap.org.tr/tr/Bildirim/1413309,tr,2025-03-27T17:40:21+00:00
2025-03-27,SAHOL,KAP,HACI ÖMER SABANCI HOLDİNG A.Ş. - Kurumsal Yönetim Bilgi Formu (Güncelleme) - Yönetim Kurulu-1,Kurumsal Yönetim Bilgi Formu (Güncelleme) - Yönetim Kurulu-1 Kurumsal Yönetim Bilgi Formu Güncelleme - Yönetim Kurulu-I,https://www.kap.org.tr/tr/Bildirim/1413304,tr,2025-03-27T17:34:52+00:00
2025-03-27,SAHOL,KAP,HACI ÖMER SABANCI HOLDİNG A.Ş. - Özel Durum Açıklaması (Genel),Özel Durum Açıklaması (Genel) Yönetim Kurulu Komiteleri Üyeliklerinin Belirlenmesi,https://www.kap.org.tr/tr/Bildirim/1413294,tr,2025-03-27T17:28:52+00:00
2025-03-27,SAHOL,KAP,HACI ÖMER SABANCI HOLDİNG A.Ş. - Bağımsız Denetim Kuruluşunun Belirlenmesi,Bağımsız Denetim Kuruluşunun Belirlenmesi Denetçi ve Topluluk Denetçisinin Belirlenmesi,https://www.kap.org.tr/tr/Bildirim/1413288,tr,2025-03-27T17:23:32+00:00
2025-03-27,SAHOL,KAP,HACI ÖMER SABANCI HOLDİNG A.Ş. - Kar Payı Dağıtım İşlemlerine İlişkin Bildirim,Kar Payı Dağıtım İşlemlerine İlişkin Bildirim Genel Kurul'un Kar Payı Dağıtım Kararı,https://www.kap.org.tr/tr/Bildirim/1413284,tr,2025-03-27T17:18:17+00:00
2025-03-27,SAHOL,KAP,HACI ÖMER SABANCI HOLDİNG A.Ş. - Özel Durum Açıklaması (Genel),Özel Durum Açıklaması (Genel) Yönetim Kurulu Üyeleri Görev Dağılımı,https://www.kap.org.tr/tr/Bildirim/1413266,tr,2025-03-27T17:00:26+00:00
2025-03-27,SAHOL,KAP,HACI ÖMER SABANCI HOLDİNG A.Ş. - Genel Kurul İşlemlerine İlişkin Bildirim,Genel Kurul İşlemlerine İlişkin Bildirim 2024 Yılı Olağan Genel Kurul Toplantı Sonuçları,https://www.kap.org.tr/tr/Bildirim/1413265,tr,2025-03-27T17:00:06+00:00
2025-03-27,SANEL,KAP,SAN-EL MÜHENDİSLİK ELEKTRİK TAAHHÜT SANAYİ VE TİCARET A.Ş. - Sürdürülebilirlik Uyum Raporu,Sürdürülebilirlik Uyum Raporu Sürdürülebilirlik Uyum Raporu,https://www.kap.org.tr/tr/Bildirim/1413447,tr,2025-03-27T18:25:24+00:00
2025-03-27,SANEL,KAP,SAN-EL MÜHENDİSLİK ELEKTRİK TAAHHÜT SANAYİ VE TİCARET A.Ş. - Kurumsal Yönetim Uyum Raporu,Kurumsal Yönetim Uyum Raporu Kurumsal Yönetim Uyum Formu,https://www.kap.org.tr/tr/Bildirim/1413444,tr,2025-03-27T18:24:34+00:00
2025-03-27,SANEL,KAP,SAN-EL MÜHENDİSLİK ELEKTRİK TAAHHÜT SANAYİ VE TİCARET A.Ş. - Sorumluluk Beyanı (Konsolide),Sorumluluk Beyanı (Konsolide) Sorumluluk Beyanı,https://www.kap.org.tr/tr/Bildirim/1413442,tr,2025-03-27T18:23:20+00:00
2025-03-27,SANEL,KAP,SAN-EL MÜHENDİSLİK ELEKTRİK TAAHHÜT SANAYİ VE TİCARET A.Ş. - Faaliyet Raporu (Konsolide),Faaliyet Raporu (Konsolide) Faaliyet Raporu Hakkında,https://www.kap.org.tr/tr/Bildirim/1413431,tr,2025-03-27T18:21:59+00:00
2025-03-27,SANEL,KAP,SAN-EL MÜHENDİSLİK ELEKTRİK TAAHHÜT SANAYİ VE TİCARET A.Ş. - Finansal Rapor,Finansal Rapor,https://www.kap.org.tr/tr/Bildirim/1413423,tr,2025-03-27T18:20:28+00:00
2025-03-27,SASA,KAP,SASA POLYESTER SANAYİ A.Ş. - Özel Durum Açıklaması (Genel),Özel Durum Açıklaması (Genel) Gaziantep Arazi GES yatırımının tamamlanması,https://www.kap.org.tr/tr/Bildirim/1413158,tr,2025-03-27T16:11:08+00:00
2025-03-27,SASA,KAP,SASA POLYESTER SANAYİ A.Ş. - Genel Kurul İşlemlerine İlişkin Bildirim,"Genel Kurul İşlemlerine İlişkin Bildirim 2024 Yılı Olağan Genel Kurul Toplantı Tarihi, Gündemin Tespiti ve Ortaklarımızın Davet Edilmesi",https://www.kap.org.tr/tr/Bildirim/1413152,tr,2025-03-27T16:03:57+00:00
2025-03-27,SASA,KAP,SASA POLYESTER SANAYİ A.Ş. - Özel Durum Açıklaması (Genel),Özel Durum Açıklaması (Genel) Olağan Genel Kurul Toplantısı'nda Aday Gösterilecek Bağımsız Yönetim Kurulu Üyeleri,https://www.kap.org.tr/tr/Bildirim/1413151,tr,2025-03-27T16:02:51+00:00
2025-03-27,SASA,KAP,SASA POLYESTER SANAYİ A.Ş. - Bağımsız Denetim Kuruluşunun Belirlenmesi,Bağımsız Denetim Kuruluşunun Belirlenmesi Bağımsız Denetim Kuruluşunun Genel Kurula Önerilmesi,https://www.kap.org.tr/tr/Bildirim/1413147,tr,2025-03-27T16:01:57+00:00
2025-03-27,SASA,KAP,SASA POLYESTER SANAYİ A.Ş. - Kar Payı Dağıtım İşlemlerine İlişkin Bildirim,Kar Payı Dağıtım İşlemlerine İlişkin Bildirim 2024 Yılı Kâr Dağıtım Önerisi,https://www.kap.org.tr/tr/Bildirim/1413144,tr,2025-03-27T16:01:01+00:00
2025-03-27,SASA,KAP,SASA POLYESTER SANAYİ A.Ş. - Özel Durum Açıklaması (Genel),Özel Durum Açıklaması (Genel) Olağan Genel Kurul onayına sunulacak yeni Pay Geri Alım Programı,https://www.kap.org.tr/tr/Bildirim/1413142,tr,2025-03-27T15:59:05+00:00
2025-03-27,SDTTR,KAP,SDT UZAY VE SAVUNMA TEKNOLOJİLERİ A.Ş. - Kar Payı Dağıtım İşlemlerine İlişkin Bildirim,Kar Payı Dağıtım İşlemlerine İlişkin Bildirim 2024 Yılı Kar Dağıtımı,https://www.kap.org.tr/tr/Bildirim/1413186,tr,2025-03-27T16:21:42+00:00
2025-03-27,SDTTR,KAP,SDT UZAY VE SAVUNMA TEKNOLOJİLERİ A.Ş. - Genel Kurul İşlemlerine İlişkin Bildirim,Genel Kurul İşlemlerine İlişkin Bildirim Genel Kurul İşlemlerine İlişkin Bildirim,https://www.kap.org.tr/tr/Bildirim/1413181,tr,2025-03-27T16:20:06+00:00
2025-03-27,SDTTR,KAP,SDT UZAY VE SAVUNMA TEKNOLOJİLERİ A.Ş. - Bağımsız Denetim Kuruluşunun Belirlenmesi,Bağımsız Denetim Kuruluşunun Belirlenmesi Bağımsız Denetim Şirketi Seçimi,https://www.kap.org.tr/tr/Bildirim/1413178,tr,2025-03-27T16:19:21+00:00
2025-03-27,SEGMN,KAP,SEĞMEN KARDEŞLER GIDA ÜRETİM VE AMBALAJ SANAYİ A.Ş. - Finansal Duran Varlık Edinimi,Finansal Duran Varlık Edinimi Yurtiçi Şirket Satın Alınması Hakkında Sözleşme İmzalanması,https://www.kap.org.tr/tr/Bildirim/1413802,tr,2025-03-27T20:52:46+00:00
2025-03-27,SELEC,KAP,SELÇUK ECZA DEPOSU TİCARET VE SANAYİ A.Ş. - Şirket Genel Bilgi Formu,Şirket Genel Bilgi Formu,https://www.kap.org.tr/tr/Bildirim/1413670,tr,2025-03-27T19:59:22+00:00
2025-03-27,SELEC,KAP,SELÇUK ECZA DEPOSU TİCARET VE SANAYİ A.Ş. - Bağımsız Denetim Kuruluşunun Belirlenmesi,Bağımsız Denetim Kuruluşunun Belirlenmesi Bağımsız Denetim Kuruluşu Seçiminin Genel Kurulca Onaylanması,https://www.kap.org.tr/tr/Bildirim/1413102,tr,2025-03-27T15:44:43+00:00
2025-03-27,SELEC,KAP,SELÇUK ECZA DEPOSU TİCARET VE SANAYİ A.Ş. - Kar Payı Dağıtım İşlemlerine İlişkin Bildirim,Kar Payı Dağıtım İşlemlerine İlişkin Bildirim Kar Payı Dağıtımına İlişkin Genel Kurul Sonucu,https://www.kap.org.tr/tr/Bildirim/1413081,tr,2025-03-27T15:27:12+00:00
2025-03-27,SELEC,KAP,SELÇUK ECZA DEPOSU TİCARET VE SANAYİ A.Ş. - Genel Kurul İşlemlerine İlişkin Bildirim,Genel Kurul İşlemlerine İlişkin Bildirim Olağan Genel Kurul Sonuç Bildirimi,https://www.kap.org.tr/tr/Bildirim/1413059,tr,2025-03-27T15:15:09+00:00
2025-03-27,SISE,KAP,TÜRKİYE ŞİŞE VE CAM FABRİKALARI A.Ş. - Kurumsal Yönetim Bilgi Formu (Güncelleme) - Yönetim Kurulu-2,Kurumsal Yönetim Bilgi Formu (Güncelleme) - Yönetim Kurulu-2 Güncelleme,https://www.kap.org.tr/tr/Bildirim/1413013,tr,2025-03-27T14:26:02+00:00
2025-03-27,SISE,KAP,TÜRKİYE ŞİŞE VE CAM FABRİKALARI A.Ş. - Kurumsal Yönetim Bilgi Formu (Güncelleme) - Yönetim Kurulu-1,Kurumsal Yönetim Bilgi Formu (Güncelleme) - Yönetim Kurulu-1 Güncelleme,https://www.kap.org.tr/tr/Bildirim/1413011,tr,2025-03-27T14:25:06+00:00
2025-03-27,SKY,KAP,ŞEKER YATIRIM MENKUL DEĞERLER A.Ş. - Bağımsız Denetim Kuruluşunun Belirlenmesi,Bağımsız Denetim Kuruluşunun Belirlenmesi Bağımsız Denetim Kuruluşunun Belirlenmesi,https://www.kap.org.tr/tr/Bildirim/1413419,tr,2025-03-27T18:19:43+00:00
2025-03-27,SKY,KAP,ŞEKER YATIRIM MENKUL DEĞERLER A.Ş. - Kar Payı Dağıtım İşlemlerine İlişkin Bildirim,Kar Payı Dağıtım İşlemlerine İlişkin Bildirim 2024 Yılı Kar Payı Dağıtımına İlişkin Olağan Genel Kurul Toplantı Sonucu,https://www.kap.org.tr/tr/Bildirim/1413415,tr,2025-03-27T18:19:05+00:00
2025-03-27,SKY,KAP,ŞEKER YATIRIM MENKUL DEĞERLER A.Ş. - Genel Kurul İşlemlerine İlişkin Bildirim,Genel Kurul İşlemlerine İlişkin Bildirim Olağan Genel Kurul Toplantı Sonucu,https://www.kap.org.tr/tr/Bildirim/1413380,tr,2025-03-27T18:14:05+00:00
2025-03-27,SKYLP,KAP,SKYALP FİNANSAL TEKNOLOJİLER VE DANIŞMANLIK A.Ş. - Kar Payı Dağıtım İşlemlerine İlişkin Bildirim,Kar Payı Dağıtım İşlemlerine İlişkin Bildirim Kar Payı Dağıtımına İlişkin Yönetim Kurulu Kararı Hk.,https://www.kap.org.tr/tr/Bildirim/1413015,tr,2025-03-27T14:28:11+00:00
2025-03-27,SKYLP,KAP,SKYALP FİNANSAL TEKNOLOJİLER VE DANIŞMANLIK A.Ş. - Genel Kurul İşlemlerine İlişkin Bildirim,Genel Kurul İşlemlerine İlişkin Bildirim 2024 Yılı Olağan Genel Kurul Toplantı Daveti Hk.,https://www.kap.org.tr/tr/Bildirim/1413012,tr,2025-03-27T14:25:37+00:00
2025-03-27,SKYMD,KAP,ŞEKER YATIRIM MENKUL DEĞERLER A.Ş. - Bağımsız Denetim Kuruluşunun Belirlenmesi,Bağımsız Denetim Kuruluşunun Belirlenmesi Bağımsız Denetim Kuruluşunun Belirlenmesi,https://www.kap.org.tr/tr/Bildirim/1413419,tr,2025-03-27T18:19:43+00:00
2025-03-27,SKYMD,KAP,ŞEKER YATIRIM MENKUL DEĞERLER A.Ş. - Kar Payı Dağıtım İşlemlerine İlişkin Bildirim,Kar Payı Dağıtım İşlemlerine İlişkin Bildirim 2024 Yılı Kar Payı Dağıtımına İlişkin Olağan Genel Kurul Toplantı Sonucu,https://www.kap.org.tr/tr/Bildirim/1413415,tr,2025-03-27T18:19:05+00:00
2025-03-27,SKYMD,KAP,ŞEKER YATIRIM MENKUL DEĞERLER A.Ş. - Genel Kurul İşlemlerine İlişkin Bildirim,Genel Kurul İşlemlerine İlişkin Bildirim Olağan Genel Kurul Toplantı Sonucu,https://www.kap.org.tr/tr/Bildirim/1413380,tr,2025-03-27T18:14:05+00:00
2025-03-27,SMRFA,KAP,SÜMER FAKTORİNG A.Ş. - İhraç Belgesi,İhraç Belgesi Ek İhraç Belgesi Hakkında,https://www.kap.org.tr/tr/Bildirim/1413052,tr,2025-03-27T15:06:39+00:00
2025-03-27,SMRFA,KAP,SÜMER FAKTORİNG A.Ş. - İhraç Tavanına İlişkin Bildirim,İhraç Tavanına İlişkin Bildirim Ek İhraç Belgesi Hakkında,https://www.kap.org.tr/tr/Bildirim/1413051,tr,2025-03-27T15:06:24+00:00
2025-03-27,SMRVA,KAP,SÜMER VARLIK YÖNETİM A.Ş. - Özel Durum Açıklaması (Genel),Özel Durum Açıklaması (Genel) Tahsili Gecikmiş Alacak Portföyü Alımı KFKTF,https://www.kap.org.tr/tr/Bildirim/1413385,tr,2025-03-27T18:14:39+00:00
2025-03-27,SMRVA,KAP,SÜMER VARLIK YÖNETİM A.Ş. - Bilgilendirme Politikası,Bilgilendirme Politikası Bilgilendirme Politikası,https://www.kap.org.tr/tr/Bildirim/1413381,tr,2025-03-27T18:14:10+00:00
2025-03-27,SMRVA,KAP,SÜMER VARLIK YÖNETİM A.Ş. - Özel Durum Açıklaması (Genel),Özel Durum Açıklaması (Genel) Ücretlendirme Politikası,https://www.kap.org.tr/tr/Bildirim/1413379,tr,2025-03-27T18:13:58+00:00
2025-03-27,SMRVA,KAP,SÜMER VARLIK YÖNETİM A.Ş. - Yönetim Kurulu Komiteleri,Yönetim Kurulu Komiteleri Kurumsal Yönetim Tebliği Kapsamında Kurulan Komiteler,https://www.kap.org.tr/tr/Bildirim/1413376,tr,2025-03-27T18:13:42+00:00
2025-03-27,SMRVA,KAP,SÜMER VARLIK YÖNETİM A.Ş. - Özel Durum Açıklaması (Genel),Özel Durum Açıklaması (Genel) Bağış ve Yardım Politikası,https://www.kap.org.tr/tr/Bildirim/1413375,tr,2025-03-27T18:13:27+00:00
2025-03-27,SMRVA,KAP,SÜMER VARLIK YÖNETİM A.Ş. - Kar Dağıtım Politikası,Kar Dağıtım Politikası Kar Dağıtım Politikası,https://www.kap.org.tr/tr/Bildirim/1413372,tr,2025-03-27T18:13:11+00:00
2025-03-27,SMRVA,KAP,SÜMER VARLIK YÖNETİM A.Ş. - Özel Durum Açıklaması (Genel),Özel Durum Açıklaması (Genel) Tahsili Gecikmiş Alacak Portföyü Alımı-İhaleye Konu Alacakların Devrine Yönelik Sözleşmenin İmza Sürecinin Tamamlanması DENIZ,https://www.kap.org.tr/tr/Bildirim/1412720,tr,2025-03-27T09:28:17+00:00
2025-03-27,SOKM,KAP,ŞOK MARKETLER TİCARET A.Ş. - Genel Kurul İşlemlerine İlişkin Bildirim,Genel Kurul İşlemlerine İlişkin Bildirim Olağan Genel Kurul İlanı Hk.,https://www.kap.org.tr/tr/Bildirim/1413535,tr,2025-03-27T18:49:52+00:00
2025-03-27,SOKM,KAP,ŞOK MARKETLER TİCARET A.Ş. - Kar Payı Dağıtım İşlemlerine İlişkin Bildirim,Kar Payı Dağıtım İşlemlerine İlişkin Bildirim Kar Payı Dağıtım Teklifi,https://www.kap.org.tr/tr/Bildirim/1413530,tr,2025-03-27T18:46:25+00:00
2025-03-27,SOKM,KAP,ŞOK MARKETLER TİCARET A.Ş. - Bağımsız Denetim Kuruluşunun Belirlenmesi,Bağımsız Denetim Kuruluşunun Belirlenmesi Bağımsız Denetim Şirketi Seçimi Hk,https://www.kap.org.tr/tr/Bildirim/1413523,tr,2025-03-27T18:43:14+00:00
2025-03-27,TBORG,KAP,TÜRK TUBORG BİRA VE MALT SANAYİİ A.Ş. - Bağımsız Denetim Kuruluşunun Belirlenmesi,Bağımsız Denetim Kuruluşunun Belirlenmesi Bağımsız Denetim Kuruluşu Ataması,https://www.kap.org.tr/tr/Bildirim/1413083,tr,2025-03-27T15:28:00+00:00
2025-03-27,TCELL,KAP,TURKCELL İLETİŞİM HİZMETLERİ A.Ş. - Pay Dışında Sermaye Piyasası Aracı İşlemlerine İlişkin Bildirim (Faiz İçeren),Pay Dışında Sermaye Piyasası Aracı İşlemlerine İlişkin Bildirim (Faiz İçeren) Finansman Bonosu İhracı,https://www.kap.org.tr/tr/Bildirim/1412772,tr,2025-03-27T09:57:33+00:00
2025-03-27,TCKRC,KAP,KIRAÇ GALVANİZ TELEKOMİNİKASYON METAL MAKİNE İNŞAAT ELEKTRİK SANAYİ VE TİCARET A.Ş. - Payların Geri Alınmasına İlişkin Bildirim,Payların Geri Alınmasına İlişkin Bildirim Payların Geri Alınmasına İlişkin Bildirim,https://www.kap.org.tr/tr/Bildirim/1412707,tr,2025-03-27T09:02:27+00:00
2025-03-27,TEBFA,KAP,TEB FAKTORİNG A.Ş. - Özel Durum Açıklaması (Genel),Özel Durum Açıklaması (Genel) Yönetici Atamalarına İlişkin Yönetim Kurulu Kararı,https://www.kap.org.tr/tr/Bildirim/1412966,tr,2025-03-27T13:56:36+00:00
2025-03-27,TFNVK,KAP,TF VARLIK KİRALAMA A.Ş. - Pay Dışında Sermaye Piyasası Aracı İşlemlerine İlişkin Bildirim (Faizsiz),Pay Dışında Sermaye Piyasası Aracı İşlemlerine İlişkin Bildirim (Faizsiz) 1. Tertip Kira Sertifikası Varlık Girişi hk.,https://www.kap.org.tr/tr/Bildirim/1412992,tr,2025-03-27T14:13:33+00:00
2025-03-27,TGB,KAP,TÜRKİYE GARANTİ BANKASI A.Ş. - Pay Dışında Sermaye Piyasası Aracı İşlemlerine İlişkin Bildirim (Faiz İçeren),Pay Dışında Sermaye Piyasası Aracı İşlemlerine İlişkin Bildirim (Faiz İçeren) Yurtdışı Piyasalara Tahvil İhracı SPK Onayı,https://www.kap.org.tr/tr/Bildirim/1413454,tr,2025-03-27T18:27:19+00:00
2025-03-27,TGB,KAP,TÜRKİYE GARANTİ BANKASI A.Ş. - Yönetim Kurulu Komiteleri,Yönetim Kurulu Komiteleri Kurumsal Yönetim Komitesi Üyeliğine atama,https://www.kap.org.tr/tr/Bildirim/1413452,tr,2025-03-27T18:27:01+00:00
2025-03-27,TGB,KAP,TÜRKİYE GARANTİ BANKASI A.Ş. - Genel Kurul İşlemlerine İlişkin Bildirim,Genel Kurul İşlemlerine İlişkin Bildirim Bankamız Olağan Genel Kurul Toplantısı?nda alınan kararlar hk.,https://www.kap.org.tr/tr/Bildirim/1413069,tr,2025-03-27T15:17:56+00:00
2025-03-27,TGB,KAP,TÜRKİYE GARANTİ BANKASI A.Ş. - Kar Payı Dağıtım İşlemlerine İlişkin Bildirim,Kar Payı Dağıtım İşlemlerine İlişkin Bildirim 2024 Yılı Kar Dağıtımı Hk.,https://www.kap.org.tr/tr/Bildirim/1413039,tr,2025-03-27T14:44:33+00:00
2025-03-27,TGB,KAP,TÜRKİYE GARANTİ BANKASI A.Ş. - Genel Kurul İşlemlerine İlişkin Bildirim,Genel Kurul İşlemlerine İlişkin Bildirim Bankamız Olağan Genel Kurul Toplantısı?nda alınan kararlar hakkında,https://www.kap.org.tr/tr/Bildirim/1413032,tr,2025-03-27T14:35:47+00:00
2025-03-27,THR,KAP,TÜRKİYE İHRACAT KREDİ BANKASI A.Ş. - Pay Dışında Sermaye Piyasası Aracı İşlemlerine İlişkin Bildirim (Faiz İçeren),Pay Dışında Sermaye Piyasası Aracı İşlemlerine İlişkin Bildirim (Faiz İçeren) GMTN programı çerçevesinde yurt dışında borçlanma aracı ihracı,https://www.kap.org.tr/tr/Bildirim/1413090,tr,2025-03-27T15:30:08+00:00
2025-03-27,THR,KAP,TÜRKİYE İHRACAT KREDİ BANKASI A.Ş. - Pay Dışında Sermaye Piyasası Aracı İşlemlerine İlişkin Bildirim (Faiz İçeren),Pay Dışında Sermaye Piyasası Aracı İşlemlerine İlişkin Bildirim (Faiz İçeren) GMTN programı çerçevesinde yurt dışında borçlanma aracı ihracı,https://www.kap.org.tr/tr/Bildirim/1413087,tr,2025-03-27T15:29:41+00:00
2025-03-27,THR,KAP,TÜRKİYE İHRACAT KREDİ BANKASI A.Ş. - Pay Dışında Sermaye Piyasası Aracı İşlemlerine İlişkin Bildirim (Faiz İçeren),Pay Dışında Sermaye Piyasası Aracı İşlemlerine İlişkin Bildirim (Faiz İçeren) GMTN programı çerçevesinde yurt dışında borçlanma aracı ihracı,https://www.kap.org.tr/tr/Bildirim/1413085,tr,2025-03-27T15:28:40+00:00
2025-03-27,THR,KAP,TÜRKİYE İHRACAT KREDİ BANKASI A.Ş. - Pay Dışında Sermaye Piyasası Aracı İşlemlerine İlişkin Bildirim (Faiz İçeren),Pay Dışında Sermaye Piyasası Aracı İşlemlerine İlişkin Bildirim (Faiz İçeren) XS2908898120 ISIN Kodlu Finansman Bonosunun İtfası Hk,https://www.kap.org.tr/tr/Bildirim/1413041,tr,2025-03-27T14:50:25+00:00
2025-03-27,TIB,KAP,TÜRKİYE İŞ BANKASI A.Ş. - Genel Kurul İşlemlerine İlişkin Bildirim,Genel Kurul İşlemlerine İlişkin Bildirim Olağan Genel Kurul Kararları,https://www.kap.org.tr/tr/Bildirim/1413753,tr,2025-03-27T20:27:37+00:00
2025-03-27,TIB,KAP,TÜRKİYE İŞ BANKASI A.Ş. - Bağımsız Denetim Kuruluşunun Belirlenmesi,Bağımsız Denetim Kuruluşunun Belirlenmesi Bağımsız Denetim Kuruluşunun Belirlenmesi,https://www.kap.org.tr/tr/Bildirim/1413425,tr,2025-03-27T18:20:54+00:00
2025-03-27,TIB,KAP,TÜRKİYE İŞ BANKASI A.Ş. - Kar Payı Dağıtım İşlemlerine İlişkin Bildirim,Kar Payı Dağıtım İşlemlerine İlişkin Bildirim Kar Payı Dağıtımı Hakkında,https://www.kap.org.tr/tr/Bildirim/1413054,tr,2025-03-27T15:10:13+00:00
2025-03-27,TIB,KAP,TÜRKİYE İŞ BANKASI A.Ş. - Genel Kurul İşlemlerine İlişkin Bildirim,Genel Kurul İşlemlerine İlişkin Bildirim Olağan Genel Kurul Kararları,https://www.kap.org.tr/tr/Bildirim/1413014,tr,2025-03-27T14:26:49+00:00
2025-03-27,TKFEN,KAP,TEKFEN HOLDİNG A.Ş. - Kurumsal Yönetim Bilgi Formu (Güncelleme) - Yönetim Kurulu-2,Kurumsal Yönetim Bilgi Formu (Güncelleme) - Yönetim Kurulu-2 Kurumsal Yönetim Bilgi Formu,https://www.kap.org.tr/tr/Bildirim/1412722,tr,2025-03-27T09:29:00+00:00
2025-03-27,TKFEN,KAP,TEKFEN HOLDİNG A.Ş. - Şirket Genel Bilgi Formu,Şirket Genel Bilgi Formu,https://www.kap.org.tr/tr/Bildirim/1412721,tr,2025-03-27T09:28:21+00:00
2025-03-27,TKFEN,KAP,TEKFEN HOLDİNG A.Ş. - Özel Durum Açıklaması (Genel),Özel Durum Açıklaması (Genel) Yönetim Kurulu Üyeliğine yapılan atama,https://www.kap.org.tr/tr/Bildirim/1412719,tr,2025-03-27T09:27:58+00:00
2025-03-27,TRALT,KAP,KOZA ALTIN İŞLETMELERİ A.Ş. - Esas Sözleşme Tadili,Esas Sözleşme Tadili Esas Sözleşme Tadil Başvurusunun T.C. Ticaret Bakanlığı Tarafından Onaylanması Hk.,https://www.kap.org.tr/tr/Bildirim/1413352,tr,2025-03-27T18:11:04+00:00
2025-03-27,TRENJ,KAP,İPEK DOĞAL ENERJİ KAYNAKLARI ARAŞTIRMA VE ÜRETİM A.Ş. - Esas Sözleşme Tadili,Esas Sözleşme Tadili Esas Sözleşme Tadil Başvurusunun T.C. Ticaret Bakanlığı Tarafından Onaylanması Hk.,https://www.kap.org.tr/tr/Bildirim/1413364,tr,2025-03-27T18:12:11+00:00
2025-03-27,TRHOL,KAP,DAGİ YATIRIM HOLDİNG A.Ş. - Payların Geri Alınmasına İlişkin Bildirim,Payların Geri Alınmasına İlişkin Bildirim 27.03.2025 Tarihli Pay Geri Alım İşlemleri,https://www.kap.org.tr/tr/Bildirim/1413806,tr,2025-03-27T20:57:15+00:00
2025-03-27,TRMET,KAP,KOZA ANADOLU METAL MADENCİLİK İŞLETMELERİ A.Ş. - Esas Sözleşme Tadili,Esas Sözleşme Tadili Esas Sözleşme Tadil Başvurusunun T.C. Ticaret Bakanlığı Tarafından Onaylanması Hk.,https://www.kap.org.tr/tr/Bildirim/1413359,tr,2025-03-27T18:11:42+00:00
2025-03-27,TRYKI,KAP,TİRYAKİ AGRO GIDA SANAYİ VE TİCARET A.Ş. - Pay Dışında Sermaye Piyasası Aracı İşlemlerine İlişkin Bildirim (Faiz İçeren),Pay Dışında Sermaye Piyasası Aracı İşlemlerine İlişkin Bildirim (Faiz İçeren) TRFTRYK62512 ISIN Kodlu Finansman Bonosunun 3. Kupon Ödemesi,https://www.kap.org.tr/tr/Bildirim/1412816,tr,2025-03-27T11:09:53+00:00
2025-03-27,TUPRS,KAP,TÜPRAŞ-TÜRKİYE PETROL RAFİNERİLERİ A.Ş. - Esas Sözleşme Tadili,Esas Sözleşme Tadili Esas Sözleşme Tadiline İlişkin Genel Kurul Onayı,https://www.kap.org.tr/tr/Bildirim/1413111,tr,2025-03-27T15:48:18+00:00
2025-03-27,TUPRS,KAP,TÜPRAŞ-TÜRKİYE PETROL RAFİNERİLERİ A.Ş. - Bağımsız Denetim Kuruluşunun Belirlenmesi,Bağımsız Denetim Kuruluşunun Belirlenmesi Bağımsız Denetim Kuruluşu Seçimi Genel Kurul Kararı,https://www.kap.org.tr/tr/Bildirim/1413098,tr,2025-03-27T15:37:59+00:00
2025-03-27,TUPRS,KAP,TÜPRAŞ-TÜRKİYE PETROL RAFİNERİLERİ A.Ş. - Kayıtlı Sermaye Tavanı İşlemlerine İlişkin Bildirim,Kayıtlı Sermaye Tavanı İşlemlerine İlişkin Bildirim Kayıtlı Sermaye Tavanının Artırılması ve Süresinin Uzatılması Amaçlı Esas Sözleşme Değişikliğine İlişkin Genel Kurul Onayı,https://www.kap.org.tr/tr/Bildirim/1413058,tr,2025-03-27T15:13:34+00:00
2025-03-27,TUPRS,KAP,TÜPRAŞ-TÜRKİYE PETROL RAFİNERİLERİ A.Ş. - Kar Dağıtım Politikası,Kar Dağıtım Politikası Güncellenen Kâr Dağıtım Politikasının Genel Kurul Tarafından Onaylanması,https://www.kap.org.tr/tr/Bildirim/1413056,tr,2025-03-27T15:12:50+00:00
2025-03-27,TUPRS,KAP,TÜPRAŞ-TÜRKİYE PETROL RAFİNERİLERİ A.Ş. - Kar Payı Dağıtım İşlemlerine İlişkin Bildirim,Kar Payı Dağıtım İşlemlerine İlişkin Bildirim Kar Dağıtım Önerisi'nin Olağan Genel Kurul Toplantısında Onaylanması,https://www.kap.org.tr/tr/Bildirim/1413026,tr,2025-03-27T14:33:31+00:00
2025-03-27,TUPRS,KAP,TÜPRAŞ-TÜRKİYE PETROL RAFİNERİLERİ A.Ş. - Genel Kurul İşlemlerine İlişkin Bildirim,Genel Kurul İşlemlerine İlişkin Bildirim Olağan Genel Kurul Toplantı Sonucu,https://www.kap.org.tr/tr/Bildirim/1413010,tr,2025-03-27T14:23:30+00:00
2025-03-27,TVB,KAP,TÜRKİYE VAKIFLAR BANKASI T.A.O. - Payların Geri Alınmasına İlişkin Bildirim,Payların Geri Alınmasına İlişkin Bildirim Pay Alım Bildirimi,https://www.kap.org.tr/tr/Bildirim/1413440,tr,2025-03-27T18:23:19+00:00
2025-03-27,TVB,KAP,TÜRKİYE VAKIFLAR BANKASI T.A.O. - Pay Dışında Sermaye Piyasası Aracı İşlemlerine İlişkin Bildirim (Faiz İçeren),Pay Dışında Sermaye Piyasası Aracı İşlemlerine İlişkin Bildirim (Faiz İçeren) Borçlanma Araçlarına İlişkin SPK Başvurusu,https://www.kap.org.tr/tr/Bildirim/1413183,tr,2025-03-27T16:20:30+00:00
2025-03-27,VAKBN,KAP,TÜRKİYE VAKIFLAR BANKASI T.A.O. - Payların Geri Alınmasına İlişkin Bildirim,Payların Geri Alınmasına İlişkin Bildirim Pay Alım Bildirimi,https://www.kap.org.tr/tr/Bildirim/1413440,tr,2025-03-27T18:23:19+00:00
2025-03-27,VAKBN,KAP,TÜRKİYE VAKIFLAR BANKASI T.A.O. - Pay Dışında Sermaye Piyasası Aracı İşlemlerine İlişkin Bildirim (Faiz İçeren),Pay Dışında Sermaye Piyasası Aracı İşlemlerine İlişkin Bildirim (Faiz İçeren) Borçlanma Araçlarına İlişkin SPK Başvurusu,https://www.kap.org.tr/tr/Bildirim/1413183,tr,2025-03-27T16:20:30+00:00
2025-03-27,VAKFN,KAP,VAKIF FİNANSAL KİRALAMA A.Ş. - İhraç Tavanına İlişkin Bildirim,İhraç Tavanına İlişkin Bildirim Borçlanma Aracı İhracına Yönelik Genel Müdürlüğe Yetki Verilmesi Hakkında Yönetim Kurulu Kararı,https://www.kap.org.tr/tr/Bildirim/1412863,tr,2025-03-27T11:58:53+00:00
2025-03-27,VKFYO,KAP,VAKIF MENKUL KIYMET YATIRIM ORTAKLIĞI A.Ş. - Özel Durum Açıklaması (Genel),"Özel Durum Açıklaması (Genel) Şirketimizin BİAŞ'da oluşan ağırlıklı ortalama fiyatın, pay başına net aktif değerin 2 katını aşması sebebiyle yapılan açıklamadır",https://www.kap.org.tr/tr/Bildirim/1413307,tr,2025-03-27T17:38:48+00:00
2025-03-27,VKING,KAP,VİKİNG KAĞIT VE SELÜLOZ A.Ş. - Kayıtlı Sermaye Tavanı İşlemlerine İlişkin Bildirim,Kayıtlı Sermaye Tavanı İşlemlerine İlişkin Bildirim Kayıtlı Sermaye Tavanı Esas Sözleşme Madde Tadiline İlişkin Genel Kurul Onayı,https://www.kap.org.tr/tr/Bildirim/1413214,tr,2025-03-27T16:31:50+00:00
2025-03-27,VKING,KAP,VİKİNG KAĞIT VE SELÜLOZ A.Ş. - Kar Payı Dağıtım İşlemlerine İlişkin Bildirim,Kar Payı Dağıtım İşlemlerine İlişkin Bildirim Kâr Dağıtımına İlişkin,https://www.kap.org.tr/tr/Bildirim/1413193,tr,2025-03-27T16:23:37+00:00
2025-03-27,VKING,KAP,VİKİNG KAĞIT VE SELÜLOZ A.Ş. - Genel Kurul İşlemlerine İlişkin Bildirim,Genel Kurul İşlemlerine İlişkin Bildirim 2024 Yılına İlişkin Olağan Genel Kurul Toplantı Sonucu,https://www.kap.org.tr/tr/Bildirim/1413174,tr,2025-03-27T16:15:10+00:00
2025-03-27,VSNMD,KAP,VİŞNE MADENCİLİK ÜRETİM SANAYİ VE TİCARET A.Ş. - Bağımsız Denetim Kuruluşunun Belirlenmesi,Bağımsız Denetim Kuruluşunun Belirlenmesi Bağımsız Denetim Kuruluşunun Genel Kurulca Onaylanması,https://www.kap.org.tr/tr/Bildirim/1413224,tr,2025-03-27T16:36:29+00:00
2025-03-27,VSNMD,KAP,VİŞNE MADENCİLİK ÜRETİM SANAYİ VE TİCARET A.Ş. - Kar Payı Dağıtım İşlemlerine İlişkin Bildirim,Kar Payı Dağıtım İşlemlerine İlişkin Bildirim Kar Payı Dağıtımına İlişkin Genel Kurul Kararı,https://www.kap.org.tr/tr/Bildirim/1413223,tr,2025-03-27T16:35:49+00:00
2025-03-27,VSNMD,KAP,VİŞNE MADENCİLİK ÜRETİM SANAYİ VE TİCARET A.Ş. - Genel Kurul İşlemlerine İlişkin Bildirim,Genel Kurul İşlemlerine İlişkin Bildirim Genel Kurul Toplantısı Sonucu,https://www.kap.org.tr/tr/Bildirim/1413201,tr,2025-03-27T16:26:30+00:00
2025-03-27,YATAS,KAP,YATAŞ YATAK VE YORGAN SANAYİ TİCARET A.Ş. - Genel Kurul İşlemlerine İlişkin Bildirim,Genel Kurul İşlemlerine İlişkin Bildirim 2024 Yılı Olağan Genel Kurul Çağrısı Hkkında,https://www.kap.org.tr/tr/Bildirim/1413869,tr,2025-03-27T22:24:54+00:00
2025-03-27,YATAS,KAP,YATAŞ YATAK VE YORGAN SANAYİ TİCARET A.Ş. - Kar Payı Dağıtım İşlemlerine İlişkin Bildirim,Kar Payı Dağıtım İşlemlerine İlişkin Bildirim Kar Dağıtım Önerisi Hakkında,https://www.kap.org.tr/tr/Bildirim/1413868,tr,2025-03-27T22:24:11+00:00
2025-03-27,YIGIT,KAP,YİĞİT AKÜ MALZEMELERİ NAKLİYAT TURİZM İNŞAAT SANAYİ VE TİCARET A.Ş. - Özel Durum Açıklaması (Genel),Özel Durum Açıklaması (Genel) Şirketimizin Merkez/Starter Fabrikası Üzerindeki İpoteğin Kaldırılması Hakkında,https://www.kap.org.tr/tr/Bildirim/1413254,tr,2025-03-27T16:51:05+00:00
2025-03-27,YKB,KAP,YAPI VE KREDİ BANKASI A.Ş. - Kurumsal Yönetim Bilgi Formu (Güncelleme) - Yönetim Kurulu-2,Kurumsal Yönetim Bilgi Formu (Güncelleme) - Yönetim Kurulu-2 Komiteler tablosunda güncelleme,https://www.kap.org.tr/tr/Bildirim/1413406,tr,2025-03-27T18:17:21+00:00
2025-03-27,YKB,KAP,YAPI VE KREDİ BANKASI A.Ş. - Kurumsal Yönetim Bilgi Formu (Güncelleme) - Yönetim Kurulu-1,Kurumsal Yönetim Bilgi Formu (Güncelleme) - Yönetim Kurulu-1 Yönetim Kurulunda kadın üyelerin oranı,https://www.kap.org.tr/tr/Bildirim/1413401,tr,2025-03-27T18:16:22+00:00
2025-03-27,YKB,KAP,YAPI VE KREDİ BANKASI A.Ş. - Şirket Genel Bilgi Formu,Şirket Genel Bilgi Formu,https://www.kap.org.tr/tr/Bildirim/1413397,tr,2025-03-27T18:16:04+00:00
2025-03-27,YKB,KAP,YAPI VE KREDİ BANKASI A.Ş. - Yönetim Kurulu Komiteleri,Yönetim Kurulu Komiteleri Yönetim Kurulu komiteleri,https://www.kap.org.tr/tr/Bildirim/1413395,tr,2025-03-27T18:15:41+00:00
2025-03-27,YKB,KAP,YAPI VE KREDİ BANKASI A.Ş. - Özel Durum Açıklaması (Genel),Özel Durum Açıklaması (Genel) Yönetim Kurulu Görev Dağılımı,https://www.kap.org.tr/tr/Bildirim/1413390,tr,2025-03-27T18:15:21+00:00
2025-03-27,YKB,KAP,YAPI VE KREDİ BANKASI A.Ş. - Pay Dışında Sermaye Piyasası Aracı İşlemlerine İlişkin Bildirim (Faiz İçeren),Pay Dışında Sermaye Piyasası Aracı İşlemlerine İlişkin Bildirim (Faiz İçeren) Yurtdışında ihraç edilen borçlanma aracının itfası,https://www.kap.org.tr/tr/Bildirim/1412867,tr,2025-03-27T12:00:35+00:00
2025-03-27,YKB,KAP,YAPI VE KREDİ BANKASI A.Ş. - Pay Dışında Sermaye Piyasası Aracı İşlemlerine İlişkin Bildirim (Faiz İçeren),Pay Dışında Sermaye Piyasası Aracı İşlemlerine İlişkin Bildirim (Faiz İçeren) Yurtdışında ihraç edilen borçlanma aracının itfası,https://www.kap.org.tr/tr/Bildirim/1412865,tr,2025-03-27T12:00:20+00:00
2025-03-27,YKB,KAP,YAPI VE KREDİ BANKASI A.Ş. - Pay Dışında Sermaye Piyasası Aracı İşlemlerine İlişkin Bildirim (Faiz İçeren),Pay Dışında Sermaye Piyasası Aracı İşlemlerine İlişkin Bildirim (Faiz İçeren) Özkaynak hesaplamasına dahil edilebilir nitelikte yurtiçinde ihraç edilen borçlanma aracının kupon ödemesi,https://www.kap.org.tr/tr/Bildirim/1412864,tr,2025-03-27T12:00:06+00:00
2025-03-27,YKBNK,KAP,YAPI VE KREDİ BANKASI A.Ş. - Kurumsal Yönetim Bilgi Formu (Güncelleme) - Yönetim Kurulu-2,Kurumsal Yönetim Bilgi Formu (Güncelleme) - Yönetim Kurulu-2 Komiteler tablosunda güncelleme,https://www.kap.org.tr/tr/Bildirim/1413406,tr,2025-03-27T18:17:21+00:00
2025-03-27,YKBNK,KAP,YAPI VE KREDİ BANKASI A.Ş. - Kurumsal Yönetim Bilgi Formu (Güncelleme) - Yönetim Kurulu-1,Kurumsal Yönetim Bilgi Formu (Güncelleme) - Yönetim Kurulu-1 Yönetim Kurulunda kadın üyelerin oranı,https://www.kap.org.tr/tr/Bildirim/1413401,tr,2025-03-27T18:16:22+00:00
2025-03-27,YKBNK,KAP,YAPI VE KREDİ BANKASI A.Ş. - Şirket Genel Bilgi Formu,Şirket Genel Bilgi Formu,https://www.kap.org.tr/tr/Bildirim/1413397,tr,2025-03-27T18:16:04+00:00
2025-03-27,YKBNK,KAP,YAPI VE KREDİ BANKASI A.Ş. - Yönetim Kurulu Komiteleri,Yönetim Kurulu Komiteleri Yönetim Kurulu komiteleri,https://www.kap.org.tr/tr/Bildirim/1413395,tr,2025-03-27T18:15:41+00:00
2025-03-27,YKBNK,KAP,YAPI VE KREDİ BANKASI A.Ş. - Özel Durum Açıklaması (Genel),Özel Durum Açıklaması (Genel) Yönetim Kurulu Görev Dağılımı,https://www.kap.org.tr/tr/Bildirim/1413390,tr,2025-03-27T18:15:21+00:00
2025-03-27,YKBNK,KAP,YAPI VE KREDİ BANKASI A.Ş. - Pay Dışında Sermaye Piyasası Aracı İşlemlerine İlişkin Bildirim (Faiz İçeren),Pay Dışında Sermaye Piyasası Aracı İşlemlerine İlişkin Bildirim (Faiz İçeren) Yurtdışında ihraç edilen borçlanma aracının itfası,https://www.kap.org.tr/tr/Bildirim/1412867,tr,2025-03-27T12:00:35+00:00
2025-03-27,YKBNK,KAP,YAPI VE KREDİ BANKASI A.Ş. - Pay Dışında Sermaye Piyasası Aracı İşlemlerine İlişkin Bildirim (Faiz İçeren),Pay Dışında Sermaye Piyasası Aracı İşlemlerine İlişkin Bildirim (Faiz İçeren) Yurtdışında ihraç edilen borçlanma aracının itfası,https://www.kap.org.tr/tr/Bildirim/1412865,tr,2025-03-27T12:00:20+00:00
2025-03-27,YKBNK,KAP,YAPI VE KREDİ BANKASI A.Ş. - Pay Dışında Sermaye Piyasası Aracı İşlemlerine İlişkin Bildirim (Faiz İçeren),Pay Dışında Sermaye Piyasası Aracı İşlemlerine İlişkin Bildirim (Faiz İçeren) Özkaynak hesaplamasına dahil edilebilir nitelikte yurtiçinde ihraç edilen borçlanma aracının kupon ödemesi,https://www.kap.org.tr/tr/Bildirim/1412864,tr,2025-03-27T12:00:06+00:00
2025-03-27,ZKBVK,KAP,ZİRAAT KATILIM VARLIK KİRALAMA A.Ş. - Pay Dışında Sermaye Piyasası Aracı İşlemlerine İlişkin Bildirim (Faizsiz),Pay Dışında Sermaye Piyasası Aracı İşlemlerine İlişkin Bildirim (Faizsiz) TRDZKVK32534 ISIN kodlu Yurtiçi Kira Sertifikalarının İtfa ve Getiri Ödeme İşlemlerinin Tamamlanması Hk,https://www.kap.org.tr/tr/Bildirim/1412939,tr,2025-03-27T13:41:03+00:00
2025-03-27,ZKBVK,KAP,ZİRAAT KATILIM VARLIK KİRALAMA A.Ş. - Pay Dışında Sermaye Piyasası Aracı İşlemlerine İlişkin Bildirim (Faizsiz),Pay Dışında Sermaye Piyasası Aracı İşlemlerine İlişkin Bildirim (Faizsiz) TRDZKVK62531 ISIN Kodlu Yurtiçi Kira Sertifikası İhracının Satışının Tamamlanması Hk,https://www.kap.org.tr/tr/Bildirim/1412709,tr,2025-03-27T09:09:45+00:00
2025-03-27,ZOREN,KAP,ZORLU ENERJİ ELEKTRİK ÜRETİM A.Ş. - Pay Dışında Sermaye Piyasası Aracı İşlemlerine İlişkin Bildirim (Faiz İçeren),Pay Dışında Sermaye Piyasası Aracı İşlemlerine İlişkin Bildirim (Faiz İçeren) TRSZORN32510 ISIN Kodlu Tahvilin 4. Kupon Dönemine İlişkin Faiz Ödemesi ve Anapara Ödemesi Hakkında,https://www.kap.org.tr/tr/Bildirim/1412974,tr,2025-03-27T14:01:49+00:00
2025-03-27,ZOREN,KAP,ZORLU ENERJİ ELEKTRİK ÜRETİM A.Ş. - Pay Dışında Sermaye Piyasası Aracı İşlemlerine İlişkin Bildirim (Faiz İçeren),Pay Dışında Sermaye Piyasası Aracı İşlemlerine İlişkin Bildirim (Faiz İçeren) Nitelikli Yatırımcılara Satılmak Üzere Değişken Kuponlu Özel Sektör Tahvili İhracı (TRSZORN42618),https://www.kap.org.tr/tr/Bildirim/1412803,tr,2025-03-27T10:58:31+00:00
2025-03-28,ADESE,KAP,ADESE GAYRİMENKUL YATIRIM A.Ş. - Bağımsız Denetim Kuruluşunun Belirlenmesi,Bağımsız Denetim Kuruluşunun Belirlenmesi 2025 Yılı Bağımsız Denetim Şirketi Seçimi Hk.,https://www.kap.org.tr/tr/Bildirim/1415006,tr,2025-03-28T18:48:47+00:00
2025-03-28,AFB,KAP,AKTİF YATIRIM BANKASI A.Ş. - Özel Durum Açıklaması (Genel),Özel Durum Açıklaması (Genel) Yurtdışı borçlanma aracı ihraç belgesi hk.,https://www.kap.org.tr/tr/Bildirim/1414858,tr,2025-03-28T18:01:03+00:00
2025-03-28,AFB,KAP,AKTİF YATIRIM BANKASI A.Ş. - İhraç Tavanına İlişkin Bildirim,İhraç Tavanına İlişkin Bildirim Yurtdışı ihraç tavanı hk.,https://www.kap.org.tr/tr/Bildirim/1414857,tr,2025-03-28T18:00:40+00:00
2025-03-28,AGROT,KAP,AGROTECH YÜKSEK TEKNOLOJİ VE YATIRIM A.Ş. - Payların Geri Alınmasına İlişkin Bildirim,Payların Geri Alınmasına İlişkin Bildirim 28.03.2025 Tarihli Pay Geri Alımı,https://www.kap.org.tr/tr/Bildirim/1414481,tr,2025-03-28T15:38:30+00:00
2025-03-28,AGYO,KAP,ATAKULE GAYRİMENKUL YATIRIM ORTAKLIĞI A.Ş. - Özel Durum Açıklaması (Genel),Özel Durum Açıklaması (Genel) 2024 Yılı Yönetim Kurulu Yıllık Faaliyet Raporu,https://www.kap.org.tr/tr/Bildirim/1414180,tr,2025-03-28T11:30:21+00:00
2025-03-28,AGYO,KAP,ATAKULE GAYRİMENKUL YATIRIM ORTAKLIĞI A.Ş. - Özel Durum Açıklaması (Genel),Özel Durum Açıklaması (Genel) Bağımsız Yönetim Kurulu Üye Adaylarının belirlenmesi hk.,https://www.kap.org.tr/tr/Bildirim/1414179,tr,2025-03-28T11:30:12+00:00
2025-03-28,AGYO,KAP,ATAKULE GAYRİMENKUL YATIRIM ORTAKLIĞI A.Ş. - Bağımsız Denetim Kuruluşunun Belirlenmesi,Bağımsız Denetim Kuruluşunun Belirlenmesi 2025 Mali Yılı Bağımsız Denetim Şirketinin Genel Kurul onayına sunulması hk,https://www.kap.org.tr/tr/Bildirim/1414178,tr,2025-03-28T11:29:53+00:00
2025-03-28,AGYO,KAP,ATAKULE GAYRİMENKUL YATIRIM ORTAKLIĞI A.Ş. - Kar Payı Dağıtım İşlemlerine İlişkin Bildirim,Kar Payı Dağıtım İşlemlerine İlişkin Bildirim 2024 Yılı Kar Payı Dağıtımına İlişkin Yönetim Kurulu Kararı,https://www.kap.org.tr/tr/Bildirim/1414177,tr,2025-03-28T11:29:41+00:00
2025-03-28,AGYO,KAP,ATAKULE GAYRİMENKUL YATIRIM ORTAKLIĞI A.Ş. - Genel Kurul İşlemlerine İlişkin Bildirim,Genel Kurul İşlemlerine İlişkin Bildirim 2024 Mali Yılı Olağan Genel Kurul Toplantısı Çağrısı,https://www.kap.org.tr/tr/Bildirim/1414176,tr,2025-03-28T11:29:30+00:00
2025-03-28,AHGAZ,KAP,AHLATCI DOĞAL GAZ DAĞITIM ENERJİ VE YATIRIM A.Ş. - Payların Geri Alınmasına İlişkin Bildirim,Payların Geri Alınmasına İlişkin Bildirim 28.03.2025 Tarihli Pay Geri Alım İşlemleri,https://www.kap.org.tr/tr/Bildirim/1414964,tr,2025-03-28T18:30:18+00:00
2025-03-28,AKBNK,KAP,AKBANK T.A.Ş. - Pay Dışında Sermaye Piyasası Aracı İşlemlerine İlişkin Bildirim (Faiz İçeren),Pay Dışında Sermaye Piyasası Aracı İşlemlerine İlişkin Bildirim (Faiz İçeren) Yurtdışı Piyasalara Tahvil İhracı,https://www.kap.org.tr/tr/Bildirim/1414720,tr,2025-03-28T17:05:00+00:00
2025-03-28,AKFGY,KAP,AKFEN GAYRİMENKUL YATIRIM ORTAKLIĞI A.Ş. - Payların Geri Alınmasına İlişkin Bildirim,Payların Geri Alınmasına İlişkin Bildirim 28.03.2025 Tarihli Pay Geri Alım İşlemleri Hk.,https://www.kap.org.tr/tr/Bildirim/1415098,tr,2025-03-28T19:12:46+00:00
2025-03-28,AKFGY,KAP,AKFEN GAYRİMENKUL YATIRIM ORTAKLIĞI A.Ş. - Özel Durum Açıklaması (Genel),Özel Durum Açıklaması (Genel) Şirketimiz ve Fıratcan İnşaat Turizm ve Ticaret A.Ş'nin Kolaylaştırılmış Usulde Birleştirilmesi Hk.,https://www.kap.org.tr/tr/Bildirim/1415001,tr,2025-03-28T18:47:09+00:00
2025-03-28,AKFGY,KAP,AKFEN GAYRİMENKUL YATIRIM ORTAKLIĞI A.Ş. - Birleşme İşlemlerine İlişkin Bildirim,Birleşme İşlemlerine İlişkin Bildirim Şirketimizin %100 oranında bağlı ortaklığı olan Akfen Karaköy Gayrimenkul Yatırımları ve İnşaat A.Ş. ile Kolaylaştırılmış Usulde Birleşmesine ilişkin tescili hk.,https://www.kap.org.tr/tr/Bildirim/1414919,tr,2025-03-28T18:16:52+00:00
2025-03-28,AKFGY,KAP,AKFEN GAYRİMENKUL YATIRIM ORTAKLIĞI A.Ş. - Yatırımcı Raporu,Yatırımcı Raporu Aylık Yatırımcı Raporu,https://www.kap.org.tr/tr/Bildirim/1414138,tr,2025-03-28T10:40:28+00:00
2025-03-28,AKFIS,KAP,AKFEN İNŞAAT TURİZM VE TİCARET A.Ş. - Payların Geri Alınmasına İlişkin Bildirim,Payların Geri Alınmasına İlişkin Bildirim 28.03.2025 Tarihli Pay Geri Alım İşlemleri Hk.,https://www.kap.org.tr/tr/Bildirim/1415147,tr,2025-03-28T19:39:01+00:00
2025-03-28,AKFIS,KAP,AKFEN İNŞAAT TURİZM VE TİCARET A.Ş. - İhale Süreci / Sonucu,İhale Süreci / Sonucu Romanya Köstence Acil ve Travmatoloji İlçe Klinik Hastanesi Yeni Bina İnşaatı İhalesi hk.,https://www.kap.org.tr/tr/Bildirim/1414971,tr,2025-03-28T18:36:34+00:00
2025-03-28,AKFYE,KAP,AKFEN YENİLENEBİLİR ENERJİ A.Ş. - Payların Geri Alınmasına İlişkin Bildirim,Payların Geri Alınmasına İlişkin Bildirim 28.03.2025 Tarihli Pay Geri Alım İşlemleri Hk.,https://www.kap.org.tr/tr/Bildirim/1415100,tr,2025-03-28T19:14:16+00:00
2025-03-28,AKM,KAP,AK YATIRIM MENKUL DEĞERLER A.Ş. - Yatırım Kuruluşu Varant - Sertifika - Senetlerine İlişkin Bildirim,"Yatırım Kuruluşu Varant - Sertifika - Senetlerine İlişkin Bildirim 28.03.2025 Vadeli Ons Altın, Ons Gümüş, BIST30 Endeksi, BIST Spot Altın Endeksi ve Pay Senedi Varantlarının İtfası",https://www.kap.org.tr/tr/Bildirim/1415000,tr,2025-03-28T18:46:31+00:00
2025-03-28,AKM,KAP,AK YATIRIM MENKUL DEĞERLER A.Ş. - İhraç Belgesi,İhraç Belgesi Tahvil/Bono İhraç Belgeleri,https://www.kap.org.tr/tr/Bildirim/1414999,tr,2025-03-28T18:46:18+00:00
2025-03-28,AKM,KAP,AK YATIRIM MENKUL DEĞERLER A.Ş. - İhraç Tavanına İlişkin Bildirim,İhraç Tavanına İlişkin Bildirim İhraç Limitine İlişkin Sermaye Piyasası Kurulu Onayı,https://www.kap.org.tr/tr/Bildirim/1414997,tr,2025-03-28T18:46:06+00:00
2025-03-28,AKMEN,KAP,AK YATIRIM MENKUL DEĞERLER A.Ş. - Yatırım Kuruluşu Varant - Sertifika - Senetlerine İlişkin Bildirim,"Yatırım Kuruluşu Varant - Sertifika - Senetlerine İlişkin Bildirim 28.03.2025 Vadeli Ons Altın, Ons Gümüş, BIST30 Endeksi, BIST Spot Altın Endeksi ve Pay Senedi Varantlarının İtfası",https://www.kap.org.tr/tr/Bildirim/1415000,tr,2025-03-28T18:46:31+00:00
2025-03-28,AKMEN,KAP,AK YATIRIM MENKUL DEĞERLER A.Ş. - İhraç Belgesi,İhraç Belgesi Tahvil/Bono İhraç Belgeleri,https://www.kap.org.tr/tr/Bildirim/1414999,tr,2025-03-28T18:46:18+00:00
2025-03-28,AKMEN,KAP,AK YATIRIM MENKUL DEĞERLER A.Ş. - İhraç Tavanına İlişkin Bildirim,İhraç Tavanına İlişkin Bildirim İhraç Limitine İlişkin Sermaye Piyasası Kurulu Onayı,https://www.kap.org.tr/tr/Bildirim/1414997,tr,2025-03-28T18:46:06+00:00
2025-03-28,AKMGY,KAP,AKMERKEZ GAYRİMENKUL YATIRIM ORTAKLIĞI A.Ş. - Şirket Genel Bilgi Formu,Şirket Genel Bilgi Formu,https://www.kap.org.tr/tr/Bildirim/1415339,tr,2025-03-28T20:46:55+00:00
2025-03-28,AKMGY,KAP,AKMERKEZ GAYRİMENKUL YATIRIM ORTAKLIĞI A.Ş. - Esas Sözleşme Tadili,Esas Sözleşme Tadili Esas Sözleşme Tadiline ilişkin Genel Kurul Onayı hk.,https://www.kap.org.tr/tr/Bildirim/1415326,tr,2025-03-28T20:45:40+00:00
2025-03-28,AKMGY,KAP,AKMERKEZ GAYRİMENKUL YATIRIM ORTAKLIĞI A.Ş. - Kayıtlı Sermaye Tavanı İşlemlerine İlişkin Bildirim,Kayıtlı Sermaye Tavanı İşlemlerine İlişkin Bildirim Kayıtlı Sermaye Tavanı Tarih Güncellemesi Genel Kurul Onayı,https://www.kap.org.tr/tr/Bildirim/1415313,tr,2025-03-28T20:42:44+00:00
2025-03-28,AKMGY,KAP,AKMERKEZ GAYRİMENKUL YATIRIM ORTAKLIĞI A.Ş. - Kar Payı Dağıtım İşlemlerine İlişkin Bildirim,Kar Payı Dağıtım İşlemlerine İlişkin Bildirim Kar Payı Dağıtımına İlişkin Genel Kurul Kararı,https://www.kap.org.tr/tr/Bildirim/1415311,tr,2025-03-28T20:41:43+00:00
2025-03-28,AKMGY,KAP,AKMERKEZ GAYRİMENKUL YATIRIM ORTAKLIĞI A.Ş. - Bağımsız Denetim Kuruluşunun Belirlenmesi,Bağımsız Denetim Kuruluşunun Belirlenmesi 2025 Yılı Bağımsız Denetçi Seçimi,https://www.kap.org.tr/tr/Bildirim/1415308,tr,2025-03-28T20:35:20+00:00
2025-03-28,AKMGY,KAP,AKMERKEZ GAYRİMENKUL YATIRIM ORTAKLIĞI A.Ş. - Genel Kurul İşlemlerine İlişkin Bildirim,Genel Kurul İşlemlerine İlişkin Bildirim 2024 yılı Olağan Genel Kurul Toplantısı Sonucu Hakkında,https://www.kap.org.tr/tr/Bildirim/1415295,tr,2025-03-28T20:23:26+00:00
2025-03-28,AKSA,KAP,AKSA AKRİLİK KİMYA SANAYİİ A.Ş. - Şirket Genel Bilgi Formu,Şirket Genel Bilgi Formu,https://www.kap.org.tr/tr/Bildirim/1414158,tr,2025-03-28T10:57:04+00:00
2025-03-28,AKSEN,KAP,AKSA ENERJİ ÜRETİM A.Ş. - Kayıtlı Sermaye Tavanı İşlemlerine İlişkin Bildirim,Kayıtlı Sermaye Tavanı İşlemlerine İlişkin Bildirim Kayıtlı sermaye geçerlilik süresinin uzatılması ve tavan artırımına ilişkin SPK onayı,https://www.kap.org.tr/tr/Bildirim/1414253,tr,2025-03-28T12:31:37+00:00
2025-03-28,AKSEN,KAP,AKSA ENERJİ ÜRETİM A.Ş. - Özel Durum Açıklaması (Genel),Özel Durum Açıklaması (Genel) Kurumsal Yönetim Derecelendirme Sözleşmesinin Yenilenmesi Hakkında,https://www.kap.org.tr/tr/Bildirim/1414080,tr,2025-03-28T09:18:48+00:00
2025-03-28,AKSGY,KAP,AKİŞ GAYRİMENKUL YATIRIM ORTAKLIĞI A.Ş. - İlişkili Taraf İşlemleri,İlişkili Taraf İşlemleri İlişkili taraf işlemlerine ilişkin Yönetim Kurulu Raporu hakkında,https://www.kap.org.tr/tr/Bildirim/1414305,tr,2025-03-28T14:01:08+00:00
2025-03-28,AKSGY,KAP,AKİŞ GAYRİMENKUL YATIRIM ORTAKLIĞI A.Ş. - İlişkili Taraf İşlemleri,İlişkili Taraf İşlemleri İlişkili taraf işlemlerine ilişkin Yönetim Kurulu Raporu hakkında,https://www.kap.org.tr/tr/Bildirim/1414303,tr,2025-03-28T14:00:56+00:00
2025-03-28,AKTIF,KAP,AKTİF YATIRIM BANKASI A.Ş. - Özel Durum Açıklaması (Genel),Özel Durum Açıklaması (Genel) Yurtdışı borçlanma aracı ihraç belgesi hk.,https://www.kap.org.tr/tr/Bildirim/1414858,tr,2025-03-28T18:01:03+00:00
2025-03-28,AKTIF,KAP,AKTİF YATIRIM BANKASI A.Ş. - İhraç Tavanına İlişkin Bildirim,İhraç Tavanına İlişkin Bildirim Yurtdışı ihraç tavanı hk.,https://www.kap.org.tr/tr/Bildirim/1414857,tr,2025-03-28T18:00:40+00:00
2025-03-28,ALARK,KAP,ALARKO HOLDİNG A.Ş. - Payların Geri Alınmasına İlişkin Bildirim,Payların Geri Alınmasına İlişkin Bildirim Pay Geri Alım İşlemleri,https://www.kap.org.tr/tr/Bildirim/1415177,tr,2025-03-28T19:46:48+00:00
2025-03-28,ALBRK,KAP,ALBARAKA TÜRK KATILIM BANKASI A.Ş. - Şirket Genel Bilgi Formu,Şirket Genel Bilgi Formu,https://www.kap.org.tr/tr/Bildirim/1414877,tr,2025-03-28T18:11:17+00:00
2025-03-28,ALFAS,KAP,ALFA SOLAR ENERJİ SANAYİ VE TİCARET A.Ş. - Bağımsız Denetim Kuruluşunun Belirlenmesi,Bağımsız Denetim Kuruluşunun Belirlenmesi Bağımsız Denetim Kuruluşunun Belirlenmesi,https://www.kap.org.tr/tr/Bildirim/1414992,tr,2025-03-28T18:42:57+00:00
2025-03-28,ALK,KAP,ALBARAKA TÜRK KATILIM BANKASI A.Ş. - Şirket Genel Bilgi Formu,Şirket Genel Bilgi Formu,https://www.kap.org.tr/tr/Bildirim/1414877,tr,2025-03-28T18:11:17+00:00
2025-03-28,ALVES,KAP,ALVES KABLO SANAYİ VE TİCARET A.Ş. - Pay Dışında Sermaye Piyasası Aracı İşlemlerine İlişkin Bildirim (Faiz İçeren),Pay Dışında Sermaye Piyasası Aracı İşlemlerine İlişkin Bildirim (Faiz İçeren) Finansman Bonosu İhracının Tamamlanması,https://www.kap.org.tr/tr/Bildirim/1414072,tr,2025-03-28T09:02:19+00:00
2025-03-28,ARCLK,KAP,ARÇELİK A.Ş. - Şirket Genel Bilgi Formu,Şirket Genel Bilgi Formu,https://www.kap.org.tr/tr/Bildirim/1414988,tr,2025-03-28T18:40:46+00:00
2025-03-28,ARCLK,KAP,ARÇELİK A.Ş. - Esas Sözleşme Tadili,Esas Sözleşme Tadili Esas Sözleşme Tadiline İlişkin Genel Kurul Onayı,https://www.kap.org.tr/tr/Bildirim/1414985,tr,2025-03-28T18:40:17+00:00
2025-03-28,ARCLK,KAP,ARÇELİK A.Ş. - Bağımsız Denetim Kuruluşunun Belirlenmesi,Bağımsız Denetim Kuruluşunun Belirlenmesi Bağımsız Denetim Kuruluşu Seçimi Genel Kurul Kararı,https://www.kap.org.tr/tr/Bildirim/1414983,tr,2025-03-28T18:39:52+00:00
2025-03-28,ARCLK,KAP,ARÇELİK A.Ş. - Kayıtlı Sermaye Tavanı İşlemlerine İlişkin Bildirim,Kayıtlı Sermaye Tavanı İşlemlerine İlişkin Bildirim Kayıtlı Sermaye Tavanının Artırılması ve Süresinin Uzatılması Amaçlı Esas Sözleşme Değişikliğine İlişkin Genel Kurul Onayı,https://www.kap.org.tr/tr/Bildirim/1414981,tr,2025-03-28T18:39:22+00:00
2025-03-28,ARCLK,KAP,ARÇELİK A.Ş. - Kar Dağıtım Politikası,Kar Dağıtım Politikası Güncellenen Kâr Dağıtım Politikasının Genel Kurul Tarafından Onaylanması,https://www.kap.org.tr/tr/Bildirim/1414968,tr,2025-03-28T18:32:27+00:00
2025-03-28,ARCLK,KAP,ARÇELİK A.Ş. - Kar Payı Dağıtım İşlemlerine İlişkin Bildirim,Kar Payı Dağıtım İşlemlerine İlişkin Bildirim Olağan Genel Kurul Kar Dağıtım Sonucu,https://www.kap.org.tr/tr/Bildirim/1414966,tr,2025-03-28T18:31:59+00:00
2025-03-28,ARCLK,KAP,ARÇELİK A.Ş. - Genel Kurul İşlemlerine İlişkin Bildirim,Genel Kurul İşlemlerine İlişkin Bildirim Olağan Genel Kurul Toplantı Sonucu,https://www.kap.org.tr/tr/Bildirim/1414956,tr,2025-03-28T18:24:05+00:00
2025-03-28,ASGYO,KAP,ASCE GAYRİMENKUL YATIRIM ORTAKLIĞI A.Ş. - Payların Geri Alınmasına İlişkin Bildirim,Payların Geri Alınmasına İlişkin Bildirim 28 Mart 2025 Tarihli Pay Geri Alım İşlemleri,https://www.kap.org.tr/tr/Bildirim/1415437,tr,2025-03-28T22:12:34+00:00
2025-03-28,ASGYO,KAP,ASCE GAYRİMENKUL YATIRIM ORTAKLIĞI A.Ş. - Özel Durum Açıklaması (Genel),Özel Durum Açıklaması (Genel) Sözleşme Feshi ve Yeni Sözleşme İmzalanması,https://www.kap.org.tr/tr/Bildirim/1415376,tr,2025-03-28T21:00:54+00:00
2025-03-28,ATLFA,KAP,ATILIM FAKTORİNG A.Ş. - Kredi Derecelendirmesi,Kredi Derecelendirmesi Derecelendirme Notu,https://www.kap.org.tr/tr/Bildirim/1414269,tr,2025-03-28T12:45:04+00:00
2025-03-28,ATLFA,KAP,ATILIM FAKTORİNG A.Ş. - Esas Sözleşme,Esas Sözleşme Anasözleşme,https://www.kap.org.tr/tr/Bildirim/1414268,tr,2025-03-28T12:44:21+00:00
2025-03-28,AYCES,KAP,ALTIN YUNUS ÇEŞME TURİSTİK TESİSLER A.Ş. - Kayıtlı Sermaye Tavanı İşlemlerine İlişkin Bildirim,Kayıtlı Sermaye Tavanı İşlemlerine İlişkin Bildirim Kayıtlı Sermaye Tavanı Esas Sözleşme Madde Tadiline İlişkin Genel Kurul Onayı,https://www.kap.org.tr/tr/Bildirim/1414520,tr,2025-03-28T15:55:36+00:00
2025-03-28,AYCES,KAP,ALTIN YUNUS ÇEŞME TURİSTİK TESİSLER A.Ş. - Kar Payı Dağıtım İşlemlerine İlişkin Bildirim,Kar Payı Dağıtım İşlemlerine İlişkin Bildirim KAR PAYI DAĞITIMI,https://www.kap.org.tr/tr/Bildirim/1414510,tr,2025-03-28T15:52:02+00:00
2025-03-28,AYCES,KAP,ALTIN YUNUS ÇEŞME TURİSTİK TESİSLER A.Ş. - Genel Kurul İşlemlerine İlişkin Bildirim,Genel Kurul İşlemlerine İlişkin Bildirim 2024 Yılına İlişkin Olağan Genel Kurul Toplantı Sonucu,https://www.kap.org.tr/tr/Bildirim/1414501,tr,2025-03-28T15:47:18+00:00
2025-03-28,AYDEM,KAP,AYDEM YENİLENEBİLİR ENERJİ A.Ş. - Özel Durum Açıklaması (Genel),Özel Durum Açıklaması (Genel) Şubat 2025 Dönemi Elektrik Üretim Verileri,https://www.kap.org.tr/tr/Bildirim/1414967,tr,2025-03-28T18:32:16+00:00
2025-03-28,BAYRK,KAP,BAYRAK EBT TABAN SANAYİ VE TİCARET A.Ş. - Sermaye Artırımı - Azaltımı İşlemlerine İlişkin Bildirim,Sermaye Artırımı - Azaltımı İşlemlerine İlişkin Bildirim Bedelli Sermaye Artırımı Revize Yönetim Kurulu Kararı,https://www.kap.org.tr/tr/Bildirim/1415462,tr,2025-03-28T22:51:59+00:00
2025-03-28,BERA,KAP,BERA HOLDİNG A.Ş. - Kayıtlı Sermaye Tavanı İşlemlerine İlişkin Bildirim,Kayıtlı Sermaye Tavanı İşlemlerine İlişkin Bildirim Kayıtlı Sermaye Tavan Artırımı Ve Geçerlilik Süresinin Yenilenmesine İlişkin Sermaye Piyasası Kurulu Onayı,https://www.kap.org.tr/tr/Bildirim/1414209,tr,2025-03-28T11:50:26+00:00
2025-03-28,BIENY,KAP,BİEN YAPI ÜRÜNLERİ SANAYİ TURİZM VE TİCARET A.Ş. - İhraç Tavanına İlişkin Bildirim,İhraç Tavanına İlişkin Bildirim Yurtdışı borçlanma aracı SPK Onay ve ihraç belgesi,https://www.kap.org.tr/tr/Bildirim/1415307,tr,2025-03-28T20:35:14+00:00
2025-03-28,BIENY,KAP,BİEN YAPI ÜRÜNLERİ SANAYİ TURİZM VE TİCARET A.Ş. - İhraç Belgesi,İhraç Belgesi Yurtdışı Borçlanma Aracı İhracına İlişkin İhraç Belgesi,https://www.kap.org.tr/tr/Bildirim/1415305,tr,2025-03-28T20:32:29+00:00
2025-03-28,BIGCH,KAP,BÜYÜK ŞEFLER GIDA TURİZM TEKSTİL DANIŞMANLIK ORGANİZASYON EĞİTİM SANAYİ VE TİCARET A.Ş. - Genel Kurul İşlemlerine İlişkin Bildirim,Genel Kurul İşlemlerine İlişkin Bildirim Genel Kurul İlanı,https://www.kap.org.tr/tr/Bildirim/1415360,tr,2025-03-28T20:54:28+00:00
2025-03-28,BIOEN,KAP,BİOTREND ÇEVRE VE ENERJİ YATIRIMLARI A.Ş. - Bağımsız Denetim Kuruluşunun Belirlenmesi,Bağımsız Denetim Kuruluşunun Belirlenmesi Bağımsız Denetim Şirketinin Belirlenmesi Hakkında,https://www.kap.org.tr/tr/Bildirim/1415438,tr,2025-03-28T22:24:58+00:00
2025-03-28,BLCYT,KAP,BİLİCİ YATIRIM SANAYİ VE TİCARET A.Ş. - Şirket Genel Bilgi Formu,Şirket Genel Bilgi Formu,https://www.kap.org.tr/tr/Bildirim/1414368,tr,2025-03-28T15:01:14+00:00
2025-03-28,BLS,KAP,BULLS YATIRIM MENKUL DEĞERLER A.Ş. - Pay Dışında Sermaye Piyasası Aracı İşlemlerine İlişkin Bildirim (Faiz İçeren),Pay Dışında Sermaye Piyasası Aracı İşlemlerine İlişkin Bildirim (Faiz İçeren) Finansman Bonosu İhracı,https://www.kap.org.tr/tr/Bildirim/1414084,tr,2025-03-28T09:34:11+00:00
2025-03-28,BLSMD,KAP,BULLS YATIRIM MENKUL DEĞERLER A.Ş. - Pay Dışında Sermaye Piyasası Aracı İşlemlerine İlişkin Bildirim (Faiz İçeren),Pay Dışında Sermaye Piyasası Aracı İşlemlerine İlişkin Bildirim (Faiz İçeren) Finansman Bonosu İhracı,https://www.kap.org.tr/tr/Bildirim/1414084,tr,2025-03-28T09:34:11+00:00
2025-03-28,BLUME,KAP,METEMTUR YATIRIM ENERJİ TURİZM VE İNŞAAT A.Ş. - Payların Geri Alınmasına İlişkin Bildirim,Payların Geri Alınmasına İlişkin Bildirim Payların Geri Alınmasına İlişkin Bildirim,https://www.kap.org.tr/tr/Bildirim/1414974,tr,2025-03-28T18:37:59+00:00
2025-03-28,BMSCH,KAP,BMS ÇELİK HASIR SANAYİ VE TİCARET A.Ş. - Kayıtlı Sermaye Tavanı İşlemlerine İlişkin Bildirim,Kayıtlı Sermaye Tavanı İşlemlerine İlişkin Bildirim Kayıtlı Sermaye Tavanının Güncellenmesine İlişkin SPK Onayı Hk.,https://www.kap.org.tr/tr/Bildirim/1415425,tr,2025-03-28T21:49:16+00:00
2025-03-28,BMSCH,KAP,BMS ÇELİK HASIR SANAYİ VE TİCARET A.Ş. - Kayıtlı Sermaye Tavanı İşlemlerine İlişkin Bildirim,Kayıtlı Sermaye Tavanı İşlemlerine İlişkin Bildirim Kayıtlı Sermaye Tavanı Arttırımına İlişkin Sermaye Piyasası Kurulu'na Başvuru Yapılması,https://www.kap.org.tr/tr/Bildirim/1414846,tr,2025-03-28T17:43:49+00:00
2025-03-28,BMSCH,KAP,BMS ÇELİK HASIR SANAYİ VE TİCARET A.Ş. - Sermaye Artırımı - Azaltımı İşlemlerine İlişkin Bildirim,Sermaye Artırımı - Azaltımı İşlemlerine İlişkin Bildirim Bedelsiz Sermaye Artırımı Tescil ve İlanı,https://www.kap.org.tr/tr/Bildirim/1414252,tr,2025-03-28T12:28:14+00:00
2025-03-28,BMSTL,KAP,BMS BİRLEŞİK METAL SANAYİ VE TİCARET A.Ş. - Kredi Derecelendirmesi,Kredi Derecelendirmesi Kredi Derecelendirme Notu Hk.,https://www.kap.org.tr/tr/Bildirim/1414675,tr,2025-03-28T16:50:52+00:00
2025-03-28,BMSTL,KAP,BMS BİRLEŞİK METAL SANAYİ VE TİCARET A.Ş. - Kayıtlı Sermaye Tavanı İşlemlerine İlişkin Bildirim,Kayıtlı Sermaye Tavanı İşlemlerine İlişkin Bildirim Kayıtlı Sermaye Tavanının Artırılması ve Süresinin Uzatılması Amaçlı Esas Sözleşme Değişikliğine İlişkin SPK Onayı,https://www.kap.org.tr/tr/Bildirim/1414251,tr,2025-03-28T12:23:57+00:00
2025-03-28,BRISA,KAP,BRİSA BRİDGESTONE SABANCI LASTİK SANAYİ VE TİCARET A.Ş. - Özel Durum Açıklaması (Genel),Özel Durum Açıklaması (Genel) Yönetim Kurulu Başkan ve Başkan Vekili Görev Dağılımı,https://www.kap.org.tr/tr/Bildirim/1414674,tr,2025-03-28T16:50:44+00:00
2025-03-28,BRISA,KAP,BRİSA BRİDGESTONE SABANCI LASTİK SANAYİ VE TİCARET A.Ş. - İhraç Tavanına İlişkin Bildirim,İhraç Tavanına İlişkin Bildirim Kira Sertifikası İhracına İlişkin Sermaye Piyasası Kurulu'na Başvuru Yapılması KATVK,https://www.kap.org.tr/tr/Bildirim/1414529,tr,2025-03-28T15:59:16+00:00
2025-03-28,BUCIM,KAP,BURSA ÇİMENTO FABRİKASI A.Ş. - Yönetim Kurulu Komiteleri,"Yönetim Kurulu Komiteleri Denetimden Sorumlu Komite, Kurumsal Yönetim Komitesi ve Riskin Erken Saptanması Komitesinin oluşturulması",https://www.kap.org.tr/tr/Bildirim/1415201,tr,2025-03-28T19:50:36+00:00
2025-03-28,BUCIM,KAP,BURSA ÇİMENTO FABRİKASI A.Ş. - Özel Durum Açıklaması (Genel),Özel Durum Açıklaması (Genel) Yönetim Kurulu Görev Dağılımı,https://www.kap.org.tr/tr/Bildirim/1415198,tr,2025-03-28T19:50:23+00:00
2025-03-28,BUCIM,KAP,BURSA ÇİMENTO FABRİKASI A.Ş. - Bağımsız Denetim Kuruluşunun Belirlenmesi,Bağımsız Denetim Kuruluşunun Belirlenmesi Bağımsız Denetim Kuruluşu Seçimi Genel Kurul Kararı,https://www.kap.org.tr/tr/Bildirim/1415196,tr,2025-03-28T19:50:01+00:00
2025-03-28,BUCIM,KAP,BURSA ÇİMENTO FABRİKASI A.Ş. - Kar Payı Dağıtım İşlemlerine İlişkin Bildirim,Kar Payı Dağıtım İşlemlerine İlişkin Bildirim Olağan Genel Kurul Kar Dağıtım Sonucu,https://www.kap.org.tr/tr/Bildirim/1415169,tr,2025-03-28T19:44:43+00:00
2025-03-28,BUCIM,KAP,BURSA ÇİMENTO FABRİKASI A.Ş. - Genel Kurul İşlemlerine İlişkin Bildirim,Genel Kurul İşlemlerine İlişkin Bildirim 2024 yılı Olağan Genel Kurul toplantı Sonucu,https://www.kap.org.tr/tr/Bildirim/1415137,tr,2025-03-28T19:34:33+00:00
2025-03-28,BUCIM,KAP,BURSA ÇİMENTO FABRİKASI A.Ş. - Özel Durum Açıklaması (Genel),Özel Durum Açıklaması (Genel) Yönetim Kurulu Üyemizin vefatı hakkında,https://www.kap.org.tr/tr/Bildirim/1414098,tr,2025-03-28T09:52:30+00:00
2025-03-28,CAGFA,KAP,ÇAĞDAŞ FAKTORİNG A.Ş. - İhraç Tavanına İlişkin Bildirim,İhraç Tavanına İlişkin Bildirim İhraç Tavanına İlişkin Bildirim,https://www.kap.org.tr/tr/Bildirim/1414166,tr,2025-03-28T11:11:55+00:00
2025-03-28,CAGFA,KAP,ÇAĞDAŞ FAKTORİNG A.Ş. - Pay Dışında Sermaye Piyasası Aracı İşlemlerine İlişkin Bildirim (Faiz İçeren),Pay Dışında Sermaye Piyasası Aracı İşlemlerine İlişkin Bildirim (Faiz İçeren) 26.09.2025 Vadeli Bono İhracı,https://www.kap.org.tr/tr/Bildirim/1414083,tr,2025-03-28T09:32:47+00:00
2025-03-28,CAGFA,KAP,ÇAĞDAŞ FAKTORİNG A.Ş. - Pay Dışında Sermaye Piyasası Aracı İşlemlerine İlişkin Bildirim (Faiz İçeren),Pay Dışında Sermaye Piyasası Aracı İşlemlerine İlişkin Bildirim (Faiz İçeren) 27.03.2026 Vadeli Bono İhracı,https://www.kap.org.tr/tr/Bildirim/1414076,tr,2025-03-28T09:10:39+00:00
2025-03-28,CEMTS,KAP,ÇEMTAŞ ÇELİK MAKİNA SANAYİ VE TİCARET A.Ş. - Şirket Genel Bilgi Formu,Şirket Genel Bilgi Formu,https://www.kap.org.tr/tr/Bildirim/1414133,tr,2025-03-28T10:34:00+00:00
2025-03-28,CEMTS,KAP,ÇEMTAŞ ÇELİK MAKİNA SANAYİ VE TİCARET A.Ş. - Özel Durum Açıklaması (Genel),Özel Durum Açıklaması (Genel) Yönetim Kurulu Üyemizin vefatı hakkında,https://www.kap.org.tr/tr/Bildirim/1414132,tr,2025-03-28T10:33:40+00:00
2025-03-28,CEOEM,KAP,CEO EVENT MEDYA A.Ş. - Özel Durum Açıklaması (Genel),Özel Durum Açıklaması (Genel) 60. CUMHURBAŞKANLIĞI BİSİKLET TURU YENİ İŞ ALIMI HAKKINDA,https://www.kap.org.tr/tr/Bildirim/1414661,tr,2025-03-28T16:42:32+00:00
2025-03-28,CEOEM,KAP,CEO EVENT MEDYA A.Ş. - Özel Durum Açıklaması (Genel),Özel Durum Açıklaması (Genel) 60. CUMHURBAŞKANLIĞI BİSİKLET TURU YENİ İŞ ALIMI HAKKINDA,https://www.kap.org.tr/tr/Bildirim/1414658,tr,2025-03-28T16:41:35+00:00
2025-03-28,CMBTN,KAP,ÇİMBETON HAZIRBETON VE PREFABRİK YAPI ELEMANLARI SANAYİ VE TİCARET A.Ş. - Genel Kurul İşlemlerine İlişkin Bildirim,Genel Kurul İşlemlerine İlişkin Bildirim Olağanüstü Genel Kurul Tescili Hakkında,https://www.kap.org.tr/tr/Bildirim/1414141,tr,2025-03-28T10:46:30+00:00
2025-03-28,CMENT,KAP,ÇİMENTAŞ İZMİR ÇİMENTO FABRİKASI T.A.Ş. - Özel Durum Açıklaması (Genel),Özel Durum Açıklaması (Genel) Sermaye Piyasası Kurulu'nun 2 Eylül 2014 tarih ve 44649743-663.09-286-8709 sayılı karar bildirimi hk.,https://www.kap.org.tr/tr/Bildirim/1414352,tr,2025-03-28T14:51:34+00:00
2025-03-28,CMENT,KAP,ÇİMENTAŞ İZMİR ÇİMENTO FABRİKASI T.A.Ş. - Genel Kurul İşlemlerine İlişkin Bildirim,Genel Kurul İşlemlerine İlişkin Bildirim Olağanüstü Genel Kurul Tescili Hakkında,https://www.kap.org.tr/tr/Bildirim/1414144,tr,2025-03-28T10:47:32+00:00
2025-03-28,COSMO,KAP,COSMOS YATIRIM HOLDİNG A.Ş. - Özel Durum Açıklaması (Genel),Özel Durum Açıklaması (Genel) Bağlı Ortaklığımız Hakkında Bilgilendirme,https://www.kap.org.tr/tr/Bildirim/1415312,tr,2025-03-28T20:41:48+00:00
2025-03-28,CRFSA,KAP,CARREFOURSA CARREFOUR SABANCI TİCARET MERKEZİ A.Ş. - Kurumsal Yönetim Bilgi Formu (Güncelleme) - Pay Sahipleri,Kurumsal Yönetim Bilgi Formu (Güncelleme) - Pay Sahipleri Kurumsal Yönetim Bilgi Formu,https://www.kap.org.tr/tr/Bildirim/1415408,tr,2025-03-28T21:18:13+00:00
2025-03-28,CRFSA,KAP,CARREFOURSA CARREFOUR SABANCI TİCARET MERKEZİ A.Ş. - İhraç Tavanına İlişkin Bildirim,İhraç Tavanına İlişkin Bildirim Yurtiçinde borçlanma aracı ihraç edilmesi için SPK başvurusu,https://www.kap.org.tr/tr/Bildirim/1415297,tr,2025-03-28T20:29:25+00:00
2025-03-28,CRFSA,KAP,CARREFOURSA CARREFOUR SABANCI TİCARET MERKEZİ A.Ş. - Pay Dışında Sermaye Piyasası Aracı İşlemlerine İlişkin Bildirim (Faiz İçeren),Pay Dışında Sermaye Piyasası Aracı İşlemlerine İlişkin Bildirim (Faiz İçeren) TRFCARF92531 ISIN kodlu tahvil ihracı,https://www.kap.org.tr/tr/Bildirim/1414168,tr,2025-03-28T11:21:04+00:00
2025-03-28,DAGI,KAP,DAGİ GİYİM SANAYİ VE TİCARET A.Ş. - Özel Durum Açıklaması (Genel),Özel Durum Açıklaması (Genel) Mağaza Açılışı Hk.,https://www.kap.org.tr/tr/Bildirim/1414882,tr,2025-03-28T18:12:01+00:00
2025-03-28,DNFIN,KAP,DENİZ FİNANSAL KİRALAMA A.Ş. - Pay Dışında Sermaye Piyasası Aracı İşlemlerine İlişkin Bildirim (Faiz İçeren),Pay Dışında Sermaye Piyasası Aracı İşlemlerine İlişkin Bildirim (Faiz İçeren) TRFDNFK32525 ısın kodlu bono İTFA yapılmıştır.,https://www.kap.org.tr/tr/Bildirim/1414330,tr,2025-03-28T14:39:25+00:00
2025-03-28,DOGUB,KAP,DOĞUSAN BORU SANAYİ VE TİCARET A.Ş. - Şirket Genel Bilgi Formu,Şirket Genel Bilgi Formu,https://www.kap.org.tr/tr/Bildirim/1414973,tr,2025-03-28T18:37:24+00:00
2025-03-28,DOGUB,KAP,DOĞUSAN BORU SANAYİ VE TİCARET A.Ş. - Özel Durum Açıklaması (Genel),Özel Durum Açıklaması (Genel) Şirket Genel Müdürü Sn. Sezgin POLAT'ın Emekliye ayrılması hk.,https://www.kap.org.tr/tr/Bildirim/1414972,tr,2025-03-28T18:37:06+00:00
2025-03-28,DOGUB,KAP,DOĞUSAN BORU SANAYİ VE TİCARET A.Ş. - Katılım Finansı İlkeleri Bilgi Formu,Katılım Finansı İlkeleri Bilgi Formu,https://www.kap.org.tr/tr/Bildirim/1414970,tr,2025-03-28T18:35:59+00:00
2025-03-28,DOHOL,KAP,DOĞAN ŞİRKETLER GRUBU HOLDİNG A.Ş. - Payların Geri Alınmasına İlişkin Bildirim,Payların Geri Alınmasına İlişkin Bildirim Pay Geri Alım İşlemleri (Düzeltme),https://www.kap.org.tr/tr/Bildirim/1415432,tr,2025-03-28T22:05:37+00:00
2025-03-28,DOHOL,KAP,DOĞAN ŞİRKETLER GRUBU HOLDİNG A.Ş. - Payların Geri Alınmasına İlişkin Bildirim,Payların Geri Alınmasına İlişkin Bildirim Pay Geri Alım İşlemleri,https://www.kap.org.tr/tr/Bildirim/1414933,tr,2025-03-28T18:20:46+00:00
2025-03-28,DUNYH,KAP,SELÇUK GIDA ENDÜSTRİ İHRACAT İTHALAT A.Ş. - Kar Payı Dağıtım İşlemlerine İlişkin Bildirim,Kar Payı Dağıtım İşlemlerine İlişkin Bildirim 2024 Yılı Kar Payı Dağıtım İşlemine İlişkin Bildirim,https://www.kap.org.tr/tr/Bildirim/1414824,tr,2025-03-28T17:36:29+00:00
2025-03-28,DUNYH,KAP,SELÇUK GIDA ENDÜSTRİ İHRACAT İTHALAT A.Ş. - Genel Kurul İşlemlerine İlişkin Bildirim,"Genel Kurul İşlemlerine İlişkin Bildirim 2024 Yılı Olağan Genel Kurul Toplantısı İlanı hakkında,",https://www.kap.org.tr/tr/Bildirim/1414809,tr,2025-03-28T17:33:58+00:00
2025-03-28,DVRLK,KAP,D VARLIK KİRALAMA A.Ş. - Tertip İhraç Belgesi,Tertip İhraç Belgesi Tertip İhraç Belgesi Hk. DYBNK,https://www.kap.org.tr/tr/Bildirim/1414639,tr,2025-03-28T16:36:21+00:00
2025-03-28,DYOBY,KAP,DYO BOYA FABRİKALARI SANAYİ VE TİCARET A.Ş. - Katılım Finansı İlkeleri Bilgi Formu,Katılım Finansı İlkeleri Bilgi Formu,https://www.kap.org.tr/tr/Bildirim/1415136,tr,2025-03-28T19:33:11+00:00
2025-03-28,EBEBK,KAP,EBEBEK MAĞAZACILIK A.Ş. - Şirket Genel Bilgi Formu,Şirket Genel Bilgi Formu,https://www.kap.org.tr/tr/Bildirim/1414323,tr,2025-03-28T14:24:36+00:00
2025-03-28,EBEBK,KAP,EBEBEK MAĞAZACILIK A.Ş. - Şirket Genel Bilgi Formu,Şirket Genel Bilgi Formu,https://www.kap.org.tr/tr/Bildirim/1414315,tr,2025-03-28T14:12:37+00:00
2025-03-28,ECILC,KAP,EİS ECZACIBAŞI İLAÇ SINAİ VE FİNANSAL YATIRIMLAR SANAYİ VE TİCARET A.Ş. - Kar Payı Dağıtım İşlemlerine İlişkin Bildirim,Kar Payı Dağıtım İşlemlerine İlişkin Bildirim Kar Payı Dağıtımına İlişkin Yönetim Kurulu Kararı,https://www.kap.org.tr/tr/Bildirim/1415140,tr,2025-03-28T19:36:02+00:00
2025-03-28,ECZYT,KAP,ECZACIBAŞI YATIRIM HOLDİNG ORTAKLIĞI A.Ş. - Kar Payı Dağıtım İşlemlerine İlişkin Bildirim,Kar Payı Dağıtım İşlemlerine İlişkin Bildirim Kar Payı Dağıtımına İlişkin Yönetim Kurulu Kararı,https://www.kap.org.tr/tr/Bildirim/1415141,tr,2025-03-28T19:36:24+00:00
2025-03-28,EDIP,KAP,EDİP GAYRİMENKUL YATIRIM SANAYİ VE TİCARET A.Ş. - Özel Durum Açıklaması (Genel),Özel Durum Açıklaması (Genel) Bağımsız Yönetim Kurulu Üye Adayları,https://www.kap.org.tr/tr/Bildirim/1414496,tr,2025-03-28T15:44:34+00:00
2025-03-28,EFOR,KAP,EFOR ÇAY SANAYİ TİCARET A.Ş. - Katılım Finansı İlkeleri Bilgi Formu,Katılım Finansı İlkeleri Bilgi Formu,https://www.kap.org.tr/tr/Bildirim/1415120,tr,2025-03-28T19:22:18+00:00
2025-03-28,EGEEN,KAP,EGE ENDÜSTRİ VE TİCARET A.Ş. - Özel Durum Açıklaması (Genel),Özel Durum Açıklaması (Genel) Genel Kurul evrakının yeniden yayınlanması hk.,https://www.kap.org.tr/tr/Bildirim/1415003,tr,2025-03-28T18:47:52+00:00
2025-03-28,EGEEN,KAP,EGE ENDÜSTRİ VE TİCARET A.Ş. - Esas Sözleşme,Esas Sözleşme Esas Sözleşme Tadili Tescili,https://www.kap.org.tr/tr/Bildirim/1414836,tr,2025-03-28T17:40:18+00:00
2025-03-28,EGEEN,KAP,EGE ENDÜSTRİ VE TİCARET A.Ş. - Bağımsız Denetim Kuruluşunun Belirlenmesi,Bağımsız Denetim Kuruluşunun Belirlenmesi Bağımsız Denetim Kuruluşunun Belirlenmesi,https://www.kap.org.tr/tr/Bildirim/1414835,tr,2025-03-28T17:39:54+00:00
2025-03-28,EGEEN,KAP,EGE ENDÜSTRİ VE TİCARET A.Ş. - Genel Kurul İşlemlerine İlişkin Bildirim,Genel Kurul İşlemlerine İlişkin Bildirim 2024 takvim yılına ait Olağan Genel Kurul Toplantısı Kararlarının Tescili,https://www.kap.org.tr/tr/Bildirim/1414834,tr,2025-03-28T17:39:40+00:00
2025-03-28,EGEGY,KAP,EGEYAPI AVRUPA GAYRİMENKUL YATIRIM ORTAKLIĞI A.Ş. - Değerleme Raporu,Değerleme Raporu Geliştirilmekte olan Şile Projesi?de Şirket?imiz haklarının piyasa değerinin Tespitine İlişkin Rapor,https://www.kap.org.tr/tr/Bildirim/1414131,tr,2025-03-28T10:31:40+00:00
2025-03-28,EGPRO,KAP,EGE PROFİL TİCARET VE SANAYİ A.Ş. - Kayıtlı Sermaye Tavanı İşlemlerine İlişkin Bildirim,Kayıtlı Sermaye Tavanı İşlemlerine İlişkin Bildirim Kayıtlı Sermaye Tavanının Artırılması ve Süre Uzatımı Ticaret Bakanlığı Onayı Hk.,https://www.kap.org.tr/tr/Bildirim/1414415,tr,2025-03-28T15:08:03+00:00
2025-03-28,EGPRO,KAP,EGE PROFİL TİCARET VE SANAYİ A.Ş. - Kredi Derecelendirmesi,Kredi Derecelendirmesi JCR-Er Kredi Derecelendirme Notu,https://www.kap.org.tr/tr/Bildirim/1414398,tr,2025-03-28T15:05:28+00:00
2025-03-28,EKGYO,KAP,EMLAK KONUT GAYRİMENKUL YATIRIM ORTAKLIĞI A.Ş. - Esas Sözleşme Tadili,Esas Sözleşme Tadili Esas Sözleşme Tadiline İlişkin SPK Başvurusu hk.,https://www.kap.org.tr/tr/Bildirim/1414206,tr,2025-03-28T11:37:59+00:00
2025-03-28,EKGYO,KAP,EMLAK KONUT GAYRİMENKUL YATIRIM ORTAKLIĞI A.Ş. - Özel Durum Açıklaması (Genel),Özel Durum Açıklaması (Genel) Kredi Kullanımı,https://www.kap.org.tr/tr/Bildirim/1414205,tr,2025-03-28T11:37:45+00:00
2025-03-28,EKGYO,KAP,EMLAK KONUT GAYRİMENKUL YATIRIM ORTAKLIĞI A.Ş. - Değerleme Raporu,Değerleme Raporu Yenişehir Evleri-6 Gayrimenkul Değerleme Raporu,https://www.kap.org.tr/tr/Bildirim/1414204,tr,2025-03-28T11:37:11+00:00
2025-03-28,EKOS,KAP,EKOS TEKNOLOJİ VE ELEKTRİK A.Ş. - Yeni İş İlişkisi,Yeni İş İlişkisi Hitachi Energy ile sözleşme imzalanması,https://www.kap.org.tr/tr/Bildirim/1414472,tr,2025-03-28T15:34:27+00:00
2025-03-28,EKTVK,KAP,EMLAK KATILIM VARLIK KİRALAMA A.Ş. - Yeşil veya Sürdürülebilir Temalı Sermaye Piyasası Aracına İlişkin Bildirim,Yeşil veya Sürdürülebilir Temalı Sermaye Piyasası Aracına İlişkin Bildirim Sürdürülebilir Kira Sertifikası Fon Kullanımı ve Etki Raporu EKT,https://www.kap.org.tr/tr/Bildirim/1414634,tr,2025-03-28T16:33:38+00:00
2025-03-28,EKTVK,KAP,EMLAK KATILIM VARLIK KİRALAMA A.Ş. - Pay Dışında Sermaye Piyasası Aracı İşlemlerine İlişkin Bildirim (Faizsiz),Pay Dışında Sermaye Piyasası Aracı İşlemlerine İlişkin Bildirim (Faizsiz) TRDEVKS62547 ISIN Kodlu Kira Sertifikası İhracının Nitelikli Yatırımcıya Satışının Tamamlanması Hk. EKT,https://www.kap.org.tr/tr/Bildirim/1414309,tr,2025-03-28T14:05:01+00:00
2025-03-28,EKTVK,KAP,EMLAK KATILIM VARLIK KİRALAMA A.Ş. - Pay Dışında Sermaye Piyasası Aracı İşlemlerine İlişkin Bildirim (Faizsiz),Pay Dışında Sermaye Piyasası Aracı İşlemlerine İlişkin Bildirim (Faizsiz) Şirketimiz Tarafından İhraç Edilmiş Olan TRDEVKS32524 ISIN Kodlu Kira Sertifikasının İtfası Hk. EKT,https://www.kap.org.tr/tr/Bildirim/1414173,tr,2025-03-28T11:23:26+00:00
2025-03-28,EKTVK,KAP,EMLAK KATILIM VARLIK KİRALAMA A.Ş. - Pay Dışında Sermaye Piyasası Aracı İşlemlerine İlişkin Bildirim (Faizsiz),Pay Dışında Sermaye Piyasası Aracı İşlemlerine İlişkin Bildirim (Faizsiz) Şirketimiz Tarafından İhraç Edilmiş Olan TRDEVKS32524 ISIN Kodlu Kira Sertifikasının İtfası Hk. EKT,https://www.kap.org.tr/tr/Bildirim/1414097,tr,2025-03-28T09:51:53+00:00
2025-03-28,EKTVK,KAP,EMLAK KATILIM VARLIK KİRALAMA A.Ş. - Pay Dışında Sermaye Piyasası Aracı İşlemlerine İlişkin Bildirim (Faizsiz),Pay Dışında Sermaye Piyasası Aracı İşlemlerine İlişkin Bildirim (Faizsiz) Şirketimiz Tarafından İhraç Edilmiş Olan TRDEVKS32532 ISIN Kodlu Kira Sertifikasının İtfası Hk. EKT,https://www.kap.org.tr/tr/Bildirim/1414095,tr,2025-03-28T09:50:33+00:00
2025-03-28,EKTVK,KAP,EMLAK KATILIM VARLIK KİRALAMA A.Ş. - Pay Dışında Sermaye Piyasası Aracı İşlemlerine İlişkin Bildirim (Faizsiz),Pay Dışında Sermaye Piyasası Aracı İşlemlerine İlişkin Bildirim (Faizsiz) Şirketimiz Tarafından İhraç Edilmiş Olan TRDEVKS32516 ISIN Kodlu Kira Sertifikasının İtfası Hk. EKT,https://www.kap.org.tr/tr/Bildirim/1414087,tr,2025-03-28T09:46:10+00:00
2025-03-28,EMVAR,KAP,EMLAK VARLIK KİRALAMA A.Ş. - Pay Dışında Sermaye Piyasası Aracı İşlemlerine İlişkin Bildirim (Faizsiz),Pay Dışında Sermaye Piyasası Aracı İşlemlerine İlişkin Bildirim (Faizsiz) TRDEMVK72515 ISIN Kodlu Kira Sertifikasının 5.Dönemsel Kira Ödemesi Hk.,https://www.kap.org.tr/tr/Bildirim/1414537,tr,2025-03-28T16:01:11+00:00
2025-03-28,EMVAR,KAP,EMLAK VARLIK KİRALAMA A.Ş. - Pay Dışında Sermaye Piyasası Aracı İşlemlerine İlişkin Bildirim (Faizsiz),Pay Dışında Sermaye Piyasası Aracı İşlemlerine İlişkin Bildirim (Faizsiz) Şirketimiz Tarafından İhraç Edilmiş Olan TRDEMVK22544 ISIN Kodlu Kira Sertifikasının İtfası Hk.,https://www.kap.org.tr/tr/Bildirim/1414534,tr,2025-03-28T15:59:46+00:00
2025-03-28,EMVAR,KAP,EMLAK VARLIK KİRALAMA A.Ş. - Özel Durum Açıklaması (Genel),Özel Durum Açıklaması (Genel) Fon Kullanımı ve Etki Raporu,https://www.kap.org.tr/tr/Bildirim/1414523,tr,2025-03-28T15:56:42+00:00
2025-03-28,EMVAR,KAP,EMLAK VARLIK KİRALAMA A.Ş. - İhraç Tavanına İlişkin Bildirim,İhraç Tavanına İlişkin Bildirim Kira Sertifikası İhracına İlişkin Alınan Yönetim Kurulu Kararı Hk. ALFIN,https://www.kap.org.tr/tr/Bildirim/1414515,tr,2025-03-28T15:54:00+00:00
2025-03-28,EMVAR,KAP,EMLAK VARLIK KİRALAMA A.Ş. - İhraç Tavanına İlişkin Bildirim,İhraç Tavanına İlişkin Bildirim Kira Sertifikası İhracına İlişkin Alınan Yönetim Kurulu Kararı Hk.,https://www.kap.org.tr/tr/Bildirim/1414507,tr,2025-03-28T15:50:07+00:00
2025-03-28,EMVAR,KAP,EMLAK VARLIK KİRALAMA A.Ş. - Pay Dışında Sermaye Piyasası Aracı İşlemlerine İlişkin Bildirim (Faizsiz),Pay Dışında Sermaye Piyasası Aracı İşlemlerine İlişkin Bildirim (Faizsiz) Şirketimiz Tarafından İhraç Edilmiş OlanTRDEMVK32527 ISIN Kodlu Kira Sertifikasının İtfası Hk.,https://www.kap.org.tr/tr/Bildirim/1414442,tr,2025-03-28T15:14:09+00:00
2025-03-28,EMVAR,KAP,EMLAK VARLIK KİRALAMA A.Ş. - Pay Dışında Sermaye Piyasası Aracı İşlemlerine İlişkin Bildirim (Faizsiz),Pay Dışında Sermaye Piyasası Aracı İşlemlerine İlişkin Bildirim (Faizsiz) TRDEMVK62565 ISIN Kodlu Kira Sertifikası İhracının Nitelikli Yatırımcıya Satışının Tamamlanması Hk.,https://www.kap.org.tr/tr/Bildirim/1414119,tr,2025-03-28T10:12:54+00:00
2025-03-28,EMVAR,KAP,EMLAK VARLIK KİRALAMA A.Ş. - Pay Dışında Sermaye Piyasası Aracı İşlemlerine İlişkin Bildirim (Faizsiz),Pay Dışında Sermaye Piyasası Aracı İşlemlerine İlişkin Bildirim (Faizsiz) TRDEMVK62557 ISIN Kodlu Kira Sertifikası İhracının Nitelikli Yatırımcıya Satışının Tamamlanması Hk.,https://www.kap.org.tr/tr/Bildirim/1414116,tr,2025-03-28T10:11:09+00:00
2025-03-28,ENDAE,KAP,ENDA ENERJİ HOLDİNG A.Ş. - Özel Durum Açıklaması (Genel),Özel Durum Açıklaması (Genel) Bağlı ortaklığımız Egenda Ege Enerji Üretim A.Ş.?nin kısmi bölünme tescili,https://www.kap.org.tr/tr/Bildirim/1414688,tr,2025-03-28T16:54:17+00:00
2025-03-28,ENJSA,KAP,ENERJİSA ENERJİ A.Ş. - Bağımsız Denetim Kuruluşunun Belirlenmesi,Bağımsız Denetim Kuruluşunun Belirlenmesi Denetçinin Tescili ve İlanı,https://www.kap.org.tr/tr/Bildirim/1414709,tr,2025-03-28T17:02:48+00:00
2025-03-28,ENJSA,KAP,ENERJİSA ENERJİ A.Ş. - Genel Kurul İşlemlerine İlişkin Bildirim,Genel Kurul İşlemlerine İlişkin Bildirim 2024 Yılı Olağan Genel Kurul Toplantısı Sonuçlarının Tescili,https://www.kap.org.tr/tr/Bildirim/1414452,tr,2025-03-28T15:17:37+00:00
2025-03-28,ENKAI,KAP,ENKA İNŞAAT VE SANAYİ A.Ş. - Kar Payı Dağıtım İşlemlerine İlişkin Bildirim,Kar Payı Dağıtım İşlemlerine İlişkin Bildirim Kâr Payı Dağıtımı,https://www.kap.org.tr/tr/Bildirim/1414829,tr,2025-03-28T17:38:21+00:00
2025-03-28,ENKAI,KAP,ENKA İNŞAAT VE SANAYİ A.Ş. - Bağımsız Denetim Kuruluşunun Belirlenmesi,Bağımsız Denetim Kuruluşunun Belirlenmesi 2025 Yılı Bağımsız Denetim Şirketi Seçimi,https://www.kap.org.tr/tr/Bildirim/1414744,tr,2025-03-28T17:13:00+00:00
2025-03-28,ENKAI,KAP,ENKA İNŞAAT VE SANAYİ A.Ş. - Yönetim Kurulu Komiteleri,Yönetim Kurulu Komiteleri Yönetim Kurulu Komiteleri,https://www.kap.org.tr/tr/Bildirim/1414739,tr,2025-03-28T17:12:42+00:00
2025-03-28,ENKAI,KAP,ENKA İNŞAAT VE SANAYİ A.Ş. - Genel Kurul İşlemlerine İlişkin Bildirim,Genel Kurul İşlemlerine İlişkin Bildirim Olağan Genel Kurul Sonucu Bildirimi,https://www.kap.org.tr/tr/Bildirim/1414734,tr,2025-03-28T17:12:18+00:00
2025-03-28,ETILR,KAP,ETİLER GIDA VE TİCARİ YATIRIMLAR SANAYİ VE TİCARET A.Ş. - Özel Durum Açıklaması (Genel),Özel Durum Açıklaması (Genel) 1 Ocak 2025 - 28 Mart 2025 arası Şube Açılış - Kapanışları,https://www.kap.org.tr/tr/Bildirim/1415222,tr,2025-03-28T19:53:56+00:00
2025-03-28,ETYAT,KAP,EURO TREND YATIRIM ORTAKLIĞI A.Ş. - Özel Durum Açıklaması (Genel),"Özel Durum Açıklaması (Genel) BİAŞ'da oluşan ağırlıklı ortalama fiyatın,pay başına net aktif değerin 2 katını aşması",https://www.kap.org.tr/tr/Bildirim/1414314,tr,2025-03-28T14:12:36+00:00
2025-03-28,EUKYO,KAP,EURO KAPİTAL YATIRIM ORTAKLIĞI A.Ş. - Özel Durum Açıklaması (Genel),"Özel Durum Açıklaması (Genel) BİAŞ'da oluşan ağırlıklı ortalama fiyatın,pay başına net aktif değerin 2 katını aşması",https://www.kap.org.tr/tr/Bildirim/1414317,tr,2025-03-28T14:13:24+00:00
2025-03-28,EUYO,KAP,EURO MENKUL KIYMET YATIRIM ORTAKLIĞI A.Ş. - Özel Durum Açıklaması (Genel),"Özel Durum Açıklaması (Genel) BİAŞ'da oluşan ağırlıklı ortalama fiyatın,pay başına net aktif değerin 2 katını aşması",https://www.kap.org.tr/tr/Bildirim/1414312,tr,2025-03-28T14:12:00+00:00
2025-03-28,EXIMB,KAP,TÜRKİYE İHRACAT KREDİ BANKASI A.Ş. - Pay Dışında Sermaye Piyasası Aracı İşlemlerine İlişkin Bildirim (Faiz İçeren),Pay Dışında Sermaye Piyasası Aracı İşlemlerine İlişkin Bildirim (Faiz İçeren) GMTN programı çerçevesinde yurt dışında borçlanma aracı ihracı,https://www.kap.org.tr/tr/Bildirim/1414610,tr,2025-03-28T16:22:35+00:00
2025-03-28,EXIMB,KAP,TÜRKİYE İHRACAT KREDİ BANKASI A.Ş. - Pay Dışında Sermaye Piyasası Aracı İşlemlerine İlişkin Bildirim (Faiz İçeren),Pay Dışında Sermaye Piyasası Aracı İşlemlerine İlişkin Bildirim (Faiz İçeren) GMTN programı çerçevesinde yurt dışında borçlanma aracı ihracı,https://www.kap.org.tr/tr/Bildirim/1414570,tr,2025-03-28T16:11:18+00:00
2025-03-28,EXIMB,KAP,TÜRKİYE İHRACAT KREDİ BANKASI A.Ş. - Pay Dışında Sermaye Piyasası Aracı İşlemlerine İlişkin Bildirim (Faiz İçeren),Pay Dışında Sermaye Piyasası Aracı İşlemlerine İlişkin Bildirim (Faiz İçeren) GMTN programı çerçevesinde yurt dışında borçlanma aracı ihracı,https://www.kap.org.tr/tr/Bildirim/1414563,tr,2025-03-28T16:10:17+00:00
2025-03-28,EXIMB,KAP,TÜRKİYE İHRACAT KREDİ BANKASI A.Ş. - Pay Dışında Sermaye Piyasası Aracı İşlemlerine İlişkin Bildirim (Faiz İçeren),Pay Dışında Sermaye Piyasası Aracı İşlemlerine İlişkin Bildirim (Faiz İçeren) GMTN programı çerçevesinde yurt dışında borçlanma aracı ihracı,https://www.kap.org.tr/tr/Bildirim/1414557,tr,2025-03-28T16:07:09+00:00
2025-03-28,FADE,KAP,FADE GIDA YATIRIM SANAYİ TİCARET A.Ş. - Genel Kurul İşlemlerine İlişkin Bildirim,Genel Kurul İşlemlerine İlişkin Bildirim Genel Kurul Tescil Tarihi,https://www.kap.org.tr/tr/Bildirim/1414290,tr,2025-03-28T13:38:53+00:00
2025-03-28,FBB,KAP,FİBABANKA A.Ş. - Genel Kurul Bildirimi,Genel Kurul Bildirimi Fibabanka A.Ş. Olağan Genel Kurul Toplantısı Hakkında,https://www.kap.org.tr/tr/Bildirim/1414321,tr,2025-03-28T14:20:39+00:00
2025-03-28,FBBNK,KAP,FİBABANKA A.Ş. - Genel Kurul Bildirimi,Genel Kurul Bildirimi Fibabanka A.Ş. Olağan Genel Kurul Toplantısı Hakkında,https://www.kap.org.tr/tr/Bildirim/1414321,tr,2025-03-28T14:20:39+00:00
2025-03-28,FLAP,KAP,FLAP KONGRE TOPLANTI HİZMETLERİ OTOMOTİV VE TURİZM A.Ş. - Katılım Finansı İlkeleri Bilgi Formu,Katılım Finansı İlkeleri Bilgi Formu,https://www.kap.org.tr/tr/Bildirim/1415204,tr,2025-03-28T19:51:09+00:00
2025-03-28,FRIGO,KAP,FRİGO-PAK GIDA MADDELERİ SANAYİ VE TİCARET A.Ş. - Payların Geri Alınmasına İlişkin Bildirim,Payların Geri Alınmasına İlişkin Bildirim Pay Geri Alım Hk.,https://www.kap.org.tr/tr/Bildirim/1415010,tr,2025-03-28T18:53:20+00:00
2025-03-28,FROTO,KAP,FORD OTOMOTİV SANAYİ A.Ş. - Kurumsal Yönetim İlkelerine Uyum Derecelendirmesi,Kurumsal Yönetim İlkelerine Uyum Derecelendirmesi Kurumsal Yönetim İlkelerine Uyum Derecelendirme Sözleşmesinin Yenilenmesi,https://www.kap.org.tr/tr/Bildirim/1414955,tr,2025-03-28T18:22:09+00:00
2025-03-28,GARAN,KAP,TÜRKİYE GARANTİ BANKASI A.Ş. - Pay Dışında Sermaye Piyasası Aracı İşlemlerine İlişkin Bildirim (Faiz İçeren),Pay Dışında Sermaye Piyasası Aracı İşlemlerine İlişkin Bildirim (Faiz İçeren) Yurtdışı Piyasalara Tahvil İhracı SPK Onayı,https://www.kap.org.tr/tr/Bildirim/1414845,tr,2025-03-28T17:42:28+00:00
2025-03-28,GARAN,KAP,TÜRKİYE GARANTİ BANKASI A.Ş. - Pay Dışında Sermaye Piyasası Aracı İşlemlerine İlişkin Bildirim (Faiz İçeren),Pay Dışında Sermaye Piyasası Aracı İşlemlerine İlişkin Bildirim (Faiz İçeren) Yurtdışı Piyasalara Tahvil İhracı SPK Onayı,https://www.kap.org.tr/tr/Bildirim/1414844,tr,2025-03-28T17:42:11+00:00
2025-03-28,GARAN,KAP,TÜRKİYE GARANTİ BANKASI A.Ş. - Yatırım Kuruluşu Varant - Sertifika - Senetlerine İlişkin Bildirim,Yatırım Kuruluşu Varant - Sertifika - Senetlerine İlişkin Bildirim Yatırım Kuruluşu Varantları İtfa Fiyatları,https://www.kap.org.tr/tr/Bildirim/1414843,tr,2025-03-28T17:41:55+00:00
2025-03-28,GARAN,KAP,TÜRKİYE GARANTİ BANKASI A.Ş. - Şirket Genel Bilgi Formu,Şirket Genel Bilgi Formu,https://www.kap.org.tr/tr/Bildirim/1414840,tr,2025-03-28T17:40:35+00:00
2025-03-28,GARFA,KAP,GARANTİ FAKTORİNG A.Ş. - Pay Dışında Sermaye Piyasası Aracı İşlemlerine İlişkin Bildirim (Faiz İçeren),Pay Dışında Sermaye Piyasası Aracı İşlemlerine İlişkin Bildirim (Faiz İçeren) Bono İhracının Tamamlanması,https://www.kap.org.tr/tr/Bildirim/1414164,tr,2025-03-28T11:07:50+00:00
2025-03-28,GEDIK,KAP,GEDİK YATIRIM MENKUL DEĞERLER A.Ş. - Payların Geri Alınmasına İlişkin Bildirim,Payların Geri Alınmasına İlişkin Bildirim 28.03.2025 tarihli pay geri alım işlemleri,https://www.kap.org.tr/tr/Bildirim/1414878,tr,2025-03-28T18:11:40+00:00
2025-03-28,GEDZA,KAP,GEDİZ AMBALAJ SANAYİ VE TİCARET A.Ş. - Bağımsız Denetim Kuruluşunun Belirlenmesi,Bağımsız Denetim Kuruluşunun Belirlenmesi Bağımsız Denetim Kuruluşu Ataması Hk.,https://www.kap.org.tr/tr/Bildirim/1414622,tr,2025-03-28T16:27:52+00:00
2025-03-28,GENIL,KAP,GEN İLAÇ VE SAĞLIK ÜRÜNLERİ SANAYİ VE TİCARET A.Ş. - Payların Geri Alınmasına İlişkin Bildirim,Payların Geri Alınmasına İlişkin Bildirim Pay Geri Alım Programının Yenilenmesi,https://www.kap.org.tr/tr/Bildirim/1414137,tr,2025-03-28T10:40:22+00:00
2025-03-28,GENTS,KAP,GENTAŞ DEKORATİF YÜZEYLER SANAYİ VE TİCARET A.Ş. - Sermaye Artırımı - Azaltımı İşlemlerine İlişkin Bildirim,Sermaye Artırımı - Azaltımı İşlemlerine İlişkin Bildirim Sermaye Düzeltmesi Olumlu farklarından Karşılanarak Ödenmiş Sermayemizin Bedelsiz Olarak Artırılması,https://www.kap.org.tr/tr/Bildirim/1414699,tr,2025-03-28T16:59:29+00:00
2025-03-28,GENTS,KAP,GENTAŞ DEKORATİF YÜZEYLER SANAYİ VE TİCARET A.Ş. - Kar Payı Dağıtım İşlemlerine İlişkin Bildirim,"Kar Payı Dağıtım İşlemlerine İlişkin Bildirim Bedelsiz Sermaye Artırımı için Ayrı Bir Süreç Başlatılacağından, 2024 Yılı Kar payı Dağıtımı tablosunda ilgili tutar teknik olarak ayrı ifade edilmesi gerektiği için kar payı tablomuz yenilenmiştir.",https://www.kap.org.tr/tr/Bildirim/1414691,tr,2025-03-28T16:55:04+00:00
2025-03-28,GESAN,KAP,GİRİŞİM ELEKTRİK SANAYİ TAAHHÜT VE TİCARET A.Ş. - İhale Süreci / Sonucu,İhale Süreci / Sonucu İhale Sonucu Bildirimi,https://www.kap.org.tr/tr/Bildirim/1414273,tr,2025-03-28T12:49:26+00:00
2025-03-28,GGBVK,KAP,GOLDEN GLOBAL VARLIK KİRALAMA A.Ş. - İhraç Tavanına İlişkin Bildirim,İhraç Tavanına İlişkin Bildirim Kira Sertifikası İhraç Tavanı Onayı Hk. GGI,https://www.kap.org.tr/tr/Bildirim/1414539,tr,2025-03-28T16:01:51+00:00
2025-03-28,GGBVK,KAP,GOLDEN GLOBAL VARLIK KİRALAMA A.Ş. - Tertip İhraç Belgesi,Tertip İhraç Belgesi Tertip İhraç Belgesi Hk. GGI,https://www.kap.org.tr/tr/Bildirim/1414536,tr,2025-03-28T16:01:00+00:00
2025-03-28,GLCVY,KAP,GELECEK VARLIK YÖNETİMİ A.Ş. - Payların Geri Alınmasına İlişkin Bildirim,Payların Geri Alınmasına İlişkin Bildirim Pay Geri Alım Programı,https://www.kap.org.tr/tr/Bildirim/1415508,tr,2025-03-28T23:42:14+00:00
2025-03-28,GLCVY,KAP,GELECEK VARLIK YÖNETİMİ A.Ş. - Bağımsız Denetim Kuruluşunun Belirlenmesi,Bağımsız Denetim Kuruluşunun Belirlenmesi Bağımsız Denetim Şirketi seçiminin Genel Kurul'un onayına sunulması,https://www.kap.org.tr/tr/Bildirim/1415012,tr,2025-03-28T18:56:37+00:00
2025-03-28,GRNYO,KAP,GARANTİ YATIRIM ORTAKLIĞI A.Ş. - Özel Durum Açıklaması (Genel),"Özel Durum Açıklaması (Genel) Paylarının BİAŞ'ta oluşan ağırlıklı ortalama fiyatının, pay başına net aktif değerinin 2 katını aşması hakkında.",https://www.kap.org.tr/tr/Bildirim/1414085,tr,2025-03-28T09:43:24+00:00
2025-03-28,GRTHO,KAP,GRAINTURK HOLDİNG A.Ş. - Payların Geri Alınmasına İlişkin Bildirim,Payların Geri Alınmasına İlişkin Bildirim Pay Geri Alımı 28.03.2025,https://www.kap.org.tr/tr/Bildirim/1414927,tr,2025-03-28T18:19:13+00:00
2025-03-28,GUBRF,KAP,GÜBRE FABRİKALARI T.A.Ş. - Katılım Finansı İlkeleri Bilgi Formu,Katılım Finansı İlkeleri Bilgi Formu,https://www.kap.org.tr/tr/Bildirim/1415146,tr,2025-03-28T19:37:25+00:00
2025-03-28,GUBRF,KAP,GÜBRE FABRİKALARI T.A.Ş. - Sorumluluk Beyanı (Konsolide),Sorumluluk Beyanı (Konsolide) Sorumluluk Beyanı,https://www.kap.org.tr/tr/Bildirim/1415145,tr,2025-03-28T19:37:03+00:00
2025-03-28,GUBRF,KAP,GÜBRE FABRİKALARI T.A.Ş. - Sürdürülebilirlik Uyum Raporu,Sürdürülebilirlik Uyum Raporu 2024 Sürdürülebilirlik Uyum Raporu,https://www.kap.org.tr/tr/Bildirim/1415144,tr,2025-03-28T19:36:52+00:00
2025-03-28,GUBRF,KAP,GÜBRE FABRİKALARI T.A.Ş. - Kurumsal Yönetim Uyum Raporu,Kurumsal Yönetim Uyum Raporu 2024 Kurumsal Yönetim Uyum Raporu,https://www.kap.org.tr/tr/Bildirim/1415143,tr,2025-03-28T19:36:39+00:00
2025-03-28,GUBRF,KAP,GÜBRE FABRİKALARI T.A.Ş. - Kurumsal Yönetim Bilgi Formu,Kurumsal Yönetim Bilgi Formu 2024 Kurumsal Yönetim Bilgi Formu,https://www.kap.org.tr/tr/Bildirim/1415142,tr,2025-03-28T19:36:27+00:00
2025-03-28,GUBRF,KAP,GÜBRE FABRİKALARI T.A.Ş. - Faaliyet Raporu (Konsolide),Faaliyet Raporu (Konsolide) 2024 Yılı Yönetim Kurulu Faaliyet Raporu,https://www.kap.org.tr/tr/Bildirim/1415139,tr,2025-03-28T19:35:24+00:00
2025-03-28,GUBRF,KAP,GÜBRE FABRİKALARI T.A.Ş. - Finansal Rapor,Finansal Rapor,https://www.kap.org.tr/tr/Bildirim/1415138,tr,2025-03-28T19:35:12+00:00
2025-03-28,GWIND,KAP,GALATA WIND ENERJİ A.Ş. - Kredi Derecelendirmesi,Kredi Derecelendirmesi JCR Kredi Derecelendirmesi,https://www.kap.org.tr/tr/Bildirim/1415071,tr,2025-03-28T19:08:49+00:00
2025-03-28,HALKB,KAP,TÜRKİYE HALK BANKASI A.Ş. - Payların Geri Alınmasına İlişkin Bildirim,Payların Geri Alınmasına İlişkin Bildirim Pay Geri Alımı,https://www.kap.org.tr/tr/Bildirim/1414920,tr,2025-03-28T18:17:09+00:00
2025-03-28,HATSN,KAP,HAT-SAN GEMİ İNŞAA BAKIM ONARIM DENİZ NAKLİYAT SANAYİ VE TİCARET A.Ş. - Bağımsız Denetim Kuruluşunun Belirlenmesi,"Bağımsız Denetim Kuruluşunun Belirlenmesi BAĞIMSIZ DENETİM ŞİRKETİ SEÇİMİ HAKKINDA,",https://www.kap.org.tr/tr/Bildirim/1414327,tr,2025-03-28T14:35:15+00:00
2025-03-28,HDFFL,KAP,HEDEF ARAÇ KİRALAMA VE SERVİS A.Ş. - Şirket Genel Bilgi Formu,Şirket Genel Bilgi Formu,https://www.kap.org.tr/tr/Bildirim/1414854,tr,2025-03-28T17:52:44+00:00
2025-03-28,HDFGS,KAP,HEDEF GİRİŞİM SERMAYESİ YATIRIM ORTAKLIĞI A.Ş. - Kurumsal Yönetim Bilgi Formu (Güncelleme) - Yönetim Kurulu-2,Kurumsal Yönetim Bilgi Formu (Güncelleme) - Yönetim Kurulu-2 2024 Kurumsal Yönetim Bilgi Formu Güncelleme,https://www.kap.org.tr/tr/Bildirim/1414890,tr,2025-03-28T18:12:43+00:00
2025-03-28,HDFGS,KAP,HEDEF GİRİŞİM SERMAYESİ YATIRIM ORTAKLIĞI A.Ş. - Kurumsal Yönetim Bilgi Formu (Güncelleme) - Yönetim Kurulu-1,Kurumsal Yönetim Bilgi Formu (Güncelleme) - Yönetim Kurulu-1 2024 Kurumsal Yönetim Bilgi Formu Güncelleme,https://www.kap.org.tr/tr/Bildirim/1414883,tr,2025-03-28T18:12:13+00:00
2025-03-28,HDFGS,KAP,HEDEF GİRİŞİM SERMAYESİ YATIRIM ORTAKLIĞI A.Ş. - Şirket Genel Bilgi Formu,Şirket Genel Bilgi Formu,https://www.kap.org.tr/tr/Bildirim/1414880,tr,2025-03-28T18:12:00+00:00
2025-03-28,HDFGS,KAP,HEDEF GİRİŞİM SERMAYESİ YATIRIM ORTAKLIĞI A.Ş. - Özel Durum Açıklaması (Genel),Özel Durum Açıklaması (Genel) Yönetim Kurulu Üye Değişikliği hk.,https://www.kap.org.tr/tr/Bildirim/1414879,tr,2025-03-28T18:11:48+00:00
2025-03-28,HDFYB,KAP,HEDEF YATIRIM BANKASI A.Ş. - Kredi Derecelendirmesi,Kredi Derecelendirmesi JCR Eurasia Rating Kredi Derecelendirme Notu,https://www.kap.org.tr/tr/Bildirim/1414847,tr,2025-03-28T17:43:56+00:00
2025-03-28,HDFYB,KAP,HEDEF YATIRIM BANKASI A.Ş. - Şirket Genel Bilgi Formu,Şirket Genel Bilgi Formu,https://www.kap.org.tr/tr/Bildirim/1414346,tr,2025-03-28T14:50:10+00:00
2025-03-28,HDFYB,KAP,HEDEF YATIRIM BANKASI A.Ş. - Şirket Genel Bilgi Formu,Şirket Genel Bilgi Formu,https://www.kap.org.tr/tr/Bildirim/1414074,tr,2025-03-28T09:06:53+00:00
2025-03-28,HEDEF,KAP,HEDEF HOLDİNG A.Ş. - Şirket Genel Bilgi Formu,Şirket Genel Bilgi Formu,https://www.kap.org.tr/tr/Bildirim/1414904,tr,2025-03-28T18:14:53+00:00
2025-03-28,HEDEF,KAP,HEDEF HOLDİNG A.Ş. - Özel Durum Açıklaması (Genel),Özel Durum Açıklaması (Genel) İcra Kurulu Üyesi (CEO) Görevden Ayrılması hk.,https://www.kap.org.tr/tr/Bildirim/1414903,tr,2025-03-28T18:14:34+00:00
2025-03-28,HKTM,KAP,HİDROPAR HAREKET KONTROL TEKNOLOJİLERİ MERKEZİ SANAYİ VE TİCARET A.Ş. - Pay Alım Satım Bildirimi,Pay Alım Satım Bildirimi Pay Alım Satım Bildirimi Hakkında.,https://www.kap.org.tr/tr/Bildirim/1414902,tr,2025-03-28T18:14:26+00:00
2025-03-28,HKTM,KAP,HİDROPAR HAREKET KONTROL TEKNOLOJİLERİ MERKEZİ SANAYİ VE TİCARET A.Ş. - Sermaye Artırımı - Azaltımı İşlemlerine İlişkin Bildirim,Sermaye Artırımı - Azaltımı İşlemlerine İlişkin Bildirim Tahsisli Sermaye Artırımı Yapma Kararı Hakkında.,https://www.kap.org.tr/tr/Bildirim/1414669,tr,2025-03-28T16:49:21+00:00
2025-03-28,HKTM,KAP,HİDROPAR HAREKET KONTROL TEKNOLOJİLERİ MERKEZİ SANAYİ VE TİCARET A.Ş. - Özel Durum Açıklaması (Genel),Özel Durum Açıklaması (Genel) Sermaye Avansı Ödemesi Hakkında.,https://www.kap.org.tr/tr/Bildirim/1414612,tr,2025-03-28T16:23:16+00:00
2025-03-28,HKTM,KAP,HİDROPAR HAREKET KONTROL TEKNOLOJİLERİ MERKEZİ SANAYİ VE TİCARET A.Ş. - Özel Durum Açıklaması (Genel),Özel Durum Açıklaması (Genel) Hisse Devri Hakkında.,https://www.kap.org.tr/tr/Bildirim/1414556,tr,2025-03-28T16:07:08+00:00
2025-03-28,HLGYO,KAP,HALK GAYRİMENKUL YATIRIM ORTAKLIĞI A.Ş. - Maddi Duran Varlık Satımı,Maddi Duran Varlık Satımı Gayrimenkul Satışı Hk. HALKB,https://www.kap.org.tr/tr/Bildirim/1414875,tr,2025-03-28T18:11:02+00:00
2025-03-28,HLVKS,KAP,HALK VARLIK KİRALAMA A.Ş. - Yatırımcı Raporu,Yatırımcı Raporu Halk Varlık Kiralama A.Ş. Yatırımcı Raporu,https://www.kap.org.tr/tr/Bildirim/1414302,tr,2025-03-28T14:00:10+00:00
2025-03-28,HTTBT,KAP,HİTİT BİLGİSAYAR HİZMETLERİ A.Ş. - Kredi Derecelendirmesi,Kredi Derecelendirmesi Kredi Derecelendirme Notu,https://www.kap.org.tr/tr/Bildirim/1414916,tr,2025-03-28T18:16:24+00:00
2025-03-28,HTTBT,KAP,HİTİT BİLGİSAYAR HİZMETLERİ A.Ş. - İlişkili Taraf İşlemleri,İlişkili Taraf İşlemleri İlişkili taraf işlemleri raporu,https://www.kap.org.tr/tr/Bildirim/1414906,tr,2025-03-28T18:15:14+00:00
2025-03-28,HUNER,KAP,HUN YENİLENEBİLİR ENERJİ ÜRETİM A.Ş. - Özel Durum Açıklaması (Genel),Özel Durum Açıklaması (Genel) Yönetim Kurulu Üyelerinin Seçimi Hk.,https://www.kap.org.tr/tr/Bildirim/1415108,tr,2025-03-28T19:16:19+00:00
2025-03-28,HURGZ,KAP,HÜRRİYET GAZETECİLİK VE MATBAACILIK A.Ş. - Kar Payı Dağıtım İşlemlerine İlişkin Bildirim,Kar Payı Dağıtım İşlemlerine İlişkin Bildirim 2024 Yılı Kar Payı Dağıtımına İlişkin Olağan Genel Kurul Sonuç Bildirimi,https://www.kap.org.tr/tr/Bildirim/1415496,tr,2025-03-28T23:35:31+00:00
2025-03-28,HURGZ,KAP,HÜRRİYET GAZETECİLİK VE MATBAACILIK A.Ş. - Genel Kurul İşlemlerine İlişkin Bildirim,Genel Kurul İşlemlerine İlişkin Bildirim Hürriyet Gazetecilik ve Matbaacılık A.Ş. Olağan Genel Kurul Toplantısı Sonuç Bildirimi,https://www.kap.org.tr/tr/Bildirim/1415310,tr,2025-03-28T20:40:40+00:00
2025-03-28,HYB,KAP,HEDEF YATIRIM BANKASI A.Ş. - Kredi Derecelendirmesi,Kredi Derecelendirmesi JCR Eurasia Rating Kredi Derecelendirme Notu,https://www.kap.org.tr/tr/Bildirim/1414847,tr,2025-03-28T17:43:56+00:00
2025-03-28,HYB,KAP,HEDEF YATIRIM BANKASI A.Ş. - Şirket Genel Bilgi Formu,Şirket Genel Bilgi Formu,https://www.kap.org.tr/tr/Bildirim/1414346,tr,2025-03-28T14:50:10+00:00
2025-03-28,HYB,KAP,HEDEF YATIRIM BANKASI A.Ş. - Şirket Genel Bilgi Formu,Şirket Genel Bilgi Formu,https://www.kap.org.tr/tr/Bildirim/1414074,tr,2025-03-28T09:06:53+00:00
2025-03-28,IHAAS,KAP,İHLAS HABER AJANSI A.Ş. - Bağımsız Denetim Kuruluşunun Belirlenmesi,Bağımsız Denetim Kuruluşunun Belirlenmesi Bağımsız Denetim Şirketi Seçimi Hk.,https://www.kap.org.tr/tr/Bildirim/1414645,tr,2025-03-28T16:39:08+00:00
2025-03-28,IHEVA,KAP,İHLAS EV ALETLERİ İMALAT SANAYİ VE TİCARET A.Ş. - Bağımsız Denetim Kuruluşunun Belirlenmesi,Bağımsız Denetim Kuruluşunun Belirlenmesi Bağımsız Denetim Şirketi Seçimi Hk.,https://www.kap.org.tr/tr/Bildirim/1414665,tr,2025-03-28T16:47:35+00:00
2025-03-28,IHGZT,KAP,İHLAS GAZETECİLİK A.Ş. - Bağımsız Denetim Kuruluşunun Belirlenmesi,Bağımsız Denetim Kuruluşunun Belirlenmesi Bağımsız Denetim Şirketi Seçimi Hk.,https://www.kap.org.tr/tr/Bildirim/1414659,tr,2025-03-28T16:41:58+00:00
2025-03-28,IHLAS,KAP,İHLAS HOLDİNG A.Ş. - Bağımsız Denetim Kuruluşunun Belirlenmesi,Bağımsız Denetim Kuruluşunun Belirlenmesi Bağımsız Denetim Şirketi Seçimi Hk.,https://www.kap.org.tr/tr/Bildirim/1414684,tr,2025-03-28T16:52:42+00:00
2025-03-28,IHLGM,KAP,İHLAS GAYRİMENKUL PROJE GELİŞTİRME VE TİCARET A.Ş. - Bağımsız Denetim Kuruluşunun Belirlenmesi,Bağımsız Denetim Kuruluşunun Belirlenmesi Bağımsız Denetim Şirketi Seçimi Hk.,https://www.kap.org.tr/tr/Bildirim/1414664,tr,2025-03-28T16:46:32+00:00
2025-03-28,IHYAY,KAP,İHLAS YAYIN HOLDİNG A.Ş. - Bağımsız Denetim Kuruluşunun Belirlenmesi,Bağımsız Denetim Kuruluşunun Belirlenmesi Bağımsız Denetim Şirketi Seçimi Hk.,https://www.kap.org.tr/tr/Bildirim/1414668,tr,2025-03-28T16:49:15+00:00
2025-03-28,IMASM,KAP,İMAŞ MAKİNA SANAYİ A.Ş. - Bağımsız Denetim Kuruluşunun Belirlenmesi,Bağımsız Denetim Kuruluşunun Belirlenmesi 2025 Yılı Bağımsız Denetim Şirketi Seçimi Hk.,https://www.kap.org.tr/tr/Bildirim/1415007,tr,2025-03-28T18:49:10+00:00
2025-03-28,INFO,KAP,İNFO YATIRIM MENKUL DEĞERLER A.Ş. - Yatırım Kuruluşu Varant - Sertifika - Senetlerine İlişkin Bildirim,Yatırım Kuruluşu Varant - Sertifika - Senetlerine İlişkin Bildirim 28.03.2025 Vadeli Varantların İtfası,https://www.kap.org.tr/tr/Bildirim/1415426,tr,2025-03-28T21:49:42+00:00
2025-03-28,INFO,KAP,İNFO YATIRIM MENKUL DEĞERLER A.Ş. - Özel Durum Açıklaması (Genel),Özel Durum Açıklaması (Genel) Yönetim Kurulu Üyesi Ataması hk.,https://www.kap.org.tr/tr/Bildirim/1414887,tr,2025-03-28T18:12:28+00:00
2025-03-28,INTEM,KAP,İNTEMA İNŞAAT VE TESİSAT MALZEMELERİ YATIRIM VE PAZARLAMA A.Ş. - Kar Payı Dağıtım İşlemlerine İlişkin Bildirim,Kar Payı Dağıtım İşlemlerine İlişkin Bildirim 2024 Yılı Kar Payı Dağıtımına İlişkin Yönetim Kurulu Kararı,https://www.kap.org.tr/tr/Bildirim/1414994,tr,2025-03-28T18:44:19+00:00
2025-03-28,INVES,KAP,INVESTCO HOLDİNG A.Ş. - Şirket Genel Bilgi Formu,Şirket Genel Bilgi Formu,https://www.kap.org.tr/tr/Bildirim/1415442,tr,2025-03-28T22:34:16+00:00
2025-03-28,INVES,KAP,INVESTCO HOLDİNG A.Ş. - Finansal Duran Varlık Edinimi,"Finansal Duran Varlık Edinimi Investat US, Inc. Unvanlı Yeni Şirket Kuruluşu Hakkında",https://www.kap.org.tr/tr/Bildirim/1415441,tr,2025-03-28T22:33:34+00:00
2025-03-28,INVES,KAP,INVESTCO HOLDİNG A.Ş. - Finansal Duran Varlık Edinimi,Finansal Duran Varlık Edinimi %100 Bağlı Ortaklığımız REM GSYO A.Ş. Tarafından Yapılan Girişim Sermayesi Yatırımı Hakkında,https://www.kap.org.tr/tr/Bildirim/1415440,tr,2025-03-28T22:32:57+00:00
2025-03-28,INVES,KAP,INVESTCO HOLDİNG A.Ş. - Pay Alım Satım Bildirimi,Pay Alım Satım Bildirimi VERUS Pay Alım Bildirimi VERUS,https://www.kap.org.tr/tr/Bildirim/1414963,tr,2025-03-28T18:30:12+00:00
2025-03-28,ISATR,KAP,TÜRKİYE İŞ BANKASI A.Ş. - Haber ve Söylentilere İlişkin Açıklama,Haber ve Söylentilere İlişkin Açıklama Bankamıza İlişkin Çeşitli Sosyal Medya Platformlarında Yayımlanan İddialar Hakkında,https://www.kap.org.tr/tr/Bildirim/1415517,tr,2025-03-28T23:58:36+00:00
2025-03-28,ISATR,KAP,TÜRKİYE İŞ BANKASI A.Ş. - Özel Durum Açıklaması (Genel),Özel Durum Açıklaması (Genel) Bağlı Ortaklıklarımızdan Moka Ödeme ve Elektronik Para Kuruluşu A.Ş.'nin Birleşme İşleminin Tescili hakkında,https://www.kap.org.tr/tr/Bildirim/1414876,tr,2025-03-28T18:11:08+00:00
2025-03-28,ISBTR,KAP,TÜRKİYE İŞ BANKASI A.Ş. - Haber ve Söylentilere İlişkin Açıklama,Haber ve Söylentilere İlişkin Açıklama Bankamıza İlişkin Çeşitli Sosyal Medya Platformlarında Yayımlanan İddialar Hakkında,https://www.kap.org.tr/tr/Bildirim/1415517,tr,2025-03-28T23:58:36+00:00
2025-03-28,ISBTR,KAP,TÜRKİYE İŞ BANKASI A.Ş. - Özel Durum Açıklaması (Genel),Özel Durum Açıklaması (Genel) Bağlı Ortaklıklarımızdan Moka Ödeme ve Elektronik Para Kuruluşu A.Ş.'nin Birleşme İşleminin Tescili hakkında,https://www.kap.org.tr/tr/Bildirim/1414876,tr,2025-03-28T18:11:08+00:00
2025-03-28,ISCTR,KAP,TÜRKİYE İŞ BANKASI A.Ş. - Haber ve Söylentilere İlişkin Açıklama,Haber ve Söylentilere İlişkin Açıklama Bankamıza İlişkin Çeşitli Sosyal Medya Platformlarında Yayımlanan İddialar Hakkında,https://www.kap.org.tr/tr/Bildirim/1415517,tr,2025-03-28T23:58:36+00:00
2025-03-28,ISCTR,KAP,TÜRKİYE İŞ BANKASI A.Ş. - Özel Durum Açıklaması (Genel),Özel Durum Açıklaması (Genel) Bağlı Ortaklıklarımızdan Moka Ödeme ve Elektronik Para Kuruluşu A.Ş.'nin Birleşme İşleminin Tescili hakkında,https://www.kap.org.tr/tr/Bildirim/1414876,tr,2025-03-28T18:11:08+00:00
2025-03-28,ISGYO,KAP,İŞ GAYRİMENKUL YATIRIM ORTAKLIĞI A.Ş. - İlişkili Taraf İşlemleri,İlişkili Taraf İşlemleri Tapu Devir İşlemlerinin Tamamlanması Hk. ISCTR,https://www.kap.org.tr/tr/Bildirim/1414567,tr,2025-03-28T16:10:54+00:00
2025-03-28,ISKUR,KAP,TÜRKİYE İŞ BANKASI A.Ş. - Haber ve Söylentilere İlişkin Açıklama,Haber ve Söylentilere İlişkin Açıklama Bankamıza İlişkin Çeşitli Sosyal Medya Platformlarında Yayımlanan İddialar Hakkında,https://www.kap.org.tr/tr/Bildirim/1415517,tr,2025-03-28T23:58:36+00:00
2025-03-28,ISKUR,KAP,TÜRKİYE İŞ BANKASI A.Ş. - Özel Durum Açıklaması (Genel),Özel Durum Açıklaması (Genel) Bağlı Ortaklıklarımızdan Moka Ödeme ve Elektronik Para Kuruluşu A.Ş.'nin Birleşme İşleminin Tescili hakkında,https://www.kap.org.tr/tr/Bildirim/1414876,tr,2025-03-28T18:11:08+00:00
2025-03-28,ISMEN,KAP,İŞ YATIRIM MENKUL DEĞERLER A.Ş. - İhraç Tavanına İlişkin Bildirim,İhraç Tavanına İlişkin Bildirim Borçlanma Tavanı Başvurusu Sermaye Piyasası Kurulu Onayı,https://www.kap.org.tr/tr/Bildirim/1415396,tr,2025-03-28T21:11:55+00:00
2025-03-28,ISMEN,KAP,İŞ YATIRIM MENKUL DEĞERLER A.Ş. - Yatırım Kuruluşu Varant - Sertifika - Senetlerine İlişkin Bildirim,Yatırım Kuruluşu Varant - Sertifika - Senetlerine İlişkin Bildirim İş Yatırım Aracı Kuruluş Varantlarının İtfa Bildirimi,https://www.kap.org.tr/tr/Bildirim/1415017,tr,2025-03-28T19:01:41+00:00
2025-03-28,ISMEN,KAP,İŞ YATIRIM MENKUL DEĞERLER A.Ş. - Piyasa Yapıcılığı Kapsamında Gerçekleştirilen İşlemler Bildirimi,Piyasa Yapıcılığı Kapsamında Gerçekleştirilen İşlemler Bildirimi Borsa Yatırım Fonu Piyasa Yapıcılığı İşlemleri,https://www.kap.org.tr/tr/Bildirim/1414129,tr,2025-03-28T10:28:11+00:00
2025-03-28,ISMEN,KAP,İŞ YATIRIM MENKUL DEĞERLER A.Ş. - Yatırım Kuruluşu Varant - Sertifika - Senetlerine İlişkin Bildirim,Yatırım Kuruluşu Varant - Sertifika - Senetlerine İlişkin Bildirim İş Yatırım Sertifika ve Varant Alım Satım İşlemleri,https://www.kap.org.tr/tr/Bildirim/1414127,tr,2025-03-28T10:27:19+00:00
2025-03-28,ISMEN,KAP,İŞ YATIRIM MENKUL DEĞERLER A.Ş. - Özel Durum Açıklaması (Genel),Özel Durum Açıklaması (Genel) İş Yatırım Nilüfer/Bursa Şubesi'nin açılışına ilişkin SPK onayı.,https://www.kap.org.tr/tr/Bildirim/1414071,tr,2025-03-28T09:01:37+00:00
2025-03-28,ISYAT,KAP,İŞ YATIRIM ORTAKLIĞI A.Ş. - Özel Durum Açıklaması (Genel),"Özel Durum Açıklaması (Genel) Ortaklık paylarının BİAŞ'ta oluşan ağırlıklı ortalama fiyatının, pay başına net aktif değerinin 2 katını aşması hakkında",https://www.kap.org.tr/tr/Bildirim/1414219,tr,2025-03-28T11:59:45+00:00
2025-03-28,IYF,KAP,İNFO YATIRIM MENKUL DEĞERLER A.Ş. - Yatırım Kuruluşu Varant - Sertifika - Senetlerine İlişkin Bildirim,Yatırım Kuruluşu Varant - Sertifika - Senetlerine İlişkin Bildirim 28.03.2025 Vadeli Varantların İtfası,https://www.kap.org.tr/tr/Bildirim/1415426,tr,2025-03-28T21:49:42+00:00
2025-03-28,IYF,KAP,İNFO YATIRIM MENKUL DEĞERLER A.Ş. - Özel Durum Açıklaması (Genel),Özel Durum Açıklaması (Genel) Yönetim Kurulu Üyesi Ataması hk.,https://www.kap.org.tr/tr/Bildirim/1414887,tr,2025-03-28T18:12:28+00:00
2025-03-28,IYM,KAP,İŞ YATIRIM MENKUL DEĞERLER A.Ş. - İhraç Tavanına İlişkin Bildirim,İhraç Tavanına İlişkin Bildirim Borçlanma Tavanı Başvurusu Sermaye Piyasası Kurulu Onayı,https://www.kap.org.tr/tr/Bildirim/1415396,tr,2025-03-28T21:11:55+00:00
2025-03-28,IYM,KAP,İŞ YATIRIM MENKUL DEĞERLER A.Ş. - Yatırım Kuruluşu Varant - Sertifika - Senetlerine İlişkin Bildirim,Yatırım Kuruluşu Varant - Sertifika - Senetlerine İlişkin Bildirim İş Yatırım Aracı Kuruluş Varantlarının İtfa Bildirimi,https://www.kap.org.tr/tr/Bildirim/1415017,tr,2025-03-28T19:01:41+00:00
2025-03-28,IYM,KAP,İŞ YATIRIM MENKUL DEĞERLER A.Ş. - Piyasa Yapıcılığı Kapsamında Gerçekleştirilen İşlemler Bildirimi,Piyasa Yapıcılığı Kapsamında Gerçekleştirilen İşlemler Bildirimi Borsa Yatırım Fonu Piyasa Yapıcılığı İşlemleri,https://www.kap.org.tr/tr/Bildirim/1414129,tr,2025-03-28T10:28:11+00:00
2025-03-28,IYM,KAP,İŞ YATIRIM MENKUL DEĞERLER A.Ş. - Yatırım Kuruluşu Varant - Sertifika - Senetlerine İlişkin Bildirim,Yatırım Kuruluşu Varant - Sertifika - Senetlerine İlişkin Bildirim İş Yatırım Sertifika ve Varant Alım Satım İşlemleri,https://www.kap.org.tr/tr/Bildirim/1414127,tr,2025-03-28T10:27:19+00:00
2025-03-28,IYM,KAP,İŞ YATIRIM MENKUL DEĞERLER A.Ş. - Özel Durum Açıklaması (Genel),Özel Durum Açıklaması (Genel) İş Yatırım Nilüfer/Bursa Şubesi'nin açılışına ilişkin SPK onayı.,https://www.kap.org.tr/tr/Bildirim/1414071,tr,2025-03-28T09:01:37+00:00
2025-03-28,IZINV,KAP,İZ YATIRIM HOLDİNG A.Ş. - Şirket Genel Bilgi Formu,Şirket Genel Bilgi Formu,https://www.kap.org.tr/tr/Bildirim/1415255,tr,2025-03-28T20:02:51+00:00
2025-03-28,KAPLM,KAP,KAPLAMİN AMBALAJ SANAYİ VE TİCARET A.Ş. - Bağımsız Denetim Kuruluşunun Belirlenmesi,Bağımsız Denetim Kuruluşunun Belirlenmesi Bağımsız Denetim Kuruluşunun Belirlenmesi,https://www.kap.org.tr/tr/Bildirim/1414623,tr,2025-03-28T16:28:23+00:00
2025-03-28,KARTN,KAP,KARTONSAN KARTON SANAYİ VE TİCARET A.Ş. - Kurumsal Yönetim Bilgi Formu (Güncelleme) - Yönetim Kurulu-2,Kurumsal Yönetim Bilgi Formu (Güncelleme) - Yönetim Kurulu-2 Yönetim Kurulu Komite Üyelikleri ve Komite Üyeleri arasındaki görev dağılımı.,https://www.kap.org.tr/tr/Bildirim/1414444,tr,2025-03-28T15:15:04+00:00
2025-03-28,KARTN,KAP,KARTONSAN KARTON SANAYİ VE TİCARET A.Ş. - Şirket Genel Bilgi Formu,Şirket Genel Bilgi Formu,https://www.kap.org.tr/tr/Bildirim/1414423,tr,2025-03-28T15:09:47+00:00
2025-03-28,KARTN,KAP,KARTONSAN KARTON SANAYİ VE TİCARET A.Ş. - Özel Durum Açıklaması (Genel),Özel Durum Açıklaması (Genel) Yönetim Kurulu Görev Dağılımı,https://www.kap.org.tr/tr/Bildirim/1414414,tr,2025-03-28T15:07:14+00:00
2025-03-28,KARTN,KAP,KARTONSAN KARTON SANAYİ VE TİCARET A.Ş. - Bağımsız Denetim Kuruluşunun Belirlenmesi,Bağımsız Denetim Kuruluşunun Belirlenmesi Bağımsız Denetim Şirketi Seçimi,https://www.kap.org.tr/tr/Bildirim/1414374,tr,2025-03-28T15:02:33+00:00
2025-03-28,KARTN,KAP,KARTONSAN KARTON SANAYİ VE TİCARET A.Ş. - Kar Payı Dağıtım İşlemlerine İlişkin Bildirim,Kar Payı Dağıtım İşlemlerine İlişkin Bildirim 28.03.2025 Tarihli Genel Kurul Toplantısında Kar Dağıtımı Yapılmamasına İlişkin Yönetim Kurulu Teklifi Kabul Edilerek Onaylanmıştır.,https://www.kap.org.tr/tr/Bildirim/1414373,tr,2025-03-28T15:02:09+00:00
2025-03-28,KARTN,KAP,KARTONSAN KARTON SANAYİ VE TİCARET A.Ş. - Genel Kurul İşlemlerine İlişkin Bildirim,Genel Kurul İşlemlerine İlişkin Bildirim Şirketimizin 2024 faaliyet yılına ilişkin Olağan Genel Kurulu 28 Mart 2025 tarihinde Yapılmıştır.,https://www.kap.org.tr/tr/Bildirim/1414362,tr,2025-03-28T14:54:28+00:00
2025-03-28,KATVK,KAP,KATILIM VARLIK KİRALAMA A.Ş. - İhraç Tavanına İlişkin Bildirim,İhraç Tavanına İlişkin Bildirim Kira Sertifikası İhraç Tavanı SPK Başvurusu BRISA,https://www.kap.org.tr/tr/Bildirim/1414551,tr,2025-03-28T16:04:57+00:00
2025-03-28,KATVK,KAP,KATILIM VARLIK KİRALAMA A.Ş. - Pay Dışında Sermaye Piyasası Aracı İşlemlerine İlişkin Bildirim (Faizsiz),Pay Dışında Sermaye Piyasası Aracı İşlemlerine İlişkin Bildirim (Faizsiz) TRDKTLM92512 Yurtiçi Kira Sertifikası İhracının Satışının Tamamlanması BRISA,https://www.kap.org.tr/tr/Bildirim/1414099,tr,2025-03-28T09:54:01+00:00
2025-03-28,KLYPV,KAP,KALYON GÜNEŞ TEKNOLOJİLERİ ÜRETİM A.Ş. - Kar Payı Dağıtım İşlemlerine İlişkin Bildirim,Kar Payı Dağıtım İşlemlerine İlişkin Bildirim 2023 Yılı Kar Payı Dağıtım Tablosu (TL),https://www.kap.org.tr/tr/Bildirim/1414443,tr,2025-03-28T15:15:03+00:00
2025-03-28,KLYPV,KAP,KALYON GÜNEŞ TEKNOLOJİLERİ ÜRETİM A.Ş. - Genel Kurul İşlemlerine İlişkin Bildirim,Genel Kurul İşlemlerine İlişkin Bildirim 2023 Olağan Genel Kurul Sonuçları,https://www.kap.org.tr/tr/Bildirim/1414301,tr,2025-03-28T13:58:47+00:00
2025-03-28,KONTR,KAP,KONTROLMATİK TEKNOLOJİ ENERJİ VE MÜHENDİSLİK A.Ş. - Yeni İş İlişkisi,Yeni İş İlişkisi ADM Elektrik Dağıtım A.Ş. Tarafından Düzenlenen Uydu Tabanlı Haberleşme Ünitesi Alımı İhalesi Sözleşme İmzalanması,https://www.kap.org.tr/tr/Bildirim/1414096,tr,2025-03-28T09:51:14+00:00
2025-03-28,KOTON,KAP,KOTON MAĞAZACILIK TEKSTİL SANAYİ VE TİCARET A.Ş. - Şirket Genel Bilgi Formu,Şirket Genel Bilgi Formu,https://www.kap.org.tr/tr/Bildirim/1414456,tr,2025-03-28T15:19:09+00:00
2025-03-28,KSFIN,KAP,KOÇ FIAT KREDİ FİNANSMAN A.Ş. - Genel Kurul Bildirimi,Genel Kurul Bildirimi OLAĞANÜSTÜ GENEL KURUL BİLDİRİMİ,https://www.kap.org.tr/tr/Bildirim/1414627,tr,2025-03-28T16:30:05+00:00
2025-03-28,KSTUR,KAP,KUŞTUR KUŞADASI TURİZM ENDÜSTRİSİ A.Ş. - Bağımsız Denetim Kuruluşunun Belirlenmesi,Bağımsız Denetim Kuruluşunun Belirlenmesi SEÇİLEN BAĞIMSIZ DENETİM KURULUŞUNUN TESCİLİ VE TİCARET SİCİLİ GAZETESİNDE İLAN EDİLMESİ,https://www.kap.org.tr/tr/Bildirim/1414069,tr,2025-03-28T09:00:27+00:00
2025-03-28,KSTUR,KAP,KUŞTUR KUŞADASI TURİZM ENDÜSTRİSİ A.Ş. - Genel Kurul İşlemlerine İlişkin Bildirim,Genel Kurul İşlemlerine İlişkin Bildirim GENEL KURUL KARARLARININ TESCİLİ,https://www.kap.org.tr/tr/Bildirim/1414068,tr,2025-03-28T08:59:46+00:00
2025-03-28,KTSVK,KAP,KT SUKUK VARLIK KİRALAMA A.Ş. - İhraç Tavanına İlişkin Bildirim,İhraç Tavanına İlişkin Bildirim Kira Sertifikası İhraç Tavanı Başvurusuna ilişkin YK Kararı Hk.,https://www.kap.org.tr/tr/Bildirim/1414695,tr,2025-03-28T16:57:02+00:00
2025-03-28,KTSVK,KAP,KT SUKUK VARLIK KİRALAMA A.Ş. - Pay Dışında Sermaye Piyasası Aracı İşlemlerine İlişkin Bildirim (Faizsiz),Pay Dışında Sermaye Piyasası Aracı İşlemlerine İlişkin Bildirim (Faizsiz) TRDKTSK92537 ISIN Kodlu Yurtiçi Kira Sertifikası İhracının Satışının Tamamlanması AKFK,https://www.kap.org.tr/tr/Bildirim/1414172,tr,2025-03-28T11:22:24+00:00
2025-03-28,KUYAS,KAP,KUYAŞ YATIRIM A.Ş. - Finansal Rapor,Finansal Rapor,https://www.kap.org.tr/tr/Bildirim/1415515,tr,2025-03-28T23:55:09+00:00
2025-03-28,KUYAS,KAP,KUYAŞ YATIRIM A.Ş. - Faaliyet Raporu (Konsolide),Faaliyet Raporu (Konsolide) Faaliyet Raporu (01.01.2024-31.12.2024),https://www.kap.org.tr/tr/Bildirim/1415514,tr,2025-03-28T23:50:14+00:00
2025-03-28,KUYAS,KAP,KUYAŞ YATIRIM A.Ş. - Sorumluluk Beyanı (Konsolide),Sorumluluk Beyanı (Konsolide) 01.01.2024 - 31.12.2024 Sorumluluk Beyanı,https://www.kap.org.tr/tr/Bildirim/1415513,tr,2025-03-28T23:48:46+00:00
2025-03-28,KUYAS,KAP,KUYAŞ YATIRIM A.Ş. - Payların Geri Alınmasına İlişkin Bildirim,Payların Geri Alınmasına İlişkin Bildirim Payların geri alınmasına ilişkin bildirim.,https://www.kap.org.tr/tr/Bildirim/1414768,tr,2025-03-28T17:22:42+00:00
2025-03-28,KUYAS,KAP,KUYAŞ YATIRIM A.Ş. - Payların Geri Alınmasına İlişkin Bildirim,Payların Geri Alınmasına İlişkin Bildirim Hisse Geri Alımına İlişkin Yönetim Kurulu Kararı,https://www.kap.org.tr/tr/Bildirim/1414334,tr,2025-03-28T14:41:00+00:00
2025-03-28,KZBGY,KAP,KIZILBÜK GAYRİMENKUL YATIRIM ORTAKLIĞI A.Ş. - Özel Durum Açıklaması (Genel),Özel Durum Açıklaması (Genel) Mugla 2. Idare Mahkemesi 2025/134 - 2.677.149.516 TL Para Cezası Hakkında Yürütmenin Durdurulması Kararı,https://www.kap.org.tr/tr/Bildirim/1414849,tr,2025-03-28T17:50:24+00:00
2025-03-28,KZBGY,KAP,KIZILBÜK GAYRİMENKUL YATIRIM ORTAKLIĞI A.Ş. - Özel Durum Açıklaması (Genel),Özel Durum Açıklaması (Genel) Muğla 1. İdare Mahkemesi 2024/823 - Ceza İhbarnamesinin İptaline İlişkin Karar,https://www.kap.org.tr/tr/Bildirim/1414735,tr,2025-03-28T17:12:20+00:00
2025-03-28,KZBGY,KAP,KIZILBÜK GAYRİMENKUL YATIRIM ORTAKLIĞI A.Ş. - Özel Durum Açıklaması (Genel),Özel Durum Açıklaması (Genel) Muğla 1. İdare Mahkemesi 2025/57 - Yürütmenin Durdurulması Kararı,https://www.kap.org.tr/tr/Bildirim/1414722,tr,2025-03-28T17:07:26+00:00
2025-03-28,LILAK,KAP,LİLA KAĞIT SANAYİ VE TİCARET A.Ş. - Kredi Derecelendirmesi,Kredi Derecelendirmesi Kredi Derecelendirme Notu,https://www.kap.org.tr/tr/Bildirim/1415101,tr,2025-03-28T19:14:19+00:00
2025-03-28,LKMNH,KAP,LOKMAN HEKİM ENGÜRÜSAĞ SAĞLIK TURİZM EĞİTİM HİZMETLERİ VE İNŞAAT TAAHHÜT A.Ş. - Payların Geri Alınmasına İlişkin Bildirim,Payların Geri Alınmasına İlişkin Bildirim Hisse Geri Alımı,https://www.kap.org.tr/tr/Bildirim/1415264,tr,2025-03-28T20:06:26+00:00
2025-03-28,LRSHO,KAP,LORAS HOLDİNG A.Ş. - Bağımsız Denetim Kuruluşunun Belirlenmesi,Bağımsız Denetim Kuruluşunun Belirlenmesi 2025 Yılı Bağımsız Denetim Şirketi Seçimi Hk.,https://www.kap.org.tr/tr/Bildirim/1415004,tr,2025-03-28T18:48:25+00:00
2025-03-28,MAVI,KAP,MAVİ GİYİM SANAYİ VE TİCARET A.Ş. - İhraç Tavanına İlişkin Bildirim,İhraç Tavanına İlişkin Bildirim Borçlanma Aracı İhracına İlişkin SPK Onayı,https://www.kap.org.tr/tr/Bildirim/1414771,tr,2025-03-28T17:24:21+00:00
2025-03-28,METRO,KAP,METRO TİCARİ VE MALİ YATIRIMLAR HOLDİNG A.Ş. - Bağımsız Denetim Kuruluşunun Belirlenmesi,Bağımsız Denetim Kuruluşunun Belirlenmesi Bağımsız Denetim Kuruluşu Belirlenmesi Hakkında,https://www.kap.org.tr/tr/Bildirim/1415516,tr,2025-03-28T23:56:22+00:00
2025-03-28,MGROS,KAP,MİGROS TİCARET A.Ş. - Esas Sözleşme Tadili,Esas Sözleşme Tadili Esas Sözleşme tadiline ilişkin SPK onayı,https://www.kap.org.tr/tr/Bildirim/1415277,tr,2025-03-28T20:11:32+00:00
2025-03-28,MGROS,KAP,MİGROS TİCARET A.Ş. - İhraç Tavanına İlişkin Bildirim,İhraç Tavanına İlişkin Bildirim Borçlanma aracı ihraç tavanı için SPK başvurusu,https://www.kap.org.tr/tr/Bildirim/1414885,tr,2025-03-28T18:12:24+00:00
2025-03-28,MGROS,KAP,MİGROS TİCARET A.Ş. - Finansal Takvim,Finansal Takvim Finansal Takvim,https://www.kap.org.tr/tr/Bildirim/1414881,tr,2025-03-28T18:12:01+00:00
2025-03-28,MHRGY,KAP,MHR GAYRİMENKUL YATIRIM ORTAKLIĞI A.Ş. - Payların Geri Alınmasına İlişkin Bildirim,Payların Geri Alınmasına İlişkin Bildirim Payların Geri Alınmasına İlşkin Bildirim,https://www.kap.org.tr/tr/Bildirim/1415267,tr,2025-03-28T20:07:22+00:00
2025-03-28,MIATK,KAP,MİA TEKNOLOJİ A.Ş. - Özel Durum Açıklaması (Genel),Özel Durum Açıklaması (Genel) MİA Teknoloji A.Ş. Paylarının Devrine İlişkin Bildirim,https://www.kap.org.tr/tr/Bildirim/1415214,tr,2025-03-28T19:52:52+00:00
2025-03-28,MIATK,KAP,MİA TEKNOLOJİ A.Ş. - Finansal Duran Varlık Edinimi,Finansal Duran Varlık Edinimi MIACorpUK Ltd'nin Kuruluşu ve Birleşik Krallık'taki Büyüme Vizyonu - REVİZE,https://www.kap.org.tr/tr/Bildirim/1414283,tr,2025-03-28T13:26:24+00:00
2025-03-28,MMCAS,KAP,MMC SANAYİ VE TİCARİ YATIRIMLAR A.Ş. - Bağımsız Denetim Kuruluşunun Belirlenmesi,Bağımsız Denetim Kuruluşunun Belirlenmesi Bağımsız Denetim Kuruluşunun Belirlenmesi Hakkında,https://www.kap.org.tr/tr/Bildirim/1415424,tr,2025-03-28T21:46:18+00:00
2025-03-28,MNDRS,KAP,MENDERES TEKSTİL SANAYİ VE TİCARET A.Ş. - Özel Durum Açıklaması (Genel),Özel Durum Açıklaması (Genel) Yönetim Kurulu Görev Dağılımı,https://www.kap.org.tr/tr/Bildirim/1414367,tr,2025-03-28T15:00:04+00:00
2025-03-28,MNDRS,KAP,MENDERES TEKSTİL SANAYİ VE TİCARET A.Ş. - Kar Payı Dağıtım İşlemlerine İlişkin Bildirim,Kar Payı Dağıtım İşlemlerine İlişkin Bildirim 2024 Yılı Kar Payı Dağımına İlişkin Genel Kurul Kararı,https://www.kap.org.tr/tr/Bildirim/1414319,tr,2025-03-28T14:19:28+00:00
2025-03-28,MNDRS,KAP,MENDERES TEKSTİL SANAYİ VE TİCARET A.Ş. - Bağımsız Denetim Kuruluşunun Belirlenmesi,Bağımsız Denetim Kuruluşunun Belirlenmesi Bağımsız Denetim Kuruluşunun Seçimine İlişkin Genel Kurul Onayı,https://www.kap.org.tr/tr/Bildirim/1414316,tr,2025-03-28T14:12:37+00:00
2025-03-28,MNDRS,KAP,MENDERES TEKSTİL SANAYİ VE TİCARET A.Ş. - Genel Kurul İşlemlerine İlişkin Bildirim,Genel Kurul İşlemlerine İlişkin Bildirim 2024 Yılı Olağan Genel Kurul Toplantı Sonucu,https://www.kap.org.tr/tr/Bildirim/1414313,tr,2025-03-28T14:12:25+00:00
2025-03-28,MNDRS,KAP,MENDERES TEKSTİL SANAYİ VE TİCARET A.Ş. - Genel Kurul İşlemlerine İlişkin Bildirim,Genel Kurul İşlemlerine İlişkin Bildirim İmtiyazlı Pay Sahipleri Özel Kurul Toplantı Sonucu,https://www.kap.org.tr/tr/Bildirim/1414311,tr,2025-03-28T14:11:49+00:00
2025-03-28,MNGFA,KAP,MNG FAKTORİNG A.Ş. - İhraç Tavanına İlişkin Bildirim,İhraç Tavanına İlişkin Bildirim Borçlanma Araçlarına İlişkin İhraç Tavanının SPK Tarafından Onaylanması,https://www.kap.org.tr/tr/Bildirim/1414532,tr,2025-03-28T15:59:31+00:00
2025-03-28,MPARK,KAP,MLP SAĞLIK HİZMETLERİ A.Ş. - Genel Kurul İşlemlerine İlişkin Bildirim,Genel Kurul İşlemlerine İlişkin Bildirim MLP SAĞLIK HİZMETLERİ A.Ş. 2024 YILI OLAĞAN GENEL KURUL TOPLANTISI DAVETİ,https://www.kap.org.tr/tr/Bildirim/1414917,tr,2025-03-28T18:16:33+00:00
2025-03-28,MPARK,KAP,MLP SAĞLIK HİZMETLERİ A.Ş. - Bağımsız Denetim Kuruluşunun Belirlenmesi,Bağımsız Denetim Kuruluşunun Belirlenmesi Bağımsız Denetim Kuruluşunun Seçilmesi,https://www.kap.org.tr/tr/Bildirim/1414913,tr,2025-03-28T18:16:08+00:00
2025-03-28,MPARK,KAP,MLP SAĞLIK HİZMETLERİ A.Ş. - Kar Payı Dağıtım İşlemlerine İlişkin Bildirim,Kar Payı Dağıtım İşlemlerine İlişkin Bildirim MPARK Kâr Dağıtım Teklifine İlişkin Açıklama,https://www.kap.org.tr/tr/Bildirim/1414911,tr,2025-03-28T18:15:46+00:00
2025-03-28,MRBKF,KAP,MERCEDES BENZ KAMYON FİNANSMAN A.Ş. - Pay Dışında Sermaye Piyasası Aracı İşlemlerine İlişkin Bildirim (Faiz İçeren),Pay Dışında Sermaye Piyasası Aracı İşlemlerine İlişkin Bildirim (Faiz İçeren) TRSMBKF42622 ISIN Kodlu Tahvil İhracı,https://www.kap.org.tr/tr/Bildirim/1414239,tr,2025-03-28T12:13:06+00:00
2025-03-28,MRBKF,KAP,MERCEDES BENZ KAMYON FİNANSMAN A.Ş. - Pay Dışında Sermaye Piyasası Aracı İşlemlerine İlişkin Bildirim (Faiz İçeren),Pay Dışında Sermaye Piyasası Aracı İşlemlerine İlişkin Bildirim (Faiz İçeren) TRSMBKF62513 ISIN Kodlu Tahvil 1.Kupon Ödemesi - DÜZELTME,https://www.kap.org.tr/tr/Bildirim/1414183,tr,2025-03-28T11:31:15+00:00
2025-03-28,MRBKF,KAP,MERCEDES BENZ KAMYON FİNANSMAN A.Ş. - Pay Dışında Sermaye Piyasası Aracı İşlemlerine İlişkin Bildirim (Faiz İçeren),Pay Dışında Sermaye Piyasası Aracı İşlemlerine İlişkin Bildirim (Faiz İçeren) TRSMBKF32615 ISIN Kodlu Tahvil İhracı,https://www.kap.org.tr/tr/Bildirim/1414167,tr,2025-03-28T11:19:12+00:00
2025-03-28,NTHOL,KAP,NET HOLDİNG A.Ş. - Payların Geri Alınmasına İlişkin Bildirim,Payların Geri Alınmasına İlişkin Bildirim Şirketimizin kendi paylarının geri alımı hakkında,https://www.kap.org.tr/tr/Bildirim/1414991,tr,2025-03-28T18:42:27+00:00
2025-03-28,OBASE,KAP,OBASE BİLGİSAYAR VE DANIŞMANLIK HİZMETLERİ TİCARET A.Ş. - Genel Kurul İşlemlerine İlişkin Bildirim,Genel Kurul İşlemlerine İlişkin Bildirim 2024 Yılı Olağan Genel Kurul Toplantı Çağrısı,https://www.kap.org.tr/tr/Bildirim/1414995,tr,2025-03-28T18:44:55+00:00
2025-03-28,OBASE,KAP,OBASE BİLGİSAYAR VE DANIŞMANLIK HİZMETLERİ TİCARET A.Ş. - Kar Payı Dağıtım İşlemlerine İlişkin Bildirim,Kar Payı Dağıtım İşlemlerine İlişkin Bildirim Obase Kar Payı Dağıtım Teklifi,https://www.kap.org.tr/tr/Bildirim/1414993,tr,2025-03-28T18:43:32+00:00
2025-03-28,OMD,KAP,OSMANLI YATIRIM MENKUL DEĞERLER A.Ş. - Sorumluluk Beyanı (Konsolide),Sorumluluk Beyanı (Konsolide) Sorumluluk Beyanı,https://www.kap.org.tr/tr/Bildirim/1413983,tr,2025-03-28T00:43:01+00:00
2025-03-28,OMD,KAP,OSMANLI YATIRIM MENKUL DEĞERLER A.Ş. - Faaliyet Raporu (Konsolide),Faaliyet Raporu (Konsolide) Faaliyet Raporu,https://www.kap.org.tr/tr/Bildirim/1413982,tr,2025-03-28T00:42:31+00:00
2025-03-28,OMD,KAP,OSMANLI YATIRIM MENKUL DEĞERLER A.Ş. - Finansal Rapor,Finansal Rapor,https://www.kap.org.tr/tr/Bildirim/1413981,tr,2025-03-28T00:40:14+00:00
2025-03-28,OMD,KAP,OSMANLI YATIRIM MENKUL DEĞERLER A.Ş. - Kurumsal Yönetim Uyum Raporu,Kurumsal Yönetim Uyum Raporu Kurumsal Yönetim Uyum Raporu,https://www.kap.org.tr/tr/Bildirim/1413970,tr,2025-03-28T00:15:58+00:00
2025-03-28,OMD,KAP,OSMANLI YATIRIM MENKUL DEĞERLER A.Ş. - Kurumsal Yönetim Bilgi Formu,Kurumsal Yönetim Bilgi Formu Kurumsal Yönetim Bilgi Formu,https://www.kap.org.tr/tr/Bildirim/1413968,tr,2025-03-28T00:15:28+00:00
2025-03-28,OMD,KAP,OSMANLI YATIRIM MENKUL DEĞERLER A.Ş. - Sürdürülebilirlik Uyum Raporu,Sürdürülebilirlik Uyum Raporu Sürdürülebilirlik Uyum Raporu,https://www.kap.org.tr/tr/Bildirim/1413964,tr,2025-03-28T00:10:37+00:00
2025-03-28,ONRYT,KAP,ONUR YÜKSEK TEKNOLOJİ A.Ş. - Bağımsız Denetim Kuruluşunun Belirlenmesi,Bağımsız Denetim Kuruluşunun Belirlenmesi Bağımsız Denetim Kuruluşunun Belirlenmesi Hakkında,https://www.kap.org.tr/tr/Bildirim/1415219,tr,2025-03-28T19:53:42+00:00
2025-03-28,ONRYT,KAP,ONUR YÜKSEK TEKNOLOJİ A.Ş. - Sorumluluk Beyanı (Konsolide Olmayan),Sorumluluk Beyanı (Konsolide Olmayan) Sorumluluk Beyanı,https://www.kap.org.tr/tr/Bildirim/1415212,tr,2025-03-28T19:52:50+00:00
2025-03-28,ONRYT,KAP,ONUR YÜKSEK TEKNOLOJİ A.Ş. - Faaliyet Raporu (Konsolide Olmayan),Faaliyet Raporu (Konsolide Olmayan) Faaliyet Raporu,https://www.kap.org.tr/tr/Bildirim/1415205,tr,2025-03-28T19:51:13+00:00
2025-03-28,ONRYT,KAP,ONUR YÜKSEK TEKNOLOJİ A.Ş. - Finansal Rapor,Finansal Rapor,https://www.kap.org.tr/tr/Bildirim/1415200,tr,2025-03-28T19:50:30+00:00
2025-03-28,OSMEN,KAP,OSMANLI YATIRIM MENKUL DEĞERLER A.Ş. - Sorumluluk Beyanı (Konsolide),Sorumluluk Beyanı (Konsolide) Sorumluluk Beyanı,https://www.kap.org.tr/tr/Bildirim/1413983,tr,2025-03-28T00:43:01+00:00
2025-03-28,OSMEN,KAP,OSMANLI YATIRIM MENKUL DEĞERLER A.Ş. - Faaliyet Raporu (Konsolide),Faaliyet Raporu (Konsolide) Faaliyet Raporu,https://www.kap.org.tr/tr/Bildirim/1413982,tr,2025-03-28T00:42:31+00:00
2025-03-28,OSMEN,KAP,OSMANLI YATIRIM MENKUL DEĞERLER A.Ş. - Finansal Rapor,Finansal Rapor,https://www.kap.org.tr/tr/Bildirim/1413981,tr,2025-03-28T00:40:14+00:00
2025-03-28,OSMEN,KAP,OSMANLI YATIRIM MENKUL DEĞERLER A.Ş. - Kurumsal Yönetim Uyum Raporu,Kurumsal Yönetim Uyum Raporu Kurumsal Yönetim Uyum Raporu,https://www.kap.org.tr/tr/Bildirim/1413970,tr,2025-03-28T00:15:58+00:00
2025-03-28,OSMEN,KAP,OSMANLI YATIRIM MENKUL DEĞERLER A.Ş. - Kurumsal Yönetim Bilgi Formu,Kurumsal Yönetim Bilgi Formu Kurumsal Yönetim Bilgi Formu,https://www.kap.org.tr/tr/Bildirim/1413968,tr,2025-03-28T00:15:28+00:00
2025-03-28,OSMEN,KAP,OSMANLI YATIRIM MENKUL DEĞERLER A.Ş. - Sürdürülebilirlik Uyum Raporu,Sürdürülebilirlik Uyum Raporu Sürdürülebilirlik Uyum Raporu,https://www.kap.org.tr/tr/Bildirim/1413964,tr,2025-03-28T00:10:37+00:00
2025-03-28,OTKAR,KAP,OTOKAR OTOMOTİV VE SAVUNMA SANAYİ A.Ş. - Pay Dışında Sermaye Piyasası Aracı İşlemlerine İlişkin Bildirim (Faiz İçeren),Pay Dışında Sermaye Piyasası Aracı İşlemlerine İlişkin Bildirim (Faiz İçeren) TRSOTKR62516 ISIN kodlu 500.000.000 TL tutarındaki tahvilin 7. kupon ödemesi,https://www.kap.org.tr/tr/Bildirim/1414915,tr,2025-03-28T18:16:23+00:00
2025-03-28,OYA,KAP,OYAK YATIRIM MENKUL DEĞERLER A.Ş. - Piyasa Yapıcılığı Kapsamında Gerçekleştirilen İşlemler Bildirimi,Piyasa Yapıcılığı Kapsamında Gerçekleştirilen İşlemler Bildirimi 28/03/2025 TARİHLİ OYAYO PİYASA YAPICILIĞI İŞLEMLERİ OYAYO,https://www.kap.org.tr/tr/Bildirim/1414965,tr,2025-03-28T18:31:47+00:00
2025-03-28,OYAKC,KAP,OYAK ÇİMENTO FABRİKALARI A.Ş. - Bağımsız Denetim Kuruluşunun Belirlenmesi,Bağımsız Denetim Kuruluşunun Belirlenmesi Genel Kurul Toplantısı 2025 Yılı Bağımsız Denetim Şirketi Seçim Sonucu,https://www.kap.org.tr/tr/Bildirim/1415019,tr,2025-03-28T19:01:49+00:00
2025-03-28,OYAKC,KAP,OYAK ÇİMENTO FABRİKALARI A.Ş. - Kayıtlı Sermaye Tavanı İşlemlerine İlişkin Bildirim,Kayıtlı Sermaye Tavanı İşlemlerine İlişkin Bildirim 2024 Olağan Genel Kurul Toplantısı Kayıtlı Sermaye Tavanı Artışının Sonucu,https://www.kap.org.tr/tr/Bildirim/1415014,tr,2025-03-28T19:00:54+00:00
2025-03-28,OYAKC,KAP,OYAK ÇİMENTO FABRİKALARI A.Ş. - Kar Payı Dağıtım İşlemlerine İlişkin Bildirim,Kar Payı Dağıtım İşlemlerine İlişkin Bildirim 2024 Olağan Genel Kurul Toplantısı Kar Dağıtım Sonucu,https://www.kap.org.tr/tr/Bildirim/1415009,tr,2025-03-28T18:50:39+00:00
2025-03-28,OYAKC,KAP,OYAK ÇİMENTO FABRİKALARI A.Ş. - Genel Kurul İşlemlerine İlişkin Bildirim,Genel Kurul İşlemlerine İlişkin Bildirim 2024 Yılına İlişkin Olağan Genel Kurul Toplantısı Sonucu,https://www.kap.org.tr/tr/Bildirim/1414932,tr,2025-03-28T18:20:17+00:00
2025-03-28,OYAYO,KAP,OYAK YATIRIM ORTAKLIĞI A.Ş. - Özel Durum Açıklaması (Genel),"Özel Durum Açıklaması (Genel) Ortaklık paylarının BİAŞ'ta oluşan ağırlıklı ortalama fiyatının, pay başına net aktif değerinin 2 katını aşması hakkında",https://www.kap.org.tr/tr/Bildirim/1414260,tr,2025-03-28T12:36:11+00:00
2025-03-28,OYYAT,KAP,OYAK YATIRIM MENKUL DEĞERLER A.Ş. - Piyasa Yapıcılığı Kapsamında Gerçekleştirilen İşlemler Bildirimi,Piyasa Yapıcılığı Kapsamında Gerçekleştirilen İşlemler Bildirimi 28/03/2025 TARİHLİ OYAYO PİYASA YAPICILIĞI İŞLEMLERİ OYAYO,https://www.kap.org.tr/tr/Bildirim/1414965,tr,2025-03-28T18:31:47+00:00
2025-03-28,OZGYO,KAP,ÖZDERİCİ GAYRİMENKUL YATIRIM ORTAKLIĞI A.Ş. - Payların Geri Alınmasına İlişkin Bildirim,Payların Geri Alınmasına İlişkin Bildirim 28.03.2025 Tarihli Pay Geri Alım İşlemleri,https://www.kap.org.tr/tr/Bildirim/1414958,tr,2025-03-28T18:27:26+00:00
2025-03-28,OZKGY,KAP,ÖZAK GAYRİMENKUL YATIRIM ORTAKLIĞI A.Ş. - Özel Durum Açıklaması (Genel),Özel Durum Açıklaması (Genel) Görevden Ayrılma Hk.,https://www.kap.org.tr/tr/Bildirim/1414884,tr,2025-03-28T18:12:23+00:00
2025-03-28,PAGYO,KAP,PANORA GAYRİMENKUL YATIRIM ORTAKLIĞI A.Ş. - Bağımsız Denetim Kuruluşunun Belirlenmesi,Bağımsız Denetim Kuruluşunun Belirlenmesi Yönetim Kurulumuzun 2025 yılı faaliyet dönemine ilişkin Bağımsız Denetim Kuruluşunun Belirlenmesine İlişkin Teklifi,https://www.kap.org.tr/tr/Bildirim/1415358,tr,2025-03-28T20:53:14+00:00
2025-03-28,PAGYO,KAP,PANORA GAYRİMENKUL YATIRIM ORTAKLIĞI A.Ş. - Kar Payı Dağıtım İşlemlerine İlişkin Bildirim,Kar Payı Dağıtım İşlemlerine İlişkin Bildirim Yönetim Kurulumuzun 2024 hesap dönemine ilişkin kar dağıtım teklifi önerisi,https://www.kap.org.tr/tr/Bildirim/1415357,tr,2025-03-28T20:52:56+00:00
2025-03-28,PAGYO,KAP,PANORA GAYRİMENKUL YATIRIM ORTAKLIĞI A.Ş. - Esas Sözleşme Tadili,Esas Sözleşme Tadili Şirketimiz Esas Sözleşmesinin 13. maddesinin tadili hk.,https://www.kap.org.tr/tr/Bildirim/1415355,tr,2025-03-28T20:51:47+00:00
2025-03-28,PAGYO,KAP,PANORA GAYRİMENKUL YATIRIM ORTAKLIĞI A.Ş. - Genel Kurul İşlemlerine İlişkin Bildirim,Genel Kurul İşlemlerine İlişkin Bildirim Yönetim Kurulumuzun 2024 Yılı Olağan Genel Kurul Toplantısı Çağrısı,https://www.kap.org.tr/tr/Bildirim/1415354,tr,2025-03-28T20:51:18+00:00
2025-03-28,PBT,KAP,PASHA YATIRIM BANKASI A.Ş. - Pay Dışında Sermaye Piyasası Aracı İşlemlerine İlişkin Bildirim (Faiz İçeren),Pay Dışında Sermaye Piyasası Aracı İşlemlerine İlişkin Bildirim (Faiz İçeren) PASHA Yatırım Bankası A.Ş. Maygold Otomotiv İkinci Varlık Finansmanı Fonu tarafından gerçekleştirilen Varlığa Dayalı Menkul Kıymet İhracı(270 mn),https://www.kap.org.tr/tr/Bildirim/1414611,tr,2025-03-28T16:22:50+00:00
2025-03-28,PBT,KAP,PASHA YATIRIM BANKASI A.Ş. - Pay Dışında Sermaye Piyasası Aracı İşlemlerine İlişkin Bildirim (Faiz İçeren),Pay Dışında Sermaye Piyasası Aracı İşlemlerine İlişkin Bildirim (Faiz İçeren) PASHA Yatırım Bankası A.Ş. Maygold Otomotiv İkinci Varlık Finansmanı Fonu tarafından gerçekleştirilen Varlığa Dayalı Menkul Kıymet İhracı(270 mn),https://www.kap.org.tr/tr/Bildirim/1414609,tr,2025-03-28T16:22:32+00:00
2025-03-28,PBT,KAP,PASHA YATIRIM BANKASI A.Ş. - Pay Dışında Sermaye Piyasası Aracı İşlemlerine İlişkin Bildirim (Faiz İçeren),Pay Dışında Sermaye Piyasası Aracı İşlemlerine İlişkin Bildirim (Faiz İçeren) PASHA Yatırım Bankası A.Ş. VDMK İtfası,https://www.kap.org.tr/tr/Bildirim/1414544,tr,2025-03-28T16:02:25+00:00
2025-03-28,PBT,KAP,PASHA YATIRIM BANKASI A.Ş. - Pay Dışında Sermaye Piyasası Aracı İşlemlerine İlişkin Bildirim (Faiz İçeren),Pay Dışında Sermaye Piyasası Aracı İşlemlerine İlişkin Bildirim (Faiz İçeren) PASHA Yatırım Bankası A.Ş. VDMK İtfası,https://www.kap.org.tr/tr/Bildirim/1414542,tr,2025-03-28T16:02:06+00:00
2025-03-28,PBT,KAP,PASHA YATIRIM BANKASI A.Ş. - Pay Dışında Sermaye Piyasası Aracı İşlemlerine İlişkin Bildirim (Faiz İçeren),Pay Dışında Sermaye Piyasası Aracı İşlemlerine İlişkin Bildirim (Faiz İçeren) PASHA Yatırım Bankası A.Ş. VDMK İtfası,https://www.kap.org.tr/tr/Bildirim/1414538,tr,2025-03-28T16:01:45+00:00
2025-03-28,PBTR,KAP,PASHA YATIRIM BANKASI A.Ş. - Pay Dışında Sermaye Piyasası Aracı İşlemlerine İlişkin Bildirim (Faiz İçeren),Pay Dışında Sermaye Piyasası Aracı İşlemlerine İlişkin Bildirim (Faiz İçeren) PASHA Yatırım Bankası A.Ş. Maygold Otomotiv İkinci Varlık Finansmanı Fonu tarafından gerçekleştirilen Varlığa Dayalı Menkul Kıymet İhracı(270 mn),https://www.kap.org.tr/tr/Bildirim/1414611,tr,2025-03-28T16:22:50+00:00
2025-03-28,PBTR,KAP,PASHA YATIRIM BANKASI A.Ş. - Pay Dışında Sermaye Piyasası Aracı İşlemlerine İlişkin Bildirim (Faiz İçeren),Pay Dışında Sermaye Piyasası Aracı İşlemlerine İlişkin Bildirim (Faiz İçeren) PASHA Yatırım Bankası A.Ş. Maygold Otomotiv İkinci Varlık Finansmanı Fonu tarafından gerçekleştirilen Varlığa Dayalı Menkul Kıymet İhracı(270 mn),https://www.kap.org.tr/tr/Bildirim/1414609,tr,2025-03-28T16:22:32+00:00
2025-03-28,PBTR,KAP,PASHA YATIRIM BANKASI A.Ş. - Pay Dışında Sermaye Piyasası Aracı İşlemlerine İlişkin Bildirim (Faiz İçeren),Pay Dışında Sermaye Piyasası Aracı İşlemlerine İlişkin Bildirim (Faiz İçeren) PASHA Yatırım Bankası A.Ş. VDMK İtfası,https://www.kap.org.tr/tr/Bildirim/1414544,tr,2025-03-28T16:02:25+00:00
2025-03-28,PBTR,KAP,PASHA YATIRIM BANKASI A.Ş. - Pay Dışında Sermaye Piyasası Aracı İşlemlerine İlişkin Bildirim (Faiz İçeren),Pay Dışında Sermaye Piyasası Aracı İşlemlerine İlişkin Bildirim (Faiz İçeren) PASHA Yatırım Bankası A.Ş. VDMK İtfası,https://www.kap.org.tr/tr/Bildirim/1414542,tr,2025-03-28T16:02:06+00:00
2025-03-28,PBTR,KAP,PASHA YATIRIM BANKASI A.Ş. - Pay Dışında Sermaye Piyasası Aracı İşlemlerine İlişkin Bildirim (Faiz İçeren),Pay Dışında Sermaye Piyasası Aracı İşlemlerine İlişkin Bildirim (Faiz İçeren) PASHA Yatırım Bankası A.Ş. VDMK İtfası,https://www.kap.org.tr/tr/Bildirim/1414538,tr,2025-03-28T16:01:45+00:00
2025-03-28,PCILT,KAP,PC İLETİŞİM VE MEDYA HİZMETLERİ SANAYİ TİCARET A.Ş. - Payların Geri Alınmasına İlişkin Bildirim,Payların Geri Alınmasına İlişkin Bildirim 27.03.2025 Tarihli Pay Geri Alım İşlemleri,https://www.kap.org.tr/tr/Bildirim/1414028,tr,2025-03-28T01:06:51+00:00
2025-03-28,PENGD,KAP,PENGUEN GIDA SANAYİ A.Ş. - Özel Durum Açıklaması (Genel),Özel Durum Açıklaması (Genel) Güneş Enerjisi Santrali (GES) tesisimizin devreye alınması,https://www.kap.org.tr/tr/Bildirim/1414998,tr,2025-03-28T18:46:14+00:00
2025-03-28,PGSUS,KAP,PEGASUS HAVA TAŞIMACILIĞI A.Ş. - Yönetim Kurulu Komiteleri,Yönetim Kurulu Komiteleri Yönetim Kurulu Görev Dağılımı ve Yönetim Kurulu Komiteleri,https://www.kap.org.tr/tr/Bildirim/1414308,tr,2025-03-28T14:04:20+00:00
2025-03-28,PGSUS,KAP,PEGASUS HAVA TAŞIMACILIĞI A.Ş. - Kayıtlı Sermaye Tavanı İşlemlerine İlişkin Bildirim,Kayıtlı Sermaye Tavanı İşlemlerine İlişkin Bildirim Kayıtlı Sermaye Tavanı Artırımı ve Geçerlilik Süre Uzatımı,https://www.kap.org.tr/tr/Bildirim/1414307,tr,2025-03-28T14:03:50+00:00
2025-03-28,PGSUS,KAP,PEGASUS HAVA TAŞIMACILIĞI A.Ş. - Kar Payı Dağıtım İşlemlerine İlişkin Bildirim,Kar Payı Dağıtım İşlemlerine İlişkin Bildirim 2024 Yılı Dönem Karının Kullanımına İlişkin Genel Kurul Kararı,https://www.kap.org.tr/tr/Bildirim/1414306,tr,2025-03-28T14:03:42+00:00
2025-03-28,PGSUS,KAP,PEGASUS HAVA TAŞIMACILIĞI A.Ş. - Genel Kurul İşlemlerine İlişkin Bildirim,Genel Kurul İşlemlerine İlişkin Bildirim Olağan Genel Kurul Toplantı Tutanağı ve Hazır Bulunanlar Listesi,https://www.kap.org.tr/tr/Bildirim/1414296,tr,2025-03-28T13:51:49+00:00
2025-03-28,PINSU,KAP,PINAR SU VE İÇECEK SANAYİ VE TİCARET A.Ş. - Kayıtlı Sermaye Tavanı İşlemlerine İlişkin Bildirim,Kayıtlı Sermaye Tavanı İşlemlerine İlişkin Bildirim Kayıtlı Sermaye Tavanı Esas Sözleşme Madde Tadiline İlişkin Genel Kurul Onayı,https://www.kap.org.tr/tr/Bildirim/1414548,tr,2025-03-28T16:03:55+00:00
2025-03-28,PINSU,KAP,PINAR SU VE İÇECEK SANAYİ VE TİCARET A.Ş. - Kar Payı Dağıtım İşlemlerine İlişkin Bildirim,Kar Payı Dağıtım İşlemlerine İlişkin Bildirim Kâr Dağıtımına İlişkin,https://www.kap.org.tr/tr/Bildirim/1414525,tr,2025-03-28T15:57:29+00:00
2025-03-28,PINSU,KAP,PINAR SU VE İÇECEK SANAYİ VE TİCARET A.Ş. - Genel Kurul İşlemlerine İlişkin Bildirim,Genel Kurul İşlemlerine İlişkin Bildirim 2024 Yılına İlişkin Olağan Genel Kurul Toplantı Sonucu,https://www.kap.org.tr/tr/Bildirim/1414508,tr,2025-03-28T15:51:10+00:00
2025-03-28,PNSUT,KAP,PINAR SÜT MAMÜLLERİ SANAYİİ A.Ş. - Kayıtlı Sermaye Tavanı İşlemlerine İlişkin Bildirim,Kayıtlı Sermaye Tavanı İşlemlerine İlişkin Bildirim Kayıtlı Sermaye Tavanı Esas Sözleşme Madde Tadiline İlişkin Genel Kurul Onayı,https://www.kap.org.tr/tr/Bildirim/1414530,tr,2025-03-28T15:59:17+00:00
2025-03-28,PNSUT,KAP,PINAR SÜT MAMÜLLERİ SANAYİİ A.Ş. - Kar Payı Dağıtım İşlemlerine İlişkin Bildirim,Kar Payı Dağıtım İşlemlerine İlişkin Bildirim Kâr Dağıtımına İlişkin,https://www.kap.org.tr/tr/Bildirim/1414513,tr,2025-03-28T15:53:24+00:00
2025-03-28,PNSUT,KAP,PINAR SÜT MAMÜLLERİ SANAYİİ A.Ş. - Genel Kurul İşlemlerine İlişkin Bildirim,Genel Kurul İşlemlerine İlişkin Bildirim 2024 Yılına İlişkin Olağan Genel Kurul Toplantı Sonucu,https://www.kap.org.tr/tr/Bildirim/1414499,tr,2025-03-28T15:45:11+00:00
2025-03-28,POLTK,KAP,POLİTEKNİK METAL SANAYİ VE TİCARET A.Ş. - Bağımsız Denetim Kuruluşunun Belirlenmesi,"Bağımsız Denetim Kuruluşunun Belirlenmesi 01.01.2025 - 31.12.2025 yılı Hesap Dönemi Bağımsız Denetim Kuruluşu Seçimi, Tescili ve Türkiye Ticaret Sicil Gazetesi'nde yayımlanması Hakkında",https://www.kap.org.tr/tr/Bildirim/1415110,tr,2025-03-28T19:16:56+00:00
2025-03-28,POLTK,KAP,POLİTEKNİK METAL SANAYİ VE TİCARET A.Ş. - Genel Kurul İşlemlerine İlişkin Bildirim,Genel Kurul İşlemlerine İlişkin Bildirim 2024 Yılı Olağan Genel Kurul Kararlarının Tescil ve İlanı,https://www.kap.org.tr/tr/Bildirim/1415105,tr,2025-03-28T19:15:30+00:00
2025-03-28,PRKAB,KAP,TÜRK PRYSMİAN KABLO VE SİSTEMLERİ A.Ş. - Şirket Genel Bilgi Formu,Şirket Genel Bilgi Formu,https://www.kap.org.tr/tr/Bildirim/1415470,tr,2025-03-28T23:11:22+00:00
2025-03-28,PRKAB,KAP,TÜRK PRYSMİAN KABLO VE SİSTEMLERİ A.Ş. - Özel Durum Açıklaması (Genel),Özel Durum Açıklaması (Genel) Yönetim Kurulu Başkanı ve Genel Müdür hk.,https://www.kap.org.tr/tr/Bildirim/1415463,tr,2025-03-28T22:53:27+00:00
2025-03-28,PRKAB,KAP,TÜRK PRYSMİAN KABLO VE SİSTEMLERİ A.Ş. - Yönetim Kurulu Komiteleri,Yönetim Kurulu Komiteleri Yönetim Kurulu Komiteleri,https://www.kap.org.tr/tr/Bildirim/1415461,tr,2025-03-28T22:50:21+00:00
2025-03-28,PRKAB,KAP,TÜRK PRYSMİAN KABLO VE SİSTEMLERİ A.Ş. - Genel Kurul İşlemlerine İlişkin Bildirim,Genel Kurul İşlemlerine İlişkin Bildirim 2024 Yılı Olağan Genel Kurul Tescili,https://www.kap.org.tr/tr/Bildirim/1415460,tr,2025-03-28T22:46:57+00:00
2025-03-28,PRZMA,KAP,PRİZMA PRES MATBAACILIK YAYINCILIK SANAYİ VE TİCARET A.Ş. - Esas Sözleşme,Esas Sözleşme Güncel Esas Sözleşme,https://www.kap.org.tr/tr/Bildirim/1414712,tr,2025-03-28T17:03:05+00:00
2025-03-28,PRZMA,KAP,PRİZMA PRES MATBAACILIK YAYINCILIK SANAYİ VE TİCARET A.Ş. - Kayıtlı Sermaye Tavanı İşlemlerine İlişkin Bildirim,Kayıtlı Sermaye Tavanı İşlemlerine İlişkin Bildirim Kayıtlı Sermaye Tavanı Tescili,https://www.kap.org.tr/tr/Bildirim/1414631,tr,2025-03-28T16:30:57+00:00
2025-03-28,PRZMA,KAP,PRİZMA PRES MATBAACILIK YAYINCILIK SANAYİ VE TİCARET A.Ş. - Bağımsız Denetim Kuruluşunun Belirlenmesi,Bağımsız Denetim Kuruluşunun Belirlenmesi 2025 Yılı İçin Bağımsız Denetim Şirketi Seçiminin Tescili,https://www.kap.org.tr/tr/Bildirim/1414608,tr,2025-03-28T16:22:02+00:00
2025-03-28,PRZMA,KAP,PRİZMA PRES MATBAACILIK YAYINCILIK SANAYİ VE TİCARET A.Ş. - Genel Kurul İşlemlerine İlişkin Bildirim,Genel Kurul İşlemlerine İlişkin Bildirim 2024 Yılı Olağan Genel Kurul Toplantısı Sonuçlarının Tescili Hakkında,https://www.kap.org.tr/tr/Bildirim/1414587,tr,2025-03-28T16:16:27+00:00
2025-03-28,QNBFK,KAP,QNB FİNANSAL KİRALAMA A.Ş. - Kar Payı Dağıtım İşlemlerine İlişkin Bildirim,Kar Payı Dağıtım İşlemlerine İlişkin Bildirim 2024 yılı Kar Payı Dağıtımına İlişkin Genel Kurul Kararı,https://www.kap.org.tr/tr/Bildirim/1414345,tr,2025-03-28T14:46:27+00:00
2025-03-28,QNBFK,KAP,QNB FİNANSAL KİRALAMA A.Ş. - Genel Kurul İşlemlerine İlişkin Bildirim,Genel Kurul İşlemlerine İlişkin Bildirim 2024 Yılı Olağan Genel Kurul Toplantısı Sonucu,https://www.kap.org.tr/tr/Bildirim/1414318,tr,2025-03-28T14:17:37+00:00
2025-03-28,RALYH,KAP,RAL YATIRIM HOLDİNG A.Ş. - Kredi Derecelendirmesi,Kredi Derecelendirmesi Kredi Derecelendirmesi Hakkında,https://www.kap.org.tr/tr/Bildirim/1414909,tr,2025-03-28T18:15:37+00:00
2025-03-28,RALYH,KAP,RAL YATIRIM HOLDİNG A.Ş. - Özel Durum Açıklaması (Genel),Özel Durum Açıklaması (Genel) Şirketimiz ile ilgili son gelişmeler hakkında,https://www.kap.org.tr/tr/Bildirim/1414193,tr,2025-03-28T11:34:17+00:00
2025-03-28,RYGYO,KAP,REYSAŞ GAYRİMENKUL YATIRIM ORTAKLIĞI A.Ş. - Pay Alım Satım Bildirimi,Pay Alım Satım Bildirimi Pay Alımı Hk.,https://www.kap.org.tr/tr/Bildirim/1414331,tr,2025-03-28T14:39:51+00:00
2025-03-28,RYGYO,KAP,REYSAŞ GAYRİMENKUL YATIRIM ORTAKLIĞI A.Ş. - Maddi Duran Varlık Kiraya Verilmesi veya Ayni Hak Tesisi,Maddi Duran Varlık Kiraya Verilmesi veya Ayni Hak Tesisi Depo Kiralama Bildirimi (Güncelleme - Toplam Kira Bedeli Net Değer Olarak Düzeltilmiştir),https://www.kap.org.tr/tr/Bildirim/1414295,tr,2025-03-28T13:50:24+00:00
2025-03-28,RYGYO,KAP,REYSAŞ GAYRİMENKUL YATIRIM ORTAKLIĞI A.Ş. - Maddi Duran Varlık Kiraya Verilmesi veya Ayni Hak Tesisi,Maddi Duran Varlık Kiraya Verilmesi veya Ayni Hak Tesisi Depo Kiralama Bildirimi,https://www.kap.org.tr/tr/Bildirim/1414265,tr,2025-03-28T12:37:21+00:00
2025-03-28,SANEL,KAP,SAN-EL MÜHENDİSLİK ELEKTRİK TAAHHÜT SANAYİ VE TİCARET A.Ş. - Kurumsal Yönetim Bilgi Formu,Kurumsal Yönetim Bilgi Formu Kurumsal Yönetim Bilgi Formu,https://www.kap.org.tr/tr/Bildirim/1414064,tr,2025-03-28T03:28:37+00:00
2025-03-28,SEGYO,KAP,ŞEKER GAYRİMENKUL YATIRIM ORTAKLIĞI A.Ş. - Genel Kurul İşlemlerine İlişkin Bildirim,Genel Kurul İşlemlerine İlişkin Bildirim 2024 Yılı Olağan Genel Kurul Sonuçları Hakkında,https://www.kap.org.tr/tr/Bildirim/1414957,tr,2025-03-28T18:25:10+00:00
2025-03-28,SEGYO,KAP,ŞEKER GAYRİMENKUL YATIRIM ORTAKLIĞI A.Ş. - Kar Payı Dağıtım İşlemlerine İlişkin Bildirim,Kar Payı Dağıtım İşlemlerine İlişkin Bildirim 2024 Yılı Kar Payı Dağıtımına İlişkin Olağan Genel Kurul Toplantı Sonucu,https://www.kap.org.tr/tr/Bildirim/1414874,tr,2025-03-28T18:10:23+00:00
2025-03-28,SEGYO,KAP,ŞEKER GAYRİMENKUL YATIRIM ORTAKLIĞI A.Ş. - Bağımsız Denetim Kuruluşunun Belirlenmesi,Bağımsız Denetim Kuruluşunun Belirlenmesi 2025 Yılı İçin Belirlenen Bağımsız Denetim Şirketi Hakkında,https://www.kap.org.tr/tr/Bildirim/1414725,tr,2025-03-28T17:10:31+00:00
2025-03-28,SEGYO,KAP,ŞEKER GAYRİMENKUL YATIRIM ORTAKLIĞI A.Ş. - Genel Kurul İşlemlerine İlişkin Bildirim,Genel Kurul İşlemlerine İlişkin Bildirim 28.03.2025 tarihli 2024 Yılı Olağan Genel Kurul Hakkında Bilgilenidrme,https://www.kap.org.tr/tr/Bildirim/1414588,tr,2025-03-28T16:16:30+00:00
2025-03-28,SELVA,KAP,SELVA GIDA SANAYİ A.Ş. - Bağımsız Denetim Kuruluşunun Belirlenmesi,Bağımsız Denetim Kuruluşunun Belirlenmesi 2025 Yılı Bağımsız Denetim Şirketi Seçimi Hk.,https://www.kap.org.tr/tr/Bildirim/1415008,tr,2025-03-28T18:49:32+00:00
2025-03-28,SKYLP,KAP,SKYALP FİNANSAL TEKNOLOJİLER VE DANIŞMANLIK A.Ş. - Özel Durum Açıklaması (Genel),Özel Durum Açıklaması (Genel) Bağlı ortaklığımız İdeal Data Finansal Teknolojiler A.Ş. İştirakinin Hisse Devri hk.,https://www.kap.org.tr/tr/Bildirim/1414078,tr,2025-03-28T09:13:45+00:00
2025-03-28,SOKM,KAP,ŞOK MARKETLER TİCARET A.Ş. - Genel Kurul İşlemlerine İlişkin Bildirim,Genel Kurul İşlemlerine İlişkin Bildirim Olağan Genel Kurul İlanı Hk. - Düzeltme,https://www.kap.org.tr/tr/Bildirim/1414222,tr,2025-03-28T12:01:15+00:00
2025-03-28,SUNTK,KAP,SUN TEKSTİL SANAYİ VE TİCARET A.Ş. - Hak Kullanım Süreç İptal Bildirimi,Hak Kullanım Süreç İptal Bildirimi,https://www.kap.org.tr/tr/Bildirim/1415296,tr,2025-03-28T20:25:24+00:00
2025-03-28,SUNTK,KAP,SUN TEKSTİL SANAYİ VE TİCARET A.Ş. - Özel Durum Açıklaması (Genel),Özel Durum Açıklaması (Genel) Pay Geri Alım İptali,https://www.kap.org.tr/tr/Bildirim/1415262,tr,2025-03-28T20:04:18+00:00
2025-03-28,TARKM,KAP,TARKİM BİTKİ KORUMA SANAYİ VE TİCARET A.Ş. - Kredi Derecelendirmesi,Kredi Derecelendirmesi Kredi Derecelendirme Notu Hakkında,https://www.kap.org.tr/tr/Bildirim/1415132,tr,2025-03-28T19:29:41+00:00
2025-03-28,TATGD,KAP,TAT GIDA SANAYİ A.Ş. - Pay Alım Satım Bildirimi,Pay Alım Satım Bildirimi Memişoğlu Ltd.Şti. Pay Alım Bildirimi,https://www.kap.org.tr/tr/Bildirim/1414081,tr,2025-03-28T09:30:05+00:00
2025-03-28,TAVHL,KAP,TAV HAVALİMANLARI HOLDİNG A.Ş. - Bağımsız Denetim Kuruluşunun Belirlenmesi,Bağımsız Denetim Kuruluşunun Belirlenmesi Bağımsız Denetçi Seçimi,https://www.kap.org.tr/tr/Bildirim/1414842,tr,2025-03-28T17:41:03+00:00
2025-03-28,TAVHL,KAP,TAV HAVALİMANLARI HOLDİNG A.Ş. - Genel Kurul İşlemlerine İlişkin Bildirim,Genel Kurul İşlemlerine İlişkin Bildirim 2024 Olağan Genel Kurul Tescili,https://www.kap.org.tr/tr/Bildirim/1414822,tr,2025-03-28T17:36:18+00:00
2025-03-28,TCELL,KAP,TURKCELL İLETİŞİM HİZMETLERİ A.Ş. - Özel Durum Açıklaması (Genel),Özel Durum Açıklaması (Genel) Uzun vadeli kredi sözleşmesinin imzalanması,https://www.kap.org.tr/tr/Bildirim/1414322,tr,2025-03-28T14:24:07+00:00
2025-03-28,TCKRC,KAP,KIRAÇ GALVANİZ TELEKOMİNİKASYON METAL MAKİNE İNŞAAT ELEKTRİK SANAYİ VE TİCARET A.Ş. - Yeni İş İlişkisi,Yeni İş İlişkisi Solar Montaj Sistemleri Satışı,https://www.kap.org.tr/tr/Bildirim/1414910,tr,2025-03-28T18:15:39+00:00
2025-03-28,TEBFA,KAP,TEB FAKTORİNG A.Ş. - Genel Kurul Bildirimi,Genel Kurul Bildirimi TEB Faktoring A.Ş. Olağan Genel Kurul Toplantı Sonucu,https://www.kap.org.tr/tr/Bildirim/1414527,tr,2025-03-28T15:58:36+00:00
2025-03-28,TEHOL,KAP,PERA YATIRIM HOLDİNG A.Ş. - Esas Sözleşme Tadili,"Esas Sözleşme Tadili Şirketin Ünvanı, Amacı ve Faaliyet Konusu Değişikliğini İçeren Esas Sözleşme Tadili",https://www.kap.org.tr/tr/Bildirim/1415294,tr,2025-03-28T20:23:22+00:00
2025-03-28,TERA,KAP,TERA YATIRIM MENKUL DEĞERLER A.Ş. - Pay Dışında Sermaye Piyasası Aracı İşlemlerine İlişkin Bildirim (Faiz İçeren),"Pay Dışında Sermaye Piyasası Aracı İşlemlerine İlişkin Bildirim (Faiz İçeren) TRFTERA72514 ISIN kodlu 330.000.000TL bono ihracı, 3. kupon faiz oranı",https://www.kap.org.tr/tr/Bildirim/1414841,tr,2025-03-28T17:40:39+00:00
2025-03-28,TGB,KAP,TÜRKİYE GARANTİ BANKASI A.Ş. - Pay Dışında Sermaye Piyasası Aracı İşlemlerine İlişkin Bildirim (Faiz İçeren),Pay Dışında Sermaye Piyasası Aracı İşlemlerine İlişkin Bildirim (Faiz İçeren) Yurtdışı Piyasalara Tahvil İhracı SPK Onayı,https://www.kap.org.tr/tr/Bildirim/1414845,tr,2025-03-28T17:42:28+00:00
2025-03-28,TGB,KAP,TÜRKİYE GARANTİ BANKASI A.Ş. - Pay Dışında Sermaye Piyasası Aracı İşlemlerine İlişkin Bildirim (Faiz İçeren),Pay Dışında Sermaye Piyasası Aracı İşlemlerine İlişkin Bildirim (Faiz İçeren) Yurtdışı Piyasalara Tahvil İhracı SPK Onayı,https://www.kap.org.tr/tr/Bildirim/1414844,tr,2025-03-28T17:42:11+00:00
2025-03-28,TGB,KAP,TÜRKİYE GARANTİ BANKASI A.Ş. - Yatırım Kuruluşu Varant - Sertifika - Senetlerine İlişkin Bildirim,Yatırım Kuruluşu Varant - Sertifika - Senetlerine İlişkin Bildirim Yatırım Kuruluşu Varantları İtfa Fiyatları,https://www.kap.org.tr/tr/Bildirim/1414843,tr,2025-03-28T17:41:55+00:00
2025-03-28,TGB,KAP,TÜRKİYE GARANTİ BANKASI A.Ş. - Şirket Genel Bilgi Formu,Şirket Genel Bilgi Formu,https://www.kap.org.tr/tr/Bildirim/1414840,tr,2025-03-28T17:40:35+00:00
2025-03-28,THL,KAP,TÜRKİYE HALK BANKASI A.Ş. - Payların Geri Alınmasına İlişkin Bildirim,Payların Geri Alınmasına İlişkin Bildirim Pay Geri Alımı,https://www.kap.org.tr/tr/Bildirim/1414920,tr,2025-03-28T18:17:09+00:00
2025-03-28,THR,KAP,TÜRKİYE İHRACAT KREDİ BANKASI A.Ş. - Pay Dışında Sermaye Piyasası Aracı İşlemlerine İlişkin Bildirim (Faiz İçeren),Pay Dışında Sermaye Piyasası Aracı İşlemlerine İlişkin Bildirim (Faiz İçeren) GMTN programı çerçevesinde yurt dışında borçlanma aracı ihracı,https://www.kap.org.tr/tr/Bildirim/1414610,tr,2025-03-28T16:22:35+00:00
2025-03-28,THR,KAP,TÜRKİYE İHRACAT KREDİ BANKASI A.Ş. - Pay Dışında Sermaye Piyasası Aracı İşlemlerine İlişkin Bildirim (Faiz İçeren),Pay Dışında Sermaye Piyasası Aracı İşlemlerine İlişkin Bildirim (Faiz İçeren) GMTN programı çerçevesinde yurt dışında borçlanma aracı ihracı,https://www.kap.org.tr/tr/Bildirim/1414570,tr,2025-03-28T16:11:18+00:00
2025-03-28,THR,KAP,TÜRKİYE İHRACAT KREDİ BANKASI A.Ş. - Pay Dışında Sermaye Piyasası Aracı İşlemlerine İlişkin Bildirim (Faiz İçeren),Pay Dışında Sermaye Piyasası Aracı İşlemlerine İlişkin Bildirim (Faiz İçeren) GMTN programı çerçevesinde yurt dışında borçlanma aracı ihracı,https://www.kap.org.tr/tr/Bildirim/1414563,tr,2025-03-28T16:10:17+00:00
2025-03-28,THR,KAP,TÜRKİYE İHRACAT KREDİ BANKASI A.Ş. - Pay Dışında Sermaye Piyasası Aracı İşlemlerine İlişkin Bildirim (Faiz İçeren),Pay Dışında Sermaye Piyasası Aracı İşlemlerine İlişkin Bildirim (Faiz İçeren) GMTN programı çerçevesinde yurt dışında borçlanma aracı ihracı,https://www.kap.org.tr/tr/Bildirim/1414557,tr,2025-03-28T16:07:09+00:00
2025-03-28,THYAO,KAP,TÜRK HAVA YOLLARI A.O. - Özel Durum Açıklaması (Genel),Özel Durum Açıklaması (Genel) Türk Hava Yolları Elektronik Para ve Ödeme Hizmetleri A.Ş. (TKPAY)?ye Faaliyet İzni Verilmesi,https://www.kap.org.tr/tr/Bildirim/1414218,tr,2025-03-28T11:59:29+00:00
2025-03-28,TIB,KAP,TÜRKİYE İŞ BANKASI A.Ş. - Haber ve Söylentilere İlişkin Açıklama,Haber ve Söylentilere İlişkin Açıklama Bankamıza İlişkin Çeşitli Sosyal Medya Platformlarında Yayımlanan İddialar Hakkında,https://www.kap.org.tr/tr/Bildirim/1415517,tr,2025-03-28T23:58:36+00:00
2025-03-28,TIB,KAP,TÜRKİYE İŞ BANKASI A.Ş. - Özel Durum Açıklaması (Genel),Özel Durum Açıklaması (Genel) Bağlı Ortaklıklarımızdan Moka Ödeme ve Elektronik Para Kuruluşu A.Ş.'nin Birleşme İşleminin Tescili hakkında,https://www.kap.org.tr/tr/Bildirim/1414876,tr,2025-03-28T18:11:08+00:00
2025-03-28,TOASO,KAP,TOFAŞ TÜRK OTOMOBİL FABRİKASI A.Ş. - Kar Dağıtım Politikası,Kar Dağıtım Politikası Güncellenen Kâr Dağıtım Politikasının Genel Kurul Tarafından Onaylanması,https://www.kap.org.tr/tr/Bildirim/1414989,tr,2025-03-28T18:41:11+00:00
2025-03-28,TRA,KAP,TERA YATIRIM MENKUL DEĞERLER A.Ş. - Pay Dışında Sermaye Piyasası Aracı İşlemlerine İlişkin Bildirim (Faiz İçeren),"Pay Dışında Sermaye Piyasası Aracı İşlemlerine İlişkin Bildirim (Faiz İçeren) TRFTERA72514 ISIN kodlu 330.000.000TL bono ihracı, 3. kupon faiz oranı",https://www.kap.org.tr/tr/Bildirim/1414841,tr,2025-03-28T17:40:39+00:00
2025-03-28,TRGYO,KAP,TORUNLAR GAYRİMENKUL YATIRIM ORTAKLIĞI A.Ş. - Bağımsız Denetim Kuruluşunun Belirlenmesi,Bağımsız Denetim Kuruluşunun Belirlenmesi 01012025-31122025 dönemini kapsayan bağımsız denetim firmasının seçimi,https://www.kap.org.tr/tr/Bildirim/1414646,tr,2025-03-28T16:39:38+00:00
2025-03-28,TRHOL,KAP,DAGİ YATIRIM HOLDİNG A.Ş. - Payların Geri Alınmasına İlişkin Bildirim,Payların Geri Alınmasına İlişkin Bildirim 28.03.2025 Tarihli Pay Geri Alım İşlemleri,https://www.kap.org.tr/tr/Bildirim/1414979,tr,2025-03-28T18:38:58+00:00
2025-03-28,TUREX,KAP,TUREKS TURİZM TAŞIMACILIK A.Ş. - Sermaye Artırımı - Azaltımı İşlemlerine İlişkin Bildirim,Sermaye Artırımı - Azaltımı İşlemlerine İlişkin Bildirim Bedelsiz Sermaye Arttırımı SPK Onayı,https://www.kap.org.tr/tr/Bildirim/1414959,tr,2025-03-28T18:27:58+00:00
2025-03-28,TV8TV,KAP,TV8 TV YAYINCILIK A.Ş. - İhraç Tavanına İlişkin Bildirim,İhraç Tavanına İlişkin Bildirim Borçlanma Aracı İhracına İlişkin Yönetim Kurulu Kararı,https://www.kap.org.tr/tr/Bildirim/1415443,tr,2025-03-28T22:34:17+00:00
2025-03-28,TVB,KAP,TÜRKİYE VAKIFLAR BANKASI T.A.O. - Payların Geri Alınmasına İlişkin Bildirim,Payların Geri Alınmasına İlişkin Bildirim Pay Alım Bildirimi,https://www.kap.org.tr/tr/Bildirim/1414929,tr,2025-03-28T18:19:34+00:00
2025-03-28,TVB,KAP,TÜRKİYE VAKIFLAR BANKASI T.A.O. - Pay Dışında Sermaye Piyasası Aracı İşlemlerine İlişkin Bildirim (Faiz İçeren),Pay Dışında Sermaye Piyasası Aracı İşlemlerine İlişkin Bildirim (Faiz İçeren) Nitelikli Yatırımcılara Finansman Bonosu İhracının Tamamlanması,https://www.kap.org.tr/tr/Bildirim/1414310,tr,2025-03-28T14:09:00+00:00
2025-03-28,TVB,KAP,TÜRKİYE VAKIFLAR BANKASI T.A.O. - Pay Dışında Sermaye Piyasası Aracı İşlemlerine İlişkin Bildirim (Faiz İçeren),Pay Dışında Sermaye Piyasası Aracı İşlemlerine İlişkin Bildirim (Faiz İçeren) TRFVKFB32530 ISIN kodlu T. Vakıflar Bankası T.A.O. Finansman Bonosunun İtfası,https://www.kap.org.tr/tr/Bildirim/1414136,tr,2025-03-28T10:38:39+00:00
2025-03-28,TVB,KAP,TÜRKİYE VAKIFLAR BANKASI T.A.O. - Şirket Genel Bilgi Formu,Şirket Genel Bilgi Formu,https://www.kap.org.tr/tr/Bildirim/1414134,tr,2025-03-28T10:34:27+00:00
2025-03-28,UNLU,KAP,ÜNLÜ YATIRIM HOLDİNG A.Ş. - Payların Geri Alınmasına İlişkin Bildirim,Payların Geri Alınmasına İlişkin Bildirim 28.03.2025 Tarihli Pay Geri Alım İşlemleri,https://www.kap.org.tr/tr/Bildirim/1414886,tr,2025-03-28T18:12:26+00:00
2025-03-28,VAKBN,KAP,TÜRKİYE VAKIFLAR BANKASI T.A.O. - Payların Geri Alınmasına İlişkin Bildirim,Payların Geri Alınmasına İlişkin Bildirim Pay Alım Bildirimi,https://www.kap.org.tr/tr/Bildirim/1414929,tr,2025-03-28T18:19:34+00:00
2025-03-28,VAKBN,KAP,TÜRKİYE VAKIFLAR BANKASI T.A.O. - Pay Dışında Sermaye Piyasası Aracı İşlemlerine İlişkin Bildirim (Faiz İçeren),Pay Dışında Sermaye Piyasası Aracı İşlemlerine İlişkin Bildirim (Faiz İçeren) Nitelikli Yatırımcılara Finansman Bonosu İhracının Tamamlanması,https://www.kap.org.tr/tr/Bildirim/1414310,tr,2025-03-28T14:09:00+00:00
2025-03-28,VAKBN,KAP,TÜRKİYE VAKIFLAR BANKASI T.A.O. - Pay Dışında Sermaye Piyasası Aracı İşlemlerine İlişkin Bildirim (Faiz İçeren),Pay Dışında Sermaye Piyasası Aracı İşlemlerine İlişkin Bildirim (Faiz İçeren) TRFVKFB32530 ISIN kodlu T. Vakıflar Bankası T.A.O. Finansman Bonosunun İtfası,https://www.kap.org.tr/tr/Bildirim/1414136,tr,2025-03-28T10:38:39+00:00
2025-03-28,VAKBN,KAP,TÜRKİYE VAKIFLAR BANKASI T.A.O. - Şirket Genel Bilgi Formu,Şirket Genel Bilgi Formu,https://www.kap.org.tr/tr/Bildirim/1414134,tr,2025-03-28T10:34:27+00:00
2025-03-28,VAKFN,KAP,VAKIF FİNANSAL KİRALAMA A.Ş. - Bağımsız Denetim Kuruluşunun Belirlenmesi,Bağımsız Denetim Kuruluşunun Belirlenmesi Bağımsız Denetim Firması Seçimi Hk.,https://www.kap.org.tr/tr/Bildirim/1414827,tr,2025-03-28T17:37:04+00:00
2025-03-28,VAKFN,KAP,VAKIF FİNANSAL KİRALAMA A.Ş. - Kar Payı Dağıtım İşlemlerine İlişkin Bildirim,Kar Payı Dağıtım İşlemlerine İlişkin Bildirim 2024 Yılı Kar Dağımı ile ilgili Yönetim Kurulu Kararı,https://www.kap.org.tr/tr/Bildirim/1414820,tr,2025-03-28T17:36:09+00:00
2025-03-28,VAKFN,KAP,VAKIF FİNANSAL KİRALAMA A.Ş. - Genel Kurul İşlemlerine İlişkin Bildirim,Genel Kurul İşlemlerine İlişkin Bildirim Vakıf Finansal Kiralama A.Ş. Olağan Genel Kurul Toplantı Çağrısı ve Gündemi Hakkında,https://www.kap.org.tr/tr/Bildirim/1414791,tr,2025-03-28T17:30:40+00:00
2025-03-28,VAKFN,KAP,VAKIF FİNANSAL KİRALAMA A.Ş. - İhraç Tavanına İlişkin Bildirim,İhraç Tavanına İlişkin Bildirim Borçlanma aracı ihracına yönelik Sermaye Piyasası Kuruluna başvuru,https://www.kap.org.tr/tr/Bildirim/1414227,tr,2025-03-28T12:04:22+00:00
2025-03-28,VANGD,KAP,VANET GIDA SANAYİ İÇ VE DIŞ TİCARET A.Ş. - Bağımsız Denetim Kuruluşunun Belirlenmesi,Bağımsız Denetim Kuruluşunun Belirlenmesi Bağımsız Denetim Kuruluşu Belirlenmesi Hakkında,https://www.kap.org.tr/tr/Bildirim/1415518,tr,2025-03-28T23:59:05+00:00
2025-03-28,VBTYZ,KAP,VBT YAZILIM A.Ş. - Kayıtlı Sermaye Tavanı İşlemlerine İlişkin Bildirim,"Kayıtlı Sermaye Tavanı İşlemlerine İlişkin Bildirim ESAS SÖZLEŞME TADİL METNİ TİCARET BAKANLIĞI ONAYI HAKKINDA,",https://www.kap.org.tr/tr/Bildirim/1414779,tr,2025-03-28T17:28:00+00:00
2025-03-28,VBTYZ,KAP,VBT YAZILIM A.Ş. - Bağımsız Denetim Kuruluşunun Belirlenmesi,"Bağımsız Denetim Kuruluşunun Belirlenmesi BAĞIMSIZ DENETİM ŞİRKETİ SEÇİM HAKKINDA,",https://www.kap.org.tr/tr/Bildirim/1414762,tr,2025-03-28T17:19:58+00:00
2025-03-28,VBTYZ,KAP,VBT YAZILIM A.Ş. - Kar Payı Dağıtım İşlemlerine İlişkin Bildirim,"Kar Payı Dağıtım İşlemlerine İlişkin Bildirim 2024 YILI KAR PAYI DAĞITIM İŞLEMLERİ HAKKINDA,",https://www.kap.org.tr/tr/Bildirim/1414760,tr,2025-03-28T17:19:20+00:00
2025-03-28,VBTYZ,KAP,VBT YAZILIM A.Ş. - Genel Kurul İşlemlerine İlişkin Bildirim,"Genel Kurul İşlemlerine İlişkin Bildirim 2024 YILI OLAĞAN GENEL KURUL TOPLANTISI HAKKINDA,",https://www.kap.org.tr/tr/Bildirim/1414758,tr,2025-03-28T17:18:32+00:00
2025-03-28,VERUS,KAP,VERUSA HOLDİNG A.Ş. - Şirket Genel Bilgi Formu,Şirket Genel Bilgi Formu,https://www.kap.org.tr/tr/Bildirim/1415444,tr,2025-03-28T22:34:46+00:00
2025-03-28,VESBE,KAP,VESTEL BEYAZ EŞYA SANAYİ VE TİCARET A.Ş. - Özel Durum Açıklaması (Genel),Özel Durum Açıklaması (Genel) Esas Sözleşme Tadili,https://www.kap.org.tr/tr/Bildirim/1415377,tr,2025-03-28T21:03:21+00:00
2025-03-28,VESTL,KAP,VESTEL ELEKTRONİK SANAYİ VE TİCARET A.Ş. - Özel Durum Açıklaması (Genel),Özel Durum Açıklaması (Genel) Esas Sözleşme Tadili,https://www.kap.org.tr/tr/Bildirim/1415378,tr,2025-03-28T21:04:30+00:00
2025-03-28,VKFYO,KAP,VAKIF MENKUL KIYMET YATIRIM ORTAKLIĞI A.Ş. - Özel Durum Açıklaması (Genel),"Özel Durum Açıklaması (Genel) Şirketimizin BİAŞ'da oluşan ağırlıklı ortalama fiyatın, pay başına net aktif değerin 2 katını aşması sebebiyle yapılan açıklamadır",https://www.kap.org.tr/tr/Bildirim/1414770,tr,2025-03-28T17:22:53+00:00
2025-03-28,VSNMD,KAP,VİŞNE MADENCİLİK ÜRETİM SANAYİ VE TİCARET A.Ş. - Kurumsal Yönetim Bilgi Formu (Güncelleme) - Yönetim Kurulu-2,Kurumsal Yönetim Bilgi Formu (Güncelleme) - Yönetim Kurulu-2 2024 Kurumsal Yönetim Bilgi Formu Güncelleme,https://www.kap.org.tr/tr/Bildirim/1414628,tr,2025-03-28T16:30:23+00:00
2025-03-28,VSNMD,KAP,VİŞNE MADENCİLİK ÜRETİM SANAYİ VE TİCARET A.Ş. - Yönetim Kurulu Komiteleri,Yönetim Kurulu Komiteleri Yönetim Kurulu Komite Üyeliklerinin Belirlenmesi,https://www.kap.org.tr/tr/Bildirim/1414625,tr,2025-03-28T16:29:52+00:00
2025-03-28,VSNMD,KAP,VİŞNE MADENCİLİK ÜRETİM SANAYİ VE TİCARET A.Ş. - Şirket Genel Bilgi Formu,Şirket Genel Bilgi Formu,https://www.kap.org.tr/tr/Bildirim/1414624,tr,2025-03-28T16:29:24+00:00
2025-03-28,YATVK,KAP,YATIRIM VARLIK KİRALAMA A.Ş. - Pay Dışında Sermaye Piyasası Aracı İşlemlerine İlişkin Bildirim (Faizsiz),Pay Dışında Sermaye Piyasası Aracı İşlemlerine İlişkin Bildirim (Faizsiz) TRDYVKS32514 ISIN Kodlu Yurtiçi Kira Sertifikası İtfa ve Getiri Ödeme İşlemi Hk. MPARK,https://www.kap.org.tr/tr/Bildirim/1414157,tr,2025-03-28T10:53:12+00:00
2025-03-28,YEOTK,KAP,YEO TEKNOLOJİ ENERJİ VE ENDÜSTRİ A.Ş. - Yeni İş İlişkisi,Yeni İş İlişkisi Yeni iş ilişkisi. AKSEN,https://www.kap.org.tr/tr/Bildirim/1414070,tr,2025-03-28T09:00:55+00:00
2025-03-28,YKB,KAP,YAPI VE KREDİ BANKASI A.Ş. - Pay Dışında Sermaye Piyasası Aracı İşlemlerine İlişkin Bildirim (Faiz İçeren),Pay Dışında Sermaye Piyasası Aracı İşlemlerine İlişkin Bildirim (Faiz İçeren) Yurtdışında borçlanma aracı ihracının tamamlanması,https://www.kap.org.tr/tr/Bildirim/1414511,tr,2025-03-28T15:52:09+00:00
2025-03-28,YKB,KAP,YAPI VE KREDİ BANKASI A.Ş. - Pay Dışında Sermaye Piyasası Aracı İşlemlerine İlişkin Bildirim (Faiz İçeren),Pay Dışında Sermaye Piyasası Aracı İşlemlerine İlişkin Bildirim (Faiz İçeren) Yurtdışında ihraç edilen borçlanma aracının itfası,https://www.kap.org.tr/tr/Bildirim/1414509,tr,2025-03-28T15:51:44+00:00
2025-03-28,YKBNK,KAP,YAPI VE KREDİ BANKASI A.Ş. - Pay Dışında Sermaye Piyasası Aracı İşlemlerine İlişkin Bildirim (Faiz İçeren),Pay Dışında Sermaye Piyasası Aracı İşlemlerine İlişkin Bildirim (Faiz İçeren) Yurtdışında borçlanma aracı ihracının tamamlanması,https://www.kap.org.tr/tr/Bildirim/1414511,tr,2025-03-28T15:52:09+00:00
2025-03-28,YKBNK,KAP,YAPI VE KREDİ BANKASI A.Ş. - Pay Dışında Sermaye Piyasası Aracı İşlemlerine İlişkin Bildirim (Faiz İçeren),Pay Dışında Sermaye Piyasası Aracı İşlemlerine İlişkin Bildirim (Faiz İçeren) Yurtdışında ihraç edilen borçlanma aracının itfası,https://www.kap.org.tr/tr/Bildirim/1414509,tr,2025-03-28T15:51:44+00:00
2025-03-28,YUNSA,KAP,YÜNSA YÜNLÜ SANAYİ VE TİCARET A.Ş. - Kredi Derecelendirmesi,Kredi Derecelendirmesi Kredi Derecelendirme,https://www.kap.org.tr/tr/Bildirim/1414977,tr,2025-03-28T18:38:27+00:00
2025-03-29,KLKIM,KAP,KALEKİM KİMYEVİ MADDELER SANAYİ VE TİCARET A.Ş. - Özel Durum Açıklaması (Genel),Özel Durum Açıklaması (Genel) Bağımsız Yönetim Kurulu Üyesi Adaylarının SPK Uygunluk Onayı Hakkında.,https://www.kap.org.tr/tr/Bildirim/1415529,tr,2025-03-29T00:08:12+00:00
2025-03-29,MEPET,KAP,MEPET METRO PETROL VE TESİSLERİ SANAYİ TİCARET A.Ş. - Bağımsız Denetim Kuruluşunun Belirlenmesi,Bağımsız Denetim Kuruluşunun Belirlenmesi Bağımsız Denetim Kuruluşu Belirlenmesi Hakkında,https://www.kap.org.tr/tr/Bildirim/1415527,tr,2025-03-29T00:04:32+00:00
2025-03-29,ORMA,KAP,ORMA ORMAN MAHSÜLLERİ İNTEGRE SANAYİ VE TİCARET A.Ş. - Kar Payı Dağıtım İşlemlerine İlişkin Bildirim,Kar Payı Dağıtım İşlemlerine İlişkin Bildirim Genel Kurul Onayına sunulacak Yönetim kurulu Kar dağıtım teklifi,https://www.kap.org.tr/tr/Bildirim/1415823,tr,2025-03-29T18:23:04+00:00
2025-03-29,ORMA,KAP,ORMA ORMAN MAHSÜLLERİ İNTEGRE SANAYİ VE TİCARET A.Ş. - Bağımsız Denetim Kuruluşunun Belirlenmesi,Bağımsız Denetim Kuruluşunun Belirlenmesi Bağımsız Denetim Kuruluşunun Belirlenmesi,https://www.kap.org.tr/tr/Bildirim/1415822,tr,2025-03-29T18:22:07+00:00
2025-03-29,ORMA,KAP,ORMA ORMAN MAHSÜLLERİ İNTEGRE SANAYİ VE TİCARET A.Ş. - Genel Kurul İşlemlerine İlişkin Bildirim,Genel Kurul İşlemlerine İlişkin Bildirim 2024 Olağan Genel Kurul Tarih ve Gündemi,https://www.kap.org.tr/tr/Bildirim/1415821,tr,2025-03-29T18:21:46+00:00
2025-03-29,POLHO,KAP,POLİSAN HOLDİNG A.Ş. - Bölünme İşlemlerine İlişkin Bildirim,"Bölünme İşlemlerine İlişkin Bildirim Şirketimizin, Rohm and Haas Kimyasal Ürünler Dağıtım ve Tic. A.Ş., Polisan Kansai Boya ve Sanayi Tic. A.Ş.?de sahip olduğu payların ortaklara pay devri modeliyle kısmi bölünmesi hakkında",https://www.kap.org.tr/tr/Bildirim/1415610,tr,2025-03-29T02:25:57+00:00
2025-03-29,POLHO,KAP,POLİSAN HOLDİNG A.Ş. - Sermaye Artırımı - Azaltımı İşlemlerine İlişkin Bildirim,Sermaye Artırımı - Azaltımı İşlemlerine İlişkin Bildirim Bedelsiz Sermaye Artırımına İlişkin Yönetim Kurulu Kararı,https://www.kap.org.tr/tr/Bildirim/1415578,tr,2025-03-29T01:33:43+00:00
2025-03-29,PRKAB,KAP,TÜRK PRYSMİAN KABLO VE SİSTEMLERİ A.Ş. - Kurumsal Yönetim Bilgi Formu (Güncelleme) - Yönetim Kurulu-1,Kurumsal Yönetim Bilgi Formu (Güncelleme) - Yönetim Kurulu-1 Kurumsal Yönetim Bilgi Formu-Yönetim Kurulu- I,https://www.kap.org.tr/tr/Bildirim/1415519,tr,2025-03-29T00:00:27+00:00
2025-03-29,TRKNT,KAP,TURKNET İLETİŞİM HİZMETLERİ A.Ş. - Sorumluluk Beyanı (Konsolide Olmayan),Sorumluluk Beyanı (Konsolide Olmayan) Sorumluluk Beyanı,https://www.kap.org.tr/tr/Bildirim/1415604,tr,2025-03-29T02:21:53+00:00
2025-03-29,TRKNT,KAP,TURKNET İLETİŞİM HİZMETLERİ A.Ş. - Faaliyet Raporu (Konsolide Olmayan),Faaliyet Raporu (Konsolide Olmayan) Faaliyet Raporu,https://www.kap.org.tr/tr/Bildirim/1415603,tr,2025-03-29T02:21:41+00:00
2025-03-29,TRKNT,KAP,TURKNET İLETİŞİM HİZMETLERİ A.Ş. - Finansal Rapor,Finansal Rapor,https://www.kap.org.tr/tr/Bildirim/1415602,tr,2025-03-29T02:21:30+00:00
2025-03-29,USAK,KAP,UŞAK SERAMİK SANAYİ A.Ş. - Şirket Genel Bilgi Formu,Şirket Genel Bilgi Formu,https://www.kap.org.tr/tr/Bildirim/1415667,tr,2025-03-29T12:41:49+00:00
2025-03-29,VESBE,KAP,VESTEL BEYAZ EŞYA SANAYİ VE TİCARET A.Ş. - Kredi Derecelendirmesi,Kredi Derecelendirmesi Vestel Beyaz Eşya Sanayi ve Ticaret AŞ Kredi Derecelendirme Notu Hakkında,https://www.kap.org.tr/tr/Bildirim/1415820,tr,2025-03-29T17:18:08+00:00
2025-03-29,VESTL,KAP,VESTEL ELEKTRONİK SANAYİ VE TİCARET A.Ş. - Kredi Derecelendirmesi,Kredi Derecelendirmesi Vestel Elektronik Sanayi ve Ticaret AŞ Kredi Derecelendirme Notu Hakkında,https://www.kap.org.tr/tr/Bildirim/1415819,tr,2025-03-29T17:16:57+00:00
2025-03-31,BRISA,KAP,BRİSA BRİDGESTONE SABANCI LASTİK SANAYİ VE TİCARET A.Ş. - Kurumsal Yönetim Bilgi Formu (Güncelleme) - Pay Sahipleri,Kurumsal Yönetim Bilgi Formu (Güncelleme) - Pay Sahipleri Pay Sahipleri & Genel Kurul Toplantıları Güncelleme,https://www.kap.org.tr/tr/Bildirim/1415869,tr,2025-03-31T14:57:17+00:00
2025-03-31,BRISA,KAP,BRİSA BRİDGESTONE SABANCI LASTİK SANAYİ VE TİCARET A.Ş. - Kurumsal Yönetim Bilgi Formu (Güncelleme) - Yönetim Kurulu-2,Kurumsal Yönetim Bilgi Formu (Güncelleme) - Yönetim Kurulu-2 Yönetim Kurulu Komitelerinde Güncelleme,https://www.kap.org.tr/tr/Bildirim/1415868,tr,2025-03-31T14:57:01+00:00
2025-03-31,BRISA,KAP,BRİSA BRİDGESTONE SABANCI LASTİK SANAYİ VE TİCARET A.Ş. - Şirket Genel Bilgi Formu,Şirket Genel Bilgi Formu,https://www.kap.org.tr/tr/Bildirim/1415867,tr,2025-03-31T14:56:28+00:00
2025-03-31,BRISA,KAP,BRİSA BRİDGESTONE SABANCI LASTİK SANAYİ VE TİCARET A.Ş. - Yönetim Kurulu Komiteleri,Yönetim Kurulu Komiteleri Kurumsal Yönetim Komitesi Üye Değişikliği,https://www.kap.org.tr/tr/Bildirim/1415866,tr,2025-03-31T14:56:14+00:00
2025-03-31,BRISA,KAP,BRİSA BRİDGESTONE SABANCI LASTİK SANAYİ VE TİCARET A.Ş. - Özel Durum Açıklaması (Genel),Özel Durum Açıklaması (Genel) Yönetim Kurulu Üye Değişikliği,https://www.kap.org.tr/tr/Bildirim/1415865,tr,2025-03-31T14:56:01+00:00
2025-03-31,FIN,KAP,QNB BANK A.Ş. - Pay Dışında Sermaye Piyasası Aracı İşlemlerine İlişkin Bildirim (Faiz İçeren),Pay Dışında Sermaye Piyasası Aracı İşlemlerine İlişkin Bildirim (Faiz İçeren) MTN programı kapsamında yurtdışında ihraç edilen borçlanma aracının itfası,https://www.kap.org.tr/tr/Bildirim/1415864,tr,2025-03-31T12:44:39+00:00
2025-03-31,GLCVY,KAP,GELECEK VARLIK YÖNETİMİ A.Ş. - Genel Kurul İşlemlerine İlişkin Bildirim,Genel Kurul İşlemlerine İlişkin Bildirim 2024 Olağan Genel Kurul Bilgilendirme Dokümanı,https://www.kap.org.tr/tr/Bildirim/1415871,tr,2025-03-31T23:53:11+00:00
2025-03-31,QNBTR,KAP,QNB BANK A.Ş. - Pay Dışında Sermaye Piyasası Aracı İşlemlerine İlişkin Bildirim (Faiz İçeren),Pay Dışında Sermaye Piyasası Aracı İşlemlerine İlişkin Bildirim (Faiz İçeren) MTN programı kapsamında yurtdışında ihraç edilen borçlanma aracının itfası,https://www.kap.org.tr/tr/Bildirim/1415864,tr,2025-03-31T12:44:39+00:00
