date,ticker,source,title,text,url,language,published_at
2025-12-22,ACSEL,KAP,ACISELSAN ACIPAYAM SELÜLOZ SANAYİ VE TİCARET A.Ş. - Özel Durum Açıklaması (Genel),Özel Durum Açıklaması (Genel) Yeni Dönem Toplu İş Sözleşmesi Görüşmelerine Başlanması Hakkında,https://www.kap.org.tr/tr/Bildirim/1528700,tr,2025-12-22T18:42:59+00:00
2025-12-22,AKBNK,KAP,AKBANK T.A.Ş. - Pay Dışında Sermaye Piyasası Aracı İşlemlerine İlişkin Bildirim (Faiz İçeren),Pay Dışında Sermaye Piyasası Aracı İşlemlerine İlişkin Bildirim (Faiz İçeren) Yurtdışı Piyasalara Tahvil İhracı,https://www.kap.org.tr/tr/Bildirim/1528592,tr,2025-12-22T17:20:59+00:00
2025-12-22,AKBNK,KAP,AKBANK T.A.Ş. - Pay Dışında Sermaye Piyasası Aracı İşlemlerine İlişkin Bildirim (Faiz İçeren),Pay Dışında Sermaye Piyasası Aracı İşlemlerine İlişkin Bildirim (Faiz İçeren) Yurtdışı Piyasalara Tahvil İhracı,https://www.kap.org.tr/tr/Bildirim/1528590,tr,2025-12-22T17:20:44+00:00
2025-12-22,AKFIS,KAP,AKFEN İNŞAAT TURİZM VE TİCARET A.Ş. - Payların Geri Alınmasına İlişkin Bildirim,Payların Geri Alınmasına İlişkin Bildirim 22.12.2025 Tarihli Pay Geri Alım İşlemleri ve Pay Geri Alım Programının Tamamlanması Hk.,https://www.kap.org.tr/tr/Bildirim/1528746,tr,2025-12-22T21:17:55+00:00
2025-12-22,AKGRT,KAP,AKSİGORTA A.Ş. - Özel Durum Açıklaması (Genel),Özel Durum Açıklaması (Genel) Organizasyonel Değişiklik AGESA,https://www.kap.org.tr/tr/Bildirim/1528654,tr,2025-12-22T18:11:14+00:00
2025-12-22,ATATP,KAP,ATP YAZILIM VE TEKNOLOJİ A.Ş. - Özel Durum Açıklaması (Genel),Özel Durum Açıklaması (Genel) Bağlı Ortaklığımız ATP Capital'in Yatırım Kararı Hakkında,https://www.kap.org.tr/tr/Bildirim/1528675,tr,2025-12-22T18:19:25+00:00
2025-12-22,BORLS,KAP,BORLEASE OTOMOTİV A.Ş. - Özel Durum Açıklaması (Genel),Özel Durum Açıklaması (Genel) Yönetim Kurulu Üyesi Atanması Hk.,https://www.kap.org.tr/tr/Bildirim/1528670,tr,2025-12-22T18:16:23+00:00
2025-12-22,BORSK,KAP,BOR ŞEKER A.Ş. - Esas Sözleşme,Esas Sözleşme Esas Sözleşme,https://www.kap.org.tr/tr/Bildirim/1528584,tr,2025-12-22T17:08:42+00:00
2025-12-22,CWENE,KAP,CW ENERJİ MÜHENDİSLİK TİCARET VE SANAYİ A.Ş. - Özel Durum Açıklaması (Genel),Özel Durum Açıklaması (Genel) UL 61730 ve CSA C22.2 No.61730 Sertifikaları Hakkında,https://www.kap.org.tr/tr/Bildirim/1528697,tr,2025-12-22T18:38:22+00:00
2025-12-22,DGRVK,KAP,DEĞER VARLIK KİRALAMA A.Ş. - İhraç Belgesi,İhraç Belgesi Kira Sertifikası İhraç Tavan Onayı Hk.,https://www.kap.org.tr/tr/Bildirim/1528724,tr,2025-12-22T18:58:53+00:00
2025-12-22,DGRVK,KAP,DEĞER VARLIK KİRALAMA A.Ş. - İhraç Tavanına İlişkin Bildirim,İhraç Tavanına İlişkin Bildirim Kira Sertifikası İhraç Tavan Onayı Hk.,https://www.kap.org.tr/tr/Bildirim/1528723,tr,2025-12-22T18:58:08+00:00
2025-12-22,EKOS,KAP,EKOS TEKNOLOJİ VE ELEKTRİK A.Ş. - Sermaye Artırımı - Azaltımı İşlemlerine İlişkin Bildirim,Sermaye Artırımı - Azaltımı İşlemlerine İlişkin Bildirim SPK Onaylı İhraç Belgesi ve Esas Sözleşme Tadili,https://www.kap.org.tr/tr/Bildirim/1528582,tr,2025-12-22T17:06:37+00:00
2025-12-22,ESCAR,KAP,ESCAR FİLO KİRALAMA HİZMETLERİ A.Ş. - Payların Geri Alınmasına İlişkin Bildirim,Payların Geri Alınmasına İlişkin Bildirim 22.12.2025 Tarihli Pay Geri Alım İşlemleri,https://www.kap.org.tr/tr/Bildirim/1528747,tr,2025-12-22T21:55:33+00:00
2025-12-22,FRIGO,KAP,FRİGO-PAK GIDA MADDELERİ SANAYİ VE TİCARET A.Ş. - Yeni İş İlişkisi,Yeni İş İlişkisi Yeni İş İlişkisi Hk.,https://www.kap.org.tr/tr/Bildirim/1528727,tr,2025-12-22T19:10:07+00:00
2025-12-22,GLRMK,KAP,GÜLERMAK AĞIR SANAYİ İNŞAAT VE TAAHHÜT A.Ş. - Finansal Duran Varlık Edinimi,"Finansal Duran Varlık Edinimi Orrön Klein Teetzleben AGRI-PV GmbH, Orrön Javenitz Agri-PV GmbH ve Orrön Trebenow Agri-PV GmbH şirketlerinin paylarının %100'ünün satın alnması",https://www.kap.org.tr/tr/Bildirim/1528740,tr,2025-12-22T20:55:04+00:00
2025-12-22,GLYHO,KAP,GLOBAL YATIRIM HOLDİNG A.Ş. - Özel Durum Açıklaması (Genel),Özel Durum Açıklaması (Genel) Bağlı ortaklığın sermaye artırımına iştirak edilmesi hk.,https://www.kap.org.tr/tr/Bildirim/1528681,tr,2025-12-22T18:23:03+00:00
2025-12-22,GLYHO,KAP,GLOBAL YATIRIM HOLDİNG A.Ş. - Özel Durum Açıklaması (Genel),Özel Durum Açıklaması (Genel) Yolcu İstatistikleri,https://www.kap.org.tr/tr/Bildirim/1528676,tr,2025-12-22T18:21:27+00:00
2025-12-22,GOLTS,KAP,GÖLTAŞ GÖLLER BÖLGESİ ÇİMENTO SANAYİ VE TİCARET A.Ş. - Özel Durum Açıklaması (Genel),Özel Durum Açıklaması (Genel) Toplu İş Sözleşmesi Görüşmelerine Başlanması,https://www.kap.org.tr/tr/Bildirim/1528634,tr,2025-12-22T17:48:55+00:00
2025-12-22,HLGYO,KAP,HALK GAYRİMENKUL YATIRIM ORTAKLIĞI A.Ş. - Kayıtlı Sermaye Tavanı İşlemlerine İlişkin Bildirim,Kayıtlı Sermaye Tavanı İşlemlerine İlişkin Bildirim Kayıtlı Sermaye Tavanının Yükseltilmesi ve Tavan Geçerlilik Süresinin Uzatılmasına İlişkin SPK Onayı,https://www.kap.org.tr/tr/Bildirim/1528728,tr,2025-12-22T19:10:43+00:00
2025-12-22,HLGYO,KAP,HALK GAYRİMENKUL YATIRIM ORTAKLIĞI A.Ş. - Değerleme Raporu,Değerleme Raporu Beyoğlu Otel Binası 2025 Yılsonu Değerleme Raporu,https://www.kap.org.tr/tr/Bildirim/1528667,tr,2025-12-22T18:15:36+00:00
2025-12-22,HTTBT,KAP,HİTİT BİLGİSAYAR HİZMETLERİ A.Ş. - Yeni İş İlişkisi,Yeni İş İlişkisi FlyGabon?nun Hitit Bilgisayar Hizmetleri A.Ş.nin yazılım çözümlerini kullanmaya başlaması,https://www.kap.org.tr/tr/Bildirim/1528722,tr,2025-12-22T18:56:51+00:00
2025-12-22,HUNER,KAP,HUN YENİLENEBİLİR ENERJİ ÜRETİM A.Ş. - Faaliyetlerin Kısmen veya Tamamen Durdurulması ya da İmkansız Hale Gelmesi,Faaliyetlerin Kısmen veya Tamamen Durdurulması ya da İmkansız Hale Gelmesi Erzurum İli Bağbaşı HES'e İlişkin ÇED Süreci Kapsamında Faaliyetlerin Geçici Olarak Durdurulması Hakkında,https://www.kap.org.tr/tr/Bildirim/1528688,tr,2025-12-22T18:32:59+00:00
2025-12-22,INVEO,KAP,INVEO YATIRIM HOLDİNG A.Ş. - Pay Dışında Sermaye Piyasası Aracı İşlemlerine İlişkin Bildirim (Faiz İçeren),Pay Dışında Sermaye Piyasası Aracı İşlemlerine İlişkin Bildirim (Faiz İçeren) Finansman Bonosu Kupon Faiz Oranı Hk. GEDIK,https://www.kap.org.tr/tr/Bildirim/1528587,tr,2025-12-22T17:15:22+00:00
2025-12-22,ISYAT,KAP,İŞ YATIRIM ORTAKLIĞI A.Ş. - Haftalık Rapor,Haftalık Rapor 19.12.2025 Tarihli Haftalık Rapor,https://www.kap.org.tr/tr/Bildirim/1528598,tr,2025-12-22T17:24:53+00:00
2025-12-22,KAYSE,KAP,KAYSERİ ŞEKER FABRİKASI A.Ş. - Sorumluluk Beyanı (Konsolide),Sorumluluk Beyanı (Konsolide) 01.05.2025-31.10.2025 Sorumluluk Beyanı,https://www.kap.org.tr/tr/Bildirim/1528745,tr,2025-12-22T21:01:48+00:00
2025-12-22,KAYSE,KAP,KAYSERİ ŞEKER FABRİKASI A.Ş. - Faaliyet Raporu (Konsolide),Faaliyet Raporu (Konsolide) Faaliyet Raporu - 01.05.2025-31.10.2025,https://www.kap.org.tr/tr/Bildirim/1528744,tr,2025-12-22T21:01:39+00:00
2025-12-22,KAYSE,KAP,KAYSERİ ŞEKER FABRİKASI A.Ş. - Finansal Rapor,Finansal Rapor,https://www.kap.org.tr/tr/Bildirim/1528743,tr,2025-12-22T21:01:26+00:00
2025-12-22,KAYSE,KAP,KAYSERİ ŞEKER FABRİKASI A.Ş. - Şirket Genel Bilgi Formu,Şirket Genel Bilgi Formu,https://www.kap.org.tr/tr/Bildirim/1528742,tr,2025-12-22T21:01:09+00:00
2025-12-22,KLYPV,KAP,KALYON GÜNEŞ TEKNOLOJİLERİ ÜRETİM A.Ş. - Payların Geri Alınmasına İlişkin Bildirim,Payların Geri Alınmasına İlişkin Bildirim 22.12.2025 tarihli Pay Geri Alım İşlemi,https://www.kap.org.tr/tr/Bildirim/1528749,tr,2025-12-22T22:13:40+00:00
2025-12-22,KONTR,KAP,KONTROLMATİK TEKNOLOJİ ENERJİ VE MÜHENDİSLİK A.Ş. - Şirket Genel Bilgi Formu,Şirket Genel Bilgi Formu,https://www.kap.org.tr/tr/Bildirim/1528736,tr,2025-12-22T20:09:24+00:00
2025-12-22,KONTR,KAP,KONTROLMATİK TEKNOLOJİ ENERJİ VE MÜHENDİSLİK A.Ş. - Özel Durum Açıklaması (Genel),Özel Durum Açıklaması (Genel) Yatırımcı İlişkileri Departman Yapılanması EMKEL,https://www.kap.org.tr/tr/Bildirim/1528734,tr,2025-12-22T19:53:40+00:00
2025-12-22,KOTON,KAP,KOTON MAĞAZACILIK TEKSTİL SANAYİ VE TİCARET A.Ş. - Özel Durum Açıklaması (Genel),Özel Durum Açıklaması (Genel) GCC/Körfez Bölgesi'nde Genişleme Planı Kapsamında Açılan Mağazalar,https://www.kap.org.tr/tr/Bildirim/1528729,tr,2025-12-22T19:13:48+00:00
2025-12-22,KRDMA,KAP,KARDEMİR KARABÜK DEMİR ÇELİK SANAYİ VE TİCARET A.Ş. - Şirket Genel Bilgi Formu,Şirket Genel Bilgi Formu,https://www.kap.org.tr/tr/Bildirim/1528638,tr,2025-12-22T17:51:43+00:00
2025-12-22,KRDMB,KAP,KARDEMİR KARABÜK DEMİR ÇELİK SANAYİ VE TİCARET A.Ş. - Şirket Genel Bilgi Formu,Şirket Genel Bilgi Formu,https://www.kap.org.tr/tr/Bildirim/1528638,tr,2025-12-22T17:51:43+00:00
2025-12-22,KRDMD,KAP,KARDEMİR KARABÜK DEMİR ÇELİK SANAYİ VE TİCARET A.Ş. - Şirket Genel Bilgi Formu,Şirket Genel Bilgi Formu,https://www.kap.org.tr/tr/Bildirim/1528638,tr,2025-12-22T17:51:43+00:00
2025-12-22,KTSKR,KAP,KÜTAHYA ŞEKER FABRİKASI A.Ş. - Kar Payı Dağıtım İşlemlerine İlişkin Bildirim,Kar Payı Dağıtım İşlemlerine İlişkin Bildirim 2024 Yılı Kar Dağıtım Tarihinin Belirlenmesi,https://www.kap.org.tr/tr/Bildirim/1528696,tr,2025-12-22T18:35:19+00:00
2025-12-22,LKMNH,KAP,LOKMAN HEKİM ENGÜRÜSAĞ SAĞLIK TURİZM EĞİTİM HİZMETLERİ VE İNŞAAT TAAHHÜT A.Ş. - Payların Geri Alınmasına İlişkin Bildirim,Payların Geri Alınmasına İlişkin Bildirim Hisse Geri Alımı,https://www.kap.org.tr/tr/Bildirim/1528718,tr,2025-12-22T18:46:52+00:00
2025-12-22,MAALT,KAP,MARMARİS ALTINYUNUS TURİSTİK TESİSLER A.Ş. - Sermaye Artırımı - Azaltımı İşlemlerine İlişkin Bildirim,Sermaye Artırımı - Azaltımı İşlemlerine İlişkin Bildirim Tahsisli Sermaye Artırımında Payların Satışının Tamamlanması KCHOL,https://www.kap.org.tr/tr/Bildirim/1528725,tr,2025-12-22T19:03:12+00:00
2025-12-22,MARBL,KAP,TUREKS TURUNÇ MADENCİLİK İÇ VE DIŞ TİCARET A.Ş. - Özel Durum Açıklaması (Genel),Özel Durum Açıklaması (Genel) Mermer Ruhsat Sahaları,https://www.kap.org.tr/tr/Bildirim/1528678,tr,2025-12-22T18:22:17+00:00
2025-12-22,MEDTR,KAP,MEDİTERA TIBBİ MALZEME SANAYİ VE TİCARET A.Ş. - Şirket Genel Bilgi Formu,Şirket Genel Bilgi Formu,https://www.kap.org.tr/tr/Bildirim/1528605,tr,2025-12-22T17:32:00+00:00
2025-12-22,MEDTR,KAP,MEDİTERA TIBBİ MALZEME SANAYİ VE TİCARET A.Ş. - Finansal Duran Varlık Edinimi,Finansal Duran Varlık Edinimi Altera Medikal Pay Satın Alımı Hk.,https://www.kap.org.tr/tr/Bildirim/1528604,tr,2025-12-22T17:31:53+00:00
2025-12-22,MERKO,KAP,MERKO GIDA SANAYİ VE TİCARET A.Ş. - Payların Geri Alınmasına İlişkin Bildirim,Payların Geri Alınmasına İlişkin Bildirim Pay Geri Alımı Hk.,https://www.kap.org.tr/tr/Bildirim/1528733,tr,2025-12-22T19:38:47+00:00
2025-12-22,MRGYO,KAP,MARTI GAYRİMENKUL YATIRIM ORTAKLIĞI A.Ş. - Şirket Genel Bilgi Formu,Şirket Genel Bilgi Formu,https://www.kap.org.tr/tr/Bildirim/1528741,tr,2025-12-22T20:57:16+00:00
2025-12-22,NTGAZ,KAP,NATURELGAZ SANAYİ VE TİCARET A.Ş. - Özel Durum Açıklaması (Genel),Özel Durum Açıklaması (Genel) Trakyagaz İhalesi Sözleşme İmzası,https://www.kap.org.tr/tr/Bildirim/1528684,tr,2025-12-22T18:26:07+00:00
2025-12-22,NURVK,KAP,NUROL VARLIK KİRALAMA A.Ş. - Pay Dışında Sermaye Piyasası Aracı İşlemlerine İlişkin Bildirim (Faizsiz),Pay Dışında Sermaye Piyasası Aracı İşlemlerine İlişkin Bildirim (Faizsiz) TRDNVKA92717 ISIN Kodlu Kira Sertifikasının 1. Kupon Oranının Belirlenmesi,https://www.kap.org.tr/tr/Bildirim/1528674,tr,2025-12-22T18:18:08+00:00
2025-12-22,OFSYM,KAP,OFİS YEM GIDA SANAYİ TİCARET A.Ş. - İhraç Tavanına İlişkin Bildirim,İhraç Tavanına İlişkin Bildirim Borçlanma aracı ihraç tavanına ilişkin Yönetim Kurulu kararı,https://www.kap.org.tr/tr/Bildirim/1528660,tr,2025-12-22T18:13:44+00:00
2025-12-22,ONCSM,KAP,ONCOSEM ONKOLOJİK SİSTEMLER SANAYİ VE TİCARET A.Ş. - Özel Durum Açıklaması (Genel),Özel Durum Açıklaması (Genel) Yatırımcı İlişkileri Yönetici Ataması,https://www.kap.org.tr/tr/Bildirim/1528609,tr,2025-12-22T17:35:11+00:00
2025-12-22,OYA,KAP,OYAK YATIRIM MENKUL DEĞERLER A.Ş. - Piyasa Yapıcılığı Kapsamında Gerçekleştirilen İşlemler Bildirimi,Piyasa Yapıcılığı Kapsamında Gerçekleştirilen İşlemler Bildirimi 22/12/2025 TARİHLİ OYAYO PİYASA YAPICILIĞI İŞLEMLERİ OYAYO,https://www.kap.org.tr/tr/Bildirim/1528685,tr,2025-12-22T18:29:22+00:00
2025-12-22,OYYAT,KAP,OYAK YATIRIM MENKUL DEĞERLER A.Ş. - Piyasa Yapıcılığı Kapsamında Gerçekleştirilen İşlemler Bildirimi,Piyasa Yapıcılığı Kapsamında Gerçekleştirilen İşlemler Bildirimi 22/12/2025 TARİHLİ OYAYO PİYASA YAPICILIĞI İŞLEMLERİ OYAYO,https://www.kap.org.tr/tr/Bildirim/1528685,tr,2025-12-22T18:29:22+00:00
2025-12-22,PEKGY,KAP,PEKER GAYRİMENKUL YATIRIM ORTAKLIĞI A.Ş. - Şirket Genel Bilgi Formu,Şirket Genel Bilgi Formu,https://www.kap.org.tr/tr/Bildirim/1528731,tr,2025-12-22T19:17:52+00:00
2025-12-22,PEKGY,KAP,PEKER GAYRİMENKUL YATIRIM ORTAKLIĞI A.Ş. - Şirket Merkezi Değişikliği,Şirket Merkezi Değişikliği Şirket Merkezi Değişikliği,https://www.kap.org.tr/tr/Bildirim/1528730,tr,2025-12-22T19:17:45+00:00
2025-12-22,SAMAT,KAP,SARAY MATBAACILIK KAĞITÇILIK KIRTASİYECİLİK TİCARET VE SANAYİ A.Ş. - Kayıtlı Sermaye Tavanı İşlemlerine İlişkin Bildirim,Kayıtlı Sermaye Tavanı İşlemlerine İlişkin Bildirim Kayıtlı Sermaye Artırımı Başvurumuzun Onaylanması Hakkında,https://www.kap.org.tr/tr/Bildirim/1528748,tr,2025-12-22T22:01:17+00:00
2025-12-22,SANFM,KAP,SANİFOAM ENDÜSTRİ VE TÜKETİM ÜRÜNLERİ SANAYİ TİCARET A.Ş. - Özel Durum Açıklaması (Genel),Özel Durum Açıklaması (Genel) Sürdürülebilir ve Hafifletilmiş Yeni Ürün AR-GE Süreci Hakkında,https://www.kap.org.tr/tr/Bildirim/1528655,tr,2025-12-22T18:11:22+00:00
2025-12-22,SEK,KAP,ŞEKERBANK T.A.Ş. - İhraç Belgesi,İhraç Belgesi İhraç Tavanına İlişkin SPK Onaylı İhraç Belgesi Hk.,https://www.kap.org.tr/tr/Bildirim/1528683,tr,2025-12-22T18:23:46+00:00
2025-12-22,SEK,KAP,ŞEKERBANK T.A.Ş. - İhraç Tavanına İlişkin Bildirim,İhraç Tavanına İlişkin Bildirim Borçlanma aracı ihraç edilmesine ilişkin Sermaye Piyasası Kurulu onayı,https://www.kap.org.tr/tr/Bildirim/1528679,tr,2025-12-22T18:22:22+00:00
2025-12-22,SKBNK,KAP,ŞEKERBANK T.A.Ş. - İhraç Belgesi,İhraç Belgesi İhraç Tavanına İlişkin SPK Onaylı İhraç Belgesi Hk.,https://www.kap.org.tr/tr/Bildirim/1528683,tr,2025-12-22T18:23:46+00:00
2025-12-22,SKBNK,KAP,ŞEKERBANK T.A.Ş. - İhraç Tavanına İlişkin Bildirim,İhraç Tavanına İlişkin Bildirim Borçlanma aracı ihraç edilmesine ilişkin Sermaye Piyasası Kurulu onayı,https://www.kap.org.tr/tr/Bildirim/1528679,tr,2025-12-22T18:22:22+00:00
2025-12-22,TAVHL,KAP,TAV HAVALİMANLARI HOLDİNG A.Ş. - Şirket Genel Bilgi Formu,Şirket Genel Bilgi Formu,https://www.kap.org.tr/tr/Bildirim/1528726,tr,2025-12-22T19:08:53+00:00
2025-12-22,TEKTU,KAP,TEK-ART İNŞAAT TİCARET TURİZM SANAYİ VE YATIRIMLAR A.Ş. - Özel Durum Açıklaması (Genel),Özel Durum Açıklaması (Genel) ÖZEL DURUM AÇIKLAMASI HAKKINDA,https://www.kap.org.tr/tr/Bildirim/1528738,tr,2025-12-22T20:27:04+00:00
2025-12-22,TOASO,KAP,TOFAŞ TÜRK OTOMOBİL FABRİKASI A.Ş. - Şirket Genel Bilgi Formu,Şirket Genel Bilgi Formu,https://www.kap.org.tr/tr/Bildirim/1528682,tr,2025-12-22T18:23:28+00:00
2025-12-22,TRMEN,KAP,TRIVE YATIRIM MENKUL DEĞERLER A.Ş. - Pay Dışında Sermaye Piyasası Aracı İşlemlerine İlişkin Bildirim (Faiz İçeren),Pay Dışında Sermaye Piyasası Aracı İşlemlerine İlişkin Bildirim (Faiz İçeren) TRFISKMA2514 ISIN Kodlu Bono İtfası,https://www.kap.org.tr/tr/Bildirim/1528680,tr,2025-12-22T18:22:25+00:00
2025-12-22,TRMEN,KAP,TRIVE YATIRIM MENKUL DEĞERLER A.Ş. - Pay Dışında Sermaye Piyasası Aracı İşlemlerine İlişkin Bildirim (Faiz İçeren),Pay Dışında Sermaye Piyasası Aracı İşlemlerine İlişkin Bildirim (Faiz İçeren) TRFISKMA2522 ISIN Kodlu Bono İtfası,https://www.kap.org.tr/tr/Bildirim/1528677,tr,2025-12-22T18:21:47+00:00
2025-12-22,TVB,KAP,TÜRKİYE VAKIFLAR BANKASI T.A.O. - İhraç Tavanına İlişkin Bildirim,İhraç Tavanına İlişkin Bildirim Borçlanma Aracı İhraç Limitine İlişkin SPK Başvurusu,https://www.kap.org.tr/tr/Bildirim/1528637,tr,2025-12-22T17:50:39+00:00
2025-12-22,TVB,KAP,TÜRKİYE VAKIFLAR BANKASI T.A.O. - İhraç Tavanına İlişkin Bildirim,İhraç Tavanına İlişkin Bildirim Yeşil / Sürdürülebilir Borçlanma Aracı İhraç Limiti SPK Başvurusu,https://www.kap.org.tr/tr/Bildirim/1528636,tr,2025-12-22T17:50:11+00:00
2025-12-22,TVM,KAP,TRIVE YATIRIM MENKUL DEĞERLER A.Ş. - Pay Dışında Sermaye Piyasası Aracı İşlemlerine İlişkin Bildirim (Faiz İçeren),Pay Dışında Sermaye Piyasası Aracı İşlemlerine İlişkin Bildirim (Faiz İçeren) TRFISKMA2514 ISIN Kodlu Bono İtfası,https://www.kap.org.tr/tr/Bildirim/1528680,tr,2025-12-22T18:22:25+00:00
2025-12-22,TVM,KAP,TRIVE YATIRIM MENKUL DEĞERLER A.Ş. - Pay Dışında Sermaye Piyasası Aracı İşlemlerine İlişkin Bildirim (Faiz İçeren),Pay Dışında Sermaye Piyasası Aracı İşlemlerine İlişkin Bildirim (Faiz İçeren) TRFISKMA2522 ISIN Kodlu Bono İtfası,https://www.kap.org.tr/tr/Bildirim/1528677,tr,2025-12-22T18:21:47+00:00
2025-12-22,VAKBN,KAP,TÜRKİYE VAKIFLAR BANKASI T.A.O. - İhraç Tavanına İlişkin Bildirim,İhraç Tavanına İlişkin Bildirim Borçlanma Aracı İhraç Limitine İlişkin SPK Başvurusu,https://www.kap.org.tr/tr/Bildirim/1528637,tr,2025-12-22T17:50:39+00:00
2025-12-22,VAKBN,KAP,TÜRKİYE VAKIFLAR BANKASI T.A.O. - İhraç Tavanına İlişkin Bildirim,İhraç Tavanına İlişkin Bildirim Yeşil / Sürdürülebilir Borçlanma Aracı İhraç Limiti SPK Başvurusu,https://www.kap.org.tr/tr/Bildirim/1528636,tr,2025-12-22T17:50:11+00:00
2025-12-22,VKFYO,KAP,VAKIF MENKUL KIYMET YATIRIM ORTAKLIĞI A.Ş. - Haftalık Rapor,Haftalık Rapor 19.12.2025 Tarihli Haftalık Rapor,https://www.kap.org.tr/tr/Bildirim/1528720,tr,2025-12-22T18:51:53+00:00
2025-12-22,VKFYO,KAP,VAKIF MENKUL KIYMET YATIRIM ORTAKLIĞI A.Ş. - Özel Durum Açıklaması (Genel),"Özel Durum Açıklaması (Genel) Şirketimizin BİAŞ'da oluşan ağırlıklı ortalama fiyatın, pay başına net aktif değerin 2 katını aşması sebebiyle yapılan açıklamadır.",https://www.kap.org.tr/tr/Bildirim/1528719,tr,2025-12-22T18:51:19+00:00
2025-12-22,YBTAS,KAP,YİBİTAŞ YOZGAT İŞÇİ BİRLİĞİ İNŞAAT MALZEMELERİ TİCARET VE SANAYİ A.Ş. - Özel Durum Açıklaması (Genel),Özel Durum Açıklaması (Genel) Grup Toplu İş Sözleşmesi Hk.,https://www.kap.org.tr/tr/Bildirim/1528732,tr,2025-12-22T19:33:50+00:00
2025-12-22,YKB,KAP,YAPI VE KREDİ BANKASI A.Ş. - Pay Dışında Sermaye Piyasası Aracı İşlemlerine İlişkin Bildirim (Faiz İçeren),Pay Dışında Sermaye Piyasası Aracı İşlemlerine İlişkin Bildirim (Faiz İçeren) Yurtdışında borçlanma aracı ihracının tamamlanması,https://www.kap.org.tr/tr/Bildirim/1528666,tr,2025-12-22T18:15:20+00:00
2025-12-22,YKB,KAP,YAPI VE KREDİ BANKASI A.Ş. - Ortaklık Aleyhine Dava Açılması veya Davaya İlişkin Gelişmeler,Ortaklık Aleyhine Dava Açılması veya Davaya İlişkin Gelişmeler Genel kurul kararı aleyhine açılan dava hk.,https://www.kap.org.tr/tr/Bildirim/1528665,tr,2025-12-22T18:15:09+00:00
2025-12-22,YKBNK,KAP,YAPI VE KREDİ BANKASI A.Ş. - Pay Dışında Sermaye Piyasası Aracı İşlemlerine İlişkin Bildirim (Faiz İçeren),Pay Dışında Sermaye Piyasası Aracı İşlemlerine İlişkin Bildirim (Faiz İçeren) Yurtdışında borçlanma aracı ihracının tamamlanması,https://www.kap.org.tr/tr/Bildirim/1528666,tr,2025-12-22T18:15:20+00:00
2025-12-22,YKBNK,KAP,YAPI VE KREDİ BANKASI A.Ş. - Ortaklık Aleyhine Dava Açılması veya Davaya İlişkin Gelişmeler,Ortaklık Aleyhine Dava Açılması veya Davaya İlişkin Gelişmeler Genel kurul kararı aleyhine açılan dava hk.,https://www.kap.org.tr/tr/Bildirim/1528665,tr,2025-12-22T18:15:09+00:00
2025-12-22,ZRGYO,KAP,ZİRAAT GAYRİMENKUL YATIRIM ORTAKLIĞI A.Ş. - Değerleme Raporu,Değerleme Raporu Şanlıurfa Otel Binası Yıl Sonu Değerleme Raporu,https://www.kap.org.tr/tr/Bildirim/1528646,tr,2025-12-22T17:58:00+00:00
2025-12-22,ZRGYO,KAP,ZİRAAT GAYRİMENKUL YATIRIM ORTAKLIĞI A.Ş. - Değerleme Raporu,Değerleme Raporu Sultanbeyli Battalgazi Projesi Yıl Sonu Değerleme Raporu,https://www.kap.org.tr/tr/Bildirim/1528645,tr,2025-12-22T17:57:51+00:00
2025-12-22,ZRGYO,KAP,ZİRAAT GAYRİMENKUL YATIRIM ORTAKLIĞI A.Ş. - Değerleme Raporu,Değerleme Raporu Mecidiyeköy Binası Yıl Sonu Değerleme Raporu,https://www.kap.org.tr/tr/Bildirim/1528644,tr,2025-12-22T17:57:41+00:00
2025-12-22,ZRGYO,KAP,ZİRAAT GAYRİMENKUL YATIRIM ORTAKLIĞI A.Ş. - Değerleme Raporu,Değerleme Raporu Taksim Binası Yıl Sonu Değerleme Raporu,https://www.kap.org.tr/tr/Bildirim/1528643,tr,2025-12-22T17:57:32+00:00
2025-12-22,ZRGYO,KAP,ZİRAAT GAYRİMENKUL YATIRIM ORTAKLIĞI A.Ş. - Değerleme Raporu,Değerleme Raporu Antalya Binası Yıl Sonu Değerleme Raporu,https://www.kap.org.tr/tr/Bildirim/1528642,tr,2025-12-22T17:57:23+00:00
2025-12-22,ZRGYO,KAP,ZİRAAT GAYRİMENKUL YATIRIM ORTAKLIĞI A.Ş. - Değerleme Raporu,Değerleme Raporu Bahçekapı Binası Yıl Sonu Değerleme Raporu,https://www.kap.org.tr/tr/Bildirim/1528641,tr,2025-12-22T17:57:07+00:00
2025-12-23,A1CAP,KAP,A1 CAPİTAL YATIRIM MENKUL DEĞERLER A.Ş. - Fiyat Tespit Raporuna İlişkin Analist Raporu (Halka Arza Aracılık Eden Kuruluş Tarafından Hazırlanan),Fiyat Tespit Raporuna İlişkin Analist Raporu (Halka Arza Aracılık Eden Kuruluş Tarafından Hazırlanan) BULGS Halka Arz Fiyat Tespit Raporuna İlişkin 2. Değerlendirme Raporu BULGS,https://www.kap.org.tr/tr/Bildirim/1528808,tr,2025-12-23T10:22:27+00:00
2025-12-23,ACP,KAP,A1 CAPİTAL YATIRIM MENKUL DEĞERLER A.Ş. - Fiyat Tespit Raporuna İlişkin Analist Raporu (Halka Arza Aracılık Eden Kuruluş Tarafından Hazırlanan),Fiyat Tespit Raporuna İlişkin Analist Raporu (Halka Arza Aracılık Eden Kuruluş Tarafından Hazırlanan) BULGS Halka Arz Fiyat Tespit Raporuna İlişkin 2. Değerlendirme Raporu BULGS,https://www.kap.org.tr/tr/Bildirim/1528808,tr,2025-12-23T10:22:27+00:00
2025-12-23,ACSEL,KAP,ACISELSAN ACIPAYAM SELÜLOZ SANAYİ VE TİCARET A.Ş. - Şirket Genel Bilgi Formu,Şirket Genel Bilgi Formu,https://www.kap.org.tr/tr/Bildirim/1529068,tr,2025-12-23T18:54:43+00:00
2025-12-23,ACSEL,KAP,ACISELSAN ACIPAYAM SELÜLOZ SANAYİ VE TİCARET A.Ş. - Özel Durum Açıklaması (Genel),Özel Durum Açıklaması (Genel) Yatırımcı İlişkileri Bölüm Yöneticisi Ataması,https://www.kap.org.tr/tr/Bildirim/1529067,tr,2025-12-23T18:54:27+00:00
2025-12-23,ADEL,KAP,ADEL KALEMCİLİK TİCARET VE SANAYİ A.Ş. - Şirket Genel Bilgi Formu,Şirket Genel Bilgi Formu,https://www.kap.org.tr/tr/Bildirim/1529051,tr,2025-12-23T18:25:28+00:00
2025-12-23,AFB,KAP,AKTİF YATIRIM BANKASI A.Ş. - Pay Dışında Sermaye Piyasası Aracı İşlemlerine İlişkin Bildirim (Faiz İçeren),Pay Dışında Sermaye Piyasası Aracı İşlemlerine İlişkin Bildirim (Faiz İçeren) Kupon Ödemesi,https://www.kap.org.tr/tr/Bildirim/1528775,tr,2025-12-23T09:56:54+00:00
2025-12-23,AKBNK,KAP,AKBANK T.A.Ş. - Pay Dışında Sermaye Piyasası Aracı İşlemlerine İlişkin Bildirim (Faiz İçeren),Pay Dışında Sermaye Piyasası Aracı İşlemlerine İlişkin Bildirim (Faiz İçeren) XS2566874884 ISIN Kodlu Yeşil/Sürdürülebilir Temalı Tahvilin İtfası,https://www.kap.org.tr/tr/Bildirim/1529010,tr,2025-12-23T17:59:09+00:00
2025-12-23,AKBNK,KAP,AKBANK T.A.Ş. - Pay Dışında Sermaye Piyasası Aracı İşlemlerine İlişkin Bildirim (Faiz İçeren),Pay Dışında Sermaye Piyasası Aracı İşlemlerine İlişkin Bildirim (Faiz İçeren) XS2560028685 ISIN Kodlu Yeşil/Sürdürülebilir Temalı Tahvilin İtfası,https://www.kap.org.tr/tr/Bildirim/1529008,tr,2025-12-23T17:58:39+00:00
2025-12-23,AKBNK,KAP,AKBANK T.A.Ş. - Pay Dışında Sermaye Piyasası Aracı İşlemlerine İlişkin Bildirim (Faiz İçeren),Pay Dışında Sermaye Piyasası Aracı İşlemlerine İlişkin Bildirim (Faiz İçeren) XS3101396961 ISIN Kodlu Yurtdışı Piyasalara İhraç Edilen Tahvilin Kupon Ödemesi,https://www.kap.org.tr/tr/Bildirim/1529007,tr,2025-12-23T17:58:23+00:00
2025-12-23,AKBNK,KAP,AKBANK T.A.Ş. - Pay Dışında Sermaye Piyasası Aracı İşlemlerine İlişkin Bildirim (Faiz İçeren),Pay Dışında Sermaye Piyasası Aracı İşlemlerine İlişkin Bildirim (Faiz İçeren) Yurtdışı Piyasalara Tahvil İhracı,https://www.kap.org.tr/tr/Bildirim/1529006,tr,2025-12-23T17:58:07+00:00
2025-12-23,AKBNK,KAP,AKBANK T.A.Ş. - Pay Dışında Sermaye Piyasası Aracı İşlemlerine İlişkin Bildirim (Faiz İçeren),Pay Dışında Sermaye Piyasası Aracı İşlemlerine İlişkin Bildirim (Faiz İçeren) Yurtdışı Piyasalara Tahvil İhracı,https://www.kap.org.tr/tr/Bildirim/1529005,tr,2025-12-23T17:57:50+00:00
2025-12-23,AKFGY,KAP,AKFEN GAYRİMENKUL YATIRIM ORTAKLIĞI A.Ş. - Maddi Duran Varlık Alımı,Maddi Duran Varlık Alımı Kocaeli/Gebze Arsa Alımı,https://www.kap.org.tr/tr/Bildirim/1529065,tr,2025-12-23T18:47:46+00:00
2025-12-23,AKFGY,KAP,AKFEN GAYRİMENKUL YATIRIM ORTAKLIĞI A.Ş. - Maddi Duran Varlık Alımı,Maddi Duran Varlık Alımı Kocaeli/Gebze Arsa Alımı,https://www.kap.org.tr/tr/Bildirim/1528910,tr,2025-12-23T15:16:31+00:00
2025-12-23,AKM,KAP,AK YATIRIM MENKUL DEĞERLER A.Ş. - Pay Dışında Sermaye Piyasası Aracı İşlemlerine İlişkin Bildirim (Faiz İçeren),Pay Dışında Sermaye Piyasası Aracı İşlemlerine İlişkin Bildirim (Faiz İçeren) Nitelikli Yatırımcıya Borçlanma Aracı İtfa ve Kupon Ödemesi,https://www.kap.org.tr/tr/Bildirim/1528840,tr,2025-12-23T11:22:21+00:00
2025-12-23,AKM,KAP,AK YATIRIM MENKUL DEĞERLER A.Ş. - Pay Dışında Sermaye Piyasası Aracı İşlemlerine İlişkin Bildirim (Faiz İçeren),Pay Dışında Sermaye Piyasası Aracı İşlemlerine İlişkin Bildirim (Faiz İçeren) Nitelikli Yatırımcıya Borçlanma Aracı İhracı,https://www.kap.org.tr/tr/Bildirim/1528833,tr,2025-12-23T11:13:15+00:00
2025-12-23,AKMEN,KAP,AK YATIRIM MENKUL DEĞERLER A.Ş. - Pay Dışında Sermaye Piyasası Aracı İşlemlerine İlişkin Bildirim (Faiz İçeren),Pay Dışında Sermaye Piyasası Aracı İşlemlerine İlişkin Bildirim (Faiz İçeren) Nitelikli Yatırımcıya Borçlanma Aracı İtfa ve Kupon Ödemesi,https://www.kap.org.tr/tr/Bildirim/1528840,tr,2025-12-23T11:22:21+00:00
2025-12-23,AKMEN,KAP,AK YATIRIM MENKUL DEĞERLER A.Ş. - Pay Dışında Sermaye Piyasası Aracı İşlemlerine İlişkin Bildirim (Faiz İçeren),Pay Dışında Sermaye Piyasası Aracı İşlemlerine İlişkin Bildirim (Faiz İçeren) Nitelikli Yatırımcıya Borçlanma Aracı İhracı,https://www.kap.org.tr/tr/Bildirim/1528833,tr,2025-12-23T11:13:15+00:00
2025-12-23,AKSEN,KAP,AKSA ENERJİ ÜRETİM A.Ş. - Özel Durum Açıklaması (Genel),Özel Durum Açıklaması (Genel) Mersin Depolamalı Rüzgar Enerjisi Santrali?ne İlişkin Tedarik Sözleşmesi Hakkında,https://www.kap.org.tr/tr/Bildirim/1528751,tr,2025-12-23T08:29:08+00:00
2025-12-23,AKTIF,KAP,AKTİF YATIRIM BANKASI A.Ş. - Pay Dışında Sermaye Piyasası Aracı İşlemlerine İlişkin Bildirim (Faiz İçeren),Pay Dışında Sermaye Piyasası Aracı İşlemlerine İlişkin Bildirim (Faiz İçeren) Kupon Ödemesi,https://www.kap.org.tr/tr/Bildirim/1528775,tr,2025-12-23T09:56:54+00:00
2025-12-23,ALNUS,KAP,ALNUS YATIRIM MENKUL DEĞERLER A.Ş. - Pay Dışında Sermaye Piyasası Aracı İşlemlerine İlişkin Bildirim (Faiz İçeren),Pay Dışında Sermaye Piyasası Aracı İşlemlerine İlişkin Bildirim (Faiz İçeren) TRFSRMD32624 ISIN Kodlu Finansman Bonosu Satışının Tamamlanması,https://www.kap.org.tr/tr/Bildirim/1528828,tr,2025-12-23T11:02:07+00:00
2025-12-23,ANC,KAP,ALNUS YATIRIM MENKUL DEĞERLER A.Ş. - Pay Dışında Sermaye Piyasası Aracı İşlemlerine İlişkin Bildirim (Faiz İçeren),Pay Dışında Sermaye Piyasası Aracı İşlemlerine İlişkin Bildirim (Faiz İçeren) TRFSRMD32624 ISIN Kodlu Finansman Bonosu Satışının Tamamlanması,https://www.kap.org.tr/tr/Bildirim/1528828,tr,2025-12-23T11:02:07+00:00
2025-12-23,ARASE,KAP,DOĞU ARAS ENERJİ YATIRIMLARI A.Ş. - Özel Durum Açıklaması (Genel),Özel Durum Açıklaması (Genel) Şirketimizin Bağlı Ortaklığı Aras Elektrik Dağıtım A.Ş Firmasının Halka Arzı Hakk.,https://www.kap.org.tr/tr/Bildirim/1529042,tr,2025-12-23T18:16:49+00:00
2025-12-23,ATAVK,KAP,ATA VARLIK KİRALAMA A.Ş. - Pay Dışında Sermaye Piyasası Aracı İşlemlerine İlişkin Bildirim (Faizsiz),Pay Dışında Sermaye Piyasası Aracı İşlemlerine İlişkin Bildirim (Faizsiz) TRDATAV62627 ISIN Kodlu Yurtiçi Kira Sertifikası İhracının Satışının Tamamlanması Hk.,https://www.kap.org.tr/tr/Bildirim/1528754,tr,2025-12-23T08:53:02+00:00
2025-12-23,AVGYO,KAP,AVRASYA GAYRİMENKUL YATIRIM ORTAKLIĞI A.Ş. - Geri Alınan Payların Elden Çıkarılması,Geri Alınan Payların Elden Çıkarılması Geri Alınan Payların Elden Çıkarılması,https://www.kap.org.tr/tr/Bildirim/1529080,tr,2025-12-23T19:14:25+00:00
2025-12-23,BAKAB,KAP,BAK AMBALAJ SANAYİ VE TİCARET A.Ş. - Kredi Derecelendirmesi,Kredi Derecelendirmesi Kredi Derecelendirme Notu,https://www.kap.org.tr/tr/Bildirim/1529046,tr,2025-12-23T18:20:35+00:00
2025-12-23,BJKAS,KAP,BEŞİKTAŞ FUTBOL YATIRIMLARI SANAYİ VE TİCARET A.Ş. - Pay Satış Bilgi Formu,Pay Satış Bilgi Formu Pay Satış Bilgi Formu SPK Başvurusu Hk.,https://www.kap.org.tr/tr/Bildirim/1529058,tr,2025-12-23T18:33:16+00:00
2025-12-23,BMSTL,KAP,BMS BİRLEŞİK METAL SANAYİ VE TİCARET A.Ş. - Geri Alınan Payların Elden Çıkarılması,Geri Alınan Payların Elden Çıkarılması Geri Alınan Payların Elden Çıkarılması,https://www.kap.org.tr/tr/Bildirim/1529055,tr,2025-12-23T18:31:36+00:00
2025-12-23,BORLS,KAP,BORLEASE OTOMOTİV A.Ş. - Şirket Genel Bilgi Formu,Şirket Genel Bilgi Formu,https://www.kap.org.tr/tr/Bildirim/1528769,tr,2025-12-23T09:38:16+00:00
2025-12-23,BOSSA,KAP,BOSSA TİCARET VE SANAYİ İŞLETMELERİ T.A.Ş. - Payların Geri Alınmasına İlişkin Bildirim,Payların Geri Alınmasına İlişkin Bildirim Bossa Paylarının Geri Alımı.,https://www.kap.org.tr/tr/Bildirim/1528932,tr,2025-12-23T15:55:52+00:00
2025-12-23,BRGFK,KAP,BURGAN FİNANSAL KİRALAMA A.Ş. - Pay Dışında Sermaye Piyasası Aracı İşlemlerine İlişkin Bildirim (Faiz İçeren),Pay Dışında Sermaye Piyasası Aracı İşlemlerine İlişkin Bildirim (Faiz İçeren) TRFBUFK62612 ISIN Kodlu Tahvil İhracı,https://www.kap.org.tr/tr/Bildirim/1528979,tr,2025-12-23T17:24:14+00:00
2025-12-23,BRGFK,KAP,BURGAN FİNANSAL KİRALAMA A.Ş. - Pay Dışında Sermaye Piyasası Aracı İşlemlerine İlişkin Bildirim (Faiz İçeren),Pay Dışında Sermaye Piyasası Aracı İşlemlerine İlişkin Bildirim (Faiz İçeren) TRFBUFKA2516 ISIN Kodlu Bono 2.Kupon Faiz Oranı,https://www.kap.org.tr/tr/Bildirim/1528976,tr,2025-12-23T17:18:55+00:00
2025-12-23,BRGFK,KAP,BURGAN FİNANSAL KİRALAMA A.Ş. - Pay Dışında Sermaye Piyasası Aracı İşlemlerine İlişkin Bildirim (Faiz İçeren),Pay Dışında Sermaye Piyasası Aracı İşlemlerine İlişkin Bildirim (Faiz İçeren) TRFBUFK62612 ISIN Kodlu Tahvil İhracı,https://www.kap.org.tr/tr/Bildirim/1528958,tr,2025-12-23T16:46:33+00:00
2025-12-23,BVSAN,KAP,BÜLBÜLOĞLU VİNÇ SANAYİ VE TİCARET A.Ş. - Yeni İş İlişkisi,Yeni İş İlişkisi Yeni İş İlişkisi Hakkında,https://www.kap.org.tr/tr/Bildirim/1528878,tr,2025-12-23T14:06:52+00:00
2025-12-23,CCOLA,KAP,COCA-COLA İÇECEK A.Ş. - Pay Dışında Sermaye Piyasası Aracı İşlemlerine İlişkin Bildirim (Faiz İçeren),Pay Dışında Sermaye Piyasası Aracı İşlemlerine İlişkin Bildirim (Faiz İçeren) TRSCOLA92612 ISIN Kodlu Tahvilin 5. Kupon Faiz Oranının Belirlenmesi,https://www.kap.org.tr/tr/Bildirim/1528956,tr,2025-12-23T16:39:28+00:00
2025-12-23,CEMZY,KAP,CEM ZEYTİN A.Ş. - Şirket Genel Bilgi Formu,Şirket Genel Bilgi Formu,https://www.kap.org.tr/tr/Bildirim/1529037,tr,2025-12-23T18:16:15+00:00
2025-12-23,CEMZY,KAP,CEM ZEYTİN A.Ş. - Özel Durum Açıklaması (Genel),Özel Durum Açıklaması (Genel) Genel Müdür Ataması,https://www.kap.org.tr/tr/Bildirim/1529034,tr,2025-12-23T18:15:44+00:00
2025-12-23,CLEBI,KAP,ÇELEBİ HAVA SERVİSİ A.Ş. - Özel Durum Açıklaması (Genel),Özel Durum Açıklaması (Genel) Bağlı Ortaklığımızın Hisse Devralma İşleminin Tamamlanması,https://www.kap.org.tr/tr/Bildirim/1529095,tr,2025-12-23T21:12:07+00:00
2025-12-23,COSMO,KAP,COSMOS YATIRIM HOLDİNG A.Ş. - Sermaye Artırımı - Azaltımı İşlemlerine İlişkin Bildirim,Sermaye Artırımı - Azaltımı İşlemlerine İlişkin Bildirim Tahsisli Sermaye Artışı Fiyat Tespiti Hakkında,https://www.kap.org.tr/tr/Bildirim/1528900,tr,2025-12-23T15:02:11+00:00
2025-12-23,DAGI,KAP,DAGİ GİYİM SANAYİ VE TİCARET A.Ş. - Yönetim Kurulu Komiteleri,Yönetim Kurulu Komiteleri Sürdürülebilirlik Komitesi ve Çalışma Esasları Hakkında,https://www.kap.org.tr/tr/Bildirim/1529025,tr,2025-12-23T18:11:43+00:00
2025-12-23,DARDL,KAP,DARDANEL ÖNENTAŞ GIDA SANAYİ A.Ş. - Pay Dışında Sermaye Piyasası Aracı İşlemlerine İlişkin Bildirim (Faiz İçeren),Pay Dışında Sermaye Piyasası Aracı İşlemlerine İlişkin Bildirim (Faiz İçeren) TRFDRDLA2510 ISIN kodlu finansman bonosunun 3.cü kupon ve anapara ödemesi hk.,https://www.kap.org.tr/tr/Bildirim/1528955,tr,2025-12-23T16:38:05+00:00
2025-12-23,DCTTR,KAP,DCT TRADİNG DIŞ TİCARET A.Ş. - Özel Durum Açıklaması (Genel),Özel Durum Açıklaması (Genel) Bağlı ortaklık arazi alımı,https://www.kap.org.tr/tr/Bildirim/1528886,tr,2025-12-23T14:23:42+00:00
2025-12-23,DOAS,KAP,DOĞUŞ OTOMOTİV SERVİS VE TİCARET A.Ş. - Yeni İş İlişkisi,Yeni İş İlişkisi Volkswagen A.G. ile Suriye Arap Cumhuriyeti Distribütörlüğü için Niyet Mektubu (Letter of Intent) İmzalanması,https://www.kap.org.tr/tr/Bildirim/1529053,tr,2025-12-23T18:30:07+00:00
2025-12-23,ECOGR,KAP,ECOGREEN ENERJİ HOLDİNG A.Ş. - Şirket Genel Bilgi Formu,Şirket Genel Bilgi Formu,https://www.kap.org.tr/tr/Bildirim/1528897,tr,2025-12-23T14:50:37+00:00
2025-12-23,ECOGR,KAP,ECOGREEN ENERJİ HOLDİNG A.Ş. - Özel Durum Açıklaması (Genel),Özel Durum Açıklaması (Genel) Mali İşlerden Sorumlu Genel Müdür Yardımcısı Ataması,https://www.kap.org.tr/tr/Bildirim/1528896,tr,2025-12-23T14:50:26+00:00
2025-12-23,EGEEN,KAP,EGE ENDÜSTRİ VE TİCARET A.Ş. - Özel Durum Açıklaması (Genel),Özel Durum Açıklaması (Genel) Ar-Ge Merkezi Kapanışı Hk.,https://www.kap.org.tr/tr/Bildirim/1529047,tr,2025-12-23T18:21:11+00:00
2025-12-23,EGEEN,KAP,EGE ENDÜSTRİ VE TİCARET A.Ş. - Faaliyetlerin Kısmen veya Tamamen Durdurulması ya da İmkansız Hale Gelmesi,"Faaliyetlerin Kısmen veya Tamamen Durdurulması ya da İmkansız Hale Gelmesi Fabrikalarımızda yıllık izin döneminde üretim yapılmaması, periyodik bakım faaliyetleri ile sayım işlemleri hakkında açıklama",https://www.kap.org.tr/tr/Bildirim/1529043,tr,2025-12-23T18:18:50+00:00
2025-12-23,EKGYO,KAP,EMLAK KONUT GAYRİMENKUL YATIRIM ORTAKLIĞI A.Ş. - Özel Durum Açıklaması (Genel),Özel Durum Açıklaması (Genel) Adana Yüreğir Cumhuriyet 1.Etap ihalesi 1. Oturum Sonucu,https://www.kap.org.tr/tr/Bildirim/1529088,tr,2025-12-23T19:39:11+00:00
2025-12-23,EKGYO,KAP,EMLAK KONUT GAYRİMENKUL YATIRIM ORTAKLIĞI A.Ş. - Özel Durum Açıklaması (Genel),Özel Durum Açıklaması (Genel) İstanbul Esenler Atışalanı 4. Etap Arsa Satışı Karşılığı Gelir Paylaşımı İşi Sözleşme İmzalanması,https://www.kap.org.tr/tr/Bildirim/1529087,tr,2025-12-23T19:38:45+00:00
2025-12-23,EKGYO,KAP,EMLAK KONUT GAYRİMENKUL YATIRIM ORTAKLIĞI A.Ş. - Özel Durum Açıklaması (Genel),Özel Durum Açıklaması (Genel) İstanbul Başakşehir Güney Ticaret 1.Etap 2. Oturum Sonucu,https://www.kap.org.tr/tr/Bildirim/1529085,tr,2025-12-23T19:38:01+00:00
2025-12-23,EKGYO,KAP,EMLAK KONUT GAYRİMENKUL YATIRIM ORTAKLIĞI A.Ş. - Özel Durum Açıklaması (Genel),Özel Durum Açıklaması (Genel) İzmir Çeşme Musalla 1. Etap İhalesi 2. Oturum Tarihi,https://www.kap.org.tr/tr/Bildirim/1529084,tr,2025-12-23T19:37:34+00:00
2025-12-23,EKTVK,KAP,EMLAK KATILIM VARLIK KİRALAMA A.Ş. - Pay Dışında Sermaye Piyasası Aracı İşlemlerine İlişkin Bildirim (Faizsiz),Pay Dışında Sermaye Piyasası Aracı İşlemlerine İlişkin Bildirim (Faizsiz) TRDEVKS12617 ISIN Kodlu Kira Sertifikasının 11. Dönemsel Getiri Ödemesi Hk. EKT,https://www.kap.org.tr/tr/Bildirim/1528872,tr,2025-12-23T13:43:16+00:00
2025-12-23,EMKEL,KAP,EMEK ELEKTRİK ENDÜSTRİSİ A.Ş. - Şirket Genel Bilgi Formu,Şirket Genel Bilgi Formu,https://www.kap.org.tr/tr/Bildirim/1529018,tr,2025-12-23T18:09:55+00:00
2025-12-23,EMKEL,KAP,EMEK ELEKTRİK ENDÜSTRİSİ A.Ş. - Kurumsal Yönetim Bilgi Formu (Güncelleme) - Yönetim Kurulu-2,Kurumsal Yönetim Bilgi Formu (Güncelleme) - Yönetim Kurulu-2 Yönetim Kurulu Komiteleri,https://www.kap.org.tr/tr/Bildirim/1528763,tr,2025-12-23T09:26:19+00:00
2025-12-23,EMKEL,KAP,EMEK ELEKTRİK ENDÜSTRİSİ A.Ş. - Şirket Genel Bilgi Formu,Şirket Genel Bilgi Formu,https://www.kap.org.tr/tr/Bildirim/1528761,tr,2025-12-23T09:06:00+00:00
2025-12-23,EMKEL,KAP,EMEK ELEKTRİK ENDÜSTRİSİ A.Ş. - Özel Durum Açıklaması (Genel),Özel Durum Açıklaması (Genel) Yatırımcı İlişkileri Departman Yapılanması KONTR,https://www.kap.org.tr/tr/Bildirim/1528752,tr,2025-12-23T08:35:01+00:00
2025-12-23,ENERY,KAP,ENERYA ENERJİ A.Ş. - Payların Geri Alınmasına İlişkin Bildirim,Payların Geri Alınmasına İlişkin Bildirim 23.12.2025 Tarihli Pay Geri Alım İşlemleri,https://www.kap.org.tr/tr/Bildirim/1529057,tr,2025-12-23T18:32:38+00:00
2025-12-23,ETYAT,KAP,EURO TREND YATIRIM ORTAKLIĞI A.Ş. - Özel Durum Açıklaması (Genel),"Özel Durum Açıklaması (Genel) BİAŞ'da oluşan ağırlıklı ortalama fiyatın,pay başına net aktif değerin 2 katını aşması",https://www.kap.org.tr/tr/Bildirim/1528908,tr,2025-12-23T15:14:30+00:00
2025-12-23,EUKYO,KAP,EURO KAPİTAL YATIRIM ORTAKLIĞI A.Ş. - Özel Durum Açıklaması (Genel),"Özel Durum Açıklaması (Genel) BİAŞ'da oluşan ağırlıklı ortalama fiyatın,pay başına net aktif değerin 2 katını aşması",https://www.kap.org.tr/tr/Bildirim/1528909,tr,2025-12-23T15:15:06+00:00
2025-12-23,EUYO,KAP,EURO MENKUL KIYMET YATIRIM ORTAKLIĞI A.Ş. - Özel Durum Açıklaması (Genel),"Özel Durum Açıklaması (Genel) BİAŞ'da oluşan ağırlıklı ortalama fiyatın,pay başına net aktif değerin 2 katını aşması",https://www.kap.org.tr/tr/Bildirim/1528901,tr,2025-12-23T15:08:18+00:00
2025-12-23,EXIMB,KAP,TÜRKİYE İHRACAT KREDİ BANKASI A.Ş. - Pay Dışında Sermaye Piyasası Aracı İşlemlerine İlişkin Bildirim (Faiz İçeren),Pay Dışında Sermaye Piyasası Aracı İşlemlerine İlişkin Bildirim (Faiz İçeren) XS2965112936 ISIN Kodlu Tahvil İtfası Hk,https://www.kap.org.tr/tr/Bildirim/1528883,tr,2025-12-23T14:19:44+00:00
2025-12-23,EYGYO,KAP,EYG GAYRİMENKUL YATIRIM ORTAKLIĞI A.Ş. - Özel Durum Açıklaması (Genel),Özel Durum Açıklaması (Genel) İmzalanan kat karşılığı inşaat sözleşmesi hakkında,https://www.kap.org.tr/tr/Bildirim/1529093,tr,2025-12-23T20:39:19+00:00
2025-12-23,EYGYO,KAP,EYG GAYRİMENKUL YATIRIM ORTAKLIĞI A.Ş. - Kredi Derecelendirmesi,Kredi Derecelendirmesi EYG GYO Kredi Derecelendirme Bildirimi,https://www.kap.org.tr/tr/Bildirim/1529091,tr,2025-12-23T20:37:03+00:00
2025-12-23,FIN,KAP,QNB BANK A.Ş. - Özel Durum Açıklaması (Genel),Özel Durum Açıklaması (Genel) Takipteki Kredi Portföyünden Satış,https://www.kap.org.tr/tr/Bildirim/1528838,tr,2025-12-23T11:19:56+00:00
2025-12-23,GARAN,KAP,TÜRKİYE GARANTİ BANKASI A.Ş. - Yatırım Kuruluşu Varant - Sertifika - Senetlerine İlişkin Bildirim,Yatırım Kuruluşu Varant - Sertifika - Senetlerine İlişkin Bildirim Yatırım Kuruluşu Varantlarının Yurt Dışı Resmi Tatili Sebebiyle İşlem Sıralarının Kapalı olacağı Tarihler,https://www.kap.org.tr/tr/Bildirim/1528856,tr,2025-12-23T12:52:07+00:00
2025-12-23,GARAN,KAP,TÜRKİYE GARANTİ BANKASI A.Ş. - Pay Dışında Sermaye Piyasası Aracı İşlemlerine İlişkin Bildirim (Faiz İçeren),Pay Dışında Sermaye Piyasası Aracı İşlemlerine İlişkin Bildirim (Faiz İçeren) MTN ihracı itfası,https://www.kap.org.tr/tr/Bildirim/1528810,tr,2025-12-23T10:31:39+00:00
2025-12-23,GENIL,KAP,GEN İLAÇ VE SAĞLIK ÜRÜNLERİ SANAYİ VE TİCARET A.Ş. - Özel Durum Açıklaması (Genel),Özel Durum Açıklaması (Genel) Devlet Malzeme Ofisi İhale Bildirimi,https://www.kap.org.tr/tr/Bildirim/1528884,tr,2025-12-23T14:20:16+00:00
2025-12-23,GLYHO,KAP,GLOBAL YATIRIM HOLDİNG A.Ş. - Payların Geri Alınmasına İlişkin Bildirim,Payların Geri Alınmasına İlişkin Bildirim 23.12.2025 Tarihli Pay Geri Alım İşlemleri,https://www.kap.org.tr/tr/Bildirim/1529049,tr,2025-12-23T18:23:31+00:00
2025-12-23,GRNYO,KAP,GARANTİ YATIRIM ORTAKLIĞI A.Ş. - Özel Durum Açıklaması (Genel),"Özel Durum Açıklaması (Genel) Paylarının BİAŞ'ta oluşan ağırlıklı ortalama fiyatının, pay başına net aktif değerinin 2 katını aşması hakkında.",https://www.kap.org.tr/tr/Bildirim/1528771,tr,2025-12-23T09:45:19+00:00
2025-12-23,HDFFL,KAP,HEDEF ARAÇ KİRALAMA VE SERVİS A.Ş. - Pay Dışında Sermaye Piyasası Aracı İşlemlerine İlişkin Bildirim (Faiz İçeren),Pay Dışında Sermaye Piyasası Aracı İşlemlerine İlişkin Bildirim (Faiz İçeren) 4. Kupon Oranının Belirlenmesi,https://www.kap.org.tr/tr/Bildirim/1528977,tr,2025-12-23T17:20:40+00:00
2025-12-23,HDFGS,KAP,HEDEF GİRİŞİM SERMAYESİ YATIRIM ORTAKLIĞI A.Ş. - Özel Durum Açıklaması (Genel),Özel Durum Açıklaması (Genel) Girişim Sermayesi Yatırımı Yapılması Hk.,https://www.kap.org.tr/tr/Bildirim/1528920,tr,2025-12-23T15:38:31+00:00
2025-12-23,HEDEF,KAP,HEDEF HOLDİNG A.Ş. - Şirket Genel Bilgi Formu,Şirket Genel Bilgi Formu,https://www.kap.org.tr/tr/Bildirim/1529052,tr,2025-12-23T18:26:15+00:00
2025-12-23,HUBVC,KAP,HUB GİRİŞİM SERMAYESİ YATIRIM ORTAKLIĞI A.Ş. - Şirket Genel Bilgi Formu,Şirket Genel Bilgi Formu,https://www.kap.org.tr/tr/Bildirim/1529062,tr,2025-12-23T18:42:56+00:00
2025-12-23,IHLAS,KAP,İHLAS HOLDİNG A.Ş. - İzahname (SPK Onayına Sunulan),İzahname (SPK Onayına Sunulan) SPK Onayına Sunulan İzahname 3. Bölüm,https://www.kap.org.tr/tr/Bildirim/1528949,tr,2025-12-23T16:27:37+00:00
2025-12-23,IHLAS,KAP,İHLAS HOLDİNG A.Ş. - İzahname (SPK Onayına Sunulan),İzahname (SPK Onayına Sunulan) SPK Onayına Sunulan İzahname 2. Bölüm,https://www.kap.org.tr/tr/Bildirim/1528948,tr,2025-12-23T16:27:05+00:00
2025-12-23,IHLAS,KAP,İHLAS HOLDİNG A.Ş. - İzahname (SPK Onayına Sunulan),İzahname (SPK Onayına Sunulan) SPK Onayına Sunulan İzahname 1. Bölüm,https://www.kap.org.tr/tr/Bildirim/1528947,tr,2025-12-23T16:26:42+00:00
2025-12-23,IHLAS,KAP,İHLAS HOLDİNG A.Ş. - Sermaye Artırımından Elde Edilecek - Edilen Fonun Kullanımına İlişkin Rapor,Sermaye Artırımından Elde Edilecek - Edilen Fonun Kullanımına İlişkin Rapor Sermaye Artırımından Elde Edilecek Fonun Kullanım Yerleri Hk.,https://www.kap.org.tr/tr/Bildirim/1528946,tr,2025-12-23T16:26:12+00:00
2025-12-23,IHLAS,KAP,İHLAS HOLDİNG A.Ş. - Sermaye Artırımı - Azaltımı İşlemlerine İlişkin Bildirim,Sermaye Artırımı - Azaltımı İşlemlerine İlişkin Bildirim Sermaye Artırımı İçin Sermaye Piyasası Kurulu?na Müracaat ve İzahname Gönderimi Hk.,https://www.kap.org.tr/tr/Bildirim/1528945,tr,2025-12-23T16:25:46+00:00
2025-12-23,INTEK,KAP,İNNOSA TEKNOLOJİ A.Ş. - Şirket Genel Bilgi Formu,Şirket Genel Bilgi Formu,https://www.kap.org.tr/tr/Bildirim/1529070,tr,2025-12-23T18:55:21+00:00
2025-12-23,INTEK,KAP,İNNOSA TEKNOLOJİ A.Ş. - Özel Durum Açıklaması (Genel),Özel Durum Açıklaması (Genel) Yatırımcı İlişkileri Bölüm Yöneticisi Ataması,https://www.kap.org.tr/tr/Bildirim/1529069,tr,2025-12-23T18:55:07+00:00
2025-12-23,INVEO,KAP,INVEO YATIRIM HOLDİNG A.Ş. - Pay Dışında Sermaye Piyasası Aracı İşlemlerine İlişkin Bildirim (Faiz İçeren),Pay Dışında Sermaye Piyasası Aracı İşlemlerine İlişkin Bildirim (Faiz İçeren) Finansman Bono İhracı Hakkında GEDIK,https://www.kap.org.tr/tr/Bildirim/1528858,tr,2025-12-23T12:58:22+00:00
2025-12-23,INVEO,KAP,INVEO YATIRIM HOLDİNG A.Ş. - Pay Dışında Sermaye Piyasası Aracı İşlemlerine İlişkin Bildirim (Faiz İçeren),Pay Dışında Sermaye Piyasası Aracı İşlemlerine İlişkin Bildirim (Faiz İçeren) Finansman bono itfası hk. GEDIK,https://www.kap.org.tr/tr/Bildirim/1528857,tr,2025-12-23T12:57:25+00:00
2025-12-23,ISATR,KAP,TÜRKİYE İŞ BANKASI A.Ş. - Pay Dışında Sermaye Piyasası Aracı İşlemlerine İlişkin Bildirim (Faiz İçeren),Pay Dışında Sermaye Piyasası Aracı İşlemlerine İlişkin Bildirim (Faiz İçeren) 23.12.2025 vadeli T. İş Bankası A.Ş. Finansman Bonosu İtfası Hakkında,https://www.kap.org.tr/tr/Bildirim/1528805,tr,2025-12-23T10:17:48+00:00
2025-12-23,ISBTR,KAP,TÜRKİYE İŞ BANKASI A.Ş. - Pay Dışında Sermaye Piyasası Aracı İşlemlerine İlişkin Bildirim (Faiz İçeren),Pay Dışında Sermaye Piyasası Aracı İşlemlerine İlişkin Bildirim (Faiz İçeren) 23.12.2025 vadeli T. İş Bankası A.Ş. Finansman Bonosu İtfası Hakkında,https://www.kap.org.tr/tr/Bildirim/1528805,tr,2025-12-23T10:17:48+00:00
2025-12-23,ISCTR,KAP,TÜRKİYE İŞ BANKASI A.Ş. - Pay Dışında Sermaye Piyasası Aracı İşlemlerine İlişkin Bildirim (Faiz İçeren),Pay Dışında Sermaye Piyasası Aracı İşlemlerine İlişkin Bildirim (Faiz İçeren) 23.12.2025 vadeli T. İş Bankası A.Ş. Finansman Bonosu İtfası Hakkında,https://www.kap.org.tr/tr/Bildirim/1528805,tr,2025-12-23T10:17:48+00:00
2025-12-23,ISFAK,KAP,İŞ FAKTORİNG A.Ş. - Pay Dışında Sermaye Piyasası Aracı İşlemlerine İlişkin Bildirim (Faiz İçeren),Pay Dışında Sermaye Piyasası Aracı İşlemlerine İlişkin Bildirim (Faiz İçeren) Nitelikli Yatırımcıya Borçlanma Aracı İhracı,https://www.kap.org.tr/tr/Bildirim/1528820,tr,2025-12-23T10:51:32+00:00
2025-12-23,ISFAK,KAP,İŞ FAKTORİNG A.Ş. - Pay Dışında Sermaye Piyasası Aracı İşlemlerine İlişkin Bildirim (Faiz İçeren),Pay Dışında Sermaye Piyasası Aracı İşlemlerine İlişkin Bildirim (Faiz İçeren) TRFISFAA2531 ISIN Kodlu Bono İtfası,https://www.kap.org.tr/tr/Bildirim/1528818,tr,2025-12-23T10:50:22+00:00
2025-12-23,ISKUR,KAP,TÜRKİYE İŞ BANKASI A.Ş. - Pay Dışında Sermaye Piyasası Aracı İşlemlerine İlişkin Bildirim (Faiz İçeren),Pay Dışında Sermaye Piyasası Aracı İşlemlerine İlişkin Bildirim (Faiz İçeren) 23.12.2025 vadeli T. İş Bankası A.Ş. Finansman Bonosu İtfası Hakkında,https://www.kap.org.tr/tr/Bildirim/1528805,tr,2025-12-23T10:17:48+00:00
2025-12-23,ISMEN,KAP,İŞ YATIRIM MENKUL DEĞERLER A.Ş. - Yatırım Kuruluşu Varant - Sertifika - Senetlerine İlişkin Bildirim,Yatırım Kuruluşu Varant - Sertifika - Senetlerine İlişkin Bildirim İş Yatırım Sertifika ve Varant Alım Satım İşlemleri,https://www.kap.org.tr/tr/Bildirim/1528815,tr,2025-12-23T10:39:21+00:00
2025-12-23,ISMEN,KAP,İŞ YATIRIM MENKUL DEĞERLER A.Ş. - Piyasa Yapıcılığı Kapsamında Gerçekleştirilen İşlemler Bildirimi,Piyasa Yapıcılığı Kapsamında Gerçekleştirilen İşlemler Bildirimi Borsa Yatırım Fonu Piyasa Yapıcılığı İşlemleri ISGLK,https://www.kap.org.tr/tr/Bildirim/1528814,tr,2025-12-23T10:38:44+00:00
2025-12-23,ISTFK,KAP,İSTANBUL FAKTORİNG A.Ş. - Pay Dışında Sermaye Piyasası Aracı İşlemlerine İlişkin Bildirim (Faiz İçeren),Pay Dışında Sermaye Piyasası Aracı İşlemlerine İlişkin Bildirim (Faiz İçeren) Finansman Bonosu İhracının Tamamlanması,https://www.kap.org.tr/tr/Bildirim/1528770,tr,2025-12-23T09:42:13+00:00
2025-12-23,ISYAT,KAP,İŞ YATIRIM ORTAKLIĞI A.Ş. - Özel Durum Açıklaması (Genel),"Özel Durum Açıklaması (Genel) Ortaklık paylarının BİAŞ'ta oluşan ağırlıklı ortalama fiyatının, pay başına net aktif değerinin 2 katını aşması hakkında",https://www.kap.org.tr/tr/Bildirim/1528829,tr,2025-12-23T11:03:32+00:00
2025-12-23,IYM,KAP,İŞ YATIRIM MENKUL DEĞERLER A.Ş. - Yatırım Kuruluşu Varant - Sertifika - Senetlerine İlişkin Bildirim,Yatırım Kuruluşu Varant - Sertifika - Senetlerine İlişkin Bildirim İş Yatırım Sertifika ve Varant Alım Satım İşlemleri,https://www.kap.org.tr/tr/Bildirim/1528815,tr,2025-12-23T10:39:21+00:00
2025-12-23,IYM,KAP,İŞ YATIRIM MENKUL DEĞERLER A.Ş. - Piyasa Yapıcılığı Kapsamında Gerçekleştirilen İşlemler Bildirimi,Piyasa Yapıcılığı Kapsamında Gerçekleştirilen İşlemler Bildirimi Borsa Yatırım Fonu Piyasa Yapıcılığı İşlemleri ISGLK,https://www.kap.org.tr/tr/Bildirim/1528814,tr,2025-12-23T10:38:44+00:00
2025-12-23,KAYSE,KAP,KAYSERİ ŞEKER FABRİKASI A.Ş. - Katılım Finansı İlkeleri Bilgi Formu,Katılım Finansı İlkeleri Bilgi Formu,https://www.kap.org.tr/tr/Bildirim/1529038,tr,2025-12-23T18:16:22+00:00
2025-12-23,KCHOL,KAP,KOÇ HOLDİNG A.Ş. - Özel Durum Açıklaması (Genel),Özel Durum Açıklaması (Genel) Bağımsız Yönetim Kurulu Üye Adayına İlişkin SPK Başvurusu,https://www.kap.org.tr/tr/Bildirim/1529032,tr,2025-12-23T18:15:12+00:00
2025-12-23,KLN,KAP,TÜRKİYE KALKINMA VE YATIRIM BANKASI A.Ş. - Özel Durum Açıklaması (Genel),Özel Durum Açıklaması (Genel) İtalyan Kalkınma Bankası (CDP) ile Finansman Anlaşması İmzalanması,https://www.kap.org.tr/tr/Bildirim/1529061,tr,2025-12-23T18:41:09+00:00
2025-12-23,KLNMA,KAP,TÜRKİYE KALKINMA VE YATIRIM BANKASI A.Ş. - Özel Durum Açıklaması (Genel),Özel Durum Açıklaması (Genel) İtalyan Kalkınma Bankası (CDP) ile Finansman Anlaşması İmzalanması,https://www.kap.org.tr/tr/Bildirim/1529061,tr,2025-12-23T18:41:09+00:00
2025-12-23,KLYPV,KAP,KALYON GÜNEŞ TEKNOLOJİLERİ ÜRETİM A.Ş. - Payların Geri Alınmasına İlişkin Bildirim,Payların Geri Alınmasına İlişkin Bildirim 23.12.2025 tarihli Pay Geri Alım İşlemleri,https://www.kap.org.tr/tr/Bildirim/1529097,tr,2025-12-23T21:45:41+00:00
2025-12-23,KORDS,KAP,KORDSA TEKNİK TEKSTİL A.Ş. - Özel Durum Açıklaması (Genel),Özel Durum Açıklaması (Genel) Kredi Sözleşmesi İmzalanması,https://www.kap.org.tr/tr/Bildirim/1529086,tr,2025-12-23T19:38:41+00:00
2025-12-23,KORTS,KAP,KORTEKS MENSUCAT SANAYİ VE TİCARET A.Ş. - Pay Dışında Sermaye Piyasası Aracı İşlemlerine İlişkin Bildirim (Faiz İçeren),Pay Dışında Sermaye Piyasası Aracı İşlemlerine İlişkin Bildirim (Faiz İçeren) TRSKORTE2610 ISIN kodlu Korteks ihracının 2. kupon dönemine ilişkin faiz oranı açıklaması,https://www.kap.org.tr/tr/Bildirim/1528954,tr,2025-12-23T16:37:19+00:00
2025-12-23,KTSKR,KAP,KÜTAHYA ŞEKER FABRİKASI A.Ş. - Kar Payı Dağıtım İşlemlerine İlişkin Bildirim,Kar Payı Dağıtım İşlemlerine İlişkin Bildirim 2024 Yılı Kar Dağıtım Tarihinin Belirlenmesi,https://www.kap.org.tr/tr/Bildirim/1528854,tr,2025-12-23T12:27:35+00:00
2025-12-23,KTSVK,KAP,KT SUKUK VARLIK KİRALAMA A.Ş. - Pay Dışında Sermaye Piyasası Aracı İşlemlerine İlişkin Bildirim (Faizsiz),Pay Dışında Sermaye Piyasası Aracı İşlemlerine İlişkin Bildirim (Faizsiz) TRDKTSK62613 ISIN Kodlu Yurtiçi Kira Sertifikası İhracının Nitelikli Yatırımcıya Satışının Tamamlanması Hk. LKMNH,https://www.kap.org.tr/tr/Bildirim/1528762,tr,2025-12-23T09:14:37+00:00
2025-12-23,LKMNH,KAP,LOKMAN HEKİM ENGÜRÜSAĞ SAĞLIK TURİZM EĞİTİM HİZMETLERİ VE İNŞAAT TAAHHÜT A.Ş. - Payların Geri Alınmasına İlişkin Bildirim,Payların Geri Alınmasına İlişkin Bildirim Hisse Geri Alımı,https://www.kap.org.tr/tr/Bildirim/1529076,tr,2025-12-23T19:04:22+00:00
2025-12-23,MEKMD,KAP,MEKSA YATIRIM MENKUL DEĞERLER A.Ş. - Şirket Genel Bilgi Formu,Şirket Genel Bilgi Formu,https://www.kap.org.tr/tr/Bildirim/1528953,tr,2025-12-23T16:37:14+00:00
2025-12-23,MEKMD,KAP,MEKSA YATIRIM MENKUL DEĞERLER A.Ş. - Şirket Genel Bilgi Formu,Şirket Genel Bilgi Formu,https://www.kap.org.tr/tr/Bildirim/1528951,tr,2025-12-23T16:31:39+00:00
2025-12-23,MNDTR,KAP,MONDİ TURKEY OLUKLU MUKAVVA KAĞIT VE AMBALAJ SANAYİ A.Ş. - Faaliyetlerin Kısmen veya Tamamen Durdurulması ya da İmkansız Hale Gelmesi,Faaliyetlerin Kısmen veya Tamamen Durdurulması ya da İmkansız Hale Gelmesi Şirket'in Gebze Fabrikası'nın kapatılması ve toplu işçi çıkartılması hakkında,https://www.kap.org.tr/tr/Bildirim/1528934,tr,2025-12-23T16:04:57+00:00
2025-12-23,MNGFA,KAP,MNG FAKTORİNG A.Ş. - Pay Dışında Sermaye Piyasası Aracı İşlemlerine İlişkin Bildirim (Faiz İçeren),Pay Dışında Sermaye Piyasası Aracı İşlemlerine İlişkin Bildirim (Faiz İçeren) TRFMNGF72611 ISIN kodlu Borçlanma Aracı İhracı,https://www.kap.org.tr/tr/Bildirim/1529092,tr,2025-12-23T20:37:36+00:00
2025-12-23,MNGFA,KAP,MNG FAKTORİNG A.Ş. - Pay Dışında Sermaye Piyasası Aracı İşlemlerine İlişkin Bildirim (Faiz İçeren),Pay Dışında Sermaye Piyasası Aracı İşlemlerine İlişkin Bildirim (Faiz İçeren) TRFMNGFA2518 ISIN kodlu borçlanma aracı kupon oranı belirlenmesi,https://www.kap.org.tr/tr/Bildirim/1529090,tr,2025-12-23T20:29:47+00:00
2025-12-23,MNGFA,KAP,MNG FAKTORİNG A.Ş. - Pay Dışında Sermaye Piyasası Aracı İşlemlerine İlişkin Bildirim (Faiz İçeren),Pay Dışında Sermaye Piyasası Aracı İşlemlerine İlişkin Bildirim (Faiz İçeren) TRFMNGF72611 kodlu Borçlanma Aracı Kupon Oranı belirlenmesi,https://www.kap.org.tr/tr/Bildirim/1529089,tr,2025-12-23T20:18:25+00:00
2025-12-23,MRMAG,KAP,MARKA MAĞAZACILIK A.Ş. - Pay Dışında Sermaye Piyasası Aracı İşlemlerine İlişkin Bildirim (Faiz İçeren),Pay Dışında Sermaye Piyasası Aracı İşlemlerine İlişkin Bildirim (Faiz İçeren) 175 gün vadeli ISIN kodu TRFMRKAA2513 olan finansman bonosunun anapara ödemesi,https://www.kap.org.tr/tr/Bildirim/1528962,tr,2025-12-23T16:57:44+00:00
2025-12-23,MSA,KAP,MEKSA YATIRIM MENKUL DEĞERLER A.Ş. - Şirket Genel Bilgi Formu,Şirket Genel Bilgi Formu,https://www.kap.org.tr/tr/Bildirim/1528953,tr,2025-12-23T16:37:14+00:00
2025-12-23,MSA,KAP,MEKSA YATIRIM MENKUL DEĞERLER A.Ş. - Şirket Genel Bilgi Formu,Şirket Genel Bilgi Formu,https://www.kap.org.tr/tr/Bildirim/1528951,tr,2025-12-23T16:31:39+00:00
2025-12-23,NTHOL,KAP,NET HOLDİNG A.Ş. - Payların Geri Alınmasına İlişkin Bildirim,Payların Geri Alınmasına İlişkin Bildirim Şirketimizin kendi paylarının geri alımı hakkında,https://www.kap.org.tr/tr/Bildirim/1529048,tr,2025-12-23T18:22:36+00:00
2025-12-23,NURVK,KAP,NUROL VARLIK KİRALAMA A.Ş. - Şirket Genel Bilgi Formu,Şirket Genel Bilgi Formu,https://www.kap.org.tr/tr/Bildirim/1529022,tr,2025-12-23T18:11:09+00:00
2025-12-23,NURVK,KAP,NUROL VARLIK KİRALAMA A.Ş. - Sermaye Artırımı veya Azaltımı Bildirimi,Sermaye Artırımı veya Azaltımı Bildirimi Sermaye Artırımı Tescili,https://www.kap.org.tr/tr/Bildirim/1529021,tr,2025-12-23T18:11:01+00:00
2025-12-23,NURVK,KAP,NUROL VARLIK KİRALAMA A.Ş. - Genel Kurul Bildirimi,Genel Kurul Bildirimi Olağanüstü Genel Kurul Kararı Tescili,https://www.kap.org.tr/tr/Bildirim/1529020,tr,2025-12-23T18:10:53+00:00
2025-12-23,NURVK,KAP,NUROL VARLIK KİRALAMA A.Ş. - Pay Dışında Sermaye Piyasası Aracı İşlemlerine İlişkin Bildirim (Faizsiz),Pay Dışında Sermaye Piyasası Aracı İşlemlerine İlişkin Bildirim (Faizsiz) TRDNVKA92717 ISIN Kodlu Kira Sertifikasının 1. Kupon Ödemesinin Gerçekleştirilmesi,https://www.kap.org.tr/tr/Bildirim/1528875,tr,2025-12-23T13:50:11+00:00
2025-12-23,NURVK,KAP,NUROL VARLIK KİRALAMA A.Ş. - Pay Dışında Sermaye Piyasası Aracı İşlemlerine İlişkin Bildirim (Faizsiz),Pay Dışında Sermaye Piyasası Aracı İşlemlerine İlişkin Bildirim (Faizsiz) TRDNVKAA2526 ISIN Kodlu Kira Sertifikasının İtfası NRBNK,https://www.kap.org.tr/tr/Bildirim/1528873,tr,2025-12-23T13:49:37+00:00
2025-12-23,NURVK,KAP,NUROL VARLIK KİRALAMA A.Ş. - Pay Dışında Sermaye Piyasası Aracı İşlemlerine İlişkin Bildirim (Faizsiz),Pay Dışında Sermaye Piyasası Aracı İşlemlerine İlişkin Bildirim (Faizsiz) TRDNVKA62611 ISIN Kodlu Kira Sertifikasının Satışının Tamamlanması NRBNK,https://www.kap.org.tr/tr/Bildirim/1528849,tr,2025-12-23T12:03:33+00:00
2025-12-23,OBAMS,KAP,OBA MAKARNACILIK SANAYİ VE TİCARET A.Ş. - Maddi Duran Varlık Satımı,Maddi Duran Varlık Satımı Şirketimize ait Noodle Fabrikası ile bu fabrika bünyesindeki makine ve ekipmanların satışı hakkında,https://www.kap.org.tr/tr/Bildirim/1529054,tr,2025-12-23T18:31:00+00:00
2025-12-23,ONCSM,KAP,ONCOSEM ONKOLOJİK SİSTEMLER SANAYİ VE TİCARET A.Ş. - Kurumsal Yönetim Bilgi Formu (Güncelleme) - Yönetim Kurulu-2,Kurumsal Yönetim Bilgi Formu (Güncelleme) - Yönetim Kurulu-2 Yönetim Kurulu Komiteleri,https://www.kap.org.tr/tr/Bildirim/1528943,tr,2025-12-23T16:09:03+00:00
2025-12-23,ONCSM,KAP,ONCOSEM ONKOLOJİK SİSTEMLER SANAYİ VE TİCARET A.Ş. - Şirket Genel Bilgi Formu,Şirket Genel Bilgi Formu,https://www.kap.org.tr/tr/Bildirim/1528874,tr,2025-12-23T13:49:41+00:00
2025-12-23,ORGE,KAP,ORGE ENERJİ ELEKTRİK TAAHHÜT A.Ş. - Payların Geri Alınmasına İlişkin Bildirim,Payların Geri Alınmasına İlişkin Bildirim 23.12.2025 Tarihli Pay Geri Alım İşlemi,https://www.kap.org.tr/tr/Bildirim/1529063,tr,2025-12-23T18:43:57+00:00
2025-12-23,OYA,KAP,OYAK YATIRIM MENKUL DEĞERLER A.Ş. - Piyasa Yapıcılığı Kapsamında Gerçekleştirilen İşlemler Bildirimi,Piyasa Yapıcılığı Kapsamında Gerçekleştirilen İşlemler Bildirimi 23/12/2025 TARİHLİ OYAYO PİYASA YAPICILIĞI İŞLEMLERİ OYAYO,https://www.kap.org.tr/tr/Bildirim/1529056,tr,2025-12-23T18:32:01+00:00
2025-12-23,OYA,KAP,OYAK YATIRIM MENKUL DEĞERLER A.Ş. - Şirket Genel Bilgi Formu,Şirket Genel Bilgi Formu,https://www.kap.org.tr/tr/Bildirim/1529045,tr,2025-12-23T18:20:25+00:00
2025-12-23,OYA,KAP,OYAK YATIRIM MENKUL DEĞERLER A.Ş. - Pay Dışında Sermaye Piyasası Aracı İşlemlerine İlişkin Bildirim (Faiz İçeren),Pay Dışında Sermaye Piyasası Aracı İşlemlerine İlişkin Bildirim (Faiz İçeren) TRFOYMDA2525 Finansman Bono İtfası,https://www.kap.org.tr/tr/Bildirim/1529044,tr,2025-12-23T18:19:48+00:00
2025-12-23,OYA,KAP,OYAK YATIRIM MENKUL DEĞERLER A.Ş. - Pay Dışında Sermaye Piyasası Aracı İşlemlerine İlişkin Bildirim (Faiz İçeren),Pay Dışında Sermaye Piyasası Aracı İşlemlerine İlişkin Bildirim (Faiz İçeren) TRFOYMD22620 Finansman Bono İhracı,https://www.kap.org.tr/tr/Bildirim/1528816,tr,2025-12-23T10:48:19+00:00
2025-12-23,OYAKC,KAP,OYAK ÇİMENTO FABRİKALARI A.Ş. - Şirket Genel Bilgi Formu,Şirket Genel Bilgi Formu,https://www.kap.org.tr/tr/Bildirim/1529081,tr,2025-12-23T19:19:16+00:00
2025-12-23,OYAYO,KAP,OYAK YATIRIM ORTAKLIĞI A.Ş. - Özel Durum Açıklaması (Genel),"Özel Durum Açıklaması (Genel) Ortaklık paylarının BİAŞ'ta oluşan ağırlıklı ortalama fiyatının, pay başına net aktif değerinin 2 katını aşması hakkında",https://www.kap.org.tr/tr/Bildirim/1528817,tr,2025-12-23T10:49:20+00:00
2025-12-23,OYYAT,KAP,OYAK YATIRIM MENKUL DEĞERLER A.Ş. - Piyasa Yapıcılığı Kapsamında Gerçekleştirilen İşlemler Bildirimi,Piyasa Yapıcılığı Kapsamında Gerçekleştirilen İşlemler Bildirimi 23/12/2025 TARİHLİ OYAYO PİYASA YAPICILIĞI İŞLEMLERİ OYAYO,https://www.kap.org.tr/tr/Bildirim/1529056,tr,2025-12-23T18:32:01+00:00
2025-12-23,OYYAT,KAP,OYAK YATIRIM MENKUL DEĞERLER A.Ş. - Şirket Genel Bilgi Formu,Şirket Genel Bilgi Formu,https://www.kap.org.tr/tr/Bildirim/1529045,tr,2025-12-23T18:20:25+00:00
2025-12-23,OYYAT,KAP,OYAK YATIRIM MENKUL DEĞERLER A.Ş. - Pay Dışında Sermaye Piyasası Aracı İşlemlerine İlişkin Bildirim (Faiz İçeren),Pay Dışında Sermaye Piyasası Aracı İşlemlerine İlişkin Bildirim (Faiz İçeren) TRFOYMDA2525 Finansman Bono İtfası,https://www.kap.org.tr/tr/Bildirim/1529044,tr,2025-12-23T18:19:48+00:00
2025-12-23,OYYAT,KAP,OYAK YATIRIM MENKUL DEĞERLER A.Ş. - Pay Dışında Sermaye Piyasası Aracı İşlemlerine İlişkin Bildirim (Faiz İçeren),Pay Dışında Sermaye Piyasası Aracı İşlemlerine İlişkin Bildirim (Faiz İçeren) TRFOYMD22620 Finansman Bono İhracı,https://www.kap.org.tr/tr/Bildirim/1528816,tr,2025-12-23T10:48:19+00:00
2025-12-23,OZYSR,KAP,ÖZYAŞAR TEL VE GALVANİZLEME SANAYİ A.Ş. - Şirket Genel Bilgi Formu,Şirket Genel Bilgi Formu,https://www.kap.org.tr/tr/Bildirim/1529083,tr,2025-12-23T19:28:07+00:00
2025-12-23,OZYSR,KAP,ÖZYAŞAR TEL VE GALVANİZLEME SANAYİ A.Ş. - Özel Durum Açıklaması (Genel),Özel Durum Açıklaması (Genel) Üst Düzey Yönetici Ataması,https://www.kap.org.tr/tr/Bildirim/1529082,tr,2025-12-23T19:25:39+00:00
2025-12-23,PASEU,KAP,PASİFİK EURASİA LOJİSTİK DIŞ TİCARET A.Ş. - Sürdürülebilirlik Raporu,Sürdürülebilirlik Raporu 2024 YILI SÜRDÜRÜLEBİLİRLİK RAPORU,https://www.kap.org.tr/tr/Bildirim/1528899,tr,2025-12-23T14:56:36+00:00
2025-12-23,PKART,KAP,PLASTİKKART AKILLI KART İLETİŞİM SİSTEMLERİ SANAYİ VE TİCARET A.Ş. - Şirket Genel Bilgi Formu,Şirket Genel Bilgi Formu,https://www.kap.org.tr/tr/Bildirim/1528864,tr,2025-12-23T13:33:07+00:00
2025-12-23,QNBTR,KAP,QNB BANK A.Ş. - Özel Durum Açıklaması (Genel),Özel Durum Açıklaması (Genel) Takipteki Kredi Portföyünden Satış,https://www.kap.org.tr/tr/Bildirim/1528838,tr,2025-12-23T11:19:56+00:00
2025-12-23,RNPOL,KAP,RAİNBOW POLİKARBONAT SANAYİ TİCARET A.Ş. - Geri Alınan Payların Elden Çıkarılması,Geri Alınan Payların Elden Çıkarılması 10.02.2023 - 14.02.2023 Tarihli Yönetim Kurulu Kararı İle Geri Alınan Payların Elden Çıkarılması,https://www.kap.org.tr/tr/Bildirim/1529079,tr,2025-12-23T19:13:57+00:00
2025-12-23,SDTTR,KAP,SDT UZAY VE SAVUNMA TEKNOLOJİLERİ A.Ş. - Yeni İş İlişkisi,Yeni İş İlişkisi Yeni İş İlişkisi Hakkında,https://www.kap.org.tr/tr/Bildirim/1528862,tr,2025-12-23T13:25:00+00:00
2025-12-23,SEK,KAP,ŞEKERBANK T.A.Ş. - Özel Durum Açıklaması (Genel),Özel Durum Açıklaması (Genel) İtalyan Kalkınma Bankası (CDP) ile imzalanan kredi sözleşmesi hk.,https://www.kap.org.tr/tr/Bildirim/1529094,tr,2025-12-23T20:39:27+00:00
2025-12-23,SEYKM,KAP,SEYİTLER KİMYA SANAYİ A.Ş. - Ortaklık Aleyhine Dava Açılması veya Davaya İlişkin Gelişmeler,Ortaklık Aleyhine Dava Açılması veya Davaya İlişkin Gelişmeler Marka İhlal Davası Hk,https://www.kap.org.tr/tr/Bildirim/1529024,tr,2025-12-23T18:11:15+00:00
2025-12-23,SKBNK,KAP,ŞEKERBANK T.A.Ş. - Özel Durum Açıklaması (Genel),Özel Durum Açıklaması (Genel) İtalyan Kalkınma Bankası (CDP) ile imzalanan kredi sözleşmesi hk.,https://www.kap.org.tr/tr/Bildirim/1529094,tr,2025-12-23T20:39:27+00:00
2025-12-23,SMRVA,KAP,SÜMER VARLIK YÖNETİM A.Ş. - Sermaye Artırımı - Azaltımı İşlemlerine İlişkin Bildirim,Sermaye Artırımı - Azaltımı İşlemlerine İlişkin Bildirim Bedelsiz Sermaye Arttırımı Hakkında Yönetim Kurulu Kararı,https://www.kap.org.tr/tr/Bildirim/1529028,tr,2025-12-23T18:13:23+00:00
2025-12-23,SMRVA,KAP,SÜMER VARLIK YÖNETİM A.Ş. - Genel Kurul İşlemlerine İlişkin Bildirim,Genel Kurul İşlemlerine İlişkin Bildirim Genel Kurul Toplantısı Sonucu Hakkındadır,https://www.kap.org.tr/tr/Bildirim/1528839,tr,2025-12-23T11:21:21+00:00
2025-12-23,TAMFA,KAP,TAM FİNANS FAKTORİNG A.Ş. - Pay Dışında Sermaye Piyasası Aracı İşlemlerine İlişkin Bildirim (Faiz İçeren),Pay Dışında Sermaye Piyasası Aracı İşlemlerine İlişkin Bildirim (Faiz İçeren) TRFTAMF32623 ISIN Kodlu Finansman Bonosunun Kupon Oranı Belirlenmesi Hk.,https://www.kap.org.tr/tr/Bildirim/1528989,tr,2025-12-23T17:31:22+00:00
2025-12-23,TATGD,KAP,TAT GIDA SANAYİ A.Ş. - Kredi Derecelendirmesi,Kredi Derecelendirmesi Kredi Derecelendirme Notu,https://www.kap.org.tr/tr/Bildirim/1529050,tr,2025-12-23T18:23:57+00:00
2025-12-23,TGB,KAP,TÜRKİYE GARANTİ BANKASI A.Ş. - Yatırım Kuruluşu Varant - Sertifika - Senetlerine İlişkin Bildirim,Yatırım Kuruluşu Varant - Sertifika - Senetlerine İlişkin Bildirim Yatırım Kuruluşu Varantlarının Yurt Dışı Resmi Tatili Sebebiyle İşlem Sıralarının Kapalı olacağı Tarihler,https://www.kap.org.tr/tr/Bildirim/1528856,tr,2025-12-23T12:52:07+00:00
2025-12-23,TGB,KAP,TÜRKİYE GARANTİ BANKASI A.Ş. - Pay Dışında Sermaye Piyasası Aracı İşlemlerine İlişkin Bildirim (Faiz İçeren),Pay Dışında Sermaye Piyasası Aracı İşlemlerine İlişkin Bildirim (Faiz İçeren) MTN ihracı itfası,https://www.kap.org.tr/tr/Bildirim/1528810,tr,2025-12-23T10:31:39+00:00
2025-12-23,THR,KAP,TÜRKİYE İHRACAT KREDİ BANKASI A.Ş. - Pay Dışında Sermaye Piyasası Aracı İşlemlerine İlişkin Bildirim (Faiz İçeren),Pay Dışında Sermaye Piyasası Aracı İşlemlerine İlişkin Bildirim (Faiz İçeren) XS2965112936 ISIN Kodlu Tahvil İtfası Hk,https://www.kap.org.tr/tr/Bildirim/1528883,tr,2025-12-23T14:19:44+00:00
2025-12-23,TIB,KAP,TÜRKİYE İŞ BANKASI A.Ş. - Pay Dışında Sermaye Piyasası Aracı İşlemlerine İlişkin Bildirim (Faiz İçeren),Pay Dışında Sermaye Piyasası Aracı İşlemlerine İlişkin Bildirim (Faiz İçeren) 23.12.2025 vadeli T. İş Bankası A.Ş. Finansman Bonosu İtfası Hakkında,https://www.kap.org.tr/tr/Bildirim/1528805,tr,2025-12-23T10:17:48+00:00
2025-12-23,TOASO,KAP,TOFAŞ TÜRK OTOMOBİL FABRİKASI A.Ş. - Kredi Derecelendirmesi,Kredi Derecelendirmesi JCR-ER Kredi Derecelendirme Notu,https://www.kap.org.tr/tr/Bildirim/1529064,tr,2025-12-23T18:47:22+00:00
2025-12-23,TRALT,KAP,TÜRK ALTIN İŞLETMELERİ A.Ş. - Özel Durum Açıklaması (Genel),Özel Durum Açıklaması (Genel) Çanakkale Karapınar Projesi Hk.,https://www.kap.org.tr/tr/Bildirim/1529060,tr,2025-12-23T18:35:23+00:00
2025-12-23,TUKAS,KAP,TUKAŞ GIDA SANAYİ VE TİCARET A.Ş. - Şirket Genel Bilgi Formu,Şirket Genel Bilgi Formu,https://www.kap.org.tr/tr/Bildirim/1529029,tr,2025-12-23T18:14:17+00:00
2025-12-23,TUKAS,KAP,TUKAŞ GIDA SANAYİ VE TİCARET A.Ş. - Özel Durum Açıklaması (Genel),Özel Durum Açıklaması (Genel) Genel Müdür Ataması Hakkında,https://www.kap.org.tr/tr/Bildirim/1529023,tr,2025-12-23T18:11:13+00:00
2025-12-23,TVB,KAP,TÜRKİYE VAKIFLAR BANKASI T.A.O. - Özel Durum Açıklaması (Genel),Özel Durum Açıklaması (Genel) Asya Altyapı Yatırım Bankası (AIIB) ile yapılan kredi anlaşması hakkında,https://www.kap.org.tr/tr/Bildirim/1528750,tr,2025-12-23T08:27:48+00:00
2025-12-23,ULUSE,KAP,ULUSOY ELEKTRİK İMALAT TAAHHÜT VE TİCARET A.Ş. - Kayıtlı Sermaye Tavanı İşlemlerine İlişkin Bildirim,Kayıtlı Sermaye Tavanı İşlemlerine İlişkin Bildirim Kayıtlı Sermaye Tavanı Tescili,https://www.kap.org.tr/tr/Bildirim/1529077,tr,2025-12-23T19:06:42+00:00
2025-12-23,ULUSE,KAP,ULUSOY ELEKTRİK İMALAT TAAHHÜT VE TİCARET A.Ş. - Bağımsız Denetim Kuruluşunun Belirlenmesi,Bağımsız Denetim Kuruluşunun Belirlenmesi Bağımsız Denetim Kuruluşu Seçiminin Tescili,https://www.kap.org.tr/tr/Bildirim/1529074,tr,2025-12-23T19:02:01+00:00
2025-12-23,ULUSE,KAP,ULUSOY ELEKTRİK İMALAT TAAHHÜT VE TİCARET A.Ş. - Genel Kurul İşlemlerine İlişkin Bildirim,Genel Kurul İşlemlerine İlişkin Bildirim Olağan Genel Kurul Kararlarının Tescili,https://www.kap.org.tr/tr/Bildirim/1529073,tr,2025-12-23T18:57:32+00:00
2025-12-23,VAKBN,KAP,TÜRKİYE VAKIFLAR BANKASI T.A.O. - Özel Durum Açıklaması (Genel),Özel Durum Açıklaması (Genel) Asya Altyapı Yatırım Bankası (AIIB) ile yapılan kredi anlaşması hakkında,https://www.kap.org.tr/tr/Bildirim/1528750,tr,2025-12-23T08:27:48+00:00
2025-12-23,VBTYZ,KAP,VBT YAZILIM A.Ş. - Yeni İş İlişkisi,Yeni İş İlişkisi Yeni İş İlişkisi Hakkında,https://www.kap.org.tr/tr/Bildirim/1529059,tr,2025-12-23T18:33:29+00:00
2025-12-23,VERTU,KAP,VERUSATURK GİRİŞİM SERMAYESİ YATIRIM ORTAKLIĞI A.Ş. - Şirket Genel Bilgi Formu,Şirket Genel Bilgi Formu,https://www.kap.org.tr/tr/Bildirim/1529072,tr,2025-12-23T18:55:58+00:00
2025-12-23,VERTU,KAP,VERUSATURK GİRİŞİM SERMAYESİ YATIRIM ORTAKLIĞI A.Ş. - Özel Durum Açıklaması (Genel),Özel Durum Açıklaması (Genel) Yatırımcı İlişkileri Bölüm Yöneticisi Ataması,https://www.kap.org.tr/tr/Bildirim/1529071,tr,2025-12-23T18:55:43+00:00
2025-12-23,VESBE,KAP,VESTEL BEYAZ EŞYA SANAYİ VE TİCARET A.Ş. - Özel Durum Açıklaması (Genel),Özel Durum Açıklaması (Genel) Yönetici Sorumluluk Sigortası Yenilemesi Hakkında,https://www.kap.org.tr/tr/Bildirim/1528914,tr,2025-12-23T15:22:42+00:00
2025-12-23,VESTL,KAP,VESTEL ELEKTRONİK SANAYİ VE TİCARET A.Ş. - Kurumsal Yönetim Bilgi Formu (Güncelleme) - Yönetim Kurulu-2,Kurumsal Yönetim Bilgi Formu (Güncelleme) - Yönetim Kurulu-2 Güncelleme,https://www.kap.org.tr/tr/Bildirim/1528925,tr,2025-12-23T15:42:47+00:00
2025-12-23,VESTL,KAP,VESTEL ELEKTRONİK SANAYİ VE TİCARET A.Ş. - Kurumsal Yönetim Bilgi Formu (Güncelleme) - Yönetim Kurulu-1,Kurumsal Yönetim Bilgi Formu (Güncelleme) - Yönetim Kurulu-1 Güncelleme,https://www.kap.org.tr/tr/Bildirim/1528924,tr,2025-12-23T15:42:36+00:00
2025-12-23,VESTL,KAP,VESTEL ELEKTRONİK SANAYİ VE TİCARET A.Ş. - Özel Durum Açıklaması (Genel),Özel Durum Açıklaması (Genel) Yönetici Sorumluluk Sigortası Yenilemesi Hakkında,https://www.kap.org.tr/tr/Bildirim/1528915,tr,2025-12-23T15:24:07+00:00
2025-12-23,VKFYO,KAP,VAKIF MENKUL KIYMET YATIRIM ORTAKLIĞI A.Ş. - Özel Durum Açıklaması (Genel),"Özel Durum Açıklaması (Genel) Şirketimizin BİAŞ'da oluşan ağırlıklı ortalama fiyatın, pay başına net aktif değerin 2 katını aşması sebebiyle yapılan açıklamadır.",https://www.kap.org.tr/tr/Bildirim/1529066,tr,2025-12-23T18:53:50+00:00
2025-12-23,YEOTK,KAP,YEO TEKNOLOJİ ENERJİ VE ENDÜSTRİ A.Ş. - Yeni İş İlişkisi,Yeni İş İlişkisi Yeni İş İlişkisi,https://www.kap.org.tr/tr/Bildirim/1528760,tr,2025-12-23T09:03:30+00:00
2025-12-23,YESIL,KAP,YEŞİL YATIRIM HOLDİNG A.Ş. - Şirket Genel Bilgi Formu,Şirket Genel Bilgi Formu,https://www.kap.org.tr/tr/Bildirim/1528868,tr,2025-12-23T13:39:39+00:00
2025-12-23,YESIL,KAP,YEŞİL YATIRIM HOLDİNG A.Ş. - Finansal Duran Varlık Satışı,Finansal Duran Varlık Satışı Finansal Duran Varlık Satışı Hakkında,https://www.kap.org.tr/tr/Bildirim/1528867,tr,2025-12-23T13:37:10+00:00
2025-12-23,YKB,KAP,YAPI VE KREDİ BANKASI A.Ş. - Pay Dışında Sermaye Piyasası Aracı İşlemlerine İlişkin Bildirim (Faiz İçeren),Pay Dışında Sermaye Piyasası Aracı İşlemlerine İlişkin Bildirim (Faiz İçeren) Özkaynak hesaplamasına dahil edilebilir nitelikte yurtiçinde ihraç edilen borçlanma aracının kupon oranı,https://www.kap.org.tr/tr/Bildirim/1528964,tr,2025-12-23T17:02:19+00:00
2025-12-23,YKBNK,KAP,YAPI VE KREDİ BANKASI A.Ş. - Pay Dışında Sermaye Piyasası Aracı İşlemlerine İlişkin Bildirim (Faiz İçeren),Pay Dışında Sermaye Piyasası Aracı İşlemlerine İlişkin Bildirim (Faiz İçeren) Özkaynak hesaplamasına dahil edilebilir nitelikte yurtiçinde ihraç edilen borçlanma aracının kupon oranı,https://www.kap.org.tr/tr/Bildirim/1528964,tr,2025-12-23T17:02:19+00:00
2025-12-23,ZKBVR,KAP,ZKB VARLIK KİRALAMA A.Ş. - Pay Dışında Sermaye Piyasası Aracı İşlemlerine İlişkin Bildirim (Faizsiz),Pay Dışında Sermaye Piyasası Aracı İşlemlerine İlişkin Bildirim (Faizsiz) TRDZKBVA2513 ISIN kodlu Yurtiçi Kira Sertifikalarının İtfa ve Getiri Ödeme İşlemlerinin Tamamlanması Hk GSMTK,https://www.kap.org.tr/tr/Bildirim/1528869,tr,2025-12-23T13:39:47+00:00
2025-12-23,ZRGYO,KAP,ZİRAAT GAYRİMENKUL YATIRIM ORTAKLIĞI A.Ş. - Değerleme Raporu,Değerleme Raporu Kocaeli Kartepe Natamam Otel Yıl Sonu Değerleme Raporu,https://www.kap.org.tr/tr/Bildirim/1529012,tr,2025-12-23T17:59:26+00:00
2025-12-23,ZRGYO,KAP,ZİRAAT GAYRİMENKUL YATIRIM ORTAKLIĞI A.Ş. - Değerleme Raporu,Değerleme Raporu Balmumcu Projesi Yıl Sonu Değerleme Raporu,https://www.kap.org.tr/tr/Bildirim/1529011,tr,2025-12-23T17:59:18+00:00
2025-12-23,ZRGYO,KAP,ZİRAAT GAYRİMENKUL YATIRIM ORTAKLIĞI A.Ş. - Değerleme Raporu,Değerleme Raporu Levent Arsası Yıl Sonu Değerleme Raporu,https://www.kap.org.tr/tr/Bildirim/1529009,tr,2025-12-23T17:58:55+00:00
2025-12-24,AGHOL,KAP,AG ANADOLU GRUBU HOLDİNG A.Ş. - Pay Dışında Sermaye Piyasası Aracı İşlemlerine İlişkin Bildirim (Faiz İçeren),Pay Dışında Sermaye Piyasası Aracı İşlemlerine İlişkin Bildirim (Faiz İçeren) TRFYAZI62618 ISIN Kodlu tahvilin ikinci kupon faiz oranı hakkında,https://www.kap.org.tr/tr/Bildirim/1529480,tr,2025-12-24T18:33:22+00:00
2025-12-24,AGROT,KAP,AGROTECH YÜKSEK TEKNOLOJİ VE YATIRIM A.Ş. - Yeni İş İlişkisi,Yeni İş İlişkisi Joyance Teknoloji ve GridStudio AI ile Stratejik İş Birliği Hakkında,https://www.kap.org.tr/tr/Bildirim/1529455,tr,2025-12-24T18:12:40+00:00
2025-12-24,AKBNK,KAP,AKBANK T.A.Ş. - Pay Dışında Sermaye Piyasası Aracı İşlemlerine İlişkin Bildirim (Faiz İçeren),Pay Dışında Sermaye Piyasası Aracı İşlemlerine İlişkin Bildirim (Faiz İçeren) XS3105542941 ISIN Kodlu Yurtdışı Piyasalara İhraç Edilen Tahvilin Kupon Ödemesi,https://www.kap.org.tr/tr/Bildirim/1529446,tr,2025-12-24T18:02:03+00:00
2025-12-24,AKBNK,KAP,AKBANK T.A.Ş. - Pay Dışında Sermaye Piyasası Aracı İşlemlerine İlişkin Bildirim (Faiz İçeren),Pay Dışında Sermaye Piyasası Aracı İşlemlerine İlişkin Bildirim (Faiz İçeren) XS3107199781 ISIN Kodlu Yurtdışı Piyasalara İhraç Edilen Tahvilin Kupon Ödemesi,https://www.kap.org.tr/tr/Bildirim/1529445,tr,2025-12-24T18:01:45+00:00
2025-12-24,AKM,KAP,AK YATIRIM MENKUL DEĞERLER A.Ş. - Fiyat Tespit Raporuna İlişkin Analist Raporu (Halka Arza Aracılık Eden Kuruluş Dışında Farklı bir Kuruluş Tarafından Hazırlanan),Fiyat Tespit Raporuna İlişkin Analist Raporu (Halka Arza Aracılık Eden Kuruluş Dışında Farklı bir Kuruluş Tarafından Hazırlanan) ARF Bio Yenilenebilir Enerji Üretim A.Ş. - Fiyat Tespit Raporu Görüşü ARFYE,https://www.kap.org.tr/tr/Bildirim/1529370,tr,2025-12-24T16:39:48+00:00
2025-12-24,AKM,KAP,AK YATIRIM MENKUL DEĞERLER A.Ş. - Yatırım Kuruluşu Varant - Sertifika - Senetlerine İlişkin Bildirim,Yatırım Kuruluşu Varant - Sertifika - Senetlerine İlişkin Bildirim 23.12.025 Vadeli Brent Petrol Varantlarının İtfa Fiyatları,https://www.kap.org.tr/tr/Bildirim/1529175,tr,2025-12-24T10:59:19+00:00
2025-12-24,AKM,KAP,AK YATIRIM MENKUL DEĞERLER A.Ş. - Pay Dışında Sermaye Piyasası Aracı İşlemlerine İlişkin Bildirim (Faiz İçeren),Pay Dışında Sermaye Piyasası Aracı İşlemlerine İlişkin Bildirim (Faiz İçeren) 24.12.2025 Vadeli Borçlanma Aracının İtfası,https://www.kap.org.tr/tr/Bildirim/1529174,tr,2025-12-24T10:58:49+00:00
2025-12-24,AKM,KAP,AK YATIRIM MENKUL DEĞERLER A.Ş. - Yatırım Kuruluşu Varant - Sertifika - Senetlerine İlişkin Bildirim,Yatırım Kuruluşu Varant - Sertifika - Senetlerine İlişkin Bildirim Noel Tatili Nedeniyle İşlem Sıraları Kapalı Olacak Ak Yatırım Varant ve Sertifikaları,https://www.kap.org.tr/tr/Bildirim/1529147,tr,2025-12-24T09:46:43+00:00
2025-12-24,AKMEN,KAP,AK YATIRIM MENKUL DEĞERLER A.Ş. - Fiyat Tespit Raporuna İlişkin Analist Raporu (Halka Arza Aracılık Eden Kuruluş Dışında Farklı bir Kuruluş Tarafından Hazırlanan),Fiyat Tespit Raporuna İlişkin Analist Raporu (Halka Arza Aracılık Eden Kuruluş Dışında Farklı bir Kuruluş Tarafından Hazırlanan) ARF Bio Yenilenebilir Enerji Üretim A.Ş. - Fiyat Tespit Raporu Görüşü ARFYE,https://www.kap.org.tr/tr/Bildirim/1529370,tr,2025-12-24T16:39:48+00:00
2025-12-24,AKMEN,KAP,AK YATIRIM MENKUL DEĞERLER A.Ş. - Yatırım Kuruluşu Varant - Sertifika - Senetlerine İlişkin Bildirim,Yatırım Kuruluşu Varant - Sertifika - Senetlerine İlişkin Bildirim 23.12.025 Vadeli Brent Petrol Varantlarının İtfa Fiyatları,https://www.kap.org.tr/tr/Bildirim/1529175,tr,2025-12-24T10:59:19+00:00
2025-12-24,AKMEN,KAP,AK YATIRIM MENKUL DEĞERLER A.Ş. - Pay Dışında Sermaye Piyasası Aracı İşlemlerine İlişkin Bildirim (Faiz İçeren),Pay Dışında Sermaye Piyasası Aracı İşlemlerine İlişkin Bildirim (Faiz İçeren) 24.12.2025 Vadeli Borçlanma Aracının İtfası,https://www.kap.org.tr/tr/Bildirim/1529174,tr,2025-12-24T10:58:49+00:00
2025-12-24,AKMEN,KAP,AK YATIRIM MENKUL DEĞERLER A.Ş. - Yatırım Kuruluşu Varant - Sertifika - Senetlerine İlişkin Bildirim,Yatırım Kuruluşu Varant - Sertifika - Senetlerine İlişkin Bildirim Noel Tatili Nedeniyle İşlem Sıraları Kapalı Olacak Ak Yatırım Varant ve Sertifikaları,https://www.kap.org.tr/tr/Bildirim/1529147,tr,2025-12-24T09:46:43+00:00
2025-12-24,AKSUE,KAP,AKSU ENERJİ VE TİCARET A.Ş. - Sermaye Artırımı - Azaltımı İşlemlerine İlişkin Bildirim,Sermaye Artırımı - Azaltımı İşlemlerine İlişkin Bildirim Tahsisli sermaye artırımına karar alınması.,https://www.kap.org.tr/tr/Bildirim/1529484,tr,2025-12-24T18:39:36+00:00
2025-12-24,AKSUE,KAP,AKSU ENERJİ VE TİCARET A.Ş. - Sermaye Artırımından Elde Edilecek - Edilen Fonun Kullanımına İlişkin Rapor,Sermaye Artırımından Elde Edilecek - Edilen Fonun Kullanımına İlişkin Rapor Sermaye Artırımından Elde Edilecek Fonun Kullanımına İlişkin Rapor,https://www.kap.org.tr/tr/Bildirim/1529482,tr,2025-12-24T18:39:22+00:00
2025-12-24,ALGYO,KAP,ALARKO GAYRİMENKUL YATIRIM ORTAKLIĞI A.Ş. - Sermaye Artırımı - Azaltımı İşlemlerine İlişkin Bildirim,Sermaye Artırımı - Azaltımı İşlemlerine İlişkin Bildirim Bedelsiz Sermaye Artırımına İlişkin SPK Onayı,https://www.kap.org.tr/tr/Bildirim/1529397,tr,2025-12-24T17:08:38+00:00
2025-12-24,ALNUS,KAP,ALNUS YATIRIM MENKUL DEĞERLER A.Ş. - Fiyat Tespit Raporuna İlişkin Analist Raporu (Halka Arza Aracılık Eden Kuruluş Dışında Farklı bir Kuruluş Tarafından Hazırlanan),Fiyat Tespit Raporuna İlişkin Analist Raporu (Halka Arza Aracılık Eden Kuruluş Dışında Farklı bir Kuruluş Tarafından Hazırlanan) Arf Bio Yenilenebilir Enerji Üretim A.Ş. Fiyat Tespit Raporu'na İlişkin Analist Raporu ARFYE,https://www.kap.org.tr/tr/Bildirim/1529444,tr,2025-12-24T18:01:16+00:00
2025-12-24,ALNUS,KAP,ALNUS YATIRIM MENKUL DEĞERLER A.Ş. - Pay Alım Satım Bildirimi,Pay Alım Satım Bildirimi IEYHO Pay Alım Bildirimi IEYHO,https://www.kap.org.tr/tr/Bildirim/1529428,tr,2025-12-24T17:45:07+00:00
2025-12-24,ALVES,KAP,ALVES KABLO SANAYİ VE TİCARET A.Ş. - Sermaye Artırımı - Azaltımı İşlemlerine İlişkin Bildirim,Sermaye Artırımı - Azaltımı İşlemlerine İlişkin Bildirim Bedelsiz Sermaye Artırımı_Emisyon Primi ve Geçmiş Yıl Kârları hesap kalemlerinde revize yapılması,https://www.kap.org.tr/tr/Bildirim/1529452,tr,2025-12-24T18:11:18+00:00
2025-12-24,ANC,KAP,ALNUS YATIRIM MENKUL DEĞERLER A.Ş. - Fiyat Tespit Raporuna İlişkin Analist Raporu (Halka Arza Aracılık Eden Kuruluş Dışında Farklı bir Kuruluş Tarafından Hazırlanan),Fiyat Tespit Raporuna İlişkin Analist Raporu (Halka Arza Aracılık Eden Kuruluş Dışında Farklı bir Kuruluş Tarafından Hazırlanan) Arf Bio Yenilenebilir Enerji Üretim A.Ş. Fiyat Tespit Raporu'na İlişkin Analist Raporu ARFYE,https://www.kap.org.tr/tr/Bildirim/1529444,tr,2025-12-24T18:01:16+00:00
2025-12-24,ANC,KAP,ALNUS YATIRIM MENKUL DEĞERLER A.Ş. - Pay Alım Satım Bildirimi,Pay Alım Satım Bildirimi IEYHO Pay Alım Bildirimi IEYHO,https://www.kap.org.tr/tr/Bildirim/1529428,tr,2025-12-24T17:45:07+00:00
2025-12-24,ANHYT,KAP,ANADOLU HAYAT EMEKLİLİK A.Ş. - Kayıtlı Sermaye Tavanı İşlemlerine İlişkin Bildirim,"Kayıtlı Sermaye Tavanı İşlemlerine İlişkin Bildirim Kayıtlı Sermaye Tavanının Artırılması, İzin Süresinin Uzatılması ve Esas Sözleşmede Değişiklik Yapılması Hakkında",https://www.kap.org.tr/tr/Bildirim/1529498,tr,2025-12-24T19:26:04+00:00
2025-12-24,ARCLK,KAP,ARÇELİK A.Ş. - İhraç Belgesi,İhraç Belgesi Yurtiçinde borçlanma aracı İhraç Belgesi,https://www.kap.org.tr/tr/Bildirim/1529469,tr,2025-12-24T18:19:44+00:00
2025-12-24,ARCLK,KAP,ARÇELİK A.Ş. - İhraç Tavanına İlişkin Bildirim,İhraç Tavanına İlişkin Bildirim Yurtiçinde borçlanma aracı İhraç Belgesinin SPK onayı,https://www.kap.org.tr/tr/Bildirim/1529467,tr,2025-12-24T18:19:36+00:00
2025-12-24,ARCLK,KAP,ARÇELİK A.Ş. - Geri Alınan Payların Elden Çıkarılması,Geri Alınan Payların Elden Çıkarılması Geri Alınan Payların Elden Çıkarılması,https://www.kap.org.tr/tr/Bildirim/1529463,tr,2025-12-24T18:17:02+00:00
2025-12-24,ARDYZ,KAP,ARD GRUP BİLİŞİM TEKNOLOJİLERİ A.Ş. - Yeni İş İlişkisi,Yeni İş İlişkisi Yeni İş İlişkisi Hk.,https://www.kap.org.tr/tr/Bildirim/1529489,tr,2025-12-24T18:44:23+00:00
2025-12-24,ARDYZ,KAP,ARD GRUP BİLİŞİM TEKNOLOJİLERİ A.Ş. - Yeni İş İlişkisi,Yeni İş İlişkisi Yeni İş İlişkisi Hk.,https://www.kap.org.tr/tr/Bildirim/1529127,tr,2025-12-24T09:19:37+00:00
2025-12-24,ARSVY,KAP,ARSAN VARLIK YÖNETİM A.Ş. - Pay Dışında Sermaye Piyasası Aracı İşlemlerine İlişkin Bildirim (Faiz İçeren),Pay Dışında Sermaye Piyasası Aracı İşlemlerine İlişkin Bildirim (Faiz İçeren) TRFARSVA2514 ISIN kodlu tahvil itfası.,https://www.kap.org.tr/tr/Bildirim/1529290,tr,2025-12-24T15:04:10+00:00
2025-12-24,ARSVY,KAP,ARSAN VARLIK YÖNETİM A.Ş. - Pay Dışında Sermaye Piyasası Aracı İşlemlerine İlişkin Bildirim (Faiz İçeren),Pay Dışında Sermaye Piyasası Aracı İşlemlerine İlişkin Bildirim (Faiz İçeren) TRFARSVA2514 ISIN kodlu 24.12.2025 vade tarihli kupon faiz oranı belirlenmesi.,https://www.kap.org.tr/tr/Bildirim/1529178,tr,2025-12-24T11:01:54+00:00
2025-12-24,ASTOR,KAP,ASTOR ENERJİ A.Ş. - Özel Durum Açıklaması (Genel),Özel Durum Açıklaması (Genel) HSBC Bank Middle East Limited ile OeKB Güvenceli Kredi Sözleşmesinin İmzalanması Hakkında,https://www.kap.org.tr/tr/Bildirim/1529359,tr,2025-12-24T16:13:23+00:00
2025-12-24,AYGAZ,KAP,AYGAZ A.Ş. - İhraç Tavanına İlişkin Bildirim,İhraç Tavanına İlişkin Bildirim Yurtiçinde borçlanma aracı ihracı için yetki verilmesine ilişkin Yönetim Kurulu Kararı,https://www.kap.org.tr/tr/Bildirim/1529468,tr,2025-12-24T18:19:42+00:00
2025-12-24,BASCM,KAP,BAŞTAŞ BAŞKENT ÇİMENTO SANAYİ VE TİCARET A.Ş. - Özel Durum Açıklaması (Genel),Özel Durum Açıklaması (Genel) Toplu İş Sözleşmesi Görüşmelerine Başlanması,https://www.kap.org.tr/tr/Bildirim/1529256,tr,2025-12-24T14:34:24+00:00
2025-12-24,BIGCH,KAP,BÜYÜK ŞEFLER GIDA TURİZM TEKSTİL DANIŞMANLIK ORGANİZASYON EĞİTİM SANAYİ VE TİCARET A.Ş. - Sermaye Artırımı - Azaltımı İşlemlerine İlişkin Bildirim,Sermaye Artırımı - Azaltımı İşlemlerine İlişkin Bildirim Bedelsiz Sermaye Artırımına İlişkin SPK Başvurusu,https://www.kap.org.tr/tr/Bildirim/1529385,tr,2025-12-24T16:55:48+00:00
2025-12-24,BIMAS,KAP,BİM BİRLEŞİK MAĞAZALAR A.Ş. - Özel Durum Açıklaması (Genel),Özel Durum Açıklaması (Genel) Katılım Bankası Kurulmasına İlişkin Çalışmalar Hakkında,https://www.kap.org.tr/tr/Bildirim/1529099,tr,2025-12-24T08:04:32+00:00
2025-12-24,BLS,KAP,BULLS YATIRIM MENKUL DEĞERLER A.Ş. - Pay Alım Satım Bildirimi,Pay Alım Satım Bildirimi Pay Alım Satım Bildirimi Hk. BULGS,https://www.kap.org.tr/tr/Bildirim/1529450,tr,2025-12-24T18:11:10+00:00
2025-12-24,BLSMD,KAP,BULLS YATIRIM MENKUL DEĞERLER A.Ş. - Pay Alım Satım Bildirimi,Pay Alım Satım Bildirimi Pay Alım Satım Bildirimi Hk. BULGS,https://www.kap.org.tr/tr/Bildirim/1529450,tr,2025-12-24T18:11:10+00:00
2025-12-24,BORLS,KAP,BORLEASE OTOMOTİV A.Ş. - Pay Dışında Sermaye Piyasası Aracı İşlemlerine İlişkin Bildirim (Faiz İçeren),Pay Dışında Sermaye Piyasası Aracı İşlemlerine İlişkin Bildirim (Faiz İçeren) BORÇLANMA ARACI KUPON ÖDEMESİ (TRFBORL32611),https://www.kap.org.tr/tr/Bildirim/1529249,tr,2025-12-24T14:21:09+00:00
2025-12-24,BORLS,KAP,BORLEASE OTOMOTİV A.Ş. - Pay Dışında Sermaye Piyasası Aracı İşlemlerine İlişkin Bildirim (Faiz İçeren),Pay Dışında Sermaye Piyasası Aracı İşlemlerine İlişkin Bildirim (Faiz İçeren) TRFBORL32611 ISIN KODLU BORÇLANMA ARACININ KUPON ORANININ BELİRLENMESİ,https://www.kap.org.tr/tr/Bildirim/1529098,tr,2025-12-24T00:49:53+00:00
2025-12-24,BRGFK,KAP,BURGAN FİNANSAL KİRALAMA A.Ş. - Pay Dışında Sermaye Piyasası Aracı İşlemlerine İlişkin Bildirim (Faiz İçeren),Pay Dışında Sermaye Piyasası Aracı İşlemlerine İlişkin Bildirim (Faiz İçeren) TRFBUFKA2516 ISIN Kodlu Bono 2.Kupon ve Anapara Ödemesi,https://www.kap.org.tr/tr/Bildirim/1529226,tr,2025-12-24T13:29:00+00:00
2025-12-24,BRGFK,KAP,BURGAN FİNANSAL KİRALAMA A.Ş. - Pay Dışında Sermaye Piyasası Aracı İşlemlerine İlişkin Bildirim (Faiz İçeren),Pay Dışında Sermaye Piyasası Aracı İşlemlerine İlişkin Bildirim (Faiz İçeren) TRFBUFK62612 ISIN Kodlu Tahvil İhracı,https://www.kap.org.tr/tr/Bildirim/1529146,tr,2025-12-24T09:45:34+00:00
2025-12-24,BRKT,KAP,BEREKET VARLIK KİRALAMA A.Ş. - Pay Dışında Sermaye Piyasası Aracı İşlemlerine İlişkin Bildirim (Faizsiz),Pay Dışında Sermaye Piyasası Aracı İşlemlerine İlişkin Bildirim (Faizsiz) TRDBRKTA2517 ISIN Kodlu Kira Sertifikasının İtfası Hk. ALBRK,https://www.kap.org.tr/tr/Bildirim/1529184,tr,2025-12-24T11:09:54+00:00
2025-12-24,BRKT,KAP,BEREKET VARLIK KİRALAMA A.Ş. - Pay Dışında Sermaye Piyasası Aracı İşlemlerine İlişkin Bildirim (Faizsiz),Pay Dışında Sermaye Piyasası Aracı İşlemlerine İlişkin Bildirim (Faizsiz) TRDBRKTA2525 ISIN Kodlu Kira Sertifikasının İtfası Hk. ALBRK,https://www.kap.org.tr/tr/Bildirim/1529183,tr,2025-12-24T11:08:29+00:00
2025-12-24,BRKT,KAP,BEREKET VARLIK KİRALAMA A.Ş. - Pay Dışında Sermaye Piyasası Aracı İşlemlerine İlişkin Bildirim (Faizsiz),Pay Dışında Sermaye Piyasası Aracı İşlemlerine İlişkin Bildirim (Faizsiz) TRDBRKT32625 ISIN Kodlu Yurt İçi Kira Sertifikası Satışının Tamamlanması Hk. ALBRK,https://www.kap.org.tr/tr/Bildirim/1529182,tr,2025-12-24T11:06:44+00:00
2025-12-24,BRMEN,KAP,BİRLİK MENSUCAT TİCARET VE SANAYİ İŞLETMESİ A.Ş. - Özel Durum Açıklaması (Genel),Özel Durum Açıklaması (Genel) Payların niteliğinin işlem gören statüsünden işlem görmeyen statüsüne dönüştürülmesi talebi,https://www.kap.org.tr/tr/Bildirim/1529478,tr,2025-12-24T18:30:17+00:00
2025-12-24,BTCIM,KAP,BATIÇİM BATI ANADOLU ÇİMENTO SANAYİİ A.Ş. - Ayrılma Hakkı Kullanımına İlişkin Bildirim,Ayrılma Hakkı Kullanımına İlişkin Bildirim Ayrılma Hakkı Kullanımına İlişkin Bildirim hk. BSOKE,https://www.kap.org.tr/tr/Bildirim/1529152,tr,2025-12-24T09:55:21+00:00
2025-12-24,BUCIM,KAP,BURSA ÇİMENTO FABRİKASI A.Ş. - Özel Durum Açıklaması (Genel),Özel Durum Açıklaması (Genel) Toplu İş Sözleşmesi Görüşmelerine Başlanması,https://www.kap.org.tr/tr/Bildirim/1529285,tr,2025-12-24T14:55:30+00:00
2025-12-24,CAGFA,KAP,ÇAĞDAŞ FAKTORİNG A.Ş. - İhraç Belgesi,İhraç Belgesi ihraç belgesi,https://www.kap.org.tr/tr/Bildirim/1529485,tr,2025-12-24T18:39:58+00:00
2025-12-24,CAGFA,KAP,ÇAĞDAŞ FAKTORİNG A.Ş. - Pay Dışında Sermaye Piyasası Aracı İşlemlerine İlişkin Bildirim (Faiz İçeren),Pay Dışında Sermaye Piyasası Aracı İşlemlerine İlişkin Bildirim (Faiz İçeren) TRFCGDF32633 ISIN Kodlu İhracın 3.Kupon Faiz Oranının Belirlenmesi,https://www.kap.org.tr/tr/Bildirim/1529483,tr,2025-12-24T18:39:26+00:00
2025-12-24,CAGFA,KAP,ÇAĞDAŞ FAKTORİNG A.Ş. - Pay Dışında Sermaye Piyasası Aracı İşlemlerine İlişkin Bildirim (Faiz İçeren),Pay Dışında Sermaye Piyasası Aracı İşlemlerine İlişkin Bildirim (Faiz İçeren) TRSCGDF62617 ISIN Kodlu İhracın 2.Kupon Faiz Oranının Belirlenmesi,https://www.kap.org.tr/tr/Bildirim/1529481,tr,2025-12-24T18:38:53+00:00
2025-12-24,CCOLA,KAP,COCA-COLA İÇECEK A.Ş. - Pay Dışında Sermaye Piyasası Aracı İşlemlerine İlişkin Bildirim (Faiz İçeren),Pay Dışında Sermaye Piyasası Aracı İşlemlerine İlişkin Bildirim (Faiz İçeren) TRSCOLA92612 ISIN Kodlu Tahvilin 5. Kupon Ödemesi,https://www.kap.org.tr/tr/Bildirim/1529297,tr,2025-12-24T15:12:28+00:00
2025-12-24,COSMO,KAP,COSMOS YATIRIM HOLDİNG A.Ş. - Sermaye Artırımı - Azaltımı İşlemlerine İlişkin Bildirim,Sermaye Artırımı - Azaltımı İşlemlerine İlişkin Bildirim İhraç Belgesi Onayı Hakkında,https://www.kap.org.tr/tr/Bildirim/1529315,tr,2025-12-24T15:27:54+00:00
2025-12-24,COSMO,KAP,COSMOS YATIRIM HOLDİNG A.Ş. - Sermaye Artırımı - Azaltımı İşlemlerine İlişkin Bildirim,Sermaye Artırımı - Azaltımı İşlemlerine İlişkin Bildirim İhraç Belgesi Onayı Hakkında,https://www.kap.org.tr/tr/Bildirim/1529289,tr,2025-12-24T15:01:57+00:00
2025-12-24,DMD,KAP,DESTEK YATIRIM MENKUL DEĞERLER A.Ş. - Fiyat Tespit Raporuna İlişkin Analist Raporu (Halka Arza Aracılık Eden Kuruluş Dışında Farklı bir Kuruluş Tarafından Hazırlanan),Fiyat Tespit Raporuna İlişkin Analist Raporu (Halka Arza Aracılık Eden Kuruluş Dışında Farklı bir Kuruluş Tarafından Hazırlanan) Arf Bio Yenilenebilir Enerji Üretim A.Ş. Fiyat Tespit Raporu'na İlişkin Analist Raporu ARFYE,https://www.kap.org.tr/tr/Bildirim/1529458,tr,2025-12-24T18:15:43+00:00
2025-12-24,DMD,KAP,DESTEK YATIRIM MENKUL DEĞERLER A.Ş. - Pay Dışında Sermaye Piyasası Aracı İşlemlerine İlişkin Bildirim (Faiz İçeren),Pay Dışında Sermaye Piyasası Aracı İşlemlerine İlişkin Bildirim (Faiz İçeren) 23.12.2025 Tarihli Yurt Dışı İhracı,https://www.kap.org.tr/tr/Bildirim/1529413,tr,2025-12-24T17:29:00+00:00
2025-12-24,DSYAT,KAP,DESTEK YATIRIM MENKUL DEĞERLER A.Ş. - Fiyat Tespit Raporuna İlişkin Analist Raporu (Halka Arza Aracılık Eden Kuruluş Dışında Farklı bir Kuruluş Tarafından Hazırlanan),Fiyat Tespit Raporuna İlişkin Analist Raporu (Halka Arza Aracılık Eden Kuruluş Dışında Farklı bir Kuruluş Tarafından Hazırlanan) Arf Bio Yenilenebilir Enerji Üretim A.Ş. Fiyat Tespit Raporu'na İlişkin Analist Raporu ARFYE,https://www.kap.org.tr/tr/Bildirim/1529458,tr,2025-12-24T18:15:43+00:00
2025-12-24,DSYAT,KAP,DESTEK YATIRIM MENKUL DEĞERLER A.Ş. - Pay Dışında Sermaye Piyasası Aracı İşlemlerine İlişkin Bildirim (Faiz İçeren),Pay Dışında Sermaye Piyasası Aracı İşlemlerine İlişkin Bildirim (Faiz İçeren) 23.12.2025 Tarihli Yurt Dışı İhracı,https://www.kap.org.tr/tr/Bildirim/1529413,tr,2025-12-24T17:29:00+00:00
2025-12-24,ECILC,KAP,EİS ECZACIBAŞI İLAÇ SINAİ VE FİNANSAL YATIRIMLAR SANAYİ VE TİCARET A.Ş. - Özel Durum Açıklaması (Genel),Özel Durum Açıklaması (Genel) Genel Yatırımcı Sunumu ve Yatırımcı Webinarı,https://www.kap.org.tr/tr/Bildirim/1529479,tr,2025-12-24T18:33:06+00:00
2025-12-24,EGPRO,KAP,EGE PROFİL TİCARET VE SANAYİ A.Ş. - Genel Kurul İşlemlerine İlişkin Bildirim,Genel Kurul İşlemlerine İlişkin Bildirim Olağanüstü Genel Kurul Çağrısı,https://www.kap.org.tr/tr/Bildirim/1529454,tr,2025-12-24T18:12:11+00:00
2025-12-24,EKGYO,KAP,EMLAK KONUT GAYRİMENKUL YATIRIM ORTAKLIĞI A.Ş. - Özel Durum Açıklaması (Genel),Özel Durum Açıklaması (Genel) İstanbul Esenler Atışalanı 4. Etap Yer Teslimi,https://www.kap.org.tr/tr/Bildirim/1529373,tr,2025-12-24T16:46:20+00:00
2025-12-24,EKGYO,KAP,EMLAK KONUT GAYRİMENKUL YATIRIM ORTAKLIĞI A.Ş. - Özel Durum Açıklaması (Genel),Özel Durum Açıklaması (Genel) İzmir Bayraklı 1. Etap İhalesi 2. Oturum Tarihi,https://www.kap.org.tr/tr/Bildirim/1529372,tr,2025-12-24T16:44:52+00:00
2025-12-24,EKGYO,KAP,EMLAK KONUT GAYRİMENKUL YATIRIM ORTAKLIĞI A.Ş. - Özel Durum Açıklaması (Genel),Özel Durum Açıklaması (Genel) İstanbul Ataşehir Kayışdağı İhalesi 1. Oturum Sonucu FENER,https://www.kap.org.tr/tr/Bildirim/1529371,tr,2025-12-24T16:44:08+00:00
2025-12-24,EKTVK,KAP,EMLAK KATILIM VARLIK KİRALAMA A.Ş. - Pay Dışında Sermaye Piyasası Aracı İşlemlerine İlişkin Bildirim (Faizsiz),Pay Dışında Sermaye Piyasası Aracı İşlemlerine İlişkin Bildirim (Faizsiz) TRDEVKS12625 ISIN Kodlu Kira Sertifikasının 12. Dönemsel Getiri Oranının Belirlenmesi Hk. EKT,https://www.kap.org.tr/tr/Bildirim/1529390,tr,2025-12-24T17:03:27+00:00
2025-12-24,EMVAR,KAP,EMLAK VARLIK KİRALAMA A.Ş. - Pay Dışında Sermaye Piyasası Aracı İşlemlerine İlişkin Bildirim (Faizsiz),Pay Dışında Sermaye Piyasası Aracı İşlemlerine İlişkin Bildirim (Faizsiz) TRDEMVK32618 ISIN Kodlu Kira Sertifikasının 7. Dönemsel Getiri Ödemesi Hk. AKFK,https://www.kap.org.tr/tr/Bildirim/1529392,tr,2025-12-24T17:04:27+00:00
2025-12-24,ENDAE,KAP,ENDA ENERJİ HOLDİNG A.Ş. - Özel Durum Açıklaması (Genel),Özel Durum Açıklaması (Genel) Yönetici Sorumluluk Sigortası,https://www.kap.org.tr/tr/Bildirim/1529383,tr,2025-12-24T16:54:13+00:00
2025-12-24,ENERY,KAP,ENERYA ENERJİ A.Ş. - Payların Geri Alınmasına İlişkin Bildirim,Payların Geri Alınmasına İlişkin Bildirim 24.12.2025 Tarihli Pay Geri Alım İşlemleri,https://www.kap.org.tr/tr/Bildirim/1529476,tr,2025-12-24T18:30:11+00:00
2025-12-24,ENSRI,KAP,ENSARİ SINAİ YATIRIMLAR A.Ş. - Sermaye Artırımı - Azaltımı İşlemlerine İlişkin Bildirim,Sermaye Artırımı - Azaltımı İşlemlerine İlişkin Bildirim Çıkarılmış Sermayenin Tescili Hakkında,https://www.kap.org.tr/tr/Bildirim/1529502,tr,2025-12-24T20:00:49+00:00
2025-12-24,ENSRI,KAP,ENSARİ SINAİ YATIRIMLAR A.Ş. - Şirket Genel Bilgi Formu,Şirket Genel Bilgi Formu,https://www.kap.org.tr/tr/Bildirim/1529499,tr,2025-12-24T19:51:44+00:00
2025-12-24,ERCB,KAP,ERCİYAS ÇELİK BORU SANAYİ A.Ş. - Özel Durum Açıklaması (Genel),Özel Durum Açıklaması (Genel) Toplu İş Sözleşmesi Görüşmeleri Hakkında,https://www.kap.org.tr/tr/Bildirim/1529118,tr,2025-12-24T09:12:24+00:00
2025-12-24,ETYAT,KAP,EURO TREND YATIRIM ORTAKLIĞI A.Ş. - Özel Durum Açıklaması (Genel),"Özel Durum Açıklaması (Genel) BİAŞ'da oluşan ağırlıklı ortalama fiyatın,pay başına net aktif değerin 2 katını aşması",https://www.kap.org.tr/tr/Bildirim/1529331,tr,2025-12-24T15:48:35+00:00
2025-12-24,EUKYO,KAP,EURO KAPİTAL YATIRIM ORTAKLIĞI A.Ş. - Özel Durum Açıklaması (Genel),"Özel Durum Açıklaması (Genel) BİAŞ'da oluşan ağırlıklı ortalama fiyatın,pay başına net aktif değerin 2 katını aşması",https://www.kap.org.tr/tr/Bildirim/1529332,tr,2025-12-24T15:49:06+00:00
2025-12-24,EUREN,KAP,EUROPEN ENDÜSTRİ İNŞAAT SANAYİ VE TİCARET A.Ş. - Özel Durum Açıklaması (Genel),Özel Durum Açıklaması (Genel) Kapasite Artışı,https://www.kap.org.tr/tr/Bildirim/1529194,tr,2025-12-24T11:27:31+00:00
2025-12-24,EUYO,KAP,EURO MENKUL KIYMET YATIRIM ORTAKLIĞI A.Ş. - Özel Durum Açıklaması (Genel),"Özel Durum Açıklaması (Genel) BİAŞ'da oluşan ağırlıklı ortalama fiyatın,pay başına net aktif değerin 2 katını aşması",https://www.kap.org.tr/tr/Bildirim/1529329,tr,2025-12-24T15:39:49+00:00
2025-12-24,EXIMB,KAP,TÜRKİYE İHRACAT KREDİ BANKASI A.Ş. - Pay Dışında Sermaye Piyasası Aracı İşlemlerine İlişkin Bildirim (Faiz İçeren),Pay Dışında Sermaye Piyasası Aracı İşlemlerine İlişkin Bildirim (Faiz İçeren) XS2967177119 ISIN Kodlu Tahvil İtfası Hk,https://www.kap.org.tr/tr/Bildirim/1529231,tr,2025-12-24T13:40:19+00:00
2025-12-24,FIN,KAP,QNB BANK A.Ş. - Pay Dışında Sermaye Piyasası Aracı İşlemlerine İlişkin Bildirim (Faiz İçeren),Pay Dışında Sermaye Piyasası Aracı İşlemlerine İlişkin Bildirim (Faiz İçeren) MTN programı kapsamında yurtdışında ihraç edilen borçlanma aracının ihracı,https://www.kap.org.tr/tr/Bildirim/1529248,tr,2025-12-24T14:16:19+00:00
2025-12-24,FZLGY,KAP,FUZUL GAYRİMENKUL YATIRIM ORTAKLIĞI A.Ş. - İhale Süreci / Sonucu,İhale Süreci / Sonucu İstanbul Başakşehir Güney Ticaret 1.Etap Arsa Satışı Karşılığı Gelir Paylaşımı İşi İhale Katılımı,https://www.kap.org.tr/tr/Bildirim/1529391,tr,2025-12-24T17:04:05+00:00
2025-12-24,GLB,KAP,GLOBAL MENKUL DEĞERLER A.Ş. - İhraç Tavanına İlişkin Bildirim,İhraç Tavanına İlişkin Bildirim İhraç Tavanı Onayı İçin SPK Başvurusu-YKK,https://www.kap.org.tr/tr/Bildirim/1529447,tr,2025-12-24T18:06:18+00:00
2025-12-24,GLBMD,KAP,GLOBAL MENKUL DEĞERLER A.Ş. - İhraç Tavanına İlişkin Bildirim,İhraç Tavanına İlişkin Bildirim İhraç Tavanı Onayı İçin SPK Başvurusu-YKK,https://www.kap.org.tr/tr/Bildirim/1529447,tr,2025-12-24T18:06:18+00:00
2025-12-24,GLCVY,KAP,GELECEK VARLIK YÖNETİMİ A.Ş. - Kayıtlı Sermaye Tavanı İşlemlerine İlişkin Bildirim,Kayıtlı Sermaye Tavanı İşlemlerine İlişkin Bildirim Kayıtlı Sermaye Tavan Artırımı ve Süre Uzatımına İlişkin SPK Onayı,https://www.kap.org.tr/tr/Bildirim/1529464,tr,2025-12-24T18:17:31+00:00
2025-12-24,GRNYO,KAP,GARANTİ YATIRIM ORTAKLIĞI A.Ş. - Özel Durum Açıklaması (Genel),"Özel Durum Açıklaması (Genel) Paylarının BİAŞ'ta oluşan ağırlıklı ortalama fiyatının, pay başına net aktif değerinin 2 katını aşması hakkında.",https://www.kap.org.tr/tr/Bildirim/1529159,tr,2025-12-24T10:11:18+00:00
2025-12-24,HALKI,KAP,HALK YATIRIM MENKUL DEĞERLER A.Ş. - Likidite Sağlayıcılık Kapsamındaki İşlemler,"Likidite Sağlayıcılık Kapsamındaki İşlemler Emlak Konut Damlakent Projesi Gayrimenkul Sertifikalarında (DMLKT.G) Likidite Sağlayacılık Kapsamında Gerçekleştirilen İşlemler 08.12.2025-19.12.2025 DMLKT, EKGYO",https://www.kap.org.tr/tr/Bildirim/1529130,tr,2025-12-24T09:23:37+00:00
2025-12-24,HDFFL,KAP,HEDEF ARAÇ KİRALAMA VE SERVİS A.Ş. - Pay Dışında Sermaye Piyasası Aracı İşlemlerine İlişkin Bildirim (Faiz İçeren),Pay Dışında Sermaye Piyasası Aracı İşlemlerine İlişkin Bildirim (Faiz İçeren) Tahvil İhracının Tamamlanması,https://www.kap.org.tr/tr/Bildirim/1529219,tr,2025-12-24T13:15:11+00:00
2025-12-24,HDFFL,KAP,HEDEF ARAÇ KİRALAMA VE SERVİS A.Ş. - Pay Dışında Sermaye Piyasası Aracı İşlemlerine İlişkin Bildirim (Faiz İçeren),Pay Dışında Sermaye Piyasası Aracı İşlemlerine İlişkin Bildirim (Faiz İçeren) TRSHDAKA2511 ISIN Kodlu Tahvil İhracının Anapara ve Kupon İtfa Ödemesi Hakkında,https://www.kap.org.tr/tr/Bildirim/1529212,tr,2025-12-24T12:26:39+00:00
2025-12-24,HEKTS,KAP,HEKTAŞ TİCARET T.A.Ş. - Şirket Genel Bilgi Formu,Şirket Genel Bilgi Formu,https://www.kap.org.tr/tr/Bildirim/1529501,tr,2025-12-24T20:00:31+00:00
2025-12-24,HEKTS,KAP,HEKTAŞ TİCARET T.A.Ş. - Özel Durum Açıklaması (Genel),Özel Durum Açıklaması (Genel) Üst Yönetim Organizasyon Değişiklikleri ve Atama Hakkında,https://www.kap.org.tr/tr/Bildirim/1529500,tr,2025-12-24T20:00:13+00:00
2025-12-24,HLVKS,KAP,HALK VARLIK KİRALAMA A.Ş. - Pay Dışında Sermaye Piyasası Aracı İşlemlerine İlişkin Bildirim (Faizsiz),Pay Dışında Sermaye Piyasası Aracı İşlemlerine İlişkin Bildirim (Faizsiz) Yurtiçi Kira Sertifikası İhracı Nitelikli Yatırımcıya Satışın Tamamlanması Hk. PYCLL,https://www.kap.org.tr/tr/Bildirim/1529465,tr,2025-12-24T18:18:15+00:00
2025-12-24,HLVKS,KAP,HALK VARLIK KİRALAMA A.Ş. - Pay Dışında Sermaye Piyasası Aracı İşlemlerine İlişkin Bildirim (Faizsiz),Pay Dışında Sermaye Piyasası Aracı İşlemlerine İlişkin Bildirim (Faizsiz) Yurtiçi Kira Sertifikası İtfa ve Getiri Ödemesi HLGYO,https://www.kap.org.tr/tr/Bildirim/1529253,tr,2025-12-24T14:26:09+00:00
2025-12-24,HLVKS,KAP,HALK VARLIK KİRALAMA A.Ş. - Tertip İhraç Belgesi,Tertip İhraç Belgesi Emlak Konut GYO 11.Tertip İhraç Belgesi EKGYO,https://www.kap.org.tr/tr/Bildirim/1529166,tr,2025-12-24T10:27:45+00:00
2025-12-24,HLY,KAP,HALK YATIRIM MENKUL DEĞERLER A.Ş. - Likidite Sağlayıcılık Kapsamındaki İşlemler,"Likidite Sağlayıcılık Kapsamındaki İşlemler Emlak Konut Damlakent Projesi Gayrimenkul Sertifikalarında (DMLKT.G) Likidite Sağlayacılık Kapsamında Gerçekleştirilen İşlemler 08.12.2025-19.12.2025 DMLKT, EKGYO",https://www.kap.org.tr/tr/Bildirim/1529130,tr,2025-12-24T09:23:37+00:00
2025-12-24,HRKET,KAP,HAREKET PROJE TAŞIMACILIĞI VE YÜK MÜHENDİSLİĞİ A.Ş. - Yeni İş İlişkisi,Yeni İş İlişkisi Yeni İş İlişkisi Hk.,https://www.kap.org.tr/tr/Bildirim/1529198,tr,2025-12-24T11:38:21+00:00
2025-12-24,HUZFA,KAP,HUZUR FAKTORİNG A.Ş. - Pay Dışında Sermaye Piyasası Aracı İşlemlerine İlişkin Bildirim (Faiz İçeren),Pay Dışında Sermaye Piyasası Aracı İşlemlerine İlişkin Bildirim (Faiz İçeren) TRFHZRF32616 ISIN KODLU FİNANSMAN BONOSU 1.KUPON ÖDEMESİ,https://www.kap.org.tr/tr/Bildirim/1529199,tr,2025-12-24T11:38:35+00:00
2025-12-24,HUZFA,KAP,HUZUR FAKTORİNG A.Ş. - Pay Dışında Sermaye Piyasası Aracı İşlemlerine İlişkin Bildirim (Faiz İçeren),Pay Dışında Sermaye Piyasası Aracı İşlemlerine İlişkin Bildirim (Faiz İçeren) TRFHZRF32616 ISN KODLU FİNANSMAN BONOSU 1.KUPON ORANI BELİRLENMESİ,https://www.kap.org.tr/tr/Bildirim/1529158,tr,2025-12-24T10:08:03+00:00
2025-12-24,IAZ,KAP,INVEST-AZ YATIRIM MENKUL DEĞERLER A.Ş. - Fiyat Tespit Raporuna İlişkin Analist Raporu (Halka Arza Aracılık Eden Kuruluş Dışında Farklı bir Kuruluş Tarafından Hazırlanan),Fiyat Tespit Raporuna İlişkin Analist Raporu (Halka Arza Aracılık Eden Kuruluş Dışında Farklı bir Kuruluş Tarafından Hazırlanan) ARF Bio Yenilenebilir Enerji Üretim A.Ş. [ARFYE] Fiyat Tespit Raporuna ilişkin analist raporu. ARFYE,https://www.kap.org.tr/tr/Bildirim/1529492,tr,2025-12-24T18:45:08+00:00
2025-12-24,INFO,KAP,İNFO YATIRIM MENKUL DEĞERLER A.Ş. - Yatırım Kuruluşu Varant - Sertifika - Senetlerine İlişkin Bildirim,Yatırım Kuruluşu Varant - Sertifika - Senetlerine İlişkin Bildirim 23.12.2025 Vadeli Varantların İtfası,https://www.kap.org.tr/tr/Bildirim/1529291,tr,2025-12-24T15:04:55+00:00
2025-12-24,INFO,KAP,İNFO YATIRIM MENKUL DEĞERLER A.Ş. - Yatırım Kuruluşu Varant - Sertifika - Senetlerine İlişkin Bildirim,Yatırım Kuruluşu Varant - Sertifika - Senetlerine İlişkin Bildirim Yatırım Kuruluşu Varantı/Sertifikası İhracına İlişkin Sermaye Piyasası Aracı Notu,https://www.kap.org.tr/tr/Bildirim/1529260,tr,2025-12-24T14:42:09+00:00
2025-12-24,INFO,KAP,İNFO YATIRIM MENKUL DEĞERLER A.Ş. - Yatırım Kuruluşu Varant - Sertifika - Senetlerine İlişkin Bildirim,Yatırım Kuruluşu Varant - Sertifika - Senetlerine İlişkin Bildirim Yatırım Kuruluşu Varantı/Sertifikası İhracına İlişkin Özet,https://www.kap.org.tr/tr/Bildirim/1529259,tr,2025-12-24T14:41:58+00:00
2025-12-24,INFO,KAP,İNFO YATIRIM MENKUL DEĞERLER A.Ş. - Pay Dışında Sermaye Piyasası Aracı İşlemlerine İlişkin Bildirim (Faiz İçeren),Pay Dışında Sermaye Piyasası Aracı İşlemlerine İlişkin Bildirim (Faiz İçeren) 24.12.2025 Vadeli Yapılandırılmış Borçlanma Aracının İtfası,https://www.kap.org.tr/tr/Bildirim/1529232,tr,2025-12-24T13:43:26+00:00
2025-12-24,INVAZ,KAP,INVEST-AZ YATIRIM MENKUL DEĞERLER A.Ş. - Fiyat Tespit Raporuna İlişkin Analist Raporu (Halka Arza Aracılık Eden Kuruluş Dışında Farklı bir Kuruluş Tarafından Hazırlanan),Fiyat Tespit Raporuna İlişkin Analist Raporu (Halka Arza Aracılık Eden Kuruluş Dışında Farklı bir Kuruluş Tarafından Hazırlanan) ARF Bio Yenilenebilir Enerji Üretim A.Ş. [ARFYE] Fiyat Tespit Raporuna ilişkin analist raporu. ARFYE,https://www.kap.org.tr/tr/Bildirim/1529492,tr,2025-12-24T18:45:08+00:00
2025-12-24,ISMEN,KAP,İŞ YATIRIM MENKUL DEĞERLER A.Ş. - Yatırım Kuruluşu Varant - Sertifika - Senetlerine İlişkin Bildirim,Yatırım Kuruluşu Varant - Sertifika - Senetlerine İlişkin Bildirim İş Yatırım Sertifika ve Varant Alım Satım İşlemleri,https://www.kap.org.tr/tr/Bildirim/1529400,tr,2025-12-24T17:10:10+00:00
2025-12-24,ISMEN,KAP,İŞ YATIRIM MENKUL DEĞERLER A.Ş. - Piyasa Yapıcılığı Kapsamında Gerçekleştirilen İşlemler Bildirimi,Piyasa Yapıcılığı Kapsamında Gerçekleştirilen İşlemler Bildirimi Borsa Yatırım Fonu Piyasa Yapıcılığı İşlemleri ISGLK,https://www.kap.org.tr/tr/Bildirim/1529394,tr,2025-12-24T17:07:28+00:00
2025-12-24,ISMEN,KAP,İŞ YATIRIM MENKUL DEĞERLER A.Ş. - Yatırım Kuruluşu Varant - Sertifika - Senetlerine İlişkin Bildirim,Yatırım Kuruluşu Varant - Sertifika - Senetlerine İlişkin Bildirim İş Yatırım Aracı Kuruluş Varantlarının İtfa Bildirimi,https://www.kap.org.tr/tr/Bildirim/1529144,tr,2025-12-24T09:42:54+00:00
2025-12-24,ISTFK,KAP,İSTANBUL FAKTORİNG A.Ş. - Pay Dışında Sermaye Piyasası Aracı İşlemlerine İlişkin Bildirim (Faiz İçeren),Pay Dışında Sermaye Piyasası Aracı İşlemlerine İlişkin Bildirim (Faiz İçeren) Finansman Bonosu İhracının Tamamlanması,https://www.kap.org.tr/tr/Bildirim/1529167,tr,2025-12-24T10:33:56+00:00
2025-12-24,ISYAT,KAP,İŞ YATIRIM ORTAKLIĞI A.Ş. - Özel Durum Açıklaması (Genel),"Özel Durum Açıklaması (Genel) Ortaklık paylarının BİAŞ'ta oluşan ağırlıklı ortalama fiyatının, pay başına net aktif değerinin 2 katını aşması hakkında",https://www.kap.org.tr/tr/Bildirim/1529215,tr,2025-12-24T12:36:17+00:00
2025-12-24,IYF,KAP,İNFO YATIRIM MENKUL DEĞERLER A.Ş. - Yatırım Kuruluşu Varant - Sertifika - Senetlerine İlişkin Bildirim,Yatırım Kuruluşu Varant - Sertifika - Senetlerine İlişkin Bildirim 23.12.2025 Vadeli Varantların İtfası,https://www.kap.org.tr/tr/Bildirim/1529291,tr,2025-12-24T15:04:55+00:00
2025-12-24,IYF,KAP,İNFO YATIRIM MENKUL DEĞERLER A.Ş. - Yatırım Kuruluşu Varant - Sertifika - Senetlerine İlişkin Bildirim,Yatırım Kuruluşu Varant - Sertifika - Senetlerine İlişkin Bildirim Yatırım Kuruluşu Varantı/Sertifikası İhracına İlişkin Sermaye Piyasası Aracı Notu,https://www.kap.org.tr/tr/Bildirim/1529260,tr,2025-12-24T14:42:09+00:00
2025-12-24,IYF,KAP,İNFO YATIRIM MENKUL DEĞERLER A.Ş. - Yatırım Kuruluşu Varant - Sertifika - Senetlerine İlişkin Bildirim,Yatırım Kuruluşu Varant - Sertifika - Senetlerine İlişkin Bildirim Yatırım Kuruluşu Varantı/Sertifikası İhracına İlişkin Özet,https://www.kap.org.tr/tr/Bildirim/1529259,tr,2025-12-24T14:41:58+00:00
2025-12-24,IYF,KAP,İNFO YATIRIM MENKUL DEĞERLER A.Ş. - Pay Dışında Sermaye Piyasası Aracı İşlemlerine İlişkin Bildirim (Faiz İçeren),Pay Dışında Sermaye Piyasası Aracı İşlemlerine İlişkin Bildirim (Faiz İçeren) 24.12.2025 Vadeli Yapılandırılmış Borçlanma Aracının İtfası,https://www.kap.org.tr/tr/Bildirim/1529232,tr,2025-12-24T13:43:26+00:00
2025-12-24,IYM,KAP,İŞ YATIRIM MENKUL DEĞERLER A.Ş. - Yatırım Kuruluşu Varant - Sertifika - Senetlerine İlişkin Bildirim,Yatırım Kuruluşu Varant - Sertifika - Senetlerine İlişkin Bildirim İş Yatırım Sertifika ve Varant Alım Satım İşlemleri,https://www.kap.org.tr/tr/Bildirim/1529400,tr,2025-12-24T17:10:10+00:00
2025-12-24,IYM,KAP,İŞ YATIRIM MENKUL DEĞERLER A.Ş. - Piyasa Yapıcılığı Kapsamında Gerçekleştirilen İşlemler Bildirimi,Piyasa Yapıcılığı Kapsamında Gerçekleştirilen İşlemler Bildirimi Borsa Yatırım Fonu Piyasa Yapıcılığı İşlemleri ISGLK,https://www.kap.org.tr/tr/Bildirim/1529394,tr,2025-12-24T17:07:28+00:00
2025-12-24,IYM,KAP,İŞ YATIRIM MENKUL DEĞERLER A.Ş. - Yatırım Kuruluşu Varant - Sertifika - Senetlerine İlişkin Bildirim,Yatırım Kuruluşu Varant - Sertifika - Senetlerine İlişkin Bildirim İş Yatırım Aracı Kuruluş Varantlarının İtfa Bildirimi,https://www.kap.org.tr/tr/Bildirim/1529144,tr,2025-12-24T09:42:54+00:00
2025-12-24,IZFAS,KAP,İZMİR FIRÇA SANAYİ VE TİCARET A.Ş. - Sermaye Artırımı - Azaltımı İşlemlerine İlişkin Bildirim,Sermaye Artırımı - Azaltımı İşlemlerine İlişkin Bildirim KULLANILMAYAN RUCHAN HAKKI TUTARINA İLİŞKİN ACIKLAMA,https://www.kap.org.tr/tr/Bildirim/1529304,tr,2025-12-24T15:23:50+00:00
2025-12-24,IZFAS,KAP,İZMİR FIRÇA SANAYİ VE TİCARET A.Ş. - Tasarruf Sahiplerine Satış Duyurusu,Tasarruf Sahiplerine Satış Duyurusu Tasarruf Sahiplerine Satış Duyurusu,https://www.kap.org.tr/tr/Bildirim/1529247,tr,2025-12-24T14:15:30+00:00
2025-12-24,KATVK,KAP,KATILIM VARLIK KİRALAMA A.Ş. - Pay Dışında Sermaye Piyasası Aracı İşlemlerine İlişkin Bildirim (Faizsiz),Pay Dışında Sermaye Piyasası Aracı İşlemlerine İlişkin Bildirim (Faizsiz) TRDKTLMA2510 Yurt İçi Kira Sertifikası İhracının İtfa ve Kupon Ödemesi KARSN,https://www.kap.org.tr/tr/Bildirim/1529245,tr,2025-12-24T14:09:14+00:00
2025-12-24,KATVK,KAP,KATILIM VARLIK KİRALAMA A.Ş. - Pay Dışında Sermaye Piyasası Aracı İşlemlerine İlişkin Bildirim (Faizsiz),Pay Dışında Sermaye Piyasası Aracı İşlemlerine İlişkin Bildirim (Faizsiz) TRDKTLM62614 Yurtiçi Kira Sertifikası İhracının Satışının Tamamlanması KARSN,https://www.kap.org.tr/tr/Bildirim/1529121,tr,2025-12-24T09:16:29+00:00
2025-12-24,KCHOL,KAP,KOÇ HOLDİNG A.Ş. - Şirket Genel Bilgi Formu,Şirket Genel Bilgi Formu,https://www.kap.org.tr/tr/Bildirim/1529462,tr,2025-12-24T18:16:54+00:00
2025-12-24,KLVKS,KAP,KALKINMA YATIRIM VARLIK KİRALAMA A.Ş. - Pay Dışında Sermaye Piyasası Aracı İşlemlerine İlişkin Bildirim (Faizsiz),"Pay Dışında Sermaye Piyasası Aracı İşlemlerine İlişkin Bildirim (Faizsiz) Yurt İçi Kira Sertifikası İhracının Nitelikli Yatırımcıya Satışının Tamamlanması Hk. TARFN, VKF",https://www.kap.org.tr/tr/Bildirim/1529156,tr,2025-12-24T10:06:01+00:00
2025-12-24,KLYPV,KAP,KALYON GÜNEŞ TEKNOLOJİLERİ ÜRETİM A.Ş. - Payların Geri Alınmasına İlişkin Bildirim,Payların Geri Alınmasına İlişkin Bildirim 24.12.2025 tarihli Pay Geri Alım İşlemleri,https://www.kap.org.tr/tr/Bildirim/1529506,tr,2025-12-24T20:50:00+00:00
2025-12-24,KNTFA,KAP,KENT FİNANS FAKTORİNG A.Ş. - Pay Dışında Sermaye Piyasası Aracı İşlemlerine İlişkin Bildirim (Faiz İçeren),Pay Dışında Sermaye Piyasası Aracı İşlemlerine İlişkin Bildirim (Faiz İçeren) Finansman Bonosu İhracı Hk.,https://www.kap.org.tr/tr/Bildirim/1529114,tr,2025-12-24T09:01:41+00:00
2025-12-24,KOCFN,KAP,KOÇ FİNANSMAN A.Ş. - Pay Dışında Sermaye Piyasası Aracı İşlemlerine İlişkin Bildirim (Faiz İçeren),Pay Dışında Sermaye Piyasası Aracı İşlemlerine İlişkin Bildirim (Faiz İçeren) TRSKCTF22726 ISIN Kodlu Tahvil İhracı,https://www.kap.org.tr/tr/Bildirim/1529150,tr,2025-12-24T09:52:33+00:00
2025-12-24,KOCMT,KAP,KOÇ METALURJİ A.Ş. - Yönetim Kurulu Komiteleri,Yönetim Kurulu Komiteleri Sürdürülebilirlik Komitesi ve Çalışma Esasları Hakkında,https://www.kap.org.tr/tr/Bildirim/1529451,tr,2025-12-24T18:11:11+00:00
2025-12-24,KONTR,KAP,KONTROLMATİK TEKNOLOJİ ENERJİ VE MÜHENDİSLİK A.Ş. - Tasarruf Sahiplerine Satış Duyurusu,Tasarruf Sahiplerine Satış Duyurusu Tasarruf Sahiplerine Satış Duyurusu,https://www.kap.org.tr/tr/Bildirim/1529388,tr,2025-12-24T16:59:32+00:00
2025-12-24,KONTR,KAP,KONTROLMATİK TEKNOLOJİ ENERJİ VE MÜHENDİSLİK A.Ş. - Sermaye Artırımı - Azaltımı İşlemlerine İlişkin Bildirim,"Sermaye Artırımı - Azaltımı İşlemlerine İlişkin Bildirim Bedelli Sermaye Artırımında Kullanılmayan Paylar Hakkında,",https://www.kap.org.tr/tr/Bildirim/1529363,tr,2025-12-24T16:14:19+00:00
2025-12-24,KONYA,KAP,KONYA ÇİMENTO SANAYİİ A.Ş. - Özel Durum Açıklaması (Genel),Özel Durum Açıklaması (Genel) Toplu İş Sözleşmesi Görüşmelerine Başlanması,https://www.kap.org.tr/tr/Bildirim/1529257,tr,2025-12-24T14:36:01+00:00
2025-12-24,KORTS,KAP,KORTEKS MENSUCAT SANAYİ VE TİCARET A.Ş. - Pay Dışında Sermaye Piyasası Aracı İşlemlerine İlişkin Bildirim (Faiz İçeren),Pay Dışında Sermaye Piyasası Aracı İşlemlerine İlişkin Bildirim (Faiz İçeren) TRSKORT52616 ISIN kodlu Korteks ihracının 9. kupon dönemine ilişkin faiz oranı açıklaması,https://www.kap.org.tr/tr/Bildirim/1529360,tr,2025-12-24T16:13:23+00:00
2025-12-24,KORTS,KAP,KORTEKS MENSUCAT SANAYİ VE TİCARET A.Ş. - Pay Dışında Sermaye Piyasası Aracı İşlemlerine İlişkin Bildirim (Faiz İçeren),Pay Dışında Sermaye Piyasası Aracı İşlemlerine İlişkin Bildirim (Faiz İçeren) TRSKORTE2610 ISIN kodlu Korteks ihracının 1. kupon ödeme dönemine ilişkin açıklama,https://www.kap.org.tr/tr/Bildirim/1529185,tr,2025-12-24T11:10:57+00:00
2025-12-24,KTSVK,KAP,KT SUKUK VARLIK KİRALAMA A.Ş. - Tertip İhraç Belgesi,Tertip İhraç Belgesi Tertip İhraç Belgesi 100 Milyon TL ALVES,https://www.kap.org.tr/tr/Bildirim/1529252,tr,2025-12-24T14:26:04+00:00
2025-12-24,KTSVK,KAP,KT SUKUK VARLIK KİRALAMA A.Ş. - Pay Dışında Sermaye Piyasası Aracı İşlemlerine İlişkin Bildirim (Faizsiz),Pay Dışında Sermaye Piyasası Aracı İşlemlerine İlişkin Bildirim (Faizsiz) TRDKTSKA2598 ISIN Kodlu Kira Sertifikası Kupon ve Anapara Ödeme İşlemi Hk. TMSN,https://www.kap.org.tr/tr/Bildirim/1529251,tr,2025-12-24T14:25:24+00:00
2025-12-24,KTSVK,KAP,KT SUKUK VARLIK KİRALAMA A.Ş. - Pay Dışında Sermaye Piyasası Aracı İşlemlerine İlişkin Bildirim (Faizsiz),Pay Dışında Sermaye Piyasası Aracı İşlemlerine İlişkin Bildirim (Faizsiz) TRDKTSK52630 ISIN Kodlu Yurtiçi Kira Sertifikası İhracının Nitelikli Yatırımcıya Satışının Tamamlanması,https://www.kap.org.tr/tr/Bildirim/1529230,tr,2025-12-24T13:36:57+00:00
2025-12-24,KTSVK,KAP,KT SUKUK VARLIK KİRALAMA A.Ş. - Pay Dışında Sermaye Piyasası Aracı İşlemlerine İlişkin Bildirim (Faizsiz),Pay Dışında Sermaye Piyasası Aracı İşlemlerine İlişkin Bildirim (Faizsiz) TRDKTSK52648 ISIN Kodlu Yurtiçi Kira Sertifikası İhracının Nitelikli Yatırımcıya Satışının Tamamlanması,https://www.kap.org.tr/tr/Bildirim/1529229,tr,2025-12-24T13:36:36+00:00
2025-12-24,KTSVK,KAP,KT SUKUK VARLIK KİRALAMA A.Ş. - Pay Dışında Sermaye Piyasası Aracı İşlemlerine İlişkin Bildirim (Faizsiz),Pay Dışında Sermaye Piyasası Aracı İşlemlerine İlişkin Bildirim (Faizsiz) TRDKTSK52648 ISIN Kodlu Yurtiçi Kira Sertifikası İhracının Nitelikli Yatırımcıya Satışının Tamamlanması,https://www.kap.org.tr/tr/Bildirim/1529149,tr,2025-12-24T09:47:57+00:00
2025-12-24,KTSVK,KAP,KT SUKUK VARLIK KİRALAMA A.Ş. - Pay Dışında Sermaye Piyasası Aracı İşlemlerine İlişkin Bildirim (Faizsiz),Pay Dışında Sermaye Piyasası Aracı İşlemlerine İlişkin Bildirim (Faizsiz) TRDKTSK52630 ISIN Kodlu Yurtiçi Kira Sertifikası İhracının Nitelikli Yatırımcıya Satışının Tamamlanması,https://www.kap.org.tr/tr/Bildirim/1529148,tr,2025-12-24T09:47:36+00:00
2025-12-24,LKMNH,KAP,LOKMAN HEKİM ENGÜRÜSAĞ SAĞLIK TURİZM EĞİTİM HİZMETLERİ VE İNŞAAT TAAHHÜT A.Ş. - Payların Geri Alınmasına İlişkin Bildirim,Payların Geri Alınmasına İlişkin Bildirim Hisse Geri Alımı,https://www.kap.org.tr/tr/Bildirim/1529477,tr,2025-12-24T18:30:13+00:00
2025-12-24,MEGAP,KAP,MEGA POLİETİLEN KÖPÜK SANAYİ VE TİCARET A.Ş. - Şirket Genel Bilgi Formu,Şirket Genel Bilgi Formu,https://www.kap.org.tr/tr/Bildirim/1529361,tr,2025-12-24T16:13:43+00:00
2025-12-24,MIATK,KAP,MİA TEKNOLOJİ A.Ş. - Özel Durum Açıklaması (Genel),Özel Durum Açıklaması (Genel) Yeni Hizmet Sözleşmesi Kapsamında Proje Kabulü hk.,https://www.kap.org.tr/tr/Bildirim/1529488,tr,2025-12-24T18:43:29+00:00
2025-12-24,MNGFA,KAP,MNG FAKTORİNG A.Ş. - Kredi Derecelendirmesi,Kredi Derecelendirmesi Kredi Dercelendirme Notu,https://www.kap.org.tr/tr/Bildirim/1529487,tr,2025-12-24T18:42:38+00:00
2025-12-24,MNGFA,KAP,MNG FAKTORİNG A.Ş. - Pay Dışında Sermaye Piyasası Aracı İşlemlerine İlişkin Bildirim (Faiz İçeren),Pay Dışında Sermaye Piyasası Aracı İşlemlerine İlişkin Bildirim (Faiz İçeren) TRFMNGFA2518 ISIN Kodlu Borçlanma Aracının İtfası,https://www.kap.org.tr/tr/Bildirim/1529241,tr,2025-12-24T13:57:03+00:00
2025-12-24,NUHCM,KAP,NUH ÇİMENTO SANAYİ A.Ş. - Özel Durum Açıklaması (Genel),Özel Durum Açıklaması (Genel) Toplu İş Sözleşmesi Görüşmelerine Başlanması,https://www.kap.org.tr/tr/Bildirim/1529505,tr,2025-12-24T20:47:40+00:00
2025-12-24,OFSYM,KAP,OFİS YEM GIDA SANAYİ TİCARET A.Ş. - Payların Geri Alınmasına İlişkin Bildirim,Payların Geri Alınmasına İlişkin Bildirim 24.12.2025 tarihli pay geri alım işlemleri,https://www.kap.org.tr/tr/Bildirim/1529453,tr,2025-12-24T18:11:25+00:00
2025-12-24,ONCSM,KAP,ONCOSEM ONKOLOJİK SİSTEMLER SANAYİ VE TİCARET A.Ş. - Şirket Genel Bilgi Formu,Şirket Genel Bilgi Formu,https://www.kap.org.tr/tr/Bildirim/1529224,tr,2025-12-24T13:25:36+00:00
2025-12-24,ONRYT,KAP,ONUR YÜKSEK TEKNOLOJİ A.Ş. - Kredi Derecelendirmesi,Kredi Derecelendirmesi Kredi Derecelendirme Not Bildirimi,https://www.kap.org.tr/tr/Bildirim/1529493,tr,2025-12-24T18:48:15+00:00
2025-12-24,OYA,KAP,OYAK YATIRIM MENKUL DEĞERLER A.Ş. - Piyasa Yapıcılığı Kapsamında Gerçekleştirilen İşlemler Bildirimi,Piyasa Yapıcılığı Kapsamında Gerçekleştirilen İşlemler Bildirimi 24/12/2025 TARİHLİ OYAYO PİYASA YAPICILIĞI İŞLEMLERİ OYAYO,https://www.kap.org.tr/tr/Bildirim/1529475,tr,2025-12-24T18:29:06+00:00
2025-12-24,OYAYO,KAP,OYAK YATIRIM ORTAKLIĞI A.Ş. - Özel Durum Açıklaması (Genel),"Özel Durum Açıklaması (Genel) Ortaklık paylarının BİAŞ'ta oluşan ağırlıklı ortalama fiyatının, pay başına net aktif değerinin 2 katını aşması hakkında",https://www.kap.org.tr/tr/Bildirim/1529384,tr,2025-12-24T16:55:46+00:00
2025-12-24,OYYAT,KAP,OYAK YATIRIM MENKUL DEĞERLER A.Ş. - Piyasa Yapıcılığı Kapsamında Gerçekleştirilen İşlemler Bildirimi,Piyasa Yapıcılığı Kapsamında Gerçekleştirilen İşlemler Bildirimi 24/12/2025 TARİHLİ OYAYO PİYASA YAPICILIĞI İŞLEMLERİ OYAYO,https://www.kap.org.tr/tr/Bildirim/1529475,tr,2025-12-24T18:29:06+00:00
2025-12-24,OZGYO,KAP,ÖZDERİCİ GAYRİMENKUL YATIRIM ORTAKLIĞI A.Ş. - Sermaye Artırımı - Azaltımı İşlemlerine İlişkin Bildirim,Sermaye Artırımı - Azaltımı İşlemlerine İlişkin Bildirim Bedelsiz Sermaye Artırımına İlişkin SPK Onayı Hakkında,https://www.kap.org.tr/tr/Bildirim/1529128,tr,2025-12-24T09:21:59+00:00
2025-12-24,OZYSR,KAP,ÖZYAŞAR TEL VE GALVANİZLEME SANAYİ A.Ş. - Şirket Genel Bilgi Formu,Şirket Genel Bilgi Formu,https://www.kap.org.tr/tr/Bildirim/1529139,tr,2025-12-24T09:38:13+00:00
2025-12-24,PNLSN,KAP,PANELSAN ÇATI CEPHE SİSTEMLERİ SANAYİ VE TİCARET A.Ş. - Şirket Genel Bilgi Formu,Şirket Genel Bilgi Formu,https://www.kap.org.tr/tr/Bildirim/1529214,tr,2025-12-24T12:32:51+00:00
2025-12-24,PRKME,KAP,PARK ELEKTRİK ÜRETİM MADENCİLİK SANAYİ VE TİCARET A.Ş. - Payların Geri Alınmasına İlişkin Bildirim,Payların Geri Alınmasına İlişkin Bildirim 24 Aralık 2025 tarihli pay geri alım işlemleri,https://www.kap.org.tr/tr/Bildirim/1529473,tr,2025-12-24T18:25:29+00:00
2025-12-24,PSGYO,KAP,PASİFİK GAYRİMENKUL YATIRIM ORTAKLIĞI A.Ş. - Kar Payı Dağıtım İşlemlerine İlişkin Bildirim,Kar Payı Dağıtım İşlemlerine İlişkin Bildirim Temettü Dağıtım Tarihi Hakkında,https://www.kap.org.tr/tr/Bildirim/1529494,tr,2025-12-24T19:03:55+00:00
2025-12-24,QNBFK,KAP,QNB FİNANSAL KİRALAMA A.Ş. - İhraç Tavanına İlişkin Bildirim,İhraç Tavanına İlişkin Bildirim Borçlanma Aracı İhracına ilişkin yönetim kurulu kararı alınması hk.,https://www.kap.org.tr/tr/Bildirim/1529181,tr,2025-12-24T11:06:10+00:00
2025-12-24,QNBTR,KAP,QNB BANK A.Ş. - Pay Dışında Sermaye Piyasası Aracı İşlemlerine İlişkin Bildirim (Faiz İçeren),Pay Dışında Sermaye Piyasası Aracı İşlemlerine İlişkin Bildirim (Faiz İçeren) MTN programı kapsamında yurtdışında ihraç edilen borçlanma aracının ihracı,https://www.kap.org.tr/tr/Bildirim/1529248,tr,2025-12-24T14:16:19+00:00
2025-12-24,RUBNS,KAP,RUBENİS TEKSTİL SANAYİ TİCARET A.Ş. - Pay Satış Bilgi Formu,Pay Satış Bilgi Formu Pay Satış Bilgi Formu SPK Başvurusunun Revize Edilmesi Hk.,https://www.kap.org.tr/tr/Bildirim/1529193,tr,2025-12-24T11:26:32+00:00
2025-12-24,SASA,KAP,SASA POLYESTER SANAYİ A.Ş. - Özel Durum Açıklaması (Genel),Özel Durum Açıklaması (Genel) PTA Yatırımı kredilerinin raporlanması hakkında,https://www.kap.org.tr/tr/Bildirim/1529115,tr,2025-12-24T09:06:38+00:00
2025-12-24,SKYLP,KAP,SKYALP FİNANSAL TEKNOLOJİLER VE DANIŞMANLIK A.Ş. - Şirket Genel Bilgi Formu,Şirket Genel Bilgi Formu,https://www.kap.org.tr/tr/Bildirim/1529129,tr,2025-12-24T09:23:02+00:00
2025-12-24,SKYLP,KAP,SKYALP FİNANSAL TEKNOLOJİLER VE DANIŞMANLIK A.Ş. - Finansal Duran Varlık Satışı,Finansal Duran Varlık Satışı Tenk Bilişim Teknolojileri Danışmanlık A.Ş paylarının Hedef Portföy Yönetimi A.Ş. Verim Girişim Sermayesi Yatırım Fonu'na Satılması Hk.,https://www.kap.org.tr/tr/Bildirim/1529126,tr,2025-12-24T09:19:18+00:00
2025-12-24,SMRVA,KAP,SÜMER VARLIK YÖNETİM A.Ş. - Özel Durum Açıklaması (Genel),Özel Durum Açıklaması (Genel) Tahsili Gecikmiş Alacak Portföyü Alımı-İhaleye Konu Alacakların Devrine Yönelik Sözleşmenin İmza Sürecinin Tamamlanması FIBAF,https://www.kap.org.tr/tr/Bildirim/1529449,tr,2025-12-24T18:10:13+00:00
2025-12-24,SUNTK,KAP,SUN TEKSTİL SANAYİ VE TİCARET A.Ş. - Özel Durum Açıklaması (Genel),Özel Durum Açıklaması (Genel) Turquality Marka Destek Programına İlişkin Açıklama,https://www.kap.org.tr/tr/Bildirim/1529163,tr,2025-12-24T10:17:41+00:00
2025-12-24,TAC,KAP,TACİRLER YATIRIM MENKUL DEĞERLER A.Ş. - Toptan Alış Satış İşlemi Bildirimi,Toptan Alış Satış İşlemi Bildirimi Cosmos Yatırım Holding A.Ş. Toptan Alış Satış İşlem Bildirimi COSMO,https://www.kap.org.tr/tr/Bildirim/1529496,tr,2025-12-24T19:15:37+00:00
2025-12-24,TAE,KAP,TERA YATIRIM BANKASI A.Ş. - İhraç Tavanına İlişkin Bildirim,İhraç Tavanına İlişkin Bildirim Sermaye Piyasası İhracına İlişkin Sermaye Piyasası Kurulu'na İzin Başvurusu Yapılması,https://www.kap.org.tr/tr/Bildirim/1529399,tr,2025-12-24T17:09:23+00:00
2025-12-24,TAMFA,KAP,TAM FİNANS FAKTORİNG A.Ş. - Pay Dışında Sermaye Piyasası Aracı İşlemlerine İlişkin Bildirim (Faiz İçeren),Pay Dışında Sermaye Piyasası Aracı İşlemlerine İlişkin Bildirim (Faiz İçeren) TRFTAMF32623 ISIN Kodlu Finansman Bonosunun 1. Kupon Ödemesinin Yapılması Hakkında,https://www.kap.org.tr/tr/Bildirim/1529188,tr,2025-12-24T11:14:46+00:00
2025-12-24,TCRYT,KAP,TACİRLER YATIRIM MENKUL DEĞERLER A.Ş. - Toptan Alış Satış İşlemi Bildirimi,Toptan Alış Satış İşlemi Bildirimi Cosmos Yatırım Holding A.Ş. Toptan Alış Satış İşlem Bildirimi COSMO,https://www.kap.org.tr/tr/Bildirim/1529496,tr,2025-12-24T19:15:37+00:00
2025-12-24,TERA,KAP,TERA YATIRIM MENKUL DEĞERLER A.Ş. - Fiyat Tespit Raporuna İlişkin Analist Raporu (Halka Arza Aracılık Eden Kuruluş Dışında Farklı bir Kuruluş Tarafından Hazırlanan),Fiyat Tespit Raporuna İlişkin Analist Raporu (Halka Arza Aracılık Eden Kuruluş Dışında Farklı bir Kuruluş Tarafından Hazırlanan) ARF BİO Yenilenebilir Enerji Üretim A.Ş. - Fiyat Tespit Raporuna İlişkin Analist Raporu ARFYE,https://www.kap.org.tr/tr/Bildirim/1529504,tr,2025-12-24T20:36:13+00:00
2025-12-24,TFNVK,KAP,TF VARLIK KİRALAMA A.Ş. - Şirket Genel Bilgi Formu,Şirket Genel Bilgi Formu,https://www.kap.org.tr/tr/Bildirim/1529255,tr,2025-12-24T14:31:17+00:00
2025-12-24,TFNVK,KAP,TF VARLIK KİRALAMA A.Ş. - Pay Dışında Sermaye Piyasası Aracı İşlemlerine İlişkin Bildirim (Faizsiz),Pay Dışında Sermaye Piyasası Aracı İşlemlerine İlişkin Bildirim (Faizsiz) 2.Tertip Kira Sertifikası İtfası hk.,https://www.kap.org.tr/tr/Bildirim/1529254,tr,2025-12-24T14:26:10+00:00
2025-12-24,THR,KAP,TÜRKİYE İHRACAT KREDİ BANKASI A.Ş. - Pay Dışında Sermaye Piyasası Aracı İşlemlerine İlişkin Bildirim (Faiz İçeren),Pay Dışında Sermaye Piyasası Aracı İşlemlerine İlişkin Bildirim (Faiz İçeren) XS2967177119 ISIN Kodlu Tahvil İtfası Hk,https://www.kap.org.tr/tr/Bildirim/1529231,tr,2025-12-24T13:40:19+00:00
2025-12-24,TRA,KAP,TERA YATIRIM MENKUL DEĞERLER A.Ş. - Fiyat Tespit Raporuna İlişkin Analist Raporu (Halka Arza Aracılık Eden Kuruluş Dışında Farklı bir Kuruluş Tarafından Hazırlanan),Fiyat Tespit Raporuna İlişkin Analist Raporu (Halka Arza Aracılık Eden Kuruluş Dışında Farklı bir Kuruluş Tarafından Hazırlanan) ARF BİO Yenilenebilir Enerji Üretim A.Ş. - Fiyat Tespit Raporuna İlişkin Analist Raporu ARFYE,https://www.kap.org.tr/tr/Bildirim/1529504,tr,2025-12-24T20:36:13+00:00
2025-12-24,TRBNK,KAP,TERA YATIRIM BANKASI A.Ş. - İhraç Tavanına İlişkin Bildirim,İhraç Tavanına İlişkin Bildirim Sermaye Piyasası İhracına İlişkin Sermaye Piyasası Kurulu'na İzin Başvurusu Yapılması,https://www.kap.org.tr/tr/Bildirim/1529399,tr,2025-12-24T17:09:23+00:00
2025-12-24,TRCAS,KAP,TURCAS HOLDİNG A.Ş. - Özel Durum Açıklaması (Genel),Özel Durum Açıklaması (Genel) %100 Bağlı ortaklığımız Turcas International Holding A.Ş.?nin yurtdışında iştirak etmeyi değerlendirdiği yatırım hakkında,https://www.kap.org.tr/tr/Bildirim/1529216,tr,2025-12-24T12:40:14+00:00
2025-12-24,TRCAS,KAP,TURCAS HOLDİNG A.Ş. - Özel Durum Açıklaması (Genel),Özel Durum Açıklaması (Genel) %30 Oranındaki İştirakimiz Shell & Turcas Petrol A.Ş.?deki Kâr Dağıtımı Hakkında,https://www.kap.org.tr/tr/Bildirim/1529191,tr,2025-12-24T11:21:41+00:00
2025-12-24,TRMET,KAP,TR ANADOLU METAL MADENCİLİK İŞLETMELERİ A.Ş. - Özel Durum Açıklaması (Genel),Özel Durum Açıklaması (Genel) Şirketimizin Bağlı Ortaklığı TR Anadolu İnşaat ve Ticaret A.Ş.nin Taraf Olduğu Dava Hk.,https://www.kap.org.tr/tr/Bildirim/1529503,tr,2025-12-24T20:02:15+00:00
2025-12-24,TSK,KAP,TÜRKİYE SINAİ KALKINMA BANKASI A.Ş. - Fiyat Tespit Raporuna İlişkin Analist Raporu (Halka Arza Aracılık Eden Kuruluş Dışında Farklı bir Kuruluş Tarafından Hazırlanan),Fiyat Tespit Raporuna İlişkin Analist Raporu (Halka Arza Aracılık Eden Kuruluş Dışında Farklı bir Kuruluş Tarafından Hazırlanan) Arf Bio Yenilenebilir Enerji Üretim A.Ş. Fiyat Tespit Raporuna İlişkin Analist Raporu (Halka Arza Aracılık Eden Kuruluş Dışında Farklı bir Kuruluş Tarafından Hazırlanan) ARFYE,https://www.kap.org.tr/tr/Bildirim/1529466,tr,2025-12-24T18:19:34+00:00
2025-12-24,TSKB,KAP,TÜRKİYE SINAİ KALKINMA BANKASI A.Ş. - Fiyat Tespit Raporuna İlişkin Analist Raporu (Halka Arza Aracılık Eden Kuruluş Dışında Farklı bir Kuruluş Tarafından Hazırlanan),Fiyat Tespit Raporuna İlişkin Analist Raporu (Halka Arza Aracılık Eden Kuruluş Dışında Farklı bir Kuruluş Tarafından Hazırlanan) Arf Bio Yenilenebilir Enerji Üretim A.Ş. Fiyat Tespit Raporuna İlişkin Analist Raporu (Halka Arza Aracılık Eden Kuruluş Dışında Farklı bir Kuruluş Tarafından Hazırlanan) ARFYE,https://www.kap.org.tr/tr/Bildirim/1529466,tr,2025-12-24T18:19:34+00:00
2025-12-24,ULAS,KAP,ULAŞLAR TURİZM ENERJİ TARIM GIDA VE İNŞAAT YATIRIMLARI A.Ş. - Kar Payı Dağıtım İşlemlerine İlişkin Bildirim,Kar Payı Dağıtım İşlemlerine İlişkin Bildirim Şirket Yönetim Kurulu'nun 2024 Yılı Kar Payı Dağıtımı Hakkında Önerisi,https://www.kap.org.tr/tr/Bildirim/1529303,tr,2025-12-24T15:17:47+00:00
2025-12-24,ULAS,KAP,ULAŞLAR TURİZM ENERJİ TARIM GIDA VE İNŞAAT YATIRIMLARI A.Ş. - Genel Kurul İşlemlerine İlişkin Bildirim,Genel Kurul İşlemlerine İlişkin Bildirim 2024 Yılı Olağan Genel Kurul Toplantısı Sonucu Hk,https://www.kap.org.tr/tr/Bildirim/1529300,tr,2025-12-24T15:16:08+00:00
2025-12-24,ULAS,KAP,ULAŞLAR TURİZM ENERJİ TARIM GIDA VE İNŞAAT YATIRIMLARI A.Ş. - Bağımsız Denetim Kuruluşunun Belirlenmesi,Bağımsız Denetim Kuruluşunun Belirlenmesi Bağımsız Denetim Kuruluşunun Belirlenmesi,https://www.kap.org.tr/tr/Bildirim/1529295,tr,2025-12-24T15:10:24+00:00
2025-12-24,ULAS,KAP,ULAŞLAR TURİZM ENERJİ TARIM GIDA VE İNŞAAT YATIRIMLARI A.Ş. - Kayıtlı Sermaye Tavanı İşlemlerine İlişkin Bildirim,Kayıtlı Sermaye Tavanı İşlemlerine İlişkin Bildirim Kayıtlı sermaye süresinin uzatılmasına yönelik Genel Kurul Onayı,https://www.kap.org.tr/tr/Bildirim/1529294,tr,2025-12-24T15:10:15+00:00
2025-12-24,UNLU,KAP,ÜNLÜ YATIRIM HOLDİNG A.Ş. - Sürdürülebilirlik Raporu,Sürdürülebilirlik Raporu 2024 Sürdürülebilirlik Raporu,https://www.kap.org.tr/tr/Bildirim/1529486,tr,2025-12-24T18:40:45+00:00
2025-12-24,VBTYZ,KAP,VBT YAZILIM A.Ş. - Yeni İş İlişkisi,Yeni İş İlişkisi Yeni İş İlişkisi Hakkında,https://www.kap.org.tr/tr/Bildirim/1529490,tr,2025-12-24T18:44:37+00:00
2025-12-24,VESBE,KAP,VESTEL BEYAZ EŞYA SANAYİ VE TİCARET A.Ş. - Şirket Genel Bilgi Formu,Şirket Genel Bilgi Formu,https://www.kap.org.tr/tr/Bildirim/1529403,tr,2025-12-24T17:16:30+00:00
2025-12-24,VESTL,KAP,VESTEL ELEKTRONİK SANAYİ VE TİCARET A.Ş. - Şirket Genel Bilgi Formu,Şirket Genel Bilgi Formu,https://www.kap.org.tr/tr/Bildirim/1529404,tr,2025-12-24T17:17:14+00:00
2025-12-24,VKFYO,KAP,VAKIF MENKUL KIYMET YATIRIM ORTAKLIĞI A.Ş. - Özel Durum Açıklaması (Genel),"Özel Durum Açıklaması (Genel) Şirketimizin BİAŞ'da oluşan ağırlıklı ortalama fiyatın, pay başına net aktif değerin 2 katını aşması sebebiyle yapılan açıklamadır.",https://www.kap.org.tr/tr/Bildirim/1529389,tr,2025-12-24T17:01:51+00:00
2025-12-24,VRGYO,KAP,VERA KONSEPT GAYRİMENKUL YATIRIM ORTAKLIĞI A.Ş. - İhale Süreci / Sonucu,İhale Süreci / Sonucu İHALEYE KATILIM HK,https://www.kap.org.tr/tr/Bildirim/1529471,tr,2025-12-24T18:24:45+00:00
2025-12-24,YKB,KAP,YAPI VE KREDİ BANKASI A.Ş. - İhraç Tavanına İlişkin Bildirim,İhraç Tavanına İlişkin Bildirim Yurtdışı borçlanma aracı ihraç limitine ilişkin Yönetim Kurulu kararı,https://www.kap.org.tr/tr/Bildirim/1529461,tr,2025-12-24T18:16:27+00:00
2025-12-24,YKB,KAP,YAPI VE KREDİ BANKASI A.Ş. - Pay Dışında Sermaye Piyasası Aracı İşlemlerine İlişkin Bildirim (Faiz İçeren),Pay Dışında Sermaye Piyasası Aracı İşlemlerine İlişkin Bildirim (Faiz İçeren) Yurtdışında ihraç edilen sermaye benzeri tahvilin erken itfasına karar verilmesi hk.,https://www.kap.org.tr/tr/Bildirim/1529460,tr,2025-12-24T18:16:18+00:00
2025-12-24,YKB,KAP,YAPI VE KREDİ BANKASI A.Ş. - Pay Dışında Sermaye Piyasası Aracı İşlemlerine İlişkin Bildirim (Faiz İçeren),Pay Dışında Sermaye Piyasası Aracı İşlemlerine İlişkin Bildirim (Faiz İçeren) Özkaynak hesaplamasına dahil edilebilir nitelikte yurtiçinde ihraç edilen borçlanma aracının kupon oranı,https://www.kap.org.tr/tr/Bildirim/1529418,tr,2025-12-24T17:32:22+00:00
2025-12-24,YKB,KAP,YAPI VE KREDİ BANKASI A.Ş. - Pay Dışında Sermaye Piyasası Aracı İşlemlerine İlişkin Bildirim (Faiz İçeren),Pay Dışında Sermaye Piyasası Aracı İşlemlerine İlişkin Bildirim (Faiz İçeren) Özkaynak hesaplamasına dahil edilebilir nitelikte yurtiçinde ihraç edilen borçlanma aracının kupon ödemesi,https://www.kap.org.tr/tr/Bildirim/1529173,tr,2025-12-24T10:57:10+00:00
2025-12-24,YKBNK,KAP,YAPI VE KREDİ BANKASI A.Ş. - İhraç Tavanına İlişkin Bildirim,İhraç Tavanına İlişkin Bildirim Yurtdışı borçlanma aracı ihraç limitine ilişkin Yönetim Kurulu kararı,https://www.kap.org.tr/tr/Bildirim/1529461,tr,2025-12-24T18:16:27+00:00
2025-12-24,YKBNK,KAP,YAPI VE KREDİ BANKASI A.Ş. - Pay Dışında Sermaye Piyasası Aracı İşlemlerine İlişkin Bildirim (Faiz İçeren),Pay Dışında Sermaye Piyasası Aracı İşlemlerine İlişkin Bildirim (Faiz İçeren) Yurtdışında ihraç edilen sermaye benzeri tahvilin erken itfasına karar verilmesi hk.,https://www.kap.org.tr/tr/Bildirim/1529460,tr,2025-12-24T18:16:18+00:00
2025-12-24,YKBNK,KAP,YAPI VE KREDİ BANKASI A.Ş. - Pay Dışında Sermaye Piyasası Aracı İşlemlerine İlişkin Bildirim (Faiz İçeren),Pay Dışında Sermaye Piyasası Aracı İşlemlerine İlişkin Bildirim (Faiz İçeren) Özkaynak hesaplamasına dahil edilebilir nitelikte yurtiçinde ihraç edilen borçlanma aracının kupon oranı,https://www.kap.org.tr/tr/Bildirim/1529418,tr,2025-12-24T17:32:22+00:00
2025-12-24,YKBNK,KAP,YAPI VE KREDİ BANKASI A.Ş. - Pay Dışında Sermaye Piyasası Aracı İşlemlerine İlişkin Bildirim (Faiz İçeren),Pay Dışında Sermaye Piyasası Aracı İşlemlerine İlişkin Bildirim (Faiz İçeren) Özkaynak hesaplamasına dahil edilebilir nitelikte yurtiçinde ihraç edilen borçlanma aracının kupon ödemesi,https://www.kap.org.tr/tr/Bildirim/1529173,tr,2025-12-24T10:57:10+00:00
2025-12-24,ZKBVK,KAP,ZİRAAT KATILIM VARLIK KİRALAMA A.Ş. - Pay Dışında Sermaye Piyasası Aracı İşlemlerine İlişkin Bildirim (Faizsiz),Pay Dışında Sermaye Piyasası Aracı İşlemlerine İlişkin Bildirim (Faizsiz) TRDZKVKA2538 ISIN kodlu Yurtiçi Kira Sertifikalarının İtfa ve Getiri Ödeme İşlemlerinin Tamamlanması Hk ZTB,https://www.kap.org.tr/tr/Bildirim/1529239,tr,2025-12-24T13:53:36+00:00
2025-12-24,ZKBVK,KAP,ZİRAAT KATILIM VARLIK KİRALAMA A.Ş. - Pay Dışında Sermaye Piyasası Aracı İşlemlerine İlişkin Bildirim (Faizsiz),Pay Dışında Sermaye Piyasası Aracı İşlemlerine İlişkin Bildirim (Faizsiz) TRDZKVK42616 ISIN Kodlu Yurtiçi Kira Sertifikası İhracının Satışının Tamamlanması Hk ZTB,https://www.kap.org.tr/tr/Bildirim/1529122,tr,2025-12-24T09:16:40+00:00
2025-12-24,ZRGYO,KAP,ZİRAAT GAYRİMENKUL YATIRIM ORTAKLIĞI A.Ş. - Değerleme Raporu,Değerleme Raporu Frankfurt Binası Yıl Sonu Değerleme Raporu,https://www.kap.org.tr/tr/Bildirim/1529442,tr,2025-12-24T17:59:23+00:00
2025-12-24,ZRGYO,KAP,ZİRAAT GAYRİMENKUL YATIRIM ORTAKLIĞI A.Ş. - Değerleme Raporu,Değerleme Raporu Mola İstanbul Yıl Sonu Değerleme Raporu,https://www.kap.org.tr/tr/Bildirim/1529441,tr,2025-12-24T17:59:14+00:00
2025-12-24,ZRGYO,KAP,ZİRAAT GAYRİMENKUL YATIRIM ORTAKLIĞI A.Ş. - Değerleme Raporu,Değerleme Raporu Karaköy Projesi Yıl Sonu Değerleme Raporu,https://www.kap.org.tr/tr/Bildirim/1529440,tr,2025-12-24T17:59:05+00:00
2025-12-24,ZRGYO,KAP,ZİRAAT GAYRİMENKUL YATIRIM ORTAKLIĞI A.Ş. - Değerleme Raporu,Değerleme Raporu Maslak Binaları Yıl Sonu Değerleme Raporu,https://www.kap.org.tr/tr/Bildirim/1529439,tr,2025-12-24T17:58:55+00:00
2025-12-24,ZRGYO,KAP,ZİRAAT GAYRİMENKUL YATIRIM ORTAKLIĞI A.Ş. - Değerleme Raporu,Değerleme Raporu Galataray Binası Yıl Sonu Değerleme Raporu,https://www.kap.org.tr/tr/Bildirim/1529438,tr,2025-12-24T17:58:47+00:00
2025-12-24,ZRGYO,KAP,ZİRAAT GAYRİMENKUL YATIRIM ORTAKLIĞI A.Ş. - Değerleme Raporu,Değerleme Raporu Tekirdağ Süleymanpaşa Projesi Yıl Sonu Değerleme Raporu,https://www.kap.org.tr/tr/Bildirim/1529437,tr,2025-12-24T17:58:39+00:00
2025-12-24,ZRGYO,KAP,ZİRAAT GAYRİMENKUL YATIRIM ORTAKLIĞI A.Ş. - Değerleme Raporu,Değerleme Raporu Bayraklı Projesi ve Arsaları Yıl Sonu Değerleme Raporu,https://www.kap.org.tr/tr/Bildirim/1529436,tr,2025-12-24T17:58:30+00:00
2025-12-24,ZRGYO,KAP,ZİRAAT GAYRİMENKUL YATIRIM ORTAKLIĞI A.Ş. - Değerleme Raporu,Değerleme Raporu Kahramanmaraş Onikişubat Projesi Yıl Sonu Değerleme Raporu,https://www.kap.org.tr/tr/Bildirim/1529435,tr,2025-12-24T17:58:22+00:00
2025-12-24,ZRGYO,KAP,ZİRAAT GAYRİMENKUL YATIRIM ORTAKLIĞI A.Ş. - Değerleme Raporu,Değerleme Raporu Hatay Antakya Projesi (Günyazı) Yıl Sonu Değerleme Raporu,https://www.kap.org.tr/tr/Bildirim/1529434,tr,2025-12-24T17:58:15+00:00
2025-12-24,ZRGYO,KAP,ZİRAAT GAYRİMENKUL YATIRIM ORTAKLIĞI A.Ş. - Değerleme Raporu,Değerleme Raporu Hatay Antakya Projesi (Saraycık) Yıl Sonu Değerleme Raporu,https://www.kap.org.tr/tr/Bildirim/1529433,tr,2025-12-24T17:58:07+00:00
2025-12-24,ZRGYO,KAP,ZİRAAT GAYRİMENKUL YATIRIM ORTAKLIĞI A.Ş. - Değerleme Raporu,Değerleme Raporu Şehremini Projesi Yıl Sonu Değerleme Raporu,https://www.kap.org.tr/tr/Bildirim/1529427,tr,2025-12-24T17:44:57+00:00
2025-12-24,ZRGYO,KAP,ZİRAAT GAYRİMENKUL YATIRIM ORTAKLIĞI A.Ş. - Değerleme Raporu,Değerleme Raporu Ankara Okul Binası Yıl Sonu Değerleme Raporu,https://www.kap.org.tr/tr/Bildirim/1529426,tr,2025-12-24T17:44:32+00:00
2025-12-24,ZRGYO,KAP,ZİRAAT GAYRİMENKUL YATIRIM ORTAKLIĞI A.Ş. - Değerleme Raporu,Değerleme Raporu Altunizade Projesi Yıl Sonu Değerleme Raporu (17 ve 20 nolu B.B.),https://www.kap.org.tr/tr/Bildirim/1529425,tr,2025-12-24T17:41:00+00:00
2025-12-24,ZRGYO,KAP,ZİRAAT GAYRİMENKUL YATIRIM ORTAKLIĞI A.Ş. - Değerleme Raporu,Değerleme Raporu Cağaloğlu Binası Yıl Sonu Değerleme Raporu,https://www.kap.org.tr/tr/Bildirim/1529423,tr,2025-12-24T17:40:15+00:00
2025-12-24,ZRGYO,KAP,ZİRAAT GAYRİMENKUL YATIRIM ORTAKLIĞI A.Ş. - Değerleme Raporu,Değerleme Raporu Cağaloğlu Tarihi Bina Yıl Sonu Değerleme Raporu,https://www.kap.org.tr/tr/Bildirim/1529422,tr,2025-12-24T17:40:04+00:00
2025-12-24,ZRGYO,KAP,ZİRAAT GAYRİMENKUL YATIRIM ORTAKLIĞI A.Ş. - Değerleme Raporu,Değerleme Raporu Bursa Karacabey Binası Yıl Sonu Değerleme Raporu,https://www.kap.org.tr/tr/Bildirim/1529421,tr,2025-12-24T17:39:50+00:00
2025-12-25,AEFES,KAP,ANADOLU EFES BİRACILIK VE MALT SANAYİİ A.Ş. - Özel Durum Açıklaması (Genel),Özel Durum Açıklaması (Genel) Organizasyonel Yapı Değişikliğine İlişkin Açıklama,https://www.kap.org.tr/tr/Bildirim/1529926,tr,2025-12-25T18:31:14+00:00
2025-12-25,AEFES,KAP,ANADOLU EFES BİRACILIK VE MALT SANAYİİ A.Ş. - Kurumsal Yönetim İlkelerine Uyum Derecelendirmesi,Kurumsal Yönetim İlkelerine Uyum Derecelendirmesi Kurumsal Yönetim İlkelerine Uyum Derecelendirmesi Sözleşmesinin Yenilenmesi,https://www.kap.org.tr/tr/Bildirim/1529539,tr,2025-12-25T09:52:49+00:00
2025-12-25,AGHOL,KAP,AG ANADOLU GRUBU HOLDİNG A.Ş. - Pay Dışında Sermaye Piyasası Aracı İşlemlerine İlişkin Bildirim (Faiz İçeren),Pay Dışında Sermaye Piyasası Aracı İşlemlerine İlişkin Bildirim (Faiz İçeren) TRFYAZI62618 ISIN Kodlu TLREF endeksli finansman bonosunun ikinci kupon faiz ödemesi,https://www.kap.org.tr/tr/Bildirim/1529928,tr,2025-12-25T18:37:44+00:00
2025-12-25,AKCNS,KAP,AKÇANSA ÇİMENTO SANAYİ VE TİCARET A.Ş. - Özel Durum Açıklaması (Genel),Özel Durum Açıklaması (Genel) Toplu İş Sözleşmesi Görüşmeleri Hk.,https://www.kap.org.tr/tr/Bildirim/1529720,tr,2025-12-25T16:01:06+00:00
2025-12-25,AKCVR,KAP,AKADEMİ ÇEVRE ENTEGRE ATIK YÖNETİMİ ENDÜSTRİ A.Ş. - Pay Dışında Sermaye Piyasası Aracı İşlemlerine İlişkin Bildirim (Faiz İçeren),Pay Dışında Sermaye Piyasası Aracı İşlemlerine İlişkin Bildirim (Faiz İçeren) TRFAKAD32614 ISIN Kodlu Değişken Faizli Finansman Bonosunun 1. Kupon Ödemesi,https://www.kap.org.tr/tr/Bildirim/1529609,tr,2025-12-25T12:00:56+00:00
2025-12-25,AKCVR,KAP,AKADEMİ ÇEVRE ENTEGRE ATIK YÖNETİMİ ENDÜSTRİ A.Ş. - Pay Dışında Sermaye Piyasası Aracı İşlemlerine İlişkin Bildirim (Faiz İçeren),Pay Dışında Sermaye Piyasası Aracı İşlemlerine İlişkin Bildirim (Faiz İçeren) TRFAKAD32614 ISIN Kodlu Değişken Faizli Finansman Bonosunun 1. Kupon Oranının Belirlenmesi,https://www.kap.org.tr/tr/Bildirim/1529593,tr,2025-12-25T11:32:53+00:00
2025-12-25,AKDFA,KAP,AKDENİZ FAKTORİNG A.Ş. - Pay Dışında Sermaye Piyasası Aracı İşlemlerine İlişkin Bildirim (Faiz İçeren),Pay Dışında Sermaye Piyasası Aracı İşlemlerine İlişkin Bildirim (Faiz İçeren) TRFAKDN42624 İhracın kupon oranının belirlenmesi hk,https://www.kap.org.tr/tr/Bildirim/1529739,tr,2025-12-25T16:24:33+00:00
2025-12-25,AKSA,KAP,AKSA AKRİLİK KİMYA SANAYİİ A.Ş. - Birleşme İşlemlerine İlişkin Bildirim,Birleşme İşlemlerine İlişkin Bildirim Kolaylaştırılmış Usulde Birleşme İşlemine İlişkin Tescili Hakkında,https://www.kap.org.tr/tr/Bildirim/1529797,tr,2025-12-25T17:26:31+00:00
2025-12-25,AKSEN,KAP,AKSA ENERJİ ÜRETİM A.Ş. - Özel Durum Açıklaması (Genel),Özel Durum Açıklaması (Genel) Gana Kumasi Santrali Hakkında,https://www.kap.org.tr/tr/Bildirim/1529533,tr,2025-12-25T09:17:38+00:00
2025-12-25,AKSUE,KAP,AKSU ENERJİ VE TİCARET A.Ş. - Sermaye Artırımı - Azaltımı İşlemlerine İlişkin Bildirim,Sermaye Artırımı - Azaltımı İşlemlerine İlişkin Bildirim Tahsisli Sermaye Artımı hk. SPK Başvurusu yapılması,https://www.kap.org.tr/tr/Bildirim/1529796,tr,2025-12-25T17:23:07+00:00
2025-12-25,ALKLC,KAP,ALTINKILIÇ GIDA VE SÜT SANAYİ TİCARET A.Ş. - İhraç Belgesi,İhraç Belgesi İHRAÇ BELGESİ,https://www.kap.org.tr/tr/Bildirim/1529592,tr,2025-12-25T11:29:55+00:00
2025-12-25,ALKLC,KAP,ALTINKILIÇ GIDA VE SÜT SANAYİ TİCARET A.Ş. - İhraç Tavanına İlişkin Bildirim,"İhraç Tavanına İlişkin Bildirim hraç Belgesi Spk Onayı Hakkında,",https://www.kap.org.tr/tr/Bildirim/1529591,tr,2025-12-25T11:29:46+00:00
2025-12-25,ALTNY,KAP,ALTINAY SAVUNMA TEKNOLOJİLERİ A.Ş. - Yeni İş İlişkisi,Yeni İş İlişkisi Yeni İş İlişkisi,https://www.kap.org.tr/tr/Bildirim/1529945,tr,2025-12-25T19:58:31+00:00
2025-12-25,ALTNY,KAP,ALTINAY SAVUNMA TEKNOLOJİLERİ A.Ş. - Sermaye Artırımı - Azaltımı İşlemlerine İlişkin Bildirim,Sermaye Artırımı - Azaltımı İşlemlerine İlişkin Bildirim Bedelsiz Sermaye Artırımı Hak Kullanım İşlemleri Başlangıç Tarihi,https://www.kap.org.tr/tr/Bildirim/1529741,tr,2025-12-25T16:27:41+00:00
2025-12-25,ALTNY,KAP,ALTINAY SAVUNMA TEKNOLOJİLERİ A.Ş. - İhraç Belgesi,İhraç Belgesi Bedelsiz Sermaye Artırımına İlişkin Onaylı Borsa İhraç Belgesi,https://www.kap.org.tr/tr/Bildirim/1529740,tr,2025-12-25T16:26:06+00:00
2025-12-25,ARCLK,KAP,ARÇELİK A.Ş. - Özel Durum Açıklaması (Genel),Özel Durum Açıklaması (Genel) Bağımsız yönetim kurulu üye adayının belirlenmesi ve SPK Başvurusu,https://www.kap.org.tr/tr/Bildirim/1529914,tr,2025-12-25T18:16:56+00:00
2025-12-25,ATAGY,KAP,ATA GAYRİMENKUL YATIRIM ORTAKLIĞI A.Ş. - Kayıtlı Sermaye Tavanı İşlemlerine İlişkin Bildirim,Kayıtlı Sermaye Tavanı İşlemlerine İlişkin Bildirim Kayıtlı Sermaye Tavanı Arttırımı ve Süre Uzatımına İlişkin Genel Kurul Tescili,https://www.kap.org.tr/tr/Bildirim/1529937,tr,2025-12-25T18:52:01+00:00
2025-12-25,ATAGY,KAP,ATA GAYRİMENKUL YATIRIM ORTAKLIĞI A.Ş. - Genel Kurul İşlemlerine İlişkin Bildirim,Genel Kurul İşlemlerine İlişkin Bildirim Genel Kurul Tescili,https://www.kap.org.tr/tr/Bildirim/1529932,tr,2025-12-25T18:44:24+00:00
2025-12-25,ATLFA,KAP,ATILIM FAKTORİNG A.Ş. - İç Yönerge,İç Yönerge İç Yönerge,https://www.kap.org.tr/tr/Bildirim/1529653,tr,2025-12-25T13:07:35+00:00
2025-12-25,AVGYO,KAP,AVRASYA GAYRİMENKUL YATIRIM ORTAKLIĞI A.Ş. - Pay Alım Satım Bildirimi,Pay Alım Satım Bildirimi Pay Satım Bildirimi METRO,https://www.kap.org.tr/tr/Bildirim/1529934,tr,2025-12-25T18:46:05+00:00
2025-12-25,AVHOL,KAP,AVRUPA YATIRIM HOLDİNG A.Ş. - Şirket Genel Bilgi Formu,Şirket Genel Bilgi Formu,https://www.kap.org.tr/tr/Bildirim/1529771,tr,2025-12-25T16:55:41+00:00
2025-12-25,AVHOL,KAP,AVRUPA YATIRIM HOLDİNG A.Ş. - Özel Durum Açıklaması (Genel),"Özel Durum Açıklaması (Genel) Yönetim Kurulu Üye Değişikliği Hk,",https://www.kap.org.tr/tr/Bildirim/1529770,tr,2025-12-25T16:55:31+00:00
2025-12-25,BAGFS,KAP,BAGFAŞ BANDIRMA GÜBRE FABRİKALARI A.Ş. - Şirket Genel Bilgi Formu,Şirket Genel Bilgi Formu,https://www.kap.org.tr/tr/Bildirim/1529944,tr,2025-12-25T19:32:05+00:00
2025-12-25,BAGFS,KAP,BAGFAŞ BANDIRMA GÜBRE FABRİKALARI A.Ş. - Özel Durum Açıklaması (Genel),Özel Durum Açıklaması (Genel) Genel Müdür Ataması,https://www.kap.org.tr/tr/Bildirim/1529943,tr,2025-12-25T19:21:28+00:00
2025-12-25,BORSK,KAP,BOR ŞEKER A.Ş. - Kayıtlı Sermaye Tavanı İşlemlerine İlişkin Bildirim,Kayıtlı Sermaye Tavanı İşlemlerine İlişkin Bildirim Kayıtlı Sermaye Tavanının Artırılması,https://www.kap.org.tr/tr/Bildirim/1529662,tr,2025-12-25T13:40:24+00:00
2025-12-25,BORSK,KAP,BOR ŞEKER A.Ş. - Esas Sözleşme Tadili,Esas Sözleşme Tadili Esas Sözleşme Tadili,https://www.kap.org.tr/tr/Bildirim/1529660,tr,2025-12-25T13:39:27+00:00
2025-12-25,BRMEN,KAP,BİRLİK MENSUCAT TİCARET VE SANAYİ İŞLETMESİ A.Ş. - Sermaye Artırımı - Azaltımı İşlemlerine İlişkin Bildirim,Sermaye Artırımı - Azaltımı İşlemlerine İlişkin Bildirim Sermaye Artırımına İlişkin Yeni Pay Alma Hakkı Kullanım Tarihleri ve Rüçhan ISIN Kodu,https://www.kap.org.tr/tr/Bildirim/1529750,tr,2025-12-25T16:37:25+00:00
2025-12-25,BRMEN,KAP,BİRLİK MENSUCAT TİCARET VE SANAYİ İŞLETMESİ A.Ş. - İzahname (SPK Tarafından Onaylanan),İzahname (SPK Tarafından Onaylanan) Sermaye Artırımı Başvurusu Kapsamında SPK Tarafından Onaylanan İzahname-ekleri,https://www.kap.org.tr/tr/Bildirim/1529668,tr,2025-12-25T13:54:29+00:00
2025-12-25,BRMEN,KAP,BİRLİK MENSUCAT TİCARET VE SANAYİ İŞLETMESİ A.Ş. - İzahname (SPK Tarafından Onaylanan),İzahname (SPK Tarafından Onaylanan) Sermaye Artırımı Başvurusu Kapsamında SPK Tarafından Onaylanan İzahname-3,https://www.kap.org.tr/tr/Bildirim/1529667,tr,2025-12-25T13:54:16+00:00
2025-12-25,BRMEN,KAP,BİRLİK MENSUCAT TİCARET VE SANAYİ İŞLETMESİ A.Ş. - İzahname (SPK Tarafından Onaylanan),İzahname (SPK Tarafından Onaylanan) Sermaye Artırımı Başvurusu Kapsamında SPK Tarafından Onaylanan İzahname-2,https://www.kap.org.tr/tr/Bildirim/1529666,tr,2025-12-25T13:54:02+00:00
2025-12-25,BRMEN,KAP,BİRLİK MENSUCAT TİCARET VE SANAYİ İŞLETMESİ A.Ş. - İzahname (SPK Tarafından Onaylanan),İzahname (SPK Tarafından Onaylanan) Sermaye Artırımı Başvurusu Kapsamında SPK Tarafından Onaylanan İzahname-1,https://www.kap.org.tr/tr/Bildirim/1529665,tr,2025-12-25T13:53:46+00:00
2025-12-25,BULGS,KAP,BULLS GİRİŞİM SERMAYESİ YATIRIM ORTAKLIĞI A.Ş. - Şirket Genel Bilgi Formu,Şirket Genel Bilgi Formu,https://www.kap.org.tr/tr/Bildirim/1529795,tr,2025-12-25T17:22:27+00:00
2025-12-25,BULGS,KAP,BULLS GİRİŞİM SERMAYESİ YATIRIM ORTAKLIĞI A.Ş. - Özel Durum Açıklaması (Genel),"Özel Durum Açıklaması (Genel) Girişim Sermayesi Yatırımı Yapılması Hk. MGY, MOG",https://www.kap.org.tr/tr/Bildirim/1529794,tr,2025-12-25T17:20:17+00:00
2025-12-25,BVSAN,KAP,BÜLBÜLOĞLU VİNÇ SANAYİ VE TİCARET A.Ş. - Yeni İş İlişkisi,Yeni İş İlişkisi Yeni İş İlişkisi Hakkında,https://www.kap.org.tr/tr/Bildirim/1529663,tr,2025-12-25T13:43:02+00:00
2025-12-25,CAGFA,KAP,ÇAĞDAŞ FAKTORİNG A.Ş. - Pay Dışında Sermaye Piyasası Aracı İşlemlerine İlişkin Bildirim (Faiz İçeren),Pay Dışında Sermaye Piyasası Aracı İşlemlerine İlişkin Bildirim (Faiz İçeren) TRFCGDF32641 ISIN Kodlu İhracın 3.Kupon Faiz Oranının Belirlenmesi,https://www.kap.org.tr/tr/Bildirim/1529786,tr,2025-12-25T17:09:26+00:00
2025-12-25,CAGFA,KAP,ÇAĞDAŞ FAKTORİNG A.Ş. - Pay Dışında Sermaye Piyasası Aracı İşlemlerine İlişkin Bildirim (Faiz İçeren),Pay Dışında Sermaye Piyasası Aracı İşlemlerine İlişkin Bildirim (Faiz İçeren) TRFCGDF32633 ISIN Kodlu İhracın 3.Kupon Faiz Ödemesinin Gerçekleştirilmesi,https://www.kap.org.tr/tr/Bildirim/1529785,tr,2025-12-25T17:09:17+00:00
2025-12-25,CAGFA,KAP,ÇAĞDAŞ FAKTORİNG A.Ş. - Pay Dışında Sermaye Piyasası Aracı İşlemlerine İlişkin Bildirim (Faiz İçeren),Pay Dışında Sermaye Piyasası Aracı İşlemlerine İlişkin Bildirim (Faiz İçeren) TRSCGDF62617 ISIN Kodlu İhracın 2.Kupon Faiz Ödemesinin Gerçekleştirilmesi,https://www.kap.org.tr/tr/Bildirim/1529784,tr,2025-12-25T17:09:09+00:00
2025-12-25,CLKMT,KAP,ÇELİK MOTOR TİCARET A.Ş. - Pay Dışında Sermaye Piyasası Aracı İşlemlerine İlişkin Bildirim (Faiz İçeren),Pay Dışında Sermaye Piyasası Aracı İşlemlerine İlişkin Bildirim (Faiz İçeren) Kupon Oranı Belirlenmesi,https://www.kap.org.tr/tr/Bildirim/1529938,tr,2025-12-25T18:53:32+00:00
2025-12-25,CMENT,KAP,ÇİMENTAŞ İZMİR ÇİMENTO FABRİKASI T.A.Ş. - Özel Durum Açıklaması (Genel),Özel Durum Açıklaması (Genel) Toplu İş Sözleşmesi Görüşmelerine Başlanması,https://www.kap.org.tr/tr/Bildirim/1529600,tr,2025-12-25T11:54:22+00:00
2025-12-25,CVKMD,KAP,CVK MADEN İŞLETMELERİ SANAYİ VE TİCARET A.Ş. - Kredi Derecelendirmesi,Kredi Derecelendirmesi Kredi Derecelendirme Notu,https://www.kap.org.tr/tr/Bildirim/1529772,tr,2025-12-25T16:55:48+00:00
2025-12-25,DEVA,KAP,DEVA HOLDİNG A.Ş. - Şirket Genel Bilgi Formu,Şirket Genel Bilgi Formu,https://www.kap.org.tr/tr/Bildirim/1529555,tr,2025-12-25T10:25:58+00:00
2025-12-25,DYOBY,KAP,DYO BOYA FABRİKALARI SANAYİ VE TİCARET A.Ş. - Pay Dışında Sermaye Piyasası Aracı İşlemlerine İlişkin Bildirim (Faiz İçeren),Pay Dışında Sermaye Piyasası Aracı İşlemlerine İlişkin Bildirim (Faiz İçeren) TRFDYBYA2518 ISIN kodlu Finansman Bonosu İtfası,https://www.kap.org.tr/tr/Bildirim/1529721,tr,2025-12-25T16:02:16+00:00
2025-12-25,DYOBY,KAP,DYO BOYA FABRİKALARI SANAYİ VE TİCARET A.Ş. - Pay Dışında Sermaye Piyasası Aracı İşlemlerine İlişkin Bildirim (Faiz İçeren),Pay Dışında Sermaye Piyasası Aracı İşlemlerine İlişkin Bildirim (Faiz İçeren) Nitelikli Yatırımcılara Satılmak Üzere Finansman Bonosu İhracı,https://www.kap.org.tr/tr/Bildirim/1529557,tr,2025-12-25T10:31:35+00:00
2025-12-25,ECILC,KAP,EİS ECZACIBAŞI İLAÇ SINAİ VE FİNANSAL YATIRIMLAR SANAYİ VE TİCARET A.Ş. - Özel Durum Açıklaması (Genel),Özel Durum Açıklaması (Genel) İştirakimiz Vitra Karo Sanayi ve Ticaret A.Ş.'nin Sermaye Artırım Kararının Tescili,https://www.kap.org.tr/tr/Bildirim/1529949,tr,2025-12-25T20:49:37+00:00
2025-12-25,ECILC,KAP,EİS ECZACIBAŞI İLAÇ SINAİ VE FİNANSAL YATIRIMLAR SANAYİ VE TİCARET A.Ş. - Özel Durum Açıklaması (Genel),Özel Durum Açıklaması (Genel) Eczacıbaşı Holding A.Ş.'nin Kartal Projesinde Birinci Faz Yapı Ruhsatı Alınması ECZYT,https://www.kap.org.tr/tr/Bildirim/1529948,tr,2025-12-25T20:41:18+00:00
2025-12-25,EDATA,KAP,E-DATA TEKNOLOJİ PAZARLAMA A.Ş. - Pay Satış Bilgi Formu,Pay Satış Bilgi Formu Pay Satış Bilgi Formu (SPK Onaylı),https://www.kap.org.tr/tr/Bildirim/1529908,tr,2025-12-25T18:11:44+00:00
2025-12-25,EFOR,KAP,EFOR YATIRIM SANAYİ TİCARET A.Ş. - Birleşme İşlemlerine İlişkin Bildirim,Birleşme İşlemlerine İlişkin Bildirim Efor Yatırım Sanayi Ticaret A.Ş. ile Of Çaysan Tarım Ürünleri Entegre Tesisleri Sanayi ve Ticaret A.Ş.'nin Birleşme İşlemine İlişkin SPK Başvurusu Hk.,https://www.kap.org.tr/tr/Bildirim/1529952,tr,2025-12-25T23:36:33+00:00
2025-12-25,EKGYO,KAP,EMLAK KONUT GAYRİMENKUL YATIRIM ORTAKLIĞI A.Ş. - Özel Durum Açıklaması (Genel),Özel Durum Açıklaması (Genel) İzmir Çeşme Musalla 1. Etap 2. Oturum Sonucu,https://www.kap.org.tr/tr/Bildirim/1529919,tr,2025-12-25T18:24:42+00:00
2025-12-25,EKOS,KAP,EKOS TEKNOLOJİ VE ELEKTRİK A.Ş. - Esas Sözleşme,Esas Sözleşme Esas Sözleşme,https://www.kap.org.tr/tr/Bildirim/1529709,tr,2025-12-25T15:30:46+00:00
2025-12-25,EKOS,KAP,EKOS TEKNOLOJİ VE ELEKTRİK A.Ş. - Sermaye Artırımı - Azaltımı İşlemlerine İlişkin Bildirim,Sermaye Artırımı - Azaltımı İşlemlerine İlişkin Bildirim Bedelsiz Sermaye Hak Kullanım Başlangıç Tarihi ve Bedelsiz Sermaye Artırımının Ticaret Sicil Gazetesinde Tescil ve İlan Edilmesi,https://www.kap.org.tr/tr/Bildirim/1529651,tr,2025-12-25T13:04:04+00:00
2025-12-25,EMIRV,KAP,EMİR VARLIK YÖNETİM A.Ş. - Pay Dışında Sermaye Piyasası Aracı İşlemlerine İlişkin Bildirim (Faiz İçeren),Pay Dışında Sermaye Piyasası Aracı İşlemlerine İlişkin Bildirim (Faiz İçeren) TRFEMIR92619 ISIN Kodlu Finansman Bonosunun 1. Kupon Oranına İlişkin Açıklama,https://www.kap.org.tr/tr/Bildirim/1529805,tr,2025-12-25T17:33:50+00:00
2025-12-25,ENERY,KAP,ENERYA ENERJİ A.Ş. - Payların Geri Alınmasına İlişkin Bildirim,Payların Geri Alınmasına İlişkin Bildirim 25.12.2025 Tarihli Pay Geri Alım İşlemleri,https://www.kap.org.tr/tr/Bildirim/1529924,tr,2025-12-25T18:30:13+00:00
2025-12-25,ERGLI,KAP,EREĞLİ TEKSTİL TURİZM SANAYİ VE TİCARET A.Ş. - Pay Dışında Sermaye Piyasası Aracı İşlemlerine İlişkin Bildirim (Faiz İçeren),Pay Dışında Sermaye Piyasası Aracı İşlemlerine İlişkin Bildirim (Faiz İçeren) TRFERTTA2554 ISIN kodlu finansman bonosunun kupon oranına ilişkin açıklama,https://www.kap.org.tr/tr/Bildirim/1529779,tr,2025-12-25T17:05:49+00:00
2025-12-25,ERGLI,KAP,EREĞLİ TEKSTİL TURİZM SANAYİ VE TİCARET A.Ş. - Pay Dışında Sermaye Piyasası Aracı İşlemlerine İlişkin Bildirim (Faiz İçeren),Pay Dışında Sermaye Piyasası Aracı İşlemlerine İlişkin Bildirim (Faiz İçeren) TRFERTTA2521 ISIN kodlu finansman bonosunun kupon oranına ilişkin açıklama,https://www.kap.org.tr/tr/Bildirim/1529778,tr,2025-12-25T17:05:40+00:00
2025-12-25,ERGLI,KAP,EREĞLİ TEKSTİL TURİZM SANAYİ VE TİCARET A.Ş. - Pay Dışında Sermaye Piyasası Aracı İşlemlerine İlişkin Bildirim (Faiz İçeren),Pay Dışında Sermaye Piyasası Aracı İşlemlerine İlişkin Bildirim (Faiz İçeren) TRFERTTA2513 ISIN kodlu finansman bonosunun kupon oranına ilişkin açıklama,https://www.kap.org.tr/tr/Bildirim/1529777,tr,2025-12-25T17:05:32+00:00
2025-12-25,ESCAR,KAP,ESCAR FİLO KİRALAMA HİZMETLERİ A.Ş. - Payların Geri Alınmasına İlişkin Bildirim,Payların Geri Alınmasına İlişkin Bildirim 25.12.2025 Tarihli Pay Geri Alım İşlemleri,https://www.kap.org.tr/tr/Bildirim/1529939,tr,2025-12-25T19:17:06+00:00
2025-12-25,ETYAT,KAP,EURO TREND YATIRIM ORTAKLIĞI A.Ş. - Özel Durum Açıklaması (Genel),"Özel Durum Açıklaması (Genel) BİAŞ'da oluşan ağırlıklı ortalama fiyatın,pay başına net aktif değerin 2 katını aşması",https://www.kap.org.tr/tr/Bildirim/1529697,tr,2025-12-25T15:06:33+00:00
2025-12-25,EUKYO,KAP,EURO KAPİTAL YATIRIM ORTAKLIĞI A.Ş. - Özel Durum Açıklaması (Genel),"Özel Durum Açıklaması (Genel) BİAŞ'da oluşan ağırlıklı ortalama fiyatın,pay başına net aktif değerin 2 katını aşması",https://www.kap.org.tr/tr/Bildirim/1529698,tr,2025-12-25T15:07:02+00:00
2025-12-25,EUYO,KAP,EURO MENKUL KIYMET YATIRIM ORTAKLIĞI A.Ş. - Özel Durum Açıklaması (Genel),"Özel Durum Açıklaması (Genel) BİAŞ'da oluşan ağırlıklı ortalama fiyatın,pay başına net aktif değerin 2 katını aşması",https://www.kap.org.tr/tr/Bildirim/1529696,tr,2025-12-25T15:06:02+00:00
2025-12-25,FENER,KAP,FENERBAHÇE FUTBOL A.Ş. - Özel Durum Açıklaması (Genel),Özel Durum Açıklaması (Genel) Şirketimiz ile Fenerbahçe Spor Kulübü Arasında Uzun Süreli Kira Sözleşmesi Yapılması Hk,https://www.kap.org.tr/tr/Bildirim/1529790,tr,2025-12-25T17:14:51+00:00
2025-12-25,FONET,KAP,FONET BİLGİ TEKNOLOJİLERİ A.Ş. - Yeni İş İlişkisi,Yeni İş İlişkisi Ankara Gülhane Eğitim ve Araştırma Hastanesi Başhekimliği ile imzalanan sözleşme.,https://www.kap.org.tr/tr/Bildirim/1529693,tr,2025-12-25T15:01:48+00:00
2025-12-25,FORTE,KAP,FORTE BİLGİ İLETİŞİM TEKNOLOJİLERİ VE SAVUNMA SANAYİ A.Ş. - Yeni İş İlişkisi,Yeni İş İlişkisi Yeni İş İlişkisi,https://www.kap.org.tr/tr/Bildirim/1529742,tr,2025-12-25T16:31:44+00:00
2025-12-25,GGBVK,KAP,GOLDEN GLOBAL VARLIK KİRALAMA A.Ş. - Pay Dışında Sermaye Piyasası Aracı İşlemlerine İlişkin Bildirim (Faizsiz),Pay Dışında Sermaye Piyasası Aracı İşlemlerine İlişkin Bildirim (Faizsiz) TRDGLVK92627 ISIN Kodlu Kira Sertifikasının 3. Kupon Ödemesinin Tamamlanması GGI,https://www.kap.org.tr/tr/Bildirim/1529802,tr,2025-12-25T17:30:12+00:00
2025-12-25,GGBVK,KAP,GOLDEN GLOBAL VARLIK KİRALAMA A.Ş. - Pay Dışında Sermaye Piyasası Aracı İşlemlerine İlişkin Bildirim (Faizsiz),Pay Dışında Sermaye Piyasası Aracı İşlemlerine İlişkin Bildirim (Faizsiz) TRDGLVK92619 ISIN Kodlu Kira Sertifikası İhracının 1. Kupon Ödemesinin Tamamlanması GGI,https://www.kap.org.tr/tr/Bildirim/1529801,tr,2025-12-25T17:29:45+00:00
2025-12-25,GGBVK,KAP,GOLDEN GLOBAL VARLIK KİRALAMA A.Ş. - Pay Dışında Sermaye Piyasası Aracı İşlemlerine İlişkin Bildirim (Faizsiz),Pay Dışında Sermaye Piyasası Aracı İşlemlerine İlişkin Bildirim (Faizsiz) TRDGLVK92627 ISIN Kodlu Kira Sertifikası İhracınının 3. Kupon Oranının Belirlenmesi GGI,https://www.kap.org.tr/tr/Bildirim/1529622,tr,2025-12-25T12:18:01+00:00
2025-12-25,GGBVK,KAP,GOLDEN GLOBAL VARLIK KİRALAMA A.Ş. - Pay Dışında Sermaye Piyasası Aracı İşlemlerine İlişkin Bildirim (Faizsiz),Pay Dışında Sermaye Piyasası Aracı İşlemlerine İlişkin Bildirim (Faizsiz) TRDGLVK92619 ISIN Kodlu Kira Sertifikası 1. Kupon Oranının Belirlenmesi GGI,https://www.kap.org.tr/tr/Bildirim/1529621,tr,2025-12-25T12:17:35+00:00
2025-12-25,GIPTA,KAP,GIPTA OFİS KIRTASİYE VE PROMOSYON ÜRÜNLERİ İMALAT SANAYİ A.Ş. - Finansal Duran Varlık Edinimi,Finansal Duran Varlık Edinimi Yeni Şirket Kuruluşu,https://www.kap.org.tr/tr/Bildirim/1529931,tr,2025-12-25T18:43:53+00:00
2025-12-25,GRNYO,KAP,GARANTİ YATIRIM ORTAKLIĞI A.Ş. - Özel Durum Açıklaması (Genel),"Özel Durum Açıklaması (Genel) Paylarının BİAŞ'ta oluşan ağırlıklı ortalama fiyatının, pay başına net aktif değerinin 2 katını aşması hakkında.",https://www.kap.org.tr/tr/Bildirim/1529563,tr,2025-12-25T10:51:10+00:00
2025-12-25,HEDEF,KAP,HEDEF HOLDİNG A.Ş. - Şirket Genel Bilgi Formu,Şirket Genel Bilgi Formu,https://www.kap.org.tr/tr/Bildirim/1529904,tr,2025-12-25T18:00:05+00:00
2025-12-25,HEDEF,KAP,HEDEF HOLDİNG A.Ş. - Özel Durum Açıklaması (Genel),Özel Durum Açıklaması (Genel) Colendi Menkul Değerler A.Ş. Pay Devir İşlemleri'nin Tamamlanması Hk. COL,https://www.kap.org.tr/tr/Bildirim/1529903,tr,2025-12-25T17:58:34+00:00
2025-12-25,HLVKS,KAP,HALK VARLIK KİRALAMA A.Ş. - Pay Dışında Sermaye Piyasası Aracı İşlemlerine İlişkin Bildirim (Faizsiz),Pay Dışında Sermaye Piyasası Aracı İşlemlerine İlişkin Bildirim (Faizsiz) Yurtiçi Kira Sertifikası İtfa ve Getiri Ödemesi PYCLL,https://www.kap.org.tr/tr/Bildirim/1529646,tr,2025-12-25T12:30:30+00:00
2025-12-25,HOROZ,KAP,HOROZ LOJİSTİK KARGO HİZMETLERİ VE TİCARET A.Ş. - Yeni İş İlişkisi,Yeni İş İlişkisi Yeni iş ilişkisi,https://www.kap.org.tr/tr/Bildirim/1529913,tr,2025-12-25T18:16:32+00:00
2025-12-25,HUBVC,KAP,HUB GİRİŞİM SERMAYESİ YATIRIM ORTAKLIĞI A.Ş. - Özel Durum Açıklaması (Genel),Özel Durum Açıklaması (Genel) İştirakimiz Udentify Bilişim Teknolojileri Danışmanlık Sanayi ve Ticaret A.Ş. Paylarının Satım Bedelinin Vadeli Şekilde Tahsil Edilmesine Dair Anlaşma Hk.,https://www.kap.org.tr/tr/Bildirim/1529793,tr,2025-12-25T17:20:06+00:00
2025-12-25,INFO,KAP,İNFO YATIRIM MENKUL DEĞERLER A.Ş. - Yatırım Kuruluşu Varant - Sertifika - Senetlerine İlişkin Bildirim,Yatırım Kuruluşu Varant - Sertifika - Senetlerine İlişkin Bildirim Yatırım Kuruluşu Varantları İlk Satış Fiyatları,https://www.kap.org.tr/tr/Bildirim/1529783,tr,2025-12-25T17:07:26+00:00
2025-12-25,INFO,KAP,İNFO YATIRIM MENKUL DEĞERLER A.Ş. - Yatırım Kuruluşu Varant - Sertifika - Senetlerine İlişkin Bildirim,Yatırım Kuruluşu Varant - Sertifika - Senetlerine İlişkin Bildirim Yatırım Kuruluşu Varantları Sıralarının Kapatılması,https://www.kap.org.tr/tr/Bildirim/1529569,tr,2025-12-25T10:57:48+00:00
2025-12-25,ISMEN,KAP,İŞ YATIRIM MENKUL DEĞERLER A.Ş. - Yatırım Kuruluşu Varant - Sertifika - Senetlerine İlişkin Bildirim,Yatırım Kuruluşu Varant - Sertifika - Senetlerine İlişkin Bildirim İş Yatırım Sertifika ve Varant Alım Satım İşlemleri,https://www.kap.org.tr/tr/Bildirim/1529782,tr,2025-12-25T17:07:25+00:00
2025-12-25,ISMEN,KAP,İŞ YATIRIM MENKUL DEĞERLER A.Ş. - Piyasa Yapıcılığı Kapsamında Gerçekleştirilen İşlemler Bildirimi,Piyasa Yapıcılığı Kapsamında Gerçekleştirilen İşlemler Bildirimi Borsa Yatırım Fonu Piyasa Yapıcılığı İşlemleri ISGLK,https://www.kap.org.tr/tr/Bildirim/1529780,tr,2025-12-25T17:06:33+00:00
2025-12-25,ISMEN,KAP,İŞ YATIRIM MENKUL DEĞERLER A.Ş. - Yatırım Kuruluşu Varant - Sertifika - Senetlerine İlişkin Bildirim,Yatırım Kuruluşu Varant - Sertifika - Senetlerine İlişkin Bildirim Yatırım Kuruluşu Varantları Sıralarının Kapatılması,https://www.kap.org.tr/tr/Bildirim/1529535,tr,2025-12-25T09:26:52+00:00
2025-12-25,IYF,KAP,İNFO YATIRIM MENKUL DEĞERLER A.Ş. - Yatırım Kuruluşu Varant - Sertifika - Senetlerine İlişkin Bildirim,Yatırım Kuruluşu Varant - Sertifika - Senetlerine İlişkin Bildirim Yatırım Kuruluşu Varantları İlk Satış Fiyatları,https://www.kap.org.tr/tr/Bildirim/1529783,tr,2025-12-25T17:07:26+00:00
2025-12-25,IYF,KAP,İNFO YATIRIM MENKUL DEĞERLER A.Ş. - Yatırım Kuruluşu Varant - Sertifika - Senetlerine İlişkin Bildirim,Yatırım Kuruluşu Varant - Sertifika - Senetlerine İlişkin Bildirim Yatırım Kuruluşu Varantları Sıralarının Kapatılması,https://www.kap.org.tr/tr/Bildirim/1529569,tr,2025-12-25T10:57:48+00:00
2025-12-25,IYM,KAP,İŞ YATIRIM MENKUL DEĞERLER A.Ş. - Yatırım Kuruluşu Varant - Sertifika - Senetlerine İlişkin Bildirim,Yatırım Kuruluşu Varant - Sertifika - Senetlerine İlişkin Bildirim İş Yatırım Sertifika ve Varant Alım Satım İşlemleri,https://www.kap.org.tr/tr/Bildirim/1529782,tr,2025-12-25T17:07:25+00:00
2025-12-25,IYM,KAP,İŞ YATIRIM MENKUL DEĞERLER A.Ş. - Piyasa Yapıcılığı Kapsamında Gerçekleştirilen İşlemler Bildirimi,Piyasa Yapıcılığı Kapsamında Gerçekleştirilen İşlemler Bildirimi Borsa Yatırım Fonu Piyasa Yapıcılığı İşlemleri ISGLK,https://www.kap.org.tr/tr/Bildirim/1529780,tr,2025-12-25T17:06:33+00:00
2025-12-25,IYM,KAP,İŞ YATIRIM MENKUL DEĞERLER A.Ş. - Yatırım Kuruluşu Varant - Sertifika - Senetlerine İlişkin Bildirim,Yatırım Kuruluşu Varant - Sertifika - Senetlerine İlişkin Bildirim Yatırım Kuruluşu Varantları Sıralarının Kapatılması,https://www.kap.org.tr/tr/Bildirim/1529535,tr,2025-12-25T09:26:52+00:00
2025-12-25,KAYSE,KAP,KAYSERİ ŞEKER FABRİKASI A.Ş. - Özel Durum Açıklaması (Genel),Özel Durum Açıklaması (Genel) Yatırım Amaçlı Gayrimenkullerin bir Kısmı Üzerinde Proje ve Ruhsatlandırma Süreçlerinin Başlatılması Hk.,https://www.kap.org.tr/tr/Bildirim/1529554,tr,2025-12-25T10:25:44+00:00
2025-12-25,KIMMR,KAP,ERSAN ALIŞVERİŞ HİZMETLERİ VE GIDA SANAYİ TİCARET A.Ş. - Kayıtlı Sermaye Tavanı İşlemlerine İlişkin Bildirim,Kayıtlı Sermaye Tavanı İşlemlerine İlişkin Bildirim Kayıtlı sermaye tavanı süresi artırımının T.C Ticaret Bakanlığı İç Ticaret Genel Müdürlüğü tarafından onaylanması hakkında.,https://www.kap.org.tr/tr/Bildirim/1529788,tr,2025-12-25T17:12:50+00:00
2025-12-25,KLSYN,KAP,KOLEKSİYON MOBİLYA SANAYİ A.Ş. - Yeni İş İlişkisi,Yeni İş İlişkisi Yeni İş İlişkisi,https://www.kap.org.tr/tr/Bildirim/1529942,tr,2025-12-25T19:21:17+00:00
2025-12-25,KLYPV,KAP,KALYON GÜNEŞ TEKNOLOJİLERİ ÜRETİM A.Ş. - Payların Geri Alınmasına İlişkin Bildirim,Payların Geri Alınmasına İlişkin Bildirim 25.12.2025 tarihli Pay Geri Alım İşlemleri,https://www.kap.org.tr/tr/Bildirim/1529930,tr,2025-12-25T18:42:02+00:00
2025-12-25,KNTFA,KAP,KENT FİNANS FAKTORİNG A.Ş. - Pay Dışında Sermaye Piyasası Aracı İşlemlerine İlişkin Bildirim (Faiz İçeren),Pay Dışında Sermaye Piyasası Aracı İşlemlerine İlişkin Bildirim (Faiz İçeren) Kupon Faiz Oranının Belirlenmesi Hk.,https://www.kap.org.tr/tr/Bildirim/1529898,tr,2025-12-25T17:52:04+00:00
2025-12-25,KONTR,KAP,KONTROLMATİK TEKNOLOJİ ENERJİ VE MÜHENDİSLİK A.Ş. - Yeni İş İlişkisi,Yeni İş İlişkisi Yeni İş İlişkisi Tesis Edilmesi,https://www.kap.org.tr/tr/Bildirim/1529808,tr,2025-12-25T17:40:01+00:00
2025-12-25,KORTS,KAP,KORTEKS MENSUCAT SANAYİ VE TİCARET A.Ş. - Pay Dışında Sermaye Piyasası Aracı İşlemlerine İlişkin Bildirim (Faiz İçeren),Pay Dışında Sermaye Piyasası Aracı İşlemlerine İlişkin Bildirim (Faiz İçeren) TRSKORT52616 ISIN kodlu Korteks ihracının 8. kupon ödeme dönemine ilişkin açıklama,https://www.kap.org.tr/tr/Bildirim/1529548,tr,2025-12-25T10:13:50+00:00
2025-12-25,KRDMA,KAP,KARDEMİR KARABÜK DEMİR ÇELİK SANAYİ VE TİCARET A.Ş. - Özel Durum Açıklaması (Genel),Özel Durum Açıklaması (Genel) Satış Duyurusu Hk.,https://www.kap.org.tr/tr/Bildirim/1529692,tr,2025-12-25T14:57:28+00:00
2025-12-25,KRDMB,KAP,KARDEMİR KARABÜK DEMİR ÇELİK SANAYİ VE TİCARET A.Ş. - Özel Durum Açıklaması (Genel),Özel Durum Açıklaması (Genel) Satış Duyurusu Hk.,https://www.kap.org.tr/tr/Bildirim/1529692,tr,2025-12-25T14:57:28+00:00
2025-12-25,KRDMD,KAP,KARDEMİR KARABÜK DEMİR ÇELİK SANAYİ VE TİCARET A.Ş. - Özel Durum Açıklaması (Genel),Özel Durum Açıklaması (Genel) Satış Duyurusu Hk.,https://www.kap.org.tr/tr/Bildirim/1529692,tr,2025-12-25T14:57:28+00:00
2025-12-25,KTSVK,KAP,KT SUKUK VARLIK KİRALAMA A.Ş. - Pay Dışında Sermaye Piyasası Aracı İşlemlerine İlişkin Bildirim (Faizsiz),Pay Dışında Sermaye Piyasası Aracı İşlemlerine İlişkin Bildirim (Faizsiz) TRDKTSKA2572 ISIN Kodlu Kira Sertifikası Kupon ve Anapara Ödeme İşlemi Hk.,https://www.kap.org.tr/tr/Bildirim/1529710,tr,2025-12-25T15:33:18+00:00
2025-12-25,KTSVK,KAP,KT SUKUK VARLIK KİRALAMA A.Ş. - Pay Dışında Sermaye Piyasası Aracı İşlemlerine İlişkin Bildirim (Faizsiz),Pay Dışında Sermaye Piyasası Aracı İşlemlerine İlişkin Bildirim (Faizsiz) TRDKTSK32673 ISIN Kodlu Yurtiçi Kira Sertifikası İhracının Nitelikli Yatırımcıya Satışının EFORC,https://www.kap.org.tr/tr/Bildirim/1529515,tr,2025-12-25T08:43:15+00:00
2025-12-25,KTSVK,KAP,KT SUKUK VARLIK KİRALAMA A.Ş. - Pay Dışında Sermaye Piyasası Aracı İşlemlerine İlişkin Bildirim (Faizsiz),Pay Dışında Sermaye Piyasası Aracı İşlemlerine İlişkin Bildirim (Faizsiz) TRDKTSK32681 ISIN Kodlu Yurtiçi Kira Sertifikası İhracının Nitelikli Yatırımcıya Satışının EFORC,https://www.kap.org.tr/tr/Bildirim/1529514,tr,2025-12-25T08:42:54+00:00
2025-12-25,LINK,KAP,LİNK BİLGİSAYAR SİSTEMLERİ YAZILIMI VE DONANIMI SANAYİ VE TİCARET A.Ş. - Esas Sözleşme,Esas Sözleşme Güncel Esas Sözleşme Hk.,https://www.kap.org.tr/tr/Bildirim/1529918,tr,2025-12-25T18:23:46+00:00
2025-12-25,LINK,KAP,LİNK BİLGİSAYAR SİSTEMLERİ YAZILIMI VE DONANIMI SANAYİ VE TİCARET A.Ş. - Genel Kurul İşlemlerine İlişkin Bildirim,Genel Kurul İşlemlerine İlişkin Bildirim Olağanüstü Genel Kurul Tescili Hk.,https://www.kap.org.tr/tr/Bildirim/1529917,tr,2025-12-25T18:23:32+00:00
2025-12-25,LKMNH,KAP,LOKMAN HEKİM ENGÜRÜSAĞ SAĞLIK TURİZM EĞİTİM HİZMETLERİ VE İNŞAAT TAAHHÜT A.Ş. - Payların Geri Alınmasına İlişkin Bildirim,Payların Geri Alınmasına İlişkin Bildirim Hisse Geri Alımı,https://www.kap.org.tr/tr/Bildirim/1529929,tr,2025-12-25T18:40:12+00:00
2025-12-25,MEDTR,KAP,MEDİTERA TIBBİ MALZEME SANAYİ VE TİCARET A.Ş. - İhale Süreci / Sonucu,İhale Süreci / Sonucu Tekirdağ İl Sağlık Müdürlüğü İhalesi Hakkında,https://www.kap.org.tr/tr/Bildirim/1529920,tr,2025-12-25T18:24:52+00:00
2025-12-25,MRBAS,KAP,MARBAŞ MENKUL DEĞERLER A.Ş. - Likidite Sağlayıcılık Kapsamındaki İşlemler,Likidite Sağlayıcılık Kapsamındaki İşlemler BAREM AMBALAJ SANAYİ VE TİCARET A.Ş. (BARMA) Paylarında Likidite Sağlayıcılık Kapsamında Gerçekleştirilen İşlemler BARMA,https://www.kap.org.tr/tr/Bildirim/1529556,tr,2025-12-25T10:26:23+00:00
2025-12-25,MRS,KAP,MARBAŞ MENKUL DEĞERLER A.Ş. - Likidite Sağlayıcılık Kapsamındaki İşlemler,Likidite Sağlayıcılık Kapsamındaki İşlemler BAREM AMBALAJ SANAYİ VE TİCARET A.Ş. (BARMA) Paylarında Likidite Sağlayıcılık Kapsamında Gerçekleştirilen İşlemler BARMA,https://www.kap.org.tr/tr/Bildirim/1529556,tr,2025-12-25T10:26:23+00:00
2025-12-25,NTHOL,KAP,NET HOLDİNG A.Ş. - Payların Geri Alınmasına İlişkin Bildirim,Payların Geri Alınmasına İlişkin Bildirim Şirketimizin kendi paylarının geri alımı hakkında,https://www.kap.org.tr/tr/Bildirim/1529922,tr,2025-12-25T18:28:54+00:00
2025-12-25,NUGYO,KAP,NUROL GAYRİMENKUL YATIRIM ORTAKLIĞI A.Ş. - Özel Durum Açıklaması (Genel),Özel Durum Açıklaması (Genel) 2025 Yılı Gayrimenkul Değerleme Şirketlerinin Belirlenmesi Hakkında (Güncelleme),https://www.kap.org.tr/tr/Bildirim/1529738,tr,2025-12-25T16:21:31+00:00
2025-12-25,NUHCM,KAP,NUH ÇİMENTO SANAYİ A.Ş. - Şirket Genel Bilgi Formu,Şirket Genel Bilgi Formu,https://www.kap.org.tr/tr/Bildirim/1529707,tr,2025-12-25T15:27:41+00:00
2025-12-25,ODAS,KAP,ODAŞ ELEKTRİK ÜRETİM SANAYİ TİCARET A.Ş. - Genel Kurul İşlemlerine İlişkin Bildirim,Genel Kurul İşlemlerine İlişkin Bildirim Olağan Genel Kurul Toplantısı Tescili,https://www.kap.org.tr/tr/Bildirim/1529598,tr,2025-12-25T11:47:21+00:00
2025-12-25,OFSYM,KAP,OFİS YEM GIDA SANAYİ TİCARET A.Ş. - İhraç Tavanına İlişkin Bildirim,İhraç Tavanına İlişkin Bildirim İhraç Tavanına İlişkin SPK Başvurusu Yapılması,https://www.kap.org.tr/tr/Bildirim/1529906,tr,2025-12-25T18:09:40+00:00
2025-12-25,ONRYT,KAP,ONUR YÜKSEK TEKNOLOJİ A.Ş. - Yeni İş İlişkisi,Yeni İş İlişkisi Sözleşme İmzalanması,https://www.kap.org.tr/tr/Bildirim/1529737,tr,2025-12-25T16:16:17+00:00
2025-12-25,OSTIM,KAP,OSTİM ENDÜSTRİYEL YATIRIMLAR VE İŞLETME A.Ş. - Özel Durum Açıklaması (Genel),Özel Durum Açıklaması (Genel) Ostim Vakfı Tarafından Kurulması Planlanan Gayrimenkul Yatırım Ortaklığı'na Şirketimizin Katılması hk.,https://www.kap.org.tr/tr/Bildirim/1529792,tr,2025-12-25T17:19:20+00:00
2025-12-25,OYA,KAP,OYAK YATIRIM MENKUL DEĞERLER A.Ş. - Piyasa Yapıcılığı Kapsamında Gerçekleştirilen İşlemler Bildirimi,Piyasa Yapıcılığı Kapsamında Gerçekleştirilen İşlemler Bildirimi 25/12/2025 TARİHLİ OYAYO PİYASA YAPICILIĞI İŞLEMLERİ OYAYO,https://www.kap.org.tr/tr/Bildirim/1529921,tr,2025-12-25T18:28:45+00:00
2025-12-25,OYAYO,KAP,OYAK YATIRIM ORTAKLIĞI A.Ş. - Özel Durum Açıklaması (Genel),"Özel Durum Açıklaması (Genel) Ortaklık paylarının BİAŞ'ta oluşan ağırlıklı ortalama fiyatının, pay başına net aktif değerinin 2 katını aşması hakkında",https://www.kap.org.tr/tr/Bildirim/1529620,tr,2025-12-25T12:17:21+00:00
2025-12-25,OYYAT,KAP,OYAK YATIRIM MENKUL DEĞERLER A.Ş. - Piyasa Yapıcılığı Kapsamında Gerçekleştirilen İşlemler Bildirimi,Piyasa Yapıcılığı Kapsamında Gerçekleştirilen İşlemler Bildirimi 25/12/2025 TARİHLİ OYAYO PİYASA YAPICILIĞI İŞLEMLERİ OYAYO,https://www.kap.org.tr/tr/Bildirim/1529921,tr,2025-12-25T18:28:45+00:00
2025-12-25,OZGYO,KAP,ÖZDERİCİ GAYRİMENKUL YATIRIM ORTAKLIĞI A.Ş. - Sermaye Artırımı - Azaltımı İşlemlerine İlişkin Bildirim,Sermaye Artırımı - Azaltımı İşlemlerine İlişkin Bildirim Bedelsiz Sermaye Artırımına İlişkin SPK Onayı Hakkında,https://www.kap.org.tr/tr/Bildirim/1529553,tr,2025-12-25T10:19:02+00:00
2025-12-25,PBT,KAP,PASHA YATIRIM BANKASI A.Ş. - Pay Dışında Sermaye Piyasası Aracı İşlemlerine İlişkin Bildirim (Faiz İçeren),Pay Dışında Sermaye Piyasası Aracı İşlemlerine İlişkin Bildirim (Faiz İçeren) PASHA Yatırım Bankası A.Ş. VDMK İtfası,https://www.kap.org.tr/tr/Bildirim/1529650,tr,2025-12-25T13:00:30+00:00
2025-12-25,PBT,KAP,PASHA YATIRIM BANKASI A.Ş. - Pay Dışında Sermaye Piyasası Aracı İşlemlerine İlişkin Bildirim (Faiz İçeren),Pay Dışında Sermaye Piyasası Aracı İşlemlerine İlişkin Bildirim (Faiz İçeren) PASHA Yatırım Bankası A.Ş. VDMK İtfası,https://www.kap.org.tr/tr/Bildirim/1529649,tr,2025-12-25T12:59:27+00:00
2025-12-25,PBTR,KAP,PASHA YATIRIM BANKASI A.Ş. - Pay Dışında Sermaye Piyasası Aracı İşlemlerine İlişkin Bildirim (Faiz İçeren),Pay Dışında Sermaye Piyasası Aracı İşlemlerine İlişkin Bildirim (Faiz İçeren) PASHA Yatırım Bankası A.Ş. VDMK İtfası,https://www.kap.org.tr/tr/Bildirim/1529650,tr,2025-12-25T13:00:30+00:00
2025-12-25,PBTR,KAP,PASHA YATIRIM BANKASI A.Ş. - Pay Dışında Sermaye Piyasası Aracı İşlemlerine İlişkin Bildirim (Faiz İçeren),Pay Dışında Sermaye Piyasası Aracı İşlemlerine İlişkin Bildirim (Faiz İçeren) PASHA Yatırım Bankası A.Ş. VDMK İtfası,https://www.kap.org.tr/tr/Bildirim/1529649,tr,2025-12-25T12:59:27+00:00
2025-12-25,PGSUS,KAP,PEGASUS HAVA TAŞIMACILIĞI A.Ş. - Özel Durum Açıklaması (Genel),Özel Durum Açıklaması (Genel) 8 Adet A321neo Uçağın Finansmanı,https://www.kap.org.tr/tr/Bildirim/1529915,tr,2025-12-25T18:18:36+00:00
2025-12-25,RALYH,KAP,RAL YATIRIM HOLDİNG A.Ş. - Pay Alım Satım Bildirimi,Pay Alım Satım Bildirimi Pay Alım Satım Bildirimi,https://www.kap.org.tr/tr/Bildirim/1529916,tr,2025-12-25T18:20:19+00:00
2025-12-25,SASA,KAP,SASA POLYESTER SANAYİ A.Ş. - Özel Durum Açıklaması (Genel),Özel Durum Açıklaması (Genel) Yatırımcı Sunumu Güncellemesi Hakkında,https://www.kap.org.tr/tr/Bildirim/1529605,tr,2025-12-25T11:55:30+00:00
2025-12-25,SELEC,KAP,SELÇUK ECZA DEPOSU TİCARET VE SANAYİ A.Ş. - İhraç Belgesi,İhraç Belgesi İhraç Belgesi,https://www.kap.org.tr/tr/Bildirim/1529705,tr,2025-12-25T15:27:16+00:00
2025-12-25,TATEN,KAP,TATLIPINAR ENERJİ ÜRETİM A.Ş. - Özel Durum Açıklaması (Genel),Özel Durum Açıklaması (Genel) TEİAŞ RES Katkı Payı Davası,https://www.kap.org.tr/tr/Bildirim/1529791,tr,2025-12-25T17:15:03+00:00
2025-12-25,TEKTU,KAP,TEK-ART İNŞAAT TİCARET TURİZM SANAYİ VE YATIRIMLAR A.Ş. - Özel Durum Açıklaması (Genel),Özel Durum Açıklaması (Genel) ÖZEL DURUM AÇIKLAMASI HAKKINDA,https://www.kap.org.tr/tr/Bildirim/1529911,tr,2025-12-25T18:15:39+00:00
2025-12-25,TEZOL,KAP,EUROPAP TEZOL KAĞIT SANAYİ VE TİCARET A.Ş. - Payların Geri Alınmasına İlişkin Bildirim,Payların Geri Alınmasına İlişkin Bildirim Pay Geri Alım İşlemleri,https://www.kap.org.tr/tr/Bildirim/1529950,tr,2025-12-25T21:14:06+00:00
2025-12-25,TKFEN,KAP,TEKFEN HOLDİNG A.Ş. - Kurumsal Yönetim Bilgi Formu (Güncelleme) - Yönetim Kurulu-2,Kurumsal Yönetim Bilgi Formu (Güncelleme) - Yönetim Kurulu-2 Kurumsal Yönetim Bilgi Formu,https://www.kap.org.tr/tr/Bildirim/1529947,tr,2025-12-25T20:05:32+00:00
2025-12-25,TKFEN,KAP,TEKFEN HOLDİNG A.Ş. - Şirket Genel Bilgi Formu,Şirket Genel Bilgi Formu,https://www.kap.org.tr/tr/Bildirim/1529946,tr,2025-12-25T20:04:43+00:00
2025-12-25,TOASO,KAP,TOFAŞ TÜRK OTOMOBİL FABRİKASI A.Ş. - Şirket Genel Bilgi Formu,Şirket Genel Bilgi Formu,https://www.kap.org.tr/tr/Bildirim/1529517,tr,2025-12-25T08:53:55+00:00
2025-12-25,TOASO,KAP,TOFAŞ TÜRK OTOMOBİL FABRİKASI A.Ş. - Özel Durum Açıklaması (Genel),Özel Durum Açıklaması (Genel) Yönetim Kurulu Üye Değişikliği Hakkında,https://www.kap.org.tr/tr/Bildirim/1529516,tr,2025-12-25T08:52:38+00:00
2025-12-25,TOASO,KAP,TOFAŞ TÜRK OTOMOBİL FABRİKASI A.Ş. - Özel Durum Açıklaması (Genel),Özel Durum Açıklaması (Genel) Yönetim Kurulu Üyelerinin görev dağılımı hakkında,https://www.kap.org.tr/tr/Bildirim/1529513,tr,2025-12-25T08:31:28+00:00
2025-12-25,TTKOM,KAP,TÜRK TELEKOMÜNİKASYON A.Ş. - Şirket Genel Bilgi Formu,Şirket Genel Bilgi Formu,https://www.kap.org.tr/tr/Bildirim/1529912,tr,2025-12-25T18:16:08+00:00
2025-12-25,TVB,KAP,TÜRKİYE VAKIFLAR BANKASI T.A.O. - Pay Dışında Sermaye Piyasası Aracı İşlemlerine İlişkin Bildirim (Faiz İçeren),Pay Dışında Sermaye Piyasası Aracı İşlemlerine İlişkin Bildirim (Faiz İçeren) Borçlanma Araçlarına İlişkin Faiz Açıklaması,https://www.kap.org.tr/tr/Bildirim/1529664,tr,2025-12-25T13:46:44+00:00
2025-12-25,TVB,KAP,TÜRKİYE VAKIFLAR BANKASI T.A.O. - Pay Dışında Sermaye Piyasası Aracı İşlemlerine İlişkin Bildirim (Faiz İçeren),Pay Dışında Sermaye Piyasası Aracı İşlemlerine İlişkin Bildirim (Faiz İçeren) Borçlanma Araçlarına İlişkin Faiz Açıklaması,https://www.kap.org.tr/tr/Bildirim/1529571,tr,2025-12-25T10:58:32+00:00
2025-12-25,TVB,KAP,TÜRKİYE VAKIFLAR BANKASI T.A.O. - İzahname-Özet (SPK Tarafından Onaylanan),İzahname-Özet (SPK Tarafından Onaylanan) İzahname- Özet,https://www.kap.org.tr/tr/Bildirim/1529568,tr,2025-12-25T10:57:14+00:00
2025-12-25,TVB,KAP,TÜRKİYE VAKIFLAR BANKASI T.A.O. - İzahname-Sermaye Piyasası Aracı Notu (SPK Tarafından Onaylanan),İzahname-Sermaye Piyasası Aracı Notu (SPK Tarafından Onaylanan) İzahname- Sermaye Piyasası Aracı Notu,https://www.kap.org.tr/tr/Bildirim/1529566,tr,2025-12-25T10:57:01+00:00
2025-12-25,TVB,KAP,TÜRKİYE VAKIFLAR BANKASI T.A.O. - İzahname-İhraççı Bİlgi Dokümanı (SPK Tarafından Onaylanan),İzahname-İhraççı Bİlgi Dokümanı (SPK Tarafından Onaylanan) İzahname- İhraççı Bilgi Dokümanı,https://www.kap.org.tr/tr/Bildirim/1529565,tr,2025-12-25T10:56:44+00:00
2025-12-25,ULAS,KAP,ULAŞLAR TURİZM ENERJİ TARIM GIDA VE İNŞAAT YATIRIMLARI A.Ş. - Şirket Genel Bilgi Formu,Şirket Genel Bilgi Formu,https://www.kap.org.tr/tr/Bildirim/1529774,tr,2025-12-25T16:56:17+00:00
2025-12-25,ULAS,KAP,ULAŞLAR TURİZM ENERJİ TARIM GIDA VE İNŞAAT YATIRIMLARI A.Ş. - Özel Durum Açıklaması (Genel),"Özel Durum Açıklaması (Genel) Yönetim Kurulu Üye Değişikliği Hk,",https://www.kap.org.tr/tr/Bildirim/1529773,tr,2025-12-25T16:56:08+00:00
2025-12-25,USAK,KAP,UŞAK SERAMİK SANAYİ A.Ş. - Sermaye Artırımı - Azaltımı İşlemlerine İlişkin Bildirim,Sermaye Artırımı - Azaltımı İşlemlerine İlişkin Bildirim Bedelli Sermaye Artırımı Hakkında,https://www.kap.org.tr/tr/Bildirim/1529909,tr,2025-12-25T18:11:45+00:00
2025-12-25,VAKBN,KAP,TÜRKİYE VAKIFLAR BANKASI T.A.O. - Pay Dışında Sermaye Piyasası Aracı İşlemlerine İlişkin Bildirim (Faiz İçeren),Pay Dışında Sermaye Piyasası Aracı İşlemlerine İlişkin Bildirim (Faiz İçeren) Borçlanma Araçlarına İlişkin Faiz Açıklaması,https://www.kap.org.tr/tr/Bildirim/1529664,tr,2025-12-25T13:46:44+00:00
2025-12-25,VAKBN,KAP,TÜRKİYE VAKIFLAR BANKASI T.A.O. - Pay Dışında Sermaye Piyasası Aracı İşlemlerine İlişkin Bildirim (Faiz İçeren),Pay Dışında Sermaye Piyasası Aracı İşlemlerine İlişkin Bildirim (Faiz İçeren) Borçlanma Araçlarına İlişkin Faiz Açıklaması,https://www.kap.org.tr/tr/Bildirim/1529571,tr,2025-12-25T10:58:32+00:00
2025-12-25,VAKBN,KAP,TÜRKİYE VAKIFLAR BANKASI T.A.O. - İzahname-Özet (SPK Tarafından Onaylanan),İzahname-Özet (SPK Tarafından Onaylanan) İzahname- Özet,https://www.kap.org.tr/tr/Bildirim/1529568,tr,2025-12-25T10:57:14+00:00
2025-12-25,VAKBN,KAP,TÜRKİYE VAKIFLAR BANKASI T.A.O. - İzahname-Sermaye Piyasası Aracı Notu (SPK Tarafından Onaylanan),İzahname-Sermaye Piyasası Aracı Notu (SPK Tarafından Onaylanan) İzahname- Sermaye Piyasası Aracı Notu,https://www.kap.org.tr/tr/Bildirim/1529566,tr,2025-12-25T10:57:01+00:00
2025-12-25,VAKBN,KAP,TÜRKİYE VAKIFLAR BANKASI T.A.O. - İzahname-İhraççı Bİlgi Dokümanı (SPK Tarafından Onaylanan),İzahname-İhraççı Bİlgi Dokümanı (SPK Tarafından Onaylanan) İzahname- İhraççı Bilgi Dokümanı,https://www.kap.org.tr/tr/Bildirim/1529565,tr,2025-12-25T10:56:44+00:00
2025-12-25,VBTYZ,KAP,VBT YAZILIM A.Ş. - Ortaklık Aleyhine Dava Açılması veya Davaya İlişkin Gelişmeler,Ortaklık Aleyhine Dava Açılması veya Davaya İlişkin Gelişmeler Bedelli Sermaye Artırımı Başvurusuna İtiraz Davası Hakkında,https://www.kap.org.tr/tr/Bildirim/1529936,tr,2025-12-25T18:50:18+00:00
2025-12-25,VBTYZ,KAP,VBT YAZILIM A.Ş. - Özel Durum Açıklaması (Genel),"Özel Durum Açıklaması (Genel) Bilgi Güvenliği Politikası Hakkında,",https://www.kap.org.tr/tr/Bildirim/1529933,tr,2025-12-25T18:44:30+00:00
2025-12-25,VKFYO,KAP,VAKIF MENKUL KIYMET YATIRIM ORTAKLIĞI A.Ş. - Özel Durum Açıklaması (Genel),Özel Durum Açıklaması (Genel) Risk Yönetim Hizmeti Sözleşmesi hk.,https://www.kap.org.tr/tr/Bildirim/1529935,tr,2025-12-25T18:46:45+00:00
2025-12-25,VKFYO,KAP,VAKIF MENKUL KIYMET YATIRIM ORTAKLIĞI A.Ş. - Özel Durum Açıklaması (Genel),"Özel Durum Açıklaması (Genel) Şirketimizin BİAŞ'da oluşan ağırlıklı ortalama fiyatın, pay başına net aktif değerin 2 katını aşması sebebiyle yapılan açıklamadır.",https://www.kap.org.tr/tr/Bildirim/1529803,tr,2025-12-25T17:31:06+00:00
2025-12-25,VKGYO,KAP,VAKIF GAYRİMENKUL YATIRIM ORTAKLIĞI A.Ş. - Değerleme Raporu,Değerleme Raporu İstanbul/Sancaktepe 8741 Ada 33 Parsel 2025 Yıl Sonu Değerleme Raporu,https://www.kap.org.tr/tr/Bildirim/1529601,tr,2025-12-25T11:54:38+00:00
2025-12-25,YATAS,KAP,YATAŞ YATAK VE YORGAN SANAYİ TİCARET A.Ş. - Maddi Duran Varlık Satımı,Maddi Duran Varlık Satımı Sat-Geri Kiralama Yöntemi İle Maddi Duran Varlık Satışı,https://www.kap.org.tr/tr/Bildirim/1529923,tr,2025-12-25T18:28:59+00:00
2025-12-25,YKB,KAP,YAPI VE KREDİ BANKASI A.Ş. - Pay Dışında Sermaye Piyasası Aracı İşlemlerine İlişkin Bildirim (Faiz İçeren),Pay Dışında Sermaye Piyasası Aracı İşlemlerine İlişkin Bildirim (Faiz İçeren) Özkaynak hesaplamasına dahil edilebilir nitelikte yurtiçinde ihraç edilen borçlanma aracının kupon ödemesi,https://www.kap.org.tr/tr/Bildirim/1529581,tr,2025-12-25T11:16:12+00:00
2025-12-25,YKBNK,KAP,YAPI VE KREDİ BANKASI A.Ş. - Pay Dışında Sermaye Piyasası Aracı İşlemlerine İlişkin Bildirim (Faiz İçeren),Pay Dışında Sermaye Piyasası Aracı İşlemlerine İlişkin Bildirim (Faiz İçeren) Özkaynak hesaplamasına dahil edilebilir nitelikte yurtiçinde ihraç edilen borçlanma aracının kupon ödemesi,https://www.kap.org.tr/tr/Bildirim/1529581,tr,2025-12-25T11:16:12+00:00
2025-12-25,ZKBVR,KAP,ZKB VARLIK KİRALAMA A.Ş. - Pay Dışında Sermaye Piyasası Aracı İşlemlerine İlişkin Bildirim (Faizsiz),Pay Dışında Sermaye Piyasası Aracı İşlemlerine İlişkin Bildirim (Faizsiz) TRDZKBVA2554 ISIN kodlu Yurtiçi Kira Sertifikalarının İtfa ve Getiri Ödeme İşlemlerinin Tamamlanması Hk TKMRT,https://www.kap.org.tr/tr/Bildirim/1529580,tr,2025-12-25T11:16:06+00:00
2025-12-26,A1CAP,KAP,A1 CAPİTAL YATIRIM MENKUL DEĞERLER A.Ş. - Geri Alınan Payların Elden Çıkarılması,Geri Alınan Payların Elden Çıkarılması Geri Alınan Payların Elden Çıkarılması Hk.,https://www.kap.org.tr/tr/Bildirim/1530383,tr,2025-12-26T18:32:16+00:00
2025-12-26,A1CAP,KAP,A1 CAPİTAL YATIRIM MENKUL DEĞERLER A.Ş. - Pay Dışında Sermaye Piyasası Aracı İşlemlerine İlişkin Bildirim (Faiz İçeren),Pay Dışında Sermaye Piyasası Aracı İşlemlerine İlişkin Bildirim (Faiz İçeren) Finansman Bonosu İtfası Hk.,https://www.kap.org.tr/tr/Bildirim/1529971,tr,2025-12-26T09:28:37+00:00
2025-12-26,ACP,KAP,A1 CAPİTAL YATIRIM MENKUL DEĞERLER A.Ş. - Geri Alınan Payların Elden Çıkarılması,Geri Alınan Payların Elden Çıkarılması Geri Alınan Payların Elden Çıkarılması Hk.,https://www.kap.org.tr/tr/Bildirim/1530383,tr,2025-12-26T18:32:16+00:00
2025-12-26,ACP,KAP,A1 CAPİTAL YATIRIM MENKUL DEĞERLER A.Ş. - Pay Dışında Sermaye Piyasası Aracı İşlemlerine İlişkin Bildirim (Faiz İçeren),Pay Dışında Sermaye Piyasası Aracı İşlemlerine İlişkin Bildirim (Faiz İçeren) Finansman Bonosu İtfası Hk.,https://www.kap.org.tr/tr/Bildirim/1529971,tr,2025-12-26T09:28:37+00:00
2025-12-26,AFB,KAP,AKTİF YATIRIM BANKASI A.Ş. - Pay Dışında Sermaye Piyasası Aracı İşlemlerine İlişkin Bildirim (Faiz İçeren),Pay Dışında Sermaye Piyasası Aracı İşlemlerine İlişkin Bildirim (Faiz İçeren) Kupon Oranı Belirlenmesi,https://www.kap.org.tr/tr/Bildirim/1529970,tr,2025-12-26T09:27:54+00:00
2025-12-26,AKBNK,KAP,AKBANK T.A.Ş. - Özel Durum Açıklaması (Genel),Özel Durum Açıklaması (Genel) Ak Finansal Kiralama A.Ş. Sermaye Artırımının Tamamlanması AKFK,https://www.kap.org.tr/tr/Bildirim/1530427,tr,2025-12-26T21:56:56+00:00
2025-12-26,AKDFA,KAP,AKDENİZ FAKTORİNG A.Ş. - Pay Dışında Sermaye Piyasası Aracı İşlemlerine İlişkin Bildirim (Faiz İçeren),Pay Dışında Sermaye Piyasası Aracı İşlemlerine İlişkin Bildirim (Faiz İçeren) TRFAKDN42624 ihracın 1. kupon ödemesi gerçekleşmiştir,https://www.kap.org.tr/tr/Bildirim/1529962,tr,2025-12-26T09:03:25+00:00
2025-12-26,AKFK,KAP,AK FİNANSAL KİRALAMA A.Ş. - Genel Kurul Bildirimi,Genel Kurul Bildirimi Ak Finansal Kiralama A.Ş.'nin 19 Aralık 2025 tarihinde yapılan Olağanüstü Genel Kurul Toplantı Sonuçları Tescili,https://www.kap.org.tr/tr/Bildirim/1530387,tr,2025-12-26T18:38:04+00:00
2025-12-26,AKFYE,KAP,AKFEN YENİLENEBİLİR ENERJİ A.Ş. - Özel Durum Açıklaması (Genel),"Özel Durum Açıklaması (Genel) Kocalar Rüzgar Enerjisi Santrali (RES) kapasite artış projesinin kalan 11,8 MW?lık kısmının ticari enerji üretimine geçmesi",https://www.kap.org.tr/tr/Bildirim/1530199,tr,2025-12-26T16:30:56+00:00
2025-12-26,AKMGY,KAP,AKMERKEZ GAYRİMENKUL YATIRIM ORTAKLIĞI A.Ş. - Özel Durum Açıklaması (Genel),Özel Durum Açıklaması (Genel) Davaya İlişkin Açıklama,https://www.kap.org.tr/tr/Bildirim/1530064,tr,2025-12-26T12:33:13+00:00
2025-12-26,AKTIF,KAP,AKTİF YATIRIM BANKASI A.Ş. - Pay Dışında Sermaye Piyasası Aracı İşlemlerine İlişkin Bildirim (Faiz İçeren),Pay Dışında Sermaye Piyasası Aracı İşlemlerine İlişkin Bildirim (Faiz İçeren) Kupon Oranı Belirlenmesi,https://www.kap.org.tr/tr/Bildirim/1529970,tr,2025-12-26T09:27:54+00:00
2025-12-26,ARDYZ,KAP,ARD GRUP BİLİŞİM TEKNOLOJİLERİ A.Ş. - Yeni İş İlişkisi,Yeni İş İlişkisi Yeni İş İlişkis Hk.,https://www.kap.org.tr/tr/Bildirim/1530189,tr,2025-12-26T16:14:41+00:00
2025-12-26,ARDYZ,KAP,ARD GRUP BİLİŞİM TEKNOLOJİLERİ A.Ş. - Yeni İş İlişkisi,Yeni İş İlişkisi Yeni İş İlişkisi Hk.,https://www.kap.org.tr/tr/Bildirim/1530055,tr,2025-12-26T11:53:54+00:00
2025-12-26,ARZUM,KAP,ARZUM ELEKTRİKLİ EV ALETLERİ SANAYİ VE TİCARET A.Ş. - Özel Durum Açıklaması (Genel),Özel Durum Açıklaması (Genel) Yönetim Kurulu ve Üst Yönetimde Değişiklik,https://www.kap.org.tr/tr/Bildirim/1530397,tr,2025-12-26T19:12:29+00:00
2025-12-26,ASTOR,KAP,ASTOR ENERJİ A.Ş. - Bölünme İşlemlerine İlişkin Bildirim,Bölünme İşlemlerine İlişkin Bildirim Kolaylaştırılmış Usulde Kısmi Bölünme Başvurusunun SPK Onayı Hk.,https://www.kap.org.tr/tr/Bildirim/1530265,tr,2025-12-26T17:02:26+00:00
2025-12-26,ASTOR,KAP,ASTOR ENERJİ A.Ş. - Yeni İş İlişkisi,Yeni İş İlişkisi Yeni İş İlişkisi,https://www.kap.org.tr/tr/Bildirim/1530011,tr,2025-12-26T10:31:24+00:00
2025-12-26,ATAKP,KAP,ATAKEY PATATES GIDA SANAYİ VE TİCARET A.Ş. - Kredi Derecelendirmesi,Kredi Derecelendirmesi Kredi Derecelendirme Notu,https://www.kap.org.tr/tr/Bildirim/1530218,tr,2025-12-26T16:42:07+00:00
2025-12-26,ATSYH,KAP,ATLANTİS YATIRIM HOLDİNG A.Ş. - Şirket Genel Bilgi Formu,Şirket Genel Bilgi Formu,https://www.kap.org.tr/tr/Bildirim/1530353,tr,2025-12-26T18:16:48+00:00
2025-12-26,ATSYH,KAP,ATLANTİS YATIRIM HOLDİNG A.Ş. - Özel Durum Açıklaması (Genel),Özel Durum Açıklaması (Genel) Bağımsız Yönetim Kurulu değişikliği hakkında kamoyu bilgilendirme hk.,https://www.kap.org.tr/tr/Bildirim/1530329,tr,2025-12-26T18:11:22+00:00
2025-12-26,AVPGY,KAP,AVRUPAKENT GAYRİMENKUL YATIRIM ORTAKLIĞI A.Ş. - Özel Durum Açıklaması (Genel),Özel Durum Açıklaması (Genel) Sürdürülebilirlik Komitesinin ve Politikasının Oluşturulması Hk.,https://www.kap.org.tr/tr/Bildirim/1530371,tr,2025-12-26T18:22:10+00:00
2025-12-26,AVPGY,KAP,AVRUPAKENT GAYRİMENKUL YATIRIM ORTAKLIĞI A.Ş. - Özel Durum Açıklaması (Genel),Özel Durum Açıklaması (Genel) Bilgi ve Kişisel Veri Güvenliği Politikası,https://www.kap.org.tr/tr/Bildirim/1530370,tr,2025-12-26T18:21:39+00:00
2025-12-26,AYGAZ,KAP,AYGAZ A.Ş. - İhraç Tavanına İlişkin Bildirim,İhraç Tavanına İlişkin Bildirim Yurtiçinde borçlanma aracı ihracına ilişkin SPK başvurusu,https://www.kap.org.tr/tr/Bildirim/1530377,tr,2025-12-26T18:30:07+00:00
2025-12-26,BAYRK,KAP,BAYRAK EBT TABAN SANAYİ VE TİCARET A.Ş. - Sermaye Artırımı - Azaltımı İşlemlerine İlişkin Bildirim,Sermaye Artırımı - Azaltımı İşlemlerine İlişkin Bildirim Bedelsiz Sermaye Artırımı Kararımızın SPK Bültenin'de Yayınlanması,https://www.kap.org.tr/tr/Bildirim/1529975,tr,2025-12-26T09:52:07+00:00
2025-12-26,BESLR,KAP,BESLER GIDA VE KİMYA SANAYİ VE TİCARET A.Ş. - Yönetim Kurulu Komiteleri,Yönetim Kurulu Komiteleri Sürdürülebilirlik Komitesinin Kuruluşuna İlişkin Bilgilendirme,https://www.kap.org.tr/tr/Bildirim/1530273,tr,2025-12-26T17:12:10+00:00
2025-12-26,BJKAS,KAP,BEŞİKTAŞ FUTBOL YATIRIMLARI SANAYİ VE TİCARET A.Ş. - Pay Satış Bilgi Formu,Pay Satış Bilgi Formu Pay Satış Bilgi Formu SPK Başvurusu Onayı Hakkında,https://www.kap.org.tr/tr/Bildirim/1530343,tr,2025-12-26T18:14:50+00:00
2025-12-26,CAGFA,KAP,ÇAĞDAŞ FAKTORİNG A.Ş. - Pay Dışında Sermaye Piyasası Aracı İşlemlerine İlişkin Bildirim (Faiz İçeren),Pay Dışında Sermaye Piyasası Aracı İşlemlerine İlişkin Bildirim (Faiz İçeren) TRFCGDF32641 ISIN Kodlu İhracın 3.Kupon Faiz Ödemesinin Gerçekleştirilmesi,https://www.kap.org.tr/tr/Bildirim/1530065,tr,2025-12-26T12:33:26+00:00
2025-12-26,CLKMT,KAP,ÇELİK MOTOR TİCARET A.Ş. - Pay Dışında Sermaye Piyasası Aracı İşlemlerine İlişkin Bildirim (Faiz İçeren),Pay Dışında Sermaye Piyasası Aracı İşlemlerine İlişkin Bildirim (Faiz İçeren) TRSCLKM42610 ISIN kodlu kıymet 3.kupon ödemesi,https://www.kap.org.tr/tr/Bildirim/1530323,tr,2025-12-26T18:10:40+00:00
2025-12-26,CONSE,KAP,CONSUS ENERJİ İŞLETMECİLİĞİ VE HİZMETLERİ A.Ş. - Kurumsal Yönetim İlkelerine Uyum Derecelendirmesi,Kurumsal Yönetim İlkelerine Uyum Derecelendirmesi Kurumsal Yönetim İlkelerine Uyum Derecelendirmesi Sözleşmesinin Yenilenmesi,https://www.kap.org.tr/tr/Bildirim/1530061,tr,2025-12-26T12:10:17+00:00
2025-12-26,DARDL,KAP,DARDANEL ÖNENTAŞ GIDA SANAYİ A.Ş. - Özel Durum Açıklaması (Genel),Özel Durum Açıklaması (Genel) Sürdürebilirlik Denetim Kuruluşunun Seçilmesi Hk.,https://www.kap.org.tr/tr/Bildirim/1530369,tr,2025-12-26T18:19:05+00:00
2025-12-26,DCTTR,KAP,DCT TRADİNG DIŞ TİCARET A.Ş. - Sermaye Artırımı - Azaltımı İşlemlerine İlişkin Bildirim,Sermaye Artırımı - Azaltımı İşlemlerine İlişkin Bildirim Bedelsiz Sermaye Artırımı Tescili H.K,https://www.kap.org.tr/tr/Bildirim/1530196,tr,2025-12-26T16:21:57+00:00
2025-12-26,DITAS,KAP,DİTAŞ DOĞAN YEDEK PARÇA İMALAT VE TEKNİK A.Ş. - Sermaye Artırımı - Azaltımı İşlemlerine İlişkin Bildirim,Sermaye Artırımı - Azaltımı İşlemlerine İlişkin Bildirim Şirketimizin Bedelli Sermaye Artırımına İlişkin SPK Onayı Hakkında,https://www.kap.org.tr/tr/Bildirim/1530342,tr,2025-12-26T18:14:41+00:00
2025-12-26,DKVRL,KAP,DK VARLIK KİRALAMA A.Ş. - Tertip İhraç Belgesi,Tertip İhraç Belgesi Tertip İhraç Belgesi ADA,https://www.kap.org.tr/tr/Bildirim/1530195,tr,2025-12-26T16:18:28+00:00
2025-12-26,DOFRB,KAP,DOF ROBOTİK SANAYİ A.Ş. - Maddi Duran Varlık Alımı,Maddi Duran Varlık Alımı Maddi Duran Varlık Alımı (Arsa Alımı),https://www.kap.org.tr/tr/Bildirim/1530017,tr,2025-12-26T11:00:07+00:00
2025-12-26,EFOR,KAP,EFOR YATIRIM SANAYİ TİCARET A.Ş. - Özel Durum Açıklaması (Genel),Özel Durum Açıklaması (Genel) Şube Açılışları,https://www.kap.org.tr/tr/Bildirim/1530376,tr,2025-12-26T18:29:48+00:00
2025-12-26,EKGYO,KAP,EMLAK KONUT GAYRİMENKUL YATIRIM ORTAKLIĞI A.Ş. - Özel Durum Açıklaması (Genel),Özel Durum Açıklaması (Genel) Taşınmaz Alımı ve Finansmanı Hakkında,https://www.kap.org.tr/tr/Bildirim/1530403,tr,2025-12-26T19:39:53+00:00
2025-12-26,EKGYO,KAP,EMLAK KONUT GAYRİMENKUL YATIRIM ORTAKLIĞI A.Ş. - Özel Durum Açıklaması (Genel),Özel Durum Açıklaması (Genel) İzmir Bayraklı 1. Etap 2. Oturum Sonucu,https://www.kap.org.tr/tr/Bildirim/1530402,tr,2025-12-26T19:39:38+00:00
2025-12-26,EKGYO,KAP,EMLAK KONUT GAYRİMENKUL YATIRIM ORTAKLIĞI A.Ş. - Özel Durum Açıklaması (Genel),Özel Durum Açıklaması (Genel) İstanbul Ataşehir Kayışdağı 2. Oturum Tarihi FENER,https://www.kap.org.tr/tr/Bildirim/1530400,tr,2025-12-26T19:19:14+00:00
2025-12-26,EKGYO,KAP,EMLAK KONUT GAYRİMENKUL YATIRIM ORTAKLIĞI A.Ş. - Özel Durum Açıklaması (Genel),Özel Durum Açıklaması (Genel) Barbaros 48 Geçici Kabulü,https://www.kap.org.tr/tr/Bildirim/1530399,tr,2025-12-26T19:16:53+00:00
2025-12-26,EKTVK,KAP,EMLAK KATILIM VARLIK KİRALAMA A.Ş. - Pay Dışında Sermaye Piyasası Aracı İşlemlerine İlişkin Bildirim (Faizsiz),Pay Dışında Sermaye Piyasası Aracı İşlemlerine İlişkin Bildirim (Faizsiz) TRDEVKS12625 ISIN Kodlu Kira Sertifikasının 11. Dönemsel Getiri Ödemesi Hk. EKT,https://www.kap.org.tr/tr/Bildirim/1530089,tr,2025-12-26T14:16:12+00:00
2025-12-26,EKTVK,KAP,EMLAK KATILIM VARLIK KİRALAMA A.Ş. - Pay Dışında Sermaye Piyasası Aracı İşlemlerine İlişkin Bildirim (Faizsiz),Pay Dışında Sermaye Piyasası Aracı İşlemlerine İlişkin Bildirim (Faizsiz) TRDEVKS22616 ISIN Kodlu Kira Sertifikasının 12. Dönemsel Getiri Oranının Belirlenmesi Hk. EKT,https://www.kap.org.tr/tr/Bildirim/1529963,tr,2025-12-26T09:05:37+00:00
2025-12-26,EMIRV,KAP,EMİR VARLIK YÖNETİM A.Ş. - Pay Dışında Sermaye Piyasası Aracı İşlemlerine İlişkin Bildirim (Faiz İçeren),Pay Dışında Sermaye Piyasası Aracı İşlemlerine İlişkin Bildirim (Faiz İçeren) TRFEMIR92619 ISIN kodlu finansman bonosunun 1.kupon ödemesi,https://www.kap.org.tr/tr/Bildirim/1530078,tr,2025-12-26T13:49:17+00:00
2025-12-26,EMVAR,KAP,EMLAK VARLIK KİRALAMA A.Ş. - Pay Dışında Sermaye Piyasası Aracı İşlemlerine İlişkin Bildirim (Faizsiz),Pay Dışında Sermaye Piyasası Aracı İşlemlerine İlişkin Bildirim (Faizsiz) TRDEMVK92646 ISIN Kodlu Kira Sertifikasının 1. Dönemsel Getiri Ödemesi Hk. ALFIN,https://www.kap.org.tr/tr/Bildirim/1530088,tr,2025-12-26T14:14:11+00:00
2025-12-26,ENERY,KAP,ENERYA ENERJİ A.Ş. - Payların Geri Alınmasına İlişkin Bildirim,Payların Geri Alınmasına İlişkin Bildirim 26.12.2025 Tarihli Pay Geri Alım İşlemleri,https://www.kap.org.tr/tr/Bildirim/1530378,tr,2025-12-26T18:30:21+00:00
2025-12-26,ERGLI,KAP,EREĞLİ TEKSTİL TURİZM SANAYİ VE TİCARET A.Ş. - Pay Dışında Sermaye Piyasası Aracı İşlemlerine İlişkin Bildirim (Faiz İçeren),Pay Dışında Sermaye Piyasası Aracı İşlemlerine İlişkin Bildirim (Faiz İçeren) Finansman Bonosunun İtfası,https://www.kap.org.tr/tr/Bildirim/1530077,tr,2025-12-26T13:48:22+00:00
2025-12-26,ERGLI,KAP,EREĞLİ TEKSTİL TURİZM SANAYİ VE TİCARET A.Ş. - Pay Dışında Sermaye Piyasası Aracı İşlemlerine İlişkin Bildirim (Faiz İçeren),Pay Dışında Sermaye Piyasası Aracı İşlemlerine İlişkin Bildirim (Faiz İçeren) Finansman Bonosu İtfası,https://www.kap.org.tr/tr/Bildirim/1530076,tr,2025-12-26T13:48:12+00:00
2025-12-26,ERGLI,KAP,EREĞLİ TEKSTİL TURİZM SANAYİ VE TİCARET A.Ş. - Pay Dışında Sermaye Piyasası Aracı İşlemlerine İlişkin Bildirim (Faiz İçeren),Pay Dışında Sermaye Piyasası Aracı İşlemlerine İlişkin Bildirim (Faiz İçeren) Finansman Bonosu İtfası,https://www.kap.org.tr/tr/Bildirim/1530075,tr,2025-12-26T13:47:49+00:00
2025-12-26,ERGLI,KAP,EREĞLİ TEKSTİL TURİZM SANAYİ VE TİCARET A.Ş. - Pay Dışında Sermaye Piyasası Aracı İşlemlerine İlişkin Bildirim (Faiz İçeren),Pay Dışında Sermaye Piyasası Aracı İşlemlerine İlişkin Bildirim (Faiz İçeren) Finansman Bonosu İhracının Tamamlanması,https://www.kap.org.tr/tr/Bildirim/1529967,tr,2025-12-26T09:11:59+00:00
2025-12-26,ETYAT,KAP,EURO TREND YATIRIM ORTAKLIĞI A.Ş. - Özel Durum Açıklaması (Genel),"Özel Durum Açıklaması (Genel) BİAŞ'da oluşan ağırlıklı ortalama fiyatın,pay başına net aktif değerin 2 katını aşması",https://www.kap.org.tr/tr/Bildirim/1530145,tr,2025-12-26T15:45:47+00:00
2025-12-26,EUKYO,KAP,EURO KAPİTAL YATIRIM ORTAKLIĞI A.Ş. - Özel Durum Açıklaması (Genel),"Özel Durum Açıklaması (Genel) BİAŞ'da oluşan ağırlıklı ortalama fiyatın,pay başına net aktif değerin 2 katını aşması",https://www.kap.org.tr/tr/Bildirim/1530147,tr,2025-12-26T15:46:21+00:00
2025-12-26,EUYO,KAP,EURO MENKUL KIYMET YATIRIM ORTAKLIĞI A.Ş. - Özel Durum Açıklaması (Genel),"Özel Durum Açıklaması (Genel) BİAŞ'da oluşan ağırlıklı ortalama fiyatın,pay başına net aktif değerin 2 katını aşması",https://www.kap.org.tr/tr/Bildirim/1530144,tr,2025-12-26T15:45:07+00:00
2025-12-26,FIN,KAP,QNB BANK A.Ş. - Pay Dışında Sermaye Piyasası Aracı İşlemlerine İlişkin Bildirim (Faiz İçeren),Pay Dışında Sermaye Piyasası Aracı İşlemlerine İlişkin Bildirim (Faiz İçeren) QNB Bank A.Ş. Borçlanma Aracı Satışın Tamamlanması hk.,https://www.kap.org.tr/tr/Bildirim/1529984,tr,2025-12-26T10:10:22+00:00
2025-12-26,FORMT,KAP,FORMET METAL VE CAM SANAYİ A.Ş. - Ortaklık Aleyhine Dava Açılması veya Davaya İlişkin Gelişmeler,Ortaklık Aleyhine Dava Açılması veya Davaya İlişkin Gelişmeler Tahsisli sermaye artırımı kararına karşı açılan iptal davasının ön inceleme duruşmasının yapılması,https://www.kap.org.tr/tr/Bildirim/1530029,tr,2025-12-26T11:39:25+00:00
2025-12-26,FORTE,KAP,FORTE BİLGİ İLETİŞİM TEKNOLOJİLERİ VE SAVUNMA SANAYİ A.Ş. - Yeni İş İlişkisi,Yeni İş İlişkisi Yeni İş İlişkisi,https://www.kap.org.tr/tr/Bildirim/1530051,tr,2025-12-26T11:41:50+00:00
2025-12-26,GLCVY,KAP,GELECEK VARLIK YÖNETİMİ A.Ş. - Özel Durum Açıklaması (Genel),"Özel Durum Açıklaması (Genel) İhale sonrası Devir ve Temlik İşlemlerinin tamamlanması hk. YKB, YKBNK",https://www.kap.org.tr/tr/Bildirim/1530330,tr,2025-12-26T18:11:27+00:00
2025-12-26,GLRYH,KAP,GÜLER YATIRIM HOLDİNG A.Ş. - Pay Alım Satım Bildirimi,Pay Alım Satım Bildirimi Pay Satım Bildirimi A1CAP,https://www.kap.org.tr/tr/Bildirim/1530384,tr,2025-12-26T18:32:36+00:00
2025-12-26,GLRYH,KAP,GÜLER YATIRIM HOLDİNG A.Ş. - Geri Alınan Payların Elden Çıkarılması,Geri Alınan Payların Elden Çıkarılması Geri Alınan Payların Elden Çıkartılması Hk.,https://www.kap.org.tr/tr/Bildirim/1530382,tr,2025-12-26T18:32:16+00:00
2025-12-26,GRNYO,KAP,GARANTİ YATIRIM ORTAKLIĞI A.Ş. - Özel Durum Açıklaması (Genel),"Özel Durum Açıklaması (Genel) Paylarının BİAŞ'ta oluşan ağırlıklı ortalama fiyatının, pay başına net aktif değerinin 2 katını aşması hakkında.",https://www.kap.org.tr/tr/Bildirim/1529976,tr,2025-12-26T09:53:44+00:00
2025-12-26,GSDHO,KAP,GSD HOLDİNG A.Ş. - Özel Durum Açıklaması (Genel),Özel Durum Açıklaması (Genel) GSD Varlık Yönetim A.Ş.- İhale sonrası Devir ve Temlik İşlemlerinin tamamlanması hk.,https://www.kap.org.tr/tr/Bildirim/1530380,tr,2025-12-26T18:30:50+00:00
2025-12-26,GZNMI,KAP,GEZİNOMİ SEYAHAT TURİZM TİCARET A.Ş. - Pay Dışında Sermaye Piyasası Aracı İşlemlerine İlişkin Bildirim (Faiz İçeren),Pay Dışında Sermaye Piyasası Aracı İşlemlerine İlişkin Bildirim (Faiz İçeren) TRSGZNMA2514 ISIN Kodlu Tahvilin Kupon Faiz Oranının Belirlenmesi,https://www.kap.org.tr/tr/Bildirim/1530316,tr,2025-12-26T18:01:19+00:00
2025-12-26,HATSN,KAP,HAT-SAN GEMİ İNŞAA BAKIM ONARIM DENİZ NAKLİYAT SANAYİ VE TİCARET A.Ş. - Bağımsız Denetim Kuruluşunun Belirlenmesi,Bağımsız Denetim Kuruluşunun Belirlenmesi SÜRDÜRÜLEBİLİRLİK DENETÇİSİ HAKKINDA,https://www.kap.org.tr/tr/Bildirim/1530392,tr,2025-12-26T18:43:49+00:00
2025-12-26,HEDEF,KAP,HEDEF HOLDİNG A.Ş. - Finansal Duran Varlık Edinimi,Finansal Duran Varlık Edinimi Finansal Duran Varlık Edinimi Hk. COL,https://www.kap.org.tr/tr/Bildirim/1530396,tr,2025-12-26T18:56:20+00:00
2025-12-26,HEKTS,KAP,HEKTAŞ TİCARET T.A.Ş. - İhraç Tavanına İlişkin Bildirim,İhraç Tavanına İlişkin Bildirim Borçlanma Aracı İhracına İlişkin Yönetim Kurulu Kararı Hakkında,https://www.kap.org.tr/tr/Bildirim/1530404,tr,2025-12-26T20:00:22+00:00
2025-12-26,HLGYO,KAP,HALK GAYRİMENKUL YATIRIM ORTAKLIĞI A.Ş. - Değerleme Raporu,Değerleme Raporu Riva Arsalar 2025 Yılsonu Değerleme Raporu,https://www.kap.org.tr/tr/Bildirim/1530328,tr,2025-12-26T18:11:14+00:00
2025-12-26,HLGYO,KAP,HALK GAYRİMENKUL YATIRIM ORTAKLIĞI A.Ş. - Değerleme Raporu,Değerleme Raporu Adapazarı Arsası (Paye Sakarya Projesi) 2025 Yıl Sonu Değerleme Raporu,https://www.kap.org.tr/tr/Bildirim/1530325,tr,2025-12-26T18:11:03+00:00
2025-12-26,HUBVC,KAP,HUB GİRİŞİM SERMAYESİ YATIRIM ORTAKLIĞI A.Ş. - Özel Durum Açıklaması (Genel),Özel Durum Açıklaması (Genel) İştirak ve Safe Satış-Devirleri Hk.,https://www.kap.org.tr/tr/Bildirim/1530375,tr,2025-12-26T18:29:19+00:00
2025-12-26,IHLAS,KAP,İHLAS HOLDİNG A.Ş. - Özel Durum Açıklaması (Genel),Özel Durum Açıklaması (Genel) Hidroelektrik Santralleri (HES) Projeleri Hk,https://www.kap.org.tr/tr/Bildirim/1530052,tr,2025-12-26T11:43:54+00:00
2025-12-26,ISATR,KAP,TÜRKİYE İŞ BANKASI A.Ş. - Finansal Takvim,Finansal Takvim Finansal Takvim (2025 4. Çeyrek),https://www.kap.org.tr/tr/Bildirim/1530090,tr,2025-12-26T14:19:52+00:00
2025-12-26,ISBTR,KAP,TÜRKİYE İŞ BANKASI A.Ş. - Finansal Takvim,Finansal Takvim Finansal Takvim (2025 4. Çeyrek),https://www.kap.org.tr/tr/Bildirim/1530090,tr,2025-12-26T14:19:52+00:00
2025-12-26,ISCTR,KAP,TÜRKİYE İŞ BANKASI A.Ş. - Finansal Takvim,Finansal Takvim Finansal Takvim (2025 4. Çeyrek),https://www.kap.org.tr/tr/Bildirim/1530090,tr,2025-12-26T14:19:52+00:00
2025-12-26,ISKUR,KAP,TÜRKİYE İŞ BANKASI A.Ş. - Finansal Takvim,Finansal Takvim Finansal Takvim (2025 4. Çeyrek),https://www.kap.org.tr/tr/Bildirim/1530090,tr,2025-12-26T14:19:52+00:00
2025-12-26,ISMEN,KAP,İŞ YATIRIM MENKUL DEĞERLER A.Ş. - Yatırım Kuruluşu Varant - Sertifika - Senetlerine İlişkin Bildirim,Yatırım Kuruluşu Varant - Sertifika - Senetlerine İlişkin Bildirim İş Yatırım Sertifika ve Varant Alım Satım İşlemleri,https://www.kap.org.tr/tr/Bildirim/1530027,tr,2025-12-26T11:34:32+00:00
2025-12-26,ISMEN,KAP,İŞ YATIRIM MENKUL DEĞERLER A.Ş. - Piyasa Yapıcılığı Kapsamında Gerçekleştirilen İşlemler Bildirimi,Piyasa Yapıcılığı Kapsamında Gerçekleştirilen İşlemler Bildirimi Borsa Yatırım Fonu Piyasa Yapıcılığı İşlemleri ISGLK,https://www.kap.org.tr/tr/Bildirim/1530026,tr,2025-12-26T11:33:30+00:00
2025-12-26,ISMEN,KAP,İŞ YATIRIM MENKUL DEĞERLER A.Ş. - Pay Dışında Sermaye Piyasası Aracı İşlemlerine İlişkin Bildirim (Faiz İçeren),Pay Dışında Sermaye Piyasası Aracı İşlemlerine İlişkin Bildirim (Faiz İçeren) 26.12.2025 Vadeli Borçlanma Aracının İtfası,https://www.kap.org.tr/tr/Bildirim/1530023,tr,2025-12-26T11:29:24+00:00
2025-12-26,ISTFK,KAP,İSTANBUL FAKTORİNG A.Ş. - Pay Dışında Sermaye Piyasası Aracı İşlemlerine İlişkin Bildirim (Faiz İçeren),Pay Dışında Sermaye Piyasası Aracı İşlemlerine İlişkin Bildirim (Faiz İçeren) TRFIFASA2523 ISIN kodlu finansman bonosunun 2. kupon oranına ilişkin açıklama,https://www.kap.org.tr/tr/Bildirim/1530197,tr,2025-12-26T16:23:18+00:00
2025-12-26,ISYAT,KAP,İŞ YATIRIM ORTAKLIĞI A.Ş. - Özel Durum Açıklaması (Genel),"Özel Durum Açıklaması (Genel) Ortaklık paylarının BİAŞ'ta oluşan ağırlıklı ortalama fiyatının, pay başına net aktif değerinin 2 katını aşması hakkında",https://www.kap.org.tr/tr/Bildirim/1530030,tr,2025-12-26T11:40:29+00:00
2025-12-26,IYM,KAP,İŞ YATIRIM MENKUL DEĞERLER A.Ş. - Yatırım Kuruluşu Varant - Sertifika - Senetlerine İlişkin Bildirim,Yatırım Kuruluşu Varant - Sertifika - Senetlerine İlişkin Bildirim İş Yatırım Sertifika ve Varant Alım Satım İşlemleri,https://www.kap.org.tr/tr/Bildirim/1530027,tr,2025-12-26T11:34:32+00:00
2025-12-26,IYM,KAP,İŞ YATIRIM MENKUL DEĞERLER A.Ş. - Piyasa Yapıcılığı Kapsamında Gerçekleştirilen İşlemler Bildirimi,Piyasa Yapıcılığı Kapsamında Gerçekleştirilen İşlemler Bildirimi Borsa Yatırım Fonu Piyasa Yapıcılığı İşlemleri ISGLK,https://www.kap.org.tr/tr/Bildirim/1530026,tr,2025-12-26T11:33:30+00:00
2025-12-26,IYM,KAP,İŞ YATIRIM MENKUL DEĞERLER A.Ş. - Pay Dışında Sermaye Piyasası Aracı İşlemlerine İlişkin Bildirim (Faiz İçeren),Pay Dışında Sermaye Piyasası Aracı İşlemlerine İlişkin Bildirim (Faiz İçeren) 26.12.2025 Vadeli Borçlanma Aracının İtfası,https://www.kap.org.tr/tr/Bildirim/1530023,tr,2025-12-26T11:29:24+00:00
2025-12-26,IZFAS,KAP,İZMİR FIRÇA SANAYİ VE TİCARET A.Ş. - Sermaye Artırımı - Azaltımı İşlemlerine İlişkin Bildirim,Sermaye Artırımı - Azaltımı İşlemlerine İlişkin Bildirim RUCHAN HAKLARININ KULLANILMASININ ARDINDAN KALAN PAYLARIN BİRİNCİL PİYASADA SATIŞININ TAMAMLANMASI VE SAĞLANAN FON TUTARI HK,https://www.kap.org.tr/tr/Bildirim/1530158,tr,2025-12-26T15:52:02+00:00
2025-12-26,IZMDC,KAP,İZMİR DEMİR ÇELİK SANAYİ A.Ş. - Kredi Derecelendirmesi,Kredi Derecelendirmesi JCR Avrasya Derecelendirme A.Ş. Kredi Derecelendirme Notu,https://www.kap.org.tr/tr/Bildirim/1530161,tr,2025-12-26T16:03:22+00:00
2025-12-26,JANTS,KAP,JANTSA JANT SANAYİ VE TİCARET A.Ş. - Payların Geri Alınmasına İlişkin Bildirim,Payların Geri Alınmasına İlişkin Bildirim 26.12.2025 Tarihli Pay Geri Alım İşlemleri,https://www.kap.org.tr/tr/Bildirim/1530406,tr,2025-12-26T20:58:56+00:00
2025-12-26,KAYSE,KAP,KAYSERİ ŞEKER FABRİKASI A.Ş. - Özel Durum Açıklaması (Genel),Özel Durum Açıklaması (Genel) Organik Şeker Üretimi Sertifikasyon Süreci Hakkında,https://www.kap.org.tr/tr/Bildirim/1530114,tr,2025-12-26T15:35:44+00:00
2025-12-26,KNTFA,KAP,KENT FİNANS FAKTORİNG A.Ş. - Pay Dışında Sermaye Piyasası Aracı İşlemlerine İlişkin Bildirim (Faiz İçeren),Pay Dışında Sermaye Piyasası Aracı İşlemlerine İlişkin Bildirim (Faiz İçeren) Finansman Bonosu ve Kupon Ödemesi Hk.,https://www.kap.org.tr/tr/Bildirim/1530057,tr,2025-12-26T12:04:29+00:00
2025-12-26,KOCMT,KAP,KOÇ METALURJİ A.Ş. - Özel Durum Açıklaması (Genel),Özel Durum Açıklaması (Genel) İştirakimiz Tarafından Yapılan Sermaye Artırımına Katılım,https://www.kap.org.tr/tr/Bildirim/1530379,tr,2025-12-26T18:30:23+00:00
2025-12-26,KTLEV,KAP,KATILIMEVİM TASARRUF FİNANSMAN A.Ş. - Özel Durum Açıklaması (Genel),Özel Durum Açıklaması (Genel) Yalova Şube Açılışı Hk.,https://www.kap.org.tr/tr/Bildirim/1530092,tr,2025-12-26T14:30:45+00:00
2025-12-26,KTLEV,KAP,KATILIMEVİM TASARRUF FİNANSMAN A.Ş. - Özel Durum Açıklaması (Genel),Özel Durum Açıklaması (Genel) İzmir Çiğli Şube Açılışı Hk.,https://www.kap.org.tr/tr/Bildirim/1530016,tr,2025-12-26T10:57:12+00:00
2025-12-26,KZBGY,KAP,KIZILBÜK GAYRİMENKUL YATIRIM ORTAKLIĞI A.Ş. - Özel Durum Açıklaması (Genel),Özel Durum Açıklaması (Genel) İzmir 3. İdari Dava Dairesi 2025/600 (İskan Belgesi İptali Şirketimiz Lehine Karar),https://www.kap.org.tr/tr/Bildirim/1530005,tr,2025-12-26T10:18:33+00:00
2025-12-26,KZGYO,KAP,KUZUGRUP GAYRİMENKUL YATIRIM ORTAKLIĞI A.Ş. - Özel Durum Açıklaması (Genel),Özel Durum Açıklaması (Genel) Pay devralınmasına ilişkin SPK başvurusu onayı,https://www.kap.org.tr/tr/Bildirim/1530385,tr,2025-12-26T18:32:59+00:00
2025-12-26,LKMNH,KAP,LOKMAN HEKİM ENGÜRÜSAĞ SAĞLIK TURİZM EĞİTİM HİZMETLERİ VE İNŞAAT TAAHHÜT A.Ş. - Payların Geri Alınmasına İlişkin Bildirim,Payların Geri Alınmasına İlişkin Bildirim Hisse Geri Alımı,https://www.kap.org.tr/tr/Bildirim/1530386,tr,2025-12-26T18:35:19+00:00
2025-12-26,MEGMT,KAP,MEGA METAL SANAYİ VE TİCARET A.Ş. - Özel Durum Açıklaması (Genel),Özel Durum Açıklaması (Genel) Kayseri Ek Üretim Tesisi Faaliyete Geçmesi Hk.,https://www.kap.org.tr/tr/Bildirim/1530014,tr,2025-12-26T10:37:48+00:00
2025-12-26,MERCN,KAP,MERCAN KİMYA SANAYİ VE TİCARET A.Ş. - Payların Geri Alınmasına İlişkin Bildirim,Payların Geri Alınmasına İlişkin Bildirim 26.12.2025 Tarihli Pay Geri Alım İşlemleri,https://www.kap.org.tr/tr/Bildirim/1530394,tr,2025-12-26T18:48:49+00:00
2025-12-26,MGROS,KAP,MİGROS TİCARET A.Ş. - Kurumsal Yönetim İlkelerine Uyum Derecelendirmesi,Kurumsal Yönetim İlkelerine Uyum Derecelendirmesi Kurumsal Yönetim Derecelendirmesi Dönem Revizyonu,https://www.kap.org.tr/tr/Bildirim/1530054,tr,2025-12-26T11:45:09+00:00
2025-12-26,MIATK,KAP,MİA TEKNOLOJİ A.Ş. - Özel Durum Açıklaması (Genel),Özel Durum Açıklaması (Genel) Hizmet Sözleşmesi Kapsamında yapılan projenin devreye alınması hk.,https://www.kap.org.tr/tr/Bildirim/1530398,tr,2025-12-26T19:13:56+00:00
2025-12-26,MRBAS,KAP,MARBAŞ MENKUL DEĞERLER A.Ş. - Likidite Sağlayıcılık Kapsamındaki İşlemler,Likidite Sağlayıcılık Kapsamındaki İşlemler MAKİM MAKİNA TEKNOLOJİLERİ SANAYİ VE TİCARET A.Ş. (MAKIM) Paylarında Likidite Sağlayıcılık Kapsamında Gerçekleştirilen İşlemler MAKIM,https://www.kap.org.tr/tr/Bildirim/1530024,tr,2025-12-26T11:30:22+00:00
2025-12-26,MRS,KAP,MARBAŞ MENKUL DEĞERLER A.Ş. - Likidite Sağlayıcılık Kapsamındaki İşlemler,Likidite Sağlayıcılık Kapsamındaki İşlemler MAKİM MAKİNA TEKNOLOJİLERİ SANAYİ VE TİCARET A.Ş. (MAKIM) Paylarında Likidite Sağlayıcılık Kapsamında Gerçekleştirilen İşlemler MAKIM,https://www.kap.org.tr/tr/Bildirim/1530024,tr,2025-12-26T11:30:22+00:00
2025-12-26,NTHOL,KAP,NET HOLDİNG A.Ş. - Payların Geri Alınmasına İlişkin Bildirim,Payların Geri Alınmasına İlişkin Bildirim Şirketimizin kendi paylarının geri alımı hakkında,https://www.kap.org.tr/tr/Bildirim/1530363,tr,2025-12-26T18:18:10+00:00
2025-12-26,ONRYT,KAP,ONUR YÜKSEK TEKNOLOJİ A.Ş. - Şirket Genel Bilgi Formu,Şirket Genel Bilgi Formu,https://www.kap.org.tr/tr/Bildirim/1530062,tr,2025-12-26T12:19:54+00:00
2025-12-26,ONRYT,KAP,ONUR YÜKSEK TEKNOLOJİ A.Ş. - Finansal Duran Varlık Edinimi,Finansal Duran Varlık Edinimi Badicom Teknik Yazılım ve ARGE SAn.Tic.A.Ş. Pay Ediinimi,https://www.kap.org.tr/tr/Bildirim/1530060,tr,2025-12-26T12:09:56+00:00
2025-12-26,OYA,KAP,OYAK YATIRIM MENKUL DEĞERLER A.Ş. - Piyasa Yapıcılığı Kapsamında Gerçekleştirilen İşlemler Bildirimi,Piyasa Yapıcılığı Kapsamında Gerçekleştirilen İşlemler Bildirimi 26/12/2025 TARİHLİ OYAYO PİYASA YAPICILIĞI İŞLEMLERİ OYAYO,https://www.kap.org.tr/tr/Bildirim/1530381,tr,2025-12-26T18:32:01+00:00
2025-12-26,OYAYO,KAP,OYAK YATIRIM ORTAKLIĞI A.Ş. - Özel Durum Açıklaması (Genel),"Özel Durum Açıklaması (Genel) Ortaklık paylarının BİAŞ'ta oluşan ağırlıklı ortalama fiyatının, pay başına net aktif değerinin 2 katını aşması hakkında",https://www.kap.org.tr/tr/Bildirim/1530010,tr,2025-12-26T10:30:51+00:00
2025-12-26,OYYAT,KAP,OYAK YATIRIM MENKUL DEĞERLER A.Ş. - Piyasa Yapıcılığı Kapsamında Gerçekleştirilen İşlemler Bildirimi,Piyasa Yapıcılığı Kapsamında Gerçekleştirilen İşlemler Bildirimi 26/12/2025 TARİHLİ OYAYO PİYASA YAPICILIĞI İŞLEMLERİ OYAYO,https://www.kap.org.tr/tr/Bildirim/1530381,tr,2025-12-26T18:32:01+00:00
2025-12-26,OZGYO,KAP,ÖZDERİCİ GAYRİMENKUL YATIRIM ORTAKLIĞI A.Ş. - Değerleme Raporu,Değerleme Raporu Maltepe Nuvo Dragos Projesi Değerleme Raporu - 2025,https://www.kap.org.tr/tr/Bildirim/1530332,tr,2025-12-26T18:11:51+00:00
2025-12-26,OZGYO,KAP,ÖZDERİCİ GAYRİMENKUL YATIRIM ORTAKLIĞI A.Ş. - Değerleme Raporu,Değerleme Raporu Yapıkredi Plaza Bağımsız Bölüm Değerleme Raporu 2025,https://www.kap.org.tr/tr/Bildirim/1530327,tr,2025-12-26T18:11:11+00:00
2025-12-26,OZGYO,KAP,ÖZDERİCİ GAYRİMENKUL YATIRIM ORTAKLIĞI A.Ş. - Esas Sözleşme,Esas Sözleşme Esas Sözleşme Güncellemesi Hakkında,https://www.kap.org.tr/tr/Bildirim/1530155,tr,2025-12-26T15:47:43+00:00
2025-12-26,OZGYO,KAP,ÖZDERİCİ GAYRİMENKUL YATIRIM ORTAKLIĞI A.Ş. - Sermaye Artırımı - Azaltımı İşlemlerine İlişkin Bildirim,Sermaye Artırımı - Azaltımı İşlemlerine İlişkin Bildirim Bedelsiz Sermaye Artırımına İlişkin Esas Sözleşme Ticaret Sicili Tescili ve Bedelsiz Pay Alma Hakkı Kullanım Başlangıç Tarihine İlişkin Bildirim,https://www.kap.org.tr/tr/Bildirim/1530124,tr,2025-12-26T15:38:08+00:00
2025-12-26,OZKGY,KAP,ÖZAK GAYRİMENKUL YATIRIM ORTAKLIĞI A.Ş. - Özel Durum Açıklaması (Genel),Özel Durum Açıklaması (Genel) Sürdürülebilirlik Raporu Güvence Denetim Hizmeti Hk.,https://www.kap.org.tr/tr/Bildirim/1530319,tr,2025-12-26T18:05:44+00:00
2025-12-26,PEKGY,KAP,PEKER GAYRİMENKUL YATIRIM ORTAKLIĞI A.Ş. - Haber ve Söylentilere İlişkin Açıklama,Haber ve Söylentilere İlişkin Açıklama Haber ve Söylentilere İlişkin Açıklama,https://www.kap.org.tr/tr/Bildirim/1529974,tr,2025-12-26T09:48:03+00:00
2025-12-26,PETUN,KAP,PINAR ENTEGRE ET VE UN SANAYİİ A.Ş. - Pay Dışında Sermaye Piyasası Aracı İşlemlerine İlişkin Bildirim (Faiz İçeren),Pay Dışında Sermaye Piyasası Aracı İşlemlerine İlişkin Bildirim (Faiz İçeren) TRFPTUN62617 ISIN Kodlu Finansman Bonosu 2. Kupon Dönemine İlişkin Faiz Oranı Hakkında,https://www.kap.org.tr/tr/Bildirim/1530274,tr,2025-12-26T17:13:52+00:00
2025-12-26,QNBTR,KAP,QNB BANK A.Ş. - Pay Dışında Sermaye Piyasası Aracı İşlemlerine İlişkin Bildirim (Faiz İçeren),Pay Dışında Sermaye Piyasası Aracı İşlemlerine İlişkin Bildirim (Faiz İçeren) QNB Bank A.Ş. Borçlanma Aracı Satışın Tamamlanması hk.,https://www.kap.org.tr/tr/Bildirim/1529984,tr,2025-12-26T10:10:22+00:00
2025-12-26,QUFIN,KAP,QUICK FİNANSMAN A.Ş. - İhraç Belgesi,İhraç Belgesi Borçlanma Aracı İhracına İlişikin Onaylı İhraç Belgesi ve Eki,https://www.kap.org.tr/tr/Bildirim/1530282,tr,2025-12-26T17:34:15+00:00
2025-12-26,QUFIN,KAP,QUICK FİNANSMAN A.Ş. - İhraç Tavanına İlişkin Bildirim,İhraç Tavanına İlişkin Bildirim Özel Sektör Borçlanma Aracı İhracı İhraç Belgesi SPK Onayı,https://www.kap.org.tr/tr/Bildirim/1530269,tr,2025-12-26T17:03:54+00:00
2025-12-26,SAMAT,KAP,SARAY MATBAACILIK KAĞITÇILIK KIRTASİYECİLİK TİCARET VE SANAYİ A.Ş. - Kayıtlı Sermaye Tavanı İşlemlerine İlişkin Bildirim,Kayıtlı Sermaye Tavanı İşlemlerine İlişkin Bildirim Kayıtlı Sermaye Tavanımızın artırılmasına ilişkin onaylanan tadil metnimiz ekte sunulmuştur.,https://www.kap.org.tr/tr/Bildirim/1529953,tr,2025-12-26T01:07:11+00:00
2025-12-26,SANFM,KAP,SANİFOAM ENDÜSTRİ VE TÜKETİM ÜRÜNLERİ SANAYİ TİCARET A.Ş. - İlişkili Taraf İşlemleri,İlişkili Taraf İşlemleri İlişkili Taraftan Kiralama İşlemi,https://www.kap.org.tr/tr/Bildirim/1530393,tr,2025-12-26T18:46:24+00:00
2025-12-26,SANFM,KAP,SANİFOAM ENDÜSTRİ VE TÜKETİM ÜRÜNLERİ SANAYİ TİCARET A.Ş. - Özel Durum Açıklaması (Genel),Özel Durum Açıklaması (Genel) Savunma Sanayi Ürün Geliştirme Hk.,https://www.kap.org.tr/tr/Bildirim/1530389,tr,2025-12-26T18:41:56+00:00
2025-12-26,SISE,KAP,TÜRKİYE ŞİŞE VE CAM FABRİKALARI A.Ş. - Finansal Duran Varlık Edinimi,Finansal Duran Varlık Edinimi ICRON Paylarının Satın Alınması,https://www.kap.org.tr/tr/Bildirim/1530372,tr,2025-12-26T18:22:30+00:00
2025-12-26,SMRFA,KAP,SÜMER FAKTORİNG A.Ş. - Pay Dışında Sermaye Piyasası Aracı İşlemlerine İlişkin Bildirim (Faiz İçeren),Pay Dışında Sermaye Piyasası Aracı İşlemlerine İlişkin Bildirim (Faiz İçeren) TRFSUMF92619 ISIN Kodlu Finansman Bonosunun 1.Kuponuna İlişkin Faiz Oranlarının Bildirimi,https://www.kap.org.tr/tr/Bildirim/1530212,tr,2025-12-26T16:40:28+00:00
2025-12-26,SMRTG,KAP,SMART GÜNEŞ ENERJİSİ TEKNOLOJİLERİ ARAŞTIRMA GELİŞTİRME ÜRETİM SANAYİ VE TİCARET A.Ş. - Yeni İş İlişkisi,Yeni İş İlişkisi Güneş Hücresi Satışı,https://www.kap.org.tr/tr/Bildirim/1530281,tr,2025-12-26T17:30:09+00:00
2025-12-26,SMRVA,KAP,SÜMER VARLIK YÖNETİM A.Ş. - Özel Durum Açıklaması (Genel),"Özel Durum Açıklaması (Genel) Tahsili Gecikmiş Alacak Portföyü Alımı-İhaleye Konu Alacakların Devrine Yönelik Sözleşmenin İmza Sürecinin Tamamlanması YKB, YKBNK",https://www.kap.org.tr/tr/Bildirim/1530333,tr,2025-12-26T18:12:51+00:00
2025-12-26,SMRVA,KAP,SÜMER VARLIK YÖNETİM A.Ş. - Genel Kurul İşlemlerine İlişkin Bildirim,Genel Kurul İşlemlerine İlişkin Bildirim Genel Kurul Kararlarının Tescil ve İlanı Hakkında,https://www.kap.org.tr/tr/Bildirim/1530173,tr,2025-12-26T16:08:57+00:00
2025-12-26,TABGD,KAP,TAB GIDA SANAYİ VE TİCARET A.Ş. - Kredi Derecelendirmesi,Kredi Derecelendirmesi JCR Kredi Derecelendirme Notu,https://www.kap.org.tr/tr/Bildirim/1530111,tr,2025-12-26T15:20:18+00:00
2025-12-26,TAC,KAP,TACİRLER YATIRIM MENKUL DEĞERLER A.Ş. - Pay Dışında Sermaye Piyasası Aracı İşlemlerine İlişkin Bildirim (Faiz İçeren),Pay Dışında Sermaye Piyasası Aracı İşlemlerine İlişkin Bildirim (Faiz İçeren) TRFTCMD32632 ISIN Kodlu Bono İhracı Hk,https://www.kap.org.tr/tr/Bildirim/1529969,tr,2025-12-26T09:23:22+00:00
2025-12-26,TARKM,KAP,TARKİM BİTKİ KORUMA SANAYİ VE TİCARET A.Ş. - Özel Durum Açıklaması (Genel),Özel Durum Açıklaması (Genel) Göreve Asaleten Atama Hakkında,https://www.kap.org.tr/tr/Bildirim/1530336,tr,2025-12-26T18:13:34+00:00
2025-12-26,TATGD,KAP,TAT GIDA SANAYİ A.Ş. - Kurumsal Yönetim İlkelerine Uyum Derecelendirmesi,Kurumsal Yönetim İlkelerine Uyum Derecelendirmesi Kurumsal Yönetim İlkelerine Uyum Derecelendirilmesi,https://www.kap.org.tr/tr/Bildirim/1530405,tr,2025-12-26T20:41:16+00:00
2025-12-26,TCRYT,KAP,TACİRLER YATIRIM MENKUL DEĞERLER A.Ş. - Pay Dışında Sermaye Piyasası Aracı İşlemlerine İlişkin Bildirim (Faiz İçeren),Pay Dışında Sermaye Piyasası Aracı İşlemlerine İlişkin Bildirim (Faiz İçeren) TRFTCMD32632 ISIN Kodlu Bono İhracı Hk,https://www.kap.org.tr/tr/Bildirim/1529969,tr,2025-12-26T09:23:22+00:00
2025-12-26,TEZOL,KAP,EUROPAP TEZOL KAĞIT SANAYİ VE TİCARET A.Ş. - Payların Geri Alınmasına İlişkin Bildirim,Payların Geri Alınmasına İlişkin Bildirim Pay Geri Alım İşlemleri,https://www.kap.org.tr/tr/Bildirim/1530395,tr,2025-12-26T18:53:03+00:00
2025-12-26,TIB,KAP,TÜRKİYE İŞ BANKASI A.Ş. - Finansal Takvim,Finansal Takvim Finansal Takvim (2025 4. Çeyrek),https://www.kap.org.tr/tr/Bildirim/1530090,tr,2025-12-26T14:19:52+00:00
2025-12-26,TLMAN,KAP,TRABZON LİMAN İŞLETMECİLİĞİ A.Ş. - Bağımsız Denetim Kuruluşunun Belirlenmesi,Bağımsız Denetim Kuruluşunun Belirlenmesi Bağımsız Denetim Kuruluşunun Genel Kurul'ca onaylanması,https://www.kap.org.tr/tr/Bildirim/1530267,tr,2025-12-26T17:03:12+00:00
2025-12-26,TLMAN,KAP,TRABZON LİMAN İŞLETMECİLİĞİ A.Ş. - Kar Payı Dağıtım İşlemlerine İlişkin Bildirim,Kar Payı Dağıtım İşlemlerine İlişkin Bildirim 2024 Yılı Kar Payı Dağıtımına İlişkin Genel Kurul Kararı Hk,https://www.kap.org.tr/tr/Bildirim/1530263,tr,2025-12-26T17:01:36+00:00
2025-12-26,TLMAN,KAP,TRABZON LİMAN İŞLETMECİLİĞİ A.Ş. - Genel Kurul İşlemlerine İlişkin Bildirim,Genel Kurul İşlemlerine İlişkin Bildirim 2024 Yılı Olağan Genel Kurul Toplantı Sonucu Hakkında,https://www.kap.org.tr/tr/Bildirim/1530240,tr,2025-12-26T16:54:49+00:00
2025-12-26,TRILC,KAP,TURK İLAÇ VE SERUM SANAYİ A.Ş. - Özel Durum Açıklaması (Genel),Özel Durum Açıklaması (Genel) Türkmenİstan Sağlık ve İlaç Bakanlığı ile imzalanan Sözleşme Hakkında,https://www.kap.org.tr/tr/Bildirim/1530283,tr,2025-12-26T17:35:22+00:00
2025-12-26,TRKNT,KAP,TURKNET İLETİŞİM HİZMETLERİ A.Ş. - Pay Dışında Sermaye Piyasası Aracı İşlemlerine İlişkin Bildirim (Faiz İçeren),Pay Dışında Sermaye Piyasası Aracı İşlemlerine İlişkin Bildirim (Faiz İçeren) Finansman Bonosu İhracı,https://www.kap.org.tr/tr/Bildirim/1529979,tr,2025-12-26T10:00:25+00:00
2025-12-26,TTRAK,KAP,TÜRK TRAKTÖR VE ZİRAAT MAKİNELERİ A.Ş. - Şirket Genel Bilgi Formu,Şirket Genel Bilgi Formu,https://www.kap.org.tr/tr/Bildirim/1530354,tr,2025-12-26T18:16:50+00:00
2025-12-26,TTRAK,KAP,TÜRK TRAKTÖR VE ZİRAAT MAKİNELERİ A.Ş. - Özel Durum Açıklaması (Genel),Özel Durum Açıklaması (Genel) Üst Düzey Yönetici Değişikliği,https://www.kap.org.tr/tr/Bildirim/1530345,tr,2025-12-26T18:15:09+00:00
2025-12-26,TUCLK,KAP,TUĞÇELİK ALÜMİNYUM VE METAL MAMÜLLERİ SANAYİ VE TİCARET A.Ş. - Sermaye Artırımı - Azaltımı İşlemlerine İlişkin Bildirim,Sermaye Artırımı - Azaltımı İşlemlerine İlişkin Bildirim Yeni Pay Alma Haklarının Kullanılması Sonrasında Kalan Payların Borsa İstanbul Birincil Piyasa'da Satışı Hk.,https://www.kap.org.tr/tr/Bildirim/1530112,tr,2025-12-26T15:21:20+00:00
2025-12-26,TUPRS,KAP,TÜPRAŞ-TÜRKİYE PETROL RAFİNERİLERİ A.Ş. - Kredi Derecelendirmesi,Kredi Derecelendirmesi JCR-ER Kredi Derecelendirme Notu,https://www.kap.org.tr/tr/Bildirim/1530365,tr,2025-12-26T18:18:20+00:00
2025-12-26,TVB,KAP,TÜRKİYE VAKIFLAR BANKASI T.A.O. - Pay Dışında Sermaye Piyasası Aracı İşlemlerine İlişkin Bildirim (Faiz İçeren),Pay Dışında Sermaye Piyasası Aracı İşlemlerine İlişkin Bildirim (Faiz İçeren) GMTN Programı Çerçevesinde Türkiye Dışında Sürdürülebilir Borçlanma Aracı İhracı SPK Onayı,https://www.kap.org.tr/tr/Bildirim/1530277,tr,2025-12-26T17:20:50+00:00
2025-12-26,TVB,KAP,TÜRKİYE VAKIFLAR BANKASI T.A.O. - Pay Dışında Sermaye Piyasası Aracı İşlemlerine İlişkin Bildirim (Faiz İçeren),Pay Dışında Sermaye Piyasası Aracı İşlemlerine İlişkin Bildirim (Faiz İçeren) GMTN Programı Çerçevesinde Türkiye Dışında Sürdürülebilir Borçlanma Aracı İhracı SPK Onayı,https://www.kap.org.tr/tr/Bildirim/1530276,tr,2025-12-26T17:19:44+00:00
2025-12-26,USAK,KAP,UŞAK SERAMİK SANAYİ A.Ş. - Sermaye Artırımından Elde Edilecek - Edilen Fonun Kullanımına İlişkin Rapor,Sermaye Artırımından Elde Edilecek - Edilen Fonun Kullanımına İlişkin Rapor Bedelli Sermaye Artırımından Elde Edilecek Fonun Kullanımına İlişkin Rapor,https://www.kap.org.tr/tr/Bildirim/1530100,tr,2025-12-26T14:43:46+00:00
2025-12-26,USAK,KAP,UŞAK SERAMİK SANAYİ A.Ş. - Pay Dışında Sermaye Piyasası Aracı İşlemlerine İlişkin Bildirim (Faiz İçeren),Pay Dışında Sermaye Piyasası Aracı İşlemlerine İlişkin Bildirim (Faiz İçeren) Finansman Bonosu İhracı,https://www.kap.org.tr/tr/Bildirim/1530020,tr,2025-12-26T11:08:19+00:00
2025-12-26,VAKBN,KAP,TÜRKİYE VAKIFLAR BANKASI T.A.O. - Pay Dışında Sermaye Piyasası Aracı İşlemlerine İlişkin Bildirim (Faiz İçeren),Pay Dışında Sermaye Piyasası Aracı İşlemlerine İlişkin Bildirim (Faiz İçeren) GMTN Programı Çerçevesinde Türkiye Dışında Sürdürülebilir Borçlanma Aracı İhracı SPK Onayı,https://www.kap.org.tr/tr/Bildirim/1530277,tr,2025-12-26T17:20:50+00:00
2025-12-26,VAKBN,KAP,TÜRKİYE VAKIFLAR BANKASI T.A.O. - Pay Dışında Sermaye Piyasası Aracı İşlemlerine İlişkin Bildirim (Faiz İçeren),Pay Dışında Sermaye Piyasası Aracı İşlemlerine İlişkin Bildirim (Faiz İçeren) GMTN Programı Çerçevesinde Türkiye Dışında Sürdürülebilir Borçlanma Aracı İhracı SPK Onayı,https://www.kap.org.tr/tr/Bildirim/1530276,tr,2025-12-26T17:19:44+00:00
2025-12-26,VAKFA,KAP,VAKIF FAKTORİNG A.Ş. - İhraç Tavanına İlişkin Bildirim,İhraç Tavanına İlişkin Bildirim Borçlanma Aracı İhraç Tavanı için Genel Müdürlüğe Yetki Verilmesi,https://www.kap.org.tr/tr/Bildirim/1530299,tr,2025-12-26T17:45:39+00:00
2025-12-26,VDFAS,KAP,VOLKSWAGEN DOĞUŞ FİNANSMAN A.Ş. - Genel Kurul Bildirimi,Genel Kurul Bildirimi Volkswagen Doğuş Finansman A.Ş. Olağanüstü Genel Kurul Toplantısı,https://www.kap.org.tr/tr/Bildirim/1530103,tr,2025-12-26T14:55:38+00:00
2025-12-26,VKFYO,KAP,VAKIF MENKUL KIYMET YATIRIM ORTAKLIĞI A.Ş. - Özel Durum Açıklaması (Genel),"Özel Durum Açıklaması (Genel) Şirketimizin BİAŞ'da oluşan ağırlıklı ortalama fiyatın, pay başına net aktif değerin 2 katını aşması sebebiyle yapılan açıklamadır.",https://www.kap.org.tr/tr/Bildirim/1530401,tr,2025-12-26T19:19:39+00:00
2025-12-26,VKGYO,KAP,VAKIF GAYRİMENKUL YATIRIM ORTAKLIĞI A.Ş. - Değerleme Raporu,Değerleme Raporu İstanbul Finans Merkezi 48 Adet Ünite 2025 Yıl Sonu Değerleme Raporu,https://www.kap.org.tr/tr/Bildirim/1530334,tr,2025-12-26T18:12:59+00:00
2025-12-26,YEOTK,KAP,YEO TEKNOLOJİ ENERJİ VE ENDÜSTRİ A.Ş. - Yeni İş İlişkisi,Yeni İş İlişkisi Yeni İş İlişkisi,https://www.kap.org.tr/tr/Bildirim/1529961,tr,2025-12-26T09:01:10+00:00
2025-12-26,YKB,KAP,YAPI VE KREDİ BANKASI A.Ş. - Kurumsal Yönetim İlkelerine Uyum Derecelendirmesi,Kurumsal Yönetim İlkelerine Uyum Derecelendirmesi Kurumsal Yönetim Derecelendirme Notu,https://www.kap.org.tr/tr/Bildirim/1530099,tr,2025-12-26T14:43:13+00:00
2025-12-26,YKBNK,KAP,YAPI VE KREDİ BANKASI A.Ş. - Kurumsal Yönetim İlkelerine Uyum Derecelendirmesi,Kurumsal Yönetim İlkelerine Uyum Derecelendirmesi Kurumsal Yönetim Derecelendirme Notu,https://www.kap.org.tr/tr/Bildirim/1530099,tr,2025-12-26T14:43:13+00:00
2025-12-26,ZRGYO,KAP,ZİRAAT GAYRİMENKUL YATIRIM ORTAKLIĞI A.Ş. - Değerleme Raporu,Değerleme Raporu Kazakistan Almatı Projesi Yıl Sonu Değerleme Raporu,https://www.kap.org.tr/tr/Bildirim/1530431,tr,2025-12-26T22:02:16+00:00
2025-12-26,ZRGYO,KAP,ZİRAAT GAYRİMENKUL YATIRIM ORTAKLIĞI A.Ş. - Değerleme Raporu,Değerleme Raporu İstanbul Finans Merkezi Ziraat Kuleleri Yıl Sonu Değerleme Raporu,https://www.kap.org.tr/tr/Bildirim/1530320,tr,2025-12-26T18:05:54+00:00
2025-12-27,A1CAP,KAP,A1 CAPİTAL YATIRIM MENKUL DEĞERLER A.Ş. - Halka Arz İşlemlerinde Sermaye Piyasası Aracının % 5 inden Fazlasını Satın Alanlara İlişkin Bildirim,"Halka Arz İşlemlerinde Sermaye Piyasası Aracının % 5 inden Fazlasını Satın Alanlara İlişkin Bildirim ARF Bio Yenilenebilir Enerji Üretim AŞ Halka Arzında Sermaye Piyasası Aracının %5'inden Fazlasını Satın Alanlara İlişkin Bildirim ARFYE, BLS, BLSMD, PRDGS, RR5",https://www.kap.org.tr/tr/Bildirim/1530438,tr,2025-12-27T00:50:59+00:00
2025-12-27,A1CAP,KAP,A1 CAPİTAL YATIRIM MENKUL DEĞERLER A.Ş. - Özel Durum Açıklaması (Genel),"Özel Durum Açıklaması (Genel) ARF Bio Yenilenebilir Enerji Üretim AŞ Halka Arzında İdari Sorumluluğu Bulunanların Pay Alımları ARFYE, BLS, BLSMD, PRDGS, RR5",https://www.kap.org.tr/tr/Bildirim/1530437,tr,2025-12-27T00:50:25+00:00
2025-12-27,A1CAP,KAP,A1 CAPİTAL YATIRIM MENKUL DEĞERLER A.Ş. - Özel Durum Açıklaması (Genel),"Özel Durum Açıklaması (Genel) ARF Bio Yenilenebilir Enerji Üretim AŞ Halka Arz Sonuçları ARFYE, BLS, BLSMD, PRDGS, RR5",https://www.kap.org.tr/tr/Bildirim/1530436,tr,2025-12-27T00:49:56+00:00
2025-12-27,ACP,KAP,A1 CAPİTAL YATIRIM MENKUL DEĞERLER A.Ş. - Halka Arz İşlemlerinde Sermaye Piyasası Aracının % 5 inden Fazlasını Satın Alanlara İlişkin Bildirim,"Halka Arz İşlemlerinde Sermaye Piyasası Aracının % 5 inden Fazlasını Satın Alanlara İlişkin Bildirim ARF Bio Yenilenebilir Enerji Üretim AŞ Halka Arzında Sermaye Piyasası Aracının %5'inden Fazlasını Satın Alanlara İlişkin Bildirim ARFYE, BLS, BLSMD, PRDGS, RR5",https://www.kap.org.tr/tr/Bildirim/1530438,tr,2025-12-27T00:50:59+00:00
2025-12-27,ACP,KAP,A1 CAPİTAL YATIRIM MENKUL DEĞERLER A.Ş. - Özel Durum Açıklaması (Genel),"Özel Durum Açıklaması (Genel) ARF Bio Yenilenebilir Enerji Üretim AŞ Halka Arzında İdari Sorumluluğu Bulunanların Pay Alımları ARFYE, BLS, BLSMD, PRDGS, RR5",https://www.kap.org.tr/tr/Bildirim/1530437,tr,2025-12-27T00:50:25+00:00
2025-12-27,ACP,KAP,A1 CAPİTAL YATIRIM MENKUL DEĞERLER A.Ş. - Özel Durum Açıklaması (Genel),"Özel Durum Açıklaması (Genel) ARF Bio Yenilenebilir Enerji Üretim AŞ Halka Arz Sonuçları ARFYE, BLS, BLSMD, PRDGS, RR5",https://www.kap.org.tr/tr/Bildirim/1530436,tr,2025-12-27T00:49:56+00:00
2025-12-28,ADGYO,KAP,ADRA GAYRİMENKUL YATIRIM ORTAKLIĞI A.Ş. - Genel Kurul İşlemlerine İlişkin Bildirim,Genel Kurul İşlemlerine İlişkin Bildirim 28.12.2025 Tarihinde Yapılan Olağanüstü Genel Kurul Toplantı Sonucu,https://www.kap.org.tr/tr/Bildirim/1530442,tr,2025-12-28T13:20:20+00:00
2025-12-28,ARDYZ,KAP,ARD GRUP BİLİŞİM TEKNOLOJİLERİ A.Ş. - Genel Kurul İşlemlerine İlişkin Bildirim,Genel Kurul İşlemlerine İlişkin Bildirim Olağanüstü Genel Kurul Toplantı Sonucu,https://www.kap.org.tr/tr/Bildirim/1530443,tr,2025-12-28T16:20:19+00:00
2025-12-28,BIGTK,KAP,BİG MEDYA TEKNOLOJİ A.Ş. - Genel Kurul İşlemlerine İlişkin Bildirim,Genel Kurul İşlemlerine İlişkin Bildirim OlağanÜstü Genel Kurul Toplantı Sonuç Bildirimi,https://www.kap.org.tr/tr/Bildirim/1530445,tr,2025-12-28T16:59:51+00:00
2025-12-28,CVKMD,KAP,CVK MADEN İŞLETMELERİ SANAYİ VE TİCARET A.Ş. - Özel Durum Açıklaması (Genel),Özel Durum Açıklaması (Genel) Bağlı Ortaklığımız Orta Truva Madencilik San. Tic. A.Ş.'ne Ait TV Tower Projesi ÇED Başvurusu Hk.,https://www.kap.org.tr/tr/Bildirim/1530446,tr,2025-12-28T19:07:17+00:00
2025-12-28,GUBRF,KAP,GÜBRE FABRİKALARI T.A.Ş. - Bilgilendirme Politikası,Bilgilendirme Politikası Bilgilendirme Politikası Güncellemesi,https://www.kap.org.tr/tr/Bildirim/1530441,tr,2025-12-28T11:46:28+00:00
2025-12-28,ZERGY,KAP,ZERAY GAYRİMENKUL YATIRIM ORTAKLIĞI A.Ş. - Katılım Finansı İlkeleri Bilgi Formu,Katılım Finansı İlkeleri Bilgi Formu,https://www.kap.org.tr/tr/Bildirim/1530444,tr,2025-12-28T16:37:38+00:00
2025-12-29,ADGYO,KAP,ADRA GAYRİMENKUL YATIRIM ORTAKLIĞI A.Ş. - Birleşme İşlemlerine İlişkin Bildirim,Birleşme İşlemlerine İlişkin Bildirim Şirketimizce Anadolu Gayrimenkul Yatırım A. Ş'nin Devralınması Suretiyle Gerçekleştirilen Birleşme İşleminin Tescili,https://www.kap.org.tr/tr/Bildirim/1530784,tr,2025-12-29T18:19:20+00:00
2025-12-29,ADGYO,KAP,ADRA GAYRİMENKUL YATIRIM ORTAKLIĞI A.Ş. - Esas Sözleşme,Esas Sözleşme Güncel Esas Sözleşme,https://www.kap.org.tr/tr/Bildirim/1530776,tr,2025-12-29T18:15:37+00:00
2025-12-29,ADGYO,KAP,ADRA GAYRİMENKUL YATIRIM ORTAKLIĞI A.Ş. - Esas Sözleşme Tadili,Esas Sözleşme Tadili Esas Sözleşme Değişikliğinin Tescili,https://www.kap.org.tr/tr/Bildirim/1530774,tr,2025-12-29T18:14:39+00:00
2025-12-29,ADGYO,KAP,ADRA GAYRİMENKUL YATIRIM ORTAKLIĞI A.Ş. - Genel Kurul İşlemlerine İlişkin Bildirim,Genel Kurul İşlemlerine İlişkin Bildirim 28.12.2025 Tarihinde Yapılan Olağanüstü Genel Kurul Toplantı Sonucu Tescil ve İlanı,https://www.kap.org.tr/tr/Bildirim/1530773,tr,2025-12-29T18:13:37+00:00
2025-12-29,AEFES,KAP,ANADOLU EFES BİRACILIK VE MALT SANAYİİ A.Ş. - Pay Dışında Sermaye Piyasası Aracı İşlemlerine İlişkin Bildirim (Faiz İçeren),Pay Dışında Sermaye Piyasası Aracı İşlemlerine İlişkin Bildirim (Faiz İçeren) Kupon Ödemesi Hakkında,https://www.kap.org.tr/tr/Bildirim/1530726,tr,2025-12-29T17:28:57+00:00
2025-12-29,AKCNS,KAP,AKÇANSA ÇİMENTO SANAYİ VE TİCARET A.Ş. - İhraç Tavanına İlişkin Bildirim,İhraç Tavanına İlişkin Bildirim Borçlanma Aracı İhracına İlişkin Yönetim Kurulu Kararı Alınması,https://www.kap.org.tr/tr/Bildirim/1530724,tr,2025-12-29T17:25:19+00:00
2025-12-29,AKM,KAP,AK YATIRIM MENKUL DEĞERLER A.Ş. - Yatırım Kuruluşu Varant - Sertifika - Senetlerine İlişkin Bildirim,Yatırım Kuruluşu Varant - Sertifika - Senetlerine İlişkin Bildirim Yeni Yıl Tatili Nedeniyle İşlem Sıraları Kapalı Olacak Ak Yatırım Varant ve Sertifikaları,https://www.kap.org.tr/tr/Bildirim/1530670,tr,2025-12-29T16:18:04+00:00
2025-12-29,AKM,KAP,AK YATIRIM MENKUL DEĞERLER A.Ş. - Likidite Sağlayıcılık Kapsamındaki İşlemler,Likidite Sağlayıcılık Kapsamındaki İşlemler ORGE Paylarında Likidite Sağlayıcılığı Kapsamında Gerçekleştirilen İşlemler 15.12.2025 - 26.12.2025 ORGE,https://www.kap.org.tr/tr/Bildirim/1530544,tr,2025-12-29T11:49:34+00:00
2025-12-29,AKM,KAP,AK YATIRIM MENKUL DEĞERLER A.Ş. - Likidite Sağlayıcılık Kapsamındaki İşlemler,Likidite Sağlayıcılık Kapsamındaki İşlemler LOGO Paylarında Likidite Sağlayıcılığı Kapsamında Gerçekleştirilen İşlemler 15.12.2025 - 26.12.2025 LOGO,https://www.kap.org.tr/tr/Bildirim/1530543,tr,2025-12-29T11:48:59+00:00
2025-12-29,AKM,KAP,AK YATIRIM MENKUL DEĞERLER A.Ş. - Yatırım Kuruluşu Varant - Sertifika - Senetlerine İlişkin Bildirim,Yatırım Kuruluşu Varant - Sertifika - Senetlerine İlişkin Bildirim Varant ve Sertifika PY Alım Satım Bildirimi,https://www.kap.org.tr/tr/Bildirim/1530542,tr,2025-12-29T11:48:19+00:00
2025-12-29,AKM,KAP,AK YATIRIM MENKUL DEĞERLER A.Ş. - Pay Dışında Sermaye Piyasası Aracı İşlemlerine İlişkin Bildirim (Faiz İçeren),Pay Dışında Sermaye Piyasası Aracı İşlemlerine İlişkin Bildirim (Faiz İçeren) 29.12.2025 Vadeli Borçlanma Aracının İtfası,https://www.kap.org.tr/tr/Bildirim/1530541,tr,2025-12-29T11:47:38+00:00
2025-12-29,AKMEN,KAP,AK YATIRIM MENKUL DEĞERLER A.Ş. - Yatırım Kuruluşu Varant - Sertifika - Senetlerine İlişkin Bildirim,Yatırım Kuruluşu Varant - Sertifika - Senetlerine İlişkin Bildirim Yeni Yıl Tatili Nedeniyle İşlem Sıraları Kapalı Olacak Ak Yatırım Varant ve Sertifikaları,https://www.kap.org.tr/tr/Bildirim/1530670,tr,2025-12-29T16:18:04+00:00
2025-12-29,AKMEN,KAP,AK YATIRIM MENKUL DEĞERLER A.Ş. - Likidite Sağlayıcılık Kapsamındaki İşlemler,Likidite Sağlayıcılık Kapsamındaki İşlemler ORGE Paylarında Likidite Sağlayıcılığı Kapsamında Gerçekleştirilen İşlemler 15.12.2025 - 26.12.2025 ORGE,https://www.kap.org.tr/tr/Bildirim/1530544,tr,2025-12-29T11:49:34+00:00
2025-12-29,AKMEN,KAP,AK YATIRIM MENKUL DEĞERLER A.Ş. - Likidite Sağlayıcılık Kapsamındaki İşlemler,Likidite Sağlayıcılık Kapsamındaki İşlemler LOGO Paylarında Likidite Sağlayıcılığı Kapsamında Gerçekleştirilen İşlemler 15.12.2025 - 26.12.2025 LOGO,https://www.kap.org.tr/tr/Bildirim/1530543,tr,2025-12-29T11:48:59+00:00
2025-12-29,AKMEN,KAP,AK YATIRIM MENKUL DEĞERLER A.Ş. - Yatırım Kuruluşu Varant - Sertifika - Senetlerine İlişkin Bildirim,Yatırım Kuruluşu Varant - Sertifika - Senetlerine İlişkin Bildirim Varant ve Sertifika PY Alım Satım Bildirimi,https://www.kap.org.tr/tr/Bildirim/1530542,tr,2025-12-29T11:48:19+00:00
2025-12-29,AKMEN,KAP,AK YATIRIM MENKUL DEĞERLER A.Ş. - Pay Dışında Sermaye Piyasası Aracı İşlemlerine İlişkin Bildirim (Faiz İçeren),Pay Dışında Sermaye Piyasası Aracı İşlemlerine İlişkin Bildirim (Faiz İçeren) 29.12.2025 Vadeli Borçlanma Aracının İtfası,https://www.kap.org.tr/tr/Bildirim/1530541,tr,2025-12-29T11:47:38+00:00
2025-12-29,ALCTL,KAP,ALCATEL LUCENT TELETAŞ TELEKOMÜNİKASYON A.Ş. - Yeni İş İlişkisi,Yeni İş İlişkisi Şirketimizin satışa yönelik aldığı yeni iş emri hk.,https://www.kap.org.tr/tr/Bildirim/1530650,tr,2025-12-29T16:02:19+00:00
2025-12-29,ALGYO,KAP,ALARKO GAYRİMENKUL YATIRIM ORTAKLIĞI A.Ş. - Özel Durum Açıklaması (Genel),Özel Durum Açıklaması (Genel) Alarko Gayrimenkul Yatırım Ortaklığı A.Ş. Genel Müdürü'nün Emekliliği ve Yeni Atama Hakkında,https://www.kap.org.tr/tr/Bildirim/1530798,tr,2025-12-29T18:31:32+00:00
2025-12-29,ALKLC,KAP,ALTINKILIÇ GIDA VE SÜT SANAYİ TİCARET A.Ş. - Pay Dışında Sermaye Piyasası Aracı İşlemlerine İlişkin Bildirim (Faiz İçeren),Pay Dışında Sermaye Piyasası Aracı İşlemlerine İlişkin Bildirim (Faiz İçeren) TRFALTKA2520 ISIN kodlu Finansman Bonosunun İtfası,https://www.kap.org.tr/tr/Bildirim/1530558,tr,2025-12-29T12:08:44+00:00
2025-12-29,ANELE,KAP,ANEL ELEKTRİK PROJE TAAHHÜT VE TİCARET A.Ş. - Özel Durum Açıklaması (Genel),Özel Durum Açıklaması (Genel) Bilgi Güvenliği Politikası Hakkında,https://www.kap.org.tr/tr/Bildirim/1530833,tr,2025-12-29T20:16:31+00:00
2025-12-29,ANELE,KAP,ANEL ELEKTRİK PROJE TAAHHÜT VE TİCARET A.Ş. - Özel Durum Açıklaması (Genel),Özel Durum Açıklaması (Genel) Shotton Mill Projesi Hakkında,https://www.kap.org.tr/tr/Bildirim/1530832,tr,2025-12-29T20:13:16+00:00
2025-12-29,ANELE,KAP,ANEL ELEKTRİK PROJE TAAHHÜT VE TİCARET A.Ş. - Yeni İş İlişkisi,"Yeni İş İlişkisi Yeni İş İlişkisi Hakkında,",https://www.kap.org.tr/tr/Bildirim/1530831,tr,2025-12-29T20:12:50+00:00
2025-12-29,ARASE,KAP,DOĞU ARAS ENERJİ YATIRIMLARI A.Ş. - Kayıtlı Sermaye Tavanı İşlemlerine İlişkin Bildirim,Kayıtlı Sermaye Tavanı İşlemlerine İlişkin Bildirim Kayıtlı Sermaye Tavanı Süre Uzatımı Hakkında,https://www.kap.org.tr/tr/Bildirim/1530786,tr,2025-12-29T18:19:40+00:00
2025-12-29,ARASE,KAP,DOĞU ARAS ENERJİ YATIRIMLARI A.Ş. - Özel Durum Açıklaması (Genel),"Özel Durum Açıklaması (Genel) Doğu Aras Enerji Yatırımları A.Ş. Şirketimizin Politikalarının Kabul Edilmesi, Değiştirilmesi ve Güncellenmesi Bildirimidir.",https://www.kap.org.tr/tr/Bildirim/1530785,tr,2025-12-29T18:19:26+00:00
2025-12-29,ARSAN,KAP,ARSAN TEKSTİL TİCARET VE SANAYİ A.Ş. - Genel Kurul İşlemlerine İlişkin Bildirim,Genel Kurul İşlemlerine İlişkin Bildirim Olağanüstü Genel Kurul Toplantısı Hakkında.,https://www.kap.org.tr/tr/Bildirim/1530655,tr,2025-12-29T16:07:52+00:00
2025-12-29,ASTOR,KAP,ASTOR ENERJİ A.Ş. - Özel Durum Açıklaması (Genel),Özel Durum Açıklaması (Genel) Bağlı Ortaklığımızın Devri Hk.,https://www.kap.org.tr/tr/Bildirim/1530797,tr,2025-12-29T18:31:06+00:00
2025-12-29,ATATP,KAP,ATP YAZILIM VE TEKNOLOJİ A.Ş. - Özel Durum Açıklaması (Genel),Özel Durum Açıklaması (Genel) Bağlı Ortaklığımız ATP Capital'in Yatırım Kararı Hakkında,https://www.kap.org.tr/tr/Bildirim/1530828,tr,2025-12-29T19:26:34+00:00
2025-12-29,ATLAS,KAP,ATLAS MENKUL KIYMETLER YATIRIM ORTAKLIĞI A.Ş. - Haftalık Rapor,Haftalık Rapor Haftalık Rapor,https://www.kap.org.tr/tr/Bildirim/1530567,tr,2025-12-29T12:24:59+00:00
2025-12-29,ATSYH,KAP,ATLANTİS YATIRIM HOLDİNG A.Ş. - Özel Durum Açıklaması (Genel),"Özel Durum Açıklaması (Genel) Şirketimiz, Matranç Elektrik Elektronik Yapı ve Gıda Maddeleri San. Tic. Ltd. Şti.?nin satın alınmasına yönelik görüşmelere başlamıştır.",https://www.kap.org.tr/tr/Bildirim/1530829,tr,2025-12-29T19:45:59+00:00
2025-12-29,BAYRK,KAP,BAYRAK EBT TABAN SANAYİ VE TİCARET A.Ş. - Sermaye Artırımı - Azaltımı İşlemlerine İlişkin Bildirim,Sermaye Artırımı - Azaltımı İşlemlerine İlişkin Bildirim Bedelsiz Sermaye Artırımı Esas Sözleşme Tadil Metni Ve İhraç Belgesi Onayı-Bedelsiz Pay Alma Hakkı Kullanım Başlangıç Tarihi Bilgilendirmesi,https://www.kap.org.tr/tr/Bildirim/1530519,tr,2025-12-29T11:05:55+00:00
2025-12-29,BFREN,KAP,BOSCH FREN SİSTEMLERİ SANAYİ VE TİCARET A.Ş. - İlişkili Taraf İşlemleri,İlişkili Taraf İşlemleri 2025 Yılı Yaygın ve Süreklilik Arz Eden İlişkili Taraf İşlemleri Raporu,https://www.kap.org.tr/tr/Bildirim/1530451,tr,2025-12-29T08:40:10+00:00
2025-12-29,BLUME,KAP,BLUME METAL KİMYA A.Ş. - Payların Geri Alınmasına İlişkin Bildirim,Payların Geri Alınmasına İlişkin Bildirim Payların Geri Alınmasına İlişkin Bildirim,https://www.kap.org.tr/tr/Bildirim/1530772,tr,2025-12-29T18:13:01+00:00
2025-12-29,BMSTL,KAP,BMS BİRLEŞİK METAL SANAYİ VE TİCARET A.Ş. - Özel Durum Açıklaması (Genel),Özel Durum Açıklaması (Genel) Yönetici Sorumluluk Sigortası hk.da,https://www.kap.org.tr/tr/Bildirim/1530743,tr,2025-12-29T17:45:06+00:00
2025-12-29,BRISA,KAP,BRİSA BRİDGESTONE SABANCI LASTİK SANAYİ VE TİCARET A.Ş. - Kurumsal Yönetim Bilgi Formu (Güncelleme) - Yönetim Kurulu-1,Kurumsal Yönetim Bilgi Formu (Güncelleme) - Yönetim Kurulu-1 Yönetim Kurulu I - Güncelleme,https://www.kap.org.tr/tr/Bildirim/1530527,tr,2025-12-29T11:11:59+00:00
2025-12-29,BRISA,KAP,BRİSA BRİDGESTONE SABANCI LASTİK SANAYİ VE TİCARET A.Ş. - Kurumsal Yönetim Bilgi Formu (Güncelleme) - Pay Sahipleri,Kurumsal Yönetim Bilgi Formu (Güncelleme) - Pay Sahipleri Pay Sahipleri - Güncelleme,https://www.kap.org.tr/tr/Bildirim/1530526,tr,2025-12-29T11:11:35+00:00
2025-12-29,BVSAN,KAP,BÜLBÜLOĞLU VİNÇ SANAYİ VE TİCARET A.Ş. - Yeni İş İlişkisi,Yeni İş İlişkisi Yeni İş İlişkisi Hakkında,https://www.kap.org.tr/tr/Bildirim/1530760,tr,2025-12-29T18:04:33+00:00
2025-12-29,CMSAN,KAP,ÇAMSAN ENTEGRE AĞAÇ SANAYİ VE TİCARET A.Ş. - Pay Dışında Sermaye Piyasası Aracı İşlemlerine İlişkin Bildirim (Faiz İçeren),Pay Dışında Sermaye Piyasası Aracı İşlemlerine İlişkin Bildirim (Faiz İçeren) Nitelik yatırımcılara yapılan borçlanma aracı ihracı,https://www.kap.org.tr/tr/Bildirim/1530495,tr,2025-12-29T10:17:17+00:00
2025-12-29,COSMO,KAP,COSMOS YATIRIM HOLDİNG A.Ş. - Sermaye Artırımı - Azaltımı İşlemlerine İlişkin Bildirim,Sermaye Artırımı - Azaltımı İşlemlerine İlişkin Bildirim Tahsisli Sermaye Artırımı Gerçekleşmesi Hakkında,https://www.kap.org.tr/tr/Bildirim/1530721,tr,2025-12-29T17:17:16+00:00
2025-12-29,CRDFA,KAP,CREDITWEST FAKTORİNG A.Ş. - Pay Dışında Sermaye Piyasası Aracı İşlemlerine İlişkin Bildirim (Faiz İçeren),Pay Dışında Sermaye Piyasası Aracı İşlemlerine İlişkin Bildirim (Faiz İçeren) TRFTPFC62611 ISIN Kodlu Bono İhracı Satışı Tamamlanmıştır.,https://www.kap.org.tr/tr/Bildirim/1530530,tr,2025-12-29T11:13:53+00:00
2025-12-29,CWENE,KAP,CW ENERJİ MÜHENDİSLİK TİCARET VE SANAYİ A.Ş. - Yönetim Kurulu Komiteleri,Yönetim Kurulu Komiteleri Sürdürülebilirlik Komitesinin Kurulması Hakkında,https://www.kap.org.tr/tr/Bildirim/1530817,tr,2025-12-29T18:55:17+00:00
2025-12-29,CWENE,KAP,CW ENERJİ MÜHENDİSLİK TİCARET VE SANAYİ A.Ş. - Özel Durum Açıklaması (Genel),Özel Durum Açıklaması (Genel) IEC 63209 Sertifikasyonu Hk.,https://www.kap.org.tr/tr/Bildirim/1530816,tr,2025-12-29T18:54:56+00:00
2025-12-29,CWENE,KAP,CW ENERJİ MÜHENDİSLİK TİCARET VE SANAYİ A.Ş. - Özel Durum Açıklaması (Genel),Özel Durum Açıklaması (Genel) Bayilik Sözleşmesi İmzalanması Hk.,https://www.kap.org.tr/tr/Bildirim/1530815,tr,2025-12-29T18:54:33+00:00
2025-12-29,CWENE,KAP,CW ENERJİ MÜHENDİSLİK TİCARET VE SANAYİ A.Ş. - Özel Durum Açıklaması (Genel),Özel Durum Açıklaması (Genel) Bağlı Ortaklık Sermaye Artırımına İştirak Hakkında,https://www.kap.org.tr/tr/Bildirim/1530814,tr,2025-12-29T18:54:18+00:00
2025-12-29,CWENE,KAP,CW ENERJİ MÜHENDİSLİK TİCARET VE SANAYİ A.Ş. - Yeni İş İlişkisi,Yeni İş İlişkisi Yeni İş İlişkisi Hk.,https://www.kap.org.tr/tr/Bildirim/1530572,tr,2025-12-29T13:06:38+00:00
2025-12-29,DCTTR,KAP,DCT TRADİNG DIŞ TİCARET A.Ş. - Esas Sözleşme,Esas Sözleşme Esas Sözleşme,https://www.kap.org.tr/tr/Bildirim/1530570,tr,2025-12-29T12:55:52+00:00
2025-12-29,DITAS,KAP,DİTAŞ DOĞAN YEDEK PARÇA İMALAT VE TEKNİK A.Ş. - İzahname (SPK Tarafından Onaylanan),İzahname (SPK Tarafından Onaylanan) SPK Tarafından Onaylanan İzahname Bildirimi,https://www.kap.org.tr/tr/Bildirim/1530729,tr,2025-12-29T17:33:10+00:00
2025-12-29,ECILC,KAP,EİS ECZACIBAŞI İLAÇ SINAİ VE FİNANSAL YATIRIMLAR SANAYİ VE TİCARET A.Ş. - Özel Durum Açıklaması (Genel),Özel Durum Açıklaması (Genel) Yatırımcı Webinarı,https://www.kap.org.tr/tr/Bildirim/1530822,tr,2025-12-29T19:05:56+00:00
2025-12-29,EKOFA,KAP,EKO FAKTORİNG A.Ş. - Pay Dışında Sermaye Piyasası Aracı İşlemlerine İlişkin Bildirim (Faiz İçeren),Pay Dışında Sermaye Piyasası Aracı İşlemlerine İlişkin Bildirim (Faiz İçeren) TRFEKOF92616 ISIN Kodlu Bono 1.Kupon Faiz Oranı,https://www.kap.org.tr/tr/Bildirim/1530750,tr,2025-12-29T17:56:28+00:00
2025-12-29,EKOS,KAP,EKOS TEKNOLOJİ VE ELEKTRİK A.Ş. - Şirket Genel Bilgi Formu,Şirket Genel Bilgi Formu,https://www.kap.org.tr/tr/Bildirim/1530583,tr,2025-12-29T14:05:06+00:00
2025-12-29,EKTVK,KAP,EMLAK KATILIM VARLIK KİRALAMA A.Ş. - Pay Dışında Sermaye Piyasası Aracı İşlemlerine İlişkin Bildirim (Faizsiz),Pay Dışında Sermaye Piyasası Aracı İşlemlerine İlişkin Bildirim (Faizsiz) TRDEVKS22616 ISIN Kodlu Kira Sertifikasının 11. Dönemsel Getiri Ödemesi Hk. EKT,https://www.kap.org.tr/tr/Bildirim/1530494,tr,2025-12-29T10:15:16+00:00
2025-12-29,EMVAR,KAP,EMLAK VARLIK KİRALAMA A.Ş. - Tertip İhraç Belgesi,Tertip İhraç Belgesi Tertip İhraç Belgesi ALFIN,https://www.kap.org.tr/tr/Bildirim/1530593,tr,2025-12-29T14:43:43+00:00
2025-12-29,EMVAR,KAP,EMLAK VARLIK KİRALAMA A.Ş. - Tertip İhraç Belgesi,Tertip İhraç Belgesi Tertip İhraç Belgesi,https://www.kap.org.tr/tr/Bildirim/1530591,tr,2025-12-29T14:42:18+00:00
2025-12-29,ENERY,KAP,ENERYA ENERJİ A.Ş. - Payların Geri Alınmasına İlişkin Bildirim,Payların Geri Alınmasına İlişkin Bildirim 29.12.2025 Tarihli Pay Geri Alım İşlemleri,https://www.kap.org.tr/tr/Bildirim/1530796,tr,2025-12-29T18:30:12+00:00
2025-12-29,ERCB,KAP,ERCİYAS ÇELİK BORU SANAYİ A.Ş. - Özel Durum Açıklaması (Genel),Özel Durum Açıklaması (Genel) KİRA SERTİFİKASI YÖNETİM KURULU KARARI HK,https://www.kap.org.tr/tr/Bildirim/1530768,tr,2025-12-29T18:11:52+00:00
2025-12-29,ESCAR,KAP,ESCAR FİLO KİRALAMA HİZMETLERİ A.Ş. - Payların Geri Alınmasına İlişkin Bildirim,Payların Geri Alınmasına İlişkin Bildirim 29.12.2025 Tarihli Pay Geri Alım İşlemleri,https://www.kap.org.tr/tr/Bildirim/1530827,tr,2025-12-29T19:24:12+00:00
2025-12-29,ETYAT,KAP,EURO TREND YATIRIM ORTAKLIĞI A.Ş. - Haftalık Rapor,Haftalık Rapor 26.12.2025 Tarihli Kağıt Bazlı Haftalık Rapor,https://www.kap.org.tr/tr/Bildirim/1530606,tr,2025-12-29T14:58:18+00:00
2025-12-29,ETYAT,KAP,EURO TREND YATIRIM ORTAKLIĞI A.Ş. - Özel Durum Açıklaması (Genel),"Özel Durum Açıklaması (Genel) BİAŞ'da oluşan ağırlıklı ortalama fiyatın,pay başına net aktif değerin 2 katını aşması",https://www.kap.org.tr/tr/Bildirim/1530605,tr,2025-12-29T14:58:07+00:00
2025-12-29,EUKYO,KAP,EURO KAPİTAL YATIRIM ORTAKLIĞI A.Ş. - Haftalık Rapor,Haftalık Rapor 26.12.2025 Tarihli Kağıt Bazlı Haftalık Rapor,https://www.kap.org.tr/tr/Bildirim/1530608,tr,2025-12-29T15:01:01+00:00
2025-12-29,EUKYO,KAP,EURO KAPİTAL YATIRIM ORTAKLIĞI A.Ş. - Özel Durum Açıklaması (Genel),"Özel Durum Açıklaması (Genel) BİAŞ'da oluşan ağırlıklı ortalama fiyatın,pay başına net aktif değerin 2 katını aşması",https://www.kap.org.tr/tr/Bildirim/1530607,tr,2025-12-29T15:00:45+00:00
2025-12-29,EUYO,KAP,EURO MENKUL KIYMET YATIRIM ORTAKLIĞI A.Ş. - Haftalık Rapor,Haftalık Rapor 26.12.2025 Tarihli Kağıt Bazlı Haftalık Rapor,https://www.kap.org.tr/tr/Bildirim/1530604,tr,2025-12-29T14:54:56+00:00
2025-12-29,EUYO,KAP,EURO MENKUL KIYMET YATIRIM ORTAKLIĞI A.Ş. - Özel Durum Açıklaması (Genel),"Özel Durum Açıklaması (Genel) BİAŞ'da oluşan ağırlıklı ortalama fiyatın,pay başına net aktif değerin 2 katını aşması",https://www.kap.org.tr/tr/Bildirim/1530603,tr,2025-12-29T14:54:44+00:00
2025-12-29,EXIMB,KAP,TÜRKİYE İHRACAT KREDİ BANKASI A.Ş. - Pay Dışında Sermaye Piyasası Aracı İşlemlerine İlişkin Bildirim (Faiz İçeren),Pay Dışında Sermaye Piyasası Aracı İşlemlerine İlişkin Bildirim (Faiz İçeren) XS3036672023 ISIN Kodlu Finansman Bonosunun İtfası Hk,https://www.kap.org.tr/tr/Bildirim/1530590,tr,2025-12-29T14:33:57+00:00
2025-12-29,FIN,KAP,QNB BANK A.Ş. - Pay Dışında Sermaye Piyasası Aracı İşlemlerine İlişkin Bildirim (Faiz İçeren),Pay Dışında Sermaye Piyasası Aracı İşlemlerine İlişkin Bildirim (Faiz İçeren) MTN programı kapsamında yurtdışında ihraç edilen borçlanma aracının itfası,https://www.kap.org.tr/tr/Bildirim/1530473,tr,2025-12-29T09:29:21+00:00
2025-12-29,FRIGO,KAP,FRİGO-PAK GIDA MADDELERİ SANAYİ VE TİCARET A.Ş. - Özel Durum Açıklaması (Genel),Özel Durum Açıklaması (Genel) Bilgi Güvenliği Politikası Hakkında,https://www.kap.org.tr/tr/Bildirim/1530693,tr,2025-12-29T16:40:04+00:00
2025-12-29,FROTO,KAP,FORD OTOMOTİV SANAYİ A.Ş. - Kredi Derecelendirmesi,Kredi Derecelendirmesi JCR-ER Kredi Derecelendirme Notu,https://www.kap.org.tr/tr/Bildirim/1530799,tr,2025-12-29T18:32:25+00:00
2025-12-29,GARAN,KAP,TÜRKİYE GARANTİ BANKASI A.Ş. - Pay Dışında Sermaye Piyasası Aracı İşlemlerine İlişkin Bildirim (Faiz İçeren),Pay Dışında Sermaye Piyasası Aracı İşlemlerine İlişkin Bildirim (Faiz İçeren) Yurtdışı Piyasalara Tahvil İhracı SPK Onayı,https://www.kap.org.tr/tr/Bildirim/1530775,tr,2025-12-29T18:14:48+00:00
2025-12-29,GARAN,KAP,TÜRKİYE GARANTİ BANKASI A.Ş. - Pay Dışında Sermaye Piyasası Aracı İşlemlerine İlişkin Bildirim (Faiz İçeren),Pay Dışında Sermaye Piyasası Aracı İşlemlerine İlişkin Bildirim (Faiz İçeren) Yurtdışı Piyasalara Tahvil İhracı SPK Onayı,https://www.kap.org.tr/tr/Bildirim/1530770,tr,2025-12-29T18:12:24+00:00
2025-12-29,GARAN,KAP,TÜRKİYE GARANTİ BANKASI A.Ş. - Pay Dışında Sermaye Piyasası Aracı İşlemlerine İlişkin Bildirim (Faiz İçeren),Pay Dışında Sermaye Piyasası Aracı İşlemlerine İlişkin Bildirim (Faiz İçeren) Yurtdışı Piyasalara Tahvil İhracı SPK Onayı,https://www.kap.org.tr/tr/Bildirim/1530769,tr,2025-12-29T18:12:09+00:00
2025-12-29,GARAN,KAP,TÜRKİYE GARANTİ BANKASI A.Ş. - Pay Dışında Sermaye Piyasası Aracı İşlemlerine İlişkin Bildirim (Faiz İçeren),Pay Dışında Sermaye Piyasası Aracı İşlemlerine İlişkin Bildirim (Faiz İçeren) Yurtdışı Piyasalara Tahvil İhracı SPK Onayı,https://www.kap.org.tr/tr/Bildirim/1530767,tr,2025-12-29T18:11:52+00:00
2025-12-29,GARAN,KAP,TÜRKİYE GARANTİ BANKASI A.Ş. - Şirket Genel Bilgi Formu,Şirket Genel Bilgi Formu,https://www.kap.org.tr/tr/Bildirim/1530493,tr,2025-12-29T10:14:29+00:00
2025-12-29,GENIL,KAP,GEN İLAÇ VE SAĞLIK ÜRÜNLERİ SANAYİ VE TİCARET A.Ş. - Şirket Genel Bilgi Formu,Şirket Genel Bilgi Formu,https://www.kap.org.tr/tr/Bildirim/1530730,tr,2025-12-29T17:35:12+00:00
2025-12-29,GESAN,KAP,GİRİŞİM ELEKTRİK SANAYİ TAAHHÜT VE TİCARET A.Ş. - İhale Süreci / Sonucu,İhale Süreci / Sonucu İhale Sonucu Bildirimi,https://www.kap.org.tr/tr/Bildirim/1530594,tr,2025-12-29T14:46:53+00:00
2025-12-29,GOODY,KAP,GOODYEAR LASTİKLERİ T.A.Ş. - İlişkili Taraf İşlemleri,İlişkili Taraf İşlemleri Grup şirketinden kredi kullanılması,https://www.kap.org.tr/tr/Bildirim/1530825,tr,2025-12-29T19:20:12+00:00
2025-12-29,GRNYO,KAP,GARANTİ YATIRIM ORTAKLIĞI A.Ş. - Özel Durum Açıklaması (Genel),"Özel Durum Açıklaması (Genel) Paylarının BİAŞ'ta oluşan ağırlıklı ortalama fiyatının, pay başına net aktif değerinin 2 katını aşması hakkında.",https://www.kap.org.tr/tr/Bildirim/1530548,tr,2025-12-29T11:53:58+00:00
2025-12-29,GRNYO,KAP,GARANTİ YATIRIM ORTAKLIĞI A.Ş. - Haftalık Rapor,Haftalık Rapor 26.12.2025 tarihli haftalık rapordur.,https://www.kap.org.tr/tr/Bildirim/1530546,tr,2025-12-29T11:53:47+00:00
2025-12-29,GZNMI,KAP,GEZİNOMİ SEYAHAT TURİZM TİCARET A.Ş. - Pay Dışında Sermaye Piyasası Aracı İşlemlerine İlişkin Bildirim (Faiz İçeren),Pay Dışında Sermaye Piyasası Aracı İşlemlerine İlişkin Bildirim (Faiz İçeren) TRSGZNMA2514 ISIN kodlu TL Finansman Bonosu Kupon Ödemesi ve Anapara İtfası,https://www.kap.org.tr/tr/Bildirim/1530692,tr,2025-12-29T16:39:24+00:00
2025-12-29,HALKB,KAP,TÜRKİYE HALK BANKASI A.Ş. - Pay Dışında Sermaye Piyasası Aracı İşlemlerine İlişkin Bildirim (Faiz İçeren),Pay Dışında Sermaye Piyasası Aracı İşlemlerine İlişkin Bildirim (Faiz İçeren) Yurtiçinde Nitelikli Yatırımcılara Sermaye Benzeri Tahvil Kupon Oranı,https://www.kap.org.tr/tr/Bildirim/1530807,tr,2025-12-29T18:45:17+00:00
2025-12-29,HATSN,KAP,HAT-SAN GEMİ İNŞAA BAKIM ONARIM DENİZ NAKLİYAT SANAYİ VE TİCARET A.Ş. - Kurumsal Yönetim Bilgi Formu (Güncelleme) - Yönetim Kurulu-2,Kurumsal Yönetim Bilgi Formu (Güncelleme) - Yönetim Kurulu-2 Güncelleme,https://www.kap.org.tr/tr/Bildirim/1530837,tr,2025-12-29T21:53:53+00:00
2025-12-29,HATSN,KAP,HAT-SAN GEMİ İNŞAA BAKIM ONARIM DENİZ NAKLİYAT SANAYİ VE TİCARET A.Ş. - Özel Durum Açıklaması (Genel),Özel Durum Açıklaması (Genel) Sürdürülebilirlik Komitesi Hakkında,https://www.kap.org.tr/tr/Bildirim/1530836,tr,2025-12-29T21:48:37+00:00
2025-12-29,HATSN,KAP,HAT-SAN GEMİ İNŞAA BAKIM ONARIM DENİZ NAKLİYAT SANAYİ VE TİCARET A.Ş. - Özel Durum Açıklaması (Genel),Özel Durum Açıklaması (Genel) Bilgi Güvenliği Politikası Kabulü ve Görevlendirme Hakkında,https://www.kap.org.tr/tr/Bildirim/1530835,tr,2025-12-29T21:44:57+00:00
2025-12-29,HLGYO,KAP,HALK GAYRİMENKUL YATIRIM ORTAKLIĞI A.Ş. - Kayıtlı Sermaye Tavanı İşlemlerine İlişkin Bildirim,Kayıtlı Sermaye Tavanı İşlemlerine İlişkin Bildirim Kayıtlı Sermaye Tavanının Yükseltilmesi ve Tavan Geçerlilik Süresinin Uzatılmasına İlişkin Esas Sözleşme Tadili Bakanlık Onayı,https://www.kap.org.tr/tr/Bildirim/1530824,tr,2025-12-29T19:14:29+00:00
2025-12-29,HLVKS,KAP,HALK VARLIK KİRALAMA A.Ş. - Pay Dışında Sermaye Piyasası Aracı İşlemlerine İlişkin Bildirim (Faizsiz),Pay Dışında Sermaye Piyasası Aracı İşlemlerine İlişkin Bildirim (Faizsiz) Yurtiçi Kira Sertifikası İhracı Nitelikli Yatırımcıya Satışın Tamamlanması Hk. EKGYO,https://www.kap.org.tr/tr/Bildirim/1530794,tr,2025-12-29T18:29:56+00:00
2025-12-29,HOROZ,KAP,HOROZ LOJİSTİK KARGO HİZMETLERİ VE TİCARET A.Ş. - Yeni İş İlişkisi,Yeni İş İlişkisi Yeni iş ilişkisi,https://www.kap.org.tr/tr/Bildirim/1530795,tr,2025-12-29T18:30:05+00:00
2025-12-29,HOROZ,KAP,HOROZ LOJİSTİK KARGO HİZMETLERİ VE TİCARET A.Ş. - Şirket Genel Bilgi Formu,Şirket Genel Bilgi Formu,https://www.kap.org.tr/tr/Bildirim/1530780,tr,2025-12-29T18:18:18+00:00
2025-12-29,ICUGS,KAP,ICU GİRİŞİM SERMAYESİ YATIRIM ORTAKLIĞI A.Ş. - Özel Durum Açıklaması (Genel),Özel Durum Açıklaması (Genel) Adventus Yatırımındaki Fon Değişim,https://www.kap.org.tr/tr/Bildirim/1530803,tr,2025-12-29T18:34:52+00:00
2025-12-29,INFO,KAP,İNFO YATIRIM MENKUL DEĞERLER A.Ş. - Likidite Sağlayıcılık Kapsamındaki İşlemler,Likidite Sağlayıcılık Kapsamındaki İşlemler TATEN Paylarında Likidite Sağlayıcılık Faaliyetleri Kapsamında Gerçekleştirilen İşlemler TATEN,https://www.kap.org.tr/tr/Bildirim/1530777,tr,2025-12-29T18:15:53+00:00
2025-12-29,INFO,KAP,İNFO YATIRIM MENKUL DEĞERLER A.Ş. - Yatırım Kuruluşu Varant - Sertifika - Senetlerine İlişkin Bildirim,Yatırım Kuruluşu Varant - Sertifika - Senetlerine İlişkin Bildirim Yatırım Kuruluşu Varantları Sıralarının Kapatılması,https://www.kap.org.tr/tr/Bildirim/1530746,tr,2025-12-29T17:52:22+00:00
2025-12-29,INFO,KAP,İNFO YATIRIM MENKUL DEĞERLER A.Ş. - Toptan Alış Satış İşlemi Bildirimi,Toptan Alış Satış İşlemi Bildirimi Tatlıpınar Enerji Üretim A.Ş. Toptan Alış Satış İşlem Bildirimi TATEN,https://www.kap.org.tr/tr/Bildirim/1530688,tr,2025-12-29T16:36:26+00:00
2025-12-29,ISATR,KAP,TÜRKİYE İŞ BANKASI A.Ş. - Yeşil veya Sürdürülebilir Temalı Sermaye Piyasası Aracına İlişkin Bildirim,Yeşil veya Sürdürülebilir Temalı Sermaye Piyasası Aracına İlişkin Bildirim Yurt Dışında Yeşil ve/veya Sürdürülebilir Tahvil ve/veya Finansman Bonosu Türünden Borçlanma Aracı İhracı,https://www.kap.org.tr/tr/Bildirim/1530759,tr,2025-12-29T18:02:20+00:00
2025-12-29,ISATR,KAP,TÜRKİYE İŞ BANKASI A.Ş. - İhraç Belgesi,İhraç Belgesi Yurt Dışında Yeşil ve/veya Sürdürülebilir Tahvil ve/veya Finansman Bonosu Türünden Borçlanma Aracı İhracı,https://www.kap.org.tr/tr/Bildirim/1530758,tr,2025-12-29T18:02:07+00:00
2025-12-29,ISATR,KAP,TÜRKİYE İŞ BANKASI A.Ş. - İhraç Belgesi,İhraç Belgesi Yurt Dışında Tahvil veya Bono İhracına İlişkin İhraç Belgesi,https://www.kap.org.tr/tr/Bildirim/1530757,tr,2025-12-29T18:01:51+00:00
2025-12-29,ISATR,KAP,TÜRKİYE İŞ BANKASI A.Ş. - İhraç Tavanına İlişkin Bildirim,İhraç Tavanına İlişkin Bildirim Yurtdışında Yeşil ve/veya Sürdürülebilir Tahvil veya Bono İhracına İlişkin SPK Onayı Hakkında,https://www.kap.org.tr/tr/Bildirim/1530755,tr,2025-12-29T18:01:32+00:00
2025-12-29,ISATR,KAP,TÜRKİYE İŞ BANKASI A.Ş. - İhraç Tavanına İlişkin Bildirim,İhraç Tavanına İlişkin Bildirim Yurtdışında Tahvil ve/veya Bono İhracına İlişkin SPK Onayı Hakkında,https://www.kap.org.tr/tr/Bildirim/1530754,tr,2025-12-29T18:01:06+00:00
2025-12-29,ISBTR,KAP,TÜRKİYE İŞ BANKASI A.Ş. - Yeşil veya Sürdürülebilir Temalı Sermaye Piyasası Aracına İlişkin Bildirim,Yeşil veya Sürdürülebilir Temalı Sermaye Piyasası Aracına İlişkin Bildirim Yurt Dışında Yeşil ve/veya Sürdürülebilir Tahvil ve/veya Finansman Bonosu Türünden Borçlanma Aracı İhracı,https://www.kap.org.tr/tr/Bildirim/1530759,tr,2025-12-29T18:02:20+00:00
2025-12-29,ISBTR,KAP,TÜRKİYE İŞ BANKASI A.Ş. - İhraç Belgesi,İhraç Belgesi Yurt Dışında Yeşil ve/veya Sürdürülebilir Tahvil ve/veya Finansman Bonosu Türünden Borçlanma Aracı İhracı,https://www.kap.org.tr/tr/Bildirim/1530758,tr,2025-12-29T18:02:07+00:00
2025-12-29,ISBTR,KAP,TÜRKİYE İŞ BANKASI A.Ş. - İhraç Belgesi,İhraç Belgesi Yurt Dışında Tahvil veya Bono İhracına İlişkin İhraç Belgesi,https://www.kap.org.tr/tr/Bildirim/1530757,tr,2025-12-29T18:01:51+00:00
2025-12-29,ISBTR,KAP,TÜRKİYE İŞ BANKASI A.Ş. - İhraç Tavanına İlişkin Bildirim,İhraç Tavanına İlişkin Bildirim Yurtdışında Yeşil ve/veya Sürdürülebilir Tahvil veya Bono İhracına İlişkin SPK Onayı Hakkında,https://www.kap.org.tr/tr/Bildirim/1530755,tr,2025-12-29T18:01:32+00:00
2025-12-29,ISBTR,KAP,TÜRKİYE İŞ BANKASI A.Ş. - İhraç Tavanına İlişkin Bildirim,İhraç Tavanına İlişkin Bildirim Yurtdışında Tahvil ve/veya Bono İhracına İlişkin SPK Onayı Hakkında,https://www.kap.org.tr/tr/Bildirim/1530754,tr,2025-12-29T18:01:06+00:00
2025-12-29,ISCTR,KAP,TÜRKİYE İŞ BANKASI A.Ş. - Yeşil veya Sürdürülebilir Temalı Sermaye Piyasası Aracına İlişkin Bildirim,Yeşil veya Sürdürülebilir Temalı Sermaye Piyasası Aracına İlişkin Bildirim Yurt Dışında Yeşil ve/veya Sürdürülebilir Tahvil ve/veya Finansman Bonosu Türünden Borçlanma Aracı İhracı,https://www.kap.org.tr/tr/Bildirim/1530759,tr,2025-12-29T18:02:20+00:00
2025-12-29,ISCTR,KAP,TÜRKİYE İŞ BANKASI A.Ş. - İhraç Belgesi,İhraç Belgesi Yurt Dışında Yeşil ve/veya Sürdürülebilir Tahvil ve/veya Finansman Bonosu Türünden Borçlanma Aracı İhracı,https://www.kap.org.tr/tr/Bildirim/1530758,tr,2025-12-29T18:02:07+00:00
2025-12-29,ISCTR,KAP,TÜRKİYE İŞ BANKASI A.Ş. - İhraç Belgesi,İhraç Belgesi Yurt Dışında Tahvil veya Bono İhracına İlişkin İhraç Belgesi,https://www.kap.org.tr/tr/Bildirim/1530757,tr,2025-12-29T18:01:51+00:00
2025-12-29,ISCTR,KAP,TÜRKİYE İŞ BANKASI A.Ş. - İhraç Tavanına İlişkin Bildirim,İhraç Tavanına İlişkin Bildirim Yurtdışında Yeşil ve/veya Sürdürülebilir Tahvil veya Bono İhracına İlişkin SPK Onayı Hakkında,https://www.kap.org.tr/tr/Bildirim/1530755,tr,2025-12-29T18:01:32+00:00
2025-12-29,ISCTR,KAP,TÜRKİYE İŞ BANKASI A.Ş. - İhraç Tavanına İlişkin Bildirim,İhraç Tavanına İlişkin Bildirim Yurtdışında Tahvil ve/veya Bono İhracına İlişkin SPK Onayı Hakkında,https://www.kap.org.tr/tr/Bildirim/1530754,tr,2025-12-29T18:01:06+00:00
2025-12-29,ISKUR,KAP,TÜRKİYE İŞ BANKASI A.Ş. - Yeşil veya Sürdürülebilir Temalı Sermaye Piyasası Aracına İlişkin Bildirim,Yeşil veya Sürdürülebilir Temalı Sermaye Piyasası Aracına İlişkin Bildirim Yurt Dışında Yeşil ve/veya Sürdürülebilir Tahvil ve/veya Finansman Bonosu Türünden Borçlanma Aracı İhracı,https://www.kap.org.tr/tr/Bildirim/1530759,tr,2025-12-29T18:02:20+00:00
2025-12-29,ISKUR,KAP,TÜRKİYE İŞ BANKASI A.Ş. - İhraç Belgesi,İhraç Belgesi Yurt Dışında Yeşil ve/veya Sürdürülebilir Tahvil ve/veya Finansman Bonosu Türünden Borçlanma Aracı İhracı,https://www.kap.org.tr/tr/Bildirim/1530758,tr,2025-12-29T18:02:07+00:00
2025-12-29,ISKUR,KAP,TÜRKİYE İŞ BANKASI A.Ş. - İhraç Belgesi,İhraç Belgesi Yurt Dışında Tahvil veya Bono İhracına İlişkin İhraç Belgesi,https://www.kap.org.tr/tr/Bildirim/1530757,tr,2025-12-29T18:01:51+00:00
2025-12-29,ISKUR,KAP,TÜRKİYE İŞ BANKASI A.Ş. - İhraç Tavanına İlişkin Bildirim,İhraç Tavanına İlişkin Bildirim Yurtdışında Yeşil ve/veya Sürdürülebilir Tahvil veya Bono İhracına İlişkin SPK Onayı Hakkında,https://www.kap.org.tr/tr/Bildirim/1530755,tr,2025-12-29T18:01:32+00:00
2025-12-29,ISKUR,KAP,TÜRKİYE İŞ BANKASI A.Ş. - İhraç Tavanına İlişkin Bildirim,İhraç Tavanına İlişkin Bildirim Yurtdışında Tahvil ve/veya Bono İhracına İlişkin SPK Onayı Hakkında,https://www.kap.org.tr/tr/Bildirim/1530754,tr,2025-12-29T18:01:06+00:00
2025-12-29,ISMEN,KAP,İŞ YATIRIM MENKUL DEĞERLER A.Ş. - Yatırım Kuruluşu Varant - Sertifika - Senetlerine İlişkin Bildirim,Yatırım Kuruluşu Varant - Sertifika - Senetlerine İlişkin Bildirim İş Yatırım Sertifika ve Varant Alım Satım İşlemleri,https://www.kap.org.tr/tr/Bildirim/1530677,tr,2025-12-29T16:21:27+00:00
2025-12-29,ISMEN,KAP,İŞ YATIRIM MENKUL DEĞERLER A.Ş. - Piyasa Yapıcılığı Kapsamında Gerçekleştirilen İşlemler Bildirimi,Piyasa Yapıcılığı Kapsamında Gerçekleştirilen İşlemler Bildirimi Borsa Yatırım Fonu Piyasa Yapıcılığı İşlemleri ISGLK,https://www.kap.org.tr/tr/Bildirim/1530675,tr,2025-12-29T16:20:38+00:00
2025-12-29,ISMEN,KAP,İŞ YATIRIM MENKUL DEĞERLER A.Ş. - Yatırım Kuruluşu Varant - Sertifika - Senetlerine İlişkin Bildirim,Yatırım Kuruluşu Varant - Sertifika - Senetlerine İlişkin Bildirim Yatırım Kuruluşu Varantları Sıralarının Kapatılması,https://www.kap.org.tr/tr/Bildirim/1530559,tr,2025-12-29T12:08:48+00:00
2025-12-29,ISTFK,KAP,İSTANBUL FAKTORİNG A.Ş. - Pay Dışında Sermaye Piyasası Aracı İşlemlerine İlişkin Bildirim (Faiz İçeren),Pay Dışında Sermaye Piyasası Aracı İşlemlerine İlişkin Bildirim (Faiz İçeren) TRFIFASA2523 ISIN kodlu finansman bonosunun 2. kupon ödemesi ve itfası,https://www.kap.org.tr/tr/Bildirim/1530520,tr,2025-12-29T11:06:45+00:00
2025-12-29,ISYAT,KAP,İŞ YATIRIM ORTAKLIĞI A.Ş. - Haftalık Rapor,Haftalık Rapor 26.12.2025 Tarihli Haftalık Rapor,https://www.kap.org.tr/tr/Bildirim/1530696,tr,2025-12-29T16:52:01+00:00
2025-12-29,IYF,KAP,İNFO YATIRIM MENKUL DEĞERLER A.Ş. - Likidite Sağlayıcılık Kapsamındaki İşlemler,Likidite Sağlayıcılık Kapsamındaki İşlemler TATEN Paylarında Likidite Sağlayıcılık Faaliyetleri Kapsamında Gerçekleştirilen İşlemler TATEN,https://www.kap.org.tr/tr/Bildirim/1530777,tr,2025-12-29T18:15:53+00:00
2025-12-29,IYF,KAP,İNFO YATIRIM MENKUL DEĞERLER A.Ş. - Yatırım Kuruluşu Varant - Sertifika - Senetlerine İlişkin Bildirim,Yatırım Kuruluşu Varant - Sertifika - Senetlerine İlişkin Bildirim Yatırım Kuruluşu Varantları Sıralarının Kapatılması,https://www.kap.org.tr/tr/Bildirim/1530746,tr,2025-12-29T17:52:22+00:00
2025-12-29,IYF,KAP,İNFO YATIRIM MENKUL DEĞERLER A.Ş. - Toptan Alış Satış İşlemi Bildirimi,Toptan Alış Satış İşlemi Bildirimi Tatlıpınar Enerji Üretim A.Ş. Toptan Alış Satış İşlem Bildirimi TATEN,https://www.kap.org.tr/tr/Bildirim/1530688,tr,2025-12-29T16:36:26+00:00
2025-12-29,IYM,KAP,İŞ YATIRIM MENKUL DEĞERLER A.Ş. - Yatırım Kuruluşu Varant - Sertifika - Senetlerine İlişkin Bildirim,Yatırım Kuruluşu Varant - Sertifika - Senetlerine İlişkin Bildirim İş Yatırım Sertifika ve Varant Alım Satım İşlemleri,https://www.kap.org.tr/tr/Bildirim/1530677,tr,2025-12-29T16:21:27+00:00
2025-12-29,IYM,KAP,İŞ YATIRIM MENKUL DEĞERLER A.Ş. - Piyasa Yapıcılığı Kapsamında Gerçekleştirilen İşlemler Bildirimi,Piyasa Yapıcılığı Kapsamında Gerçekleştirilen İşlemler Bildirimi Borsa Yatırım Fonu Piyasa Yapıcılığı İşlemleri ISGLK,https://www.kap.org.tr/tr/Bildirim/1530675,tr,2025-12-29T16:20:38+00:00
2025-12-29,IYM,KAP,İŞ YATIRIM MENKUL DEĞERLER A.Ş. - Yatırım Kuruluşu Varant - Sertifika - Senetlerine İlişkin Bildirim,Yatırım Kuruluşu Varant - Sertifika - Senetlerine İlişkin Bildirim Yatırım Kuruluşu Varantları Sıralarının Kapatılması,https://www.kap.org.tr/tr/Bildirim/1530559,tr,2025-12-29T12:08:48+00:00
2025-12-29,KAPLM,KAP,KAPLAMİN AMBALAJ SANAYİ VE TİCARET A.Ş. - Özel Durum Açıklaması (Genel),Özel Durum Açıklaması (Genel) Sürdürülebilirlik Komiye Üyeleri hk.,https://www.kap.org.tr/tr/Bildirim/1530845,tr,2025-12-29T22:12:36+00:00
2025-12-29,KAPLM,KAP,KAPLAMİN AMBALAJ SANAYİ VE TİCARET A.Ş. - Özel Durum Açıklaması (Genel),Özel Durum Açıklaması (Genel) Sürdürülebilirlik Komite Yapısı ve Çalışma Esaslarının Revizesi,https://www.kap.org.tr/tr/Bildirim/1530844,tr,2025-12-29T22:11:30+00:00
2025-12-29,KCAER,KAP,KOCAER ÇELİK SANAYİ VE TİCARET A.Ş. - Özel Durum Açıklaması (Genel),Özel Durum Açıklaması (Genel) 2025 CDP Çevresel Değerlendirme Beyan Skoru Hakkında.,https://www.kap.org.tr/tr/Bildirim/1530756,tr,2025-12-29T18:01:36+00:00
2025-12-29,KFEIN,KAP,KAFEİN YAZILIM HİZMETLERİ TİCARET A.Ş. - Özel Durum Açıklaması (Genel),Özel Durum Açıklaması (Genel) Yazılım Lisans Yenileme Hizmetine İlişkin Sipariş Formu Alınması,https://www.kap.org.tr/tr/Bildirim/1530823,tr,2025-12-29T19:10:32+00:00
2025-12-29,KLVKS,KAP,KALKINMA YATIRIM VARLIK KİRALAMA A.Ş. - Pay Dışında Sermaye Piyasası Aracı İşlemlerine İlişkin Bildirim (Faizsiz),"Pay Dışında Sermaye Piyasası Aracı İşlemlerine İlişkin Bildirim (Faizsiz) Yurt İçi Kira Sertifikası İhracının Nitelikli Yatırımcıya Satışının Tamamlanması Hk. VAKFN, VKY",https://www.kap.org.tr/tr/Bildirim/1530504,tr,2025-12-29T10:41:20+00:00
2025-12-29,KLVKS,KAP,KALKINMA YATIRIM VARLIK KİRALAMA A.Ş. - İhraç Tavanına İlişkin Bildirim,İhraç Tavanına İlişkin Bildirim İhraç Tavanı Onay Tarihi Düzeltme Bildirimi,https://www.kap.org.tr/tr/Bildirim/1530499,tr,2025-12-29T10:23:28+00:00
2025-12-29,KMPUR,KAP,KİMTEKS POLİÜRETAN SANAYİ VE TİCARET A.Ş. - Kredi Derecelendirmesi,Kredi Derecelendirmesi Kredi Derecelendirme Notu,https://www.kap.org.tr/tr/Bildirim/1530811,tr,2025-12-29T18:50:13+00:00
2025-12-29,KOCMT,KAP,KOÇ METALURJİ A.Ş. - Faaliyetlerin Kısmen veya Tamamen Durdurulması ya da İmkansız Hale Gelmesi,Faaliyetlerin Kısmen veya Tamamen Durdurulması ya da İmkansız Hale Gelmesi Osmaniye Üretim Tesisinde Üretim Faaliyetlerine Geçici Olarak Ara Verilmesi hk.,https://www.kap.org.tr/tr/Bildirim/1530447,tr,2025-12-29T08:20:02+00:00
2025-12-29,KORTS,KAP,KORTEKS MENSUCAT SANAYİ VE TİCARET A.Ş. - Pay Dışında Sermaye Piyasası Aracı İşlemlerine İlişkin Bildirim (Faiz İçeren),Pay Dışında Sermaye Piyasası Aracı İşlemlerine İlişkin Bildirim (Faiz İçeren) TRSKORT72614 ISIN kodlu Korteks ihracının 3. kupon dönemine ilişkin faiz oranı açıklaması,https://www.kap.org.tr/tr/Bildirim/1530657,tr,2025-12-29T16:15:10+00:00
2025-12-29,KTSVK,KAP,KT SUKUK VARLIK KİRALAMA A.Ş. - Pay Dışında Sermaye Piyasası Aracı İşlemlerine İlişkin Bildirim (Faizsiz),Pay Dışında Sermaye Piyasası Aracı İşlemlerine İlişkin Bildirim (Faizsiz) TRDKTSKA25A6 ISIN Kodlu Kira Sertifikası Kupon ve Anapara Ödeme İşlemi Hk.,https://www.kap.org.tr/tr/Bildirim/1530793,tr,2025-12-29T18:29:30+00:00
2025-12-29,KTSVK,KAP,KT SUKUK VARLIK KİRALAMA A.Ş. - Pay Dışında Sermaye Piyasası Aracı İşlemlerine İlişkin Bildirim (Faizsiz),Pay Dışında Sermaye Piyasası Aracı İşlemlerine İlişkin Bildirim (Faizsiz) TRDKTSK32699 ISIN Kodlu Yurtiçi Kira Sertifikası İhracının Nitelikli Yatırımcıya Satışının Tamamlanması Hk. ALVES,https://www.kap.org.tr/tr/Bildirim/1530792,tr,2025-12-29T18:26:27+00:00
2025-12-29,KTSVK,KAP,KT SUKUK VARLIK KİRALAMA A.Ş. - İhraç Tavanına İlişkin Bildirim,İhraç Tavanına İlişkin Bildirim Dinçer Lojistik A.Ş. Kira Sertifikası İhraç Tavanına İlişkin SPK Onayı DINCR,https://www.kap.org.tr/tr/Bildirim/1530627,tr,2025-12-29T15:30:35+00:00
2025-12-29,KTSVK,KAP,KT SUKUK VARLIK KİRALAMA A.Ş. - İhraç Belgesi,İhraç Belgesi Dinçer Lojistik A.Ş. Kira Sertifikası İhraç Tavanına İlişkin SPK Onayı DINCR,https://www.kap.org.tr/tr/Bildirim/1530626,tr,2025-12-29T15:30:12+00:00
2025-12-29,KTSVK,KAP,KT SUKUK VARLIK KİRALAMA A.Ş. - Pay Dışında Sermaye Piyasası Aracı İşlemlerine İlişkin Bildirim (Faizsiz),Pay Dışında Sermaye Piyasası Aracı İşlemlerine İlişkin Bildirim (Faizsiz) TRDKTSK52663 ISIN Kodlu Yurtiçi Kira Sertifikası İhracının Nitelikli Yatırımcıya Satışının Tamamlanması,https://www.kap.org.tr/tr/Bildirim/1530565,tr,2025-12-29T12:21:37+00:00
2025-12-29,KTSVK,KAP,KT SUKUK VARLIK KİRALAMA A.Ş. - Pay Dışında Sermaye Piyasası Aracı İşlemlerine İlişkin Bildirim (Faizsiz),Pay Dışında Sermaye Piyasası Aracı İşlemlerine İlişkin Bildirim (Faizsiz) TRDKTSKA25A6 ISIN Kodlu Kira Sertifikası Kupon ve Anapara Ödeme İşlemi Hk.,https://www.kap.org.tr/tr/Bildirim/1530553,tr,2025-12-29T11:59:07+00:00
2025-12-29,KTSVK,KAP,KT SUKUK VARLIK KİRALAMA A.Ş. - Pay Dışında Sermaye Piyasası Aracı İşlemlerine İlişkin Bildirim (Faizsiz),Pay Dışında Sermaye Piyasası Aracı İşlemlerine İlişkin Bildirim (Faizsiz) TRDKTSK52655 ISIN Kodlu Yurtiçi Kira Sertifikası İhracının Nitelikli Yatırımcıya Satışının Tamamlanması,https://www.kap.org.tr/tr/Bildirim/1530500,tr,2025-12-29T10:24:54+00:00
2025-12-29,KTSVK,KAP,KT SUKUK VARLIK KİRALAMA A.Ş. - Pay Dışında Sermaye Piyasası Aracı İşlemlerine İlişkin Bildirim (Faizsiz),Pay Dışında Sermaye Piyasası Aracı İşlemlerine İlişkin Bildirim (Faizsiz) TRDKTSK32699 ISIN Kodlu Yurtiçi Kira Sertifikası İhracının Nitelikli Yatırımcıya Satışının Tamamlanması Hk. ALVES,https://www.kap.org.tr/tr/Bildirim/1530472,tr,2025-12-29T09:29:20+00:00
2025-12-29,KZBGY,KAP,KIZILBÜK GAYRİMENKUL YATIRIM ORTAKLIĞI A.Ş. - Özel Durum Açıklaması (Genel),Özel Durum Açıklaması (Genel) Muğla 2. İdare Mahkemesi E:2024/1391 (Yapı Ruhsatları İptali Şirketimiz Lehine Yürütme Durdurulması Kararı Hk.),https://www.kap.org.tr/tr/Bildirim/1530480,tr,2025-12-29T10:02:45+00:00
2025-12-29,KZGYO,KAP,KUZUGRUP GAYRİMENKUL YATIRIM ORTAKLIĞI A.Ş. - Özel Durum Açıklaması (Genel),Özel Durum Açıklaması (Genel) Pay devralınması hakkında,https://www.kap.org.tr/tr/Bildirim/1530820,tr,2025-12-29T18:57:55+00:00
2025-12-29,LIDER,KAP,LDR TURİZM A.Ş. - Payların Geri Alınmasına İlişkin Bildirim,Payların Geri Alınmasına İlişkin Bildirim Payların Geri Alınmasına İlişkin Bildirim,https://www.kap.org.tr/tr/Bildirim/1530830,tr,2025-12-29T20:02:42+00:00
2025-12-29,LKMNH,KAP,LOKMAN HEKİM ENGÜRÜSAĞ SAĞLIK TURİZM EĞİTİM HİZMETLERİ VE İNŞAAT TAAHHÜT A.Ş. - Payların Geri Alınmasına İlişkin Bildirim,Payların Geri Alınmasına İlişkin Bildirim Hisse Geri Alımı,https://www.kap.org.tr/tr/Bildirim/1530818,tr,2025-12-29T18:56:52+00:00
2025-12-29,LYDHO,KAP,LYDİA HOLDİNG A.Ş. - Ayrılma Hakkı Kullanımına İlişkin Bildirim,Ayrılma Hakkı Kullanımına İlişkin Bildirim Ayrılma Hakkı Kullanımı Hakkında,https://www.kap.org.tr/tr/Bildirim/1530667,tr,2025-12-29T16:16:48+00:00
2025-12-29,LYDHO,KAP,LYDİA HOLDİNG A.Ş. - Genel Kurul İşlemlerine İlişkin Bildirim,Genel Kurul İşlemlerine İlişkin Bildirim Genel Kurul Toplantı Sonucu,https://www.kap.org.tr/tr/Bildirim/1530653,tr,2025-12-29T16:03:29+00:00
2025-12-29,MARKA,KAP,MARKA YATIRIM HOLDİNG A.Ş. - Özel Durum Açıklaması (Genel),Özel Durum Açıklaması (Genel) Özel Durum Açıklaması Hakkında,https://www.kap.org.tr/tr/Bildirim/1530569,tr,2025-12-29T12:47:52+00:00
2025-12-29,MERCN,KAP,MERCAN KİMYA SANAYİ VE TİCARET A.Ş. - Payların Geri Alınmasına İlişkin Bildirim,Payların Geri Alınmasına İlişkin Bildirim 29.12.2025 Tarihli Pay Geri Alım İşlemleri,https://www.kap.org.tr/tr/Bildirim/1530789,tr,2025-12-29T18:22:05+00:00
2025-12-29,MERKO,KAP,MERKO GIDA SANAYİ VE TİCARET A.Ş. - Özel Durum Açıklaması (Genel),Özel Durum Açıklaması (Genel) Bilgi Güvenliği Politikası Hakkında,https://www.kap.org.tr/tr/Bildirim/1530689,tr,2025-12-29T16:37:27+00:00
2025-12-29,MNDRS,KAP,MENDERES TEKSTİL SANAYİ VE TİCARET A.Ş. - Kredi Derecelendirmesi,Kredi Derecelendirmesi Kredi Derecelendirme Notu Hk.,https://www.kap.org.tr/tr/Bildirim/1530821,tr,2025-12-29T19:00:21+00:00
2025-12-29,MPARK,KAP,MLP SAĞLIK HİZMETLERİ A.Ş. - Pay Dışında Sermaye Piyasası Aracı İşlemlerine İlişkin Bildirim (Faiz İçeren),Pay Dışında Sermaye Piyasası Aracı İşlemlerine İlişkin Bildirim (Faiz İçeren) TRSMLPC62716 ISIN Kodlu Tahvilin 2. Kupon Dönemine İlişkin Faiz Ödemesi Hakkında,https://www.kap.org.tr/tr/Bildirim/1530534,tr,2025-12-29T11:20:24+00:00
2025-12-29,MPARK,KAP,MLP SAĞLIK HİZMETLERİ A.Ş. - Pay Dışında Sermaye Piyasası Aracı İşlemlerine İlişkin Bildirim (Faiz İçeren),Pay Dışında Sermaye Piyasası Aracı İşlemlerine İlişkin Bildirim (Faiz İçeren) TRSMLPC62724 ISIN Kodlu Yeşil Tahvilin 2. Kupon Dönemine İlişkin Faiz Ödemesi Hakkında,https://www.kap.org.tr/tr/Bildirim/1530533,tr,2025-12-29T11:20:13+00:00
2025-12-29,MRMAG,KAP,MARKA MAĞAZACILIK A.Ş. - Pay Dışında Sermaye Piyasası Aracı İşlemlerine İlişkin Bildirim (Faiz İçeren),Pay Dışında Sermaye Piyasası Aracı İşlemlerine İlişkin Bildirim (Faiz İçeren) TRFMRKA62616 ISIN kodlu ihracın 2.kupon faiz ödemesinin gerçekleştirilmesi,https://www.kap.org.tr/tr/Bildirim/1530719,tr,2025-12-29T17:13:52+00:00
2025-12-29,MRMAG,KAP,MARKA MAĞAZACILIK A.Ş. - Pay Dışında Sermaye Piyasası Aracı İşlemlerine İlişkin Bildirim (Faiz İçeren),Pay Dışında Sermaye Piyasası Aracı İşlemlerine İlişkin Bildirim (Faiz İçeren) TRFMRKA62616 ISIN kodlu ihracın 2.kupon faiz oranının belirlenmesi,https://www.kap.org.tr/tr/Bildirim/1530585,tr,2025-12-29T14:19:16+00:00
2025-12-29,MSY,KAP,MİSYON YATIRIM BANKASI A.Ş. - İhraç Tavanına İlişkin Bildirim,İhraç Tavanına İlişkin Bildirim Borçlanma Aracı İhraç Tavanı SPK Başvurusu,https://www.kap.org.tr/tr/Bildirim/1530834,tr,2025-12-29T21:36:32+00:00
2025-12-29,MSYBN,KAP,MİSYON YATIRIM BANKASI A.Ş. - İhraç Tavanına İlişkin Bildirim,İhraç Tavanına İlişkin Bildirim Borçlanma Aracı İhraç Tavanı SPK Başvurusu,https://www.kap.org.tr/tr/Bildirim/1530834,tr,2025-12-29T21:36:32+00:00
2025-12-29,MTRYO,KAP,METRO YATIRIM ORTAKLIĞI A.Ş. - Haftalık Rapor,Haftalık Rapor Haftalık Rapor,https://www.kap.org.tr/tr/Bildirim/1530536,tr,2025-12-29T11:27:40+00:00
2025-12-29,NRBNK,KAP,NUROL YATIRIM BANKASI A.Ş. - İhraç Tavanına İlişkin Bildirim,İhraç Tavanına İlişkin Bildirim Yurt Dışında Borçlanma Aracı İhracına İlişkin Yönetim Kurulu Kararı Alınması,https://www.kap.org.tr/tr/Bildirim/1530669,tr,2025-12-29T16:17:33+00:00
2025-12-29,NTHOL,KAP,NET HOLDİNG A.Ş. - Payların Geri Alınmasına İlişkin Bildirim,Payların Geri Alınmasına İlişkin Bildirim Şirketimizin kendi paylarının geri alımı hakkında,https://www.kap.org.tr/tr/Bildirim/1530771,tr,2025-12-29T18:12:45+00:00
2025-12-29,NURVK,KAP,NUROL VARLIK KİRALAMA A.Ş. - İhraç Belgesi,İhraç Belgesi Kira Sertifikası İhraç Belgesi Onayı HSTAS,https://www.kap.org.tr/tr/Bildirim/1530599,tr,2025-12-29T14:50:35+00:00
2025-12-29,NURVK,KAP,NUROL VARLIK KİRALAMA A.Ş. - İhraç Tavanına İlişkin Bildirim,İhraç Tavanına İlişkin Bildirim Kira Sertifikası İhraç Belgesi Onayı HSTAS,https://www.kap.org.tr/tr/Bildirim/1530597,tr,2025-12-29T14:50:27+00:00
2025-12-29,NURVK,KAP,NUROL VARLIK KİRALAMA A.Ş. - İhraç Belgesi,İhraç Belgesi Kira Sertifikası İhraç Belgesi Onayı NRBNK,https://www.kap.org.tr/tr/Bildirim/1530579,tr,2025-12-29T13:48:41+00:00
2025-12-29,NURVK,KAP,NUROL VARLIK KİRALAMA A.Ş. - İhraç Tavanına İlişkin Bildirim,İhraç Tavanına İlişkin Bildirim Kira Sertifikası İhraç Belgesi Onayı NRBNK,https://www.kap.org.tr/tr/Bildirim/1530578,tr,2025-12-29T13:48:35+00:00
2025-12-29,NYB,KAP,NUROL YATIRIM BANKASI A.Ş. - İhraç Tavanına İlişkin Bildirim,İhraç Tavanına İlişkin Bildirim Yurt Dışında Borçlanma Aracı İhracına İlişkin Yönetim Kurulu Kararı Alınması,https://www.kap.org.tr/tr/Bildirim/1530669,tr,2025-12-29T16:17:33+00:00
2025-12-29,ODINE,KAP,ODİNE SOLUTİONS TEKNOLOJİ TİCARET VE SANAYİ A.Ş. - Özel Durum Açıklaması (Genel),Özel Durum Açıklaması (Genel) 1773 İTÜ Teknopark Teknoloji Transfer Ofisi ile Yüksek Teknoloji Odaklı İş Birliği Yapılması Hakkında,https://www.kap.org.tr/tr/Bildirim/1530453,tr,2025-12-29T08:46:13+00:00
2025-12-29,OFSYM,KAP,OFİS YEM GIDA SANAYİ TİCARET A.Ş. - Payların Geri Alınmasına İlişkin Bildirim,Payların Geri Alınmasına İlişkin Bildirim 29.12.2025 tarihli pay geri alım işlemleri,https://www.kap.org.tr/tr/Bildirim/1530778,tr,2025-12-29T18:17:49+00:00
2025-12-29,OFSYM,KAP,OFİS YEM GIDA SANAYİ TİCARET A.Ş. - Özel Durum Açıklaması (Genel),Özel Durum Açıklaması (Genel) İnşaat Ruhsatı Alınması,https://www.kap.org.tr/tr/Bildirim/1530610,tr,2025-12-29T15:06:04+00:00
2025-12-29,ONCSM,KAP,ONCOSEM ONKOLOJİK SİSTEMLER SANAYİ VE TİCARET A.Ş. - Özel Durum Açıklaması (Genel),Özel Durum Açıklaması (Genel) İngiltere Sağlık Bakanlığı'na ikinci Sevkiyatın Gerçekleşmesi Hk.,https://www.kap.org.tr/tr/Bildirim/1530512,tr,2025-12-29T10:54:38+00:00
2025-12-29,OPET,KAP,OPET PETROLCÜLÜK A.Ş. - Kredi Derecelendirmesi,Kredi Derecelendirmesi JCR-ER Kredi Derecelendirme Notu,https://www.kap.org.tr/tr/Bildirim/1530673,tr,2025-12-29T16:19:44+00:00
2025-12-29,OYA,KAP,OYAK YATIRIM MENKUL DEĞERLER A.Ş. - Piyasa Yapıcılığı Kapsamında Gerçekleştirilen İşlemler Bildirimi,Piyasa Yapıcılığı Kapsamında Gerçekleştirilen İşlemler Bildirimi 29/12/2025 TARİHLİ OYAYO PİYASA YAPICILIĞI İŞLEMLERİ OYAYO,https://www.kap.org.tr/tr/Bildirim/1530802,tr,2025-12-29T18:33:58+00:00
2025-12-29,OYAYO,KAP,OYAK YATIRIM ORTAKLIĞI A.Ş. - Özel Durum Açıklaması (Genel),"Özel Durum Açıklaması (Genel) Ortaklık paylarının BİAŞ'ta oluşan ağırlıklı ortalama fiyatının, pay başına net aktif değerinin 2 katını aşması hakkında",https://www.kap.org.tr/tr/Bildirim/1530509,tr,2025-12-29T10:52:37+00:00
2025-12-29,OYAYO,KAP,OYAK YATIRIM ORTAKLIĞI A.Ş. - Haftalık Rapor,Haftalık Rapor 26.12.2025 Tarihli Haftalık Rapor,https://www.kap.org.tr/tr/Bildirim/1530508,tr,2025-12-29T10:51:52+00:00
2025-12-29,OYYAT,KAP,OYAK YATIRIM MENKUL DEĞERLER A.Ş. - Piyasa Yapıcılığı Kapsamında Gerçekleştirilen İşlemler Bildirimi,Piyasa Yapıcılığı Kapsamında Gerçekleştirilen İşlemler Bildirimi 29/12/2025 TARİHLİ OYAYO PİYASA YAPICILIĞI İŞLEMLERİ OYAYO,https://www.kap.org.tr/tr/Bildirim/1530802,tr,2025-12-29T18:33:58+00:00
2025-12-29,PETUN,KAP,PINAR ENTEGRE ET VE UN SANAYİİ A.Ş. - Özel Durum Açıklaması (Genel),Özel Durum Açıklaması (Genel) Turgutlu Unlu Mamüller Yatırımı Hakkında,https://www.kap.org.tr/tr/Bildirim/1530683,tr,2025-12-29T16:29:29+00:00
2025-12-29,PETUN,KAP,PINAR ENTEGRE ET VE UN SANAYİİ A.Ş. - Pay Dışında Sermaye Piyasası Aracı İşlemlerine İlişkin Bildirim (Faiz İçeren),Pay Dışında Sermaye Piyasası Aracı İşlemlerine İlişkin Bildirim (Faiz İçeren) TRFPTUN62617 ISIN Kodlu Finansman Bonosunun Kupon Ödemesi,https://www.kap.org.tr/tr/Bildirim/1530652,tr,2025-12-29T16:03:28+00:00
2025-12-29,PLTUR,KAP,PLATFORM TURİZM TAŞIMACILIK GIDA İNŞAAT TEMİZLİK HİZMETLERİ SANAYİ VE TİCARET A.Ş. - Yeni İş İlişkisi,Yeni İş İlişkisi Yeni İş İlişkisi Hk.,https://www.kap.org.tr/tr/Bildirim/1530809,tr,2025-12-29T18:48:57+00:00
2025-12-29,PSDTC,KAP,PERGAMON STATUS DIŞ TİCARET A.Ş. - Esas Sözleşme Tadili,"Esas Sözleşme Tadili Şirketimiz Esas Sözleşmesi ""Sermaye ve Payların Nev'i ve Devri"" başlıklı 6 ıncı maddesinin tadili hk.",https://www.kap.org.tr/tr/Bildirim/1530582,tr,2025-12-29T14:03:31+00:00
2025-12-29,PSDTC,KAP,PERGAMON STATUS DIŞ TİCARET A.Ş. - Kayıtlı Sermaye Tavanı İşlemlerine İlişkin Bildirim,Kayıtlı Sermaye Tavanı İşlemlerine İlişkin Bildirim Kayıtlı Sermaye Tavan Artırımı ve Süre Uzatımı Hakkında,https://www.kap.org.tr/tr/Bildirim/1530581,tr,2025-12-29T14:03:12+00:00
2025-12-29,QNBFK,KAP,QNB FİNANSAL KİRALAMA A.Ş. - İhraç Tavanına İlişkin Bildirim,İhraç Tavanına İlişkin Bildirim Borçlanma aracı ihracına ilişkin Sermaye Piyasası Kurulu'na başvuru hk.,https://www.kap.org.tr/tr/Bildirim/1530475,tr,2025-12-29T09:52:31+00:00
2025-12-29,QNBTR,KAP,QNB BANK A.Ş. - Pay Dışında Sermaye Piyasası Aracı İşlemlerine İlişkin Bildirim (Faiz İçeren),Pay Dışında Sermaye Piyasası Aracı İşlemlerine İlişkin Bildirim (Faiz İçeren) MTN programı kapsamında yurtdışında ihraç edilen borçlanma aracının itfası,https://www.kap.org.tr/tr/Bildirim/1530473,tr,2025-12-29T09:29:21+00:00
2025-12-29,RALYH,KAP,RAL YATIRIM HOLDİNG A.Ş. - Özel Durum Açıklaması (Genel),Özel Durum Açıklaması (Genel) Bilgi Sistemleri Yönetim Politikası Hakkında,https://www.kap.org.tr/tr/Bildirim/1530787,tr,2025-12-29T18:20:19+00:00
2025-12-29,SEYKM,KAP,SEYİTLER KİMYA SANAYİ A.Ş. - Ortaklık Aleyhine Dava Açılması veya Davaya İlişkin Gelişmeler,Ortaklık Aleyhine Dava Açılması veya Davaya İlişkin Gelişmeler Tazminat Davası Hk.,https://www.kap.org.tr/tr/Bildirim/1530450,tr,2025-12-29T08:37:28+00:00
2025-12-29,SISE,KAP,TÜRKİYE ŞİŞE VE CAM FABRİKALARI A.Ş. - Şirket Genel Bilgi Formu,Şirket Genel Bilgi Formu,https://www.kap.org.tr/tr/Bildirim/1530474,tr,2025-12-29T09:35:20+00:00
2025-12-29,SMRFA,KAP,SÜMER FAKTORİNG A.Ş. - Pay Dışında Sermaye Piyasası Aracı İşlemlerine İlişkin Bildirim (Faiz İçeren),Pay Dışında Sermaye Piyasası Aracı İşlemlerine İlişkin Bildirim (Faiz İçeren) TRFSUMF92619 ISIN Kodlu Finansman Bonosunun 1.Kupon Ödemesinin Yapılması Hakkında,https://www.kap.org.tr/tr/Bildirim/1530517,tr,2025-12-29T11:05:45+00:00
2025-12-29,SMRTG,KAP,SMART GÜNEŞ ENERJİSİ TEKNOLOJİLERİ ARAŞTIRMA GELİŞTİRME ÜRETİM SANAYİ VE TİCARET A.Ş. - Yeni İş İlişkisi,Yeni İş İlişkisi Yeni iş ilişkisi,https://www.kap.org.tr/tr/Bildirim/1530620,tr,2025-12-29T15:23:27+00:00
2025-12-29,SMRVA,KAP,SÜMER VARLIK YÖNETİM A.Ş. - Özel Durum Açıklaması (Genel),Özel Durum Açıklaması (Genel) Tahsili Gecikmiş Alacak Portföyü Alımı-İhaleye Konu Alacakların Devrine Yönelik Sözleşmenin İmza Sürecinin Tamamlanması AKBNK,https://www.kap.org.tr/tr/Bildirim/1530762,tr,2025-12-29T18:05:35+00:00
2025-12-29,SMRVA,KAP,SÜMER VARLIK YÖNETİM A.Ş. - Genel Kurul İşlemlerine İlişkin Bildirim,Genel Kurul İşlemlerine İlişkin Bildirim Genel Kurul Kararlarının Tescil ve İlanı Hakkında,https://www.kap.org.tr/tr/Bildirim/1530761,tr,2025-12-29T18:05:21+00:00
2025-12-29,TAC,KAP,TACİRLER YATIRIM MENKUL DEĞERLER A.Ş. - Toptan Alış Satış İşlemi Bildirimi,Toptan Alış Satış İşlemi Bildirimi Cosmos Yatırım Holding A.Ş. Toptan Alış Satış İşlem Bildirimi COSMO,https://www.kap.org.tr/tr/Bildirim/1530539,tr,2025-12-29T11:39:20+00:00
2025-12-29,TBORG,KAP,TÜRK TUBORG BİRA VE MALT SANAYİİ A.Ş. - Özel Durum Açıklaması (Genel),Özel Durum Açıklaması (Genel) Sürdürülebilirlik Komitesi oluşturulması,https://www.kap.org.tr/tr/Bildirim/1530819,tr,2025-12-29T18:57:06+00:00
2025-12-29,TCRYT,KAP,TACİRLER YATIRIM MENKUL DEĞERLER A.Ş. - Toptan Alış Satış İşlemi Bildirimi,Toptan Alış Satış İşlemi Bildirimi Cosmos Yatırım Holding A.Ş. Toptan Alış Satış İşlem Bildirimi COSMO,https://www.kap.org.tr/tr/Bildirim/1530539,tr,2025-12-29T11:39:20+00:00
2025-12-29,TGB,KAP,TÜRKİYE GARANTİ BANKASI A.Ş. - Pay Dışında Sermaye Piyasası Aracı İşlemlerine İlişkin Bildirim (Faiz İçeren),Pay Dışında Sermaye Piyasası Aracı İşlemlerine İlişkin Bildirim (Faiz İçeren) Yurtdışı Piyasalara Tahvil İhracı SPK Onayı,https://www.kap.org.tr/tr/Bildirim/1530775,tr,2025-12-29T18:14:48+00:00
2025-12-29,TGB,KAP,TÜRKİYE GARANTİ BANKASI A.Ş. - Pay Dışında Sermaye Piyasası Aracı İşlemlerine İlişkin Bildirim (Faiz İçeren),Pay Dışında Sermaye Piyasası Aracı İşlemlerine İlişkin Bildirim (Faiz İçeren) Yurtdışı Piyasalara Tahvil İhracı SPK Onayı,https://www.kap.org.tr/tr/Bildirim/1530770,tr,2025-12-29T18:12:24+00:00
2025-12-29,TGB,KAP,TÜRKİYE GARANTİ BANKASI A.Ş. - Pay Dışında Sermaye Piyasası Aracı İşlemlerine İlişkin Bildirim (Faiz İçeren),Pay Dışında Sermaye Piyasası Aracı İşlemlerine İlişkin Bildirim (Faiz İçeren) Yurtdışı Piyasalara Tahvil İhracı SPK Onayı,https://www.kap.org.tr/tr/Bildirim/1530769,tr,2025-12-29T18:12:09+00:00
2025-12-29,TGB,KAP,TÜRKİYE GARANTİ BANKASI A.Ş. - Pay Dışında Sermaye Piyasası Aracı İşlemlerine İlişkin Bildirim (Faiz İçeren),Pay Dışında Sermaye Piyasası Aracı İşlemlerine İlişkin Bildirim (Faiz İçeren) Yurtdışı Piyasalara Tahvil İhracı SPK Onayı,https://www.kap.org.tr/tr/Bildirim/1530767,tr,2025-12-29T18:11:52+00:00
2025-12-29,TGB,KAP,TÜRKİYE GARANTİ BANKASI A.Ş. - Şirket Genel Bilgi Formu,Şirket Genel Bilgi Formu,https://www.kap.org.tr/tr/Bildirim/1530493,tr,2025-12-29T10:14:29+00:00
2025-12-29,THL,KAP,TÜRKİYE HALK BANKASI A.Ş. - Pay Dışında Sermaye Piyasası Aracı İşlemlerine İlişkin Bildirim (Faiz İçeren),Pay Dışında Sermaye Piyasası Aracı İşlemlerine İlişkin Bildirim (Faiz İçeren) Yurtiçinde Nitelikli Yatırımcılara Sermaye Benzeri Tahvil Kupon Oranı,https://www.kap.org.tr/tr/Bildirim/1530807,tr,2025-12-29T18:45:17+00:00
2025-12-29,THR,KAP,TÜRKİYE İHRACAT KREDİ BANKASI A.Ş. - Pay Dışında Sermaye Piyasası Aracı İşlemlerine İlişkin Bildirim (Faiz İçeren),Pay Dışında Sermaye Piyasası Aracı İşlemlerine İlişkin Bildirim (Faiz İçeren) XS3036672023 ISIN Kodlu Finansman Bonosunun İtfası Hk,https://www.kap.org.tr/tr/Bildirim/1530590,tr,2025-12-29T14:33:57+00:00
2025-12-29,THYAO,KAP,TÜRK HAVA YOLLARI A.O. - Haber ve Söylentilere İlişkin Açıklama,Haber ve Söylentilere İlişkin Açıklama Haber ve Söylentilere İlişkin Açıklama,https://www.kap.org.tr/tr/Bildirim/1530826,tr,2025-12-29T19:21:18+00:00
2025-12-29,THYAO,KAP,TÜRK HAVA YOLLARI A.O. - Payların Geri Alınmasına İlişkin Bildirim,Payların Geri Alınmasına İlişkin Bildirim 29.12.2025 Tarihli Hisse Geri Alım İşlemleri Hakkında Bildirim,https://www.kap.org.tr/tr/Bildirim/1530656,tr,2025-12-29T16:11:36+00:00
2025-12-29,TIB,KAP,TÜRKİYE İŞ BANKASI A.Ş. - Yeşil veya Sürdürülebilir Temalı Sermaye Piyasası Aracına İlişkin Bildirim,Yeşil veya Sürdürülebilir Temalı Sermaye Piyasası Aracına İlişkin Bildirim Yurt Dışında Yeşil ve/veya Sürdürülebilir Tahvil ve/veya Finansman Bonosu Türünden Borçlanma Aracı İhracı,https://www.kap.org.tr/tr/Bildirim/1530759,tr,2025-12-29T18:02:20+00:00
2025-12-29,TIB,KAP,TÜRKİYE İŞ BANKASI A.Ş. - İhraç Belgesi,İhraç Belgesi Yurt Dışında Yeşil ve/veya Sürdürülebilir Tahvil ve/veya Finansman Bonosu Türünden Borçlanma Aracı İhracı,https://www.kap.org.tr/tr/Bildirim/1530758,tr,2025-12-29T18:02:07+00:00
2025-12-29,TIB,KAP,TÜRKİYE İŞ BANKASI A.Ş. - İhraç Belgesi,İhraç Belgesi Yurt Dışında Tahvil veya Bono İhracına İlişkin İhraç Belgesi,https://www.kap.org.tr/tr/Bildirim/1530757,tr,2025-12-29T18:01:51+00:00
2025-12-29,TIB,KAP,TÜRKİYE İŞ BANKASI A.Ş. - İhraç Tavanına İlişkin Bildirim,İhraç Tavanına İlişkin Bildirim Yurtdışında Yeşil ve/veya Sürdürülebilir Tahvil veya Bono İhracına İlişkin SPK Onayı Hakkında,https://www.kap.org.tr/tr/Bildirim/1530755,tr,2025-12-29T18:01:32+00:00
2025-12-29,TIB,KAP,TÜRKİYE İŞ BANKASI A.Ş. - İhraç Tavanına İlişkin Bildirim,İhraç Tavanına İlişkin Bildirim Yurtdışında Tahvil ve/veya Bono İhracına İlişkin SPK Onayı Hakkında,https://www.kap.org.tr/tr/Bildirim/1530754,tr,2025-12-29T18:01:06+00:00
2025-12-29,TIMUR,KAP,TİMUR GAYRİMENKUL GELİŞTİRME YAPI VE YATIRIM A.Ş. - Pay Dışında Sermaye Piyasası Aracı İşlemlerine İlişkin Bildirim (Faiz İçeren),Pay Dışında Sermaye Piyasası Aracı İşlemlerine İlişkin Bildirim (Faiz İçeren) TRFTIMG72612 ISIN Kodlu 178 Gün Vadeli Borçlanma Aracı İhracı,https://www.kap.org.tr/tr/Bildirim/1530752,tr,2025-12-29T17:57:56+00:00
2025-12-29,TOASO,KAP,TOFAŞ TÜRK OTOMOBİL FABRİKASI A.Ş. - Faaliyetlerin Kısmen veya Tamamen Durdurulması ya da İmkansız Hale Gelmesi,Faaliyetlerin Kısmen veya Tamamen Durdurulması ya da İmkansız Hale Gelmesi Yıl sonu envanter sayımı ve bakım çalışmaları nedeniyle üretime geçici olarak ara verilmesi,https://www.kap.org.tr/tr/Bildirim/1530788,tr,2025-12-29T18:20:26+00:00
2025-12-29,TSGYO,KAP,TSKB GAYRİMENKUL YATIRIM ORTAKLIĞI A.Ş. - Kayıtlı Sermaye Tavanı İşlemlerine İlişkin Bildirim,Kayıtlı Sermaye Tavanı İşlemlerine İlişkin Bildirim Kayıtlı Sermaye Tavanı Artırımı ve Esas Sözleşme Değişikliğine İlişkin SPK Başvurusunun Sonucu Hk.,https://www.kap.org.tr/tr/Bildirim/1530668,tr,2025-12-29T16:17:26+00:00
2025-12-29,TUCLK,KAP,TUĞÇELİK ALÜMİNYUM VE METAL MAMÜLLERİ SANAYİ VE TİCARET A.Ş. - Sermaye Artırımı - Azaltımı İşlemlerine İlişkin Bildirim,Sermaye Artırımı - Azaltımı İşlemlerine İlişkin Bildirim Rüçhan Haklarının Kullanılmasından Sonra Kalan Payların Borsa İstanbul Birincil Piyasa'da Satışının Tamamlanması,https://www.kap.org.tr/tr/Bildirim/1530678,tr,2025-12-29T16:21:32+00:00
2025-12-29,TVB,KAP,TÜRKİYE VAKIFLAR BANKASI T.A.O. - Pay Dışında Sermaye Piyasası Aracı İşlemlerine İlişkin Bildirim (Faiz İçeren),Pay Dışında Sermaye Piyasası Aracı İşlemlerine İlişkin Bildirim (Faiz İçeren) GMTN Programı Çerçevesinde Türkiye Dışında Sürdürülebilir Borçlanma Aracı İhracı SPK Onayı,https://www.kap.org.tr/tr/Bildirim/1530734,tr,2025-12-29T17:39:14+00:00
2025-12-29,TVB,KAP,TÜRKİYE VAKIFLAR BANKASI T.A.O. - Pay Dışında Sermaye Piyasası Aracı İşlemlerine İlişkin Bildirim (Faiz İçeren),Pay Dışında Sermaye Piyasası Aracı İşlemlerine İlişkin Bildirim (Faiz İçeren) GMTN Programı Çerçevesinde Türkiye Dışında Sürdürülebilir Borçlanma Aracı İhracı SPK Onayı,https://www.kap.org.tr/tr/Bildirim/1530598,tr,2025-12-29T14:50:28+00:00
2025-12-29,TVB,KAP,TÜRKİYE VAKIFLAR BANKASI T.A.O. - Pay Dışında Sermaye Piyasası Aracı İşlemlerine İlişkin Bildirim (Faiz İçeren),Pay Dışında Sermaye Piyasası Aracı İşlemlerine İlişkin Bildirim (Faiz İçeren) GMTN Programı Çerçevesinde Türkiye Dışında Sürdürülebilir Borçlanma Aracı İhracı SPK Onayı,https://www.kap.org.tr/tr/Bildirim/1530580,tr,2025-12-29T13:55:14+00:00
2025-12-29,ULUFA,KAP,ULUSAL FAKTORİNG A.Ş. - Pay Dışında Sermaye Piyasası Aracı İşlemlerine İlişkin Bildirim (Faiz İçeren),Pay Dışında Sermaye Piyasası Aracı İşlemlerine İlişkin Bildirim (Faiz İçeren) Şirketimiz TRFULFK72610 ISIN Kodlu Değişken Faizli Borçlanma Aracımıza İlişkin Açıklama,https://www.kap.org.tr/tr/Bildirim/1530790,tr,2025-12-29T18:23:01+00:00
2025-12-29,UMPAS,KAP,UMPAŞ HOLDİNG A.Ş. - Özel Durum Açıklaması (Genel),Özel Durum Açıklaması (Genel) Bağlı Ortaklıkların Olağan Genel Kurul Toplantılarının Yapılması ve Bağımsız Denetçi Seçimi,https://www.kap.org.tr/tr/Bildirim/1530801,tr,2025-12-29T18:33:42+00:00
2025-12-29,VAKBN,KAP,TÜRKİYE VAKIFLAR BANKASI T.A.O. - Pay Dışında Sermaye Piyasası Aracı İşlemlerine İlişkin Bildirim (Faiz İçeren),Pay Dışında Sermaye Piyasası Aracı İşlemlerine İlişkin Bildirim (Faiz İçeren) GMTN Programı Çerçevesinde Türkiye Dışında Sürdürülebilir Borçlanma Aracı İhracı SPK Onayı,https://www.kap.org.tr/tr/Bildirim/1530734,tr,2025-12-29T17:39:14+00:00
2025-12-29,VAKBN,KAP,TÜRKİYE VAKIFLAR BANKASI T.A.O. - Pay Dışında Sermaye Piyasası Aracı İşlemlerine İlişkin Bildirim (Faiz İçeren),Pay Dışında Sermaye Piyasası Aracı İşlemlerine İlişkin Bildirim (Faiz İçeren) GMTN Programı Çerçevesinde Türkiye Dışında Sürdürülebilir Borçlanma Aracı İhracı SPK Onayı,https://www.kap.org.tr/tr/Bildirim/1530598,tr,2025-12-29T14:50:28+00:00
2025-12-29,VAKBN,KAP,TÜRKİYE VAKIFLAR BANKASI T.A.O. - Pay Dışında Sermaye Piyasası Aracı İşlemlerine İlişkin Bildirim (Faiz İçeren),Pay Dışında Sermaye Piyasası Aracı İşlemlerine İlişkin Bildirim (Faiz İçeren) GMTN Programı Çerçevesinde Türkiye Dışında Sürdürülebilir Borçlanma Aracı İhracı SPK Onayı,https://www.kap.org.tr/tr/Bildirim/1530580,tr,2025-12-29T13:55:14+00:00
2025-12-29,VAKFA,KAP,VAKIF FAKTORİNG A.Ş. - Esas Sözleşme Tadili,Esas Sözleşme Tadili Sermaye Artırımı Sonucunda Esas Sözleşmenin Tadil Metni Uyarınca Tescili,https://www.kap.org.tr/tr/Bildirim/1530532,tr,2025-12-29T11:17:14+00:00
2025-12-29,VKFYO,KAP,VAKIF MENKUL KIYMET YATIRIM ORTAKLIĞI A.Ş. - Haftalık Rapor,Haftalık Rapor 26.12.2025 Tarihli Haftalık Rapor,https://www.kap.org.tr/tr/Bildirim/1530847,tr,2025-12-29T23:09:53+00:00
2025-12-29,VKFYO,KAP,VAKIF MENKUL KIYMET YATIRIM ORTAKLIĞI A.Ş. - Özel Durum Açıklaması (Genel),"Özel Durum Açıklaması (Genel) Şirketimizin BİAŞ'da oluşan ağırlıklı ortalama fiyatın, pay başına net aktif değerin 2 katını aşması sebebiyle yapılan açıklamadır.",https://www.kap.org.tr/tr/Bildirim/1530846,tr,2025-12-29T23:09:19+00:00
2025-12-29,VKGYO,KAP,VAKIF GAYRİMENKUL YATIRIM ORTAKLIĞI A.Ş. - Değerleme Raporu,Değerleme Raporu Medyan Kadıköy 26 Adet Konut Ünite 2025 Yıl Sonu Değerleme Raporu,https://www.kap.org.tr/tr/Bildirim/1530813,tr,2025-12-29T18:53:06+00:00
2025-12-29,VSNMD,KAP,VİŞNE MADENCİLİK ÜRETİM SANAYİ VE TİCARET A.Ş. - Özel Durum Açıklaması (Genel),Özel Durum Açıklaması (Genel) ÇED Belgesi hakkında,https://www.kap.org.tr/tr/Bildirim/1530633,tr,2025-12-29T15:42:58+00:00
2025-12-29,YATVK,KAP,YATIRIM VARLIK KİRALAMA A.Ş. - İhraç Tavanına İlişkin Bildirim,"İhraç Tavanına İlişkin Bildirim Kira Sertifikası İhracına İlişkin Yönetim Kurulu Kararı DOFRB, TSKB, YFMEN",https://www.kap.org.tr/tr/Bildirim/1530596,tr,2025-12-29T14:49:57+00:00
2025-12-29,YEOTK,KAP,YEO TEKNOLOJİ ENERJİ VE ENDÜSTRİ A.Ş. - Yeni İş İlişkisi,Yeni İş İlişkisi Yeni İş İlişkisi,https://www.kap.org.tr/tr/Bildirim/1530463,tr,2025-12-29T09:11:04+00:00
2025-12-29,YKB,KAP,YAPI VE KREDİ BANKASI A.Ş. - Pay Dışında Sermaye Piyasası Aracı İşlemlerine İlişkin Bildirim (Faiz İçeren),Pay Dışında Sermaye Piyasası Aracı İşlemlerine İlişkin Bildirim (Faiz İçeren) Yurtdışında borçlanma aracı ihracının tamamlanması,https://www.kap.org.tr/tr/Bildirim/1530654,tr,2025-12-29T16:03:56+00:00
2025-12-29,YKBNK,KAP,YAPI VE KREDİ BANKASI A.Ş. - Pay Dışında Sermaye Piyasası Aracı İşlemlerine İlişkin Bildirim (Faiz İçeren),Pay Dışında Sermaye Piyasası Aracı İşlemlerine İlişkin Bildirim (Faiz İçeren) Yurtdışında borçlanma aracı ihracının tamamlanması,https://www.kap.org.tr/tr/Bildirim/1530654,tr,2025-12-29T16:03:56+00:00
2025-12-29,ZERGY,KAP,ZERAY GAYRİMENKUL YATIRIM ORTAKLIĞI A.Ş. - Şirket Genel Bilgi Formu,Şirket Genel Bilgi Formu,https://www.kap.org.tr/tr/Bildirim/1530492,tr,2025-12-29T10:13:55+00:00
2025-12-29,ZOREN,KAP,ZORLU ENERJİ ELEKTRİK ÜRETİM A.Ş. - Finansal Duran Varlık Satışı,Finansal Duran Varlık Satışı Finansal Duran Varlık Satışı,https://www.kap.org.tr/tr/Bildirim/1530742,tr,2025-12-29T17:44:30+00:00
2025-12-29,ZOREN,KAP,ZORLU ENERJİ ELEKTRİK ÜRETİM A.Ş. - Pay Dışında Sermaye Piyasası Aracı İşlemlerine İlişkin Bildirim (Faiz İçeren),Pay Dışında Sermaye Piyasası Aracı İşlemlerine İlişkin Bildirim (Faiz İçeren) TRSZORNE2619 ISIN Kodlu Tahvilin 2. Kupon Dönemine İlişkin Faiz Oranı Hakkında,https://www.kap.org.tr/tr/Bildirim/1530685,tr,2025-12-29T16:31:34+00:00
2025-12-30,ACSEL,KAP,ACISELSAN ACIPAYAM SELÜLOZ SANAYİ VE TİCARET A.Ş. - Bağımsız Denetim Kuruluşunun Belirlenmesi,Bağımsız Denetim Kuruluşunun Belirlenmesi Bağımsız Denetim Kuruluşunun Tescili,https://www.kap.org.tr/tr/Bildirim/1530861,tr,2025-12-30T09:06:40+00:00
2025-12-30,AFYON,KAP,AFYON ÇİMENTO SANAYİ T.A.Ş. - Özel Durum Açıklaması (Genel),Özel Durum Açıklaması (Genel) Yönetim Kurulu Görev Taksimi,https://www.kap.org.tr/tr/Bildirim/1531300,tr,2025-12-30T18:35:23+00:00
2025-12-30,AGYO,KAP,ATAKULE GAYRİMENKUL YATIRIM ORTAKLIĞI A.Ş. - Değerleme Raporu,Değerleme Raporu Gayrimenkul Değerleme Raporu (Mühye Mah.),https://www.kap.org.tr/tr/Bildirim/1531396,tr,2025-12-30T20:12:58+00:00
2025-12-30,AGYO,KAP,ATAKULE GAYRİMENKUL YATIRIM ORTAKLIĞI A.Ş. - Değerleme Raporu,Değerleme Raporu Atakule Alışveriş Merkezi Değerleme Raporu,https://www.kap.org.tr/tr/Bildirim/1531296,tr,2025-12-30T18:33:05+00:00
2025-12-30,AGYO,KAP,ATAKULE GAYRİMENKUL YATIRIM ORTAKLIĞI A.Ş. - Değerleme Raporu,Değerleme Raporu Gayrimenkul Değerleme Raporu (Obaköy İş Merkezi),https://www.kap.org.tr/tr/Bildirim/1531293,tr,2025-12-30T18:31:00+00:00
2025-12-30,AGYO,KAP,ATAKULE GAYRİMENKUL YATIRIM ORTAKLIĞI A.Ş. - Değerleme Raporu,Değerleme Raporu Gayrimenkul Değerleme Raporu (Haşim İşcan İş Merkezi),https://www.kap.org.tr/tr/Bildirim/1531290,tr,2025-12-30T18:30:02+00:00
2025-12-30,AGYO,KAP,ATAKULE GAYRİMENKUL YATIRIM ORTAKLIĞI A.Ş. - Değerleme Raporu,Değerleme Raporu Gayrimenkul Değerleme Raporu (Kuleli Caddesi No:5),https://www.kap.org.tr/tr/Bildirim/1531288,tr,2025-12-30T18:29:11+00:00
2025-12-30,AGYO,KAP,ATAKULE GAYRİMENKUL YATIRIM ORTAKLIĞI A.Ş. - Değerleme Raporu,Değerleme Raporu Gayrimenkul Değerleme Raporu (Farabi Sokak No:27),https://www.kap.org.tr/tr/Bildirim/1531286,tr,2025-12-30T18:28:19+00:00
2025-12-30,AGYO,KAP,ATAKULE GAYRİMENKUL YATIRIM ORTAKLIĞI A.Ş. - Değerleme Raporu,Değerleme Raporu Gayrimenkul Değerleme Raporu (Ankara Çankaya 4431 Ada 31 Parsel),https://www.kap.org.tr/tr/Bildirim/1531282,tr,2025-12-30T18:27:18+00:00
2025-12-30,AGYO,KAP,ATAKULE GAYRİMENKUL YATIRIM ORTAKLIĞI A.Ş. - Değerleme Raporu,Değerleme Raporu Gayrimenkul Değerleme Raporu (Ankara Çankaya 4431 Ada 38 Parsel),https://www.kap.org.tr/tr/Bildirim/1531279,tr,2025-12-30T18:26:37+00:00
2025-12-30,AGYO,KAP,ATAKULE GAYRİMENKUL YATIRIM ORTAKLIĞI A.Ş. - Değerleme Raporu,Değerleme Raporu Gayrimenkul Değerleme Raporu (Riva 13 Pafta 14 Adet Arsa),https://www.kap.org.tr/tr/Bildirim/1531273,tr,2025-12-30T18:22:59+00:00
2025-12-30,AGYO,KAP,ATAKULE GAYRİMENKUL YATIRIM ORTAKLIĞI A.Ş. - Değerleme Raporu,Değerleme Raporu Gayrimenkul Değerleme Raporu (Çayağzı/Riva 13 Pafta 14 Adet Arsa),https://www.kap.org.tr/tr/Bildirim/1531270,tr,2025-12-30T18:22:29+00:00
2025-12-30,AGYO,KAP,ATAKULE GAYRİMENKUL YATIRIM ORTAKLIĞI A.Ş. - Değerleme Raporu,Değerleme Raporu Gayrimenkul Değerleme Raporu (Riva 13 Pafta 2 Adet Arsa),https://www.kap.org.tr/tr/Bildirim/1531268,tr,2025-12-30T18:22:04+00:00
2025-12-30,AGYO,KAP,ATAKULE GAYRİMENKUL YATIRIM ORTAKLIĞI A.Ş. - Değerleme Raporu,Değerleme Raporu Gayrimenkul Değerleme Raporu (Dilovası),https://www.kap.org.tr/tr/Bildirim/1531267,tr,2025-12-30T18:21:38+00:00
2025-12-30,AKBNK,KAP,AKBANK T.A.Ş. - Pay Dışında Sermaye Piyasası Aracı İşlemlerine İlişkin Bildirim (Faiz İçeren),Pay Dışında Sermaye Piyasası Aracı İşlemlerine İlişkin Bildirim (Faiz İçeren) XS2942364733 ISIN Kodlu Yeşil/Sürdürülebilir Temalı Tahvilin İtfası,https://www.kap.org.tr/tr/Bildirim/1530884,tr,2025-12-30T09:52:11+00:00
2025-12-30,AKCNS,KAP,AKÇANSA ÇİMENTO SANAYİ VE TİCARET A.Ş. - Özel Durum Açıklaması (Genel),Özel Durum Açıklaması (Genel) Yönetim Kurulu Üye ve Başkan Ataması,https://www.kap.org.tr/tr/Bildirim/1531299,tr,2025-12-30T18:35:05+00:00
2025-12-30,AKDFA,KAP,AKDENİZ FAKTORİNG A.Ş. - Pay Dışında Sermaye Piyasası Aracı İşlemlerine İlişkin Bildirim (Faiz İçeren),Pay Dışında Sermaye Piyasası Aracı İşlemlerine İlişkin Bildirim (Faiz İçeren) TRFAKDN42616 İhracın kupon oranı belirlenmesi,https://www.kap.org.tr/tr/Bildirim/1531073,tr,2025-12-30T16:08:29+00:00
2025-12-30,AKFK,KAP,AK FİNANSAL KİRALAMA A.Ş. - Pay Dışında Sermaye Piyasası Aracı İşlemlerine İlişkin Bildirim (Faiz İçeren),Pay Dışında Sermaye Piyasası Aracı İşlemlerine İlişkin Bildirim (Faiz İçeren) TRSAKFK42610 ISIN Kodlu Tahvil Kupon Faiz Oranının Belirlenmesi Hk.,https://www.kap.org.tr/tr/Bildirim/1531202,tr,2025-12-30T17:41:03+00:00
2025-12-30,ALNUS,KAP,ALNUS YATIRIM MENKUL DEĞERLER A.Ş. - İzahname (SPK Tarafından Onaylanan),İzahname (SPK Tarafından Onaylanan) Meysu Gıda Sanayi ve Ticaret A.Ş. paylarının halka arzına ilişkin İzahname ekleri MEYSU,https://www.kap.org.tr/tr/Bildirim/1531430,tr,2025-12-30T22:18:58+00:00
2025-12-30,ALNUS,KAP,ALNUS YATIRIM MENKUL DEĞERLER A.Ş. - Fiyat Tespit Raporu,"Fiyat Tespit Raporu Meysu Gıda Sanayi ve Ticaret A.Ş. Fiyat Tespit Raporu MEYSU, TERA",https://www.kap.org.tr/tr/Bildirim/1531429,tr,2025-12-30T22:18:51+00:00
2025-12-30,ALNUS,KAP,ALNUS YATIRIM MENKUL DEĞERLER A.Ş. - Fiyat Tespit Raporu,"Fiyat Tespit Raporu Meysu Gıda Sanayi ve Ticaret A.Ş. Fiyat Tespit Raporu MEYSU, TERA",https://www.kap.org.tr/tr/Bildirim/1531428,tr,2025-12-30T22:18:43+00:00
2025-12-30,ALNUS,KAP,ALNUS YATIRIM MENKUL DEĞERLER A.Ş. - İzahname (SPK Tarafından Onaylanan),İzahname (SPK Tarafından Onaylanan) Meysu Gıda Sanayi ve Ticaret A.Ş. paylarının halka arzına ilişkin İzahname ekleri MEYSU,https://www.kap.org.tr/tr/Bildirim/1531427,tr,2025-12-30T22:18:34+00:00
2025-12-30,ALNUS,KAP,ALNUS YATIRIM MENKUL DEĞERLER A.Ş. - İzahname (SPK Tarafından Onaylanan),İzahname (SPK Tarafından Onaylanan) Meysu Gıda Sanayi ve Ticaret A.Ş. paylarının halka arzına ilişkin İzahname ekleri MEYSU,https://www.kap.org.tr/tr/Bildirim/1531426,tr,2025-12-30T22:18:23+00:00
2025-12-30,ALNUS,KAP,ALNUS YATIRIM MENKUL DEĞERLER A.Ş. - İzahname (SPK Tarafından Onaylanan),İzahname (SPK Tarafından Onaylanan) Meysu Gıda Sanayi ve Ticaret A.Ş. paylarının halka arzına ilişkin İzahname ekleri MEYSU,https://www.kap.org.tr/tr/Bildirim/1531425,tr,2025-12-30T22:18:11+00:00
2025-12-30,ALNUS,KAP,ALNUS YATIRIM MENKUL DEĞERLER A.Ş. - İzahname (SPK Tarafından Onaylanan),İzahname (SPK Tarafından Onaylanan) Meysu Gıda Sanayi ve Ticaret A.Ş. paylarının halka arzına ilişkin İzahname ekleri MEYSU,https://www.kap.org.tr/tr/Bildirim/1531424,tr,2025-12-30T22:18:01+00:00
2025-12-30,ALNUS,KAP,ALNUS YATIRIM MENKUL DEĞERLER A.Ş. - İzahname (SPK Tarafından Onaylanan),İzahname (SPK Tarafından Onaylanan) Meysu Gıda Sanayi ve Ticaret A.Ş. paylarının halka arzına ilişkin İzahname ekleri MEYSU,https://www.kap.org.tr/tr/Bildirim/1531423,tr,2025-12-30T22:17:52+00:00
2025-12-30,ALNUS,KAP,ALNUS YATIRIM MENKUL DEĞERLER A.Ş. - İzahname (SPK Tarafından Onaylanan),İzahname (SPK Tarafından Onaylanan) Meysu Gıda Sanayi ve Ticaret A.Ş. paylarının halka arzına ilişkin İzahname ekleri MEYSU,https://www.kap.org.tr/tr/Bildirim/1531422,tr,2025-12-30T22:17:39+00:00
2025-12-30,ALNUS,KAP,ALNUS YATIRIM MENKUL DEĞERLER A.Ş. - İzahname (SPK Tarafından Onaylanan),İzahname (SPK Tarafından Onaylanan) Meysu Gıda Sanayi ve Ticaret A.Ş. paylarının halka arzına ilişkin İzahname ekleri MEYSU,https://www.kap.org.tr/tr/Bildirim/1531421,tr,2025-12-30T22:17:28+00:00
2025-12-30,ALNUS,KAP,ALNUS YATIRIM MENKUL DEĞERLER A.Ş. - İzahname (SPK Tarafından Onaylanan),İzahname (SPK Tarafından Onaylanan) Meysu Gıda Sanayi ve Ticaret A.Ş. paylarının halka arzına ilişkin İzahname ekleri MEYSU,https://www.kap.org.tr/tr/Bildirim/1531420,tr,2025-12-30T22:17:17+00:00
2025-12-30,ALNUS,KAP,ALNUS YATIRIM MENKUL DEĞERLER A.Ş. - İzahname (SPK Tarafından Onaylanan),İzahname (SPK Tarafından Onaylanan) Meysu Gıda Sanayi ve Ticaret A.Ş. paylarının halka arzına ilişkin İzahname ekleri MEYSU,https://www.kap.org.tr/tr/Bildirim/1531419,tr,2025-12-30T22:17:07+00:00
2025-12-30,ALNUS,KAP,ALNUS YATIRIM MENKUL DEĞERLER A.Ş. - İzahname (SPK Tarafından Onaylanan),İzahname (SPK Tarafından Onaylanan) Meysu Gıda Sanayi ve Ticaret A.Ş. paylarının halka arzına ilişkin İzahname ekleri MEYSU,https://www.kap.org.tr/tr/Bildirim/1531418,tr,2025-12-30T22:16:51+00:00
2025-12-30,ALNUS,KAP,ALNUS YATIRIM MENKUL DEĞERLER A.Ş. - İzahname (SPK Tarafından Onaylanan),İzahname (SPK Tarafından Onaylanan) Meysu Gıda Sanayi ve Ticaret A.Ş. paylarının halka arzına ilişkin İzahname ekleri MEYSU,https://www.kap.org.tr/tr/Bildirim/1531417,tr,2025-12-30T22:16:40+00:00
2025-12-30,ALNUS,KAP,ALNUS YATIRIM MENKUL DEĞERLER A.Ş. - İzahname (SPK Tarafından Onaylanan),İzahname (SPK Tarafından Onaylanan) Meysu Gıda Sanayi ve Ticaret A.Ş. paylarının halka arzına ilişkin İzahname ekleri MEYSU,https://www.kap.org.tr/tr/Bildirim/1531416,tr,2025-12-30T22:16:28+00:00
2025-12-30,ALNUS,KAP,ALNUS YATIRIM MENKUL DEĞERLER A.Ş. - İzahname (SPK Tarafından Onaylanan),İzahname (SPK Tarafından Onaylanan) Meysu Gıda Sanayi ve Ticaret A.Ş. paylarının halka arzına ilişkin İzahname ekleri MEYSU,https://www.kap.org.tr/tr/Bildirim/1531415,tr,2025-12-30T22:16:17+00:00
2025-12-30,ALNUS,KAP,ALNUS YATIRIM MENKUL DEĞERLER A.Ş. - İzahname (SPK Tarafından Onaylanan),İzahname (SPK Tarafından Onaylanan) Meysu Gıda Sanayi ve Ticaret A.Ş. paylarının halka arzına ilişkin İzahname ekleri MEYSU,https://www.kap.org.tr/tr/Bildirim/1531414,tr,2025-12-30T22:16:06+00:00
2025-12-30,ALNUS,KAP,ALNUS YATIRIM MENKUL DEĞERLER A.Ş. - İzahname (SPK Tarafından Onaylanan),İzahname (SPK Tarafından Onaylanan) Meysu Gıda Sanayi ve Ticaret A.Ş. paylarının halka arzına ilişkin İzahname ekleri MEYSU,https://www.kap.org.tr/tr/Bildirim/1531413,tr,2025-12-30T22:15:53+00:00
2025-12-30,ALNUS,KAP,ALNUS YATIRIM MENKUL DEĞERLER A.Ş. - İzahname (SPK Tarafından Onaylanan),İzahname (SPK Tarafından Onaylanan) Meysu Gıda Sanayi ve Ticaret A.Ş. paylarının halka arzına ilişkin İzahname ekleri MEYSU,https://www.kap.org.tr/tr/Bildirim/1531412,tr,2025-12-30T22:15:43+00:00
2025-12-30,ALNUS,KAP,ALNUS YATIRIM MENKUL DEĞERLER A.Ş. - İzahname (SPK Tarafından Onaylanan),İzahname (SPK Tarafından Onaylanan) Meysu Gıda Sanayi ve Ticaret A.Ş. paylarının halka arzına ilişkin İzahname ekleri MEYSU,https://www.kap.org.tr/tr/Bildirim/1531411,tr,2025-12-30T22:15:32+00:00
2025-12-30,ALNUS,KAP,ALNUS YATIRIM MENKUL DEĞERLER A.Ş. - İzahname (SPK Tarafından Onaylanan),İzahname (SPK Tarafından Onaylanan) Meysu Gıda Sanayi ve Ticaret A.Ş. paylarının halka arzına ilişkin İzahname ekleri MEYSU,https://www.kap.org.tr/tr/Bildirim/1531410,tr,2025-12-30T22:14:38+00:00
2025-12-30,ALNUS,KAP,ALNUS YATIRIM MENKUL DEĞERLER A.Ş. - İzahname (SPK Tarafından Onaylanan),İzahname (SPK Tarafından Onaylanan) Meysu Gıda Sanayi ve Ticaret A.Ş. paylarının halka arzına ilişkin İzahname ekleri MEYSU,https://www.kap.org.tr/tr/Bildirim/1531409,tr,2025-12-30T22:14:22+00:00
2025-12-30,ALNUS,KAP,ALNUS YATIRIM MENKUL DEĞERLER A.Ş. - Tasarruf Sahiplerine Satış Duyurusu,Tasarruf Sahiplerine Satış Duyurusu Meysu Gıda Sanayi ve Ticaret A.Ş. paylarının halka arzına ilişkin onaylı Tasarruf Sahiplerine Satış Duyurusu MEYSU,https://www.kap.org.tr/tr/Bildirim/1531408,tr,2025-12-30T22:14:10+00:00
2025-12-30,ALNUS,KAP,ALNUS YATIRIM MENKUL DEĞERLER A.Ş. - İzahname (SPK Tarafından Onaylanan),İzahname (SPK Tarafından Onaylanan) Meysu Gıda Sanayi ve Ticaret A.Ş. paylarının halka arzına ilişkin onaylı izahname MEYSU,https://www.kap.org.tr/tr/Bildirim/1531407,tr,2025-12-30T22:13:53+00:00
2025-12-30,ALNUS,KAP,ALNUS YATIRIM MENKUL DEĞERLER A.Ş. - İzahname (SPK Tarafından Onaylanan),İzahname (SPK Tarafından Onaylanan) Meysu Gıda Sanayi ve Ticaret A.Ş. paylarının halka arzına ilişkin onaylı izahname MEYSU,https://www.kap.org.tr/tr/Bildirim/1531406,tr,2025-12-30T22:13:44+00:00
2025-12-30,ALNUS,KAP,ALNUS YATIRIM MENKUL DEĞERLER A.Ş. - İzahname (SPK Tarafından Onaylanan),İzahname (SPK Tarafından Onaylanan) Meysu Gıda Sanayi ve Ticaret A.Ş. paylarının halka arzına ilişkin onaylı izahname MEYSU,https://www.kap.org.tr/tr/Bildirim/1531405,tr,2025-12-30T22:13:34+00:00
2025-12-30,ALNUS,KAP,ALNUS YATIRIM MENKUL DEĞERLER A.Ş. - İzahname (SPK Tarafından Onaylanan),İzahname (SPK Tarafından Onaylanan) Meysu Gıda Sanayi ve Ticaret A.Ş. Paylarının Halha Arzına İlişkin İzahname MEYSU,https://www.kap.org.tr/tr/Bildirim/1531404,tr,2025-12-30T22:13:22+00:00
2025-12-30,ALTNY,KAP,ALTINAY SAVUNMA TEKNOLOJİLERİ A.Ş. - Özel Durum Açıklaması (Genel),Özel Durum Açıklaması (Genel) Sürdürülebilirlik Politikası Hakkında,https://www.kap.org.tr/tr/Bildirim/1531169,tr,2025-12-30T17:06:02+00:00
2025-12-30,ANC,KAP,ALNUS YATIRIM MENKUL DEĞERLER A.Ş. - İzahname (SPK Tarafından Onaylanan),İzahname (SPK Tarafından Onaylanan) Meysu Gıda Sanayi ve Ticaret A.Ş. paylarının halka arzına ilişkin İzahname ekleri MEYSU,https://www.kap.org.tr/tr/Bildirim/1531430,tr,2025-12-30T22:18:58+00:00
2025-12-30,ANC,KAP,ALNUS YATIRIM MENKUL DEĞERLER A.Ş. - Fiyat Tespit Raporu,"Fiyat Tespit Raporu Meysu Gıda Sanayi ve Ticaret A.Ş. Fiyat Tespit Raporu MEYSU, TERA",https://www.kap.org.tr/tr/Bildirim/1531429,tr,2025-12-30T22:18:51+00:00
2025-12-30,ANC,KAP,ALNUS YATIRIM MENKUL DEĞERLER A.Ş. - Fiyat Tespit Raporu,"Fiyat Tespit Raporu Meysu Gıda Sanayi ve Ticaret A.Ş. Fiyat Tespit Raporu MEYSU, TERA",https://www.kap.org.tr/tr/Bildirim/1531428,tr,2025-12-30T22:18:43+00:00
2025-12-30,ANC,KAP,ALNUS YATIRIM MENKUL DEĞERLER A.Ş. - İzahname (SPK Tarafından Onaylanan),İzahname (SPK Tarafından Onaylanan) Meysu Gıda Sanayi ve Ticaret A.Ş. paylarının halka arzına ilişkin İzahname ekleri MEYSU,https://www.kap.org.tr/tr/Bildirim/1531427,tr,2025-12-30T22:18:34+00:00
2025-12-30,ANC,KAP,ALNUS YATIRIM MENKUL DEĞERLER A.Ş. - İzahname (SPK Tarafından Onaylanan),İzahname (SPK Tarafından Onaylanan) Meysu Gıda Sanayi ve Ticaret A.Ş. paylarının halka arzına ilişkin İzahname ekleri MEYSU,https://www.kap.org.tr/tr/Bildirim/1531426,tr,2025-12-30T22:18:23+00:00
2025-12-30,ANC,KAP,ALNUS YATIRIM MENKUL DEĞERLER A.Ş. - İzahname (SPK Tarafından Onaylanan),İzahname (SPK Tarafından Onaylanan) Meysu Gıda Sanayi ve Ticaret A.Ş. paylarının halka arzına ilişkin İzahname ekleri MEYSU,https://www.kap.org.tr/tr/Bildirim/1531425,tr,2025-12-30T22:18:11+00:00
2025-12-30,ANC,KAP,ALNUS YATIRIM MENKUL DEĞERLER A.Ş. - İzahname (SPK Tarafından Onaylanan),İzahname (SPK Tarafından Onaylanan) Meysu Gıda Sanayi ve Ticaret A.Ş. paylarının halka arzına ilişkin İzahname ekleri MEYSU,https://www.kap.org.tr/tr/Bildirim/1531424,tr,2025-12-30T22:18:01+00:00
2025-12-30,ANC,KAP,ALNUS YATIRIM MENKUL DEĞERLER A.Ş. - İzahname (SPK Tarafından Onaylanan),İzahname (SPK Tarafından Onaylanan) Meysu Gıda Sanayi ve Ticaret A.Ş. paylarının halka arzına ilişkin İzahname ekleri MEYSU,https://www.kap.org.tr/tr/Bildirim/1531423,tr,2025-12-30T22:17:52+00:00
2025-12-30,ANC,KAP,ALNUS YATIRIM MENKUL DEĞERLER A.Ş. - İzahname (SPK Tarafından Onaylanan),İzahname (SPK Tarafından Onaylanan) Meysu Gıda Sanayi ve Ticaret A.Ş. paylarının halka arzına ilişkin İzahname ekleri MEYSU,https://www.kap.org.tr/tr/Bildirim/1531422,tr,2025-12-30T22:17:39+00:00
2025-12-30,ANC,KAP,ALNUS YATIRIM MENKUL DEĞERLER A.Ş. - İzahname (SPK Tarafından Onaylanan),İzahname (SPK Tarafından Onaylanan) Meysu Gıda Sanayi ve Ticaret A.Ş. paylarının halka arzına ilişkin İzahname ekleri MEYSU,https://www.kap.org.tr/tr/Bildirim/1531421,tr,2025-12-30T22:17:28+00:00
2025-12-30,ANC,KAP,ALNUS YATIRIM MENKUL DEĞERLER A.Ş. - İzahname (SPK Tarafından Onaylanan),İzahname (SPK Tarafından Onaylanan) Meysu Gıda Sanayi ve Ticaret A.Ş. paylarının halka arzına ilişkin İzahname ekleri MEYSU,https://www.kap.org.tr/tr/Bildirim/1531420,tr,2025-12-30T22:17:17+00:00
2025-12-30,ANC,KAP,ALNUS YATIRIM MENKUL DEĞERLER A.Ş. - İzahname (SPK Tarafından Onaylanan),İzahname (SPK Tarafından Onaylanan) Meysu Gıda Sanayi ve Ticaret A.Ş. paylarının halka arzına ilişkin İzahname ekleri MEYSU,https://www.kap.org.tr/tr/Bildirim/1531419,tr,2025-12-30T22:17:07+00:00
2025-12-30,ANC,KAP,ALNUS YATIRIM MENKUL DEĞERLER A.Ş. - İzahname (SPK Tarafından Onaylanan),İzahname (SPK Tarafından Onaylanan) Meysu Gıda Sanayi ve Ticaret A.Ş. paylarının halka arzına ilişkin İzahname ekleri MEYSU,https://www.kap.org.tr/tr/Bildirim/1531418,tr,2025-12-30T22:16:51+00:00
2025-12-30,ANC,KAP,ALNUS YATIRIM MENKUL DEĞERLER A.Ş. - İzahname (SPK Tarafından Onaylanan),İzahname (SPK Tarafından Onaylanan) Meysu Gıda Sanayi ve Ticaret A.Ş. paylarının halka arzına ilişkin İzahname ekleri MEYSU,https://www.kap.org.tr/tr/Bildirim/1531417,tr,2025-12-30T22:16:40+00:00
2025-12-30,ANC,KAP,ALNUS YATIRIM MENKUL DEĞERLER A.Ş. - İzahname (SPK Tarafından Onaylanan),İzahname (SPK Tarafından Onaylanan) Meysu Gıda Sanayi ve Ticaret A.Ş. paylarının halka arzına ilişkin İzahname ekleri MEYSU,https://www.kap.org.tr/tr/Bildirim/1531416,tr,2025-12-30T22:16:28+00:00
2025-12-30,ANC,KAP,ALNUS YATIRIM MENKUL DEĞERLER A.Ş. - İzahname (SPK Tarafından Onaylanan),İzahname (SPK Tarafından Onaylanan) Meysu Gıda Sanayi ve Ticaret A.Ş. paylarının halka arzına ilişkin İzahname ekleri MEYSU,https://www.kap.org.tr/tr/Bildirim/1531415,tr,2025-12-30T22:16:17+00:00
2025-12-30,ANC,KAP,ALNUS YATIRIM MENKUL DEĞERLER A.Ş. - İzahname (SPK Tarafından Onaylanan),İzahname (SPK Tarafından Onaylanan) Meysu Gıda Sanayi ve Ticaret A.Ş. paylarının halka arzına ilişkin İzahname ekleri MEYSU,https://www.kap.org.tr/tr/Bildirim/1531414,tr,2025-12-30T22:16:06+00:00
2025-12-30,ANC,KAP,ALNUS YATIRIM MENKUL DEĞERLER A.Ş. - İzahname (SPK Tarafından Onaylanan),İzahname (SPK Tarafından Onaylanan) Meysu Gıda Sanayi ve Ticaret A.Ş. paylarının halka arzına ilişkin İzahname ekleri MEYSU,https://www.kap.org.tr/tr/Bildirim/1531413,tr,2025-12-30T22:15:53+00:00
2025-12-30,ANC,KAP,ALNUS YATIRIM MENKUL DEĞERLER A.Ş. - İzahname (SPK Tarafından Onaylanan),İzahname (SPK Tarafından Onaylanan) Meysu Gıda Sanayi ve Ticaret A.Ş. paylarının halka arzına ilişkin İzahname ekleri MEYSU,https://www.kap.org.tr/tr/Bildirim/1531412,tr,2025-12-30T22:15:43+00:00
2025-12-30,ANC,KAP,ALNUS YATIRIM MENKUL DEĞERLER A.Ş. - İzahname (SPK Tarafından Onaylanan),İzahname (SPK Tarafından Onaylanan) Meysu Gıda Sanayi ve Ticaret A.Ş. paylarının halka arzına ilişkin İzahname ekleri MEYSU,https://www.kap.org.tr/tr/Bildirim/1531411,tr,2025-12-30T22:15:32+00:00
2025-12-30,ANC,KAP,ALNUS YATIRIM MENKUL DEĞERLER A.Ş. - İzahname (SPK Tarafından Onaylanan),İzahname (SPK Tarafından Onaylanan) Meysu Gıda Sanayi ve Ticaret A.Ş. paylarının halka arzına ilişkin İzahname ekleri MEYSU,https://www.kap.org.tr/tr/Bildirim/1531410,tr,2025-12-30T22:14:38+00:00
2025-12-30,ANC,KAP,ALNUS YATIRIM MENKUL DEĞERLER A.Ş. - İzahname (SPK Tarafından Onaylanan),İzahname (SPK Tarafından Onaylanan) Meysu Gıda Sanayi ve Ticaret A.Ş. paylarının halka arzına ilişkin İzahname ekleri MEYSU,https://www.kap.org.tr/tr/Bildirim/1531409,tr,2025-12-30T22:14:22+00:00
2025-12-30,ANC,KAP,ALNUS YATIRIM MENKUL DEĞERLER A.Ş. - Tasarruf Sahiplerine Satış Duyurusu,Tasarruf Sahiplerine Satış Duyurusu Meysu Gıda Sanayi ve Ticaret A.Ş. paylarının halka arzına ilişkin onaylı Tasarruf Sahiplerine Satış Duyurusu MEYSU,https://www.kap.org.tr/tr/Bildirim/1531408,tr,2025-12-30T22:14:10+00:00
2025-12-30,ANC,KAP,ALNUS YATIRIM MENKUL DEĞERLER A.Ş. - İzahname (SPK Tarafından Onaylanan),İzahname (SPK Tarafından Onaylanan) Meysu Gıda Sanayi ve Ticaret A.Ş. paylarının halka arzına ilişkin onaylı izahname MEYSU,https://www.kap.org.tr/tr/Bildirim/1531407,tr,2025-12-30T22:13:53+00:00
2025-12-30,ANC,KAP,ALNUS YATIRIM MENKUL DEĞERLER A.Ş. - İzahname (SPK Tarafından Onaylanan),İzahname (SPK Tarafından Onaylanan) Meysu Gıda Sanayi ve Ticaret A.Ş. paylarının halka arzına ilişkin onaylı izahname MEYSU,https://www.kap.org.tr/tr/Bildirim/1531406,tr,2025-12-30T22:13:44+00:00
2025-12-30,ANC,KAP,ALNUS YATIRIM MENKUL DEĞERLER A.Ş. - İzahname (SPK Tarafından Onaylanan),İzahname (SPK Tarafından Onaylanan) Meysu Gıda Sanayi ve Ticaret A.Ş. paylarının halka arzına ilişkin onaylı izahname MEYSU,https://www.kap.org.tr/tr/Bildirim/1531405,tr,2025-12-30T22:13:34+00:00
2025-12-30,ANC,KAP,ALNUS YATIRIM MENKUL DEĞERLER A.Ş. - İzahname (SPK Tarafından Onaylanan),İzahname (SPK Tarafından Onaylanan) Meysu Gıda Sanayi ve Ticaret A.Ş. Paylarının Halha Arzına İlişkin İzahname MEYSU,https://www.kap.org.tr/tr/Bildirim/1531404,tr,2025-12-30T22:13:22+00:00
2025-12-30,ANELE,KAP,ANEL ELEKTRİK PROJE TAAHHÜT VE TİCARET A.Ş. - Özel Durum Açıklaması (Genel),"Özel Durum Açıklaması (Genel) Finansal sektöre olan borçların yeniden yapılandırılması hakkında,",https://www.kap.org.tr/tr/Bildirim/1531330,tr,2025-12-30T19:04:55+00:00
2025-12-30,ARASE,KAP,DOĞU ARAS ENERJİ YATIRIMLARI A.Ş. - Özel Durum Açıklaması (Genel),Özel Durum Açıklaması (Genel) Doğu Aras Enerji Yatırımları A.Ş Firmamızın Bağlı Ortaklığına Ait Enerji Satışı Anlaşması Bildirimidir.,https://www.kap.org.tr/tr/Bildirim/1531160,tr,2025-12-30T16:52:24+00:00
2025-12-30,ARDYZ,KAP,ARD GRUP BİLİŞİM TEKNOLOJİLERİ A.Ş. - Genel Kurul İşlemlerine İlişkin Bildirim,Genel Kurul İşlemlerine İlişkin Bildirim Olağanüstü Genel Kurul Toplantısının Tescili Hk.,https://www.kap.org.tr/tr/Bildirim/1531437,tr,2025-12-30T22:46:00+00:00
2025-12-30,ARDYZ,KAP,ARD GRUP BİLİŞİM TEKNOLOJİLERİ A.Ş. - Yeni İş İlişkisi,Yeni İş İlişkisi Yeni İş İlişkisi,https://www.kap.org.tr/tr/Bildirim/1531037,tr,2025-12-30T15:27:00+00:00
2025-12-30,ARZUM,KAP,ARZUM ELEKTRİKLİ EV ALETLERİ SANAYİ VE TİCARET A.Ş. - Esas Sözleşme,Esas Sözleşme Esas Sözleşme,https://www.kap.org.tr/tr/Bildirim/1531400,tr,2025-12-30T20:55:54+00:00
2025-12-30,ARZUM,KAP,ARZUM ELEKTRİKLİ EV ALETLERİ SANAYİ VE TİCARET A.Ş. - Sermaye Artırımı - Azaltımı İşlemlerine İlişkin Bildirim,Sermaye Artırımı - Azaltımı İşlemlerine İlişkin Bildirim Bedelli Sermaye Artırımına İlişkin Yönetim Kurulu Kararı,https://www.kap.org.tr/tr/Bildirim/1531301,tr,2025-12-30T18:35:34+00:00
2025-12-30,ASGYO,KAP,ASCE GAYRİMENKUL YATIRIM ORTAKLIĞI A.Ş. - Değerleme Raporu,Değerleme Raporu 2025-ASCEGYO-066 nolu Değerleme Raporu,https://www.kap.org.tr/tr/Bildirim/1531379,tr,2025-12-30T19:16:57+00:00
2025-12-30,ASGYO,KAP,ASCE GAYRİMENKUL YATIRIM ORTAKLIĞI A.Ş. - Değerleme Raporu,Değerleme Raporu 2025-ASCEGYO-065 nolu Değerleme Raporu,https://www.kap.org.tr/tr/Bildirim/1531378,tr,2025-12-30T19:16:43+00:00
2025-12-30,ASGYO,KAP,ASCE GAYRİMENKUL YATIRIM ORTAKLIĞI A.Ş. - Değerleme Raporu,Değerleme Raporu 2025-ASCEGYO-064 nolu Değerleme Raporu,https://www.kap.org.tr/tr/Bildirim/1531377,tr,2025-12-30T19:16:29+00:00
2025-12-30,ASGYO,KAP,ASCE GAYRİMENKUL YATIRIM ORTAKLIĞI A.Ş. - Değerleme Raporu,Değerleme Raporu 2025-ASCEGYO-063 nolu Değerleme Raporu,https://www.kap.org.tr/tr/Bildirim/1531376,tr,2025-12-30T19:16:16+00:00
2025-12-30,ASGYO,KAP,ASCE GAYRİMENKUL YATIRIM ORTAKLIĞI A.Ş. - Değerleme Raporu,Değerleme Raporu 2025-ASCEGYO-062 nolu Değerleme Raporu,https://www.kap.org.tr/tr/Bildirim/1531375,tr,2025-12-30T19:16:05+00:00
2025-12-30,ASGYO,KAP,ASCE GAYRİMENKUL YATIRIM ORTAKLIĞI A.Ş. - Değerleme Raporu,Değerleme Raporu 2025-ASCEGYO-061 nolu Değerleme Raporu,https://www.kap.org.tr/tr/Bildirim/1531374,tr,2025-12-30T19:15:52+00:00
2025-12-30,ASGYO,KAP,ASCE GAYRİMENKUL YATIRIM ORTAKLIĞI A.Ş. - Değerleme Raporu,Değerleme Raporu 2025-ASCEGYO-060 nolu Değerleme Raporu,https://www.kap.org.tr/tr/Bildirim/1531373,tr,2025-12-30T19:15:40+00:00
2025-12-30,ASGYO,KAP,ASCE GAYRİMENKUL YATIRIM ORTAKLIĞI A.Ş. - Değerleme Raporu,Değerleme Raporu 2025-ASCEGYO-059 nolu Değerleme Raporu,https://www.kap.org.tr/tr/Bildirim/1531372,tr,2025-12-30T19:15:28+00:00
2025-12-30,ASGYO,KAP,ASCE GAYRİMENKUL YATIRIM ORTAKLIĞI A.Ş. - Değerleme Raporu,Değerleme Raporu 2025-ASCEGYO-058 nolu Değerleme Raporu,https://www.kap.org.tr/tr/Bildirim/1531371,tr,2025-12-30T19:15:14+00:00
2025-12-30,ASGYO,KAP,ASCE GAYRİMENKUL YATIRIM ORTAKLIĞI A.Ş. - Değerleme Raporu,Değerleme Raporu 2025-ASCEGYO-057 nolu Değerleme Raporu,https://www.kap.org.tr/tr/Bildirim/1531370,tr,2025-12-30T19:15:00+00:00
2025-12-30,ASGYO,KAP,ASCE GAYRİMENKUL YATIRIM ORTAKLIĞI A.Ş. - Değerleme Raporu,Değerleme Raporu 2025-ASCEGYO-056 nolu Değerleme Raporu,https://www.kap.org.tr/tr/Bildirim/1531369,tr,2025-12-30T19:14:44+00:00
2025-12-30,ASGYO,KAP,ASCE GAYRİMENKUL YATIRIM ORTAKLIĞI A.Ş. - Değerleme Raporu,Değerleme Raporu 2025-ASCEGYO-055 nolu Değerleme Raporu,https://www.kap.org.tr/tr/Bildirim/1531368,tr,2025-12-30T19:14:27+00:00
2025-12-30,ASGYO,KAP,ASCE GAYRİMENKUL YATIRIM ORTAKLIĞI A.Ş. - Değerleme Raporu,Değerleme Raporu 2025-ASCEGYO-054 nolu Değerleme Raporu,https://www.kap.org.tr/tr/Bildirim/1531367,tr,2025-12-30T19:14:04+00:00
2025-12-30,ASGYO,KAP,ASCE GAYRİMENKUL YATIRIM ORTAKLIĞI A.Ş. - Değerleme Raporu,Değerleme Raporu 2025-ASCEGYO-053 nolu Değerleme Raporu,https://www.kap.org.tr/tr/Bildirim/1531366,tr,2025-12-30T19:13:49+00:00
2025-12-30,ASGYO,KAP,ASCE GAYRİMENKUL YATIRIM ORTAKLIĞI A.Ş. - Değerleme Raporu,Değerleme Raporu 2025-ASCEGYO-052 nolu Değerleme Raporu,https://www.kap.org.tr/tr/Bildirim/1531365,tr,2025-12-30T19:13:36+00:00
2025-12-30,ASGYO,KAP,ASCE GAYRİMENKUL YATIRIM ORTAKLIĞI A.Ş. - Değerleme Raporu,Değerleme Raporu 2025-ASCEGYO-051 nolu Değerleme Raporu,https://www.kap.org.tr/tr/Bildirim/1531364,tr,2025-12-30T19:13:19+00:00
2025-12-30,ASGYO,KAP,ASCE GAYRİMENKUL YATIRIM ORTAKLIĞI A.Ş. - Değerleme Raporu,Değerleme Raporu 2025-ASCEGYO-050 nolu Değerleme Raporu,https://www.kap.org.tr/tr/Bildirim/1531363,tr,2025-12-30T19:13:05+00:00
2025-12-30,ASGYO,KAP,ASCE GAYRİMENKUL YATIRIM ORTAKLIĞI A.Ş. - Değerleme Raporu,Değerleme Raporu 2025-ASCEGYO-049 nolu Değerleme Raporu,https://www.kap.org.tr/tr/Bildirim/1531362,tr,2025-12-30T19:12:46+00:00
2025-12-30,ASGYO,KAP,ASCE GAYRİMENKUL YATIRIM ORTAKLIĞI A.Ş. - Değerleme Raporu,Değerleme Raporu 2025-ASCEGYO-048 nolu Değerleme Raporu,https://www.kap.org.tr/tr/Bildirim/1531361,tr,2025-12-30T19:12:30+00:00
2025-12-30,ASGYO,KAP,ASCE GAYRİMENKUL YATIRIM ORTAKLIĞI A.Ş. - Değerleme Raporu,Değerleme Raporu 2025-ASCEGYO-047 nolu Değerleme Raporu,https://www.kap.org.tr/tr/Bildirim/1531360,tr,2025-12-30T19:12:13+00:00
2025-12-30,ASGYO,KAP,ASCE GAYRİMENKUL YATIRIM ORTAKLIĞI A.Ş. - Değerleme Raporu,Değerleme Raporu 2025-ASCEGYO-046 nolu Değerleme Raporu,https://www.kap.org.tr/tr/Bildirim/1531358,tr,2025-12-30T19:11:58+00:00
2025-12-30,ASGYO,KAP,ASCE GAYRİMENKUL YATIRIM ORTAKLIĞI A.Ş. - Değerleme Raporu,Değerleme Raporu 2025-ASCEGYO-045 nolu Değerleme Raporu,https://www.kap.org.tr/tr/Bildirim/1531357,tr,2025-12-30T19:11:42+00:00
2025-12-30,ASGYO,KAP,ASCE GAYRİMENKUL YATIRIM ORTAKLIĞI A.Ş. - Değerleme Raporu,Değerleme Raporu 2025-ASCEGYO-044 nolu Değerleme Raporu,https://www.kap.org.tr/tr/Bildirim/1531356,tr,2025-12-30T19:11:26+00:00
2025-12-30,ASGYO,KAP,ASCE GAYRİMENKUL YATIRIM ORTAKLIĞI A.Ş. - Değerleme Raporu,Değerleme Raporu 2025-ASCEGYO-043 nolu Değerleme Raporu,https://www.kap.org.tr/tr/Bildirim/1531355,tr,2025-12-30T19:11:10+00:00
2025-12-30,ASGYO,KAP,ASCE GAYRİMENKUL YATIRIM ORTAKLIĞI A.Ş. - Değerleme Raporu,Değerleme Raporu 2025-ASCEGYO-042 nolu Değerleme Raporu,https://www.kap.org.tr/tr/Bildirim/1531354,tr,2025-12-30T19:10:53+00:00
2025-12-30,ASGYO,KAP,ASCE GAYRİMENKUL YATIRIM ORTAKLIĞI A.Ş. - Değerleme Raporu,Değerleme Raporu 2025-ASCEGYO-041 nolu Değerleme Raporu,https://www.kap.org.tr/tr/Bildirim/1531353,tr,2025-12-30T19:10:36+00:00
2025-12-30,ASGYO,KAP,ASCE GAYRİMENKUL YATIRIM ORTAKLIĞI A.Ş. - Değerleme Raporu,Değerleme Raporu 2025-ASCEGYO-040 nolu Değerleme Raporu,https://www.kap.org.tr/tr/Bildirim/1531352,tr,2025-12-30T19:10:17+00:00
2025-12-30,ASGYO,KAP,ASCE GAYRİMENKUL YATIRIM ORTAKLIĞI A.Ş. - Değerleme Raporu,Değerleme Raporu 2025-ASCEGYO-039 nolu Değerleme Raporu,https://www.kap.org.tr/tr/Bildirim/1531351,tr,2025-12-30T19:10:00+00:00
2025-12-30,ASGYO,KAP,ASCE GAYRİMENKUL YATIRIM ORTAKLIĞI A.Ş. - Değerleme Raporu,Değerleme Raporu 2025-ASCEGYO-038 nolu Değerleme Raporu,https://www.kap.org.tr/tr/Bildirim/1531350,tr,2025-12-30T19:09:43+00:00
2025-12-30,ASGYO,KAP,ASCE GAYRİMENKUL YATIRIM ORTAKLIĞI A.Ş. - Değerleme Raporu,Değerleme Raporu 2025-ASCEGYO-037 nolu Değerleme Raporu,https://www.kap.org.tr/tr/Bildirim/1531349,tr,2025-12-30T19:09:29+00:00
2025-12-30,ASGYO,KAP,ASCE GAYRİMENKUL YATIRIM ORTAKLIĞI A.Ş. - Değerleme Raporu,Değerleme Raporu 2025-ASCEGYO-036 nolu Değerleme Raporu,https://www.kap.org.tr/tr/Bildirim/1531347,tr,2025-12-30T19:09:14+00:00
2025-12-30,ASGYO,KAP,ASCE GAYRİMENKUL YATIRIM ORTAKLIĞI A.Ş. - Değerleme Raporu,Değerleme Raporu 2025-ASCEGYO-035 nolu Değerleme Raporu,https://www.kap.org.tr/tr/Bildirim/1531346,tr,2025-12-30T19:08:56+00:00
2025-12-30,ASGYO,KAP,ASCE GAYRİMENKUL YATIRIM ORTAKLIĞI A.Ş. - Değerleme Raporu,Değerleme Raporu 2025-ASCEGYO-034 nolu Değerleme Raporu,https://www.kap.org.tr/tr/Bildirim/1531345,tr,2025-12-30T19:08:40+00:00
2025-12-30,ASGYO,KAP,ASCE GAYRİMENKUL YATIRIM ORTAKLIĞI A.Ş. - Değerleme Raporu,Değerleme Raporu 2025-ASCEGYO-033 nolu Değerleme Raporu,https://www.kap.org.tr/tr/Bildirim/1531344,tr,2025-12-30T19:08:26+00:00
2025-12-30,ASGYO,KAP,ASCE GAYRİMENKUL YATIRIM ORTAKLIĞI A.Ş. - Değerleme Raporu,Değerleme Raporu 2025-ASCEGYO-032 nolu Değerleme Raporu,https://www.kap.org.tr/tr/Bildirim/1531343,tr,2025-12-30T19:08:13+00:00
2025-12-30,ASGYO,KAP,ASCE GAYRİMENKUL YATIRIM ORTAKLIĞI A.Ş. - Değerleme Raporu,Değerleme Raporu 2025-ASCEGYO-031 nolu Değerleme Raporu,https://www.kap.org.tr/tr/Bildirim/1531342,tr,2025-12-30T19:07:56+00:00
2025-12-30,ASGYO,KAP,ASCE GAYRİMENKUL YATIRIM ORTAKLIĞI A.Ş. - Değerleme Raporu,Değerleme Raporu 2025-ASCEGYO-030 nolu Değerleme Raporu,https://www.kap.org.tr/tr/Bildirim/1531341,tr,2025-12-30T19:07:41+00:00
2025-12-30,ASGYO,KAP,ASCE GAYRİMENKUL YATIRIM ORTAKLIĞI A.Ş. - Değerleme Raporu,Değerleme Raporu 2025-ASCEGYO-029 nolu Değerleme Raporu,https://www.kap.org.tr/tr/Bildirim/1531340,tr,2025-12-30T19:07:28+00:00
2025-12-30,ASGYO,KAP,ASCE GAYRİMENKUL YATIRIM ORTAKLIĞI A.Ş. - Değerleme Raporu,Değerleme Raporu 2025-ASCEGYO-028 nolu Değerleme Raporu,https://www.kap.org.tr/tr/Bildirim/1531339,tr,2025-12-30T19:07:08+00:00
2025-12-30,ASGYO,KAP,ASCE GAYRİMENKUL YATIRIM ORTAKLIĞI A.Ş. - Değerleme Raporu,Değerleme Raporu 2025-ASCEGYO-027 nolu Değerleme Raporu,https://www.kap.org.tr/tr/Bildirim/1531338,tr,2025-12-30T19:06:50+00:00
2025-12-30,ASGYO,KAP,ASCE GAYRİMENKUL YATIRIM ORTAKLIĞI A.Ş. - Değerleme Raporu,Değerleme Raporu 2025-ASCEGYO-026 nolu Değerleme Raporu,https://www.kap.org.tr/tr/Bildirim/1531337,tr,2025-12-30T19:06:33+00:00
2025-12-30,ASGYO,KAP,ASCE GAYRİMENKUL YATIRIM ORTAKLIĞI A.Ş. - Değerleme Raporu,Değerleme Raporu 2025-ASCEGYO-025 nolu Değerleme Raporu,https://www.kap.org.tr/tr/Bildirim/1531336,tr,2025-12-30T19:06:15+00:00
2025-12-30,ASGYO,KAP,ASCE GAYRİMENKUL YATIRIM ORTAKLIĞI A.Ş. - Değerleme Raporu,Değerleme Raporu 2025-ASCEGYO-024 nolu Değerleme Raporu,https://www.kap.org.tr/tr/Bildirim/1531335,tr,2025-12-30T19:05:54+00:00
2025-12-30,ASGYO,KAP,ASCE GAYRİMENKUL YATIRIM ORTAKLIĞI A.Ş. - Değerleme Raporu,Değerleme Raporu 2025-ASCEGYO-023 nolu Değerleme Raporu,https://www.kap.org.tr/tr/Bildirim/1531334,tr,2025-12-30T19:05:36+00:00
2025-12-30,ASGYO,KAP,ASCE GAYRİMENKUL YATIRIM ORTAKLIĞI A.Ş. - Değerleme Raporu,Değerleme Raporu 2025-ASCEGYO-022 nolu Değerleme Raporu,https://www.kap.org.tr/tr/Bildirim/1531333,tr,2025-12-30T19:05:18+00:00
2025-12-30,ASGYO,KAP,ASCE GAYRİMENKUL YATIRIM ORTAKLIĞI A.Ş. - Değerleme Raporu,Değerleme Raporu 2025-ASCEGYO-021 nolu Değerleme Raporu,https://www.kap.org.tr/tr/Bildirim/1531332,tr,2025-12-30T19:05:04+00:00
2025-12-30,ASGYO,KAP,ASCE GAYRİMENKUL YATIRIM ORTAKLIĞI A.Ş. - Değerleme Raporu,Değerleme Raporu 2025-ASCEGYO-020 nolu Değerleme Raporu,https://www.kap.org.tr/tr/Bildirim/1531329,tr,2025-12-30T19:04:50+00:00
2025-12-30,ASGYO,KAP,ASCE GAYRİMENKUL YATIRIM ORTAKLIĞI A.Ş. - Değerleme Raporu,Değerleme Raporu 2025-ASCEGYO-019 nolu Değerleme Raporu,https://www.kap.org.tr/tr/Bildirim/1531328,tr,2025-12-30T19:04:31+00:00
2025-12-30,ASGYO,KAP,ASCE GAYRİMENKUL YATIRIM ORTAKLIĞI A.Ş. - Değerleme Raporu,Değerleme Raporu 2025-ASCEGYO-018 nolu Değerleme Raporu,https://www.kap.org.tr/tr/Bildirim/1531327,tr,2025-12-30T19:04:14+00:00
2025-12-30,ASGYO,KAP,ASCE GAYRİMENKUL YATIRIM ORTAKLIĞI A.Ş. - Değerleme Raporu,Değerleme Raporu 2025-ASCEGYO-017 nolu Değerleme Raporu,https://www.kap.org.tr/tr/Bildirim/1531326,tr,2025-12-30T19:03:59+00:00
2025-12-30,ASGYO,KAP,ASCE GAYRİMENKUL YATIRIM ORTAKLIĞI A.Ş. - Değerleme Raporu,Değerleme Raporu 2025-ASCEGYO-016 nolu Değerleme Raporu,https://www.kap.org.tr/tr/Bildirim/1531325,tr,2025-12-30T19:03:44+00:00
2025-12-30,ASGYO,KAP,ASCE GAYRİMENKUL YATIRIM ORTAKLIĞI A.Ş. - Değerleme Raporu,Değerleme Raporu 2025-ASCEGYO-015 nolu Değerleme Raporu,https://www.kap.org.tr/tr/Bildirim/1531324,tr,2025-12-30T19:03:18+00:00
2025-12-30,ASGYO,KAP,ASCE GAYRİMENKUL YATIRIM ORTAKLIĞI A.Ş. - Değerleme Raporu,Değerleme Raporu 2025-ASCEGYO-014 nolu Değerleme Raporu,https://www.kap.org.tr/tr/Bildirim/1531323,tr,2025-12-30T19:02:54+00:00
2025-12-30,ASGYO,KAP,ASCE GAYRİMENKUL YATIRIM ORTAKLIĞI A.Ş. - Değerleme Raporu,Değerleme Raporu 2025-ASCEGYO-013 nolu Değerleme Raporu,https://www.kap.org.tr/tr/Bildirim/1531322,tr,2025-12-30T19:02:39+00:00
2025-12-30,ASGYO,KAP,ASCE GAYRİMENKUL YATIRIM ORTAKLIĞI A.Ş. - Değerleme Raporu,Değerleme Raporu 2025-ASCEGYO-012 nolu Değerleme Raporu,https://www.kap.org.tr/tr/Bildirim/1531321,tr,2025-12-30T19:02:24+00:00
2025-12-30,ASGYO,KAP,ASCE GAYRİMENKUL YATIRIM ORTAKLIĞI A.Ş. - Değerleme Raporu,Değerleme Raporu 2025-ASCEGYO-011 nolu Değerleme Raporu,https://www.kap.org.tr/tr/Bildirim/1531320,tr,2025-12-30T19:02:04+00:00
2025-12-30,ASGYO,KAP,ASCE GAYRİMENKUL YATIRIM ORTAKLIĞI A.Ş. - Değerleme Raporu,Değerleme Raporu 2025-ASCEGYO-010 nolu Değerleme Raporu,https://www.kap.org.tr/tr/Bildirim/1531319,tr,2025-12-30T19:01:46+00:00
2025-12-30,ASGYO,KAP,ASCE GAYRİMENKUL YATIRIM ORTAKLIĞI A.Ş. - Değerleme Raporu,Değerleme Raporu 2025-ASCEGYO-009 nolu Değerleme Raporu,https://www.kap.org.tr/tr/Bildirim/1531318,tr,2025-12-30T19:01:29+00:00
2025-12-30,ASGYO,KAP,ASCE GAYRİMENKUL YATIRIM ORTAKLIĞI A.Ş. - Değerleme Raporu,Değerleme Raporu 2025-ASCEGYO-008 nolu Değerleme Raporu,https://www.kap.org.tr/tr/Bildirim/1531317,tr,2025-12-30T19:00:22+00:00
2025-12-30,ATEKS,KAP,AKIN TEKSTİL A.Ş. - Bağımsız Denetim Kuruluşunun Belirlenmesi,Bağımsız Denetim Kuruluşunun Belirlenmesi Bağımsız Denetim ŞirketininTescili,https://www.kap.org.tr/tr/Bildirim/1531201,tr,2025-12-30T17:40:58+00:00
2025-12-30,AZTEK,KAP,AZTEK TEKNOLOJİ ÜRÜNLERİ TİCARET A.Ş. - Özel Durum Açıklaması (Genel),Özel Durum Açıklaması (Genel) Bilgi Sistemleri Yönetimi Politikası,https://www.kap.org.tr/tr/Bildirim/1531283,tr,2025-12-30T18:27:56+00:00
2025-12-30,BAHKM,KAP,BAHADIR KİMYA SANAYİ VE TİCARET A.Ş. - Finansal Duran Varlık Edinimi,"Finansal Duran Varlık Edinimi İştirak,Fabrika Binası ve Arsası Satın Alınması Hk.",https://www.kap.org.tr/tr/Bildirim/1531227,tr,2025-12-30T18:09:50+00:00
2025-12-30,BANVT,KAP,BANVİT BANDIRMA VİTAMİNLİ YEM SANAYİ A.Ş. - Özel Durum Açıklaması (Genel),Özel Durum Açıklaması (Genel) Organizasyonel Değişiklikler - AGRO Operasyonları,https://www.kap.org.tr/tr/Bildirim/1531381,tr,2025-12-30T19:40:46+00:00
2025-12-30,BANVT,KAP,BANVİT BANDIRMA VİTAMİNLİ YEM SANAYİ A.Ş. - Özel Durum Açıklaması (Genel),Özel Durum Açıklaması (Genel) Şirketimizin pay sahipliği yapısında gerçekleşen değişiklikler,https://www.kap.org.tr/tr/Bildirim/1531380,tr,2025-12-30T19:24:07+00:00
2025-12-30,BARMA,KAP,BAREM AMBALAJ SANAYİ VE TİCARET A.Ş. - Özel Durum Açıklaması (Genel),Özel Durum Açıklaması (Genel) Konya Ereğli Kağıt Fabrikası Hakkında,https://www.kap.org.tr/tr/Bildirim/1530939,tr,2025-12-30T11:21:11+00:00
2025-12-30,BIGEN,KAP,BİRLEŞİM GRUP ENERJİ YATIRIMLARI A.Ş. - Kredi Derecelendirmesi,Kredi Derecelendirmesi Kredi Derecelendirmesi,https://www.kap.org.tr/tr/Bildirim/1531276,tr,2025-12-30T18:25:01+00:00
2025-12-30,BIGTK,KAP,BİG MEDYA TEKNOLOJİ A.Ş. - Genel Kurul İşlemlerine İlişkin Bildirim,Genel Kurul İşlemlerine İlişkin Bildirim Olağanüstü Genel Kurul Toplantısı Tescil Bildirimi,https://www.kap.org.tr/tr/Bildirim/1531331,tr,2025-12-30T19:05:02+00:00
2025-12-30,BRKT,KAP,BEREKET VARLIK KİRALAMA A.Ş. - Pay Dışında Sermaye Piyasası Aracı İşlemlerine İlişkin Bildirim (Faizsiz),Pay Dışında Sermaye Piyasası Aracı İşlemlerine İlişkin Bildirim (Faizsiz) TRDBRKT42616 ISIN Kodlu Yurt İçi Kira Sertifikası Satışının Tamamlanması Hk. ALBRK,https://www.kap.org.tr/tr/Bildirim/1530873,tr,2025-12-30T09:25:38+00:00
2025-12-30,BRKT,KAP,BEREKET VARLIK KİRALAMA A.Ş. - Pay Dışında Sermaye Piyasası Aracı İşlemlerine İlişkin Bildirim (Faizsiz),Pay Dışında Sermaye Piyasası Aracı İşlemlerine İlişkin Bildirim (Faizsiz) TRDBRKT32633 ISIN Kodlu Yurt İçi Kira Sertifikası Satışının Tamamlanması Hk. ALBRK,https://www.kap.org.tr/tr/Bildirim/1530869,tr,2025-12-30T09:21:58+00:00
2025-12-30,BRLSM,KAP,BİRLEŞİM MÜHENDİSLİK ISITMA SOĞUTMA HAVALANDIRMA SANAYİ VE TİCARET A.Ş. - Kredi Derecelendirmesi,Kredi Derecelendirmesi Kredi Derecelendirmesi,https://www.kap.org.tr/tr/Bildirim/1531275,tr,2025-12-30T18:23:48+00:00
2025-12-30,BURVA,KAP,BURÇELİK VANA SANAYİ VE TİCARET A.Ş. - Olağan Dışı Fiyat ve Miktar Hareketleri,Olağan Dışı Fiyat ve Miktar Hareketleri Olağandışı Fiyat Miktar Hareketleri hakkında,https://www.kap.org.tr/tr/Bildirim/1531163,tr,2025-12-30T16:54:51+00:00
2025-12-30,CASA,KAP,CASA EMTİA PETROL KİMYEVİ VE TÜREVLERİ SANAYİ VE TİCARET A.Ş. - Genel Kurul İşlemlerine İlişkin Bildirim,Genel Kurul İşlemlerine İlişkin Bildirim 2023 ve 2024 Faaliyet Dönemlerine İlişkin Olağan Genel Kurul Toplantısı Sonucu Hakkında.,https://www.kap.org.tr/tr/Bildirim/1531402,tr,2025-12-30T21:30:43+00:00
2025-12-30,CIMSA,KAP,ÇİMSA ÇİMENTO SANAYİ VE TİCARET A.Ş. - Özel Durum Açıklaması (Genel),Özel Durum Açıklaması (Genel) Organizasyonel Yapıda Değişiklik SAHOL,https://www.kap.org.tr/tr/Bildirim/1531298,tr,2025-12-30T18:35:02+00:00
2025-12-30,COSMO,KAP,COSMOS YATIRIM HOLDİNG A.Ş. - Şirket Genel Bilgi Formu,Şirket Genel Bilgi Formu,https://www.kap.org.tr/tr/Bildirim/1530959,tr,2025-12-30T11:53:37+00:00
2025-12-30,DAPGM,KAP,DAP GAYRİMENKUL GELİŞTİRME A.Ş. - Genel Kurul İşlemlerine İlişkin Bildirim,Genel Kurul İşlemlerine İlişkin Bildirim Olağanüstü Genel kurul Tescili Hakında,https://www.kap.org.tr/tr/Bildirim/1531224,tr,2025-12-30T18:08:47+00:00
2025-12-30,DERIM,KAP,DERİMOD KONFEKSİYON AYAKKABI DERİ SANAYİ VE TİCARET A.Ş. - İlişkili Taraf İşlemleri,İlişkili Taraf İşlemleri Yaygın ve Süreklilik Arz Eden İlişkili Taraf İşlemleri Raporu,https://www.kap.org.tr/tr/Bildirim/1531397,tr,2025-12-30T20:14:53+00:00
2025-12-30,DGGYO,KAP,DOĞUŞ GAYRİMENKUL YATIRIM ORTAKLIĞI A.Ş. - Değerleme Raporu,"Değerleme Raporu Gebze Center AVM, Otel ve Ek Binalar Değerleme Raporu Hk.",https://www.kap.org.tr/tr/Bildirim/1530914,tr,2025-12-30T10:51:03+00:00
2025-12-30,DGGYO,KAP,DOĞUŞ GAYRİMENKUL YATIRIM ORTAKLIĞI A.Ş. - Değerleme Raporu,Değerleme Raporu D Ofis Maslak Değerleme Raporu Hk.,https://www.kap.org.tr/tr/Bildirim/1530911,tr,2025-12-30T10:43:56+00:00
2025-12-30,DGGYO,KAP,DOĞUŞ GAYRİMENKUL YATIRIM ORTAKLIĞI A.Ş. - Değerleme Raporu,Değerleme Raporu Doğuş Center Etiler Değerleme Raporu (16-17 nl bb),https://www.kap.org.tr/tr/Bildirim/1530907,tr,2025-12-30T10:38:39+00:00
2025-12-30,DGGYO,KAP,DOĞUŞ GAYRİMENKUL YATIRIM ORTAKLIĞI A.Ş. - Değerleme Raporu,Değerleme Raporu Doğuş Center Maslak Değerleme Raporu (DCM),https://www.kap.org.tr/tr/Bildirim/1530905,tr,2025-12-30T10:29:52+00:00
2025-12-30,DITAS,KAP,DİTAŞ DOĞAN YEDEK PARÇA İMALAT VE TEKNİK A.Ş. - Sermaye Artırımı - Azaltımı İşlemlerine İlişkin Bildirim,Sermaye Artırımı - Azaltımı İşlemlerine İlişkin Bildirim İzahname Onayı ve Yeni Pay Alma Haklarının Bildirimi,https://www.kap.org.tr/tr/Bildirim/1531264,tr,2025-12-30T18:20:27+00:00
2025-12-30,DOHOL,KAP,DOĞAN ŞİRKETLER GRUBU HOLDİNG A.Ş. - Özel Durum Açıklaması (Genel),Özel Durum Açıklaması (Genel) Ditaş A.Ş. Paylarının Satışına İlişkin Bakiye Tutarın Tahsili Hk. DITAS,https://www.kap.org.tr/tr/Bildirim/1531398,tr,2025-12-30T20:20:42+00:00
2025-12-30,DSTKF,KAP,DESTEK FİNANS FAKTORİNG A.Ş. - Özel Durum Açıklaması (Genel),"Özel Durum Açıklaması (Genel) Sürdürülebilirlik Komitesinin Kurulması, Çalışma Esasları ve Sürdürülebilirlik Politikası hk. DMD, DSYAT, DTBMK",https://www.kap.org.tr/tr/Bildirim/1531049,tr,2025-12-30T15:41:10+00:00
2025-12-30,DZGYO,KAP,DENİZ GAYRİMENKUL YATIRIM ORTAKLIĞI A.Ş. - Değerleme Raporu,"Değerleme Raporu Muğla ili, Bodrum ilçesi, Eskiçeşme mahallesi'nde bulunan Otel'e ait yılsonu değerleme raporu - Aralık 2025",https://www.kap.org.tr/tr/Bildirim/1531294,tr,2025-12-30T18:31:46+00:00
2025-12-30,DZGYO,KAP,DENİZ GAYRİMENKUL YATIRIM ORTAKLIĞI A.Ş. - Değerleme Raporu,"Değerleme Raporu İstanbul ili, Sarıyer ilçesi, Tarabya mahallesi'nde bulunan 3 adet mesken'e ait yılsonu değerleme raporu - Aralık 2025",https://www.kap.org.tr/tr/Bildirim/1531291,tr,2025-12-30T18:30:17+00:00
2025-12-30,DZGYO,KAP,DENİZ GAYRİMENKUL YATIRIM ORTAKLIĞI A.Ş. - Değerleme Raporu,"Değerleme Raporu Ankara ili, Etimesgut ilçesi, Eryaman mahallesi'nde bulunan Göksu AVM'ye ait yılsonu değerleme raporu - Aralık 2025",https://www.kap.org.tr/tr/Bildirim/1531289,tr,2025-12-30T18:29:25+00:00
2025-12-30,DZGYO,KAP,DENİZ GAYRİMENKUL YATIRIM ORTAKLIĞI A.Ş. - Değerleme Raporu,Değerleme Raporu İstanbul ili Başakşehir ilçesi Hoşdere Mahallesinde bulunan 22 adet bağımsız bölüme ait yılsonu değerleme raporu - Aralık 2025,https://www.kap.org.tr/tr/Bildirim/1531285,tr,2025-12-30T18:28:17+00:00
2025-12-30,DZGYO,KAP,DENİZ GAYRİMENKUL YATIRIM ORTAKLIĞI A.Ş. - Değerleme Raporu,"Değerleme Raporu İstanbul ili, Beyoğlu ilçesi, Kemankeş mahallesi'nde bulunan Karaköy binası'na ait yılsonu değerleme raporu - Aralık 2025",https://www.kap.org.tr/tr/Bildirim/1531281,tr,2025-12-30T18:27:05+00:00
2025-12-30,DZGYO,KAP,DENİZ GAYRİMENKUL YATIRIM ORTAKLIĞI A.Ş. - Değerleme Raporu,"Değerleme Raporu Muğla ili, Bodrum ilçesi, Eskiçeşme mahallesi'nde bulunan 9 adet bağımsız bölüme ait yılsonu değerleme raporu - Aralık 2025",https://www.kap.org.tr/tr/Bildirim/1531277,tr,2025-12-30T18:25:25+00:00
2025-12-30,EKGYO,KAP,EMLAK KONUT GAYRİMENKUL YATIRIM ORTAKLIĞI A.Ş. - Özel Durum Açıklaması (Genel),Özel Durum Açıklaması (Genel) İstanbul Ataşehir Kayışdağı İhalesi 2. Oturum Sonucu FENER,https://www.kap.org.tr/tr/Bildirim/1531167,tr,2025-12-30T17:03:08+00:00
2025-12-30,EKGYO,KAP,EMLAK KONUT GAYRİMENKUL YATIRIM ORTAKLIĞI A.Ş. - Özel Durum Açıklaması (Genel),Özel Durum Açıklaması (Genel) Adana Yüreğir Cumhuriyet 1.Etap ihalesi 2. Oturum Tarihi,https://www.kap.org.tr/tr/Bildirim/1530897,tr,2025-12-30T10:24:08+00:00
2025-12-30,EKOFA,KAP,EKO FAKTORİNG A.Ş. - Pay Dışında Sermaye Piyasası Aracı İşlemlerine İlişkin Bildirim (Faiz İçeren),Pay Dışında Sermaye Piyasası Aracı İşlemlerine İlişkin Bildirim (Faiz İçeren) TRFEKOF92616 ISIN Kodlu Bono 1.kupon ödemesi,https://www.kap.org.tr/tr/Bildirim/1531074,tr,2025-12-30T16:08:46+00:00
2025-12-30,EKTVK,KAP,EMLAK KATILIM VARLIK KİRALAMA A.Ş. - Pay Dışında Sermaye Piyasası Aracı İşlemlerine İlişkin Bildirim (Faizsiz),Pay Dışında Sermaye Piyasası Aracı İşlemlerine İlişkin Bildirim (Faizsiz) TRDEVKS32672 ISIN Kodlu Kira Sertifikası İhracının Nitelikli Yatırımcıya Satışının Tamamlanması Hk. EKT,https://www.kap.org.tr/tr/Bildirim/1530879,tr,2025-12-30T09:32:58+00:00
2025-12-30,EKTVK,KAP,EMLAK KATILIM VARLIK KİRALAMA A.Ş. - Pay Dışında Sermaye Piyasası Aracı İşlemlerine İlişkin Bildirim (Faizsiz),Pay Dışında Sermaye Piyasası Aracı İşlemlerine İlişkin Bildirim (Faizsiz) TRDEVKS32680 ISIN Kodlu Kira Sertifikası İhracının Nitelikli Yatırımcıya Satışının Tamamlanması Hk. EKT,https://www.kap.org.tr/tr/Bildirim/1530877,tr,2025-12-30T09:29:22+00:00
2025-12-30,EMVAR,KAP,EMLAK VARLIK KİRALAMA A.Ş. - Tertip İhraç Belgesi,Tertip İhraç Belgesi Tertip İhraç Belgesi GRFIN,https://www.kap.org.tr/tr/Bildirim/1531441,tr,2025-12-30T23:53:54+00:00
2025-12-30,EMVAR,KAP,EMLAK VARLIK KİRALAMA A.Ş. - Pay Dışında Sermaye Piyasası Aracı İşlemlerine İlişkin Bildirim (Faizsiz),Pay Dışında Sermaye Piyasası Aracı İşlemlerine İlişkin Bildirim (Faizsiz) Şirketimiz Tarafından İhraç Edilmiş Olan TRDEMVKA2523 ISIN Kodlu Kira Sertifikasının İtfası Hk. ALFIN,https://www.kap.org.tr/tr/Bildirim/1531130,tr,2025-12-30T16:33:48+00:00
2025-12-30,ENJSA,KAP,ENERJİSA ENERJİ A.Ş. - Özel Durum Açıklaması (Genel),Özel Durum Açıklaması (Genel) Yönetim Kurulu Üye Değişikliği,https://www.kap.org.tr/tr/Bildirim/1530908,tr,2025-12-30T10:40:00+00:00
2025-12-30,ENTRA,KAP,IC ENTERRA YENİLENEBİLİR ENERJİ A.Ş. - Şirket Genel Bilgi Formu,Şirket Genel Bilgi Formu,https://www.kap.org.tr/tr/Bildirim/1531173,tr,2025-12-30T17:08:15+00:00
2025-12-30,ESCAR,KAP,ESCAR FİLO KİRALAMA HİZMETLERİ A.Ş. - Payların Geri Alınmasına İlişkin Bildirim,Payların Geri Alınmasına İlişkin Bildirim 30.12.2025 Tarihli Pay Geri Alım İşlemleri,https://www.kap.org.tr/tr/Bildirim/1531399,tr,2025-12-30T20:27:49+00:00
2025-12-30,ETYAT,KAP,EURO TREND YATIRIM ORTAKLIĞI A.Ş. - Özel Durum Açıklaması (Genel),"Özel Durum Açıklaması (Genel) BİAŞ'da oluşan ağırlıklı ortalama fiyatın,pay başına net aktif değerin 2 katını aşması",https://www.kap.org.tr/tr/Bildirim/1531121,tr,2025-12-30T16:32:51+00:00
2025-12-30,EUKYO,KAP,EURO KAPİTAL YATIRIM ORTAKLIĞI A.Ş. - Özel Durum Açıklaması (Genel),"Özel Durum Açıklaması (Genel) BİAŞ'da oluşan ağırlıklı ortalama fiyatın,pay başına net aktif değerin 2 katını aşması",https://www.kap.org.tr/tr/Bildirim/1531133,tr,2025-12-30T16:33:55+00:00
2025-12-30,EUYO,KAP,EURO MENKUL KIYMET YATIRIM ORTAKLIĞI A.Ş. - Özel Durum Açıklaması (Genel),"Özel Durum Açıklaması (Genel) BİAŞ'da oluşan ağırlıklı ortalama fiyatın,pay başına net aktif değerin 2 katını aşması",https://www.kap.org.tr/tr/Bildirim/1531114,tr,2025-12-30T16:31:18+00:00
2025-12-30,FIN,KAP,QNB BANK A.Ş. - Pay Dışında Sermaye Piyasası Aracı İşlemlerine İlişkin Bildirim (Faiz İçeren),Pay Dışında Sermaye Piyasası Aracı İşlemlerine İlişkin Bildirim (Faiz İçeren) QNB Bank A.Ş. Borçlanma Aracı Satışın Tamamlanması hk.,https://www.kap.org.tr/tr/Bildirim/1530912,tr,2025-12-30T10:45:20+00:00
2025-12-30,FROTO,KAP,FORD OTOMOTİV SANAYİ A.Ş. - Yönetim Kurulu Komiteleri,Yönetim Kurulu Komiteleri Yönetim Kurulu Komitelerinin Çalışma Esasları Değişikliği Hakkında,https://www.kap.org.tr/tr/Bildirim/1531303,tr,2025-12-30T18:36:52+00:00
2025-12-30,GARFA,KAP,GARANTİ FAKTORİNG A.Ş. - Özel Durum Açıklaması (Genel),Özel Durum Açıklaması (Genel) Üst Yönetim Değişiklikleri,https://www.kap.org.tr/tr/Bildirim/1531144,tr,2025-12-30T16:36:46+00:00
2025-12-30,GLYHO,KAP,GLOBAL YATIRIM HOLDİNG A.Ş. - Payların Geri Alınmasına İlişkin Bildirim,Payların Geri Alınmasına İlişkin Bildirim 30.12.2025 Tarihli Pay Geri Alım İşlemleri,https://www.kap.org.tr/tr/Bildirim/1531284,tr,2025-12-30T18:28:09+00:00
2025-12-30,GLYHO,KAP,GLOBAL YATIRIM HOLDİNG A.Ş. - Kredi Derecelendirmesi,Kredi Derecelendirmesi JCR Eurasia Rating derecelendirme notu hk.,https://www.kap.org.tr/tr/Bildirim/1531115,tr,2025-12-30T16:32:10+00:00
2025-12-30,GRNYO,KAP,GARANTİ YATIRIM ORTAKLIĞI A.Ş. - Özel Durum Açıklaması (Genel),"Özel Durum Açıklaması (Genel) Paylarının BİAŞ'ta oluşan ağırlıklı ortalama fiyatının, pay başına net aktif değerinin 2 katını aşması hakkında.",https://www.kap.org.tr/tr/Bildirim/1530890,tr,2025-12-30T10:04:36+00:00
2025-12-30,GRTHO,KAP,GRAINTURK HOLDİNG A.Ş. - Özel Durum Açıklaması (Genel),Özel Durum Açıklaması (Genel) Bilgi Sistemleri Yönetim Politikası Hakkında,https://www.kap.org.tr/tr/Bildirim/1530987,tr,2025-12-30T13:05:31+00:00
2025-12-30,GRTHO,KAP,GRAINTURK HOLDİNG A.Ş. - Özel Durum Açıklaması (Genel),Özel Durum Açıklaması (Genel) Sürdürülebilirlik Güvence Denetimini Yapmak Üzere Bağımsız Denetim Kuruluşunun Seçilmesi Hk,https://www.kap.org.tr/tr/Bildirim/1530981,tr,2025-12-30T12:34:33+00:00
2025-12-30,HALKB,KAP,TÜRKİYE HALK BANKASI A.Ş. - Pay Dışında Sermaye Piyasası Aracı İşlemlerine İlişkin Bildirim (Faiz İçeren),Pay Dışında Sermaye Piyasası Aracı İşlemlerine İlişkin Bildirim (Faiz İçeren) Yurtiçinde Nitelikli Yatırımcılara Sermaye Benzeri Tahvil Kupon İtfası,https://www.kap.org.tr/tr/Bildirim/1530997,tr,2025-12-30T13:41:40+00:00
2025-12-30,HDFFL,KAP,HEDEF ARAÇ KİRALAMA VE SERVİS A.Ş. - Pay Dışında Sermaye Piyasası Aracı İşlemlerine İlişkin Bildirim (Faiz İçeren),Pay Dışında Sermaye Piyasası Aracı İşlemlerine İlişkin Bildirim (Faiz İçeren) 2. Kupon Oranının Belirlenmesi,https://www.kap.org.tr/tr/Bildirim/1531208,tr,2025-12-30T17:50:34+00:00
2025-12-30,HDFGS,KAP,HEDEF GİRİŞİM SERMAYESİ YATIRIM ORTAKLIĞI A.Ş. - Şirket Genel Bilgi Formu,Şirket Genel Bilgi Formu,https://www.kap.org.tr/tr/Bildirim/1531222,tr,2025-12-30T18:07:40+00:00
2025-12-30,HDFYB,KAP,HEDEF YATIRIM BANKASI A.Ş. - Şirket Genel Bilgi Formu,Şirket Genel Bilgi Formu,https://www.kap.org.tr/tr/Bildirim/1531278,tr,2025-12-30T18:26:08+00:00
2025-12-30,HDFYB,KAP,HEDEF YATIRIM BANKASI A.Ş. - Sermaye Artırımı veya Azaltımı Bildirimi,"Sermaye Artırımı veya Azaltımı Bildirimi Bankamızın 1.500.000.000,00 TL tutarındaki ödenmiş sermayesinin, 3.000.000.000,00 TL'ye çıkarılması hakkında.",https://www.kap.org.tr/tr/Bildirim/1531272,tr,2025-12-30T18:22:53+00:00
2025-12-30,HEDEF,KAP,HEDEF HOLDİNG A.Ş. - Şirket Genel Bilgi Formu,Şirket Genel Bilgi Formu,https://www.kap.org.tr/tr/Bildirim/1531219,tr,2025-12-30T18:04:59+00:00
2025-12-30,HLVKS,KAP,HALK VARLIK KİRALAMA A.Ş. - Pay Dışında Sermaye Piyasası Aracı İşlemlerine İlişkin Bildirim (Faizsiz),Pay Dışında Sermaye Piyasası Aracı İşlemlerine İlişkin Bildirim (Faizsiz) Yurtiçi Kira Sertifikası İtfa ve Getiri Ödemesi EKGYO,https://www.kap.org.tr/tr/Bildirim/1530968,tr,2025-12-30T12:03:07+00:00
2025-12-30,HUBVC,KAP,HUB GİRİŞİM SERMAYESİ YATIRIM ORTAKLIĞI A.Ş. - Şirket Genel Bilgi Formu,Şirket Genel Bilgi Formu,https://www.kap.org.tr/tr/Bildirim/1531165,tr,2025-12-30T16:55:53+00:00
2025-12-30,HUBVC,KAP,HUB GİRİŞİM SERMAYESİ YATIRIM ORTAKLIĞI A.Ş. - Özel Durum Açıklaması (Genel),Özel Durum Açıklaması (Genel) Pay Devirlerine İlişkin Kapanış İşlemlerin Tamamlanması Hk.,https://www.kap.org.tr/tr/Bildirim/1531164,tr,2025-12-30T16:55:43+00:00
2025-12-30,HUNER,KAP,HUN YENİLENEBİLİR ENERJİ ÜRETİM A.Ş. - Kayıtlı Sermaye Tavanı İşlemlerine İlişkin Bildirim,Kayıtlı Sermaye Tavanı İşlemlerine İlişkin Bildirim Kayıtlı Sermaye Tavanı Artırımı ve Süre Uzatımı Hk.,https://www.kap.org.tr/tr/Bildirim/1530882,tr,2025-12-30T09:46:47+00:00
2025-12-30,HYB,KAP,HEDEF YATIRIM BANKASI A.Ş. - Şirket Genel Bilgi Formu,Şirket Genel Bilgi Formu,https://www.kap.org.tr/tr/Bildirim/1531278,tr,2025-12-30T18:26:08+00:00
2025-12-30,HYB,KAP,HEDEF YATIRIM BANKASI A.Ş. - Sermaye Artırımı veya Azaltımı Bildirimi,"Sermaye Artırımı veya Azaltımı Bildirimi Bankamızın 1.500.000.000,00 TL tutarındaki ödenmiş sermayesinin, 3.000.000.000,00 TL'ye çıkarılması hakkında.",https://www.kap.org.tr/tr/Bildirim/1531272,tr,2025-12-30T18:22:53+00:00
2025-12-30,IDGYO,KAP,İDEALİST GAYRİMENKUL YATIRIM ORTAKLIĞI A.Ş. - Maddi Duran Varlık Kiraya Verilmesi veya Ayni Hak Tesisi,Maddi Duran Varlık Kiraya Verilmesi veya Ayni Hak Tesisi İdealist Cadde Projesinde yer alan A-23 nolu bağımsız bölümün kiraya verilmesi,https://www.kap.org.tr/tr/Bildirim/1531149,tr,2025-12-30T16:39:56+00:00
2025-12-30,INFO,KAP,İNFO YATIRIM MENKUL DEĞERLER A.Ş. - Yatırım Kuruluşu Varant - Sertifika - Senetlerine İlişkin Bildirim,Yatırım Kuruluşu Varant - Sertifika - Senetlerine İlişkin Bildirim 30.12.2025 Vadeli Varantların İtfası,https://www.kap.org.tr/tr/Bildirim/1531440,tr,2025-12-30T23:16:01+00:00
2025-12-30,INFO,KAP,İNFO YATIRIM MENKUL DEĞERLER A.Ş. - Şirket Genel Bilgi Formu,Şirket Genel Bilgi Formu,https://www.kap.org.tr/tr/Bildirim/1531007,tr,2025-12-30T14:24:58+00:00
2025-12-30,INVEO,KAP,INVEO YATIRIM HOLDİNG A.Ş. - Şirket Genel Bilgi Formu,Şirket Genel Bilgi Formu,https://www.kap.org.tr/tr/Bildirim/1531242,tr,2025-12-30T18:13:52+00:00
2025-12-30,ISFAK,KAP,İŞ FAKTORİNG A.Ş. - Şirket Genel Bilgi Formu,Şirket Genel Bilgi Formu,https://www.kap.org.tr/tr/Bildirim/1530947,tr,2025-12-30T11:42:05+00:00
2025-12-30,ISFIN,KAP,İŞ FİNANSAL KİRALAMA A.Ş. - Kurumsal Yönetim İlkelerine Uyum Derecelendirmesi,Kurumsal Yönetim İlkelerine Uyum Derecelendirmesi Kurumsal Yönetim Derecelendirme Notu,https://www.kap.org.tr/tr/Bildirim/1530915,tr,2025-12-30T10:51:24+00:00
2025-12-30,ISGYO,KAP,İŞ GAYRİMENKUL YATIRIM ORTAKLIĞI A.Ş. - Değerleme Raporu,Değerleme Raporu Çekmeköy/Ömerli Arsaları Değerleme Raporu,https://www.kap.org.tr/tr/Bildirim/1531213,tr,2025-12-30T17:54:00+00:00
2025-12-30,ISGYO,KAP,İŞ GAYRİMENKUL YATIRIM ORTAKLIĞI A.Ş. - Değerleme Raporu,"Değerleme Raporu Çekmeköy 1 Ada, 71 Parsel'de Bulunan Taşınmaza Ait Değerleme Raporu",https://www.kap.org.tr/tr/Bildirim/1531212,tr,2025-12-30T17:52:33+00:00
2025-12-30,ISGYO,KAP,İŞ GAYRİMENKUL YATIRIM ORTAKLIĞI A.Ş. - Değerleme Raporu,Değerleme Raporu Maslak Ofis Binası Değerleme Raporu,https://www.kap.org.tr/tr/Bildirim/1531211,tr,2025-12-30T17:52:21+00:00
2025-12-30,ISGYO,KAP,İŞ GAYRİMENKUL YATIRIM ORTAKLIĞI A.Ş. - Değerleme Raporu,Değerleme Raporu Maslak Ofis Binası Kira Değerleme Raporu,https://www.kap.org.tr/tr/Bildirim/1531207,tr,2025-12-30T17:50:03+00:00
2025-12-30,ISGYO,KAP,İŞ GAYRİMENKUL YATIRIM ORTAKLIĞI A.Ş. - Değerleme Raporu,Değerleme Raporu Kadıköy Otel Projesi Arsası Değerleme Raporu,https://www.kap.org.tr/tr/Bildirim/1531185,tr,2025-12-30T17:19:24+00:00
2025-12-30,ISGYO,KAP,İŞ GAYRİMENKUL YATIRIM ORTAKLIĞI A.Ş. - Değerleme Raporu,Değerleme Raporu Kasaba Modern Projesi Değerleme Raporu,https://www.kap.org.tr/tr/Bildirim/1531184,tr,2025-12-30T17:16:36+00:00
2025-12-30,ISGYO,KAP,İŞ GAYRİMENKUL YATIRIM ORTAKLIĞI A.Ş. - Değerleme Raporu,Değerleme Raporu İçerenköy Binaları Değerleme Raporu,https://www.kap.org.tr/tr/Bildirim/1531181,tr,2025-12-30T17:16:05+00:00
2025-12-30,ISGYO,KAP,İŞ GAYRİMENKUL YATIRIM ORTAKLIĞI A.Ş. - Değerleme Raporu,Değerleme Raporu İçerenköy Binaları Kira Değerleme Raporu,https://www.kap.org.tr/tr/Bildirim/1531180,tr,2025-12-30T17:15:37+00:00
2025-12-30,ISGYO,KAP,İŞ GAYRİMENKUL YATIRIM ORTAKLIĞI A.Ş. - Değerleme Raporu,Değerleme Raporu Parmakkapı Binası Değerleme Raporu,https://www.kap.org.tr/tr/Bildirim/1531176,tr,2025-12-30T17:12:35+00:00
2025-12-30,ISGYO,KAP,İŞ GAYRİMENKUL YATIRIM ORTAKLIĞI A.Ş. - Değerleme Raporu,Değerleme Raporu Parmakkapı Binası Kira Değerleme Raporu,https://www.kap.org.tr/tr/Bildirim/1531175,tr,2025-12-30T17:11:43+00:00
2025-12-30,ISMEN,KAP,İŞ YATIRIM MENKUL DEĞERLER A.Ş. - Yatırım Kuruluşu Varant - Sertifika - Senetlerine İlişkin Bildirim,Yatırım Kuruluşu Varant - Sertifika - Senetlerine İlişkin Bildirim İş Yatırım Sertifika ve Varant Alım Satım İşlemleri,https://www.kap.org.tr/tr/Bildirim/1531064,tr,2025-12-30T15:51:54+00:00
2025-12-30,ISMEN,KAP,İŞ YATIRIM MENKUL DEĞERLER A.Ş. - Piyasa Yapıcılığı Kapsamında Gerçekleştirilen İşlemler Bildirimi,Piyasa Yapıcılığı Kapsamında Gerçekleştirilen İşlemler Bildirimi Borsa Yatırım Fonu Piyasa Yapıcılığı İşlemleri ISGLK,https://www.kap.org.tr/tr/Bildirim/1531063,tr,2025-12-30T15:51:13+00:00
2025-12-30,ISYAT,KAP,İŞ YATIRIM ORTAKLIĞI A.Ş. - Özel Durum Açıklaması (Genel),Özel Durum Açıklaması (Genel) Portföy Yönetimi Sözleşmesine ilişkin süre uzatımı,https://www.kap.org.tr/tr/Bildirim/1531069,tr,2025-12-30T15:56:15+00:00
2025-12-30,ISYAT,KAP,İŞ YATIRIM ORTAKLIĞI A.Ş. - Karşılaştırma Ölçütü Belirlenmesi veya Değiştirilmesi,Karşılaştırma Ölçütü Belirlenmesi veya Değiştirilmesi Şirketin yatırım stratejisinin ve eşik değerinin belirlenmesi,https://www.kap.org.tr/tr/Bildirim/1531068,tr,2025-12-30T15:56:02+00:00
2025-12-30,IYF,KAP,İNFO YATIRIM MENKUL DEĞERLER A.Ş. - Yatırım Kuruluşu Varant - Sertifika - Senetlerine İlişkin Bildirim,Yatırım Kuruluşu Varant - Sertifika - Senetlerine İlişkin Bildirim 30.12.2025 Vadeli Varantların İtfası,https://www.kap.org.tr/tr/Bildirim/1531440,tr,2025-12-30T23:16:01+00:00
2025-12-30,IYF,KAP,İNFO YATIRIM MENKUL DEĞERLER A.Ş. - Şirket Genel Bilgi Formu,Şirket Genel Bilgi Formu,https://www.kap.org.tr/tr/Bildirim/1531007,tr,2025-12-30T14:24:58+00:00
2025-12-30,IYM,KAP,İŞ YATIRIM MENKUL DEĞERLER A.Ş. - Yatırım Kuruluşu Varant - Sertifika - Senetlerine İlişkin Bildirim,Yatırım Kuruluşu Varant - Sertifika - Senetlerine İlişkin Bildirim İş Yatırım Sertifika ve Varant Alım Satım İşlemleri,https://www.kap.org.tr/tr/Bildirim/1531064,tr,2025-12-30T15:51:54+00:00
2025-12-30,IYM,KAP,İŞ YATIRIM MENKUL DEĞERLER A.Ş. - Piyasa Yapıcılığı Kapsamında Gerçekleştirilen İşlemler Bildirimi,Piyasa Yapıcılığı Kapsamında Gerçekleştirilen İşlemler Bildirimi Borsa Yatırım Fonu Piyasa Yapıcılığı İşlemleri ISGLK,https://www.kap.org.tr/tr/Bildirim/1531063,tr,2025-12-30T15:51:13+00:00
2025-12-30,KAPLM,KAP,KAPLAMİN AMBALAJ SANAYİ VE TİCARET A.Ş. - Özel Durum Açıklaması (Genel),Özel Durum Açıklaması (Genel) Bilgi Sistemleri Yönetim Politikası Hakkında,https://www.kap.org.tr/tr/Bildirim/1531116,tr,2025-12-30T16:32:18+00:00
2025-12-30,KONTR,KAP,KONTROLMATİK TEKNOLOJİ ENERJİ VE MÜHENDİSLİK A.Ş. - Sermaye Artırımı - Azaltımı İşlemlerine İlişkin Bildirim,Sermaye Artırımı - Azaltımı İşlemlerine İlişkin Bildirim Sermaye Artırımının Tamamlanması ve Toplanan Fon Miktarı Hakkında,https://www.kap.org.tr/tr/Bildirim/1531162,tr,2025-12-30T16:53:17+00:00
2025-12-30,KORTS,KAP,KORTEKS MENSUCAT SANAYİ VE TİCARET A.Ş. - Pay Dışında Sermaye Piyasası Aracı İşlemlerine İlişkin Bildirim (Faiz İçeren),Pay Dışında Sermaye Piyasası Aracı İşlemlerine İlişkin Bildirim (Faiz İçeren) TRSKORT72614 ISIN kodlu Korteks ihracının 2. kupon ödeme dönemine ilişkin açıklama,https://www.kap.org.tr/tr/Bildirim/1530994,tr,2025-12-30T13:33:44+00:00
2025-12-30,KRTEK,KAP,KARSU TEKSTİL SANAYİİ VE TİCARET A.Ş. - Yönetim Kurulu Komiteleri,"Yönetim Kurulu Komiteleri Sürdürülebilirlik Komitesi?nin Kurulması, Görev ve Yetkilerinin Belirlenmesi ile Sürdürülebilirlikten Sorumlu Yönetim Kurulu Üyesinin Atanması Hk.",https://www.kap.org.tr/tr/Bildirim/1531009,tr,2025-12-30T14:32:02+00:00
2025-12-30,KTSVK,KAP,KT SUKUK VARLIK KİRALAMA A.Ş. - Pay Dışında Sermaye Piyasası Aracı İşlemlerine İlişkin Bildirim (Faizsiz),Pay Dışında Sermaye Piyasası Aracı İşlemlerine İlişkin Bildirim (Faizsiz) TRDKTSK52663 ISIN Kodlu Yurtiçi Kira Sertifikası İhracının Nitelikli Yatırımcıya Satışının Tamamlanması,https://www.kap.org.tr/tr/Bildirim/1530865,tr,2025-12-30T09:09:56+00:00
2025-12-30,KTSVK,KAP,KT SUKUK VARLIK KİRALAMA A.Ş. - Pay Dışında Sermaye Piyasası Aracı İşlemlerine İlişkin Bildirim (Faizsiz),Pay Dışında Sermaye Piyasası Aracı İşlemlerine İlişkin Bildirim (Faizsiz) TRDKTSK52655 ISIN Kodlu Yurtiçi Kira Sertifikası İhracının Nitelikli Yatırımcıya Satışının Tamamlanması,https://www.kap.org.tr/tr/Bildirim/1530864,tr,2025-12-30T09:09:35+00:00
2025-12-30,KZBGY,KAP,KIZILBÜK GAYRİMENKUL YATIRIM ORTAKLIĞI A.Ş. - Özel Durum Açıklaması (Genel),Özel Durum Açıklaması (Genel) Muğla 2. İdare Mahkemesi E:2024/1387 (Yapı Tatil Tutanağının Yürütmesinin Durdurulması Kararı Hk.),https://www.kap.org.tr/tr/Bildirim/1530904,tr,2025-12-30T10:29:14+00:00
2025-12-30,KZBGY,KAP,KIZILBÜK GAYRİMENKUL YATIRIM ORTAKLIĞI A.Ş. - Özel Durum Açıklaması (Genel),Özel Durum Açıklaması (Genel) Muğla 2. İdare Mahkemesi E:2025/134 (İdari Para Cezası Yürütmenin Durdurulması Kararı Hk.),https://www.kap.org.tr/tr/Bildirim/1530903,tr,2025-12-30T10:28:51+00:00
2025-12-30,KZBGY,KAP,KIZILBÜK GAYRİMENKUL YATIRIM ORTAKLIĞI A.Ş. - Özel Durum Açıklaması (Genel),Özel Durum Açıklaması (Genel) Muğla 2. İdare Mahkemesi E: 2025/305 (3. Etap Yapı Ruhsatları İptali Şirketimiz Lehine Yürütme Durdurulması Kararı Hk.),https://www.kap.org.tr/tr/Bildirim/1530901,tr,2025-12-30T10:27:53+00:00
2025-12-30,LKMNH,KAP,LOKMAN HEKİM ENGÜRÜSAĞ SAĞLIK TURİZM EĞİTİM HİZMETLERİ VE İNŞAAT TAAHHÜT A.Ş. - Payların Geri Alınmasına İlişkin Bildirim,Payların Geri Alınmasına İlişkin Bildirim Hisse Geri Alımı,https://www.kap.org.tr/tr/Bildirim/1531305,tr,2025-12-30T18:38:57+00:00
2025-12-30,LOGO,KAP,LOGO YAZILIM SANAYİ VE TİCARET A.Ş. - Özel Durum Açıklaması (Genel),Özel Durum Açıklaması (Genel) Sürdürülebilirlik Denetçisi Seçimi,https://www.kap.org.tr/tr/Bildirim/1531151,tr,2025-12-30T16:44:45+00:00
2025-12-30,LOGO,KAP,LOGO YAZILIM SANAYİ VE TİCARET A.Ş. - Özel Durum Açıklaması (Genel),Özel Durum Açıklaması (Genel) İştirakimiz Total Soft'un azınlık ortağı Avramos Holding'e pay devrine ilişkin ilk aşamanın tamamlanması,https://www.kap.org.tr/tr/Bildirim/1530881,tr,2025-12-30T09:39:17+00:00
2025-12-30,LYDHO,KAP,LYDİA HOLDİNG A.Ş. - Esas Sözleşme,Esas Sözleşme Esas Sözleşme Değişikliği Hk.,https://www.kap.org.tr/tr/Bildirim/1531042,tr,2025-12-30T15:33:18+00:00
2025-12-30,LYDHO,KAP,LYDİA HOLDİNG A.Ş. - Genel Kurul İşlemlerine İlişkin Bildirim,Genel Kurul İşlemlerine İlişkin Bildirim Genel Kurul Kararlarının Tescili Hk.,https://www.kap.org.tr/tr/Bildirim/1531017,tr,2025-12-30T15:00:50+00:00
2025-12-30,MAGEN,KAP,MARGÜN ENERJİ ÜRETİM SANAYİ VE TİCARET A.Ş. - Özel Durum Açıklaması (Genel),Özel Durum Açıklaması (Genel) Jeotermal Enerji Yatırımları,https://www.kap.org.tr/tr/Bildirim/1530978,tr,2025-12-30T12:22:21+00:00
2025-12-30,MERCN,KAP,MERCAN KİMYA SANAYİ VE TİCARET A.Ş. - Payların Geri Alınmasına İlişkin Bildirim,Payların Geri Alınmasına İlişkin Bildirim 30.12.2025 Tarihli Pay Geri Alım İşlemleri,https://www.kap.org.tr/tr/Bildirim/1531265,tr,2025-12-30T18:20:53+00:00
2025-12-30,MNGFA,KAP,MNG FAKTORİNG A.Ş. - Pay Dışında Sermaye Piyasası Aracı İşlemlerine İlişkin Bildirim (Faiz İçeren),Pay Dışında Sermaye Piyasası Aracı İşlemlerine İlişkin Bildirim (Faiz İçeren) TRSMNGFE2618 ISIN Kodlu Borçlanma Aracı Kupon Oranı Hk.,https://www.kap.org.tr/tr/Bildirim/1531127,tr,2025-12-30T16:33:35+00:00
2025-12-30,MOGAN,KAP,MOGAN ENERJİ YATIRIM HOLDİNG A.Ş. - İlişkili Taraf İşlemleri,İlişkili Taraf İşlemleri Yaygın ve Süreklilik Arz eden İlişkili Taraf İşlemleri Raporu?nun Sonuç Bölümü,https://www.kap.org.tr/tr/Bildirim/1531312,tr,2025-12-30T18:55:11+00:00
2025-12-30,MRBAS,KAP,MARBAŞ MENKUL DEĞERLER A.Ş. - Likidite Sağlayıcılık Kapsamındaki İşlemler,Likidite Sağlayıcılık Kapsamındaki İşlemler DCT TRADİNG DIŞ TİCARET A.Ş. Paylarında Likidite Sağlayacılık Kapsamında Gerçekleştirilen İşlemler DCTTR,https://www.kap.org.tr/tr/Bildirim/1530943,tr,2025-12-30T11:32:35+00:00
2025-12-30,MRS,KAP,MARBAŞ MENKUL DEĞERLER A.Ş. - Likidite Sağlayıcılık Kapsamındaki İşlemler,Likidite Sağlayıcılık Kapsamındaki İşlemler DCT TRADİNG DIŞ TİCARET A.Ş. Paylarında Likidite Sağlayacılık Kapsamında Gerçekleştirilen İşlemler DCTTR,https://www.kap.org.tr/tr/Bildirim/1530943,tr,2025-12-30T11:32:35+00:00
2025-12-30,MSY,KAP,MİSYON YATIRIM BANKASI A.Ş. - Şirket Genel Bilgi Formu,Şirket Genel Bilgi Formu,https://www.kap.org.tr/tr/Bildirim/1531306,tr,2025-12-30T18:39:18+00:00
2025-12-30,MSYBN,KAP,MİSYON YATIRIM BANKASI A.Ş. - Şirket Genel Bilgi Formu,Şirket Genel Bilgi Formu,https://www.kap.org.tr/tr/Bildirim/1531306,tr,2025-12-30T18:39:18+00:00
2025-12-30,MTRYO,KAP,METRO YATIRIM ORTAKLIĞI A.Ş. - Karşılaştırma Ölçütü Belirlenmesi veya Değiştirilmesi,Karşılaştırma Ölçütü Belirlenmesi veya Değiştirilmesi Şirketin Yatırım Stratejisinin ve Eşik Değerinin Belirlenmesi Hakkında,https://www.kap.org.tr/tr/Bildirim/1531287,tr,2025-12-30T18:28:52+00:00
2025-12-30,NATEN,KAP,NATUREL YENİLENEBİLİR ENERJİ TİCARET A.Ş. - Kurumsal Yönetim Bilgi Formu (Güncelleme) - Yönetim Kurulu-2,Kurumsal Yönetim Bilgi Formu (Güncelleme) - Yönetim Kurulu-2 Kurumsal Yönetim Bilgi Formu-YÖNETİM KURULU-II,https://www.kap.org.tr/tr/Bildirim/1531259,tr,2025-12-30T18:16:26+00:00
2025-12-30,NATEN,KAP,NATUREL YENİLENEBİLİR ENERJİ TİCARET A.Ş. - Şirket Genel Bilgi Formu,Şirket Genel Bilgi Formu,https://www.kap.org.tr/tr/Bildirim/1531258,tr,2025-12-30T18:16:05+00:00
2025-12-30,NATEN,KAP,NATUREL YENİLENEBİLİR ENERJİ TİCARET A.Ş. - Özel Durum Açıklaması (Genel),Özel Durum Açıklaması (Genel) Yatırımcı İlişkileri Yöneticisi Ataması Hk.,https://www.kap.org.tr/tr/Bildirim/1531256,tr,2025-12-30T18:15:35+00:00
2025-12-30,NRBNK,KAP,NUROL YATIRIM BANKASI A.Ş. - Pay Dışında Sermaye Piyasası Aracı İşlemlerine İlişkin Bildirim (Faiz İçeren),Pay Dışında Sermaye Piyasası Aracı İşlemlerine İlişkin Bildirim (Faiz İçeren) TRFNURLA2525 ISIN Kodlu Finansman Bonosunun İtfası,https://www.kap.org.tr/tr/Bildirim/1531003,tr,2025-12-30T14:02:52+00:00
2025-12-30,NRBNK,KAP,NUROL YATIRIM BANKASI A.Ş. - Pay Dışında Sermaye Piyasası Aracı İşlemlerine İlişkin Bildirim (Faiz İçeren),Pay Dışında Sermaye Piyasası Aracı İşlemlerine İlişkin Bildirim (Faiz İçeren) TRFNURL62628 ISIN Kodlu Finansman Bonosunun Satışının Tamamlanması,https://www.kap.org.tr/tr/Bildirim/1530938,tr,2025-12-30T11:20:25+00:00
2025-12-30,NTHOL,KAP,NET HOLDİNG A.Ş. - Payların Geri Alınmasına İlişkin Bildirim,Payların Geri Alınmasına İlişkin Bildirim Şirketimizin kendi paylarının geri alımı hakkında,https://www.kap.org.tr/tr/Bildirim/1531232,tr,2025-12-30T18:10:47+00:00
2025-12-30,NYB,KAP,NUROL YATIRIM BANKASI A.Ş. - Pay Dışında Sermaye Piyasası Aracı İşlemlerine İlişkin Bildirim (Faiz İçeren),Pay Dışında Sermaye Piyasası Aracı İşlemlerine İlişkin Bildirim (Faiz İçeren) TRFNURLA2525 ISIN Kodlu Finansman Bonosunun İtfası,https://www.kap.org.tr/tr/Bildirim/1531003,tr,2025-12-30T14:02:52+00:00
2025-12-30,NYB,KAP,NUROL YATIRIM BANKASI A.Ş. - Pay Dışında Sermaye Piyasası Aracı İşlemlerine İlişkin Bildirim (Faiz İçeren),Pay Dışında Sermaye Piyasası Aracı İşlemlerine İlişkin Bildirim (Faiz İçeren) TRFNURL62628 ISIN Kodlu Finansman Bonosunun Satışının Tamamlanması,https://www.kap.org.tr/tr/Bildirim/1530938,tr,2025-12-30T11:20:25+00:00
2025-12-30,OFSYM,KAP,OFİS YEM GIDA SANAYİ TİCARET A.Ş. - Payların Geri Alınmasına İlişkin Bildirim,Payların Geri Alınmasına İlişkin Bildirim 30.12.2025 tarihli pay geri alımları,https://www.kap.org.tr/tr/Bildirim/1531225,tr,2025-12-30T18:09:19+00:00
2025-12-30,OPET,KAP,OPET PETROLCÜLÜK A.Ş. - Şirket Genel Bilgi Formu,Şirket Genel Bilgi Formu,https://www.kap.org.tr/tr/Bildirim/1531263,tr,2025-12-30T18:17:41+00:00
2025-12-30,OPET,KAP,OPET PETROLCÜLÜK A.Ş. - Birleşmeye İlişkin Bildirim,Birleşmeye İlişkin Bildirim Devralma suretiyle kolaylaştırılmış usulde birleşme işleminin tescili hakkında,https://www.kap.org.tr/tr/Bildirim/1531261,tr,2025-12-30T18:17:11+00:00
2025-12-30,ORGE,KAP,ORGE ENERJİ ELEKTRİK TAAHHÜT A.Ş. - Payların Geri Alınmasına İlişkin Bildirim,Payların Geri Alınmasına İlişkin Bildirim 30.12.2025 Tarihli Pay Geri Alım İşlemi,https://www.kap.org.tr/tr/Bildirim/1531308,tr,2025-12-30T18:40:35+00:00
2025-12-30,OYA,KAP,OYAK YATIRIM MENKUL DEĞERLER A.Ş. - Piyasa Yapıcılığı Kapsamında Gerçekleştirilen İşlemler Bildirimi,Piyasa Yapıcılığı Kapsamında Gerçekleştirilen İşlemler Bildirimi 30/12/2025 TARİHLİ OYAYO PİYASA YAPICILIĞI İŞLEMLERİ OYAYO,https://www.kap.org.tr/tr/Bildirim/1531295,tr,2025-12-30T18:32:35+00:00
2025-12-30,OYAYO,KAP,OYAK YATIRIM ORTAKLIĞI A.Ş. - Özel Durum Açıklaması (Genel),"Özel Durum Açıklaması (Genel) Ortaklık paylarının BİAŞ'ta oluşan ağırlıklı ortalama fiyatının, pay başına net aktif değerinin 2 katını aşması hakkında",https://www.kap.org.tr/tr/Bildirim/1530899,tr,2025-12-30T10:26:59+00:00
2025-12-30,OYYAT,KAP,OYAK YATIRIM MENKUL DEĞERLER A.Ş. - Piyasa Yapıcılığı Kapsamında Gerçekleştirilen İşlemler Bildirimi,Piyasa Yapıcılığı Kapsamında Gerçekleştirilen İşlemler Bildirimi 30/12/2025 TARİHLİ OYAYO PİYASA YAPICILIĞI İŞLEMLERİ OYAYO,https://www.kap.org.tr/tr/Bildirim/1531295,tr,2025-12-30T18:32:35+00:00
2025-12-30,OZATD,KAP,ÖZATA DENİZCİLİK SANAYİ VE TİCARET A.Ş. - Yeni İş İlişkisi,Yeni İş İlişkisi YENİ İŞ İLİŞKİSİ HK.,https://www.kap.org.tr/tr/Bildirim/1531206,tr,2025-12-30T17:46:39+00:00
2025-12-30,PBT,KAP,PASHA YATIRIM BANKASI A.Ş. - Pay Dışında Sermaye Piyasası Aracı İşlemlerine İlişkin Bildirim (Faiz İçeren),Pay Dışında Sermaye Piyasası Aracı İşlemlerine İlişkin Bildirim (Faiz İçeren) PASHA Yatırım Bankası A.Ş. VDMK İtfası,https://www.kap.org.tr/tr/Bildirim/1531010,tr,2025-12-30T14:45:03+00:00
2025-12-30,PBTR,KAP,PASHA YATIRIM BANKASI A.Ş. - Pay Dışında Sermaye Piyasası Aracı İşlemlerine İlişkin Bildirim (Faiz İçeren),Pay Dışında Sermaye Piyasası Aracı İşlemlerine İlişkin Bildirim (Faiz İçeren) PASHA Yatırım Bankası A.Ş. VDMK İtfası,https://www.kap.org.tr/tr/Bildirim/1531010,tr,2025-12-30T14:45:03+00:00
2025-12-30,QNBFF,KAP,QNB FAKTORİNG A.Ş. - Şirket Genel Bilgi Formu,Şirket Genel Bilgi Formu,https://www.kap.org.tr/tr/Bildirim/1531043,tr,2025-12-30T15:36:27+00:00
2025-12-30,QNBTR,KAP,QNB BANK A.Ş. - Pay Dışında Sermaye Piyasası Aracı İşlemlerine İlişkin Bildirim (Faiz İçeren),Pay Dışında Sermaye Piyasası Aracı İşlemlerine İlişkin Bildirim (Faiz İçeren) QNB Bank A.Ş. Borçlanma Aracı Satışın Tamamlanması hk.,https://www.kap.org.tr/tr/Bildirim/1530912,tr,2025-12-30T10:45:20+00:00
2025-12-30,QUFIN,KAP,QUICK FİNANSMAN A.Ş. - Pay Dışında Sermaye Piyasası Aracı İşlemlerine İlişkin Bildirim (Faiz İçeren),Pay Dışında Sermaye Piyasası Aracı İşlemlerine İlişkin Bildirim (Faiz İçeren) Nitelikli Yatırımcılara Tahvil Satışının Tamamlanması,https://www.kap.org.tr/tr/Bildirim/1530913,tr,2025-12-30T10:45:55+00:00
2025-12-30,RALYH,KAP,RAL YATIRIM HOLDİNG A.Ş. - Finansal Duran Varlık Satışı,Finansal Duran Varlık Satışı Finansal Duran Varlık Satışı,https://www.kap.org.tr/tr/Bildirim/1531439,tr,2025-12-30T22:56:55+00:00
2025-12-30,RYSAS,KAP,REYSAŞ TAŞIMACILIK VE LOJİSTİK TİCARET A.Ş. - Şirket Genel Bilgi Formu,Şirket Genel Bilgi Formu,https://www.kap.org.tr/tr/Bildirim/1530888,tr,2025-12-30T10:03:46+00:00
2025-12-30,SEGYO,KAP,ŞEKER GAYRİMENKUL YATIRIM ORTAKLIĞI A.Ş. - Geri Alınan Payların Elden Çıkarılması,Geri Alınan Payların Elden Çıkarılması Halka Arzda Fiyat İstikrarı Kapsamında Geri Alınan Payların Satışı Hakkında,https://www.kap.org.tr/tr/Bildirim/1530867,tr,2025-12-30T09:12:01+00:00
2025-12-30,SKY,KAP,ŞEKER YATIRIM MENKUL DEĞERLER A.Ş. - Özel Durum Açıklaması (Genel),Özel Durum Açıklaması (Genel) Sürdürülebilirlik Güvence Denetimini Yapmak Üzere Bağımsız Denetim Kuruluşunun Seçilmesi Hk,https://www.kap.org.tr/tr/Bildirim/1531191,tr,2025-12-30T17:30:11+00:00
2025-12-30,SKYMD,KAP,ŞEKER YATIRIM MENKUL DEĞERLER A.Ş. - Özel Durum Açıklaması (Genel),Özel Durum Açıklaması (Genel) Sürdürülebilirlik Güvence Denetimini Yapmak Üzere Bağımsız Denetim Kuruluşunun Seçilmesi Hk,https://www.kap.org.tr/tr/Bildirim/1531191,tr,2025-12-30T17:30:11+00:00
2025-12-30,SMART,KAP,SMARTİKS YAZILIM A.Ş. - Esas Sözleşme,Esas Sözleşme Esas Sözleşme Hk.,https://www.kap.org.tr/tr/Bildirim/1531214,tr,2025-12-30T17:54:50+00:00
2025-12-30,SMART,KAP,SMARTİKS YAZILIM A.Ş. - Kayıtlı Sermaye Tavanı İşlemlerine İlişkin Bildirim,Kayıtlı Sermaye Tavanı İşlemlerine İlişkin Bildirim Kayıtlı Sermaye Tavanına İlişkin Esas Sözleşme Maddesi Tadilinin Tescili Hk.,https://www.kap.org.tr/tr/Bildirim/1531210,tr,2025-12-30T17:51:45+00:00
2025-12-30,SMART,KAP,SMARTİKS YAZILIM A.Ş. - Bağımsız Denetim Kuruluşunun Belirlenmesi,Bağımsız Denetim Kuruluşunun Belirlenmesi Bağımsız Denetim Kuruluşu Seçiminin Tescili Hk.,https://www.kap.org.tr/tr/Bildirim/1531205,tr,2025-12-30T17:46:30+00:00
2025-12-30,SMART,KAP,SMARTİKS YAZILIM A.Ş. - Genel Kurul İşlemlerine İlişkin Bildirim,Genel Kurul İşlemlerine İlişkin Bildirim 2024 Yılı Olağan Genel Kurul Toplantısı Tescil Bildirimi,https://www.kap.org.tr/tr/Bildirim/1531204,tr,2025-12-30T17:45:53+00:00
2025-12-30,SMRTG,KAP,SMART GÜNEŞ ENERJİSİ TEKNOLOJİLERİ ARAŞTIRMA GELİŞTİRME ÜRETİM SANAYİ VE TİCARET A.Ş. - Özel Durum Açıklaması (Genel),Özel Durum Açıklaması (Genel) Bulgaristan Projesinde Şirketimize Arazi Tapusunun Verilmesi,https://www.kap.org.tr/tr/Bildirim/1531260,tr,2025-12-30T18:16:43+00:00
2025-12-30,SMRVA,KAP,SÜMER VARLIK YÖNETİM A.Ş. - Sermaye Artırımı - Azaltımı İşlemlerine İlişkin Bildirim,Sermaye Artırımı - Azaltımı İşlemlerine İlişkin Bildirim Bedelsiz Sermaye Arttırımı Hakkında Yönetim Kurulu Kararı,https://www.kap.org.tr/tr/Bildirim/1531255,tr,2025-12-30T18:15:28+00:00
2025-12-30,SMRVA,KAP,SÜMER VARLIK YÖNETİM A.Ş. - Kayıtlı Sermaye Tavanı İşlemlerine İlişkin Bildirim,Kayıtlı Sermaye Tavanı İşlemlerine İlişkin Bildirim Kayıtlı sermaye geçerlilik süresinin uzatılması ve tavan artırımı amaçlı esas sözleşme değişikliğinin tescili,https://www.kap.org.tr/tr/Bildirim/1531246,tr,2025-12-30T18:14:50+00:00
2025-12-30,SMRVA,KAP,SÜMER VARLIK YÖNETİM A.Ş. - Pay Dışında Sermaye Piyasası Aracı İşlemlerine İlişkin Bildirim (Faiz İçeren),Pay Dışında Sermaye Piyasası Aracı İşlemlerine İlişkin Bildirim (Faiz İçeren) Kupon Oranı Belirlenmesi,https://www.kap.org.tr/tr/Bildirim/1531244,tr,2025-12-30T18:14:15+00:00
2025-12-30,SOKE,KAP,SÖKE DEĞİRMENCİLİK SANAYİ VE TİCARET A.Ş. - Özel Durum Açıklaması (Genel),Özel Durum Açıklaması (Genel) Sürdürülebilirlik Komitesi Kurulması Hk.,https://www.kap.org.tr/tr/Bildirim/1531247,tr,2025-12-30T18:14:53+00:00
2025-12-30,SUMAS,KAP,SUMAŞ SUNİ TAHTA VE MOBİLYA SANAYİİ A.Ş. - Esas Sözleşme Tadili,Esas Sözleşme Tadili Şirketimiz Esas Sözleşme Madde Tadilleri Hk.,https://www.kap.org.tr/tr/Bildirim/1531243,tr,2025-12-30T18:14:05+00:00
2025-12-30,TAE,KAP,TERA YATIRIM BANKASI A.Ş. - Özel Durum Açıklaması (Genel),Özel Durum Açıklaması (Genel) Sermaye Artış Kararına İlişkin Bildirim,https://www.kap.org.tr/tr/Bildirim/1531313,tr,2025-12-30T18:56:08+00:00
2025-12-30,TCELL,KAP,TURKCELL İLETİŞİM HİZMETLERİ A.Ş. - Esas Sözleşme Tadili,Esas Sözleşme Tadili Esas Sözleşme Tadili,https://www.kap.org.tr/tr/Bildirim/1531403,tr,2025-12-30T21:41:14+00:00
2025-12-30,TERA,KAP,TERA YATIRIM MENKUL DEĞERLER A.Ş. - Pay Dışında Sermaye Piyasası Aracı İşlemlerine İlişkin Bildirim (Faiz İçeren),Pay Dışında Sermaye Piyasası Aracı İşlemlerine İlişkin Bildirim (Faiz İçeren) TRFTERA72613 ISIN kodlu 400.000.000TL bono ihracı 2. kupon ödemesi,https://www.kap.org.tr/tr/Bildirim/1531383,tr,2025-12-30T20:03:39+00:00
2025-12-30,TERA,KAP,TERA YATIRIM MENKUL DEĞERLER A.Ş. - Pay Dışında Sermaye Piyasası Aracı İşlemlerine İlişkin Bildirim (Faiz İçeren),Pay Dışında Sermaye Piyasası Aracı İşlemlerine İlişkin Bildirim (Faiz İçeren) TRFTERA72613 ISIN kodlu 400.000.000TL bono ihracı 2. kupon faiz oranı,https://www.kap.org.tr/tr/Bildirim/1530980,tr,2025-12-30T12:34:16+00:00
2025-12-30,THL,KAP,TÜRKİYE HALK BANKASI A.Ş. - Pay Dışında Sermaye Piyasası Aracı İşlemlerine İlişkin Bildirim (Faiz İçeren),Pay Dışında Sermaye Piyasası Aracı İşlemlerine İlişkin Bildirim (Faiz İçeren) Yurtiçinde Nitelikli Yatırımcılara Sermaye Benzeri Tahvil Kupon İtfası,https://www.kap.org.tr/tr/Bildirim/1530997,tr,2025-12-30T13:41:40+00:00
2025-12-30,TIMUR,KAP,TİMUR GAYRİMENKUL GELİŞTİRME YAPI VE YATIRIM A.Ş. - Pay Dışında Sermaye Piyasası Aracı İşlemlerine İlişkin Bildirim (Faiz İçeren),Pay Dışında Sermaye Piyasası Aracı İşlemlerine İlişkin Bildirim (Faiz İçeren) TRFTIMGA2527 No'lu Tahvilin Kupon Ödemesi ve İtfası,https://www.kap.org.tr/tr/Bildirim/1531218,tr,2025-12-30T18:02:15+00:00
2025-12-30,TIMUR,KAP,TİMUR GAYRİMENKUL GELİŞTİRME YAPI VE YATIRIM A.Ş. - Hak Kullanım Süreç İptal Bildirimi,Hak Kullanım Süreç İptal Bildirimi,https://www.kap.org.tr/tr/Bildirim/1530868,tr,2025-12-30T09:21:55+00:00
2025-12-30,TLMAN,KAP,TRABZON LİMAN İŞLETMECİLİĞİ A.Ş. - Bağımsız Denetim Kuruluşunun Belirlenmesi,Bağımsız Denetim Kuruluşunun Belirlenmesi Bağımsız Denetim Kuruluşu Seçiminin Tescili ve TTSG İlanı,https://www.kap.org.tr/tr/Bildirim/1531159,tr,2025-12-30T16:51:23+00:00
2025-12-30,TLMAN,KAP,TRABZON LİMAN İŞLETMECİLİĞİ A.Ş. - Genel Kurul İşlemlerine İlişkin Bildirim,Genel Kurul İşlemlerine İlişkin Bildirim 2024 Yılı Olağan Genel Kurul Kararlarının Tescili,https://www.kap.org.tr/tr/Bildirim/1531158,tr,2025-12-30T16:51:14+00:00
2025-12-30,TRA,KAP,TERA YATIRIM MENKUL DEĞERLER A.Ş. - Pay Dışında Sermaye Piyasası Aracı İşlemlerine İlişkin Bildirim (Faiz İçeren),Pay Dışında Sermaye Piyasası Aracı İşlemlerine İlişkin Bildirim (Faiz İçeren) TRFTERA72613 ISIN kodlu 400.000.000TL bono ihracı 2. kupon ödemesi,https://www.kap.org.tr/tr/Bildirim/1531383,tr,2025-12-30T20:03:39+00:00
2025-12-30,TRA,KAP,TERA YATIRIM MENKUL DEĞERLER A.Ş. - Pay Dışında Sermaye Piyasası Aracı İşlemlerine İlişkin Bildirim (Faiz İçeren),Pay Dışında Sermaye Piyasası Aracı İşlemlerine İlişkin Bildirim (Faiz İçeren) TRFTERA72613 ISIN kodlu 400.000.000TL bono ihracı 2. kupon faiz oranı,https://www.kap.org.tr/tr/Bildirim/1530980,tr,2025-12-30T12:34:16+00:00
2025-12-30,TRALT,KAP,TÜRK ALTIN İŞLETMELERİ A.Ş. - Özel Durum Açıklaması (Genel),Özel Durum Açıklaması (Genel) Toplu İş Sözleşmesi Görüşmelerine Başlanılması Hk.,https://www.kap.org.tr/tr/Bildirim/1531302,tr,2025-12-30T18:36:29+00:00
2025-12-30,TRALT,KAP,TÜRK ALTIN İŞLETMELERİ A.Ş. - Özel Durum Açıklaması (Genel),Özel Durum Açıklaması (Genel) Uyuzhamamı Altın + Gümüş Maden Sahasından Çıkarılacak Cevherin Taşınması ve İşlenmesine Yönelik Protokol Hk.,https://www.kap.org.tr/tr/Bildirim/1531280,tr,2025-12-30T18:27:01+00:00
2025-12-30,TRBNK,KAP,TERA YATIRIM BANKASI A.Ş. - Özel Durum Açıklaması (Genel),Özel Durum Açıklaması (Genel) Sermaye Artış Kararına İlişkin Bildirim,https://www.kap.org.tr/tr/Bildirim/1531313,tr,2025-12-30T18:56:08+00:00
2025-12-30,TRYKI,KAP,TİRYAKİ AGRO GIDA SANAYİ VE TİCARET A.Ş. - Genel Kurul Bildirimi,Genel Kurul Bildirimi Olağanüstü Genel Kurul Toplantı Sonucu Hk.,https://www.kap.org.tr/tr/Bildirim/1530931,tr,2025-12-30T11:11:10+00:00
2025-12-30,TTKOM,KAP,TÜRK TELEKOMÜNİKASYON A.Ş. - Şirket Genel Bilgi Formu,Şirket Genel Bilgi Formu,https://www.kap.org.tr/tr/Bildirim/1530872,tr,2025-12-30T09:24:41+00:00
2025-12-30,TTKOM,KAP,TÜRK TELEKOMÜNİKASYON A.Ş. - Kurumsal Yönetim Bilgi Formu (Güncelleme) - Yönetim Kurulu-2,Kurumsal Yönetim Bilgi Formu (Güncelleme) - Yönetim Kurulu-2 Kurumsal Yönetim Bilgi Formu Güncelleme,https://www.kap.org.tr/tr/Bildirim/1530871,tr,2025-12-30T09:24:26+00:00
2025-12-30,TTKOM,KAP,TÜRK TELEKOMÜNİKASYON A.Ş. - Yönetim Kurulu Komiteleri,Yönetim Kurulu Komiteleri Yatırımcı İlişkileri ve Sürdürülebilirlik Direktörü ve Kurumsal Yönetim Komitesi Üyesinin Görevden Ayrılması,https://www.kap.org.tr/tr/Bildirim/1530870,tr,2025-12-30T09:24:00+00:00
2025-12-30,TV8TV,KAP,TV8 TV YAYINCILIK A.Ş. - Pay Dışında Sermaye Piyasası Aracı İşlemlerine İlişkin Bildirim (Faiz İçeren),Pay Dışında Sermaye Piyasası Aracı İşlemlerine İlişkin Bildirim (Faiz İçeren) Finansman Bonosu İhracının Tamamlanması,https://www.kap.org.tr/tr/Bildirim/1530928,tr,2025-12-30T11:07:29+00:00
2025-12-30,VAKFA,KAP,VAKIF FAKTORİNG A.Ş. - Esas Sözleşme,Esas Sözleşme Şirket Esas Sözleşmesi,https://www.kap.org.tr/tr/Bildirim/1531023,tr,2025-12-30T15:10:17+00:00
2025-12-30,VAKKO,KAP,VAKKO TEKSTİL VE HAZIR GİYİM SANAYİ İŞLETMELERİ A.Ş. - Özel Durum Açıklaması (Genel),Özel Durum Açıklaması (Genel) Sürdürülebilirlik Denetçi Değişikliği,https://www.kap.org.tr/tr/Bildirim/1531431,tr,2025-12-30T22:39:08+00:00
2025-12-30,VESBE,KAP,VESTEL BEYAZ EŞYA SANAYİ VE TİCARET A.Ş. - Şirket Genel Bilgi Formu,Şirket Genel Bilgi Formu,https://www.kap.org.tr/tr/Bildirim/1531314,tr,2025-12-30T18:56:43+00:00
2025-12-30,VESBE,KAP,VESTEL BEYAZ EŞYA SANAYİ VE TİCARET A.Ş. - Özel Durum Açıklaması (Genel),Özel Durum Açıklaması (Genel) Yönetim Kurulu Üyesi İstifası ve Yeni Üye Ataması,https://www.kap.org.tr/tr/Bildirim/1531113,tr,2025-12-30T16:28:50+00:00
2025-12-30,VESTL,KAP,VESTEL ELEKTRONİK SANAYİ VE TİCARET A.Ş. - Şirket Genel Bilgi Formu,Şirket Genel Bilgi Formu,https://www.kap.org.tr/tr/Bildirim/1531311,tr,2025-12-30T18:53:00+00:00
2025-12-30,VESTL,KAP,VESTEL ELEKTRONİK SANAYİ VE TİCARET A.Ş. - Özel Durum Açıklaması (Genel),Özel Durum Açıklaması (Genel) Yönetim Kurulu Üyesi İstifası ve Yeni Üye Ataması,https://www.kap.org.tr/tr/Bildirim/1531112,tr,2025-12-30T16:28:17+00:00
2025-12-30,VKFYO,KAP,VAKIF MENKUL KIYMET YATIRIM ORTAKLIĞI A.Ş. - Özel Durum Açıklaması (Genel),"Özel Durum Açıklaması (Genel) Şirketimizin BİAŞ'da oluşan ağırlıklı ortalama fiyatın, pay başına net aktif değerin 2 katını aşması sebebiyle yapılan açıklamadır.",https://www.kap.org.tr/tr/Bildirim/1531401,tr,2025-12-30T21:18:19+00:00
2025-12-30,VKGYO,KAP,VAKIF GAYRİMENKUL YATIRIM ORTAKLIĞI A.Ş. - Değerleme Raporu,Değerleme Raporu Kütahya Merkez 63 Ada 224 Parsel Arsası 2025 Yıl Sonu Değerleme Raporu,https://www.kap.org.tr/tr/Bildirim/1531209,tr,2025-12-30T17:51:07+00:00
2025-12-30,YEOTK,KAP,YEO TEKNOLOJİ ENERJİ VE ENDÜSTRİ A.Ş. - Özel Durum Açıklaması (Genel),Özel Durum Açıklaması (Genel) Kredi kullanımı.,https://www.kap.org.tr/tr/Bildirim/1530860,tr,2025-12-30T09:05:45+00:00
2025-12-30,YKFIN,KAP,YAPI KREDİ FİNANSAL KİRALAMA A.O. - Pay Dışında Sermaye Piyasası Aracı İşlemlerine İlişkin Bildirim (Faiz İçeren),Pay Dışında Sermaye Piyasası Aracı İşlemlerine İlişkin Bildirim (Faiz İçeren) TRSYKFK72716 ISIN kodlu tahvilin kupon ödemesi,https://www.kap.org.tr/tr/Bildirim/1530967,tr,2025-12-30T12:01:26+00:00
2025-12-30,YYAPI,KAP,YEŞİL YAPI ENDÜSTRİSİ A.Ş. - Esas Sözleşme,Esas Sözleşme Esas Sözleşme,https://www.kap.org.tr/tr/Bildirim/1531359,tr,2025-12-30T19:12:05+00:00
2025-12-30,YYAPI,KAP,YEŞİL YAPI ENDÜSTRİSİ A.Ş. - Sermaye Artırımı - Azaltımı İşlemlerine İlişkin Bildirim,Sermaye Artırımı - Azaltımı İşlemlerine İlişkin Bildirim Sermaye Artırımı İşlemlerinin Tescili Hakkında,https://www.kap.org.tr/tr/Bildirim/1531348,tr,2025-12-30T19:09:16+00:00
2025-12-30,ZKBVR,KAP,ZKB VARLIK KİRALAMA A.Ş. - Pay Dışında Sermaye Piyasası Aracı İşlemlerine İlişkin Bildirim (Faizsiz),Pay Dışında Sermaye Piyasası Aracı İşlemlerine İlişkin Bildirim (Faizsiz) TRDZKBVA2562 ISIN kodlu Yurtiçi Kira Sertifikalarının İtfa ve Getiri Ödeme İşlemlerinin Tamamlanması Hk TKMRT,https://www.kap.org.tr/tr/Bildirim/1530945,tr,2025-12-30T11:34:49+00:00
2025-12-30,ZOREN,KAP,ZORLU ENERJİ ELEKTRİK ÜRETİM A.Ş. - Pay Dışında Sermaye Piyasası Aracı İşlemlerine İlişkin Bildirim (Faiz İçeren),Pay Dışında Sermaye Piyasası Aracı İşlemlerine İlişkin Bildirim (Faiz İçeren) TRSZORNE2619 ISIN Kodlu Tahvilin 1. Kupon Dönemine İlişkin Faiz Ödemesi Hakkında,https://www.kap.org.tr/tr/Bildirim/1530950,tr,2025-12-30T11:44:18+00:00
2025-12-31,ADESE,KAP,ADESE GAYRİMENKUL YATIRIM A.Ş. - Şirket Genel Bilgi Formu,Şirket Genel Bilgi Formu,https://www.kap.org.tr/tr/Bildirim/1531856,tr,2025-12-31T18:14:13+00:00
2025-12-31,AGROT,KAP,AGROTECH YÜKSEK TEKNOLOJİ VE YATIRIM A.Ş. - Sermaye Artırımı - Azaltımı İşlemlerine İlişkin Bildirim,Sermaye Artırımı - Azaltımı İşlemlerine İlişkin Bildirim Sermaye Artırımı - Sermaye Piyasası Kurulu Onayı,https://www.kap.org.tr/tr/Bildirim/1531549,tr,2025-12-31T11:34:02+00:00
2025-12-31,AHGAZ,KAP,AHLATCI DOĞAL GAZ DAĞITIM ENERJİ VE YATIRIM A.Ş. - Özel Durum Açıklaması (Genel),Özel Durum Açıklaması (Genel) Satın Alma Görüşmelerinin Sonlandırılması Hakkında,https://www.kap.org.tr/tr/Bildirim/1531980,tr,2025-12-31T22:00:29+00:00
2025-12-31,AKBNK,KAP,AKBANK T.A.Ş. - Şirket Genel Bilgi Formu,Şirket Genel Bilgi Formu,https://www.kap.org.tr/tr/Bildirim/1531664,tr,2025-12-31T14:58:41+00:00
2025-12-31,AKBNK,KAP,AKBANK T.A.Ş. - Özel Durum Açıklaması (Genel),"Özel Durum Açıklaması (Genel) Takipteki Kredi Alacakları Portföyünün Satışı EMIRV, ISTVY, SMRVA",https://www.kap.org.tr/tr/Bildirim/1531663,tr,2025-12-31T14:58:09+00:00
2025-12-31,AKDFA,KAP,AKDENİZ FAKTORİNG A.Ş. - Pay Dışında Sermaye Piyasası Aracı İşlemlerine İlişkin Bildirim (Faiz İçeren),Pay Dışında Sermaye Piyasası Aracı İşlemlerine İlişkin Bildirim (Faiz İçeren) TRFAKDN72613 1. kupon faiz oranı bildirimi,https://www.kap.org.tr/tr/Bildirim/1531761,tr,2025-12-31T16:30:30+00:00
2025-12-31,AKDFA,KAP,AKDENİZ FAKTORİNG A.Ş. - Pay Dışında Sermaye Piyasası Aracı İşlemlerine İlişkin Bildirim (Faiz İçeren),Pay Dışında Sermaye Piyasası Aracı İşlemlerine İlişkin Bildirim (Faiz İçeren) TRFAKDN42616 İhraç 2. kupon ödemesi gerçekleşmiştir,https://www.kap.org.tr/tr/Bildirim/1531456,tr,2025-12-31T09:08:43+00:00
2025-12-31,AKFGY,KAP,AKFEN GAYRİMENKUL YATIRIM ORTAKLIĞI A.Ş. - Yatırımcı Raporu,Yatırımcı Raporu Aylık Yatırımcı Raporu,https://www.kap.org.tr/tr/Bildirim/1531904,tr,2025-12-31T18:30:40+00:00
2025-12-31,AKFGY,KAP,AKFEN GAYRİMENKUL YATIRIM ORTAKLIĞI A.Ş. - Maddi Duran Varlık Alımı,Maddi Duran Varlık Alımı Maddi Duran Varlık Alımı,https://www.kap.org.tr/tr/Bildirim/1531719,tr,2025-12-31T16:04:07+00:00
2025-12-31,AKFK,KAP,AK FİNANSAL KİRALAMA A.Ş. - Pay Dışında Sermaye Piyasası Aracı İşlemlerine İlişkin Bildirim (Faiz İçeren),Pay Dışında Sermaye Piyasası Aracı İşlemlerine İlişkin Bildirim (Faiz İçeren) TRSAKFK42610 ISIN Kodlu Tahvil Kupon Ödemesi Hk.,https://www.kap.org.tr/tr/Bildirim/1531572,tr,2025-12-31T12:17:27+00:00
2025-12-31,AKM,KAP,AK YATIRIM MENKUL DEĞERLER A.Ş. - Yatırım Kuruluşu Varant - Sertifika - Senetlerine İlişkin Bildirim,"Yatırım Kuruluşu Varant - Sertifika - Senetlerine İlişkin Bildirim 31.12.2025 Vadeli Ons Altın, Ons Gümüş, BIST30 Endeksi, BIST Spot Altın Endeksi, USDTRY Döviz Kuru ve Pay Senedi Varantlarının İtfası",https://www.kap.org.tr/tr/Bildirim/1531920,tr,2025-12-31T18:56:35+00:00
2025-12-31,AKM,KAP,AK YATIRIM MENKUL DEĞERLER A.Ş. - İhraç Tavanına İlişkin Bildirim,İhraç Tavanına İlişkin Bildirim Sermaye Piyasası Aracı İhracına İlişkin Yönetim Kurulu Kararı,https://www.kap.org.tr/tr/Bildirim/1531714,tr,2025-12-31T15:52:42+00:00
2025-12-31,AKM,KAP,AK YATIRIM MENKUL DEĞERLER A.Ş. - Yatırım Kuruluşu Varant - Sertifika - Senetlerine İlişkin Bildirim,Yatırım Kuruluşu Varant - Sertifika - Senetlerine İlişkin Bildirim 30.12.2025 Vadeli DAX Endeksi Varantlarının İtfası,https://www.kap.org.tr/tr/Bildirim/1531508,tr,2025-12-31T10:47:58+00:00
2025-12-31,AKMEN,KAP,AK YATIRIM MENKUL DEĞERLER A.Ş. - Yatırım Kuruluşu Varant - Sertifika - Senetlerine İlişkin Bildirim,"Yatırım Kuruluşu Varant - Sertifika - Senetlerine İlişkin Bildirim 31.12.2025 Vadeli Ons Altın, Ons Gümüş, BIST30 Endeksi, BIST Spot Altın Endeksi, USDTRY Döviz Kuru ve Pay Senedi Varantlarının İtfası",https://www.kap.org.tr/tr/Bildirim/1531920,tr,2025-12-31T18:56:35+00:00
2025-12-31,AKMEN,KAP,AK YATIRIM MENKUL DEĞERLER A.Ş. - İhraç Tavanına İlişkin Bildirim,İhraç Tavanına İlişkin Bildirim Sermaye Piyasası Aracı İhracına İlişkin Yönetim Kurulu Kararı,https://www.kap.org.tr/tr/Bildirim/1531714,tr,2025-12-31T15:52:42+00:00
2025-12-31,AKMEN,KAP,AK YATIRIM MENKUL DEĞERLER A.Ş. - Yatırım Kuruluşu Varant - Sertifika - Senetlerine İlişkin Bildirim,Yatırım Kuruluşu Varant - Sertifika - Senetlerine İlişkin Bildirim 30.12.2025 Vadeli DAX Endeksi Varantlarının İtfası,https://www.kap.org.tr/tr/Bildirim/1531508,tr,2025-12-31T10:47:58+00:00
2025-12-31,AKMGY,KAP,AKMERKEZ GAYRİMENKUL YATIRIM ORTAKLIĞI A.Ş. - Değerleme Raporu,Değerleme Raporu Kira Değerleme Raporu,https://www.kap.org.tr/tr/Bildirim/1531675,tr,2025-12-31T15:06:15+00:00
2025-12-31,AKMGY,KAP,AKMERKEZ GAYRİMENKUL YATIRIM ORTAKLIĞI A.Ş. - Değerleme Raporu,Değerleme Raporu 31.12.2025 Tarihli Gayrimenkul Değerleme Raporu,https://www.kap.org.tr/tr/Bildirim/1531674,tr,2025-12-31T15:05:40+00:00
2025-12-31,AKSA,KAP,AKSA AKRİLİK KİMYA SANAYİİ A.Ş. - Özel Durum Açıklaması (Genel),Özel Durum Açıklaması (Genel) Mithra Yatırımı,https://www.kap.org.tr/tr/Bildirim/1531861,tr,2025-12-31T18:14:58+00:00
2025-12-31,AKSA,KAP,AKSA AKRİLİK KİMYA SANAYİİ A.Ş. - Özel Durum Açıklaması (Genel),Özel Durum Açıklaması (Genel) Teknik İplik Tesisi Yatırımı,https://www.kap.org.tr/tr/Bildirim/1531858,tr,2025-12-31T18:14:39+00:00
2025-12-31,ALGYO,KAP,ALARKO GAYRİMENKUL YATIRIM ORTAKLIĞI A.Ş. - Değerleme Raporu,Değerleme Raporu Portföyümüzde Yer Alan Büyükçekmece Alkent 2000 Çarşı daki 10 Adet Dükkan Ekspertiz Değerleme Raporu.,https://www.kap.org.tr/tr/Bildirim/1531975,tr,2025-12-31T20:54:00+00:00
2025-12-31,ALGYO,KAP,ALARKO GAYRİMENKUL YATIRIM ORTAKLIĞI A.Ş. - Değerleme Raporu,Değerleme Raporu Portföyümüzde Yer Alan Etiler Alkent AVM 39 Adet Dükkan Ekspertiz Değerleme Raporu.,https://www.kap.org.tr/tr/Bildirim/1531973,tr,2025-12-31T20:52:31+00:00
2025-12-31,ALGYO,KAP,ALARKO GAYRİMENKUL YATIRIM ORTAKLIĞI A.Ş. - Değerleme Raporu,Değerleme Raporu Portföyümüzde Yer Alan Karaköy Binası Ekspertiz Değerleme Raporu.,https://www.kap.org.tr/tr/Bildirim/1531972,tr,2025-12-31T20:52:18+00:00
2025-12-31,ALGYO,KAP,ALARKO GAYRİMENKUL YATIRIM ORTAKLIĞI A.Ş. - Değerleme Raporu,Değerleme Raporu Portföyümüzde Yer Alan Ankara Çankaya Binası Ekspertiz Değerleme Raporu.,https://www.kap.org.tr/tr/Bildirim/1531971,tr,2025-12-31T20:51:56+00:00
2025-12-31,ALGYO,KAP,ALARKO GAYRİMENKUL YATIRIM ORTAKLIĞI A.Ş. - Değerleme Raporu,Değerleme Raporu Portföyümüzde Yer Alan Bodrum Otel Ekspertiz Değerleme Raporu.,https://www.kap.org.tr/tr/Bildirim/1531970,tr,2025-12-31T20:51:04+00:00
2025-12-31,ALGYO,KAP,ALARKO GAYRİMENKUL YATIRIM ORTAKLIĞI A.Ş. - Değerleme Raporu,Değerleme Raporu Portföyümüzde Yer Alan Fethiye Hillside Beach Club Tatil Köyü Ekspertiz Değerleme Raporu.,https://www.kap.org.tr/tr/Bildirim/1531969,tr,2025-12-31T20:50:51+00:00
2025-12-31,ALGYO,KAP,ALARKO GAYRİMENKUL YATIRIM ORTAKLIĞI A.Ş. - Değerleme Raporu,Değerleme Raporu Portföyümüzde Yer Alan Büyükçekmece Eskice 3 Adet Parsel Ekspertiz Değerleme Raporu.,https://www.kap.org.tr/tr/Bildirim/1531968,tr,2025-12-31T20:50:36+00:00
2025-12-31,ALGYO,KAP,ALARKO GAYRİMENKUL YATIRIM ORTAKLIĞI A.Ş. - Değerleme Raporu,Değerleme Raporu Portföyümüzde Yer Alan Sarıyer Maslak Arsası Ekspertiz Değerleme Raporu.,https://www.kap.org.tr/tr/Bildirim/1531967,tr,2025-12-31T20:50:03+00:00
2025-12-31,ALGYO,KAP,ALARKO GAYRİMENKUL YATIRIM ORTAKLIĞI A.Ş. - Değerleme Raporu,Değerleme Raporu Portföyümüzde Yer Alan Eyüp Fabrika Binası Ekspertiz Değerleme Raporu.,https://www.kap.org.tr/tr/Bildirim/1531966,tr,2025-12-31T20:49:46+00:00
2025-12-31,ALGYO,KAP,ALARKO GAYRİMENKUL YATIRIM ORTAKLIĞI A.Ş. - Değerleme Raporu,Değerleme Raporu Portföyümüzde Yer Alan Büyükçekmece Alkent 2000 Çarşı daki 10 Adet Dükkan Ekspertiz Değerleme Raporu.,https://www.kap.org.tr/tr/Bildirim/1531965,tr,2025-12-31T20:49:22+00:00
2025-12-31,ALKA,KAP,ALKİM KAĞIT SANAYİ VE TİCARET A.Ş. - Özel Durum Açıklaması (Genel),Özel Durum Açıklaması (Genel) Bilgi Güvenliği Politikası Kabulü ve Görevlendirme Hakkında,https://www.kap.org.tr/tr/Bildirim/1531591,tr,2025-12-31T13:11:43+00:00
2025-12-31,ALKIM,KAP,ALKİM ALKALİ KİMYA A.Ş. - Özel Durum Açıklaması (Genel),Özel Durum Açıklaması (Genel) Bilgi Güvenliği Politikası Kabulü ve Görevlendirme Hakkında,https://www.kap.org.tr/tr/Bildirim/1531454,tr,2025-12-31T09:07:10+00:00
2025-12-31,ALNUS,KAP,ALNUS YATIRIM MENKUL DEĞERLER A.Ş. - Pay Alım Satım Bildirimi,Pay Alım Satım Bildirimi IEYHO Pay Satım Bildirimi IEYHO,https://www.kap.org.tr/tr/Bildirim/1531905,tr,2025-12-31T18:32:39+00:00
2025-12-31,ALTNY,KAP,ALTINAY SAVUNMA TEKNOLOJİLERİ A.Ş. - Şirket Genel Bilgi Formu,Şirket Genel Bilgi Formu,https://www.kap.org.tr/tr/Bildirim/1531987,tr,2025-12-31T23:44:41+00:00
2025-12-31,ALTNY,KAP,ALTINAY SAVUNMA TEKNOLOJİLERİ A.Ş. - Sermaye Artırımı - Azaltımı İşlemlerine İlişkin Bildirim,Sermaye Artırımı - Azaltımı İşlemlerine İlişkin Bildirim Bedelsiz Sermaye Artırımına İlişkin Esas Sözleşme Tescili,https://www.kap.org.tr/tr/Bildirim/1531710,tr,2025-12-31T15:47:51+00:00
2025-12-31,ANC,KAP,ALNUS YATIRIM MENKUL DEĞERLER A.Ş. - Pay Alım Satım Bildirimi,Pay Alım Satım Bildirimi IEYHO Pay Satım Bildirimi IEYHO,https://www.kap.org.tr/tr/Bildirim/1531905,tr,2025-12-31T18:32:39+00:00
2025-12-31,ANELE,KAP,ANEL ELEKTRİK PROJE TAAHHÜT VE TİCARET A.Ş. - Özel Durum Açıklaması (Genel),Özel Durum Açıklaması (Genel) Tahkim Kararı Hakkında,https://www.kap.org.tr/tr/Bildirim/1531974,tr,2025-12-31T20:52:58+00:00
2025-12-31,ARASE,KAP,DOĞU ARAS ENERJİ YATIRIMLARI A.Ş. - Özel Durum Açıklaması (Genel),Özel Durum Açıklaması (Genel) Doğu Aras Enerji Yatırımları A.Ş Firmamızın Bağlı Ortaklığına Ait Enerji Satışı Bildirimidir.,https://www.kap.org.tr/tr/Bildirim/1531602,tr,2025-12-31T13:54:49+00:00
2025-12-31,ARENA,KAP,ARENA BİLGİSAYAR SANAYİ VE TİCARET A.Ş. - Sürdürülebilirlik Raporu,Sürdürülebilirlik Raporu TSRS Uyumlu 01.01.2025 - 31.03.2025 Dönemi Sürdürülebilirlik Raporu,https://www.kap.org.tr/tr/Bildirim/1531715,tr,2025-12-31T15:54:02+00:00
2025-12-31,ARZUM,KAP,ARZUM ELEKTRİKLİ EV ALETLERİ SANAYİ VE TİCARET A.Ş. - Şirket Genel Bilgi Formu,Şirket Genel Bilgi Formu,https://www.kap.org.tr/tr/Bildirim/1531896,tr,2025-12-31T18:25:25+00:00
2025-12-31,ARZUM,KAP,ARZUM ELEKTRİKLİ EV ALETLERİ SANAYİ VE TİCARET A.Ş. - Yönetim Kurulu Komiteleri,Yönetim Kurulu Komiteleri Yönetim Kurulu Komitelerinde Değişiklik,https://www.kap.org.tr/tr/Bildirim/1531894,tr,2025-12-31T18:25:17+00:00
2025-12-31,ARZUM,KAP,ARZUM ELEKTRİKLİ EV ALETLERİ SANAYİ VE TİCARET A.Ş. - Özel Durum Açıklaması (Genel),Özel Durum Açıklaması (Genel) Yönetim Kurulunda Değişiklik,https://www.kap.org.tr/tr/Bildirim/1531893,tr,2025-12-31T18:25:05+00:00
2025-12-31,ASELS,KAP,ASELSAN ELEKTRONİK SANAYİ VE TİCARET A.Ş. - Şirket Genel Bilgi Formu,Şirket Genel Bilgi Formu,https://www.kap.org.tr/tr/Bildirim/1531900,tr,2025-12-31T18:27:35+00:00
2025-12-31,ASELS,KAP,ASELSAN ELEKTRONİK SANAYİ VE TİCARET A.Ş. - Finansal Duran Varlık Edinimi,Finansal Duran Varlık Edinimi Finansal Duran Varlık Edinimi,https://www.kap.org.tr/tr/Bildirim/1531899,tr,2025-12-31T18:27:17+00:00
2025-12-31,ASELS,KAP,ASELSAN ELEKTRONİK SANAYİ VE TİCARET A.Ş. - Finansal Duran Varlık Edinimi,Finansal Duran Varlık Edinimi Finansal Duran Varlık Edinimi,https://www.kap.org.tr/tr/Bildirim/1531898,tr,2025-12-31T18:26:51+00:00
2025-12-31,ASELS,KAP,ASELSAN ELEKTRONİK SANAYİ VE TİCARET A.Ş. - Yeni İş İlişkisi,Yeni İş İlişkisi Sözleşme İmzalanması,https://www.kap.org.tr/tr/Bildirim/1531628,tr,2025-12-31T14:35:12+00:00
2025-12-31,ASTOR,KAP,ASTOR ENERJİ A.Ş. - Şirket Genel Bilgi Formu,Şirket Genel Bilgi Formu,https://www.kap.org.tr/tr/Bildirim/1531579,tr,2025-12-31T12:35:10+00:00
2025-12-31,ASTOR,KAP,ASTOR ENERJİ A.Ş. - Finansal Duran Varlık Satışı,Finansal Duran Varlık Satışı Bağlı Ortaklığımızın Hisse Devri Hakkında,https://www.kap.org.tr/tr/Bildirim/1531578,tr,2025-12-31T12:34:56+00:00
2025-12-31,ATAKP,KAP,ATAKEY PATATES GIDA SANAYİ VE TİCARET A.Ş. - Özel Durum Açıklaması (Genel),Özel Durum Açıklaması (Genel) Yönetici Sorumluluk Sigortası,https://www.kap.org.tr/tr/Bildirim/1531976,tr,2025-12-31T20:55:59+00:00
2025-12-31,ATATP,KAP,ATP YAZILIM VE TEKNOLOJİ A.Ş. - Özel Durum Açıklaması (Genel),Özel Durum Açıklaması (Genel) Yönetici Sorumluluk Sigortası,https://www.kap.org.tr/tr/Bildirim/1531655,tr,2025-12-31T14:54:24+00:00
2025-12-31,AVGYO,KAP,AVRASYA GAYRİMENKUL YATIRIM ORTAKLIĞI A.Ş. - Değerleme Raporu,Değerleme Raporu Samsun Havza Otogarı Yıl Sonu Değerleme Raporu,https://www.kap.org.tr/tr/Bildirim/1531897,tr,2025-12-31T18:26:00+00:00
2025-12-31,AVGYO,KAP,AVRASYA GAYRİMENKUL YATIRIM ORTAKLIĞI A.Ş. - Değerleme Raporu,Değerleme Raporu Samsun Çarşamba Otogarı Yıl Sonu Değerleme Raporu,https://www.kap.org.tr/tr/Bildirim/1531890,tr,2025-12-31T18:23:23+00:00
2025-12-31,AVGYO,KAP,AVRASYA GAYRİMENKUL YATIRIM ORTAKLIĞI A.Ş. - Değerleme Raporu,Değerleme Raporu Samsun İlkadım Otogarı Yıl Sonu Değerleme Raporu,https://www.kap.org.tr/tr/Bildirim/1531889,tr,2025-12-31T18:22:59+00:00
2025-12-31,AVGYO,KAP,AVRASYA GAYRİMENKUL YATIRIM ORTAKLIĞI A.Ş. - Değerleme Raporu,"Değerleme Raporu Samsun İli, İlkadım İlçesi, 18 Parsel Numaralı Akaryakıt İstasyonunun Yıl Sonu Değerleme Raporu",https://www.kap.org.tr/tr/Bildirim/1531888,tr,2025-12-31T18:22:36+00:00
2025-12-31,AVGYO,KAP,AVRASYA GAYRİMENKUL YATIRIM ORTAKLIĞI A.Ş. - Değerleme Raporu,"Değerleme Raporu Samsun İli, İlkadım İlçesi, 20 Parsel Numaralı Akaryakıt İstasyonunun Yıl Sonu Değerlemesi",https://www.kap.org.tr/tr/Bildirim/1531887,tr,2025-12-31T18:22:10+00:00
2025-12-31,AVGYO,KAP,AVRASYA GAYRİMENKUL YATIRIM ORTAKLIĞI A.Ş. - Değerleme Raporu,Değerleme Raporu Batum'da bulunan 108 adet rezidansın yıl sonu değerleme raporu,https://www.kap.org.tr/tr/Bildirim/1531886,tr,2025-12-31T18:21:45+00:00
2025-12-31,AVGYO,KAP,AVRASYA GAYRİMENKUL YATIRIM ORTAKLIĞI A.Ş. - Değerleme Raporu,Değerleme Raporu Samsun İli Çarşamba İlçesinde Bulunan Okul Binasının Yıl Sonu Değerleme Raporu,https://www.kap.org.tr/tr/Bildirim/1531885,tr,2025-12-31T18:21:07+00:00
2025-12-31,AVGYO,KAP,AVRASYA GAYRİMENKUL YATIRIM ORTAKLIĞI A.Ş. - Değerleme Raporu,"Değerleme Raporu İstanbul İli, Arnavutköy İlçesi Deliyunus Köyü 944 parsel yıl sonu değerleme raporu",https://www.kap.org.tr/tr/Bildirim/1531884,tr,2025-12-31T18:20:42+00:00
2025-12-31,AVGYO,KAP,AVRASYA GAYRİMENKUL YATIRIM ORTAKLIĞI A.Ş. - Değerleme Raporu,"Değerleme Raporu İstanbul İli, Arnavutköy İlçesi Deliyunus Köyü 261 parsel yıl sonu değerleme raporu",https://www.kap.org.tr/tr/Bildirim/1531882,tr,2025-12-31T18:20:17+00:00
2025-12-31,AVGYO,KAP,AVRASYA GAYRİMENKUL YATIRIM ORTAKLIĞI A.Ş. - Değerleme Raporu,"Değerleme Raporu İstanbul İli, Şişli İlçesi,Metrocity A Blok 187 nolu Bağımsız Bölüm ve Metrocity C Blok 316 nolu Bağımsız Bölüm Yıl sonu Değerleme Raporu",https://www.kap.org.tr/tr/Bildirim/1531881,tr,2025-12-31T18:19:41+00:00
2025-12-31,AVGYO,KAP,AVRASYA GAYRİMENKUL YATIRIM ORTAKLIĞI A.Ş. - Değerleme Raporu,"Değerleme Raporu Edirne İli, Merkez İlçesinde bulunan 14 ve 17 nolu parseller",https://www.kap.org.tr/tr/Bildirim/1531880,tr,2025-12-31T18:19:15+00:00
2025-12-31,AVGYO,KAP,AVRASYA GAYRİMENKUL YATIRIM ORTAKLIĞI A.Ş. - Değerleme Raporu,"Değerleme Raporu Edirne İli, Merkez İlçesinde bulunan 16 nolu parselin ve Metro Hotel Apartments Projesinin Değerleme Raporu",https://www.kap.org.tr/tr/Bildirim/1531878,tr,2025-12-31T18:18:52+00:00
2025-12-31,AVGYO,KAP,AVRASYA GAYRİMENKUL YATIRIM ORTAKLIĞI A.Ş. - Değerleme Raporu,Değerleme Raporu Mersin ilinde bulunan Dubleks Bilet Satış Büroları yıl sonu değerleme raporu,https://www.kap.org.tr/tr/Bildirim/1531875,tr,2025-12-31T18:18:22+00:00
2025-12-31,AVGYO,KAP,AVRASYA GAYRİMENKUL YATIRIM ORTAKLIĞI A.Ş. - Değerleme Raporu,Değerleme Raporu Ankara ili Yenimahalle ilçesinde bulunan kargir apartmanın yıl sonu değerleme raporu,https://www.kap.org.tr/tr/Bildirim/1531872,tr,2025-12-31T18:17:57+00:00
2025-12-31,AVGYO,KAP,AVRASYA GAYRİMENKUL YATIRIM ORTAKLIĞI A.Ş. - Değerleme Raporu,"Değerleme Raporu Antalya İli, Alanya İlçesi, Türkler Mahallesi sınırları içerisinde yer alan 3 adet taşınmazın yıl sonu değerleme raporu",https://www.kap.org.tr/tr/Bildirim/1531871,tr,2025-12-31T18:17:22+00:00
2025-12-31,BASGZ,KAP,BAŞKENT DOĞALGAZ DAĞITIM GAYRİMENKUL YATIRIM ORTAKLIĞI A.Ş. - Değerleme Raporu,Değerleme Raporu Ankara İli Gölbaşı İlçesi Koparan Ve Koparan İmar Mahallesi'nde Yer Alan 26 Adet Parsele İlişkin Değerleme Raporu Hk,https://www.kap.org.tr/tr/Bildirim/1531605,tr,2025-12-31T14:06:28+00:00
2025-12-31,BASGZ,KAP,BAŞKENT DOĞALGAZ DAĞITIM GAYRİMENKUL YATIRIM ORTAKLIĞI A.Ş. - Değerleme Raporu,"Değerleme Raporu Ankara İli Gölbaşı, Etimesgut, Yenimahalle, Mamak, Çankaya, Keçiören İlçelerinde kayıtlı olan Toplam 44 Adet Parsele ilişkin Gayrimenkul Değerleme Raporu hk",https://www.kap.org.tr/tr/Bildirim/1531604,tr,2025-12-31T14:06:17+00:00
2025-12-31,BIGCH,KAP,BÜYÜK ŞEFLER GIDA TURİZM TEKSTİL DANIŞMANLIK ORGANİZASYON EĞİTİM SANAYİ VE TİCARET A.Ş. - Şirket Genel Bilgi Formu,Şirket Genel Bilgi Formu,https://www.kap.org.tr/tr/Bildirim/1531942,tr,2025-12-31T19:21:09+00:00
2025-12-31,BIGTK,KAP,BİG MEDYA TEKNOLOJİ A.Ş. - Özel Durum Açıklaması (Genel),Özel Durum Açıklaması (Genel) Üst Düzey Yönetici Görevden Ayrılması ve Ataması,https://www.kap.org.tr/tr/Bildirim/1531762,tr,2025-12-31T16:31:32+00:00
2025-12-31,BLS,KAP,BULLS YATIRIM MENKUL DEĞERLER A.Ş. - Şirket Genel Bilgi Formu,Şirket Genel Bilgi Formu,https://www.kap.org.tr/tr/Bildirim/1531842,tr,2025-12-31T18:04:07+00:00
2025-12-31,BLS,KAP,BULLS YATIRIM MENKUL DEĞERLER A.Ş. - Pay Dışında Sermaye Piyasası Aracı İşlemlerine İlişkin Bildirim (Faiz İçeren),Pay Dışında Sermaye Piyasası Aracı İşlemlerine İlişkin Bildirim (Faiz İçeren) Finansman Bonosu İhracı,https://www.kap.org.tr/tr/Bildirim/1531550,tr,2025-12-31T11:34:16+00:00
2025-12-31,BLSMD,KAP,BULLS YATIRIM MENKUL DEĞERLER A.Ş. - Şirket Genel Bilgi Formu,Şirket Genel Bilgi Formu,https://www.kap.org.tr/tr/Bildirim/1531842,tr,2025-12-31T18:04:07+00:00
2025-12-31,BLSMD,KAP,BULLS YATIRIM MENKUL DEĞERLER A.Ş. - Pay Dışında Sermaye Piyasası Aracı İşlemlerine İlişkin Bildirim (Faiz İçeren),Pay Dışında Sermaye Piyasası Aracı İşlemlerine İlişkin Bildirim (Faiz İçeren) Finansman Bonosu İhracı,https://www.kap.org.tr/tr/Bildirim/1531550,tr,2025-12-31T11:34:16+00:00
2025-12-31,BOBET,KAP,BOĞAZİÇİ BETON SANAYİ VE TİCARET A.Ş. - Özel Durum Açıklaması (Genel),Özel Durum Açıklaması (Genel) Bilgi Güvenliği Politikasının Kabulü ve Görevlendirme Hakkında,https://www.kap.org.tr/tr/Bildirim/1531962,tr,2025-12-31T20:38:56+00:00
2025-12-31,BORSK,KAP,BOR ŞEKER A.Ş. - Sürdürülebilirlik Raporu,Sürdürülebilirlik Raporu 01 Nisan 2024 31 Mart 2025 Faaliyet Dönemi Sürdürülebilirlik Raporu,https://www.kap.org.tr/tr/Bildirim/1531676,tr,2025-12-31T15:06:58+00:00
2025-12-31,BRSAN,KAP,BORUSAN BİRLEŞİK BORU FABRİKALARI SANAYİ VE TİCARET A.Ş. - Şirket Genel Bilgi Formu,Şirket Genel Bilgi Formu,https://www.kap.org.tr/tr/Bildirim/1531901,tr,2025-12-31T18:28:26+00:00
2025-12-31,BULGS,KAP,BULLS GİRİŞİM SERMAYESİ YATIRIM ORTAKLIĞI A.Ş. - Finansal Duran Varlık Satışı,Finansal Duran Varlık Satışı Girişim Sermayesi Yatırımından Çıkılması Hk.,https://www.kap.org.tr/tr/Bildirim/1531822,tr,2025-12-31T17:34:35+00:00
2025-12-31,CAGFA,KAP,ÇAĞDAŞ FAKTORİNG A.Ş. - Pay Dışında Sermaye Piyasası Aracı İşlemlerine İlişkin Bildirim (Faiz İçeren),Pay Dışında Sermaye Piyasası Aracı İşlemlerine İlişkin Bildirim (Faiz İçeren) TRFCGDFE2617 ISIN Kodlu İhracın 1.Kupon Faiz Oranının Belirlenmesi,https://www.kap.org.tr/tr/Bildirim/1531752,tr,2025-12-31T16:27:52+00:00
2025-12-31,DESA,KAP,DESA DERİ SANAYİ VE TİCARET A.Ş. - Özel Durum Açıklaması (Genel),Özel Durum Açıklaması (Genel) Bilgi Sistemleri Yönetim Politikası ve Bilgi Sistemleri Yönetim Stratejisi Hakkında,https://www.kap.org.tr/tr/Bildirim/1531466,tr,2025-12-31T09:32:52+00:00
2025-12-31,DMRGD,KAP,DMR UNLU MAMULLER ÜRETİM GIDA TOPTAN PERAKENDE İHRACAT A.Ş. - Sermaye Artırımı - Azaltımı İşlemlerine İlişkin Bildirim,Sermaye Artırımı - Azaltımı İşlemlerine İlişkin Bildirim Bedelsiz Sermaye Artırımına İlişkin Esas Sözleşme Değişikliği Tescili,https://www.kap.org.tr/tr/Bildirim/1531703,tr,2025-12-31T15:32:08+00:00
2025-12-31,DOGVY,KAP,DOĞRU VARLIK YÖNETİM A.Ş. - Şirket Genel Bilgi Formu,Şirket Genel Bilgi Formu,https://www.kap.org.tr/tr/Bildirim/1531599,tr,2025-12-31T13:39:18+00:00
2025-12-31,DURKN,KAP,DURUKAN ŞEKERLEME SANAYİ VE TİCARET A.Ş. - Özel Durum Açıklaması (Genel),Özel Durum Açıklaması (Genel) Yatırımcı İlişkileri Yöneticisi Görevden Ayrılma,https://www.kap.org.tr/tr/Bildirim/1531496,tr,2025-12-31T10:10:39+00:00
2025-12-31,DZGYO,KAP,DENİZ GAYRİMENKUL YATIRIM ORTAKLIĞI A.Ş. - Değerleme Raporu,"Değerleme Raporu Muğla ili, Ortaca ilçesi, Fevziye Mahallesi, 136 ada 8 ve 9 no'lu parselde yer alan üst hakkı'na ait yıl sonu değerleme raporu - Aralık 2025",https://www.kap.org.tr/tr/Bildirim/1531883,tr,2025-12-31T18:20:25+00:00
2025-12-31,EKGYO,KAP,EMLAK KONUT GAYRİMENKUL YATIRIM ORTAKLIĞI A.Ş. - Özel Durum Açıklaması (Genel),Özel Durum Açıklaması (Genel) Cer İstanbul Kısmi Geçici Kabulü,https://www.kap.org.tr/tr/Bildirim/1531741,tr,2025-12-31T16:18:15+00:00
2025-12-31,EKIZ,KAP,EKİZ KİMYA SANAYİ VE TİCARET A.Ş. - Özel Durum Açıklaması (Genel),Özel Durum Açıklaması (Genel) Banka İle Yapılan Protokol Süresinin Uzatılması Hakkında,https://www.kap.org.tr/tr/Bildirim/1531724,tr,2025-12-31T16:06:04+00:00
2025-12-31,ENERY,KAP,ENERYA ENERJİ A.Ş. - Özel Durum Açıklaması (Genel),Özel Durum Açıklaması (Genel) Satın Alma Görüşmelerinin Sonlandırılması Hakkında,https://www.kap.org.tr/tr/Bildirim/1531979,tr,2025-12-31T22:00:11+00:00
2025-12-31,ENERY,KAP,ENERYA ENERJİ A.Ş. - Payların Geri Alınmasına İlişkin Bildirim,Payların Geri Alınmasına İlişkin Bildirim 31.12.2025 Tarihli Pay Geri Alım İşlemleri,https://www.kap.org.tr/tr/Bildirim/1531903,tr,2025-12-31T18:30:08+00:00
2025-12-31,ENJSA,KAP,ENERJİSA ENERJİ A.Ş. - Pay Dışında Sermaye Piyasası Aracı İşlemlerine İlişkin Bildirim (Faiz İçeren),Pay Dışında Sermaye Piyasası Aracı İşlemlerine İlişkin Bildirim (Faiz İçeren) TRSENSA12613 ISIN Kodlu Tahvilin 8. Kupon Faiz Oranının Belirlenmesi.,https://www.kap.org.tr/tr/Bildirim/1531827,tr,2025-12-31T17:44:31+00:00
2025-12-31,ETYAT,KAP,EURO TREND YATIRIM ORTAKLIĞI A.Ş. - Özel Durum Açıklaması (Genel),"Özel Durum Açıklaması (Genel) BİAŞ'da oluşan ağırlıklı ortalama fiyatın,pay başına net aktif değerin 2 katını aşması",https://www.kap.org.tr/tr/Bildirim/1531691,tr,2025-12-31T15:23:43+00:00
2025-12-31,EUKYO,KAP,EURO KAPİTAL YATIRIM ORTAKLIĞI A.Ş. - Özel Durum Açıklaması (Genel),"Özel Durum Açıklaması (Genel) BİAŞ'da oluşan ağırlıklı ortalama fiyatın,pay başına net aktif değerin 2 katını aşması",https://www.kap.org.tr/tr/Bildirim/1531692,tr,2025-12-31T15:24:18+00:00
2025-12-31,EUYO,KAP,EURO MENKUL KIYMET YATIRIM ORTAKLIĞI A.Ş. - Özel Durum Açıklaması (Genel),"Özel Durum Açıklaması (Genel) BİAŞ'da oluşan ağırlıklı ortalama fiyatın,pay başına net aktif değerin 2 katını aşması",https://www.kap.org.tr/tr/Bildirim/1531657,tr,2025-12-31T14:55:06+00:00
2025-12-31,FENER,KAP,FENERBAHÇE FUTBOL A.Ş. - Sermaye Artırımı - Azaltımı İşlemlerine İlişkin Bildirim,Sermaye Artırımı - Azaltımı İşlemlerine İlişkin Bildirim Bedelli Sermaye Artırımına İlişkin SPK Onayı,https://www.kap.org.tr/tr/Bildirim/1531470,tr,2025-12-31T09:44:58+00:00
2025-12-31,FONET,KAP,FONET BİLGİ TEKNOLOJİLERİ A.Ş. - Yeni İş İlişkisi,Yeni İş İlişkisi Harran Üniversitesi Tıp Fakültesi Hastanesi ile imzalanan sözleşme,https://www.kap.org.tr/tr/Bildirim/1531575,tr,2025-12-31T12:26:29+00:00
2025-12-31,GARAN,KAP,TÜRKİYE GARANTİ BANKASI A.Ş. - Şirket Genel Bilgi Formu,Şirket Genel Bilgi Formu,https://www.kap.org.tr/tr/Bildirim/1531841,tr,2025-12-31T18:02:37+00:00
2025-12-31,GATEG,KAP,SENKRON SİBER GÜVENLİK YAZILIM VE BİLİŞİM ÇÖZÜMLERİ A.Ş. - Kar Payı Dağıtım İşlemlerine İlişkin Bildirim,"Kar Payı Dağıtım İşlemlerine İlişkin Bildirim Kar Payı Dağıtım İşlemleri Hakkında,",https://www.kap.org.tr/tr/Bildirim/1531981,tr,2025-12-31T22:03:47+00:00
2025-12-31,GATEG,KAP,SENKRON SİBER GÜVENLİK YAZILIM VE BİLİŞİM ÇÖZÜMLERİ A.Ş. - Genel Kurul İşlemlerine İlişkin Bildirim,"Genel Kurul İşlemlerine İlişkin Bildirim 2023-2024 Yıllarına İlişkin Olağan Genel Kurul Toplantısı Sonuçları Hakkında,",https://www.kap.org.tr/tr/Bildirim/1531978,tr,2025-12-31T21:47:53+00:00
2025-12-31,GEDIK,KAP,GEDİK YATIRIM MENKUL DEĞERLER A.Ş. - Şirket Genel Bilgi Formu,Şirket Genel Bilgi Formu,https://www.kap.org.tr/tr/Bildirim/1531916,tr,2025-12-31T18:51:15+00:00
2025-12-31,GENIL,KAP,GEN İLAÇ VE SAĞLIK ÜRÜNLERİ SANAYİ VE TİCARET A.Ş. - Özel Durum Açıklaması (Genel),Özel Durum Açıklaması (Genel) Bilgi Sistemleri Yönetim Politikası ve Bilgi Güvenliği Sorumlusunun Belirlenmesi,https://www.kap.org.tr/tr/Bildirim/1531706,tr,2025-12-31T15:40:02+00:00
2025-12-31,GENIL,KAP,GEN İLAÇ VE SAĞLIK ÜRÜNLERİ SANAYİ VE TİCARET A.Ş. - Özel Durum Açıklaması (Genel),Özel Durum Açıklaması (Genel) Bilgi Sistemleri Yönetim Politikası ve Bilgi Güvenliği Sorumlusunun Belirlenmesi,https://www.kap.org.tr/tr/Bildirim/1531690,tr,2025-12-31T15:21:03+00:00
2025-12-31,GLCVY,KAP,GELECEK VARLIK YÖNETİMİ A.Ş. - Özel Durum Açıklaması (Genel),Özel Durum Açıklaması (Genel) İhale sonrası Devir ve Temlik İşlemlerinin tamamlanması hk. HEPFN,https://www.kap.org.tr/tr/Bildirim/1531453,tr,2025-12-31T09:06:56+00:00
2025-12-31,GLRYH,KAP,GÜLER YATIRIM HOLDİNG A.Ş. - Şirket Genel Bilgi Formu,Şirket Genel Bilgi Formu,https://www.kap.org.tr/tr/Bildirim/1531465,tr,2025-12-31T09:24:14+00:00
2025-12-31,GRNYO,KAP,GARANTİ YATIRIM ORTAKLIĞI A.Ş. - Özel Durum Açıklaması (Genel),"Özel Durum Açıklaması (Genel) Paylarının BİAŞ'ta oluşan ağırlıklı ortalama fiyatının, pay başına net aktif değerinin 2 katını aşması hakkında.",https://www.kap.org.tr/tr/Bildirim/1531481,tr,2025-12-31T09:57:33+00:00
2025-12-31,GRTHO,KAP,GRAINTURK HOLDİNG A.Ş. - Payların Geri Alınmasına İlişkin Bildirim,Payların Geri Alınmasına İlişkin Bildirim Pay Geri Alımı 31.12.2025 ve Pay Geri Alım Sürecinin Sonlanması Hk.,https://www.kap.org.tr/tr/Bildirim/1531847,tr,2025-12-31T18:10:16+00:00
2025-12-31,GUBRF,KAP,GÜBRE FABRİKALARI T.A.Ş. - Özel Durum Açıklaması (Genel),Özel Durum Açıklaması (Genel) Bilgi Sistemleri Uygulamaları Hk.,https://www.kap.org.tr/tr/Bildirim/1531818,tr,2025-12-31T17:28:24+00:00
2025-12-31,HDFFL,KAP,HEDEF ARAÇ KİRALAMA VE SERVİS A.Ş. - Pay Dışında Sermaye Piyasası Aracı İşlemlerine İlişkin Bildirim (Faiz İçeren),Pay Dışında Sermaye Piyasası Aracı İşlemlerine İlişkin Bildirim (Faiz İçeren) TRSHDAK62718 ISIN Kodlu Tahvilin 2. Kupon Ödemesi,https://www.kap.org.tr/tr/Bildirim/1531510,tr,2025-12-31T10:49:43+00:00
2025-12-31,HEDEF,KAP,HEDEF HOLDİNG A.Ş. - Şirket Genel Bilgi Formu,Şirket Genel Bilgi Formu,https://www.kap.org.tr/tr/Bildirim/1531821,tr,2025-12-31T17:33:27+00:00
2025-12-31,HEDEF,KAP,HEDEF HOLDİNG A.Ş. - Özel Durum Açıklaması (Genel),Özel Durum Açıklaması (Genel) Yönetim Değişikliği Hk.,https://www.kap.org.tr/tr/Bildirim/1531816,tr,2025-12-31T17:22:40+00:00
2025-12-31,HLGYO,KAP,HALK GAYRİMENKUL YATIRIM ORTAKLIĞI A.Ş. - Değerleme Raporu,Değerleme Raporu Ataşehir Finans Kule 2025 Yılsonu Değerleme Raporu,https://www.kap.org.tr/tr/Bildirim/1531744,tr,2025-12-31T16:19:44+00:00
2025-12-31,HLGYO,KAP,HALK GAYRİMENKUL YATIRIM ORTAKLIĞI A.Ş. - Değerleme Raporu,Değerleme Raporu Salıpazarı Otel 2025 Yılsonu Değerleme Raporu,https://www.kap.org.tr/tr/Bildirim/1531743,tr,2025-12-31T16:19:29+00:00
2025-12-31,HLGYO,KAP,HALK GAYRİMENKUL YATIRIM ORTAKLIĞI A.Ş. - Değerleme Raporu,Değerleme Raporu Yenibosna Arsa 2025 Yılsonu Değerleme Raporu,https://www.kap.org.tr/tr/Bildirim/1531742,tr,2025-12-31T16:19:15+00:00
2025-12-31,HLGYO,KAP,HALK GAYRİMENKUL YATIRIM ORTAKLIĞI A.Ş. - Maddi Duran Varlık Satımı,Maddi Duran Varlık Satımı Arsa satışı hk.,https://www.kap.org.tr/tr/Bildirim/1531693,tr,2025-12-31T15:24:54+00:00
2025-12-31,HLVKS,KAP,HALK VARLIK KİRALAMA A.Ş. - Yatırımcı Raporu,Yatırımcı Raporu Halk Varlık Kiralama A.Ş. Yatırımcı Raporu,https://www.kap.org.tr/tr/Bildirim/1531540,tr,2025-12-31T11:17:56+00:00
2025-12-31,HRKET,KAP,HAREKET PROJE TAŞIMACILIĞI VE YÜK MÜHENDİSLİĞİ A.Ş. - Sermaye Artırımından Elde Edilecek - Edilen Fonun Kullanımına İlişkin Rapor,Sermaye Artırımından Elde Edilecek - Edilen Fonun Kullanımına İlişkin Rapor Halka Arz Gelirinden Elde Edilen Fonun Kullanım Yerlerine İlişkin Rapor Hk.,https://www.kap.org.tr/tr/Bildirim/1531660,tr,2025-12-31T14:56:50+00:00
2025-12-31,HRKET,KAP,HAREKET PROJE TAŞIMACILIĞI VE YÜK MÜHENDİSLİĞİ A.Ş. - Şirket Genel Bilgi Formu,Şirket Genel Bilgi Formu,https://www.kap.org.tr/tr/Bildirim/1531594,tr,2025-12-31T13:16:07+00:00
2025-12-31,HRKET,KAP,HAREKET PROJE TAŞIMACILIĞI VE YÜK MÜHENDİSLİĞİ A.Ş. - Kurumsal Yönetim Bilgi Formu (Güncelleme) - Yönetim Kurulu-2,Kurumsal Yönetim Bilgi Formu (Güncelleme) - Yönetim Kurulu-2 Komite Üyelerinin Görev Dağılımı,https://www.kap.org.tr/tr/Bildirim/1531592,tr,2025-12-31T13:12:05+00:00
2025-12-31,HRKET,KAP,HAREKET PROJE TAŞIMACILIĞI VE YÜK MÜHENDİSLİĞİ A.Ş. - Yönetim Kurulu Komiteleri,Yönetim Kurulu Komiteleri Komite Üyeliğinin Güncellenmesi Hk.,https://www.kap.org.tr/tr/Bildirim/1531590,tr,2025-12-31T13:11:22+00:00
2025-12-31,HUBVC,KAP,HUB GİRİŞİM SERMAYESİ YATIRIM ORTAKLIĞI A.Ş. - Şirket Genel Bilgi Formu,Şirket Genel Bilgi Formu,https://www.kap.org.tr/tr/Bildirim/1531814,tr,2025-12-31T17:21:53+00:00
2025-12-31,HUBVC,KAP,HUB GİRİŞİM SERMAYESİ YATIRIM ORTAKLIĞI A.Ş. - Özel Durum Açıklaması (Genel),Özel Durum Açıklaması (Genel) STRS Teknoloji Yatırım A.Ş. Girişim Yatırımından Çıkılması Hk.,https://www.kap.org.tr/tr/Bildirim/1531813,tr,2025-12-31T17:21:19+00:00
2025-12-31,HUBVC,KAP,HUB GİRİŞİM SERMAYESİ YATIRIM ORTAKLIĞI A.Ş. - Özel Durum Açıklaması (Genel),Özel Durum Açıklaması (Genel) İştirakimiz Udentify Bilişim Teknolojileri Danışmanlık Sanayi ve Ticaret A.Ş. Paylarının Satım Bedelinin İlk Taksiti'nin Tahsil Edilmesi Hk.,https://www.kap.org.tr/tr/Bildirim/1531812,tr,2025-12-31T17:20:47+00:00
2025-12-31,IDGYO,KAP,İDEALİST GAYRİMENKUL YATIRIM ORTAKLIĞI A.Ş. - Değerleme Raporu,Değerleme Raporu İzmir/Aliağa Arsa Projesi 2025 Yılı Değerleme Raporu,https://www.kap.org.tr/tr/Bildirim/1531767,tr,2025-12-31T16:33:44+00:00
2025-12-31,IDGYO,KAP,İDEALİST GAYRİMENKUL YATIRIM ORTAKLIĞI A.Ş. - Değerleme Raporu,Değerleme Raporu İdealist Cadde Projesi 12 Adet Bağımsız Bölüm 2025 Yılı Değerleme Raporu,https://www.kap.org.tr/tr/Bildirim/1531766,tr,2025-12-31T16:33:32+00:00
2025-12-31,IHAAS,KAP,İHLAS HABER AJANSI A.Ş. - Özel Durum Açıklaması (Genel),Özel Durum Açıklaması (Genel) Bilgi Sistemleri Yönetimi Hk.,https://www.kap.org.tr/tr/Bildirim/1531955,tr,2025-12-31T20:26:27+00:00
2025-12-31,IHEVA,KAP,İHLAS EV ALETLERİ İMALAT SANAYİ VE TİCARET A.Ş. - Özel Durum Açıklaması (Genel),Özel Durum Açıklaması (Genel) Bilgi Sistemleri Yönetimi Hk.,https://www.kap.org.tr/tr/Bildirim/1531959,tr,2025-12-31T20:34:44+00:00
2025-12-31,IHGZT,KAP,İHLAS GAZETECİLİK A.Ş. - Özel Durum Açıklaması (Genel),Özel Durum Açıklaması (Genel) Bilgi Sistemleri Yönetimi Hk.,https://www.kap.org.tr/tr/Bildirim/1531956,tr,2025-12-31T20:28:00+00:00
2025-12-31,IHLAS,KAP,İHLAS HOLDİNG A.Ş. - Özel Durum Açıklaması (Genel),Özel Durum Açıklaması (Genel) Bilgi Sistemleri Yönetimi Hk.,https://www.kap.org.tr/tr/Bildirim/1531961,tr,2025-12-31T20:37:41+00:00
2025-12-31,IHLGM,KAP,İHLAS GAYRİMENKUL PROJE GELİŞTİRME VE TİCARET A.Ş. - Özel Durum Açıklaması (Genel),Özel Durum Açıklaması (Genel) Bilgi Sistemleri Yönetimi Hk.,https://www.kap.org.tr/tr/Bildirim/1531958,tr,2025-12-31T20:33:58+00:00
2025-12-31,IHYAY,KAP,İHLAS YAYIN HOLDİNG A.Ş. - Özel Durum Açıklaması (Genel),Özel Durum Açıklaması (Genel) Bilgi Sistemleri Yönetimi Hk,https://www.kap.org.tr/tr/Bildirim/1531960,tr,2025-12-31T20:35:54+00:00
2025-12-31,IMASM,KAP,İMAŞ MAKİNA SANAYİ A.Ş. - Şirket Genel Bilgi Formu,Şirket Genel Bilgi Formu,https://www.kap.org.tr/tr/Bildirim/1531860,tr,2025-12-31T18:14:51+00:00
2025-12-31,IMASM,KAP,İMAŞ MAKİNA SANAYİ A.Ş. - Özel Durum Açıklaması (Genel),Özel Durum Açıklaması (Genel) Yurt Dışı Yeni İştirak Kuruluşu Hakkında,https://www.kap.org.tr/tr/Bildirim/1531859,tr,2025-12-31T18:14:42+00:00
2025-12-31,IMASM,KAP,İMAŞ MAKİNA SANAYİ A.Ş. - Özel Durum Açıklaması (Genel),Özel Durum Açıklaması (Genel) Bilgi Sistemleri Yönetimi Politikası,https://www.kap.org.tr/tr/Bildirim/1531857,tr,2025-12-31T18:14:31+00:00
2025-12-31,INFO,KAP,İNFO YATIRIM MENKUL DEĞERLER A.Ş. - Yatırım Kuruluşu Varant - Sertifika - Senetlerine İlişkin Bildirim,Yatırım Kuruluşu Varant - Sertifika - Senetlerine İlişkin Bildirim 31.12.2025 Vadeli Varantların İtfası,https://www.kap.org.tr/tr/Bildirim/1531957,tr,2025-12-31T20:28:42+00:00
2025-12-31,INFO,KAP,İNFO YATIRIM MENKUL DEĞERLER A.Ş. - Yatırım Kuruluşu Varant - Sertifika - Senetlerine İlişkin Bildirim,Yatırım Kuruluşu Varant - Sertifika - Senetlerine İlişkin Bildirim 30.12.2025 Vadeli Ons Altın ve Ons Gümüş'e Dayalı Varantların İtfası,https://www.kap.org.tr/tr/Bildirim/1531759,tr,2025-12-31T16:28:56+00:00
2025-12-31,INTEK,KAP,İNNOSA TEKNOLOJİ A.Ş. - Özel Durum Açıklaması (Genel),Özel Durum Açıklaması (Genel) Bağlı Ortaklığımız Probel Yazılım ve Bilişim Sistemleri A.Ş. Tarafından İmzalanan Sözleşmeler Hakkında,https://www.kap.org.tr/tr/Bildirim/1531892,tr,2025-12-31T18:24:54+00:00
2025-12-31,INVEO,KAP,INVEO YATIRIM HOLDİNG A.Ş. - Pay Dışında Sermaye Piyasası Aracı İşlemlerine İlişkin Bildirim (Faiz İçeren),Pay Dışında Sermaye Piyasası Aracı İşlemlerine İlişkin Bildirim (Faiz İçeren) Finansman Bono İhracı Hakkında GEDIK,https://www.kap.org.tr/tr/Bildirim/1531576,tr,2025-12-31T12:27:40+00:00
2025-12-31,ISATR,KAP,TÜRKİYE İŞ BANKASI A.Ş. - Finansal Duran Varlık Satışı,Finansal Duran Varlık Satışı Greeneco Enerji Elektrik Üretim A.Ş. Paylarının Devredilmesi Hakkında,https://www.kap.org.tr/tr/Bildirim/1531462,tr,2025-12-31T09:20:27+00:00
2025-12-31,ISBTR,KAP,TÜRKİYE İŞ BANKASI A.Ş. - Finansal Duran Varlık Satışı,Finansal Duran Varlık Satışı Greeneco Enerji Elektrik Üretim A.Ş. Paylarının Devredilmesi Hakkında,https://www.kap.org.tr/tr/Bildirim/1531462,tr,2025-12-31T09:20:27+00:00
2025-12-31,ISCTR,KAP,TÜRKİYE İŞ BANKASI A.Ş. - Finansal Duran Varlık Satışı,Finansal Duran Varlık Satışı Greeneco Enerji Elektrik Üretim A.Ş. Paylarının Devredilmesi Hakkında,https://www.kap.org.tr/tr/Bildirim/1531462,tr,2025-12-31T09:20:27+00:00
2025-12-31,ISGYO,KAP,İŞ GAYRİMENKUL YATIRIM ORTAKLIĞI A.Ş. - Değerleme Raporu,Değerleme Raporu Tuzla Meydan Çarşı Değerleme Raporu,https://www.kap.org.tr/tr/Bildirim/1531840,tr,2025-12-31T18:01:04+00:00
2025-12-31,ISGYO,KAP,İŞ GAYRİMENKUL YATIRIM ORTAKLIĞI A.Ş. - Değerleme Raporu,Değerleme Raporu Tuzla Meydan Çarşı Kira Değerleme Raporu,https://www.kap.org.tr/tr/Bildirim/1531839,tr,2025-12-31T18:00:37+00:00
2025-12-31,ISGYO,KAP,İŞ GAYRİMENKUL YATIRIM ORTAKLIĞI A.Ş. - Değerleme Raporu,Değerleme Raporu Mallmarine AVM Değerleme Raporu,https://www.kap.org.tr/tr/Bildirim/1531838,tr,2025-12-31T18:00:08+00:00
2025-12-31,ISGYO,KAP,İŞ GAYRİMENKUL YATIRIM ORTAKLIĞI A.Ş. - Değerleme Raporu,Değerleme Raporu Mallmarine AVM Kira Değerleme Raporu,https://www.kap.org.tr/tr/Bildirim/1531837,tr,2025-12-31T17:59:34+00:00
2025-12-31,ISGYO,KAP,İŞ GAYRİMENKUL YATIRIM ORTAKLIĞI A.Ş. - Değerleme Raporu,Değerleme Raporu Tuzla Teknoloji ve Operasyon Merkezi Değerleme Raporu,https://www.kap.org.tr/tr/Bildirim/1531836,tr,2025-12-31T17:58:52+00:00
2025-12-31,ISGYO,KAP,İŞ GAYRİMENKUL YATIRIM ORTAKLIĞI A.Ş. - Değerleme Raporu,Değerleme Raporu Tuzla Teknoloji ve Operasyon Merkezi Kira Değerleme Raporu,https://www.kap.org.tr/tr/Bildirim/1531835,tr,2025-12-31T17:58:26+00:00
2025-12-31,ISGYO,KAP,İŞ GAYRİMENKUL YATIRIM ORTAKLIĞI A.Ş. - Değerleme Raporu,Değerleme Raporu Kanyon AVM Değerleme Raporu,https://www.kap.org.tr/tr/Bildirim/1531798,tr,2025-12-31T17:04:35+00:00
2025-12-31,ISGYO,KAP,İŞ GAYRİMENKUL YATIRIM ORTAKLIĞI A.Ş. - Değerleme Raporu,Değerleme Raporu Kanyon AVM Kira Değerleme Raporu,https://www.kap.org.tr/tr/Bildirim/1531797,tr,2025-12-31T17:04:25+00:00
2025-12-31,ISGYO,KAP,İŞ GAYRİMENKUL YATIRIM ORTAKLIĞI A.Ş. - Değerleme Raporu,Değerleme Raporu İzmir Ege Perla Değerleme Raporu,https://www.kap.org.tr/tr/Bildirim/1531796,tr,2025-12-31T17:03:03+00:00
2025-12-31,ISGYO,KAP,İŞ GAYRİMENKUL YATIRIM ORTAKLIĞI A.Ş. - Değerleme Raporu,Değerleme Raporu İzmir Ege Perla Kira Değerleme Raporu,https://www.kap.org.tr/tr/Bildirim/1531795,tr,2025-12-31T17:02:48+00:00
2025-12-31,ISGYO,KAP,İŞ GAYRİMENKUL YATIRIM ORTAKLIĞI A.Ş. - Değerleme Raporu,Değerleme Raporu Taksim Ofis Lamartine Değerleme Raporu,https://www.kap.org.tr/tr/Bildirim/1531794,tr,2025-12-31T17:02:33+00:00
2025-12-31,ISGYO,KAP,İŞ GAYRİMENKUL YATIRIM ORTAKLIĞI A.Ş. - Değerleme Raporu,Değerleme Raporu Taksim Ofis Lamartine Kira Değerleme Raporu,https://www.kap.org.tr/tr/Bildirim/1531793,tr,2025-12-31T17:02:18+00:00
2025-12-31,ISGYO,KAP,İŞ GAYRİMENKUL YATIRIM ORTAKLIĞI A.Ş. - Değerleme Raporu,Değerleme Raporu İstanbul İş Kuleleri Değerleme Raporu,https://www.kap.org.tr/tr/Bildirim/1531791,tr,2025-12-31T16:58:50+00:00
2025-12-31,ISGYO,KAP,İŞ GAYRİMENKUL YATIRIM ORTAKLIĞI A.Ş. - Değerleme Raporu,Değerleme Raporu İstanbul İş Kuleleri Kira Değerleme Raporu,https://www.kap.org.tr/tr/Bildirim/1531790,tr,2025-12-31T16:58:29+00:00
2025-12-31,ISGYO,KAP,İŞ GAYRİMENKUL YATIRIM ORTAKLIĞI A.Ş. - Değerleme Raporu,Değerleme Raporu İzmir Konak Ticari Binası Değerleme Raporu,https://www.kap.org.tr/tr/Bildirim/1531789,tr,2025-12-31T16:57:44+00:00
2025-12-31,ISGYO,KAP,İŞ GAYRİMENKUL YATIRIM ORTAKLIĞI A.Ş. - Değerleme Raporu,Değerleme Raporu İzmir Konak Ticari Binası Kira Değerleme Raporu,https://www.kap.org.tr/tr/Bildirim/1531788,tr,2025-12-31T16:55:45+00:00
2025-12-31,ISGYO,KAP,İŞ GAYRİMENKUL YATIRIM ORTAKLIĞI A.Ş. - Değerleme Raporu,Değerleme Raporu Levent Arsalar Değerleme Raporu,https://www.kap.org.tr/tr/Bildirim/1531780,tr,2025-12-31T16:49:17+00:00
2025-12-31,ISGYO,KAP,İŞ GAYRİMENKUL YATIRIM ORTAKLIĞI A.Ş. - Değerleme Raporu,Değerleme Raporu Litus İstanbul Değerleme Raporu,https://www.kap.org.tr/tr/Bildirim/1531779,tr,2025-12-31T16:48:37+00:00
2025-12-31,ISGYO,KAP,İŞ GAYRİMENKUL YATIRIM ORTAKLIĞI A.Ş. - Değerleme Raporu,Değerleme Raporu İzmir Konak Şehitler Arsaları Değerleme Raporu,https://www.kap.org.tr/tr/Bildirim/1531778,tr,2025-12-31T16:47:18+00:00
2025-12-31,ISGYO,KAP,İŞ GAYRİMENKUL YATIRIM ORTAKLIĞI A.Ş. - Değerleme Raporu,Değerleme Raporu Tuzla Konut Projesi Değerleme Raporu,https://www.kap.org.tr/tr/Bildirim/1531764,tr,2025-12-31T16:32:21+00:00
2025-12-31,ISGYO,KAP,İŞ GAYRİMENKUL YATIRIM ORTAKLIĞI A.Ş. - Değerleme Raporu,Değerleme Raporu Balmumcu Projesi Değerleme Raporu,https://www.kap.org.tr/tr/Bildirim/1531740,tr,2025-12-31T16:17:51+00:00
2025-12-31,ISGYO,KAP,İŞ GAYRİMENKUL YATIRIM ORTAKLIĞI A.Ş. - Değerleme Raporu,Değerleme Raporu Kartal 400 No'lu Parsel Değerleme Raporu,https://www.kap.org.tr/tr/Bildirim/1531738,tr,2025-12-31T16:12:10+00:00
2025-12-31,ISGYO,KAP,İŞ GAYRİMENKUL YATIRIM ORTAKLIĞI A.Ş. - Değerleme Raporu,Değerleme Raporu Kartal Manzara Adalar Değerleme Raporu,https://www.kap.org.tr/tr/Bildirim/1531737,tr,2025-12-31T16:11:11+00:00
2025-12-31,ISKUR,KAP,TÜRKİYE İŞ BANKASI A.Ş. - Finansal Duran Varlık Satışı,Finansal Duran Varlık Satışı Greeneco Enerji Elektrik Üretim A.Ş. Paylarının Devredilmesi Hakkında,https://www.kap.org.tr/tr/Bildirim/1531462,tr,2025-12-31T09:20:27+00:00
2025-12-31,ISMEN,KAP,İŞ YATIRIM MENKUL DEĞERLER A.Ş. - Yatırım Kuruluşu Varant - Sertifika - Senetlerine İlişkin Bildirim,Yatırım Kuruluşu Varant - Sertifika - Senetlerine İlişkin Bildirim İş Yatırım Aracı Kuruluş Varantlarının İtfa Bildirimi,https://www.kap.org.tr/tr/Bildirim/1531926,tr,2025-12-31T19:03:04+00:00
2025-12-31,ISMEN,KAP,İŞ YATIRIM MENKUL DEĞERLER A.Ş. - Piyasa Yapıcılığı Kapsamında Gerçekleştirilen İşlemler Bildirimi,Piyasa Yapıcılığı Kapsamında Gerçekleştirilen İşlemler Bildirimi Borsa Yatırım Fonu Piyasa Yapıcılığı İşlemleri ISGLK,https://www.kap.org.tr/tr/Bildirim/1531625,tr,2025-12-31T14:31:24+00:00
2025-12-31,ISMEN,KAP,İŞ YATIRIM MENKUL DEĞERLER A.Ş. - Yatırım Kuruluşu Varant - Sertifika - Senetlerine İlişkin Bildirim,Yatırım Kuruluşu Varant - Sertifika - Senetlerine İlişkin Bildirim İş Yatırım Sertifika ve Varant Alım Satım İşlemleri,https://www.kap.org.tr/tr/Bildirim/1531624,tr,2025-12-31T14:30:58+00:00
2025-12-31,ISMEN,KAP,İŞ YATIRIM MENKUL DEĞERLER A.Ş. - İhraç Tavanına İlişkin Bildirim,İhraç Tavanına İlişkin Bildirim Sermaye Piyasası Kurulu Başvurusu-Yapılandırılmış Borçlanma Aracı,https://www.kap.org.tr/tr/Bildirim/1531511,tr,2025-12-31T10:55:01+00:00
2025-12-31,ISMEN,KAP,İŞ YATIRIM MENKUL DEĞERLER A.Ş. - Yatırım Kuruluşu Varant - Sertifika - Senetlerine İlişkin Bildirim,Yatırım Kuruluşu Varant - Sertifika - Senetlerine İlişkin Bildirim İş Yatırım Aracı Kuruluş Varantlarının İtfa Bildirimi,https://www.kap.org.tr/tr/Bildirim/1531467,tr,2025-12-31T09:40:18+00:00
2025-12-31,ISSEN,KAP,İŞBİR SENTETİK DOKUMA SANAYİ A.Ş. - Özel Durum Açıklaması (Genel),Özel Durum Açıklaması (Genel) Bilgi Sistemleri Yönetimi Hakkında,https://www.kap.org.tr/tr/Bildirim/1531584,tr,2025-12-31T12:42:32+00:00
2025-12-31,IYF,KAP,İNFO YATIRIM MENKUL DEĞERLER A.Ş. - Yatırım Kuruluşu Varant - Sertifika - Senetlerine İlişkin Bildirim,Yatırım Kuruluşu Varant - Sertifika - Senetlerine İlişkin Bildirim 31.12.2025 Vadeli Varantların İtfası,https://www.kap.org.tr/tr/Bildirim/1531957,tr,2025-12-31T20:28:42+00:00
2025-12-31,IYF,KAP,İNFO YATIRIM MENKUL DEĞERLER A.Ş. - Yatırım Kuruluşu Varant - Sertifika - Senetlerine İlişkin Bildirim,Yatırım Kuruluşu Varant - Sertifika - Senetlerine İlişkin Bildirim 30.12.2025 Vadeli Ons Altın ve Ons Gümüş'e Dayalı Varantların İtfası,https://www.kap.org.tr/tr/Bildirim/1531759,tr,2025-12-31T16:28:56+00:00
2025-12-31,IYM,KAP,İŞ YATIRIM MENKUL DEĞERLER A.Ş. - Yatırım Kuruluşu Varant - Sertifika - Senetlerine İlişkin Bildirim,Yatırım Kuruluşu Varant - Sertifika - Senetlerine İlişkin Bildirim İş Yatırım Aracı Kuruluş Varantlarının İtfa Bildirimi,https://www.kap.org.tr/tr/Bildirim/1531926,tr,2025-12-31T19:03:04+00:00
2025-12-31,IYM,KAP,İŞ YATIRIM MENKUL DEĞERLER A.Ş. - Piyasa Yapıcılığı Kapsamında Gerçekleştirilen İşlemler Bildirimi,Piyasa Yapıcılığı Kapsamında Gerçekleştirilen İşlemler Bildirimi Borsa Yatırım Fonu Piyasa Yapıcılığı İşlemleri ISGLK,https://www.kap.org.tr/tr/Bildirim/1531625,tr,2025-12-31T14:31:24+00:00
2025-12-31,IYM,KAP,İŞ YATIRIM MENKUL DEĞERLER A.Ş. - Yatırım Kuruluşu Varant - Sertifika - Senetlerine İlişkin Bildirim,Yatırım Kuruluşu Varant - Sertifika - Senetlerine İlişkin Bildirim İş Yatırım Sertifika ve Varant Alım Satım İşlemleri,https://www.kap.org.tr/tr/Bildirim/1531624,tr,2025-12-31T14:30:58+00:00
2025-12-31,IYM,KAP,İŞ YATIRIM MENKUL DEĞERLER A.Ş. - İhraç Tavanına İlişkin Bildirim,İhraç Tavanına İlişkin Bildirim Sermaye Piyasası Kurulu Başvurusu-Yapılandırılmış Borçlanma Aracı,https://www.kap.org.tr/tr/Bildirim/1531511,tr,2025-12-31T10:55:01+00:00
2025-12-31,IYM,KAP,İŞ YATIRIM MENKUL DEĞERLER A.Ş. - Yatırım Kuruluşu Varant - Sertifika - Senetlerine İlişkin Bildirim,Yatırım Kuruluşu Varant - Sertifika - Senetlerine İlişkin Bildirim İş Yatırım Aracı Kuruluş Varantlarının İtfa Bildirimi,https://www.kap.org.tr/tr/Bildirim/1531467,tr,2025-12-31T09:40:18+00:00
2025-12-31,IZFAS,KAP,İZMİR FIRÇA SANAYİ VE TİCARET A.Ş. - Özel Durum Açıklaması (Genel),Özel Durum Açıklaması (Genel) Pay Devri,https://www.kap.org.tr/tr/Bildirim/1531870,tr,2025-12-31T18:17:12+00:00
2025-12-31,JANTS,KAP,JANTSA JANT SANAYİ VE TİCARET A.Ş. - Payların Geri Alınmasına İlişkin Bildirim,Payların Geri Alınmasına İlişkin Bildirim 31.12.2025 Tarihli Pay Geri Alım İşlemleri,https://www.kap.org.tr/tr/Bildirim/1531913,tr,2025-12-31T18:44:30+00:00
2025-12-31,KARSN,KAP,KARSAN OTOMOTİV SANAYİİ VE TİCARET A.Ş. - Özel Durum Açıklaması (Genel),Özel Durum Açıklaması (Genel) 2025 Yılı Öngörülen Yaygın ve Süreklilik Arz Eden İlişkili Taraf İşlemleri Raporu,https://www.kap.org.tr/tr/Bildirim/1531611,tr,2025-12-31T14:15:52+00:00
2025-12-31,KARTN,KAP,KARTONSAN KARTON SANAYİ VE TİCARET A.Ş. - Özel Durum Açıklaması (Genel),Özel Durum Açıklaması (Genel) Personel Sayısındaki Değişim Hakkında,https://www.kap.org.tr/tr/Bildirim/1531686,tr,2025-12-31T15:12:12+00:00
2025-12-31,KATVK,KAP,KATILIM VARLIK KİRALAMA A.Ş. - İhraç Tavanına İlişkin Bildirim,İhraç Tavanına İlişkin Bildirim Kira Sertifikası İhracına İlişkin Yönetim Kurulu Kararı Alınması,https://www.kap.org.tr/tr/Bildirim/1531781,tr,2025-12-31T16:49:47+00:00
2025-12-31,KAYSE,KAP,KAYSERİ ŞEKER FABRİKASI A.Ş. - Sermaye Artırımı - Azaltımı İşlemlerine İlişkin Bildirim,Sermaye Artırımı - Azaltımı İşlemlerine İlişkin Bildirim Bedelsiz Sermaye Artırımı Başvurusuna İlişkin SPK Onayı,https://www.kap.org.tr/tr/Bildirim/1531471,tr,2025-12-31T09:48:05+00:00
2025-12-31,KFEIN,KAP,KAFEİN YAZILIM HİZMETLERİ TİCARET A.Ş. - Özel Durum Açıklaması (Genel),Özel Durum Açıklaması (Genel) Turkcell Dijital İş Servisleri A.Ş. ile Bulut Teknolojileri Alanında İş Ortaklığı Sözleşmesi İmzalanmasi,https://www.kap.org.tr/tr/Bildirim/1531823,tr,2025-12-31T17:35:53+00:00
2025-12-31,KGYO,KAP,KORAY GAYRİMENKUL YATIRIM ORTAKLIĞI A.Ş. - Pay Satış Bilgi Formu,Pay Satış Bilgi Formu Pay Satış Bilgi Formunun Onaylanması Hk.,https://www.kap.org.tr/tr/Bildirim/1531917,tr,2025-12-31T18:53:09+00:00
2025-12-31,KGYO,KAP,KORAY GAYRİMENKUL YATIRIM ORTAKLIĞI A.Ş. - Değerleme Raporu,Değerleme Raporu Ömerli 1 Ada 73 Parsel 2025 Yıl Sonu Değerleme Raporu,https://www.kap.org.tr/tr/Bildirim/1531688,tr,2025-12-31T15:20:16+00:00
2025-12-31,KGYO,KAP,KORAY GAYRİMENKUL YATIRIM ORTAKLIĞI A.Ş. - Değerleme Raporu,Değerleme Raporu Maslak 11 Ada 87 Parsel 2025 Yıl Sonu Değerleme Raporu,https://www.kap.org.tr/tr/Bildirim/1531680,tr,2025-12-31T15:07:38+00:00
2025-12-31,KGYO,KAP,KORAY GAYRİMENKUL YATIRIM ORTAKLIĞI A.Ş. - İhraç Tavanına İlişkin Bildirim,İhraç Tavanına İlişkin Bildirim Borçlanma Aracı İhracına İlişkin Yönetim Kurulu Kararı ve Sermaye Piyasası Kurulu'na Başvuru Hk.,https://www.kap.org.tr/tr/Bildirim/1531601,tr,2025-12-31T13:52:30+00:00
2025-12-31,KGYO,KAP,KORAY GAYRİMENKUL YATIRIM ORTAKLIĞI A.Ş. - Değerleme Raporu,Değerleme Raporu 218 ADA 1 PARSEL (UPLAND) 2025 YIL SONU DEĞERLEME RAPORU,https://www.kap.org.tr/tr/Bildirim/1531593,tr,2025-12-31T13:12:58+00:00
2025-12-31,KGYO,KAP,KORAY GAYRİMENKUL YATIRIM ORTAKLIĞI A.Ş. - Değerleme Raporu,Değerleme Raporu GÖKTÜRK 131/4 (LİBERTE) 2025 YIL SONU DEĞERLEME RAPORU,https://www.kap.org.tr/tr/Bildirim/1531583,tr,2025-12-31T12:41:20+00:00
2025-12-31,KGYO,KAP,KORAY GAYRİMENKUL YATIRIM ORTAKLIĞI A.Ş. - Değerleme Raporu,Değerleme Raporu GÖKTÜRK 200/13 (27 ADET BAĞIMSIZ BÖLÜM) 2025 YIL SONU DEĞERLEME RAPORU,https://www.kap.org.tr/tr/Bildirim/1531571,tr,2025-12-31T12:17:12+00:00
2025-12-31,KGYO,KAP,KORAY GAYRİMENKUL YATIRIM ORTAKLIĞI A.Ş. - Değerleme Raporu,"Değerleme Raporu İstanbul İli, Eyüpsultan İlçesi, Göktürk Mahallesi, 0 Ada 1703 Parsel Numaralı, Arsa Nitelikli Taşınmaz Değerleme Raporu Hk.",https://www.kap.org.tr/tr/Bildirim/1531569,tr,2025-12-31T12:13:14+00:00
2025-12-31,KGYO,KAP,KORAY GAYRİMENKUL YATIRIM ORTAKLIĞI A.Ş. - Değerleme Raporu,"Değerleme Raporu İstanbul İli, Eyüpsultan İlçesi, Göktürk Mahallesi, 0 Ada 1935 Parsel Numaralı, Arsa Nitelikli Taşınmaz Değerleme Raporu Hk.",https://www.kap.org.tr/tr/Bildirim/1531566,tr,2025-12-31T12:10:17+00:00
2025-12-31,KGYO,KAP,KORAY GAYRİMENKUL YATIRIM ORTAKLIĞI A.Ş. - Değerleme Raporu,Değerleme Raporu Yapı Kredi Plaza B Blok 25 no'lu Bağımsız Bölüm 2025 Yıl Sonu Değerleme Raporu,https://www.kap.org.tr/tr/Bildirim/1531524,tr,2025-12-31T11:08:28+00:00
2025-12-31,KGYO,KAP,KORAY GAYRİMENKUL YATIRIM ORTAKLIĞI A.Ş. - Değerleme Raporu,Değerleme Raporu 2025 KAĞITHANE OFİSPARK YIL SONU DEĞERLEME RAPORU,https://www.kap.org.tr/tr/Bildirim/1531522,tr,2025-12-31T11:07:01+00:00
2025-12-31,KGYO,KAP,KORAY GAYRİMENKUL YATIRIM ORTAKLIĞI A.Ş. - Şirket Genel Bilgi Formu,Şirket Genel Bilgi Formu,https://www.kap.org.tr/tr/Bildirim/1531479,tr,2025-12-31T09:52:39+00:00
2025-12-31,KGYO,KAP,KORAY GAYRİMENKUL YATIRIM ORTAKLIĞI A.Ş. - Kurumsal Yönetim Bilgi Formu (Güncelleme) - Yönetim Kurulu-2,Kurumsal Yönetim Bilgi Formu (Güncelleme) - Yönetim Kurulu-2 Yönetim Kurulu Komite Üyelerinde Güncelleme,https://www.kap.org.tr/tr/Bildirim/1531478,tr,2025-12-31T09:51:52+00:00
2025-12-31,KGYO,KAP,KORAY GAYRİMENKUL YATIRIM ORTAKLIĞI A.Ş. - Özel Durum Açıklaması (Genel),Özel Durum Açıklaması (Genel) Yatırımcı İlişkileri Yöneticisinin İstifası Hk.,https://www.kap.org.tr/tr/Bildirim/1531477,tr,2025-12-31T09:49:43+00:00
2025-12-31,KLSYN,KAP,KOLEKSİYON MOBİLYA SANAYİ A.Ş. - Özel Durum Açıklaması (Genel),Özel Durum Açıklaması (Genel) Koleksiyon Mobilya ile IBRD(Uluslararası İmar ve kalkınma Bankası arasında Yeşil İhracat Destek Projesi Kapsamında Kredi Sözleşmesi İmzalanması hakkında,https://www.kap.org.tr/tr/Bildirim/1531480,tr,2025-12-31T09:53:42+00:00
2025-12-31,KRGYO,KAP,KÖRFEZ GAYRİMENKUL YATIRIM ORTAKLIĞI A.Ş. - Değerleme Raporu,Değerleme Raporu KÖRFEZ GYO KİLYOS ARSASI 2025 YILSONU DEĞERLEME RAPORU,https://www.kap.org.tr/tr/Bildirim/1531953,tr,2025-12-31T19:47:41+00:00
2025-12-31,KRGYO,KAP,KÖRFEZ GAYRİMENKUL YATIRIM ORTAKLIĞI A.Ş. - Değerleme Raporu,Değerleme Raporu KÖRFEZ GYO TUZLA ARSASI 2025 YIL SONU DEĞERLEME RAPORU,https://www.kap.org.tr/tr/Bildirim/1531952,tr,2025-12-31T19:47:34+00:00
2025-12-31,KRGYO,KAP,KÖRFEZ GAYRİMENKUL YATIRIM ORTAKLIĞI A.Ş. - Değerleme Raporu,Değerleme Raporu KÖRFEZ GYO KARTAL HORİZON SİTESİ 2025 YIL SONU DEĞERLEME RAPORU,https://www.kap.org.tr/tr/Bildirim/1531951,tr,2025-12-31T19:47:25+00:00
2025-12-31,KRGYO,KAP,KÖRFEZ GAYRİMENKUL YATIRIM ORTAKLIĞI A.Ş. - Değerleme Raporu,Değerleme Raporu KÖRFEZ GYO TORUN CENTER OFİSLERİ 2025 YIL SONU DEĞERLEME RAPORU,https://www.kap.org.tr/tr/Bildirim/1531950,tr,2025-12-31T19:47:17+00:00
2025-12-31,KRGYO,KAP,KÖRFEZ GAYRİMENKUL YATIRIM ORTAKLIĞI A.Ş. - Değerleme Raporu,Değerleme Raporu KÖRFEZ GYO GÜRE KÖRFEZ TERMAL DEVREMÜLK TESİSİ 2025 YIL SONU DEĞERLEME RAPORU,https://www.kap.org.tr/tr/Bildirim/1531949,tr,2025-12-31T19:47:09+00:00
2025-12-31,KZGYO,KAP,KUZUGRUP GAYRİMENKUL YATIRIM ORTAKLIĞI A.Ş. - Şirket Genel Bilgi Formu,Şirket Genel Bilgi Formu,https://www.kap.org.tr/tr/Bildirim/1531964,tr,2025-12-31T20:48:31+00:00
2025-12-31,KZGYO,KAP,KUZUGRUP GAYRİMENKUL YATIRIM ORTAKLIĞI A.Ş. - Özel Durum Açıklaması (Genel),Özel Durum Açıklaması (Genel) Bilgi Güvenliği Politikasının Kabulü ve Bilgi Güvenliği Sorumlusu Ataması Hk.,https://www.kap.org.tr/tr/Bildirim/1531963,tr,2025-12-31T20:48:12+00:00
2025-12-31,LIDER,KAP,LDR TURİZM A.Ş. - Payların Geri Alınmasına İlişkin Bildirim,Payların Geri Alınmasına İlişkin Bildirim Payların Geri Alınmasına İlişkin Bildirim,https://www.kap.org.tr/tr/Bildirim/1531918,tr,2025-12-31T18:53:54+00:00
2025-12-31,LKMNH,KAP,LOKMAN HEKİM ENGÜRÜSAĞ SAĞLIK TURİZM EĞİTİM HİZMETLERİ VE İNŞAAT TAAHHÜT A.Ş. - Payların Geri Alınmasına İlişkin Bildirim,Payların Geri Alınmasına İlişkin Bildirim Hisse Geri Alımı,https://www.kap.org.tr/tr/Bildirim/1531906,tr,2025-12-31T18:32:50+00:00
2025-12-31,LOGO,KAP,LOGO YAZILIM SANAYİ VE TİCARET A.Ş. - Şirket Genel Bilgi Formu,Şirket Genel Bilgi Formu,https://www.kap.org.tr/tr/Bildirim/1531769,tr,2025-12-31T16:34:41+00:00
2025-12-31,LOGO,KAP,LOGO YAZILIM SANAYİ VE TİCARET A.Ş. - Finansal Duran Varlık Satışı,Finansal Duran Varlık Satışı İştirakimiz Total Soft'un azınlık ortağı Avramos Holding'e pay devrine ilişkin ilk aşamanın tamamlanması,https://www.kap.org.tr/tr/Bildirim/1531760,tr,2025-12-31T16:29:47+00:00
2025-12-31,LRSHO,KAP,LORAS HOLDİNG A.Ş. - Şirket Genel Bilgi Formu,Şirket Genel Bilgi Formu,https://www.kap.org.tr/tr/Bildirim/1531855,tr,2025-12-31T18:13:57+00:00
2025-12-31,LRSHO,KAP,LORAS HOLDİNG A.Ş. - Özel Durum Açıklaması (Genel),"Özel Durum Açıklaması (Genel) Görevden Ayrılma Hk. ADESE, IMASM, SELVA",https://www.kap.org.tr/tr/Bildirim/1531854,tr,2025-12-31T18:13:48+00:00
2025-12-31,LYDHO,KAP,LYDİA HOLDİNG A.Ş. - Birleşme İşlemlerine İlişkin Bildirim,Birleşme İşlemlerine İlişkin Bildirim Genel Kurul Sonuçlarının Tescili Hk.,https://www.kap.org.tr/tr/Bildirim/1531613,tr,2025-12-31T14:17:22+00:00
2025-12-31,MACKO,KAP,MACKOLİK İNTERNET HİZMETLERİ TİCARET A.Ş. - Özel Durum Açıklaması (Genel),Özel Durum Açıklaması (Genel) Reklam Gösterimleri Hk.,https://www.kap.org.tr/tr/Bildirim/1531565,tr,2025-12-31T12:09:09+00:00
2025-12-31,MHRGY,KAP,MHR GAYRİMENKUL YATIRIM ORTAKLIĞI A.Ş. - Kurumsal Yönetim İlkelerine Uyum Derecelendirmesi,Kurumsal Yönetim İlkelerine Uyum Derecelendirmesi Şirketimiz Kurumsal Yönetim Derecelendirme Notu hk. DRCDR,https://www.kap.org.tr/tr/Bildirim/1531709,tr,2025-12-31T15:47:05+00:00
2025-12-31,MNGFA,KAP,MNG FAKTORİNG A.Ş. - Pay Dışında Sermaye Piyasası Aracı İşlemlerine İlişkin Bildirim (Faiz İçeren),Pay Dışında Sermaye Piyasası Aracı İşlemlerine İlişkin Bildirim (Faiz İçeren) TRSMNGFE2618 ISIN Kodlu Borçlanma Aracı Kupon Ödemesi,https://www.kap.org.tr/tr/Bildirim/1531607,tr,2025-12-31T14:12:09+00:00
2025-12-31,MRBAS,KAP,MARBAŞ MENKUL DEĞERLER A.Ş. - Likidite Sağlayıcılık Kapsamındaki İşlemler,Likidite Sağlayıcılık Kapsamındaki İşlemler ÖZSU BALIK ÜRETİM A.Ş. (OZSUB) Paylarında Likidite Sağlayıcılık Kapsamında Gerçekleştirilen İşlemler OZSUB,https://www.kap.org.tr/tr/Bildirim/1531519,tr,2025-12-31T11:01:58+00:00
2025-12-31,MRS,KAP,MARBAŞ MENKUL DEĞERLER A.Ş. - Likidite Sağlayıcılık Kapsamındaki İşlemler,Likidite Sağlayıcılık Kapsamındaki İşlemler ÖZSU BALIK ÜRETİM A.Ş. (OZSUB) Paylarında Likidite Sağlayıcılık Kapsamında Gerçekleştirilen İşlemler OZSUB,https://www.kap.org.tr/tr/Bildirim/1531519,tr,2025-12-31T11:01:58+00:00
2025-12-31,NTGAZ,KAP,NATURELGAZ SANAYİ VE TİCARET A.Ş. - Şirket Genel Bilgi Formu,Şirket Genel Bilgi Formu,https://www.kap.org.tr/tr/Bildirim/1531911,tr,2025-12-31T18:37:03+00:00
2025-12-31,NURVK,KAP,NUROL VARLIK KİRALAMA A.Ş. - Tertip İhraç Belgesi,Tertip İhraç Belgesi Tertip İhraç Belgesi,https://www.kap.org.tr/tr/Bildirim/1531718,tr,2025-12-31T16:02:44+00:00
2025-12-31,NURVK,KAP,NUROL VARLIK KİRALAMA A.Ş. - Tertip İhraç Belgesi,Tertip İhraç Belgesi Onaylı Tertip İhraç Belgesi NRBNK,https://www.kap.org.tr/tr/Bildirim/1531708,tr,2025-12-31T15:46:40+00:00
2025-12-31,OBAMS,KAP,OBA MAKARNACILIK SANAYİ VE TİCARET A.Ş. - Özel Durum Açıklaması (Genel),Özel Durum Açıklaması (Genel) Bilgi Güvenliği Politikasının Kabulü ve Görevlendirme Hakkında,https://www.kap.org.tr/tr/Bildirim/1531977,tr,2025-12-31T21:22:21+00:00
2025-12-31,ONRYT,KAP,ONUR YÜKSEK TEKNOLOJİ A.Ş. - Özel Durum Açıklaması (Genel),Özel Durum Açıklaması (Genel) Re-organizasyon ve Verimlilik Çalışması,https://www.kap.org.tr/tr/Bildirim/1531895,tr,2025-12-31T18:25:18+00:00
2025-12-31,ONRYT,KAP,ONUR YÜKSEK TEKNOLOJİ A.Ş. - Özel Durum Açıklaması (Genel),Özel Durum Açıklaması (Genel) Finansal Tabloların Konsolide Olarak Hazırlanması Hakkında,https://www.kap.org.tr/tr/Bildirim/1531493,tr,2025-12-31T10:09:27+00:00
2025-12-31,OTOKC,KAP,OTOKOÇ OTOMOTİV TİCARET VE SANAYİ A.Ş. - Kredi Derecelendirmesi,Kredi Derecelendirmesi Otokoç Otomotiv Kredi Derecelendirme Notu,https://www.kap.org.tr/tr/Bildirim/1531844,tr,2025-12-31T18:06:30+00:00
2025-12-31,OYA,KAP,OYAK YATIRIM MENKUL DEĞERLER A.Ş. - Piyasa Yapıcılığı Kapsamında Gerçekleştirilen İşlemler Bildirimi,Piyasa Yapıcılığı Kapsamında Gerçekleştirilen İşlemler Bildirimi 31/12/2025 TARİHLİ OYAYO PİYASA YAPICILIĞI İŞLEMLERİ OYAYO,https://www.kap.org.tr/tr/Bildirim/1531927,tr,2025-12-31T19:03:16+00:00
2025-12-31,OYAYO,KAP,OYAK YATIRIM ORTAKLIĞI A.Ş. - Özel Durum Açıklaması (Genel),"Özel Durum Açıklaması (Genel) Ortaklık paylarının BİAŞ'ta oluşan ağırlıklı ortalama fiyatının, pay başına net aktif değerinin 2 katını aşması hakkında",https://www.kap.org.tr/tr/Bildirim/1531559,tr,2025-12-31T11:53:14+00:00
2025-12-31,OYYAT,KAP,OYAK YATIRIM MENKUL DEĞERLER A.Ş. - Piyasa Yapıcılığı Kapsamında Gerçekleştirilen İşlemler Bildirimi,Piyasa Yapıcılığı Kapsamında Gerçekleştirilen İşlemler Bildirimi 31/12/2025 TARİHLİ OYAYO PİYASA YAPICILIĞI İŞLEMLERİ OYAYO,https://www.kap.org.tr/tr/Bildirim/1531927,tr,2025-12-31T19:03:16+00:00
2025-12-31,PAGYO,KAP,PANORA GAYRİMENKUL YATIRIM ORTAKLIĞI A.Ş. - Değerleme Raporu,Değerleme Raporu 2025 yılsonu gayrimenkul değerleme raporları hk.,https://www.kap.org.tr/tr/Bildirim/1531909,tr,2025-12-31T18:34:38+00:00
2025-12-31,PAGYO,KAP,PANORA GAYRİMENKUL YATIRIM ORTAKLIĞI A.Ş. - Değerleme Raporu,Değerleme Raporu 2025 yıl sonu gayrimenkul değerleme raporları hk.,https://www.kap.org.tr/tr/Bildirim/1531908,tr,2025-12-31T18:34:21+00:00
2025-12-31,PARSN,KAP,PARSAN MAKİNA PARÇALARI SANAYİİ A.Ş. - Özel Durum Açıklaması (Genel),Özel Durum Açıklaması (Genel) Birleşme Sonrası Arsa Tescili Hk.,https://www.kap.org.tr/tr/Bildirim/1531948,tr,2025-12-31T19:46:29+00:00
2025-12-31,PATEK,KAP,PASİFİK TEKNOLOJİ A.Ş. - Sermaye Artırımı - Azaltımı İşlemlerine İlişkin Bildirim,Sermaye Artırımı - Azaltımı İşlemlerine İlişkin Bildirim Tahsisli Sermaye Artırımına İlişkin SPK Onayı Hakkında,https://www.kap.org.tr/tr/Bildirim/1531982,tr,2025-12-31T22:31:45+00:00
2025-12-31,PEKGY,KAP,PEKER GAYRİMENKUL YATIRIM ORTAKLIĞI A.Ş. - Birleşme İşlemlerine İlişkin Bildirim,Birleşme İşlemlerine İlişkin Bildirim Şirketimiz ve 100% oranında bağlı ortaklığımız olan DIGH Maslak İnşaat Proje Danışmanlık Limited Şirketi?nin Kolaylaştırılmış Usulde Birleştirilmesi Hk.,https://www.kap.org.tr/tr/Bildirim/1531874,tr,2025-12-31T18:18:09+00:00
2025-12-31,PEKGY,KAP,PEKER GAYRİMENKUL YATIRIM ORTAKLIĞI A.Ş. - Maddi Duran Varlık Kiraya Verilmesi veya Ayni Hak Tesisi,Maddi Duran Varlık Kiraya Verilmesi veya Ayni Hak Tesisi Bağlı Ortaklığımız ile Tera Yatırım Bankası A.Ş. Arasında Tera Tower Binasının Tamamının Kiralanmasına İlişkin Kira Sözleşmesi İmzalanması TRBNK,https://www.kap.org.tr/tr/Bildirim/1531873,tr,2025-12-31T18:17:59+00:00
2025-12-31,PEKGY,KAP,PEKER GAYRİMENKUL YATIRIM ORTAKLIĞI A.Ş. - Değerleme Raporu,Değerleme Raporu Ritz Carlton Residence - 1 adet konut Değerleme Raporu,https://www.kap.org.tr/tr/Bildirim/1531610,tr,2025-12-31T14:12:39+00:00
2025-12-31,PEKGY,KAP,PEKER GAYRİMENKUL YATIRIM ORTAKLIĞI A.Ş. - Değerleme Raporu,Değerleme Raporu NEF 22 Projesi - 14 adet Dükkân Değerleme Raporu,https://www.kap.org.tr/tr/Bildirim/1531609,tr,2025-12-31T14:12:30+00:00
2025-12-31,PEKGY,KAP,PEKER GAYRİMENKUL YATIRIM ORTAKLIĞI A.Ş. - Değerleme Raporu,Değerleme Raporu Tera Tower Maslak - Ticari Bina Değerleme Raporu,https://www.kap.org.tr/tr/Bildirim/1531608,tr,2025-12-31T14:12:19+00:00
2025-12-31,PRKAB,KAP,TÜRK PRYSMİAN KABLO VE SİSTEMLERİ A.Ş. - İhale Süreci / Sonucu,İhale Süreci / Sonucu İhale Sözleşme Daveti Hk.,https://www.kap.org.tr/tr/Bildirim/1531442,tr,2025-12-31T00:31:22+00:00
2025-12-31,PSDTC,KAP,PERGAMON STATUS DIŞ TİCARET A.Ş. - Özel Durum Açıklaması (Genel),Özel Durum Açıklaması (Genel) Bilgi Güvenliği Politikası,https://www.kap.org.tr/tr/Bildirim/1531768,tr,2025-12-31T16:34:35+00:00
2025-12-31,PSDTC,KAP,PERGAMON STATUS DIŞ TİCARET A.Ş. - Kayıtlı Sermaye Tavanı İşlemlerine İlişkin Bildirim,Kayıtlı Sermaye Tavanı İşlemlerine İlişkin Bildirim Kayıtlı Sermaye Tavanının Artırılması vr Geçerlilik Süresinin Uzatılması Sermaye Piyasası Kurulu Onayı,https://www.kap.org.tr/tr/Bildirim/1531765,tr,2025-12-31T16:32:37+00:00
2025-12-31,REEDR,KAP,REEDER TEKNOLOJİ SANAYİ VE TİCARET A.Ş. - Özel Durum Açıklaması (Genel),Özel Durum Açıklaması (Genel) Yönetim Kurulu Üyesi Seçimi Hakkında,https://www.kap.org.tr/tr/Bildirim/1531820,tr,2025-12-31T17:32:59+00:00
2025-12-31,RUBNS,KAP,RUBENİS TEKSTİL SANAYİ TİCARET A.Ş. - Sermaye Artırımı - Azaltımı İşlemlerine İlişkin Bildirim,Sermaye Artırımı - Azaltımı İşlemlerine İlişkin Bildirim Bedelsiz Sermaye Artırımına İlişkin Yönetim Kurulu Kararı,https://www.kap.org.tr/tr/Bildirim/1531876,tr,2025-12-31T18:18:24+00:00
2025-12-31,RUBNS,KAP,RUBENİS TEKSTİL SANAYİ TİCARET A.Ş. - Maddi Duran Varlık Satımı,Maddi Duran Varlık Satımı Maddi Duran Varlık Satımı,https://www.kap.org.tr/tr/Bildirim/1531865,tr,2025-12-31T18:15:19+00:00
2025-12-31,SEGYO,KAP,ŞEKER GAYRİMENKUL YATIRIM ORTAKLIĞI A.Ş. - Sermaye Artırımı - Azaltımı İşlemlerine İlişkin Bildirim,Sermaye Artırımı - Azaltımı İşlemlerine İlişkin Bildirim Nakit sermaye arttırımına ilişkin bilgilenidrme,https://www.kap.org.tr/tr/Bildirim/1531848,tr,2025-12-31T18:11:29+00:00
2025-12-31,SEKUR,KAP,SEKURO PLASTİK AMBALAJ SANAYİ A.Ş. - Sermaye Artırımı - Azaltımı İşlemlerine İlişkin Bildirim,Sermaye Artırımı - Azaltımı İşlemlerine İlişkin Bildirim Esas Sözleşme Değişikliği Kapsamında SPK'ya Yapılan Başvurunun Onaylanması,https://www.kap.org.tr/tr/Bildirim/1531763,tr,2025-12-31T16:32:16+00:00
2025-12-31,SELVA,KAP,SELVA GIDA SANAYİ A.Ş. - Şirket Genel Bilgi Formu,Şirket Genel Bilgi Formu,https://www.kap.org.tr/tr/Bildirim/1531863,tr,2025-12-31T18:15:06+00:00
2025-12-31,SISE,KAP,TÜRKİYE ŞİŞE VE CAM FABRİKALARI A.Ş. - Şirket Genel Bilgi Formu,Şirket Genel Bilgi Formu,https://www.kap.org.tr/tr/Bildirim/1531922,tr,2025-12-31T18:57:32+00:00
2025-12-31,SISE,KAP,TÜRKİYE ŞİŞE VE CAM FABRİKALARI A.Ş. - Finansal Duran Varlık Edinimi,Finansal Duran Varlık Edinimi ICRON Paylarının Sermaye Artırımı Yoluyla Edinimi,https://www.kap.org.tr/tr/Bildirim/1531921,tr,2025-12-31T18:56:57+00:00
2025-12-31,SMRVA,KAP,SÜMER VARLIK YÖNETİM A.Ş. - Pay Dışında Sermaye Piyasası Aracı İşlemlerine İlişkin Bildirim (Faiz İçeren),Pay Dışında Sermaye Piyasası Aracı İşlemlerine İlişkin Bildirim (Faiz İçeren) Kupon Ödemesi,https://www.kap.org.tr/tr/Bildirim/1531695,tr,2025-12-31T15:26:12+00:00
2025-12-31,SNGYO,KAP,SİNPAŞ GAYRİMENKUL YATIRIM ORTAKLIĞI A.Ş. - Özel Durum Açıklaması (Genel),Özel Durum Açıklaması (Genel) Bilgi Sistemleri Yönetimine İlişkin Usul ve Esaslar çerçevesinde ilgili Politika ve Prosedürlerin Yayımlanması,https://www.kap.org.tr/tr/Bildirim/1531807,tr,2025-12-31T17:10:54+00:00
2025-12-31,SRVGY,KAP,SERVET GAYRİMENKUL YATIRIM ORTAKLIĞI A.Ş. - Özel Durum Açıklaması (Genel),Özel Durum Açıklaması (Genel) Gayrimenkul Yatırım Ortaklıklarına İlişkin Esaslar Tebliği 40./3./ç Maddesi Kapsamında Yapılan Açıklama,https://www.kap.org.tr/tr/Bildirim/1531687,tr,2025-12-31T15:18:03+00:00
2025-12-31,TABGD,KAP,TAB GIDA SANAYİ VE TİCARET A.Ş. - Özel Durum Açıklaması (Genel),Özel Durum Açıklaması (Genel) Yönetici Sorumluluk Sigortası,https://www.kap.org.tr/tr/Bildirim/1531954,tr,2025-12-31T20:00:59+00:00
2025-12-31,TAC,KAP,TACİRLER YATIRIM MENKUL DEĞERLER A.Ş. - Halka Arz İşlemlerinde Sermaye Piyasası Aracının % 5 inden Fazlasını Satın Alanlara İlişkin Bildirim,Halka Arz İşlemlerinde Sermaye Piyasası Aracının % 5 inden Fazlasını Satın Alanlara İlişkin Bildirim Halka Arz İşlemlerinde Sermaye Piyasası Aracının % 5 inden Fazlasını Satın Alanlara İlişkin Bildirim IZFAS,https://www.kap.org.tr/tr/Bildirim/1531745,tr,2025-12-31T16:20:09+00:00
2025-12-31,TAE,KAP,TERA YATIRIM BANKASI A.Ş. - Sermaye Artırımı veya Azaltımı Bildirimi,Sermaye Artırımı veya Azaltımı Bildirimi Sermaye Artış Kararının Tescili,https://www.kap.org.tr/tr/Bildirim/1531846,tr,2025-12-31T18:09:50+00:00
2025-12-31,TAE,KAP,TERA YATIRIM BANKASI A.Ş. - Sermaye Artırımı veya Azaltımı Bildirimi,Sermaye Artırımı veya Azaltımı Bildirimi Sermaye Artış Kararına İlişkin Bildirim,https://www.kap.org.tr/tr/Bildirim/1531681,tr,2025-12-31T15:08:09+00:00
2025-12-31,TARKM,KAP,TARKİM BİTKİ KORUMA SANAYİ VE TİCARET A.Ş. - Özel Durum Açıklaması (Genel),Özel Durum Açıklaması (Genel) Bilgi Güvenliği Politikası ile Bilgi Sistemleri Yönetim ve Kontrol Prosedürü Hakkında,https://www.kap.org.tr/tr/Bildirim/1531947,tr,2025-12-31T19:27:19+00:00
2025-12-31,TATGD,KAP,TAT GIDA SANAYİ A.Ş. - Özel Durum Açıklaması (Genel),Özel Durum Açıklaması (Genel) Pazarlama Genel Müdür Yardımcısının görevinden ayrılması hakkında,https://www.kap.org.tr/tr/Bildirim/1531582,tr,2025-12-31T12:41:08+00:00
2025-12-31,TCELL,KAP,TURKCELL İLETİŞİM HİZMETLERİ A.Ş. - Şirket Genel Bilgi Formu,Şirket Genel Bilgi Formu,https://www.kap.org.tr/tr/Bildirim/1531702,tr,2025-12-31T15:31:03+00:00
2025-12-31,TCELL,KAP,TURKCELL İLETİŞİM HİZMETLERİ A.Ş. - Birleşme İşlemlerine İlişkin Bildirim,Birleşme İşlemlerine İlişkin Bildirim Bağlı Ortaklığımız Artel Bilişim Servisleri A.Ş. ile Devralma Yoluyla Birleşmenin Tamamlanması,https://www.kap.org.tr/tr/Bildirim/1531701,tr,2025-12-31T15:30:49+00:00
2025-12-31,TCRYT,KAP,TACİRLER YATIRIM MENKUL DEĞERLER A.Ş. - Halka Arz İşlemlerinde Sermaye Piyasası Aracının % 5 inden Fazlasını Satın Alanlara İlişkin Bildirim,Halka Arz İşlemlerinde Sermaye Piyasası Aracının % 5 inden Fazlasını Satın Alanlara İlişkin Bildirim Halka Arz İşlemlerinde Sermaye Piyasası Aracının % 5 inden Fazlasını Satın Alanlara İlişkin Bildirim IZFAS,https://www.kap.org.tr/tr/Bildirim/1531745,tr,2025-12-31T16:20:09+00:00
2025-12-31,TDGYO,KAP,TREND GAYRİMENKUL YATIRIM ORTAKLIĞI A.Ş. - Değerleme Raporu,Değerleme Raporu İstanbul Ümraniye Yıl Sonu Değerleme Raporu,https://www.kap.org.tr/tr/Bildirim/1531679,tr,2025-12-31T15:07:35+00:00
2025-12-31,TDGYO,KAP,TREND GAYRİMENKUL YATIRIM ORTAKLIĞI A.Ş. - Değerleme Raporu,Değerleme Raporu İstanbul Alibeyköy Yıl Sonu Değerleme Raporu,https://www.kap.org.tr/tr/Bildirim/1531678,tr,2025-12-31T15:07:24+00:00
2025-12-31,TDGYO,KAP,TREND GAYRİMENKUL YATIRIM ORTAKLIĞI A.Ş. - Değerleme Raporu,Değerleme Raporu Bursa Görükle Projesi Yıl Sonu Değerleme Raporu,https://www.kap.org.tr/tr/Bildirim/1531677,tr,2025-12-31T15:07:09+00:00
2025-12-31,TEHOL,KAP,TERA YATIRIM TEKNOLOJİ HOLDİNG A.Ş. - Özel Durum Açıklaması (Genel),Özel Durum Açıklaması (Genel) Barikat İnternet Güvenliği Ticaret A.Ş.?nin Yeni Siparişleri Hk.,https://www.kap.org.tr/tr/Bildirim/1531867,tr,2025-12-31T18:16:45+00:00
2025-12-31,TERA,KAP,TERA YATIRIM MENKUL DEĞERLER A.Ş. - Şirket Genel Bilgi Formu,Şirket Genel Bilgi Formu,https://www.kap.org.tr/tr/Bildirim/1531588,tr,2025-12-31T12:58:57+00:00
2025-12-31,TERA,KAP,TERA YATIRIM MENKUL DEĞERLER A.Ş. - Özel Durum Açıklaması (Genel),Özel Durum Açıklaması (Genel) Genel Müdür Ataması,https://www.kap.org.tr/tr/Bildirim/1531587,tr,2025-12-31T12:58:46+00:00
2025-12-31,TFNVK,KAP,TF VARLIK KİRALAMA A.Ş. - İhraç Tavanına İlişkin Bildirim,İhraç Tavanına İlişkin Bildirim Kira Sertifikası İhraç Tavanı SPK Onayı hk.,https://www.kap.org.tr/tr/Bildirim/1531771,tr,2025-12-31T16:39:42+00:00
2025-12-31,TGB,KAP,TÜRKİYE GARANTİ BANKASI A.Ş. - Şirket Genel Bilgi Formu,Şirket Genel Bilgi Formu,https://www.kap.org.tr/tr/Bildirim/1531841,tr,2025-12-31T18:02:37+00:00
2025-12-31,TIB,KAP,TÜRKİYE İŞ BANKASI A.Ş. - Finansal Duran Varlık Satışı,Finansal Duran Varlık Satışı Greeneco Enerji Elektrik Üretim A.Ş. Paylarının Devredilmesi Hakkında,https://www.kap.org.tr/tr/Bildirim/1531462,tr,2025-12-31T09:20:27+00:00
2025-12-31,TRA,KAP,TERA YATIRIM MENKUL DEĞERLER A.Ş. - Şirket Genel Bilgi Formu,Şirket Genel Bilgi Formu,https://www.kap.org.tr/tr/Bildirim/1531588,tr,2025-12-31T12:58:57+00:00
2025-12-31,TRA,KAP,TERA YATIRIM MENKUL DEĞERLER A.Ş. - Özel Durum Açıklaması (Genel),Özel Durum Açıklaması (Genel) Genel Müdür Ataması,https://www.kap.org.tr/tr/Bildirim/1531587,tr,2025-12-31T12:58:46+00:00
2025-12-31,TRBNK,KAP,TERA YATIRIM BANKASI A.Ş. - Sermaye Artırımı veya Azaltımı Bildirimi,Sermaye Artırımı veya Azaltımı Bildirimi Sermaye Artış Kararının Tescili,https://www.kap.org.tr/tr/Bildirim/1531846,tr,2025-12-31T18:09:50+00:00
2025-12-31,TRBNK,KAP,TERA YATIRIM BANKASI A.Ş. - Sermaye Artırımı veya Azaltımı Bildirimi,Sermaye Artırımı veya Azaltımı Bildirimi Sermaye Artış Kararına İlişkin Bildirim,https://www.kap.org.tr/tr/Bildirim/1531681,tr,2025-12-31T15:08:09+00:00
2025-12-31,TRCAS,KAP,TURCAS HOLDİNG A.Ş. - Finansal Duran Varlık Edinimi,Finansal Duran Varlık Edinimi %100 Bağlı ortaklığımız Turcas International Holding A.Ş.'nin Amerika'da yeni yatırıma iştirak etmesi,https://www.kap.org.tr/tr/Bildirim/1531869,tr,2025-12-31T18:17:04+00:00
2025-12-31,TRFFA,KAP,TERA FİNANS FAKTORİNG A.Ş. - Özel Durum Açıklaması (Genel),Özel Durum Açıklaması (Genel) Tera Yatırım Bankası Sermaye Artışı hk.,https://www.kap.org.tr/tr/Bildirim/1531770,tr,2025-12-31T16:37:30+00:00
2025-12-31,TRILC,KAP,TURK İLAÇ VE SERUM SANAYİ A.Ş. - Özel Durum Açıklaması (Genel),Özel Durum Açıklaması (Genel) Türkmenİstan Sağlık ve İlaç Bakanlığı ile imzalanan Sözleşmenin Sevkiyatlarının Gönderimi Hakkında,https://www.kap.org.tr/tr/Bildirim/1531580,tr,2025-12-31T12:38:16+00:00
2025-12-31,TSGYO,KAP,TSKB GAYRİMENKUL YATIRIM ORTAKLIĞI A.Ş. - Değerleme Raporu,Değerleme Raporu Divan Adana Oteli ve Bağımsız Bölümleri'ne İlişkin Yıl Sonu Değerleme Raporu,https://www.kap.org.tr/tr/Bildirim/1531671,tr,2025-12-31T15:04:50+00:00
2025-12-31,TSGYO,KAP,TSKB GAYRİMENKUL YATIRIM ORTAKLIĞI A.Ş. - Değerleme Raporu,Değerleme Raporu Pendorya Alışveriş Merkezi'ne ait Yıl Sonu Değerleme Raporu,https://www.kap.org.tr/tr/Bildirim/1531670,tr,2025-12-31T15:03:39+00:00
2025-12-31,TSGYO,KAP,TSKB GAYRİMENKUL YATIRIM ORTAKLIĞI A.Ş. - Değerleme Raporu,Değerleme Raporu Fındıklı Ek Hizmet Binası'na ait Yıl Sonu Değerleme Raporu,https://www.kap.org.tr/tr/Bildirim/1531669,tr,2025-12-31T15:03:19+00:00
2025-12-31,TSGYO,KAP,TSKB GAYRİMENKUL YATIRIM ORTAKLIĞI A.Ş. - Değerleme Raporu,Değerleme Raporu Fındıklı Genel Müdürlük Binası'na ait Yıl Sonu Değerleme Raporu,https://www.kap.org.tr/tr/Bildirim/1531668,tr,2025-12-31T15:02:52+00:00
2025-12-31,TSGYO,KAP,TSKB GAYRİMENKUL YATIRIM ORTAKLIĞI A.Ş. - Değerleme Raporu,Değerleme Raporu Tahir Han Binası'na ait Yıl Sonu Değerleme Raporu,https://www.kap.org.tr/tr/Bildirim/1531667,tr,2025-12-31T15:02:21+00:00
2025-12-31,TUCLK,KAP,TUĞÇELİK ALÜMİNYUM VE METAL MAMÜLLERİ SANAYİ VE TİCARET A.Ş. - Sermaye Artırımı - Azaltımı İşlemlerine İlişkin Bildirim,Sermaye Artırımı - Azaltımı İşlemlerine İlişkin Bildirim Sermaye Artırımının Tamamlanması ve Tadil Metninin Tescili Hakkında,https://www.kap.org.tr/tr/Bildirim/1531665,tr,2025-12-31T14:59:40+00:00
2025-12-31,TURSG,KAP,TÜRKİYE SİGORTA A.Ş. - Kurumsal Yönetim İlkelerine Uyum Derecelendirmesi,Kurumsal Yönetim İlkelerine Uyum Derecelendirmesi Kurumsal Yönetim Derecelendirme Notu Hakkında,https://www.kap.org.tr/tr/Bildirim/1531635,tr,2025-12-31T14:41:14+00:00
2025-12-31,TVB,KAP,TÜRKİYE VAKIFLAR BANKASI T.A.O. - Pay Dışında Sermaye Piyasası Aracı İşlemlerine İlişkin Bildirim (Faiz İçeren),Pay Dışında Sermaye Piyasası Aracı İşlemlerine İlişkin Bildirim (Faiz İçeren) GMTN Programı Çerçevesinde Türkiye Dışında Sürdürülebilir Borçlanma Aracı İhracı SPK Onayı,https://www.kap.org.tr/tr/Bildirim/1531682,tr,2025-12-31T15:08:13+00:00
2025-12-31,TVB,KAP,TÜRKİYE VAKIFLAR BANKASI T.A.O. - Pay Dışında Sermaye Piyasası Aracı İşlemlerine İlişkin Bildirim (Faiz İçeren),Pay Dışında Sermaye Piyasası Aracı İşlemlerine İlişkin Bildirim (Faiz İçeren) GMTN Programı Çerçevesinde Türkiye Dışında Sürdürülebilir Borçlanma Aracı İhracı SPK Onayı,https://www.kap.org.tr/tr/Bildirim/1531555,tr,2025-12-31T11:42:23+00:00
2025-12-31,ULUSE,KAP,ULUSOY ELEKTRİK İMALAT TAAHHÜT VE TİCARET A.Ş. - İlişkili Taraf İşlemleri,İlişkili Taraf İşlemleri ilişkili taraf işlemleri - Vakumlu Kesici Entegreli Trafoların üretimi,https://www.kap.org.tr/tr/Bildirim/1531829,tr,2025-12-31T17:50:04+00:00
2025-12-31,UNLU,KAP,ÜNLÜ YATIRIM HOLDİNG A.Ş. - Özel Durum Açıklaması (Genel),Özel Durum Açıklaması (Genel) Yönetici Sorumluluk Sigortası,https://www.kap.org.tr/tr/Bildirim/1531853,tr,2025-12-31T18:13:32+00:00
2025-12-31,UNLU,KAP,ÜNLÜ YATIRIM HOLDİNG A.Ş. - Şirket Genel Bilgi Formu,Şirket Genel Bilgi Formu,https://www.kap.org.tr/tr/Bildirim/1531852,tr,2025-12-31T18:13:18+00:00
2025-12-31,UNLU,KAP,ÜNLÜ YATIRIM HOLDİNG A.Ş. - Özel Durum Açıklaması (Genel),Özel Durum Açıklaması (Genel) Ünlü Yatırım Holding A.Ş. Yatırım Bankası Kuruluşuna İlişkin BDDK Başvurusu Hakkında,https://www.kap.org.tr/tr/Bildirim/1531850,tr,2025-12-31T18:13:05+00:00
2025-12-31,VAKBN,KAP,TÜRKİYE VAKIFLAR BANKASI T.A.O. - Pay Dışında Sermaye Piyasası Aracı İşlemlerine İlişkin Bildirim (Faiz İçeren),Pay Dışında Sermaye Piyasası Aracı İşlemlerine İlişkin Bildirim (Faiz İçeren) GMTN Programı Çerçevesinde Türkiye Dışında Sürdürülebilir Borçlanma Aracı İhracı SPK Onayı,https://www.kap.org.tr/tr/Bildirim/1531682,tr,2025-12-31T15:08:13+00:00
2025-12-31,VAKBN,KAP,TÜRKİYE VAKIFLAR BANKASI T.A.O. - Pay Dışında Sermaye Piyasası Aracı İşlemlerine İlişkin Bildirim (Faiz İçeren),Pay Dışında Sermaye Piyasası Aracı İşlemlerine İlişkin Bildirim (Faiz İçeren) GMTN Programı Çerçevesinde Türkiye Dışında Sürdürülebilir Borçlanma Aracı İhracı SPK Onayı,https://www.kap.org.tr/tr/Bildirim/1531555,tr,2025-12-31T11:42:23+00:00
2025-12-31,VAKFA,KAP,VAKIF FAKTORİNG A.Ş. - Özel Durum Açıklaması (Genel),Özel Durum Açıklaması (Genel) Sürdürülebilirlik Denetimi İçin Bağımsız Denetim Firmasının Seçimi Hakkında,https://www.kap.org.tr/tr/Bildirim/1531694,tr,2025-12-31T15:25:47+00:00
2025-12-31,VERTU,KAP,VERUSATURK GİRİŞİM SERMAYESİ YATIRIM ORTAKLIĞI A.Ş. - Payların Geri Alınmasına İlişkin Bildirim,Payların Geri Alınmasına İlişkin Bildirim Şirket Paylarının Geri Alımına İlişkin Programın Süre Yönünden Artırılarak Revize Edilmesi Hakkında,https://www.kap.org.tr/tr/Bildirim/1531891,tr,2025-12-31T18:24:23+00:00
2025-12-31,VESBE,KAP,VESTEL BEYAZ EŞYA SANAYİ VE TİCARET A.Ş. - Şirket Genel Bilgi Formu,Şirket Genel Bilgi Formu,https://www.kap.org.tr/tr/Bildirim/1531597,tr,2025-12-31T13:38:32+00:00
2025-12-31,VESTL,KAP,VESTEL ELEKTRONİK SANAYİ VE TİCARET A.Ş. - Şirket Genel Bilgi Formu,Şirket Genel Bilgi Formu,https://www.kap.org.tr/tr/Bildirim/1531598,tr,2025-12-31T13:39:01+00:00
2025-12-31,VKFYO,KAP,VAKIF MENKUL KIYMET YATIRIM ORTAKLIĞI A.Ş. - Özel Durum Açıklaması (Genel),Özel Durum Açıklaması (Genel) Kayıtlı Sermaye Tavanı Süre Uzatımı hk.,https://www.kap.org.tr/tr/Bildirim/1531988,tr,2025-12-31T23:57:32+00:00
2025-12-31,VKFYO,KAP,VAKIF MENKUL KIYMET YATIRIM ORTAKLIĞI A.Ş. - Özel Durum Açıklaması (Genel),Özel Durum Açıklaması (Genel) Yatırımcı İlişkileri bölüm personeli ataması hakkında,https://www.kap.org.tr/tr/Bildirim/1531986,tr,2025-12-31T23:38:55+00:00
2025-12-31,VKFYO,KAP,VAKIF MENKUL KIYMET YATIRIM ORTAKLIĞI A.Ş. - Özel Durum Açıklaması (Genel),Özel Durum Açıklaması (Genel) Müfettiş Ataması hakkında.,https://www.kap.org.tr/tr/Bildirim/1531985,tr,2025-12-31T23:32:23+00:00
2025-12-31,VKFYO,KAP,VAKIF MENKUL KIYMET YATIRIM ORTAKLIĞI A.Ş. - Özel Durum Açıklaması (Genel),Özel Durum Açıklaması (Genel) Yönetim Kurulu Üyesi istifası hakkında.,https://www.kap.org.tr/tr/Bildirim/1531984,tr,2025-12-31T23:23:02+00:00
2025-12-31,VKFYO,KAP,VAKIF MENKUL KIYMET YATIRIM ORTAKLIĞI A.Ş. - Özel Durum Açıklaması (Genel),"Özel Durum Açıklaması (Genel) Şirketimizin BİAŞ'da oluşan ağırlıklı ortalama fiyatın, pay başına net aktif değerin 2 katını aşması sebebiyle yapılan açıklamadır.",https://www.kap.org.tr/tr/Bildirim/1531983,tr,2025-12-31T22:46:08+00:00
2025-12-31,VKGYO,KAP,VAKIF GAYRİMENKUL YATIRIM ORTAKLIĞI A.Ş. - Değerleme Raporu,Değerleme Raporu Kocaeli Gebze 6365 Ada 14 ve 15 Parsel 2025 Yıl Sonu Değerleme Raporu,https://www.kap.org.tr/tr/Bildirim/1531831,tr,2025-12-31T17:50:34+00:00
2025-12-31,VKGYO,KAP,VAKIF GAYRİMENKUL YATIRIM ORTAKLIĞI A.Ş. - Değerleme Raporu,Değerleme Raporu Tablo Adalar Projesi Bağımsız Bölümler 2025 Yıl Sonu Değerleme Raporu,https://www.kap.org.tr/tr/Bildirim/1531711,tr,2025-12-31T15:48:37+00:00
2025-12-31,VSNMD,KAP,VİŞNE MADENCİLİK ÜRETİM SANAYİ VE TİCARET A.Ş. - Özel Durum Açıklaması (Genel),Özel Durum Açıklaması (Genel) Bilgi Güvenliği Politikası,https://www.kap.org.tr/tr/Bildirim/1531666,tr,2025-12-31T15:00:56+00:00
2025-12-31,YATVK,KAP,YATIRIM VARLIK KİRALAMA A.Ş. - Özel Durum Açıklaması (Genel),Özel Durum Açıklaması (Genel) Yönetim Kurulu Üyesi Değişikliği,https://www.kap.org.tr/tr/Bildirim/1531700,tr,2025-12-31T15:29:48+00:00
2025-12-31,YGGYO,KAP,YENİ GİMAT GAYRİMENKUL YATIRIM ORTAKLIĞI A.Ş. - Değerleme Raporu,Değerleme Raporu Ankamall AVM ve CP Ankara Oteli Değerleme Raporu,https://www.kap.org.tr/tr/Bildirim/1531707,tr,2025-12-31T15:46:27+00:00
2025-12-31,YGGYO,KAP,YENİ GİMAT GAYRİMENKUL YATIRIM ORTAKLIĞI A.Ş. - Değerleme Raporu,Değerleme Raporu Ankara/Kahramankazan Arsası Değerleme Raporu,https://www.kap.org.tr/tr/Bildirim/1531623,tr,2025-12-31T14:29:51+00:00
2025-12-31,YKR,KAP,YAPI KREDİ YATIRIM MENKUL DEĞERLER A.Ş. - Pay Dışında Sermaye Piyasası Aracı İşlemlerine İlişkin Bildirim (Faiz İçeren),Pay Dışında Sermaye Piyasası Aracı İşlemlerine İlişkin Bildirim (Faiz İçeren) Borçlanma Aracı İhracı Satışının Tamamlanması,https://www.kap.org.tr/tr/Bildirim/1531544,tr,2025-12-31T11:22:35+00:00
2025-12-31,YKSLN,KAP,YÜKSELEN ÇELİK A.Ş. - İzahname (SPK Tarafından Onaylanan),İzahname (SPK Tarafından Onaylanan) İzahname (SPK Tarafından Onaylanan),https://www.kap.org.tr/tr/Bildirim/1531786,tr,2025-12-31T16:53:10+00:00
2025-12-31,YKSLN,KAP,YÜKSELEN ÇELİK A.Ş. - Sermaye Artırımı - Azaltımı İşlemlerine İlişkin Bildirim,Sermaye Artırımı - Azaltımı İşlemlerine İlişkin Bildirim Sermaye Artırımına İlişkin Yeni Pay Alma Hakkı Kullanım Tarihleri ve Rüçhan ISIN Kodu,https://www.kap.org.tr/tr/Bildirim/1531751,tr,2025-12-31T16:25:46+00:00
2025-12-31,YKYAT,KAP,YAPI KREDİ YATIRIM MENKUL DEĞERLER A.Ş. - Pay Dışında Sermaye Piyasası Aracı İşlemlerine İlişkin Bildirim (Faiz İçeren),Pay Dışında Sermaye Piyasası Aracı İşlemlerine İlişkin Bildirim (Faiz İçeren) Borçlanma Aracı İhracı Satışının Tamamlanması,https://www.kap.org.tr/tr/Bildirim/1531544,tr,2025-12-31T11:22:35+00:00
2025-12-31,ZERGY,KAP,ZERAY GAYRİMENKUL YATIRIM ORTAKLIĞI A.Ş. - Özel Durum Açıklaması (Genel),Özel Durum Açıklaması (Genel) MAHAL KARTEPE PROJESİ Yapı Kullanma İzin Belgesi Alınması hk.,https://www.kap.org.tr/tr/Bildirim/1531912,tr,2025-12-31T18:42:59+00:00
2025-12-31,ZKBVR,KAP,ZKB VARLIK KİRALAMA A.Ş. - Tertip İhraç Belgesi,Tertip İhraç Belgesi Tertip İhraç Belgesi BALSU,https://www.kap.org.tr/tr/Bildirim/1531753,tr,2025-12-31T16:28:01+00:00
2025-12-31,ZOREN,KAP,ZORLU ENERJİ ELEKTRİK ÜRETİM A.Ş. - Özel Durum Açıklaması (Genel),Özel Durum Açıklaması (Genel) Diyadin Jeotermal Kaynak Arama Projesi Hakkında,https://www.kap.org.tr/tr/Bildirim/1531705,tr,2025-12-31T15:36:16+00:00
