date,ticker,source,title,text,url,language,published_at
2025-06-18,AVPGY,KAP,AVRUPAKENT GAYRİMENKUL YATIRIM ORTAKLIĞI A.Ş. - Kar Payı Dağıtım İşlemlerine İlişkin Bildirim,Kar Payı Dağıtım İşlemlerine İlişkin Bildirim Temettü 2. Taksit Ödeme Tutar ve Tarihinin Belirlenmesine İlişkin Karar hk.,https://www.kap.org.tr/tr/Bildirim/1450013,tr,2025-06-18T19:07:35+00:00
2025-06-18,AZTEK,KAP,AZTEK TEKNOLOJİ ÜRÜNLERİ TİCARET A.Ş. - Özel Durum Açıklaması (Genel),Özel Durum Açıklaması (Genel) Aztek Teknoloji'nin Harman International tarafından ödüllendirilmesi hakkında,https://www.kap.org.tr/tr/Bildirim/1450017,tr,2025-06-18T19:59:01+00:00
2025-06-18,BIZIM,KAP,BİZİM TOPTAN SATIŞ MAĞAZALARI A.Ş. - Kar Payı Dağıtım İşlemlerine İlişkin Bildirim,Kar Payı Dağıtım İşlemlerine İlişkin Bildirim 2024 Olağan Genel Kurul Toplantısı Kar Dağıtım Sonucu,https://www.kap.org.tr/tr/Bildirim/1450021,tr,2025-06-18T21:08:44+00:00
2025-06-18,BIZIM,KAP,BİZİM TOPTAN SATIŞ MAĞAZALARI A.Ş. - Bağımsız Denetim Kuruluşunun Belirlenmesi,Bağımsız Denetim Kuruluşunun Belirlenmesi Bağımsız Denetim Şirketi Seçimi Kararı,https://www.kap.org.tr/tr/Bildirim/1450020,tr,2025-06-18T21:04:06+00:00
2025-06-18,BIZIM,KAP,BİZİM TOPTAN SATIŞ MAĞAZALARI A.Ş. - Genel Kurul İşlemlerine İlişkin Bildirim,Genel Kurul İşlemlerine İlişkin Bildirim 2024 Yılı Olağan Genel Kurul Toplantısı Sonuç Bildirimi,https://www.kap.org.tr/tr/Bildirim/1450019,tr,2025-06-18T21:03:53+00:00
2025-06-18,CCOLA,KAP,COCA-COLA İÇECEK A.Ş. - Pay Dışında Sermaye Piyasası Aracı İşlemlerine İlişkin Bildirim (Faiz İçeren),Pay Dışında Sermaye Piyasası Aracı İşlemlerine İlişkin Bildirim (Faiz İçeren) TRFCOLA32615 ISIN Kodlu Tahvilin 1. Kupon Faiz Oranının Belirlenmesi,https://www.kap.org.tr/tr/Bildirim/1450014,tr,2025-06-18T19:10:12+00:00
2025-06-18,CCOLA,KAP,COCA-COLA İÇECEK A.Ş. - Kredi Derecelendirmesi,Kredi Derecelendirmesi JCR Eurasia Rating Kredi Derecelendirme Notu,https://www.kap.org.tr/tr/Bildirim/1450011,tr,2025-06-18T19:00:22+00:00
2025-06-18,GSRAY,KAP,GALATASARAY SPORTİF SINAİ VE TİCARİ YATIRIMLAR A.Ş. - Özel Durum Açıklaması (Genel),Özel Durum Açıklaması (Genel) Sponsorluk Anlaşması Hakkında,https://www.kap.org.tr/tr/Bildirim/1450012,tr,2025-06-18T19:05:09+00:00
2025-06-18,GUBRF,KAP,GÜBRE FABRİKALARI T.A.Ş. - Payların Geri Alınmasına İlişkin Bildirim,Payların Geri Alınmasına İlişkin Bildirim Pay Geri Alım İşlemlerine İlişkin Bildirim,https://www.kap.org.tr/tr/Bildirim/1450018,tr,2025-06-18T20:00:07+00:00
2025-06-18,IDGYO,KAP,İDEALİST GAYRİMENKUL YATIRIM ORTAKLIĞI A.Ş. - Maddi Duran Varlık Satımı,Maddi Duran Varlık Satımı Maddi Duran Varlık Satışı,https://www.kap.org.tr/tr/Bildirim/1450016,tr,2025-06-18T19:12:41+00:00
2025-06-18,POLHO,KAP,POLİSAN HOLDİNG A.Ş. - Özel Durum Açıklaması (Genel),Özel Durum Açıklaması (Genel) Bağlı Ortaklık paylarının satışına ilişkin görüşmeler hakkında,https://www.kap.org.tr/tr/Bildirim/1450023,tr,2025-06-18T21:13:50+00:00
2025-06-18,POLHO,KAP,POLİSAN HOLDİNG A.Ş. - Sermaye Artırımı - Azaltımı İşlemlerine İlişkin Bildirim,Sermaye Artırımı - Azaltımı İşlemlerine İlişkin Bildirim Bedelsiz Sermaye Artırımı İhraç Belgesi,https://www.kap.org.tr/tr/Bildirim/1450022,tr,2025-06-18T21:10:43+00:00
2025-06-18,SANFM,KAP,SANİFOAM ENDÜSTRİ VE TÜKETİM ÜRÜNLERİ SANAYİ TİCARET A.Ş. - Payların Geri Alınmasına İlişkin Bildirim,Payların Geri Alınmasına İlişkin Bildirim 18.06.2025 Tarihli Pay Geri Alım İşlemleri,https://www.kap.org.tr/tr/Bildirim/1450024,tr,2025-06-18T21:28:52+00:00
2025-06-18,SEK,KAP,ŞEKERBANK T.A.Ş. - Şirket Genel Bilgi Formu,Şirket Genel Bilgi Formu,https://www.kap.org.tr/tr/Bildirim/1450015,tr,2025-06-18T19:11:28+00:00
2025-06-18,SKBNK,KAP,ŞEKERBANK T.A.Ş. - Şirket Genel Bilgi Formu,Şirket Genel Bilgi Formu,https://www.kap.org.tr/tr/Bildirim/1450015,tr,2025-06-18T19:11:28+00:00
2025-06-18,TERA,KAP,TERA YATIRIM MENKUL DEĞERLER A.Ş. - Payların Geri Alınmasına İlişkin Bildirim,Payların Geri Alınmasına İlişkin Bildirim 18.06.2025 Tarihli Pay Geri Alım İşlemleri,https://www.kap.org.tr/tr/Bildirim/1450026,tr,2025-06-18T23:01:28+00:00
2025-06-18,TRA,KAP,TERA YATIRIM MENKUL DEĞERLER A.Ş. - Payların Geri Alınmasına İlişkin Bildirim,Payların Geri Alınmasına İlişkin Bildirim 18.06.2025 Tarihli Pay Geri Alım İşlemleri,https://www.kap.org.tr/tr/Bildirim/1450026,tr,2025-06-18T23:01:28+00:00
2025-06-18,TTRAK,KAP,TÜRK TRAKTÖR VE ZİRAAT MAKİNELERİ A.Ş. - Kurumsal Yönetim Bilgi Formu (Güncelleme) - Yönetim Kurulu-2,Kurumsal Yönetim Bilgi Formu (Güncelleme) - Yönetim Kurulu-2 Yönetim Kurulu - II,https://www.kap.org.tr/tr/Bildirim/1450025,tr,2025-06-18T21:32:38+00:00
2025-06-19,ADGYO,KAP,ADRA GAYRİMENKUL YATIRIM ORTAKLIĞI A.Ş. - Payların Geri Alınmasına İlişkin Bildirim,Payların Geri Alınmasına İlişkin Bildirim Payların Geri Alınmasına İlişkin Bildirim,https://www.kap.org.tr/tr/Bildirim/1450353,tr,2025-06-19T18:23:43+00:00
2025-06-19,AEFES,KAP,ANADOLU EFES BİRACILIK VE MALT SANAYİİ A.Ş. - Sermaye Artırımı - Azaltımı İşlemlerine İlişkin Bildirim,Sermaye Artırımı - Azaltımı İşlemlerine İlişkin Bildirim Bedelsiz Pay Alma Hakkı Kullanım Başlangıç Tarihine İlişkin,https://www.kap.org.tr/tr/Bildirim/1450255,tr,2025-06-19T16:38:27+00:00
2025-06-19,AKBNK,KAP,AKBANK T.A.Ş. - Pay Dışında Sermaye Piyasası Aracı İşlemlerine İlişkin Bildirim (Faiz İçeren),Pay Dışında Sermaye Piyasası Aracı İşlemlerine İlişkin Bildirim (Faiz İçeren) Yurtdışı Piyasalara Tahvil İhracının Tamamlanması,https://www.kap.org.tr/tr/Bildirim/1450289,tr,2025-06-19T17:16:23+00:00
2025-06-19,AKFGY,KAP,AKFEN GAYRİMENKUL YATIRIM ORTAKLIĞI A.Ş. - Payların Geri Alınmasına İlişkin Bildirim,Payların Geri Alınmasına İlişkin Bildirim 19.06.2025 Tarihli Pay Geri Alım İşlemleri Hk.,https://www.kap.org.tr/tr/Bildirim/1450351,tr,2025-06-19T18:18:47+00:00
2025-06-19,AKFIS,KAP,AKFEN İNŞAAT TURİZM VE TİCARET A.Ş. - Payların Geri Alınmasına İlişkin Bildirim,Payların Geri Alınmasına İlişkin Bildirim 19.06.2025 Tarihli Pay Geri Alım İşlemleri Hk.,https://www.kap.org.tr/tr/Bildirim/1450356,tr,2025-06-19T18:28:24+00:00
2025-06-19,AKFYE,KAP,AKFEN YENİLENEBİLİR ENERJİ A.Ş. - Payların Geri Alınmasına İlişkin Bildirim,Payların Geri Alınmasına İlişkin Bildirim 19.06.2025 Tarihli Pay Geri Alım İşlemleri Hk.,https://www.kap.org.tr/tr/Bildirim/1450377,tr,2025-06-19T19:19:21+00:00
2025-06-19,AKYHO,KAP,AKDENİZ YATIRIM HOLDİNG A.Ş. - Şirket Merkezi Değişikliği,"Şirket Merkezi Değişikliği Şirket Merkez Adresinin Tescil ve İlanı Hakkında,",https://www.kap.org.tr/tr/Bildirim/1450330,tr,2025-06-19T18:01:02+00:00
2025-06-19,ALFAS,KAP,ALFA SOLAR ENERJİ SANAYİ VE TİCARET A.Ş. - Kurumsal Yönetim Bilgi Formu (Güncelleme) - Yönetim Kurulu-2,Kurumsal Yönetim Bilgi Formu (Güncelleme) - Yönetim Kurulu-2 Yönetim Kurulu Komitelerinin Güncellenmesi,https://www.kap.org.tr/tr/Bildirim/1450350,tr,2025-06-19T18:18:44+00:00
2025-06-19,ALNUS,KAP,ALNUS YATIRIM MENKUL DEĞERLER A.Ş. - Pay Alım Satım Bildirimi,Pay Alım Satım Bildirimi DERHL Pay SAtım Bildirimi DERHL,https://www.kap.org.tr/tr/Bildirim/1450303,tr,2025-06-19T17:30:38+00:00
2025-06-19,ALTNY,KAP,ALTINAY SAVUNMA TEKNOLOJİLERİ A.Ş. - Yeni İş İlişkisi,Yeni İş İlişkisi Yeni İş İlişkisi,https://www.kap.org.tr/tr/Bildirim/1450041,tr,2025-06-19T09:26:43+00:00
2025-06-19,ALVES,KAP,ALVES KABLO SANAYİ VE TİCARET A.Ş. - Özel Durum Açıklaması (Genel),Özel Durum Açıklaması (Genel) 19.06.2025 Tarihli Analist Sunumu,https://www.kap.org.tr/tr/Bildirim/1450038,tr,2025-06-19T09:25:03+00:00
2025-06-19,ANC,KAP,ALNUS YATIRIM MENKUL DEĞERLER A.Ş. - Pay Alım Satım Bildirimi,Pay Alım Satım Bildirimi DERHL Pay SAtım Bildirimi DERHL,https://www.kap.org.tr/tr/Bildirim/1450303,tr,2025-06-19T17:30:38+00:00
2025-06-19,ARENA,KAP,ARENA BİLGİSAYAR SANAYİ VE TİCARET A.Ş. - Özel Durum Açıklaması (Genel),Özel Durum Açıklaması (Genel) Varlığa Dayalı Menkul Kıymet İhracına İlişkin Yönetim Kurulu Kararı,https://www.kap.org.tr/tr/Bildirim/1450378,tr,2025-06-19T19:34:16+00:00
2025-06-19,ARZUM,KAP,ARZUM ELEKTRİKLİ EV ALETLERİ SANAYİ VE TİCARET A.Ş. - Özel Durum Açıklaması (Genel),Özel Durum Açıklaması (Genel) Ortaklardan Şirkete Verilen Borç Verilmesi hk.,https://www.kap.org.tr/tr/Bildirim/1450368,tr,2025-06-19T18:56:23+00:00
2025-06-19,ASTOR,KAP,ASTOR ENERJİ A.Ş. - Bağımsız Denetim Kuruluşunun Belirlenmesi,Bağımsız Denetim Kuruluşunun Belirlenmesi 2025 yılı Bağımsız Denetim Şirketi Seçimi,https://www.kap.org.tr/tr/Bildirim/1450298,tr,2025-06-19T17:25:22+00:00
2025-06-19,ASTOR,KAP,ASTOR ENERJİ A.Ş. - Kar Payı Dağıtım İşlemlerine İlişkin Bildirim,Kar Payı Dağıtım İşlemlerine İlişkin Bildirim Kâr Payı Dağıtım İşlemlerine İlişkin Bildirim,https://www.kap.org.tr/tr/Bildirim/1450295,tr,2025-06-19T17:22:37+00:00
2025-06-19,ASTOR,KAP,ASTOR ENERJİ A.Ş. - Genel Kurul İşlemlerine İlişkin Bildirim,Genel Kurul İşlemlerine İlişkin Bildirim 2024 Yılı Olağan Genel Kurul Toplantı Sonucu,https://www.kap.org.tr/tr/Bildirim/1450290,tr,2025-06-19T17:16:39+00:00
2025-06-19,AVTUR,KAP,AVRASYA PETROL VE TURİSTİK TESİSLER YATIRIMLAR A.Ş. - Kurumsal Yönetim Bilgi Formu (Güncelleme) - Yönetim Kurulu-1,Kurumsal Yönetim Bilgi Formu (Güncelleme) - Yönetim Kurulu-1 Kurumsal Yönetim Bilgi Formu Güncelleme,https://www.kap.org.tr/tr/Bildirim/1450265,tr,2025-06-19T16:45:30+00:00
2025-06-19,AVTUR,KAP,AVRASYA PETROL VE TURİSTİK TESİSLER YATIRIMLAR A.Ş. - Şirket Genel Bilgi Formu,Şirket Genel Bilgi Formu,https://www.kap.org.tr/tr/Bildirim/1450263,tr,2025-06-19T16:44:46+00:00
2025-06-19,AVTUR,KAP,AVRASYA PETROL VE TURİSTİK TESİSLER YATIRIMLAR A.Ş. - Bağımsız Denetim Kuruluşunun Belirlenmesi,Bağımsız Denetim Kuruluşunun Belirlenmesi Bağımsız Denetim Şirketinin Tescili Hakkında,https://www.kap.org.tr/tr/Bildirim/1450172,tr,2025-06-19T14:26:04+00:00
2025-06-19,AVTUR,KAP,AVRASYA PETROL VE TURİSTİK TESİSLER YATIRIMLAR A.Ş. - Genel Kurul İşlemlerine İlişkin Bildirim,Genel Kurul İşlemlerine İlişkin Bildirim 2024 Yılı Olağan Genel Kurul Toplantısının Tescili Hakkında,https://www.kap.org.tr/tr/Bildirim/1450171,tr,2025-06-19T14:25:10+00:00
2025-06-19,BERA,KAP,BERA HOLDİNG A.Ş. - Genel Kurul İşlemlerine İlişkin Bildirim,Genel Kurul İşlemlerine İlişkin Bildirim 2024 Yılı Olağan Genel Kurul 2.Toplantı Sonucu Hak.,https://www.kap.org.tr/tr/Bildirim/1450343,tr,2025-06-19T18:15:02+00:00
2025-06-19,BERA,KAP,BERA HOLDİNG A.Ş. - Kayıtlı Sermaye Tavanı İşlemlerine İlişkin Bildirim,Kayıtlı Sermaye Tavanı İşlemlerine İlişkin Bildirim Kayıtlı Sermaye Tavan Artırımı ve Geçerlilik Süresinin Genel Kurulca Onaylanması,https://www.kap.org.tr/tr/Bildirim/1450323,tr,2025-06-19T17:54:31+00:00
2025-06-19,BERA,KAP,BERA HOLDİNG A.Ş. - Bağımsız Denetim Kuruluşunun Belirlenmesi,Bağımsız Denetim Kuruluşunun Belirlenmesi 2025 Yılı Bağımsız Denetim Kuruluşu Seçiminin Genel Kurulca Onaylanması Hakkında.,https://www.kap.org.tr/tr/Bildirim/1450319,tr,2025-06-19T17:51:28+00:00
2025-06-19,BERA,KAP,BERA HOLDİNG A.Ş. - Genel Kurul İşlemlerine İlişkin Bildirim,Genel Kurul İşlemlerine İlişkin Bildirim 2024 Yılı Olağan Genel Kurul 2.Toplantı Sonucu Hak.,https://www.kap.org.tr/tr/Bildirim/1450318,tr,2025-06-19T17:51:21+00:00
2025-06-19,BERA,KAP,BERA HOLDİNG A.Ş. - Kar Payı Dağıtım İşlemlerine İlişkin Bildirim,Kar Payı Dağıtım İşlemlerine İlişkin Bildirim 2024 Yılı Yönetim Kurulu Kar Dağıtım Teklifi,https://www.kap.org.tr/tr/Bildirim/1450305,tr,2025-06-19T17:33:39+00:00
2025-06-19,BINHO,KAP,1000 YATIRIMLAR HOLDİNG A.Ş. - Özel Durum Açıklaması (Genel),Özel Durum Açıklaması (Genel) Yatırımlarımızdan 1000 Ödeme Hizmetleri ve Elektronik Para A.Ş. Hakkında Bilgilendirme,https://www.kap.org.tr/tr/Bildirim/1450033,tr,2025-06-19T09:12:53+00:00
2025-06-19,BLUME,KAP,METEMTUR YATIRIM ENERJİ TURİZM VE İNŞAAT A.Ş. - Geri Alınan Payların Elden Çıkarılması,Geri Alınan Payların Elden Çıkarılması Geri Alınan Payların Elden Çıkarılması,https://www.kap.org.tr/tr/Bildirim/1450359,tr,2025-06-19T18:35:03+00:00
2025-06-19,BORLS,KAP,BORLEASE OTOMOTİV A.Ş. - Payların Geri Alınmasına İlişkin Bildirim,Payların Geri Alınmasına İlişkin Bildirim Pay Geri Alım İşlemlerinin Başlatılması,https://www.kap.org.tr/tr/Bildirim/1450346,tr,2025-06-19T18:15:36+00:00
2025-06-19,BRKT,KAP,BEREKET VARLIK KİRALAMA A.Ş. - Pay Dışında Sermaye Piyasası Aracı İşlemlerine İlişkin Bildirim (Faizsiz),Pay Dışında Sermaye Piyasası Aracı İşlemlerine İlişkin Bildirim (Faizsiz) TRDBRKTK2515 ISIN Kodlu Kira Sertifikasının 5. Dönemsel Getiri Oranı Hk. ALBRK,https://www.kap.org.tr/tr/Bildirim/1450320,tr,2025-06-19T17:51:58+00:00
2025-06-19,BRLSM,KAP,BİRLEŞİM MÜHENDİSLİK ISITMA SOĞUTMA HAVALANDIRMA SANAYİ VE TİCARET A.Ş. - Özel Durum Açıklaması (Genel),Özel Durum Açıklaması (Genel) Yatırımcı Sunumu,https://www.kap.org.tr/tr/Bildirim/1450339,tr,2025-06-19T18:11:03+00:00
2025-06-19,BRSAN,KAP,BORUSAN BİRLEŞİK BORU FABRİKALARI SANAYİ VE TİCARET A.Ş. - Özel Durum Açıklaması (Genel),Özel Durum Açıklaması (Genel) Türkiye Üretim Altyapısına Yönelik Stratejik Yatırım Kararı,https://www.kap.org.tr/tr/Bildirim/1450347,tr,2025-06-19T18:15:40+00:00
2025-06-19,CAGFA,KAP,ÇAĞDAŞ FAKTORİNG A.Ş. - Pay Dışında Sermaye Piyasası Aracı İşlemlerine İlişkin Bildirim (Faiz İçeren),Pay Dışında Sermaye Piyasası Aracı İşlemlerine İlişkin Bildirim (Faiz İçeren) 1.Kupon Faiz Oranının Belirlenmesi,https://www.kap.org.tr/tr/Bildirim/1450306,tr,2025-06-19T17:38:55+00:00
2025-06-19,CCOLA,KAP,COCA-COLA İÇECEK A.Ş. - Pay Dışında Sermaye Piyasası Aracı İşlemlerine İlişkin Bildirim (Faiz İçeren),Pay Dışında Sermaye Piyasası Aracı İşlemlerine İlişkin Bildirim (Faiz İçeren) TRFCOLA32615 ISIN Kodlu Tahvilin 1. Kupon Ödemesi,https://www.kap.org.tr/tr/Bildirim/1450162,tr,2025-06-19T13:44:31+00:00
2025-06-19,CWENE,KAP,CW ENERJİ MÜHENDİSLİK TİCARET VE SANAYİ A.Ş. - Özel Durum Açıklaması (Genel),Özel Durum Açıklaması (Genel) Hücre Yatırımı Hk.,https://www.kap.org.tr/tr/Bildirim/1450092,tr,2025-06-19T10:54:45+00:00
2025-06-19,DARDL,KAP,DARDANEL ÖNENTAŞ GIDA SANAYİ A.Ş. - Sermaye Artırımı - Azaltımı İşlemlerine İlişkin Bildirim,Sermaye Artırımı - Azaltımı İşlemlerine İlişkin Bildirim Sermaye Artırımı Tamamlanması ve Esas Sözleşme Tadili Hk.,https://www.kap.org.tr/tr/Bildirim/1450383,tr,2025-06-19T20:21:01+00:00
2025-06-19,DARDL,KAP,DARDANEL ÖNENTAŞ GIDA SANAYİ A.Ş. - Genel Kurul İşlemlerine İlişkin Bildirim,Genel Kurul İşlemlerine İlişkin Bildirim Genel Kurul Tescil Bildirimi Hk.,https://www.kap.org.tr/tr/Bildirim/1450204,tr,2025-06-19T15:30:00+00:00
2025-06-19,DCTTR,KAP,DCT TRADİNG DIŞ TİCARET A.Ş. - Finansal Duran Varlık Satışı,Finansal Duran Varlık Satışı Bağlı ortaklık hisse satışı,https://www.kap.org.tr/tr/Bildirim/1450137,tr,2025-06-19T12:20:19+00:00
2025-06-19,DNYVA,KAP,DÜNYA VARLIK YÖNETİM A.Ş. - Pay Dışında Sermaye Piyasası Aracı İşlemlerine İlişkin Bildirim (Faiz İçeren),Pay Dışında Sermaye Piyasası Aracı İşlemlerine İlişkin Bildirim (Faiz İçeren) TRSDVYS92610 ISIN kodlu tahvilin 1.kupon oranına ilişkin açıklama,https://www.kap.org.tr/tr/Bildirim/1450278,tr,2025-06-19T17:10:20+00:00
2025-06-19,DOHOL,KAP,DOĞAN ŞİRKETLER GRUBU HOLDİNG A.Ş. - Şirket Genel Bilgi Formu,Şirket Genel Bilgi Formu,https://www.kap.org.tr/tr/Bildirim/1450168,tr,2025-06-19T14:12:05+00:00
2025-06-19,DURDO,KAP,DURAN DOĞAN BASIM VE AMBALAJ SANAYİ A.Ş. - Genel Kurul İşlemlerine İlişkin Bildirim,Genel Kurul İşlemlerine İlişkin Bildirim 2024 Yılı Olağan Genel Kurul Toplantı Sonuçları Düzeltme,https://www.kap.org.tr/tr/Bildirim/1450312,tr,2025-06-19T17:43:01+00:00
2025-06-19,EBEBK,KAP,EBEBEK MAĞAZACILIK A.Ş. - Yeni İş İlişkisi,Yeni İş İlişkisi Yeni Lisans Anlaşması,https://www.kap.org.tr/tr/Bildirim/1450186,tr,2025-06-19T15:03:20+00:00
2025-06-19,EGEEN,KAP,EGE ENDÜSTRİ VE TİCARET A.Ş. - Faaliyetlerin Kısmen veya Tamamen Durdurulması ya da İmkansız Hale Gelmesi,"Faaliyetlerin Kısmen veya Tamamen Durdurulması ya da İmkansız Hale Gelmesi Fabrikalarımızda yıllık izin döneminde üretim yapılmaması, periyodik bakım faaliyetleri ile sayım işlemleri hakkında açıklama",https://www.kap.org.tr/tr/Bildirim/1450031,tr,2025-06-19T09:06:44+00:00
2025-06-19,ELITE,KAP,ELİTE NATUREL ORGANİK GIDA SANAYİ VE TİCARET A.Ş. - Kar Payı Dağıtım İşlemlerine İlişkin Bildirim,Kar Payı Dağıtım İşlemlerine İlişkin Bildirim Olağan Genel Kurul Toplantısında Kar Payı Dağıtımına İlişkin Karar Alınması,https://www.kap.org.tr/tr/Bildirim/1450369,tr,2025-06-19T18:58:03+00:00
2025-06-19,ELITE,KAP,ELİTE NATUREL ORGANİK GIDA SANAYİ VE TİCARET A.Ş. - Özel Durum Açıklaması (Genel),Özel Durum Açıklaması (Genel) Olağan Genel Kurul Toplantısında Yapılan Sunum,https://www.kap.org.tr/tr/Bildirim/1450367,tr,2025-06-19T18:46:01+00:00
2025-06-19,ELITE,KAP,ELİTE NATUREL ORGANİK GIDA SANAYİ VE TİCARET A.Ş. - Genel Kurul İşlemlerine İlişkin Bildirim,Genel Kurul İşlemlerine İlişkin Bildirim 2024 Yılı Olağan Genel Kurul Toplantısı Sonuçları,https://www.kap.org.tr/tr/Bildirim/1450366,tr,2025-06-19T18:45:14+00:00
2025-06-19,ETYAT,KAP,EURO TREND YATIRIM ORTAKLIĞI A.Ş. - Özel Durum Açıklaması (Genel),"Özel Durum Açıklaması (Genel) BİAŞ'da oluşan ağırlıklı ortalama fiyatın,pay başına net aktif değerin 2 katını aşması",https://www.kap.org.tr/tr/Bildirim/1450133,tr,2025-06-19T12:16:55+00:00
2025-06-19,EUHOL,KAP,EURO YATIRIM HOLDİNG A.Ş. - Özel Durum Açıklaması (Genel),Özel Durum Açıklaması (Genel) İştirak alımı için görüşmelere başlanması hakkında,https://www.kap.org.tr/tr/Bildirim/1450349,tr,2025-06-19T18:18:42+00:00
2025-06-19,EUKYO,KAP,EURO KAPİTAL YATIRIM ORTAKLIĞI A.Ş. - Özel Durum Açıklaması (Genel),"Özel Durum Açıklaması (Genel) BİAŞ'da oluşan ağırlıklı ortalama fiyatın,pay başına net aktif değerin 2 katını aşması",https://www.kap.org.tr/tr/Bildirim/1450134,tr,2025-06-19T12:17:37+00:00
2025-06-19,EUYO,KAP,EURO MENKUL KIYMET YATIRIM ORTAKLIĞI A.Ş. - Özel Durum Açıklaması (Genel),"Özel Durum Açıklaması (Genel) BİAŞ'da oluşan ağırlıklı ortalama fiyatın,pay başına net aktif değerin 2 katını aşması",https://www.kap.org.tr/tr/Bildirim/1450132,tr,2025-06-19T12:16:16+00:00
2025-06-19,GARFA,KAP,GARANTİ FAKTORİNG A.Ş. - Genel Kurul İşlemlerine İlişkin Bildirim,Genel Kurul İşlemlerine İlişkin Bildirim Olağan Genel Kurul Toplantısı Sonuçları Tescili,https://www.kap.org.tr/tr/Bildirim/1450304,tr,2025-06-19T17:30:45+00:00
2025-06-19,GRNYO,KAP,GARANTİ YATIRIM ORTAKLIĞI A.Ş. - Özel Durum Açıklaması (Genel),"Özel Durum Açıklaması (Genel) Paylarının BİAŞ'ta oluşan ağırlıklı ortalama fiyatının, pay başına net aktif değerinin 2 katını aşması hakkında.",https://www.kap.org.tr/tr/Bildirim/1450091,tr,2025-06-19T10:52:45+00:00
2025-06-19,GUBRF,KAP,GÜBRE FABRİKALARI T.A.Ş. - Özel Durum Açıklaması (Genel),Özel Durum Açıklaması (Genel) Bağlı Ortaklığımız Razi?ye İlişkin Kamuoyu Bilgilendirmesi,https://www.kap.org.tr/tr/Bildirim/1450035,tr,2025-06-19T09:16:53+00:00
2025-06-19,HALKB,KAP,TÜRKİYE HALK BANKASI A.Ş. - Kredi Derecelendirmesi,Kredi Derecelendirmesi Fitch Ratings Notu-Revize,https://www.kap.org.tr/tr/Bildirim/1450341,tr,2025-06-19T18:13:26+00:00
2025-06-19,HRKET,KAP,HAREKET PROJE TAŞIMACILIĞI VE YÜK MÜHENDİSLİĞİ A.Ş. - Payların Geri Alınmasına İlişkin Bildirim,Payların Geri Alınmasına İlişkin Bildirim Pay Geri Alım İşlemleri Hk.,https://www.kap.org.tr/tr/Bildirim/1450352,tr,2025-06-19T18:21:38+00:00
2025-06-19,HUZFA,KAP,HUZUR FAKTORİNG A.Ş. - Özel Durum Açıklaması (Genel),Özel Durum Açıklaması (Genel) Mersin Şube Açılışı Hakkında,https://www.kap.org.tr/tr/Bildirim/1450301,tr,2025-06-19T17:28:53+00:00
2025-06-19,HUZFA,KAP,HUZUR FAKTORİNG A.Ş. - Özel Durum Açıklaması (Genel),Özel Durum Açıklaması (Genel) Mersin Şube Açılışı Hakkında,https://www.kap.org.tr/tr/Bildirim/1450276,tr,2025-06-19T17:06:55+00:00
2025-06-19,ICUGS,KAP,ICU GİRİŞİM SERMAYESİ YATIRIM ORTAKLIĞI A.Ş. - Şirket Genel Bilgi Formu,Şirket Genel Bilgi Formu,https://www.kap.org.tr/tr/Bildirim/1450088,tr,2025-06-19T10:46:13+00:00
2025-06-19,IDGYO,KAP,İDEALİST GAYRİMENKUL YATIRIM ORTAKLIĞI A.Ş. - Esas Sözleşme Tadili,Esas Sözleşme Tadili Şirket Ana Sözleşmesinin tadiline ilişkin T.C.Ticaret Bakanlığı izni,https://www.kap.org.tr/tr/Bildirim/1450139,tr,2025-06-19T12:29:25+00:00
2025-06-19,IHEVA,KAP,İHLAS EV ALETLERİ İMALAT SANAYİ VE TİCARET A.Ş. - Bağımsız Denetim Kuruluşunun Belirlenmesi,Bağımsız Denetim Kuruluşunun Belirlenmesi Bağımsız Denetim Şirketinin Seçimine İlişkin Kararın Tescili ve İlanı Hk.,https://www.kap.org.tr/tr/Bildirim/1450250,tr,2025-06-19T16:34:37+00:00
2025-06-19,IHEVA,KAP,İHLAS EV ALETLERİ İMALAT SANAYİ VE TİCARET A.Ş. - Genel Kurul İşlemlerine İlişkin Bildirim,Genel Kurul İşlemlerine İlişkin Bildirim 2024 Yılı Olağan Genel Kurul Tescil ve İlanı,https://www.kap.org.tr/tr/Bildirim/1450249,tr,2025-06-19T16:34:04+00:00
2025-06-19,IHGZT,KAP,İHLAS GAZETECİLİK A.Ş. - Bağımsız Denetim Kuruluşunun Belirlenmesi,Bağımsız Denetim Kuruluşunun Belirlenmesi Bağımsız Denetim Kuruluşu Seçiminin Tescili ve TTSG İlanı,https://www.kap.org.tr/tr/Bildirim/1450280,tr,2025-06-19T17:11:31+00:00
2025-06-19,IHGZT,KAP,İHLAS GAZETECİLİK A.Ş. - Genel Kurul İşlemlerine İlişkin Bildirim,Genel Kurul İşlemlerine İlişkin Bildirim 2024 Yılı Olağan Genel Kurul Kararlarının Tescil ve İlanı,https://www.kap.org.tr/tr/Bildirim/1450279,tr,2025-06-19T17:10:59+00:00
2025-06-19,IHLGM,KAP,İHLAS GAYRİMENKUL PROJE GELİŞTİRME VE TİCARET A.Ş. - Bağımsız Denetim Kuruluşunun Belirlenmesi,Bağımsız Denetim Kuruluşunun Belirlenmesi Bağımsız Denetim Şirketinin Seçimine İlişkin Kararın Tescili ve İlanı Hk.,https://www.kap.org.tr/tr/Bildirim/1450248,tr,2025-06-19T16:32:39+00:00
2025-06-19,IHLGM,KAP,İHLAS GAYRİMENKUL PROJE GELİŞTİRME VE TİCARET A.Ş. - Genel Kurul İşlemlerine İlişkin Bildirim,Genel Kurul İşlemlerine İlişkin Bildirim 2024 Yılı Olağan Genel Kurul Kararlarının Tescil ve İlanı,https://www.kap.org.tr/tr/Bildirim/1450246,tr,2025-06-19T16:32:01+00:00
2025-06-19,IHYAY,KAP,İHLAS YAYIN HOLDİNG A.Ş. - Genel Kurul İşlemlerine İlişkin Bildirim,Genel Kurul İşlemlerine İlişkin Bildirim 2024 Yılı Olağan Genel Kurul Kararlarının Tescili,https://www.kap.org.tr/tr/Bildirim/1450360,tr,2025-06-19T18:35:42+00:00
2025-06-19,ISATR,KAP,TÜRKİYE İŞ BANKASI A.Ş. - Pay Dışında Sermaye Piyasası Aracı İşlemlerine İlişkin Bildirim (Faiz İçeren),Pay Dışında Sermaye Piyasası Aracı İşlemlerine İlişkin Bildirim (Faiz İçeren) Yeşil Özel Sektör Tahvili Kupon Oranı Açıklaması,https://www.kap.org.tr/tr/Bildirim/1450268,tr,2025-06-19T16:49:17+00:00
2025-06-19,ISATR,KAP,TÜRKİYE İŞ BANKASI A.Ş. - Pay Dışında Sermaye Piyasası Aracı İşlemlerine İlişkin Bildirim (Faiz İçeren),Pay Dışında Sermaye Piyasası Aracı İşlemlerine İlişkin Bildirim (Faiz İçeren) Yurtiçi TL cinsi katkı sermaye hesaplamasına dahil edilecek borçlanma aracı kupon ödemesi,https://www.kap.org.tr/tr/Bildirim/1450039,tr,2025-06-19T09:25:20+00:00
2025-06-19,ISBTR,KAP,TÜRKİYE İŞ BANKASI A.Ş. - Pay Dışında Sermaye Piyasası Aracı İşlemlerine İlişkin Bildirim (Faiz İçeren),Pay Dışında Sermaye Piyasası Aracı İşlemlerine İlişkin Bildirim (Faiz İçeren) Yeşil Özel Sektör Tahvili Kupon Oranı Açıklaması,https://www.kap.org.tr/tr/Bildirim/1450268,tr,2025-06-19T16:49:17+00:00
2025-06-19,ISBTR,KAP,TÜRKİYE İŞ BANKASI A.Ş. - Pay Dışında Sermaye Piyasası Aracı İşlemlerine İlişkin Bildirim (Faiz İçeren),Pay Dışında Sermaye Piyasası Aracı İşlemlerine İlişkin Bildirim (Faiz İçeren) Yurtiçi TL cinsi katkı sermaye hesaplamasına dahil edilecek borçlanma aracı kupon ödemesi,https://www.kap.org.tr/tr/Bildirim/1450039,tr,2025-06-19T09:25:20+00:00
2025-06-19,ISCTR,KAP,TÜRKİYE İŞ BANKASI A.Ş. - Pay Dışında Sermaye Piyasası Aracı İşlemlerine İlişkin Bildirim (Faiz İçeren),Pay Dışında Sermaye Piyasası Aracı İşlemlerine İlişkin Bildirim (Faiz İçeren) Yeşil Özel Sektör Tahvili Kupon Oranı Açıklaması,https://www.kap.org.tr/tr/Bildirim/1450268,tr,2025-06-19T16:49:17+00:00
2025-06-19,ISCTR,KAP,TÜRKİYE İŞ BANKASI A.Ş. - Pay Dışında Sermaye Piyasası Aracı İşlemlerine İlişkin Bildirim (Faiz İçeren),Pay Dışında Sermaye Piyasası Aracı İşlemlerine İlişkin Bildirim (Faiz İçeren) Yurtiçi TL cinsi katkı sermaye hesaplamasına dahil edilecek borçlanma aracı kupon ödemesi,https://www.kap.org.tr/tr/Bildirim/1450039,tr,2025-06-19T09:25:20+00:00
2025-06-19,ISFIN,KAP,İŞ FİNANSAL KİRALAMA A.Ş. - Pay Dışında Sermaye Piyasası Aracı İşlemlerine İlişkin Bildirim (Faiz İçeren),Pay Dışında Sermaye Piyasası Aracı İşlemlerine İlişkin Bildirim (Faiz İçeren) TRFISFN62615 ISIN Kodlu Finansman Bonosu İhracı,https://www.kap.org.tr/tr/Bildirim/1450080,tr,2025-06-19T10:38:51+00:00
2025-06-19,ISKUR,KAP,TÜRKİYE İŞ BANKASI A.Ş. - Pay Dışında Sermaye Piyasası Aracı İşlemlerine İlişkin Bildirim (Faiz İçeren),Pay Dışında Sermaye Piyasası Aracı İşlemlerine İlişkin Bildirim (Faiz İçeren) Yeşil Özel Sektör Tahvili Kupon Oranı Açıklaması,https://www.kap.org.tr/tr/Bildirim/1450268,tr,2025-06-19T16:49:17+00:00
2025-06-19,ISKUR,KAP,TÜRKİYE İŞ BANKASI A.Ş. - Pay Dışında Sermaye Piyasası Aracı İşlemlerine İlişkin Bildirim (Faiz İçeren),Pay Dışında Sermaye Piyasası Aracı İşlemlerine İlişkin Bildirim (Faiz İçeren) Yurtiçi TL cinsi katkı sermaye hesaplamasına dahil edilecek borçlanma aracı kupon ödemesi,https://www.kap.org.tr/tr/Bildirim/1450039,tr,2025-06-19T09:25:20+00:00
2025-06-19,ISMEN,KAP,İŞ YATIRIM MENKUL DEĞERLER A.Ş. - Piyasa Yapıcılığı Kapsamında Gerçekleştirilen İşlemler Bildirimi,Piyasa Yapıcılığı Kapsamında Gerçekleştirilen İşlemler Bildirimi Borsa Yatırım Fonu Piyasa Yapıcılığı İşlemleri ISGLK,https://www.kap.org.tr/tr/Bildirim/1450113,tr,2025-06-19T11:28:17+00:00
2025-06-19,ISMEN,KAP,İŞ YATIRIM MENKUL DEĞERLER A.Ş. - Yatırım Kuruluşu Varant - Sertifika - Senetlerine İlişkin Bildirim,Yatırım Kuruluşu Varant - Sertifika - Senetlerine İlişkin Bildirim İş Yatırım Sertifika ve Varant Alım Satım İşlemleri,https://www.kap.org.tr/tr/Bildirim/1450110,tr,2025-06-19T11:27:33+00:00
2025-06-19,ISYAT,KAP,İŞ YATIRIM ORTAKLIĞI A.Ş. - Özel Durum Açıklaması (Genel),"Özel Durum Açıklaması (Genel) Ortaklık paylarının BİAŞ'ta oluşan ağırlıklı ortalama fiyatının, pay başına net aktif değerinin 2 katını aşması hakkında",https://www.kap.org.tr/tr/Bildirim/1450122,tr,2025-06-19T11:44:59+00:00
2025-06-19,IYM,KAP,İŞ YATIRIM MENKUL DEĞERLER A.Ş. - Piyasa Yapıcılığı Kapsamında Gerçekleştirilen İşlemler Bildirimi,Piyasa Yapıcılığı Kapsamında Gerçekleştirilen İşlemler Bildirimi Borsa Yatırım Fonu Piyasa Yapıcılığı İşlemleri ISGLK,https://www.kap.org.tr/tr/Bildirim/1450113,tr,2025-06-19T11:28:17+00:00
2025-06-19,IYM,KAP,İŞ YATIRIM MENKUL DEĞERLER A.Ş. - Yatırım Kuruluşu Varant - Sertifika - Senetlerine İlişkin Bildirim,Yatırım Kuruluşu Varant - Sertifika - Senetlerine İlişkin Bildirim İş Yatırım Sertifika ve Varant Alım Satım İşlemleri,https://www.kap.org.tr/tr/Bildirim/1450110,tr,2025-06-19T11:27:33+00:00
2025-06-19,IZINV,KAP,İZ YATIRIM HOLDİNG A.Ş. - Pay Alım Satım Bildirimi,Pay Alım Satım Bildirimi Alpha Ventures Investment LLP Pay Satışı,https://www.kap.org.tr/tr/Bildirim/1450380,tr,2025-06-19T20:04:53+00:00
2025-06-19,KLSYN,KAP,KOLEKSİYON MOBİLYA SANAYİ A.Ş. - Kurumsal Yönetim Bilgi Formu (Güncelleme) - Yönetim Kurulu-2,Kurumsal Yönetim Bilgi Formu (Güncelleme) - Yönetim Kurulu-2 Güncelleme,https://www.kap.org.tr/tr/Bildirim/1450258,tr,2025-06-19T16:40:05+00:00
2025-06-19,KLSYN,KAP,KOLEKSİYON MOBİLYA SANAYİ A.Ş. - Yönetim Kurulu Komiteleri,Yönetim Kurulu Komiteleri Yönetim kurulu Komitelerinin belirlenmesi hakkında,https://www.kap.org.tr/tr/Bildirim/1450245,tr,2025-06-19T16:30:26+00:00
2025-06-19,KLSYN,KAP,KOLEKSİYON MOBİLYA SANAYİ A.Ş. - Kar Payı Dağıtım İşlemlerine İlişkin Bildirim,Kar Payı Dağıtım İşlemlerine İlişkin Bildirim Yönetim Kurulu kar payı dağıtım tarihi hakkında,https://www.kap.org.tr/tr/Bildirim/1450243,tr,2025-06-19T16:25:29+00:00
2025-06-19,KLSYN,KAP,KOLEKSİYON MOBİLYA SANAYİ A.Ş. - Bağımsız Denetim Kuruluşunun Belirlenmesi,Bağımsız Denetim Kuruluşunun Belirlenmesi Bağımsız Denetim Şirketi Seçimi Tescil ve İlanı hakkında,https://www.kap.org.tr/tr/Bildirim/1450240,tr,2025-06-19T16:17:56+00:00
2025-06-19,KLSYN,KAP,KOLEKSİYON MOBİLYA SANAYİ A.Ş. - Genel Kurul İşlemlerine İlişkin Bildirim,Genel Kurul İşlemlerine İlişkin Bildirim 2024 Yılı Olağan Genel Kurul Toplantısı Tescil ve İlanı Hakkında,https://www.kap.org.tr/tr/Bildirim/1450230,tr,2025-06-19T16:06:44+00:00
2025-06-19,KOCMT,KAP,KOÇ METALURJİ A.Ş. - Payların Geri Alınmasına İlişkin Bildirim,Payların Geri Alınmasına İlişkin Bildirim 19.06.2025 Tarihli Pay Geri Alım İşlemleri Hk.,https://www.kap.org.tr/tr/Bildirim/1450342,tr,2025-06-19T18:13:29+00:00
2025-06-19,KOCMT,KAP,KOÇ METALURJİ A.Ş. - İlişkili Taraf İşlemleri,İlişkili Taraf İşlemleri İlişkili Taraf İşlemleri Raporu Sonuç Bölümü Hk. DAGI,https://www.kap.org.tr/tr/Bildirim/1450340,tr,2025-06-19T18:12:09+00:00
2025-06-19,KRSTL,KAP,KRİSTAL KOLA VE MEŞRUBAT SANAYİ TİCARET A.Ş. - Pay Alım Satım Bildirimi,Pay Alım Satım Bildirimi Kristal Gıda Dağıtım ve Paz.San.ve Tic.A.Ş. Pay Alım Bildirimi Hk.,https://www.kap.org.tr/tr/Bildirim/1450375,tr,2025-06-19T19:10:07+00:00
2025-06-19,KTSVK,KAP,KT SUKUK VARLIK KİRALAMA A.Ş. - Pay Dışında Sermaye Piyasası Aracı İşlemlerine İlişkin Bildirim (Faizsiz),Pay Dışında Sermaye Piyasası Aracı İşlemlerine İlişkin Bildirim (Faizsiz) TRDKTSK62514 ISIN Kodlu Kira Sertifikası Kupon ve Anapara Ödeme İşlemi Hk. AKFK,https://www.kap.org.tr/tr/Bildirim/1450175,tr,2025-06-19T14:29:53+00:00
2025-06-19,KTSVK,KAP,KT SUKUK VARLIK KİRALAMA A.Ş. - Pay Dışında Sermaye Piyasası Aracı İşlemlerine İlişkin Bildirim (Faizsiz),Pay Dışında Sermaye Piyasası Aracı İşlemlerine İlişkin Bildirim (Faizsiz) TRDKTSK62555 ISIN Kodlu Kira Sertifikası Kupon ve Anapara Ödeme İşlemi Hk. KVY,https://www.kap.org.tr/tr/Bildirim/1450174,tr,2025-06-19T14:29:32+00:00
2025-06-19,LKMNH,KAP,LOKMAN HEKİM ENGÜRÜSAĞ SAĞLIK TURİZM EĞİTİM HİZMETLERİ VE İNŞAAT TAAHHÜT A.Ş. - Payların Geri Alınmasına İlişkin Bildirim,Payların Geri Alınmasına İlişkin Bildirim Hisse Geri Alımı,https://www.kap.org.tr/tr/Bildirim/1450358,tr,2025-06-19T18:34:36+00:00
2025-06-19,MANAS,KAP,MANAS ENERJİ YÖNETİMİ SANAYİ VE TİCARET A.Ş. - Esas Sözleşme,Esas Sözleşme Esas Sözleşme Değişkliği,https://www.kap.org.tr/tr/Bildirim/1450151,tr,2025-06-19T12:56:59+00:00
2025-06-19,MANAS,KAP,MANAS ENERJİ YÖNETİMİ SANAYİ VE TİCARET A.Ş. - Kayıtlı Sermaye Tavanı İşlemlerine İlişkin Bildirim,Kayıtlı Sermaye Tavanı İşlemlerine İlişkin Bildirim Kayıtlı Sermaye Tavanı Artırımı ve Kayıtlı Sermaye Tavan Süre Uzatımı Hakkında,https://www.kap.org.tr/tr/Bildirim/1450146,tr,2025-06-19T12:44:02+00:00
2025-06-19,MANAS,KAP,MANAS ENERJİ YÖNETİMİ SANAYİ VE TİCARET A.Ş. - Kar Payı Dağıtım İşlemlerine İlişkin Bildirim,Kar Payı Dağıtım İşlemlerine İlişkin Bildirim Kar Payı Dağıtım İşlemlerine İlişkin Bildirim,https://www.kap.org.tr/tr/Bildirim/1450145,tr,2025-06-19T12:41:55+00:00
2025-06-19,MANAS,KAP,MANAS ENERJİ YÖNETİMİ SANAYİ VE TİCARET A.Ş. - Genel Kurul İşlemlerine İlişkin Bildirim,Genel Kurul İşlemlerine İlişkin Bildirim Genel Kurul İşlemlerine İlişkin Bildirim,https://www.kap.org.tr/tr/Bildirim/1450144,tr,2025-06-19T12:39:25+00:00
2025-06-19,MEPET,KAP,MEPET METRO PETROL VE TESİSLERİ SANAYİ TİCARET A.Ş. - Olağan Dışı Fiyat ve Miktar Hareketleri,Olağan Dışı Fiyat ve Miktar Hareketleri Olağandışı fiyat miktar hareketleri hakkında.,https://www.kap.org.tr/tr/Bildirim/1450036,tr,2025-06-19T09:18:27+00:00
2025-06-19,METRO,KAP,METRO TİCARİ VE MALİ YATIRIMLAR HOLDİNG A.Ş. - Bağımsız Denetim Kuruluşunun Belirlenmesi,Bağımsız Denetim Kuruluşunun Belirlenmesi Bağımsız Denetim Kuruluşu Belirlenmesi Hakkında,https://www.kap.org.tr/tr/Bildirim/1450376,tr,2025-06-19T19:18:51+00:00
2025-06-19,METRO,KAP,METRO TİCARİ VE MALİ YATIRIMLAR HOLDİNG A.Ş. - Genel Kurul İşlemlerine İlişkin Bildirim,Genel Kurul İşlemlerine İlişkin Bildirim Olağan Genel Kurul Toplantısının Tescili Hakkında,https://www.kap.org.tr/tr/Bildirim/1450374,tr,2025-06-19T19:07:08+00:00
2025-06-19,NRBNK,KAP,NUROL YATIRIM BANKASI A.Ş. - Tertip İhraç Belgesi,Tertip İhraç Belgesi Nurol Yatırım Bankası A.Ş. Otosor Varlık Finansman Fonu Tertip İhraç Belgeleri OTOSR,https://www.kap.org.tr/tr/Bildirim/1450119,tr,2025-06-19T11:34:02+00:00
2025-06-19,NYB,KAP,NUROL YATIRIM BANKASI A.Ş. - Tertip İhraç Belgesi,Tertip İhraç Belgesi Nurol Yatırım Bankası A.Ş. Otosor Varlık Finansman Fonu Tertip İhraç Belgeleri OTOSR,https://www.kap.org.tr/tr/Bildirim/1450119,tr,2025-06-19T11:34:02+00:00
2025-06-19,OTOSR,KAP,OTOSOR OTOMOTİV A.Ş. - Pay Dışında Sermaye Piyasası Aracı İşlemlerine İlişkin Bildirim (Faiz İçeren),Pay Dışında Sermaye Piyasası Aracı İşlemlerine İlişkin Bildirim (Faiz İçeren) TRFOTSR62615 ISIN Kodlu Finansman Bonosunun Satışının Tamamlanması,https://www.kap.org.tr/tr/Bildirim/1450071,tr,2025-06-19T10:16:59+00:00
2025-06-19,OYA,KAP,OYAK YATIRIM MENKUL DEĞERLER A.Ş. - Piyasa Yapıcılığı Kapsamında Gerçekleştirilen İşlemler Bildirimi,Piyasa Yapıcılığı Kapsamında Gerçekleştirilen İşlemler Bildirimi 19/06/2025 TARİHLİ OYAYO PİYASA YAPICILIĞI İŞLEMLERİ OYAYO,https://www.kap.org.tr/tr/Bildirim/1450357,tr,2025-06-19T18:33:08+00:00
2025-06-19,OYA,KAP,OYAK YATIRIM MENKUL DEĞERLER A.Ş. - Pay Dışında Sermaye Piyasası Aracı İşlemlerine İlişkin Bildirim (Faiz İçeren),Pay Dışında Sermaye Piyasası Aracı İşlemlerine İlişkin Bildirim (Faiz İçeren) TRFOYMD82533 Finansman Bonosu İhracı,https://www.kap.org.tr/tr/Bildirim/1450043,tr,2025-06-19T09:45:46+00:00
2025-06-19,OYAYO,KAP,OYAK YATIRIM ORTAKLIĞI A.Ş. - Özel Durum Açıklaması (Genel),"Özel Durum Açıklaması (Genel) Ortaklık paylarının BİAŞ'ta oluşan ağırlıklı ortalama fiyatının, pay başına net aktif değerinin 2 katını aşması hakkında",https://www.kap.org.tr/tr/Bildirim/1450141,tr,2025-06-19T12:37:35+00:00
2025-06-19,OYLUM,KAP,OYLUM SINAİ YATIRIMLAR A.Ş. - Bağımsız Denetim Kuruluşunun Belirlenmesi,Bağımsız Denetim Kuruluşunun Belirlenmesi Bağımsız Denetim Kuruluşunun Belirlenmesi,https://www.kap.org.tr/tr/Bildirim/1450259,tr,2025-06-19T16:41:42+00:00
2025-06-19,OYLUM,KAP,OYLUM SINAİ YATIRIMLAR A.Ş. - Kar Payı Dağıtım İşlemlerine İlişkin Bildirim,Kar Payı Dağıtım İşlemlerine İlişkin Bildirim 2024 Yılı Olağan Genel Kurulu Kar Payı Dağıtım Kararı Sonucu,https://www.kap.org.tr/tr/Bildirim/1450254,tr,2025-06-19T16:38:11+00:00
2025-06-19,OYLUM,KAP,OYLUM SINAİ YATIRIMLAR A.Ş. - Genel Kurul İşlemlerine İlişkin Bildirim,Genel Kurul İşlemlerine İlişkin Bildirim 2024 Yılı Olağan Genel Kurul Toplantısı Sonucu,https://www.kap.org.tr/tr/Bildirim/1450242,tr,2025-06-19T16:25:24+00:00
2025-06-19,OYYAT,KAP,OYAK YATIRIM MENKUL DEĞERLER A.Ş. - Piyasa Yapıcılığı Kapsamında Gerçekleştirilen İşlemler Bildirimi,Piyasa Yapıcılığı Kapsamında Gerçekleştirilen İşlemler Bildirimi 19/06/2025 TARİHLİ OYAYO PİYASA YAPICILIĞI İŞLEMLERİ OYAYO,https://www.kap.org.tr/tr/Bildirim/1450357,tr,2025-06-19T18:33:08+00:00
2025-06-19,OYYAT,KAP,OYAK YATIRIM MENKUL DEĞERLER A.Ş. - Pay Dışında Sermaye Piyasası Aracı İşlemlerine İlişkin Bildirim (Faiz İçeren),Pay Dışında Sermaye Piyasası Aracı İşlemlerine İlişkin Bildirim (Faiz İçeren) TRFOYMD82533 Finansman Bonosu İhracı,https://www.kap.org.tr/tr/Bildirim/1450043,tr,2025-06-19T09:45:46+00:00
2025-06-19,PASEU,KAP,PASİFİK EURASİA LOJİSTİK DIŞ TİCARET A.Ş. - Özel Durum Açıklaması (Genel),Özel Durum Açıklaması (Genel) Yatırımcılarımızı Bilgilendirme,https://www.kap.org.tr/tr/Bildirim/1450042,tr,2025-06-19T09:34:41+00:00
2025-06-19,PCILT,KAP,PC İLETİŞİM VE MEDYA HİZMETLERİ SANAYİ TİCARET A.Ş. - Payların Geri Alınmasına İlişkin Bildirim,Payların Geri Alınmasına İlişkin Bildirim 19.06.2025 Tarihli Pay Geri Alım İşlemleri,https://www.kap.org.tr/tr/Bildirim/1450388,tr,2025-06-19T23:50:12+00:00
2025-06-19,PCILT,KAP,PC İLETİŞİM VE MEDYA HİZMETLERİ SANAYİ TİCARET A.Ş. - Payların Geri Alınmasına İlişkin Bildirim,Payların Geri Alınmasına İlişkin Bildirim 18.06.2025 Tarihli Pay Geri Alım İşlemleri,https://www.kap.org.tr/tr/Bildirim/1450054,tr,2025-06-19T09:53:50+00:00
2025-06-19,PETUN,KAP,PINAR ENTEGRE ET VE UN SANAYİİ A.Ş. - Özel Durum Açıklaması (Genel),Özel Durum Açıklaması (Genel) Turgutlu Unlu Mamüller Yatırımı Hakkında,https://www.kap.org.tr/tr/Bildirim/1450100,tr,2025-06-19T11:20:01+00:00
2025-06-19,PNLSN,KAP,PANELSAN ÇATI CEPHE SİSTEMLERİ SANAYİ VE TİCARET A.Ş. - Payların Geri Alınmasına İlişkin Bildirim,Payların Geri Alınmasına İlişkin Bildirim Payların Geri Alınması İşlemlerine İlişkin Bildirim hk.,https://www.kap.org.tr/tr/Bildirim/1450384,tr,2025-06-19T20:39:48+00:00
2025-06-19,POLHO,KAP,POLİSAN HOLDİNG A.Ş. - Sermaye Artırımı - Azaltımı İşlemlerine İlişkin Bildirim,Sermaye Artırımı - Azaltımı İşlemlerine İlişkin Bildirim Bedelsiz Pay Alma Hakkı Kullanım Başlangıç Tarihi Hakkında,https://www.kap.org.tr/tr/Bildirim/1450382,tr,2025-06-19T20:07:32+00:00
2025-06-19,POLHO,KAP,POLİSAN HOLDİNG A.Ş. - Bölünme İşlemlerine İlişkin Bildirim,Bölünme İşlemlerine İlişkin Bildirim Kısmi bölünmeye ilişkin inceleme hakkı duyurusu,https://www.kap.org.tr/tr/Bildirim/1450381,tr,2025-06-19T20:04:57+00:00
2025-06-19,PSGYO,KAP,PASİFİK GAYRİMENKUL YATIRIM ORTAKLIĞI A.Ş. - İlişkili Taraf İşlemleri,İlişkili Taraf İşlemleri İlişkili Taraf İşlemlerine Yönelik Değerlendirme,https://www.kap.org.tr/tr/Bildirim/1450362,tr,2025-06-19T18:43:33+00:00
2025-06-19,SANFM,KAP,SANİFOAM ENDÜSTRİ VE TÜKETİM ÜRÜNLERİ SANAYİ TİCARET A.Ş. - Payların Geri Alınmasına İlişkin Bildirim,Payların Geri Alınmasına İlişkin Bildirim 19.06.2025 Tarihli Pay Geri Alım İşlemleri,https://www.kap.org.tr/tr/Bildirim/1450385,tr,2025-06-19T21:15:44+00:00
2025-06-19,SISE,KAP,TÜRKİYE ŞİŞE VE CAM FABRİKALARI A.Ş. - Pay Dışında Sermaye Piyasası Aracı İşlemlerine İlişkin Bildirim (Faiz İçeren),Pay Dışında Sermaye Piyasası Aracı İşlemlerine İlişkin Bildirim (Faiz İçeren) TRSSISE32621 Numaralı Tahvilin Kupon Ödemesi,https://www.kap.org.tr/tr/Bildirim/1450176,tr,2025-06-19T14:32:05+00:00
2025-06-19,SKY,KAP,ŞEKER YATIRIM MENKUL DEĞERLER A.Ş. - Fiyat Tespit Raporuna İlişkin Analist Raporu (Halka Arza Aracılık Eden Kuruluş Tarafından Hazırlanan),Fiyat Tespit Raporuna İlişkin Analist Raporu (Halka Arza Aracılık Eden Kuruluş Tarafından Hazırlanan) Sümer Varlık Yönetim A.Ş. Fiyat Tespit Raporuna İlişkin 1.Değerlendirme Raporu SMRVA,https://www.kap.org.tr/tr/Bildirim/1450345,tr,2025-06-19T18:15:17+00:00
2025-06-19,SKYMD,KAP,ŞEKER YATIRIM MENKUL DEĞERLER A.Ş. - Fiyat Tespit Raporuna İlişkin Analist Raporu (Halka Arza Aracılık Eden Kuruluş Tarafından Hazırlanan),Fiyat Tespit Raporuna İlişkin Analist Raporu (Halka Arza Aracılık Eden Kuruluş Tarafından Hazırlanan) Sümer Varlık Yönetim A.Ş. Fiyat Tespit Raporuna İlişkin 1.Değerlendirme Raporu SMRVA,https://www.kap.org.tr/tr/Bildirim/1450345,tr,2025-06-19T18:15:17+00:00
2025-06-19,SMRFA,KAP,SÜMER FAKTORİNG A.Ş. - Pay Dışında Sermaye Piyasası Aracı İşlemlerine İlişkin Bildirim (Faiz İçeren),Pay Dışında Sermaye Piyasası Aracı İşlemlerine İlişkin Bildirim (Faiz İçeren) TRFSUMF92510 ISIN Kodlu Finansman Bonosunun 3.Kupon Ödemesinin Yapılması Hakkında,https://www.kap.org.tr/tr/Bildirim/1450073,tr,2025-06-19T10:20:09+00:00
2025-06-19,SMRVA,KAP,SÜMER VARLIK YÖNETİM A.Ş. - Pay Dışında Sermaye Piyasası Aracı İşlemlerine İlişkin Bildirim (Faiz İçeren),Pay Dışında Sermaye Piyasası Aracı İşlemlerine İlişkin Bildirim (Faiz İçeren) Kupon Ödemesi,https://www.kap.org.tr/tr/Bildirim/1450179,tr,2025-06-19T14:52:56+00:00
2025-06-19,SRVGY,KAP,SERVET GAYRİMENKUL YATIRIM ORTAKLIĞI A.Ş. - Kayıtlı Sermaye Tavanı İşlemlerine İlişkin Bildirim,Kayıtlı Sermaye Tavanı İşlemlerine İlişkin Bildirim Kayıtlı Sermaye Tavanı Artırımına İlişkin Esas Sözleşme Tadil Tasarımıza SPK Tarafından Uygun Görüş Verilmiştir.,https://www.kap.org.tr/tr/Bildirim/1450055,tr,2025-06-19T09:55:13+00:00
2025-06-19,TEHOL,KAP,PERA YATIRIM HOLDİNG A.Ş. - Özel Durum Açıklaması (Genel),Özel Durum Açıklaması (Genel) Barikat İnternet Güvenliği Bilişim Ticaret A.Ş. paylarının bir kısmını devralmak üzere resmi görüşmelere başlanması,https://www.kap.org.tr/tr/Bildirim/1450364,tr,2025-06-19T18:43:49+00:00
2025-06-19,TFNVK,KAP,TF VARLIK KİRALAMA A.Ş. - Pay Dışında Sermaye Piyasası Aracı İşlemlerine İlişkin Bildirim (Faizsiz),Pay Dışında Sermaye Piyasası Aracı İşlemlerine İlişkin Bildirim (Faizsiz) 3.Tertip Kira Sertifikası Portföy Varlık Girişi hk.,https://www.kap.org.tr/tr/Bildirim/1450241,tr,2025-06-19T16:23:26+00:00
2025-06-19,THL,KAP,TÜRKİYE HALK BANKASI A.Ş. - Kredi Derecelendirmesi,Kredi Derecelendirmesi Fitch Ratings Notu-Revize,https://www.kap.org.tr/tr/Bildirim/1450341,tr,2025-06-19T18:13:26+00:00
2025-06-19,TIB,KAP,TÜRKİYE İŞ BANKASI A.Ş. - Pay Dışında Sermaye Piyasası Aracı İşlemlerine İlişkin Bildirim (Faiz İçeren),Pay Dışında Sermaye Piyasası Aracı İşlemlerine İlişkin Bildirim (Faiz İçeren) Yeşil Özel Sektör Tahvili Kupon Oranı Açıklaması,https://www.kap.org.tr/tr/Bildirim/1450268,tr,2025-06-19T16:49:17+00:00
2025-06-19,TIB,KAP,TÜRKİYE İŞ BANKASI A.Ş. - Pay Dışında Sermaye Piyasası Aracı İşlemlerine İlişkin Bildirim (Faiz İçeren),Pay Dışında Sermaye Piyasası Aracı İşlemlerine İlişkin Bildirim (Faiz İçeren) Yurtiçi TL cinsi katkı sermaye hesaplamasına dahil edilecek borçlanma aracı kupon ödemesi,https://www.kap.org.tr/tr/Bildirim/1450039,tr,2025-06-19T09:25:20+00:00
2025-06-19,TRKFN,KAP,TURK FİNANSMAN A.Ş. - Pay Dışında Sermaye Piyasası Aracı İşlemlerine İlişkin Bildirim (Faiz İçeren),Pay Dışında Sermaye Piyasası Aracı İşlemlerine İlişkin Bildirim (Faiz İçeren) Finansman Bonosu İhracı,https://www.kap.org.tr/tr/Bildirim/1450074,tr,2025-06-19T10:21:02+00:00
2025-06-19,TUKAS,KAP,TUKAŞ GIDA SANAYİ VE TİCARET A.Ş. - Özel Durum Açıklaması (Genel),Özel Durum Açıklaması (Genel) Niğde/Bor GES Yatırımı Hakkında,https://www.kap.org.tr/tr/Bildirim/1450344,tr,2025-06-19T18:15:10+00:00
2025-06-19,TVB,KAP,TÜRKİYE VAKIFLAR BANKASI T.A.O. - Kredi Derecelendirmesi,Kredi Derecelendirmesi Fitch Ratings Derecelendirme Notları hakkında,https://www.kap.org.tr/tr/Bildirim/1450379,tr,2025-06-19T19:34:54+00:00
2025-06-19,TVB,KAP,TÜRKİYE VAKIFLAR BANKASI T.A.O. - Pay Dışında Sermaye Piyasası Aracı İşlemlerine İlişkin Bildirim (Faiz İçeren),Pay Dışında Sermaye Piyasası Aracı İşlemlerine İlişkin Bildirim (Faiz İçeren) Yurt İçinde Nitelikli Yatırımcılara İhraç Edilen Sermaye Benzeri Tahvilin 24. Kuponunun Belirlenmesi,https://www.kap.org.tr/tr/Bildirim/1450271,tr,2025-06-19T17:00:42+00:00
2025-06-19,VAKBN,KAP,TÜRKİYE VAKIFLAR BANKASI T.A.O. - Kredi Derecelendirmesi,Kredi Derecelendirmesi Fitch Ratings Derecelendirme Notları hakkında,https://www.kap.org.tr/tr/Bildirim/1450379,tr,2025-06-19T19:34:54+00:00
2025-06-19,VAKBN,KAP,TÜRKİYE VAKIFLAR BANKASI T.A.O. - Pay Dışında Sermaye Piyasası Aracı İşlemlerine İlişkin Bildirim (Faiz İçeren),Pay Dışında Sermaye Piyasası Aracı İşlemlerine İlişkin Bildirim (Faiz İçeren) Yurt İçinde Nitelikli Yatırımcılara İhraç Edilen Sermaye Benzeri Tahvilin 24. Kuponunun Belirlenmesi,https://www.kap.org.tr/tr/Bildirim/1450271,tr,2025-06-19T17:00:42+00:00
2025-06-19,VBTYZ,KAP,VBT YAZILIM A.Ş. - Özel Durum Açıklaması (Genel),Özel Durum Açıklaması (Genel) TSSX Bilişim Ve Danışmanlık A.Ş. firmasının Girişim Sermayesi Yatırım Fonu Tarafından Alınması Hk.,https://www.kap.org.tr/tr/Bildirim/1450361,tr,2025-06-19T18:36:18+00:00
2025-06-19,VKFYO,KAP,VAKIF MENKUL KIYMET YATIRIM ORTAKLIĞI A.Ş. - Özel Durum Açıklaması (Genel),"Özel Durum Açıklaması (Genel) Şirketimizin BİAŞ'da oluşan ağırlıklı ortalama fiyatın, pay başına net aktif değerin 2 katını aşması sebebiyle yapılan açıklamadır.",https://www.kap.org.tr/tr/Bildirim/1450274,tr,2025-06-19T17:06:22+00:00
2025-06-19,YBTAS,KAP,YİBİTAŞ YOZGAT İŞÇİ BİRLİĞİ İNŞAAT MALZEMELERİ TİCARET VE SANAYİ A.Ş. - Pay Satış Bilgi Formu,Pay Satış Bilgi Formu Pay Satış İşlemi Hakkında,https://www.kap.org.tr/tr/Bildirim/1450370,tr,2025-06-19T18:58:33+00:00
2025-06-19,YBTAS,KAP,YİBİTAŞ YOZGAT İŞÇİ BİRLİĞİ İNŞAAT MALZEMELERİ TİCARET VE SANAYİ A.Ş. - Pay Satış Bilgi Formu,Pay Satış Bilgi Formu Pay Satış İşlemi Hakkında,https://www.kap.org.tr/tr/Bildirim/1450027,tr,2025-06-19T08:17:41+00:00
2025-06-19,YEOTK,KAP,YEO TEKNOLOJİ ENERJİ VE ENDÜSTRİ A.Ş. - İhraç Tavanına İlişkin Bildirim,İhraç Tavanına İlişkin Bildirim Yeşil Borçlanma Aracı İhracı Hakkında.,https://www.kap.org.tr/tr/Bildirim/1450386,tr,2025-06-19T21:26:39+00:00
2025-06-19,YKR,KAP,YAPI KREDİ YATIRIM MENKUL DEĞERLER A.Ş. - İhraç Tavanına İlişkin Bildirim,İhraç Tavanına İlişkin Bildirim Borçlanma Aracı İhracı Başvuru Formu Hakkında,https://www.kap.org.tr/tr/Bildirim/1450226,tr,2025-06-19T16:00:10+00:00
2025-06-19,YKYAT,KAP,YAPI KREDİ YATIRIM MENKUL DEĞERLER A.Ş. - İhraç Tavanına İlişkin Bildirim,İhraç Tavanına İlişkin Bildirim Borçlanma Aracı İhracı Başvuru Formu Hakkında,https://www.kap.org.tr/tr/Bildirim/1450226,tr,2025-06-19T16:00:10+00:00
2025-06-19,ZOREN,KAP,ZORLU ENERJİ ELEKTRİK ÜRETİM A.Ş. - Pay Dışında Sermaye Piyasası Aracı İşlemlerine İlişkin Bildirim (Faiz İçeren),Pay Dışında Sermaye Piyasası Aracı İşlemlerine İlişkin Bildirim (Faiz İçeren) TRSZORN62517 ISIN Kodlu Tahvilin 4. Kupon Dönemine İlişkin Faiz Ödemesi ve Anapara Ödemesi Hakkında,https://www.kap.org.tr/tr/Bildirim/1450161,tr,2025-06-19T13:35:45+00:00
2025-06-19,ZOREN,KAP,ZORLU ENERJİ ELEKTRİK ÜRETİM A.Ş. - Pay Dışında Sermaye Piyasası Aracı İşlemlerine İlişkin Bildirim (Faiz İçeren),Pay Dışında Sermaye Piyasası Aracı İşlemlerine İlişkin Bildirim (Faiz İçeren) Nitelikli Yatırımcılara Satılmak Üzere Değişken Kuponlu Özel Sektör Tahvili İhracı (TRSZORN72615),https://www.kap.org.tr/tr/Bildirim/1450068,tr,2025-06-19T10:13:09+00:00
2025-06-20,ADGYO,KAP,ADRA GAYRİMENKUL YATIRIM ORTAKLIĞI A.Ş. - Payların Geri Alınmasına İlişkin Bildirim,Payların Geri Alınmasına İlişkin Bildirim Payların Geri Alınmasına İlişkin Bildirim,https://www.kap.org.tr/tr/Bildirim/1450722,tr,2025-06-20T21:23:15+00:00
2025-06-20,AEFES,KAP,ANADOLU EFES BİRACILIK VE MALT SANAYİİ A.Ş. - Özel Durum Açıklaması (Genel),Özel Durum Açıklaması (Genel) AB InBev Efes BV'nin Kontrol Gücü Olmayan Paylarının Satın Alınması İşlemine İlişkin Güncelleme,https://www.kap.org.tr/tr/Bildirim/1450390,tr,2025-06-20T08:53:16+00:00
2025-06-20,AHGAZ,KAP,AHLATCI DOĞAL GAZ DAĞITIM ENERJİ VE YATIRIM A.Ş. - Özel Durum Açıklaması (Genel),Özel Durum Açıklaması (Genel) Dolaylı bağlı ortaklığımız Ahlatcı Altın İşletmeleri A.Ş. hk.,https://www.kap.org.tr/tr/Bildirim/1450469,tr,2025-06-20T13:14:03+00:00
2025-06-20,AKBNK,KAP,AKBANK T.A.Ş. - Pay Dışında Sermaye Piyasası Aracı İşlemlerine İlişkin Bildirim (Faiz İçeren),Pay Dışında Sermaye Piyasası Aracı İşlemlerine İlişkin Bildirim (Faiz İçeren) Yurtdışı Piyasalara Tahvil İhracının Tamamlanması,https://www.kap.org.tr/tr/Bildirim/1450598,tr,2025-06-20T16:19:09+00:00
2025-06-20,AKFYE,KAP,AKFEN YENİLENEBİLİR ENERJİ A.Ş. - Payların Geri Alınmasına İlişkin Bildirim,Payların Geri Alınmasına İlişkin Bildirim 20.06.2025 Tarihli Pay Geri Alım İşlemleri Hk.,https://www.kap.org.tr/tr/Bildirim/1450682,tr,2025-06-20T18:16:37+00:00
2025-06-20,AKM,KAP,AK YATIRIM MENKUL DEĞERLER A.Ş. - Pay Dışında Sermaye Piyasası Aracı İşlemlerine İlişkin Bildirim (Faiz İçeren),Pay Dışında Sermaye Piyasası Aracı İşlemlerine İlişkin Bildirim (Faiz İçeren) Nitelikli Yatırımcıya Borçlanma Aracı İhracı,https://www.kap.org.tr/tr/Bildirim/1450437,tr,2025-06-20T11:08:35+00:00
2025-06-20,AKMEN,KAP,AK YATIRIM MENKUL DEĞERLER A.Ş. - Pay Dışında Sermaye Piyasası Aracı İşlemlerine İlişkin Bildirim (Faiz İçeren),Pay Dışında Sermaye Piyasası Aracı İşlemlerine İlişkin Bildirim (Faiz İçeren) Nitelikli Yatırımcıya Borçlanma Aracı İhracı,https://www.kap.org.tr/tr/Bildirim/1450437,tr,2025-06-20T11:08:35+00:00
2025-06-20,ALVES,KAP,ALVES KABLO SANAYİ VE TİCARET A.Ş. - Şirket Genel Bilgi Formu,Şirket Genel Bilgi Formu,https://www.kap.org.tr/tr/Bildirim/1450686,tr,2025-06-20T18:25:22+00:00
2025-06-20,ANELE,KAP,ANEL ELEKTRİK PROJE TAAHHÜT VE TİCARET A.Ş. - Kar Payı Dağıtım İşlemlerine İlişkin Bildirim,"Kar Payı Dağıtım İşlemlerine İlişkin Bildirim 2024 Yılı Kar Payı Dağıtım İşlemleri Hakkında,",https://www.kap.org.tr/tr/Bildirim/1450717,tr,2025-06-20T20:27:56+00:00
2025-06-20,ANELE,KAP,ANEL ELEKTRİK PROJE TAAHHÜT VE TİCARET A.Ş. - Genel Kurul İşlemlerine İlişkin Bildirim,"Genel Kurul İşlemlerine İlişkin Bildirim 2024 Yılı Olağan Genel Kurul Toplantısı Hakkında,",https://www.kap.org.tr/tr/Bildirim/1450716,tr,2025-06-20T20:07:18+00:00
2025-06-20,ARSVY,KAP,ARSAN VARLIK YÖNETİM A.Ş. - İhraç Belgesi,İhraç Belgesi Borçlanma Aracı İhraç Tavanı SPK Onayı,https://www.kap.org.tr/tr/Bildirim/1450500,tr,2025-06-20T14:38:49+00:00
2025-06-20,ASELS,KAP,ASELSAN ELEKTRONİK SANAYİ VE TİCARET A.Ş. - Yeni İş İlişkisi,Yeni İş İlişkisi Sözleşme İmzalanması,https://www.kap.org.tr/tr/Bildirim/1450445,tr,2025-06-20T11:53:57+00:00
2025-06-20,ASTOR,KAP,ASTOR ENERJİ A.Ş. - Özel Durum Açıklaması (Genel),Özel Durum Açıklaması (Genel) Bağlı Ortaklık Satışı hk.,https://www.kap.org.tr/tr/Bildirim/1450708,tr,2025-06-20T19:34:10+00:00
2025-06-20,AVHOL,KAP,AVRUPA YATIRIM HOLDİNG A.Ş. - Şirket Genel Bilgi Formu,Şirket Genel Bilgi Formu,https://www.kap.org.tr/tr/Bildirim/1450553,tr,2025-06-20T15:27:17+00:00
2025-06-20,AVHOL,KAP,AVRUPA YATIRIM HOLDİNG A.Ş. - Bağımsız Denetim Kuruluşunun Belirlenmesi,Bağımsız Denetim Kuruluşunun Belirlenmesi 2025 faaliyet yılı için Bağımsız Denetim Kuruluşunun Belirlenmesi Hk.,https://www.kap.org.tr/tr/Bildirim/1450551,tr,2025-06-20T15:27:10+00:00
2025-06-20,AVHOL,KAP,AVRUPA YATIRIM HOLDİNG A.Ş. - Özel Durum Açıklaması (Genel),"Özel Durum Açıklaması (Genel) 2024 yılı Olağan Genel Kurul Toplantısı Sonrası, Yönetim Kurulu ve Komiteleri Görev Dağılımı",https://www.kap.org.tr/tr/Bildirim/1450550,tr,2025-06-20T15:27:02+00:00
2025-06-20,AVHOL,KAP,AVRUPA YATIRIM HOLDİNG A.Ş. - Kar Payı Dağıtım İşlemlerine İlişkin Bildirim,Kar Payı Dağıtım İşlemlerine İlişkin Bildirim 2024 Yılı Kar Payı Dağıtımına İlişkin Olağan Genel Kurul Sonucu,https://www.kap.org.tr/tr/Bildirim/1450530,tr,2025-06-20T15:12:44+00:00
2025-06-20,AVHOL,KAP,AVRUPA YATIRIM HOLDİNG A.Ş. - Genel Kurul İşlemlerine İlişkin Bildirim,Genel Kurul İşlemlerine İlişkin Bildirim 2024 Yılı Olağan Genel Kurul Toplantısı Sonucu Hk,https://www.kap.org.tr/tr/Bildirim/1450524,tr,2025-06-20T15:09:55+00:00
2025-06-20,AYDEM,KAP,AYDEM YENİLENEBİLİR ENERJİ A.Ş. - İhraç Tavanına İlişkin Bildirim,İhraç Tavanına İlişkin Bildirim Yeşil Tahvil İhracına İlişkin Bilgilendirme - Çerçeve ve İkinci Taraf Görüşünün Yayınlanması,https://www.kap.org.tr/tr/Bildirim/1450676,tr,2025-06-20T18:13:34+00:00
2025-06-20,BERA,KAP,BERA HOLDİNG A.Ş. - Kar Payı Dağıtım İşlemlerine İlişkin Bildirim,Kar Payı Dağıtım İşlemlerine İlişkin Bildirim 2024 Yılı Yönetim Kurulu Kar Dağıtım Teklifi,https://www.kap.org.tr/tr/Bildirim/1450438,tr,2025-06-20T11:15:17+00:00
2025-06-20,BIZIM,KAP,BİZİM TOPTAN SATIŞ MAĞAZALARI A.Ş. - Bağımsız Denetim Kuruluşunun Belirlenmesi,Bağımsız Denetim Kuruluşunun Belirlenmesi Bağımsız Denetim Şirketinin Seçimi Tescili,https://www.kap.org.tr/tr/Bildirim/1450713,tr,2025-06-20T19:44:56+00:00
2025-06-20,BIZIM,KAP,BİZİM TOPTAN SATIŞ MAĞAZALARI A.Ş. - Genel Kurul İşlemlerine İlişkin Bildirim,Genel Kurul İşlemlerine İlişkin Bildirim 2024 Yılı Olağan Genel Kurul Toplantısı Tescil Bildirimi,https://www.kap.org.tr/tr/Bildirim/1450712,tr,2025-06-20T19:44:36+00:00
2025-06-20,BOBET,KAP,BOĞAZİÇİ BETON SANAYİ VE TİCARET A.Ş. - Özel Durum Açıklaması (Genel),"Özel Durum Açıklaması (Genel) Şubeler Hakkında,",https://www.kap.org.tr/tr/Bildirim/1450681,tr,2025-06-20T18:16:04+00:00
2025-06-20,BORLS,KAP,BORLEASE OTOMOTİV A.Ş. - Kar Payı Dağıtım İşlemlerine İlişkin Bildirim,Kar Payı Dağıtım İşlemlerine İlişkin Bildirim Kar Dağıtım Tablosu Güncelleme,https://www.kap.org.tr/tr/Bildirim/1450706,tr,2025-06-20T19:21:58+00:00
2025-06-20,BORLS,KAP,BORLEASE OTOMOTİV A.Ş. - Payların Geri Alınmasına İlişkin Bildirim,Payların Geri Alınmasına İlişkin Bildirim 20.06.2025 Tarihli Pay Geri Alım Bildirimi,https://www.kap.org.tr/tr/Bildirim/1450703,tr,2025-06-20T19:01:21+00:00
2025-06-20,BRKSN,KAP,BERKOSAN YALITIM VE TECRİT MADDELERİ ÜRETİM VE TİCARET A.Ş. - Yönetim Kurulu Komiteleri,Yönetim Kurulu Komiteleri Kurumsal Yönetim İlkeri Tebliği Kapsamında Komitelerin Belirlenmesi,https://www.kap.org.tr/tr/Bildirim/1450592,tr,2025-06-20T16:05:35+00:00
2025-06-20,BRKSN,KAP,BERKOSAN YALITIM VE TECRİT MADDELERİ ÜRETİM VE TİCARET A.Ş. - Bağımsız Denetim Kuruluşunun Belirlenmesi,Bağımsız Denetim Kuruluşunun Belirlenmesi Bağımsız Denetim Şirketinin Genel Kurul Onayına Sunulması Hk,https://www.kap.org.tr/tr/Bildirim/1450560,tr,2025-06-20T15:41:21+00:00
2025-06-20,BRKSN,KAP,BERKOSAN YALITIM VE TECRİT MADDELERİ ÜRETİM VE TİCARET A.Ş. - Kar Payı Dağıtım İşlemlerine İlişkin Bildirim,Kar Payı Dağıtım İşlemlerine İlişkin Bildirim Kar Payı Dağıtımına İlişkin Genel Kurulu Kararı,https://www.kap.org.tr/tr/Bildirim/1450558,tr,2025-06-20T15:36:53+00:00
2025-06-20,BRKSN,KAP,BERKOSAN YALITIM VE TECRİT MADDELERİ ÜRETİM VE TİCARET A.Ş. - Genel Kurul İşlemlerine İlişkin Bildirim,Genel Kurul İşlemlerine İlişkin Bildirim 2024 Yılı Olağan Genel Kurul Toplantısı Sonucu,https://www.kap.org.tr/tr/Bildirim/1450556,tr,2025-06-20T15:32:11+00:00
2025-06-20,BRKT,KAP,BEREKET VARLIK KİRALAMA A.Ş. - Tertip İhraç Belgesi,Tertip İhraç Belgesi Yurt İçi Kira Sertifikası İhracına İlişkin SPK Tertip İhraç Onayı Hk. ALBRK,https://www.kap.org.tr/tr/Bildirim/1450581,tr,2025-06-20T15:50:13+00:00
2025-06-20,BRKT,KAP,BEREKET VARLIK KİRALAMA A.Ş. - Pay Dışında Sermaye Piyasası Aracı İşlemlerine İlişkin Bildirim (Faizsiz),Pay Dışında Sermaye Piyasası Aracı İşlemlerine İlişkin Bildirim (Faizsiz) TRDBRKTK2515 ISIN Kodlu Kira Sertifikasının 4.Dönemsel Getiri Ödemesi Hk. ALBRK,https://www.kap.org.tr/tr/Bildirim/1450424,tr,2025-06-20T10:29:22+00:00
2025-06-20,BUCIM,KAP,BURSA ÇİMENTO FABRİKASI A.Ş. - Bağımsız Denetim Kuruluşunun Belirlenmesi,Bağımsız Denetim Kuruluşunun Belirlenmesi Bağımsız Denetim Kuruluşu Seçimi - Türkiye Sürdürülebilirlik Raporlama Standartları (TSRS),https://www.kap.org.tr/tr/Bildirim/1450559,tr,2025-06-20T15:40:26+00:00
2025-06-20,CAGFA,KAP,ÇAĞDAŞ FAKTORİNG A.Ş. - Pay Dışında Sermaye Piyasası Aracı İşlemlerine İlişkin Bildirim (Faiz İçeren),Pay Dışında Sermaye Piyasası Aracı İşlemlerine İlişkin Bildirim (Faiz İçeren) 1.Kupon Faiz Ödemesinin Gerçekleştirilmesi,https://www.kap.org.tr/tr/Bildirim/1450629,tr,2025-06-20T16:57:57+00:00
2025-06-20,CEMTS,KAP,ÇEMTAŞ ÇELİK MAKİNA SANAYİ VE TİCARET A.Ş. - Bağımsız Denetim Kuruluşunun Belirlenmesi,Bağımsız Denetim Kuruluşunun Belirlenmesi Bağımsız Denetim Kuruluşu Seçimi - Türkiye Sürdürülebilirlik Raporlama Standartları (TSRS),https://www.kap.org.tr/tr/Bildirim/1450636,tr,2025-06-20T17:13:16+00:00
2025-06-20,DARDL,KAP,DARDANEL ÖNENTAŞ GIDA SANAYİ A.Ş. - Pay Dışında Sermaye Piyasası Aracı İşlemlerine İlişkin Bildirim (Faiz İçeren),Pay Dışında Sermaye Piyasası Aracı İşlemlerine İlişkin Bildirim (Faiz İçeren) TRFDRDL82524 ISIN kodlu finansman bonosunun 2.ci kupon ödemesi hk.,https://www.kap.org.tr/tr/Bildirim/1450505,tr,2025-06-20T15:01:48+00:00
2025-06-20,DIRIT,KAP,DİRİTEKS DİRİLİŞ TEKSTİL SANAYİ VE TİCARET A.Ş. - Şirket Genel Bilgi Formu,Şirket Genel Bilgi Formu,https://www.kap.org.tr/tr/Bildirim/1450658,tr,2025-06-20T18:00:53+00:00
2025-06-20,DMD,KAP,DESTEK YATIRIM MENKUL DEĞERLER A.Ş. - Özel Durum Açıklaması (Genel),Özel Durum Açıklaması (Genel) Destek Yatırım Menkul Değerler A.Ş Bursa Şubesi açılışı,https://www.kap.org.tr/tr/Bildirim/1450464,tr,2025-06-20T13:07:22+00:00
2025-06-20,DMD,KAP,DESTEK YATIRIM MENKUL DEĞERLER A.Ş. - Şirket Genel Bilgi Formu,Şirket Genel Bilgi Formu,https://www.kap.org.tr/tr/Bildirim/1450463,tr,2025-06-20T13:07:06+00:00
2025-06-20,DNYVA,KAP,DÜNYA VARLIK YÖNETİM A.Ş. - Pay Dışında Sermaye Piyasası Aracı İşlemlerine İlişkin Bildirim (Faiz İçeren),Pay Dışında Sermaye Piyasası Aracı İşlemlerine İlişkin Bildirim (Faiz İçeren) TRSDVYS92610 ISIN kodlu tahvilin 1.kupon ödemesi,https://www.kap.org.tr/tr/Bildirim/1450423,tr,2025-06-20T10:27:26+00:00
2025-06-20,DSYAT,KAP,DESTEK YATIRIM MENKUL DEĞERLER A.Ş. - Özel Durum Açıklaması (Genel),Özel Durum Açıklaması (Genel) Destek Yatırım Menkul Değerler A.Ş Bursa Şubesi açılışı,https://www.kap.org.tr/tr/Bildirim/1450464,tr,2025-06-20T13:07:22+00:00
2025-06-20,DSYAT,KAP,DESTEK YATIRIM MENKUL DEĞERLER A.Ş. - Şirket Genel Bilgi Formu,Şirket Genel Bilgi Formu,https://www.kap.org.tr/tr/Bildirim/1450463,tr,2025-06-20T13:07:06+00:00
2025-06-20,EKGYO,KAP,EMLAK KONUT GAYRİMENKUL YATIRIM ORTAKLIĞI A.Ş. - Özel Durum Açıklaması (Genel),Özel Durum Açıklaması (Genel) İzmir Çeşme Dalyan Arsa Satışı Karşılığı Gelir Paylaşımı İşi Sözleşme İmzalanması,https://www.kap.org.tr/tr/Bildirim/1450634,tr,2025-06-20T17:07:14+00:00
2025-06-20,EKSUN,KAP,EKSUN GIDA TARIM SANAYİ VE TİCARET A.Ş. - Özel Durum Açıklaması (Genel),Özel Durum Açıklaması (Genel) Lisanslı Depoculuk Faaliyet Belgesi Alınması,https://www.kap.org.tr/tr/Bildirim/1450422,tr,2025-06-20T10:25:41+00:00
2025-06-20,EMNIS,KAP,EMİNİŞ AMBALAJ SANAYİ VE TİCARET A.Ş. - Özel Durum Açıklaması (Genel),Özel Durum Açıklaması (Genel) Konkordato 43. Taksit Ödemesi,https://www.kap.org.tr/tr/Bildirim/1450600,tr,2025-06-20T16:25:38+00:00
2025-06-20,ENERY,KAP,ENERYA ENERJİ A.Ş. - Özel Durum Açıklaması (Genel),Özel Durum Açıklaması (Genel) Ahlatcı Altın İşletmeleri A.Ş. Hk.,https://www.kap.org.tr/tr/Bildirim/1450467,tr,2025-06-20T13:13:40+00:00
2025-06-20,ERCB,KAP,ERCİYAS ÇELİK BORU SANAYİ A.Ş. - İhraç Belgesi,İhraç Belgesi Borçlanma Aracı İhracına İlişkin SPK Onayı,https://www.kap.org.tr/tr/Bildirim/1450724,tr,2025-06-20T21:41:32+00:00
2025-06-20,ERCB,KAP,ERCİYAS ÇELİK BORU SANAYİ A.Ş. - İhraç Tavanına İlişkin Bildirim,İhraç Tavanına İlişkin Bildirim Borçlanma Araçları İhracına İlişkin SPK Onayı,https://www.kap.org.tr/tr/Bildirim/1450723,tr,2025-06-20T21:35:43+00:00
2025-06-20,ETYAT,KAP,EURO TREND YATIRIM ORTAKLIĞI A.Ş. - Özel Durum Açıklaması (Genel),"Özel Durum Açıklaması (Genel) BİAŞ'da oluşan ağırlıklı ortalama fiyatın,pay başına net aktif değerin 2 katını aşması",https://www.kap.org.tr/tr/Bildirim/1450456,tr,2025-06-20T12:42:20+00:00
2025-06-20,EUKYO,KAP,EURO KAPİTAL YATIRIM ORTAKLIĞI A.Ş. - Özel Durum Açıklaması (Genel),"Özel Durum Açıklaması (Genel) BİAŞ'da oluşan ağırlıklı ortalama fiyatın,pay başına net aktif değerin 2 katını aşması",https://www.kap.org.tr/tr/Bildirim/1450457,tr,2025-06-20T12:43:08+00:00
2025-06-20,EUYO,KAP,EURO MENKUL KIYMET YATIRIM ORTAKLIĞI A.Ş. - Özel Durum Açıklaması (Genel),"Özel Durum Açıklaması (Genel) BİAŞ'da oluşan ağırlıklı ortalama fiyatın,pay başına net aktif değerin 2 katını aşması",https://www.kap.org.tr/tr/Bildirim/1450455,tr,2025-06-20T12:41:45+00:00
2025-06-20,EXIMB,KAP,TÜRKİYE İHRACAT KREDİ BANKASI A.Ş. - Pay Dışında Sermaye Piyasası Aracı İşlemlerine İlişkin Bildirim (Faiz İçeren),Pay Dışında Sermaye Piyasası Aracı İşlemlerine İlişkin Bildirim (Faiz İçeren) XS2966422581 ISIN Kodlu Finansman Bonosu İtfası Hk,https://www.kap.org.tr/tr/Bildirim/1450615,tr,2025-06-20T16:41:27+00:00
2025-06-20,EXIMB,KAP,TÜRKİYE İHRACAT KREDİ BANKASI A.Ş. - Pay Dışında Sermaye Piyasası Aracı İşlemlerine İlişkin Bildirim (Faiz İçeren),Pay Dışında Sermaye Piyasası Aracı İşlemlerine İlişkin Bildirim (Faiz İçeren) XS2965717502 ISIN Kodlu Tahvil Kupon Ödemesi Hk,https://www.kap.org.tr/tr/Bildirim/1450612,tr,2025-06-20T16:37:45+00:00
2025-06-20,EYGYO,KAP,EYG GAYRİMENKUL YATIRIM ORTAKLIĞI A.Ş. - Şirket Genel Bilgi Formu,Şirket Genel Bilgi Formu,https://www.kap.org.tr/tr/Bildirim/1450398,tr,2025-06-20T09:14:20+00:00
2025-06-20,FBB,KAP,FİBABANKA A.Ş. - İhraç Belgesi,İhraç Belgesi Fibabanka A.Ş. Arıcıoğlu Otomotiv Birinci Varlık Finansmanı Fonu İhraç Tavanı Onayı Hk,https://www.kap.org.tr/tr/Bildirim/1450691,tr,2025-06-20T18:30:06+00:00
2025-06-20,FBBNK,KAP,FİBABANKA A.Ş. - İhraç Belgesi,İhraç Belgesi Fibabanka A.Ş. Arıcıoğlu Otomotiv Birinci Varlık Finansmanı Fonu İhraç Tavanı Onayı Hk,https://www.kap.org.tr/tr/Bildirim/1450691,tr,2025-06-20T18:30:06+00:00
2025-06-20,GARFA,KAP,GARANTİ FAKTORİNG A.Ş. - Kurumsal Yönetim İlkelerine Uyum Derecelendirmesi,Kurumsal Yönetim İlkelerine Uyum Derecelendirmesi Kurumsal Yönetim İlkelerine Uyum Derecelendirmesi Sözleşmesi,https://www.kap.org.tr/tr/Bildirim/1450415,tr,2025-06-20T10:11:21+00:00
2025-06-20,GEDIK,KAP,GEDİK YATIRIM MENKUL DEĞERLER A.Ş. - Olağan Dışı Fiyat ve Miktar Hareketleri,Olağan Dışı Fiyat ve Miktar Hareketleri Olağandışı fiyat ve miktar hareketleri hk.,https://www.kap.org.tr/tr/Bildirim/1450557,tr,2025-06-20T15:33:36+00:00
2025-06-20,GGBVK,KAP,GOLDEN GLOBAL VARLIK KİRALAMA A.Ş. - İhraç Tavanına İlişkin Bildirim,İhraç Tavanına İlişkin Bildirim İhraç Tavanına İlişkin Alınan Yönetim Kurulu Kararı Hk.,https://www.kap.org.tr/tr/Bildirim/1450479,tr,2025-06-20T13:47:28+00:00
2025-06-20,GGBVK,KAP,GOLDEN GLOBAL VARLIK KİRALAMA A.Ş. - Genel Kurul Bildirimi,Genel Kurul Bildirimi Olağan Genel Kurul Toplantı Tarihi ve Gündemi Hk. GGI,https://www.kap.org.tr/tr/Bildirim/1450478,tr,2025-06-20T13:46:44+00:00
2025-06-20,GLB,KAP,GLOBAL MENKUL DEĞERLER A.Ş. - Şirket Genel Bilgi Formu,Şirket Genel Bilgi Formu,https://www.kap.org.tr/tr/Bildirim/1450661,tr,2025-06-20T18:03:43+00:00
2025-06-20,GLBMD,KAP,GLOBAL MENKUL DEĞERLER A.Ş. - Şirket Genel Bilgi Formu,Şirket Genel Bilgi Formu,https://www.kap.org.tr/tr/Bildirim/1450661,tr,2025-06-20T18:03:43+00:00
2025-06-20,GMTAS,KAP,GİMAT MAĞAZACILIK SANAYİ VE TİCARET A.Ş. - Yönetim Kurulu Komiteleri,Yönetim Kurulu Komiteleri Sürdürülebilirlik Komitesi Kurulması Hk.,https://www.kap.org.tr/tr/Bildirim/1450606,tr,2025-06-20T16:33:48+00:00
2025-06-20,GRNYO,KAP,GARANTİ YATIRIM ORTAKLIĞI A.Ş. - Özel Durum Açıklaması (Genel),"Özel Durum Açıklaması (Genel) Paylarının BİAŞ'ta oluşan ağırlıklı ortalama fiyatının, pay başına net aktif değerinin 2 katını aşması hakkında.",https://www.kap.org.tr/tr/Bildirim/1450440,tr,2025-06-20T11:26:32+00:00
2025-06-20,HALKB,KAP,TÜRKİYE HALK BANKASI A.Ş. - Pay Dışında Sermaye Piyasası Aracı İşlemlerine İlişkin Bildirim (Faiz İçeren),Pay Dışında Sermaye Piyasası Aracı İşlemlerine İlişkin Bildirim (Faiz İçeren) Yurtdışı Piyasalara İlave Ana Sermayeye Dahil Edilebilir Tahvil İhracına İlişkin SPK Başvurusu,https://www.kap.org.tr/tr/Bildirim/1450685,tr,2025-06-20T18:22:34+00:00
2025-06-20,HALKB,KAP,TÜRKİYE HALK BANKASI A.Ş. - Özel Durum Açıklaması (Genel),Özel Durum Açıklaması (Genel) Yurtdışı Piyasalara İlave Ana Sermayeye Dahil Edilebilir Tahvil İhracının Fiyatlanması,https://www.kap.org.tr/tr/Bildirim/1450683,tr,2025-06-20T18:21:44+00:00
2025-06-20,HALKB,KAP,TÜRKİYE HALK BANKASI A.Ş. - Özel Durum Açıklaması (Genel),Özel Durum Açıklaması (Genel) Yurtdışı Piyasalara İlave Ana Sermayeye Dahil Edilebilir Tahvil İhracına İlişkin Bankaların Yetkilendirilmesi,https://www.kap.org.tr/tr/Bildirim/1450442,tr,2025-06-20T11:30:42+00:00
2025-06-20,HLGYO,KAP,HALK GAYRİMENKUL YATIRIM ORTAKLIĞI A.Ş. - Özel Durum Açıklaması (Genel),Özel Durum Açıklaması (Genel) IFM Halk Ofis Kuleleri A Blok Kira Sözleşmesi Akdi Hk. HALKB,https://www.kap.org.tr/tr/Bildirim/1450696,tr,2025-06-20T18:34:59+00:00
2025-06-20,HRKET,KAP,HAREKET PROJE TAŞIMACILIĞI VE YÜK MÜHENDİSLİĞİ A.Ş. - Şirket Genel Bilgi Formu,Şirket Genel Bilgi Formu,https://www.kap.org.tr/tr/Bildirim/1450679,tr,2025-06-20T18:15:16+00:00
2025-06-20,HRKET,KAP,HAREKET PROJE TAŞIMACILIĞI VE YÜK MÜHENDİSLİĞİ A.Ş. - Özel Durum Açıklaması (Genel),Özel Durum Açıklaması (Genel) Üst Düzey Yöneticinin Görevden Ayrılması Hk.,https://www.kap.org.tr/tr/Bildirim/1450678,tr,2025-06-20T18:15:03+00:00
2025-06-20,HRKET,KAP,HAREKET PROJE TAŞIMACILIĞI VE YÜK MÜHENDİSLİĞİ A.Ş. - Payların Geri Alınmasına İlişkin Bildirim,Payların Geri Alınmasına İlişkin Bildirim Pay Geri Alım İşlemleri Hk.,https://www.kap.org.tr/tr/Bildirim/1450677,tr,2025-06-20T18:14:38+00:00
2025-06-20,HTTBT,KAP,HİTİT BİLGİSAYAR HİZMETLERİ A.Ş. - Özel Durum Açıklaması (Genel),Özel Durum Açıklaması (Genel) Ar-Ge Çalışmaları Kapsamında Yeni Ürün (Hitit Oxygen) Geliştirilmesi,https://www.kap.org.tr/tr/Bildirim/1450452,tr,2025-06-20T12:25:30+00:00
2025-06-20,IAZ,KAP,INVEST-AZ YATIRIM MENKUL DEĞERLER A.Ş. - Şirket Genel Bilgi Formu,Şirket Genel Bilgi Formu,https://www.kap.org.tr/tr/Bildirim/1450487,tr,2025-06-20T14:11:33+00:00
2025-06-20,ICUGS,KAP,ICU GİRİŞİM SERMAYESİ YATIRIM ORTAKLIĞI A.Ş. - Özel Durum Açıklaması (Genel),Özel Durum Açıklaması (Genel) Organik Tarım Sektöründe Faaliyet Gösteren Anonim Şirket Statüsündeki İşletmeye İştirak Edilmesi,https://www.kap.org.tr/tr/Bildirim/1450399,tr,2025-06-20T09:17:10+00:00
2025-06-20,IHYAY,KAP,İHLAS YAYIN HOLDİNG A.Ş. - Bağımsız Denetim Kuruluşunun Belirlenmesi,Bağımsız Denetim Kuruluşunun Belirlenmesi Bağımsız Denetim Kuruluşu Seçiminin Tescili ve İlanı Hk.,https://www.kap.org.tr/tr/Bildirim/1450417,tr,2025-06-20T10:21:09+00:00
2025-06-20,IMASM,KAP,İMAŞ MAKİNA SANAYİ A.Ş. - Bölünme İşlemlerine İlişkin Bildirim,Bölünme İşlemlerine İlişkin Bildirim İştirak modeliyle kolaylaştırılmış usulde kısmi bölünmeye ilişkin Yönetim Kurulu Kararı ve SPK Başvurusu Hk.,https://www.kap.org.tr/tr/Bildirim/1450726,tr,2025-06-20T22:54:08+00:00
2025-06-20,INFO,KAP,İNFO YATIRIM MENKUL DEĞERLER A.Ş. - Toptan Alış Satış İşlemi Bildirimi,Toptan Alış Satış İşlemi Bildirimi SDTTR Toptan Alış Satış İşlem Bildirimi SDTTR,https://www.kap.org.tr/tr/Bildirim/1450552,tr,2025-06-20T15:27:11+00:00
2025-06-20,INVAZ,KAP,INVEST-AZ YATIRIM MENKUL DEĞERLER A.Ş. - Şirket Genel Bilgi Formu,Şirket Genel Bilgi Formu,https://www.kap.org.tr/tr/Bildirim/1450487,tr,2025-06-20T14:11:33+00:00
2025-06-20,INVEO,KAP,INVEO YATIRIM HOLDİNG A.Ş. - Özel Durum Açıklaması (Genel),Özel Durum Açıklaması (Genel) Inveo Portföy Yönetimi AŞ İç Kaynaklardan Bedelsiz Sermaye Artırımı Hk. GEP,https://www.kap.org.tr/tr/Bildirim/1450680,tr,2025-06-20T18:15:38+00:00
2025-06-20,INVES,KAP,INVESTCO HOLDİNG A.Ş. - Payların Geri Alınmasına İlişkin Bildirim,Payların Geri Alınmasına İlişkin Bildirim Pay Geri Alım İşlemleri Hk.,https://www.kap.org.tr/tr/Bildirim/1450692,tr,2025-06-20T18:30:17+00:00
2025-06-20,ISATR,KAP,TÜRKİYE İŞ BANKASI A.Ş. - Pay Alım Satım Bildirimi,Pay Alım Satım Bildirimi İş Gayrimenkul Yatırım Ortaklığı A.Ş. Pay Alım İşlemleri Hakkında ISGYO,https://www.kap.org.tr/tr/Bildirim/1450667,tr,2025-06-20T18:11:21+00:00
2025-06-20,ISATR,KAP,TÜRKİYE İŞ BANKASI A.Ş. - Pay Alım Satım Bildirimi,Pay Alım Satım Bildirimi Türkiye Şişe ve Cam Fabrikaları A.Ş. Pay Alım İşlemleri Hakkında SISE,https://www.kap.org.tr/tr/Bildirim/1450665,tr,2025-06-20T18:10:50+00:00
2025-06-20,ISATR,KAP,TÜRKİYE İŞ BANKASI A.Ş. - Pay Dışında Sermaye Piyasası Aracı İşlemlerine İlişkin Bildirim (Faiz İçeren),Pay Dışında Sermaye Piyasası Aracı İşlemlerine İlişkin Bildirim (Faiz İçeren) Yurtdışı Piyasalara Sürdürülebilir Tahvil İhracı,https://www.kap.org.tr/tr/Bildirim/1450618,tr,2025-06-20T16:45:34+00:00
2025-06-20,ISATR,KAP,TÜRKİYE İŞ BANKASI A.Ş. - Pay Dışında Sermaye Piyasası Aracı İşlemlerine İlişkin Bildirim (Faiz İçeren),Pay Dışında Sermaye Piyasası Aracı İşlemlerine İlişkin Bildirim (Faiz İçeren) Yeşil Özel Sektör Tahvili Kupon Ödemesi,https://www.kap.org.tr/tr/Bildirim/1450421,tr,2025-06-20T10:24:34+00:00
2025-06-20,ISBTR,KAP,TÜRKİYE İŞ BANKASI A.Ş. - Pay Alım Satım Bildirimi,Pay Alım Satım Bildirimi İş Gayrimenkul Yatırım Ortaklığı A.Ş. Pay Alım İşlemleri Hakkında ISGYO,https://www.kap.org.tr/tr/Bildirim/1450667,tr,2025-06-20T18:11:21+00:00
2025-06-20,ISBTR,KAP,TÜRKİYE İŞ BANKASI A.Ş. - Pay Alım Satım Bildirimi,Pay Alım Satım Bildirimi Türkiye Şişe ve Cam Fabrikaları A.Ş. Pay Alım İşlemleri Hakkında SISE,https://www.kap.org.tr/tr/Bildirim/1450665,tr,2025-06-20T18:10:50+00:00
2025-06-20,ISBTR,KAP,TÜRKİYE İŞ BANKASI A.Ş. - Pay Dışında Sermaye Piyasası Aracı İşlemlerine İlişkin Bildirim (Faiz İçeren),Pay Dışında Sermaye Piyasası Aracı İşlemlerine İlişkin Bildirim (Faiz İçeren) Yurtdışı Piyasalara Sürdürülebilir Tahvil İhracı,https://www.kap.org.tr/tr/Bildirim/1450618,tr,2025-06-20T16:45:34+00:00
2025-06-20,ISBTR,KAP,TÜRKİYE İŞ BANKASI A.Ş. - Pay Dışında Sermaye Piyasası Aracı İşlemlerine İlişkin Bildirim (Faiz İçeren),Pay Dışında Sermaye Piyasası Aracı İşlemlerine İlişkin Bildirim (Faiz İçeren) Yeşil Özel Sektör Tahvili Kupon Ödemesi,https://www.kap.org.tr/tr/Bildirim/1450421,tr,2025-06-20T10:24:34+00:00
2025-06-20,ISCTR,KAP,TÜRKİYE İŞ BANKASI A.Ş. - Pay Alım Satım Bildirimi,Pay Alım Satım Bildirimi İş Gayrimenkul Yatırım Ortaklığı A.Ş. Pay Alım İşlemleri Hakkında ISGYO,https://www.kap.org.tr/tr/Bildirim/1450667,tr,2025-06-20T18:11:21+00:00
2025-06-20,ISCTR,KAP,TÜRKİYE İŞ BANKASI A.Ş. - Pay Alım Satım Bildirimi,Pay Alım Satım Bildirimi Türkiye Şişe ve Cam Fabrikaları A.Ş. Pay Alım İşlemleri Hakkında SISE,https://www.kap.org.tr/tr/Bildirim/1450665,tr,2025-06-20T18:10:50+00:00
2025-06-20,ISCTR,KAP,TÜRKİYE İŞ BANKASI A.Ş. - Pay Dışında Sermaye Piyasası Aracı İşlemlerine İlişkin Bildirim (Faiz İçeren),Pay Dışında Sermaye Piyasası Aracı İşlemlerine İlişkin Bildirim (Faiz İçeren) Yurtdışı Piyasalara Sürdürülebilir Tahvil İhracı,https://www.kap.org.tr/tr/Bildirim/1450618,tr,2025-06-20T16:45:34+00:00
2025-06-20,ISCTR,KAP,TÜRKİYE İŞ BANKASI A.Ş. - Pay Dışında Sermaye Piyasası Aracı İşlemlerine İlişkin Bildirim (Faiz İçeren),Pay Dışında Sermaye Piyasası Aracı İşlemlerine İlişkin Bildirim (Faiz İçeren) Yeşil Özel Sektör Tahvili Kupon Ödemesi,https://www.kap.org.tr/tr/Bildirim/1450421,tr,2025-06-20T10:24:34+00:00
2025-06-20,ISKUR,KAP,TÜRKİYE İŞ BANKASI A.Ş. - Pay Alım Satım Bildirimi,Pay Alım Satım Bildirimi İş Gayrimenkul Yatırım Ortaklığı A.Ş. Pay Alım İşlemleri Hakkında ISGYO,https://www.kap.org.tr/tr/Bildirim/1450667,tr,2025-06-20T18:11:21+00:00
2025-06-20,ISKUR,KAP,TÜRKİYE İŞ BANKASI A.Ş. - Pay Alım Satım Bildirimi,Pay Alım Satım Bildirimi Türkiye Şişe ve Cam Fabrikaları A.Ş. Pay Alım İşlemleri Hakkında SISE,https://www.kap.org.tr/tr/Bildirim/1450665,tr,2025-06-20T18:10:50+00:00
2025-06-20,ISKUR,KAP,TÜRKİYE İŞ BANKASI A.Ş. - Pay Dışında Sermaye Piyasası Aracı İşlemlerine İlişkin Bildirim (Faiz İçeren),Pay Dışında Sermaye Piyasası Aracı İşlemlerine İlişkin Bildirim (Faiz İçeren) Yurtdışı Piyasalara Sürdürülebilir Tahvil İhracı,https://www.kap.org.tr/tr/Bildirim/1450618,tr,2025-06-20T16:45:34+00:00
2025-06-20,ISKUR,KAP,TÜRKİYE İŞ BANKASI A.Ş. - Pay Dışında Sermaye Piyasası Aracı İşlemlerine İlişkin Bildirim (Faiz İçeren),Pay Dışında Sermaye Piyasası Aracı İşlemlerine İlişkin Bildirim (Faiz İçeren) Yeşil Özel Sektör Tahvili Kupon Ödemesi,https://www.kap.org.tr/tr/Bildirim/1450421,tr,2025-06-20T10:24:34+00:00
2025-06-20,ISMEN,KAP,İŞ YATIRIM MENKUL DEĞERLER A.Ş. - Pay Dışında Sermaye Piyasası Aracı İşlemlerine İlişkin Bildirim (Faiz İçeren),Pay Dışında Sermaye Piyasası Aracı İşlemlerine İlişkin Bildirim (Faiz İçeren) 20.06.2025 Vadeli Borçlanma Aracının İtfası,https://www.kap.org.tr/tr/Bildirim/1450450,tr,2025-06-20T12:18:15+00:00
2025-06-20,ISMEN,KAP,İŞ YATIRIM MENKUL DEĞERLER A.Ş. - Yatırım Kuruluşu Varant - Sertifika - Senetlerine İlişkin Bildirim,Yatırım Kuruluşu Varant - Sertifika - Senetlerine İlişkin Bildirim İş Yatırım Sertifika ve Varant Alım Satım İşlemleri,https://www.kap.org.tr/tr/Bildirim/1450446,tr,2025-06-20T11:55:48+00:00
2025-06-20,ISMEN,KAP,İŞ YATIRIM MENKUL DEĞERLER A.Ş. - Piyasa Yapıcılığı Kapsamında Gerçekleştirilen İşlemler Bildirimi,Piyasa Yapıcılığı Kapsamında Gerçekleştirilen İşlemler Bildirimi Borsa Yatırım Fonu Piyasa Yapıcılığı İşlemleri ISGLK,https://www.kap.org.tr/tr/Bildirim/1450444,tr,2025-06-20T11:51:54+00:00
2025-06-20,ISYAT,KAP,İŞ YATIRIM ORTAKLIĞI A.Ş. - Özel Durum Açıklaması (Genel),"Özel Durum Açıklaması (Genel) Ortaklık paylarının BİAŞ'ta oluşan ağırlıklı ortalama fiyatının, pay başına net aktif değerinin 2 katını aşması hakkında",https://www.kap.org.tr/tr/Bildirim/1450453,tr,2025-06-20T12:27:37+00:00
2025-06-20,IYF,KAP,İNFO YATIRIM MENKUL DEĞERLER A.Ş. - Toptan Alış Satış İşlemi Bildirimi,Toptan Alış Satış İşlemi Bildirimi SDTTR Toptan Alış Satış İşlem Bildirimi SDTTR,https://www.kap.org.tr/tr/Bildirim/1450552,tr,2025-06-20T15:27:11+00:00
2025-06-20,IYM,KAP,İŞ YATIRIM MENKUL DEĞERLER A.Ş. - Pay Dışında Sermaye Piyasası Aracı İşlemlerine İlişkin Bildirim (Faiz İçeren),Pay Dışında Sermaye Piyasası Aracı İşlemlerine İlişkin Bildirim (Faiz İçeren) 20.06.2025 Vadeli Borçlanma Aracının İtfası,https://www.kap.org.tr/tr/Bildirim/1450450,tr,2025-06-20T12:18:15+00:00
2025-06-20,IYM,KAP,İŞ YATIRIM MENKUL DEĞERLER A.Ş. - Yatırım Kuruluşu Varant - Sertifika - Senetlerine İlişkin Bildirim,Yatırım Kuruluşu Varant - Sertifika - Senetlerine İlişkin Bildirim İş Yatırım Sertifika ve Varant Alım Satım İşlemleri,https://www.kap.org.tr/tr/Bildirim/1450446,tr,2025-06-20T11:55:48+00:00
2025-06-20,IYM,KAP,İŞ YATIRIM MENKUL DEĞERLER A.Ş. - Piyasa Yapıcılığı Kapsamında Gerçekleştirilen İşlemler Bildirimi,Piyasa Yapıcılığı Kapsamında Gerçekleştirilen İşlemler Bildirimi Borsa Yatırım Fonu Piyasa Yapıcılığı İşlemleri ISGLK,https://www.kap.org.tr/tr/Bildirim/1450444,tr,2025-06-20T11:51:54+00:00
2025-06-20,KBORU,KAP,KUZEY BORU A.Ş. - Şirket Genel Bilgi Formu,Şirket Genel Bilgi Formu,https://www.kap.org.tr/tr/Bildirim/1450623,tr,2025-06-20T16:49:41+00:00
2025-06-20,KOCFN,KAP,KOÇ FİNANSMAN A.Ş. - Pay Dışında Sermaye Piyasası Aracı İşlemlerine İlişkin Bildirim (Faiz İçeren),Pay Dışında Sermaye Piyasası Aracı İşlemlerine İlişkin Bildirim (Faiz İçeren) TRSKCTF62615 ISIN Kodlu Tahvil ihracı,https://www.kap.org.tr/tr/Bildirim/1450426,tr,2025-06-20T10:32:01+00:00
2025-06-20,KRSTL,KAP,KRİSTAL KOLA VE MEŞRUBAT SANAYİ TİCARET A.Ş. - Pay Alım Satım Bildirimi,Pay Alım Satım Bildirimi 19.06.2025 19:10:06 yapılan Kristal Gıda Dağıtım ve Paz.San.ve Tic.A.Ş. Pay Alım Tablo Bildirimi düzeltmesi,https://www.kap.org.tr/tr/Bildirim/1450719,tr,2025-06-20T21:14:01+00:00
2025-06-20,KTLEV,KAP,KATILIMEVİM TASARRUF FİNANSMAN A.Ş. - Sermaye Artırımından Elde Edilecek - Edilen Fonun Kullanımına İlişkin Rapor,Sermaye Artırımından Elde Edilecek - Edilen Fonun Kullanımına İlişkin Rapor Sermaye Artırımından Elde Edilecek Fonun Kullanımına İlişkin Rapor,https://www.kap.org.tr/tr/Bildirim/1450470,tr,2025-06-20T13:15:20+00:00
2025-06-20,KTSKR,KAP,KÜTAHYA ŞEKER FABRİKASI A.Ş. - Bağımsız Denetim Kuruluşunun Belirlenmesi,Bağımsız Denetim Kuruluşunun Belirlenmesi Bağımsız Denetim Kuruluşunun Genel Kurulda Onaylanması,https://www.kap.org.tr/tr/Bildirim/1450642,tr,2025-06-20T17:29:53+00:00
2025-06-20,KTSKR,KAP,KÜTAHYA ŞEKER FABRİKASI A.Ş. - Kar Payı Dağıtım İşlemlerine İlişkin Bildirim,Kar Payı Dağıtım İşlemlerine İlişkin Bildirim 2024 Yılı Kar Dağıtım Önerisinin Genel Kurul'da onaylanması.,https://www.kap.org.tr/tr/Bildirim/1450638,tr,2025-06-20T17:16:14+00:00
2025-06-20,KTSKR,KAP,KÜTAHYA ŞEKER FABRİKASI A.Ş. - Genel Kurul İşlemlerine İlişkin Bildirim,Genel Kurul İşlemlerine İlişkin Bildirim 2024 Yılı Olağan Genel Kurul Toplantı Sonucu,https://www.kap.org.tr/tr/Bildirim/1450633,tr,2025-06-20T17:06:44+00:00
2025-06-20,KTSVK,KAP,KT SUKUK VARLIK KİRALAMA A.Ş. - Pay Dışında Sermaye Piyasası Aracı İşlemlerine İlişkin Bildirim (Faizsiz),Pay Dışında Sermaye Piyasası Aracı İşlemlerine İlişkin Bildirim (Faizsiz) TRDKTSKE2537 ISIN Kodlu Yurtiçi Kira Sertifikası İhracının Nitelikli Yatırımcıya Satışının Tamamlanması-Düzeltme,https://www.kap.org.tr/tr/Bildirim/1450428,tr,2025-06-20T10:39:39+00:00
2025-06-20,KTSVK,KAP,KT SUKUK VARLIK KİRALAMA A.Ş. - Pay Dışında Sermaye Piyasası Aracı İşlemlerine İlişkin Bildirim (Faizsiz),Pay Dışında Sermaye Piyasası Aracı İşlemlerine İlişkin Bildirim (Faizsiz) TRDKTSKE2537 ISIN Kodlu Yurtiçi Kira Sertifikası İhracının Nitelikli Yatırımcıya Satışının Tamamlanması,https://www.kap.org.tr/tr/Bildirim/1450389,tr,2025-06-20T08:39:30+00:00
2025-06-20,KZGYO,KAP,KUZUGRUP GAYRİMENKUL YATIRIM ORTAKLIĞI A.Ş. - Özel Durum Açıklaması (Genel),Özel Durum Açıklaması (Genel) Yönetim Kurulu Üyesi İstifa ve Yeni Atama Kararı,https://www.kap.org.tr/tr/Bildirim/1450694,tr,2025-06-20T18:33:18+00:00
2025-06-20,LKMNH,KAP,LOKMAN HEKİM ENGÜRÜSAĞ SAĞLIK TURİZM EĞİTİM HİZMETLERİ VE İNŞAAT TAAHHÜT A.Ş. - Payların Geri Alınmasına İlişkin Bildirim,Payların Geri Alınmasına İlişkin Bildirim Hisse Geri Alımı,https://www.kap.org.tr/tr/Bildirim/1450699,tr,2025-06-20T18:50:37+00:00
2025-06-20,MACKO,KAP,MACKOLİK İNTERNET HİZMETLERİ TİCARET A.Ş. - Şirket Genel Bilgi Formu,Şirket Genel Bilgi Formu,https://www.kap.org.tr/tr/Bildirim/1450721,tr,2025-06-20T21:18:23+00:00
2025-06-20,MACKO,KAP,MACKOLİK İNTERNET HİZMETLERİ TİCARET A.Ş. - Payların Geri Alınmasına İlişkin Bildirim,Payların Geri Alınmasına İlişkin Bildirim Pay Geri Alım Programının Sonlandırılmasına Dair Güncelleme Bildirimi,https://www.kap.org.tr/tr/Bildirim/1450720,tr,2025-06-20T21:16:53+00:00
2025-06-20,MIATK,KAP,MİA TEKNOLOJİ A.Ş. - Bağımsız Denetim Kuruluşunun Belirlenmesi,Bağımsız Denetim Kuruluşunun Belirlenmesi Bağımsız Denetim Kuruluşunun Genel Kurul tarafından Belirlenmesi,https://www.kap.org.tr/tr/Bildirim/1450626,tr,2025-06-20T16:56:21+00:00
2025-06-20,MIATK,KAP,MİA TEKNOLOJİ A.Ş. - Kayıtlı Sermaye Tavanı İşlemlerine İlişkin Bildirim,Kayıtlı Sermaye Tavanı İşlemlerine İlişkin Bildirim Kayıtlı sermaye tavanının Genel Kurulda onaylanması,https://www.kap.org.tr/tr/Bildirim/1450619,tr,2025-06-20T16:46:06+00:00
2025-06-20,MIATK,KAP,MİA TEKNOLOJİ A.Ş. - Kar Payı Dağıtım İşlemlerine İlişkin Bildirim,Kar Payı Dağıtım İşlemlerine İlişkin Bildirim Kar dağıtımına İlişkin 2024 Yılı Olağan Genel Kurul Kararı,https://www.kap.org.tr/tr/Bildirim/1450613,tr,2025-06-20T16:37:51+00:00
2025-06-20,MIATK,KAP,MİA TEKNOLOJİ A.Ş. - Genel Kurul İşlemlerine İlişkin Bildirim,Genel Kurul İşlemlerine İlişkin Bildirim 2024 Yılı Olağan Genel Kurul Toplantı Sonucu,https://www.kap.org.tr/tr/Bildirim/1450602,tr,2025-06-20T16:29:06+00:00
2025-06-20,MOPAS,KAP,MOPAŞ MARKETÇİLİK GIDA SANAYİ VE TİCARET A.Ş. - Bağımsız Denetim Kuruluşunun Belirlenmesi,Bağımsız Denetim Kuruluşunun Belirlenmesi Bağımsız Denetim Kuruluşunun Belirlenmesi,https://www.kap.org.tr/tr/Bildirim/1450641,tr,2025-06-20T17:26:36+00:00
2025-06-20,NRBNK,KAP,NUROL YATIRIM BANKASI A.Ş. - Pay Dışında Sermaye Piyasası Aracı İşlemlerine İlişkin Bildirim (Faiz İçeren),Pay Dışında Sermaye Piyasası Aracı İşlemlerine İlişkin Bildirim (Faiz İçeren) TRPNROS62815 ISIN Kodlu Nurol Yatırım Bankası A.Ş. Otosor Varlık Finansman Fonu VDMK İhracının Tamamlanması OTOSR,https://www.kap.org.tr/tr/Bildirim/1450523,tr,2025-06-20T15:09:08+00:00
2025-06-20,NRBNK,KAP,NUROL YATIRIM BANKASI A.Ş. - Pay Dışında Sermaye Piyasası Aracı İşlemlerine İlişkin Bildirim (Faiz İçeren),Pay Dışında Sermaye Piyasası Aracı İşlemlerine İlişkin Bildirim (Faiz İçeren) TRPNROSA2714 ISIN Kodlu Nurol Yatırım Bankası A.Ş. Otosor Varlık Finansman Fonu VDMK İhracının Tamamlanması OTOSR,https://www.kap.org.tr/tr/Bildirim/1450521,tr,2025-06-20T15:08:55+00:00
2025-06-20,NRBNK,KAP,NUROL YATIRIM BANKASI A.Ş. - Pay Dışında Sermaye Piyasası Aracı İşlemlerine İlişkin Bildirim (Faiz İçeren),Pay Dışında Sermaye Piyasası Aracı İşlemlerine İlişkin Bildirim (Faiz İçeren) TRPNROS62716 ISIN Kodlu Nurol Yatırım Bankası A.Ş. Otosor Varlık Finansman Fonu VDMK İhracının Tamamlanması OTOSR,https://www.kap.org.tr/tr/Bildirim/1450520,tr,2025-06-20T15:08:40+00:00
2025-06-20,NRBNK,KAP,NUROL YATIRIM BANKASI A.Ş. - Pay Dışında Sermaye Piyasası Aracı İşlemlerine İlişkin Bildirim (Faiz İçeren),Pay Dışında Sermaye Piyasası Aracı İşlemlerine İlişkin Bildirim (Faiz İçeren) TRPNROSA2615 ISIN Kodlu Nurol Yatırım Bankası A.Ş. Otosor Varlık Finansman Fonu VDMK İhracının Tamamlanması OTOSR,https://www.kap.org.tr/tr/Bildirim/1450518,tr,2025-06-20T15:08:27+00:00
2025-06-20,NURVK,KAP,NUROL VARLIK KİRALAMA A.Ş. - Tertip İhraç Belgesi,Tertip İhraç Belgesi Tertip İhraç Belgeleri NRBNK,https://www.kap.org.tr/tr/Bildirim/1450657,tr,2025-06-20T17:50:04+00:00
2025-06-20,NYB,KAP,NUROL YATIRIM BANKASI A.Ş. - Pay Dışında Sermaye Piyasası Aracı İşlemlerine İlişkin Bildirim (Faiz İçeren),Pay Dışında Sermaye Piyasası Aracı İşlemlerine İlişkin Bildirim (Faiz İçeren) TRPNROS62815 ISIN Kodlu Nurol Yatırım Bankası A.Ş. Otosor Varlık Finansman Fonu VDMK İhracının Tamamlanması OTOSR,https://www.kap.org.tr/tr/Bildirim/1450523,tr,2025-06-20T15:09:08+00:00
2025-06-20,NYB,KAP,NUROL YATIRIM BANKASI A.Ş. - Pay Dışında Sermaye Piyasası Aracı İşlemlerine İlişkin Bildirim (Faiz İçeren),Pay Dışında Sermaye Piyasası Aracı İşlemlerine İlişkin Bildirim (Faiz İçeren) TRPNROSA2714 ISIN Kodlu Nurol Yatırım Bankası A.Ş. Otosor Varlık Finansman Fonu VDMK İhracının Tamamlanması OTOSR,https://www.kap.org.tr/tr/Bildirim/1450521,tr,2025-06-20T15:08:55+00:00
2025-06-20,NYB,KAP,NUROL YATIRIM BANKASI A.Ş. - Pay Dışında Sermaye Piyasası Aracı İşlemlerine İlişkin Bildirim (Faiz İçeren),Pay Dışında Sermaye Piyasası Aracı İşlemlerine İlişkin Bildirim (Faiz İçeren) TRPNROS62716 ISIN Kodlu Nurol Yatırım Bankası A.Ş. Otosor Varlık Finansman Fonu VDMK İhracının Tamamlanması OTOSR,https://www.kap.org.tr/tr/Bildirim/1450520,tr,2025-06-20T15:08:40+00:00
2025-06-20,NYB,KAP,NUROL YATIRIM BANKASI A.Ş. - Pay Dışında Sermaye Piyasası Aracı İşlemlerine İlişkin Bildirim (Faiz İçeren),Pay Dışında Sermaye Piyasası Aracı İşlemlerine İlişkin Bildirim (Faiz İçeren) TRPNROSA2615 ISIN Kodlu Nurol Yatırım Bankası A.Ş. Otosor Varlık Finansman Fonu VDMK İhracının Tamamlanması OTOSR,https://www.kap.org.tr/tr/Bildirim/1450518,tr,2025-06-20T15:08:27+00:00
2025-06-20,ORGE,KAP,ORGE ENERJİ ELEKTRİK TAAHHÜT A.Ş. - Payların Geri Alınmasına İlişkin Bildirim,Payların Geri Alınmasına İlişkin Bildirim 20.06.2025 Tarihli Pay Geri Alım İşlemi,https://www.kap.org.tr/tr/Bildirim/1450702,tr,2025-06-20T18:55:53+00:00
2025-06-20,OTKAR,KAP,OTOKAR OTOMOTİV VE SAVUNMA SANAYİ A.Ş. - Şirket Genel Bilgi Formu,Şirket Genel Bilgi Formu,https://www.kap.org.tr/tr/Bildirim/1450670,tr,2025-06-20T18:12:29+00:00
2025-06-20,OYA,KAP,OYAK YATIRIM MENKUL DEĞERLER A.Ş. - Piyasa Yapıcılığı Kapsamında Gerçekleştirilen İşlemler Bildirimi,Piyasa Yapıcılığı Kapsamında Gerçekleştirilen İşlemler Bildirimi 20/06/2025 TARİHLİ OYAYO PİYASA YAPICILIĞI İŞLEMLERİ OYAYO,https://www.kap.org.tr/tr/Bildirim/1450693,tr,2025-06-20T18:32:29+00:00
2025-06-20,OYAYO,KAP,OYAK YATIRIM ORTAKLIĞI A.Ş. - Özel Durum Açıklaması (Genel),"Özel Durum Açıklaması (Genel) Ortaklık paylarının BİAŞ'ta oluşan ağırlıklı ortalama fiyatının, pay başına net aktif değerinin 2 katını aşması hakkında",https://www.kap.org.tr/tr/Bildirim/1450582,tr,2025-06-20T15:50:30+00:00
2025-06-20,OYYAT,KAP,OYAK YATIRIM MENKUL DEĞERLER A.Ş. - Piyasa Yapıcılığı Kapsamında Gerçekleştirilen İşlemler Bildirimi,Piyasa Yapıcılığı Kapsamında Gerçekleştirilen İşlemler Bildirimi 20/06/2025 TARİHLİ OYAYO PİYASA YAPICILIĞI İŞLEMLERİ OYAYO,https://www.kap.org.tr/tr/Bildirim/1450693,tr,2025-06-20T18:32:29+00:00
2025-06-20,OZATD,KAP,ÖZATA DENİZCİLİK SANAYİ VE TİCARET A.Ş. - Esas Sözleşme Tadili,Esas Sözleşme Tadili SPK VE TİCARET BAKANLIĞI ONAYLI ESAS SÖZLEŞME TADİL METNİ HAKKINDA,https://www.kap.org.tr/tr/Bildirim/1450715,tr,2025-06-20T19:51:56+00:00
2025-06-20,OZATD,KAP,ÖZATA DENİZCİLİK SANAYİ VE TİCARET A.Ş. - Bağımsız Denetim Kuruluşunun Belirlenmesi,"Bağımsız Denetim Kuruluşunun Belirlenmesi 2025 YILI BAĞIMSIZ DENETİM ŞİRKETİ SEÇİMİ HAKKINDA,",https://www.kap.org.tr/tr/Bildirim/1450710,tr,2025-06-20T19:39:34+00:00
2025-06-20,OZATD,KAP,ÖZATA DENİZCİLİK SANAYİ VE TİCARET A.Ş. - Bağımsız Denetim Kuruluşunun Belirlenmesi,"Bağımsız Denetim Kuruluşunun Belirlenmesi 2024 YILI BAĞIMSIZ DENETİM ŞİRKETİ SEÇİMİ HAKKINDA,",https://www.kap.org.tr/tr/Bildirim/1450709,tr,2025-06-20T19:36:07+00:00
2025-06-20,OZATD,KAP,ÖZATA DENİZCİLİK SANAYİ VE TİCARET A.Ş. - Genel Kurul İşlemlerine İlişkin Bildirim,"Genel Kurul İşlemlerine İlişkin Bildirim 2023 ve 2024 YILI OLAĞAN GENEL KURUL TOPLANTISI SONUÇLARI HAKKINDA,",https://www.kap.org.tr/tr/Bildirim/1450707,tr,2025-06-20T19:23:33+00:00
2025-06-20,OZATD,KAP,ÖZATA DENİZCİLİK SANAYİ VE TİCARET A.Ş. - Kar Payı Dağıtım İşlemlerine İlişkin Bildirim,"Kar Payı Dağıtım İşlemlerine İlişkin Bildirim 2023 ve 2024 YILI OLAĞAN GENEL KURUL TOPLANTISI SONUÇLARINA İLİŞKİN KAR PAYI DAĞITIM İŞLEMLERİ HAKKINDA,",https://www.kap.org.tr/tr/Bildirim/1450705,tr,2025-06-20T19:16:29+00:00
2025-06-20,OZATD,KAP,ÖZATA DENİZCİLİK SANAYİ VE TİCARET A.Ş. - Genel Kurul İşlemlerine İlişkin Bildirim,"Genel Kurul İşlemlerine İlişkin Bildirim 2023 ve 2024 YILI OLAĞAN GENEL KURUL TOPLANTISI SONUÇLARI HAKKINDA,",https://www.kap.org.tr/tr/Bildirim/1450704,tr,2025-06-20T19:01:36+00:00
2025-06-20,PAPIL,KAP,PAPİLON SAVUNMA TEKNOLOJİ VE TİCARET A.Ş. - Genel Kurul İşlemlerine İlişkin Bildirim,Genel Kurul İşlemlerine İlişkin Bildirim 2024 Yılı Olağan Genel kurul Toplantısının Çoğunluk Sağlanamaması Nedeniyle Ertelenmesi Hk,https://www.kap.org.tr/tr/Bildirim/1450466,tr,2025-06-20T13:13:31+00:00
2025-06-20,PCILT,KAP,PC İLETİŞİM VE MEDYA HİZMETLERİ SANAYİ TİCARET A.Ş. - Payların Geri Alınmasına İlişkin Bildirim,Payların Geri Alınmasına İlişkin Bildirim 20.06.2025 Tarihli Pay Geri Alım İşlemleri,https://www.kap.org.tr/tr/Bildirim/1450714,tr,2025-06-20T19:46:08+00:00
2025-06-20,PNLSN,KAP,PANELSAN ÇATI CEPHE SİSTEMLERİ SANAYİ VE TİCARET A.Ş. - Payların Geri Alınmasına İlişkin Bildirim,Payların Geri Alınmasına İlişkin Bildirim Payların Geri Alınması İşlemlerine İlişkin Bildirim hk.,https://www.kap.org.tr/tr/Bildirim/1450718,tr,2025-06-20T20:49:06+00:00
2025-06-20,RODRG,KAP,RODRİGO TEKSTİL SANAYİ VE TİCARET A.Ş. - Kayıtlı Sermaye Tavanı İşlemlerine İlişkin Bildirim,Kayıtlı Sermaye Tavanı İşlemlerine İlişkin Bildirim Kayıtlı Sermaye Tavanı Genel Kurulda onaylanmıştır.,https://www.kap.org.tr/tr/Bildirim/1450476,tr,2025-06-20T13:29:26+00:00
2025-06-20,RODRG,KAP,RODRİGO TEKSTİL SANAYİ VE TİCARET A.Ş. - Kar Payı Dağıtım İşlemlerine İlişkin Bildirim,Kar Payı Dağıtım İşlemlerine İlişkin Bildirim 2024 yılı kar dağıtımı hk. karar,https://www.kap.org.tr/tr/Bildirim/1450468,tr,2025-06-20T13:13:59+00:00
2025-06-20,SAHOL,KAP,HACI ÖMER SABANCI HOLDİNG A.Ş. - Şirket Genel Bilgi Formu,Şirket Genel Bilgi Formu,https://www.kap.org.tr/tr/Bildirim/1450586,tr,2025-06-20T16:00:24+00:00
2025-06-20,SAHOL,KAP,HACI ÖMER SABANCI HOLDİNG A.Ş. - Özel Durum Açıklaması (Genel),Özel Durum Açıklaması (Genel) Organizasyonel Yapıdaki Değişiklikler,https://www.kap.org.tr/tr/Bildirim/1450585,tr,2025-06-20T16:00:11+00:00
2025-06-20,SANFM,KAP,SANİFOAM ENDÜSTRİ VE TÜKETİM ÜRÜNLERİ SANAYİ TİCARET A.Ş. - Payların Geri Alınmasına İlişkin Bildirim,Payların Geri Alınmasına İlişkin Bildirim 20.06.2025 Tarihli Pay Geri Alım İşlemleri,https://www.kap.org.tr/tr/Bildirim/1450668,tr,2025-06-20T18:11:59+00:00
2025-06-20,SDTTR,KAP,SDT UZAY VE SAVUNMA TEKNOLOJİLERİ A.Ş. - Yeni İş İlişkisi,Yeni İş İlişkisi Yeni İş İlişkisi Hakkında,https://www.kap.org.tr/tr/Bildirim/1450549,tr,2025-06-20T15:24:24+00:00
2025-06-20,SNICA,KAP,SANİCA ISI SANAYİ A.Ş. - Bağımsız Denetim Kuruluşunun Belirlenmesi,Bağımsız Denetim Kuruluşunun Belirlenmesi Sürdürebilirlik Denetim Kuruluşunun Belirlenmesi,https://www.kap.org.tr/tr/Bildirim/1450405,tr,2025-06-20T09:39:04+00:00
2025-06-20,SODSN,KAP,SODAŞ SODYUM SANAYİİ A.Ş. - Esas Sözleşme Tadili,Esas Sözleşme Tadili Esas Sözleşmenin 6. maddesinin tadili hakkında,https://www.kap.org.tr/tr/Bildirim/1450698,tr,2025-06-20T18:38:08+00:00
2025-06-20,SODSN,KAP,SODAŞ SODYUM SANAYİİ A.Ş. - Sermaye Artırımı - Azaltımı İşlemlerine İlişkin Bildirim,Sermaye Artırımı - Azaltımı İşlemlerine İlişkin Bildirim Bedelsiz Sermaye Artırımına İlişkin Yönetim Kurulu Kararı,https://www.kap.org.tr/tr/Bildirim/1450697,tr,2025-06-20T18:37:54+00:00
2025-06-20,TAC,KAP,TACİRLER YATIRIM MENKUL DEĞERLER A.Ş. - Pay Dışında Sermaye Piyasası Aracı İşlemlerine İlişkin Bildirim (Faiz İçeren),Pay Dışında Sermaye Piyasası Aracı İşlemlerine İlişkin Bildirim (Faiz İçeren) TRFTCMD62514 ISIN Kodlu Bono İtfası,https://www.kap.org.tr/tr/Bildirim/1450402,tr,2025-06-20T09:20:29+00:00
2025-06-20,TCRYT,KAP,TACİRLER YATIRIM MENKUL DEĞERLER A.Ş. - Pay Dışında Sermaye Piyasası Aracı İşlemlerine İlişkin Bildirim (Faiz İçeren),Pay Dışında Sermaye Piyasası Aracı İşlemlerine İlişkin Bildirim (Faiz İçeren) TRFTCMD62514 ISIN Kodlu Bono İtfası,https://www.kap.org.tr/tr/Bildirim/1450402,tr,2025-06-20T09:20:29+00:00
2025-06-20,THL,KAP,TÜRKİYE HALK BANKASI A.Ş. - Pay Dışında Sermaye Piyasası Aracı İşlemlerine İlişkin Bildirim (Faiz İçeren),Pay Dışında Sermaye Piyasası Aracı İşlemlerine İlişkin Bildirim (Faiz İçeren) Yurtdışı Piyasalara İlave Ana Sermayeye Dahil Edilebilir Tahvil İhracına İlişkin SPK Başvurusu,https://www.kap.org.tr/tr/Bildirim/1450685,tr,2025-06-20T18:22:34+00:00
2025-06-20,THL,KAP,TÜRKİYE HALK BANKASI A.Ş. - Özel Durum Açıklaması (Genel),Özel Durum Açıklaması (Genel) Yurtdışı Piyasalara İlave Ana Sermayeye Dahil Edilebilir Tahvil İhracının Fiyatlanması,https://www.kap.org.tr/tr/Bildirim/1450683,tr,2025-06-20T18:21:44+00:00
2025-06-20,THL,KAP,TÜRKİYE HALK BANKASI A.Ş. - Özel Durum Açıklaması (Genel),Özel Durum Açıklaması (Genel) Yurtdışı Piyasalara İlave Ana Sermayeye Dahil Edilebilir Tahvil İhracına İlişkin Bankaların Yetkilendirilmesi,https://www.kap.org.tr/tr/Bildirim/1450442,tr,2025-06-20T11:30:42+00:00
2025-06-20,THR,KAP,TÜRKİYE İHRACAT KREDİ BANKASI A.Ş. - Pay Dışında Sermaye Piyasası Aracı İşlemlerine İlişkin Bildirim (Faiz İçeren),Pay Dışında Sermaye Piyasası Aracı İşlemlerine İlişkin Bildirim (Faiz İçeren) XS2966422581 ISIN Kodlu Finansman Bonosu İtfası Hk,https://www.kap.org.tr/tr/Bildirim/1450615,tr,2025-06-20T16:41:27+00:00
2025-06-20,THR,KAP,TÜRKİYE İHRACAT KREDİ BANKASI A.Ş. - Pay Dışında Sermaye Piyasası Aracı İşlemlerine İlişkin Bildirim (Faiz İçeren),Pay Dışında Sermaye Piyasası Aracı İşlemlerine İlişkin Bildirim (Faiz İçeren) XS2965717502 ISIN Kodlu Tahvil Kupon Ödemesi Hk,https://www.kap.org.tr/tr/Bildirim/1450612,tr,2025-06-20T16:37:45+00:00
2025-06-20,THYAO,KAP,TÜRK HAVA YOLLARI A.O. - Özel Durum Açıklaması (Genel),Özel Durum Açıklaması (Genel) Potansiyel Air Europa Yatırımı Değerlendirmesi,https://www.kap.org.tr/tr/Bildirim/1450725,tr,2025-06-20T21:57:31+00:00
2025-06-20,TIB,KAP,TÜRKİYE İŞ BANKASI A.Ş. - Pay Alım Satım Bildirimi,Pay Alım Satım Bildirimi İş Gayrimenkul Yatırım Ortaklığı A.Ş. Pay Alım İşlemleri Hakkında ISGYO,https://www.kap.org.tr/tr/Bildirim/1450667,tr,2025-06-20T18:11:21+00:00
2025-06-20,TIB,KAP,TÜRKİYE İŞ BANKASI A.Ş. - Pay Alım Satım Bildirimi,Pay Alım Satım Bildirimi Türkiye Şişe ve Cam Fabrikaları A.Ş. Pay Alım İşlemleri Hakkında SISE,https://www.kap.org.tr/tr/Bildirim/1450665,tr,2025-06-20T18:10:50+00:00
2025-06-20,TIB,KAP,TÜRKİYE İŞ BANKASI A.Ş. - Pay Dışında Sermaye Piyasası Aracı İşlemlerine İlişkin Bildirim (Faiz İçeren),Pay Dışında Sermaye Piyasası Aracı İşlemlerine İlişkin Bildirim (Faiz İçeren) Yurtdışı Piyasalara Sürdürülebilir Tahvil İhracı,https://www.kap.org.tr/tr/Bildirim/1450618,tr,2025-06-20T16:45:34+00:00
2025-06-20,TIB,KAP,TÜRKİYE İŞ BANKASI A.Ş. - Pay Dışında Sermaye Piyasası Aracı İşlemlerine İlişkin Bildirim (Faiz İçeren),Pay Dışında Sermaye Piyasası Aracı İşlemlerine İlişkin Bildirim (Faiz İçeren) Yeşil Özel Sektör Tahvili Kupon Ödemesi,https://www.kap.org.tr/tr/Bildirim/1450421,tr,2025-06-20T10:24:34+00:00
2025-06-20,TKFEN,KAP,TEKFEN HOLDİNG A.Ş. - Pay Dışında Sermaye Piyasası Aracı İşlemlerine İlişkin Bildirim (Faiz İçeren),Pay Dışında Sermaye Piyasası Aracı İşlemlerine İlişkin Bildirim (Faiz İçeren) Finansman Bonosu İtfa,https://www.kap.org.tr/tr/Bildirim/1450635,tr,2025-06-20T17:08:43+00:00
2025-06-20,TUCLK,KAP,TUĞÇELİK ALÜMİNYUM VE METAL MAMÜLLERİ SANAYİ VE TİCARET A.Ş. - Sermaye Artırımı - Azaltımı İşlemlerine İlişkin Bildirim,Sermaye Artırımı - Azaltımı İşlemlerine İlişkin Bildirim Bedelli Sermaye Arttırımına İlişkin Yönetim Kurulu Kararı,https://www.kap.org.tr/tr/Bildirim/1450671,tr,2025-06-20T18:13:30+00:00
2025-06-20,TV8TV,KAP,TV8 TV YAYINCILIK A.Ş. - Pay Dışında Sermaye Piyasası Aracı İşlemlerine İlişkin Bildirim (Faiz İçeren),Pay Dışında Sermaye Piyasası Aracı İşlemlerine İlişkin Bildirim (Faiz İçeren) Finansman Bonosu İhracının Tamamlanması,https://www.kap.org.tr/tr/Bildirim/1450436,tr,2025-06-20T10:56:06+00:00
2025-06-20,TV8TV,KAP,TV8 TV YAYINCILIK A.Ş. - Pay Dışında Sermaye Piyasası Aracı İşlemlerine İlişkin Bildirim (Faiz İçeren),Pay Dışında Sermaye Piyasası Aracı İşlemlerine İlişkin Bildirim (Faiz İçeren) Finansman Bonosu İhracının Tamamlanması,https://www.kap.org.tr/tr/Bildirim/1450435,tr,2025-06-20T10:55:46+00:00
2025-06-20,TV8TV,KAP,TV8 TV YAYINCILIK A.Ş. - Pay Dışında Sermaye Piyasası Aracı İşlemlerine İlişkin Bildirim (Faiz İçeren),Pay Dışında Sermaye Piyasası Aracı İşlemlerine İlişkin Bildirim (Faiz İçeren) Finansman Bonosu İtfası,https://www.kap.org.tr/tr/Bildirim/1450431,tr,2025-06-20T10:48:58+00:00
2025-06-20,TVB,KAP,TÜRKİYE VAKIFLAR BANKASI T.A.O. - Pay Dışında Sermaye Piyasası Aracı İşlemlerine İlişkin Bildirim (Faiz İçeren),Pay Dışında Sermaye Piyasası Aracı İşlemlerine İlişkin Bildirim (Faiz İçeren) Yurt İçinde Nitelikli Yatırımcılara İhraç Edilen Sermaye Benzeri Tahvilin 23. Kupon Ödemesi,https://www.kap.org.tr/tr/Bildirim/1450493,tr,2025-06-20T14:16:50+00:00
2025-06-20,USAK,KAP,UŞAK SERAMİK SANAYİ A.Ş. - İhraç Belgesi,İhraç Belgesi Yurt İçinde Borçlanma Aracı İhracına İlişkin SPK Onayı,https://www.kap.org.tr/tr/Bildirim/1450690,tr,2025-06-20T18:29:16+00:00
2025-06-20,USAK,KAP,UŞAK SERAMİK SANAYİ A.Ş. - İhraç Tavanına İlişkin Bildirim,İhraç Tavanına İlişkin Bildirim Yurt İçinde Borçlanma Aracı İhracına İlişkin SPK Onayı,https://www.kap.org.tr/tr/Bildirim/1450689,tr,2025-06-20T18:28:33+00:00
2025-06-20,VAKBN,KAP,TÜRKİYE VAKIFLAR BANKASI T.A.O. - Pay Dışında Sermaye Piyasası Aracı İşlemlerine İlişkin Bildirim (Faiz İçeren),Pay Dışında Sermaye Piyasası Aracı İşlemlerine İlişkin Bildirim (Faiz İçeren) Yurt İçinde Nitelikli Yatırımcılara İhraç Edilen Sermaye Benzeri Tahvilin 23. Kupon Ödemesi,https://www.kap.org.tr/tr/Bildirim/1450493,tr,2025-06-20T14:16:50+00:00
2025-06-20,VKFYO,KAP,VAKIF MENKUL KIYMET YATIRIM ORTAKLIĞI A.Ş. - Özel Durum Açıklaması (Genel),"Özel Durum Açıklaması (Genel) Şirketimizin BİAŞ'da oluşan ağırlıklı ortalama fiyatın, pay başına net aktif değerin 2 katını aşması sebebiyle yapılan açıklamadır.",https://www.kap.org.tr/tr/Bildirim/1450449,tr,2025-06-20T12:09:15+00:00
2025-06-20,VSNMD,KAP,VİŞNE MADENCİLİK ÜRETİM SANAYİ VE TİCARET A.Ş. - Olağan Dışı Fiyat ve Miktar Hareketleri,Olağan Dışı Fiyat ve Miktar Hareketleri Olağan Dışı Fiyat ve Mikar Hareketleri Hk.,https://www.kap.org.tr/tr/Bildirim/1450583,tr,2025-06-20T15:55:20+00:00
2025-06-20,VSNMD,KAP,VİŞNE MADENCİLİK ÜRETİM SANAYİ VE TİCARET A.Ş. - Özel Durum Açıklaması (Genel),Özel Durum Açıklaması (Genel) İşletme ruhsatı ve izin süresi uzatımı,https://www.kap.org.tr/tr/Bildirim/1450497,tr,2025-06-20T14:35:04+00:00
2025-06-20,ZKBVK,KAP,ZİRAAT KATILIM VARLIK KİRALAMA A.Ş. - Genel Kurul Bildirimi,Genel Kurul Bildirimi 2021 Yılı Olağan Genel Kurul Toplantı Sonucu hk.,https://www.kap.org.tr/tr/Bildirim/1450570,tr,2025-06-20T15:45:30+00:00
2025-06-20,ZKBVK,KAP,ZİRAAT KATILIM VARLIK KİRALAMA A.Ş. - Genel Kurul Bildirimi,Genel Kurul Bildirimi 2020 Yılı Olağan Genel Kurul Toplantı Sonucu hk.,https://www.kap.org.tr/tr/Bildirim/1450569,tr,2025-06-20T15:45:19+00:00
2025-06-20,ZKBVK,KAP,ZİRAAT KATILIM VARLIK KİRALAMA A.Ş. - Genel Kurul Bildirimi,Genel Kurul Bildirimi 2017 Yılı Olağan Genel Kurul Toplantı Sonucu hk,https://www.kap.org.tr/tr/Bildirim/1450568,tr,2025-06-20T15:44:48+00:00
2025-06-20,ZKBVR,KAP,ZKB VARLIK KİRALAMA A.Ş. - Genel Kurul Bildirimi,Genel Kurul Bildirimi 2021 Yılı Olağan Genel Kurul Toplantı Sonucu hk.,https://www.kap.org.tr/tr/Bildirim/1450596,tr,2025-06-20T16:07:09+00:00
2025-06-20,ZKBVR,KAP,ZKB VARLIK KİRALAMA A.Ş. - Genel Kurul Bildirimi,Genel Kurul Bildirimi 2020 Yılı Olağan Genel Kurul Toplantı Sonucu hk.,https://www.kap.org.tr/tr/Bildirim/1450595,tr,2025-06-20T16:06:35+00:00
2025-06-20,ZKBVR,KAP,ZKB VARLIK KİRALAMA A.Ş. - Genel Kurul Bildirimi,Genel Kurul Bildirimi 2019 Yılı Olağan Genel Kurul Toplantı Sonucu hk.,https://www.kap.org.tr/tr/Bildirim/1450594,tr,2025-06-20T16:06:09+00:00
2025-06-21,ERCB,KAP,ERCİYAS ÇELİK BORU SANAYİ A.Ş. - İhraç Belgesi,İhraç Belgesi Borçlanma Aracı İhracına İlişkin SPK Onayı,https://www.kap.org.tr/tr/Bildirim/1450728,tr,2025-06-21T09:20:32+00:00
2025-06-21,ERCB,KAP,ERCİYAS ÇELİK BORU SANAYİ A.Ş. - İhraç Tavanına İlişkin Bildirim,İhraç Tavanına İlişkin Bildirim Borçlanma Araçları İhracına İlişkin SPK Onayı,https://www.kap.org.tr/tr/Bildirim/1450727,tr,2025-06-21T09:14:42+00:00
2025-06-21,MEPET,KAP,MEPET METRO PETROL VE TESİSLERİ SANAYİ TİCARET A.Ş. - Bağımsız Denetim Kuruluşunun Belirlenmesi,Bağımsız Denetim Kuruluşunun Belirlenmesi Bağımsız Denetim Kuruluşu Belirlenmesi Hakkında,https://www.kap.org.tr/tr/Bildirim/1450730,tr,2025-06-21T13:08:36+00:00
2025-06-21,MEPET,KAP,MEPET METRO PETROL VE TESİSLERİ SANAYİ TİCARET A.Ş. - Genel Kurul İşlemlerine İlişkin Bildirim,Genel Kurul İşlemlerine İlişkin Bildirim Olağan Genel Kurul Toplantısının Tescili Hakkında,https://www.kap.org.tr/tr/Bildirim/1450729,tr,2025-06-21T13:03:49+00:00
2025-06-21,TSPOR,KAP,TRABZONSPOR SPORTİF YATIRIM VE FUTBOL İŞLETMECİLİĞİ TİCARET A.Ş. - Sözleşme İmzalanması,Sözleşme İmzalanması Wagner Fabricio Cardoso De Pina İle Sözleşme İmzalanması Hakkında.,https://www.kap.org.tr/tr/Bildirim/1450732,tr,2025-06-21T21:00:56+00:00
2025-06-21,TSPOR,KAP,TRABZONSPOR SPORTİF YATIRIM VE FUTBOL İŞLETMECİLİĞİ TİCARET A.Ş. - Transfer Görüşmelerinin Sonuçlanması veya Sona Ermesi,Transfer Görüşmelerinin Sonuçlanması veya Sona Ermesi Wagner Fabricio Cardoso De Pina Transferi Hakkında.,https://www.kap.org.tr/tr/Bildirim/1450731,tr,2025-06-21T21:00:05+00:00
2025-06-22,OTTO,KAP,OTTO HOLDİNG A.Ş. - Özel Durum Açıklaması (Genel),Özel Durum Açıklaması (Genel) Pazar Değişikliği Hk.,https://www.kap.org.tr/tr/Bildirim/1450734,tr,2025-06-22T12:54:15+00:00
2025-06-23,A1CAP,KAP,A1 CAPİTAL YATIRIM MENKUL DEĞERLER A.Ş. - Şirket Genel Bilgi Formu,Şirket Genel Bilgi Formu,https://www.kap.org.tr/tr/Bildirim/1451061,tr,2025-06-23T18:10:22+00:00
2025-06-23,ACP,KAP,A1 CAPİTAL YATIRIM MENKUL DEĞERLER A.Ş. - Şirket Genel Bilgi Formu,Şirket Genel Bilgi Formu,https://www.kap.org.tr/tr/Bildirim/1451061,tr,2025-06-23T18:10:22+00:00
2025-06-23,ADESE,KAP,ADESE GAYRİMENKUL YATIRIM A.Ş. - Olağan Dışı Fiyat ve Miktar Hareketleri,Olağan Dışı Fiyat ve Miktar Hareketleri Olağan Dışı Fiyat ve Miktar Hareketi hk.,https://www.kap.org.tr/tr/Bildirim/1450761,tr,2025-06-23T09:16:56+00:00
2025-06-23,ADGYO,KAP,ADRA GAYRİMENKUL YATIRIM ORTAKLIĞI A.Ş. - Payların Geri Alınmasına İlişkin Bildirim,Payların Geri Alınmasına İlişkin Bildirim Payların Geri Alınmasına İlişkin Bildirim,https://www.kap.org.tr/tr/Bildirim/1451093,tr,2025-06-23T18:15:38+00:00
2025-06-23,ADGYO,KAP,ADRA GAYRİMENKUL YATIRIM ORTAKLIĞI A.Ş. - Şirket Genel Bilgi Formu,Şirket Genel Bilgi Formu,https://www.kap.org.tr/tr/Bildirim/1451092,tr,2025-06-23T18:15:08+00:00
2025-06-23,AEFES,KAP,ANADOLU EFES BİRACILIK VE MALT SANAYİİ A.Ş. - Şirket Genel Bilgi Formu,Şirket Genel Bilgi Formu,https://www.kap.org.tr/tr/Bildirim/1450909,tr,2025-06-23T13:36:58+00:00
2025-06-23,AEFES,KAP,ANADOLU EFES BİRACILIK VE MALT SANAYİİ A.Ş. - Özel Durum Açıklaması (Genel),Özel Durum Açıklaması (Genel) 23 Haziran Yatırımcı Günü Sunumu hk.,https://www.kap.org.tr/tr/Bildirim/1450905,tr,2025-06-23T13:29:45+00:00
2025-06-23,AEFES,KAP,ANADOLU EFES BİRACILIK VE MALT SANAYİİ A.Ş. - Pay Dışında Sermaye Piyasası Aracı İşlemlerine İlişkin Bildirim (Faiz İçeren),Pay Dışında Sermaye Piyasası Aracı İşlemlerine İlişkin Bildirim (Faiz İçeren) Yurt İçinde Borçlanma Aracı İhracı Hk.,https://www.kap.org.tr/tr/Bildirim/1450771,tr,2025-06-23T09:40:43+00:00
2025-06-23,AGHOL,KAP,AG ANADOLU GRUBU HOLDİNG A.Ş. - Özel Durum Açıklaması (Genel),Özel Durum Açıklaması (Genel) Yatırımcı Günü Sunumları,https://www.kap.org.tr/tr/Bildirim/1450925,tr,2025-06-23T14:38:20+00:00
2025-06-23,AHGAZ,KAP,AHLATCI DOĞAL GAZ DAĞITIM ENERJİ VE YATIRIM A.Ş. - Payların Geri Alınmasına İlişkin Bildirim,Payların Geri Alınmasına İlişkin Bildirim 23.06.2025 Tarihli Pay Geri Alım İşlemleri,https://www.kap.org.tr/tr/Bildirim/1451110,tr,2025-06-23T18:30:19+00:00
2025-06-23,AHGAZ,KAP,AHLATCI DOĞAL GAZ DAĞITIM ENERJİ VE YATIRIM A.Ş. - Özel Durum Açıklaması (Genel),Özel Durum Açıklaması (Genel) Dolaylı Bağlı Ortaklığımız Ahlatcı Altın İşletmeleri A.Ş. Hk.,https://www.kap.org.tr/tr/Bildirim/1450999,tr,2025-06-23T16:39:10+00:00
2025-06-23,AKBNK,KAP,AKBANK T.A.Ş. - Pay Dışında Sermaye Piyasası Aracı İşlemlerine İlişkin Bildirim (Faiz İçeren),Pay Dışında Sermaye Piyasası Aracı İşlemlerine İlişkin Bildirim (Faiz İçeren) XS2842985272 ISIN Kodlu Tahvilin İtfası,https://www.kap.org.tr/tr/Bildirim/1451125,tr,2025-06-23T18:44:32+00:00
2025-06-23,AKFIS,KAP,AKFEN İNŞAAT TURİZM VE TİCARET A.Ş. - Genel Kurul İşlemlerine İlişkin Bildirim,Genel Kurul İşlemlerine İlişkin Bildirim 2024 Yılı Olağan Genel Kurul Toplantısı Tescil İşlemi Hk.,https://www.kap.org.tr/tr/Bildirim/1451090,tr,2025-06-23T18:14:10+00:00
2025-06-23,AKFIS,KAP,AKFEN İNŞAAT TURİZM VE TİCARET A.Ş. - Finansal Duran Varlık Edinimi,"Finansal Duran Varlık Edinimi Fountains at Westside, LLC (Florida/ ABD) Unvanlı Şirketin Paylarının %20'sinin Satın Alınması Hk.",https://www.kap.org.tr/tr/Bildirim/1451041,tr,2025-06-23T17:39:04+00:00
2025-06-23,AKFYE,KAP,AKFEN YENİLENEBİLİR ENERJİ A.Ş. - Payların Geri Alınmasına İlişkin Bildirim,Payların Geri Alınmasına İlişkin Bildirim 23.06.2025 Tarihli Pay Geri Alım İşlemleri Hk.,https://www.kap.org.tr/tr/Bildirim/1451122,tr,2025-06-23T18:37:57+00:00
2025-06-23,AKM,KAP,AK YATIRIM MENKUL DEĞERLER A.Ş. - Şirket Genel Bilgi Formu,Şirket Genel Bilgi Formu,https://www.kap.org.tr/tr/Bildirim/1451074,tr,2025-06-23T18:11:48+00:00
2025-06-23,AKM,KAP,AK YATIRIM MENKUL DEĞERLER A.Ş. - Pay Dışında Sermaye Piyasası Aracı İşlemlerine İlişkin Bildirim (Faiz İçeren),Pay Dışında Sermaye Piyasası Aracı İşlemlerine İlişkin Bildirim (Faiz İçeren) Nitelikli Yatırımcıya Borçlanma Aracı İhracı,https://www.kap.org.tr/tr/Bildirim/1450839,tr,2025-06-23T10:50:50+00:00
2025-06-23,AKM,KAP,AK YATIRIM MENKUL DEĞERLER A.Ş. - Yatırım Kuruluşu Varant - Sertifika - Senetlerine İlişkin Bildirim,Yatırım Kuruluşu Varant - Sertifika - Senetlerine İlişkin Bildirim Varant ve Sertifika PY Alım Satım Bildirimi,https://www.kap.org.tr/tr/Bildirim/1450838,tr,2025-06-23T10:50:40+00:00
2025-06-23,AKM,KAP,AK YATIRIM MENKUL DEĞERLER A.Ş. - Likidite Sağlayıcılık Kapsamındaki İşlemler,Likidite Sağlayıcılık Kapsamındaki İşlemler AGESA Paylarında Likidite Sağlayıcılığı Kapsamında Gerçekleştirilen İşlemler 09.06.2025 - 20.06.2025 AGESA,https://www.kap.org.tr/tr/Bildirim/1450836,tr,2025-06-23T10:50:19+00:00
2025-06-23,AKMEN,KAP,AK YATIRIM MENKUL DEĞERLER A.Ş. - Şirket Genel Bilgi Formu,Şirket Genel Bilgi Formu,https://www.kap.org.tr/tr/Bildirim/1451074,tr,2025-06-23T18:11:48+00:00
2025-06-23,AKMEN,KAP,AK YATIRIM MENKUL DEĞERLER A.Ş. - Pay Dışında Sermaye Piyasası Aracı İşlemlerine İlişkin Bildirim (Faiz İçeren),Pay Dışında Sermaye Piyasası Aracı İşlemlerine İlişkin Bildirim (Faiz İçeren) Nitelikli Yatırımcıya Borçlanma Aracı İhracı,https://www.kap.org.tr/tr/Bildirim/1450839,tr,2025-06-23T10:50:50+00:00
2025-06-23,AKMEN,KAP,AK YATIRIM MENKUL DEĞERLER A.Ş. - Yatırım Kuruluşu Varant - Sertifika - Senetlerine İlişkin Bildirim,Yatırım Kuruluşu Varant - Sertifika - Senetlerine İlişkin Bildirim Varant ve Sertifika PY Alım Satım Bildirimi,https://www.kap.org.tr/tr/Bildirim/1450838,tr,2025-06-23T10:50:40+00:00
2025-06-23,AKMEN,KAP,AK YATIRIM MENKUL DEĞERLER A.Ş. - Likidite Sağlayıcılık Kapsamındaki İşlemler,Likidite Sağlayıcılık Kapsamındaki İşlemler AGESA Paylarında Likidite Sağlayıcılığı Kapsamında Gerçekleştirilen İşlemler 09.06.2025 - 20.06.2025 AGESA,https://www.kap.org.tr/tr/Bildirim/1450836,tr,2025-06-23T10:50:19+00:00
2025-06-23,ARSVY,KAP,ARSAN VARLIK YÖNETİM A.Ş. - İhraç Tavanına İlişkin Bildirim,İhraç Tavanına İlişkin Bildirim Borçlanma Aracı İhraç Tavanı SPK Onayı,https://www.kap.org.tr/tr/Bildirim/1451055,tr,2025-06-23T18:00:05+00:00
2025-06-23,ARZUM,KAP,ARZUM ELEKTRİKLİ EV ALETLERİ SANAYİ VE TİCARET A.Ş. - Kar Payı Dağıtım İşlemlerine İlişkin Bildirim,Kar Payı Dağıtım İşlemlerine İlişkin Bildirim 2024 Faaliyet Yılı Kar Dağıtımı Genel Kurul Kararı,https://www.kap.org.tr/tr/Bildirim/1450997,tr,2025-06-23T16:37:31+00:00
2025-06-23,ARZUM,KAP,ARZUM ELEKTRİKLİ EV ALETLERİ SANAYİ VE TİCARET A.Ş. - Bağımsız Denetim Kuruluşunun Belirlenmesi,Bağımsız Denetim Kuruluşunun Belirlenmesi Bağımsız Denetim Kuruluşunun Belirlenmesi,https://www.kap.org.tr/tr/Bildirim/1450973,tr,2025-06-23T15:54:14+00:00
2025-06-23,ARZUM,KAP,ARZUM ELEKTRİKLİ EV ALETLERİ SANAYİ VE TİCARET A.Ş. - Genel Kurul İşlemlerine İlişkin Bildirim,Genel Kurul İşlemlerine İlişkin Bildirim 2024 Yılı Yılı Olağan Genel Kurul Toplantı Sonucu Hakkında,https://www.kap.org.tr/tr/Bildirim/1450946,tr,2025-06-23T15:34:37+00:00
2025-06-23,ATATP,KAP,ATP YAZILIM VE TEKNOLOJİ A.Ş. - Şirket Genel Bilgi Formu,Şirket Genel Bilgi Formu,https://www.kap.org.tr/tr/Bildirim/1451095,tr,2025-06-23T18:17:01+00:00
2025-06-23,ATATP,KAP,ATP YAZILIM VE TEKNOLOJİ A.Ş. - Özel Durum Açıklaması (Genel),Özel Durum Açıklaması (Genel) Üst Düzey Yönetici Ataması Hk.,https://www.kap.org.tr/tr/Bildirim/1451059,tr,2025-06-23T18:06:31+00:00
2025-06-23,ATAVK,KAP,ATA VARLIK KİRALAMA A.Ş. - İhraç Belgesi,İhraç Belgesi İhraç Belgesi Spk Onayı FSDAT,https://www.kap.org.tr/tr/Bildirim/1451054,tr,2025-06-23T17:58:39+00:00
2025-06-23,ATLAS,KAP,ATLAS MENKUL KIYMETLER YATIRIM ORTAKLIĞI A.Ş. - Haftalık Rapor,Haftalık Rapor Haftalık Rapor,https://www.kap.org.tr/tr/Bildirim/1450891,tr,2025-06-23T13:06:02+00:00
2025-06-23,AYDEM,KAP,AYDEM YENİLENEBİLİR ENERJİ A.Ş. - Kayıtlı Sermaye Tavanı İşlemlerine İlişkin Bildirim,Kayıtlı Sermaye Tavanı İşlemlerine İlişkin Bildirim Kayıtlı Sermaye Tavanının Geçerlilik Tarihi Güncellemesi,https://www.kap.org.tr/tr/Bildirim/1451075,tr,2025-06-23T18:12:00+00:00
2025-06-23,BASGZ,KAP,BAŞKENT DOĞALGAZ DAĞITIM GAYRİMENKUL YATIRIM ORTAKLIĞI A.Ş. - Bağımsız Denetim Kuruluşunun Belirlenmesi,Bağımsız Denetim Kuruluşunun Belirlenmesi Bağımsız Denetim Kuruluşunun Tescili Hakkında,https://www.kap.org.tr/tr/Bildirim/1450885,tr,2025-06-23T12:55:38+00:00
2025-06-23,BASGZ,KAP,BAŞKENT DOĞALGAZ DAĞITIM GAYRİMENKUL YATIRIM ORTAKLIĞI A.Ş. - Genel Kurul İşlemlerine İlişkin Bildirim,Genel Kurul İşlemlerine İlişkin Bildirim 2024 Yılı Olağan Genel Kurul Toplantısının Tescili,https://www.kap.org.tr/tr/Bildirim/1450884,tr,2025-06-23T12:55:01+00:00
2025-06-23,BAYRK,KAP,BAYRAK EBT TABAN SANAYİ VE TİCARET A.Ş. - Sermaye Artırımından Elde Edilecek - Edilen Fonun Kullanımına İlişkin Rapor,Sermaye Artırımından Elde Edilecek - Edilen Fonun Kullanımına İlişkin Rapor Tahsisli sermaye artışından elde edilecek fonun kullanımına ilişkin rapor.,https://www.kap.org.tr/tr/Bildirim/1451158,tr,2025-06-23T22:57:22+00:00
2025-06-23,BERA,KAP,BERA HOLDİNG A.Ş. - Genel Kurul İşlemlerine İlişkin Bildirim,Genel Kurul İşlemlerine İlişkin Bildirim 2024 Yılı Olağan Genel Kurul 2.Toplantısının Tescili Hakkında,https://www.kap.org.tr/tr/Bildirim/1450879,tr,2025-06-23T12:17:52+00:00
2025-06-23,BERA,KAP,BERA HOLDİNG A.Ş. - Bağımsız Denetim Kuruluşunun Belirlenmesi,Bağımsız Denetim Kuruluşunun Belirlenmesi 01.01.2025 - 31.12.2025 Hesap Dönemi Bağımsız Denetim Kuruluşu Seçiminin Tescili,https://www.kap.org.tr/tr/Bildirim/1450876,tr,2025-06-23T12:12:20+00:00
2025-06-23,BERA,KAP,BERA HOLDİNG A.Ş. - Kayıtlı Sermaye Tavanı İşlemlerine İlişkin Bildirim,Kayıtlı Sermaye Tavanı İşlemlerine İlişkin Bildirim Kayıtlı Sermaye Tavan Artırımı ve Geçerlilik Süresine İlişkin Genel Kurul Kararının Tescili Hakkında,https://www.kap.org.tr/tr/Bildirim/1450875,tr,2025-06-23T12:12:10+00:00
2025-06-23,BOBET,KAP,BOĞAZİÇİ BETON SANAYİ VE TİCARET A.Ş. - Payların Geri Alınmasına İlişkin Bildirim,"Payların Geri Alınmasına İlişkin Bildirim 23.06.2025 Tarihli Pay Geri Alım İşlemleri Hakkında,",https://www.kap.org.tr/tr/Bildirim/1451076,tr,2025-06-23T18:12:20+00:00
2025-06-23,BORLS,KAP,BORLEASE OTOMOTİV A.Ş. - Payların Geri Alınmasına İlişkin Bildirim,Payların Geri Alınmasına İlişkin Bildirim 23.06.2025 Tarihli Pay Geri Alım Bildirimi,https://www.kap.org.tr/tr/Bildirim/1451105,tr,2025-06-23T18:26:06+00:00
2025-06-23,BORLS,KAP,BORLEASE OTOMOTİV A.Ş. - Genel Kurul İşlemlerine İlişkin Bildirim,Genel Kurul İşlemlerine İlişkin Bildirim 2024 Yılı Olağan Genel Kurul Toplantısının Tescili,https://www.kap.org.tr/tr/Bildirim/1450908,tr,2025-06-23T13:35:27+00:00
2025-06-23,BOSSA,KAP,BOSSA TİCARET VE SANAYİ İŞLETMELERİ T.A.Ş. - Payların Geri Alınmasına İlişkin Bildirim,Payların Geri Alınmasına İlişkin Bildirim Bossa Paylarının Geri Alımı.,https://www.kap.org.tr/tr/Bildirim/1450881,tr,2025-06-23T12:27:21+00:00
2025-06-23,BSOKE,KAP,BATISÖKE SÖKE ÇİMENTO SANAYİİ T.A.Ş. - Özel Durum Açıklaması (Genel),Özel Durum Açıklaması (Genel) Yönetim Kurulu Üyesi Atanması Hk.,https://www.kap.org.tr/tr/Bildirim/1450921,tr,2025-06-23T14:30:13+00:00
2025-06-23,BSOKE,KAP,BATISÖKE SÖKE ÇİMENTO SANAYİİ T.A.Ş. - Şirket Genel Bilgi Formu,Şirket Genel Bilgi Formu,https://www.kap.org.tr/tr/Bildirim/1450920,tr,2025-06-23T14:29:53+00:00
2025-06-23,CAGFA,KAP,ÇAĞDAŞ FAKTORİNG A.Ş. - Şirket Genel Bilgi Formu,Şirket Genel Bilgi Formu,https://www.kap.org.tr/tr/Bildirim/1450991,tr,2025-06-23T16:28:02+00:00
2025-06-23,CAGFA,KAP,ÇAĞDAŞ FAKTORİNG A.Ş. - Pay Dışında Sermaye Piyasası Aracı İşlemlerine İlişkin Bildirim (Faiz İçeren),Pay Dışında Sermaye Piyasası Aracı İşlemlerine İlişkin Bildirim (Faiz İçeren) 23.06.2025 Vadeli Bono İtfası,https://www.kap.org.tr/tr/Bildirim/1450894,tr,2025-06-23T13:25:30+00:00
2025-06-23,CCOLA,KAP,COCA-COLA İÇECEK A.Ş. - Özel Durum Açıklaması (Genel),Özel Durum Açıklaması (Genel) 23 Haziran 2025 Yatırımcı Günü Sunumu,https://www.kap.org.tr/tr/Bildirim/1450907,tr,2025-06-23T13:35:24+00:00
2025-06-23,CRFSA,KAP,CARREFOURSA CARREFOUR SABANCI TİCARET MERKEZİ A.Ş. - Özel Durum Açıklaması (Genel),Özel Durum Açıklaması (Genel) GES Sözleşmesi İmzalanması Hk GESAN,https://www.kap.org.tr/tr/Bildirim/1451132,tr,2025-06-23T19:00:04+00:00
2025-06-23,DAPGM,KAP,DAP GAYRİMENKUL GELİŞTİRME A.Ş. - Payların Geri Alınmasına İlişkin Bildirim,Payların Geri Alınmasına İlişkin Bildirim Pay Geri Alım İşlemleri,https://www.kap.org.tr/tr/Bildirim/1451097,tr,2025-06-23T18:17:54+00:00
2025-06-23,DGRVK,KAP,DEĞER VARLIK KİRALAMA A.Ş. - İhraç Tavanına İlişkin Bildirim,İhraç Tavanına İlişkin Bildirim Kira Sertifikası İhracına İlişkin Yönetim Kurulu Kararı Alınması,https://www.kap.org.tr/tr/Bildirim/1451040,tr,2025-06-23T17:38:43+00:00
2025-06-23,DITAS,KAP,DİTAŞ DOĞAN YEDEK PARÇA İMALAT VE TEKNİK A.Ş. - Olağan Dışı Fiyat ve Miktar Hareketleri,Olağan Dışı Fiyat ve Miktar Hareketleri Olağandışı Fiyat ve Miktar Hareketi Hakkında,https://www.kap.org.tr/tr/Bildirim/1450767,tr,2025-06-23T09:30:30+00:00
2025-06-23,DOHOL,KAP,DOĞAN ŞİRKETLER GRUBU HOLDİNG A.Ş. - Özel Durum Açıklaması (Genel),Özel Durum Açıklaması (Genel) Boyabat Elektrik Üretim ve Ticaret A.Ş.,https://www.kap.org.tr/tr/Bildirim/1451144,tr,2025-06-23T20:50:44+00:00
2025-06-23,DUNYH,KAP,SELÇUK GIDA ENDÜSTRİ İHRACAT İTHALAT A.Ş. - Faaliyet Raporu (Konsolide Olmayan),Faaliyet Raporu (Konsolide Olmayan) Selçuk Gıda Endüstri İhracat İthalat A.Ş.'nin 01.01.2024-31.12.2024 Dönemine ilişkin Faaliyet Raporunda Düzeltme nedeni ile Tekrar Gönderimi,https://www.kap.org.tr/tr/Bildirim/1451120,tr,2025-06-23T18:36:41+00:00
2025-06-23,DUNYH,KAP,SELÇUK GIDA ENDÜSTRİ İHRACAT İTHALAT A.Ş. - Finansal Rapor,Finansal Rapor,https://www.kap.org.tr/tr/Bildirim/1451119,tr,2025-06-23T18:36:24+00:00
2025-06-23,DUNYH,KAP,SELÇUK GIDA ENDÜSTRİ İHRACAT İTHALAT A.Ş. - Finansal Tablo ve-veya Dipnot Değişikliği,"Finansal Tablo ve-veya Dipnot Değişikliği 01.01.2024 - 31.12.2024 Dönemi Finansal Rapor Güncellemesi Hakkında,",https://www.kap.org.tr/tr/Bildirim/1450919,tr,2025-06-23T14:29:48+00:00
2025-06-23,DYOBY,KAP,DYO BOYA FABRİKALARI SANAYİ VE TİCARET A.Ş. - Pay Dışında Sermaye Piyasası Aracı İşlemlerine İlişkin Bildirim (Faiz İçeren),Pay Dışında Sermaye Piyasası Aracı İşlemlerine İlişkin Bildirim (Faiz İçeren) TRFDYBY92518 ISIN Kodlu Finansman Bonosu 3.Kupon Dönemine İlişkin Faiz Oranı Hakkında,https://www.kap.org.tr/tr/Bildirim/1451000,tr,2025-06-23T16:40:09+00:00
2025-06-23,EGEEN,KAP,EGE ENDÜSTRİ VE TİCARET A.Ş. - Bağımsız Denetim Kuruluşunun Belirlenmesi,Bağımsız Denetim Kuruluşunun Belirlenmesi Sürdürebilirlik Denetim Kuruluşunun Belirlenmesi,https://www.kap.org.tr/tr/Bildirim/1450770,tr,2025-06-23T09:39:11+00:00
2025-06-23,EKGYO,KAP,EMLAK KONUT GAYRİMENKUL YATIRIM ORTAKLIĞI A.Ş. - Özel Durum Açıklaması (Genel),Özel Durum Açıklaması (Genel) Muğla Bodrum Ortakent 1. Etap İhalesi 1. Oturum Sonucu,https://www.kap.org.tr/tr/Bildirim/1451107,tr,2025-06-23T18:29:03+00:00
2025-06-23,EKOFA,KAP,EKO FAKTORİNG A.Ş. - Pay Dışında Sermaye Piyasası Aracı İşlemlerine İlişkin Bildirim (Faiz İçeren),Pay Dışında Sermaye Piyasası Aracı İşlemlerine İlişkin Bildirim (Faiz İçeren) TRFEKOF92525ISIN KODLU BONO 1.KUPON FAİZ ORANI,https://www.kap.org.tr/tr/Bildirim/1451042,tr,2025-06-23T17:46:00+00:00
2025-06-23,EKTVK,KAP,EMLAK KATILIM VARLIK KİRALAMA A.Ş. - Pay Dışında Sermaye Piyasası Aracı İşlemlerine İlişkin Bildirim (Faizsiz),Pay Dışında Sermaye Piyasası Aracı İşlemlerine İlişkin Bildirim (Faizsiz) TRDEVKS92619 ISIN Kodlu Kira Sertifikasının 3. Dönemsel Kira Ödemesi Hk. EKT,https://www.kap.org.tr/tr/Bildirim/1450756,tr,2025-06-23T09:11:30+00:00
2025-06-23,ENERY,KAP,ENERYA ENERJİ A.Ş. - Özel Durum Açıklaması (Genel),Özel Durum Açıklaması (Genel) Ahlatcı Altın İşletmeleri A.Ş. Hk.,https://www.kap.org.tr/tr/Bildirim/1450998,tr,2025-06-23T16:38:52+00:00
2025-06-23,ENKAI,KAP,ENKA İNŞAAT VE SANAYİ A.Ş. - Özel Durum Açıklaması (Genel),Özel Durum Açıklaması (Genel) Yeni Proje,https://www.kap.org.tr/tr/Bildirim/1450748,tr,2025-06-23T09:03:46+00:00
2025-06-23,ETYAT,KAP,EURO TREND YATIRIM ORTAKLIĞI A.Ş. - Haftalık Rapor,Haftalık Rapor 20.06.2025 Tarihli Haftalık Rapor,https://www.kap.org.tr/tr/Bildirim/1450890,tr,2025-06-23T13:03:34+00:00
2025-06-23,ETYAT,KAP,EURO TREND YATIRIM ORTAKLIĞI A.Ş. - Özel Durum Açıklaması (Genel),"Özel Durum Açıklaması (Genel) BİAŞ'da oluşan ağırlıklı ortalama fiyatın,pay başına net aktif değerin 2 katını aşması",https://www.kap.org.tr/tr/Bildirim/1450889,tr,2025-06-23T13:03:23+00:00
2025-06-23,EUKYO,KAP,EURO KAPİTAL YATIRIM ORTAKLIĞI A.Ş. - Haftalık Rapor,Haftalık Rapor 20.06.2025 Tarihli Haftalık Rapor,https://www.kap.org.tr/tr/Bildirim/1450893,tr,2025-06-23T13:09:43+00:00
2025-06-23,EUKYO,KAP,EURO KAPİTAL YATIRIM ORTAKLIĞI A.Ş. - Özel Durum Açıklaması (Genel),"Özel Durum Açıklaması (Genel) BİAŞ'da oluşan ağırlıklı ortalama fiyatın,pay başına net aktif değerin 2 katını aşması",https://www.kap.org.tr/tr/Bildirim/1450892,tr,2025-06-23T13:09:30+00:00
2025-06-23,EUYO,KAP,EURO MENKUL KIYMET YATIRIM ORTAKLIĞI A.Ş. - Haftalık Rapor,Haftalık Rapor 20.06.2025 Tarihli Haftalık Rapor,https://www.kap.org.tr/tr/Bildirim/1450887,tr,2025-06-23T13:01:23+00:00
2025-06-23,EUYO,KAP,EURO MENKUL KIYMET YATIRIM ORTAKLIĞI A.Ş. - Özel Durum Açıklaması (Genel),"Özel Durum Açıklaması (Genel) BİAŞ'da oluşan ağırlıklı ortalama fiyatın,pay başına net aktif değerin 2 katını aşması",https://www.kap.org.tr/tr/Bildirim/1450886,tr,2025-06-23T13:01:08+00:00
2025-06-23,EXIMB,KAP,TÜRKİYE İHRACAT KREDİ BANKASI A.Ş. - Pay Dışında Sermaye Piyasası Aracı İşlemlerine İlişkin Bildirim (Faiz İçeren),Pay Dışında Sermaye Piyasası Aracı İşlemlerine İlişkin Bildirim (Faiz İçeren) XS2966374162 ISIN Kodlu Finansman Bonosunun İtfası Hk,https://www.kap.org.tr/tr/Bildirim/1450989,tr,2025-06-23T16:25:43+00:00
2025-06-23,EXIMB,KAP,TÜRKİYE İHRACAT KREDİ BANKASI A.Ş. - Pay Dışında Sermaye Piyasası Aracı İşlemlerine İlişkin Bildirim (Faiz İçeren),Pay Dışında Sermaye Piyasası Aracı İşlemlerine İlişkin Bildirim (Faiz İçeren) XS2967141602 ISIN Kodlu Finansman Bonosunun İtfası Hk,https://www.kap.org.tr/tr/Bildirim/1450988,tr,2025-06-23T16:25:12+00:00
2025-06-23,EXIMB,KAP,TÜRKİYE İHRACAT KREDİ BANKASI A.Ş. - Pay Dışında Sermaye Piyasası Aracı İşlemlerine İlişkin Bildirim (Faiz İçeren),Pay Dışında Sermaye Piyasası Aracı İşlemlerine İlişkin Bildirim (Faiz İçeren) XS3017370258 ISIN Kodlu Finansman Bonosunun İtfası Hk,https://www.kap.org.tr/tr/Bildirim/1450987,tr,2025-06-23T16:24:26+00:00
2025-06-23,EXIMB,KAP,TÜRKİYE İHRACAT KREDİ BANKASI A.Ş. - Pay Dışında Sermaye Piyasası Aracı İşlemlerine İlişkin Bildirim (Faiz İçeren),Pay Dışında Sermaye Piyasası Aracı İşlemlerine İlişkin Bildirim (Faiz İçeren) XS3017370175 ISIN Kodlu Finansman Bonosunun İtfası Hk,https://www.kap.org.tr/tr/Bildirim/1450986,tr,2025-06-23T16:24:08+00:00
2025-06-23,EXIMB,KAP,TÜRKİYE İHRACAT KREDİ BANKASI A.Ş. - Pay Dışında Sermaye Piyasası Aracı İşlemlerine İlişkin Bildirim (Faiz İçeren),Pay Dışında Sermaye Piyasası Aracı İşlemlerine İlişkin Bildirim (Faiz İçeren) XS3031995510 ISIN Kodlu Finansman Bonosunun İtfası Hk,https://www.kap.org.tr/tr/Bildirim/1450985,tr,2025-06-23T16:23:45+00:00
2025-06-23,EXIMB,KAP,TÜRKİYE İHRACAT KREDİ BANKASI A.Ş. - Pay Dışında Sermaye Piyasası Aracı İşlemlerine İlişkin Bildirim (Faiz İçeren),Pay Dışında Sermaye Piyasası Aracı İşlemlerine İlişkin Bildirim (Faiz İçeren) XS3031995197 ISIN Kodlu Finansman Bonosunun İtfası Hk,https://www.kap.org.tr/tr/Bildirim/1450984,tr,2025-06-23T16:23:18+00:00
2025-06-23,EXIMB,KAP,TÜRKİYE İHRACAT KREDİ BANKASI A.Ş. - Pay Dışında Sermaye Piyasası Aracı İşlemlerine İlişkin Bildirim (Faiz İçeren),Pay Dışında Sermaye Piyasası Aracı İşlemlerine İlişkin Bildirim (Faiz İçeren) GMTN programı çerçevesinde yurt dışında borçlanma aracı ihracı,https://www.kap.org.tr/tr/Bildirim/1450980,tr,2025-06-23T16:22:01+00:00
2025-06-23,EXIMB,KAP,TÜRKİYE İHRACAT KREDİ BANKASI A.Ş. - Özel Durum Açıklaması (Genel),Özel Durum Açıklaması (Genel) Yurt Dışı Tahvil İhracı,https://www.kap.org.tr/tr/Bildirim/1450873,tr,2025-06-23T12:08:41+00:00
2025-06-23,FIN,KAP,QNB BANK A.Ş. - Pay Dışında Sermaye Piyasası Aracı İşlemlerine İlişkin Bildirim (Faiz İçeren),Pay Dışında Sermaye Piyasası Aracı İşlemlerine İlişkin Bildirim (Faiz İçeren) MTN programı kapsamında yurtdışında ihraç edilen borçlanma aracının itfası,https://www.kap.org.tr/tr/Bildirim/1450916,tr,2025-06-23T13:58:08+00:00
2025-06-23,FONET,KAP,FONET BİLGİ TEKNOLOJİLERİ A.Ş. - Şirket Genel Bilgi Formu,Şirket Genel Bilgi Formu,https://www.kap.org.tr/tr/Bildirim/1451102,tr,2025-06-23T18:23:50+00:00
2025-06-23,FROTO,KAP,FORD OTOMOTİV SANAYİ A.Ş. - Kurumsal Yönetim İlkelerine Uyum Derecelendirmesi,Kurumsal Yönetim İlkelerine Uyum Derecelendirmesi Kurumsal Yönetim İlkelerine Uyum Derecelendirme Notu,https://www.kap.org.tr/tr/Bildirim/1450741,tr,2025-06-23T08:35:40+00:00
2025-06-23,GARFA,KAP,GARANTİ FAKTORİNG A.Ş. - Kayıtlı Sermaye Tavanı İşlemlerine İlişkin Bildirim,"Kayıtlı Sermaye Tavanı İşlemlerine İlişkin Bildirim 23.06.2025 tarihinde yayınlanan ""Esas Sözleşme'nin 6. Maddesi'nin Tadiline İlişkin Tescil"" konulu bildirime tescil tarihi bilgisinin eklenmesi",https://www.kap.org.tr/tr/Bildirim/1451031,tr,2025-06-23T17:19:11+00:00
2025-06-23,GARFA,KAP,GARANTİ FAKTORİNG A.Ş. - Esas Sözleşme,Esas Sözleşme Esas Sözleşme değişikliklerine ilişkin kronolojinin güncellenmesi,https://www.kap.org.tr/tr/Bildirim/1450978,tr,2025-06-23T16:12:04+00:00
2025-06-23,GARFA,KAP,GARANTİ FAKTORİNG A.Ş. - Kayıtlı Sermaye Tavanı İşlemlerine İlişkin Bildirim,Kayıtlı Sermaye Tavanı İşlemlerine İlişkin Bildirim Esas Sözleşme'nin 6. Maddesi'nin Tadiline İlişkin Tescil,https://www.kap.org.tr/tr/Bildirim/1450977,tr,2025-06-23T16:11:06+00:00
2025-06-23,GEDIK,KAP,GEDİK YATIRIM MENKUL DEĞERLER A.Ş. - Şirket Genel Bilgi Formu,Şirket Genel Bilgi Formu,https://www.kap.org.tr/tr/Bildirim/1451087,tr,2025-06-23T18:13:37+00:00
2025-06-23,GEDIK,KAP,GEDİK YATIRIM MENKUL DEĞERLER A.Ş. - Özel Durum Açıklaması (Genel),Özel Durum Açıklaması (Genel) Bağlı Ortaklığımız Ichain Yatırım Holding AŞnin Sermaye Artırımının Tescili Hk,https://www.kap.org.tr/tr/Bildirim/1451085,tr,2025-06-23T18:13:28+00:00
2025-06-23,GESAN,KAP,GİRİŞİM ELEKTRİK SANAYİ TAAHHÜT VE TİCARET A.Ş. - Yeni İş İlişkisi,Yeni İş İlişkisi Yeni İş Sözleşmesi CRFSA,https://www.kap.org.tr/tr/Bildirim/1451133,tr,2025-06-23T19:00:10+00:00
2025-06-23,GRNYO,KAP,GARANTİ YATIRIM ORTAKLIĞI A.Ş. - Özel Durum Açıklaması (Genel),"Özel Durum Açıklaması (Genel) Paylarının BİAŞ'ta oluşan ağırlıklı ortalama fiyatının, pay başına net aktif değerinin 2 katını aşması hakkında.",https://www.kap.org.tr/tr/Bildirim/1450805,tr,2025-06-23T10:14:46+00:00
2025-06-23,GRNYO,KAP,GARANTİ YATIRIM ORTAKLIĞI A.Ş. - Haftalık Rapor,Haftalık Rapor 20.06.2025 tarihli haftalık rapordur.,https://www.kap.org.tr/tr/Bildirim/1450804,tr,2025-06-23T10:14:34+00:00
2025-06-23,GRTHO,KAP,GRAINTURK HOLDİNG A.Ş. - Payların Geri Alınmasına İlişkin Bildirim,Payların Geri Alınmasına İlişkin Bildirim Pay Geri Alımı 23.06.2025,https://www.kap.org.tr/tr/Bildirim/1451101,tr,2025-06-23T18:23:41+00:00
2025-06-23,GRTHO,KAP,GRAINTURK HOLDİNG A.Ş. - Özel Durum Açıklaması (Genel),Özel Durum Açıklaması (Genel) Ral Enerji Şanlıurfa - Viranşehir GES Projelerinde Tam Kapasiteyle Üretime Başlanması Hakkında RALYH,https://www.kap.org.tr/tr/Bildirim/1451018,tr,2025-06-23T17:00:15+00:00
2025-06-23,GSRAY,KAP,GALATASARAY SPORTİF SINAİ VE TİCARİ YATIRIMLAR A.Ş. - İlişkili Taraf İşlemleri,İlişkili Taraf İşlemleri Şirketimiz ile Galatasaray Spor Kulübü arasında gerçekleşen Koltuk Devri Hakkında,https://www.kap.org.tr/tr/Bildirim/1451143,tr,2025-06-23T20:29:28+00:00
2025-06-23,HALKB,KAP,TÜRKİYE HALK BANKASI A.Ş. - Pay Dışında Sermaye Piyasası Aracı İşlemlerine İlişkin Bildirim (Faiz İçeren),Pay Dışında Sermaye Piyasası Aracı İşlemlerine İlişkin Bildirim (Faiz İçeren) Yurtdışı Piyasalara İlave Ana Sermayeye Dahil Edilebilir Tahvil İhracına İlişkin SPK Onayı,https://www.kap.org.tr/tr/Bildirim/1451098,tr,2025-06-23T18:19:06+00:00
2025-06-23,HALKB,KAP,TÜRKİYE HALK BANKASI A.Ş. - Pay Dışında Sermaye Piyasası Aracı İşlemlerine İlişkin Bildirim (Faiz İçeren),Pay Dışında Sermaye Piyasası Aracı İşlemlerine İlişkin Bildirim (Faiz İçeren) Yurtiçinde Nitelikli Yatırımcılara Sermaye Benzeri Tahvil Kupon Oranı,https://www.kap.org.tr/tr/Bildirim/1451049,tr,2025-06-23T17:50:45+00:00
2025-06-23,HALKI,KAP,HALK YATIRIM MENKUL DEĞERLER A.Ş. - Şirket Genel Bilgi Formu,Şirket Genel Bilgi Formu,https://www.kap.org.tr/tr/Bildirim/1450847,tr,2025-06-23T11:08:47+00:00
2025-06-23,HALKI,KAP,HALK YATIRIM MENKUL DEĞERLER A.Ş. - Özel Durum Açıklaması (Genel),Özel Durum Açıklaması (Genel) Genel Müdür Vekili Ataması,https://www.kap.org.tr/tr/Bildirim/1450774,tr,2025-06-23T09:42:55+00:00
2025-06-23,HATSN,KAP,HAT-SAN GEMİ İNŞAA BAKIM ONARIM DENİZ NAKLİYAT SANAYİ VE TİCARET A.Ş. - Özel Durum Açıklaması (Genel),"Özel Durum Açıklaması (Genel) Gemi Tamir, Bakım ve Onarım Projesinin Teslimi Hakkında,",https://www.kap.org.tr/tr/Bildirim/1451135,tr,2025-06-23T19:01:51+00:00
2025-06-23,HEKTS,KAP,HEKTAŞ TİCARET T.A.Ş. - Şirket Genel Bilgi Formu,Şirket Genel Bilgi Formu,https://www.kap.org.tr/tr/Bildirim/1451146,tr,2025-06-23T21:00:28+00:00
2025-06-23,HEKTS,KAP,HEKTAŞ TİCARET T.A.Ş. - Özel Durum Açıklaması (Genel),Özel Durum Açıklaması (Genel) Tüzel Kişi Yönetim Kurulu Üye Temsilcisi Değişiklikleri,https://www.kap.org.tr/tr/Bildirim/1451145,tr,2025-06-23T21:00:08+00:00
2025-06-23,HLVKS,KAP,HALK VARLIK KİRALAMA A.Ş. - İhraç Tavanına İlişkin Bildirim,İhraç Tavanına İlişkin Bildirim Kira Sertifikası İhracına İlişkin Yönetim Kurulu Kararı Alınması SUPER,https://www.kap.org.tr/tr/Bildirim/1451103,tr,2025-06-23T18:24:22+00:00
2025-06-23,HLY,KAP,HALK YATIRIM MENKUL DEĞERLER A.Ş. - Şirket Genel Bilgi Formu,Şirket Genel Bilgi Formu,https://www.kap.org.tr/tr/Bildirim/1450847,tr,2025-06-23T11:08:47+00:00
2025-06-23,HLY,KAP,HALK YATIRIM MENKUL DEĞERLER A.Ş. - Özel Durum Açıklaması (Genel),Özel Durum Açıklaması (Genel) Genel Müdür Vekili Ataması,https://www.kap.org.tr/tr/Bildirim/1450774,tr,2025-06-23T09:42:55+00:00
2025-06-23,INFO,KAP,İNFO YATIRIM MENKUL DEĞERLER A.Ş. - Özel Durum Açıklaması (Genel),Özel Durum Açıklaması (Genel) SUWEN Paylarındaki Likidite Sağlayıcılık Faaliyetlerinin Sona Ermesi Hk. SUWEN,https://www.kap.org.tr/tr/Bildirim/1451117,tr,2025-06-23T18:35:26+00:00
2025-06-23,INFO,KAP,İNFO YATIRIM MENKUL DEĞERLER A.Ş. - Likidite Sağlayıcılık Kapsamındaki İşlemler,Likidite Sağlayıcılık Kapsamındaki İşlemler SUWEN Paylarında Likidite Sağlayıcılık Faaliyetleri Kapsamında Gerçekleştirilen İşlemler SUWEN,https://www.kap.org.tr/tr/Bildirim/1451116,tr,2025-06-23T18:34:55+00:00
2025-06-23,INFO,KAP,İNFO YATIRIM MENKUL DEĞERLER A.Ş. - Likidite Sağlayıcılık Kapsamındaki İşlemler,Likidite Sağlayıcılık Kapsamındaki İşlemler SUWEN Paylarında Likidite Sağlayıcılık Faaliyetleri Kapsamında Gerçekleştirilen İşlemler SUWEN,https://www.kap.org.tr/tr/Bildirim/1450926,tr,2025-06-23T14:49:40+00:00
2025-06-23,INFO,KAP,İNFO YATIRIM MENKUL DEĞERLER A.Ş. - Yatırım Kuruluşu Varant - Sertifika - Senetlerine İlişkin Bildirim,Yatırım Kuruluşu Varant - Sertifika - Senetlerine İlişkin Bildirim İnfo Yatırım Varant ve Sertifikaları Piyasa Yapıcı Alım Satım İşlemleri Bildirimi,https://www.kap.org.tr/tr/Bildirim/1450918,tr,2025-06-23T14:29:32+00:00
2025-06-23,INVES,KAP,INVESTCO HOLDİNG A.Ş. - Payların Geri Alınmasına İlişkin Bildirim,Payların Geri Alınmasına İlişkin Bildirim Pay Geri Alım İşlemleri Hk.,https://www.kap.org.tr/tr/Bildirim/1451108,tr,2025-06-23T18:30:03+00:00
2025-06-23,ISATR,KAP,TÜRKİYE İŞ BANKASI A.Ş. - Pay Alım Satım Bildirimi,Pay Alım Satım Bildirimi İş Gayrimenkul Yatırım Ortaklığı A.Ş. Pay Alım İşlemleri Hakkında ISGYO,https://www.kap.org.tr/tr/Bildirim/1451113,tr,2025-06-23T18:30:59+00:00
2025-06-23,ISATR,KAP,TÜRKİYE İŞ BANKASI A.Ş. - Pay Alım Satım Bildirimi,Pay Alım Satım Bildirimi Türkiye Şişe ve Cam Fabrikaları A.Ş. Pay Alım İşlemleri Hakkında SISE,https://www.kap.org.tr/tr/Bildirim/1451111,tr,2025-06-23T18:30:30+00:00
2025-06-23,ISATR,KAP,TÜRKİYE İŞ BANKASI A.Ş. - Pay Dışında Sermaye Piyasası Aracı İşlemlerine İlişkin Bildirim (Faiz İçeren),Pay Dışında Sermaye Piyasası Aracı İşlemlerine İlişkin Bildirim (Faiz İçeren) Yurtdışı Piyasalara Tahvil İhracı,https://www.kap.org.tr/tr/Bildirim/1451043,tr,2025-06-23T17:47:26+00:00
2025-06-23,ISBTR,KAP,TÜRKİYE İŞ BANKASI A.Ş. - Pay Alım Satım Bildirimi,Pay Alım Satım Bildirimi İş Gayrimenkul Yatırım Ortaklığı A.Ş. Pay Alım İşlemleri Hakkında ISGYO,https://www.kap.org.tr/tr/Bildirim/1451113,tr,2025-06-23T18:30:59+00:00
2025-06-23,ISBTR,KAP,TÜRKİYE İŞ BANKASI A.Ş. - Pay Alım Satım Bildirimi,Pay Alım Satım Bildirimi Türkiye Şişe ve Cam Fabrikaları A.Ş. Pay Alım İşlemleri Hakkında SISE,https://www.kap.org.tr/tr/Bildirim/1451111,tr,2025-06-23T18:30:30+00:00
2025-06-23,ISBTR,KAP,TÜRKİYE İŞ BANKASI A.Ş. - Pay Dışında Sermaye Piyasası Aracı İşlemlerine İlişkin Bildirim (Faiz İçeren),Pay Dışında Sermaye Piyasası Aracı İşlemlerine İlişkin Bildirim (Faiz İçeren) Yurtdışı Piyasalara Tahvil İhracı,https://www.kap.org.tr/tr/Bildirim/1451043,tr,2025-06-23T17:47:26+00:00
2025-06-23,ISCTR,KAP,TÜRKİYE İŞ BANKASI A.Ş. - Pay Alım Satım Bildirimi,Pay Alım Satım Bildirimi İş Gayrimenkul Yatırım Ortaklığı A.Ş. Pay Alım İşlemleri Hakkında ISGYO,https://www.kap.org.tr/tr/Bildirim/1451113,tr,2025-06-23T18:30:59+00:00
2025-06-23,ISCTR,KAP,TÜRKİYE İŞ BANKASI A.Ş. - Pay Alım Satım Bildirimi,Pay Alım Satım Bildirimi Türkiye Şişe ve Cam Fabrikaları A.Ş. Pay Alım İşlemleri Hakkında SISE,https://www.kap.org.tr/tr/Bildirim/1451111,tr,2025-06-23T18:30:30+00:00
2025-06-23,ISCTR,KAP,TÜRKİYE İŞ BANKASI A.Ş. - Pay Dışında Sermaye Piyasası Aracı İşlemlerine İlişkin Bildirim (Faiz İçeren),Pay Dışında Sermaye Piyasası Aracı İşlemlerine İlişkin Bildirim (Faiz İçeren) Yurtdışı Piyasalara Tahvil İhracı,https://www.kap.org.tr/tr/Bildirim/1451043,tr,2025-06-23T17:47:26+00:00
2025-06-23,ISGSY,KAP,İŞ GİRİŞİM SERMAYESİ YATIRIM ORTAKLIĞI A.Ş. - Finansal Duran Varlık Edinimi,Finansal Duran Varlık Edinimi Agrinatura Gıda Üretim Sanayi ve Ticaret A.Ş. Pay Alımı ve Sermaye İştiraki hk.,https://www.kap.org.tr/tr/Bildirim/1451126,tr,2025-06-23T18:47:56+00:00
2025-06-23,ISKUR,KAP,TÜRKİYE İŞ BANKASI A.Ş. - Pay Alım Satım Bildirimi,Pay Alım Satım Bildirimi İş Gayrimenkul Yatırım Ortaklığı A.Ş. Pay Alım İşlemleri Hakkında ISGYO,https://www.kap.org.tr/tr/Bildirim/1451113,tr,2025-06-23T18:30:59+00:00
2025-06-23,ISKUR,KAP,TÜRKİYE İŞ BANKASI A.Ş. - Pay Alım Satım Bildirimi,Pay Alım Satım Bildirimi Türkiye Şişe ve Cam Fabrikaları A.Ş. Pay Alım İşlemleri Hakkında SISE,https://www.kap.org.tr/tr/Bildirim/1451111,tr,2025-06-23T18:30:30+00:00
2025-06-23,ISKUR,KAP,TÜRKİYE İŞ BANKASI A.Ş. - Pay Dışında Sermaye Piyasası Aracı İşlemlerine İlişkin Bildirim (Faiz İçeren),Pay Dışında Sermaye Piyasası Aracı İşlemlerine İlişkin Bildirim (Faiz İçeren) Yurtdışı Piyasalara Tahvil İhracı,https://www.kap.org.tr/tr/Bildirim/1451043,tr,2025-06-23T17:47:26+00:00
2025-06-23,ISMEN,KAP,İŞ YATIRIM MENKUL DEĞERLER A.Ş. - İzahname-Sermaye Piyasası Aracı Notu (SPK Tarafından Onaylanan),İzahname-Sermaye Piyasası Aracı Notu (SPK Tarafından Onaylanan) İş Yatırım Varant İhracı,https://www.kap.org.tr/tr/Bildirim/1451141,tr,2025-06-23T19:52:38+00:00
2025-06-23,ISMEN,KAP,İŞ YATIRIM MENKUL DEĞERLER A.Ş. - İzahname-Sermaye Piyasası Aracı Notu (SPK Tarafından Onaylanan),İzahname-Sermaye Piyasası Aracı Notu (SPK Tarafından Onaylanan) İş Yatırım Varant İhracı,https://www.kap.org.tr/tr/Bildirim/1451140,tr,2025-06-23T19:52:15+00:00
2025-06-23,ISMEN,KAP,İŞ YATIRIM MENKUL DEĞERLER A.Ş. - İzahname-Özet (SPK Tarafından Onaylanan),İzahname-Özet (SPK Tarafından Onaylanan) İş Yatırım Varant İhracı,https://www.kap.org.tr/tr/Bildirim/1451139,tr,2025-06-23T19:51:51+00:00
2025-06-23,ISMEN,KAP,İŞ YATIRIM MENKUL DEĞERLER A.Ş. - İzahname-İhraççı Bİlgi Dokümanı (SPK Tarafından Onaylanan),İzahname-İhraççı Bİlgi Dokümanı (SPK Tarafından Onaylanan) İş Yatırım Varant İhracı,https://www.kap.org.tr/tr/Bildirim/1451138,tr,2025-06-23T19:51:26+00:00
2025-06-23,ISMEN,KAP,İŞ YATIRIM MENKUL DEĞERLER A.Ş. - Piyasa Yapıcılığı Kapsamında Gerçekleştirilen İşlemler Bildirimi,Piyasa Yapıcılığı Kapsamında Gerçekleştirilen İşlemler Bildirimi Borsa Yatırım Fonu Piyasa Yapıcılığı İşlemleri ISGLK,https://www.kap.org.tr/tr/Bildirim/1450784,tr,2025-06-23T09:58:18+00:00
2025-06-23,ISMEN,KAP,İŞ YATIRIM MENKUL DEĞERLER A.Ş. - Yatırım Kuruluşu Varant - Sertifika - Senetlerine İlişkin Bildirim,Yatırım Kuruluşu Varant - Sertifika - Senetlerine İlişkin Bildirim İş Yatırım Sertifika ve Varant Alım Satım İşlemleri,https://www.kap.org.tr/tr/Bildirim/1450780,tr,2025-06-23T09:57:40+00:00
2025-06-23,ISYAT,KAP,İŞ YATIRIM ORTAKLIĞI A.Ş. - Haftalık Rapor,Haftalık Rapor 20.06.2025 Tarihli Haftalık Rapor,https://www.kap.org.tr/tr/Bildirim/1450996,tr,2025-06-23T16:36:24+00:00
2025-06-23,ISYAT,KAP,İŞ YATIRIM ORTAKLIĞI A.Ş. - Özel Durum Açıklaması (Genel),"Özel Durum Açıklaması (Genel) Ortaklık paylarının BİAŞ'ta oluşan ağırlıklı ortalama fiyatının, pay başına net aktif değerinin 2 katını aşması hakkında",https://www.kap.org.tr/tr/Bildirim/1450878,tr,2025-06-23T12:16:59+00:00
2025-06-23,IYF,KAP,İNFO YATIRIM MENKUL DEĞERLER A.Ş. - Özel Durum Açıklaması (Genel),Özel Durum Açıklaması (Genel) SUWEN Paylarındaki Likidite Sağlayıcılık Faaliyetlerinin Sona Ermesi Hk. SUWEN,https://www.kap.org.tr/tr/Bildirim/1451117,tr,2025-06-23T18:35:26+00:00
2025-06-23,IYF,KAP,İNFO YATIRIM MENKUL DEĞERLER A.Ş. - Likidite Sağlayıcılık Kapsamındaki İşlemler,Likidite Sağlayıcılık Kapsamındaki İşlemler SUWEN Paylarında Likidite Sağlayıcılık Faaliyetleri Kapsamında Gerçekleştirilen İşlemler SUWEN,https://www.kap.org.tr/tr/Bildirim/1451116,tr,2025-06-23T18:34:55+00:00
2025-06-23,IYF,KAP,İNFO YATIRIM MENKUL DEĞERLER A.Ş. - Likidite Sağlayıcılık Kapsamındaki İşlemler,Likidite Sağlayıcılık Kapsamındaki İşlemler SUWEN Paylarında Likidite Sağlayıcılık Faaliyetleri Kapsamında Gerçekleştirilen İşlemler SUWEN,https://www.kap.org.tr/tr/Bildirim/1450926,tr,2025-06-23T14:49:40+00:00
2025-06-23,IYF,KAP,İNFO YATIRIM MENKUL DEĞERLER A.Ş. - Yatırım Kuruluşu Varant - Sertifika - Senetlerine İlişkin Bildirim,Yatırım Kuruluşu Varant - Sertifika - Senetlerine İlişkin Bildirim İnfo Yatırım Varant ve Sertifikaları Piyasa Yapıcı Alım Satım İşlemleri Bildirimi,https://www.kap.org.tr/tr/Bildirim/1450918,tr,2025-06-23T14:29:32+00:00
2025-06-23,IYM,KAP,İŞ YATIRIM MENKUL DEĞERLER A.Ş. - İzahname-Sermaye Piyasası Aracı Notu (SPK Tarafından Onaylanan),İzahname-Sermaye Piyasası Aracı Notu (SPK Tarafından Onaylanan) İş Yatırım Varant İhracı,https://www.kap.org.tr/tr/Bildirim/1451141,tr,2025-06-23T19:52:38+00:00
2025-06-23,IYM,KAP,İŞ YATIRIM MENKUL DEĞERLER A.Ş. - İzahname-Sermaye Piyasası Aracı Notu (SPK Tarafından Onaylanan),İzahname-Sermaye Piyasası Aracı Notu (SPK Tarafından Onaylanan) İş Yatırım Varant İhracı,https://www.kap.org.tr/tr/Bildirim/1451140,tr,2025-06-23T19:52:15+00:00
2025-06-23,IYM,KAP,İŞ YATIRIM MENKUL DEĞERLER A.Ş. - İzahname-Özet (SPK Tarafından Onaylanan),İzahname-Özet (SPK Tarafından Onaylanan) İş Yatırım Varant İhracı,https://www.kap.org.tr/tr/Bildirim/1451139,tr,2025-06-23T19:51:51+00:00
2025-06-23,IYM,KAP,İŞ YATIRIM MENKUL DEĞERLER A.Ş. - İzahname-İhraççı Bİlgi Dokümanı (SPK Tarafından Onaylanan),İzahname-İhraççı Bİlgi Dokümanı (SPK Tarafından Onaylanan) İş Yatırım Varant İhracı,https://www.kap.org.tr/tr/Bildirim/1451138,tr,2025-06-23T19:51:26+00:00
2025-06-23,IYM,KAP,İŞ YATIRIM MENKUL DEĞERLER A.Ş. - Piyasa Yapıcılığı Kapsamında Gerçekleştirilen İşlemler Bildirimi,Piyasa Yapıcılığı Kapsamında Gerçekleştirilen İşlemler Bildirimi Borsa Yatırım Fonu Piyasa Yapıcılığı İşlemleri ISGLK,https://www.kap.org.tr/tr/Bildirim/1450784,tr,2025-06-23T09:58:18+00:00
2025-06-23,IYM,KAP,İŞ YATIRIM MENKUL DEĞERLER A.Ş. - Yatırım Kuruluşu Varant - Sertifika - Senetlerine İlişkin Bildirim,Yatırım Kuruluşu Varant - Sertifika - Senetlerine İlişkin Bildirim İş Yatırım Sertifika ve Varant Alım Satım İşlemleri,https://www.kap.org.tr/tr/Bildirim/1450780,tr,2025-06-23T09:57:40+00:00
2025-06-23,KAREL,KAP,KAREL ELEKTRONİK SANAYİ VE TİCARET A.Ş. - Şirket Genel Bilgi Formu,Şirket Genel Bilgi Formu,https://www.kap.org.tr/tr/Bildirim/1450934,tr,2025-06-23T15:17:41+00:00
2025-06-23,KAREL,KAP,KAREL ELEKTRONİK SANAYİ VE TİCARET A.Ş. - Kurumsal Yönetim Bilgi Formu (Güncelleme) - Yönetim Kurulu-2,Kurumsal Yönetim Bilgi Formu (Güncelleme) - Yönetim Kurulu-2 Yönetim Kurulu Komiteleri Güncelleme,https://www.kap.org.tr/tr/Bildirim/1450933,tr,2025-06-23T15:16:34+00:00
2025-06-23,KAREL,KAP,KAREL ELEKTRONİK SANAYİ VE TİCARET A.Ş. - Yönetim Kurulu Komiteleri,Yönetim Kurulu Komiteleri Yönetim Kurulu Komitelerinin Teşkili Hk.,https://www.kap.org.tr/tr/Bildirim/1450932,tr,2025-06-23T15:15:31+00:00
2025-06-23,KAYSE,KAP,KAYSERİ ŞEKER FABRİKASI A.Ş. - Kayıtlı Sermaye Tavanı İşlemlerine İlişkin Bildirim,Kayıtlı Sermaye Tavanı İşlemlerine İlişkin Bildirim Kayıtlı sermaye tavanı artışı ve süresinin uzatımı,https://www.kap.org.tr/tr/Bildirim/1451165,tr,2025-06-23T23:19:27+00:00
2025-06-23,KAYSE,KAP,KAYSERİ ŞEKER FABRİKASI A.Ş. - Özel Durum Açıklaması (Genel),Özel Durum Açıklaması (Genel) Yönetim Kurulu Bağımsız Üye Adaylarının Belirlenmesi Hakkında,https://www.kap.org.tr/tr/Bildirim/1451164,tr,2025-06-23T23:19:05+00:00
2025-06-23,KAYSE,KAP,KAYSERİ ŞEKER FABRİKASI A.Ş. - Şirket Genel Bilgi Formu,Şirket Genel Bilgi Formu,https://www.kap.org.tr/tr/Bildirim/1451163,tr,2025-06-23T23:18:30+00:00
2025-06-23,KBORU,KAP,KUZEY BORU A.Ş. - İhale Süreci / Sonucu,İhale Süreci / Sonucu İhale Süreci Bildirimi,https://www.kap.org.tr/tr/Bildirim/1450765,tr,2025-06-23T09:25:34+00:00
2025-06-23,KMPUR,KAP,KİMTEKS POLİÜRETAN SANAYİ VE TİCARET A.Ş. - Kayıtlı Sermaye Tavanı İşlemlerine İlişkin Bildirim,Kayıtlı Sermaye Tavanı İşlemlerine İlişkin Bildirim Kayıtlı Sermaye Tavanı ve Geçerlilik Süresinin Görüşüleceği Genel Kurul Tarihi Hakkında,https://www.kap.org.tr/tr/Bildirim/1451112,tr,2025-06-23T18:30:49+00:00
2025-06-23,KMPUR,KAP,KİMTEKS POLİÜRETAN SANAYİ VE TİCARET A.Ş. - Kar Payı Dağıtım İşlemlerine İlişkin Bildirim,Kar Payı Dağıtım İşlemlerine İlişkin Bildirim 2024 Yılı Kar Payı Dağıtımı Hakkında Yönetim Kurulu Teklifi,https://www.kap.org.tr/tr/Bildirim/1451106,tr,2025-06-23T18:27:54+00:00
2025-06-23,KMPUR,KAP,KİMTEKS POLİÜRETAN SANAYİ VE TİCARET A.Ş. - Genel Kurul İşlemlerine İlişkin Bildirim,Genel Kurul İşlemlerine İlişkin Bildirim 2024 Yılı Olağan Genel Kurul Toplantısına İlişkin Yönetim Kurulu Kararı,https://www.kap.org.tr/tr/Bildirim/1451096,tr,2025-06-23T18:17:29+00:00
2025-06-23,KONTR,KAP,KONTROLMATİK TEKNOLOJİ ENERJİ VE MÜHENDİSLİK A.Ş. - Özel Durum Açıklaması (Genel),Özel Durum Açıklaması (Genel) Bağlı Ortaklığımız Pomega Enerji Depolama Teknolojileri A.Ş. Üretim Tesisinde Meydana Gelen İş Kazası Hakkında,https://www.kap.org.tr/tr/Bildirim/1450747,tr,2025-06-23T09:01:03+00:00
2025-06-23,KRSTL,KAP,KRİSTAL KOLA VE MEŞRUBAT SANAYİ TİCARET A.Ş. - Pay Alım Satım Bildirimi,Pay Alım Satım Bildirimi Kristal Gıda Dağıtım ve Paz.San.ve Tic.A.Ş. Pay Alım Bildirimi Hk.,https://www.kap.org.tr/tr/Bildirim/1451134,tr,2025-06-23T19:01:20+00:00
2025-06-23,KTSVK,KAP,KT SUKUK VARLIK KİRALAMA A.Ş. - Pay Dışında Sermaye Piyasası Aracı İşlemlerine İlişkin Bildirim (Faizsiz),Pay Dışında Sermaye Piyasası Aracı İşlemlerine İlişkin Bildirim (Faizsiz) TRDKTSKE2545 ISIN Kodlu Yurtiçi Kira Sertifikası İhracının Nitelikli Yatırımcıya Satışının Tamamlanması,https://www.kap.org.tr/tr/Bildirim/1450822,tr,2025-06-23T10:30:16+00:00
2025-06-23,KZGYO,KAP,KUZUGRUP GAYRİMENKUL YATIRIM ORTAKLIĞI A.Ş. - Şirket Genel Bilgi Formu,Şirket Genel Bilgi Formu,https://www.kap.org.tr/tr/Bildirim/1450952,tr,2025-06-23T15:42:27+00:00
2025-06-23,LKMNH,KAP,LOKMAN HEKİM ENGÜRÜSAĞ SAĞLIK TURİZM EĞİTİM HİZMETLERİ VE İNŞAAT TAAHHÜT A.Ş. - Payların Geri Alınmasına İlişkin Bildirim,Payların Geri Alınmasına İlişkin Bildirim Hisse Geri Alımı,https://www.kap.org.tr/tr/Bildirim/1451104,tr,2025-06-23T18:25:44+00:00
2025-06-23,MGROS,KAP,MİGROS TİCARET A.Ş. - Özel Durum Açıklaması (Genel),Özel Durum Açıklaması (Genel) Şirket sunumu,https://www.kap.org.tr/tr/Bildirim/1450936,tr,2025-06-23T15:19:46+00:00
2025-06-23,MOBTL,KAP,MOBİLTEL İLETİŞİM HİZMETLERİ SANAYİ VE TİCARET A.Ş. - Bağımsız Denetim Kuruluşunun Belirlenmesi,Bağımsız Denetim Kuruluşunun Belirlenmesi Bağımsız Denetim Kuruluşu'nun Tescili,https://www.kap.org.tr/tr/Bildirim/1450777,tr,2025-06-23T09:48:25+00:00
2025-06-23,MOBTL,KAP,MOBİLTEL İLETİŞİM HİZMETLERİ SANAYİ VE TİCARET A.Ş. - Genel Kurul İşlemlerine İlişkin Bildirim,Genel Kurul İşlemlerine İlişkin Bildirim Genel Kurul Toplantısı Tescili,https://www.kap.org.tr/tr/Bildirim/1450776,tr,2025-06-23T09:47:07+00:00
2025-06-23,MTRYO,KAP,METRO YATIRIM ORTAKLIĞI A.Ş. - Sermaye Artırımı - Azaltımı İşlemlerine İlişkin Bildirim,Sermaye Artırımı - Azaltımı İşlemlerine İlişkin Bildirim Bedelli Sermaye Artırımı Başvurusunun Kurul Tarafından Olumsuz Karşılanması Hakkında,https://www.kap.org.tr/tr/Bildirim/1451100,tr,2025-06-23T18:20:20+00:00
2025-06-23,MTRYO,KAP,METRO YATIRIM ORTAKLIĞI A.Ş. - Haftalık Rapor,Haftalık Rapor Haftalık Rapor,https://www.kap.org.tr/tr/Bildirim/1450846,tr,2025-06-23T11:08:18+00:00
2025-06-23,ONRYT,KAP,ONUR YÜKSEK TEKNOLOJİ A.Ş. - Yönetim Kurulu Komiteleri,Yönetim Kurulu Komiteleri Yönetim Kurulu Komite Yapılanmaları,https://www.kap.org.tr/tr/Bildirim/1451053,tr,2025-06-23T17:56:41+00:00
2025-06-23,ONRYT,KAP,ONUR YÜKSEK TEKNOLOJİ A.Ş. - Kar Dağıtım Politikası,Kar Dağıtım Politikası Kar Dağıtım Politikası,https://www.kap.org.tr/tr/Bildirim/1451051,tr,2025-06-23T17:55:43+00:00
2025-06-23,ONRYT,KAP,ONUR YÜKSEK TEKNOLOJİ A.Ş. - Bilgilendirme Politikası,Bilgilendirme Politikası Bilgilendirme Politikası,https://www.kap.org.tr/tr/Bildirim/1451050,tr,2025-06-23T17:54:53+00:00
2025-06-23,ORGE,KAP,ORGE ENERJİ ELEKTRİK TAAHHÜT A.Ş. - Payların Geri Alınmasına İlişkin Bildirim,Payların Geri Alınmasına İlişkin Bildirim 23.06.2025 Tarihli Pay Geri Alım İşlemi,https://www.kap.org.tr/tr/Bildirim/1451128,tr,2025-06-23T18:51:41+00:00
2025-06-23,OYA,KAP,OYAK YATIRIM MENKUL DEĞERLER A.Ş. - Piyasa Yapıcılığı Kapsamında Gerçekleştirilen İşlemler Bildirimi,Piyasa Yapıcılığı Kapsamında Gerçekleştirilen İşlemler Bildirimi 23/06/2025 TARİHLİ OYAYO PİYASA YAPICILIĞI İŞLEMLERİ OYAYO,https://www.kap.org.tr/tr/Bildirim/1451114,tr,2025-06-23T18:31:32+00:00
2025-06-23,OYAYO,KAP,OYAK YATIRIM ORTAKLIĞI A.Ş. - Haftalık Rapor,Haftalık Rapor 20.06.2025 Tarihli Haftalık Rapor,https://www.kap.org.tr/tr/Bildirim/1450850,tr,2025-06-23T11:13:49+00:00
2025-06-23,OYAYO,KAP,OYAK YATIRIM ORTAKLIĞI A.Ş. - Özel Durum Açıklaması (Genel),"Özel Durum Açıklaması (Genel) Ortaklık paylarının BİAŞ'ta oluşan ağırlıklı ortalama fiyatının, pay başına net aktif değerinin 2 katını aşması hakkında",https://www.kap.org.tr/tr/Bildirim/1450849,tr,2025-06-23T11:13:28+00:00
2025-06-23,OYYAT,KAP,OYAK YATIRIM MENKUL DEĞERLER A.Ş. - Piyasa Yapıcılığı Kapsamında Gerçekleştirilen İşlemler Bildirimi,Piyasa Yapıcılığı Kapsamında Gerçekleştirilen İşlemler Bildirimi 23/06/2025 TARİHLİ OYAYO PİYASA YAPICILIĞI İŞLEMLERİ OYAYO,https://www.kap.org.tr/tr/Bildirim/1451114,tr,2025-06-23T18:31:32+00:00
2025-06-23,PASEU,KAP,PASİFİK EURASİA LOJİSTİK DIŞ TİCARET A.Ş. - Hak Kullanım Süreç İptal Bildirimi,Hak Kullanım Süreç İptal Bildirimi Bedelsiz Sermaye Artırım Başvurusunun Geri Çekilmesi,https://www.kap.org.tr/tr/Bildirim/1451149,tr,2025-06-23T21:27:17+00:00
2025-06-23,PNLSN,KAP,PANELSAN ÇATI CEPHE SİSTEMLERİ SANAYİ VE TİCARET A.Ş. - Payların Geri Alınmasına İlişkin Bildirim,Payların Geri Alınmasına İlişkin Bildirim Payların Geri Alınması İşlemlerine İlişkin Bildirim hk.,https://www.kap.org.tr/tr/Bildirim/1451142,tr,2025-06-23T20:27:07+00:00
2025-06-23,POLHO,KAP,POLİSAN HOLDİNG A.Ş. - Özel Durum Açıklaması (Genel),Özel Durum Açıklaması (Genel) Yönetici Sorumluluk Sigortasının Yenilenmesi,https://www.kap.org.tr/tr/Bildirim/1451058,tr,2025-06-23T18:04:45+00:00
2025-06-23,QNBTR,KAP,QNB BANK A.Ş. - Pay Dışında Sermaye Piyasası Aracı İşlemlerine İlişkin Bildirim (Faiz İçeren),Pay Dışında Sermaye Piyasası Aracı İşlemlerine İlişkin Bildirim (Faiz İçeren) MTN programı kapsamında yurtdışında ihraç edilen borçlanma aracının itfası,https://www.kap.org.tr/tr/Bildirim/1450916,tr,2025-06-23T13:58:08+00:00
2025-06-23,QYHOL,KAP,Q YATIRIM HOLDİNG A.Ş. - Pay Dışında Sermaye Piyasası Aracı İşlemlerine İlişkin Bildirim (Faiz İçeren),Pay Dışında Sermaye Piyasası Aracı İşlemlerine İlişkin Bildirim (Faiz İçeren) 23.06.2026 Vadeli Tahvil İhracı,https://www.kap.org.tr/tr/Bildirim/1450832,tr,2025-06-23T10:44:42+00:00
2025-06-23,RALYH,KAP,RAL YATIRIM HOLDİNG A.Ş. - Özel Durum Açıklaması (Genel),Özel Durum Açıklaması (Genel) Ral Enerji Şanlıurfa - Viranşehir GES Projelerinde Tam Kapasiteyle Üretime Başlanması Hakkında GRTHO,https://www.kap.org.tr/tr/Bildirim/1451017,tr,2025-06-23T17:00:07+00:00
2025-06-23,RALYH,KAP,RAL YATIRIM HOLDİNG A.Ş. - Özel Durum Açıklaması (Genel),Özel Durum Açıklaması (Genel) Ral GYO'nun İhalesinin Kesinleşmesi Hakkında,https://www.kap.org.tr/tr/Bildirim/1450917,tr,2025-06-23T14:23:45+00:00
2025-06-23,RUBNS,KAP,RUBENİS TEKSTİL SANAYİ TİCARET A.Ş. - Bağımsız Denetim Kuruluşunun Belirlenmesi,Bağımsız Denetim Kuruluşunun Belirlenmesi Bağımsız Denetim Kuruluşunun Tescili,https://www.kap.org.tr/tr/Bildirim/1451151,tr,2025-06-23T21:42:04+00:00
2025-06-23,RUBNS,KAP,RUBENİS TEKSTİL SANAYİ TİCARET A.Ş. - Şirket Genel Bilgi Formu,Şirket Genel Bilgi Formu,https://www.kap.org.tr/tr/Bildirim/1451150,tr,2025-06-23T21:35:45+00:00
2025-06-23,RUBNS,KAP,RUBENİS TEKSTİL SANAYİ TİCARET A.Ş. - Genel Kurul İşlemlerine İlişkin Bildirim,Genel Kurul İşlemlerine İlişkin Bildirim 2024 Yılı Olağan Genel Kurul Tescili,https://www.kap.org.tr/tr/Bildirim/1451147,tr,2025-06-23T21:14:33+00:00
2025-06-23,SAHOL,KAP,HACI ÖMER SABANCI HOLDİNG A.Ş. - Şirket Genel Bilgi Formu,Şirket Genel Bilgi Formu,https://www.kap.org.tr/tr/Bildirim/1450775,tr,2025-06-23T09:46:00+00:00
2025-06-23,SAHOL,KAP,HACI ÖMER SABANCI HOLDİNG A.Ş. - Özel Durum Açıklaması (Genel),Özel Durum Açıklaması (Genel) Sabancı İklim Teknolojileri A.Ş.?nin Sermaye Artırımına İlişkin Bilgilendirme,https://www.kap.org.tr/tr/Bildirim/1450739,tr,2025-06-23T08:30:12+00:00
2025-06-23,SANFM,KAP,SANİFOAM ENDÜSTRİ VE TÜKETİM ÜRÜNLERİ SANAYİ TİCARET A.Ş. - Payların Geri Alınmasına İlişkin Bildirim,Payların Geri Alınmasına İlişkin Bildirim 23.06.2025 Tarihli Pay Geri Alım İşlemleri,https://www.kap.org.tr/tr/Bildirim/1451136,tr,2025-06-23T19:19:34+00:00
2025-06-23,SKTAS,KAP,SÖKTAŞ TEKSTİL SANAYİ VE TİCARET A.Ş. - İlişkili Taraf İşlemleri,İlişkili Taraf İşlemleri 2025 Yılı Yaygın ve Süreklilik Arz Eden İlişkili Taraf İşlemleri Raporu Hakkında,https://www.kap.org.tr/tr/Bildirim/1451154,tr,2025-06-23T21:55:24+00:00
2025-06-23,SKTAS,KAP,SÖKTAŞ TEKSTİL SANAYİ VE TİCARET A.Ş. - İhraç Tavanına İlişkin Bildirim,İhraç Tavanına İlişkin Bildirim Borçlanma Aracı İhracı için SPK'ya Başvuru Yapılması,https://www.kap.org.tr/tr/Bildirim/1451153,tr,2025-06-23T21:55:12+00:00
2025-06-23,TATEN,KAP,TATLIPINAR ENERJİ ÜRETİM A.Ş. - Sermaye Artırımı - Azaltımı İşlemlerine İlişkin Bildirim,Sermaye Artırımı - Azaltımı İşlemlerine İlişkin Bildirim Şirketimiz İç Kaynaklardan Bedelsiz Sermaye Artışı Hk.,https://www.kap.org.tr/tr/Bildirim/1450789,tr,2025-06-23T10:00:34+00:00
2025-06-23,TCKRC,KAP,KIRAÇ GALVANİZ TELEKOMİNİKASYON METAL MAKİNE İNŞAAT ELEKTRİK SANAYİ VE TİCARET A.Ş. - Payların Geri Alınmasına İlişkin Bildirim,Payların Geri Alınmasına İlişkin Bildirim Payların Geri Alınmasına İlişkin Bildirim,https://www.kap.org.tr/tr/Bildirim/1451121,tr,2025-06-23T18:37:22+00:00
2025-06-23,TERA,KAP,TERA YATIRIM MENKUL DEĞERLER A.Ş. - Şirket Genel Bilgi Formu,Şirket Genel Bilgi Formu,https://www.kap.org.tr/tr/Bildirim/1450842,tr,2025-06-23T11:02:06+00:00
2025-06-23,TERA,KAP,TERA YATIRIM MENKUL DEĞERLER A.Ş. - Özel Durum Açıklaması (Genel),Özel Durum Açıklaması (Genel) Yönetim Kurulu Üyesi İstifası,https://www.kap.org.tr/tr/Bildirim/1450841,tr,2025-06-23T11:01:58+00:00
2025-06-23,THL,KAP,TÜRKİYE HALK BANKASI A.Ş. - Pay Dışında Sermaye Piyasası Aracı İşlemlerine İlişkin Bildirim (Faiz İçeren),Pay Dışında Sermaye Piyasası Aracı İşlemlerine İlişkin Bildirim (Faiz İçeren) Yurtdışı Piyasalara İlave Ana Sermayeye Dahil Edilebilir Tahvil İhracına İlişkin SPK Onayı,https://www.kap.org.tr/tr/Bildirim/1451098,tr,2025-06-23T18:19:06+00:00
2025-06-23,THL,KAP,TÜRKİYE HALK BANKASI A.Ş. - Pay Dışında Sermaye Piyasası Aracı İşlemlerine İlişkin Bildirim (Faiz İçeren),Pay Dışında Sermaye Piyasası Aracı İşlemlerine İlişkin Bildirim (Faiz İçeren) Yurtiçinde Nitelikli Yatırımcılara Sermaye Benzeri Tahvil Kupon Oranı,https://www.kap.org.tr/tr/Bildirim/1451049,tr,2025-06-23T17:50:45+00:00
2025-06-23,THR,KAP,TÜRKİYE İHRACAT KREDİ BANKASI A.Ş. - Pay Dışında Sermaye Piyasası Aracı İşlemlerine İlişkin Bildirim (Faiz İçeren),Pay Dışında Sermaye Piyasası Aracı İşlemlerine İlişkin Bildirim (Faiz İçeren) XS2966374162 ISIN Kodlu Finansman Bonosunun İtfası Hk,https://www.kap.org.tr/tr/Bildirim/1450989,tr,2025-06-23T16:25:43+00:00
2025-06-23,THR,KAP,TÜRKİYE İHRACAT KREDİ BANKASI A.Ş. - Pay Dışında Sermaye Piyasası Aracı İşlemlerine İlişkin Bildirim (Faiz İçeren),Pay Dışında Sermaye Piyasası Aracı İşlemlerine İlişkin Bildirim (Faiz İçeren) XS2967141602 ISIN Kodlu Finansman Bonosunun İtfası Hk,https://www.kap.org.tr/tr/Bildirim/1450988,tr,2025-06-23T16:25:12+00:00
2025-06-23,THR,KAP,TÜRKİYE İHRACAT KREDİ BANKASI A.Ş. - Pay Dışında Sermaye Piyasası Aracı İşlemlerine İlişkin Bildirim (Faiz İçeren),Pay Dışında Sermaye Piyasası Aracı İşlemlerine İlişkin Bildirim (Faiz İçeren) XS3017370258 ISIN Kodlu Finansman Bonosunun İtfası Hk,https://www.kap.org.tr/tr/Bildirim/1450987,tr,2025-06-23T16:24:26+00:00
2025-06-23,THR,KAP,TÜRKİYE İHRACAT KREDİ BANKASI A.Ş. - Pay Dışında Sermaye Piyasası Aracı İşlemlerine İlişkin Bildirim (Faiz İçeren),Pay Dışında Sermaye Piyasası Aracı İşlemlerine İlişkin Bildirim (Faiz İçeren) XS3017370175 ISIN Kodlu Finansman Bonosunun İtfası Hk,https://www.kap.org.tr/tr/Bildirim/1450986,tr,2025-06-23T16:24:08+00:00
2025-06-23,THR,KAP,TÜRKİYE İHRACAT KREDİ BANKASI A.Ş. - Pay Dışında Sermaye Piyasası Aracı İşlemlerine İlişkin Bildirim (Faiz İçeren),Pay Dışında Sermaye Piyasası Aracı İşlemlerine İlişkin Bildirim (Faiz İçeren) XS3031995510 ISIN Kodlu Finansman Bonosunun İtfası Hk,https://www.kap.org.tr/tr/Bildirim/1450985,tr,2025-06-23T16:23:45+00:00
2025-06-23,THR,KAP,TÜRKİYE İHRACAT KREDİ BANKASI A.Ş. - Pay Dışında Sermaye Piyasası Aracı İşlemlerine İlişkin Bildirim (Faiz İçeren),Pay Dışında Sermaye Piyasası Aracı İşlemlerine İlişkin Bildirim (Faiz İçeren) XS3031995197 ISIN Kodlu Finansman Bonosunun İtfası Hk,https://www.kap.org.tr/tr/Bildirim/1450984,tr,2025-06-23T16:23:18+00:00
2025-06-23,THR,KAP,TÜRKİYE İHRACAT KREDİ BANKASI A.Ş. - Pay Dışında Sermaye Piyasası Aracı İşlemlerine İlişkin Bildirim (Faiz İçeren),Pay Dışında Sermaye Piyasası Aracı İşlemlerine İlişkin Bildirim (Faiz İçeren) GMTN programı çerçevesinde yurt dışında borçlanma aracı ihracı,https://www.kap.org.tr/tr/Bildirim/1450980,tr,2025-06-23T16:22:01+00:00
2025-06-23,THR,KAP,TÜRKİYE İHRACAT KREDİ BANKASI A.Ş. - Özel Durum Açıklaması (Genel),Özel Durum Açıklaması (Genel) Yurt Dışı Tahvil İhracı,https://www.kap.org.tr/tr/Bildirim/1450873,tr,2025-06-23T12:08:41+00:00
2025-06-23,TIB,KAP,TÜRKİYE İŞ BANKASI A.Ş. - Pay Alım Satım Bildirimi,Pay Alım Satım Bildirimi İş Gayrimenkul Yatırım Ortaklığı A.Ş. Pay Alım İşlemleri Hakkında ISGYO,https://www.kap.org.tr/tr/Bildirim/1451113,tr,2025-06-23T18:30:59+00:00
2025-06-23,TIB,KAP,TÜRKİYE İŞ BANKASI A.Ş. - Pay Alım Satım Bildirimi,Pay Alım Satım Bildirimi Türkiye Şişe ve Cam Fabrikaları A.Ş. Pay Alım İşlemleri Hakkında SISE,https://www.kap.org.tr/tr/Bildirim/1451111,tr,2025-06-23T18:30:30+00:00
2025-06-23,TIB,KAP,TÜRKİYE İŞ BANKASI A.Ş. - Pay Dışında Sermaye Piyasası Aracı İşlemlerine İlişkin Bildirim (Faiz İçeren),Pay Dışında Sermaye Piyasası Aracı İşlemlerine İlişkin Bildirim (Faiz İçeren) Yurtdışı Piyasalara Tahvil İhracı,https://www.kap.org.tr/tr/Bildirim/1451043,tr,2025-06-23T17:47:26+00:00
2025-06-23,TKNSA,KAP,TEKNOSA İÇ VE DIŞ TİCARET A.Ş. - İhraç Belgesi,İhraç Belgesi Yurt İçinde Borçlanma Aracı İhraç Belgesi,https://www.kap.org.tr/tr/Bildirim/1450993,tr,2025-06-23T16:33:05+00:00
2025-06-23,TKNSA,KAP,TEKNOSA İÇ VE DIŞ TİCARET A.Ş. - İhraç Tavanına İlişkin Bildirim,İhraç Tavanına İlişkin Bildirim Yurt İçinde Borçlanma Aracı İhraç Belgesinin SPK onayı,https://www.kap.org.tr/tr/Bildirim/1450992,tr,2025-06-23T16:32:49+00:00
2025-06-23,TRA,KAP,TERA YATIRIM MENKUL DEĞERLER A.Ş. - Şirket Genel Bilgi Formu,Şirket Genel Bilgi Formu,https://www.kap.org.tr/tr/Bildirim/1450842,tr,2025-06-23T11:02:06+00:00
2025-06-23,TRA,KAP,TERA YATIRIM MENKUL DEĞERLER A.Ş. - Özel Durum Açıklaması (Genel),Özel Durum Açıklaması (Genel) Yönetim Kurulu Üyesi İstifası,https://www.kap.org.tr/tr/Bildirim/1450841,tr,2025-06-23T11:01:58+00:00
2025-06-23,TUCLK,KAP,TUĞÇELİK ALÜMİNYUM VE METAL MAMÜLLERİ SANAYİ VE TİCARET A.Ş. - Sermaye Artırımından Elde Edilecek - Edilen Fonun Kullanımına İlişkin Rapor,Sermaye Artırımından Elde Edilecek - Edilen Fonun Kullanımına İlişkin Rapor Sermaye Arttırımından Elde Edilecek Fonun Kullanımına İlişkin Rapor,https://www.kap.org.tr/tr/Bildirim/1451115,tr,2025-06-23T18:33:14+00:00
2025-06-23,ULKER,KAP,ÜLKER BİSKÜVİ SANAYİ A.Ş. - Kredi Derecelendirmesi,Kredi Derecelendirmesi Fitch Ratings Derecelendirme Notu hakkında,https://www.kap.org.tr/tr/Bildirim/1451148,tr,2025-06-23T21:14:58+00:00
2025-06-23,VAKVK,KAP,VAKIF VARLIK KİRALAMA A.Ş. - Pay Dışında Sermaye Piyasası Aracı İşlemlerine İlişkin Bildirim (Faizsiz),Pay Dışında Sermaye Piyasası Aracı İşlemlerine İlişkin Bildirim (Faizsiz) TRDVVRK62527 ISIN Kodlu Yurt İçi Kira Sertifikası İhracının İtfa ve Kupon Ödemsi,https://www.kap.org.tr/tr/Bildirim/1450927,tr,2025-06-23T15:07:12+00:00
2025-06-23,VAKVK,KAP,VAKIF VARLIK KİRALAMA A.Ş. - Özel Durum Açıklaması (Genel),Özel Durum Açıklaması (Genel) Yurt İçi Kira Sertifikası Halka Arzı Getiri Oranı VKF,https://www.kap.org.tr/tr/Bildirim/1450913,tr,2025-06-23T13:42:11+00:00
2025-06-23,VAKVK,KAP,VAKIF VARLIK KİRALAMA A.Ş. - Pay Dışında Sermaye Piyasası Aracı İşlemlerine İlişkin Bildirim (Faizsiz),Pay Dışında Sermaye Piyasası Aracı İşlemlerine İlişkin Bildirim (Faizsiz) TRDVVRK92516 ISIN Kodlu Yurt İçi Kira Sertifikası İhracının Satışının Tamamlanması,https://www.kap.org.tr/tr/Bildirim/1450880,tr,2025-06-23T12:23:02+00:00
2025-06-23,VKFYO,KAP,VAKIF MENKUL KIYMET YATIRIM ORTAKLIĞI A.Ş. - Haftalık Rapor,Haftalık Rapor 20.06.2025 Haftalık Rapor,https://www.kap.org.tr/tr/Bildirim/1451127,tr,2025-06-23T18:49:46+00:00
2025-06-23,VKFYO,KAP,VAKIF MENKUL KIYMET YATIRIM ORTAKLIĞI A.Ş. - Özel Durum Açıklaması (Genel),"Özel Durum Açıklaması (Genel) Şirketimizin BİAŞ'da oluşan ağırlıklı ortalama fiyatın, pay başına net aktif değerin 2 katını aşması sebebiyle yapılan açıklamadır.",https://www.kap.org.tr/tr/Bildirim/1451118,tr,2025-06-23T18:36:07+00:00
2025-06-23,YBTAS,KAP,YİBİTAŞ YOZGAT İŞÇİ BİRLİĞİ İNŞAAT MALZEMELERİ TİCARET VE SANAYİ A.Ş. - Pay Satış Bilgi Formu,Pay Satış Bilgi Formu Pay Satış İşlemi Hakkında,https://www.kap.org.tr/tr/Bildirim/1451131,tr,2025-06-23T18:57:37+00:00
2025-06-23,YBTAS,KAP,YİBİTAŞ YOZGAT İŞÇİ BİRLİĞİ İNŞAAT MALZEMELERİ TİCARET VE SANAYİ A.Ş. - Pay Satış Bilgi Formu,Pay Satış Bilgi Formu Pay Satış İşlemi Hakkında,https://www.kap.org.tr/tr/Bildirim/1450737,tr,2025-06-23T08:26:21+00:00
2025-06-23,YEOTK,KAP,YEO TEKNOLOJİ ENERJİ VE ENDÜSTRİ A.Ş. - İhraç Tavanına İlişkin Bildirim,İhraç Tavanına İlişkin Bildirim Yeşil Borçlanma Aracı İhracı Hakkında.,https://www.kap.org.tr/tr/Bildirim/1450738,tr,2025-06-23T08:29:19+00:00
2025-06-23,YUNSA,KAP,YÜNSA YÜNLÜ SANAYİ VE TİCARET A.Ş. - Özel Durum Açıklaması (Genel),Özel Durum Açıklaması (Genel) Personel Sayısındaki Değişim Hakkında,https://www.kap.org.tr/tr/Bildirim/1451137,tr,2025-06-23T19:37:32+00:00
2025-06-23,YYAPI,KAP,YEŞİL YAPI ENDÜSTRİSİ A.Ş. - İlişkili Taraf İşlemleri,"İlişkili Taraf İşlemleri İlişkili Taraf İşlemleri Hakkında,",https://www.kap.org.tr/tr/Bildirim/1451168,tr,2025-06-23T23:36:04+00:00
2025-06-23,YYAPI,KAP,YEŞİL YAPI ENDÜSTRİSİ A.Ş. - Bağımsız Denetim Kuruluşunun Belirlenmesi,"Bağımsız Denetim Kuruluşunun Belirlenmesi Bağımsız Denetim Şirketi Seçimi Hakkında,",https://www.kap.org.tr/tr/Bildirim/1451167,tr,2025-06-23T23:28:39+00:00
2025-06-23,YYAPI,KAP,YEŞİL YAPI ENDÜSTRİSİ A.Ş. - Kar Payı Dağıtım İşlemlerine İlişkin Bildirim,"Kar Payı Dağıtım İşlemlerine İlişkin Bildirim 2024 Yılı Kar Payı Dağıtım İşlemleri Hakkında,",https://www.kap.org.tr/tr/Bildirim/1451166,tr,2025-06-23T23:22:42+00:00
2025-06-23,YYAPI,KAP,YEŞİL YAPI ENDÜSTRİSİ A.Ş. - Genel Kurul İşlemlerine İlişkin Bildirim,"Genel Kurul İşlemlerine İlişkin Bildirim 2024 Yılı Olağan Genel Kurul Toplantısı Hakkında,",https://www.kap.org.tr/tr/Bildirim/1451161,tr,2025-06-23T23:14:12+00:00
2025-06-23,YYAPI,KAP,YEŞİL YAPI ENDÜSTRİSİ A.Ş. - Sermaye Artırımından Elde Edilecek - Edilen Fonun Kullanımına İlişkin Rapor,"Sermaye Artırımından Elde Edilecek - Edilen Fonun Kullanımına İlişkin Rapor Sermaye Artırımından Elde Edilecek Fonun Kullanımına İlişkin Rapor Hakkında,",https://www.kap.org.tr/tr/Bildirim/1450924,tr,2025-06-23T14:32:20+00:00
2025-06-23,ZKBVR,KAP,ZKB VARLIK KİRALAMA A.Ş. - Pay Dışında Sermaye Piyasası Aracı İşlemlerine İlişkin Bildirim (Faizsiz),Pay Dışında Sermaye Piyasası Aracı İşlemlerine İlişkin Bildirim (Faizsiz) TRDZKBVA2513 ISIN Kodlu Yeşil Kira Sertifikası 2. Kupon oranı belirlenmesi hakkında GSMTK,https://www.kap.org.tr/tr/Bildirim/1451029,tr,2025-06-23T17:16:33+00:00
2025-06-24,AGROT,KAP,AGROTECH YÜKSEK TEKNOLOJİ VE YATIRIM A.Ş. - Özel Durum Açıklaması (Genel),Özel Durum Açıklaması (Genel) Bağlı Ortaklıklarımızın Ünvan ve Faaliyet Alanı Değişiklikleri Hakkında,https://www.kap.org.tr/tr/Bildirim/1451541,tr,2025-06-24T18:16:06+00:00
2025-06-24,AHGAZ,KAP,AHLATCI DOĞAL GAZ DAĞITIM ENERJİ VE YATIRIM A.Ş. - Payların Geri Alınmasına İlişkin Bildirim,Payların Geri Alınmasına İlişkin Bildirim 24.06.2025 Tarihli Pay Geri Alım İşlemleri,https://www.kap.org.tr/tr/Bildirim/1451569,tr,2025-06-24T18:36:46+00:00
2025-06-24,AHGAZ,KAP,AHLATCI DOĞAL GAZ DAĞITIM ENERJİ VE YATIRIM A.Ş. - Özel Durum Açıklaması (Genel),Özel Durum Açıklaması (Genel) Dolaylı Bağlı Ortaklığımız Ahlatcı Altın İşletmeleri A.Ş. Hk.,https://www.kap.org.tr/tr/Bildirim/1451379,tr,2025-06-24T16:33:10+00:00
2025-06-24,AKBNK,KAP,AKBANK T.A.Ş. - Pay Dışında Sermaye Piyasası Aracı İşlemlerine İlişkin Bildirim (Faiz İçeren),Pay Dışında Sermaye Piyasası Aracı İşlemlerine İlişkin Bildirim (Faiz İçeren) Yurtdışı Piyasalara Tahvil İhracı,https://www.kap.org.tr/tr/Bildirim/1451413,tr,2025-06-24T17:20:27+00:00
2025-06-24,AKDFA,KAP,AKDENİZ FAKTORİNG A.Ş. - Pay Dışında Sermaye Piyasası Aracı İşlemlerine İlişkin Bildirim (Faiz İçeren),Pay Dışında Sermaye Piyasası Aracı İşlemlerine İlişkin Bildirim (Faiz İçeren) TRFAKDN62523 Isın 4 Kupon Faiz oranı,https://www.kap.org.tr/tr/Bildirim/1451402,tr,2025-06-24T17:08:49+00:00
2025-06-24,AKFIS,KAP,AKFEN İNŞAAT TURİZM VE TİCARET A.Ş. - Payların Geri Alınmasına İlişkin Bildirim,Payların Geri Alınmasına İlişkin Bildirim 24.06.2025 Tarihli Pay Geri Alım İşlemleri Hk.,https://www.kap.org.tr/tr/Bildirim/1451558,tr,2025-06-24T18:28:57+00:00
2025-06-24,AKFIS,KAP,AKFEN İNŞAAT TURİZM VE TİCARET A.Ş. - İhale Süreci / Sonucu,İhale Süreci / Sonucu Hırvatistan/Zagreb Sağlık Merkezi Tesisinin Tam Yenileme İşleri İhalesi Hk.,https://www.kap.org.tr/tr/Bildirim/1451537,tr,2025-06-24T18:15:23+00:00
2025-06-24,AKFYE,KAP,AKFEN YENİLENEBİLİR ENERJİ A.Ş. - Payların Geri Alınmasına İlişkin Bildirim,Payların Geri Alınmasına İlişkin Bildirim 24.06.2025 Tarihli Pay Geri Alım İşlemleri Hk.,https://www.kap.org.tr/tr/Bildirim/1451586,tr,2025-06-24T19:30:54+00:00
2025-06-24,AKM,KAP,AK YATIRIM MENKUL DEĞERLER A.Ş. - Şirket Genel Bilgi Formu,Şirket Genel Bilgi Formu,https://www.kap.org.tr/tr/Bildirim/1451511,tr,2025-06-24T18:11:44+00:00
2025-06-24,AKMEN,KAP,AK YATIRIM MENKUL DEĞERLER A.Ş. - Şirket Genel Bilgi Formu,Şirket Genel Bilgi Formu,https://www.kap.org.tr/tr/Bildirim/1451511,tr,2025-06-24T18:11:44+00:00
2025-06-24,ALARK,KAP,ALARKO HOLDİNG A.Ş. - Özel Durum Açıklaması (Genel),Özel Durum Açıklaması (Genel) Bağlı Ortaklığımız Nata Tarım Üretim ve Ticaret A.Ş.' ye Devredilmek Suretiyle Birleşen Şirketlerimiz Hakkında,https://www.kap.org.tr/tr/Bildirim/1451566,tr,2025-06-24T18:33:58+00:00
2025-06-24,ALJF,KAP,ALJ FİNANSMAN A.Ş. - Pay Dışında Sermaye Piyasası Aracı İşlemlerine İlişkin Bildirim (Faiz İçeren),Pay Dışında Sermaye Piyasası Aracı İşlemlerine İlişkin Bildirim (Faiz İçeren) TRFALJF92513 ISIN kodlu finansman bonosunun kupon ödemesi,https://www.kap.org.tr/tr/Bildirim/1451280,tr,2025-06-24T12:02:59+00:00
2025-06-24,ALNUS,KAP,ALNUS YATIRIM MENKUL DEĞERLER A.Ş. - Pay Alım Satım Bildirimi,Pay Alım Satım Bildirimi DERHL Pay Satım Bildirimi DERHL,https://www.kap.org.tr/tr/Bildirim/1451420,tr,2025-06-24T17:37:06+00:00
2025-06-24,ALVES,KAP,ALVES KABLO SANAYİ VE TİCARET A.Ş. - Özel Durum Açıklaması (Genel),"Özel Durum Açıklaması (Genel) 2024 Yılı Sürdürülebilirlik Raporunun Güvence Denetimine Tabi Tutulması, Güvence Denetimi Yapacak Bağımsız Denetim Şirket Seçimi",https://www.kap.org.tr/tr/Bildirim/1451560,tr,2025-06-24T18:29:31+00:00
2025-06-24,ANC,KAP,ALNUS YATIRIM MENKUL DEĞERLER A.Ş. - Pay Alım Satım Bildirimi,Pay Alım Satım Bildirimi DERHL Pay Satım Bildirimi DERHL,https://www.kap.org.tr/tr/Bildirim/1451420,tr,2025-06-24T17:37:06+00:00
2025-06-24,ARZUM,KAP,ARZUM ELEKTRİKLİ EV ALETLERİ SANAYİ VE TİCARET A.Ş. - Pay Dışında Sermaye Piyasası Aracı İşlemlerine İlişkin Bildirim (Faiz İçeren),Pay Dışında Sermaye Piyasası Aracı İşlemlerine İlişkin Bildirim (Faiz İçeren) Finansman Bonosu İhracına İlişkin Nitelikli Yatırımcıya Satışın Tamamlanması,https://www.kap.org.tr/tr/Bildirim/1451301,tr,2025-06-24T13:23:47+00:00
2025-06-24,ASGYO,KAP,ASCE GAYRİMENKUL YATIRIM ORTAKLIĞI A.Ş. - Payların Geri Alınmasına İlişkin Bildirim,Payların Geri Alınmasına İlişkin Bildirim 24.06.2025 Tarihli Pay Geri Alım İşlemleri,https://www.kap.org.tr/tr/Bildirim/1451596,tr,2025-06-24T21:05:38+00:00
2025-06-24,ATAGY,KAP,ATA GAYRİMENKUL YATIRIM ORTAKLIĞI A.Ş. - Bağımsız Denetim Kuruluşunun Belirlenmesi,Bağımsız Denetim Kuruluşunun Belirlenmesi Bağımsız Denetim Kuruluşunun Belirlenmesi,https://www.kap.org.tr/tr/Bildirim/1451330,tr,2025-06-24T14:36:46+00:00
2025-06-24,BALAT,KAP,BALATACILAR BALATACILIK SANAYİ VE TİCARET A.Ş. - Şirket Genel Bilgi Formu,Şirket Genel Bilgi Formu,https://www.kap.org.tr/tr/Bildirim/1451599,tr,2025-06-24T21:55:12+00:00
2025-06-24,BAYRK,KAP,BAYRAK EBT TABAN SANAYİ VE TİCARET A.Ş. - Genel Kurul İşlemlerine İlişkin Bildirim,Genel Kurul İşlemlerine İlişkin Bildirim Genel Kurul Karar Tescili,https://www.kap.org.tr/tr/Bildirim/1451594,tr,2025-06-24T20:48:41+00:00
2025-06-24,BIENY,KAP,BİEN YAPI ÜRÜNLERİ SANAYİ TURİZM VE TİCARET A.Ş. - Pay Dışında Sermaye Piyasası Aracı İşlemlerine İlişkin Bildirim (Faiz İçeren),Pay Dışında Sermaye Piyasası Aracı İşlemlerine İlişkin Bildirim (Faiz İçeren) Eurobond ihracının tamamlanması,https://www.kap.org.tr/tr/Bildirim/1451549,tr,2025-06-24T18:20:07+00:00
2025-06-24,BIMAS,KAP,BİM BİRLEŞİK MAĞAZALAR A.Ş. - Özel Durum Açıklaması (Genel),Özel Durum Açıklaması (Genel) Üst düzey yönetici değişikliği,https://www.kap.org.tr/tr/Bildirim/1451483,tr,2025-06-24T18:01:08+00:00
2025-06-24,BORLS,KAP,BORLEASE OTOMOTİV A.Ş. - Pay Dışında Sermaye Piyasası Aracı İşlemlerine İlişkin Bildirim (Faiz İçeren),Pay Dışında Sermaye Piyasası Aracı İşlemlerine İlişkin Bildirim (Faiz İçeren) TRFBORL32611 ISIN KODLU BORÇLANMA ARACININ KUPON ORANININ BELİRLENMESİ,https://www.kap.org.tr/tr/Bildirim/1451575,tr,2025-06-24T18:53:55+00:00
2025-06-24,BORLS,KAP,BORLEASE OTOMOTİV A.Ş. - Payların Geri Alınmasına İlişkin Bildirim,Payların Geri Alınmasına İlişkin Bildirim 24.06.2025 Tarihli Pay Geri Alım Bildirimi,https://www.kap.org.tr/tr/Bildirim/1451563,tr,2025-06-24T18:30:16+00:00
2025-06-24,BRGFK,KAP,BURGAN FİNANSAL KİRALAMA A.Ş. - Pay Dışında Sermaye Piyasası Aracı İşlemlerine İlişkin Bildirim (Faiz İçeren),Pay Dışında Sermaye Piyasası Aracı İşlemlerine İlişkin Bildirim (Faiz İçeren) TRFBUFKA2516 ISIN Kodlu Tahvil İhracı,https://www.kap.org.tr/tr/Bildirim/1451488,tr,2025-06-24T18:01:49+00:00
2025-06-24,BRGFK,KAP,BURGAN FİNANSAL KİRALAMA A.Ş. - İhraç Tavanına İlişkin Bildirim,İhraç Tavanına İlişkin Bildirim Borçlanma Araçları İhracına İlişkin SPK Onayı ve İhraç Belgesi,https://www.kap.org.tr/tr/Bildirim/1451417,tr,2025-06-24T17:30:34+00:00
2025-06-24,BSOKE,KAP,BATISÖKE SÖKE ÇİMENTO SANAYİİ T.A.Ş. - Bağımsız Denetim Kuruluşunun Belirlenmesi,Bağımsız Denetim Kuruluşunun Belirlenmesi Bağımsız Denetim Şirketinin Seçimi Hk.,https://www.kap.org.tr/tr/Bildirim/1451305,tr,2025-06-24T13:28:53+00:00
2025-06-24,BSOKE,KAP,BATISÖKE SÖKE ÇİMENTO SANAYİİ T.A.Ş. - Genel Kurul İşlemlerine İlişkin Bildirim,Genel Kurul İşlemlerine İlişkin Bildirim 2024 Yılı Hesap Dönemine Ait Olağan Genel Kurul Toplantısı Tescili Hk.,https://www.kap.org.tr/tr/Bildirim/1451304,tr,2025-06-24T13:28:26+00:00
2025-06-24,BSRFK,KAP,BAŞER FİNANS FAKTORİNG A.Ş. - Genel Kurul Bildirimi,Genel Kurul Bildirimi Başer Finans Faktoring A.Ş. 2024 Olağan Genel Kurul Toplantısı,https://www.kap.org.tr/tr/Bildirim/1451552,tr,2025-06-24T18:24:28+00:00
2025-06-24,BTCIM,KAP,BATIÇİM BATI ANADOLU ÇİMENTO SANAYİİ A.Ş. - Esas Sözleşme,Esas Sözleşme Esas Sözleşme Hk.,https://www.kap.org.tr/tr/Bildirim/1451341,tr,2025-06-24T15:21:35+00:00
2025-06-24,BTCIM,KAP,BATIÇİM BATI ANADOLU ÇİMENTO SANAYİİ A.Ş. - Kayıtlı Sermaye Tavanı İşlemlerine İlişkin Bildirim,Kayıtlı Sermaye Tavanı İşlemlerine İlişkin Bildirim Kayıtlı Sermaye Tavan Artışı ve Süre Uzatımı Tescili Hk.,https://www.kap.org.tr/tr/Bildirim/1451340,tr,2025-06-24T15:21:21+00:00
2025-06-24,BTCIM,KAP,BATIÇİM BATI ANADOLU ÇİMENTO SANAYİİ A.Ş. - Bağımsız Denetim Kuruluşunun Belirlenmesi,Bağımsız Denetim Kuruluşunun Belirlenmesi Bağımsız Denetim Şirketinin Seçimi Hk.,https://www.kap.org.tr/tr/Bildirim/1451335,tr,2025-06-24T14:59:29+00:00
2025-06-24,BTCIM,KAP,BATIÇİM BATI ANADOLU ÇİMENTO SANAYİİ A.Ş. - Genel Kurul İşlemlerine İlişkin Bildirim,Genel Kurul İşlemlerine İlişkin Bildirim 2024 Yılı Hesap Dönemine Ait Olağan Genel Kurul Toplantısı Tescili Hk.,https://www.kap.org.tr/tr/Bildirim/1451334,tr,2025-06-24T14:59:03+00:00
2025-06-24,BTCIM,KAP,BATIÇİM BATI ANADOLU ÇİMENTO SANAYİİ A.Ş. - Genel Kurul İşlemlerine İlişkin Bildirim,Genel Kurul İşlemlerine İlişkin Bildirim A Grubu Pay Sahipleri Özel Genel Kurul Toplantısı Tescili Hk.,https://www.kap.org.tr/tr/Bildirim/1451333,tr,2025-06-24T14:58:30+00:00
2025-06-24,CCOLA,KAP,COCA-COLA İÇECEK A.Ş. - İhraç Tavanına İlişkin Bildirim,İhraç Tavanına İlişkin Bildirim Yurt İçinde Borçlanma Aracı İhracına İlişkin SPK Başvurusu,https://www.kap.org.tr/tr/Bildirim/1451553,tr,2025-06-24T18:24:48+00:00
2025-06-24,CCOLA,KAP,COCA-COLA İÇECEK A.Ş. - Pay Dışında Sermaye Piyasası Aracı İşlemlerine İlişkin Bildirim (Faiz İçeren),Pay Dışında Sermaye Piyasası Aracı İşlemlerine İlişkin Bildirim (Faiz İçeren) TRSCOLA92612 ISIN Kodlu Tahvilin 3. Kupon Faiz Oranının Belirlenmesi,https://www.kap.org.tr/tr/Bildirim/1451551,tr,2025-06-24T18:23:52+00:00
2025-06-24,CEOEM,KAP,CEO EVENT MEDYA A.Ş. - Kar Payı Dağıtım İşlemlerine İlişkin Bildirim,Kar Payı Dağıtım İşlemlerine İlişkin Bildirim KAR PAYI DAĞITIM İŞLEMLERİ HAKKINDA,https://www.kap.org.tr/tr/Bildirim/1451182,tr,2025-06-24T09:15:03+00:00
2025-06-24,CEOEM,KAP,CEO EVENT MEDYA A.Ş. - Genel Kurul İşlemlerine İlişkin Bildirim,Genel Kurul İşlemlerine İlişkin Bildirim 2024 YILI OLAĞAN GENEL KURUL TOPLANTISI HAKKINDA,https://www.kap.org.tr/tr/Bildirim/1451180,tr,2025-06-24T09:11:54+00:00
2025-06-24,CRDFA,KAP,CREDITWEST FAKTORİNG A.Ş. - Pay Dışında Sermaye Piyasası Aracı İşlemlerine İlişkin Bildirim (Faiz İçeren),Pay Dışında Sermaye Piyasası Aracı İşlemlerine İlişkin Bildirim (Faiz İçeren) TRFTPFC62512 ISIN KODLU FİNANSMAN BONOSU 4. KUPON ORANI BELİRLENMESİ,https://www.kap.org.tr/tr/Bildirim/1451416,tr,2025-06-24T17:30:30+00:00
2025-06-24,DARDL,KAP,DARDANEL ÖNENTAŞ GIDA SANAYİ A.Ş. - İhraç Tavanına İlişkin Bildirim,İhraç Tavanına İlişkin Bildirim Yurtiçinde Kira Sertifikası İhracına İlişkin Yönetim Kurulu Kararı Hk. ATAVK,https://www.kap.org.tr/tr/Bildirim/1451356,tr,2025-06-24T16:00:28+00:00
2025-06-24,DCTTR,KAP,DCT TRADİNG DIŞ TİCARET A.Ş. - Şirket Genel Bilgi Formu,Şirket Genel Bilgi Formu,https://www.kap.org.tr/tr/Bildirim/1451571,tr,2025-06-24T18:43:11+00:00
2025-06-24,DSTKF,KAP,DESTEK FİNANS FAKTORİNG A.Ş. - İhraç Tavanına İlişkin Bildirim,İhraç Tavanına İlişkin Bildirim Borçlanma Aracı İhraç Başvurusu,https://www.kap.org.tr/tr/Bildirim/1451299,tr,2025-06-24T13:03:56+00:00
2025-06-24,DURDO,KAP,DURAN DOĞAN BASIM VE AMBALAJ SANAYİ A.Ş. - Genel Kurul İşlemlerine İlişkin Bildirim,Genel Kurul İşlemlerine İlişkin Bildirim 2024 Yılı Olağan Genel Kurul Toplantı Tescili,https://www.kap.org.tr/tr/Bildirim/1451328,tr,2025-06-24T14:28:24+00:00
2025-06-24,DYOBY,KAP,DYO BOYA FABRİKALARI SANAYİ VE TİCARET A.Ş. - Pay Dışında Sermaye Piyasası Aracı İşlemlerine İlişkin Bildirim (Faiz İçeren),Pay Dışında Sermaye Piyasası Aracı İşlemlerine İlişkin Bildirim (Faiz İçeren) TRFDYBY92518 ISIN Kodlu Finansman Bonosunun 3. Kupon Ödemesi,https://www.kap.org.tr/tr/Bildirim/1451380,tr,2025-06-24T16:37:24+00:00
2025-06-24,DZGYO,KAP,DENİZ GAYRİMENKUL YATIRIM ORTAKLIĞI A.Ş. - Kar Dağıtım Politikası,Kar Dağıtım Politikası Kar Dağıtım Politikası,https://www.kap.org.tr/tr/Bildirim/1451580,tr,2025-06-24T19:12:44+00:00
2025-06-24,DZGYO,KAP,DENİZ GAYRİMENKUL YATIRIM ORTAKLIĞI A.Ş. - Özel Durum Açıklaması (Genel),Özel Durum Açıklaması (Genel) Üst yönetim değişikliği hk.,https://www.kap.org.tr/tr/Bildirim/1451579,tr,2025-06-24T19:10:44+00:00
2025-06-24,EDATA,KAP,E-DATA TEKNOLOJİ PAZARLAMA A.Ş. - Kar Payı Dağıtım İşlemlerine İlişkin Bildirim,Kar Payı Dağıtım İşlemlerine İlişkin Bildirim 2024 Yılı Kar Payı Dağıtımına İlişkin Genel Kurul Kararı,https://www.kap.org.tr/tr/Bildirim/1451292,tr,2025-06-24T12:37:24+00:00
2025-06-24,EDATA,KAP,E-DATA TEKNOLOJİ PAZARLAMA A.Ş. - Bağımsız Denetim Kuruluşunun Belirlenmesi,Bağımsız Denetim Kuruluşunun Belirlenmesi Denetim Şirketinin Belirlenmesi,https://www.kap.org.tr/tr/Bildirim/1451290,tr,2025-06-24T12:28:35+00:00
2025-06-24,EDATA,KAP,E-DATA TEKNOLOJİ PAZARLAMA A.Ş. - Genel Kurul İşlemlerine İlişkin Bildirim,Genel Kurul İşlemlerine İlişkin Bildirim 2024 Yılı Genel Kurul İşlemleri Hakkında,https://www.kap.org.tr/tr/Bildirim/1451289,tr,2025-06-24T12:27:06+00:00
2025-06-24,EGEEN,KAP,EGE ENDÜSTRİ VE TİCARET A.Ş. - Şirket Genel Bilgi Formu,Şirket Genel Bilgi Formu,https://www.kap.org.tr/tr/Bildirim/1451175,tr,2025-06-24T08:06:59+00:00
2025-06-24,EKOFA,KAP,EKO FAKTORİNG A.Ş. - Pay Dışında Sermaye Piyasası Aracı İşlemlerine İlişkin Bildirim (Faiz İçeren),Pay Dışında Sermaye Piyasası Aracı İşlemlerine İlişkin Bildirim (Faiz İçeren) TRFEKOF92517 ISIN KODLU BONO 3.KUPON FAİZ BİLDİRİMİ,https://www.kap.org.tr/tr/Bildirim/1451444,tr,2025-06-24T17:45:05+00:00
2025-06-24,EKOFA,KAP,EKO FAKTORİNG A.Ş. - Pay Dışında Sermaye Piyasası Aracı İşlemlerine İlişkin Bildirim (Faiz İçeren),Pay Dışında Sermaye Piyasası Aracı İşlemlerine İlişkin Bildirim (Faiz İçeren) TRFEKOF92525 ISIN KODLU BONO 1.KUPON ÖDEMESİ,https://www.kap.org.tr/tr/Bildirim/1451443,tr,2025-06-24T17:44:20+00:00
2025-06-24,EMVAR,KAP,EMLAK VARLIK KİRALAMA A.Ş. - Pay Dışında Sermaye Piyasası Aracı İşlemlerine İlişkin Bildirim (Faizsiz),Pay Dışında Sermaye Piyasası Aracı İşlemlerine İlişkin Bildirim (Faizsiz) TRDEMVKA2523 ISIN Kodlu Kira Sertifikasının 2.Dönemsel Kira Ödemesi Hk. ALFIN,https://www.kap.org.tr/tr/Bildirim/1451302,tr,2025-06-24T13:26:57+00:00
2025-06-24,ENDAE,KAP,ENDA ENERJİ HOLDİNG A.Ş. - Özel Durum Açıklaması (Genel),Özel Durum Açıklaması (Genel) Enda Enerji Holding A.Ş. Ve Bağlı Ortaklıklarının Su Ayak İzi Belgelerini Alması Hakkında,https://www.kap.org.tr/tr/Bildirim/1451327,tr,2025-06-24T14:23:29+00:00
2025-06-24,ENERY,KAP,ENERYA ENERJİ A.Ş. - Payların Geri Alınmasına İlişkin Bildirim,Payların Geri Alınmasına İlişkin Bildirim 24.06.2025 Tarihli Pay Geri Alım İşlemleri,https://www.kap.org.tr/tr/Bildirim/1451570,tr,2025-06-24T18:37:26+00:00
2025-06-24,ENERY,KAP,ENERYA ENERJİ A.Ş. - Özel Durum Açıklaması (Genel),Özel Durum Açıklaması (Genel) Ahlatcı Altın İşletmeleri A.Ş. Hk.,https://www.kap.org.tr/tr/Bildirim/1451378,tr,2025-06-24T16:32:54+00:00
2025-06-24,ERCB,KAP,ERCİYAS ÇELİK BORU SANAYİ A.Ş. - Özel Durum Açıklaması (Genel),Özel Durum Açıklaması (Genel) Yatırımcı İlişkileri Müdürü Atamasına İlişkin Süre Uzatımı,https://www.kap.org.tr/tr/Bildirim/1451600,tr,2025-06-24T22:33:59+00:00
2025-06-24,ETYAT,KAP,EURO TREND YATIRIM ORTAKLIĞI A.Ş. - Özel Durum Açıklaması (Genel),"Özel Durum Açıklaması (Genel) BİAŞ'da oluşan ağırlıklı ortalama fiyatın,pay başına net aktif değerin 2 katını aşması",https://www.kap.org.tr/tr/Bildirim/1451298,tr,2025-06-24T12:50:26+00:00
2025-06-24,EUKYO,KAP,EURO KAPİTAL YATIRIM ORTAKLIĞI A.Ş. - Özel Durum Açıklaması (Genel),"Özel Durum Açıklaması (Genel) BİAŞ'da oluşan ağırlıklı ortalama fiyatın,pay başına net aktif değerin 2 katını aşması",https://www.kap.org.tr/tr/Bildirim/1451296,tr,2025-06-24T12:48:56+00:00
2025-06-24,EUYO,KAP,EURO MENKUL KIYMET YATIRIM ORTAKLIĞI A.Ş. - Özel Durum Açıklaması (Genel),"Özel Durum Açıklaması (Genel) BİAŞ'da oluşan ağırlıklı ortalama fiyatın,pay başına net aktif değerin 2 katını aşması",https://www.kap.org.tr/tr/Bildirim/1451295,tr,2025-06-24T12:44:00+00:00
2025-06-24,EXIMB,KAP,TÜRKİYE İHRACAT KREDİ BANKASI A.Ş. - Pay Dışında Sermaye Piyasası Aracı İşlemlerine İlişkin Bildirim (Faiz İçeren),Pay Dışında Sermaye Piyasası Aracı İşlemlerine İlişkin Bildirim (Faiz İçeren) GMTN programı çerçevesinde yurt dışında borçlanma aracı ihracı,https://www.kap.org.tr/tr/Bildirim/1451351,tr,2025-06-24T15:50:31+00:00
2025-06-24,EXIMB,KAP,TÜRKİYE İHRACAT KREDİ BANKASI A.Ş. - İhraç Tavanına İlişkin Bildirim,İhraç Tavanına İlişkin Bildirim Yurt Dışı Tahvil İhracı,https://www.kap.org.tr/tr/Bildirim/1451326,tr,2025-06-24T14:22:47+00:00
2025-06-24,EXIMB,KAP,TÜRKİYE İHRACAT KREDİ BANKASI A.Ş. - Pay Dışında Sermaye Piyasası Aracı İşlemlerine İlişkin Bildirim (Faiz İçeren),Pay Dışında Sermaye Piyasası Aracı İşlemlerine İlişkin Bildirim (Faiz İçeren) XS2966355377 ISIN Kodlu Finansman Bonosunun İtfası Hk,https://www.kap.org.tr/tr/Bildirim/1451324,tr,2025-06-24T14:15:33+00:00
2025-06-24,EXIMB,KAP,TÜRKİYE İHRACAT KREDİ BANKASI A.Ş. - Pay Dışında Sermaye Piyasası Aracı İşlemlerine İlişkin Bildirim (Faiz İçeren),Pay Dışında Sermaye Piyasası Aracı İşlemlerine İlişkin Bildirim (Faiz İçeren) XS2965510667 ISIN Kodlu Finansman Bonosunun İtfası Hk,https://www.kap.org.tr/tr/Bildirim/1451323,tr,2025-06-24T14:15:04+00:00
2025-06-24,FIN,KAP,QNB BANK A.Ş. - Şirket Genel Bilgi Formu,Şirket Genel Bilgi Formu,https://www.kap.org.tr/tr/Bildirim/1451381,tr,2025-06-24T16:39:00+00:00
2025-06-24,FIN,KAP,QNB BANK A.Ş. - Şirket Genel Bilgi Formu,Şirket Genel Bilgi Formu,https://www.kap.org.tr/tr/Bildirim/1451368,tr,2025-06-24T16:25:18+00:00
2025-06-24,FIN,KAP,QNB BANK A.Ş. - Özel Durum Açıklaması (Genel),Özel Durum Açıklaması (Genel) Enpara Bank A.Ş. kısmi bölünme işlemi için BDDK onayının alınması hk.,https://www.kap.org.tr/tr/Bildirim/1451184,tr,2025-06-24T09:37:38+00:00
2025-06-24,GARAN,KAP,TÜRKİYE GARANTİ BANKASI A.Ş. - Özel Durum Açıklaması (Genel),Özel Durum Açıklaması (Genel) Yurt dışında sermaye benzeri tahvil ihracı,https://www.kap.org.tr/tr/Bildirim/1451236,tr,2025-06-24T10:45:02+00:00
2025-06-24,GOODY,KAP,GOODYEAR LASTİKLERİ T.A.Ş. - Bağımsız Denetim Kuruluşunun Belirlenmesi,Bağımsız Denetim Kuruluşunun Belirlenmesi Bağımsız Denetim Kuruluşunun Tescili - Finansal Raporlar,https://www.kap.org.tr/tr/Bildirim/1451400,tr,2025-06-24T17:06:35+00:00
2025-06-24,GOODY,KAP,GOODYEAR LASTİKLERİ T.A.Ş. - Genel Kurul İşlemlerine İlişkin Bildirim,Genel Kurul İşlemlerine İlişkin Bildirim Olağan Genel Kurul Toplantısı Kararları Tescili,https://www.kap.org.tr/tr/Bildirim/1451367,tr,2025-06-24T16:21:01+00:00
2025-06-24,GRNYO,KAP,GARANTİ YATIRIM ORTAKLIĞI A.Ş. - Özel Durum Açıklaması (Genel),"Özel Durum Açıklaması (Genel) Paylarının BİAŞ'ta oluşan ağırlıklı ortalama fiyatının, pay başına net aktif değerinin 2 katını aşması hakkında.",https://www.kap.org.tr/tr/Bildirim/1451185,tr,2025-06-24T09:43:31+00:00
2025-06-24,GZNMI,KAP,GEZİNOMİ SEYAHAT TURİZM TİCARET A.Ş. - Pay Dışında Sermaye Piyasası Aracı İşlemlerine İlişkin Bildirim (Faiz İçeren),Pay Dışında Sermaye Piyasası Aracı İşlemlerine İlişkin Bildirim (Faiz İçeren) TRFGZNM62511 ISIN Kodlu Borçlanma Aracının Kupon Oranına İlişkin Açıklama,https://www.kap.org.tr/tr/Bildirim/1451370,tr,2025-06-24T16:28:15+00:00
2025-06-24,HALKB,KAP,TÜRKİYE HALK BANKASI A.Ş. - Pay Dışında Sermaye Piyasası Aracı İşlemlerine İlişkin Bildirim (Faiz İçeren),Pay Dışında Sermaye Piyasası Aracı İşlemlerine İlişkin Bildirim (Faiz İçeren) Yurtiçinde Nitelikli Yatırımcılara Sermaye Benzeri Tahvil Kupon İtfası,https://www.kap.org.tr/tr/Bildirim/1451281,tr,2025-06-24T12:03:56+00:00
2025-06-24,HATSN,KAP,HAT-SAN GEMİ İNŞAA BAKIM ONARIM DENİZ NAKLİYAT SANAYİ VE TİCARET A.Ş. - Bağımsız Denetim Kuruluşunun Belirlenmesi,"Bağımsız Denetim Kuruluşunun Belirlenmesi Bağımsız Denetim Şirketi Seçimi Hakkında,",https://www.kap.org.tr/tr/Bildirim/1451583,tr,2025-06-24T19:19:09+00:00
2025-06-24,HATSN,KAP,HAT-SAN GEMİ İNŞAA BAKIM ONARIM DENİZ NAKLİYAT SANAYİ VE TİCARET A.Ş. - Kar Payı Dağıtım İşlemlerine İlişkin Bildirim,"Kar Payı Dağıtım İşlemlerine İlişkin Bildirim 2024 Yılı Kar Payı Dağıtım İşlemleri Hakkında,",https://www.kap.org.tr/tr/Bildirim/1451577,tr,2025-06-24T19:06:38+00:00
2025-06-24,HATSN,KAP,HAT-SAN GEMİ İNŞAA BAKIM ONARIM DENİZ NAKLİYAT SANAYİ VE TİCARET A.Ş. - Genel Kurul İşlemlerine İlişkin Bildirim,"Genel Kurul İşlemlerine İlişkin Bildirim 2024 Yılı Olağan Genel Kurul Toplantısı Hakkında,",https://www.kap.org.tr/tr/Bildirim/1451576,tr,2025-06-24T19:01:58+00:00
2025-06-24,HEDEF,KAP,HEDEF HOLDİNG A.Ş. - Şirket Genel Bilgi Formu,Şirket Genel Bilgi Formu,https://www.kap.org.tr/tr/Bildirim/1451528,tr,2025-06-24T18:12:59+00:00
2025-06-24,HEDEF,KAP,HEDEF HOLDİNG A.Ş. - Finansal Duran Varlık Edinimi,"Finansal Duran Varlık Edinimi Şirketimizin Finansal Duran Varlık Edinimi hk. PSDTC, VSNMD",https://www.kap.org.tr/tr/Bildirim/1451525,tr,2025-06-24T18:12:34+00:00
2025-06-24,HLGYO,KAP,HALK GAYRİMENKUL YATIRIM ORTAKLIĞI A.Ş. - Finansal Duran Varlık Edinimi,Finansal Duran Varlık Edinimi Finansal Duran Varlık Edinimi PSGYO,https://www.kap.org.tr/tr/Bildirim/1451598,tr,2025-06-24T21:11:53+00:00
2025-06-24,HLGYO,KAP,HALK GAYRİMENKUL YATIRIM ORTAKLIĞI A.Ş. - Finansal Duran Varlık Edinimi,Finansal Duran Varlık Edinimi Finansal Duran Varlık Edinimi PSGYO,https://www.kap.org.tr/tr/Bildirim/1451597,tr,2025-06-24T21:11:35+00:00
2025-06-24,HLVKS,KAP,HALK VARLIK KİRALAMA A.Ş. - Pay Dışında Sermaye Piyasası Aracı İşlemlerine İlişkin Bildirim (Faizsiz),Pay Dışında Sermaye Piyasası Aracı İşlemlerine İlişkin Bildirim (Faizsiz) Yurt İçi Kira Sertifikası İhracı Nitelikli Yatırımcıya Satışın Tamamlanması hk. HLGYO,https://www.kap.org.tr/tr/Bildirim/1451547,tr,2025-06-24T18:18:57+00:00
2025-06-24,HLVKS,KAP,HALK VARLIK KİRALAMA A.Ş. - Tertip İhraç Belgesi,Tertip İhraç Belgesi Emlak Konut GYO 4.Tertip İhraç Belgesi EKGYO,https://www.kap.org.tr/tr/Bildirim/1451223,tr,2025-06-24T10:26:56+00:00
2025-06-24,HOROZ,KAP,HOROZ LOJİSTİK KARGO HİZMETLERİ VE TİCARET A.Ş. - Bağımsız Denetim Kuruluşunun Belirlenmesi,Bağımsız Denetim Kuruluşunun Belirlenmesi Bağımsız denetim şirketinin tescil edilmesi,https://www.kap.org.tr/tr/Bildirim/1451349,tr,2025-06-24T15:42:57+00:00
2025-06-24,HOROZ,KAP,HOROZ LOJİSTİK KARGO HİZMETLERİ VE TİCARET A.Ş. - Genel Kurul İşlemlerine İlişkin Bildirim,Genel Kurul İşlemlerine İlişkin Bildirim Genel kurulun tescil edilmesi,https://www.kap.org.tr/tr/Bildirim/1451339,tr,2025-06-24T15:18:07+00:00
2025-06-24,HUZFA,KAP,HUZUR FAKTORİNG A.Ş. - Pay Dışında Sermaye Piyasası Aracı İşlemlerine İlişkin Bildirim (Faiz İçeren),Pay Dışında Sermaye Piyasası Aracı İşlemlerine İlişkin Bildirim (Faiz İçeren) TRFHZRF92511 ISIN KODLU BONONUN 3. KUPON ORANI BELİRLENMESİ,https://www.kap.org.tr/tr/Bildirim/1451390,tr,2025-06-24T16:49:53+00:00
2025-06-24,ICUGS,KAP,ICU GİRİŞİM SERMAYESİ YATIRIM ORTAKLIĞI A.Ş. - Kayıtlı Sermaye Tavanı İşlemlerine İlişkin Bildirim,Kayıtlı Sermaye Tavanı İşlemlerine İlişkin Bildirim Kayıtlı Sermaye Tavanının Artırılmasına İlişkin Yönetim Kurulu Kararı,https://www.kap.org.tr/tr/Bildirim/1451320,tr,2025-06-24T14:02:26+00:00
2025-06-24,ICUGS,KAP,ICU GİRİŞİM SERMAYESİ YATIRIM ORTAKLIĞI A.Ş. - Sermaye Artırımı - Azaltımı İşlemlerine İlişkin Bildirim,Sermaye Artırımı - Azaltımı İşlemlerine İlişkin Bildirim Sermaye Arttırımı Tescili,https://www.kap.org.tr/tr/Bildirim/1451300,tr,2025-06-24T13:21:20+00:00
2025-06-24,IEYHO,KAP,IŞIKLAR ENERJİ VE YAPI HOLDİNG A.Ş. - Genel Kurul İşlemlerine İlişkin Bildirim,Genel Kurul İşlemlerine İlişkin Bildirim 2024 Yılı Olağan Genel Kurul Toplantısının Tescili Hk.da,https://www.kap.org.tr/tr/Bildirim/1451357,tr,2025-06-24T16:03:13+00:00
2025-06-24,INGRM,KAP,INGRAM MİCRO BİLİŞİM SİSTEMLERİ A.Ş. - Genel Kurul İşlemlerine İlişkin Bildirim,Genel Kurul İşlemlerine İlişkin Bildirim 2024 Olağan Genel Kurul Kararları'nın Tescili Hakkında,https://www.kap.org.tr/tr/Bildirim/1451363,tr,2025-06-24T16:06:37+00:00
2025-06-24,ISATR,KAP,TÜRKİYE İŞ BANKASI A.Ş. - Ortaklık Aleyhine Dava Açılması veya Davaya İlişkin Gelişmeler,Ortaklık Aleyhine Dava Açılması veya Davaya İlişkin Gelişmeler Bankamıza Açılan Dava Hakkında,https://www.kap.org.tr/tr/Bildirim/1451582,tr,2025-06-24T19:17:57+00:00
2025-06-24,ISATR,KAP,TÜRKİYE İŞ BANKASI A.Ş. - Pay Alım Satım Bildirimi,Pay Alım Satım Bildirimi Türkiye Şişe ve Cam Fabrikaları A.Ş. Pay Alım İşlemleri Hakkında SISE,https://www.kap.org.tr/tr/Bildirim/1451546,tr,2025-06-24T18:18:26+00:00
2025-06-24,ISATR,KAP,TÜRKİYE İŞ BANKASI A.Ş. - Pay Alım Satım Bildirimi,Pay Alım Satım Bildirimi İş Gayrimenkul Yatırım Ortaklığı A.Ş. Pay Alım İşlemleri Hakkında ISGYO,https://www.kap.org.tr/tr/Bildirim/1451545,tr,2025-06-24T18:18:03+00:00
2025-06-24,ISBTR,KAP,TÜRKİYE İŞ BANKASI A.Ş. - Ortaklık Aleyhine Dava Açılması veya Davaya İlişkin Gelişmeler,Ortaklık Aleyhine Dava Açılması veya Davaya İlişkin Gelişmeler Bankamıza Açılan Dava Hakkında,https://www.kap.org.tr/tr/Bildirim/1451582,tr,2025-06-24T19:17:57+00:00
2025-06-24,ISBTR,KAP,TÜRKİYE İŞ BANKASI A.Ş. - Pay Alım Satım Bildirimi,Pay Alım Satım Bildirimi Türkiye Şişe ve Cam Fabrikaları A.Ş. Pay Alım İşlemleri Hakkında SISE,https://www.kap.org.tr/tr/Bildirim/1451546,tr,2025-06-24T18:18:26+00:00
2025-06-24,ISBTR,KAP,TÜRKİYE İŞ BANKASI A.Ş. - Pay Alım Satım Bildirimi,Pay Alım Satım Bildirimi İş Gayrimenkul Yatırım Ortaklığı A.Ş. Pay Alım İşlemleri Hakkında ISGYO,https://www.kap.org.tr/tr/Bildirim/1451545,tr,2025-06-24T18:18:03+00:00
2025-06-24,ISCTR,KAP,TÜRKİYE İŞ BANKASI A.Ş. - Ortaklık Aleyhine Dava Açılması veya Davaya İlişkin Gelişmeler,Ortaklık Aleyhine Dava Açılması veya Davaya İlişkin Gelişmeler Bankamıza Açılan Dava Hakkında,https://www.kap.org.tr/tr/Bildirim/1451582,tr,2025-06-24T19:17:57+00:00
2025-06-24,ISCTR,KAP,TÜRKİYE İŞ BANKASI A.Ş. - Pay Alım Satım Bildirimi,Pay Alım Satım Bildirimi Türkiye Şişe ve Cam Fabrikaları A.Ş. Pay Alım İşlemleri Hakkında SISE,https://www.kap.org.tr/tr/Bildirim/1451546,tr,2025-06-24T18:18:26+00:00
2025-06-24,ISCTR,KAP,TÜRKİYE İŞ BANKASI A.Ş. - Pay Alım Satım Bildirimi,Pay Alım Satım Bildirimi İş Gayrimenkul Yatırım Ortaklığı A.Ş. Pay Alım İşlemleri Hakkında ISGYO,https://www.kap.org.tr/tr/Bildirim/1451545,tr,2025-06-24T18:18:03+00:00
2025-06-24,ISFAK,KAP,İŞ FAKTORİNG A.Ş. - Pay Dışında Sermaye Piyasası Aracı İşlemlerine İlişkin Bildirim (Faiz İçeren),Pay Dışında Sermaye Piyasası Aracı İşlemlerine İlişkin Bildirim (Faiz İçeren) TRFISFA62521 ISIN Kodlu Bono İtfası,https://www.kap.org.tr/tr/Bildirim/1451278,tr,2025-06-24T11:49:14+00:00
2025-06-24,ISFAK,KAP,İŞ FAKTORİNG A.Ş. - Pay Dışında Sermaye Piyasası Aracı İşlemlerine İlişkin Bildirim (Faiz İçeren),Pay Dışında Sermaye Piyasası Aracı İşlemlerine İlişkin Bildirim (Faiz İçeren) Nitelikli Yatırımcıya Borçlanma Aracı İhracı,https://www.kap.org.tr/tr/Bildirim/1451276,tr,2025-06-24T11:48:24+00:00
2025-06-24,ISKUR,KAP,TÜRKİYE İŞ BANKASI A.Ş. - Ortaklık Aleyhine Dava Açılması veya Davaya İlişkin Gelişmeler,Ortaklık Aleyhine Dava Açılması veya Davaya İlişkin Gelişmeler Bankamıza Açılan Dava Hakkında,https://www.kap.org.tr/tr/Bildirim/1451582,tr,2025-06-24T19:17:57+00:00
2025-06-24,ISKUR,KAP,TÜRKİYE İŞ BANKASI A.Ş. - Pay Alım Satım Bildirimi,Pay Alım Satım Bildirimi Türkiye Şişe ve Cam Fabrikaları A.Ş. Pay Alım İşlemleri Hakkında SISE,https://www.kap.org.tr/tr/Bildirim/1451546,tr,2025-06-24T18:18:26+00:00
2025-06-24,ISKUR,KAP,TÜRKİYE İŞ BANKASI A.Ş. - Pay Alım Satım Bildirimi,Pay Alım Satım Bildirimi İş Gayrimenkul Yatırım Ortaklığı A.Ş. Pay Alım İşlemleri Hakkında ISGYO,https://www.kap.org.tr/tr/Bildirim/1451545,tr,2025-06-24T18:18:03+00:00
2025-06-24,ISMEN,KAP,İŞ YATIRIM MENKUL DEĞERLER A.Ş. - Yatırım Kuruluşu Varant - Sertifika - Senetlerine İlişkin Bildirim,Yatırım Kuruluşu Varant - Sertifika - Senetlerine İlişkin Bildirim Yatırım Kuruluşu Varantları İlk Satış Fiyatları,https://www.kap.org.tr/tr/Bildirim/1451365,tr,2025-06-24T16:11:29+00:00
2025-06-24,ISMEN,KAP,İŞ YATIRIM MENKUL DEĞERLER A.Ş. - Piyasa Yapıcılığı Kapsamında Gerçekleştirilen İşlemler Bildirimi,Piyasa Yapıcılığı Kapsamında Gerçekleştirilen İşlemler Bildirimi Borsa Yatırım Fonu Piyasa Yapıcılığı İşlemleri ISGLK,https://www.kap.org.tr/tr/Bildirim/1451240,tr,2025-06-24T10:48:32+00:00
2025-06-24,ISMEN,KAP,İŞ YATIRIM MENKUL DEĞERLER A.Ş. - Yatırım Kuruluşu Varant - Sertifika - Senetlerine İlişkin Bildirim,Yatırım Kuruluşu Varant - Sertifika - Senetlerine İlişkin Bildirim İş Yatırım Sertifika ve Varant Alım Satım İşlemleri,https://www.kap.org.tr/tr/Bildirim/1451239,tr,2025-06-24T10:47:39+00:00
2025-06-24,ISYAT,KAP,İŞ YATIRIM ORTAKLIĞI A.Ş. - Özel Durum Açıklaması (Genel),"Özel Durum Açıklaması (Genel) Ortaklık paylarının BİAŞ'ta oluşan ağırlıklı ortalama fiyatının, pay başına net aktif değerinin 2 katını aşması hakkında",https://www.kap.org.tr/tr/Bildirim/1451291,tr,2025-06-24T12:36:13+00:00
2025-06-24,IYM,KAP,İŞ YATIRIM MENKUL DEĞERLER A.Ş. - Yatırım Kuruluşu Varant - Sertifika - Senetlerine İlişkin Bildirim,Yatırım Kuruluşu Varant - Sertifika - Senetlerine İlişkin Bildirim Yatırım Kuruluşu Varantları İlk Satış Fiyatları,https://www.kap.org.tr/tr/Bildirim/1451365,tr,2025-06-24T16:11:29+00:00
2025-06-24,IYM,KAP,İŞ YATIRIM MENKUL DEĞERLER A.Ş. - Piyasa Yapıcılığı Kapsamında Gerçekleştirilen İşlemler Bildirimi,Piyasa Yapıcılığı Kapsamında Gerçekleştirilen İşlemler Bildirimi Borsa Yatırım Fonu Piyasa Yapıcılığı İşlemleri ISGLK,https://www.kap.org.tr/tr/Bildirim/1451240,tr,2025-06-24T10:48:32+00:00
2025-06-24,IYM,KAP,İŞ YATIRIM MENKUL DEĞERLER A.Ş. - Yatırım Kuruluşu Varant - Sertifika - Senetlerine İlişkin Bildirim,Yatırım Kuruluşu Varant - Sertifika - Senetlerine İlişkin Bildirim İş Yatırım Sertifika ve Varant Alım Satım İşlemleri,https://www.kap.org.tr/tr/Bildirim/1451239,tr,2025-06-24T10:47:39+00:00
2025-06-24,IZENR,KAP,İZDEMİR ENERJİ ELEKTRİK ÜRETİM A.Ş. - Genel Kurul İşlemlerine İlişkin Bildirim,Genel Kurul İşlemlerine İlişkin Bildirim 2024 Yılına Ait Olağan Genel Kurul Toplantısı Sonuçları,https://www.kap.org.tr/tr/Bildirim/1451584,tr,2025-06-24T19:20:45+00:00
2025-06-24,IZFAS,KAP,İZMİR FIRÇA SANAYİ VE TİCARET A.Ş. - Olağan Dışı Fiyat ve Miktar Hareketleri,Olağan Dışı Fiyat ve Miktar Hareketleri Olağan Dışı Fiyat ve Miktar Hareketleri Hakkında,https://www.kap.org.tr/tr/Bildirim/1451350,tr,2025-06-24T15:43:10+00:00
2025-06-24,IZMDC,KAP,İZMİR DEMİR ÇELİK SANAYİ A.Ş. - Genel Kurul İşlemlerine İlişkin Bildirim,Genel Kurul İşlemlerine İlişkin Bildirim 2024 Yılına Ait Olağan Genel Kurul Toplantısı Sonuçları,https://www.kap.org.tr/tr/Bildirim/1451578,tr,2025-06-24T19:10:41+00:00
2025-06-24,KAREL,KAP,KAREL ELEKTRONİK SANAYİ VE TİCARET A.Ş. - Yeni İş İlişkisi,Yeni İş İlişkisi Yeni İş İlişkisi,https://www.kap.org.tr/tr/Bildirim/1451590,tr,2025-06-24T19:32:55+00:00
2025-06-24,KAREL,KAP,KAREL ELEKTRONİK SANAYİ VE TİCARET A.Ş. - Yönetim Kurulu Komiteleri,Yönetim Kurulu Komiteleri Komite Görev ve Çalışma Esaslarının Güncellenmesi,https://www.kap.org.tr/tr/Bildirim/1451206,tr,2025-06-24T10:09:07+00:00
2025-06-24,KATVK,KAP,KATILIM VARLIK KİRALAMA A.Ş. - Pay Dışında Sermaye Piyasası Aracı İşlemlerine İlişkin Bildirim (Faizsiz),Pay Dışında Sermaye Piyasası Aracı İşlemlerine İlişkin Bildirim (Faizsiz) Yurt İçi Kira Sertifikası İtfa ve Kupon Ödemesi BRISA,https://www.kap.org.tr/tr/Bildirim/1451559,tr,2025-06-24T18:29:11+00:00
2025-06-24,KAYSE,KAP,KAYSERİ ŞEKER FABRİKASI A.Ş. - Kayıtlı Sermaye Tavanı İşlemlerine İlişkin Bildirim,Kayıtlı Sermaye Tavanı İşlemlerine İlişkin Bildirim Kayıtlı Sermaye Tavanının Artırılmasına İlişkin SPK Başvurusu,https://www.kap.org.tr/tr/Bildirim/1451401,tr,2025-06-24T17:07:34+00:00
2025-06-24,KAYSE,KAP,KAYSERİ ŞEKER FABRİKASI A.Ş. - Kayıtlı Sermaye Tavanı İşlemlerine İlişkin Bildirim,Kayıtlı Sermaye Tavanı İşlemlerine İlişkin Bildirim Kayıtlı sermaye tavanı artışı ve süresinin uzatımı,https://www.kap.org.tr/tr/Bildirim/1451169,tr,2025-06-24T00:05:09+00:00
2025-06-24,KLGYO,KAP,KİLER GAYRİMENKUL YATIRIM ORTAKLIĞI A.Ş. - Genel Kurul İşlemlerine İlişkin Bildirim,Genel Kurul İşlemlerine İlişkin Bildirim Genel Kurul İşlemlerine İlişkin Bildirim,https://www.kap.org.tr/tr/Bildirim/1451609,tr,2025-06-24T23:53:30+00:00
2025-06-24,KLGYO,KAP,KİLER GAYRİMENKUL YATIRIM ORTAKLIĞI A.Ş. - Özel Durum Açıklaması (Genel),Özel Durum Açıklaması (Genel) Yönetim Kurulu Üyelerinin genel kurul tarafından onaylanması,https://www.kap.org.tr/tr/Bildirim/1451565,tr,2025-06-24T18:32:39+00:00
2025-06-24,KLGYO,KAP,KİLER GAYRİMENKUL YATIRIM ORTAKLIĞI A.Ş. - Bağımsız Denetim Kuruluşunun Belirlenmesi,Bağımsız Denetim Kuruluşunun Belirlenmesi Bağımsız Denetim Kuruluşu seçiminin Genel Kurul tarafından onaylanması,https://www.kap.org.tr/tr/Bildirim/1451562,tr,2025-06-24T18:30:11+00:00
2025-06-24,KLGYO,KAP,KİLER GAYRİMENKUL YATIRIM ORTAKLIĞI A.Ş. - Kar Payı Dağıtım İşlemlerine İlişkin Bildirim,Kar Payı Dağıtım İşlemlerine İlişkin Bildirim Kar Payı Dağıtım İşlemlerine İlişkin Bildirim,https://www.kap.org.tr/tr/Bildirim/1451556,tr,2025-06-24T18:27:22+00:00
2025-06-24,KLGYO,KAP,KİLER GAYRİMENKUL YATIRIM ORTAKLIĞI A.Ş. - Genel Kurul İşlemlerine İlişkin Bildirim,Genel Kurul İşlemlerine İlişkin Bildirim Genel Kurul İşlemlerine İlişkin Bildirim,https://www.kap.org.tr/tr/Bildirim/1451542,tr,2025-06-24T18:17:18+00:00
2025-06-24,KONTR,KAP,KONTROLMATİK TEKNOLOJİ ENERJİ VE MÜHENDİSLİK A.Ş. - Sermaye Artırımı - Azaltımı İşlemlerine İlişkin Bildirim,Sermaye Artırımı - Azaltımı İşlemlerine İlişkin Bildirim Bedelli Sermaye Artırımına ilişkin Yönetim Kurulu Kararı,https://www.kap.org.tr/tr/Bildirim/1451581,tr,2025-06-24T19:16:35+00:00
2025-06-24,KRDMA,KAP,KARDEMİR KARABÜK DEMİR ÇELİK SANAYİ VE TİCARET A.Ş. - Özel Durum Açıklaması (Genel),Özel Durum Açıklaması (Genel) Satış Duyurusu Hk.,https://www.kap.org.tr/tr/Bildirim/1451415,tr,2025-06-24T17:30:18+00:00
2025-06-24,KRDMB,KAP,KARDEMİR KARABÜK DEMİR ÇELİK SANAYİ VE TİCARET A.Ş. - Özel Durum Açıklaması (Genel),Özel Durum Açıklaması (Genel) Satış Duyurusu Hk.,https://www.kap.org.tr/tr/Bildirim/1451415,tr,2025-06-24T17:30:18+00:00
2025-06-24,KRDMD,KAP,KARDEMİR KARABÜK DEMİR ÇELİK SANAYİ VE TİCARET A.Ş. - Özel Durum Açıklaması (Genel),Özel Durum Açıklaması (Genel) Satış Duyurusu Hk.,https://www.kap.org.tr/tr/Bildirim/1451415,tr,2025-06-24T17:30:18+00:00
2025-06-24,KRTEK,KAP,KARSU TEKSTİL SANAYİİ VE TİCARET A.Ş. - Kredi Derecelendirmesi,Kredi Derecelendirmesi Kredi Derecelendirme Notu,https://www.kap.org.tr/tr/Bildirim/1451555,tr,2025-06-24T18:26:10+00:00
2025-06-24,KRTEK,KAP,KARSU TEKSTİL SANAYİİ VE TİCARET A.Ş. - Şirket Genel Bilgi Formu,Şirket Genel Bilgi Formu,https://www.kap.org.tr/tr/Bildirim/1451361,tr,2025-06-24T16:04:41+00:00
2025-06-24,KRTEK,KAP,KARSU TEKSTİL SANAYİİ VE TİCARET A.Ş. - Kurumsal Yönetim Bilgi Formu (Güncelleme) - Yönetim Kurulu-2,Kurumsal Yönetim Bilgi Formu (Güncelleme) - Yönetim Kurulu-2 Riskin Erken Saptanması Komite Üye Değişikliği,https://www.kap.org.tr/tr/Bildirim/1451360,tr,2025-06-24T16:04:22+00:00
2025-06-24,KRTEK,KAP,KARSU TEKSTİL SANAYİİ VE TİCARET A.Ş. - Yönetim Kurulu Komiteleri,Yönetim Kurulu Komiteleri Riskin Erken Saptanması Komite Üyeleri Hk.,https://www.kap.org.tr/tr/Bildirim/1451358,tr,2025-06-24T16:03:27+00:00
2025-06-24,LKMNH,KAP,LOKMAN HEKİM ENGÜRÜSAĞ SAĞLIK TURİZM EĞİTİM HİZMETLERİ VE İNŞAAT TAAHHÜT A.Ş. - Payların Geri Alınmasına İlişkin Bildirim,Payların Geri Alınmasına İlişkin Bildirim Hisse Geri Alımı,https://www.kap.org.tr/tr/Bildirim/1451564,tr,2025-06-24T18:32:34+00:00
2025-06-24,MAALT,KAP,MARMARİS ALTINYUNUS TURİSTİK TESİSLER A.Ş. - Özel Durum Açıklaması (Genel),Özel Durum Açıklaması (Genel) Divan Talya Oteli Yatırım Planı ve Takvim Revizyonu KCHOL,https://www.kap.org.tr/tr/Bildirim/1451601,tr,2025-06-24T22:42:48+00:00
2025-06-24,MACKO,KAP,MACKOLİK İNTERNET HİZMETLERİ TİCARET A.Ş. - Finansal Duran Varlık Edinimi,Finansal Duran Varlık Edinimi Finansal Duran Varlık Edinimi,https://www.kap.org.tr/tr/Bildirim/1451395,tr,2025-06-24T16:57:55+00:00
2025-06-24,MEGMT,KAP,MEGA METAL SANAYİ VE TİCARET A.Ş. - Özel Durum Açıklaması (Genel),Özel Durum Açıklaması (Genel) GES Projeleri Hk.,https://www.kap.org.tr/tr/Bildirim/1451587,tr,2025-06-24T19:31:07+00:00
2025-06-24,MRBAS,KAP,MARBAŞ MENKUL DEĞERLER A.Ş. - Özel Durum Açıklaması (Genel),Özel Durum Açıklaması (Genel) Genel Müdür Ataması Hakkında,https://www.kap.org.tr/tr/Bildirim/1451509,tr,2025-06-24T18:11:05+00:00
2025-06-24,MRS,KAP,MARBAŞ MENKUL DEĞERLER A.Ş. - Özel Durum Açıklaması (Genel),Özel Durum Açıklaması (Genel) Genel Müdür Ataması Hakkında,https://www.kap.org.tr/tr/Bildirim/1451509,tr,2025-06-24T18:11:05+00:00
2025-06-24,MRSHL,KAP,MARSHALL BOYA VE VERNİK SANAYİİ A.Ş. - Ortaklık Aleyhine Dava Açılması veya Davaya İlişkin Gelişmeler,Ortaklık Aleyhine Dava Açılması veya Davaya İlişkin Gelişmeler Şirketimizin Yönetim Kurulu Kararının İptaline İlişkin Dava Hakkında,https://www.kap.org.tr/tr/Bildirim/1451176,tr,2025-06-24T08:38:20+00:00
2025-06-24,MTRKS,KAP,MATRİKS FİNANSAL TEKNOLOJİLER A.Ş. - Özel Durum Açıklaması (Genel),Özel Durum Açıklaması (Genel) Bağımsız Yönetim Kurulu Üyeleri Hakkında,https://www.kap.org.tr/tr/Bildirim/1451533,tr,2025-06-24T18:15:09+00:00
2025-06-24,MTRKS,KAP,MATRİKS FİNANSAL TEKNOLOJİLER A.Ş. - Genel Kurul İşlemlerine İlişkin Bildirim,Genel Kurul İşlemlerine İlişkin Bildirim 2024 Yılı Olağan Genel Kurul Toplantısı Hakkında,https://www.kap.org.tr/tr/Bildirim/1451532,tr,2025-06-24T18:14:38+00:00
2025-06-24,NUGYO,KAP,NUROL GAYRİMENKUL YATIRIM ORTAKLIĞI A.Ş. - Bağımsız Denetim Kuruluşunun Belirlenmesi,Bağımsız Denetim Kuruluşunun Belirlenmesi Bağımsız Denetim Kuruluşu Seçiminin Genel Kurul Tarafından Onaylanması,https://www.kap.org.tr/tr/Bildirim/1451568,tr,2025-06-24T18:36:37+00:00
2025-06-24,NUGYO,KAP,NUROL GAYRİMENKUL YATIRIM ORTAKLIĞI A.Ş. - Kar Payı Dağıtım İşlemlerine İlişkin Bildirim,Kar Payı Dağıtım İşlemlerine İlişkin Bildirim Kar Dağıtımı Yapılmamasına İlişkin Bildirim,https://www.kap.org.tr/tr/Bildirim/1451567,tr,2025-06-24T18:35:18+00:00
2025-06-24,NUGYO,KAP,NUROL GAYRİMENKUL YATIRIM ORTAKLIĞI A.Ş. - Genel Kurul İşlemlerine İlişkin Bildirim,Genel Kurul İşlemlerine İlişkin Bildirim 2024 Yılı Olağan Genel Kurul Toplantı Sonucu,https://www.kap.org.tr/tr/Bildirim/1451561,tr,2025-06-24T18:30:09+00:00
2025-06-24,NURVK,KAP,NUROL VARLIK KİRALAMA A.Ş. - Pay Dışında Sermaye Piyasası Aracı İşlemlerine İlişkin Bildirim (Faizsiz),Pay Dışında Sermaye Piyasası Aracı İşlemlerine İlişkin Bildirim (Faizsiz) TRDNVKA62512 ISIN Kodlu Kira Sertifikasının İtfası NRBNK,https://www.kap.org.tr/tr/Bildirim/1451254,tr,2025-06-24T11:08:43+00:00
2025-06-24,NURVK,KAP,NUROL VARLIK KİRALAMA A.Ş. - Pay Dışında Sermaye Piyasası Aracı İşlemlerine İlişkin Bildirim (Faizsiz),Pay Dışında Sermaye Piyasası Aracı İşlemlerine İlişkin Bildirim (Faizsiz) TRDNVKAA2526 ISIN Kodlu Kira Sertifikasının Satışının Tamamlanması NRBNK,https://www.kap.org.tr/tr/Bildirim/1451247,tr,2025-06-24T10:59:46+00:00
2025-06-24,OFSYM,KAP,OFİS YEM GIDA SANAYİ TİCARET A.Ş. - Yatırımcı Raporu,Yatırımcı Raporu 01.01.2025 - 31.03.2025 Yatırımcı Sunumu,https://www.kap.org.tr/tr/Bildirim/1451353,tr,2025-06-24T15:51:06+00:00
2025-06-24,OFSYM,KAP,OFİS YEM GIDA SANAYİ TİCARET A.Ş. - Kar Payı Dağıtım İşlemlerine İlişkin Bildirim,Kar Payı Dağıtım İşlemlerine İlişkin Bildirim 2024 Yılı Yönetim Kurulu Kar Dağıtım Teklifi,https://www.kap.org.tr/tr/Bildirim/1451250,tr,2025-06-24T11:02:12+00:00
2025-06-24,ONRYT,KAP,ONUR YÜKSEK TEKNOLOJİ A.Ş. - Kurumsal Yönetim Uyum Raporu,Kurumsal Yönetim Uyum Raporu 2024 Yılı Kurumsal Yönetim Uyum Raporu,https://www.kap.org.tr/tr/Bildirim/1451527,tr,2025-06-24T18:12:57+00:00
2025-06-24,ONRYT,KAP,ONUR YÜKSEK TEKNOLOJİ A.Ş. - Kurumsal Yönetim Bilgi Formu,Kurumsal Yönetim Bilgi Formu 2024 Yılı Kurumsal Yönetim Bilgi Formu,https://www.kap.org.tr/tr/Bildirim/1451524,tr,2025-06-24T18:12:28+00:00
2025-06-24,ORMA,KAP,ORMA ORMAN MAHSÜLLERİ İNTEGRE SANAYİ VE TİCARET A.Ş. - Özel Durum Açıklaması (Genel),Özel Durum Açıklaması (Genel) Tutkal Üretim Tesisi Yatırımı Hk,https://www.kap.org.tr/tr/Bildirim/1451355,tr,2025-06-24T15:57:10+00:00
2025-06-24,OYA,KAP,OYAK YATIRIM MENKUL DEĞERLER A.Ş. - Piyasa Yapıcılığı Kapsamında Gerçekleştirilen İşlemler Bildirimi,Piyasa Yapıcılığı Kapsamında Gerçekleştirilen İşlemler Bildirimi 24/06/2025 TARİHLİ OYAYO PİYASA YAPICILIĞI İŞLEMLERİ OYAYO,https://www.kap.org.tr/tr/Bildirim/1451572,tr,2025-06-24T18:46:03+00:00
2025-06-24,OYAYO,KAP,OYAK YATIRIM ORTAKLIĞI A.Ş. - Özel Durum Açıklaması (Genel),"Özel Durum Açıklaması (Genel) Ortaklık paylarının BİAŞ'ta oluşan ağırlıklı ortalama fiyatının, pay başına net aktif değerinin 2 katını aşması hakkında",https://www.kap.org.tr/tr/Bildirim/1451287,tr,2025-06-24T12:18:14+00:00
2025-06-24,OYYAT,KAP,OYAK YATIRIM MENKUL DEĞERLER A.Ş. - Piyasa Yapıcılığı Kapsamında Gerçekleştirilen İşlemler Bildirimi,Piyasa Yapıcılığı Kapsamında Gerçekleştirilen İşlemler Bildirimi 24/06/2025 TARİHLİ OYAYO PİYASA YAPICILIĞI İŞLEMLERİ OYAYO,https://www.kap.org.tr/tr/Bildirim/1451572,tr,2025-06-24T18:46:03+00:00
2025-06-24,OZATD,KAP,ÖZATA DENİZCİLİK SANAYİ VE TİCARET A.Ş. - Genel Kurul İşlemlerine İlişkin Bildirim,Genel Kurul İşlemlerine İlişkin Bildirim Genel Kurul İşlemlerine İlişkin Bildirim,https://www.kap.org.tr/tr/Bildirim/1451285,tr,2025-06-24T12:09:16+00:00
2025-06-24,OZGYO,KAP,ÖZDERİCİ GAYRİMENKUL YATIRIM ORTAKLIĞI A.Ş. - Sermaye Artırımı - Azaltımı İşlemlerine İlişkin Bildirim,"Sermaye Artırımı - Azaltımı İşlemlerine İlişkin Bildirim Bedelsiz Sermaye Artırımı, Sermaye Piyasası Kurulu başvurusu hakkında - Revize",https://www.kap.org.tr/tr/Bildirim/1451557,tr,2025-06-24T18:28:47+00:00
2025-06-24,PCILT,KAP,PC İLETİŞİM VE MEDYA HİZMETLERİ SANAYİ TİCARET A.Ş. - Payların Geri Alınmasına İlişkin Bildirim,Payların Geri Alınmasına İlişkin Bildirim 23.06.2025 Tarihli Pay Geri Alım İşlemleri,https://www.kap.org.tr/tr/Bildirim/1451174,tr,2025-06-24T00:56:42+00:00
2025-06-24,PNLSN,KAP,PANELSAN ÇATI CEPHE SİSTEMLERİ SANAYİ VE TİCARET A.Ş. - Payların Geri Alınmasına İlişkin Bildirim,Payların Geri Alınmasına İlişkin Bildirim Payların Geri Alınması İşlemlerine İlişkin Bildirim hk.,https://www.kap.org.tr/tr/Bildirim/1451573,tr,2025-06-24T18:48:19+00:00
2025-06-24,PNLSN,KAP,PANELSAN ÇATI CEPHE SİSTEMLERİ SANAYİ VE TİCARET A.Ş. - Özel Durum Açıklaması (Genel),Özel Durum Açıklaması (Genel) Kazakistan Yatırımı hk.,https://www.kap.org.tr/tr/Bildirim/1451507,tr,2025-06-24T18:10:16+00:00
2025-06-24,PRZMA,KAP,PRİZMA PRES MATBAACILIK YAYINCILIK SANAYİ VE TİCARET A.Ş. - Pay Satış Bilgi Formu,Pay Satış Bilgi Formu Pay Satış Bilgi Formu,https://www.kap.org.tr/tr/Bildirim/1451506,tr,2025-06-24T18:10:09+00:00
2025-06-24,PSDTC,KAP,PERGAMON STATUS DIŞ TİCARET A.Ş. - Özel Durum Açıklaması (Genel),"Özel Durum Açıklaması (Genel) Yönetim Kurulu Üyesi İstifası, Ataması, Yönetim Kurulu Görev Dağılımı ve Temsil Kararı Hk.",https://www.kap.org.tr/tr/Bildirim/1451538,tr,2025-06-24T18:15:28+00:00
2025-06-24,PSDTC,KAP,PERGAMON STATUS DIŞ TİCARET A.Ş. - Özel Durum Açıklaması (Genel),"Özel Durum Açıklaması (Genel) A Grubu İmtiyazlı Payların Devri ve Zorunlu Pay Alım Teklifi Başvurusu Hk. HEDEF, VSNMD",https://www.kap.org.tr/tr/Bildirim/1451535,tr,2025-06-24T18:15:11+00:00
2025-06-24,QFINF,KAP,Q FİNANS FAKTORİNG A.Ş. - Pay Dışında Sermaye Piyasası Aracı İşlemlerine İlişkin Bildirim (Faiz İçeren),Pay Dışında Sermaye Piyasası Aracı İşlemlerine İlişkin Bildirim (Faiz İçeren) TRFBIEN62523 ISIN kodlu tahvilin kupon faiz oranı hakkında,https://www.kap.org.tr/tr/Bildirim/1451391,tr,2025-06-24T16:53:50+00:00
2025-06-24,QNBFF,KAP,QNB FAKTORİNG A.Ş. - Pay Dışında Sermaye Piyasası Aracı İşlemlerine İlişkin Bildirim (Faiz İçeren),Pay Dışında Sermaye Piyasası Aracı İşlemlerine İlişkin Bildirim (Faiz İçeren) TRFFINF62554 ISIN nolu finansman bonosunun itfası gerçekleşmiştir.,https://www.kap.org.tr/tr/Bildirim/1451242,tr,2025-06-24T10:49:21+00:00
2025-06-24,QNBFF,KAP,QNB FAKTORİNG A.Ş. - Pay Dışında Sermaye Piyasası Aracı İşlemlerine İlişkin Bildirim (Faiz İçeren),Pay Dışında Sermaye Piyasası Aracı İşlemlerine İlişkin Bildirim (Faiz İçeren) TRFFINF62562 ISIN nolu finansman bonosunun itfası gerçekleşmiştir.,https://www.kap.org.tr/tr/Bildirim/1451241,tr,2025-06-24T10:48:49+00:00
2025-06-24,QNBFK,KAP,QNB FİNANSAL KİRALAMA A.Ş. - İhraç Tavanına İlişkin Bildirim,İhraç Tavanına İlişkin Bildirim Borçlanma Aracı İhracına ilişkin yönetim kurulu kararı alınması hk.,https://www.kap.org.tr/tr/Bildirim/1451592,tr,2025-06-24T20:08:03+00:00
2025-06-24,QNBTR,KAP,QNB BANK A.Ş. - Şirket Genel Bilgi Formu,Şirket Genel Bilgi Formu,https://www.kap.org.tr/tr/Bildirim/1451381,tr,2025-06-24T16:39:00+00:00
2025-06-24,QNBTR,KAP,QNB BANK A.Ş. - Şirket Genel Bilgi Formu,Şirket Genel Bilgi Formu,https://www.kap.org.tr/tr/Bildirim/1451368,tr,2025-06-24T16:25:18+00:00
2025-06-24,QNBTR,KAP,QNB BANK A.Ş. - Özel Durum Açıklaması (Genel),Özel Durum Açıklaması (Genel) Enpara Bank A.Ş. kısmi bölünme işlemi için BDDK onayının alınması hk.,https://www.kap.org.tr/tr/Bildirim/1451184,tr,2025-06-24T09:37:38+00:00
2025-06-24,RGYAS,KAP,RÖNESANS GAYRİMENKUL YATIRIM A.Ş. - Sermaye Artırımından Elde Edilecek - Edilen Fonun Kullanımına İlişkin Rapor,Sermaye Artırımından Elde Edilecek - Edilen Fonun Kullanımına İlişkin Rapor Sermaye Artırımından Elde Edilen Fonun Kullanımına İlişkin Rapor,https://www.kap.org.tr/tr/Bildirim/1451593,tr,2025-06-24T20:40:04+00:00
2025-06-24,SANFM,KAP,SANİFOAM ENDÜSTRİ VE TÜKETİM ÜRÜNLERİ SANAYİ TİCARET A.Ş. - Payların Geri Alınmasına İlişkin Bildirim,Payların Geri Alınmasına İlişkin Bildirim 24.06.2025 Tarihli Pay Geri Alım İşlemleri,https://www.kap.org.tr/tr/Bildirim/1451523,tr,2025-06-24T18:12:11+00:00
2025-06-24,SEYKM,KAP,SEYİTLER KİMYA SANAYİ A.Ş. - Ortaklık Aleyhine Dava Açılması veya Davaya İlişkin Gelişmeler,Ortaklık Aleyhine Dava Açılması veya Davaya İlişkin Gelişmeler Tazminat Davası Hk,https://www.kap.org.tr/tr/Bildirim/1451499,tr,2025-06-24T18:05:42+00:00
2025-06-24,SEYKM,KAP,SEYİTLER KİMYA SANAYİ A.Ş. - Ortaklık Aleyhine Dava Açılması veya Davaya İlişkin Gelişmeler,Ortaklık Aleyhine Dava Açılması veya Davaya İlişkin Gelişmeler Marka İhlal Davası Hk,https://www.kap.org.tr/tr/Bildirim/1451498,tr,2025-06-24T18:04:59+00:00
2025-06-24,SMRVA,KAP,SÜMER VARLIK YÖNETİM A.Ş. - Yönetim Kurulu Komiteleri,Yönetim Kurulu Komiteleri Yönetim Kurulu Komitelerinin Oluşturulması ve Üyelerinin Belirlenmesi,https://www.kap.org.tr/tr/Bildirim/1451504,tr,2025-06-24T18:08:55+00:00
2025-06-24,SNPAM,KAP,SÖNMEZ PAMUKLU SANAYİİ A.Ş. - Genel Kurul İşlemlerine İlişkin Bildirim,Genel Kurul İşlemlerine İlişkin Bildirim 2024 Yılı Olağan Genel Kurul Toplantısı Daveti Hakkında,https://www.kap.org.tr/tr/Bildirim/1451591,tr,2025-06-24T19:33:56+00:00
2025-06-24,SNPAM,KAP,SÖNMEZ PAMUKLU SANAYİİ A.Ş. - Kar Payı Dağıtım İşlemlerine İlişkin Bildirim,Kar Payı Dağıtım İşlemlerine İlişkin Bildirim Kar Payı Dağıtımı Hakkında,https://www.kap.org.tr/tr/Bildirim/1451589,tr,2025-06-24T19:32:42+00:00
2025-06-24,SONME,KAP,SÖNMEZ FİLAMENT SENTETİK İPLİK VE ELYAF SANAYİ A.Ş. - Genel Kurul İşlemlerine İlişkin Bildirim,Genel Kurul İşlemlerine İlişkin Bildirim 2024 Yılı Olağan Genel Kurul Toplantısı Daveti Hakkında,https://www.kap.org.tr/tr/Bildirim/1451588,tr,2025-06-24T19:31:21+00:00
2025-06-24,SONME,KAP,SÖNMEZ FİLAMENT SENTETİK İPLİK VE ELYAF SANAYİ A.Ş. - Kar Payı Dağıtım İşlemlerine İlişkin Bildirim,Kar Payı Dağıtım İşlemlerine İlişkin Bildirim Kar Payı Dağıtımı Hakkında,https://www.kap.org.tr/tr/Bildirim/1451585,tr,2025-06-24T19:30:19+00:00
2025-06-24,TATEN,KAP,TATLIPINAR ENERJİ ÜRETİM A.Ş. - Herhangi Bir Otoriteye Mali Tablo Verilmesi,"Herhangi Bir Otoriteye Mali Tablo Verilmesi 2025-1. Dönem, 31 Mart 2025 Kurum Geçici Vergi Beyannamesi Eki VUK Gelir Tablosu",https://www.kap.org.tr/tr/Bildirim/1451306,tr,2025-06-24T13:35:09+00:00
2025-06-24,TEHOL,KAP,PERA YATIRIM HOLDİNG A.Ş. - Şirket Genel Bilgi Formu,Şirket Genel Bilgi Formu,https://www.kap.org.tr/tr/Bildirim/1451526,tr,2025-06-24T18:12:41+00:00
2025-06-24,TERA,KAP,TERA YATIRIM MENKUL DEĞERLER A.Ş. - Payların Geri Alınmasına İlişkin Bildirim,Payların Geri Alınmasına İlişkin Bildirim 23.06.2025 Tarihli Pay Geri Alım İşlemleri,https://www.kap.org.tr/tr/Bildirim/1451237,tr,2025-06-24T10:46:33+00:00
2025-06-24,TGB,KAP,TÜRKİYE GARANTİ BANKASI A.Ş. - Özel Durum Açıklaması (Genel),Özel Durum Açıklaması (Genel) Yurt dışında sermaye benzeri tahvil ihracı,https://www.kap.org.tr/tr/Bildirim/1451236,tr,2025-06-24T10:45:02+00:00
2025-06-24,THL,KAP,TÜRKİYE HALK BANKASI A.Ş. - Pay Dışında Sermaye Piyasası Aracı İşlemlerine İlişkin Bildirim (Faiz İçeren),Pay Dışında Sermaye Piyasası Aracı İşlemlerine İlişkin Bildirim (Faiz İçeren) Yurtiçinde Nitelikli Yatırımcılara Sermaye Benzeri Tahvil Kupon İtfası,https://www.kap.org.tr/tr/Bildirim/1451281,tr,2025-06-24T12:03:56+00:00
2025-06-24,THR,KAP,TÜRKİYE İHRACAT KREDİ BANKASI A.Ş. - Pay Dışında Sermaye Piyasası Aracı İşlemlerine İlişkin Bildirim (Faiz İçeren),Pay Dışında Sermaye Piyasası Aracı İşlemlerine İlişkin Bildirim (Faiz İçeren) GMTN programı çerçevesinde yurt dışında borçlanma aracı ihracı,https://www.kap.org.tr/tr/Bildirim/1451351,tr,2025-06-24T15:50:31+00:00
2025-06-24,THR,KAP,TÜRKİYE İHRACAT KREDİ BANKASI A.Ş. - İhraç Tavanına İlişkin Bildirim,İhraç Tavanına İlişkin Bildirim Yurt Dışı Tahvil İhracı,https://www.kap.org.tr/tr/Bildirim/1451326,tr,2025-06-24T14:22:47+00:00
2025-06-24,THR,KAP,TÜRKİYE İHRACAT KREDİ BANKASI A.Ş. - Pay Dışında Sermaye Piyasası Aracı İşlemlerine İlişkin Bildirim (Faiz İçeren),Pay Dışında Sermaye Piyasası Aracı İşlemlerine İlişkin Bildirim (Faiz İçeren) XS2966355377 ISIN Kodlu Finansman Bonosunun İtfası Hk,https://www.kap.org.tr/tr/Bildirim/1451324,tr,2025-06-24T14:15:33+00:00
2025-06-24,THR,KAP,TÜRKİYE İHRACAT KREDİ BANKASI A.Ş. - Pay Dışında Sermaye Piyasası Aracı İşlemlerine İlişkin Bildirim (Faiz İçeren),Pay Dışında Sermaye Piyasası Aracı İşlemlerine İlişkin Bildirim (Faiz İçeren) XS2965510667 ISIN Kodlu Finansman Bonosunun İtfası Hk,https://www.kap.org.tr/tr/Bildirim/1451323,tr,2025-06-24T14:15:04+00:00
2025-06-24,TIB,KAP,TÜRKİYE İŞ BANKASI A.Ş. - Ortaklık Aleyhine Dava Açılması veya Davaya İlişkin Gelişmeler,Ortaklık Aleyhine Dava Açılması veya Davaya İlişkin Gelişmeler Bankamıza Açılan Dava Hakkında,https://www.kap.org.tr/tr/Bildirim/1451582,tr,2025-06-24T19:17:57+00:00
2025-06-24,TIB,KAP,TÜRKİYE İŞ BANKASI A.Ş. - Pay Alım Satım Bildirimi,Pay Alım Satım Bildirimi Türkiye Şişe ve Cam Fabrikaları A.Ş. Pay Alım İşlemleri Hakkında SISE,https://www.kap.org.tr/tr/Bildirim/1451546,tr,2025-06-24T18:18:26+00:00
2025-06-24,TIB,KAP,TÜRKİYE İŞ BANKASI A.Ş. - Pay Alım Satım Bildirimi,Pay Alım Satım Bildirimi İş Gayrimenkul Yatırım Ortaklığı A.Ş. Pay Alım İşlemleri Hakkında ISGYO,https://www.kap.org.tr/tr/Bildirim/1451545,tr,2025-06-24T18:18:03+00:00
2025-06-24,TMSN,KAP,TÜMOSAN MOTOR VE TRAKTÖR SANAYİ A.Ş. - Özel Durum Açıklaması (Genel),Özel Durum Açıklaması (Genel) Yönetim Kurulu Üye Seçimi ve Bağımsız Yönetim Kurulu Üye Adayları Hk.,https://www.kap.org.tr/tr/Bildirim/1451607,tr,2025-06-24T23:28:47+00:00
2025-06-24,TMSN,KAP,TÜMOSAN MOTOR VE TRAKTÖR SANAYİ A.Ş. - Kar Payı Dağıtım İşlemlerine İlişkin Bildirim,Kar Payı Dağıtım İşlemlerine İlişkin Bildirim 2024 Yılı Dönem Sonucu ile İlgili Genel Kurul'a Yapılacak Teklif Hk.,https://www.kap.org.tr/tr/Bildirim/1451606,tr,2025-06-24T23:28:20+00:00
2025-06-24,TMSN,KAP,TÜMOSAN MOTOR VE TRAKTÖR SANAYİ A.Ş. - Genel Kurul İşlemlerine İlişkin Bildirim,Genel Kurul İşlemlerine İlişkin Bildirim 2024 Hesap Dönemi Genel Kurul Çağrısı Hk.,https://www.kap.org.tr/tr/Bildirim/1451604,tr,2025-06-24T23:08:12+00:00
2025-06-24,TMSN,KAP,TÜMOSAN MOTOR VE TRAKTÖR SANAYİ A.Ş. - Bilgilendirme Politikası,Bilgilendirme Politikası Bilgilendirme Politikası Hk.,https://www.kap.org.tr/tr/Bildirim/1451603,tr,2025-06-24T23:07:55+00:00
2025-06-24,TMSN,KAP,TÜMOSAN MOTOR VE TRAKTÖR SANAYİ A.Ş. - Özel Durum Açıklaması (Genel),"Özel Durum Açıklaması (Genel) Bağış ve Yardım Politikası, Yönetim Kurulu Üyelerinin ve Üst Düzey Yöneticilerin Ücretlendirme Esasları hk",https://www.kap.org.tr/tr/Bildirim/1451602,tr,2025-06-24T23:07:40+00:00
2025-06-24,TNZTP,KAP,TAPDİ OKSİJEN ÖZEL SAĞLIK VE EĞİTİM HİZMETLERİ SANAYİ TİCARET A.Ş. - Özel Durum Açıklaması (Genel),Özel Durum Açıklaması (Genel) Likidite sağlayıcılıktan edinilen payların fona devri hk,https://www.kap.org.tr/tr/Bildirim/1451595,tr,2025-06-24T21:05:36+00:00
2025-06-24,TRA,KAP,TERA YATIRIM MENKUL DEĞERLER A.Ş. - Payların Geri Alınmasına İlişkin Bildirim,Payların Geri Alınmasına İlişkin Bildirim 23.06.2025 Tarihli Pay Geri Alım İşlemleri,https://www.kap.org.tr/tr/Bildirim/1451237,tr,2025-06-24T10:46:33+00:00
2025-06-24,TUKAS,KAP,TUKAŞ GIDA SANAYİ VE TİCARET A.Ş. - Geleceğe Dönük Değerlendirmeler,Geleceğe Dönük Değerlendirmeler Geleceğe Yönelik Değerlendirmeler - Revize,https://www.kap.org.tr/tr/Bildirim/1451536,tr,2025-06-24T18:15:15+00:00
2025-06-24,TUREX,KAP,TUREKS TURİZM TAŞIMACILIK A.Ş. - Özel Durum Açıklaması (Genel),Özel Durum Açıklaması (Genel) Sözleşme Yenilenmesi Hakkında,https://www.kap.org.tr/tr/Bildirim/1451246,tr,2025-06-24T10:57:27+00:00
2025-06-24,TVB,KAP,TÜRKİYE VAKIFLAR BANKASI T.A.O. - Kredi Derecelendirmesi,Kredi Derecelendirmesi JCR Eurasia Kredi Derecelendirme Notları Hakkında,https://www.kap.org.tr/tr/Bildirim/1451539,tr,2025-06-24T18:15:36+00:00
2025-06-24,VAKBN,KAP,TÜRKİYE VAKIFLAR BANKASI T.A.O. - Kredi Derecelendirmesi,Kredi Derecelendirmesi JCR Eurasia Kredi Derecelendirme Notları Hakkında,https://www.kap.org.tr/tr/Bildirim/1451539,tr,2025-06-24T18:15:36+00:00
2025-06-24,VKFYO,KAP,VAKIF MENKUL KIYMET YATIRIM ORTAKLIĞI A.Ş. - Özel Durum Açıklaması (Genel),"Özel Durum Açıklaması (Genel) Şirketimizin BİAŞ'da oluşan ağırlıklı ortalama fiyatın, pay başına net aktif değerin 2 katını aşması sebebiyle yapılan açıklamadır.",https://www.kap.org.tr/tr/Bildirim/1451297,tr,2025-06-24T12:49:18+00:00
2025-06-24,VKGYO,KAP,VAKIF GAYRİMENKUL YATIRIM ORTAKLIĞI A.Ş. - Kurumsal Yönetim İlkelerine Uyum Derecelendirmesi,Kurumsal Yönetim İlkelerine Uyum Derecelendirmesi Kurumsal Yönetim Derecelendirme Sözleşmesinin Yenilenmesi,https://www.kap.org.tr/tr/Bildirim/1451366,tr,2025-06-24T16:12:25+00:00
2025-06-24,VSNMD,KAP,VİŞNE MADENCİLİK ÜRETİM SANAYİ VE TİCARET A.Ş. - Finansal Duran Varlık Satışı,"Finansal Duran Varlık Satışı Pergamon Status Dış Ticaret A.Ş. paylarının satışı hk. HEDEF, PSDTC",https://www.kap.org.tr/tr/Bildirim/1451544,tr,2025-06-24T18:17:46+00:00
2025-06-24,YESIL,KAP,YEŞİL YATIRIM HOLDİNG A.Ş. - İlişkili Taraf İşlemleri,"İlişkili Taraf İşlemleri İlişkili Taraf İşlemleri Hakkında,",https://www.kap.org.tr/tr/Bildirim/1451173,tr,2025-06-24T00:23:01+00:00
2025-06-24,YESIL,KAP,YEŞİL YATIRIM HOLDİNG A.Ş. - Bağımsız Denetim Kuruluşunun Belirlenmesi,"Bağımsız Denetim Kuruluşunun Belirlenmesi Bağımsız Denetim Şirketi Seçimi Hakkında,",https://www.kap.org.tr/tr/Bildirim/1451172,tr,2025-06-24T00:19:08+00:00
2025-06-24,YESIL,KAP,YEŞİL YATIRIM HOLDİNG A.Ş. - Kar Payı Dağıtım İşlemlerine İlişkin Bildirim,"Kar Payı Dağıtım İşlemlerine İlişkin Bildirim 2024 Yılı Olağan Genel Kurul Toplantısı Hakkında,",https://www.kap.org.tr/tr/Bildirim/1451171,tr,2025-06-24T00:15:00+00:00
2025-06-24,YESIL,KAP,YEŞİL YATIRIM HOLDİNG A.Ş. - Genel Kurul İşlemlerine İlişkin Bildirim,"Genel Kurul İşlemlerine İlişkin Bildirim 2024 Yılı Olağan Genel Kurul Toplantısı Hakkında,",https://www.kap.org.tr/tr/Bildirim/1451170,tr,2025-06-24T00:08:14+00:00
2025-06-24,YKB,KAP,YAPI VE KREDİ BANKASI A.Ş. - Pay Dışında Sermaye Piyasası Aracı İşlemlerine İlişkin Bildirim (Faiz İçeren),Pay Dışında Sermaye Piyasası Aracı İşlemlerine İlişkin Bildirim (Faiz İçeren) Özkaynak hesaplamasına dahil edilebilir nitelikte yurtiçinde ihraç edilen borçlanma aracının kupon oranı,https://www.kap.org.tr/tr/Bildirim/1451419,tr,2025-06-24T17:36:48+00:00
2025-06-24,YKBNK,KAP,YAPI VE KREDİ BANKASI A.Ş. - Pay Dışında Sermaye Piyasası Aracı İşlemlerine İlişkin Bildirim (Faiz İçeren),Pay Dışında Sermaye Piyasası Aracı İşlemlerine İlişkin Bildirim (Faiz İçeren) Özkaynak hesaplamasına dahil edilebilir nitelikte yurtiçinde ihraç edilen borçlanma aracının kupon oranı,https://www.kap.org.tr/tr/Bildirim/1451419,tr,2025-06-24T17:36:48+00:00
2025-06-24,ZKBVR,KAP,ZKB VARLIK KİRALAMA A.Ş. - Pay Dışında Sermaye Piyasası Aracı İşlemlerine İlişkin Bildirim (Faizsiz),Pay Dışında Sermaye Piyasası Aracı İşlemlerine İlişkin Bildirim (Faizsiz) TRDZKBVA2513 ISIN Kodlu Yeşil Kira Sertifikasının 2. Kupon ödemesi GSMTK,https://www.kap.org.tr/tr/Bildirim/1451307,tr,2025-06-24T13:42:39+00:00
2025-06-25,A1CAP,KAP,A1 CAPİTAL YATIRIM MENKUL DEĞERLER A.Ş. - Pay Dışında Sermaye Piyasası Aracı İşlemlerine İlişkin Bildirim (Faiz İçeren),Pay Dışında Sermaye Piyasası Aracı İşlemlerine İlişkin Bildirim (Faiz İçeren) Borçlanma Aracı İhracı Hk.,https://www.kap.org.tr/tr/Bildirim/1451641,tr,2025-06-25T09:27:12+00:00
2025-06-25,ACP,KAP,A1 CAPİTAL YATIRIM MENKUL DEĞERLER A.Ş. - Pay Dışında Sermaye Piyasası Aracı İşlemlerine İlişkin Bildirim (Faiz İçeren),Pay Dışında Sermaye Piyasası Aracı İşlemlerine İlişkin Bildirim (Faiz İçeren) Borçlanma Aracı İhracı Hk.,https://www.kap.org.tr/tr/Bildirim/1451641,tr,2025-06-25T09:27:12+00:00
2025-06-25,AEFES,KAP,ANADOLU EFES BİRACILIK VE MALT SANAYİİ A.Ş. - Esas Sözleşme,Esas Sözleşme Esas Sözleşme Değişiklik Tescili hk.,https://www.kap.org.tr/tr/Bildirim/1451972,tr,2025-06-25T17:46:43+00:00
2025-06-25,AGHOL,KAP,AG ANADOLU GRUBU HOLDİNG A.Ş. - Kurumsal Yönetim Bilgi Formu (Güncelleme) - Yönetim Kurulu-1,Kurumsal Yönetim Bilgi Formu (Güncelleme) - Yönetim Kurulu-1 Kurumsal Yönetim Bilgi Formu,https://www.kap.org.tr/tr/Bildirim/1452048,tr,2025-06-25T20:15:03+00:00
2025-06-25,AGHOL,KAP,AG ANADOLU GRUBU HOLDİNG A.Ş. - Pay Dışında Sermaye Piyasası Aracı İşlemlerine İlişkin Bildirim (Faiz İçeren),Pay Dışında Sermaye Piyasası Aracı İşlemlerine İlişkin Bildirim (Faiz İçeren) Finansman Bonosu İhracı,https://www.kap.org.tr/tr/Bildirim/1452047,tr,2025-06-25T20:14:47+00:00
2025-06-25,AHGAZ,KAP,AHLATCI DOĞAL GAZ DAĞITIM ENERJİ VE YATIRIM A.Ş. - Özel Durum Açıklaması (Genel),Özel Durum Açıklaması (Genel) Dolaylı Bağlı Ortaklığımız Ahlatcı Altın İşletmeleri A.Ş. Hk.,https://www.kap.org.tr/tr/Bildirim/1452009,tr,2025-06-25T18:30:39+00:00
2025-06-25,AKBNK,KAP,AKBANK T.A.Ş. - Pay Dışında Sermaye Piyasası Aracı İşlemlerine İlişkin Bildirim (Faiz İçeren),Pay Dışında Sermaye Piyasası Aracı İşlemlerine İlişkin Bildirim (Faiz İçeren) Yurtdışı Piyasalara Tahvil İhracının Tamamlanması,https://www.kap.org.tr/tr/Bildirim/1451879,tr,2025-06-25T16:26:14+00:00
2025-06-25,AKBNK,KAP,AKBANK T.A.Ş. - Pay Dışında Sermaye Piyasası Aracı İşlemlerine İlişkin Bildirim (Faiz İçeren),Pay Dışında Sermaye Piyasası Aracı İşlemlerine İlişkin Bildirim (Faiz İçeren) Yurtdışı Piyasalara Tahvil İhracı,https://www.kap.org.tr/tr/Bildirim/1451878,tr,2025-06-25T16:26:02+00:00
2025-06-25,AKDFA,KAP,AKDENİZ FAKTORİNG A.Ş. - Pay Dışında Sermaye Piyasası Aracı İşlemlerine İlişkin Bildirim (Faiz İçeren),Pay Dışında Sermaye Piyasası Aracı İşlemlerine İlişkin Bildirim (Faiz İçeren) TRFAKDN62523 İhracın 4. kupon ve anapara ödemesi itfa edilmiştir.,https://www.kap.org.tr/tr/Bildirim/1451671,tr,2025-06-25T10:13:03+00:00
2025-06-25,AKDFA,KAP,AKDENİZ FAKTORİNG A.Ş. - Pay Dışında Sermaye Piyasası Aracı İşlemlerine İlişkin Bildirim (Faiz İçeren),"Pay Dışında Sermaye Piyasası Aracı İşlemlerine İlişkin Bildirim (Faiz İçeren) Düzeltme: """" Hizmet alınan Aracı Kurum Düzltilmiştir """"",https://www.kap.org.tr/tr/Bildirim/1451669,tr,2025-06-25T10:08:01+00:00
2025-06-25,AKDFA,KAP,AKDENİZ FAKTORİNG A.Ş. - Pay Dışında Sermaye Piyasası Aracı İşlemlerine İlişkin Bildirim (Faiz İçeren),"Pay Dışında Sermaye Piyasası Aracı İşlemlerine İlişkin Bildirim (Faiz İçeren) Akdeniz Faktoring A.Ş 23.03.2026 vadeli, 271 günlük 3 kupon ödemeli 30.000.000 TL Nominal bono ihracı (ISIN Kodu: TRFAKDN32625)",https://www.kap.org.tr/tr/Bildirim/1451618,tr,2025-06-25T08:48:57+00:00
2025-06-25,AKFIS,KAP,AKFEN İNŞAAT TURİZM VE TİCARET A.Ş. - Payların Geri Alınmasına İlişkin Bildirim,Payların Geri Alınmasına İlişkin Bildirim 25.06.2025 Tarihli Pay Geri Alım İşlemleri Hk.,https://www.kap.org.tr/tr/Bildirim/1451999,tr,2025-06-25T18:15:53+00:00
2025-06-25,AKFYE,KAP,AKFEN YENİLENEBİLİR ENERJİ A.Ş. - Payların Geri Alınmasına İlişkin Bildirim,Payların Geri Alınmasına İlişkin Bildirim 25.06.2025 Tarihli Pay Geri Alım İşlemleri Hk,https://www.kap.org.tr/tr/Bildirim/1452004,tr,2025-06-25T18:22:09+00:00
2025-06-25,AKM,KAP,AK YATIRIM MENKUL DEĞERLER A.Ş. - Yatırım Kuruluşu Varant - Sertifika - Senetlerine İlişkin Bildirim,Yatırım Kuruluşu Varant - Sertifika - Senetlerine İlişkin Bildirim Ak Yatırım Menkul Değerler A.Ş tarafından İhraç Edilen Dayanak Varlığı AEFES olan Varantların İşleme Koyma Fiyatları ve Varant Çarpanlarındaki Değişiklik hk,https://www.kap.org.tr/tr/Bildirim/1452011,tr,2025-06-25T18:31:51+00:00
2025-06-25,AKMEN,KAP,AK YATIRIM MENKUL DEĞERLER A.Ş. - Yatırım Kuruluşu Varant - Sertifika - Senetlerine İlişkin Bildirim,Yatırım Kuruluşu Varant - Sertifika - Senetlerine İlişkin Bildirim Ak Yatırım Menkul Değerler A.Ş tarafından İhraç Edilen Dayanak Varlığı AEFES olan Varantların İşleme Koyma Fiyatları ve Varant Çarpanlarındaki Değişiklik hk,https://www.kap.org.tr/tr/Bildirim/1452011,tr,2025-06-25T18:31:51+00:00
2025-06-25,AKSEN,KAP,AKSA ENERJİ ÜRETİM A.Ş. - Özel Durum Açıklaması (Genel),Özel Durum Açıklaması (Genel) Africa Finance Corporation (AFC) ile imzalanan kredi sözleşmesi hakkında,https://www.kap.org.tr/tr/Bildirim/1451933,tr,2025-06-25T17:25:09+00:00
2025-06-25,ALCTL,KAP,ALCATEL LUCENT TELETAŞ TELEKOMÜNİKASYON A.Ş. - Kar Payı Dağıtım İşlemlerine İlişkin Bildirim,Kar Payı Dağıtım İşlemlerine İlişkin Bildirim Kar Payı Dağıtılmamasına İlişkin Teklifin Genel Kurulda Onaylanması Hk.,https://www.kap.org.tr/tr/Bildirim/1451827,tr,2025-06-25T15:46:06+00:00
2025-06-25,ALCTL,KAP,ALCATEL LUCENT TELETAŞ TELEKOMÜNİKASYON A.Ş. - Genel Kurul İşlemlerine İlişkin Bildirim,Genel Kurul İşlemlerine İlişkin Bildirim Genel Kurul Toplantı Sonucu,https://www.kap.org.tr/tr/Bildirim/1451823,tr,2025-06-25T15:42:11+00:00
2025-06-25,ALKA,KAP,ALKİM KAĞIT SANAYİ VE TİCARET A.Ş. - İhale Süreci / Sonucu,İhale Süreci / Sonucu İhale Sürecinin Bildirilmesi,https://www.kap.org.tr/tr/Bildirim/1451674,tr,2025-06-25T10:24:25+00:00
2025-06-25,ALTNY,KAP,ALTINAY SAVUNMA TEKNOLOJİLERİ A.Ş. - Genel Kurul İşlemlerine İlişkin Bildirim,Genel Kurul İşlemlerine İlişkin Bildirim Olağan Genel Kurul Kararları Tescili,https://www.kap.org.tr/tr/Bildirim/1452062,tr,2025-06-25T22:06:13+00:00
2025-06-25,ALVES,KAP,ALVES KABLO SANAYİ VE TİCARET A.Ş. - Yeni İş İlişkisi,Yeni İş İlişkisi Bakır Filmaşin Satış Sözleşmesi İmzalanması,https://www.kap.org.tr/tr/Bildirim/1451762,tr,2025-06-25T14:17:57+00:00
2025-06-25,ANGEN,KAP,ANATOLİA TANI VE BİYOTEKNOLOJİ ÜRÜNLERİ ARAŞTIRMA GELİŞTİRME SANAYİ VE TİCARET A.Ş. - Genel Kurul İşlemlerine İlişkin Bildirim,Genel Kurul İşlemlerine İlişkin Bildirim 2024 Yılı Olağan Genel Kurulu Hk,https://www.kap.org.tr/tr/Bildirim/1451991,tr,2025-06-25T18:12:18+00:00
2025-06-25,ANGEN,KAP,ANATOLİA TANI VE BİYOTEKNOLOJİ ÜRÜNLERİ ARAŞTIRMA GELİŞTİRME SANAYİ VE TİCARET A.Ş. - Kar Payı Dağıtım İşlemlerine İlişkin Bildirim,Kar Payı Dağıtım İşlemlerine İlişkin Bildirim 2024 Yılı Kar Dağıtımı Yapılmaması Kararı Hk,https://www.kap.org.tr/tr/Bildirim/1451988,tr,2025-06-25T18:12:07+00:00
2025-06-25,ARCLK,KAP,ARÇELİK A.Ş. - Özel Durum Açıklaması (Genel),Özel Durum Açıklaması (Genel) Risk Yönetimi Komitesi ve Kurumsal Yönetim Komitesi Çalışma Esaslarının Güncellenmesi,https://www.kap.org.tr/tr/Bildirim/1451613,tr,2025-06-25T08:29:10+00:00
2025-06-25,ARCLK,KAP,ARÇELİK A.Ş. - Pay Dışında Sermaye Piyasası Aracı İşlemlerine İlişkin Bildirim (Faiz İçeren),Pay Dışında Sermaye Piyasası Aracı İşlemlerine İlişkin Bildirim (Faiz İçeren) Borçlanma Aracı İhracı Talep Toplama,https://www.kap.org.tr/tr/Bildirim/1451612,tr,2025-06-25T08:28:57+00:00
2025-06-25,AVPGY,KAP,AVRUPAKENT GAYRİMENKUL YATIRIM ORTAKLIĞI A.Ş. - Maddi Duran Varlık Alımı,Maddi Duran Varlık Alımı Maddi Duran Varlık Alımı,https://www.kap.org.tr/tr/Bildirim/1451995,tr,2025-06-25T18:13:29+00:00
2025-06-25,BAYRK,KAP,BAYRAK EBT TABAN SANAYİ VE TİCARET A.Ş. - Şirket Genel Bilgi Formu,Şirket Genel Bilgi Formu,https://www.kap.org.tr/tr/Bildirim/1451766,tr,2025-06-25T14:40:21+00:00
2025-06-25,BIGTK,KAP,DOĞAN BURDA DERGİ YAYINCILIK VE PAZARLAMA A.Ş. - Esas Sözleşme Tadili,"Esas Sözleşme Tadili Şirket Esas Sözleşmesi 2,4,6.Maddeleri Tadil Tasarısı",https://www.kap.org.tr/tr/Bildirim/1452020,tr,2025-06-25T18:49:03+00:00
2025-06-25,BIGTK,KAP,DOĞAN BURDA DERGİ YAYINCILIK VE PAZARLAMA A.Ş. - Kayıtlı Sermaye Tavanı İşlemlerine İlişkin Bildirim,Kayıtlı Sermaye Tavanı İşlemlerine İlişkin Bildirim Kayıtlı Sermaye Tavanı Artışı ve Süre Uzatımı.,https://www.kap.org.tr/tr/Bildirim/1452019,tr,2025-06-25T18:48:53+00:00
2025-06-25,BINHO,KAP,1000 YATIRIMLAR HOLDİNG A.Ş. - Bağımsız Denetim Kuruluşunun Belirlenmesi,Bağımsız Denetim Kuruluşunun Belirlenmesi Bağımsız Denetim Kuruluşunun Tescil ve İlanı,https://www.kap.org.tr/tr/Bildirim/1451747,tr,2025-06-25T14:06:15+00:00
2025-06-25,BINHO,KAP,1000 YATIRIMLAR HOLDİNG A.Ş. - Genel Kurul İşlemlerine İlişkin Bildirim,Genel Kurul İşlemlerine İlişkin Bildirim 2024 Yılı Olağan Genel Kurulun Tescili,https://www.kap.org.tr/tr/Bildirim/1451745,tr,2025-06-25T14:04:24+00:00
2025-06-25,BLKOM,KAP,BİLKOM BİLİŞİM HİZMETLERİ A.Ş. - Pay Dışında Sermaye Piyasası Aracı İşlemlerine İlişkin Bildirim (Faiz İçeren),Pay Dışında Sermaye Piyasası Aracı İşlemlerine İlişkin Bildirim (Faiz İçeren) Talep Toplama,https://www.kap.org.tr/tr/Bildirim/1451748,tr,2025-06-25T14:11:40+00:00
2025-06-25,BLKOM,KAP,BİLKOM BİLİŞİM HİZMETLERİ A.Ş. - Pay Dışında Sermaye Piyasası Aracı İşlemlerine İlişkin Bildirim (Faiz İçeren),Pay Dışında Sermaye Piyasası Aracı İşlemlerine İlişkin Bildirim (Faiz İçeren) Nitelikli yatırımcılara finansman bonosu ihracı,https://www.kap.org.tr/tr/Bildirim/1451656,tr,2025-06-25T09:54:08+00:00
2025-06-25,BLUME,KAP,METEMTUR YATIRIM ENERJİ TURİZM VE İNŞAAT A.Ş. - Payların Geri Alınmasına İlişkin Bildirim,Payların Geri Alınmasına İlişkin Bildirim Geri Alınan Payların Elden Çıkarılması,https://www.kap.org.tr/tr/Bildirim/1451985,tr,2025-06-25T18:10:27+00:00
2025-06-25,BLUME,KAP,METEMTUR YATIRIM ENERJİ TURİZM VE İNŞAAT A.Ş. - Geri Alınan Payların Elden Çıkarılması,Geri Alınan Payların Elden Çıkarılması Geri Alınan Payların Elden Çıkarılması,https://www.kap.org.tr/tr/Bildirim/1451984,tr,2025-06-25T18:10:14+00:00
2025-06-25,BORLS,KAP,BORLEASE OTOMOTİV A.Ş. - Payların Geri Alınmasına İlişkin Bildirim,Payların Geri Alınmasına İlişkin Bildirim 25.06.2025 Tarihli Pay Geri Alım Bildirimi,https://www.kap.org.tr/tr/Bildirim/1452005,tr,2025-06-25T18:22:13+00:00
2025-06-25,BORLS,KAP,BORLEASE OTOMOTİV A.Ş. - Pay Dışında Sermaye Piyasası Aracı İşlemlerine İlişkin Bildirim (Faiz İçeren),Pay Dışında Sermaye Piyasası Aracı İşlemlerine İlişkin Bildirim (Faiz İçeren) BORÇLANMA ARACI KUPON ÖDEMESİ (TRFBORL32611,https://www.kap.org.tr/tr/Bildirim/1451802,tr,2025-06-25T15:13:20+00:00
2025-06-25,BRGFK,KAP,BURGAN FİNANSAL KİRALAMA A.Ş. - Pay Dışında Sermaye Piyasası Aracı İşlemlerine İlişkin Bildirim (Faiz İçeren),Pay Dışında Sermaye Piyasası Aracı İşlemlerine İlişkin Bildirim (Faiz İçeren) TRFBUFKA2516 ISIN Kodlu Bono İhracı Bilgi Güncellemesi,https://www.kap.org.tr/tr/Bildirim/1451675,tr,2025-06-25T10:30:18+00:00
2025-06-25,BRGFK,KAP,BURGAN FİNANSAL KİRALAMA A.Ş. - Özel Durum Açıklaması (Genel),Özel Durum Açıklaması (Genel) TRFBUFKA2516 ISIN Kodlu Bono İhracı Bilgi Güncellemesi,https://www.kap.org.tr/tr/Bildirim/1451659,tr,2025-06-25T09:58:30+00:00
2025-06-25,BVSAN,KAP,BÜLBÜLOĞLU VİNÇ SANAYİ VE TİCARET A.Ş. - Yeni İş İlişkisi,Yeni İş İlişkisi Yeni İş İlişkisi Hakkında,https://www.kap.org.tr/tr/Bildirim/1451935,tr,2025-06-25T17:25:30+00:00
2025-06-25,CAGFA,KAP,ÇAĞDAŞ FAKTORİNG A.Ş. - Pay Dışında Sermaye Piyasası Aracı İşlemlerine İlişkin Bildirim (Faiz İçeren),Pay Dışında Sermaye Piyasası Aracı İşlemlerine İlişkin Bildirim (Faiz İçeren) 1.Kupon Faiz Oranının Belirlenmesi,https://www.kap.org.tr/tr/Bildirim/1451909,tr,2025-06-25T17:02:50+00:00
2025-06-25,CAGFA,KAP,ÇAĞDAŞ FAKTORİNG A.Ş. - Pay Dışında Sermaye Piyasası Aracı İşlemlerine İlişkin Bildirim (Faiz İçeren),Pay Dışında Sermaye Piyasası Aracı İşlemlerine İlişkin Bildirim (Faiz İçeren) 4.Kupon Faiz Oranının Belirlenmesi,https://www.kap.org.tr/tr/Bildirim/1451908,tr,2025-06-25T17:02:43+00:00
2025-06-25,CAGFA,KAP,ÇAĞDAŞ FAKTORİNG A.Ş. - Pay Dışında Sermaye Piyasası Aracı İşlemlerine İlişkin Bildirim (Faiz İçeren),Pay Dışında Sermaye Piyasası Aracı İşlemlerine İlişkin Bildirim (Faiz İçeren) 26.06.2026 Vadeli Tahvil İhracı,https://www.kap.org.tr/tr/Bildirim/1451907,tr,2025-06-25T17:00:14+00:00
2025-06-25,CCOLA,KAP,COCA-COLA İÇECEK A.Ş. - Pay Dışında Sermaye Piyasası Aracı İşlemlerine İlişkin Bildirim (Faiz İçeren),Pay Dışında Sermaye Piyasası Aracı İşlemlerine İlişkin Bildirim (Faiz İçeren) TRSCOLA92612 ISIN Kodlu Tahvilin 3. Kupon Ödemesi,https://www.kap.org.tr/tr/Bildirim/1451725,tr,2025-06-25T13:31:55+00:00
2025-06-25,CELHA,KAP,ÇELİK HALAT VE TEL SANAYİİ A.Ş. - Kayıtlı Sermaye Tavanı İşlemlerine İlişkin Bildirim,Kayıtlı Sermaye Tavanı İşlemlerine İlişkin Bildirim Kayıtlı Sermaye Tavan Artışı ve Süre Uzatımı ile İlgili T.C. Ticaret Bakanlığı Onayı,https://www.kap.org.tr/tr/Bildirim/1452026,tr,2025-06-25T19:07:33+00:00
2025-06-25,CRDFA,KAP,CREDITWEST FAKTORİNG A.Ş. - Pay Dışında Sermaye Piyasası Aracı İşlemlerine İlişkin Bildirim (Faiz İçeren),Pay Dışında Sermaye Piyasası Aracı İşlemlerine İlişkin Bildirim (Faiz İçeren) TRFTPFC62512 ISIN KODLU FİNANSMAN BONOSU 4.KUPON ÖDEMESİ VE ANAPARA İTFASI,https://www.kap.org.tr/tr/Bildirim/1451705,tr,2025-06-25T11:53:13+00:00
2025-06-25,CVKMD,KAP,CVK MADEN İŞLETMELERİ SANAYİ VE TİCARET A.Ş. - Geri Alınan Payların Elden Çıkarılması,Geri Alınan Payların Elden Çıkarılması Geri Alınan Payların Satışı Hk.,https://www.kap.org.tr/tr/Bildirim/1452053,tr,2025-06-25T20:59:20+00:00
2025-06-25,CVKMD,KAP,CVK MADEN İŞLETMELERİ SANAYİ VE TİCARET A.Ş. - Özel Durum Açıklaması (Genel),Özel Durum Açıklaması (Genel) Eti Maden İşletmeleri Genel Müdürlüğü Tarafından Gerçekleştirilen İhalenin Şirketimizce Kazanılması Hk.,https://www.kap.org.tr/tr/Bildirim/1451974,tr,2025-06-25T17:52:46+00:00
2025-06-25,DNYVA,KAP,DÜNYA VARLIK YÖNETİM A.Ş. - Şirket Genel Bilgi Formu,Şirket Genel Bilgi Formu,https://www.kap.org.tr/tr/Bildirim/1451742,tr,2025-06-25T13:59:07+00:00
2025-06-25,DOAS,KAP,DOĞUŞ OTOMOTİV SERVİS VE TİCARET A.Ş. - Yeni İş İlişkisi,Yeni İş İlişkisi RIVIERA AUSTRALIA PTY LIMITED ile Distribütörlük Sözleşmesi İmzalanması,https://www.kap.org.tr/tr/Bildirim/1452007,tr,2025-06-25T18:30:06+00:00
2025-06-25,DOGVY,KAP,DOĞRU VARLIK YÖNETİM A.Ş. - İhraç Tavanına İlişkin Bildirim,İhraç Tavanına İlişkin Bildirim Borçlanma Aracı İhraç Tavanı SPK Onayı,https://www.kap.org.tr/tr/Bildirim/1451849,tr,2025-06-25T15:52:00+00:00
2025-06-25,DOGVY,KAP,DOĞRU VARLIK YÖNETİM A.Ş. - İhraç Belgesi,İhraç Belgesi Borçlanma Aracı İhraç Tavanı SPK Onayı,https://www.kap.org.tr/tr/Bildirim/1451824,tr,2025-06-25T15:42:15+00:00
2025-06-25,DYBNK,KAP,D YATIRIM BANKASI A.Ş. - Pay Dışında Sermaye Piyasası Aracı İşlemlerine İlişkin Bildirim (Faiz İçeren),Pay Dışında Sermaye Piyasası Aracı İşlemlerine İlişkin Bildirim (Faiz İçeren) Nitelikli Yatırımcılara Yapılan Borçlanma Aracı İhracı,https://www.kap.org.tr/tr/Bildirim/1451998,tr,2025-06-25T18:15:25+00:00
2025-06-25,EKGYO,KAP,EMLAK KONUT GAYRİMENKUL YATIRIM ORTAKLIĞI A.Ş. - İhraç Tavanına İlişkin Bildirim,İhraç Tavanına İlişkin Bildirim Kira Sertifikası İhracı ve Yetkilendirmeler Hakkında HLVKS,https://www.kap.org.tr/tr/Bildirim/1452038,tr,2025-06-25T19:31:05+00:00
2025-06-25,EKIZ,KAP,EKİZ KİMYA SANAYİ VE TİCARET A.Ş. - Şirket Genel Bilgi Formu,Şirket Genel Bilgi Formu,https://www.kap.org.tr/tr/Bildirim/1451997,tr,2025-06-25T18:14:50+00:00
2025-06-25,EKIZ,KAP,EKİZ KİMYA SANAYİ VE TİCARET A.Ş. - Özel Durum Açıklaması (Genel),Özel Durum Açıklaması (Genel) Pay alım-satım bildirimi hakkında,https://www.kap.org.tr/tr/Bildirim/1451986,tr,2025-06-25T18:10:35+00:00
2025-06-25,EKOFA,KAP,EKO FAKTORİNG A.Ş. - Pay Dışında Sermaye Piyasası Aracı İşlemlerine İlişkin Bildirim (Faiz İçeren),Pay Dışında Sermaye Piyasası Aracı İşlemlerine İlişkin Bildirim (Faiz İçeren) TRFEKOFE2517 ISIN KODLU BONO 1.KUPON FAİZ BİLDİRİMİ,https://www.kap.org.tr/tr/Bildirim/1451996,tr,2025-06-25T18:13:53+00:00
2025-06-25,EKOFA,KAP,EKO FAKTORİNG A.Ş. - Pay Dışında Sermaye Piyasası Aracı İşlemlerine İlişkin Bildirim (Faiz İçeren),Pay Dışında Sermaye Piyasası Aracı İşlemlerine İlişkin Bildirim (Faiz İçeren) TRFEKOF92517 ISIN KODLU BONO 3.KUPON ÖDEMESİ,https://www.kap.org.tr/tr/Bildirim/1451994,tr,2025-06-25T18:13:27+00:00
2025-06-25,EKOS,KAP,EKOS TEKNOLOJİ VE ELEKTRİK A.Ş. - Kurumsal Yönetim Bilgi Formu (Güncelleme) - Yönetim Kurulu-1,Kurumsal Yönetim Bilgi Formu (Güncelleme) - Yönetim Kurulu-1 Güncelleme,https://www.kap.org.tr/tr/Bildirim/1451771,tr,2025-06-25T14:44:45+00:00
2025-06-25,EKOS,KAP,EKOS TEKNOLOJİ VE ELEKTRİK A.Ş. - Kurumsal Yönetim Uyum Raporu (Güncelleme),Kurumsal Yönetim Uyum Raporu (Güncelleme) Güncelleme,https://www.kap.org.tr/tr/Bildirim/1451768,tr,2025-06-25T14:43:08+00:00
2025-06-25,EKOS,KAP,EKOS TEKNOLOJİ VE ELEKTRİK A.Ş. - Özel Durum Açıklaması (Genel),Özel Durum Açıklaması (Genel) Yönetici Sorumluluk Sigortası,https://www.kap.org.tr/tr/Bildirim/1451764,tr,2025-06-25T14:38:54+00:00
2025-06-25,ELITE,KAP,ELİTE NATUREL ORGANİK GIDA SANAYİ VE TİCARET A.Ş. - Genel Kurul İşlemlerine İlişkin Bildirim,Genel Kurul İşlemlerine İlişkin Bildirim Genel Kurul Kararlarının Tescili,https://www.kap.org.tr/tr/Bildirim/1452016,tr,2025-06-25T18:40:31+00:00
2025-06-25,ELITE,KAP,ELİTE NATUREL ORGANİK GIDA SANAYİ VE TİCARET A.Ş. - Bağımsız Denetim Kuruluşunun Belirlenmesi,Bağımsız Denetim Kuruluşunun Belirlenmesi 2025 yılı Bağımsız Denetim Şirketi Seçimi Tescili,https://www.kap.org.tr/tr/Bildirim/1451730,tr,2025-06-25T13:43:23+00:00
2025-06-25,ELITE,KAP,ELİTE NATUREL ORGANİK GIDA SANAYİ VE TİCARET A.Ş. - Genel Kurul İşlemlerine İlişkin Bildirim,Genel Kurul İşlemlerine İlişkin Bildirim Genel Kurul Kararlarının Tescili,https://www.kap.org.tr/tr/Bildirim/1451729,tr,2025-06-25T13:42:38+00:00
2025-06-25,EMNIS,KAP,EMİNİŞ AMBALAJ SANAYİ VE TİCARET A.Ş. - Bağımsız Denetim Kuruluşunun Belirlenmesi,Bağımsız Denetim Kuruluşunun Belirlenmesi Bağımsız Denetim Kuruluşu Tescili Hakkında,https://www.kap.org.tr/tr/Bildirim/1451958,tr,2025-06-25T17:36:03+00:00
2025-06-25,EMNIS,KAP,EMİNİŞ AMBALAJ SANAYİ VE TİCARET A.Ş. - Genel Kurul İşlemlerine İlişkin Bildirim,Genel Kurul İşlemlerine İlişkin Bildirim Genel Kurul Toplantısı Tescili Yapılmıştır,https://www.kap.org.tr/tr/Bildirim/1451931,tr,2025-06-25T17:24:00+00:00
2025-06-25,EMVAR,KAP,EMLAK VARLIK KİRALAMA A.Ş. - Pay Dışında Sermaye Piyasası Aracı İşlemlerine İlişkin Bildirim (Faizsiz),Pay Dışında Sermaye Piyasası Aracı İşlemlerine İlişkin Bildirim (Faizsiz) Şirketimiz Tarafından İhraç Edilmiş Olan TRDEMVK62516 ISIN Kodlu Kira Sertifikasının İtfası Hk.,https://www.kap.org.tr/tr/Bildirim/1451831,tr,2025-06-25T15:49:39+00:00
2025-06-25,EMVAR,KAP,EMLAK VARLIK KİRALAMA A.Ş. - Pay Dışında Sermaye Piyasası Aracı İşlemlerine İlişkin Bildirim (Faizsiz),Pay Dışında Sermaye Piyasası Aracı İşlemlerine İlişkin Bildirim (Faizsiz) TRDEMVK32618 ISIN Kodlu Kira Sertifikasının 5.Dönemsel Kira Ödemesi Hk. AKFK,https://www.kap.org.tr/tr/Bildirim/1451707,tr,2025-06-25T11:59:21+00:00
2025-06-25,ENERY,KAP,ENERYA ENERJİ A.Ş. - Özel Durum Açıklaması (Genel),Özel Durum Açıklaması (Genel) Ahlatcı Altın İşletmeleri A.Ş. Hk.,https://www.kap.org.tr/tr/Bildirim/1452008,tr,2025-06-25T18:30:09+00:00
2025-06-25,ENJSA,KAP,ENERJİSA ENERJİ A.Ş. - Pay Dışında Sermaye Piyasası Aracı İşlemlerine İlişkin Bildirim (Faiz İçeren),Pay Dışında Sermaye Piyasası Aracı İşlemlerine İlişkin Bildirim (Faiz İçeren) TRSENSA92516 ISIN kodlu tahvilin 7.kupon ödemesi,https://www.kap.org.tr/tr/Bildirim/1451722,tr,2025-06-25T12:46:47+00:00
2025-06-25,ERCB,KAP,ERCİYAS ÇELİK BORU SANAYİ A.Ş. - Pay Dışında Sermaye Piyasası Aracı İşlemlerine İlişkin Bildirim (Faiz İçeren),Pay Dışında Sermaye Piyasası Aracı İşlemlerine İlişkin Bildirim (Faiz İçeren) TRFERCY62537 ISIN Kodlu Bononun İtfası,https://www.kap.org.tr/tr/Bildirim/1451788,tr,2025-06-25T15:03:50+00:00
2025-06-25,ERCB,KAP,ERCİYAS ÇELİK BORU SANAYİ A.Ş. - Pay Dışında Sermaye Piyasası Aracı İşlemlerine İlişkin Bildirim (Faiz İçeren),Pay Dışında Sermaye Piyasası Aracı İşlemlerine İlişkin Bildirim (Faiz İçeren) Finansman Bonosu İhracı,https://www.kap.org.tr/tr/Bildirim/1451651,tr,2025-06-25T09:48:22+00:00
2025-06-25,ETYAT,KAP,EURO TREND YATIRIM ORTAKLIĞI A.Ş. - Özel Durum Açıklaması (Genel),"Özel Durum Açıklaması (Genel) BİAŞ'da oluşan ağırlıklı ortalama fiyatın,pay başına net aktif değerin 2 katını aşması",https://www.kap.org.tr/tr/Bildirim/1451822,tr,2025-06-25T15:40:12+00:00
2025-06-25,EUHOL,KAP,EURO YATIRIM HOLDİNG A.Ş. - Finansal Duran Varlık Edinimi,Finansal Duran Varlık Edinimi Uludağ Özel Sağlık Hizmetleri Sanayi ve Ticaret A.Ş. (Özel Cihangir Hastanesi) Paylarının bir kısmının devralınması,https://www.kap.org.tr/tr/Bildirim/1451971,tr,2025-06-25T17:45:07+00:00
2025-06-25,EUKYO,KAP,EURO KAPİTAL YATIRIM ORTAKLIĞI A.Ş. - Özel Durum Açıklaması (Genel),"Özel Durum Açıklaması (Genel) BİAŞ'da oluşan ağırlıklı ortalama fiyatın,pay başına net aktif değerin 2 katını aşması",https://www.kap.org.tr/tr/Bildirim/1451825,tr,2025-06-25T15:42:43+00:00
2025-06-25,EUREN,KAP,EUROPEN ENDÜSTRİ İNŞAAT SANAYİ VE TİCARET A.Ş. - Özel Durum Açıklaması (Genel),Özel Durum Açıklaması (Genel) Kütahya Şube Açılış İşlemlerinin Tamamlanması,https://www.kap.org.tr/tr/Bildirim/1452067,tr,2025-06-25T23:31:48+00:00
2025-06-25,EUYO,KAP,EURO MENKUL KIYMET YATIRIM ORTAKLIĞI A.Ş. - Özel Durum Açıklaması (Genel),"Özel Durum Açıklaması (Genel) BİAŞ'da oluşan ağırlıklı ortalama fiyatın,pay başına net aktif değerin 2 katını aşması",https://www.kap.org.tr/tr/Bildirim/1451821,tr,2025-06-25T15:37:17+00:00
2025-06-25,EXIMB,KAP,TÜRKİYE İHRACAT KREDİ BANKASI A.Ş. - Pay Dışında Sermaye Piyasası Aracı İşlemlerine İlişkin Bildirim (Faiz İçeren),Pay Dışında Sermaye Piyasası Aracı İşlemlerine İlişkin Bildirim (Faiz İçeren) GMTN programı çerçevesinde yurt dışında borçlanma aracı ihracı,https://www.kap.org.tr/tr/Bildirim/1451811,tr,2025-06-25T15:24:09+00:00
2025-06-25,EXIMB,KAP,TÜRKİYE İHRACAT KREDİ BANKASI A.Ş. - Pay Dışında Sermaye Piyasası Aracı İşlemlerine İlişkin Bildirim (Faiz İçeren),Pay Dışında Sermaye Piyasası Aracı İşlemlerine İlişkin Bildirim (Faiz İçeren) GMTN programı çerçevesinde yurt dışında borçlanma aracı ihracı,https://www.kap.org.tr/tr/Bildirim/1451810,tr,2025-06-25T15:23:49+00:00
2025-06-25,EXIMB,KAP,TÜRKİYE İHRACAT KREDİ BANKASI A.Ş. - Pay Dışında Sermaye Piyasası Aracı İşlemlerine İlişkin Bildirim (Faiz İçeren),Pay Dışında Sermaye Piyasası Aracı İşlemlerine İlişkin Bildirim (Faiz İçeren) GMTN programı çerçevesinde yurt dışında borçlanma aracı ihracı,https://www.kap.org.tr/tr/Bildirim/1451809,tr,2025-06-25T15:23:23+00:00
2025-06-25,EXIMB,KAP,TÜRKİYE İHRACAT KREDİ BANKASI A.Ş. - Pay Dışında Sermaye Piyasası Aracı İşlemlerine İlişkin Bildirim (Faiz İçeren),Pay Dışında Sermaye Piyasası Aracı İşlemlerine İlişkin Bildirim (Faiz İçeren) GMTN programı çerçevesinde yurt dışında borçlanma aracı ihracı,https://www.kap.org.tr/tr/Bildirim/1451808,tr,2025-06-25T15:22:32+00:00
2025-06-25,EXIMB,KAP,TÜRKİYE İHRACAT KREDİ BANKASI A.Ş. - Özel Durum Açıklaması (Genel),Özel Durum Açıklaması (Genel) OeKB Sigortası ile Kredi Temini,https://www.kap.org.tr/tr/Bildirim/1451740,tr,2025-06-25T13:55:19+00:00
2025-06-25,EXIMB,KAP,TÜRKİYE İHRACAT KREDİ BANKASI A.Ş. - İhraç Belgesi,İhraç Belgesi Yurt Dışı Tahvil İhracı,https://www.kap.org.tr/tr/Bildirim/1451728,tr,2025-06-25T13:41:26+00:00
2025-06-25,EXIMB,KAP,TÜRKİYE İHRACAT KREDİ BANKASI A.Ş. - Pay Dışında Sermaye Piyasası Aracı İşlemlerine İlişkin Bildirim (Faiz İçeren),Pay Dışında Sermaye Piyasası Aracı İşlemlerine İlişkin Bildirim (Faiz İçeren) XS3047529980 ISIN Kodlu Finansman Bonosunun İtfası Hk,https://www.kap.org.tr/tr/Bildirim/1451704,tr,2025-06-25T11:51:21+00:00
2025-06-25,EXIMB,KAP,TÜRKİYE İHRACAT KREDİ BANKASI A.Ş. - Pay Dışında Sermaye Piyasası Aracı İşlemlerine İlişkin Bildirim (Faiz İçeren),Pay Dışında Sermaye Piyasası Aracı İşlemlerine İlişkin Bildirim (Faiz İçeren) XS3047530483 ISIN Kodlu Finansman Bonosunun İtfası Hk,https://www.kap.org.tr/tr/Bildirim/1451703,tr,2025-06-25T11:50:54+00:00
2025-06-25,FBB,KAP,FİBABANKA A.Ş. - Özel Durum Açıklaması (Genel),Özel Durum Açıklaması (Genel) Fibabanka A.Ş. Atlasdenim Birinci Varlık Finansmanı Fonu İçtüzüğü,https://www.kap.org.tr/tr/Bildirim/1451767,tr,2025-06-25T14:40:56+00:00
2025-06-25,FBBNK,KAP,FİBABANKA A.Ş. - Özel Durum Açıklaması (Genel),Özel Durum Açıklaması (Genel) Fibabanka A.Ş. Atlasdenim Birinci Varlık Finansmanı Fonu İçtüzüğü,https://www.kap.org.tr/tr/Bildirim/1451767,tr,2025-06-25T14:40:56+00:00
2025-06-25,FIN,KAP,QNB BANK A.Ş. - Özel Durum Açıklaması (Genel),Özel Durum Açıklaması (Genel) Enpara Bank A.Ş. kısmi bölünme işlemi için SPK başvurusu hk.,https://www.kap.org.tr/tr/Bildirim/1451927,tr,2025-06-25T17:14:41+00:00
2025-06-25,FIN,KAP,QNB BANK A.Ş. - İhraç Tavanına İlişkin Bildirim,İhraç Tavanına İlişkin Bildirim 3.000.000.000 TL(üçmilyarTürkLirası) tutara ve 5 (beş) yıla kadar vadeli sürdürülebilir/yeşil tahvil ve/veya finansman bonolarının ihraç edilmesine ilişkin Yönetim Kurulu Kararı,https://www.kap.org.tr/tr/Bildirim/1451800,tr,2025-06-25T15:11:38+00:00
2025-06-25,FIN,KAP,QNB BANK A.Ş. - İhraç Tavanına İlişkin Bildirim,İhraç Tavanına İlişkin Bildirim Bankamızca toplam 50.000.000.000 TL tutara ve 5 yıla kadar vadeli bonolar ve/veya tahviller ihraç edilmesine ilişkin Yönetim Kurulu Kararı,https://www.kap.org.tr/tr/Bildirim/1451798,tr,2025-06-25T15:11:07+00:00
2025-06-25,FIN,KAP,QNB BANK A.Ş. - Pay Dışında Sermaye Piyasası Aracı İşlemlerine İlişkin Bildirim (Faiz İçeren),Pay Dışında Sermaye Piyasası Aracı İşlemlerine İlişkin Bildirim (Faiz İçeren) MTN programı kapsamında yurtdışında ihraç edilen borçlanma aracının itfası,https://www.kap.org.tr/tr/Bildirim/1451744,tr,2025-06-25T14:02:25+00:00
2025-06-25,FORTE,KAP,FORTE BİLGİ İLETİŞİM TEKNOLOJİLERİ VE SAVUNMA SANAYİ A.Ş. - Yönetim Kurulu Komiteleri,Yönetim Kurulu Komiteleri Yönetim Kurulu Komiteleri Görev Dağılımı ve Seçimi,https://www.kap.org.tr/tr/Bildirim/1452060,tr,2025-06-25T21:43:17+00:00
2025-06-25,FORTE,KAP,FORTE BİLGİ İLETİŞİM TEKNOLOJİLERİ VE SAVUNMA SANAYİ A.Ş. - Yeni İş İlişkisi,Yeni İş İlişkisi Yeni İş İlişkisi,https://www.kap.org.tr/tr/Bildirim/1451681,tr,2025-06-25T10:45:10+00:00
2025-06-25,FORTE,KAP,FORTE BİLGİ İLETİŞİM TEKNOLOJİLERİ VE SAVUNMA SANAYİ A.Ş. - Yeni İş İlişkisi,Yeni İş İlişkisi Yeni İş İlişkisi,https://www.kap.org.tr/tr/Bildirim/1451676,tr,2025-06-25T10:31:21+00:00
2025-06-25,GESAN,KAP,GİRİŞİM ELEKTRİK SANAYİ TAAHHÜT VE TİCARET A.Ş. - İhale Süreci / Sonucu,İhale Süreci / Sonucu İhale Sonucu Bildirimi,https://www.kap.org.tr/tr/Bildirim/1451644,tr,2025-06-25T09:30:46+00:00
2025-06-25,GLRYH,KAP,GÜLER YATIRIM HOLDİNG A.Ş. - Özel Durum Açıklaması (Genel),Özel Durum Açıklaması (Genel) İCG Finansal Danışmanlık AŞ Sermaye Artırımı Hk.,https://www.kap.org.tr/tr/Bildirim/1451982,tr,2025-06-25T18:10:09+00:00
2025-06-25,GOODY,KAP,GOODYEAR LASTİKLERİ T.A.Ş. - Faaliyetlerin Kısmen veya Tamamen Durdurulması ya da İmkansız Hale Gelmesi,Faaliyetlerin Kısmen veya Tamamen Durdurulması ya da İmkansız Hale Gelmesi İzmit fabrikasında üretim faaliyetinin geçici süreyle durdurulması,https://www.kap.org.tr/tr/Bildirim/1451789,tr,2025-06-25T15:04:15+00:00
2025-06-25,GRNYO,KAP,GARANTİ YATIRIM ORTAKLIĞI A.Ş. - Özel Durum Açıklaması (Genel),"Özel Durum Açıklaması (Genel) Paylarının BİAŞ'ta oluşan ağırlıklı ortalama fiyatının, pay başına net aktif değerinin 2 katını aşması hakkında.",https://www.kap.org.tr/tr/Bildirim/1451657,tr,2025-06-25T09:54:56+00:00
2025-06-25,GWIND,KAP,GALATA WIND ENERJİ A.Ş. - Özel Durum Açıklaması (Genel),Özel Durum Açıklaması (Genel) Yurtdışında Yenilenebilir Enerji Yatırımları,https://www.kap.org.tr/tr/Bildirim/1452039,tr,2025-06-25T19:31:58+00:00
2025-06-25,GZNMI,KAP,GEZİNOMİ SEYAHAT TURİZM TİCARET A.Ş. - Pay Dışında Sermaye Piyasası Aracı İşlemlerine İlişkin Bildirim (Faiz İçeren),Pay Dışında Sermaye Piyasası Aracı İşlemlerine İlişkin Bildirim (Faiz İçeren) TRFGZNM62511 ISIN kodlu TL Finansman Bonosu Kupon Ödemesi ve Anapara İtfası,https://www.kap.org.tr/tr/Bildirim/1451957,tr,2025-06-25T17:35:45+00:00
2025-06-25,HLGYO,KAP,HALK GAYRİMENKUL YATIRIM ORTAKLIĞI A.Ş. - Değerleme Raporu,Değerleme Raporu Dilovası Arsaları (Sanayi Sitesi Projesi) 2025 İlk Yarı Yıl Dönemi Değerleme Raporu,https://www.kap.org.tr/tr/Bildirim/1452015,tr,2025-06-25T18:37:04+00:00
2025-06-25,HLGYO,KAP,HALK GAYRİMENKUL YATIRIM ORTAKLIĞI A.Ş. - Sermaye Artırımı - Azaltımı İşlemlerine İlişkin Bildirim,Sermaye Artırımı - Azaltımı İşlemlerine İlişkin Bildirim 2024 Yılı Dönem Karından Yapılacak Bedelsiz Sermaye Artırımı Kurul Başvurusu,https://www.kap.org.tr/tr/Bildirim/1452010,tr,2025-06-25T18:31:32+00:00
2025-06-25,HLVKS,KAP,HALK VARLIK KİRALAMA A.Ş. - İhraç Tavanına İlişkin Bildirim,İhraç Tavanına İlişkin Bildirim Kira Sertifikası İhracına İlişkin Yönetim Kurulu Kararı Alınması PYCLL,https://www.kap.org.tr/tr/Bildirim/1452065,tr,2025-06-25T22:48:39+00:00
2025-06-25,HLVKS,KAP,HALK VARLIK KİRALAMA A.Ş. - İhraç Tavanına İlişkin Bildirim,İhraç Tavanına İlişkin Bildirim Kira Sertifikası İhracına İlişkin Yönetim Kurulu Kararı Alınması EKGYO,https://www.kap.org.tr/tr/Bildirim/1452042,tr,2025-06-25T19:39:09+00:00
2025-06-25,HLVKS,KAP,HALK VARLIK KİRALAMA A.Ş. - Pay Dışında Sermaye Piyasası Aracı İşlemlerine İlişkin Bildirim (Faizsiz),Pay Dışında Sermaye Piyasası Aracı İşlemlerine İlişkin Bildirim (Faizsiz) Yurtiçi Kira Sertifikası İhracı Nitelikli Yatırımcıya Satışın Tamamlanması hk. PYCLL,https://www.kap.org.tr/tr/Bildirim/1452006,tr,2025-06-25T18:29:06+00:00
2025-06-25,HLVKS,KAP,HALK VARLIK KİRALAMA A.Ş. - Pay Dışında Sermaye Piyasası Aracı İşlemlerine İlişkin Bildirim (Faizsiz),Pay Dışında Sermaye Piyasası Aracı İşlemlerine İlişkin Bildirim (Faizsiz) Yurtiçi Kira Sertifikası İtfa ve Getiri Ödemesi HLGYO,https://www.kap.org.tr/tr/Bildirim/1451765,tr,2025-06-25T14:39:57+00:00
2025-06-25,HUZFA,KAP,HUZUR FAKTORİNG A.Ş. - Pay Dışında Sermaye Piyasası Aracı İşlemlerine İlişkin Bildirim (Faiz İçeren),Pay Dışında Sermaye Piyasası Aracı İşlemlerine İlişkin Bildirim (Faiz İçeren) TRFHZRF92511 ISIN KODLU FİNANSMAN BONOSUNUN 3.KUPON ÖDEMESİ YAPILMIŞTIR,https://www.kap.org.tr/tr/Bildirim/1451684,tr,2025-06-25T10:51:12+00:00
2025-06-25,ICUGS,KAP,ICU GİRİŞİM SERMAYESİ YATIRIM ORTAKLIĞI A.Ş. - Yönetim Kurulu Komiteleri,Yönetim Kurulu Komiteleri Yönetim Kurulu Komitelerinin Atanması Hakkında,https://www.kap.org.tr/tr/Bildirim/1452023,tr,2025-06-25T18:57:18+00:00
2025-06-25,ICUGS,KAP,ICU GİRİŞİM SERMAYESİ YATIRIM ORTAKLIĞI A.Ş. - Esas Sözleşme,Esas Sözleşme Esas Sözleşmemizin Tadil Sonrası Güncellenmesi,https://www.kap.org.tr/tr/Bildirim/1452018,tr,2025-06-25T18:43:14+00:00
2025-06-25,ICUGS,KAP,ICU GİRİŞİM SERMAYESİ YATIRIM ORTAKLIĞI A.Ş. - Bağımsız Denetim Kuruluşunun Belirlenmesi,Bağımsız Denetim Kuruluşunun Belirlenmesi Bağımsız Denetim Kuruluşu Seçiminin Genel Kurulda Onaylanması,https://www.kap.org.tr/tr/Bildirim/1452013,tr,2025-06-25T18:34:11+00:00
2025-06-25,ICUGS,KAP,ICU GİRİŞİM SERMAYESİ YATIRIM ORTAKLIĞI A.Ş. - Kar Payı Dağıtım İşlemlerine İlişkin Bildirim,Kar Payı Dağıtım İşlemlerine İlişkin Bildirim 2024 yılında Kar Dağıtılmaması Kararının Genel Kurulda Onaylanması,https://www.kap.org.tr/tr/Bildirim/1451989,tr,2025-06-25T18:12:08+00:00
2025-06-25,ICUGS,KAP,ICU GİRİŞİM SERMAYESİ YATIRIM ORTAKLIĞI A.Ş. - Genel Kurul İşlemlerine İlişkin Bildirim,Genel Kurul İşlemlerine İlişkin Bildirim 2024 Yılı Olağan Genel Kurul Toplantısı Hazır Bulunanlar Listesinin Formatının Düzeltilmesi,https://www.kap.org.tr/tr/Bildirim/1451941,tr,2025-06-25T17:30:16+00:00
2025-06-25,ICUGS,KAP,ICU GİRİŞİM SERMAYESİ YATIRIM ORTAKLIĞI A.Ş. - Genel Kurul İşlemlerine İlişkin Bildirim,Genel Kurul İşlemlerine İlişkin Bildirim 2024 Yılı Olağan Genel Kurul Toplantısı Sonucu,https://www.kap.org.tr/tr/Bildirim/1451913,tr,2025-06-25T17:10:30+00:00
2025-06-25,IHEVA,KAP,İHLAS EV ALETLERİ İMALAT SANAYİ VE TİCARET A.Ş. - Geri Alınan Payların Elden Çıkarılması,Geri Alınan Payların Elden Çıkarılması Geri Alınan Payların Elden Çıkarılması IHLAS,https://www.kap.org.tr/tr/Bildirim/1451653,tr,2025-06-25T09:50:30+00:00
2025-06-25,IHGZT,KAP,İHLAS GAZETECİLİK A.Ş. - Geri Alınan Payların Elden Çıkarılması,Geri Alınan Payların Elden Çıkarılması Geri Alınan Payların Elden Çıkarılması IHLAS,https://www.kap.org.tr/tr/Bildirim/1451652,tr,2025-06-25T09:50:21+00:00
2025-06-25,INFO,KAP,İNFO YATIRIM MENKUL DEĞERLER A.Ş. - Yatırım Kuruluşu Varant - Sertifika - Senetlerine İlişkin Bildirim,Yatırım Kuruluşu Varant - Sertifika - Senetlerine İlişkin Bildirim AEFES Varantları Hakkında,https://www.kap.org.tr/tr/Bildirim/1452027,tr,2025-06-25T19:09:01+00:00
2025-06-25,INFO,KAP,İNFO YATIRIM MENKUL DEĞERLER A.Ş. - İzahname-Özet (SPK Tarafından Onaylanan),İzahname-Özet (SPK Tarafından Onaylanan) Yatırım Kuruluşu Varantı/Sertifikası İhracına İlişkin Özet,https://www.kap.org.tr/tr/Bildirim/1451813,tr,2025-06-25T15:24:43+00:00
2025-06-25,INFO,KAP,İNFO YATIRIM MENKUL DEĞERLER A.Ş. - İzahname-Sermaye Piyasası Aracı Notu (SPK Tarafından Onaylanan),İzahname-Sermaye Piyasası Aracı Notu (SPK Tarafından Onaylanan) İzahname-Sermaye Piyasası Aracı Notu (SPK Tarafından Onaylanan),https://www.kap.org.tr/tr/Bildirim/1451812,tr,2025-06-25T15:24:34+00:00
2025-06-25,ISATR,KAP,TÜRKİYE İŞ BANKASI A.Ş. - Pay Alım Satım Bildirimi,Pay Alım Satım Bildirimi İş Gayrimenkul Yatırım Ortaklığı A.Ş. Pay Alım İşlemleri Hakkında ISGYO,https://www.kap.org.tr/tr/Bildirim/1451993,tr,2025-06-25T18:13:10+00:00
2025-06-25,ISATR,KAP,TÜRKİYE İŞ BANKASI A.Ş. - Pay Alım Satım Bildirimi,Pay Alım Satım Bildirimi Türkiye Şişe ve Cam Fabrikaları A.Ş. Pay Alım İşlemleri Hakkında SISE,https://www.kap.org.tr/tr/Bildirim/1451992,tr,2025-06-25T18:12:56+00:00
2025-06-25,ISBTR,KAP,TÜRKİYE İŞ BANKASI A.Ş. - Pay Alım Satım Bildirimi,Pay Alım Satım Bildirimi İş Gayrimenkul Yatırım Ortaklığı A.Ş. Pay Alım İşlemleri Hakkında ISGYO,https://www.kap.org.tr/tr/Bildirim/1451993,tr,2025-06-25T18:13:10+00:00
2025-06-25,ISBTR,KAP,TÜRKİYE İŞ BANKASI A.Ş. - Pay Alım Satım Bildirimi,Pay Alım Satım Bildirimi Türkiye Şişe ve Cam Fabrikaları A.Ş. Pay Alım İşlemleri Hakkında SISE,https://www.kap.org.tr/tr/Bildirim/1451992,tr,2025-06-25T18:12:56+00:00
2025-06-25,ISCTR,KAP,TÜRKİYE İŞ BANKASI A.Ş. - Pay Alım Satım Bildirimi,Pay Alım Satım Bildirimi İş Gayrimenkul Yatırım Ortaklığı A.Ş. Pay Alım İşlemleri Hakkında ISGYO,https://www.kap.org.tr/tr/Bildirim/1451993,tr,2025-06-25T18:13:10+00:00
2025-06-25,ISCTR,KAP,TÜRKİYE İŞ BANKASI A.Ş. - Pay Alım Satım Bildirimi,Pay Alım Satım Bildirimi Türkiye Şişe ve Cam Fabrikaları A.Ş. Pay Alım İşlemleri Hakkında SISE,https://www.kap.org.tr/tr/Bildirim/1451992,tr,2025-06-25T18:12:56+00:00
2025-06-25,ISGYO,KAP,İŞ GAYRİMENKUL YATIRIM ORTAKLIĞI A.Ş. - Değerleme Raporu,Değerleme Raporu İstanbul İş Kuleleri Değerleme Raporu,https://www.kap.org.tr/tr/Bildirim/1451950,tr,2025-06-25T17:32:21+00:00
2025-06-25,ISGYO,KAP,İŞ GAYRİMENKUL YATIRIM ORTAKLIĞI A.Ş. - Değerleme Raporu,Değerleme Raporu İzmir Konak Ofis Binası Değerleme Raporu,https://www.kap.org.tr/tr/Bildirim/1451949,tr,2025-06-25T17:32:08+00:00
2025-06-25,ISGYO,KAP,İŞ GAYRİMENKUL YATIRIM ORTAKLIĞI A.Ş. - Değerleme Raporu,Değerleme Raporu Maslak Ofis Binası Değerleme Raporu,https://www.kap.org.tr/tr/Bildirim/1451947,tr,2025-06-25T17:31:58+00:00
2025-06-25,ISGYO,KAP,İŞ GAYRİMENKUL YATIRIM ORTAKLIĞI A.Ş. - Değerleme Raporu,Değerleme Raporu Profilo AVM Arsaları Değerleme Raporu,https://www.kap.org.tr/tr/Bildirim/1451946,tr,2025-06-25T17:31:48+00:00
2025-06-25,ISGYO,KAP,İŞ GAYRİMENKUL YATIRIM ORTAKLIĞI A.Ş. - Değerleme Raporu,Değerleme Raporu Tuzla Konut Projesi Değerleme Raporu,https://www.kap.org.tr/tr/Bildirim/1451944,tr,2025-06-25T17:31:38+00:00
2025-06-25,ISGYO,KAP,İŞ GAYRİMENKUL YATIRIM ORTAKLIĞI A.Ş. - Değerleme Raporu,Değerleme Raporu Tuzla Meydan Çarşı Değerleme Raporu,https://www.kap.org.tr/tr/Bildirim/1451943,tr,2025-06-25T17:31:27+00:00
2025-06-25,ISGYO,KAP,İŞ GAYRİMENKUL YATIRIM ORTAKLIĞI A.Ş. - Değerleme Raporu,Değerleme Raporu Tuzla Teknoloji ve Operasyon Merkezi Değerleme Raporu,https://www.kap.org.tr/tr/Bildirim/1451942,tr,2025-06-25T17:31:12+00:00
2025-06-25,ISGYO,KAP,İŞ GAYRİMENKUL YATIRIM ORTAKLIĞI A.Ş. - Değerleme Raporu,Değerleme Raporu İzmir Ege Perla AVM Değerleme Raporu,https://www.kap.org.tr/tr/Bildirim/1451928,tr,2025-06-25T17:17:56+00:00
2025-06-25,ISGYO,KAP,İŞ GAYRİMENKUL YATIRIM ORTAKLIĞI A.Ş. - Değerleme Raporu,Değerleme Raporu Taksim Ofis Lamartine Değerleme Raporu,https://www.kap.org.tr/tr/Bildirim/1451924,tr,2025-06-25T17:13:21+00:00
2025-06-25,ISGYO,KAP,İŞ GAYRİMENKUL YATIRIM ORTAKLIĞI A.Ş. - Değerleme Raporu,Değerleme Raporu Levent Arsalar Değerleme Raporu,https://www.kap.org.tr/tr/Bildirim/1451923,tr,2025-06-25T17:13:02+00:00
2025-06-25,ISGYO,KAP,İŞ GAYRİMENKUL YATIRIM ORTAKLIĞI A.Ş. - Değerleme Raporu,Değerleme Raporu Kanyon AVM Değerleme Raporu,https://www.kap.org.tr/tr/Bildirim/1451922,tr,2025-06-25T17:12:50+00:00
2025-06-25,ISGYO,KAP,İŞ GAYRİMENKUL YATIRIM ORTAKLIĞI A.Ş. - Değerleme Raporu,Değerleme Raporu İzmir Konak Şehitler Arsaları Değerleme Raporu,https://www.kap.org.tr/tr/Bildirim/1451920,tr,2025-06-25T17:12:36+00:00
2025-06-25,ISGYO,KAP,İŞ GAYRİMENKUL YATIRIM ORTAKLIĞI A.Ş. - Değerleme Raporu,Değerleme Raporu Mallmarine AVM Değerleme Raporu,https://www.kap.org.tr/tr/Bildirim/1451919,tr,2025-06-25T17:12:20+00:00
2025-06-25,ISGYO,KAP,İŞ GAYRİMENKUL YATIRIM ORTAKLIĞI A.Ş. - Değerleme Raporu,Değerleme Raporu Balmumcu Projesi Değerleme Raporu,https://www.kap.org.tr/tr/Bildirim/1451918,tr,2025-06-25T17:12:08+00:00
2025-06-25,ISGYO,KAP,İŞ GAYRİMENKUL YATIRIM ORTAKLIĞI A.Ş. - Değerleme Raporu,Değerleme Raporu Çekmeköy/Ömerli Arsaları Değerleme Raporu,https://www.kap.org.tr/tr/Bildirim/1451917,tr,2025-06-25T17:11:56+00:00
2025-06-25,ISGYO,KAP,İŞ GAYRİMENKUL YATIRIM ORTAKLIĞI A.Ş. - Değerleme Raporu,"Değerleme Raporu Çekmeköy 1 Ada, 71 Parsel'de Bulunan Taşınmaza Ait Değerleme Raporu",https://www.kap.org.tr/tr/Bildirim/1451916,tr,2025-06-25T17:11:42+00:00
2025-06-25,ISGYO,KAP,İŞ GAYRİMENKUL YATIRIM ORTAKLIĞI A.Ş. - Değerleme Raporu,Değerleme Raporu İçerenköy Ofis Binaları Değerleme Raporu,https://www.kap.org.tr/tr/Bildirim/1451915,tr,2025-06-25T17:11:25+00:00
2025-06-25,ISKPL,KAP,IŞIK PLASTİK SANAYİ VE DIŞ TİCARET PAZARLAMA A.Ş. - Kar Payı Dağıtım İşlemlerine İlişkin Bildirim,Kar Payı Dağıtım İşlemlerine İlişkin Bildirim 2024 Yılı Kar Payı ödeme tarihi,https://www.kap.org.tr/tr/Bildirim/1451630,tr,2025-06-25T09:14:21+00:00
2025-06-25,ISKUR,KAP,TÜRKİYE İŞ BANKASI A.Ş. - Pay Alım Satım Bildirimi,Pay Alım Satım Bildirimi İş Gayrimenkul Yatırım Ortaklığı A.Ş. Pay Alım İşlemleri Hakkında ISGYO,https://www.kap.org.tr/tr/Bildirim/1451993,tr,2025-06-25T18:13:10+00:00
2025-06-25,ISKUR,KAP,TÜRKİYE İŞ BANKASI A.Ş. - Pay Alım Satım Bildirimi,Pay Alım Satım Bildirimi Türkiye Şişe ve Cam Fabrikaları A.Ş. Pay Alım İşlemleri Hakkında SISE,https://www.kap.org.tr/tr/Bildirim/1451992,tr,2025-06-25T18:12:56+00:00
2025-06-25,ISMEN,KAP,İŞ YATIRIM MENKUL DEĞERLER A.Ş. - İzahname-Sermaye Piyasası Aracı Notu (SPK Tarafından Onaylanan),İzahname-Sermaye Piyasası Aracı Notu (SPK Tarafından Onaylanan) İş Yatırım Varant İhracı,https://www.kap.org.tr/tr/Bildirim/1451898,tr,2025-06-25T16:41:26+00:00
2025-06-25,ISMEN,KAP,İŞ YATIRIM MENKUL DEĞERLER A.Ş. - İzahname-Sermaye Piyasası Aracı Notu (SPK Tarafından Onaylanan),İzahname-Sermaye Piyasası Aracı Notu (SPK Tarafından Onaylanan) İş Yatırım Varant İhracı,https://www.kap.org.tr/tr/Bildirim/1451897,tr,2025-06-25T16:40:50+00:00
2025-06-25,ISMEN,KAP,İŞ YATIRIM MENKUL DEĞERLER A.Ş. - İzahname-Özet (SPK Tarafından Onaylanan),İzahname-Özet (SPK Tarafından Onaylanan) İş Yatırım Varant İhracı,https://www.kap.org.tr/tr/Bildirim/1451896,tr,2025-06-25T16:40:23+00:00
2025-06-25,ISMEN,KAP,İŞ YATIRIM MENKUL DEĞERLER A.Ş. - İzahname-İhraççı Bİlgi Dokümanı (SPK Tarafından Onaylanan),İzahname-İhraççı Bİlgi Dokümanı (SPK Tarafından Onaylanan) İş Yatırım Varant İhracı,https://www.kap.org.tr/tr/Bildirim/1451895,tr,2025-06-25T16:40:00+00:00
2025-06-25,ISMEN,KAP,İŞ YATIRIM MENKUL DEĞERLER A.Ş. - Yatırım Kuruluşu Varant - Sertifika - Senetlerine İlişkin Bildirim,Yatırım Kuruluşu Varant - Sertifika - Senetlerine İlişkin Bildirim ANADOLU EFES BİRACILIK VE MALT SANAYİ A.Ş. (AEFES) Varantları Hakkında,https://www.kap.org.tr/tr/Bildirim/1451698,tr,2025-06-25T11:24:36+00:00
2025-06-25,ISMEN,KAP,İŞ YATIRIM MENKUL DEĞERLER A.Ş. - Piyasa Yapıcılığı Kapsamında Gerçekleştirilen İşlemler Bildirimi,Piyasa Yapıcılığı Kapsamında Gerçekleştirilen İşlemler Bildirimi Borsa Yatırım Fonu Piyasa Yapıcılığı İşlemleri ISGLK,https://www.kap.org.tr/tr/Bildirim/1451668,tr,2025-06-25T10:05:24+00:00
2025-06-25,ISMEN,KAP,İŞ YATIRIM MENKUL DEĞERLER A.Ş. - Yatırım Kuruluşu Varant - Sertifika - Senetlerine İlişkin Bildirim,Yatırım Kuruluşu Varant - Sertifika - Senetlerine İlişkin Bildirim İş Yatırım Sertifika ve Varant Alım Satım İşlemleri,https://www.kap.org.tr/tr/Bildirim/1451667,tr,2025-06-25T10:05:01+00:00
2025-06-25,ISYAT,KAP,İŞ YATIRIM ORTAKLIĞI A.Ş. - Özel Durum Açıklaması (Genel),"Özel Durum Açıklaması (Genel) Ortaklık paylarının BİAŞ'ta oluşan ağırlıklı ortalama fiyatının, pay başına net aktif değerinin 2 katını aşması hakkında",https://www.kap.org.tr/tr/Bildirim/1451719,tr,2025-06-25T12:26:57+00:00
2025-06-25,IYF,KAP,İNFO YATIRIM MENKUL DEĞERLER A.Ş. - Yatırım Kuruluşu Varant - Sertifika - Senetlerine İlişkin Bildirim,Yatırım Kuruluşu Varant - Sertifika - Senetlerine İlişkin Bildirim AEFES Varantları Hakkında,https://www.kap.org.tr/tr/Bildirim/1452027,tr,2025-06-25T19:09:01+00:00
2025-06-25,IYF,KAP,İNFO YATIRIM MENKUL DEĞERLER A.Ş. - İzahname-Özet (SPK Tarafından Onaylanan),İzahname-Özet (SPK Tarafından Onaylanan) Yatırım Kuruluşu Varantı/Sertifikası İhracına İlişkin Özet,https://www.kap.org.tr/tr/Bildirim/1451813,tr,2025-06-25T15:24:43+00:00
2025-06-25,IYF,KAP,İNFO YATIRIM MENKUL DEĞERLER A.Ş. - İzahname-Sermaye Piyasası Aracı Notu (SPK Tarafından Onaylanan),İzahname-Sermaye Piyasası Aracı Notu (SPK Tarafından Onaylanan) İzahname-Sermaye Piyasası Aracı Notu (SPK Tarafından Onaylanan),https://www.kap.org.tr/tr/Bildirim/1451812,tr,2025-06-25T15:24:34+00:00
2025-06-25,IYM,KAP,İŞ YATIRIM MENKUL DEĞERLER A.Ş. - İzahname-Sermaye Piyasası Aracı Notu (SPK Tarafından Onaylanan),İzahname-Sermaye Piyasası Aracı Notu (SPK Tarafından Onaylanan) İş Yatırım Varant İhracı,https://www.kap.org.tr/tr/Bildirim/1451898,tr,2025-06-25T16:41:26+00:00
2025-06-25,IYM,KAP,İŞ YATIRIM MENKUL DEĞERLER A.Ş. - İzahname-Sermaye Piyasası Aracı Notu (SPK Tarafından Onaylanan),İzahname-Sermaye Piyasası Aracı Notu (SPK Tarafından Onaylanan) İş Yatırım Varant İhracı,https://www.kap.org.tr/tr/Bildirim/1451897,tr,2025-06-25T16:40:50+00:00
2025-06-25,IYM,KAP,İŞ YATIRIM MENKUL DEĞERLER A.Ş. - İzahname-Özet (SPK Tarafından Onaylanan),İzahname-Özet (SPK Tarafından Onaylanan) İş Yatırım Varant İhracı,https://www.kap.org.tr/tr/Bildirim/1451896,tr,2025-06-25T16:40:23+00:00
2025-06-25,IYM,KAP,İŞ YATIRIM MENKUL DEĞERLER A.Ş. - İzahname-İhraççı Bİlgi Dokümanı (SPK Tarafından Onaylanan),İzahname-İhraççı Bİlgi Dokümanı (SPK Tarafından Onaylanan) İş Yatırım Varant İhracı,https://www.kap.org.tr/tr/Bildirim/1451895,tr,2025-06-25T16:40:00+00:00
2025-06-25,IYM,KAP,İŞ YATIRIM MENKUL DEĞERLER A.Ş. - Yatırım Kuruluşu Varant - Sertifika - Senetlerine İlişkin Bildirim,Yatırım Kuruluşu Varant - Sertifika - Senetlerine İlişkin Bildirim ANADOLU EFES BİRACILIK VE MALT SANAYİ A.Ş. (AEFES) Varantları Hakkında,https://www.kap.org.tr/tr/Bildirim/1451698,tr,2025-06-25T11:24:36+00:00
2025-06-25,IYM,KAP,İŞ YATIRIM MENKUL DEĞERLER A.Ş. - Piyasa Yapıcılığı Kapsamında Gerçekleştirilen İşlemler Bildirimi,Piyasa Yapıcılığı Kapsamında Gerçekleştirilen İşlemler Bildirimi Borsa Yatırım Fonu Piyasa Yapıcılığı İşlemleri ISGLK,https://www.kap.org.tr/tr/Bildirim/1451668,tr,2025-06-25T10:05:24+00:00
2025-06-25,IYM,KAP,İŞ YATIRIM MENKUL DEĞERLER A.Ş. - Yatırım Kuruluşu Varant - Sertifika - Senetlerine İlişkin Bildirim,Yatırım Kuruluşu Varant - Sertifika - Senetlerine İlişkin Bildirim İş Yatırım Sertifika ve Varant Alım Satım İşlemleri,https://www.kap.org.tr/tr/Bildirim/1451667,tr,2025-06-25T10:05:01+00:00
2025-06-25,KATVK,KAP,KATILIM VARLIK KİRALAMA A.Ş. - Pay Dışında Sermaye Piyasası Aracı İşlemlerine İlişkin Bildirim (Faizsiz),Pay Dışında Sermaye Piyasası Aracı İşlemlerine İlişkin Bildirim (Faizsiz) Düzeltme - MKK Kaydi İhraç Tarihi KARSN,https://www.kap.org.tr/tr/Bildirim/1451772,tr,2025-06-25T14:46:40+00:00
2025-06-25,KATVK,KAP,KATILIM VARLIK KİRALAMA A.Ş. - Pay Dışında Sermaye Piyasası Aracı İşlemlerine İlişkin Bildirim (Faizsiz),Pay Dışında Sermaye Piyasası Aracı İşlemlerine İlişkin Bildirim (Faizsiz) TRDKTLMA2510 Yurt İçi Kira Sertifikası İhracının Satışının Tamamlanması KARSN,https://www.kap.org.tr/tr/Bildirim/1451731,tr,2025-06-25T13:46:55+00:00
2025-06-25,KLGYO,KAP,KİLER GAYRİMENKUL YATIRIM ORTAKLIĞI A.Ş. - Şirket Genel Bilgi Formu,Şirket Genel Bilgi Formu,https://www.kap.org.tr/tr/Bildirim/1452017,tr,2025-06-25T18:41:22+00:00
2025-06-25,KLN,KAP,TÜRKİYE KALKINMA VE YATIRIM BANKASI A.Ş. - Sermaye Artırımı - Azaltımı İşlemlerine İlişkin Bildirim,Sermaye Artırımı - Azaltımı İşlemlerine İlişkin Bildirim Esas Sözleşmenin Sermaye Maddesinin Tadiline İlişkin SPK Onayı,https://www.kap.org.tr/tr/Bildirim/1451738,tr,2025-06-25T13:51:15+00:00
2025-06-25,KLNMA,KAP,TÜRKİYE KALKINMA VE YATIRIM BANKASI A.Ş. - Sermaye Artırımı - Azaltımı İşlemlerine İlişkin Bildirim,Sermaye Artırımı - Azaltımı İşlemlerine İlişkin Bildirim Esas Sözleşmenin Sermaye Maddesinin Tadiline İlişkin SPK Onayı,https://www.kap.org.tr/tr/Bildirim/1451738,tr,2025-06-25T13:51:15+00:00
2025-06-25,KRONT,KAP,KRON TEKNOLOJİ A.Ş. - Özel Durum Açıklaması (Genel),Özel Durum Açıklaması (Genel) İmzalanan Sözleşme Hk.,https://www.kap.org.tr/tr/Bildirim/1452022,tr,2025-06-25T18:55:45+00:00
2025-06-25,KRSTL,KAP,KRİSTAL KOLA VE MEŞRUBAT SANAYİ TİCARET A.Ş. - Genel Kurul İşlemlerine İlişkin Bildirim,Genel Kurul İşlemlerine İlişkin Bildirim 2024 yılı Olağan Genel Kurul Toplantısının Asgari Toplantı Nisabının Sağlanamaması Nedeniyle Ertelenmesi hk,https://www.kap.org.tr/tr/Bildirim/1451714,tr,2025-06-25T12:05:51+00:00
2025-06-25,KRVGD,KAP,KERVAN GIDA SANAYİ VE TİCARET A.Ş. - Finansal Duran Varlık Edinimi,Finansal Duran Varlık Edinimi Yeni Şirket Kuruluşu Hk.,https://www.kap.org.tr/tr/Bildirim/1452040,tr,2025-06-25T19:35:24+00:00
2025-06-25,KTKVK,KAP,KT KİRA SERTİFİKALARI VARLIK KİRALAMA A.Ş. - Pay Dışında Sermaye Piyasası Aracı İşlemlerine İlişkin Bildirim (Faizsiz),Pay Dışında Sermaye Piyasası Aracı İşlemlerine İlişkin Bildirim (Faizsiz) TRDKTVK62534 ISIN Kodlu Kira Sertifikası Kupon ve Anapara Ödeme İşlemi Hk. KTK,https://www.kap.org.tr/tr/Bildirim/1451820,tr,2025-06-25T15:35:33+00:00
2025-06-25,KTKVK,KAP,KT KİRA SERTİFİKALARI VARLIK KİRALAMA A.Ş. - Pay Dışında Sermaye Piyasası Aracı İşlemlerine İlişkin Bildirim (Faizsiz),Pay Dışında Sermaye Piyasası Aracı İşlemlerine İlişkin Bildirim (Faizsiz) TRDKTVK62542 ISIN Kodlu Kira Sertifikası Kupon ve Anapara Ödeme İşlemi Hk. KTK,https://www.kap.org.tr/tr/Bildirim/1451815,tr,2025-06-25T15:30:32+00:00
2025-06-25,KTSVK,KAP,KT SUKUK VARLIK KİRALAMA A.Ş. - Pay Dışında Sermaye Piyasası Aracı İşlemlerine İlişkin Bildirim (Faizsiz),Pay Dışında Sermaye Piyasası Aracı İşlemlerine İlişkin Bildirim (Faizsiz) TRDKTSK92578 ISIN Kodlu Yurtiçi Kira Sertifikası İhracının Nitelikli Yatırımcıya Satışının Tamamlanması-Düzeltme FNCLL,https://www.kap.org.tr/tr/Bildirim/1451713,tr,2025-06-25T12:04:34+00:00
2025-06-25,KTSVK,KAP,KT SUKUK VARLIK KİRALAMA A.Ş. - Pay Dışında Sermaye Piyasası Aracı İşlemlerine İlişkin Bildirim (Faizsiz),Pay Dışında Sermaye Piyasası Aracı İşlemlerine İlişkin Bildirim (Faizsiz) TRDKTSK62530 ISIN Kodlu Kira Sertifikası Kupon ve Anapara Ödeme İşlemi Hk. FNCLL,https://www.kap.org.tr/tr/Bildirim/1451709,tr,2025-06-25T12:00:11+00:00
2025-06-25,KTSVK,KAP,KT SUKUK VARLIK KİRALAMA A.Ş. - Pay Dışında Sermaye Piyasası Aracı İşlemlerine İlişkin Bildirim (Faizsiz),Pay Dışında Sermaye Piyasası Aracı İşlemlerine İlişkin Bildirim (Faizsiz) TRDKTSK92578 ISIN Kodlu Yurtiçi Kira Sertifikası İhracının Nitelikli Yatırımcıya Satışının Tamamlanması FNCLL,https://www.kap.org.tr/tr/Bildirim/1451617,tr,2025-06-25T08:36:40+00:00
2025-06-25,KZGYO,KAP,KUZUGRUP GAYRİMENKUL YATIRIM ORTAKLIĞI A.Ş. - Bağımsız Denetim Kuruluşunun Belirlenmesi,Bağımsız Denetim Kuruluşunun Belirlenmesi 2025 Yılı Sürdürülebilirlik Bağımsız Denetim Şirketi Seçimi,https://www.kap.org.tr/tr/Bildirim/1451774,tr,2025-06-25T14:56:20+00:00
2025-06-25,LIDER,KAP,LDR TURİZM A.Ş. - Sermaye Artırımı - Azaltımı İşlemlerine İlişkin Bildirim,Sermaye Artırımı - Azaltımı İşlemlerine İlişkin Bildirim Bedelsiz Sermaye Artırımına İlişkin Yönetim Kurulu Kararı,https://www.kap.org.tr/tr/Bildirim/1452003,tr,2025-06-25T18:17:56+00:00
2025-06-25,LIDER,KAP,LDR TURİZM A.Ş. - Kurumsal Yönetim Bilgi Formu (Güncelleme) - Yönetim Kurulu-2,Kurumsal Yönetim Bilgi Formu (Güncelleme) - Yönetim Kurulu-2 Kurumsal Yönetim Bilgi Formu Güncelleme,https://www.kap.org.tr/tr/Bildirim/1451807,tr,2025-06-25T15:19:58+00:00
2025-06-25,LIDER,KAP,LDR TURİZM A.Ş. - Yönetim Kurulu Komiteleri,"Yönetim Kurulu Komiteleri Sürdürülebilirlik Komitesinin Kurulması, Çalışma Esasları ve Kurumsal Politikalar",https://www.kap.org.tr/tr/Bildirim/1451806,tr,2025-06-25T15:19:31+00:00
2025-06-25,LKMNH,KAP,LOKMAN HEKİM ENGÜRÜSAĞ SAĞLIK TURİZM EĞİTİM HİZMETLERİ VE İNŞAAT TAAHHÜT A.Ş. - Payların Geri Alınmasına İlişkin Bildirim,Payların Geri Alınmasına İlişkin Bildirim Hisse Geri Alımı,https://www.kap.org.tr/tr/Bildirim/1452024,tr,2025-06-25T19:02:19+00:00
2025-06-25,MANAS,KAP,MANAS ENERJİ YÖNETİMİ SANAYİ VE TİCARET A.Ş. - Sermaye Artırımı - Azaltımı İşlemlerine İlişkin Bildirim,Sermaye Artırımı - Azaltımı İşlemlerine İlişkin Bildirim Bedelli Sermaye Artırımı Hakkında,https://www.kap.org.tr/tr/Bildirim/1452056,tr,2025-06-25T21:29:06+00:00
2025-06-25,MAVI,KAP,MAVİ GİYİM SANAYİ VE TİCARET A.Ş. - Payların Geri Alınmasına İlişkin Bildirim,Payların Geri Alınmasına İlişkin Bildirim 25.06.2025 Tarihli Pay Geri Alım İşlemleri,https://www.kap.org.tr/tr/Bildirim/1452025,tr,2025-06-25T19:02:24+00:00
2025-06-25,MEGAP,KAP,MEGA POLİETİLEN KÖPÜK SANAYİ VE TİCARET A.Ş. - Özel Durum Açıklaması (Genel),Özel Durum Açıklaması (Genel) KONKORDATO SÜRECİNDEN FERAGAT EDİLMESİNE İLİŞKİN AÇIKLAMA,https://www.kap.org.tr/tr/Bildirim/1452061,tr,2025-06-25T21:47:10+00:00
2025-06-25,MIATK,KAP,MİA TEKNOLOJİ A.Ş. - Özel Durum Açıklaması (Genel),Özel Durum Açıklaması (Genel) Esas Sözleşme 3. Madde Değişikliği Tescil İşlemleri Hk.,https://www.kap.org.tr/tr/Bildirim/1452051,tr,2025-06-25T20:33:47+00:00
2025-06-25,MIATK,KAP,MİA TEKNOLOJİ A.Ş. - Özel Durum Açıklaması (Genel),Özel Durum Açıklaması (Genel) Yönetim Kurulu Görev Dağılımı Hak.,https://www.kap.org.tr/tr/Bildirim/1452049,tr,2025-06-25T20:17:17+00:00
2025-06-25,MIATK,KAP,MİA TEKNOLOJİ A.Ş. - Bağımsız Denetim Kuruluşunun Belirlenmesi,Bağımsız Denetim Kuruluşunun Belirlenmesi 2025 Yılı İçin Bağımsız Denetim Kuruluşunun Belirlenmesi Hakkında,https://www.kap.org.tr/tr/Bildirim/1452046,tr,2025-06-25T20:10:09+00:00
2025-06-25,MIATK,KAP,MİA TEKNOLOJİ A.Ş. - Kayıtlı Sermaye Tavanı İşlemlerine İlişkin Bildirim,Kayıtlı Sermaye Tavanı İşlemlerine İlişkin Bildirim Kayıtlı Sermaye Tavanı Artımına İlişkin Tescil İşlemi Hk.,https://www.kap.org.tr/tr/Bildirim/1452045,tr,2025-06-25T19:58:16+00:00
2025-06-25,MIATK,KAP,MİA TEKNOLOJİ A.Ş. - Genel Kurul İşlemlerine İlişkin Bildirim,Genel Kurul İşlemlerine İlişkin Bildirim 2024 Yılı Olağan Genel Kurul Sonuçlarının Tescili,https://www.kap.org.tr/tr/Bildirim/1452043,tr,2025-06-25T19:45:45+00:00
2025-06-25,MNDRS,KAP,MENDERES TEKSTİL SANAYİ VE TİCARET A.Ş. - Şirket Genel Bilgi Formu,Şirket Genel Bilgi Formu,https://www.kap.org.tr/tr/Bildirim/1452002,tr,2025-06-25T18:16:22+00:00
2025-06-25,MNDRS,KAP,MENDERES TEKSTİL SANAYİ VE TİCARET A.Ş. - Finansal Duran Varlık Edinimi,Finansal Duran Varlık Edinimi Akça Saraylı Tekstil Pay Devir İşlemlerinin Tamamlanması Hk.,https://www.kap.org.tr/tr/Bildirim/1452000,tr,2025-06-25T18:16:11+00:00
2025-06-25,MNGFA,KAP,MNG FAKTORİNG A.Ş. - Pay Dışında Sermaye Piyasası Aracı İşlemlerine İlişkin Bildirim (Faiz İçeren),Pay Dışında Sermaye Piyasası Aracı İşlemlerine İlişkin Bildirim (Faiz İçeren) TRFMNGFA2518 Borçlanma Aracı İhracı,https://www.kap.org.tr/tr/Bildirim/1451716,tr,2025-06-25T12:09:12+00:00
2025-06-25,MOGAN,KAP,MOGAN ENERJİ YATIRIM HOLDİNG A.Ş. - Genel Kurul İşlemlerine İlişkin Bildirim,Genel Kurul İşlemlerine İlişkin Bildirim 2024 Yılı Olağan Genel Kurul Toplantısı İlanı,https://www.kap.org.tr/tr/Bildirim/1452052,tr,2025-06-25T20:53:42+00:00
2025-06-25,MOGAN,KAP,MOGAN ENERJİ YATIRIM HOLDİNG A.Ş. - Esas Sözleşme Tadili,Esas Sözleşme Tadili Esas Sözleşme Tadili hk.,https://www.kap.org.tr/tr/Bildirim/1452032,tr,2025-06-25T19:12:38+00:00
2025-06-25,MOGAN,KAP,MOGAN ENERJİ YATIRIM HOLDİNG A.Ş. - Bağımsız Denetim Kuruluşunun Belirlenmesi,Bağımsız Denetim Kuruluşunun Belirlenmesi Bağımsız Denetim Kuruluşunun Belirlenmesi,https://www.kap.org.tr/tr/Bildirim/1452031,tr,2025-06-25T19:12:06+00:00
2025-06-25,MOGAN,KAP,MOGAN ENERJİ YATIRIM HOLDİNG A.Ş. - Kar Payı Dağıtım İşlemlerine İlişkin Bildirim,Kar Payı Dağıtım İşlemlerine İlişkin Bildirim 2024 yılı Kâr Payı Dağıtım Önerisi,https://www.kap.org.tr/tr/Bildirim/1452030,tr,2025-06-25T19:11:37+00:00
2025-06-25,MOGAN,KAP,MOGAN ENERJİ YATIRIM HOLDİNG A.Ş. - Özel Durum Açıklaması (Genel),Özel Durum Açıklaması (Genel) Bağımsız Yönetim Kurulu Üyesi Adayları hk.,https://www.kap.org.tr/tr/Bildirim/1452029,tr,2025-06-25T19:11:09+00:00
2025-06-25,MOGAN,KAP,MOGAN ENERJİ YATIRIM HOLDİNG A.Ş. - Genel Kurul İşlemlerine İlişkin Bildirim,Genel Kurul İşlemlerine İlişkin Bildirim 2024 Yılı Olağan Genel Kurul Toplantısı İlanı,https://www.kap.org.tr/tr/Bildirim/1452028,tr,2025-06-25T19:09:53+00:00
2025-06-25,MRBAS,KAP,MARBAŞ MENKUL DEĞERLER A.Ş. - Pay Dışında Sermaye Piyasası Aracı İşlemlerine İlişkin Bildirim (Faiz İçeren),Pay Dışında Sermaye Piyasası Aracı İşlemlerine İlişkin Bildirim (Faiz İçeren) Finansman Bono İhracı Hk.,https://www.kap.org.tr/tr/Bildirim/1451696,tr,2025-06-25T11:21:11+00:00
2025-06-25,MRS,KAP,MARBAŞ MENKUL DEĞERLER A.Ş. - Pay Dışında Sermaye Piyasası Aracı İşlemlerine İlişkin Bildirim (Faiz İçeren),Pay Dışında Sermaye Piyasası Aracı İşlemlerine İlişkin Bildirim (Faiz İçeren) Finansman Bono İhracı Hk.,https://www.kap.org.tr/tr/Bildirim/1451696,tr,2025-06-25T11:21:11+00:00
2025-06-25,NIBAS,KAP,NİĞBAŞ NİĞDE BETON SANAYİ VE TİCARET A.Ş. - Maddi Duran Varlık Satımı,Maddi Duran Varlık Satımı Gayrimenkul Satışı Hk.da,https://www.kap.org.tr/tr/Bildirim/1451770,tr,2025-06-25T14:44:28+00:00
2025-06-25,NIBAS,KAP,NİĞBAŞ NİĞDE BETON SANAYİ VE TİCARET A.Ş. - Sermaye Artırımı - Azaltımı İşlemlerine İlişkin Bildirim,Sermaye Artırımı - Azaltımı İşlemlerine İlişkin Bildirim Bedelsiz Sermaye Artırımına İlişkin Yönetim Kurulu Kararı,https://www.kap.org.tr/tr/Bildirim/1451689,tr,2025-06-25T11:05:39+00:00
2025-06-25,ONRYT,KAP,ONUR YÜKSEK TEKNOLOJİ A.Ş. - Kar Payı Dağıtım İşlemlerine İlişkin Bildirim,Kar Payı Dağıtım İşlemlerine İlişkin Bildirim Kar Payı Dağıtım İşlemlerine İlişkin Bildirim,https://www.kap.org.tr/tr/Bildirim/1452041,tr,2025-06-25T19:38:09+00:00
2025-06-25,OYA,KAP,OYAK YATIRIM MENKUL DEĞERLER A.Ş. - Piyasa Yapıcılığı Kapsamında Gerçekleştirilen İşlemler Bildirimi,Piyasa Yapıcılığı Kapsamında Gerçekleştirilen İşlemler Bildirimi 25/06/2025 TARİHLİ OYAYO PİYASA YAPICILIĞI İŞLEMLERİ OYAYO,https://www.kap.org.tr/tr/Bildirim/1452012,tr,2025-06-25T18:33:42+00:00
2025-06-25,OYAKC,KAP,OYAK ÇİMENTO FABRİKALARI A.Ş. - Şirket Genel Bilgi Formu,Şirket Genel Bilgi Formu,https://www.kap.org.tr/tr/Bildirim/1452037,tr,2025-06-25T19:30:37+00:00
2025-06-25,OYAKC,KAP,OYAK ÇİMENTO FABRİKALARI A.Ş. - Özel Durum Açıklaması (Genel),Özel Durum Açıklaması (Genel) Tüzel Kişi Yönetim Kurulu Üyesi Temsilci Değişikliği,https://www.kap.org.tr/tr/Bildirim/1452036,tr,2025-06-25T19:26:04+00:00
2025-06-25,OYAYO,KAP,OYAK YATIRIM ORTAKLIĞI A.Ş. - Özel Durum Açıklaması (Genel),"Özel Durum Açıklaması (Genel) Ortaklık paylarının BİAŞ'ta oluşan ağırlıklı ortalama fiyatının, pay başına net aktif değerinin 2 katını aşması hakkında",https://www.kap.org.tr/tr/Bildirim/1451743,tr,2025-06-25T14:02:12+00:00
2025-06-25,OYYAT,KAP,OYAK YATIRIM MENKUL DEĞERLER A.Ş. - Piyasa Yapıcılığı Kapsamında Gerçekleştirilen İşlemler Bildirimi,Piyasa Yapıcılığı Kapsamında Gerçekleştirilen İşlemler Bildirimi 25/06/2025 TARİHLİ OYAYO PİYASA YAPICILIĞI İŞLEMLERİ OYAYO,https://www.kap.org.tr/tr/Bildirim/1452012,tr,2025-06-25T18:33:42+00:00
2025-06-25,OZKGY,KAP,ÖZAK GAYRİMENKUL YATIRIM ORTAKLIĞI A.Ş. - Özel Durum Açıklaması (Genel),Özel Durum Açıklaması (Genel) Sürdürülebilirlik Raporu Güvence Denetim Hizmeti Hk.,https://www.kap.org.tr/tr/Bildirim/1451978,tr,2025-06-25T18:03:46+00:00
2025-06-25,OZRDN,KAP,ÖZERDEN AMBALAJ SANAYİ A.Ş. - Bağımsız Denetim Kuruluşunun Belirlenmesi,Bağımsız Denetim Kuruluşunun Belirlenmesi Bağımsız Denetim Kuruluşunun Belirlenmesi,https://www.kap.org.tr/tr/Bildirim/1451936,tr,2025-06-25T17:25:54+00:00
2025-06-25,OZRDN,KAP,ÖZERDEN AMBALAJ SANAYİ A.Ş. - Kar Payı Dağıtım İşlemlerine İlişkin Bildirim,Kar Payı Dağıtım İşlemlerine İlişkin Bildirim Olağan Genel Kurul Kar Dağıtım Sonucu,https://www.kap.org.tr/tr/Bildirim/1451914,tr,2025-06-25T17:10:57+00:00
2025-06-25,OZRDN,KAP,ÖZERDEN AMBALAJ SANAYİ A.Ş. - Genel Kurul İşlemlerine İlişkin Bildirim,Genel Kurul İşlemlerine İlişkin Bildirim Genel Kurul Toplantısı Sonucu,https://www.kap.org.tr/tr/Bildirim/1451911,tr,2025-06-25T17:03:37+00:00
2025-06-25,PAPIL,KAP,PAPİLON SAVUNMA TEKNOLOJİ VE TİCARET A.Ş. - Payların Geri Alınmasına İlişkin Bildirim,Payların Geri Alınmasına İlişkin Bildirim 23.09.2024 Tarihinde Başlatılan Pay Geri Alım İşlemlerinin Sonlandırılması Hk.,https://www.kap.org.tr/tr/Bildirim/1451981,tr,2025-06-25T18:07:21+00:00
2025-06-25,PBT,KAP,PASHA YATIRIM BANKASI A.Ş. - Pay Dışında Sermaye Piyasası Aracı İşlemlerine İlişkin Bildirim (Faiz İçeren),Pay Dışında Sermaye Piyasası Aracı İşlemlerine İlişkin Bildirim (Faiz İçeren) PASHA Yatırım Bankası A.Ş. VDMK İtfası,https://www.kap.org.tr/tr/Bildirim/1451708,tr,2025-06-25T11:59:54+00:00
2025-06-25,PBT,KAP,PASHA YATIRIM BANKASI A.Ş. - Pay Dışında Sermaye Piyasası Aracı İşlemlerine İlişkin Bildirim (Faiz İçeren),Pay Dışında Sermaye Piyasası Aracı İşlemlerine İlişkin Bildirim (Faiz İçeren) PASHA Yatırım Bankası A.Ş. VDMK İtfası,https://www.kap.org.tr/tr/Bildirim/1451702,tr,2025-06-25T11:48:14+00:00
2025-06-25,PBT,KAP,PASHA YATIRIM BANKASI A.Ş. - Tertip İhraç Belgesi,Tertip İhraç Belgesi PASHA Yatırım Bankası A.Ş.Seyidoğlu Otomotiv Varlık Finansmanı Fonu Tertip İhraç Belgeleri ve ekleri (175mn TL),https://www.kap.org.tr/tr/Bildirim/1451701,tr,2025-06-25T11:46:57+00:00
2025-06-25,PBTR,KAP,PASHA YATIRIM BANKASI A.Ş. - Pay Dışında Sermaye Piyasası Aracı İşlemlerine İlişkin Bildirim (Faiz İçeren),Pay Dışında Sermaye Piyasası Aracı İşlemlerine İlişkin Bildirim (Faiz İçeren) PASHA Yatırım Bankası A.Ş. VDMK İtfası,https://www.kap.org.tr/tr/Bildirim/1451708,tr,2025-06-25T11:59:54+00:00
2025-06-25,PBTR,KAP,PASHA YATIRIM BANKASI A.Ş. - Pay Dışında Sermaye Piyasası Aracı İşlemlerine İlişkin Bildirim (Faiz İçeren),Pay Dışında Sermaye Piyasası Aracı İşlemlerine İlişkin Bildirim (Faiz İçeren) PASHA Yatırım Bankası A.Ş. VDMK İtfası,https://www.kap.org.tr/tr/Bildirim/1451702,tr,2025-06-25T11:48:14+00:00
2025-06-25,PBTR,KAP,PASHA YATIRIM BANKASI A.Ş. - Tertip İhraç Belgesi,Tertip İhraç Belgesi PASHA Yatırım Bankası A.Ş.Seyidoğlu Otomotiv Varlık Finansmanı Fonu Tertip İhraç Belgeleri ve ekleri (175mn TL),https://www.kap.org.tr/tr/Bildirim/1451701,tr,2025-06-25T11:46:57+00:00
2025-06-25,PETUN,KAP,PINAR ENTEGRE ET VE UN SANAYİİ A.Ş. - Pay Dışında Sermaye Piyasası Aracı İşlemlerine İlişkin Bildirim (Faiz İçeren),Pay Dışında Sermaye Piyasası Aracı İşlemlerine İlişkin Bildirim (Faiz İçeren) Nitelikli Yatırımcılara İhraç Edilen Finansman Bonosunun İtfası,https://www.kap.org.tr/tr/Bildirim/1451875,tr,2025-06-25T16:11:48+00:00
2025-06-25,PETUN,KAP,PINAR ENTEGRE ET VE UN SANAYİİ A.Ş. - Pay Dışında Sermaye Piyasası Aracı İşlemlerine İlişkin Bildirim (Faiz İçeren),Pay Dışında Sermaye Piyasası Aracı İşlemlerine İlişkin Bildirim (Faiz İçeren) Nitelikli Yatırımcılara Satılmak Üzere Finansman Bonosu İhracı,https://www.kap.org.tr/tr/Bildirim/1451693,tr,2025-06-25T11:12:05+00:00
2025-06-25,PETUN,KAP,PINAR ENTEGRE ET VE UN SANAYİİ A.Ş. - Pay Dışında Sermaye Piyasası Aracı İşlemlerine İlişkin Bildirim (Faiz İçeren),Pay Dışında Sermaye Piyasası Aracı İşlemlerine İlişkin Bildirim (Faiz İçeren) Nitelikli Yatırımcılara Satılmak Üzere Finansman Bonosu İhracı,https://www.kap.org.tr/tr/Bildirim/1451692,tr,2025-06-25T11:11:53+00:00
2025-06-25,PNLSN,KAP,PANELSAN ÇATI CEPHE SİSTEMLERİ SANAYİ VE TİCARET A.Ş. - Payların Geri Alınmasına İlişkin Bildirim,Payların Geri Alınmasına İlişkin Bildirim Payların Geri Alınması İşlemlerine İlişkin Bildirim hk.,https://www.kap.org.tr/tr/Bildirim/1452054,tr,2025-06-25T21:06:15+00:00
2025-06-25,POLHO,KAP,POLİSAN HOLDİNG A.Ş. - Sermaye Artırımı - Azaltımı İşlemlerine İlişkin Bildirim,Sermaye Artırımı - Azaltımı İşlemlerine İlişkin Bildirim Bedelsiz Sermaye Artırımına İlişkin Esas Sözleşme Değişikliğinin Tescili,https://www.kap.org.tr/tr/Bildirim/1452066,tr,2025-06-25T23:26:10+00:00
2025-06-25,PRDGS,KAP,PARDUS GİRİŞİM SERMAYESİ YATIRIM ORTAKLIĞI A.Ş. - Özel Durum Açıklaması (Genel),Özel Durum Açıklaması (Genel) Şirketimiz Girişim Sermayesi Portföyünde Bulunan ASY Yenilenebilir Enerji Üretim AŞ.nin Faaliyetleri Hk.,https://www.kap.org.tr/tr/Bildirim/1451983,tr,2025-06-25T18:10:12+00:00
2025-06-25,PRFFK,KAP,PARAFİNANS FAKTORİNG A.Ş. - Pay Dışında Sermaye Piyasası Aracı İşlemlerine İlişkin Bildirim (Faiz İçeren),Pay Dışında Sermaye Piyasası Aracı İşlemlerine İlişkin Bildirim (Faiz İçeren) Finansman Bonosu itfası,https://www.kap.org.tr/tr/Bildirim/1451710,tr,2025-06-25T12:02:49+00:00
2025-06-25,PSDTC,KAP,PERGAMON STATUS DIŞ TİCARET A.Ş. - Şirket Genel Bilgi Formu,Şirket Genel Bilgi Formu,https://www.kap.org.tr/tr/Bildirim/1451717,tr,2025-06-25T12:11:08+00:00
2025-06-25,PSDTC,KAP,PERGAMON STATUS DIŞ TİCARET A.Ş. - Şirket Genel Bilgi Formu,Şirket Genel Bilgi Formu,https://www.kap.org.tr/tr/Bildirim/1451685,tr,2025-06-25T10:53:06+00:00
2025-06-25,PSGYO,KAP,PASİFİK GAYRİMENKUL YATIRIM ORTAKLIĞI A.Ş. - Finansal Duran Varlık Satışı,Finansal Duran Varlık Satışı Kemerburgaz Adi Ortaklığı Satışı Hakkında HLGYO,https://www.kap.org.tr/tr/Bildirim/1451620,tr,2025-06-25T09:01:23+00:00
2025-06-25,PSGYO,KAP,PASİFİK GAYRİMENKUL YATIRIM ORTAKLIĞI A.Ş. - Finansal Duran Varlık Satışı,Finansal Duran Varlık Satışı Göktürk Adi Ortaklığı Satışı Hakkında HLGYO,https://www.kap.org.tr/tr/Bildirim/1451619,tr,2025-06-25T09:01:12+00:00
2025-06-25,QFINF,KAP,Q FİNANS FAKTORİNG A.Ş. - Pay Dışında Sermaye Piyasası Aracı İşlemlerine İlişkin Bildirim (Faiz İçeren),Pay Dışında Sermaye Piyasası Aracı İşlemlerine İlişkin Bildirim (Faiz İçeren) TRFBIEN62523 ISIN kodlu tahvilin anapara ve kupon ödemesi hakkında,https://www.kap.org.tr/tr/Bildirim/1451739,tr,2025-06-25T13:53:28+00:00
2025-06-25,QNBTR,KAP,QNB BANK A.Ş. - Özel Durum Açıklaması (Genel),Özel Durum Açıklaması (Genel) Enpara Bank A.Ş. kısmi bölünme işlemi için SPK başvurusu hk.,https://www.kap.org.tr/tr/Bildirim/1451927,tr,2025-06-25T17:14:41+00:00
2025-06-25,QNBTR,KAP,QNB BANK A.Ş. - İhraç Tavanına İlişkin Bildirim,İhraç Tavanına İlişkin Bildirim 3.000.000.000 TL(üçmilyarTürkLirası) tutara ve 5 (beş) yıla kadar vadeli sürdürülebilir/yeşil tahvil ve/veya finansman bonolarının ihraç edilmesine ilişkin Yönetim Kurulu Kararı,https://www.kap.org.tr/tr/Bildirim/1451800,tr,2025-06-25T15:11:38+00:00
2025-06-25,QNBTR,KAP,QNB BANK A.Ş. - İhraç Tavanına İlişkin Bildirim,İhraç Tavanına İlişkin Bildirim Bankamızca toplam 50.000.000.000 TL tutara ve 5 yıla kadar vadeli bonolar ve/veya tahviller ihraç edilmesine ilişkin Yönetim Kurulu Kararı,https://www.kap.org.tr/tr/Bildirim/1451798,tr,2025-06-25T15:11:07+00:00
2025-06-25,QNBTR,KAP,QNB BANK A.Ş. - Pay Dışında Sermaye Piyasası Aracı İşlemlerine İlişkin Bildirim (Faiz İçeren),Pay Dışında Sermaye Piyasası Aracı İşlemlerine İlişkin Bildirim (Faiz İçeren) MTN programı kapsamında yurtdışında ihraç edilen borçlanma aracının itfası,https://www.kap.org.tr/tr/Bildirim/1451744,tr,2025-06-25T14:02:25+00:00
2025-06-25,REEDR,KAP,REEDER TEKNOLOJİ SANAYİ VE TİCARET A.Ş. - Şirket Genel Bilgi Formu,Şirket Genel Bilgi Formu,https://www.kap.org.tr/tr/Bildirim/1451691,tr,2025-06-25T11:10:00+00:00
2025-06-25,REEDR,KAP,REEDER TEKNOLOJİ SANAYİ VE TİCARET A.Ş. - Özel Durum Açıklaması (Genel),Özel Durum Açıklaması (Genel) Borsada İşlem Gören Tipe Dönüşen Paylar Hk.,https://www.kap.org.tr/tr/Bildirim/1451690,tr,2025-06-25T11:08:59+00:00
2025-06-25,SANEL,KAP,SAN-EL MÜHENDİSLİK ELEKTRİK TAAHHÜT SANAYİ VE TİCARET A.Ş. - Genel Kurul İşlemlerine İlişkin Bildirim,Genel Kurul İşlemlerine İlişkin Bildirim 2024 Yılı Olağan Genel Kurul Toplantısı Hakkında,https://www.kap.org.tr/tr/Bildirim/1451904,tr,2025-06-25T16:57:18+00:00
2025-06-25,SANFM,KAP,SANİFOAM ENDÜSTRİ VE TÜKETİM ÜRÜNLERİ SANAYİ TİCARET A.Ş. - Payların Geri Alınmasına İlişkin Bildirim,Payların Geri Alınmasına İlişkin Bildirim 25.06.2025 Tarihli Pay Geri Alım İşlemleri,https://www.kap.org.tr/tr/Bildirim/1452035,tr,2025-06-25T19:18:13+00:00
2025-06-25,SMRVA,KAP,SÜMER VARLIK YÖNETİM A.Ş. - Özel Durum Açıklaması (Genel),Özel Durum Açıklaması (Genel) Tahsili Gecikmiş Alacak Portföyü Alımı-İhaleye Konu Alacakların Devrine Yönelik Sözleşmenin İmza Sürecinin Tamamlanması GARAN,https://www.kap.org.tr/tr/Bildirim/1451877,tr,2025-06-25T16:25:31+00:00
2025-06-25,SNICA,KAP,SANİCA ISI SANAYİ A.Ş. - Bağımsız Denetim Kuruluşunun Belirlenmesi,Bağımsız Denetim Kuruluşunun Belirlenmesi 2025 yılı Bağımsız Denetim Şirketi Seçimi Tescili,https://www.kap.org.tr/tr/Bildirim/1451712,tr,2025-06-25T12:03:36+00:00
2025-06-25,SNICA,KAP,SANİCA ISI SANAYİ A.Ş. - Genel Kurul İşlemlerine İlişkin Bildirim,Genel Kurul İşlemlerine İlişkin Bildirim Genel Kurul Kararlarının Tescili,https://www.kap.org.tr/tr/Bildirim/1451711,tr,2025-06-25T12:03:08+00:00
2025-06-25,TATEN,KAP,TATLIPINAR ENERJİ ÜRETİM A.Ş. - Sermaye Artırımı - Azaltımı İşlemlerine İlişkin Bildirim,Sermaye Artırımı - Azaltımı İşlemlerine İlişkin Bildirim Şirketimiz İç Kaynaklardan Bedelsiz Sermaye Artışı Hk.,https://www.kap.org.tr/tr/Bildirim/1451660,tr,2025-06-25T09:59:23+00:00
2025-06-25,TCELL,KAP,TURKCELL İLETİŞİM HİZMETLERİ A.Ş. - Şirket Genel Bilgi Formu,Şirket Genel Bilgi Formu,https://www.kap.org.tr/tr/Bildirim/1452059,tr,2025-06-25T21:42:19+00:00
2025-06-25,TCELL,KAP,TURKCELL İLETİŞİM HİZMETLERİ A.Ş. - Özel Durum Açıklaması (Genel),"Özel Durum Açıklaması (Genel) Kira Sertifikası İhraç Kararı FNCLL, PYCLL",https://www.kap.org.tr/tr/Bildirim/1452058,tr,2025-06-25T21:30:23+00:00
2025-06-25,TCELL,KAP,TURKCELL İLETİŞİM HİZMETLERİ A.Ş. - Birleşme İşlemlerine İlişkin Bildirim,Birleşme İşlemlerine İlişkin Bildirim Bağlı Ortaklığımız Artel Bilişim Servisleri A.Ş. ile Devralma Yoluyla Birleşme,https://www.kap.org.tr/tr/Bildirim/1452057,tr,2025-06-25T21:30:06+00:00
2025-06-25,TEHOL,KAP,PERA YATIRIM HOLDİNG A.Ş. - Şirket Genel Bilgi Formu,Şirket Genel Bilgi Formu,https://www.kap.org.tr/tr/Bildirim/1452034,tr,2025-06-25T19:14:24+00:00
2025-06-25,TEHOL,KAP,PERA YATIRIM HOLDİNG A.Ş. - Şirket Merkezi Değişikliği,Şirket Merkezi Değişikliği Şirket Merkezi Adres Değişikliği Tescili hk.,https://www.kap.org.tr/tr/Bildirim/1452033,tr,2025-06-25T19:14:13+00:00
2025-06-25,THR,KAP,TÜRKİYE İHRACAT KREDİ BANKASI A.Ş. - Pay Dışında Sermaye Piyasası Aracı İşlemlerine İlişkin Bildirim (Faiz İçeren),Pay Dışında Sermaye Piyasası Aracı İşlemlerine İlişkin Bildirim (Faiz İçeren) GMTN programı çerçevesinde yurt dışında borçlanma aracı ihracı,https://www.kap.org.tr/tr/Bildirim/1451811,tr,2025-06-25T15:24:09+00:00
2025-06-25,THR,KAP,TÜRKİYE İHRACAT KREDİ BANKASI A.Ş. - Pay Dışında Sermaye Piyasası Aracı İşlemlerine İlişkin Bildirim (Faiz İçeren),Pay Dışında Sermaye Piyasası Aracı İşlemlerine İlişkin Bildirim (Faiz İçeren) GMTN programı çerçevesinde yurt dışında borçlanma aracı ihracı,https://www.kap.org.tr/tr/Bildirim/1451810,tr,2025-06-25T15:23:49+00:00
2025-06-25,THR,KAP,TÜRKİYE İHRACAT KREDİ BANKASI A.Ş. - Pay Dışında Sermaye Piyasası Aracı İşlemlerine İlişkin Bildirim (Faiz İçeren),Pay Dışında Sermaye Piyasası Aracı İşlemlerine İlişkin Bildirim (Faiz İçeren) GMTN programı çerçevesinde yurt dışında borçlanma aracı ihracı,https://www.kap.org.tr/tr/Bildirim/1451809,tr,2025-06-25T15:23:23+00:00
2025-06-25,THR,KAP,TÜRKİYE İHRACAT KREDİ BANKASI A.Ş. - Pay Dışında Sermaye Piyasası Aracı İşlemlerine İlişkin Bildirim (Faiz İçeren),Pay Dışında Sermaye Piyasası Aracı İşlemlerine İlişkin Bildirim (Faiz İçeren) GMTN programı çerçevesinde yurt dışında borçlanma aracı ihracı,https://www.kap.org.tr/tr/Bildirim/1451808,tr,2025-06-25T15:22:32+00:00
2025-06-25,THR,KAP,TÜRKİYE İHRACAT KREDİ BANKASI A.Ş. - Özel Durum Açıklaması (Genel),Özel Durum Açıklaması (Genel) OeKB Sigortası ile Kredi Temini,https://www.kap.org.tr/tr/Bildirim/1451740,tr,2025-06-25T13:55:19+00:00
2025-06-25,THR,KAP,TÜRKİYE İHRACAT KREDİ BANKASI A.Ş. - İhraç Belgesi,İhraç Belgesi Yurt Dışı Tahvil İhracı,https://www.kap.org.tr/tr/Bildirim/1451728,tr,2025-06-25T13:41:26+00:00
2025-06-25,THR,KAP,TÜRKİYE İHRACAT KREDİ BANKASI A.Ş. - Pay Dışında Sermaye Piyasası Aracı İşlemlerine İlişkin Bildirim (Faiz İçeren),Pay Dışında Sermaye Piyasası Aracı İşlemlerine İlişkin Bildirim (Faiz İçeren) XS3047529980 ISIN Kodlu Finansman Bonosunun İtfası Hk,https://www.kap.org.tr/tr/Bildirim/1451704,tr,2025-06-25T11:51:21+00:00
2025-06-25,THR,KAP,TÜRKİYE İHRACAT KREDİ BANKASI A.Ş. - Pay Dışında Sermaye Piyasası Aracı İşlemlerine İlişkin Bildirim (Faiz İçeren),Pay Dışında Sermaye Piyasası Aracı İşlemlerine İlişkin Bildirim (Faiz İçeren) XS3047530483 ISIN Kodlu Finansman Bonosunun İtfası Hk,https://www.kap.org.tr/tr/Bildirim/1451703,tr,2025-06-25T11:50:54+00:00
2025-06-25,TIB,KAP,TÜRKİYE İŞ BANKASI A.Ş. - Pay Alım Satım Bildirimi,Pay Alım Satım Bildirimi İş Gayrimenkul Yatırım Ortaklığı A.Ş. Pay Alım İşlemleri Hakkında ISGYO,https://www.kap.org.tr/tr/Bildirim/1451993,tr,2025-06-25T18:13:10+00:00
2025-06-25,TIB,KAP,TÜRKİYE İŞ BANKASI A.Ş. - Pay Alım Satım Bildirimi,Pay Alım Satım Bildirimi Türkiye Şişe ve Cam Fabrikaları A.Ş. Pay Alım İşlemleri Hakkında SISE,https://www.kap.org.tr/tr/Bildirim/1451992,tr,2025-06-25T18:12:56+00:00
2025-06-25,TRILC,KAP,TURK İLAÇ VE SERUM SANAYİ A.Ş. - Kayıtlı Sermaye Tavanı İşlemlerine İlişkin Bildirim,Kayıtlı Sermaye Tavanı İşlemlerine İlişkin Bildirim Kayıtlı Sermaye Tavanı Süresi Uzatımı Hususunda Olağan Genel Kurul Toplantısı Neticesi Hakkında,https://www.kap.org.tr/tr/Bildirim/1451894,tr,2025-06-25T16:40:00+00:00
2025-06-25,TRILC,KAP,TURK İLAÇ VE SERUM SANAYİ A.Ş. - Kar Payı Dağıtım İşlemlerine İlişkin Bildirim,Kar Payı Dağıtım İşlemlerine İlişkin Bildirim Kar Payı Dağıtılmaması Hususunda Olağan Genel Kurul Neticesi Hakkında.,https://www.kap.org.tr/tr/Bildirim/1451891,tr,2025-06-25T16:36:53+00:00
2025-06-25,TRILC,KAP,TURK İLAÇ VE SERUM SANAYİ A.Ş. - Genel Kurul İşlemlerine İlişkin Bildirim,Genel Kurul İşlemlerine İlişkin Bildirim Olağan Genel Kurul Toplantısı Hakkında.,https://www.kap.org.tr/tr/Bildirim/1451882,tr,2025-06-25T16:33:43+00:00
2025-06-25,TRYKI,KAP,TİRYAKİ AGRO GIDA SANAYİ VE TİCARET A.Ş. - Pay Dışında Sermaye Piyasası Aracı İşlemlerine İlişkin Bildirim (Faiz İçeren),Pay Dışında Sermaye Piyasası Aracı İşlemlerine İlişkin Bildirim (Faiz İçeren) TRFTRYK62512 ISIN Kodlu Finansman Bonosu 4.Kupon Dönemine İlişkin Faiz Oranı Hakkında,https://www.kap.org.tr/tr/Bildirim/1451892,tr,2025-06-25T16:37:03+00:00
2025-06-25,TSK,KAP,TÜRKİYE SINAİ KALKINMA BANKASI A.Ş. - Özel Durum Açıklaması (Genel),Özel Durum Açıklaması (Genel) Yurt Dışında Tahvil İhracı Hakkında,https://www.kap.org.tr/tr/Bildirim/1452050,tr,2025-06-25T20:20:27+00:00
2025-06-25,TSK,KAP,TÜRKİYE SINAİ KALKINMA BANKASI A.Ş. - Özel Durum Açıklaması (Genel),Özel Durum Açıklaması (Genel) Yurt Dışında Tahvil İhracı Hakkında,https://www.kap.org.tr/tr/Bildirim/1451697,tr,2025-06-25T11:22:32+00:00
2025-06-25,TSK,KAP,TÜRKİYE SINAİ KALKINMA BANKASI A.Ş. - Kredi Derecelendirmesi,Kredi Derecelendirmesi Fitch Ratings Derecelendirme Notları Hakkında,https://www.kap.org.tr/tr/Bildirim/1451638,tr,2025-06-25T09:25:23+00:00
2025-06-25,TSKB,KAP,TÜRKİYE SINAİ KALKINMA BANKASI A.Ş. - Özel Durum Açıklaması (Genel),Özel Durum Açıklaması (Genel) Yurt Dışında Tahvil İhracı Hakkında,https://www.kap.org.tr/tr/Bildirim/1452050,tr,2025-06-25T20:20:27+00:00
2025-06-25,TSKB,KAP,TÜRKİYE SINAİ KALKINMA BANKASI A.Ş. - Özel Durum Açıklaması (Genel),Özel Durum Açıklaması (Genel) Yurt Dışında Tahvil İhracı Hakkında,https://www.kap.org.tr/tr/Bildirim/1451697,tr,2025-06-25T11:22:32+00:00
2025-06-25,TSKB,KAP,TÜRKİYE SINAİ KALKINMA BANKASI A.Ş. - Kredi Derecelendirmesi,Kredi Derecelendirmesi Fitch Ratings Derecelendirme Notları Hakkında,https://www.kap.org.tr/tr/Bildirim/1451638,tr,2025-06-25T09:25:23+00:00
2025-06-25,TVB,KAP,TÜRKİYE VAKIFLAR BANKASI T.A.O. - Pay Dışında Sermaye Piyasası Aracı İşlemlerine İlişkin Bildirim (Faiz İçeren),Pay Dışında Sermaye Piyasası Aracı İşlemlerine İlişkin Bildirim (Faiz İçeren) GMTN Programı Çerçevesinde Türkiye Dışında Sürdürülebilir Borçlanma Aracı İhracı SPK Onayı,https://www.kap.org.tr/tr/Bildirim/1451934,tr,2025-06-25T17:25:09+00:00
2025-06-25,TVB,KAP,TÜRKİYE VAKIFLAR BANKASI T.A.O. - Pay Dışında Sermaye Piyasası Aracı İşlemlerine İlişkin Bildirim (Faiz İçeren),Pay Dışında Sermaye Piyasası Aracı İşlemlerine İlişkin Bildirim (Faiz İçeren) GMTN Programı Çerçevesinde Türkiye Dışında Sürdürülebilir Borçlanma Aracı İhracı SPK Onayı,https://www.kap.org.tr/tr/Bildirim/1451932,tr,2025-06-25T17:24:23+00:00
2025-06-25,VAKBN,KAP,TÜRKİYE VAKIFLAR BANKASI T.A.O. - Pay Dışında Sermaye Piyasası Aracı İşlemlerine İlişkin Bildirim (Faiz İçeren),Pay Dışında Sermaye Piyasası Aracı İşlemlerine İlişkin Bildirim (Faiz İçeren) GMTN Programı Çerçevesinde Türkiye Dışında Sürdürülebilir Borçlanma Aracı İhracı SPK Onayı,https://www.kap.org.tr/tr/Bildirim/1451934,tr,2025-06-25T17:25:09+00:00
2025-06-25,VAKBN,KAP,TÜRKİYE VAKIFLAR BANKASI T.A.O. - Pay Dışında Sermaye Piyasası Aracı İşlemlerine İlişkin Bildirim (Faiz İçeren),Pay Dışında Sermaye Piyasası Aracı İşlemlerine İlişkin Bildirim (Faiz İçeren) GMTN Programı Çerçevesinde Türkiye Dışında Sürdürülebilir Borçlanma Aracı İhracı SPK Onayı,https://www.kap.org.tr/tr/Bildirim/1451932,tr,2025-06-25T17:24:23+00:00
2025-06-25,VKFYO,KAP,VAKIF MENKUL KIYMET YATIRIM ORTAKLIĞI A.Ş. - Özel Durum Açıklaması (Genel),"Özel Durum Açıklaması (Genel) Şirketimizin BİAŞ'da oluşan ağırlıklı ortalama fiyatın, pay başına net aktif değerin 2 katını aşması sebebiyle yapılan açıklamadır.",https://www.kap.org.tr/tr/Bildirim/1451720,tr,2025-06-25T12:35:44+00:00
2025-06-25,YBTAS,KAP,YİBİTAŞ YOZGAT İŞÇİ BİRLİĞİ İNŞAAT MALZEMELERİ TİCARET VE SANAYİ A.Ş. - Pay Satış Bilgi Formu,Pay Satış Bilgi Formu Pay Satış İşlemi Hakkında,https://www.kap.org.tr/tr/Bildirim/1452021,tr,2025-06-25T18:52:46+00:00
2025-06-25,YBTAS,KAP,YİBİTAŞ YOZGAT İŞÇİ BİRLİĞİ İNŞAAT MALZEMELERİ TİCARET VE SANAYİ A.Ş. - Pay Satış Bilgi Formu,Pay Satış Bilgi Formu Pay Satış İşlemi Hakkında,https://www.kap.org.tr/tr/Bildirim/1451616,tr,2025-06-25T08:31:24+00:00
2025-06-25,YEOTK,KAP,YEO TEKNOLOJİ ENERJİ VE ENDÜSTRİ A.Ş. - Yeni İş İlişkisi,Yeni İş İlişkisi Yeni iş ilişkisi.,https://www.kap.org.tr/tr/Bildirim/1451624,tr,2025-06-25T09:08:47+00:00
2025-06-25,YKB,KAP,YAPI VE KREDİ BANKASI A.Ş. - Özel Durum Açıklaması (Genel),Özel Durum Açıklaması (Genel) Havale akımlarına dayalı gelecekteki nakit akışı işlemi (future flow) ve hazine işlemleri,https://www.kap.org.tr/tr/Bildirim/1452001,tr,2025-06-25T18:16:14+00:00
2025-06-25,YKB,KAP,YAPI VE KREDİ BANKASI A.Ş. - Pay Dışında Sermaye Piyasası Aracı İşlemlerine İlişkin Bildirim (Faiz İçeren),Pay Dışında Sermaye Piyasası Aracı İşlemlerine İlişkin Bildirim (Faiz İçeren) Özkaynak hesaplamasına dahil edilebilir nitelikte yurtiçinde ihraç edilen borçlanma aracının kupon oranı,https://www.kap.org.tr/tr/Bildirim/1451926,tr,2025-06-25T17:13:53+00:00
2025-06-25,YKB,KAP,YAPI VE KREDİ BANKASI A.Ş. - Pay Dışında Sermaye Piyasası Aracı İşlemlerine İlişkin Bildirim (Faiz İçeren),Pay Dışında Sermaye Piyasası Aracı İşlemlerine İlişkin Bildirim (Faiz İçeren) Özkaynak hesaplamasına dahil edilebilir nitelikte yurtiçinde ihraç edilen borçlanma aracının kupon ödemesi,https://www.kap.org.tr/tr/Bildirim/1451658,tr,2025-06-25T09:56:50+00:00
2025-06-25,YKBNK,KAP,YAPI VE KREDİ BANKASI A.Ş. - Özel Durum Açıklaması (Genel),Özel Durum Açıklaması (Genel) Havale akımlarına dayalı gelecekteki nakit akışı işlemi (future flow) ve hazine işlemleri,https://www.kap.org.tr/tr/Bildirim/1452001,tr,2025-06-25T18:16:14+00:00
2025-06-25,YKBNK,KAP,YAPI VE KREDİ BANKASI A.Ş. - Pay Dışında Sermaye Piyasası Aracı İşlemlerine İlişkin Bildirim (Faiz İçeren),Pay Dışında Sermaye Piyasası Aracı İşlemlerine İlişkin Bildirim (Faiz İçeren) Özkaynak hesaplamasına dahil edilebilir nitelikte yurtiçinde ihraç edilen borçlanma aracının kupon oranı,https://www.kap.org.tr/tr/Bildirim/1451926,tr,2025-06-25T17:13:53+00:00
2025-06-25,YKBNK,KAP,YAPI VE KREDİ BANKASI A.Ş. - Pay Dışında Sermaye Piyasası Aracı İşlemlerine İlişkin Bildirim (Faiz İçeren),Pay Dışında Sermaye Piyasası Aracı İşlemlerine İlişkin Bildirim (Faiz İçeren) Özkaynak hesaplamasına dahil edilebilir nitelikte yurtiçinde ihraç edilen borçlanma aracının kupon ödemesi,https://www.kap.org.tr/tr/Bildirim/1451658,tr,2025-06-25T09:56:50+00:00
2025-06-25,YYAPI,KAP,YEŞİL YAPI ENDÜSTRİSİ A.Ş. - Sermaye Artırımından Elde Edilecek - Edilen Fonun Kullanımına İlişkin Rapor,"Sermaye Artırımından Elde Edilecek - Edilen Fonun Kullanımına İlişkin Rapor Sermaye Artırımından Elde Edilecek Fonun Kullanımına İlişkin Rapor Hakkında,",https://www.kap.org.tr/tr/Bildirim/1452044,tr,2025-06-25T19:56:43+00:00
2025-06-26,A1CAP,KAP,A1 CAPİTAL YATIRIM MENKUL DEĞERLER A.Ş. - Pay Dışında Sermaye Piyasası Aracı İşlemlerine İlişkin Bildirim (Faiz İçeren),Pay Dışında Sermaye Piyasası Aracı İşlemlerine İlişkin Bildirim (Faiz İçeren) Borçlanma Aracı İhracı Hk.,https://www.kap.org.tr/tr/Bildirim/1452080,tr,2025-06-26T09:27:02+00:00
2025-06-26,ACP,KAP,A1 CAPİTAL YATIRIM MENKUL DEĞERLER A.Ş. - Pay Dışında Sermaye Piyasası Aracı İşlemlerine İlişkin Bildirim (Faiz İçeren),Pay Dışında Sermaye Piyasası Aracı İşlemlerine İlişkin Bildirim (Faiz İçeren) Borçlanma Aracı İhracı Hk.,https://www.kap.org.tr/tr/Bildirim/1452080,tr,2025-06-26T09:27:02+00:00
2025-06-26,AEFES,KAP,ANADOLU EFES BİRACILIK VE MALT SANAYİİ A.Ş. - Sermaye Artırımı - Azaltımı İşlemlerine İlişkin Bildirim,Sermaye Artırımı - Azaltımı İşlemlerine İlişkin Bildirim Bedelsiz Sermaye Artırımına İlişkin Esas Sözleşme Tescili Hk.,https://www.kap.org.tr/tr/Bildirim/1452073,tr,2025-06-26T08:54:33+00:00
2025-06-26,AHGAZ,KAP,AHLATCI DOĞAL GAZ DAĞITIM ENERJİ VE YATIRIM A.Ş. - Payların Geri Alınmasına İlişkin Bildirim,Payların Geri Alınmasına İlişkin Bildirim 26.06.2025 Tarihli Pay Geri Alım İşlemleri,https://www.kap.org.tr/tr/Bildirim/1452493,tr,2025-06-26T18:30:21+00:00
2025-06-26,AKBNK,KAP,AKBANK T.A.Ş. - Pay Dışında Sermaye Piyasası Aracı İşlemlerine İlişkin Bildirim (Faiz İçeren),Pay Dışında Sermaye Piyasası Aracı İşlemlerine İlişkin Bildirim (Faiz İçeren) Yurtdışı Piyasalara Tahvil İhracının Tamamlanması,https://www.kap.org.tr/tr/Bildirim/1452328,tr,2025-06-26T16:08:34+00:00
2025-06-26,AKBNK,KAP,AKBANK T.A.Ş. - Pay Dışında Sermaye Piyasası Aracı İşlemlerine İlişkin Bildirim (Faiz İçeren),Pay Dışında Sermaye Piyasası Aracı İşlemlerine İlişkin Bildirim (Faiz İçeren) Yurtdışı Piyasalara Tahvil İhracı,https://www.kap.org.tr/tr/Bildirim/1452327,tr,2025-06-26T16:08:15+00:00
2025-06-26,AKFIS,KAP,AKFEN İNŞAAT TURİZM VE TİCARET A.Ş. - Payların Geri Alınmasına İlişkin Bildirim,Payların Geri Alınmasına İlişkin Bildirim 26.06.2025 Tarihli Pay Geri Alım İşlemleri Hk.,https://www.kap.org.tr/tr/Bildirim/1452479,tr,2025-06-26T18:19:18+00:00
2025-06-26,AKFYE,KAP,AKFEN YENİLENEBİLİR ENERJİ A.Ş. - Payların Geri Alınmasına İlişkin Bildirim,Payların Geri Alınmasına İlişkin Bildirim 26.06.2025 Tarihli Pay Geri Alım İşlemleri Hk.,https://www.kap.org.tr/tr/Bildirim/1452514,tr,2025-06-26T19:18:24+00:00
2025-06-26,AKM,KAP,AK YATIRIM MENKUL DEĞERLER A.Ş. - Pay Dışında Sermaye Piyasası Aracı İşlemlerine İlişkin Bildirim (Faiz İçeren),Pay Dışında Sermaye Piyasası Aracı İşlemlerine İlişkin Bildirim (Faiz İçeren) Nitelikli Yatırımcıya Borçlanma Aracı İhracı,https://www.kap.org.tr/tr/Bildirim/1452191,tr,2025-06-26T11:15:08+00:00
2025-06-26,AKM,KAP,AK YATIRIM MENKUL DEĞERLER A.Ş. - Yatırım Kuruluşu Varant - Sertifika - Senetlerine İlişkin Bildirim,Yatırım Kuruluşu Varant - Sertifika - Senetlerine İlişkin Bildirim 25.06.2025 Vadeli Brent Petrol Varantlarının İtfa Fiyatları,https://www.kap.org.tr/tr/Bildirim/1452190,tr,2025-06-26T11:14:30+00:00
2025-06-26,AKMEN,KAP,AK YATIRIM MENKUL DEĞERLER A.Ş. - Pay Dışında Sermaye Piyasası Aracı İşlemlerine İlişkin Bildirim (Faiz İçeren),Pay Dışında Sermaye Piyasası Aracı İşlemlerine İlişkin Bildirim (Faiz İçeren) Nitelikli Yatırımcıya Borçlanma Aracı İhracı,https://www.kap.org.tr/tr/Bildirim/1452191,tr,2025-06-26T11:15:08+00:00
2025-06-26,AKMEN,KAP,AK YATIRIM MENKUL DEĞERLER A.Ş. - Yatırım Kuruluşu Varant - Sertifika - Senetlerine İlişkin Bildirim,Yatırım Kuruluşu Varant - Sertifika - Senetlerine İlişkin Bildirim 25.06.2025 Vadeli Brent Petrol Varantlarının İtfa Fiyatları,https://www.kap.org.tr/tr/Bildirim/1452190,tr,2025-06-26T11:14:30+00:00
2025-06-26,ALNUS,KAP,ALNUS YATIRIM MENKUL DEĞERLER A.Ş. - Genel Kurul Bildirimi,Genel Kurul Bildirimi 2024 Yılı Olağan Genel Kurul Toplantısı Sonucu Hk.,https://www.kap.org.tr/tr/Bildirim/1452206,tr,2025-06-26T11:51:52+00:00
2025-06-26,ALVES,KAP,ALVES KABLO SANAYİ VE TİCARET A.Ş. - Yeni İş İlişkisi,Yeni İş İlişkisi Kablo Üreticileri ile Satış Sözleşmeleri imzalanması,https://www.kap.org.tr/tr/Bildirim/1452272,tr,2025-06-26T15:18:46+00:00
2025-06-26,ALVES,KAP,ALVES KABLO SANAYİ VE TİCARET A.Ş. - Yeni İş İlişkisi,Yeni İş İlişkisi Bayi ve alt bayi stok yönetimi sistemi kapsamında Satış Sözleşmeleri imzalanması,https://www.kap.org.tr/tr/Bildirim/1452256,tr,2025-06-26T14:38:41+00:00
2025-06-26,ANC,KAP,ALNUS YATIRIM MENKUL DEĞERLER A.Ş. - Genel Kurul Bildirimi,Genel Kurul Bildirimi 2024 Yılı Olağan Genel Kurul Toplantısı Sonucu Hk.,https://www.kap.org.tr/tr/Bildirim/1452206,tr,2025-06-26T11:51:52+00:00
2025-06-26,ANELE,KAP,ANEL ELEKTRİK PROJE TAAHHÜT VE TİCARET A.Ş. - Kredi Derecelendirmesi,"Kredi Derecelendirmesi KREDİ DERECELENDİRME NOTU HAKKINDA,",https://www.kap.org.tr/tr/Bildirim/1452508,tr,2025-06-26T18:43:16+00:00
2025-06-26,ARASE,KAP,DOĞU ARAS ENERJİ YATIRIMLARI A.Ş. - Şirket Genel Bilgi Formu,Şirket Genel Bilgi Formu,https://www.kap.org.tr/tr/Bildirim/1452198,tr,2025-06-26T11:33:56+00:00
2025-06-26,ARCLK,KAP,ARÇELİK A.Ş. - Pay Dışında Sermaye Piyasası Aracı İşlemlerine İlişkin Bildirim (Faiz İçeren),Pay Dışında Sermaye Piyasası Aracı İşlemlerine İlişkin Bildirim (Faiz İçeren) Finansman Bonosu İhracı- Satışın Tamamlanması,https://www.kap.org.tr/tr/Bildirim/1452069,tr,2025-06-26T08:35:42+00:00
2025-06-26,ATAVK,KAP,ATA VARLIK KİRALAMA A.Ş. - İhraç Tavanına İlişkin Bildirim,İhraç Tavanına İlişkin Bildirim Kira sertifikası İhraç Tavanı SPK Onayı,https://www.kap.org.tr/tr/Bildirim/1452523,tr,2025-06-26T20:40:38+00:00
2025-06-26,ATLAS,KAP,ATLAS MENKUL KIYMETLER YATIRIM ORTAKLIĞI A.Ş. - Bağımsız Denetim Kuruluşunun Belirlenmesi,Bağımsız Denetim Kuruluşunun Belirlenmesi Bağımsız Denetim Şirketi'nin Genel Kurul tarafından onaylanması hakkında,https://www.kap.org.tr/tr/Bildirim/1452491,tr,2025-06-26T18:28:16+00:00
2025-06-26,ATLAS,KAP,ATLAS MENKUL KIYMETLER YATIRIM ORTAKLIĞI A.Ş. - Kar Payı Dağıtım İşlemlerine İlişkin Bildirim,Kar Payı Dağıtım İşlemlerine İlişkin Bildirim 2024 Yılı Kâr Payı Dağıtımı Hakkında,https://www.kap.org.tr/tr/Bildirim/1452490,tr,2025-06-26T18:26:53+00:00
2025-06-26,ATLAS,KAP,ATLAS MENKUL KIYMETLER YATIRIM ORTAKLIĞI A.Ş. - Kayıtlı Sermaye Tavanı İşlemlerine İlişkin Bildirim,Kayıtlı Sermaye Tavanı İşlemlerine İlişkin Bildirim Kayıtlı sermaye süre uzatımı hakkında,https://www.kap.org.tr/tr/Bildirim/1452487,tr,2025-06-26T18:24:12+00:00
2025-06-26,ATLAS,KAP,ATLAS MENKUL KIYMETLER YATIRIM ORTAKLIĞI A.Ş. - Genel Kurul İşlemlerine İlişkin Bildirim,Genel Kurul İşlemlerine İlişkin Bildirim 2024 Yılı Olağan Genel Kurul Toplantı Sonucu,https://www.kap.org.tr/tr/Bildirim/1452482,tr,2025-06-26T18:20:09+00:00
2025-06-26,AYES,KAP,AYES ÇELİK HASIR VE ÇİT SANAYİ A.Ş. - Kar Payı Dağıtım İşlemlerine İlişkin Bildirim,Kar Payı Dağıtım İşlemlerine İlişkin Bildirim Kar Payı Dağıtımına İlişkin Genel Kurul Kararı,https://www.kap.org.tr/tr/Bildirim/1452412,tr,2025-06-26T17:15:02+00:00
2025-06-26,AYES,KAP,AYES ÇELİK HASIR VE ÇİT SANAYİ A.Ş. - Genel Kurul İşlemlerine İlişkin Bildirim,Genel Kurul İşlemlerine İlişkin Bildirim Türk Ticaret Kanunu'nun 420.maddesi hükümleri kapsamında ertelenen gündem maddelerinin görüşüldüğü Genel Kurul Toplantı Sonucu,https://www.kap.org.tr/tr/Bildirim/1452338,tr,2025-06-26T16:26:25+00:00
2025-06-26,AZTEK,KAP,AZTEK TEKNOLOJİ ÜRÜNLERİ TİCARET A.Ş. - Kurumsal Yönetim Bilgi Formu (Güncelleme) - Yönetim Kurulu-2,Kurumsal Yönetim Bilgi Formu (Güncelleme) - Yönetim Kurulu-2 Komiteler Hakkında,https://www.kap.org.tr/tr/Bildirim/1452540,tr,2025-06-26T21:39:16+00:00
2025-06-26,AZTEK,KAP,AZTEK TEKNOLOJİ ÜRÜNLERİ TİCARET A.Ş. - Yönetim Kurulu Komiteleri,Yönetim Kurulu Komiteleri Sürdürülebilirlik Komitesi Hakkında,https://www.kap.org.tr/tr/Bildirim/1452539,tr,2025-06-26T21:38:39+00:00
2025-06-26,BFREN,KAP,BOSCH FREN SİSTEMLERİ SANAYİ VE TİCARET A.Ş. - Sermaye Artırımı - Azaltımı İşlemlerine İlişkin Bildirim,Sermaye Artırımı - Azaltımı İşlemlerine İlişkin Bildirim Sermaye Artırımının Tamamlanması ve Esas Sözleşme Tadil Metninin SPK Onayına Sunulması,https://www.kap.org.tr/tr/Bildirim/1452439,tr,2025-06-26T17:32:31+00:00
2025-06-26,BINHO,KAP,1000 YATIRIMLAR HOLDİNG A.Ş. - Genel Kurul İşlemlerine İlişkin Bildirim,Genel Kurul İşlemlerine İlişkin Bildirim 2024 Yılı Olağan Genel Kurulun Tescili/Güncelleme,https://www.kap.org.tr/tr/Bildirim/1452077,tr,2025-06-26T09:11:08+00:00
2025-06-26,BLKOM,KAP,BİLKOM BİLİŞİM HİZMETLERİ A.Ş. - Pay Dışında Sermaye Piyasası Aracı İşlemlerine İlişkin Bildirim (Faiz İçeren),Pay Dışında Sermaye Piyasası Aracı İşlemlerine İlişkin Bildirim (Faiz İçeren) Nitelikli yatırımcılara finansman bonosu ihracı,https://www.kap.org.tr/tr/Bildirim/1452105,tr,2025-06-26T09:56:27+00:00
2025-06-26,BORLS,KAP,BORLEASE OTOMOTİV A.Ş. - Payların Geri Alınmasına İlişkin Bildirim,Payların Geri Alınmasına İlişkin Bildirim 26.06.2025 Tarihli Pay Geri Alım Bildirimi,https://www.kap.org.tr/tr/Bildirim/1452489,tr,2025-06-26T18:25:45+00:00
2025-06-26,BRGAN,KAP,BURGAN BANK A.Ş. - Özel Durum Açıklaması (Genel),Özel Durum Açıklaması (Genel) Sendikasyon kredisi hakkında,https://www.kap.org.tr/tr/Bildirim/1452205,tr,2025-06-26T11:50:24+00:00
2025-06-26,BRGFK,KAP,BURGAN FİNANSAL KİRALAMA A.Ş. - İhraç Belgesi,İhraç Belgesi Borçlanma Araçları İhracına İlişkin İhraç Belgesi,https://www.kap.org.tr/tr/Bildirim/1452188,tr,2025-06-26T11:08:11+00:00
2025-06-26,BRISA,KAP,BRİSA BRİDGESTONE SABANCI LASTİK SANAYİ VE TİCARET A.Ş. - Özel Durum Açıklaması (Genel),Özel Durum Açıklaması (Genel) Aksaray Fabrikası Güneş Enerjisi Yatırım Teşvik Belgesi Tamamlama Vizesi İşlemleri,https://www.kap.org.tr/tr/Bildirim/1452074,tr,2025-06-26T09:01:02+00:00
2025-06-26,BUR,KAP,BURGAN BANK A.Ş. - Özel Durum Açıklaması (Genel),Özel Durum Açıklaması (Genel) Sendikasyon kredisi hakkında,https://www.kap.org.tr/tr/Bildirim/1452205,tr,2025-06-26T11:50:24+00:00
2025-06-26,CAGFA,KAP,ÇAĞDAŞ FAKTORİNG A.Ş. - Pay Dışında Sermaye Piyasası Aracı İşlemlerine İlişkin Bildirim (Faiz İçeren),Pay Dışında Sermaye Piyasası Aracı İşlemlerine İlişkin Bildirim (Faiz İçeren) 1.Kupon Faiz Ödemesinin gerçekleştirilmesi,https://www.kap.org.tr/tr/Bildirim/1452245,tr,2025-06-26T14:15:43+00:00
2025-06-26,CAGFA,KAP,ÇAĞDAŞ FAKTORİNG A.Ş. - Pay Dışında Sermaye Piyasası Aracı İşlemlerine İlişkin Bildirim (Faiz İçeren),Pay Dışında Sermaye Piyasası Aracı İşlemlerine İlişkin Bildirim (Faiz İçeren) 26/06/2025 Vadeli Bono İtfası,https://www.kap.org.tr/tr/Bildirim/1452244,tr,2025-06-26T14:15:35+00:00
2025-06-26,CAGFA,KAP,ÇAĞDAŞ FAKTORİNG A.Ş. - Pay Dışında Sermaye Piyasası Aracı İşlemlerine İlişkin Bildirim (Faiz İçeren),Pay Dışında Sermaye Piyasası Aracı İşlemlerine İlişkin Bildirim (Faiz İçeren) 26/06/2026 Vadeli Tahvil İhracı,https://www.kap.org.tr/tr/Bildirim/1452243,tr,2025-06-26T14:15:27+00:00
2025-06-26,CAGFA,KAP,ÇAĞDAŞ FAKTORİNG A.Ş. - Pay Dışında Sermaye Piyasası Aracı İşlemlerine İlişkin Bildirim (Faiz İçeren),Pay Dışında Sermaye Piyasası Aracı İşlemlerine İlişkin Bildirim (Faiz İçeren) 26/06/2026 Vadeli Tahvil İhracı,https://www.kap.org.tr/tr/Bildirim/1452082,tr,2025-06-26T09:28:03+00:00
2025-06-26,CCOLA,KAP,COCA-COLA İÇECEK A.Ş. - Kurumsal Yönetim Bilgi Formu (Güncelleme) - Yönetim Kurulu-1,Kurumsal Yönetim Bilgi Formu (Güncelleme) - Yönetim Kurulu-1 Kurumsal Yönetim Bilgi Formu (Güncelleme),https://www.kap.org.tr/tr/Bildirim/1452277,tr,2025-06-26T15:25:25+00:00
2025-06-26,CCOLA,KAP,COCA-COLA İÇECEK A.Ş. - Pay Dışında Sermaye Piyasası Aracı İşlemlerine İlişkin Bildirim (Faiz İçeren),Pay Dışında Sermaye Piyasası Aracı İşlemlerine İlişkin Bildirim (Faiz İçeren) Borçlanma Aracı Kupon Ödemesi,https://www.kap.org.tr/tr/Bildirim/1452276,tr,2025-06-26T15:24:54+00:00
2025-06-26,CRDFA,KAP,CREDITWEST FAKTORİNG A.Ş. - İhraç Tavanına İlişkin Bildirim,İhraç Tavanına İlişkin Bildirim İHRAÇ TAVAN ONAYI,https://www.kap.org.tr/tr/Bildirim/1452199,tr,2025-06-26T11:38:58+00:00
2025-06-26,DARDL,KAP,DARDANEL ÖNENTAŞ GIDA SANAYİ A.Ş. - Pay Dışında Sermaye Piyasası Aracı İşlemlerine İlişkin Bildirim (Faiz İçeren),Pay Dışında Sermaye Piyasası Aracı İşlemlerine İlişkin Bildirim (Faiz İçeren) TRFDRDLA2510 ısın kodlu bono ihraç edilmiştir,https://www.kap.org.tr/tr/Bildirim/1452103,tr,2025-06-26T09:54:08+00:00
2025-06-26,DCTTR,KAP,DCT TRADİNG DIŞ TİCARET A.Ş. - Finansal Duran Varlık Satışı,Finansal Duran Varlık Satışı Bağlı ortaklık hisse satışı,https://www.kap.org.tr/tr/Bildirim/1452513,tr,2025-06-26T18:58:07+00:00
2025-06-26,DITAS,KAP,DİTAŞ DOĞAN YEDEK PARÇA İMALAT VE TEKNİK A.Ş. - Özel Durum Açıklaması (Genel),Özel Durum Açıklaması (Genel) Şirketimiz Paylarının Satışı,https://www.kap.org.tr/tr/Bildirim/1452504,tr,2025-06-26T18:39:07+00:00
2025-06-26,DNFIN,KAP,DENİZ FİNANSAL KİRALAMA A.Ş. - Şirket Genel Bilgi Formu,Şirket Genel Bilgi Formu,https://www.kap.org.tr/tr/Bildirim/1452336,tr,2025-06-26T16:25:02+00:00
2025-06-26,DOHOL,KAP,DOĞAN ŞİRKETLER GRUBU HOLDİNG A.Ş. - Finansal Duran Varlık Satışı,Finansal Duran Varlık Satışı Finansal Duran Varlık Satışı (DITAS A.Ş. Payları) DITAS,https://www.kap.org.tr/tr/Bildirim/1452498,tr,2025-06-26T18:35:51+00:00
2025-06-26,DUNYH,KAP,SELÇUK GIDA ENDÜSTRİ İHRACAT İTHALAT A.Ş. - Birleşme İşlemlerine İlişkin Bildirim,Birleşme İşlemlerine İlişkin Bildirim Devralma Şeklinde Birleşmeye İlişkin Açıklamamızın Güncellenmesi,https://www.kap.org.tr/tr/Bildirim/1452070,tr,2025-06-26T08:39:35+00:00
2025-06-26,EKGYO,KAP,EMLAK KONUT GAYRİMENKUL YATIRIM ORTAKLIĞI A.Ş. - Özel Durum Açıklaması (Genel),Özel Durum Açıklaması (Genel) Muğla Bodrum Ortakent 1. Etap İhalesi 2. Oturum Tarihi,https://www.kap.org.tr/tr/Bildirim/1452515,tr,2025-06-26T19:18:34+00:00
2025-06-26,EKIZ,KAP,EKİZ KİMYA SANAYİ VE TİCARET A.Ş. - Özel Durum Açıklaması (Genel),Özel Durum Açıklaması (Genel) Banka İle Yapılan Protokol Süresinin Uzatılması Hakkında,https://www.kap.org.tr/tr/Bildirim/1452459,tr,2025-06-26T17:51:39+00:00
2025-06-26,EKOFA,KAP,EKO FAKTORİNG A.Ş. - Pay Dışında Sermaye Piyasası Aracı İşlemlerine İlişkin Bildirim (Faiz İçeren),Pay Dışında Sermaye Piyasası Aracı İşlemlerine İlişkin Bildirim (Faiz İçeren) TRFEKOFE2517ISIN KODLU BONO 1.KUPON ÖDEMESİ,https://www.kap.org.tr/tr/Bildirim/1452534,tr,2025-06-26T20:49:56+00:00
2025-06-26,EKTVK,KAP,EMLAK KATILIM VARLIK KİRALAMA A.Ş. - Pay Dışında Sermaye Piyasası Aracı İşlemlerine İlişkin Bildirim (Faizsiz),Pay Dışında Sermaye Piyasası Aracı İşlemlerine İlişkin Bildirim (Faizsiz) TRDEVKS82511 ISIN Kodlu Kira Sertifikasının 11.Dönemsel Getiri Oranının Belirlenmesi Hk. EKT,https://www.kap.org.tr/tr/Bildirim/1452149,tr,2025-06-26T10:48:10+00:00
2025-06-26,EMKEL,KAP,EMEK ELEKTRİK ENDÜSTRİSİ A.Ş. - Kar Payı Dağıtım İşlemlerine İlişkin Bildirim,Kar Payı Dağıtım İşlemlerine İlişkin Bildirim 2024 Yılı Kar Payı Dağıtımı Hakkında,https://www.kap.org.tr/tr/Bildirim/1452521,tr,2025-06-26T20:32:10+00:00
2025-06-26,EMKEL,KAP,EMEK ELEKTRİK ENDÜSTRİSİ A.Ş. - Genel Kurul İşlemlerine İlişkin Bildirim,Genel Kurul İşlemlerine İlişkin Bildirim 2024 Yılı Olağan Genel Kurul Toplantısı Hakkında,https://www.kap.org.tr/tr/Bildirim/1452520,tr,2025-06-26T20:28:22+00:00
2025-06-26,EMVAR,KAP,EMLAK VARLIK KİRALAMA A.Ş. - İhraç Belgesi,İhraç Belgesi Kira Sertifikası İhraç Tavan Onayı HRKET,https://www.kap.org.tr/tr/Bildirim/1452500,tr,2025-06-26T18:38:04+00:00
2025-06-26,EMVAR,KAP,EMLAK VARLIK KİRALAMA A.Ş. - İhraç Tavanına İlişkin Bildirim,İhraç Tavanına İlişkin Bildirim Kira Sertifikası İhraç Tavanı Onayı Hk. HRKET,https://www.kap.org.tr/tr/Bildirim/1452496,tr,2025-06-26T18:35:11+00:00
2025-06-26,EMVAR,KAP,EMLAK VARLIK KİRALAMA A.Ş. - Pay Dışında Sermaye Piyasası Aracı İşlemlerine İlişkin Bildirim (Faizsiz),Pay Dışında Sermaye Piyasası Aracı İşlemlerine İlişkin Bildirim (Faizsiz) Şirketimiz Tarafından İhraç Edilmiş Olan TRDEMVK62565 ISIN Kodlu Kira Sertifikasının İtfası Hk.,https://www.kap.org.tr/tr/Bildirim/1452209,tr,2025-06-26T12:01:18+00:00
2025-06-26,EMVAR,KAP,EMLAK VARLIK KİRALAMA A.Ş. - Pay Dışında Sermaye Piyasası Aracı İşlemlerine İlişkin Bildirim (Faizsiz),Pay Dışında Sermaye Piyasası Aracı İşlemlerine İlişkin Bildirim (Faizsiz) Şirketimiz Tarafından İhraç Edilmiş Olan TRDEMVK62557 ISIN Kodlu Kira Sertifikasının İtfası Hk.,https://www.kap.org.tr/tr/Bildirim/1452208,tr,2025-06-26T11:59:44+00:00
2025-06-26,EMVAR,KAP,EMLAK VARLIK KİRALAMA A.Ş. - Tertip İhraç Belgesi,Tertip İhraç Belgesi Tertip İhraç Belgesi GRFIN,https://www.kap.org.tr/tr/Bildirim/1452139,tr,2025-06-26T10:46:54+00:00
2025-06-26,ENJSA,KAP,ENERJİSA ENERJİ A.Ş. - Kredi Derecelendirmesi,Kredi Derecelendirmesi Enerjisa Enerji A.Ş. Kredi Derecelendirme Notu,https://www.kap.org.tr/tr/Bildirim/1452303,tr,2025-06-26T15:52:19+00:00
2025-06-26,ENSRI,KAP,ENSARİ SINAİ YATIRIMLAR A.Ş. - Özel Durum Açıklaması (Genel),Özel Durum Açıklaması (Genel) Likidite Sağlayıcılığı Anlaşması İmzalanması Hakkında,https://www.kap.org.tr/tr/Bildirim/1452262,tr,2025-06-26T15:02:45+00:00
2025-06-26,ERSU,KAP,ERSU MEYVE VE GIDA SANAYİ A.Ş. - Kar Payı Dağıtım İşlemlerine İlişkin Bildirim,"Kar Payı Dağıtım İşlemlerine İlişkin Bildirim 2024 Yılı Kar Payı Dağıtım İşlemleri Hakkında,",https://www.kap.org.tr/tr/Bildirim/1452374,tr,2025-06-26T16:34:00+00:00
2025-06-26,ERSU,KAP,ERSU MEYVE VE GIDA SANAYİ A.Ş. - Genel Kurul İşlemlerine İlişkin Bildirim,"Genel Kurul İşlemlerine İlişkin Bildirim 2024 Yılı Olağan Genel Kurul Toplantısı Hakkında,",https://www.kap.org.tr/tr/Bildirim/1452349,tr,2025-06-26T16:28:09+00:00
2025-06-26,ETYAT,KAP,EURO TREND YATIRIM ORTAKLIĞI A.Ş. - Özel Durum Açıklaması (Genel),"Özel Durum Açıklaması (Genel) BİAŞ'da oluşan ağırlıklı ortalama fiyatın,pay başına net aktif değerin 2 katını aşması",https://www.kap.org.tr/tr/Bildirim/1452392,tr,2025-06-26T16:48:49+00:00
2025-06-26,EUKYO,KAP,EURO KAPİTAL YATIRIM ORTAKLIĞI A.Ş. - Özel Durum Açıklaması (Genel),"Özel Durum Açıklaması (Genel) BİAŞ'da oluşan ağırlıklı ortalama fiyatın,pay başına net aktif değerin 2 katını aşması",https://www.kap.org.tr/tr/Bildirim/1452393,tr,2025-06-26T16:49:22+00:00
2025-06-26,EUYO,KAP,EURO MENKUL KIYMET YATIRIM ORTAKLIĞI A.Ş. - Özel Durum Açıklaması (Genel),"Özel Durum Açıklaması (Genel) BİAŞ'da oluşan ağırlıklı ortalama fiyatın,pay başına net aktif değerin 2 katını aşması",https://www.kap.org.tr/tr/Bildirim/1452390,tr,2025-06-26T16:48:12+00:00
2025-06-26,FENER,KAP,FENERBAHÇE FUTBOL A.Ş. - İzahname (SPK Tarafından Onaylanan),İzahname (SPK Tarafından Onaylanan) Bedelli Sermaye Artırımına İlişkin SPK Onaylı İzahname (Bölüm 2),https://www.kap.org.tr/tr/Bildirim/1452545,tr,2025-06-26T22:33:15+00:00
2025-06-26,FENER,KAP,FENERBAHÇE FUTBOL A.Ş. - İzahname (SPK Tarafından Onaylanan),İzahname (SPK Tarafından Onaylanan) Bedelli Sermaye Artırımına İlişkin SPK Onaylı İzahname (Bölüm 1),https://www.kap.org.tr/tr/Bildirim/1452544,tr,2025-06-26T22:32:31+00:00
2025-06-26,FENER,KAP,FENERBAHÇE FUTBOL A.Ş. - Sermaye Artırımı - Azaltımı İşlemlerine İlişkin Bildirim,Sermaye Artırımı - Azaltımı İşlemlerine İlişkin Bildirim Bedelli Sermaye Artırımına İlişkin SPK Onayı,https://www.kap.org.tr/tr/Bildirim/1452543,tr,2025-06-26T22:31:34+00:00
2025-06-26,GEDIK,KAP,GEDİK YATIRIM MENKUL DEĞERLER A.Ş. - Şirket Genel Bilgi Formu,Şirket Genel Bilgi Formu,https://www.kap.org.tr/tr/Bildirim/1452472,tr,2025-06-26T18:12:33+00:00
2025-06-26,GEDIK,KAP,GEDİK YATIRIM MENKUL DEĞERLER A.Ş. - Özel Durum Açıklaması (Genel),Özel Durum Açıklaması (Genel) Bağlı ortaklığımız Ichain Yatırım Holding AŞnin Misyon Kripto Varlık Alım Satım Platformu AŞye ortak olması hakkında,https://www.kap.org.tr/tr/Bildirim/1452468,tr,2025-06-26T18:11:53+00:00
2025-06-26,GENIL,KAP,GEN İLAÇ VE SAĞLIK ÜRÜNLERİ SANAYİ VE TİCARET A.Ş. - Özel Durum Açıklaması (Genel),Özel Durum Açıklaması (Genel) Güneş Enerjisi Projelerimiz Hakkında Güncel Gelişme,https://www.kap.org.tr/tr/Bildirim/1452414,tr,2025-06-26T17:19:54+00:00
2025-06-26,GRNYO,KAP,GARANTİ YATIRIM ORTAKLIĞI A.Ş. - Özel Durum Açıklaması (Genel),"Özel Durum Açıklaması (Genel) Paylarının BİAŞ'ta oluşan ağırlıklı ortalama fiyatının, pay başına net aktif değerinin 2 katını aşması hakkında.",https://www.kap.org.tr/tr/Bildirim/1452134,tr,2025-06-26T10:37:07+00:00
2025-06-26,HALKB,KAP,TÜRKİYE HALK BANKASI A.Ş. - Pay Dışında Sermaye Piyasası Aracı İşlemlerine İlişkin Bildirim (Faiz İçeren),Pay Dışında Sermaye Piyasası Aracı İşlemlerine İlişkin Bildirim (Faiz İçeren) Yurtdışı Piyasalara İlave Ana Sermayeye Dahil Edilebilir Tahvil İhracının Tamamlanması,https://www.kap.org.tr/tr/Bildirim/1452488,tr,2025-06-26T18:24:54+00:00
2025-06-26,HALKB,KAP,TÜRKİYE HALK BANKASI A.Ş. - Kurumsal Yönetim İlkelerine Uyum Derecelendirmesi,Kurumsal Yönetim İlkelerine Uyum Derecelendirmesi Bankamız Kurumsal Yönetim Derecelendirme Notu,https://www.kap.org.tr/tr/Bildirim/1452081,tr,2025-06-26T09:27:48+00:00
2025-06-26,HALKI,KAP,HALK YATIRIM MENKUL DEĞERLER A.Ş. - Toptan Alış Satış İşlemi Bildirimi,Toptan Alış Satış İşlemi Bildirimi Pasifik Gayrimenkul Yatırım Ortaklığı A.Ş. Toptan Alış Satış İşlemi PSGYO,https://www.kap.org.tr/tr/Bildirim/1452305,tr,2025-06-26T15:54:28+00:00
2025-06-26,HDFGS,KAP,HEDEF GİRİŞİM SERMAYESİ YATIRIM ORTAKLIĞI A.Ş. - Şirket Genel Bilgi Formu,Şirket Genel Bilgi Formu,https://www.kap.org.tr/tr/Bildirim/1452463,tr,2025-06-26T17:58:30+00:00
2025-06-26,HDFGS,KAP,HEDEF GİRİŞİM SERMAYESİ YATIRIM ORTAKLIĞI A.Ş. - Özel Durum Açıklaması (Genel),"Özel Durum Açıklaması (Genel) Hedef Yatırım Bankası A.Ş.'nin Sermaye Artırımının Tescili hk. HDFYB, HYB",https://www.kap.org.tr/tr/Bildirim/1452462,tr,2025-06-26T17:58:12+00:00
2025-06-26,HDFYB,KAP,HEDEF YATIRIM BANKASI A.Ş. - Şirket Genel Bilgi Formu,Şirket Genel Bilgi Formu,https://www.kap.org.tr/tr/Bildirim/1452512,tr,2025-06-26T18:53:52+00:00
2025-06-26,HDFYB,KAP,HEDEF YATIRIM BANKASI A.Ş. - Sermaye Artırımı veya Azaltımı Bildirimi,"Sermaye Artırımı veya Azaltımı Bildirimi Bankamızın 500.000.000,00 TL tutarındaki ödenmiş sermayesinin, 1.000.000.000,00 TL'ye çıkarılması hakkında.",https://www.kap.org.tr/tr/Bildirim/1452509,tr,2025-06-26T18:45:05+00:00
2025-06-26,HEDEF,KAP,HEDEF HOLDİNG A.Ş. - Şirket Genel Bilgi Formu,Şirket Genel Bilgi Formu,https://www.kap.org.tr/tr/Bildirim/1452461,tr,2025-06-26T17:56:58+00:00
2025-06-26,HEDEF,KAP,HEDEF HOLDİNG A.Ş. - Özel Durum Açıklaması (Genel),"Özel Durum Açıklaması (Genel) Hedef Yatırım Bankası A.Ş:'nin Sermaye Artırımının Tescili hk. HDFYB, HYB",https://www.kap.org.tr/tr/Bildirim/1452460,tr,2025-06-26T17:56:49+00:00
2025-06-26,HEDEF,KAP,HEDEF HOLDİNG A.Ş. - Özel Durum Açıklaması (Genel),Özel Durum Açıklaması (Genel) SPK'ya Pergamon Status Dış Ticaret A.Ş. Zorunlu Pay Alım Teklifi Başvurusu Yapılması hk. PSDTC,https://www.kap.org.tr/tr/Bildirim/1452104,tr,2025-06-26T09:55:34+00:00
2025-06-26,HKTM,KAP,HİDROPAR HAREKET KONTROL TEKNOLOJİLERİ MERKEZİ SANAYİ VE TİCARET A.Ş. - Bağımsız Denetim Kuruluşunun Belirlenmesi,Bağımsız Denetim Kuruluşunun Belirlenmesi Bağımsız Denetim Kuruluşunun Belirlenmesi,https://www.kap.org.tr/tr/Bildirim/1452326,tr,2025-06-26T16:05:57+00:00
2025-06-26,HLGYO,KAP,HALK GAYRİMENKUL YATIRIM ORTAKLIĞI A.Ş. - Değerleme Raporu,Değerleme Raporu İstanbul Bakırköy Binası 2025 İlk Yarı Yıl Dönemi Değerleme Raporu,https://www.kap.org.tr/tr/Bildirim/1452535,tr,2025-06-26T20:50:10+00:00
2025-06-26,HLGYO,KAP,HALK GAYRİMENKUL YATIRIM ORTAKLIĞI A.Ş. - Değerleme Raporu,Değerleme Raporu Ankara Kızılay Binası 2025 İlk Yarı Yıl Dönemi Değerleme Raporu,https://www.kap.org.tr/tr/Bildirim/1452533,tr,2025-06-26T20:49:53+00:00
2025-06-26,HLGYO,KAP,HALK GAYRİMENKUL YATIRIM ORTAKLIĞI A.Ş. - Değerleme Raporu,Değerleme Raporu Ataşehir Finans Kule Binası 2025 İlk Yarı Yıl Dönemi Değerleme Raporu,https://www.kap.org.tr/tr/Bildirim/1452532,tr,2025-06-26T20:49:38+00:00
2025-06-26,HLGYO,KAP,HALK GAYRİMENKUL YATIRIM ORTAKLIĞI A.Ş. - Değerleme Raporu,Değerleme Raporu İzmir Konak 1 Binası 2025 İlk Yarı Yıl Dönemi Değerleme Raporu,https://www.kap.org.tr/tr/Bildirim/1452530,tr,2025-06-26T20:49:24+00:00
2025-06-26,HLGYO,KAP,HALK GAYRİMENKUL YATIRIM ORTAKLIĞI A.Ş. - Değerleme Raporu,Değerleme Raporu İstanbul Şişli Binası 2025 İlk Yarı Yıl Dönemi Değerleme Raporu,https://www.kap.org.tr/tr/Bildirim/1452529,tr,2025-06-26T20:49:03+00:00
2025-06-26,HLGYO,KAP,HALK GAYRİMENKUL YATIRIM ORTAKLIĞI A.Ş. - Değerleme Raporu,Değerleme Raporu İstanbul Salıpazarı Arsası 2025 İlk Yarı Yıl Dönemi Değerleme Raporu,https://www.kap.org.tr/tr/Bildirim/1452528,tr,2025-06-26T20:48:48+00:00
2025-06-26,HLGYO,KAP,HALK GAYRİMENKUL YATIRIM ORTAKLIĞI A.Ş. - Değerleme Raporu,Değerleme Raporu İstanbul Etiler Binası 2025 İlk Yarı Yıl Dönemi Değerleme Raporu,https://www.kap.org.tr/tr/Bildirim/1452527,tr,2025-06-26T20:48:33+00:00
2025-06-26,HLGYO,KAP,HALK GAYRİMENKUL YATIRIM ORTAKLIĞI A.Ş. - Değerleme Raporu,Değerleme Raporu İstanbul Beşiktaş Binası 2025 İlk Yarı Yıl Dönemi Değerleme Raporu,https://www.kap.org.tr/tr/Bildirim/1452526,tr,2025-06-26T20:48:15+00:00
2025-06-26,HLGYO,KAP,HALK GAYRİMENKUL YATIRIM ORTAKLIĞI A.Ş. - Değerleme Raporu,Değerleme Raporu Bizimtepe Aydos Projesi 2025 İlk Yarı Yıl Dönemi Değerleme Raporu,https://www.kap.org.tr/tr/Bildirim/1452525,tr,2025-06-26T20:48:01+00:00
2025-06-26,HLVKS,KAP,HALK VARLIK KİRALAMA A.Ş. - Pay Dışında Sermaye Piyasası Aracı İşlemlerine İlişkin Bildirim (Faizsiz),Pay Dışında Sermaye Piyasası Aracı İşlemlerine İlişkin Bildirim (Faizsiz) Yurtiçi Kira Sertifikası İtfa ve Getiri Ödemesi PYCLL,https://www.kap.org.tr/tr/Bildirim/1452218,tr,2025-06-26T12:21:27+00:00
2025-06-26,HLY,KAP,HALK YATIRIM MENKUL DEĞERLER A.Ş. - Toptan Alış Satış İşlemi Bildirimi,Toptan Alış Satış İşlemi Bildirimi Pasifik Gayrimenkul Yatırım Ortaklığı A.Ş. Toptan Alış Satış İşlemi PSGYO,https://www.kap.org.tr/tr/Bildirim/1452305,tr,2025-06-26T15:54:28+00:00
2025-06-26,HUBVC,KAP,HUB GİRİŞİM SERMAYESİ YATIRIM ORTAKLIĞI A.Ş. - Birleşme İşlemlerine İlişkin Bildirim,"Birleşme İşlemlerine İlişkin Bildirim Şirketimizin %100 sahip olduğu SHUB Teknoloji Anonim Şirketi'nin, Şirketimiz tarafından devir alınması suretiyle, kolaylaştırılmış usulde birleşmesine ilişkin yönetim kurulu kararı",https://www.kap.org.tr/tr/Bildirim/1452471,tr,2025-06-26T18:12:23+00:00
2025-06-26,HUBVC,KAP,HUB GİRİŞİM SERMAYESİ YATIRIM ORTAKLIĞI A.Ş. - Genel Kurul İşlemlerine İlişkin Bildirim,Genel Kurul İşlemlerine İlişkin Bildirim 2024 Yılı Olağan Genel Kurul Tescili Hk.,https://www.kap.org.tr/tr/Bildirim/1452255,tr,2025-06-26T14:33:37+00:00
2025-06-26,HYB,KAP,HEDEF YATIRIM BANKASI A.Ş. - Şirket Genel Bilgi Formu,Şirket Genel Bilgi Formu,https://www.kap.org.tr/tr/Bildirim/1452512,tr,2025-06-26T18:53:52+00:00
2025-06-26,HYB,KAP,HEDEF YATIRIM BANKASI A.Ş. - Sermaye Artırımı veya Azaltımı Bildirimi,"Sermaye Artırımı veya Azaltımı Bildirimi Bankamızın 500.000.000,00 TL tutarındaki ödenmiş sermayesinin, 1.000.000.000,00 TL'ye çıkarılması hakkında.",https://www.kap.org.tr/tr/Bildirim/1452509,tr,2025-06-26T18:45:05+00:00
2025-06-26,ICUGS,KAP,ICU GİRİŞİM SERMAYESİ YATIRIM ORTAKLIĞI A.Ş. - Kurumsal Yönetim Bilgi Formu (Güncelleme) - Yönetim Kurulu-1,Kurumsal Yönetim Bilgi Formu (Güncelleme) - Yönetim Kurulu-1 Genel Kurulda Yönetim Kurulu Üye Değişikliği,https://www.kap.org.tr/tr/Bildirim/1452494,tr,2025-06-26T18:30:54+00:00
2025-06-26,ICUGS,KAP,ICU GİRİŞİM SERMAYESİ YATIRIM ORTAKLIĞI A.Ş. - Kurumsal Yönetim Bilgi Formu (Güncelleme) - Yönetim Kurulu-2,Kurumsal Yönetim Bilgi Formu (Güncelleme) - Yönetim Kurulu-2 Genel Kurulda Seçilen Yönetim Kurulu Üyeleri ve Komitelerinin Güncellenmesi,https://www.kap.org.tr/tr/Bildirim/1452334,tr,2025-06-26T16:20:32+00:00
2025-06-26,INFO,KAP,İNFO YATIRIM MENKUL DEĞERLER A.Ş. - Şirket Genel Bilgi Formu,Şirket Genel Bilgi Formu,https://www.kap.org.tr/tr/Bildirim/1452465,tr,2025-06-26T18:10:29+00:00
2025-06-26,INFO,KAP,İNFO YATIRIM MENKUL DEĞERLER A.Ş. - Özel Durum Açıklaması (Genel),"Özel Durum Açıklaması (Genel) Hedef Yatırım Bankası A.Ş. sermaye artırım tescili hk. HDFYB, HYB",https://www.kap.org.tr/tr/Bildirim/1452464,tr,2025-06-26T18:10:20+00:00
2025-06-26,INFO,KAP,İNFO YATIRIM MENKUL DEĞERLER A.Ş. - Yatırım Kuruluşu Varant - Sertifika - Senetlerine İlişkin Bildirim,Yatırım Kuruluşu Varant - Sertifika - Senetlerine İlişkin Bildirim Yatırım Kuruluşu Sertifikasının İlk Satış Fiyatı,https://www.kap.org.tr/tr/Bildirim/1452396,tr,2025-06-26T16:55:28+00:00
2025-06-26,INFO,KAP,İNFO YATIRIM MENKUL DEĞERLER A.Ş. - İzahname-Özet (SPK Tarafından Onaylanan),İzahname-Özet (SPK Tarafından Onaylanan) Yatırım Kuruluşu Varantı/Sertifikası İhracına İlişkin Özet,https://www.kap.org.tr/tr/Bildirim/1452268,tr,2025-06-26T15:11:33+00:00
2025-06-26,INFO,KAP,İNFO YATIRIM MENKUL DEĞERLER A.Ş. - İzahname-Sermaye Piyasası Aracı Notu (SPK Tarafından Onaylanan),İzahname-Sermaye Piyasası Aracı Notu (SPK Tarafından Onaylanan) Yatırım Kuruluşu Varantı/Sertifikası İhracına İlişkin Sermaye Piyasası Aracı Notu,https://www.kap.org.tr/tr/Bildirim/1452267,tr,2025-06-26T15:11:25+00:00
2025-06-26,INVEO,KAP,INVEO YATIRIM HOLDİNG A.Ş. - Şirket Genel Bilgi Formu,Şirket Genel Bilgi Formu,https://www.kap.org.tr/tr/Bildirim/1452466,tr,2025-06-26T18:10:31+00:00
2025-06-26,INVES,KAP,INVESTCO HOLDİNG A.Ş. - Payların Geri Alınmasına İlişkin Bildirim,Payların Geri Alınmasına İlişkin Bildirim Pay Geri Alım İşlemleri Hk.,https://www.kap.org.tr/tr/Bildirim/1452492,tr,2025-06-26T18:30:05+00:00
2025-06-26,ISATR,KAP,TÜRKİYE İŞ BANKASI A.Ş. - Pay Alım Satım Bildirimi,Pay Alım Satım Bildirimi Türkiye Şişe ve Cam Fabrikaları A.Ş. Pay Alım İşlemleri Hakkında SISE,https://www.kap.org.tr/tr/Bildirim/1452475,tr,2025-06-26T18:14:30+00:00
2025-06-26,ISATR,KAP,TÜRKİYE İŞ BANKASI A.Ş. - Pay Alım Satım Bildirimi,Pay Alım Satım Bildirimi İş Gayrimenkul Yatırım Ortaklığı A.Ş. Pay Alım İşlemleri Hakkında ISGYO,https://www.kap.org.tr/tr/Bildirim/1452474,tr,2025-06-26T18:14:10+00:00
2025-06-26,ISATR,KAP,TÜRKİYE İŞ BANKASI A.Ş. - Özel Durum Açıklaması (Genel),Özel Durum Açıklaması (Genel) Bankamız Genel Müdür Yardımcılığı Görevinde Meydana Gelen Değişiklik Hakkında,https://www.kap.org.tr/tr/Bildirim/1452470,tr,2025-06-26T18:12:08+00:00
2025-06-26,ISBTR,KAP,TÜRKİYE İŞ BANKASI A.Ş. - Pay Alım Satım Bildirimi,Pay Alım Satım Bildirimi Türkiye Şişe ve Cam Fabrikaları A.Ş. Pay Alım İşlemleri Hakkında SISE,https://www.kap.org.tr/tr/Bildirim/1452475,tr,2025-06-26T18:14:30+00:00
2025-06-26,ISBTR,KAP,TÜRKİYE İŞ BANKASI A.Ş. - Pay Alım Satım Bildirimi,Pay Alım Satım Bildirimi İş Gayrimenkul Yatırım Ortaklığı A.Ş. Pay Alım İşlemleri Hakkında ISGYO,https://www.kap.org.tr/tr/Bildirim/1452474,tr,2025-06-26T18:14:10+00:00
2025-06-26,ISBTR,KAP,TÜRKİYE İŞ BANKASI A.Ş. - Özel Durum Açıklaması (Genel),Özel Durum Açıklaması (Genel) Bankamız Genel Müdür Yardımcılığı Görevinde Meydana Gelen Değişiklik Hakkında,https://www.kap.org.tr/tr/Bildirim/1452470,tr,2025-06-26T18:12:08+00:00
2025-06-26,ISCTR,KAP,TÜRKİYE İŞ BANKASI A.Ş. - Pay Alım Satım Bildirimi,Pay Alım Satım Bildirimi Türkiye Şişe ve Cam Fabrikaları A.Ş. Pay Alım İşlemleri Hakkında SISE,https://www.kap.org.tr/tr/Bildirim/1452475,tr,2025-06-26T18:14:30+00:00
2025-06-26,ISCTR,KAP,TÜRKİYE İŞ BANKASI A.Ş. - Pay Alım Satım Bildirimi,Pay Alım Satım Bildirimi İş Gayrimenkul Yatırım Ortaklığı A.Ş. Pay Alım İşlemleri Hakkında ISGYO,https://www.kap.org.tr/tr/Bildirim/1452474,tr,2025-06-26T18:14:10+00:00
2025-06-26,ISCTR,KAP,TÜRKİYE İŞ BANKASI A.Ş. - Özel Durum Açıklaması (Genel),Özel Durum Açıklaması (Genel) Bankamız Genel Müdür Yardımcılığı Görevinde Meydana Gelen Değişiklik Hakkında,https://www.kap.org.tr/tr/Bildirim/1452470,tr,2025-06-26T18:12:08+00:00
2025-06-26,ISFIN,KAP,İŞ FİNANSAL KİRALAMA A.Ş. - Özel Durum Açıklaması (Genel),Özel Durum Açıklaması (Genel) Uluslararası Finans Kurumu (International Finance Corporation-IFC) ile İmzalanan Kredi Sözleşmesi Hakkında,https://www.kap.org.tr/tr/Bildirim/1452271,tr,2025-06-26T15:17:21+00:00
2025-06-26,ISKUR,KAP,TÜRKİYE İŞ BANKASI A.Ş. - Pay Alım Satım Bildirimi,Pay Alım Satım Bildirimi Türkiye Şişe ve Cam Fabrikaları A.Ş. Pay Alım İşlemleri Hakkında SISE,https://www.kap.org.tr/tr/Bildirim/1452475,tr,2025-06-26T18:14:30+00:00
2025-06-26,ISKUR,KAP,TÜRKİYE İŞ BANKASI A.Ş. - Pay Alım Satım Bildirimi,Pay Alım Satım Bildirimi İş Gayrimenkul Yatırım Ortaklığı A.Ş. Pay Alım İşlemleri Hakkında ISGYO,https://www.kap.org.tr/tr/Bildirim/1452474,tr,2025-06-26T18:14:10+00:00
2025-06-26,ISKUR,KAP,TÜRKİYE İŞ BANKASI A.Ş. - Özel Durum Açıklaması (Genel),Özel Durum Açıklaması (Genel) Bankamız Genel Müdür Yardımcılığı Görevinde Meydana Gelen Değişiklik Hakkında,https://www.kap.org.tr/tr/Bildirim/1452470,tr,2025-06-26T18:12:08+00:00
2025-06-26,ISMEN,KAP,İŞ YATIRIM MENKUL DEĞERLER A.Ş. - Yatırım Kuruluşu Varant - Sertifika - Senetlerine İlişkin Bildirim,Yatırım Kuruluşu Varant - Sertifika - Senetlerine İlişkin Bildirim Yatırım Kuruluşu Varantları İlk Satış Fiyatları,https://www.kap.org.tr/tr/Bildirim/1452275,tr,2025-06-26T15:23:47+00:00
2025-06-26,ISMEN,KAP,İŞ YATIRIM MENKUL DEĞERLER A.Ş. - Yatırım Kuruluşu Varant - Sertifika - Senetlerine İlişkin Bildirim,Yatırım Kuruluşu Varant - Sertifika - Senetlerine İlişkin Bildirim ANADOLU EFES BİRACILIK VE MALT SANAYİ A.Ş. (AEFES) Varantları Hakkında,https://www.kap.org.tr/tr/Bildirim/1452132,tr,2025-06-26T10:32:01+00:00
2025-06-26,ISMEN,KAP,İŞ YATIRIM MENKUL DEĞERLER A.Ş. - Yatırım Kuruluşu Varant - Sertifika - Senetlerine İlişkin Bildirim,Yatırım Kuruluşu Varant - Sertifika - Senetlerine İlişkin Bildirim İş Yatırım Aracı Kuruluş Varantlarının İtfa Bildirimi,https://www.kap.org.tr/tr/Bildirim/1452125,tr,2025-06-26T10:24:04+00:00
2025-06-26,ISMEN,KAP,İŞ YATIRIM MENKUL DEĞERLER A.Ş. - Piyasa Yapıcılığı Kapsamında Gerçekleştirilen İşlemler Bildirimi,Piyasa Yapıcılığı Kapsamında Gerçekleştirilen İşlemler Bildirimi Borsa Yatırım Fonu Piyasa Yapıcılığı İşlemleri ISGLK,https://www.kap.org.tr/tr/Bildirim/1452108,tr,2025-06-26T10:00:46+00:00
2025-06-26,ISMEN,KAP,İŞ YATIRIM MENKUL DEĞERLER A.Ş. - Yatırım Kuruluşu Varant - Sertifika - Senetlerine İlişkin Bildirim,Yatırım Kuruluşu Varant - Sertifika - Senetlerine İlişkin Bildirim İş Yatırım Sertifika ve Varant Alım Satım İşlemleri,https://www.kap.org.tr/tr/Bildirim/1452107,tr,2025-06-26T10:00:12+00:00
2025-06-26,ISTFK,KAP,İSTANBUL FAKTORİNG A.Ş. - Şirket Genel Bilgi Formu,Şirket Genel Bilgi Formu,https://www.kap.org.tr/tr/Bildirim/1452097,tr,2025-06-26T09:42:19+00:00
2025-06-26,ISTFK,KAP,İSTANBUL FAKTORİNG A.Ş. - Pay Dışında Sermaye Piyasası Aracı İşlemlerine İlişkin Bildirim (Faiz İçeren),Pay Dışında Sermaye Piyasası Aracı İşlemlerine İlişkin Bildirim (Faiz İçeren) Finansman Bonosu İhracının Tamamlanması,https://www.kap.org.tr/tr/Bildirim/1452089,tr,2025-06-26T09:31:30+00:00
2025-06-26,ISYAT,KAP,İŞ YATIRIM ORTAKLIĞI A.Ş. - Özel Durum Açıklaması (Genel),"Özel Durum Açıklaması (Genel) Ortaklık paylarının BİAŞ'ta oluşan ağırlıklı ortalama fiyatının, pay başına net aktif değerinin 2 katını aşması hakkında",https://www.kap.org.tr/tr/Bildirim/1452221,tr,2025-06-26T12:42:46+00:00
2025-06-26,IYF,KAP,İNFO YATIRIM MENKUL DEĞERLER A.Ş. - Şirket Genel Bilgi Formu,Şirket Genel Bilgi Formu,https://www.kap.org.tr/tr/Bildirim/1452465,tr,2025-06-26T18:10:29+00:00
2025-06-26,IYF,KAP,İNFO YATIRIM MENKUL DEĞERLER A.Ş. - Özel Durum Açıklaması (Genel),"Özel Durum Açıklaması (Genel) Hedef Yatırım Bankası A.Ş. sermaye artırım tescili hk. HDFYB, HYB",https://www.kap.org.tr/tr/Bildirim/1452464,tr,2025-06-26T18:10:20+00:00
2025-06-26,IYF,KAP,İNFO YATIRIM MENKUL DEĞERLER A.Ş. - Yatırım Kuruluşu Varant - Sertifika - Senetlerine İlişkin Bildirim,Yatırım Kuruluşu Varant - Sertifika - Senetlerine İlişkin Bildirim Yatırım Kuruluşu Sertifikasının İlk Satış Fiyatı,https://www.kap.org.tr/tr/Bildirim/1452396,tr,2025-06-26T16:55:28+00:00
2025-06-26,IYF,KAP,İNFO YATIRIM MENKUL DEĞERLER A.Ş. - İzahname-Özet (SPK Tarafından Onaylanan),İzahname-Özet (SPK Tarafından Onaylanan) Yatırım Kuruluşu Varantı/Sertifikası İhracına İlişkin Özet,https://www.kap.org.tr/tr/Bildirim/1452268,tr,2025-06-26T15:11:33+00:00
2025-06-26,IYF,KAP,İNFO YATIRIM MENKUL DEĞERLER A.Ş. - İzahname-Sermaye Piyasası Aracı Notu (SPK Tarafından Onaylanan),İzahname-Sermaye Piyasası Aracı Notu (SPK Tarafından Onaylanan) Yatırım Kuruluşu Varantı/Sertifikası İhracına İlişkin Sermaye Piyasası Aracı Notu,https://www.kap.org.tr/tr/Bildirim/1452267,tr,2025-06-26T15:11:25+00:00
2025-06-26,IYM,KAP,İŞ YATIRIM MENKUL DEĞERLER A.Ş. - Yatırım Kuruluşu Varant - Sertifika - Senetlerine İlişkin Bildirim,Yatırım Kuruluşu Varant - Sertifika - Senetlerine İlişkin Bildirim Yatırım Kuruluşu Varantları İlk Satış Fiyatları,https://www.kap.org.tr/tr/Bildirim/1452275,tr,2025-06-26T15:23:47+00:00
2025-06-26,IYM,KAP,İŞ YATIRIM MENKUL DEĞERLER A.Ş. - Yatırım Kuruluşu Varant - Sertifika - Senetlerine İlişkin Bildirim,Yatırım Kuruluşu Varant - Sertifika - Senetlerine İlişkin Bildirim ANADOLU EFES BİRACILIK VE MALT SANAYİ A.Ş. (AEFES) Varantları Hakkında,https://www.kap.org.tr/tr/Bildirim/1452132,tr,2025-06-26T10:32:01+00:00
2025-06-26,IYM,KAP,İŞ YATIRIM MENKUL DEĞERLER A.Ş. - Yatırım Kuruluşu Varant - Sertifika - Senetlerine İlişkin Bildirim,Yatırım Kuruluşu Varant - Sertifika - Senetlerine İlişkin Bildirim İş Yatırım Aracı Kuruluş Varantlarının İtfa Bildirimi,https://www.kap.org.tr/tr/Bildirim/1452125,tr,2025-06-26T10:24:04+00:00
2025-06-26,IYM,KAP,İŞ YATIRIM MENKUL DEĞERLER A.Ş. - Piyasa Yapıcılığı Kapsamında Gerçekleştirilen İşlemler Bildirimi,Piyasa Yapıcılığı Kapsamında Gerçekleştirilen İşlemler Bildirimi Borsa Yatırım Fonu Piyasa Yapıcılığı İşlemleri ISGLK,https://www.kap.org.tr/tr/Bildirim/1452108,tr,2025-06-26T10:00:46+00:00
2025-06-26,IYM,KAP,İŞ YATIRIM MENKUL DEĞERLER A.Ş. - Yatırım Kuruluşu Varant - Sertifika - Senetlerine İlişkin Bildirim,Yatırım Kuruluşu Varant - Sertifika - Senetlerine İlişkin Bildirim İş Yatırım Sertifika ve Varant Alım Satım İşlemleri,https://www.kap.org.tr/tr/Bildirim/1452107,tr,2025-06-26T10:00:12+00:00
2025-06-26,IZENR,KAP,İZDEMİR ENERJİ ELEKTRİK ÜRETİM A.Ş. - Bağımsız Denetim Kuruluşunun Belirlenmesi,Bağımsız Denetim Kuruluşunun Belirlenmesi Bağımsız Denetim Şirketi Seçiminin Tescil ve İlanı,https://www.kap.org.tr/tr/Bildirim/1452442,tr,2025-06-26T17:33:30+00:00
2025-06-26,IZENR,KAP,İZDEMİR ENERJİ ELEKTRİK ÜRETİM A.Ş. - Genel Kurul İşlemlerine İlişkin Bildirim,Genel Kurul İşlemlerine İlişkin Bildirim 2024 Yılına Ait Olağan Genel Kurul Toplantısı Sonuçlarının Tescil ve İlanı,https://www.kap.org.tr/tr/Bildirim/1452441,tr,2025-06-26T17:33:02+00:00
2025-06-26,KCHOL,KAP,KOÇ HOLDİNG A.Ş. - Finansal Duran Varlık Edinimi,Finansal Duran Varlık Edinimi Family Danışmanlık Gayrimenkul ve Ticaret A.Ş.?den Marmaris Altınyunus Turistik Tesisler A.Ş. paylarının alımı MAALT,https://www.kap.org.tr/tr/Bildirim/1452486,tr,2025-06-26T18:23:18+00:00
2025-06-26,KLKIM,KAP,KALEKİM KİMYEVİ MADDELER SANAYİ VE TİCARET A.Ş. - Özel Durum Açıklaması (Genel),Özel Durum Açıklaması (Genel) Irak Yatırımı Hakkında,https://www.kap.org.tr/tr/Bildirim/1452094,tr,2025-06-26T09:34:34+00:00
2025-06-26,KLSER,KAP,KALESERAMİK ÇANAKKALE KALEBODUR SERAMİK SANAYİ A.Ş. - Özel Durum Açıklaması (Genel),Özel Durum Açıklaması (Genel) Yeni Üretim Hattının Devreye Alınması,https://www.kap.org.tr/tr/Bildirim/1452071,tr,2025-06-26T08:40:45+00:00
2025-06-26,KLVKS,KAP,KALKINMA YATIRIM VARLIK KİRALAMA A.Ş. - Pay Dışında Sermaye Piyasası Aracı İşlemlerine İlişkin Bildirim (Faizsiz),"Pay Dışında Sermaye Piyasası Aracı İşlemlerine İlişkin Bildirim (Faizsiz) Yurt İçi Kira Sertifikası İhracının Nitelikli Yatırımcıya Satışının Tamamlanması Hk. TARFN, UNLUS, UNS",https://www.kap.org.tr/tr/Bildirim/1452126,tr,2025-06-26T10:25:32+00:00
2025-06-26,KNTFA,KAP,KENT FİNANS FAKTORİNG A.Ş. - Pay Dışında Sermaye Piyasası Aracı İşlemlerine İlişkin Bildirim (Faiz İçeren),Pay Dışında Sermaye Piyasası Aracı İşlemlerine İlişkin Bildirim (Faiz İçeren) Finansman Bonosu İhracı Hk.,https://www.kap.org.tr/tr/Bildirim/1452115,tr,2025-06-26T10:07:58+00:00
2025-06-26,KRONT,KAP,KRON TEKNOLOJİ A.Ş. - Tasarruf Sahiplerine Satış Duyurusu,Tasarruf Sahiplerine Satış Duyurusu Tasarruf Sahiplerine Satış Duyurusu,https://www.kap.org.tr/tr/Bildirim/1452254,tr,2025-06-26T14:33:33+00:00
2025-06-26,KRONT,KAP,KRON TEKNOLOJİ A.Ş. - Sermaye Artırımı - Azaltımı İşlemlerine İlişkin Bildirim,Sermaye Artırımı - Azaltımı İşlemlerine İlişkin Bildirim Kullanılmayan Rüçhan Haklarının Bildirimi,https://www.kap.org.tr/tr/Bildirim/1452252,tr,2025-06-26T14:33:11+00:00
2025-06-26,KRVGD,KAP,KERVAN GIDA SANAYİ VE TİCARET A.Ş. - Şirket Genel Bilgi Formu,Şirket Genel Bilgi Formu,https://www.kap.org.tr/tr/Bildirim/1452091,tr,2025-06-26T09:33:28+00:00
2025-06-26,KUYAS,KAP,KUYAŞ YATIRIM A.Ş. - Özel Durum Açıklaması (Genel),Özel Durum Açıklaması (Genel) Kamuoyu bilgilendirmesi,https://www.kap.org.tr/tr/Bildirim/1452248,tr,2025-06-26T14:29:58+00:00
2025-06-26,KZBGY,KAP,KIZILBÜK GAYRİMENKUL YATIRIM ORTAKLIĞI A.Ş. - Şirket Genel Bilgi Formu,Şirket Genel Bilgi Formu,https://www.kap.org.tr/tr/Bildirim/1452517,tr,2025-06-26T19:45:46+00:00
2025-06-26,LINK,KAP,LİNK BİLGİSAYAR SİSTEMLERİ YAZILIMI VE DONANIMI SANAYİ VE TİCARET A.Ş. - Hak Kullanım Süreç İptal Bildirimi,Hak Kullanım Süreç İptal Bildirimi Kayıtlı Sermaye Sistemine ilişkin SPK'ya yapılan Başvurunun geri çekilmesi hak.,https://www.kap.org.tr/tr/Bildirim/1452339,tr,2025-06-26T16:27:26+00:00
2025-06-26,LKMNH,KAP,LOKMAN HEKİM ENGÜRÜSAĞ SAĞLIK TURİZM EĞİTİM HİZMETLERİ VE İNŞAAT TAAHHÜT A.Ş. - Payların Geri Alınmasına İlişkin Bildirim,Payların Geri Alınmasına İlişkin Bildirim Hisse Geri Alımı,https://www.kap.org.tr/tr/Bildirim/1452507,tr,2025-06-26T18:41:17+00:00
2025-06-26,MEDTR,KAP,MEDİTERA TIBBİ MALZEME SANAYİ VE TİCARET A.Ş. - İhale Süreci / Sonucu,İhale Süreci / Sonucu İstanbul İl Sağlık Müdürlüğü İhalesi Hakkında,https://www.kap.org.tr/tr/Bildirim/1452251,tr,2025-06-26T14:32:35+00:00
2025-06-26,MEGAP,KAP,MEGA POLİETİLEN KÖPÜK SANAYİ VE TİCARET A.Ş. - Özel Durum Açıklaması (Genel),Özel Durum Açıklaması (Genel) KONKORDATO SÜRECİNİN SONA ERMESİNE İLİŞKİN AÇIKLAMA,https://www.kap.org.tr/tr/Bildirim/1452531,tr,2025-06-26T20:49:28+00:00
2025-06-26,MGROS,KAP,MİGROS TİCARET A.Ş. - Pay Dışında Sermaye Piyasası Aracı İşlemlerine İlişkin Bildirim (Faiz İçeren),Pay Dışında Sermaye Piyasası Aracı İşlemlerine İlişkin Bildirim (Faiz İçeren) TRSMGTI62517 ISIN Kodlu Tahvilin 8. Kupon ve Anapara Ödemesi,https://www.kap.org.tr/tr/Bildirim/1452511,tr,2025-06-26T18:48:45+00:00
2025-06-26,MIATK,KAP,MİA TEKNOLOJİ A.Ş. - Özel Durum Açıklaması (Genel),Özel Durum Açıklaması (Genel) MİA Teknoloji A.Ş?den ARVis: AR Tabanlı Altyapı Görselleştirme ve İnteraktif Tadilat Rehberlik Sistemi Projesi,https://www.kap.org.tr/tr/Bildirim/1452249,tr,2025-06-26T14:31:07+00:00
2025-06-26,MIATK,KAP,MİA TEKNOLOJİ A.Ş. - Genel Kurul İşlemlerine İlişkin Bildirim,Genel Kurul İşlemlerine İlişkin Bildirim 2024 Yılı Olağan Genel Kurul Sonuçlarının Tescili,https://www.kap.org.tr/tr/Bildirim/1452247,tr,2025-06-26T14:27:16+00:00
2025-06-26,MTRYO,KAP,METRO YATIRIM ORTAKLIĞI A.Ş. - Bağımsız Denetim Kuruluşunun Belirlenmesi,Bağımsız Denetim Kuruluşunun Belirlenmesi Bağımsız Denetim Şirketi'nin Genel Kurul tarafından onaylanması hakkında,https://www.kap.org.tr/tr/Bildirim/1452432,tr,2025-06-26T17:28:54+00:00
2025-06-26,MTRYO,KAP,METRO YATIRIM ORTAKLIĞI A.Ş. - Kar Payı Dağıtım İşlemlerine İlişkin Bildirim,Kar Payı Dağıtım İşlemlerine İlişkin Bildirim 2024 Yılı Kâr Payı Dağıtımı Hakkında,https://www.kap.org.tr/tr/Bildirim/1452431,tr,2025-06-26T17:28:41+00:00
2025-06-26,MTRYO,KAP,METRO YATIRIM ORTAKLIĞI A.Ş. - Genel Kurul İşlemlerine İlişkin Bildirim,Genel Kurul İşlemlerine İlişkin Bildirim 2024 Yılı Olağan Genel Kurul Toplantısının Sonucu,https://www.kap.org.tr/tr/Bildirim/1452409,tr,2025-06-26T17:11:53+00:00
2025-06-26,NURVK,KAP,NUROL VARLIK KİRALAMA A.Ş. - İhraç Tavanına İlişkin Bildirim,İhraç Tavanına İlişkin Bildirim Kira Sertifikası İhracına İlişkin Yönetim Kurulu Kararı Alınması,https://www.kap.org.tr/tr/Bildirim/1452444,tr,2025-06-26T17:35:39+00:00
2025-06-26,NURVK,KAP,NUROL VARLIK KİRALAMA A.Ş. - Tertip İhraç Belgesi,Tertip İhraç Belgesi Tertip İhraç Belgesi HSTAS,https://www.kap.org.tr/tr/Bildirim/1452443,tr,2025-06-26T17:35:31+00:00
2025-06-26,OFSYM,KAP,OFİS YEM GIDA SANAYİ TİCARET A.Ş. - Genel Kurul İşlemlerine İlişkin Bildirim,Genel Kurul İşlemlerine İlişkin Bildirim Şirketimizin 22.07.2025 Tarihinde Yapılacak Genel Kurul Toplantısı Hk.,https://www.kap.org.tr/tr/Bildirim/1452537,tr,2025-06-26T21:03:32+00:00
2025-06-26,OFSYM,KAP,OFİS YEM GIDA SANAYİ TİCARET A.Ş. - Özel Durum Açıklaması (Genel),Özel Durum Açıklaması (Genel) Genel Kurul Onayına Sunulacak Bağımsız Yönetim Kurulu Üye Adayları Hk.,https://www.kap.org.tr/tr/Bildirim/1452536,tr,2025-06-26T21:00:10+00:00
2025-06-26,ONRYT,KAP,ONUR YÜKSEK TEKNOLOJİ A.Ş. - Genel Kurul İşlemlerine İlişkin Bildirim,Genel Kurul İşlemlerine İlişkin Bildirim Genel Kurul İşlemlerine İlişkin Bildirim,https://www.kap.org.tr/tr/Bildirim/1452337,tr,2025-06-26T16:25:02+00:00
2025-06-26,OYA,KAP,OYAK YATIRIM MENKUL DEĞERLER A.Ş. - Piyasa Yapıcılığı Kapsamında Gerçekleştirilen İşlemler Bildirimi,Piyasa Yapıcılığı Kapsamında Gerçekleştirilen İşlemler Bildirimi 26/06/2025 TARİHLİ OYAYO PİYASA YAPICILIĞI İŞLEMLERİ OYAYO,https://www.kap.org.tr/tr/Bildirim/1452495,tr,2025-06-26T18:32:16+00:00
2025-06-26,OYAYO,KAP,OYAK YATIRIM ORTAKLIĞI A.Ş. - Özel Durum Açıklaması (Genel),"Özel Durum Açıklaması (Genel) Ortaklık paylarının BİAŞ'ta oluşan ağırlıklı ortalama fiyatının, pay başına net aktif değerinin 2 katını aşması hakkında",https://www.kap.org.tr/tr/Bildirim/1452187,tr,2025-06-26T11:05:19+00:00
2025-06-26,OYYAT,KAP,OYAK YATIRIM MENKUL DEĞERLER A.Ş. - Piyasa Yapıcılığı Kapsamında Gerçekleştirilen İşlemler Bildirimi,Piyasa Yapıcılığı Kapsamında Gerçekleştirilen İşlemler Bildirimi 26/06/2025 TARİHLİ OYAYO PİYASA YAPICILIĞI İŞLEMLERİ OYAYO,https://www.kap.org.tr/tr/Bildirim/1452495,tr,2025-06-26T18:32:16+00:00
2025-06-26,OZATD,KAP,ÖZATA DENİZCİLİK SANAYİ VE TİCARET A.Ş. - Genel Kurul İşlemlerine İlişkin Bildirim,Genel Kurul İşlemlerine İlişkin Bildirim Genel Kurul İşlemlerine İlişkin Bildirim (Düzeltme),https://www.kap.org.tr/tr/Bildirim/1452524,tr,2025-06-26T20:47:43+00:00
2025-06-26,OZATD,KAP,ÖZATA DENİZCİLİK SANAYİ VE TİCARET A.Ş. - Yeni İş İlişkisi,Yeni İş İlişkisi YENİ İŞ İLİŞKİSİ,https://www.kap.org.tr/tr/Bildirim/1452522,tr,2025-06-26T20:39:48+00:00
2025-06-26,OZATD,KAP,ÖZATA DENİZCİLİK SANAYİ VE TİCARET A.Ş. - Genel Kurul İşlemlerine İlişkin Bildirim,"Genel Kurul İşlemlerine İlişkin Bildirim 2023 VE 2024 YILI OLAĞAN GENEL KURUL TOPLANTISI SONUÇLARININ TESCİL VE İLANI HAKKINDA,",https://www.kap.org.tr/tr/Bildirim/1452238,tr,2025-06-26T13:57:42+00:00
2025-06-26,PBT,KAP,PASHA YATIRIM BANKASI A.Ş. - Pay Dışında Sermaye Piyasası Aracı İşlemlerine İlişkin Bildirim (Faiz İçeren),Pay Dışında Sermaye Piyasası Aracı İşlemlerine İlişkin Bildirim (Faiz İçeren) PASHA Yatırım Bankası A.Ş. Seyidoğlu Otomotiv Varlık Finansmanı Fonu tarafından gerçekleştirilen Varlığa Dayalı Menkul Kıymet İhracı (85mn ),https://www.kap.org.tr/tr/Bildirim/1452270,tr,2025-06-26T15:13:23+00:00
2025-06-26,PBT,KAP,PASHA YATIRIM BANKASI A.Ş. - Pay Dışında Sermaye Piyasası Aracı İşlemlerine İlişkin Bildirim (Faiz İçeren),Pay Dışında Sermaye Piyasası Aracı İşlemlerine İlişkin Bildirim (Faiz İçeren) PASHA Yatırım Bankası A.Ş. Seyidoğlu Otomotiv Varlık Finansmanı Fonu tarafından gerçekleştirilen Varlığa Dayalı Menkul Kıymet İhracı (90 mn ),https://www.kap.org.tr/tr/Bildirim/1452269,tr,2025-06-26T15:13:07+00:00
2025-06-26,PBTR,KAP,PASHA YATIRIM BANKASI A.Ş. - Pay Dışında Sermaye Piyasası Aracı İşlemlerine İlişkin Bildirim (Faiz İçeren),Pay Dışında Sermaye Piyasası Aracı İşlemlerine İlişkin Bildirim (Faiz İçeren) PASHA Yatırım Bankası A.Ş. Seyidoğlu Otomotiv Varlık Finansmanı Fonu tarafından gerçekleştirilen Varlığa Dayalı Menkul Kıymet İhracı (85mn ),https://www.kap.org.tr/tr/Bildirim/1452270,tr,2025-06-26T15:13:23+00:00
2025-06-26,PBTR,KAP,PASHA YATIRIM BANKASI A.Ş. - Pay Dışında Sermaye Piyasası Aracı İşlemlerine İlişkin Bildirim (Faiz İçeren),Pay Dışında Sermaye Piyasası Aracı İşlemlerine İlişkin Bildirim (Faiz İçeren) PASHA Yatırım Bankası A.Ş. Seyidoğlu Otomotiv Varlık Finansmanı Fonu tarafından gerçekleştirilen Varlığa Dayalı Menkul Kıymet İhracı (90 mn ),https://www.kap.org.tr/tr/Bildirim/1452269,tr,2025-06-26T15:13:07+00:00
2025-06-26,PCILT,KAP,PC İLETİŞİM VE MEDYA HİZMETLERİ SANAYİ TİCARET A.Ş. - Payların Geri Alınmasına İlişkin Bildirim,Payların Geri Alınmasına İlişkin Bildirim 25.06.2025 Tarihli Pay Geri Alım İşlemleri,https://www.kap.org.tr/tr/Bildirim/1452068,tr,2025-06-26T00:37:34+00:00
2025-06-26,PNLSN,KAP,PANELSAN ÇATI CEPHE SİSTEMLERİ SANAYİ VE TİCARET A.Ş. - Payların Geri Alınmasına İlişkin Bildirim,Payların Geri Alınmasına İlişkin Bildirim Payların Geri Alınması İşlemlerine İlişkin Bildirim hk.,https://www.kap.org.tr/tr/Bildirim/1452538,tr,2025-06-26T21:19:54+00:00
2025-06-26,PNLSN,KAP,PANELSAN ÇATI CEPHE SİSTEMLERİ SANAYİ VE TİCARET A.Ş. - Genel Kurul İşlemlerine İlişkin Bildirim,Genel Kurul İşlemlerine İlişkin Bildirim DÜZELTME-Genel Kurul Sonuçları hk.,https://www.kap.org.tr/tr/Bildirim/1452408,tr,2025-06-26T17:07:00+00:00
2025-06-26,PNLSN,KAP,PANELSAN ÇATI CEPHE SİSTEMLERİ SANAYİ VE TİCARET A.Ş. - Kar Payı Dağıtım İşlemlerine İlişkin Bildirim,Kar Payı Dağıtım İşlemlerine İlişkin Bildirim Kar Payı Dağıtım İşlemlerine İlişkin Bildirim hk.,https://www.kap.org.tr/tr/Bildirim/1452258,tr,2025-06-26T14:48:26+00:00
2025-06-26,PNLSN,KAP,PANELSAN ÇATI CEPHE SİSTEMLERİ SANAYİ VE TİCARET A.Ş. - Genel Kurul İşlemlerine İlişkin Bildirim,Genel Kurul İşlemlerine İlişkin Bildirim Genel Kurul Sonuçları hk.,https://www.kap.org.tr/tr/Bildirim/1452257,tr,2025-06-26T14:38:43+00:00
2025-06-26,PNSUT,KAP,PINAR SÜT MAMÜLLERİ SANAYİİ A.Ş. - İhraç Tavanına İlişkin Bildirim,İhraç Tavanına İlişkin Bildirim Yurt içinde Borçlanma Aracı İhraç Tavanının SPK Tarafından Onaylanması,https://www.kap.org.tr/tr/Bildirim/1452133,tr,2025-06-26T10:34:09+00:00
2025-06-26,PSGYO,KAP,PASİFİK GAYRİMENKUL YATIRIM ORTAKLIĞI A.Ş. - Sermaye Artırımı - Azaltımı İşlemlerine İlişkin Bildirim,Sermaye Artırımı - Azaltımı İşlemlerine İlişkin Bildirim Tahsisli sermaye artışımız SPK onayı hakkında,https://www.kap.org.tr/tr/Bildirim/1452546,tr,2025-06-26T22:45:04+00:00
2025-06-26,QNBFK,KAP,QNB FİNANSAL KİRALAMA A.Ş. - İhraç Tavanına İlişkin Bildirim,İhraç Tavanına İlişkin Bildirim Borçlanma aracı ihracına ilişkin Sermaye Piyasası Kurulu'na başvuru hk.,https://www.kap.org.tr/tr/Bildirim/1452433,tr,2025-06-26T17:29:59+00:00
2025-06-26,REEDR,KAP,REEDER TEKNOLOJİ SANAYİ VE TİCARET A.Ş. - Kar Payı Dağıtım İşlemlerine İlişkin Bildirim,Kar Payı Dağıtım İşlemlerine İlişkin Bildirim 2024 Yılı Olağan Genel Kurul Toplantısı'nda Görüşülen Kar Payı Dağıtımı Sonucu Hk.,https://www.kap.org.tr/tr/Bildirim/1452542,tr,2025-06-26T22:28:34+00:00
2025-06-26,REEDR,KAP,REEDER TEKNOLOJİ SANAYİ VE TİCARET A.Ş. - Genel Kurul İşlemlerine İlişkin Bildirim,Genel Kurul İşlemlerine İlişkin Bildirim 2024 Yılı Olağan Genel Kurulu,https://www.kap.org.tr/tr/Bildirim/1452541,tr,2025-06-26T22:24:04+00:00
2025-06-26,RGYAS,KAP,RÖNESANS GAYRİMENKUL YATIRIM A.Ş. - Kredi Derecelendirmesi,Kredi Derecelendirmesi Fitch Ratings - Kredi Derecelendirme Notu,https://www.kap.org.tr/tr/Bildirim/1452330,tr,2025-06-26T16:10:46+00:00
2025-06-26,SANFM,KAP,SANİFOAM ENDÜSTRİ VE TÜKETİM ÜRÜNLERİ SANAYİ TİCARET A.Ş. - Payların Geri Alınmasına İlişkin Bildirim,Payların Geri Alınmasına İlişkin Bildirim 26.06.2025 Tarihli Pay Geri Alım İşlemleri,https://www.kap.org.tr/tr/Bildirim/1452473,tr,2025-06-26T18:13:13+00:00
2025-06-26,SANKO,KAP,SANKO PAZARLAMA İTHALAT İHRACAT A.Ş. - Kar Payı Dağıtım İşlemlerine İlişkin Bildirim,Kar Payı Dağıtım İşlemlerine İlişkin Bildirim Kar Payı Dağıtılamamasına İlişkin Yönetim Kurulu Kararı Hakkında,https://www.kap.org.tr/tr/Bildirim/1452510,tr,2025-06-26T18:48:44+00:00
2025-06-26,SANKO,KAP,SANKO PAZARLAMA İTHALAT İHRACAT A.Ş. - Genel Kurul İşlemlerine İlişkin Bildirim,Genel Kurul İşlemlerine İlişkin Bildirim Olağan Genel Kurul Çağrısına İlişkin Yönetim Kurulu Kararı,https://www.kap.org.tr/tr/Bildirim/1452502,tr,2025-06-26T18:39:01+00:00
2025-06-26,SNGYO,KAP,SİNPAŞ GAYRİMENKUL YATIRIM ORTAKLIĞI A.Ş. - Pay Satış Bilgi Formu,Pay Satış Bilgi Formu Pay Satış Bilgi Formu?nun SPK Onayına Sunulmasına İlişkin Başvuru Yapılması KZBGY,https://www.kap.org.tr/tr/Bildirim/1452516,tr,2025-06-26T19:24:37+00:00
2025-06-26,THL,KAP,TÜRKİYE HALK BANKASI A.Ş. - Pay Dışında Sermaye Piyasası Aracı İşlemlerine İlişkin Bildirim (Faiz İçeren),Pay Dışında Sermaye Piyasası Aracı İşlemlerine İlişkin Bildirim (Faiz İçeren) Yurtdışı Piyasalara İlave Ana Sermayeye Dahil Edilebilir Tahvil İhracının Tamamlanması,https://www.kap.org.tr/tr/Bildirim/1452488,tr,2025-06-26T18:24:54+00:00
2025-06-26,THL,KAP,TÜRKİYE HALK BANKASI A.Ş. - Kurumsal Yönetim İlkelerine Uyum Derecelendirmesi,Kurumsal Yönetim İlkelerine Uyum Derecelendirmesi Bankamız Kurumsal Yönetim Derecelendirme Notu,https://www.kap.org.tr/tr/Bildirim/1452081,tr,2025-06-26T09:27:48+00:00
2025-06-26,TIB,KAP,TÜRKİYE İŞ BANKASI A.Ş. - Pay Alım Satım Bildirimi,Pay Alım Satım Bildirimi Türkiye Şişe ve Cam Fabrikaları A.Ş. Pay Alım İşlemleri Hakkında SISE,https://www.kap.org.tr/tr/Bildirim/1452475,tr,2025-06-26T18:14:30+00:00
2025-06-26,TIB,KAP,TÜRKİYE İŞ BANKASI A.Ş. - Pay Alım Satım Bildirimi,Pay Alım Satım Bildirimi İş Gayrimenkul Yatırım Ortaklığı A.Ş. Pay Alım İşlemleri Hakkında ISGYO,https://www.kap.org.tr/tr/Bildirim/1452474,tr,2025-06-26T18:14:10+00:00
2025-06-26,TIB,KAP,TÜRKİYE İŞ BANKASI A.Ş. - Özel Durum Açıklaması (Genel),Özel Durum Açıklaması (Genel) Bankamız Genel Müdür Yardımcılığı Görevinde Meydana Gelen Değişiklik Hakkında,https://www.kap.org.tr/tr/Bildirim/1452470,tr,2025-06-26T18:12:08+00:00
2025-06-26,TRCAS,KAP,TURCAS PETROL A.Ş. - Özel Durum Açıklaması (Genel),Özel Durum Açıklaması (Genel) %30 Oranındaki İştirakimiz Shell & Turcas Petrol A.Ş.?deki İmtiyazlı Temettü Ödemesi ve Kâr Dağıtımı Hakkında,https://www.kap.org.tr/tr/Bildirim/1452214,tr,2025-06-26T12:07:52+00:00
2025-06-26,TRILC,KAP,TURK İLAÇ VE SERUM SANAYİ A.Ş. - İhale Süreci / Sonucu,İhale Süreci / Sonucu Devlet Malzeme Ofisi İhale Sonucu,https://www.kap.org.tr/tr/Bildirim/1452215,tr,2025-06-26T12:08:42+00:00
2025-06-26,TRYKI,KAP,TİRYAKİ AGRO GIDA SANAYİ VE TİCARET A.Ş. - Pay Dışında Sermaye Piyasası Aracı İşlemlerine İlişkin Bildirim (Faiz İçeren),Pay Dışında Sermaye Piyasası Aracı İşlemlerine İlişkin Bildirim (Faiz İçeren) TRFTRYK62512 ISIN Kodlu Finansman Bonosunun İtfası,https://www.kap.org.tr/tr/Bildirim/1452242,tr,2025-06-26T14:14:23+00:00
2025-06-26,TRYKI,KAP,TİRYAKİ AGRO GIDA SANAYİ VE TİCARET A.Ş. - Pay Dışında Sermaye Piyasası Aracı İşlemlerine İlişkin Bildirim (Faiz İçeren),Pay Dışında Sermaye Piyasası Aracı İşlemlerine İlişkin Bildirim (Faiz İçeren) Finansman Bonosu İhracı,https://www.kap.org.tr/tr/Bildirim/1452099,tr,2025-06-26T09:47:53+00:00
2025-06-26,TUREX,KAP,TUREKS TURİZM TAŞIMACILIK A.Ş. - Özel Durum Açıklaması (Genel),Özel Durum Açıklaması (Genel) Sözleşme Yenilemesi Hakkında,https://www.kap.org.tr/tr/Bildirim/1452137,tr,2025-06-26T10:44:35+00:00
2025-06-26,TV8TV,KAP,TV8 TV YAYINCILIK A.Ş. - Pay Dışında Sermaye Piyasası Aracı İşlemlerine İlişkin Bildirim (Faiz İçeren),Pay Dışında Sermaye Piyasası Aracı İşlemlerine İlişkin Bildirim (Faiz İçeren) Finansman Bonosu İhracının Tamamlanması,https://www.kap.org.tr/tr/Bildirim/1452184,tr,2025-06-26T10:59:01+00:00
2025-06-26,TVB,KAP,TÜRKİYE VAKIFLAR BANKASI T.A.O. - İhraç Tavanına İlişkin Bildirim,İhraç Tavanına İlişkin Bildirim Borçlanma Aracı İhraç Tavanı SPK Onayı,https://www.kap.org.tr/tr/Bildirim/1452423,tr,2025-06-26T17:22:54+00:00
2025-06-26,TVB,KAP,TÜRKİYE VAKIFLAR BANKASI T.A.O. - Şirket Genel Bilgi Formu,Şirket Genel Bilgi Formu,https://www.kap.org.tr/tr/Bildirim/1452411,tr,2025-06-26T17:14:57+00:00
2025-06-26,TVB,KAP,TÜRKİYE VAKIFLAR BANKASI T.A.O. - İhraç Tavanına İlişkin Bildirim,İhraç Tavanına İlişkin Bildirim Borçlanma Aracı İhraç Tavanı SPK Onayı,https://www.kap.org.tr/tr/Bildirim/1452407,tr,2025-06-26T17:06:38+00:00
2025-06-26,ULUFA,KAP,ULUSAL FAKTORİNG A.Ş. - Şirket Genel Bilgi Formu,Şirket Genel Bilgi Formu,https://www.kap.org.tr/tr/Bildirim/1452212,tr,2025-06-26T12:05:33+00:00
2025-06-26,VAKBN,KAP,TÜRKİYE VAKIFLAR BANKASI T.A.O. - İhraç Tavanına İlişkin Bildirim,İhraç Tavanına İlişkin Bildirim Borçlanma Aracı İhraç Tavanı SPK Onayı,https://www.kap.org.tr/tr/Bildirim/1452423,tr,2025-06-26T17:22:54+00:00
2025-06-26,VAKBN,KAP,TÜRKİYE VAKIFLAR BANKASI T.A.O. - Şirket Genel Bilgi Formu,Şirket Genel Bilgi Formu,https://www.kap.org.tr/tr/Bildirim/1452411,tr,2025-06-26T17:14:57+00:00
2025-06-26,VAKBN,KAP,TÜRKİYE VAKIFLAR BANKASI T.A.O. - İhraç Tavanına İlişkin Bildirim,İhraç Tavanına İlişkin Bildirim Borçlanma Aracı İhraç Tavanı SPK Onayı,https://www.kap.org.tr/tr/Bildirim/1452407,tr,2025-06-26T17:06:38+00:00
2025-06-26,VAKVK,KAP,VAKIF VARLIK KİRALAMA A.Ş. - Pay Dışında Sermaye Piyasası Aracı İşlemlerine İlişkin Bildirim (Faizsiz),Pay Dışında Sermaye Piyasası Aracı İşlemlerine İlişkin Bildirim (Faizsiz) TRDVVRKK2517 ISIN Kodlu Yurtiçi Kira Sertifikası İhracının Satışının Tamamlanması VKF,https://www.kap.org.tr/tr/Bildirim/1452413,tr,2025-06-26T17:18:29+00:00
2025-06-26,VAKVK,KAP,VAKIF VARLIK KİRALAMA A.Ş. - Pay Dışında Sermaye Piyasası Aracı İşlemlerine İlişkin Bildirim (Faizsiz),Pay Dışında Sermaye Piyasası Aracı İşlemlerine İlişkin Bildirim (Faizsiz) TRDVVRK62519 İtfa ve kupon Ödemesi,https://www.kap.org.tr/tr/Bildirim/1452369,tr,2025-06-26T16:32:55+00:00
2025-06-26,VAKVK,KAP,VAKIF VARLIK KİRALAMA A.Ş. - Pay Dışında Sermaye Piyasası Aracı İşlemlerine İlişkin Bildirim (Faizsiz),Pay Dışında Sermaye Piyasası Aracı İşlemlerine İlişkin Bildirim (Faizsiz) TRDVVRKK2517 ISIN Kodlu Yurtiçi Kira Sertifikası İhracının Satışının Tamamlanması VKF,https://www.kap.org.tr/tr/Bildirim/1452217,tr,2025-06-26T12:18:35+00:00
2025-06-26,VAKVK,KAP,VAKIF VARLIK KİRALAMA A.Ş. - Pay Dışında Sermaye Piyasası Aracı İşlemlerine İlişkin Bildirim (Faizsiz),Pay Dışında Sermaye Piyasası Aracı İşlemlerine İlişkin Bildirim (Faizsiz) TRDVVRKK2517 ISIN Kodlu Yurtiçi Kira Sertifikası İhracının Satışının Tamamlanması VKF,https://www.kap.org.tr/tr/Bildirim/1452186,tr,2025-06-26T11:00:54+00:00
2025-06-26,VANGD,KAP,VANET GIDA SANAYİ İÇ VE DIŞ TİCARET A.Ş. - Genel Kurul İşlemlerine İlişkin Bildirim,Genel Kurul İşlemlerine İlişkin Bildirim Olağan Genel Kurul Toplantısının Gerçekleştirilememesi Hakkında,https://www.kap.org.tr/tr/Bildirim/1452547,tr,2025-06-26T23:50:27+00:00
2025-06-26,VESBE,KAP,VESTEL BEYAZ EŞYA SANAYİ VE TİCARET A.Ş. - Pay Dışında Sermaye Piyasası Aracı İşlemlerine İlişkin Bildirim (Faiz İçeren),Pay Dışında Sermaye Piyasası Aracı İşlemlerine İlişkin Bildirim (Faiz İçeren) Nitelikli Yatırımcılara Satılmak Üzere Sabit Kuponlu Finansman Bonosu İhracının Tamamlanması,https://www.kap.org.tr/tr/Bildirim/1452235,tr,2025-06-26T13:44:40+00:00
2025-06-26,VESBE,KAP,VESTEL BEYAZ EŞYA SANAYİ VE TİCARET A.Ş. - Pay Dışında Sermaye Piyasası Aracı İşlemlerine İlişkin Bildirim (Faiz İçeren),Pay Dışında Sermaye Piyasası Aracı İşlemlerine İlişkin Bildirim (Faiz İçeren) TRFVEST62519 Kodlu Finansman Bonosunun Kupon ve Anapara Ödemesi Hakkında,https://www.kap.org.tr/tr/Bildirim/1452233,tr,2025-06-26T13:41:17+00:00
2025-06-26,VESTL,KAP,VESTEL ELEKTRONİK SANAYİ VE TİCARET A.Ş. - Şirket Genel Bilgi Formu,Şirket Genel Bilgi Formu,https://www.kap.org.tr/tr/Bildirim/1452101,tr,2025-06-26T09:52:32+00:00
2025-06-26,VKFYO,KAP,VAKIF MENKUL KIYMET YATIRIM ORTAKLIĞI A.Ş. - Özel Durum Açıklaması (Genel),"Özel Durum Açıklaması (Genel) Şirketimizin BİAŞ'da oluşan ağırlıklı ortalama fiyatın, pay başına net aktif değerin 2 katını aşması sebebiyle yapılan açıklamadır.",https://www.kap.org.tr/tr/Bildirim/1452333,tr,2025-06-26T16:18:33+00:00
2025-06-26,YBTAS,KAP,YİBİTAŞ YOZGAT İŞÇİ BİRLİĞİ İNŞAAT MALZEMELERİ TİCARET VE SANAYİ A.Ş. - Pay Satış Bilgi Formu,Pay Satış Bilgi Formu Pay Satış İşlemi Hakkında,https://www.kap.org.tr/tr/Bildirim/1452518,tr,2025-06-26T19:47:44+00:00
2025-06-26,YEOTK,KAP,YEO TEKNOLOJİ ENERJİ VE ENDÜSTRİ A.Ş. - İhraç Tavanına İlişkin Bildirim,İhraç Tavanına İlişkin Bildirim Yeşil Borçlanma Aracı İhracı Hakkında.,https://www.kap.org.tr/tr/Bildirim/1452519,tr,2025-06-26T19:51:41+00:00
2025-06-26,YKB,KAP,YAPI VE KREDİ BANKASI A.Ş. - Pay Dışında Sermaye Piyasası Aracı İşlemlerine İlişkin Bildirim (Faiz İçeren),Pay Dışında Sermaye Piyasası Aracı İşlemlerine İlişkin Bildirim (Faiz İçeren) Özkaynak hesaplamasına dahil edilebilir nitelikte yurtiçinde ihraç edilen borçlanma aracının kupon ödemesi,https://www.kap.org.tr/tr/Bildirim/1452116,tr,2025-06-26T10:10:36+00:00
2025-06-26,YKBNK,KAP,YAPI VE KREDİ BANKASI A.Ş. - Pay Dışında Sermaye Piyasası Aracı İşlemlerine İlişkin Bildirim (Faiz İçeren),Pay Dışında Sermaye Piyasası Aracı İşlemlerine İlişkin Bildirim (Faiz İçeren) Özkaynak hesaplamasına dahil edilebilir nitelikte yurtiçinde ihraç edilen borçlanma aracının kupon ödemesi,https://www.kap.org.tr/tr/Bildirim/1452116,tr,2025-06-26T10:10:36+00:00
2025-06-26,ZKBVK,KAP,ZİRAAT KATILIM VARLIK KİRALAMA A.Ş. - Pay Dışında Sermaye Piyasası Aracı İşlemlerine İlişkin Bildirim (Faizsiz),Pay Dışında Sermaye Piyasası Aracı İşlemlerine İlişkin Bildirim (Faizsiz) TRDZKVK62515 ISIN kodlu Yurtiçi Kira Sertifikalarının İtfa ve Getiri Ödeme İşlemlerinin Tamamlanması Hk ZTB,https://www.kap.org.tr/tr/Bildirim/1452237,tr,2025-06-26T13:48:57+00:00
2025-06-27,ADEL,KAP,ADEL KALEMCİLİK TİCARET VE SANAYİ A.Ş. - Özel Durum Açıklaması (Genel),Özel Durum Açıklaması (Genel) Personel sayısındaki değişim hakkında,https://www.kap.org.tr/tr/Bildirim/1452925,tr,2025-06-27T18:47:00+00:00
2025-06-27,ADEL,KAP,ADEL KALEMCİLİK TİCARET VE SANAYİ A.Ş. - Şirket Genel Bilgi Formu,Şirket Genel Bilgi Formu,https://www.kap.org.tr/tr/Bildirim/1452921,tr,2025-06-27T18:45:31+00:00
2025-06-27,ADESE,KAP,ADESE GAYRİMENKUL YATIRIM A.Ş. - Özel Durum Açıklaması (Genel),Özel Durum Açıklaması (Genel) Kat Karşılığı İnşaat Sözleşmesine İlişkin Protokol İmzalanması Hk. LRSHO,https://www.kap.org.tr/tr/Bildirim/1452919,tr,2025-06-27T18:40:05+00:00
2025-06-27,AHGAZ,KAP,AHLATCI DOĞAL GAZ DAĞITIM ENERJİ VE YATIRIM A.Ş. - Payların Geri Alınmasına İlişkin Bildirim,Payların Geri Alınmasına İlişkin Bildirim 27.06.2025 Tarihli Pay Geri Alım İşlemleri,https://www.kap.org.tr/tr/Bildirim/1452910,tr,2025-06-27T18:30:06+00:00
2025-06-27,AKBNK,KAP,AKBANK T.A.Ş. - Pay Dışında Sermaye Piyasası Aracı İşlemlerine İlişkin Bildirim (Faiz İçeren),Pay Dışında Sermaye Piyasası Aracı İşlemlerine İlişkin Bildirim (Faiz İçeren) Yurtdışı Piyasalara Tahvil İhracının Tamamlanması,https://www.kap.org.tr/tr/Bildirim/1452833,tr,2025-06-27T17:51:21+00:00
2025-06-27,AKBNK,KAP,AKBANK T.A.Ş. - Pay Dışında Sermaye Piyasası Aracı İşlemlerine İlişkin Bildirim (Faiz İçeren),Pay Dışında Sermaye Piyasası Aracı İşlemlerine İlişkin Bildirim (Faiz İçeren) Yurtdışı Piyasalara Tahvil İhracı,https://www.kap.org.tr/tr/Bildirim/1452831,tr,2025-06-27T17:51:10+00:00
2025-06-27,AKFIS,KAP,AKFEN İNŞAAT TURİZM VE TİCARET A.Ş. - Payların Geri Alınmasına İlişkin Bildirim,Payların Geri Alınmasına İlişkin Bildirim 27.06.2025 Tarihli Pay Geri Alım İşlemleri Hk.,https://www.kap.org.tr/tr/Bildirim/1452906,tr,2025-06-27T18:28:30+00:00
2025-06-27,AKFYE,KAP,AKFEN YENİLENEBİLİR ENERJİ A.Ş. - Payların Geri Alınmasına İlişkin Bildirim,Payların Geri Alınmasına İlişkin Bildirim 27.06.2025 Tarihli Pay Geri Alım İşlemleri Hk,https://www.kap.org.tr/tr/Bildirim/1452893,tr,2025-06-27T18:20:52+00:00
2025-06-27,AKM,KAP,AK YATIRIM MENKUL DEĞERLER A.Ş. - Pay Dışında Sermaye Piyasası Aracı İşlemlerine İlişkin Bildirim (Faiz İçeren),Pay Dışında Sermaye Piyasası Aracı İşlemlerine İlişkin Bildirim (Faiz İçeren) 27.06.2025 Vadeli Borçlanma Aracının İtfası,https://www.kap.org.tr/tr/Bildirim/1452669,tr,2025-06-27T11:17:00+00:00
2025-06-27,AKMEN,KAP,AK YATIRIM MENKUL DEĞERLER A.Ş. - Pay Dışında Sermaye Piyasası Aracı İşlemlerine İlişkin Bildirim (Faiz İçeren),Pay Dışında Sermaye Piyasası Aracı İşlemlerine İlişkin Bildirim (Faiz İçeren) 27.06.2025 Vadeli Borçlanma Aracının İtfası,https://www.kap.org.tr/tr/Bildirim/1452669,tr,2025-06-27T11:17:00+00:00
2025-06-27,ALARK,KAP,ALARKO HOLDİNG A.Ş. - Diğer Pay İhracı - İptaline İlişkin Bildirim,Diğer Pay İhracı - İptaline İlişkin Bildirim Sermaye Azaltımına İlişkin Yönetim Kurulu Kararı,https://www.kap.org.tr/tr/Bildirim/1452928,tr,2025-06-27T18:54:06+00:00
2025-06-27,ALNUS,KAP,ALNUS YATIRIM MENKUL DEĞERLER A.Ş. - Genel Kurul Bildirimi,Genel Kurul Bildirimi Olağan Genel Kurul Toplantı Sonucunun Tescili Hk.,https://www.kap.org.tr/tr/Bildirim/1452739,tr,2025-06-27T15:13:02+00:00
2025-06-27,ANC,KAP,ALNUS YATIRIM MENKUL DEĞERLER A.Ş. - Genel Kurul Bildirimi,Genel Kurul Bildirimi Olağan Genel Kurul Toplantı Sonucunun Tescili Hk.,https://www.kap.org.tr/tr/Bildirim/1452739,tr,2025-06-27T15:13:02+00:00
2025-06-27,ARCLK,KAP,ARÇELİK A.Ş. - Geri Alınan Payların Elden Çıkarılması,Geri Alınan Payların Elden Çıkarılması Geri Alınan Payların Elden Çıkarılması,https://www.kap.org.tr/tr/Bildirim/1452873,tr,2025-06-27T18:16:30+00:00
2025-06-27,ARSVY,KAP,ARSAN VARLIK YÖNETİM A.Ş. - Pay Dışında Sermaye Piyasası Aracı İşlemlerine İlişkin Bildirim (Faiz İçeren),Pay Dışında Sermaye Piyasası Aracı İşlemlerine İlişkin Bildirim (Faiz İçeren) TRFARSVA2514 kodlu 50.000.000 TL Bono İhracı,https://www.kap.org.tr/tr/Bildirim/1452707,tr,2025-06-27T13:46:54+00:00
2025-06-27,ARTMS,KAP,ARTEMİS HALI A.Ş. - Kar Payı Dağıtım İşlemlerine İlişkin Bildirim,"Kar Payı Dağıtım İşlemlerine İlişkin Bildirim 2024 Yılı Kar Payı Dağıtım İşlemleri Hakkında,",https://www.kap.org.tr/tr/Bildirim/1452975,tr,2025-06-27T21:35:22+00:00
2025-06-27,ARTMS,KAP,ARTEMİS HALI A.Ş. - Genel Kurul İşlemlerine İlişkin Bildirim,"Genel Kurul İşlemlerine İlişkin Bildirim 2024 Yılı Olağan Genel Kurul Toplantısı Hakkında,",https://www.kap.org.tr/tr/Bildirim/1452974,tr,2025-06-27T21:10:11+00:00
2025-06-27,ASTOR,KAP,ASTOR ENERJİ A.Ş. - Genel Kurul İşlemlerine İlişkin Bildirim,Genel Kurul İşlemlerine İlişkin Bildirim Olağan Genel Kurul Kararlarının Tescili,https://www.kap.org.tr/tr/Bildirim/1452821,tr,2025-06-27T17:45:12+00:00
2025-06-27,ATATP,KAP,ATP YAZILIM VE TEKNOLOJİ A.Ş. - Özel Durum Açıklaması (Genel),Özel Durum Açıklaması (Genel) Bağlı Ortaklığımız ATP GSYO'nun Sermaye Artışı Hk.,https://www.kap.org.tr/tr/Bildirim/1452977,tr,2025-06-27T22:13:01+00:00
2025-06-27,ATAVK,KAP,ATA VARLIK KİRALAMA A.Ş. - İhraç Tavanına İlişkin Bildirim,İhraç Tavanına İlişkin Bildirim Dardanel Önentaş Gıda Sanayi A.Ş.İhracına İlişkin Yönetim Kurulu Kararı Alınması DARDL,https://www.kap.org.tr/tr/Bildirim/1452712,tr,2025-06-27T13:58:49+00:00
2025-06-27,ATAVK,KAP,ATA VARLIK KİRALAMA A.Ş. - İhraç Belgesi,İhraç Belgesi İhraç Belgesi Spk Onayı,https://www.kap.org.tr/tr/Bildirim/1452704,tr,2025-06-27T13:45:30+00:00
2025-06-27,ATAVK,KAP,ATA VARLIK KİRALAMA A.Ş. - Pay Dışında Sermaye Piyasası Aracı İşlemlerine İlişkin Bildirim (Faizsiz),Pay Dışında Sermaye Piyasası Aracı İşlemlerine İlişkin Bildirim (Faizsiz) TRDATAVK2512 ISIN Kodlu Yurtiçi Kira Sertifikası İhracının Satışının Tamamlanması Hk. FSDAT,https://www.kap.org.tr/tr/Bildirim/1452571,tr,2025-06-27T09:30:03+00:00
2025-06-27,BAKAB,KAP,BAK AMBALAJ SANAYİ VE TİCARET A.Ş. - Bağımsız Denetim Kuruluşunun Belirlenmesi,Bağımsız Denetim Kuruluşunun Belirlenmesi Bağımsız Denetim Kuruluşu seçiminin Genel Kurul'ca onaylanması,https://www.kap.org.tr/tr/Bildirim/1452769,tr,2025-06-27T16:01:49+00:00
2025-06-27,BAKAB,KAP,BAK AMBALAJ SANAYİ VE TİCARET A.Ş. - Kar Payı Dağıtım İşlemlerine İlişkin Bildirim,Kar Payı Dağıtım İşlemlerine İlişkin Bildirim Kar Payı Dağıtım Kararı Hk.,https://www.kap.org.tr/tr/Bildirim/1452763,tr,2025-06-27T15:46:48+00:00
2025-06-27,BAKAB,KAP,BAK AMBALAJ SANAYİ VE TİCARET A.Ş. - Genel Kurul İşlemlerine İlişkin Bildirim,Genel Kurul İşlemlerine İlişkin Bildirim Olağan Genel Kurul Toplantı Sonucu,https://www.kap.org.tr/tr/Bildirim/1452754,tr,2025-06-27T15:40:58+00:00
2025-06-27,BESLR,KAP,BESLER GIDA VE KİMYA SANAYİ VE TİCARET A.Ş. - Özel Durum Açıklaması (Genel),Özel Durum Açıklaması (Genel) Avrupa İnovasyon ve Teknoloji Enstitüsü'nden Alınan Proje Desteği Hakkında,https://www.kap.org.tr/tr/Bildirim/1452584,tr,2025-06-27T10:00:08+00:00
2025-06-27,BIGCH,KAP,BÜYÜK ŞEFLER GIDA TURİZM TEKSTİL DANIŞMANLIK ORGANİZASYON EĞİTİM SANAYİ VE TİCARET A.Ş. - Özel Durum Açıklaması (Genel),Özel Durum Açıklaması (Genel) Kahve Zinciri Markamızın İlk Şubesinin Faaliyete Geçmesi,https://www.kap.org.tr/tr/Bildirim/1452563,tr,2025-06-27T09:21:58+00:00
2025-06-27,BINHO,KAP,1000 YATIRIMLAR HOLDİNG A.Ş. - Özel Durum Açıklaması (Genel),Özel Durum Açıklaması (Genel) Yatırımlarımızdan Altay Yenilebilir Enerji Üretim ve Depolama A.Ş. Hakkında Bilgilendirme,https://www.kap.org.tr/tr/Bildirim/1452556,tr,2025-06-27T09:05:45+00:00
2025-06-27,BLS,KAP,BULLS YATIRIM MENKUL DEĞERLER A.Ş. - Pay Dışında Sermaye Piyasası Aracı İşlemlerine İlişkin Bildirim (Faiz İçeren),Pay Dışında Sermaye Piyasası Aracı İşlemlerine İlişkin Bildirim (Faiz İçeren) TRFBLLY62537 ISIN Kodlu Bononun İtfası,https://www.kap.org.tr/tr/Bildirim/1452772,tr,2025-06-27T16:03:54+00:00
2025-06-27,BLSMD,KAP,BULLS YATIRIM MENKUL DEĞERLER A.Ş. - Pay Dışında Sermaye Piyasası Aracı İşlemlerine İlişkin Bildirim (Faiz İçeren),Pay Dışında Sermaye Piyasası Aracı İşlemlerine İlişkin Bildirim (Faiz İçeren) TRFBLLY62537 ISIN Kodlu Bononun İtfası,https://www.kap.org.tr/tr/Bildirim/1452772,tr,2025-06-27T16:03:54+00:00
2025-06-27,BORLS,KAP,BORLEASE OTOMOTİV A.Ş. - Payların Geri Alınmasına İlişkin Bildirim,Payların Geri Alınmasına İlişkin Bildirim 27.06.2025 Tarihli Pay Geri Alım Bildirimi,https://www.kap.org.tr/tr/Bildirim/1452901,tr,2025-06-27T18:25:22+00:00
2025-06-27,BORLS,KAP,BORLEASE OTOMOTİV A.Ş. - Pay Dışında Sermaye Piyasası Aracı İşlemlerine İlişkin Bildirim (Faiz İçeren),Pay Dışında Sermaye Piyasası Aracı İşlemlerine İlişkin Bildirim (Faiz İçeren) TRFBORL62519 ISIN Kodlu Finansman Bonosunun İtfası,https://www.kap.org.tr/tr/Bildirim/1452801,tr,2025-06-27T17:11:19+00:00
2025-06-27,CAGFA,KAP,ÇAĞDAŞ FAKTORİNG A.Ş. - Pay Dışında Sermaye Piyasası Aracı İşlemlerine İlişkin Bildirim (Faiz İçeren),Pay Dışında Sermaye Piyasası Aracı İşlemlerine İlişkin Bildirim (Faiz İçeren) 1.Kupon Faiz Ödemesinin Gerçekleştirilmesi,https://www.kap.org.tr/tr/Bildirim/1452717,tr,2025-06-27T14:04:16+00:00
2025-06-27,CAGFA,KAP,ÇAĞDAŞ FAKTORİNG A.Ş. - Pay Dışında Sermaye Piyasası Aracı İşlemlerine İlişkin Bildirim (Faiz İçeren),Pay Dışında Sermaye Piyasası Aracı İşlemlerine İlişkin Bildirim (Faiz İçeren) 1.Kupon Faiz Oranının Belirlenmesi,https://www.kap.org.tr/tr/Bildirim/1452605,tr,2025-06-27T10:27:01+00:00
2025-06-27,CRDFA,KAP,CREDITWEST FAKTORİNG A.Ş. - İhraç Belgesi,İhraç Belgesi İHRAÇ BELGESİ,https://www.kap.org.tr/tr/Bildirim/1452702,tr,2025-06-27T13:15:24+00:00
2025-06-27,CVKMD,KAP,CVK MADEN İŞLETMELERİ SANAYİ VE TİCARET A.Ş. - Özel Durum Açıklaması (Genel),Özel Durum Açıklaması (Genel) Bağlı Ortaklığımız Hayri Ögelman Madencilik A.Ş.'nin Sivas Güneş Enerjisi Santrali (GES) Projesi Hk.,https://www.kap.org.tr/tr/Bildirim/1452817,tr,2025-06-27T17:40:19+00:00
2025-06-27,CWENE,KAP,CW ENERJİ MÜHENDİSLİK TİCARET VE SANAYİ A.Ş. - Yeni İş İlişkisi,Yeni İş İlişkisi Yeni İş İlişkisi Hk,https://www.kap.org.tr/tr/Bildirim/1452748,tr,2025-06-27T15:33:33+00:00
2025-06-27,DOGUB,KAP,DOĞUSAN BORU SANAYİ VE TİCARET A.Ş. - Özel Durum Açıklaması (Genel),Özel Durum Açıklaması (Genel) Genel Müdür Vekili Sn. Kenan ALKAN'ın izine ayrılması hk.,https://www.kap.org.tr/tr/Bildirim/1452785,tr,2025-06-27T16:54:47+00:00
2025-06-27,DURKN,KAP,DURUKAN ŞEKERLEME SANAYİ VE TİCARET A.Ş. - Kredi Derecelendirmesi,Kredi Derecelendirmesi Kredi Derecelendirme Notu Hk.,https://www.kap.org.tr/tr/Bildirim/1452753,tr,2025-06-27T15:36:58+00:00
2025-06-27,DYOBY,KAP,DYO BOYA FABRİKALARI SANAYİ VE TİCARET A.Ş. - Özel Durum Açıklaması (Genel),Özel Durum Açıklaması (Genel) Devam Etmekte Olan Toplu İş Sözleşmesi Görüşmelerine İlişkin Basın Açıklaması,https://www.kap.org.tr/tr/Bildirim/1452811,tr,2025-06-27T17:31:23+00:00
2025-06-27,EDATA,KAP,E-DATA TEKNOLOJİ PAZARLAMA A.Ş. - Yeni İş İlişkisi,Yeni İş İlişkisi Yeni İş İlişkisi Hakkında,https://www.kap.org.tr/tr/Bildirim/1452706,tr,2025-06-27T13:46:15+00:00
2025-06-27,EKTVK,KAP,EMLAK KATILIM VARLIK KİRALAMA A.Ş. - Pay Dışında Sermaye Piyasası Aracı İşlemlerine İlişkin Bildirim (Faizsiz),Pay Dışında Sermaye Piyasası Aracı İşlemlerine İlişkin Bildirim (Faizsiz) Şirketimiz Tarafından İhraç Edilmiş Olan TRDEVKS62513 ISIN Kodlu Kira Sertifikasının İtfası Hk. EKT,https://www.kap.org.tr/tr/Bildirim/1452773,tr,2025-06-27T16:04:04+00:00
2025-06-27,EKTVK,KAP,EMLAK KATILIM VARLIK KİRALAMA A.Ş. - Pay Dışında Sermaye Piyasası Aracı İşlemlerine İlişkin Bildirim (Faizsiz),Pay Dışında Sermaye Piyasası Aracı İşlemlerine İlişkin Bildirim (Faizsiz) Şirketimiz Tarafından İhraç Edilmiş Olan TRDEVKS62547 ISIN Kodlu Kira Sertifikasının İtfası Hk. EKT,https://www.kap.org.tr/tr/Bildirim/1452771,tr,2025-06-27T16:03:15+00:00
2025-06-27,EKTVK,KAP,EMLAK KATILIM VARLIK KİRALAMA A.Ş. - Pay Dışında Sermaye Piyasası Aracı İşlemlerine İlişkin Bildirim (Faizsiz),Pay Dışında Sermaye Piyasası Aracı İşlemlerine İlişkin Bildirim (Faizsiz) TRDEVKS82511 ISIN Kodlu Kira Sertifikasının 10.Dönemsel Kira Ödemesi Hk. EKT,https://www.kap.org.tr/tr/Bildirim/1452770,tr,2025-06-27T16:02:32+00:00
2025-06-27,EKTVK,KAP,EMLAK KATILIM VARLIK KİRALAMA A.Ş. - Pay Dışında Sermaye Piyasası Aracı İşlemlerine İlişkin Bildirim (Faizsiz),Pay Dışında Sermaye Piyasası Aracı İşlemlerine İlişkin Bildirim (Faizsiz) TRDEVKS72611 ISIN Kodlu Kira Sertifikası İhracının Tahsisli Satışının Tamamlanması Hk. EKT,https://www.kap.org.tr/tr/Bildirim/1452583,tr,2025-06-27T09:55:19+00:00
2025-06-27,EKTVK,KAP,EMLAK KATILIM VARLIK KİRALAMA A.Ş. - Pay Dışında Sermaye Piyasası Aracı İşlemlerine İlişkin Bildirim (Faizsiz),Pay Dışında Sermaye Piyasası Aracı İşlemlerine İlişkin Bildirim (Faizsiz) TRDEVKS92528 ISIN Kodlu Kira Sertifikası İhracının Nitelikli Yatırımcıya Satışının Tamamlanması Hk. EKT,https://www.kap.org.tr/tr/Bildirim/1452565,tr,2025-06-27T09:22:57+00:00
2025-06-27,EMVAR,KAP,EMLAK VARLIK KİRALAMA A.Ş. - Pay Dışında Sermaye Piyasası Aracı İşlemlerine İlişkin Bildirim (Faizsiz),Pay Dışında Sermaye Piyasası Aracı İşlemlerine İlişkin Bildirim (Faizsiz) Şirketimiz Tarafından İhraç Edilmiş Olan TRDEMVK62532 ISIN Kodlu Kira Sertifikasının İtfası Hk. YKFIN,https://www.kap.org.tr/tr/Bildirim/1452768,tr,2025-06-27T16:01:34+00:00
2025-06-27,ENDAE,KAP,ENDA ENERJİ HOLDİNG A.Ş. - Bağımsız Denetim Kuruluşunun Belirlenmesi,Bağımsız Denetim Kuruluşunun Belirlenmesi Bağımsız Denetim Kuruluşu seçiminin Genel Kurulca onaylanması,https://www.kap.org.tr/tr/Bildirim/1452767,tr,2025-06-27T15:58:52+00:00
2025-06-27,ENDAE,KAP,ENDA ENERJİ HOLDİNG A.Ş. - Kar Payı Dağıtım İşlemlerine İlişkin Bildirim,Kar Payı Dağıtım İşlemlerine İlişkin Bildirim Kar Payı Dağıtımına İlişkin Genel Kurul Kararı,https://www.kap.org.tr/tr/Bildirim/1452757,tr,2025-06-27T15:44:53+00:00
2025-06-27,ENDAE,KAP,ENDA ENERJİ HOLDİNG A.Ş. - Genel Kurul İşlemlerine İlişkin Bildirim,Genel Kurul İşlemlerine İlişkin Bildirim 2024 Yılı Olağan Genel Kurul Toplantı Sonucu Hakkında,https://www.kap.org.tr/tr/Bildirim/1452752,tr,2025-06-27T15:36:51+00:00
2025-06-27,EREGL,KAP,EREĞLİ DEMİR VE ÇELİK FABRİKALARI T.A.Ş. - Şirket Genel Bilgi Formu,Şirket Genel Bilgi Formu,https://www.kap.org.tr/tr/Bildirim/1452962,tr,2025-06-27T20:15:58+00:00
2025-06-27,EREGL,KAP,EREĞLİ DEMİR VE ÇELİK FABRİKALARI T.A.Ş. - Özel Durum Açıklaması (Genel),Özel Durum Açıklaması (Genel) Tüzel Kişi Yönetim Kurulu Üye Temsilcisi Değişikliği,https://www.kap.org.tr/tr/Bildirim/1452961,tr,2025-06-27T20:15:34+00:00
2025-06-27,ESCAR,KAP,ESCAR FİLO KİRALAMA HİZMETLERİ A.Ş. - Bağımsız Denetim Kuruluşunun Belirlenmesi,Bağımsız Denetim Kuruluşunun Belirlenmesi Sürdürülebilirlik Bağımsız Denetim Şirketi Seçimi,https://www.kap.org.tr/tr/Bildirim/1452946,tr,2025-06-27T19:46:50+00:00
2025-06-27,ETYAT,KAP,EURO TREND YATIRIM ORTAKLIĞI A.Ş. - Özel Durum Açıklaması (Genel),"Özel Durum Açıklaması (Genel) BİAŞ'da oluşan ağırlıklı ortalama fiyatın,pay başına net aktif değerin 2 katını aşması",https://www.kap.org.tr/tr/Bildirim/1452734,tr,2025-06-27T15:08:10+00:00
2025-06-27,EUKYO,KAP,EURO KAPİTAL YATIRIM ORTAKLIĞI A.Ş. - Özel Durum Açıklaması (Genel),"Özel Durum Açıklaması (Genel) BİAŞ'da oluşan ağırlıklı ortalama fiyatın,pay başına net aktif değerin 2 katını aşması",https://www.kap.org.tr/tr/Bildirim/1452737,tr,2025-06-27T15:08:58+00:00
2025-06-27,EUREN,KAP,EUROPEN ENDÜSTRİ İNŞAAT SANAYİ VE TİCARET A.Ş. - Bağımsız Denetim Kuruluşunun Belirlenmesi,Bağımsız Denetim Kuruluşunun Belirlenmesi Bağımsız Denetim Şirketi Seçiminin Tescil ve İlanı,https://www.kap.org.tr/tr/Bildirim/1452854,tr,2025-06-27T18:09:09+00:00
2025-06-27,EUYO,KAP,EURO MENKUL KIYMET YATIRIM ORTAKLIĞI A.Ş. - Özel Durum Açıklaması (Genel),"Özel Durum Açıklaması (Genel) BİAŞ'da oluşan ağırlıklı ortalama fiyatın,pay başına net aktif değerin 2 katını aşması",https://www.kap.org.tr/tr/Bildirim/1452731,tr,2025-06-27T15:07:27+00:00
2025-06-27,FENER,KAP,FENERBAHÇE FUTBOL A.Ş. - Sermaye Artırımı - Azaltımı İşlemlerine İlişkin Bildirim,Sermaye Artırımı - Azaltımı İşlemlerine İlişkin Bildirim Bedelli Sermaye Artırımına İlişkin Yeni Pay Alma Hakkı Kullanım Tarihleri,https://www.kap.org.tr/tr/Bildirim/1452776,tr,2025-06-27T16:22:03+00:00
2025-06-27,FIN,KAP,QNB BANK A.Ş. - Pay Dışında Sermaye Piyasası Aracı İşlemlerine İlişkin Bildirim (Faiz İçeren),Pay Dışında Sermaye Piyasası Aracı İşlemlerine İlişkin Bildirim (Faiz İçeren) MTN programı kapsamında yurtdışında ihraç edilen borçlanma aracının ihracı,https://www.kap.org.tr/tr/Bildirim/1452719,tr,2025-06-27T14:16:02+00:00
2025-06-27,FIN,KAP,QNB BANK A.Ş. - Pay Dışında Sermaye Piyasası Aracı İşlemlerine İlişkin Bildirim (Faiz İçeren),Pay Dışında Sermaye Piyasası Aracı İşlemlerine İlişkin Bildirim (Faiz İçeren) MTN programı kapsamında yurtdışında ihraç edilen borçlanma aracının itfası,https://www.kap.org.tr/tr/Bildirim/1452718,tr,2025-06-27T14:15:47+00:00
2025-06-27,GLCVY,KAP,GELECEK VARLIK YÖNETİMİ A.Ş. - Özel Durum Açıklaması (Genel),"Özel Durum Açıklaması (Genel) İhale sonrası Devir ve Temlik İşlemlerinin tamamlanması hk. GARAN, TGB",https://www.kap.org.tr/tr/Bildirim/1452976,tr,2025-06-27T21:53:52+00:00
2025-06-27,GRNYO,KAP,GARANTİ YATIRIM ORTAKLIĞI A.Ş. - Özel Durum Açıklaması (Genel),"Özel Durum Açıklaması (Genel) Paylarının BİAŞ'ta oluşan ağırlıklı ortalama fiyatının, pay başına net aktif değerinin 2 katını aşması hakkında.",https://www.kap.org.tr/tr/Bildirim/1452602,tr,2025-06-27T10:21:31+00:00
2025-06-27,GZNMI,KAP,GEZİNOMİ SEYAHAT TURİZM TİCARET A.Ş. - Pay Dışında Sermaye Piyasası Aracı İşlemlerine İlişkin Bildirim (Faiz İçeren),Pay Dışında Sermaye Piyasası Aracı İşlemlerine İlişkin Bildirim (Faiz İçeren) Finansman Bonosu İhracına İlişkin Nitelikli Yatırımcıya Satışın Tamamlanması,https://www.kap.org.tr/tr/Bildirim/1452730,tr,2025-06-27T15:03:51+00:00
2025-06-27,GZNMI,KAP,GEZİNOMİ SEYAHAT TURİZM TİCARET A.Ş. - Pay Dışında Sermaye Piyasası Aracı İşlemlerine İlişkin Bildirim (Faiz İçeren),Pay Dışında Sermaye Piyasası Aracı İşlemlerine İlişkin Bildirim (Faiz İçeren) Talep Toplama,https://www.kap.org.tr/tr/Bildirim/1452615,tr,2025-06-27T10:39:58+00:00
2025-06-27,HDFVK,KAP,HEDEF VARLIK KİRALAMA A.Ş. - Pay Dışında Sermaye Piyasası Aracı İşlemlerine İlişkin Bildirim (Faizsiz),Pay Dışında Sermaye Piyasası Aracı İşlemlerine İlişkin Bildirim (Faizsiz) Yurt İçi Kira Sertifikası İhracı Nitelikli Yatırımcıya Satışın Tamamlanması Hk.,https://www.kap.org.tr/tr/Bildirim/1452604,tr,2025-06-27T10:23:07+00:00
2025-06-27,HDFYB,KAP,HEDEF YATIRIM BANKASI A.Ş. - Kredi Derecelendirmesi,Kredi Derecelendirmesi JCR Eurasia Rating Kredi Derecelendirme Notu,https://www.kap.org.tr/tr/Bildirim/1452933,tr,2025-06-27T19:09:20+00:00
2025-06-27,HDFYB,KAP,HEDEF YATIRIM BANKASI A.Ş. - Kredi Derecelendirmesi,Kredi Derecelendirmesi JCR Eurasia Rating Kredi Derecelendirme Notu,https://www.kap.org.tr/tr/Bildirim/1452929,tr,2025-06-27T18:58:14+00:00
2025-06-27,HLGYO,KAP,HALK GAYRİMENKUL YATIRIM ORTAKLIĞI A.Ş. - Maddi Duran Varlık Satımı,Maddi Duran Varlık Satımı Arsa satışı hk.,https://www.kap.org.tr/tr/Bildirim/1452923,tr,2025-06-27T18:46:16+00:00
2025-06-27,HLGYO,KAP,HALK GAYRİMENKUL YATIRIM ORTAKLIĞI A.Ş. - Maddi Duran Varlık Satımı,Maddi Duran Varlık Satımı İzmir Konak-1 Binasının Satışı Hk.,https://www.kap.org.tr/tr/Bildirim/1452922,tr,2025-06-27T18:45:54+00:00
2025-06-27,HLGYO,KAP,HALK GAYRİMENKUL YATIRIM ORTAKLIĞI A.Ş. - Değerleme Raporu,Değerleme Raporu Kocaeli Şekerpınar A Blok Binası 2025 İlk Yarı Yıl Dönemi Değerleme Raporu,https://www.kap.org.tr/tr/Bildirim/1452894,tr,2025-06-27T18:21:00+00:00
2025-06-27,HLGYO,KAP,HALK GAYRİMENKUL YATIRIM ORTAKLIĞI A.Ş. - Değerleme Raporu,Değerleme Raporu Bursa Binası 2025 İlk Yarı Yıl Dönemi Değerleme Raporu,https://www.kap.org.tr/tr/Bildirim/1452892,tr,2025-06-27T18:20:47+00:00
2025-06-27,HLGYO,KAP,HALK GAYRİMENKUL YATIRIM ORTAKLIĞI A.Ş. - Değerleme Raporu,Değerleme Raporu Adapazarı Binası 2025 İlk Yarı Yıl Dönemi Değerleme Raporu,https://www.kap.org.tr/tr/Bildirim/1452891,tr,2025-06-27T18:20:33+00:00
2025-06-27,HLGYO,KAP,HALK GAYRİMENKUL YATIRIM ORTAKLIĞI A.Ş. - Değerleme Raporu,Değerleme Raporu İstanbul Fatih Binası 2025 İlk Yarı Yıl Dönemi Değerleme Raporu,https://www.kap.org.tr/tr/Bildirim/1452888,tr,2025-06-27T18:20:15+00:00
2025-06-27,HLGYO,KAP,HALK GAYRİMENKUL YATIRIM ORTAKLIĞI A.Ş. - Değerleme Raporu,Değerleme Raporu İstanbul Salıpazarı Otel 2025 İlk Yarı Yıl Dönemi Değerleme Raporu,https://www.kap.org.tr/tr/Bildirim/1452886,tr,2025-06-27T18:20:01+00:00
2025-06-27,HLGYO,KAP,HALK GAYRİMENKUL YATIRIM ORTAKLIĞI A.Ş. - Değerleme Raporu,Değerleme Raporu İstanbul Caddebostan Binası 2025 İlk Yarı Yıl Dönemi Değerleme Raporu,https://www.kap.org.tr/tr/Bildirim/1452885,tr,2025-06-27T18:19:45+00:00
2025-06-27,HLGYO,KAP,HALK GAYRİMENKUL YATIRIM ORTAKLIĞI A.Ş. - Değerleme Raporu,Değerleme Raporu İstanbul Ataköy Binası 2025 İlk Yarı Yıl Dönemi Değerleme Raporu,https://www.kap.org.tr/tr/Bildirim/1452883,tr,2025-06-27T18:19:26+00:00
2025-06-27,HLGYO,KAP,HALK GAYRİMENKUL YATIRIM ORTAKLIĞI A.Ş. - Değerleme Raporu,Değerleme Raporu Ankara Başkent Binası 2025 İlk Yarı Yıl Dönemi Değerleme Raporu,https://www.kap.org.tr/tr/Bildirim/1452880,tr,2025-06-27T18:19:12+00:00
2025-06-27,HLGYO,KAP,HALK GAYRİMENKUL YATIRIM ORTAKLIĞI A.Ş. - Değerleme Raporu,Değerleme Raporu Ankara Bahçelievler-1 Binası 2025 İlk Yarı Yıl Dönemi Değerleme Raporu,https://www.kap.org.tr/tr/Bildirim/1452879,tr,2025-06-27T18:18:57+00:00
2025-06-27,HYB,KAP,HEDEF YATIRIM BANKASI A.Ş. - Kredi Derecelendirmesi,Kredi Derecelendirmesi JCR Eurasia Rating Kredi Derecelendirme Notu,https://www.kap.org.tr/tr/Bildirim/1452933,tr,2025-06-27T19:09:20+00:00
2025-06-27,HYB,KAP,HEDEF YATIRIM BANKASI A.Ş. - Kredi Derecelendirmesi,Kredi Derecelendirmesi JCR Eurasia Rating Kredi Derecelendirme Notu,https://www.kap.org.tr/tr/Bildirim/1452929,tr,2025-06-27T18:58:14+00:00
2025-06-27,ICUGS,KAP,ICU GİRİŞİM SERMAYESİ YATIRIM ORTAKLIĞI A.Ş. - Finansal Duran Varlık Edinimi,Finansal Duran Varlık Edinimi Organik Tarım Sektöründe Faaliyet Gösteren Anonim Şirket Statüsündeki İşletmeye İştirak Edilmesi,https://www.kap.org.tr/tr/Bildirim/1452938,tr,2025-06-27T19:16:32+00:00
2025-06-27,ICUGS,KAP,ICU GİRİŞİM SERMAYESİ YATIRIM ORTAKLIĞI A.Ş. - Şirket Genel Bilgi Formu,Şirket Genel Bilgi Formu,https://www.kap.org.tr/tr/Bildirim/1452917,tr,2025-06-27T18:37:31+00:00
2025-06-27,ICUGS,KAP,ICU GİRİŞİM SERMAYESİ YATIRIM ORTAKLIĞI A.Ş. - Özel Durum Açıklaması (Genel),Özel Durum Açıklaması (Genel) Üst Düzey Yöneticlerin Görevlerinden Ayrılması,https://www.kap.org.tr/tr/Bildirim/1452889,tr,2025-06-27T18:20:27+00:00
2025-06-27,INFO,KAP,İNFO YATIRIM MENKUL DEĞERLER A.Ş. - Yatırım Kuruluşu Varant - Sertifika - Senetlerine İlişkin Bildirim,Yatırım Kuruluşu Varant - Sertifika - Senetlerine İlişkin Bildirim Yatırım Kuruluşu Varantları İlk Satış Fiyatları,https://www.kap.org.tr/tr/Bildirim/1452812,tr,2025-06-27T17:35:54+00:00
2025-06-27,INVES,KAP,INVESTCO HOLDİNG A.Ş. - Özel Durum Açıklaması (Genel),Özel Durum Açıklaması (Genel) Grup Bünyesinde İstihdam Edilen Toplam Personel Sayısı Hakkında VERUS,https://www.kap.org.tr/tr/Bildirim/1452949,tr,2025-06-27T19:48:47+00:00
2025-06-27,INVES,KAP,INVESTCO HOLDİNG A.Ş. - Payların Geri Alınmasına İlişkin Bildirim,Payların Geri Alınmasına İlişkin Bildirim Pay Geri Alım İşlemleri Hk.,https://www.kap.org.tr/tr/Bildirim/1452924,tr,2025-06-27T18:46:58+00:00
2025-06-27,ISDMR,KAP,İSKENDERUN DEMİR VE ÇELİK A.Ş. - Şirket Genel Bilgi Formu,Şirket Genel Bilgi Formu,https://www.kap.org.tr/tr/Bildirim/1452964,tr,2025-06-27T20:17:30+00:00
2025-06-27,ISDMR,KAP,İSKENDERUN DEMİR VE ÇELİK A.Ş. - Özel Durum Açıklaması (Genel),Özel Durum Açıklaması (Genel) Tüzel Kişi Yönetim Kurulu Üye Temsilcisi Değişikliği,https://www.kap.org.tr/tr/Bildirim/1452963,tr,2025-06-27T20:16:53+00:00
2025-06-27,ISMEN,KAP,İŞ YATIRIM MENKUL DEĞERLER A.Ş. - Piyasa Yapıcılığı Kapsamında Gerçekleştirilen İşlemler Bildirimi,Piyasa Yapıcılığı Kapsamında Gerçekleştirilen İşlemler Bildirimi Borsa Yatırım Fonu Piyasa Yapıcılığı İşlemleri ISGLK,https://www.kap.org.tr/tr/Bildirim/1452666,tr,2025-06-27T11:06:18+00:00
2025-06-27,ISMEN,KAP,İŞ YATIRIM MENKUL DEĞERLER A.Ş. - Yatırım Kuruluşu Varant - Sertifika - Senetlerine İlişkin Bildirim,Yatırım Kuruluşu Varant - Sertifika - Senetlerine İlişkin Bildirim İş Yatırım Sertifika ve Varant Alım Satım İşlemleri,https://www.kap.org.tr/tr/Bildirim/1452665,tr,2025-06-27T11:05:41+00:00
2025-06-27,ISYAT,KAP,İŞ YATIRIM ORTAKLIĞI A.Ş. - Özel Durum Açıklaması (Genel),"Özel Durum Açıklaması (Genel) Ortaklık paylarının BİAŞ'ta oluşan ağırlıklı ortalama fiyatının, pay başına net aktif değerinin 2 katını aşması hakkında",https://www.kap.org.tr/tr/Bildirim/1452720,tr,2025-06-27T14:36:06+00:00
2025-06-27,IYF,KAP,İNFO YATIRIM MENKUL DEĞERLER A.Ş. - Yatırım Kuruluşu Varant - Sertifika - Senetlerine İlişkin Bildirim,Yatırım Kuruluşu Varant - Sertifika - Senetlerine İlişkin Bildirim Yatırım Kuruluşu Varantları İlk Satış Fiyatları,https://www.kap.org.tr/tr/Bildirim/1452812,tr,2025-06-27T17:35:54+00:00
2025-06-27,IYM,KAP,İŞ YATIRIM MENKUL DEĞERLER A.Ş. - Piyasa Yapıcılığı Kapsamında Gerçekleştirilen İşlemler Bildirimi,Piyasa Yapıcılığı Kapsamında Gerçekleştirilen İşlemler Bildirimi Borsa Yatırım Fonu Piyasa Yapıcılığı İşlemleri ISGLK,https://www.kap.org.tr/tr/Bildirim/1452666,tr,2025-06-27T11:06:18+00:00
2025-06-27,IYM,KAP,İŞ YATIRIM MENKUL DEĞERLER A.Ş. - Yatırım Kuruluşu Varant - Sertifika - Senetlerine İlişkin Bildirim,Yatırım Kuruluşu Varant - Sertifika - Senetlerine İlişkin Bildirim İş Yatırım Sertifika ve Varant Alım Satım İşlemleri,https://www.kap.org.tr/tr/Bildirim/1452665,tr,2025-06-27T11:05:41+00:00
2025-06-27,IZMDC,KAP,İZMİR DEMİR ÇELİK SANAYİ A.Ş. - Bağımsız Denetim Kuruluşunun Belirlenmesi,Bağımsız Denetim Kuruluşunun Belirlenmesi Bağımsız Denetim Şirketi Seçiminin Tescil ve İlanı,https://www.kap.org.tr/tr/Bildirim/1452581,tr,2025-06-27T09:48:14+00:00
2025-06-27,IZMDC,KAP,İZMİR DEMİR ÇELİK SANAYİ A.Ş. - Genel Kurul İşlemlerine İlişkin Bildirim,Genel Kurul İşlemlerine İlişkin Bildirim 2024 Yılına Ait Olağan Genel Kurul Toplantısı Sonuçlarının Tescil ve İlanı,https://www.kap.org.tr/tr/Bildirim/1452580,tr,2025-06-27T09:46:42+00:00
2025-06-27,KATVK,KAP,KATILIM VARLIK KİRALAMA A.Ş. - Tertip İhraç Belgesi,"Tertip İhraç Belgesi Tertip İhraç Belgesi (Nitelikli, 500.000.000 TL) KARSN",https://www.kap.org.tr/tr/Bildirim/1452765,tr,2025-06-27T15:49:15+00:00
2025-06-27,KFEIN,KAP,KAFEİN YAZILIM HİZMETLERİ TİCARET A.Ş. - Özel Durum Açıklaması (Genel),Özel Durum Açıklaması (Genel) Şirketimizin YTÜ Yıldızlararası Teknoloji Ödüllerinde Birincilik Ödülü Kazanması Hk.,https://www.kap.org.tr/tr/Bildirim/1452973,tr,2025-06-27T20:57:45+00:00
2025-06-27,KFEIN,KAP,KAFEİN YAZILIM HİZMETLERİ TİCARET A.Ş. - Sermaye Artırımı - Azaltımı İşlemlerine İlişkin Bildirim,Sermaye Artırımı - Azaltımı İşlemlerine İlişkin Bildirim Tadil Metni Revizyonu,https://www.kap.org.tr/tr/Bildirim/1452896,tr,2025-06-27T18:21:18+00:00
2025-06-27,KOCFN,KAP,KOÇ FİNANSMAN A.Ş. - Pay Dışında Sermaye Piyasası Aracı İşlemlerine İlişkin Bildirim (Faiz İçeren),Pay Dışında Sermaye Piyasası Aracı İşlemlerine İlişkin Bildirim (Faiz İçeren) TRSKCTF72614 ISIN Kodlu Tahvil ihracı,https://www.kap.org.tr/tr/Bildirim/1452558,tr,2025-06-27T09:15:57+00:00
2025-06-27,KOCMT,KAP,KOÇ METALURJİ A.Ş. - Genel Kurul İşlemlerine İlişkin Bildirim,Genel Kurul İşlemlerine İlişkin Bildirim 2024 Yılına Ait Olağan Genel Kurul Toplantı Çağrısı,https://www.kap.org.tr/tr/Bildirim/1452865,tr,2025-06-27T18:14:11+00:00
2025-06-27,KRSTL,KAP,KRİSTAL KOLA VE MEŞRUBAT SANAYİ TİCARET A.Ş. - Pay Alım Satım Bildirimi,Pay Alım Satım Bildirimi Kristal Gıda Dağıtım ve Paz.San.ve Tic.A.Ş. Pay Alım Bildirimi Hk.,https://www.kap.org.tr/tr/Bildirim/1452927,tr,2025-06-27T18:51:02+00:00
2025-06-27,KRSTL,KAP,KRİSTAL KOLA VE MEŞRUBAT SANAYİ TİCARET A.Ş. - Genel Kurul İşlemlerine İlişkin Bildirim,Genel Kurul İşlemlerine İlişkin Bildirim 25/06/2025 tarihinde asgari toplantı nisabının sağlanamaması nedeni ile ertelenen 2024 yılı Olağan Genel Kurul 2.Toplantısının Yapılmasına İlişkin Yönetim Kurulu Kararı,https://www.kap.org.tr/tr/Bildirim/1452911,tr,2025-06-27T18:30:18+00:00
2025-06-27,KUTPO,KAP,KÜTAHYA PORSELEN SANAYİ A.Ş. - Bağımsız Denetim Kuruluşunun Belirlenmesi,Bağımsız Denetim Kuruluşunun Belirlenmesi Sürdürülebilirlik Bağımsız Denetim Şirketi Seçimi,https://www.kap.org.tr/tr/Bildirim/1452726,tr,2025-06-27T14:53:13+00:00
2025-06-27,KZBGY,KAP,KIZILBÜK GAYRİMENKUL YATIRIM ORTAKLIĞI A.Ş. - Özel Durum Açıklaması (Genel),Özel Durum Açıklaması (Genel) Muğla 2. İdare Mahkemesi 2025/789 Nolu Kararı (ÇED Olumlu Kararına İptal Talebine Red Kararı),https://www.kap.org.tr/tr/Bildirim/1452746,tr,2025-06-27T15:24:55+00:00
2025-06-27,KZGYO,KAP,KUZUGRUP GAYRİMENKUL YATIRIM ORTAKLIĞI A.Ş. - Özel Durum Açıklaması (Genel),Özel Durum Açıklaması (Genel) 2025 Yılı Sürdürülebilirlik Bağımsız Denetim Şirketi Seçimi,https://www.kap.org.tr/tr/Bildirim/1452711,tr,2025-06-27T13:51:48+00:00
2025-06-27,KZGYO,KAP,KUZUGRUP GAYRİMENKUL YATIRIM ORTAKLIĞI A.Ş. - Bağımsız Denetim Kuruluşunun Belirlenmesi,Bağımsız Denetim Kuruluşunun Belirlenmesi 2025 Yılı Bağımsız Denetim Şirketi Seçimi,https://www.kap.org.tr/tr/Bildirim/1452710,tr,2025-06-27T13:51:02+00:00
2025-06-27,KZGYO,KAP,KUZUGRUP GAYRİMENKUL YATIRIM ORTAKLIĞI A.Ş. - Kar Payı Dağıtım İşlemlerine İlişkin Bildirim,Kar Payı Dağıtım İşlemlerine İlişkin Bildirim Yönetim Kurulunun Kar Dağıtım Önerisinin Genel Kurulda Onaylanması,https://www.kap.org.tr/tr/Bildirim/1452709,tr,2025-06-27T13:50:18+00:00
2025-06-27,KZGYO,KAP,KUZUGRUP GAYRİMENKUL YATIRIM ORTAKLIĞI A.Ş. - Genel Kurul İşlemlerine İlişkin Bildirim,Genel Kurul İşlemlerine İlişkin Bildirim 2024 Olağan Genel Kurul Sonucu,https://www.kap.org.tr/tr/Bildirim/1452703,tr,2025-06-27T13:28:34+00:00
2025-06-27,LINK,KAP,LİNK BİLGİSAYAR SİSTEMLERİ YAZILIMI VE DONANIMI SANAYİ VE TİCARET A.Ş. - Yeni İş İlişkisi,Yeni İş İlişkisi Sözleşme İmzalanması Hk.,https://www.kap.org.tr/tr/Bildirim/1452572,tr,2025-06-27T09:30:12+00:00
2025-06-27,LKMNH,KAP,LOKMAN HEKİM ENGÜRÜSAĞ SAĞLIK TURİZM EĞİTİM HİZMETLERİ VE İNŞAAT TAAHHÜT A.Ş. - Payların Geri Alınmasına İlişkin Bildirim,Payların Geri Alınmasına İlişkin Bildirim Hisse Geri Alımı,https://www.kap.org.tr/tr/Bildirim/1452926,tr,2025-06-27T18:48:33+00:00
2025-06-27,MAGEN,KAP,MARGÜN ENERJİ ÜRETİM SANAYİ VE TİCARET A.Ş. - Sermaye Artırımı - Azaltımı İşlemlerine İlişkin Bildirim,Sermaye Artırımı - Azaltımı İşlemlerine İlişkin Bildirim Bedelsiz Sermaye Artırımına İlişkin Yönetim Kurulu Kararı,https://www.kap.org.tr/tr/Bildirim/1452677,tr,2025-06-27T11:49:59+00:00
2025-06-27,MAKIM,KAP,MAKİM MAKİNA TEKNOLOJİLERİ SANAYİ VE TİCARET A.Ş. - Yatırımcı Raporu,Yatırımcı Raporu Yatırımcı Raporu,https://www.kap.org.tr/tr/Bildirim/1452858,tr,2025-06-27T18:11:46+00:00
2025-06-27,MAVI,KAP,MAVİ GİYİM SANAYİ VE TİCARET A.Ş. - Payların Geri Alınmasına İlişkin Bildirim,Payların Geri Alınmasına İlişkin Bildirim 27.06.2025 Tarihli Pay Geri Alım İşlemleri,https://www.kap.org.tr/tr/Bildirim/1452954,tr,2025-06-27T19:58:16+00:00
2025-06-27,MEKAG,KAP,MEKA GLOBAL MAKİNE İMALAT SANAYİ VE TİCARET A.Ş. - Sermaye Artırımı - Azaltımı İşlemlerine İlişkin Bildirim,Sermaye Artırımı - Azaltımı İşlemlerine İlişkin Bildirim Bedelsiz Sermaye Artırımı (İç Kaynak Dağılımının Değişmesi) Hk.,https://www.kap.org.tr/tr/Bildirim/1452855,tr,2025-06-27T18:10:21+00:00
2025-06-27,MERCN,KAP,MERCAN KİMYA SANAYİ VE TİCARET A.Ş. - Özel Durum Açıklaması (Genel),Özel Durum Açıklaması (Genel) ARGE Çalışması ve Ürün Geliştirme,https://www.kap.org.tr/tr/Bildirim/1452872,tr,2025-06-27T18:16:28+00:00
2025-06-27,MHRGY,KAP,MHR GAYRİMENKUL YATIRIM ORTAKLIĞI A.Ş. - Payların Geri Alınmasına İlişkin Bildirim,Payların Geri Alınmasına İlişkin Bildirim Payların Geri Alınmasına İlişkin Bildirim,https://www.kap.org.tr/tr/Bildirim/1452972,tr,2025-06-27T20:45:07+00:00
2025-06-27,MNGFA,KAP,MNG FAKTORİNG A.Ş. - İhraç Tavanına İlişkin Bildirim,İhraç Tavanına İlişkin Bildirim Borçlanma Araçlarına İlişkin İhraç Tavanı İçin Kurul'a Başvuru Yapılması,https://www.kap.org.tr/tr/Bildirim/1452780,tr,2025-06-27T16:38:31+00:00
2025-06-27,MOPAS,KAP,MOPAŞ MARKETÇİLİK GIDA SANAYİ VE TİCARET A.Ş. - Özel Durum Açıklaması (Genel),Özel Durum Açıklaması (Genel) Yeni Mağaza Açılışı,https://www.kap.org.tr/tr/Bildirim/1452741,tr,2025-06-27T15:19:21+00:00
2025-06-27,MRGYO,KAP,MARTI GAYRİMENKUL YATIRIM ORTAKLIĞI A.Ş. - Bağımsız Denetim Kuruluşunun Belirlenmesi,Bağımsız Denetim Kuruluşunun Belirlenmesi Bağımsız Denetim Şirketi Seçimi Hakkında,https://www.kap.org.tr/tr/Bildirim/1452953,tr,2025-06-27T19:55:50+00:00
2025-06-27,MRGYO,KAP,MARTI GAYRİMENKUL YATIRIM ORTAKLIĞI A.Ş. - Genel Kurul İşlemlerine İlişkin Bildirim,Genel Kurul İşlemlerine İlişkin Bildirim Olağan Genel Kurul Çağrı İlanı,https://www.kap.org.tr/tr/Bildirim/1452952,tr,2025-06-27T19:54:36+00:00
2025-06-27,MSGYO,KAP,MİSTRAL GAYRİMENKUL YATIRIM ORTAKLIĞI A.Ş. - Özel Durum Açıklaması (Genel),Özel Durum Açıklaması (Genel) Kumsal Boyalık Projesi Yapı Kullanma İzin Belgesi Hk.,https://www.kap.org.tr/tr/Bildirim/1452984,tr,2025-06-27T22:57:13+00:00
2025-06-27,NTHOL,KAP,NET HOLDİNG A.Ş. - Payların Geri Alınmasına İlişkin Bildirim,Payların Geri Alınmasına İlişkin Bildirim Şirketimizin kendi paylarının geri alımı hakkında,https://www.kap.org.tr/tr/Bildirim/1452876,tr,2025-06-27T18:16:54+00:00
2025-06-27,OYA,KAP,OYAK YATIRIM MENKUL DEĞERLER A.Ş. - Piyasa Yapıcılığı Kapsamında Gerçekleştirilen İşlemler Bildirimi,Piyasa Yapıcılığı Kapsamında Gerçekleştirilen İşlemler Bildirimi 27/06/2025 TARİHLİ OYAYO PİYASA YAPICILIĞI İŞLEMLERİ OYAYO,https://www.kap.org.tr/tr/Bildirim/1452914,tr,2025-06-27T18:33:34+00:00
2025-06-27,OYA,KAP,OYAK YATIRIM MENKUL DEĞERLER A.Ş. - Pay Dışında Sermaye Piyasası Aracı İşlemlerine İlişkin Bildirim (Faiz İçeren),Pay Dışında Sermaye Piyasası Aracı İşlemlerine İlişkin Bildirim (Faiz İçeren) TRFOYMD62535 Finansman Bono İtfası,https://www.kap.org.tr/tr/Bildirim/1452870,tr,2025-06-27T18:16:08+00:00
2025-06-27,OYA,KAP,OYAK YATIRIM MENKUL DEĞERLER A.Ş. - Pay Dışında Sermaye Piyasası Aracı İşlemlerine İlişkin Bildirim (Faiz İçeren),Pay Dışında Sermaye Piyasası Aracı İşlemlerine İlişkin Bildirim (Faiz İçeren) TRFOYMD62543 Finansman Bono İtfası,https://www.kap.org.tr/tr/Bildirim/1452868,tr,2025-06-27T18:15:55+00:00
2025-06-27,OYA,KAP,OYAK YATIRIM MENKUL DEĞERLER A.Ş. - Pay Dışında Sermaye Piyasası Aracı İşlemlerine İlişkin Bildirim (Faiz İçeren),Pay Dışında Sermaye Piyasası Aracı İşlemlerine İlişkin Bildirim (Faiz İçeren) TRFOYMD92516 Finansman Bonosu İhracı,https://www.kap.org.tr/tr/Bildirim/1452557,tr,2025-06-27T09:08:17+00:00
2025-06-27,OYAYO,KAP,OYAK YATIRIM ORTAKLIĞI A.Ş. - Özel Durum Açıklaması (Genel),"Özel Durum Açıklaması (Genel) Ortaklık paylarının BİAŞ'ta oluşan ağırlıklı ortalama fiyatının, pay başına net aktif değerinin 2 katını aşması hakkında",https://www.kap.org.tr/tr/Bildirim/1452664,tr,2025-06-27T11:01:53+00:00
2025-06-27,OYYAT,KAP,OYAK YATIRIM MENKUL DEĞERLER A.Ş. - Piyasa Yapıcılığı Kapsamında Gerçekleştirilen İşlemler Bildirimi,Piyasa Yapıcılığı Kapsamında Gerçekleştirilen İşlemler Bildirimi 27/06/2025 TARİHLİ OYAYO PİYASA YAPICILIĞI İŞLEMLERİ OYAYO,https://www.kap.org.tr/tr/Bildirim/1452914,tr,2025-06-27T18:33:34+00:00
2025-06-27,OYYAT,KAP,OYAK YATIRIM MENKUL DEĞERLER A.Ş. - Pay Dışında Sermaye Piyasası Aracı İşlemlerine İlişkin Bildirim (Faiz İçeren),Pay Dışında Sermaye Piyasası Aracı İşlemlerine İlişkin Bildirim (Faiz İçeren) TRFOYMD62535 Finansman Bono İtfası,https://www.kap.org.tr/tr/Bildirim/1452870,tr,2025-06-27T18:16:08+00:00
2025-06-27,OYYAT,KAP,OYAK YATIRIM MENKUL DEĞERLER A.Ş. - Pay Dışında Sermaye Piyasası Aracı İşlemlerine İlişkin Bildirim (Faiz İçeren),Pay Dışında Sermaye Piyasası Aracı İşlemlerine İlişkin Bildirim (Faiz İçeren) TRFOYMD62543 Finansman Bono İtfası,https://www.kap.org.tr/tr/Bildirim/1452868,tr,2025-06-27T18:15:55+00:00
2025-06-27,OYYAT,KAP,OYAK YATIRIM MENKUL DEĞERLER A.Ş. - Pay Dışında Sermaye Piyasası Aracı İşlemlerine İlişkin Bildirim (Faiz İçeren),Pay Dışında Sermaye Piyasası Aracı İşlemlerine İlişkin Bildirim (Faiz İçeren) TRFOYMD92516 Finansman Bonosu İhracı,https://www.kap.org.tr/tr/Bildirim/1452557,tr,2025-06-27T09:08:17+00:00
2025-06-27,OZRDN,KAP,ÖZERDEN AMBALAJ SANAYİ A.Ş. - Bağımsız Denetim Kuruluşunun Belirlenmesi,Bağımsız Denetim Kuruluşunun Belirlenmesi Bağımsız Denetim Şirketi Seçiminin Tescil ve İlanı,https://www.kap.org.tr/tr/Bildirim/1452701,tr,2025-06-27T13:14:02+00:00
2025-06-27,OZRDN,KAP,ÖZERDEN AMBALAJ SANAYİ A.Ş. - Genel Kurul İşlemlerine İlişkin Bildirim,Genel Kurul İşlemlerine İlişkin Bildirim 2024 Yılına Ait Olağan Genel Kurul Toplantısı Sonuçlarının Tescil ve İlanı,https://www.kap.org.tr/tr/Bildirim/1452700,tr,2025-06-27T13:02:19+00:00
2025-06-27,PCILT,KAP,PC İLETİŞİM VE MEDYA HİZMETLERİ SANAYİ TİCARET A.Ş. - Payların Geri Alınmasına İlişkin Bildirim,Payların Geri Alınmasına İlişkin Bildirim 26.06.2025 Tarihli Pay Geri Alım İşlemleri,https://www.kap.org.tr/tr/Bildirim/1452548,tr,2025-06-27T00:33:29+00:00
2025-06-27,PNLSN,KAP,PANELSAN ÇATI CEPHE SİSTEMLERİ SANAYİ VE TİCARET A.Ş. - Payların Geri Alınmasına İlişkin Bildirim,Payların Geri Alınmasına İlişkin Bildirim Payların Geri Alınması İşlemlerine İilşkin Bildirim hk.,https://www.kap.org.tr/tr/Bildirim/1452968,tr,2025-06-27T20:27:30+00:00
2025-06-27,POLHO,KAP,POLİSAN HOLDİNG A.Ş. - Özel Durum Açıklaması (Genel),Özel Durum Açıklaması (Genel) Şirket çoğunluk paylarının satışı hakkında hisse devir sözleşmesi imzalanması,https://www.kap.org.tr/tr/Bildirim/1452981,tr,2025-06-27T22:44:06+00:00
2025-06-27,POLHO,KAP,POLİSAN HOLDİNG A.Ş. - Esas Sözleşme,Esas Sözleşme Esas Sözleşme,https://www.kap.org.tr/tr/Bildirim/1452934,tr,2025-06-27T19:10:30+00:00
2025-06-27,POLHO,KAP,POLİSAN HOLDİNG A.Ş. - Sermaye Artırımı - Azaltımı İşlemlerine İlişkin Bildirim,Sermaye Artırımı - Azaltımı İşlemlerine İlişkin Bildirim Sermaye tescil tarihi eklenmiştir,https://www.kap.org.tr/tr/Bildirim/1452595,tr,2025-06-27T10:09:27+00:00
2025-06-27,QNBTR,KAP,QNB BANK A.Ş. - Pay Dışında Sermaye Piyasası Aracı İşlemlerine İlişkin Bildirim (Faiz İçeren),Pay Dışında Sermaye Piyasası Aracı İşlemlerine İlişkin Bildirim (Faiz İçeren) MTN programı kapsamında yurtdışında ihraç edilen borçlanma aracının ihracı,https://www.kap.org.tr/tr/Bildirim/1452719,tr,2025-06-27T14:16:02+00:00
2025-06-27,QNBTR,KAP,QNB BANK A.Ş. - Pay Dışında Sermaye Piyasası Aracı İşlemlerine İlişkin Bildirim (Faiz İçeren),Pay Dışında Sermaye Piyasası Aracı İşlemlerine İlişkin Bildirim (Faiz İçeren) MTN programı kapsamında yurtdışında ihraç edilen borçlanma aracının itfası,https://www.kap.org.tr/tr/Bildirim/1452718,tr,2025-06-27T14:15:47+00:00
2025-06-27,QYHOL,KAP,Q YATIRIM HOLDİNG A.Ş. - Pay Dışında Sermaye Piyasası Aracı İşlemlerine İlişkin Bildirim (Faiz İçeren),Pay Dışında Sermaye Piyasası Aracı İşlemlerine İlişkin Bildirim (Faiz İçeren) İtfa,https://www.kap.org.tr/tr/Bildirim/1452721,tr,2025-06-27T14:41:16+00:00
2025-06-27,REEDR,KAP,REEDER TEKNOLOJİ SANAYİ VE TİCARET A.Ş. - Genel Kurul İşlemlerine İlişkin Bildirim,Genel Kurul İşlemlerine İlişkin Bildirim 2024 Yılı Olağan Genel Kurulu,https://www.kap.org.tr/tr/Bildirim/1452764,tr,2025-06-27T15:47:29+00:00
2025-06-27,RGYAS,KAP,RÖNESANS GAYRİMENKUL YATIRIM A.Ş. - Kurumsal Yönetim İlkelerine Uyum Derecelendirmesi,Kurumsal Yönetim İlkelerine Uyum Derecelendirmesi Kurumsal Yönetim Derecelendirme Notu,https://www.kap.org.tr/tr/Bildirim/1452696,tr,2025-06-27T12:51:13+00:00
2025-06-27,RODRG,KAP,RODRİGO TEKSTİL SANAYİ VE TİCARET A.Ş. - Kayıtlı Sermaye Tavanı İşlemlerine İlişkin Bildirim,Kayıtlı Sermaye Tavanı İşlemlerine İlişkin Bildirim Kayıtlı Sermaye Tavanı Ticaret Sicil Gazetesinde tescil edilmiştir.,https://www.kap.org.tr/tr/Bildirim/1452983,tr,2025-06-27T22:53:36+00:00
2025-06-27,RODRG,KAP,RODRİGO TEKSTİL SANAYİ VE TİCARET A.Ş. - Genel Kurul İşlemlerine İlişkin Bildirim,Genel Kurul İşlemlerine İlişkin Bildirim 2024 Yılı Olağan Genel Kurul Toplantı Tescili,https://www.kap.org.tr/tr/Bildirim/1452982,tr,2025-06-27T22:46:43+00:00
2025-06-27,SANEL,KAP,SAN-EL MÜHENDİSLİK ELEKTRİK TAAHHÜT SANAYİ VE TİCARET A.Ş. - Kar Payı Dağıtım İşlemlerine İlişkin Bildirim,Kar Payı Dağıtım İşlemlerine İlişkin Bildirim Kar Payı Dağıtım İşlemlerine İlişkin Bildirim,https://www.kap.org.tr/tr/Bildirim/1452980,tr,2025-06-27T22:41:11+00:00
2025-06-27,SANEL,KAP,SAN-EL MÜHENDİSLİK ELEKTRİK TAAHHÜT SANAYİ VE TİCARET A.Ş. - Genel Kurul İşlemlerine İlişkin Bildirim,Genel Kurul İşlemlerine İlişkin Bildirim 2024 Yılı Olağan Genel Kurulu Hakkında,https://www.kap.org.tr/tr/Bildirim/1452979,tr,2025-06-27T22:39:49+00:00
2025-06-27,SANEL,KAP,SAN-EL MÜHENDİSLİK ELEKTRİK TAAHHÜT SANAYİ VE TİCARET A.Ş. - Bağımsız Denetim Kuruluşunun Belirlenmesi,Bağımsız Denetim Kuruluşunun Belirlenmesi Bağımsız Denetçi Şirketinin belirlenmesi hakkında,https://www.kap.org.tr/tr/Bildirim/1452978,tr,2025-06-27T22:39:19+00:00
2025-06-27,SANFM,KAP,SANİFOAM ENDÜSTRİ VE TÜKETİM ÜRÜNLERİ SANAYİ TİCARET A.Ş. - Payların Geri Alınmasına İlişkin Bildirim,Payların Geri Alınmasına İlişkin Bildirim 27.06.2025 Tarihli Pay Geri Alım İşlemleri,https://www.kap.org.tr/tr/Bildirim/1452951,tr,2025-06-27T19:52:42+00:00
2025-06-27,SASA,KAP,SASA POLYESTER SANAYİ A.Ş. - Özel Durum Açıklaması (Genel),"Özel Durum Açıklaması (Genel) PTA, Polimer Cips ve Elyaf Üretim Tesisi Yatırımları Teşvik Belgesi Tutar Revizyonu",https://www.kap.org.tr/tr/Bildirim/1452554,tr,2025-06-27T08:45:41+00:00
2025-06-27,SDTTR,KAP,SDT UZAY VE SAVUNMA TEKNOLOJİLERİ A.Ş. - Yeni İş İlişkisi,Yeni İş İlişkisi Yeni İş İlişkisi Hakkında,https://www.kap.org.tr/tr/Bildirim/1452705,tr,2025-06-27T13:45:32+00:00
2025-06-27,SISE,KAP,TÜRKİYE ŞİŞE VE CAM FABRİKALARI A.Ş. - Özel Durum Açıklaması (Genel),Özel Durum Açıklaması (Genel) Cam Ev Eşyası El İmalatı Üretim Operasyonlarının Denizli Fabrikasından Kırklareli Fabrikasına Taşınması,https://www.kap.org.tr/tr/Bildirim/1452881,tr,2025-06-27T18:19:14+00:00
2025-06-27,SISE,KAP,TÜRKİYE ŞİŞE VE CAM FABRİKALARI A.Ş. - Özel Durum Açıklaması (Genel),Özel Durum Açıklaması (Genel) Murahhas Üye Görevlendirmesi,https://www.kap.org.tr/tr/Bildirim/1452878,tr,2025-06-27T18:18:43+00:00
2025-06-27,SNGYO,KAP,SİNPAŞ GAYRİMENKUL YATIRIM ORTAKLIĞI A.Ş. - Özel Durum Açıklaması (Genel),Özel Durum Açıklaması (Genel) Bağımsız Yönetim Kurulu Üyesi Adaylarının Uygunluğuna İlişkin SPK Onayı,https://www.kap.org.tr/tr/Bildirim/1452755,tr,2025-06-27T15:41:09+00:00
2025-06-27,TAMFA,KAP,TAM FİNANS FAKTORİNG A.Ş. - İhraç Belgesi,İhraç Belgesi İhraç Belgesi Hk.,https://www.kap.org.tr/tr/Bildirim/1452851,tr,2025-06-27T18:03:31+00:00
2025-06-27,TAMFA,KAP,TAM FİNANS FAKTORİNG A.Ş. - İhraç Tavanına İlişkin Bildirim,İhraç Tavanına İlişkin Bildirim İhraç belgesi hk.,https://www.kap.org.tr/tr/Bildirim/1452850,tr,2025-06-27T18:03:19+00:00
2025-06-27,TCKRC,KAP,KIRAÇ GALVANİZ TELEKOMİNİKASYON METAL MAKİNE İNŞAAT ELEKTRİK SANAYİ VE TİCARET A.Ş. - Payların Geri Alınmasına İlişkin Bildirim,Payların Geri Alınmasına İlişkin Bildirim Payların Geri Alınmasına İlişkin Bildirim,https://www.kap.org.tr/tr/Bildirim/1452875,tr,2025-06-27T18:16:48+00:00
2025-06-27,TEBFA,KAP,TEB FAKTORİNG A.Ş. - Pay Dışında Sermaye Piyasası Aracı İşlemlerine İlişkin Bildirim (Faiz İçeren),Pay Dışında Sermaye Piyasası Aracı İşlemlerine İlişkin Bildirim (Faiz İçeren) TRFTEBF62518 ISIN Kodlu Bono İtfası,https://www.kap.org.tr/tr/Bildirim/1452681,tr,2025-06-27T12:05:01+00:00
2025-06-27,TERA,KAP,TERA YATIRIM MENKUL DEĞERLER A.Ş. - Kurumsal Yönetim Bilgi Formu (Güncelleme) - Yönetim Kurulu-2,Kurumsal Yönetim Bilgi Formu (Güncelleme) - Yönetim Kurulu-2 Yönetim Kurulu Komiteleri-I,https://www.kap.org.tr/tr/Bildirim/1452913,tr,2025-06-27T18:31:27+00:00
2025-06-27,TERA,KAP,TERA YATIRIM MENKUL DEĞERLER A.Ş. - Şirket Genel Bilgi Formu,Şirket Genel Bilgi Formu,https://www.kap.org.tr/tr/Bildirim/1452912,tr,2025-06-27T18:31:03+00:00
2025-06-27,TERA,KAP,TERA YATIRIM MENKUL DEĞERLER A.Ş. - Özel Durum Açıklaması (Genel),Özel Durum Açıklaması (Genel) Bağımsız Yönetim Kurulu Üye Ataması,https://www.kap.org.tr/tr/Bildirim/1452902,tr,2025-06-27T18:25:27+00:00
2025-06-27,TERA,KAP,TERA YATIRIM MENKUL DEĞERLER A.Ş. - Pay Dışında Sermaye Piyasası Aracı İşlemlerine İlişkin Bildirim (Faiz İçeren),Pay Dışında Sermaye Piyasası Aracı İşlemlerine İlişkin Bildirim (Faiz İçeren) TRFTERA22618 ISIN kodlu 50.000.000 TL bono ihracı,https://www.kap.org.tr/tr/Bildirim/1452713,tr,2025-06-27T14:00:31+00:00
2025-06-27,TLMAN,KAP,TRABZON LİMAN İŞLETMECİLİĞİ A.Ş. - Bağımsız Denetim Kuruluşunun Belirlenmesi,Bağımsız Denetim Kuruluşunun Belirlenmesi Bağımsız Denetim Kuruluşunun Belirlenmesi hk.,https://www.kap.org.tr/tr/Bildirim/1452909,tr,2025-06-27T18:30:03+00:00
2025-06-27,TMSN,KAP,TÜMOSAN MOTOR VE TRAKTÖR SANAYİ A.Ş. - Bağımsız Denetim Kuruluşunun Belirlenmesi,Bağımsız Denetim Kuruluşunun Belirlenmesi Bağımsız Denetim Kuruluşunun Belirlenmesi,https://www.kap.org.tr/tr/Bildirim/1452908,tr,2025-06-27T18:29:14+00:00
2025-06-27,TRA,KAP,TERA YATIRIM MENKUL DEĞERLER A.Ş. - Kurumsal Yönetim Bilgi Formu (Güncelleme) - Yönetim Kurulu-2,Kurumsal Yönetim Bilgi Formu (Güncelleme) - Yönetim Kurulu-2 Yönetim Kurulu Komiteleri-I,https://www.kap.org.tr/tr/Bildirim/1452913,tr,2025-06-27T18:31:27+00:00
2025-06-27,TRA,KAP,TERA YATIRIM MENKUL DEĞERLER A.Ş. - Şirket Genel Bilgi Formu,Şirket Genel Bilgi Formu,https://www.kap.org.tr/tr/Bildirim/1452912,tr,2025-06-27T18:31:03+00:00
2025-06-27,TRA,KAP,TERA YATIRIM MENKUL DEĞERLER A.Ş. - Özel Durum Açıklaması (Genel),Özel Durum Açıklaması (Genel) Bağımsız Yönetim Kurulu Üye Ataması,https://www.kap.org.tr/tr/Bildirim/1452902,tr,2025-06-27T18:25:27+00:00
2025-06-27,TRA,KAP,TERA YATIRIM MENKUL DEĞERLER A.Ş. - Pay Dışında Sermaye Piyasası Aracı İşlemlerine İlişkin Bildirim (Faiz İçeren),Pay Dışında Sermaye Piyasası Aracı İşlemlerine İlişkin Bildirim (Faiz İçeren) TRFTERA22618 ISIN kodlu 50.000.000 TL bono ihracı,https://www.kap.org.tr/tr/Bildirim/1452713,tr,2025-06-27T14:00:31+00:00
2025-06-27,TRMEN,KAP,TRIVE YATIRIM MENKUL DEĞERLER A.Ş. - Şirket Genel Bilgi Formu,Şirket Genel Bilgi Formu,https://www.kap.org.tr/tr/Bildirim/1452774,tr,2025-06-27T16:08:35+00:00
2025-06-27,TVB,KAP,TÜRKİYE VAKIFLAR BANKASI T.A.O. - Pay Dışında Sermaye Piyasası Aracı İşlemlerine İlişkin Bildirim (Faiz İçeren),Pay Dışında Sermaye Piyasası Aracı İşlemlerine İlişkin Bildirim (Faiz İçeren) GMTN Programı Çerçevesinde Türkiye Dışında Sürdürülebilir Borçlanma Aracı İhracı SPK Onayı,https://www.kap.org.tr/tr/Bildirim/1452819,tr,2025-06-27T17:43:10+00:00
2025-06-27,TVB,KAP,TÜRKİYE VAKIFLAR BANKASI T.A.O. - Pay Dışında Sermaye Piyasası Aracı İşlemlerine İlişkin Bildirim (Faiz İçeren),Pay Dışında Sermaye Piyasası Aracı İşlemlerine İlişkin Bildirim (Faiz İçeren) GMTN Programı Çerçevesinde Türkiye Dışında Sürdürülebilir Borçlanma Aracı İhracı SPK Onayı,https://www.kap.org.tr/tr/Bildirim/1452818,tr,2025-06-27T17:42:48+00:00
2025-06-27,TVB,KAP,TÜRKİYE VAKIFLAR BANKASI T.A.O. - Pay Dışında Sermaye Piyasası Aracı İşlemlerine İlişkin Bildirim (Faiz İçeren),Pay Dışında Sermaye Piyasası Aracı İşlemlerine İlişkin Bildirim (Faiz İçeren) Borçlanma Araçlarına İlişkin SPK Başvurusu,https://www.kap.org.tr/tr/Bildirim/1452777,tr,2025-06-27T16:22:11+00:00
2025-06-27,TVB,KAP,TÜRKİYE VAKIFLAR BANKASI T.A.O. - İzahname-Özet (SPK Tarafından Onaylanan),İzahname-Özet (SPK Tarafından Onaylanan) İzahname-Özet (SPK Tarafından Onaylanan),https://www.kap.org.tr/tr/Bildirim/1452736,tr,2025-06-27T15:08:44+00:00
2025-06-27,TVB,KAP,TÜRKİYE VAKIFLAR BANKASI T.A.O. - İzahname-Sermaye Piyasası Aracı Notu (SPK Tarafından Onaylanan),İzahname-Sermaye Piyasası Aracı Notu (SPK Tarafından Onaylanan) İzahname Sermaye Piyasası Aracı Notu,https://www.kap.org.tr/tr/Bildirim/1452735,tr,2025-06-27T15:08:17+00:00
2025-06-27,TVB,KAP,TÜRKİYE VAKIFLAR BANKASI T.A.O. - İzahname (SPK Tarafından Onaylanan),İzahname (SPK Tarafından Onaylanan) İzahname İhraççı Bilgi Dokümanı 2. Kısım,https://www.kap.org.tr/tr/Bildirim/1452733,tr,2025-06-27T15:07:52+00:00
2025-06-27,TVB,KAP,TÜRKİYE VAKIFLAR BANKASI T.A.O. - İzahname (SPK Tarafından Onaylanan),İzahname (SPK Tarafından Onaylanan) İzahname İhraççı Bilgi Dokümanı 1. Kısım,https://www.kap.org.tr/tr/Bildirim/1452732,tr,2025-06-27T15:07:36+00:00
2025-06-27,TVM,KAP,TRIVE YATIRIM MENKUL DEĞERLER A.Ş. - Şirket Genel Bilgi Formu,Şirket Genel Bilgi Formu,https://www.kap.org.tr/tr/Bildirim/1452774,tr,2025-06-27T16:08:35+00:00
2025-06-27,ULUUN,KAP,ULUSOY UN SANAYİ VE TİCARET A.Ş. - Özel Durum Açıklaması (Genel),Özel Durum Açıklaması (Genel) Bağlı ortaklığımız Edel Food and Agriculture Limited'in sermaye artırımına katılım hk.,https://www.kap.org.tr/tr/Bildirim/1452971,tr,2025-06-27T20:38:06+00:00
2025-06-27,VAKBN,KAP,TÜRKİYE VAKIFLAR BANKASI T.A.O. - Pay Dışında Sermaye Piyasası Aracı İşlemlerine İlişkin Bildirim (Faiz İçeren),Pay Dışında Sermaye Piyasası Aracı İşlemlerine İlişkin Bildirim (Faiz İçeren) GMTN Programı Çerçevesinde Türkiye Dışında Sürdürülebilir Borçlanma Aracı İhracı SPK Onayı,https://www.kap.org.tr/tr/Bildirim/1452819,tr,2025-06-27T17:43:10+00:00
2025-06-27,VAKBN,KAP,TÜRKİYE VAKIFLAR BANKASI T.A.O. - Pay Dışında Sermaye Piyasası Aracı İşlemlerine İlişkin Bildirim (Faiz İçeren),Pay Dışında Sermaye Piyasası Aracı İşlemlerine İlişkin Bildirim (Faiz İçeren) GMTN Programı Çerçevesinde Türkiye Dışında Sürdürülebilir Borçlanma Aracı İhracı SPK Onayı,https://www.kap.org.tr/tr/Bildirim/1452818,tr,2025-06-27T17:42:48+00:00
2025-06-27,VAKBN,KAP,TÜRKİYE VAKIFLAR BANKASI T.A.O. - Pay Dışında Sermaye Piyasası Aracı İşlemlerine İlişkin Bildirim (Faiz İçeren),Pay Dışında Sermaye Piyasası Aracı İşlemlerine İlişkin Bildirim (Faiz İçeren) Borçlanma Araçlarına İlişkin SPK Başvurusu,https://www.kap.org.tr/tr/Bildirim/1452777,tr,2025-06-27T16:22:11+00:00
2025-06-27,VAKBN,KAP,TÜRKİYE VAKIFLAR BANKASI T.A.O. - İzahname-Özet (SPK Tarafından Onaylanan),İzahname-Özet (SPK Tarafından Onaylanan) İzahname-Özet (SPK Tarafından Onaylanan),https://www.kap.org.tr/tr/Bildirim/1452736,tr,2025-06-27T15:08:44+00:00
2025-06-27,VAKBN,KAP,TÜRKİYE VAKIFLAR BANKASI T.A.O. - İzahname-Sermaye Piyasası Aracı Notu (SPK Tarafından Onaylanan),İzahname-Sermaye Piyasası Aracı Notu (SPK Tarafından Onaylanan) İzahname Sermaye Piyasası Aracı Notu,https://www.kap.org.tr/tr/Bildirim/1452735,tr,2025-06-27T15:08:17+00:00
2025-06-27,VAKBN,KAP,TÜRKİYE VAKIFLAR BANKASI T.A.O. - İzahname (SPK Tarafından Onaylanan),İzahname (SPK Tarafından Onaylanan) İzahname İhraççı Bilgi Dokümanı 2. Kısım,https://www.kap.org.tr/tr/Bildirim/1452733,tr,2025-06-27T15:07:52+00:00
2025-06-27,VAKBN,KAP,TÜRKİYE VAKIFLAR BANKASI T.A.O. - İzahname (SPK Tarafından Onaylanan),İzahname (SPK Tarafından Onaylanan) İzahname İhraççı Bilgi Dokümanı 1. Kısım,https://www.kap.org.tr/tr/Bildirim/1452732,tr,2025-06-27T15:07:36+00:00
2025-06-27,VAKFA,KAP,VAKIF FAKTORİNG A.Ş. - Kredi Derecelendirmesi,Kredi Derecelendirmesi Kredi Derecelendirme Notu Hakkında,https://www.kap.org.tr/tr/Bildirim/1452740,tr,2025-06-27T15:14:55+00:00
2025-06-27,VKFYO,KAP,VAKIF MENKUL KIYMET YATIRIM ORTAKLIĞI A.Ş. - Özel Durum Açıklaması (Genel),"Özel Durum Açıklaması (Genel) Şirketimizin BİAŞ'da oluşan ağırlıklı ortalama fiyatın, pay başına net aktif değerin 2 katını aşması sebebiyle yapılan açıklamadır.",https://www.kap.org.tr/tr/Bildirim/1452682,tr,2025-06-27T12:09:24+00:00
2025-06-27,YIGIT,KAP,YİĞİT AKÜ MALZEMELERİ NAKLİYAT TURİZM İNŞAAT SANAYİ VE TİCARET A.Ş. - Özel Durum Açıklaması (Genel),Özel Durum Açıklaması (Genel) Tamamlanan Yatırımlar Hk.,https://www.kap.org.tr/tr/Bildirim/1452791,tr,2025-06-27T16:59:26+00:00
2025-06-27,ZKBVK,KAP,ZİRAAT KATILIM VARLIK KİRALAMA A.Ş. - Pay Dışında Sermaye Piyasası Aracı İşlemlerine İlişkin Bildirim (Faizsiz),Pay Dışında Sermaye Piyasası Aracı İşlemlerine İlişkin Bildirim (Faizsiz) TRDZKVK62531 ISIN kodlu Yurtiçi Kira Sertifikalarının İtfa ve Getiri Ödeme İşlemlerinin Tamamlanması Hk ZTB,https://www.kap.org.tr/tr/Bildirim/1452708,tr,2025-06-27T13:46:55+00:00
2025-06-27,ZKBVK,KAP,ZİRAAT KATILIM VARLIK KİRALAMA A.Ş. - Pay Dışında Sermaye Piyasası Aracı İşlemlerine İlişkin Bildirim (Faizsiz),Pay Dışında Sermaye Piyasası Aracı İşlemlerine İlişkin Bildirim (Faizsiz) TRDZKVKE2518 ISIN Kodlu Yurtiçi Kira Sertifikası İhracının Satışının Tamamlanması Hk ZTB,https://www.kap.org.tr/tr/Bildirim/1452567,tr,2025-06-27T09:24:01+00:00
2025-06-28,GEDZA,KAP,GEDİZ AMBALAJ SANAYİ VE TİCARET A.Ş. - Payların Geri Alınmasına İlişkin Bildirim,Payların Geri Alınmasına İlişkin Bildirim Pay geri alımı hk.,https://www.kap.org.tr/tr/Bildirim/1452987,tr,2025-06-28T09:03:49+00:00
2025-06-29,ENTRA,KAP,IC ENTERRA YENİLENEBİLİR ENERJİ A.Ş. - Genel Kurul İşlemlerine İlişkin Bildirim,Genel Kurul İşlemlerine İlişkin Bildirim 2024 Faaliyet Yılı Olağan Genel Kurul Toplantı Tescili,https://www.kap.org.tr/tr/Bildirim/1452989,tr,2025-06-29T19:50:52+00:00
2025-06-29,PATEK,KAP,PASİFİK TEKNOLOJİ A.Ş. - Özel Durum Açıklaması (Genel),Özel Durum Açıklaması (Genel) Sermaye Avansı ödemesine ilişkin bildirim,https://www.kap.org.tr/tr/Bildirim/1452990,tr,2025-06-29T23:16:51+00:00
2025-06-30,AEFES,KAP,ANADOLU EFES BİRACILIK VE MALT SANAYİİ A.Ş. - Pay Dışında Sermaye Piyasası Aracı İşlemlerine İlişkin Bildirim (Faiz İçeren),Pay Dışında Sermaye Piyasası Aracı İşlemlerine İlişkin Bildirim (Faiz İçeren) Kupon Ödemesi Hakkında,https://www.kap.org.tr/tr/Bildirim/1453188,tr,2025-06-30T15:51:13+00:00
2025-06-30,AEFES,KAP,ANADOLU EFES BİRACILIK VE MALT SANAYİİ A.Ş. - Kurumsal Yönetim Bilgi Formu (Güncelleme) - Yönetim Kurulu-1,Kurumsal Yönetim Bilgi Formu (Güncelleme) - Yönetim Kurulu-1 Kurumsal Yönetim Bilgi Formu,https://www.kap.org.tr/tr/Bildirim/1453187,tr,2025-06-30T15:49:16+00:00
2025-06-30,AHGAZ,KAP,AHLATCI DOĞAL GAZ DAĞITIM ENERJİ VE YATIRIM A.Ş. - Payların Geri Alınmasına İlişkin Bildirim,Payların Geri Alınmasına İlişkin Bildirim 30.06.2025 Tarihli Pay Geri Alım İşlemleri,https://www.kap.org.tr/tr/Bildirim/1453355,tr,2025-06-30T18:30:18+00:00
2025-06-30,AKFIS,KAP,AKFEN İNŞAAT TURİZM VE TİCARET A.Ş. - İhale Süreci / Sonucu,İhale Süreci / Sonucu Hırvatistan/Zagreb Sağlık Merkezi Tesisinin Tam Yenileme İşleri İhalesi Hk.,https://www.kap.org.tr/tr/Bildirim/1453324,tr,2025-06-30T18:12:41+00:00
2025-06-30,AKFYE,KAP,AKFEN YENİLENEBİLİR ENERJİ A.Ş. - Payların Geri Alınmasına İlişkin Bildirim,Payların Geri Alınmasına İlişkin Bildirim 30.06.2025 Tarihli Pay Geri Alım İşlemleri Hk.,https://www.kap.org.tr/tr/Bildirim/1453351,tr,2025-06-30T18:24:37+00:00
2025-06-30,AKM,KAP,AK YATIRIM MENKUL DEĞERLER A.Ş. - Yatırım Kuruluşu Varant - Sertifika - Senetlerine İlişkin Bildirim,"Yatırım Kuruluşu Varant - Sertifika - Senetlerine İlişkin Bildirim 30.06.2025 Vadeli Ons Altın, Ons Gümüş, BIST30 Endeksi, BIST Spot Altın Endeksi, USDTRY Döviz Kuru ve Pay Senedi Varantlarının İtfası",https://www.kap.org.tr/tr/Bildirim/1453406,tr,2025-06-30T20:46:40+00:00
2025-06-30,AKM,KAP,AK YATIRIM MENKUL DEĞERLER A.Ş. - Şirket Genel Bilgi Formu,Şirket Genel Bilgi Formu,https://www.kap.org.tr/tr/Bildirim/1453156,tr,2025-06-30T14:59:12+00:00
2025-06-30,AKM,KAP,AK YATIRIM MENKUL DEĞERLER A.Ş. - Likidite Sağlayıcılık Kapsamındaki İşlemler,Likidite Sağlayıcılık Kapsamındaki İşlemler KRVGD Paylarında Likidite Sağlayıcılığı Kapsamında Gerçekleştirilen İşlemler 16.06.2025-27.06.2025 KRVGD,https://www.kap.org.tr/tr/Bildirim/1453060,tr,2025-06-30T11:07:04+00:00
2025-06-30,AKM,KAP,AK YATIRIM MENKUL DEĞERLER A.Ş. - Likidite Sağlayıcılık Kapsamındaki İşlemler,Likidite Sağlayıcılık Kapsamındaki İşlemler LOGO Paylarında Likidite Sağlayıcılığı Kapsamında Gerçekleştirilen İşlemler 16.06.2025-27.06.2025 LOGO,https://www.kap.org.tr/tr/Bildirim/1453058,tr,2025-06-30T11:06:37+00:00
2025-06-30,AKM,KAP,AK YATIRIM MENKUL DEĞERLER A.Ş. - Likidite Sağlayıcılık Kapsamındaki İşlemler,Likidite Sağlayıcılık Kapsamındaki İşlemler ORGE Paylarında Likidite Sağlayıcılığı Kapsamında Gerçekleştirilen İşlemler 16.06.2025-27.06.2025 ORGE,https://www.kap.org.tr/tr/Bildirim/1453057,tr,2025-06-30T11:06:06+00:00
2025-06-30,AKM,KAP,AK YATIRIM MENKUL DEĞERLER A.Ş. - Yatırım Kuruluşu Varant - Sertifika - Senetlerine İlişkin Bildirim,Yatırım Kuruluşu Varant - Sertifika - Senetlerine İlişkin Bildirim Varant ve Sertifika PY Alım Satım Bildirimi,https://www.kap.org.tr/tr/Bildirim/1453056,tr,2025-06-30T11:05:33+00:00
2025-06-30,AKMEN,KAP,AK YATIRIM MENKUL DEĞERLER A.Ş. - Yatırım Kuruluşu Varant - Sertifika - Senetlerine İlişkin Bildirim,"Yatırım Kuruluşu Varant - Sertifika - Senetlerine İlişkin Bildirim 30.06.2025 Vadeli Ons Altın, Ons Gümüş, BIST30 Endeksi, BIST Spot Altın Endeksi, USDTRY Döviz Kuru ve Pay Senedi Varantlarının İtfası",https://www.kap.org.tr/tr/Bildirim/1453406,tr,2025-06-30T20:46:40+00:00
2025-06-30,AKMEN,KAP,AK YATIRIM MENKUL DEĞERLER A.Ş. - Şirket Genel Bilgi Formu,Şirket Genel Bilgi Formu,https://www.kap.org.tr/tr/Bildirim/1453156,tr,2025-06-30T14:59:12+00:00
2025-06-30,AKMEN,KAP,AK YATIRIM MENKUL DEĞERLER A.Ş. - Likidite Sağlayıcılık Kapsamındaki İşlemler,Likidite Sağlayıcılık Kapsamındaki İşlemler KRVGD Paylarında Likidite Sağlayıcılığı Kapsamında Gerçekleştirilen İşlemler 16.06.2025-27.06.2025 KRVGD,https://www.kap.org.tr/tr/Bildirim/1453060,tr,2025-06-30T11:07:04+00:00
2025-06-30,AKMEN,KAP,AK YATIRIM MENKUL DEĞERLER A.Ş. - Likidite Sağlayıcılık Kapsamındaki İşlemler,Likidite Sağlayıcılık Kapsamındaki İşlemler LOGO Paylarında Likidite Sağlayıcılığı Kapsamında Gerçekleştirilen İşlemler 16.06.2025-27.06.2025 LOGO,https://www.kap.org.tr/tr/Bildirim/1453058,tr,2025-06-30T11:06:37+00:00
2025-06-30,AKMEN,KAP,AK YATIRIM MENKUL DEĞERLER A.Ş. - Likidite Sağlayıcılık Kapsamındaki İşlemler,Likidite Sağlayıcılık Kapsamındaki İşlemler ORGE Paylarında Likidite Sağlayıcılığı Kapsamında Gerçekleştirilen İşlemler 16.06.2025-27.06.2025 ORGE,https://www.kap.org.tr/tr/Bildirim/1453057,tr,2025-06-30T11:06:06+00:00
2025-06-30,AKMEN,KAP,AK YATIRIM MENKUL DEĞERLER A.Ş. - Yatırım Kuruluşu Varant - Sertifika - Senetlerine İlişkin Bildirim,Yatırım Kuruluşu Varant - Sertifika - Senetlerine İlişkin Bildirim Varant ve Sertifika PY Alım Satım Bildirimi,https://www.kap.org.tr/tr/Bildirim/1453056,tr,2025-06-30T11:05:33+00:00
2025-06-30,AKSA,KAP,AKSA AKRİLİK KİMYA SANAYİİ A.Ş. - Bölünme İşlemlerine İlişkin Bildirim,Bölünme İşlemlerine İlişkin Bildirim İştirak Modeliyle Kolaylaştırılmış Usulde Kısmi Bölünmeye ilişkin Olağanüstü Genel Kurul Sonucu,https://www.kap.org.tr/tr/Bildirim/1453258,tr,2025-06-30T17:07:12+00:00
2025-06-30,AKSA,KAP,AKSA AKRİLİK KİMYA SANAYİİ A.Ş. - Genel Kurul İşlemlerine İlişkin Bildirim,Genel Kurul İşlemlerine İlişkin Bildirim Olağanüstü Genel Kurul Toplantısı Sonuçları,https://www.kap.org.tr/tr/Bildirim/1453234,tr,2025-06-30T16:43:14+00:00
2025-06-30,ALKLC,KAP,ALTINKILIÇ GIDA VE SÜT SANAYİ TİCARET A.Ş. - Pay Dışında Sermaye Piyasası Aracı İşlemlerine İlişkin Bildirim (Faiz İçeren),Pay Dışında Sermaye Piyasası Aracı İşlemlerine İlişkin Bildirim (Faiz İçeren) Finansman Bonosu İhracı,https://www.kap.org.tr/tr/Bildirim/1453062,tr,2025-06-30T11:13:00+00:00
2025-06-30,ARMGD,KAP,ARMADA GIDA TİCARET SANAYİ A.Ş. - Kurumsal Yönetim Bilgi Formu (Güncelleme) - Yönetim Kurulu-2,Kurumsal Yönetim Bilgi Formu (Güncelleme) - Yönetim Kurulu-2 Kurumsal Yönetim Komitesi (Revize),https://www.kap.org.tr/tr/Bildirim/1453397,tr,2025-06-30T19:34:56+00:00
2025-06-30,ARMGD,KAP,ARMADA GIDA TİCARET SANAYİ A.Ş. - Şirket Genel Bilgi Formu,Şirket Genel Bilgi Formu,https://www.kap.org.tr/tr/Bildirim/1453395,tr,2025-06-30T19:31:39+00:00
2025-06-30,ARMGD,KAP,ARMADA GIDA TİCARET SANAYİ A.Ş. - Özel Durum Açıklaması (Genel),Özel Durum Açıklaması (Genel) SPK Kurumsal Yönetim ilkeleri uyarınca Yatırımcı İlişkileri Bölümü Yöneticisi ve Kurumsal Yönetim Komitesi Üyesinin görevlerinden ayrılması ve yeni atamanın yapılması hakkında,https://www.kap.org.tr/tr/Bildirim/1453394,tr,2025-06-30T19:30:10+00:00
2025-06-30,ATATP,KAP,ATP YAZILIM VE TEKNOLOJİ A.Ş. - Finansal Duran Varlık Edinimi,Finansal Duran Varlık Edinimi Bağlı Ortaklığımız ATP GSYO'nun Finansal Duran Varlık Edinimi,https://www.kap.org.tr/tr/Bildirim/1453487,tr,2025-06-30T22:31:20+00:00
2025-06-30,ATEKS,KAP,AKIN TEKSTİL A.Ş. - Özel Durum Açıklaması (Genel),"Özel Durum Açıklaması (Genel) Yatırımcı İlişkileri Bölüm Yöneticisi Hakkında,",https://www.kap.org.tr/tr/Bildirim/1453229,tr,2025-06-30T16:40:43+00:00
2025-06-30,ATLAS,KAP,ATLAS MENKUL KIYMETLER YATIRIM ORTAKLIĞI A.Ş. - Pay Alım Satım Bildirimi,Pay Alım Satım Bildirimi Pay Alım Bildirimi VANGD,https://www.kap.org.tr/tr/Bildirim/1453357,tr,2025-06-30T18:30:46+00:00
2025-06-30,ATLAS,KAP,ATLAS MENKUL KIYMETLER YATIRIM ORTAKLIĞI A.Ş. - Haftalık Rapor,Haftalık Rapor Haftalık Rapor,https://www.kap.org.tr/tr/Bildirim/1453233,tr,2025-06-30T16:41:41+00:00
2025-06-30,AYDEM,KAP,AYDEM YENİLENEBİLİR ENERJİ A.Ş. - Şirket Genel Bilgi Formu,Şirket Genel Bilgi Formu,https://www.kap.org.tr/tr/Bildirim/1453328,tr,2025-06-30T18:14:55+00:00
2025-06-30,AYDEM,KAP,AYDEM YENİLENEBİLİR ENERJİ A.Ş. - Özel Durum Açıklaması (Genel),Özel Durum Açıklaması (Genel) Yatırımcı İlişkileri Müdürünün Görevden Ayrılması,https://www.kap.org.tr/tr/Bildirim/1453327,tr,2025-06-30T18:14:31+00:00
2025-06-30,BIGTK,KAP,DOĞAN BURDA DERGİ YAYINCILIK VE PAZARLAMA A.Ş. - Kurumsal Yönetim Bilgi Formu (Güncelleme) - Yönetim Kurulu-2,Kurumsal Yönetim Bilgi Formu (Güncelleme) - Yönetim Kurulu-2 Yönetim Kurulu Komite Güncellenmesi Hakk.,https://www.kap.org.tr/tr/Bildirim/1453382,tr,2025-06-30T18:54:56+00:00
2025-06-30,BIGTK,KAP,DOĞAN BURDA DERGİ YAYINCILIK VE PAZARLAMA A.Ş. - Şirket Genel Bilgi Formu,Şirket Genel Bilgi Formu,https://www.kap.org.tr/tr/Bildirim/1453381,tr,2025-06-30T18:54:34+00:00
2025-06-30,BIGTK,KAP,DOĞAN BURDA DERGİ YAYINCILIK VE PAZARLAMA A.Ş. - Özel Durum Açıklaması (Genel),Özel Durum Açıklaması (Genel) Üst Düzey Yöneticinin Görevden Ayrılması Hk.,https://www.kap.org.tr/tr/Bildirim/1453380,tr,2025-06-30T18:54:13+00:00
2025-06-30,BIMAS,KAP,BİM BİRLEŞİK MAĞAZALAR A.Ş. - Bölünme İşlemlerine İlişkin Bildirim,Bölünme İşlemlerine İlişkin Bildirim Kısmi Bölünme İşlemine İlişkin Olağanüstü Genel Kurul Toplantısı Sonucu,https://www.kap.org.tr/tr/Bildirim/1453231,tr,2025-06-30T16:41:35+00:00
2025-06-30,BIMAS,KAP,BİM BİRLEŞİK MAĞAZALAR A.Ş. - Genel Kurul İşlemlerine İlişkin Bildirim,Genel Kurul İşlemlerine İlişkin Bildirim Olağanüstü Genel Kurul Toplantısı Sonucu,https://www.kap.org.tr/tr/Bildirim/1453155,tr,2025-06-30T14:51:51+00:00
2025-06-30,BINHO,KAP,1000 YATIRIMLAR HOLDİNG A.Ş. - Şirket Genel Bilgi Formu,Şirket Genel Bilgi Formu,https://www.kap.org.tr/tr/Bildirim/1453239,tr,2025-06-30T16:47:52+00:00
2025-06-30,BINHO,KAP,1000 YATIRIMLAR HOLDİNG A.Ş. - Özel Durum Açıklaması (Genel),Özel Durum Açıklaması (Genel) Yatırımcı İlişkileri Yöneticisi Görevlendirilmesi Hakkında,https://www.kap.org.tr/tr/Bildirim/1453238,tr,2025-06-30T16:47:33+00:00
2025-06-30,BORLS,KAP,BORLEASE OTOMOTİV A.Ş. - Payların Geri Alınmasına İlişkin Bildirim,Payların Geri Alınmasına İlişkin Bildirim 30.06.2025 Tarihli Pay Geri Alım Bildirimi,https://www.kap.org.tr/tr/Bildirim/1453350,tr,2025-06-30T18:24:17+00:00
2025-06-30,BRGAN,KAP,BURGAN BANK A.Ş. - İhraç Tavanına İlişkin Bildirim,İhraç Tavanına İlişkin Bildirim SPK İhraç Tavanı Başvuru Onayı Hakkında,https://www.kap.org.tr/tr/Bildirim/1453096,tr,2025-06-30T12:25:08+00:00
2025-06-30,BRKT,KAP,BEREKET VARLIK KİRALAMA A.Ş. - Pay Dışında Sermaye Piyasası Aracı İşlemlerine İlişkin Bildirim (Faizsiz),Pay Dışında Sermaye Piyasası Aracı İşlemlerine İlişkin Bildirim (Faizsiz) TRDBRKT52615 ISIN Kodlu Kira Sertifikasının 2. Dönemsel Getiri Oranı Hk. ALBRK,https://www.kap.org.tr/tr/Bildirim/1453314,tr,2025-06-30T17:56:35+00:00
2025-06-30,BUR,KAP,BURGAN BANK A.Ş. - İhraç Tavanına İlişkin Bildirim,İhraç Tavanına İlişkin Bildirim SPK İhraç Tavanı Başvuru Onayı Hakkında,https://www.kap.org.tr/tr/Bildirim/1453096,tr,2025-06-30T12:25:08+00:00
2025-06-30,BURCE,KAP,BURÇELİK BURSA ÇELİK DÖKÜM SANAYİİ A.Ş. - Özel Durum Açıklaması (Genel),Özel Durum Açıklaması (Genel) Genel Müdür İstifası Hakkında,https://www.kap.org.tr/tr/Bildirim/1453244,tr,2025-06-30T16:51:04+00:00
2025-06-30,BURVA,KAP,BURÇELİK VANA SANAYİ VE TİCARET A.Ş. - Yeni İş İlişkisi,Yeni İş İlişkisi Vana Siparişi Hakkında,https://www.kap.org.tr/tr/Bildirim/1452994,tr,2025-06-30T08:41:32+00:00
2025-06-30,CATES,KAP,ÇATES ELEKTRİK ÜRETİM A.Ş. - Şirket Genel Bilgi Formu,Şirket Genel Bilgi Formu,https://www.kap.org.tr/tr/Bildirim/1453331,tr,2025-06-30T18:15:37+00:00
2025-06-30,CVKMD,KAP,CVK MADEN İŞLETMELERİ SANAYİ VE TİCARET A.Ş. - Özel Durum Açıklaması (Genel),Özel Durum Açıklaması (Genel) Trafigura Pte. Ltd. Tarafından Yatırılan Tutar Hk.,https://www.kap.org.tr/tr/Bildirim/1453298,tr,2025-06-30T17:29:47+00:00
2025-06-30,CVKMD,KAP,CVK MADEN İŞLETMELERİ SANAYİ VE TİCARET A.Ş. - Pay Dışında Sermaye Piyasası Aracı İşlemlerine İlişkin Bildirim (Faiz İçeren),Pay Dışında Sermaye Piyasası Aracı İşlemlerine İlişkin Bildirim (Faiz İçeren) Finansman Bonosu İtfası,https://www.kap.org.tr/tr/Bildirim/1453100,tr,2025-06-30T12:37:40+00:00
2025-06-30,DMD,KAP,DESTEK YATIRIM MENKUL DEĞERLER A.Ş. - İhraç Tavanına İlişkin Bildirim,İhraç Tavanına İlişkin Bildirim Sermaye Piyasası Aracı İhracına İlişkin Yönetim Kurulu Kararı,https://www.kap.org.tr/tr/Bildirim/1453139,tr,2025-06-30T14:16:25+00:00
2025-06-30,DNISI,KAP,DİNAMİK ISI MAKİNA YALITIM MALZEMELERİ SANAYİ VE TİCARET A.Ş. - Bağımsız Denetim Kuruluşunun Belirlenmesi,Bağımsız Denetim Kuruluşunun Belirlenmesi Bağımsız Denetim Kuruluşu seçiminin Genel Kurul'ca onaylanması,https://www.kap.org.tr/tr/Bildirim/1453128,tr,2025-06-30T13:19:00+00:00
2025-06-30,DNISI,KAP,DİNAMİK ISI MAKİNA YALITIM MALZEMELERİ SANAYİ VE TİCARET A.Ş. - Kar Payı Dağıtım İşlemlerine İlişkin Bildirim,Kar Payı Dağıtım İşlemlerine İlişkin Bildirim Kar Payı Dağıtımına İlişkin Genel Kurul Kararı,https://www.kap.org.tr/tr/Bildirim/1453124,tr,2025-06-30T13:06:59+00:00
2025-06-30,DNISI,KAP,DİNAMİK ISI MAKİNA YALITIM MALZEMELERİ SANAYİ VE TİCARET A.Ş. - Genel Kurul İşlemlerine İlişkin Bildirim,Genel Kurul İşlemlerine İlişkin Bildirim 2024 Yılı Olağan Genel Kurul Toplantısı Sonucu,https://www.kap.org.tr/tr/Bildirim/1453122,tr,2025-06-30T13:00:47+00:00
2025-06-30,DOFER,KAP,DOFER YAPI MALZEMELERİ SANAYİ VE TİCARET A.Ş. - Şirket Genel Bilgi Formu,Şirket Genel Bilgi Formu,https://www.kap.org.tr/tr/Bildirim/1453246,tr,2025-06-30T16:52:41+00:00
2025-06-30,DOHOL,KAP,DOĞAN ŞİRKETLER GRUBU HOLDİNG A.Ş. - Şirket Genel Bilgi Formu,Şirket Genel Bilgi Formu,https://www.kap.org.tr/tr/Bildirim/1453365,tr,2025-06-30T18:38:09+00:00
2025-06-30,DOHOL,KAP,DOĞAN ŞİRKETLER GRUBU HOLDİNG A.Ş. - Finansal Duran Varlık Satışı,Finansal Duran Varlık Satışı Boyabat Elektrik Üretim ve Ticaret A.Ş. Paylarının Satış ve Devrinin Tamamlanması.,https://www.kap.org.tr/tr/Bildirim/1453364,tr,2025-06-30T18:37:54+00:00
2025-06-30,DSYAT,KAP,DESTEK YATIRIM MENKUL DEĞERLER A.Ş. - İhraç Tavanına İlişkin Bildirim,İhraç Tavanına İlişkin Bildirim Sermaye Piyasası Aracı İhracına İlişkin Yönetim Kurulu Kararı,https://www.kap.org.tr/tr/Bildirim/1453139,tr,2025-06-30T14:16:25+00:00
2025-06-30,DURKN,KAP,DURUKAN ŞEKERLEME SANAYİ VE TİCARET A.Ş. - Özel Durum Açıklaması (Genel),Özel Durum Açıklaması (Genel) Uzun Vadeli Kredi Kullanımı Hk.,https://www.kap.org.tr/tr/Bildirim/1453160,tr,2025-06-30T15:09:45+00:00
2025-06-30,EGEEN,KAP,EGE ENDÜSTRİ VE TİCARET A.Ş. - Özel Durum Açıklaması (Genel),Özel Durum Açıklaması (Genel) Bağlı Ortaklığımızın sermaye artırımına iştirak kararı,https://www.kap.org.tr/tr/Bildirim/1453410,tr,2025-06-30T21:21:03+00:00
2025-06-30,EGEPO,KAP,NASMED ÖZEL SAĞLIK HİZMETLERİ TİCARET A.Ş. - Özel Durum Açıklaması (Genel),Özel Durum Açıklaması (Genel) TURQALITY MARKA BELGESİ,https://www.kap.org.tr/tr/Bildirim/1453241,tr,2025-06-30T16:49:28+00:00
2025-06-30,EKOS,KAP,EKOS TEKNOLOJİ VE ELEKTRİK A.Ş. - Şirket Genel Bilgi Formu,Şirket Genel Bilgi Formu,https://www.kap.org.tr/tr/Bildirim/1453402,tr,2025-06-30T20:11:50+00:00
2025-06-30,EKTVK,KAP,EMLAK KATILIM VARLIK KİRALAMA A.Ş. - Pay Dışında Sermaye Piyasası Aracı İşlemlerine İlişkin Bildirim (Faizsiz),Pay Dışında Sermaye Piyasası Aracı İşlemlerine İlişkin Bildirim (Faizsiz) TRDEVKS12617 ISIN Kodlu Kira Sertifikasının 7. Dönemsel Getiri Oranının Belirlenmesi Hk. EKT,https://www.kap.org.tr/tr/Bildirim/1453267,tr,2025-06-30T17:19:19+00:00
2025-06-30,ETYAT,KAP,EURO TREND YATIRIM ORTAKLIĞI A.Ş. - Haftalık Rapor,Haftalık Rapor 27.06.2025 Tarihli Kağıt Bazlı Haftalık Rapor,https://www.kap.org.tr/tr/Bildirim/1453138,tr,2025-06-30T14:14:38+00:00
2025-06-30,ETYAT,KAP,EURO TREND YATIRIM ORTAKLIĞI A.Ş. - Özel Durum Açıklaması (Genel),"Özel Durum Açıklaması (Genel) BİAŞ'da oluşan ağırlıklı ortalama fiyatın,pay başına net aktif değerin 2 katını aşması",https://www.kap.org.tr/tr/Bildirim/1453137,tr,2025-06-30T14:11:38+00:00
2025-06-30,EUKYO,KAP,EURO KAPİTAL YATIRIM ORTAKLIĞI A.Ş. - Haftalık Rapor,Haftalık Rapor 27.06.2025 Tarihli Kağıt Bazlı Haftalık Rapor,https://www.kap.org.tr/tr/Bildirim/1453142,tr,2025-06-30T14:17:54+00:00
2025-06-30,EUKYO,KAP,EURO KAPİTAL YATIRIM ORTAKLIĞI A.Ş. - Özel Durum Açıklaması (Genel),"Özel Durum Açıklaması (Genel) BİAŞ'da oluşan ağırlıklı ortalama fiyatın,pay başına net aktif değerin 2 katını aşması",https://www.kap.org.tr/tr/Bildirim/1453140,tr,2025-06-30T14:16:52+00:00
2025-06-30,EUYO,KAP,EURO MENKUL KIYMET YATIRIM ORTAKLIĞI A.Ş. - Özel Durum Açıklaması (Genel),"Özel Durum Açıklaması (Genel) BİAŞ'da oluşan ağırlıklı ortalama fiyatın,pay başına net aktif değerin 2 katını aşması",https://www.kap.org.tr/tr/Bildirim/1453136,tr,2025-06-30T14:10:14+00:00
2025-06-30,EUYO,KAP,EURO MENKUL KIYMET YATIRIM ORTAKLIĞI A.Ş. - Haftalık Rapor,Haftalık Rapor 27.06.2025 Tarihli Haftalık Rapor,https://www.kap.org.tr/tr/Bildirim/1453123,tr,2025-06-30T13:03:16+00:00
2025-06-30,EXIMB,KAP,TÜRKİYE İHRACAT KREDİ BANKASI A.Ş. - Pay Dışında Sermaye Piyasası Aracı İşlemlerine İlişkin Bildirim (Faiz İçeren),Pay Dışında Sermaye Piyasası Aracı İşlemlerine İlişkin Bildirim (Faiz İçeren) GMTN programı çerçevesinde yurt dışında borçlanma aracı ihracı,https://www.kap.org.tr/tr/Bildirim/1453248,tr,2025-06-30T16:57:04+00:00
2025-06-30,FBB,KAP,FİBABANKA A.Ş. - İhraç Tavanına İlişkin Bildirim,İhraç Tavanına İlişkin Bildirim VDMK İhracına İlişkin Yönetim Kurulu Kararı,https://www.kap.org.tr/tr/Bildirim/1453151,tr,2025-06-30T14:40:06+00:00
2025-06-30,FBB,KAP,FİBABANKA A.Ş. - İhraç Tavanına İlişkin Bildirim,İhraç Tavanına İlişkin Bildirim VDMK İhracına İlişkin Yönetim Kurulu Kararı,https://www.kap.org.tr/tr/Bildirim/1453150,tr,2025-06-30T14:31:49+00:00
2025-06-30,FBBNK,KAP,FİBABANKA A.Ş. - İhraç Tavanına İlişkin Bildirim,İhraç Tavanına İlişkin Bildirim VDMK İhracına İlişkin Yönetim Kurulu Kararı,https://www.kap.org.tr/tr/Bildirim/1453151,tr,2025-06-30T14:40:06+00:00
2025-06-30,FBBNK,KAP,FİBABANKA A.Ş. - İhraç Tavanına İlişkin Bildirim,İhraç Tavanına İlişkin Bildirim VDMK İhracına İlişkin Yönetim Kurulu Kararı,https://www.kap.org.tr/tr/Bildirim/1453150,tr,2025-06-30T14:31:49+00:00
2025-06-30,FIN,KAP,QNB BANK A.Ş. - Pay Dışında Sermaye Piyasası Aracı İşlemlerine İlişkin Bildirim (Faiz İçeren),Pay Dışında Sermaye Piyasası Aracı İşlemlerine İlişkin Bildirim (Faiz İçeren) MTN programı kapsamında yurtdışında ihraç edilen borçlanma aracının ihracı,https://www.kap.org.tr/tr/Bildirim/1453211,tr,2025-06-30T16:19:35+00:00
2025-06-30,FIN,KAP,QNB BANK A.Ş. - Pay Dışında Sermaye Piyasası Aracı İşlemlerine İlişkin Bildirim (Faiz İçeren),Pay Dışında Sermaye Piyasası Aracı İşlemlerine İlişkin Bildirim (Faiz İçeren) MTN programı kapsamında yurtdışında ihraç edilen borçlanma aracının ihracı,https://www.kap.org.tr/tr/Bildirim/1453209,tr,2025-06-30T16:19:16+00:00
2025-06-30,FIN,KAP,QNB BANK A.Ş. - Pay Dışında Sermaye Piyasası Aracı İşlemlerine İlişkin Bildirim (Faiz İçeren),Pay Dışında Sermaye Piyasası Aracı İşlemlerine İlişkin Bildirim (Faiz İçeren) MTN programı kapsamında yurtdışında ihraç edilen borçlanma aracının itfası,https://www.kap.org.tr/tr/Bildirim/1453207,tr,2025-06-30T16:18:17+00:00
2025-06-30,FIN,KAP,QNB BANK A.Ş. - Pay Dışında Sermaye Piyasası Aracı İşlemlerine İlişkin Bildirim (Faiz İçeren),Pay Dışında Sermaye Piyasası Aracı İşlemlerine İlişkin Bildirim (Faiz İçeren) MTN programı kapsamında yurtdışında ihraç edilen borçlanma aracının itfası,https://www.kap.org.tr/tr/Bildirim/1453206,tr,2025-06-30T16:18:01+00:00
2025-06-30,FIN,KAP,QNB BANK A.Ş. - Pay Dışında Sermaye Piyasası Aracı İşlemlerine İlişkin Bildirim (Faiz İçeren),Pay Dışında Sermaye Piyasası Aracı İşlemlerine İlişkin Bildirim (Faiz İçeren) MTN programı kapsamında yurtdışında ihraç edilen borçlanma aracının itfası,https://www.kap.org.tr/tr/Bildirim/1453204,tr,2025-06-30T16:17:43+00:00
2025-06-30,FIN,KAP,QNB BANK A.Ş. - İhraç Tavanına İlişkin Bildirim,İhraç Tavanına İlişkin Bildirim 3.000.000.000 TL(üçmilyarTürkLirası) tutara ve 5 (beş) yıla kadar vadeli sürdürülebilir/yeşil tahvil ve/veya finansman bonolarının ihraç edilmesine ilişkin Yönetim Kurulu Kararı,https://www.kap.org.tr/tr/Bildirim/1453182,tr,2025-06-30T15:30:15+00:00
2025-06-30,FONET,KAP,FONET BİLGİ TEKNOLOJİLERİ A.Ş. - İhale Süreci / Sonucu,İhale Süreci / Sonucu Bitlis İl Sağlık Müdürlüğü Tarafından Yapılan İhale Hakkında,https://www.kap.org.tr/tr/Bildirim/1453313,tr,2025-06-30T17:56:07+00:00
2025-06-30,GARAN,KAP,TÜRKİYE GARANTİ BANKASI A.Ş. - Yatırım Kuruluşu Varant - Sertifika - Senetlerine İlişkin Bildirim,Yatırım Kuruluşu Varant - Sertifika - Senetlerine İlişkin Bildirim Yatırım Kuruluşu Varantları İtfa Fiyatları,https://www.kap.org.tr/tr/Bildirim/1453212,tr,2025-06-30T16:22:30+00:00
2025-06-30,GRNYO,KAP,GARANTİ YATIRIM ORTAKLIĞI A.Ş. - Özel Durum Açıklaması (Genel),"Özel Durum Açıklaması (Genel) Paylarının BİAŞ'ta oluşan ağırlıklı ortalama fiyatının, pay başına net aktif değerinin 2 katını aşması hakkında.",https://www.kap.org.tr/tr/Bildirim/1453095,tr,2025-06-30T12:24:20+00:00
2025-06-30,GRNYO,KAP,GARANTİ YATIRIM ORTAKLIĞI A.Ş. - Haftalık Rapor,Haftalık Rapor 27.06.2025 tarihli haftalık rapordur.,https://www.kap.org.tr/tr/Bildirim/1453094,tr,2025-06-30T12:24:09+00:00
2025-06-30,GSRAY,KAP,GALATASARAY SPORTİF SINAİ VE TİCARİ YATIRIMLAR A.Ş. - Sermaye Artırımından Elde Edilecek - Edilen Fonun Kullanımına İlişkin Rapor,Sermaye Artırımından Elde Edilecek - Edilen Fonun Kullanımına İlişkin Rapor Sermaye Artırımından Elde Edilecek Fonun Kullanımına İlişkin Rapor,https://www.kap.org.tr/tr/Bildirim/1453493,tr,2025-06-30T23:34:26+00:00
2025-06-30,GSRAY,KAP,GALATASARAY SPORTİF SINAİ VE TİCARİ YATIRIMLAR A.Ş. - Sermaye Artırımı - Azaltımı İşlemlerine İlişkin Bildirim,Sermaye Artırımı - Azaltımı İşlemlerine İlişkin Bildirim Bedelli Sermaye Artırımına İlişkin 30.06.2025 Tarihli ve 52 Sayılı Yönetim Kurulu Kararı,https://www.kap.org.tr/tr/Bildirim/1453492,tr,2025-06-30T23:31:05+00:00
2025-06-30,GWIND,KAP,GALATA WIND ENERJİ A.Ş. - Özel Durum Açıklaması (Genel),Özel Durum Açıklaması (Genel) Yurtdışında Yenilenebilir Enerji Yatırımları,https://www.kap.org.tr/tr/Bildirim/1453396,tr,2025-06-30T19:32:15+00:00
2025-06-30,HALKI,KAP,HALK YATIRIM MENKUL DEĞERLER A.Ş. - Fiyat Tespit Raporuna İlişkin Analist Raporu (Halka Arza Aracılık Eden Kuruluş Tarafından Hazırlanan),Fiyat Tespit Raporuna İlişkin Analist Raporu (Halka Arza Aracılık Eden Kuruluş Tarafından Hazırlanan) AHES Gayrimenkul Yatırım Ortaklığı A.Ş. Fiyat Tespit Raporuna İlişkin 2. Değerlendirme Raporu AHSGY,https://www.kap.org.tr/tr/Bildirim/1453247,tr,2025-06-30T16:56:23+00:00
2025-06-30,HLGYO,KAP,HALK GAYRİMENKUL YATIRIM ORTAKLIĞI A.Ş. - Değerleme Raporu,Değerleme Raporu İstanbul Nişantaşı Binası 2025 İlk Yarı Yıl Dönemi Değerleme Raporu,https://www.kap.org.tr/tr/Bildirim/1453347,tr,2025-06-30T18:20:30+00:00
2025-06-30,HLGYO,KAP,HALK GAYRİMENKUL YATIRIM ORTAKLIĞI A.Ş. - Değerleme Raporu,Değerleme Raporu Kocaeli Binası 2025 İlk Yarı Yıl Dönemi Değerleme Raporu,https://www.kap.org.tr/tr/Bildirim/1453346,tr,2025-06-30T18:20:19+00:00
2025-06-30,HLGYO,KAP,HALK GAYRİMENKUL YATIRIM ORTAKLIĞI A.Ş. - Değerleme Raporu,Değerleme Raporu Beyoğlu Otel Binası 2025 İlk Yarı Yıl Dönemi Değerleme Raporu,https://www.kap.org.tr/tr/Bildirim/1453345,tr,2025-06-30T18:20:10+00:00
2025-06-30,HLGYO,KAP,HALK GAYRİMENKUL YATIRIM ORTAKLIĞI A.Ş. - Değerleme Raporu,Değerleme Raporu İstanbul Levent Otel 2025 İlk Yarı Yıl Dönemi Değerleme Raporu,https://www.kap.org.tr/tr/Bildirim/1453344,tr,2025-06-30T18:19:59+00:00
2025-06-30,HLGYO,KAP,HALK GAYRİMENKUL YATIRIM ORTAKLIĞI A.Ş. - Değerleme Raporu,Değerleme Raporu Bahçelievler-2 Binası 2025 İlk Yarı Yıl Dönemi Değerleme Raporu,https://www.kap.org.tr/tr/Bildirim/1453343,tr,2025-06-30T18:19:47+00:00
2025-06-30,HLGYO,KAP,HALK GAYRİMENKUL YATIRIM ORTAKLIĞI A.Ş. - Değerleme Raporu,Değerleme Raporu İzmir Konak-2 Binası 2025 İlk Yarı Yıl Dönemi Değerleme Raporu,https://www.kap.org.tr/tr/Bildirim/1453342,tr,2025-06-30T18:19:38+00:00
2025-06-30,HLGYO,KAP,HALK GAYRİMENKUL YATIRIM ORTAKLIĞI A.Ş. - Değerleme Raporu,Değerleme Raporu Beykoz Arsası 2025 İlk Yarı Yıl Dönemi Değerleme Raporu,https://www.kap.org.tr/tr/Bildirim/1453341,tr,2025-06-30T18:19:28+00:00
2025-06-30,HLGYO,KAP,HALK GAYRİMENKUL YATIRIM ORTAKLIĞI A.Ş. - Değerleme Raporu,Değerleme Raporu İFM Halk Ofis Kuleleri 2025 İlk Yarı Yıl Dönemi Değerleme Raporu,https://www.kap.org.tr/tr/Bildirim/1453340,tr,2025-06-30T18:19:16+00:00
2025-06-30,HLVKS,KAP,HALK VARLIK KİRALAMA A.Ş. - Yatırımcı Raporu,Yatırımcı Raporu Halk Varlık Kiralama A.Ş. Yatırımcı Raporu,https://www.kap.org.tr/tr/Bildirim/1453216,tr,2025-06-30T16:26:42+00:00
2025-06-30,HLY,KAP,HALK YATIRIM MENKUL DEĞERLER A.Ş. - Fiyat Tespit Raporuna İlişkin Analist Raporu (Halka Arza Aracılık Eden Kuruluş Tarafından Hazırlanan),Fiyat Tespit Raporuna İlişkin Analist Raporu (Halka Arza Aracılık Eden Kuruluş Tarafından Hazırlanan) AHES Gayrimenkul Yatırım Ortaklığı A.Ş. Fiyat Tespit Raporuna İlişkin 2. Değerlendirme Raporu AHSGY,https://www.kap.org.tr/tr/Bildirim/1453247,tr,2025-06-30T16:56:23+00:00
2025-06-30,IHEVA,KAP,İHLAS EV ALETLERİ İMALAT SANAYİ VE TİCARET A.Ş. - Özel Durum Açıklaması (Genel),Özel Durum Açıklaması (Genel) Danışmanlık Sözleşmesi İmzalanması Hk.,https://www.kap.org.tr/tr/Bildirim/1452992,tr,2025-06-30T07:21:06+00:00
2025-06-30,IHLAS,KAP,İHLAS HOLDİNG A.Ş. - Şirket Genel Bilgi Formu,Şirket Genel Bilgi Formu,https://www.kap.org.tr/tr/Bildirim/1453349,tr,2025-06-30T18:22:01+00:00
2025-06-30,IHLAS,KAP,İHLAS HOLDİNG A.Ş. - Kar Payı Dağıtım İşlemlerine İlişkin Bildirim,Kar Payı Dağıtım İşlemlerine İlişkin Bildirim 2024 Yılı Kar Payı Dağıtımına İlişkin Genel Kurul Kararı Hk.,https://www.kap.org.tr/tr/Bildirim/1453133,tr,2025-06-30T13:59:50+00:00
2025-06-30,IHLAS,KAP,İHLAS HOLDİNG A.Ş. - Bağımsız Denetim Kuruluşunun Belirlenmesi,Bağımsız Denetim Kuruluşunun Belirlenmesi Bağımsız Denetim Kuruluşu Seçiminin Genel Kurul Tarafından Onaylanması Hk.,https://www.kap.org.tr/tr/Bildirim/1453132,tr,2025-06-30T13:54:52+00:00
2025-06-30,IHLAS,KAP,İHLAS HOLDİNG A.Ş. - Genel Kurul İşlemlerine İlişkin Bildirim,Genel Kurul İşlemlerine İlişkin Bildirim 2024 Yılı Olağan Genel Kurul Toplantısı Sonucu Hk.,https://www.kap.org.tr/tr/Bildirim/1453131,tr,2025-06-30T13:54:42+00:00
2025-06-30,IMASM,KAP,İMAŞ MAKİNA SANAYİ A.Ş. - Kar Payı Dağıtım İşlemlerine İlişkin Bildirim,Kar Payı Dağıtım İşlemlerine İlişkin Bildirim 2024 yılı Kar Dağıtımı ile ilgili Yönetim Kurulu Kararları hk,https://www.kap.org.tr/tr/Bildirim/1453401,tr,2025-06-30T20:08:16+00:00
2025-06-30,IMASM,KAP,İMAŞ MAKİNA SANAYİ A.Ş. - Genel Kurul İşlemlerine İlişkin Bildirim,Genel Kurul İşlemlerine İlişkin Bildirim 2024 yılı Olağan Genel Kurul Toplantısı Hakkında,https://www.kap.org.tr/tr/Bildirim/1453400,tr,2025-06-30T20:08:07+00:00
2025-06-30,INFO,KAP,İNFO YATIRIM MENKUL DEĞERLER A.Ş. - Yatırım Kuruluşu Varant - Sertifika - Senetlerine İlişkin Bildirim,Yatırım Kuruluşu Varant - Sertifika - Senetlerine İlişkin Bildirim 30.06.2025 Vadeli Varantların İtfası,https://www.kap.org.tr/tr/Bildirim/1453491,tr,2025-06-30T23:29:07+00:00
2025-06-30,INFO,KAP,İNFO YATIRIM MENKUL DEĞERLER A.Ş. - Özel Durum Açıklaması (Genel),Özel Durum Açıklaması (Genel) İrtibat Bürosu kapatılmasına İlişkin Başvuru hk.,https://www.kap.org.tr/tr/Bildirim/1453318,tr,2025-06-30T18:11:15+00:00
2025-06-30,INFO,KAP,İNFO YATIRIM MENKUL DEĞERLER A.Ş. - Likidite Sağlayıcılık Kapsamındaki İşlemler,Likidite Sağlayıcılık Kapsamındaki İşlemler TATEN Paylarında Likidite Sağlayıcılık Faaliyetleri Kapsamında Gerçekleştirilen İşlemler TATEN,https://www.kap.org.tr/tr/Bildirim/1453052,tr,2025-06-30T11:03:16+00:00
2025-06-30,INFO,KAP,İNFO YATIRIM MENKUL DEĞERLER A.Ş. - Yatırım Kuruluşu Varant - Sertifika - Senetlerine İlişkin Bildirim,Yatırım Kuruluşu Varant - Sertifika - Senetlerine İlişkin Bildirim İnfo Yatırım Varant ve Sertifikaları Piyasa Yapıcı Alım Satım İşlemleri Bildirimi,https://www.kap.org.tr/tr/Bildirim/1453048,tr,2025-06-30T10:59:10+00:00
2025-06-30,INVES,KAP,INVESTCO HOLDİNG A.Ş. - Payların Geri Alınmasına İlişkin Bildirim,Payların Geri Alınmasına İlişkin Bildirim Pay Geri Alım İşlemleri Hk.,https://www.kap.org.tr/tr/Bildirim/1453354,tr,2025-06-30T18:30:15+00:00
2025-06-30,ISATR,KAP,TÜRKİYE İŞ BANKASI A.Ş. - Pay Dışında Sermaye Piyasası Aracı İşlemlerine İlişkin Bildirim (Faiz İçeren),Pay Dışında Sermaye Piyasası Aracı İşlemlerine İlişkin Bildirim (Faiz İçeren) Yurtdışı Piyasalara Tahvil İhracı,https://www.kap.org.tr/tr/Bildirim/1453197,tr,2025-06-30T15:56:52+00:00
2025-06-30,ISBTR,KAP,TÜRKİYE İŞ BANKASI A.Ş. - Pay Dışında Sermaye Piyasası Aracı İşlemlerine İlişkin Bildirim (Faiz İçeren),Pay Dışında Sermaye Piyasası Aracı İşlemlerine İlişkin Bildirim (Faiz İçeren) Yurtdışı Piyasalara Tahvil İhracı,https://www.kap.org.tr/tr/Bildirim/1453197,tr,2025-06-30T15:56:52+00:00
2025-06-30,ISCTR,KAP,TÜRKİYE İŞ BANKASI A.Ş. - Pay Dışında Sermaye Piyasası Aracı İşlemlerine İlişkin Bildirim (Faiz İçeren),Pay Dışında Sermaye Piyasası Aracı İşlemlerine İlişkin Bildirim (Faiz İçeren) Yurtdışı Piyasalara Tahvil İhracı,https://www.kap.org.tr/tr/Bildirim/1453197,tr,2025-06-30T15:56:52+00:00
2025-06-30,ISGYO,KAP,İŞ GAYRİMENKUL YATIRIM ORTAKLIĞI A.Ş. - Değerleme Raporu,Değerleme Raporu Ankara İş Kule Değerleme Raporu,https://www.kap.org.tr/tr/Bildirim/1453251,tr,2025-06-30T17:01:28+00:00
2025-06-30,ISKUR,KAP,TÜRKİYE İŞ BANKASI A.Ş. - Pay Dışında Sermaye Piyasası Aracı İşlemlerine İlişkin Bildirim (Faiz İçeren),Pay Dışında Sermaye Piyasası Aracı İşlemlerine İlişkin Bildirim (Faiz İçeren) Yurtdışı Piyasalara Tahvil İhracı,https://www.kap.org.tr/tr/Bildirim/1453197,tr,2025-06-30T15:56:52+00:00
2025-06-30,ISMEN,KAP,İŞ YATIRIM MENKUL DEĞERLER A.Ş. - Yatırım Kuruluşu Varant - Sertifika - Senetlerine İlişkin Bildirim,Yatırım Kuruluşu Varant - Sertifika - Senetlerine İlişkin Bildirim İş Yatırım Aracı Kuruluş Varantlarının İtfa Bildirimi,https://www.kap.org.tr/tr/Bildirim/1453398,tr,2025-06-30T19:38:48+00:00
2025-06-30,ISMEN,KAP,İŞ YATIRIM MENKUL DEĞERLER A.Ş. - Yatırım Kuruluşu Varant - Sertifika - Senetlerine İlişkin Bildirim,Yatırım Kuruluşu Varant - Sertifika - Senetlerine İlişkin Bildirim İş Yatırım Sertifika ve Varant Alım Satım İşlemleri,https://www.kap.org.tr/tr/Bildirim/1453026,tr,2025-06-30T09:57:20+00:00
2025-06-30,ISMEN,KAP,İŞ YATIRIM MENKUL DEĞERLER A.Ş. - Piyasa Yapıcılığı Kapsamında Gerçekleştirilen İşlemler Bildirimi,Piyasa Yapıcılığı Kapsamında Gerçekleştirilen İşlemler Bildirimi Borsa Yatırım Fonu Piyasa Yapıcılığı İşlemleri ISGLK,https://www.kap.org.tr/tr/Bildirim/1453024,tr,2025-06-30T09:53:39+00:00
2025-06-30,ISYAT,KAP,İŞ YATIRIM ORTAKLIĞI A.Ş. - Haftalık Rapor,Haftalık Rapor 27.06.2025 Tarihli Haftalık Rapor,https://www.kap.org.tr/tr/Bildirim/1453257,tr,2025-06-30T17:04:50+00:00
2025-06-30,ISYAT,KAP,İŞ YATIRIM ORTAKLIĞI A.Ş. - Özel Durum Açıklaması (Genel),"Özel Durum Açıklaması (Genel) Ortaklık paylarının BİAŞ'ta oluşan ağırlıklı ortalama fiyatının, pay başına net aktif değerinin 2 katını aşması hakkında",https://www.kap.org.tr/tr/Bildirim/1453121,tr,2025-06-30T12:43:10+00:00
2025-06-30,IYF,KAP,İNFO YATIRIM MENKUL DEĞERLER A.Ş. - Yatırım Kuruluşu Varant - Sertifika - Senetlerine İlişkin Bildirim,Yatırım Kuruluşu Varant - Sertifika - Senetlerine İlişkin Bildirim 30.06.2025 Vadeli Varantların İtfası,https://www.kap.org.tr/tr/Bildirim/1453491,tr,2025-06-30T23:29:07+00:00
2025-06-30,IYF,KAP,İNFO YATIRIM MENKUL DEĞERLER A.Ş. - Özel Durum Açıklaması (Genel),Özel Durum Açıklaması (Genel) İrtibat Bürosu kapatılmasına İlişkin Başvuru hk.,https://www.kap.org.tr/tr/Bildirim/1453318,tr,2025-06-30T18:11:15+00:00
2025-06-30,IYF,KAP,İNFO YATIRIM MENKUL DEĞERLER A.Ş. - Likidite Sağlayıcılık Kapsamındaki İşlemler,Likidite Sağlayıcılık Kapsamındaki İşlemler TATEN Paylarında Likidite Sağlayıcılık Faaliyetleri Kapsamında Gerçekleştirilen İşlemler TATEN,https://www.kap.org.tr/tr/Bildirim/1453052,tr,2025-06-30T11:03:16+00:00
2025-06-30,IYF,KAP,İNFO YATIRIM MENKUL DEĞERLER A.Ş. - Yatırım Kuruluşu Varant - Sertifika - Senetlerine İlişkin Bildirim,Yatırım Kuruluşu Varant - Sertifika - Senetlerine İlişkin Bildirim İnfo Yatırım Varant ve Sertifikaları Piyasa Yapıcı Alım Satım İşlemleri Bildirimi,https://www.kap.org.tr/tr/Bildirim/1453048,tr,2025-06-30T10:59:10+00:00
2025-06-30,IYM,KAP,İŞ YATIRIM MENKUL DEĞERLER A.Ş. - Yatırım Kuruluşu Varant - Sertifika - Senetlerine İlişkin Bildirim,Yatırım Kuruluşu Varant - Sertifika - Senetlerine İlişkin Bildirim İş Yatırım Aracı Kuruluş Varantlarının İtfa Bildirimi,https://www.kap.org.tr/tr/Bildirim/1453398,tr,2025-06-30T19:38:48+00:00
2025-06-30,IYM,KAP,İŞ YATIRIM MENKUL DEĞERLER A.Ş. - Yatırım Kuruluşu Varant - Sertifika - Senetlerine İlişkin Bildirim,Yatırım Kuruluşu Varant - Sertifika - Senetlerine İlişkin Bildirim İş Yatırım Sertifika ve Varant Alım Satım İşlemleri,https://www.kap.org.tr/tr/Bildirim/1453026,tr,2025-06-30T09:57:20+00:00
2025-06-30,IYM,KAP,İŞ YATIRIM MENKUL DEĞERLER A.Ş. - Piyasa Yapıcılığı Kapsamında Gerçekleştirilen İşlemler Bildirimi,Piyasa Yapıcılığı Kapsamında Gerçekleştirilen İşlemler Bildirimi Borsa Yatırım Fonu Piyasa Yapıcılığı İşlemleri ISGLK,https://www.kap.org.tr/tr/Bildirim/1453024,tr,2025-06-30T09:53:39+00:00
2025-06-30,KATVK,KAP,KATILIM VARLIK KİRALAMA A.Ş. - İhraç Tavanına İlişkin Bildirim,İhraç Tavanına İlişkin Bildirim Kira Sertifikası İhraç Tavanına İlişkin SPK Onayı HDFFL,https://www.kap.org.tr/tr/Bildirim/1453183,tr,2025-06-30T15:34:09+00:00
2025-06-30,KCHOL,KAP,KOÇ HOLDİNG A.Ş. - Şirket Genel Bilgi Formu,Şirket Genel Bilgi Formu,https://www.kap.org.tr/tr/Bildirim/1453329,tr,2025-06-30T18:15:13+00:00
2025-06-30,KLGYO,KAP,KİLER GAYRİMENKUL YATIRIM ORTAKLIĞI A.Ş. - Özel Durum Açıklaması (Genel),Özel Durum Açıklaması (Genel) Yönetim Kurulu Üylerinin Tescil edilmesi hk.,https://www.kap.org.tr/tr/Bildirim/1453383,tr,2025-06-30T18:55:28+00:00
2025-06-30,KLGYO,KAP,KİLER GAYRİMENKUL YATIRIM ORTAKLIĞI A.Ş. - Bağımsız Denetim Kuruluşunun Belirlenmesi,Bağımsız Denetim Kuruluşunun Belirlenmesi Bağımsız Denetim Kuruluşunun Belirlenmesi,https://www.kap.org.tr/tr/Bildirim/1453370,tr,2025-06-30T18:45:55+00:00
2025-06-30,KLGYO,KAP,KİLER GAYRİMENKUL YATIRIM ORTAKLIĞI A.Ş. - Kar Payı Dağıtım İşlemlerine İlişkin Bildirim,Kar Payı Dağıtım İşlemlerine İlişkin Bildirim Kar Payı Dağıtım İşlemlerine İlişkin Bildirim,https://www.kap.org.tr/tr/Bildirim/1453363,tr,2025-06-30T18:35:44+00:00
2025-06-30,KLGYO,KAP,KİLER GAYRİMENKUL YATIRIM ORTAKLIĞI A.Ş. - Genel Kurul İşlemlerine İlişkin Bildirim,Genel Kurul İşlemlerine İlişkin Bildirim Genel Kurul İşlemlerine İlişkin Bildirim,https://www.kap.org.tr/tr/Bildirim/1453353,tr,2025-06-30T18:29:35+00:00
2025-06-30,KLN,KAP,TÜRKİYE KALKINMA VE YATIRIM BANKASI A.Ş. - Esas Sözleşme,Esas Sözleşme Banka Esas Sözleşmesinin Son Şekli,https://www.kap.org.tr/tr/Bildirim/1453412,tr,2025-06-30T21:26:02+00:00
2025-06-30,KLN,KAP,TÜRKİYE KALKINMA VE YATIRIM BANKASI A.Ş. - Sermaye Artırımı - Azaltımı İşlemlerine İlişkin Bildirim,"Sermaye Artırımı - Azaltımı İşlemlerine İlişkin Bildirim Banka Esas Sözleşmesinin ""Sermaye"" başlıklı 6. maddesi tadilinin Türkiye Ticaret Sicili Gazetesi'nde ilan edilmesi",https://www.kap.org.tr/tr/Bildirim/1453411,tr,2025-06-30T21:25:09+00:00
2025-06-30,KLNMA,KAP,TÜRKİYE KALKINMA VE YATIRIM BANKASI A.Ş. - Esas Sözleşme,Esas Sözleşme Banka Esas Sözleşmesinin Son Şekli,https://www.kap.org.tr/tr/Bildirim/1453412,tr,2025-06-30T21:26:02+00:00
2025-06-30,KLNMA,KAP,TÜRKİYE KALKINMA VE YATIRIM BANKASI A.Ş. - Sermaye Artırımı - Azaltımı İşlemlerine İlişkin Bildirim,"Sermaye Artırımı - Azaltımı İşlemlerine İlişkin Bildirim Banka Esas Sözleşmesinin ""Sermaye"" başlıklı 6. maddesi tadilinin Türkiye Ticaret Sicili Gazetesi'nde ilan edilmesi",https://www.kap.org.tr/tr/Bildirim/1453411,tr,2025-06-30T21:25:09+00:00
2025-06-30,KRGYO,KAP,KÖRFEZ GAYRİMENKUL YATIRIM ORTAKLIĞI A.Ş. - Değerleme Raporu,Değerleme Raporu KÖRFEZ GYO KARTAL HORİZON SİTESİ 30.06.2025 TARİHLİ DEĞERLEME RAPORU,https://www.kap.org.tr/tr/Bildirim/1453276,tr,2025-06-30T17:22:40+00:00
2025-06-30,KRGYO,KAP,KÖRFEZ GAYRİMENKUL YATIRIM ORTAKLIĞI A.Ş. - Değerleme Raporu,Değerleme Raporu KÖRFEZ GYO TORUN CENTER 4 ADET TİCARİ (OFİS) BAĞIMSIZ BÖLÜM 30.06.2025 TARİHLİ DEĞERLEME RAPORU,https://www.kap.org.tr/tr/Bildirim/1453275,tr,2025-06-30T17:22:31+00:00
2025-06-30,KRGYO,KAP,KÖRFEZ GAYRİMENKUL YATIRIM ORTAKLIĞI A.Ş. - Değerleme Raporu,Değerleme Raporu KÖRFEZ GYO TUZLA ARSASI 30.06.2025 TARİHLİ DEĞERLEME RAPORU,https://www.kap.org.tr/tr/Bildirim/1453274,tr,2025-06-30T17:22:23+00:00
2025-06-30,KRGYO,KAP,KÖRFEZ GAYRİMENKUL YATIRIM ORTAKLIĞI A.Ş. - Değerleme Raporu,Değerleme Raporu KÖRFEZ GYO KİLYOS ARSASI 30.06.2025 TARİHLİ DEĞERLEME RAPORU,https://www.kap.org.tr/tr/Bildirim/1453273,tr,2025-06-30T17:22:14+00:00
2025-06-30,KRGYO,KAP,KÖRFEZ GAYRİMENKUL YATIRIM ORTAKLIĞI A.Ş. - Değerleme Raporu,Değerleme Raporu KÖRFEZ GYO GÜRE KÖRFEZ TERMAL DEVREMÜLK TESİSİ 30.06.2025 TARİHLİ DEĞERLEME RAPORU,https://www.kap.org.tr/tr/Bildirim/1453272,tr,2025-06-30T17:22:06+00:00
2025-06-30,KRONT,KAP,KRON TEKNOLOJİ A.Ş. - Sermaye Artırımı - Azaltımı İşlemlerine İlişkin Bildirim,Sermaye Artırımı - Azaltımı İşlemlerine İlişkin Bildirim Kullanılmayan Rüçhan Haklarının Birincil Piyasada Satışının Tamamlanması Hakkında,https://www.kap.org.tr/tr/Bildirim/1453148,tr,2025-06-30T14:28:05+00:00
2025-06-30,KTKVK,KAP,KT KİRA SERTİFİKALARI VARLIK KİRALAMA A.Ş. - Pay Dışında Sermaye Piyasası Aracı İşlemlerine İlişkin Bildirim (Faizsiz),Pay Dışında Sermaye Piyasası Aracı İşlemlerine İlişkin Bildirim (Faizsiz) Şirketimiz Tarafından İhraç Edilmiş Olan TRDKTVK62559 ISIN Kodlu Kira Sertifikası Kupon ve Anapara Ödeme İşlemi Hk. KTK,https://www.kap.org.tr/tr/Bildirim/1453190,tr,2025-06-30T15:52:15+00:00
2025-06-30,KTLEV,KAP,KATILIMEVİM TASARRUF FİNANSMAN A.Ş. - Özel Durum Açıklaması (Genel),Özel Durum Açıklaması (Genel) Manavgat Şube Açılışı Hk.,https://www.kap.org.tr/tr/Bildirim/1453045,tr,2025-06-30T10:48:00+00:00
2025-06-30,KUYAS,KAP,KUYAŞ YATIRIM A.Ş. - Özel Durum Açıklaması (Genel),Özel Durum Açıklaması (Genel) Özel Durum Açıklaması,https://www.kap.org.tr/tr/Bildirim/1453152,tr,2025-06-30T14:44:29+00:00
2025-06-30,KZGYO,KAP,KUZUGRUP GAYRİMENKUL YATIRIM ORTAKLIĞI A.Ş. - Değerleme Raporu,"Değerleme Raporu Otel, Apart Üniteler ve Dükkanlar Değerleme Raporu",https://www.kap.org.tr/tr/Bildirim/1453405,tr,2025-06-30T20:34:21+00:00
2025-06-30,LILAK,KAP,LİLA KAĞIT SANAYİ VE TİCARET A.Ş. - Özel Durum Açıklaması (Genel),Özel Durum Açıklaması (Genel) Yönetici Sorumluluk Sigortası Hakkında,https://www.kap.org.tr/tr/Bildirim/1453326,tr,2025-06-30T18:13:07+00:00
2025-06-30,LINK,KAP,LİNK BİLGİSAYAR SİSTEMLERİ YAZILIMI VE DONANIMI SANAYİ VE TİCARET A.Ş. - Yeni İş İlişkisi,Yeni İş İlişkisi Sözleşme İmzalanması Hakkında,https://www.kap.org.tr/tr/Bildirim/1453012,tr,2025-06-30T09:33:37+00:00
2025-06-30,LKMNH,KAP,LOKMAN HEKİM ENGÜRÜSAĞ SAĞLIK TURİZM EĞİTİM HİZMETLERİ VE İNŞAAT TAAHHÜT A.Ş. - Payların Geri Alınmasına İlişkin Bildirim,Payların Geri Alınmasına İlişkin Bildirim Hisse Geri Alımı,https://www.kap.org.tr/tr/Bildirim/1453352,tr,2025-06-30T18:28:06+00:00
2025-06-30,LYDYE,KAP,LYDİA YEŞİL ENERJİ KAYNAKLARI A.Ş. - Birleşme İşlemlerine İlişkin Bildirim,Birleşme İşlemlerine İlişkin Bildirim Birleşme İşleminin Ticaret Sicilinde Tescil ve İlan Edilmesi Hk.,https://www.kap.org.tr/tr/Bildirim/1453262,tr,2025-06-30T17:13:56+00:00
2025-06-30,MAGEN,KAP,MARGÜN ENERJİ ÜRETİM SANAYİ VE TİCARET A.Ş. - Sermaye Artırımından Elde Edilecek - Edilen Fonun Kullanımına İlişkin Rapor,Sermaye Artırımından Elde Edilecek - Edilen Fonun Kullanımına İlişkin Rapor Halka Arzdan Elde Edilen Fonun Kullanımına İlişkin Rapor,https://www.kap.org.tr/tr/Bildirim/1453333,tr,2025-06-30T18:16:38+00:00
2025-06-30,MAGEN,KAP,MARGÜN ENERJİ ÜRETİM SANAYİ VE TİCARET A.Ş. - Sermaye Artırımı - Azaltımı İşlemlerine İlişkin Bildirim,Sermaye Artırımı - Azaltımı İşlemlerine İlişkin Bildirim Bedelsiz Sermaye Artırımına İçin SPK Başvurusu,https://www.kap.org.tr/tr/Bildirim/1453004,tr,2025-06-30T09:00:22+00:00
2025-06-30,MGROS,KAP,MİGROS TİCARET A.Ş. - Finansal Takvim,Finansal Takvim Finansal Takvim,https://www.kap.org.tr/tr/Bildirim/1453335,tr,2025-06-30T18:17:10+00:00
2025-06-30,MHRGY,KAP,MHR GAYRİMENKUL YATIRIM ORTAKLIĞI A.Ş. - Payların Geri Alınmasına İlişkin Bildirim,Payların Geri Alınmasına İlişkin Bildirim Payların Geri Alınmasına İlişkin Bildirim,https://www.kap.org.tr/tr/Bildirim/1453356,tr,2025-06-30T18:30:38+00:00
2025-06-30,MIATK,KAP,MİA TEKNOLOJİ A.Ş. - Özel Durum Açıklaması (Genel),Özel Durum Açıklaması (Genel) Şirketimizin İştiraki olan Tripy Mobility Teknoloji A.Ş'ye ilişkin imzalanan ''İş Tanıtıcı Anlaşması'' Hakkında,https://www.kap.org.tr/tr/Bildirim/1453268,tr,2025-06-30T17:19:58+00:00
2025-06-30,MIATK,KAP,MİA TEKNOLOJİ A.Ş. - Şirket Genel Bilgi Formu,Şirket Genel Bilgi Formu,https://www.kap.org.tr/tr/Bildirim/1453202,tr,2025-06-30T16:03:39+00:00
2025-06-30,MIATK,KAP,MİA TEKNOLOJİ A.Ş. - Özel Durum Açıklaması (Genel),Özel Durum Açıklaması (Genel) 20.06.2025 Tarihli 2024 Yılı Olağan Genel Kurul Toplantsı Sonucu Oluşan Yeni Esas Sözleşme Örneği,https://www.kap.org.tr/tr/Bildirim/1453201,tr,2025-06-30T16:03:03+00:00
2025-06-30,MPARK,KAP,MLP SAĞLIK HİZMETLERİ A.Ş. - Pay Dışında Sermaye Piyasası Aracı İşlemlerine İlişkin Bildirim (Faiz İçeren),Pay Dışında Sermaye Piyasası Aracı İşlemlerine İlişkin Bildirim (Faiz İçeren) TRSMLPC62724 ISIN Kodlu 2.000.000.000 TL Tutarında Yeşil Tahvil İhracı Hakkında Bildirim,https://www.kap.org.tr/tr/Bildirim/1453061,tr,2025-06-30T11:07:14+00:00
2025-06-30,MPARK,KAP,MLP SAĞLIK HİZMETLERİ A.Ş. - Pay Dışında Sermaye Piyasası Aracı İşlemlerine İlişkin Bildirim (Faiz İçeren),Pay Dışında Sermaye Piyasası Aracı İşlemlerine İlişkin Bildirim (Faiz İçeren) TRSMLPC62716 ISIN Kodlu 5.000.000.000 TL Tutarında Özel Sektör Tahvili İhracı Hakkında Bildirim,https://www.kap.org.tr/tr/Bildirim/1453059,tr,2025-06-30T11:06:58+00:00
2025-06-30,MSY,KAP,MİSYON YATIRIM BANKASI A.Ş. - Pay Dışında Sermaye Piyasası Aracı İşlemlerine İlişkin Bildirim (Faiz İçeren),Pay Dışında Sermaye Piyasası Aracı İşlemlerine İlişkin Bildirim (Faiz İçeren) FİNANSMAN BONOSU İHRACI ISIN:TRFMSYN62618,https://www.kap.org.tr/tr/Bildirim/1453047,tr,2025-06-30T10:55:41+00:00
2025-06-30,MSY,KAP,MİSYON YATIRIM BANKASI A.Ş. - Pay Dışında Sermaye Piyasası Aracı İşlemlerine İlişkin Bildirim (Faiz İçeren),Pay Dışında Sermaye Piyasası Aracı İşlemlerine İlişkin Bildirim (Faiz İçeren) FİNANSMAN BONOSU İHRACI ISIN:TRFMSYNA2511,https://www.kap.org.tr/tr/Bildirim/1453046,tr,2025-06-30T10:54:22+00:00
2025-06-30,MSYBN,KAP,MİSYON YATIRIM BANKASI A.Ş. - Pay Dışında Sermaye Piyasası Aracı İşlemlerine İlişkin Bildirim (Faiz İçeren),Pay Dışında Sermaye Piyasası Aracı İşlemlerine İlişkin Bildirim (Faiz İçeren) FİNANSMAN BONOSU İHRACI ISIN:TRFMSYN62618,https://www.kap.org.tr/tr/Bildirim/1453047,tr,2025-06-30T10:55:41+00:00
2025-06-30,MSYBN,KAP,MİSYON YATIRIM BANKASI A.Ş. - Pay Dışında Sermaye Piyasası Aracı İşlemlerine İlişkin Bildirim (Faiz İçeren),Pay Dışında Sermaye Piyasası Aracı İşlemlerine İlişkin Bildirim (Faiz İçeren) FİNANSMAN BONOSU İHRACI ISIN:TRFMSYNA2511,https://www.kap.org.tr/tr/Bildirim/1453046,tr,2025-06-30T10:54:22+00:00
2025-06-30,MTRKS,KAP,MATRİKS FİNANSAL TEKNOLOJİLER A.Ş. - Şirket Genel Bilgi Formu,Şirket Genel Bilgi Formu,https://www.kap.org.tr/tr/Bildirim/1453322,tr,2025-06-30T18:11:49+00:00
2025-06-30,MTRKS,KAP,MATRİKS FİNANSAL TEKNOLOJİLER A.Ş. - Özel Durum Açıklaması (Genel),"Özel Durum Açıklaması (Genel) Bağlı Ortaklığımız Rootech Kripto Varlık Alım Satım Platformu A.Ş. 'nin SPK Başvurusu Hakkında,",https://www.kap.org.tr/tr/Bildirim/1453319,tr,2025-06-30T18:11:17+00:00
2025-06-30,MTRYO,KAP,METRO YATIRIM ORTAKLIĞI A.Ş. - Pay Alım Satım Bildirimi,Pay Alım Satım Bildirimi Pay Alım Bildirimi VANGD,https://www.kap.org.tr/tr/Bildirim/1453362,tr,2025-06-30T18:35:39+00:00
2025-06-30,MTRYO,KAP,METRO YATIRIM ORTAKLIĞI A.Ş. - Haftalık Rapor,Haftalık Rapor Haftalık Rapor,https://www.kap.org.tr/tr/Bildirim/1453099,tr,2025-06-30T12:33:05+00:00
2025-06-30,MZHLD,KAP,MAZHAR ZORLU HOLDİNG A.Ş. - Şirket Genel Bilgi Formu,Şirket Genel Bilgi Formu,https://www.kap.org.tr/tr/Bildirim/1453325,tr,2025-06-30T18:12:49+00:00
2025-06-30,NRBNK,KAP,NUROL YATIRIM BANKASI A.Ş. - Sermaye Artırımı veya Azaltımı Bildirimi,Sermaye Artırımı veya Azaltımı Bildirimi Sermaye Artırımı Tescili,https://www.kap.org.tr/tr/Bildirim/1453266,tr,2025-06-30T17:18:39+00:00
2025-06-30,NRBNK,KAP,NUROL YATIRIM BANKASI A.Ş. - Genel Kurul Bildirimi,Genel Kurul Bildirimi Olağanüstü Genel Kurul Kararı Tescili,https://www.kap.org.tr/tr/Bildirim/1453264,tr,2025-06-30T17:18:31+00:00
2025-06-30,NYB,KAP,NUROL YATIRIM BANKASI A.Ş. - Sermaye Artırımı veya Azaltımı Bildirimi,Sermaye Artırımı veya Azaltımı Bildirimi Sermaye Artırımı Tescili,https://www.kap.org.tr/tr/Bildirim/1453266,tr,2025-06-30T17:18:39+00:00
2025-06-30,NYB,KAP,NUROL YATIRIM BANKASI A.Ş. - Genel Kurul Bildirimi,Genel Kurul Bildirimi Olağanüstü Genel Kurul Kararı Tescili,https://www.kap.org.tr/tr/Bildirim/1453264,tr,2025-06-30T17:18:31+00:00
2025-06-30,ODINE,KAP,ODİNE SOLUTİONS TEKNOLOJİ TİCARET VE SANAYİ A.Ş. - Olağan Dışı Fiyat ve Miktar Hareketleri,Olağan Dışı Fiyat ve Miktar Hareketleri Olağandışı fiyat ve miktar hareketi hk.,https://www.kap.org.tr/tr/Bildirim/1453494,tr,2025-06-30T23:37:53+00:00
2025-06-30,OSTIM,KAP,OSTİM ENDÜSTRİYEL YATIRIMLAR VE İŞLETME A.Ş. - Kayıtlı Sermaye Tavanı İşlemlerine İlişkin Bildirim,Kayıtlı Sermaye Tavanı İşlemlerine İlişkin Bildirim Kayıtlı Sermaye Tavanı Ana Sözleşme Tadili Onayı Hk.,https://www.kap.org.tr/tr/Bildirim/1453388,tr,2025-06-30T19:07:44+00:00
2025-06-30,OSTIM,KAP,OSTİM ENDÜSTRİYEL YATIRIMLAR VE İŞLETME A.Ş. - Bağımsız Denetim Kuruluşunun Belirlenmesi,Bağımsız Denetim Kuruluşunun Belirlenmesi 2025 Yılı Bağımsız Denetim Şirketinin Seçimi,https://www.kap.org.tr/tr/Bildirim/1453379,tr,2025-06-30T18:52:07+00:00
2025-06-30,OSTIM,KAP,OSTİM ENDÜSTRİYEL YATIRIMLAR VE İŞLETME A.Ş. - Kar Payı Dağıtım İşlemlerine İlişkin Bildirim,Kar Payı Dağıtım İşlemlerine İlişkin Bildirim 01.01.2024 - 31.12.2024 Hesap Dönemine İlişkin Kâr Payı Dağıtım Sonucu Hk.,https://www.kap.org.tr/tr/Bildirim/1453371,tr,2025-06-30T18:49:35+00:00
2025-06-30,OSTIM,KAP,OSTİM ENDÜSTRİYEL YATIRIMLAR VE İŞLETME A.Ş. - Genel Kurul İşlemlerine İlişkin Bildirim,Genel Kurul İşlemlerine İlişkin Bildirim 2024 Yılı Olağan Genel Kurul Toplantı Sonucu,https://www.kap.org.tr/tr/Bildirim/1453338,tr,2025-06-30T18:18:30+00:00
2025-06-30,OTKAR,KAP,OTOKAR OTOMOTİV VE SAVUNMA SANAYİ A.Ş. - Pay Dışında Sermaye Piyasası Aracı İşlemlerine İlişkin Bildirim (Faiz İçeren),Pay Dışında Sermaye Piyasası Aracı İşlemlerine İlişkin Bildirim (Faiz İçeren) TRSOTKR62516 ISIN kodlu Tahvilin Kupon Ödemesi ve İtfası,https://www.kap.org.tr/tr/Bildirim/1453321,tr,2025-06-30T18:11:48+00:00
2025-06-30,OYA,KAP,OYAK YATIRIM MENKUL DEĞERLER A.Ş. - Piyasa Yapıcılığı Kapsamında Gerçekleştirilen İşlemler Bildirimi,Piyasa Yapıcılığı Kapsamında Gerçekleştirilen İşlemler Bildirimi 30/06/2025 TARİHLİ OYAYO PİYASA YAPICILIĞI İŞLEMLERİ OYAYO,https://www.kap.org.tr/tr/Bildirim/1453407,tr,2025-06-30T20:46:54+00:00
2025-06-30,OYAYO,KAP,OYAK YATIRIM ORTAKLIĞI A.Ş. - Özel Durum Açıklaması (Genel),"Özel Durum Açıklaması (Genel) Ortaklık paylarının BİAŞ'ta oluşan ağırlıklı ortalama fiyatının, pay başına net aktif değerinin 2 katını aşması hakkında",https://www.kap.org.tr/tr/Bildirim/1453034,tr,2025-06-30T10:05:00+00:00
2025-06-30,OYAYO,KAP,OYAK YATIRIM ORTAKLIĞI A.Ş. - Haftalık Rapor,Haftalık Rapor 27.06.2025 Tarihli Haftalık Rapor,https://www.kap.org.tr/tr/Bildirim/1453033,tr,2025-06-30T10:04:02+00:00
2025-06-30,OYLUM,KAP,OYLUM SINAİ YATIRIMLAR A.Ş. - Bağımsız Denetim Kuruluşunun Belirlenmesi,Bağımsız Denetim Kuruluşunun Belirlenmesi Bağımsız Denetim Kuruluşunun Belirlenmesi,https://www.kap.org.tr/tr/Bildirim/1453141,tr,2025-06-30T14:17:49+00:00
2025-06-30,OYLUM,KAP,OYLUM SINAİ YATIRIMLAR A.Ş. - Genel Kurul İşlemlerine İlişkin Bildirim,Genel Kurul İşlemlerine İlişkin Bildirim Genel Kurul Kararlarının Tescil ve İlanı,https://www.kap.org.tr/tr/Bildirim/1453080,tr,2025-06-30T11:58:34+00:00
2025-06-30,OYYAT,KAP,OYAK YATIRIM MENKUL DEĞERLER A.Ş. - Piyasa Yapıcılığı Kapsamında Gerçekleştirilen İşlemler Bildirimi,Piyasa Yapıcılığı Kapsamında Gerçekleştirilen İşlemler Bildirimi 30/06/2025 TARİHLİ OYAYO PİYASA YAPICILIĞI İŞLEMLERİ OYAYO,https://www.kap.org.tr/tr/Bildirim/1453407,tr,2025-06-30T20:46:54+00:00
2025-06-30,OZATD,KAP,ÖZATA DENİZCİLİK SANAYİ VE TİCARET A.Ş. - Şirket Genel Bilgi Formu,Şirket Genel Bilgi Formu,https://www.kap.org.tr/tr/Bildirim/1453485,tr,2025-06-30T22:07:26+00:00
2025-06-30,OZATD,KAP,ÖZATA DENİZCİLİK SANAYİ VE TİCARET A.Ş. - Özel Durum Açıklaması (Genel),Özel Durum Açıklaması (Genel) YÖNETİM KURULU GÖREV DAĞILIMI,https://www.kap.org.tr/tr/Bildirim/1453468,tr,2025-06-30T21:53:20+00:00
2025-06-30,OZATD,KAP,ÖZATA DENİZCİLİK SANAYİ VE TİCARET A.Ş. - Özel Durum Açıklaması (Genel),Özel Durum Açıklaması (Genel) Yönetim Kurulu Üye Değişikliği,https://www.kap.org.tr/tr/Bildirim/1453426,tr,2025-06-30T21:47:51+00:00
2025-06-30,PASEU,KAP,PASİFİK EURASİA LOJİSTİK DIŞ TİCARET A.Ş. - Özel Durum Açıklaması (Genel),Özel Durum Açıklaması (Genel) Yatırımcılarımızı Bilgilendirme,https://www.kap.org.tr/tr/Bildirim/1453490,tr,2025-06-30T23:25:34+00:00
2025-06-30,PATEK,KAP,PASİFİK TEKNOLOJİ A.Ş. - Özel Durum Açıklaması (Genel),Özel Durum Açıklaması (Genel) Tahsisli sermaye artırımına ilişkin bildirim,https://www.kap.org.tr/tr/Bildirim/1453011,tr,2025-06-30T09:29:52+00:00
2025-06-30,PBT,KAP,PASHA YATIRIM BANKASI A.Ş. - Pay Dışında Sermaye Piyasası Aracı İşlemlerine İlişkin Bildirim (Faiz İçeren),Pay Dışında Sermaye Piyasası Aracı İşlemlerine İlişkin Bildirim (Faiz İçeren) PASHA Yatırım Bankası A.Ş. VDMK İtfası,https://www.kap.org.tr/tr/Bildirim/1453130,tr,2025-06-30T13:28:01+00:00
2025-06-30,PBTR,KAP,PASHA YATIRIM BANKASI A.Ş. - Pay Dışında Sermaye Piyasası Aracı İşlemlerine İlişkin Bildirim (Faiz İçeren),Pay Dışında Sermaye Piyasası Aracı İşlemlerine İlişkin Bildirim (Faiz İçeren) PASHA Yatırım Bankası A.Ş. VDMK İtfası,https://www.kap.org.tr/tr/Bildirim/1453130,tr,2025-06-30T13:28:01+00:00
2025-06-30,PCILT,KAP,PC İLETİŞİM VE MEDYA HİZMETLERİ SANAYİ TİCARET A.Ş. - Bağımsız Denetim Kuruluşunun Belirlenmesi,Bağımsız Denetim Kuruluşunun Belirlenmesi Yönetim Kurulu'nun 2025 yılı için Bağımsız Denetim Kuruluşu önerisi,https://www.kap.org.tr/tr/Bildirim/1453489,tr,2025-06-30T23:04:09+00:00
2025-06-30,PCILT,KAP,PC İLETİŞİM VE MEDYA HİZMETLERİ SANAYİ TİCARET A.Ş. - Payların Geri Alınmasına İlişkin Bildirim,Payların Geri Alınmasına İlişkin Bildirim 27.06.2025 Tarihli Pay Geri Alım İşlemleri,https://www.kap.org.tr/tr/Bildirim/1452991,tr,2025-06-30T01:52:50+00:00
2025-06-30,PNLSN,KAP,PANELSAN ÇATI CEPHE SİSTEMLERİ SANAYİ VE TİCARET A.Ş. - Kar Payı Dağıtım İşlemlerine İlişkin Bildirim,Kar Payı Dağıtım İşlemlerine İlişkin Bildirim DÜZELTME- Kar Payı Dağıtım İşlemlerine İlişkin Bildirim HK.,https://www.kap.org.tr/tr/Bildirim/1453176,tr,2025-06-30T15:18:44+00:00
2025-06-30,QNBTR,KAP,QNB BANK A.Ş. - Pay Dışında Sermaye Piyasası Aracı İşlemlerine İlişkin Bildirim (Faiz İçeren),Pay Dışında Sermaye Piyasası Aracı İşlemlerine İlişkin Bildirim (Faiz İçeren) MTN programı kapsamında yurtdışında ihraç edilen borçlanma aracının ihracı,https://www.kap.org.tr/tr/Bildirim/1453211,tr,2025-06-30T16:19:35+00:00
2025-06-30,QNBTR,KAP,QNB BANK A.Ş. - Pay Dışında Sermaye Piyasası Aracı İşlemlerine İlişkin Bildirim (Faiz İçeren),Pay Dışında Sermaye Piyasası Aracı İşlemlerine İlişkin Bildirim (Faiz İçeren) MTN programı kapsamında yurtdışında ihraç edilen borçlanma aracının ihracı,https://www.kap.org.tr/tr/Bildirim/1453209,tr,2025-06-30T16:19:16+00:00
2025-06-30,QNBTR,KAP,QNB BANK A.Ş. - Pay Dışında Sermaye Piyasası Aracı İşlemlerine İlişkin Bildirim (Faiz İçeren),Pay Dışında Sermaye Piyasası Aracı İşlemlerine İlişkin Bildirim (Faiz İçeren) MTN programı kapsamında yurtdışında ihraç edilen borçlanma aracının itfası,https://www.kap.org.tr/tr/Bildirim/1453207,tr,2025-06-30T16:18:17+00:00
2025-06-30,QNBTR,KAP,QNB BANK A.Ş. - Pay Dışında Sermaye Piyasası Aracı İşlemlerine İlişkin Bildirim (Faiz İçeren),Pay Dışında Sermaye Piyasası Aracı İşlemlerine İlişkin Bildirim (Faiz İçeren) MTN programı kapsamında yurtdışında ihraç edilen borçlanma aracının itfası,https://www.kap.org.tr/tr/Bildirim/1453206,tr,2025-06-30T16:18:01+00:00
2025-06-30,QNBTR,KAP,QNB BANK A.Ş. - Pay Dışında Sermaye Piyasası Aracı İşlemlerine İlişkin Bildirim (Faiz İçeren),Pay Dışında Sermaye Piyasası Aracı İşlemlerine İlişkin Bildirim (Faiz İçeren) MTN programı kapsamında yurtdışında ihraç edilen borçlanma aracının itfası,https://www.kap.org.tr/tr/Bildirim/1453204,tr,2025-06-30T16:17:43+00:00
2025-06-30,QNBTR,KAP,QNB BANK A.Ş. - İhraç Tavanına İlişkin Bildirim,İhraç Tavanına İlişkin Bildirim 3.000.000.000 TL(üçmilyarTürkLirası) tutara ve 5 (beş) yıla kadar vadeli sürdürülebilir/yeşil tahvil ve/veya finansman bonolarının ihraç edilmesine ilişkin Yönetim Kurulu Kararı,https://www.kap.org.tr/tr/Bildirim/1453182,tr,2025-06-30T15:30:15+00:00
2025-06-30,QUFIN,KAP,QUICK FİNANSMAN A.Ş. - Kredi Derecelendirmesi,Kredi Derecelendirmesi Kredi Derecelendirme Notu Hk.,https://www.kap.org.tr/tr/Bildirim/1453177,tr,2025-06-30T15:24:18+00:00
2025-06-30,QYHOL,KAP,Q YATIRIM HOLDİNG A.Ş. - Pay Dışında Sermaye Piyasası Aracı İşlemlerine İlişkin Bildirim (Faiz İçeren),Pay Dışında Sermaye Piyasası Aracı İşlemlerine İlişkin Bildirim (Faiz İçeren) İtfa,https://www.kap.org.tr/tr/Bildirim/1453093,tr,2025-06-30T12:16:32+00:00
2025-06-30,RGYAS,KAP,RÖNESANS GAYRİMENKUL YATIRIM A.Ş. - Birleşme İşlemlerine İlişkin Bildirim,"Birleşme İşlemlerine İlişkin Bildirim Şirketimizin, %100 Hissedarı Olduğu Bağlı Ortaklıkları ile Kolaylaştırılmış Usulde Birleşmesine İlişkin Ticaret Sicil Onayı",https://www.kap.org.tr/tr/Bildirim/1453348,tr,2025-06-30T18:21:40+00:00
2025-06-30,RYGYO,KAP,REYSAŞ GAYRİMENKUL YATIRIM ORTAKLIĞI A.Ş. - Pay Alım Satım Bildirimi,Pay Alım Satım Bildirimi Pay Alımı Hk.,https://www.kap.org.tr/tr/Bildirim/1453245,tr,2025-06-30T16:52:31+00:00
2025-06-30,RYSAS,KAP,REYSAŞ TAŞIMACILIK VE LOJİSTİK TİCARET A.Ş. - Pay Alım Satım Bildirimi,Pay Alım Satım Bildirimi Pay Alımı Hk.,https://www.kap.org.tr/tr/Bildirim/1453243,tr,2025-06-30T16:50:36+00:00
2025-06-30,SANFM,KAP,SANİFOAM ENDÜSTRİ VE TÜKETİM ÜRÜNLERİ SANAYİ TİCARET A.Ş. - Payların Geri Alınmasına İlişkin Bildirim,Payların Geri Alınmasına İlişkin Bildirim 30.06.2025 Tarihli Pay Geri Alım İşlemleri,https://www.kap.org.tr/tr/Bildirim/1453320,tr,2025-06-30T18:11:23+00:00
2025-06-30,SELVA,KAP,SELVA GIDA SANAYİ A.Ş. - Özel Durum Açıklaması (Genel),Özel Durum Açıklaması (Genel) İstifa ve Atama Hk.,https://www.kap.org.tr/tr/Bildirim/1453403,tr,2025-06-30T20:12:05+00:00
2025-06-30,SISE,KAP,TÜRKİYE ŞİŞE VE CAM FABRİKALARI A.Ş. - Payların Geri Alınmasına İlişkin Bildirim,Payların Geri Alınmasına İlişkin Bildirim Pay Geri Alım Programına İlişkin 3 yıllık Sürenin Dolması Nedeniyle Yapılan Bildirim,https://www.kap.org.tr/tr/Bildirim/1453010,tr,2025-06-30T09:21:59+00:00
2025-06-30,SNGYO,KAP,SİNPAŞ GAYRİMENKUL YATIRIM ORTAKLIĞI A.Ş. - Şirket Genel Bilgi Formu,Şirket Genel Bilgi Formu,https://www.kap.org.tr/tr/Bildirim/1453189,tr,2025-06-30T15:52:13+00:00
2025-06-30,SNGYO,KAP,SİNPAŞ GAYRİMENKUL YATIRIM ORTAKLIĞI A.Ş. - Finansal Duran Varlık Satışı,"Finansal Duran Varlık Satışı Bağlı Ortaklığımız ""Azer Ziraat Gıda ve Hayvancılık A.Ş."" Hisselerinin Satışı",https://www.kap.org.tr/tr/Bildirim/1453184,tr,2025-06-30T15:39:59+00:00
2025-06-30,SRVGY,KAP,SERVET GAYRİMENKUL YATIRIM ORTAKLIĞI A.Ş. - Özel Durum Açıklaması (Genel),Özel Durum Açıklaması (Genel) Bağımsız Yönetim Kurulu Üyesi Adaylarının Uygunluğuna İlişkin SPK Onayı,https://www.kap.org.tr/tr/Bildirim/1453306,tr,2025-06-30T17:33:04+00:00
2025-06-30,SUNTK,KAP,SUN TEKSTİL SANAYİ VE TİCARET A.Ş. - Genel Kurul İşlemlerine İlişkin Bildirim,Genel Kurul İşlemlerine İlişkin Bildirim 2024 Olağan Genel Kurul Toplantı Çağrısı,https://www.kap.org.tr/tr/Bildirim/1453336,tr,2025-06-30T18:17:45+00:00
2025-06-30,SUNTK,KAP,SUN TEKSTİL SANAYİ VE TİCARET A.Ş. - Kar Payı Dağıtım İşlemlerine İlişkin Bildirim,Kar Payı Dağıtım İşlemlerine İlişkin Bildirim Kar Payı Dağıtım İşlemlerine İlişkin Bildirim,https://www.kap.org.tr/tr/Bildirim/1453334,tr,2025-06-30T18:16:41+00:00
2025-06-30,SUNTK,KAP,SUN TEKSTİL SANAYİ VE TİCARET A.Ş. - Bağımsız Denetim Kuruluşunun Belirlenmesi,Bağımsız Denetim Kuruluşunun Belirlenmesi Bağımsız Denetim Kuruluşunun Belirlenmesi,https://www.kap.org.tr/tr/Bildirim/1453332,tr,2025-06-30T18:15:44+00:00
2025-06-30,SUWEN,KAP,SUWEN TEKSTİL SANAYİ PAZARLAMA A.Ş. - Kredi Derecelendirmesi,Kredi Derecelendirmesi JCR-ER Kredi Derecelendirme Notu,https://www.kap.org.tr/tr/Bildirim/1453162,tr,2025-06-30T15:12:26+00:00
2025-06-30,TDGYO,KAP,TREND GAYRİMENKUL YATIRIM ORTAKLIĞI A.Ş. - Şirket Genel Bilgi Formu,Şirket Genel Bilgi Formu,https://www.kap.org.tr/tr/Bildirim/1453186,tr,2025-06-30T15:44:40+00:00
2025-06-30,TDGYO,KAP,TREND GAYRİMENKUL YATIRIM ORTAKLIĞI A.Ş. - Özel Durum Açıklaması (Genel),Özel Durum Açıklaması (Genel) Genel Müdür Ataması Hk.,https://www.kap.org.tr/tr/Bildirim/1453185,tr,2025-06-30T15:43:55+00:00
2025-06-30,TERA,KAP,TERA YATIRIM MENKUL DEĞERLER A.Ş. - Pay Dışında Sermaye Piyasası Aracı İşlemlerine İlişkin Bildirim (Faiz İçeren),Pay Dışında Sermaye Piyasası Aracı İşlemlerine İlişkin Bildirim (Faiz İçeren) TRFTERA22618 ISIN kodlu 50.000.000 TL bono ihracı,https://www.kap.org.tr/tr/Bildirim/1453307,tr,2025-06-30T17:34:37+00:00
2025-06-30,TGB,KAP,TÜRKİYE GARANTİ BANKASI A.Ş. - Yatırım Kuruluşu Varant - Sertifika - Senetlerine İlişkin Bildirim,Yatırım Kuruluşu Varant - Sertifika - Senetlerine İlişkin Bildirim Yatırım Kuruluşu Varantları İtfa Fiyatları,https://www.kap.org.tr/tr/Bildirim/1453212,tr,2025-06-30T16:22:30+00:00
2025-06-30,TGSAS,KAP,TGS DIŞ TİCARET A.Ş. - Özel Durum Açıklaması (Genel),Özel Durum Açıklaması (Genel) Başarı Ödülü,https://www.kap.org.tr/tr/Bildirim/1453242,tr,2025-06-30T16:50:12+00:00
2025-06-30,THR,KAP,TÜRKİYE İHRACAT KREDİ BANKASI A.Ş. - Pay Dışında Sermaye Piyasası Aracı İşlemlerine İlişkin Bildirim (Faiz İçeren),Pay Dışında Sermaye Piyasası Aracı İşlemlerine İlişkin Bildirim (Faiz İçeren) GMTN programı çerçevesinde yurt dışında borçlanma aracı ihracı,https://www.kap.org.tr/tr/Bildirim/1453248,tr,2025-06-30T16:57:04+00:00
2025-06-30,TIB,KAP,TÜRKİYE İŞ BANKASI A.Ş. - Pay Dışında Sermaye Piyasası Aracı İşlemlerine İlişkin Bildirim (Faiz İçeren),Pay Dışında Sermaye Piyasası Aracı İşlemlerine İlişkin Bildirim (Faiz İçeren) Yurtdışı Piyasalara Tahvil İhracı,https://www.kap.org.tr/tr/Bildirim/1453197,tr,2025-06-30T15:56:52+00:00
2025-06-30,TKFEN,KAP,TEKFEN HOLDİNG A.Ş. - Özel Durum Açıklaması (Genel),Özel Durum Açıklaması (Genel) Mali İşlerden Sorumlu Başkan Yardımcısının Görevden Ayrılışı,https://www.kap.org.tr/tr/Bildirim/1453317,tr,2025-06-30T18:01:53+00:00
2025-06-30,TRA,KAP,TERA YATIRIM MENKUL DEĞERLER A.Ş. - Pay Dışında Sermaye Piyasası Aracı İşlemlerine İlişkin Bildirim (Faiz İçeren),Pay Dışında Sermaye Piyasası Aracı İşlemlerine İlişkin Bildirim (Faiz İçeren) TRFTERA22618 ISIN kodlu 50.000.000 TL bono ihracı,https://www.kap.org.tr/tr/Bildirim/1453307,tr,2025-06-30T17:34:37+00:00
2025-06-30,TRCAS,KAP,TURCAS PETROL A.Ş. - Esas Sözleşme Tadili,Esas Sözleşme Tadili Esas sözleşme tadili ve unvan değişikliği hakkında Sermaye Piyasası Kurulu ve T.C. Ticaret Bakanlığı?ndan uygun görüş alınması,https://www.kap.org.tr/tr/Bildirim/1453169,tr,2025-06-30T15:15:22+00:00
2025-06-30,TRILC,KAP,TURK İLAÇ VE SERUM SANAYİ A.Ş. - İhale Süreci / Sonucu,İhale Süreci / Sonucu DMO İhale Sonucu Hakkında,https://www.kap.org.tr/tr/Bildirim/1453191,tr,2025-06-30T15:53:21+00:00
2025-06-30,TRKNT,KAP,TURKNET İLETİŞİM HİZMETLERİ A.Ş. - Pay Dışında Sermaye Piyasası Aracı İşlemlerine İlişkin Bildirim (Faiz İçeren),Pay Dışında Sermaye Piyasası Aracı İşlemlerine İlişkin Bildirim (Faiz İçeren) Finansman Bonosu İhracı,https://www.kap.org.tr/tr/Bildirim/1453016,tr,2025-06-30T09:38:53+00:00
2025-06-30,TSGYO,KAP,TSKB GAYRİMENKUL YATIRIM ORTAKLIĞI A.Ş. - Değerleme Raporu,Değerleme Raporu Divan Adana Oteli ve Bağımsız Bölümleri'ne İlişkin Değerleme Raporu,https://www.kap.org.tr/tr/Bildirim/1453393,tr,2025-06-30T19:23:39+00:00
2025-06-30,TSGYO,KAP,TSKB GAYRİMENKUL YATIRIM ORTAKLIĞI A.Ş. - Değerleme Raporu,Değerleme Raporu Pendorya Alışveriş Merkezi'ne ait Değerleme Raporu,https://www.kap.org.tr/tr/Bildirim/1453392,tr,2025-06-30T19:23:03+00:00
2025-06-30,TSGYO,KAP,TSKB GAYRİMENKUL YATIRIM ORTAKLIĞI A.Ş. - Değerleme Raporu,Değerleme Raporu Fındıklı Ek Hizmet Binası'na ait Değerleme Raporu,https://www.kap.org.tr/tr/Bildirim/1453391,tr,2025-06-30T19:22:34+00:00
2025-06-30,TSGYO,KAP,TSKB GAYRİMENKUL YATIRIM ORTAKLIĞI A.Ş. - Değerleme Raporu,Değerleme Raporu Fındıklı Genel Müdürlük Binası'na ait Değerleme Raporu,https://www.kap.org.tr/tr/Bildirim/1453390,tr,2025-06-30T19:22:02+00:00
2025-06-30,TSGYO,KAP,TSKB GAYRİMENKUL YATIRIM ORTAKLIĞI A.Ş. - Değerleme Raporu,Değerleme Raporu Tahir Han Binası'na ait Değerleme Raporu,https://www.kap.org.tr/tr/Bildirim/1453389,tr,2025-06-30T19:21:24+00:00
2025-06-30,TVB,KAP,TÜRKİYE VAKIFLAR BANKASI T.A.O. - Pay Dışında Sermaye Piyasası Aracı İşlemlerine İlişkin Bildirim (Faiz İçeren),Pay Dışında Sermaye Piyasası Aracı İşlemlerine İlişkin Bildirim (Faiz İçeren) GMTN Programı Çerçevesinde Türkiye Dışında Sürdürülebilir Borçlanma Aracı İhracı SPK Onayı,https://www.kap.org.tr/tr/Bildirim/1453159,tr,2025-06-30T15:08:17+00:00
2025-06-30,ULUUN,KAP,ULUSOY UN SANAYİ VE TİCARET A.Ş. - Özel Durum Açıklaması (Genel),Özel Durum Açıklaması (Genel) Şube açılışı hk.,https://www.kap.org.tr/tr/Bildirim/1453414,tr,2025-06-30T21:31:26+00:00
2025-06-30,ULUUN,KAP,ULUSOY UN SANAYİ VE TİCARET A.Ş. - Maddi Duran Varlık Alımı,Maddi Duran Varlık Alımı Şirketimiz tarafından Güneş Enerjisi Santrali devir alınması hk,https://www.kap.org.tr/tr/Bildirim/1453413,tr,2025-06-30T21:30:11+00:00
2025-06-30,VAKBN,KAP,TÜRKİYE VAKIFLAR BANKASI T.A.O. - Pay Dışında Sermaye Piyasası Aracı İşlemlerine İlişkin Bildirim (Faiz İçeren),Pay Dışında Sermaye Piyasası Aracı İşlemlerine İlişkin Bildirim (Faiz İçeren) GMTN Programı Çerçevesinde Türkiye Dışında Sürdürülebilir Borçlanma Aracı İhracı SPK Onayı,https://www.kap.org.tr/tr/Bildirim/1453159,tr,2025-06-30T15:08:17+00:00
2025-06-30,VAKVK,KAP,VAKIF VARLIK KİRALAMA A.Ş. - Şirket Genel Bilgi Formu,Şirket Genel Bilgi Formu,https://www.kap.org.tr/tr/Bildirim/1453308,tr,2025-06-30T17:37:19+00:00
2025-06-30,VKFYO,KAP,VAKIF MENKUL KIYMET YATIRIM ORTAKLIĞI A.Ş. - Özel Durum Açıklaması (Genel),"Özel Durum Açıklaması (Genel) Şirketimizin BİAŞ'da oluşan ağırlıklı ortalama fiyatın, pay başına net aktif değerin 2 katını aşması sebebiyle yapılan açıklamadır.",https://www.kap.org.tr/tr/Bildirim/1453409,tr,2025-06-30T21:15:10+00:00
2025-06-30,VKFYO,KAP,VAKIF MENKUL KIYMET YATIRIM ORTAKLIĞI A.Ş. - Haftalık Rapor,Haftalık Rapor 27.06.2025 Haftalık Rapor,https://www.kap.org.tr/tr/Bildirim/1453408,tr,2025-06-30T21:13:36+00:00
2025-06-30,YBTAS,KAP,YİBİTAŞ YOZGAT İŞÇİ BİRLİĞİ İNŞAAT MALZEMELERİ TİCARET VE SANAYİ A.Ş. - Pay Satış Bilgi Formu,Pay Satış Bilgi Formu Pay Satış İşlemi Hakkında,https://www.kap.org.tr/tr/Bildirim/1453399,tr,2025-06-30T19:40:42+00:00
2025-06-30,YBTAS,KAP,YİBİTAŞ YOZGAT İŞÇİ BİRLİĞİ İNŞAAT MALZEMELERİ TİCARET VE SANAYİ A.Ş. - Pay Satış Bilgi Formu,Pay Satış Bilgi Formu Pay Satış İşlemi Hakkında,https://www.kap.org.tr/tr/Bildirim/1452993,tr,2025-06-30T08:14:24+00:00
2025-06-30,YKB,KAP,YAPI VE KREDİ BANKASI A.Ş. - Pay Dışında Sermaye Piyasası Aracı İşlemlerine İlişkin Bildirim (Faiz İçeren),Pay Dışında Sermaye Piyasası Aracı İşlemlerine İlişkin Bildirim (Faiz İçeren) Yurtdışında ihraç edilen borçlanma aracının itfası,https://www.kap.org.tr/tr/Bildirim/1453086,tr,2025-06-30T12:10:46+00:00
2025-06-30,YKBNK,KAP,YAPI VE KREDİ BANKASI A.Ş. - Pay Dışında Sermaye Piyasası Aracı İşlemlerine İlişkin Bildirim (Faiz İçeren),Pay Dışında Sermaye Piyasası Aracı İşlemlerine İlişkin Bildirim (Faiz İçeren) Yurtdışında ihraç edilen borçlanma aracının itfası,https://www.kap.org.tr/tr/Bildirim/1453086,tr,2025-06-30T12:10:46+00:00
2025-06-30,YKFIN,KAP,YAPI KREDİ FİNANSAL KİRALAMA A.O. - İhraç Belgesi,İhraç Belgesi Borçlanma Araçlarına İlişkin İhraç Belgesinin SPK Tarafından Onaylanması,https://www.kap.org.tr/tr/Bildirim/1453277,tr,2025-06-30T17:23:37+00:00
2025-06-30,YKFIN,KAP,YAPI KREDİ FİNANSAL KİRALAMA A.O. - İhraç Tavanına İlişkin Bildirim,İhraç Tavanına İlişkin Bildirim Borçlanma aracı ihracına ilişkin Sermaye Piyasası Kurulu onayı hakkında,https://www.kap.org.tr/tr/Bildirim/1453271,tr,2025-06-30T17:20:46+00:00
2025-06-30,YYAPI,KAP,YEŞİL YAPI ENDÜSTRİSİ A.Ş. - Sermaye Artırımı - Azaltımı İşlemlerine İlişkin Bildirim,"Sermaye Artırımı - Azaltımı İşlemlerine İlişkin Bildirim REVİZE KARAR HAKKINDA,",https://www.kap.org.tr/tr/Bildirim/1453158,tr,2025-06-30T15:03:04+00:00
2025-06-30,ZOREN,KAP,ZORLU ENERJİ ELEKTRİK ÜRETİM A.Ş. - Pay Dışında Sermaye Piyasası Aracı İşlemlerine İlişkin Bildirim (Faiz İçeren),Pay Dışında Sermaye Piyasası Aracı İşlemlerine İlişkin Bildirim (Faiz İçeren) TRSZORN42618 ISIN Kodlu Tahvilin 4. Kupon Dönemine İlişkin Faiz Oranı Hakkında,https://www.kap.org.tr/tr/Bildirim/1453215,tr,2025-06-30T16:26:31+00:00
