date,ticker,source,title,text,url,language,published_at
2025-09-18,A1CAP,KAP,A1 CAPİTAL YATIRIM MENKUL DEĞERLER A.Ş. - Özel Durum Açıklaması (Genel),Özel Durum Açıklaması (Genel) Egeli & Co Tarım Girişim Sermayesi Yatırım Ortaklığı A.Ş. (Egeli & Co) Pay Sahiplerine Zorunlu Pay Alım Teklifi Hk.,https://www.kap.org.tr/tr/Bildirim/1491000,tr,2025-09-18T18:10:23+00:00
2025-09-18,ACP,KAP,A1 CAPİTAL YATIRIM MENKUL DEĞERLER A.Ş. - Özel Durum Açıklaması (Genel),Özel Durum Açıklaması (Genel) Egeli & Co Tarım Girişim Sermayesi Yatırım Ortaklığı A.Ş. (Egeli & Co) Pay Sahiplerine Zorunlu Pay Alım Teklifi Hk.,https://www.kap.org.tr/tr/Bildirim/1491000,tr,2025-09-18T18:10:23+00:00
2025-09-18,AHGAZ,KAP,AHLATCI DOĞAL GAZ DAĞITIM ENERJİ VE YATIRIM A.Ş. - Payların Geri Alınmasına İlişkin Bildirim,Payların Geri Alınmasına İlişkin Bildirim 18.09.2025 Tarihli Pay Geri Alım İşlemleri,https://www.kap.org.tr/tr/Bildirim/1491024,tr,2025-09-18T18:30:53+00:00
2025-09-18,AKFGY,KAP,AKFEN GAYRİMENKUL YATIRIM ORTAKLIĞI A.Ş. - Payların Geri Alınmasına İlişkin Bildirim,Payların Geri Alınmasına İlişkin Bildirim 18.09.2025 Tarihli Pay Geri Alım İşlemleri Hk.,https://www.kap.org.tr/tr/Bildirim/1491048,tr,2025-09-18T19:49:19+00:00
2025-09-18,AKFYE,KAP,AKFEN YENİLENEBİLİR ENERJİ A.Ş. - Payların Geri Alınmasına İlişkin Bildirim,Payların Geri Alınmasına İlişkin Bildirim 18.09.2025 Tarihli Pay Geri Alım İşlemleri Hk.,https://www.kap.org.tr/tr/Bildirim/1491018,tr,2025-09-18T18:20:52+00:00
2025-09-18,ALFAS,KAP,ALFA SOLAR ENERJİ SANAYİ VE TİCARET A.Ş. - Özel Durum Açıklaması (Genel),Özel Durum Açıklaması (Genel) Şirketimizin Bağlı Ortaklığının Teşvik Başvurusu Hakkında,https://www.kap.org.tr/tr/Bildirim/1491042,tr,2025-09-18T19:12:43+00:00
2025-09-18,ALTNY,KAP,ALTINAY SAVUNMA TEKNOLOJİLERİ A.Ş. - Yönetim Kurulu Komiteleri,Yönetim Kurulu Komiteleri Yönetim Kurulu Komitelerinin Yapılanması,https://www.kap.org.tr/tr/Bildirim/1491056,tr,2025-09-18T22:11:57+00:00
2025-09-18,ARASE,KAP,DOĞU ARAS ENERJİ YATIRIMLARI A.Ş. - Şirket Genel Bilgi Formu,Şirket Genel Bilgi Formu,https://www.kap.org.tr/tr/Bildirim/1490973,tr,2025-09-18T17:02:57+00:00
2025-09-18,ARASE,KAP,DOĞU ARAS ENERJİ YATIRIMLARI A.Ş. - Özel Durum Açıklaması (Genel),Özel Durum Açıklaması (Genel) Şirketimizin Yönetim Kurulu Hakkında,https://www.kap.org.tr/tr/Bildirim/1490971,tr,2025-09-18T17:02:30+00:00
2025-09-18,ARDYZ,KAP,ARD GRUP BİLİŞİM TEKNOLOJİLERİ A.Ş. - Birleşme İşlemlerine İlişkin Bildirim,Birleşme İşlemlerine İlişkin Bildirim ARD Grup Bilişim ve İntron'un Birleşme işlemine İlişkin SPK Başvurusu Hk,https://www.kap.org.tr/tr/Bildirim/1491037,tr,2025-09-18T18:58:29+00:00
2025-09-18,ATLFA,KAP,ATILIM FAKTORİNG A.Ş. - Pay Dışında Sermaye Piyasası Aracı İşlemlerine İlişkin Bildirim (Faiz İçeren),Pay Dışında Sermaye Piyasası Aracı İşlemlerine İlişkin Bildirim (Faiz İçeren) BONO İTFASI,https://www.kap.org.tr/tr/Bildirim/1490773,tr,2025-09-18T10:10:12+00:00
2025-09-18,AYDEM,KAP,AYDEM YENİLENEBİLİR ENERJİ A.Ş. - İhraç Tavanına İlişkin Bildirim,İhraç Tavanına İlişkin Bildirim Yurt Dışında Satılmak Üzere Borçlanma Aracı İhracı Hakkında Gelişmeler,https://www.kap.org.tr/tr/Bildirim/1491023,tr,2025-09-18T18:28:51+00:00
2025-09-18,BEGYO,KAP,BATI EGE GAYRİMENKUL YATIRIM ORTAKLIĞI A.Ş. - Şirket Genel Bilgi Formu,Şirket Genel Bilgi Formu,https://www.kap.org.tr/tr/Bildirim/1490805,tr,2025-09-18T11:28:42+00:00
2025-09-18,BIMAS,KAP,BİM BİRLEŞİK MAĞAZALAR A.Ş. - Payların Geri Alınmasına İlişkin Bildirim,Payların Geri Alınmasına İlişkin Bildirim 18 Eylül 2025 Tarihli Pay Geri Alım İşlemleri,https://www.kap.org.tr/tr/Bildirim/1491058,tr,2025-09-18T22:53:22+00:00
2025-09-18,BRKVY,KAP,BİRİKİM VARLIK YÖNETİM A.Ş. - Kayıtlı Sermaye Tavanı İşlemlerine İlişkin Bildirim,Kayıtlı Sermaye Tavanı İşlemlerine İlişkin Bildirim Kayıtlı Sermaye Tavanının Arttırılması ve Esas Sözleşme Değişikliğine İlişkin SPK Başvurusu Hakkında,https://www.kap.org.tr/tr/Bildirim/1490816,tr,2025-09-18T11:47:05+00:00
2025-09-18,CCOLA,KAP,COCA-COLA İÇECEK A.Ş. - Pay Dışında Sermaye Piyasası Aracı İşlemlerine İlişkin Bildirim (Faiz İçeren),Pay Dışında Sermaye Piyasası Aracı İşlemlerine İlişkin Bildirim (Faiz İçeren) TRFCOLA32615 ISIN Kodlu Tahvilin 2. Kupon Ödemesi,https://www.kap.org.tr/tr/Bildirim/1490831,tr,2025-09-18T13:08:30+00:00
2025-09-18,DARDL,KAP,DARDANEL ÖNENTAŞ GIDA SANAYİ A.Ş. - Pay Dışında Sermaye Piyasası Aracı İşlemlerine İlişkin Bildirim (Faiz İçeren),Pay Dışında Sermaye Piyasası Aracı İşlemlerine İlişkin Bildirim (Faiz İçeren) TRFDRDL22611 ISIN kodlu finansman bonosunun 1.ci kupon ödemesi hk.,https://www.kap.org.tr/tr/Bildirim/1490825,tr,2025-09-18T12:27:08+00:00
2025-09-18,DENFA,KAP,DENİZ FAKTORİNG A.Ş. - Şirket Genel Bilgi Formu,Şirket Genel Bilgi Formu,https://www.kap.org.tr/tr/Bildirim/1490793,tr,2025-09-18T11:04:30+00:00
2025-09-18,DENVA,KAP,DENGE VARLIK YÖNETİM A.Ş. - Pay Dışında Sermaye Piyasası Aracı İşlemlerine İlişkin Bildirim (Faiz İçeren),Pay Dışında Sermaye Piyasası Aracı İşlemlerine İlişkin Bildirim (Faiz İçeren) TRFDNGV92615 ISIN Kodlu Bono İhracı,https://www.kap.org.tr/tr/Bildirim/1490871,tr,2025-09-18T14:59:44+00:00
2025-09-18,DENVA,KAP,DENGE VARLIK YÖNETİM A.Ş. - İhraç Tavanına İlişkin Bildirim,İhraç Tavanına İlişkin Bildirim İhraç Belgesi,https://www.kap.org.tr/tr/Bildirim/1490827,tr,2025-09-18T12:30:24+00:00
2025-09-18,DNYVA,KAP,DÜNYA VARLIK YÖNETİM A.Ş. - Pay Dışında Sermaye Piyasası Aracı İşlemlerine İlişkin Bildirim (Faiz İçeren),Pay Dışında Sermaye Piyasası Aracı İşlemlerine İlişkin Bildirim (Faiz İçeren) TRSDVYS92610 ISIN kodlu tahvilin 2.kupon oranına ilişkin açıklama,https://www.kap.org.tr/tr/Bildirim/1490999,tr,2025-09-18T18:04:30+00:00
2025-09-18,DOGUB,KAP,DOĞUSAN BORU SANAYİ VE TİCARET A.Ş. - Özel Durum Açıklaması (Genel),Özel Durum Açıklaması (Genel) Genel Müdür Vekili Sn. Kenan ALKAN'ın izine ayrılması hk.,https://www.kap.org.tr/tr/Bildirim/1491055,tr,2025-09-18T21:12:32+00:00
2025-09-18,EKOS,KAP,EKOS TEKNOLOJİ VE ELEKTRİK A.Ş. - Özel Durum Açıklaması (Genel),"Özel Durum Açıklaması (Genel) Başkent Elektrik Dağıtım A.Ş.,Gazlı Hücre&Köşk Standart Alım İhalesi ile İlgili Güncelleme",https://www.kap.org.tr/tr/Bildirim/1490830,tr,2025-09-18T13:05:00+00:00
2025-09-18,ENDAE,KAP,ENDA ENERJİ HOLDİNG A.Ş. - Şirket Genel Bilgi Formu,Şirket Genel Bilgi Formu,https://www.kap.org.tr/tr/Bildirim/1490783,tr,2025-09-18T10:46:46+00:00
2025-09-18,ENERY,KAP,ENERYA ENERJİ A.Ş. - Payların Geri Alınmasına İlişkin Bildirim,Payların Geri Alınmasına İlişkin Bildirim 18.09.2025 Tarihli Pay Geri Alım İşlemleri,https://www.kap.org.tr/tr/Bildirim/1491025,tr,2025-09-18T18:31:05+00:00
2025-09-18,ERGLI,KAP,EREĞLİ TEKSTİL TURİZM SANAYİ VE TİCARET A.Ş. - Sorumluluk Beyanı (Konsolide),Sorumluluk Beyanı (Konsolide) 30/06/2025 SORUMLULUK BEYANI,https://www.kap.org.tr/tr/Bildirim/1491016,tr,2025-09-18T18:17:37+00:00
2025-09-18,ERGLI,KAP,EREĞLİ TEKSTİL TURİZM SANAYİ VE TİCARET A.Ş. - Faaliyet Raporu (Konsolide),Faaliyet Raporu (Konsolide) 30.06.2025 FAALİYET RAPORU,https://www.kap.org.tr/tr/Bildirim/1491015,tr,2025-09-18T18:17:29+00:00
2025-09-18,ERGLI,KAP,EREĞLİ TEKSTİL TURİZM SANAYİ VE TİCARET A.Ş. - Finansal Rapor,Finansal Rapor,https://www.kap.org.tr/tr/Bildirim/1491012,tr,2025-09-18T18:17:02+00:00
2025-09-18,ETYAT,KAP,EURO TREND YATIRIM ORTAKLIĞI A.Ş. - Özel Durum Açıklaması (Genel),"Özel Durum Açıklaması (Genel) BİAŞ'da oluşan ağırlıklı ortalama fiyatın,pay başına net aktif değerin 2 katını aşması",https://www.kap.org.tr/tr/Bildirim/1490904,tr,2025-09-18T15:44:24+00:00
2025-09-18,EUKYO,KAP,EURO KAPİTAL YATIRIM ORTAKLIĞI A.Ş. - Özel Durum Açıklaması (Genel),"Özel Durum Açıklaması (Genel) BİAŞ'da oluşan ağırlıklı ortalama fiyatın,pay başına net aktif değerin 2 katını aşması",https://www.kap.org.tr/tr/Bildirim/1490905,tr,2025-09-18T15:45:04+00:00
2025-09-18,EUYO,KAP,EURO MENKUL KIYMET YATIRIM ORTAKLIĞI A.Ş. - Özel Durum Açıklaması (Genel),"Özel Durum Açıklaması (Genel) BİAŞ'da oluşan ağırlıklı ortalama fiyatın,pay başına net aktif değerin 2 katını aşması",https://www.kap.org.tr/tr/Bildirim/1490903,tr,2025-09-18T15:42:37+00:00
2025-09-18,EXIMB,KAP,TÜRKİYE İHRACAT KREDİ BANKASI A.Ş. - İhraç Belgesi,İhraç Belgesi Yurt Dışı Tahvil İhracı,https://www.kap.org.tr/tr/Bildirim/1490784,tr,2025-09-18T10:48:49+00:00
2025-09-18,EXIMB,KAP,TÜRKİYE İHRACAT KREDİ BANKASI A.Ş. - Pay Dışında Sermaye Piyasası Aracı İşlemlerine İlişkin Bildirim (Faiz İçeren),Pay Dışında Sermaye Piyasası Aracı İşlemlerine İlişkin Bildirim (Faiz İçeren) TRSEXIM92818 kodlu Yurtiçinde Nitelikli Yatırımcılara Sermaye Benzeri Tahvil Kupon İtfası,https://www.kap.org.tr/tr/Bildirim/1490779,tr,2025-09-18T10:30:43+00:00
2025-09-18,FIN,KAP,QNB BANK A.Ş. - Sermaye Artırımı - Azaltımı İşlemlerine İlişkin Bildirim,Sermaye Artırımı - Azaltımı İşlemlerine İlişkin Bildirim Bankamızın 3.350.000.000.-TL. olan çıkarılmış sermayemizin 2.150.000.000.- TL bedelsiz artırılarak 5.500.000.000.-TL.'ye yükseltilmesi hk.,https://www.kap.org.tr/tr/Bildirim/1490979,tr,2025-09-18T17:32:59+00:00
2025-09-18,FORMT,KAP,FORMET METAL VE CAM SANAYİ A.Ş. - Ortaklık Aleyhine Dava Açılması veya Davaya İlişkin Gelişmeler,Ortaklık Aleyhine Dava Açılması veya Davaya İlişkin Gelişmeler 2024 yılı Olağan Genel Kurul toplantısının yapılması için açılan temsilci atanması davasının sonuçlanması,https://www.kap.org.tr/tr/Bildirim/1490824,tr,2025-09-18T12:26:42+00:00
2025-09-18,FORMT,KAP,FORMET METAL VE CAM SANAYİ A.Ş. - Ortaklık Aleyhine Dava Açılması veya Davaya İlişkin Gelişmeler,Ortaklık Aleyhine Dava Açılması veya Davaya İlişkin Gelişmeler Yönetim Kurulu Kararına karşı açılan iptal davası,https://www.kap.org.tr/tr/Bildirim/1490807,tr,2025-09-18T11:31:18+00:00
2025-09-18,GEDIK,KAP,GEDİK YATIRIM MENKUL DEĞERLER A.Ş. - Pay Dışında Sermaye Piyasası Aracı İşlemlerine İlişkin Bildirim (Faiz İçeren),Pay Dışında Sermaye Piyasası Aracı İşlemlerine İlişkin Bildirim (Faiz İçeren) Finansman bono itfası hk.,https://www.kap.org.tr/tr/Bildirim/1490791,tr,2025-09-18T11:02:19+00:00
2025-09-18,GLYHO,KAP,GLOBAL YATIRIM HOLDİNG A.Ş. - Payların Geri Alınmasına İlişkin Bildirim,Payların Geri Alınmasına İlişkin Bildirim 18.09.2025 Tarihli Pay Geri Alım İşlemleri,https://www.kap.org.tr/tr/Bildirim/1491021,tr,2025-09-18T18:26:10+00:00
2025-09-18,GRNYO,KAP,GARANTİ YATIRIM ORTAKLIĞI A.Ş. - Özel Durum Açıklaması (Genel),"Özel Durum Açıklaması (Genel) Paylarının BİAŞ'ta oluşan ağırlıklı ortalama fiyatının, pay başına net aktif değerinin 2 katını aşması hakkında.",https://www.kap.org.tr/tr/Bildirim/1490782,tr,2025-09-18T10:43:48+00:00
2025-09-18,HDFGS,KAP,HEDEF GİRİŞİM SERMAYESİ YATIRIM ORTAKLIĞI A.Ş. - Olağan Dışı Fiyat ve Miktar Hareketleri,Olağan Dışı Fiyat ve Miktar Hareketleri Olağandışı Fiyat ve Miktar Hareketlerine İlişkin Açıklama Hk.,https://www.kap.org.tr/tr/Bildirim/1490965,tr,2025-09-18T17:00:30+00:00
2025-09-18,HLVKS,KAP,HALK VARLIK KİRALAMA A.Ş. - Pay Dışında Sermaye Piyasası Aracı İşlemlerine İlişkin Bildirim (Faizsiz),Pay Dışında Sermaye Piyasası Aracı İşlemlerine İlişkin Bildirim (Faizsiz) Yurtiçi Kira Sertifikası İhracı Nitelikli Yatırımcıya Satışın Tamamlanması Hk. HALKB,https://www.kap.org.tr/tr/Bildirim/1491044,tr,2025-09-18T19:15:59+00:00
2025-09-18,HLVKS,KAP,HALK VARLIK KİRALAMA A.Ş. - Pay Dışında Sermaye Piyasası Aracı İşlemlerine İlişkin Bildirim (Faizsiz),Pay Dışında Sermaye Piyasası Aracı İşlemlerine İlişkin Bildirim (Faizsiz) Yurtiçi Kira Sertifikası İtfa ve Getiri Ödemesi EKGYO,https://www.kap.org.tr/tr/Bildirim/1490822,tr,2025-09-18T12:04:43+00:00
2025-09-18,INFO,KAP,İNFO YATIRIM MENKUL DEĞERLER A.Ş. - Şirket Genel Bilgi Formu,Şirket Genel Bilgi Formu,https://www.kap.org.tr/tr/Bildirim/1491002,tr,2025-09-18T18:10:58+00:00
2025-09-18,INFO,KAP,İNFO YATIRIM MENKUL DEĞERLER A.Ş. - Yatırım Kuruluşu Varant - Sertifika - Senetlerine İlişkin Bildirim,Yatırım Kuruluşu Varant - Sertifika - Senetlerine İlişkin Bildirim 17.09.2025 Vadeli Ons Altın ve Ons Gümüş'e Dayalı Varantların İtfası,https://www.kap.org.tr/tr/Bildirim/1490847,tr,2025-09-18T14:32:14+00:00
2025-09-18,ISATR,KAP,TÜRKİYE İŞ BANKASI A.Ş. - Pay Dışında Sermaye Piyasası Aracı İşlemlerine İlişkin Bildirim (Faiz İçeren),Pay Dışında Sermaye Piyasası Aracı İşlemlerine İlişkin Bildirim (Faiz İçeren) Yeşil Özel Sektör Tahvili Kupon Oranı Açıklaması,https://www.kap.org.tr/tr/Bildirim/1490972,tr,2025-09-18T17:02:31+00:00
2025-09-18,ISATR,KAP,TÜRKİYE İŞ BANKASI A.Ş. - Pay Dışında Sermaye Piyasası Aracı İşlemlerine İlişkin Bildirim (Faiz İçeren),Pay Dışında Sermaye Piyasası Aracı İşlemlerine İlişkin Bildirim (Faiz İçeren) Yurtiçi TL cinsi katkı sermaye hesaplamasına dahil edilecek borçlanma aracı kupon ödemesi,https://www.kap.org.tr/tr/Bildirim/1490817,tr,2025-09-18T11:47:48+00:00
2025-09-18,ISBTR,KAP,TÜRKİYE İŞ BANKASI A.Ş. - Pay Dışında Sermaye Piyasası Aracı İşlemlerine İlişkin Bildirim (Faiz İçeren),Pay Dışında Sermaye Piyasası Aracı İşlemlerine İlişkin Bildirim (Faiz İçeren) Yeşil Özel Sektör Tahvili Kupon Oranı Açıklaması,https://www.kap.org.tr/tr/Bildirim/1490972,tr,2025-09-18T17:02:31+00:00
2025-09-18,ISBTR,KAP,TÜRKİYE İŞ BANKASI A.Ş. - Pay Dışında Sermaye Piyasası Aracı İşlemlerine İlişkin Bildirim (Faiz İçeren),Pay Dışında Sermaye Piyasası Aracı İşlemlerine İlişkin Bildirim (Faiz İçeren) Yurtiçi TL cinsi katkı sermaye hesaplamasına dahil edilecek borçlanma aracı kupon ödemesi,https://www.kap.org.tr/tr/Bildirim/1490817,tr,2025-09-18T11:47:48+00:00
2025-09-18,ISCTR,KAP,TÜRKİYE İŞ BANKASI A.Ş. - Pay Dışında Sermaye Piyasası Aracı İşlemlerine İlişkin Bildirim (Faiz İçeren),Pay Dışında Sermaye Piyasası Aracı İşlemlerine İlişkin Bildirim (Faiz İçeren) Yeşil Özel Sektör Tahvili Kupon Oranı Açıklaması,https://www.kap.org.tr/tr/Bildirim/1490972,tr,2025-09-18T17:02:31+00:00
2025-09-18,ISCTR,KAP,TÜRKİYE İŞ BANKASI A.Ş. - Pay Dışında Sermaye Piyasası Aracı İşlemlerine İlişkin Bildirim (Faiz İçeren),Pay Dışında Sermaye Piyasası Aracı İşlemlerine İlişkin Bildirim (Faiz İçeren) Yurtiçi TL cinsi katkı sermaye hesaplamasına dahil edilecek borçlanma aracı kupon ödemesi,https://www.kap.org.tr/tr/Bildirim/1490817,tr,2025-09-18T11:47:48+00:00
2025-09-18,ISFAK,KAP,İŞ FAKTORİNG A.Ş. - İhraç Tavanına İlişkin Bildirim,İhraç Tavanına İlişkin Bildirim Borçlanma Aracı İhracı için SPK'ya Başvuru Yapılması,https://www.kap.org.tr/tr/Bildirim/1490878,tr,2025-09-18T15:21:42+00:00
2025-09-18,ISKUR,KAP,TÜRKİYE İŞ BANKASI A.Ş. - Pay Dışında Sermaye Piyasası Aracı İşlemlerine İlişkin Bildirim (Faiz İçeren),Pay Dışında Sermaye Piyasası Aracı İşlemlerine İlişkin Bildirim (Faiz İçeren) Yeşil Özel Sektör Tahvili Kupon Oranı Açıklaması,https://www.kap.org.tr/tr/Bildirim/1490972,tr,2025-09-18T17:02:31+00:00
2025-09-18,ISKUR,KAP,TÜRKİYE İŞ BANKASI A.Ş. - Pay Dışında Sermaye Piyasası Aracı İşlemlerine İlişkin Bildirim (Faiz İçeren),Pay Dışında Sermaye Piyasası Aracı İşlemlerine İlişkin Bildirim (Faiz İçeren) Yurtiçi TL cinsi katkı sermaye hesaplamasına dahil edilecek borçlanma aracı kupon ödemesi,https://www.kap.org.tr/tr/Bildirim/1490817,tr,2025-09-18T11:47:48+00:00
2025-09-18,ISYAT,KAP,İŞ YATIRIM ORTAKLIĞI A.Ş. - Özel Durum Açıklaması (Genel),"Özel Durum Açıklaması (Genel) Ortaklık paylarının BİAŞ'ta oluşan ağırlıklı ortalama fiyatının, pay başına net aktif değerinin 2 katını aşması hakkında",https://www.kap.org.tr/tr/Bildirim/1490792,tr,2025-09-18T11:03:35+00:00
2025-09-18,IYF,KAP,İNFO YATIRIM MENKUL DEĞERLER A.Ş. - Şirket Genel Bilgi Formu,Şirket Genel Bilgi Formu,https://www.kap.org.tr/tr/Bildirim/1491002,tr,2025-09-18T18:10:58+00:00
2025-09-18,IYF,KAP,İNFO YATIRIM MENKUL DEĞERLER A.Ş. - Yatırım Kuruluşu Varant - Sertifika - Senetlerine İlişkin Bildirim,Yatırım Kuruluşu Varant - Sertifika - Senetlerine İlişkin Bildirim 17.09.2025 Vadeli Ons Altın ve Ons Gümüş'e Dayalı Varantların İtfası,https://www.kap.org.tr/tr/Bildirim/1490847,tr,2025-09-18T14:32:14+00:00
2025-09-18,KAREL,KAP,KAREL ELEKTRONİK SANAYİ VE TİCARET A.Ş. - Şirket Genel Bilgi Formu,Şirket Genel Bilgi Formu,https://www.kap.org.tr/tr/Bildirim/1490815,tr,2025-09-18T11:45:50+00:00
2025-09-18,KLRHO,KAP,KİLER HOLDİNG A.Ş. - Olağan Dışı Fiyat ve Miktar Hareketleri,Olağan Dışı Fiyat ve Miktar Hareketleri Olağan Dışı Miktar ve Fiyat Hareketliliği Hk.,https://www.kap.org.tr/tr/Bildirim/1491020,tr,2025-09-18T18:23:48+00:00
2025-09-18,KLRHO,KAP,KİLER HOLDİNG A.Ş. - Özel Durum Açıklaması (Genel),Özel Durum Açıklaması (Genel) Aracı Kurum Belirlenmesi HK.,https://www.kap.org.tr/tr/Bildirim/1491013,tr,2025-09-18T18:17:17+00:00
2025-09-18,KNFRT,KAP,KONFRUT TARIM A.Ş. - Değerleme Raporu,Değerleme Raporu İşlek Tarım?ın Depolama ve Paketleme Tesisi ile Arazilerine İlişkin Değerleme Raporları,https://www.kap.org.tr/tr/Bildirim/1491036,tr,2025-09-18T18:49:22+00:00
2025-09-18,KNTFA,KAP,KENT FİNANS FAKTORİNG A.Ş. - Pay Dışında Sermaye Piyasası Aracı İşlemlerine İlişkin Bildirim (Faiz İçeren),Pay Dışında Sermaye Piyasası Aracı İşlemlerine İlişkin Bildirim (Faiz İçeren) Kupon Faiz Oranının Belirlenmesi,https://www.kap.org.tr/tr/Bildirim/1490996,tr,2025-09-18T17:58:50+00:00
2025-09-18,KOPOL,KAP,KOZA POLYESTER SANAYİ VE TİCARET A.Ş. - Olağan Dışı Fiyat ve Miktar Hareketleri,Olağan Dışı Fiyat ve Miktar Hareketleri Olağandışı Fiyat ve Miktar Hareketi Hakkında,https://www.kap.org.tr/tr/Bildirim/1490970,tr,2025-09-18T17:02:24+00:00
2025-09-18,KORTS,KAP,KORTEKS MENSUCAT SANAYİ VE TİCARET A.Ş. - Pay Dışında Sermaye Piyasası Aracı İşlemlerine İlişkin Bildirim (Faiz İçeren),Pay Dışında Sermaye Piyasası Aracı İşlemlerine İlişkin Bildirim (Faiz İçeren) TRSKORT52616 ISIN kodlu Korteks ihracının 6. kupon dönemine ilişkin faiz oranı açıklaması,https://www.kap.org.tr/tr/Bildirim/1490917,tr,2025-09-18T16:26:06+00:00
2025-09-18,KSFIN,KAP,KOÇ FIAT KREDİ FİNANSMAN A.Ş. - Genel Kurul Bildirimi,Genel Kurul Bildirimi OLAĞANÜSTÜ GENEL KURUL BİLDİRİMİ,https://www.kap.org.tr/tr/Bildirim/1490908,tr,2025-09-18T15:59:57+00:00
2025-09-18,KSFIN,KAP,KOÇ FIAT KREDİ FİNANSMAN A.Ş. - İhraç Tavanına İlişkin Bildirim,İhraç Tavanına İlişkin Bildirim Borçlanma Aracı İhracına İlişkin Yönetim Kurulu Kararı,https://www.kap.org.tr/tr/Bildirim/1490833,tr,2025-09-18T13:29:54+00:00
2025-09-18,KTSVK,KAP,KT SUKUK VARLIK KİRALAMA A.Ş. - Pay Dışında Sermaye Piyasası Aracı İşlemlerine İlişkin Bildirim (Faizsiz),Pay Dışında Sermaye Piyasası Aracı İşlemlerine İlişkin Bildirim (Faizsiz) TRDKTSK92578 ISIN Kodlu Kira Sertifikası Kupon ve Anapara Ödeme İşlemi Hk. FNCLL,https://www.kap.org.tr/tr/Bildirim/1490800,tr,2025-09-18T11:19:39+00:00
2025-09-18,LKMNH,KAP,LOKMAN HEKİM ENGÜRÜSAĞ SAĞLIK TURİZM EĞİTİM HİZMETLERİ VE İNŞAAT TAAHHÜT A.Ş. - Payların Geri Alınmasına İlişkin Bildirim,Payların Geri Alınmasına İlişkin Bildirim Hisse Geri Alımı,https://www.kap.org.tr/tr/Bildirim/1491031,tr,2025-09-18T18:38:03+00:00
2025-09-18,MAGEN,KAP,MARGÜN ENERJİ ÜRETİM SANAYİ VE TİCARET A.Ş. - Özel Durum Açıklaması (Genel),Özel Durum Açıklaması (Genel) Yatırımcı İlişkileri Yöneticisi Atama Ek Süre Talebi,https://www.kap.org.tr/tr/Bildirim/1491008,tr,2025-09-18T18:15:47+00:00
2025-09-18,MAKIM,KAP,MAKİM MAKİNA TEKNOLOJİLERİ SANAYİ VE TİCARET A.Ş. - Geri Alınan Payların Elden Çıkarılması,Geri Alınan Payların Elden Çıkarılması Geri Alınan Payların Elden Çıkarılması,https://www.kap.org.tr/tr/Bildirim/1491007,tr,2025-09-18T18:13:40+00:00
2025-09-18,MAVI,KAP,MAVİ GİYİM SANAYİ VE TİCARET A.Ş. - Payların Geri Alınmasına İlişkin Bildirim,Payların Geri Alınmasına İlişkin Bildirim 18.09.2025 Tarihli Pay Geri Alım İşlemleri - Düzeltme,https://www.kap.org.tr/tr/Bildirim/1491047,tr,2025-09-18T19:39:07+00:00
2025-09-18,MAVI,KAP,MAVİ GİYİM SANAYİ VE TİCARET A.Ş. - Payların Geri Alınmasına İlişkin Bildirim,Payların Geri Alınmasına İlişkin Bildirim 18.09.2025 Tarihli Pay Geri Alım İşlemleri,https://www.kap.org.tr/tr/Bildirim/1491046,tr,2025-09-18T19:29:28+00:00
2025-09-18,MIATK,KAP,MİA TEKNOLOJİ A.Ş. - Özel Durum Açıklaması (Genel),Özel Durum Açıklaması (Genel) MİA Staj ve Burs Platformu Projesi hk.,https://www.kap.org.tr/tr/Bildirim/1491022,tr,2025-09-18T18:28:33+00:00
2025-09-18,MMCAS,KAP,MMC SANAYİ VE TİCARİ YATIRIMLAR A.Ş. - Özel Durum Açıklaması (Genel),Özel Durum Açıklaması (Genel) Tahsisli Sermaye Arttırımına İlişkin Yönetim Kurulu Kararı,https://www.kap.org.tr/tr/Bildirim/1491030,tr,2025-09-18T18:37:13+00:00
2025-09-18,MRBKF,KAP,MERCEDES BENZ KAMYON FİNANSMAN A.Ş. - Pay Dışında Sermaye Piyasası Aracı İşlemlerine İlişkin Bildirim (Faiz İçeren),Pay Dışında Sermaye Piyasası Aracı İşlemlerine İlişkin Bildirim (Faiz İçeren) TRSMBKF92619 ISIN Kodlu Tahvil İhracı,https://www.kap.org.tr/tr/Bildirim/1490809,tr,2025-09-18T11:38:23+00:00
2025-09-18,NTHOL,KAP,NET HOLDİNG A.Ş. - Payların Geri Alınmasına İlişkin Bildirim,Payların Geri Alınmasına İlişkin Bildirim Şirketimizin kendi paylarının geri alımı hakkında,https://www.kap.org.tr/tr/Bildirim/1491017,tr,2025-09-18T18:18:17+00:00
2025-09-18,ORFIN,KAP,ORFİN FİNANSMAN A.Ş. - İhraç Tavanına İlişkin Bildirim,İhraç Tavanına İlişkin Bildirim 12.09.2025 TARİHLİ İHRAÇ BELGESİ VE SPK ONAYI-GÜNCELLEME,https://www.kap.org.tr/tr/Bildirim/1490835,tr,2025-09-18T13:45:06+00:00
2025-09-18,OTOSR,KAP,OTOSOR OTOMOTİV A.Ş. - Pay Dışında Sermaye Piyasası Aracı İşlemlerine İlişkin Bildirim (Faiz İçeren),Pay Dışında Sermaye Piyasası Aracı İşlemlerine İlişkin Bildirim (Faiz İçeren) TRFOTSR62615 ISIN Kodlu Finansman Bonosunun 1. Kupon Ödemesinin Gerçekleştirilmesi,https://www.kap.org.tr/tr/Bildirim/1490966,tr,2025-09-18T17:01:05+00:00
2025-09-18,OYA,KAP,OYAK YATIRIM MENKUL DEĞERLER A.Ş. - Piyasa Yapıcılığı Kapsamında Gerçekleştirilen İşlemler Bildirimi,Piyasa Yapıcılığı Kapsamında Gerçekleştirilen İşlemler Bildirimi 18/09/2025 TARİHLİ OYAYO PİYASA YAPICILIĞI İŞLEMLERİ OYAYO,https://www.kap.org.tr/tr/Bildirim/1491026,tr,2025-09-18T18:32:03+00:00
2025-09-18,OYAYO,KAP,OYAK YATIRIM ORTAKLIĞI A.Ş. - Özel Durum Açıklaması (Genel),"Özel Durum Açıklaması (Genel) Ortaklık paylarının BİAŞ'ta oluşan ağırlıklı ortalama fiyatının, pay başına net aktif değerinin 2 katını aşması hakkında",https://www.kap.org.tr/tr/Bildirim/1490803,tr,2025-09-18T11:21:05+00:00
2025-09-18,OYYAT,KAP,OYAK YATIRIM MENKUL DEĞERLER A.Ş. - Piyasa Yapıcılığı Kapsamında Gerçekleştirilen İşlemler Bildirimi,Piyasa Yapıcılığı Kapsamında Gerçekleştirilen İşlemler Bildirimi 18/09/2025 TARİHLİ OYAYO PİYASA YAPICILIĞI İŞLEMLERİ OYAYO,https://www.kap.org.tr/tr/Bildirim/1491026,tr,2025-09-18T18:32:03+00:00
2025-09-18,PCILT,KAP,PC İLETİŞİM VE MEDYA HİZMETLERİ SANAYİ TİCARET A.Ş. - Payların Geri Alınmasına İlişkin Bildirim,Payların Geri Alınmasına İlişkin Bildirim 18.09.2025 Tarihli Pay Geri Alım İşlemleri,https://www.kap.org.tr/tr/Bildirim/1491038,tr,2025-09-18T19:00:12+00:00
2025-09-18,PNLSN,KAP,PANELSAN ÇATI CEPHE SİSTEMLERİ SANAYİ VE TİCARET A.Ş. - Payların Geri Alınmasına İlişkin Bildirim,Payların Geri Alınmasına İlişkin Bildirim Pay Geri Alım İşlemlerine İlişkin Bildirim hk.,https://www.kap.org.tr/tr/Bildirim/1491050,tr,2025-09-18T20:42:36+00:00
2025-09-18,QNBTR,KAP,QNB BANK A.Ş. - Sermaye Artırımı - Azaltımı İşlemlerine İlişkin Bildirim,Sermaye Artırımı - Azaltımı İşlemlerine İlişkin Bildirim Bankamızın 3.350.000.000.-TL. olan çıkarılmış sermayemizin 2.150.000.000.- TL bedelsiz artırılarak 5.500.000.000.-TL.'ye yükseltilmesi hk.,https://www.kap.org.tr/tr/Bildirim/1490979,tr,2025-09-18T17:32:59+00:00
2025-09-18,SASA,KAP,SASA POLYESTER SANAYİ A.Ş. - Sürdürülebilirlik Raporu,Sürdürülebilirlik Raporu 2024 yılı TSRS Uyumlu Sürdürülebilirlik Raporu,https://www.kap.org.tr/tr/Bildirim/1491011,tr,2025-09-18T18:16:49+00:00
2025-09-18,SISE,KAP,TÜRKİYE ŞİŞE VE CAM FABRİKALARI A.Ş. - Pay Dışında Sermaye Piyasası Aracı İşlemlerine İlişkin Bildirim (Faiz İçeren),Pay Dışında Sermaye Piyasası Aracı İşlemlerine İlişkin Bildirim (Faiz İçeren) TRSSISE32621 ISIN Kodlu Tahvilin 6. Kupon Oranı,https://www.kap.org.tr/tr/Bildirim/1491035,tr,2025-09-18T18:45:38+00:00
2025-09-18,SMRFA,KAP,SÜMER FAKTORİNG A.Ş. - Pay Dışında Sermaye Piyasası Aracı İşlemlerine İlişkin Bildirim (Faiz İçeren),Pay Dışında Sermaye Piyasası Aracı İşlemlerine İlişkin Bildirim (Faiz İçeren) TRFSUMF92510 ISIN Kodlu Finansman Bonosunun 4. Kuponu ve Ana Parasının Ödenmesi Hakkında,https://www.kap.org.tr/tr/Bildirim/1490802,tr,2025-09-18T11:20:41+00:00
2025-09-18,SRVGY,KAP,SERVET GAYRİMENKUL YATIRIM ORTAKLIĞI A.Ş. - Katılım Finansı İlkeleri Bilgi Formu,Katılım Finansı İlkeleri Bilgi Formu,https://www.kap.org.tr/tr/Bildirim/1491027,tr,2025-09-18T18:36:25+00:00
2025-09-18,TATGD,KAP,TAT GIDA SANAYİ A.Ş. - Özel Durum Açıklaması (Genel),Özel Durum Açıklaması (Genel) Konsolide mali tablo hazırlanması hakkında,https://www.kap.org.tr/tr/Bildirim/1491049,tr,2025-09-18T19:55:43+00:00
2025-09-18,TATGD,KAP,TAT GIDA SANAYİ A.Ş. - Finansal Duran Varlık Edinimi,Finansal Duran Varlık Edinimi Hollanda'da Bağlı Ortaklık Kurulması,https://www.kap.org.tr/tr/Bildirim/1490776,tr,2025-09-18T10:19:00+00:00
2025-09-18,TCKRC,KAP,KIRAÇ GALVANİZ TELEKOMİNİKASYON METAL MAKİNE İNŞAAT ELEKTRİK SANAYİ VE TİCARET A.Ş. - Payların Geri Alınmasına İlişkin Bildirim,Payların Geri Alınmasına İlişkin Bildirim Payların Geri Alınmasına İlişkin Bildirim,https://www.kap.org.tr/tr/Bildirim/1491010,tr,2025-09-18T18:16:17+00:00
2025-09-18,TEBFA,KAP,TEB FAKTORİNG A.Ş. - İhraç Tavanına İlişkin Bildirim,İhraç Tavanına İlişkin Bildirim Borçlanma Aracı İhrac Başvurusu,https://www.kap.org.tr/tr/Bildirim/1490910,tr,2025-09-18T16:00:59+00:00
2025-09-18,TEHOL,KAP,TERA YATIRIM TEKNOLOJİ HOLDİNG A.Ş. - Şirket Genel Bilgi Formu,Şirket Genel Bilgi Formu,https://www.kap.org.tr/tr/Bildirim/1491034,tr,2025-09-18T18:40:43+00:00
2025-09-18,TEHOL,KAP,TERA YATIRIM TEKNOLOJİ HOLDİNG A.Ş. - Özel Durum Açıklaması (Genel),Özel Durum Açıklaması (Genel) Şirketimiz iştiraki Barikat İnternet Güvenliği Bilişim Ticaret A.Ş. sermaye artırımı,https://www.kap.org.tr/tr/Bildirim/1491033,tr,2025-09-18T18:40:29+00:00
2025-09-18,TEZOL,KAP,EUROPAP TEZOL KAĞIT SANAYİ VE TİCARET A.Ş. - Payların Geri Alınmasına İlişkin Bildirim,Payların Geri Alınmasına İlişkin Bildirim Pay Geri Alım İşlemleri,https://www.kap.org.tr/tr/Bildirim/1491054,tr,2025-09-18T20:55:11+00:00
2025-09-18,THR,KAP,TÜRKİYE İHRACAT KREDİ BANKASI A.Ş. - İhraç Belgesi,İhraç Belgesi Yurt Dışı Tahvil İhracı,https://www.kap.org.tr/tr/Bildirim/1490784,tr,2025-09-18T10:48:49+00:00
2025-09-18,THR,KAP,TÜRKİYE İHRACAT KREDİ BANKASI A.Ş. - Pay Dışında Sermaye Piyasası Aracı İşlemlerine İlişkin Bildirim (Faiz İçeren),Pay Dışında Sermaye Piyasası Aracı İşlemlerine İlişkin Bildirim (Faiz İçeren) TRSEXIM92818 kodlu Yurtiçinde Nitelikli Yatırımcılara Sermaye Benzeri Tahvil Kupon İtfası,https://www.kap.org.tr/tr/Bildirim/1490779,tr,2025-09-18T10:30:43+00:00
2025-09-18,TIB,KAP,TÜRKİYE İŞ BANKASI A.Ş. - Pay Dışında Sermaye Piyasası Aracı İşlemlerine İlişkin Bildirim (Faiz İçeren),Pay Dışında Sermaye Piyasası Aracı İşlemlerine İlişkin Bildirim (Faiz İçeren) Yeşil Özel Sektör Tahvili Kupon Oranı Açıklaması,https://www.kap.org.tr/tr/Bildirim/1490972,tr,2025-09-18T17:02:31+00:00
2025-09-18,TIB,KAP,TÜRKİYE İŞ BANKASI A.Ş. - Pay Dışında Sermaye Piyasası Aracı İşlemlerine İlişkin Bildirim (Faiz İçeren),Pay Dışında Sermaye Piyasası Aracı İşlemlerine İlişkin Bildirim (Faiz İçeren) Yurtiçi TL cinsi katkı sermaye hesaplamasına dahil edilecek borçlanma aracı kupon ödemesi,https://www.kap.org.tr/tr/Bildirim/1490817,tr,2025-09-18T11:47:48+00:00
2025-09-18,TRHOL,KAP,TERA FİNANSAL YATIRIMLAR HOLDİNG A.Ş. - Geri Alınan Payların Elden Çıkarılması,Geri Alınan Payların Elden Çıkarılması Geri Alınan Payların Elden Çıkarılması,https://www.kap.org.tr/tr/Bildirim/1491057,tr,2025-09-18T22:53:11+00:00
2025-09-18,TVB,KAP,TÜRKİYE VAKIFLAR BANKASI T.A.O. - Pay Dışında Sermaye Piyasası Aracı İşlemlerine İlişkin Bildirim (Faiz İçeren),Pay Dışında Sermaye Piyasası Aracı İşlemlerine İlişkin Bildirim (Faiz İçeren) Yurt İçinde Nitelikli Yatırımcılara İhraç Edilen Sermaye Benzeri Tahvilin 25. Kuponunun Belirlenmesi,https://www.kap.org.tr/tr/Bildirim/1490968,tr,2025-09-18T17:01:17+00:00
2025-09-18,ULUFA,KAP,ULUSAL FAKTORİNG A.Ş. - Pay Dışında Sermaye Piyasası Aracı İşlemlerine İlişkin Bildirim (Faiz İçeren),Pay Dışında Sermaye Piyasası Aracı İşlemlerine İlişkin Bildirim (Faiz İçeren) Şirketimiz TRFULFK62611 ISIN Kodlu Değişken Faizli Borçlanma Aracımıza İlişkin Açıklama,https://www.kap.org.tr/tr/Bildirim/1491041,tr,2025-09-18T19:11:42+00:00
2025-09-18,ULUFA,KAP,ULUSAL FAKTORİNG A.Ş. - Pay Dışında Sermaye Piyasası Aracı İşlemlerine İlişkin Bildirim (Faiz İçeren),Pay Dışında Sermaye Piyasası Aracı İşlemlerine İlişkin Bildirim (Faiz İçeren) Şirketimiz TRSULFK92728 ISIN Kodlu Değişken Faizli Borçlanma Aracımıza İlişkin Açıklama,https://www.kap.org.tr/tr/Bildirim/1491040,tr,2025-09-18T19:11:03+00:00
2025-09-18,ULUFA,KAP,ULUSAL FAKTORİNG A.Ş. - Pay Dışında Sermaye Piyasası Aracı İşlemlerine İlişkin Bildirim (Faiz İçeren),Pay Dışında Sermaye Piyasası Aracı İşlemlerine İlişkin Bildirim (Faiz İçeren) Şirketimiz TRSULFKE2614 ISIN Kodlu Değişken Faizli Borçlanma Aracımıza İlişkin Açıklama,https://www.kap.org.tr/tr/Bildirim/1491039,tr,2025-09-18T19:10:18+00:00
2025-09-18,UNLU,KAP,ÜNLÜ YATIRIM HOLDİNG A.Ş. - Şirket Genel Bilgi Formu,Şirket Genel Bilgi Formu,https://www.kap.org.tr/tr/Bildirim/1490915,tr,2025-09-18T16:11:12+00:00
2025-09-18,USAK,KAP,UŞAK SERAMİK SANAYİ A.Ş. - Kayıtlı Sermaye Tavanı İşlemlerine İlişkin Bildirim,Kayıtlı Sermaye Tavanı İşlemlerine İlişkin Bildirim Kayıtlı Sermaye Tavanı Artırımına İlişkin Genel Kurul Onayı,https://www.kap.org.tr/tr/Bildirim/1490912,tr,2025-09-18T16:04:13+00:00
2025-09-18,USAK,KAP,UŞAK SERAMİK SANAYİ A.Ş. - Kar Payı Dağıtım İşlemlerine İlişkin Bildirim,Kar Payı Dağıtım İşlemlerine İlişkin Bildirim 2024 Yılı Kar Payı Dağıtımına İlişkin Genel Kurul Kararı Hk.,https://www.kap.org.tr/tr/Bildirim/1490911,tr,2025-09-18T16:04:01+00:00
2025-09-18,USAK,KAP,UŞAK SERAMİK SANAYİ A.Ş. - Bağımsız Denetim Kuruluşunun Belirlenmesi,Bağımsız Denetim Kuruluşunun Belirlenmesi Bağımsız Denetim Kuruluşunun Genel Kurul'ca onaylanması,https://www.kap.org.tr/tr/Bildirim/1490901,tr,2025-09-18T15:31:18+00:00
2025-09-18,USAK,KAP,UŞAK SERAMİK SANAYİ A.Ş. - Genel Kurul İşlemlerine İlişkin Bildirim,Genel Kurul İşlemlerine İlişkin Bildirim 2024 Yılı Olağan Genel Kurul Toplantı Sonucu Hakkında,https://www.kap.org.tr/tr/Bildirim/1490900,tr,2025-09-18T15:30:00+00:00
2025-09-18,VAKBN,KAP,TÜRKİYE VAKIFLAR BANKASI T.A.O. - Pay Dışında Sermaye Piyasası Aracı İşlemlerine İlişkin Bildirim (Faiz İçeren),Pay Dışında Sermaye Piyasası Aracı İşlemlerine İlişkin Bildirim (Faiz İçeren) Yurt İçinde Nitelikli Yatırımcılara İhraç Edilen Sermaye Benzeri Tahvilin 25. Kuponunun Belirlenmesi,https://www.kap.org.tr/tr/Bildirim/1490968,tr,2025-09-18T17:01:17+00:00
2025-09-18,VKFYO,KAP,VAKIF MENKUL KIYMET YATIRIM ORTAKLIĞI A.Ş. - Özel Durum Açıklaması (Genel),"Özel Durum Açıklaması (Genel) Şirketimizin BİAŞ'da oluşan ağırlıklı ortalama fiyatın, pay başına net aktif değerin 2 katını aşması sebebiyle yapılan açıklamadır.",https://www.kap.org.tr/tr/Bildirim/1490948,tr,2025-09-18T16:46:22+00:00
2025-09-18,ZKBVK,KAP,ZİRAAT KATILIM VARLIK KİRALAMA A.Ş. - Pay Dışında Sermaye Piyasası Aracı İşlemlerine İlişkin Bildirim (Faizsiz),Pay Dışında Sermaye Piyasası Aracı İşlemlerine İlişkin Bildirim (Faizsiz) TRDZKVK92538 ISIN kodlu Yurtiçi Kira Sertifikalarının İtfa ve Getiri Ödeme İşlemlerinin Tamamlanması Hk ZTB,https://www.kap.org.tr/tr/Bildirim/1490834,tr,2025-09-18T13:42:49+00:00
2025-09-18,ZOREN,KAP,ZORLU ENERJİ ELEKTRİK ÜRETİM A.Ş. - Pay Dışında Sermaye Piyasası Aracı İşlemlerine İlişkin Bildirim (Faiz İçeren),Pay Dışında Sermaye Piyasası Aracı İşlemlerine İlişkin Bildirim (Faiz İçeren) TRSZORN72615 ISIN Kodlu Tahvilin 1. Kupon Dönemine İlişkin Faiz Ödemesi Hakkında,https://www.kap.org.tr/tr/Bildirim/1490777,tr,2025-09-18T10:22:50+00:00
2025-09-19,A1CAP,KAP,A1 CAPİTAL YATIRIM MENKUL DEĞERLER A.Ş. - Özel Durum Açıklaması (Genel),Özel Durum Açıklaması (Genel) Egeli & Co Tarım Girişim Sermayesi Yatırım Ortaklığı A.Ş. (Egeli & Co) Pay Sahiplerine Zorunlu Pay Alım Teklifi Hk.,https://www.kap.org.tr/tr/Bildirim/1491418,tr,2025-09-19T18:10:20+00:00
2025-09-19,A1CAP,KAP,A1 CAPİTAL YATIRIM MENKUL DEĞERLER A.Ş. - Şirket Genel Bilgi Formu,Şirket Genel Bilgi Formu,https://www.kap.org.tr/tr/Bildirim/1491417,tr,2025-09-19T18:10:12+00:00
2025-09-19,ACP,KAP,A1 CAPİTAL YATIRIM MENKUL DEĞERLER A.Ş. - Özel Durum Açıklaması (Genel),Özel Durum Açıklaması (Genel) Egeli & Co Tarım Girişim Sermayesi Yatırım Ortaklığı A.Ş. (Egeli & Co) Pay Sahiplerine Zorunlu Pay Alım Teklifi Hk.,https://www.kap.org.tr/tr/Bildirim/1491418,tr,2025-09-19T18:10:20+00:00
2025-09-19,ACP,KAP,A1 CAPİTAL YATIRIM MENKUL DEĞERLER A.Ş. - Şirket Genel Bilgi Formu,Şirket Genel Bilgi Formu,https://www.kap.org.tr/tr/Bildirim/1491417,tr,2025-09-19T18:10:12+00:00
2025-09-19,AFB,KAP,AKTİF YATIRIM BANKASI A.Ş. - Tertip İhraç Belgesi,Tertip İhraç Belgesi Yurtdışı tertip ihracı hk.,https://www.kap.org.tr/tr/Bildirim/1491387,tr,2025-09-19T17:34:21+00:00
2025-09-19,AHGAZ,KAP,AHLATCI DOĞAL GAZ DAĞITIM ENERJİ VE YATIRIM A.Ş. - Payların Geri Alınmasına İlişkin Bildirim,Payların Geri Alınmasına İlişkin Bildirim 19.09.2025 Tarihli Pay Geri Alım İşlemleri,https://www.kap.org.tr/tr/Bildirim/1491448,tr,2025-09-19T18:31:17+00:00
2025-09-19,AHGAZ,KAP,AHLATCI DOĞAL GAZ DAĞITIM ENERJİ VE YATIRIM A.Ş. - Özel Durum Açıklaması (Genel),Özel Durum Açıklaması (Genel) Dolaylı Bağlı Ortaklığın Lisans Genişlemesi Hk.,https://www.kap.org.tr/tr/Bildirim/1491229,tr,2025-09-19T12:00:25+00:00
2025-09-19,AKFIS,KAP,AKFEN İNŞAAT TURİZM VE TİCARET A.Ş. - İhale Süreci / Sonucu,İhale Süreci / Sonucu Fatih Sultan Mehmet Eğitim ve Araştırma Hastanesi'nin Yeniden İnşası Önyeterlilik İhalesi Hk.,https://www.kap.org.tr/tr/Bildirim/1491402,tr,2025-09-19T17:45:21+00:00
2025-09-19,AKFK,KAP,AK FİNANSAL KİRALAMA A.Ş. - İhraç Tavanına İlişkin Bildirim,İhraç Tavanına İlişkin Bildirim Borçlanma Aracı İhracına İlişkin Yönetim Kurulu Kararı Alınması Hk.,https://www.kap.org.tr/tr/Bildirim/1491321,tr,2025-09-19T15:07:39+00:00
2025-09-19,AKFYE,KAP,AKFEN YENİLENEBİLİR ENERJİ A.Ş. - Payların Geri Alınmasına İlişkin Bildirim,Payların Geri Alınmasına İlişkin Bildirim 19.09.2025 Tarihli Pay Geri Alım İşlemleri Hk.,https://www.kap.org.tr/tr/Bildirim/1491431,tr,2025-09-19T18:15:14+00:00
2025-09-19,AKFYE,KAP,AKFEN YENİLENEBİLİR ENERJİ A.Ş. - Özel Durum Açıklaması (Genel),Özel Durum Açıklaması (Genel) Üçpınar ve Sarıtepe Rüzgar Enerjisi Santrali (RES) kapasite artış projelerinin ticari enerji üretimine geçmesi,https://www.kap.org.tr/tr/Bildirim/1491333,tr,2025-09-19T15:45:23+00:00
2025-09-19,AKSA,KAP,AKSA AKRİLİK KİMYA SANAYİİ A.Ş. - Birleşme İşlemlerine İlişkin Bildirim,Birleşme İşlemlerine İlişkin Bildirim KolaylaştırılmışUsulde Birleşme İşlemine İlişkin SPK Başvurusu,https://www.kap.org.tr/tr/Bildirim/1491332,tr,2025-09-19T15:44:45+00:00
2025-09-19,AKTIF,KAP,AKTİF YATIRIM BANKASI A.Ş. - Tertip İhraç Belgesi,Tertip İhraç Belgesi Yurtdışı tertip ihracı hk.,https://www.kap.org.tr/tr/Bildirim/1491387,tr,2025-09-19T17:34:21+00:00
2025-09-19,ALTNY,KAP,ALTINAY SAVUNMA TEKNOLOJİLERİ A.Ş. - Kurumsal Yönetim Bilgi Formu (Güncelleme) - Yönetim Kurulu-2,Kurumsal Yönetim Bilgi Formu (Güncelleme) - Yönetim Kurulu-2 Yönetim Kurulu Komiteleri,https://www.kap.org.tr/tr/Bildirim/1491273,tr,2025-09-19T14:13:24+00:00
2025-09-19,ALVES,KAP,ALVES KABLO SANAYİ VE TİCARET A.Ş. - Pay Dışında Sermaye Piyasası Aracı İşlemlerine İlişkin Bildirim (Faiz İçeren),Pay Dışında Sermaye Piyasası Aracı İşlemlerine İlişkin Bildirim (Faiz İçeren) Finansman Bonosu İhracının Tamamlanması,https://www.kap.org.tr/tr/Bildirim/1491065,tr,2025-09-19T08:20:27+00:00
2025-09-19,ARMGD,KAP,ARMADA GIDA TİCARET SANAYİ A.Ş. - Kurumsal Yönetim Bilgi Formu (Güncelleme) - Yönetim Kurulu-2,Kurumsal Yönetim Bilgi Formu (Güncelleme) - Yönetim Kurulu-2 Kurumsal Yönetim Komitesi Üye Değişikliği,https://www.kap.org.tr/tr/Bildirim/1491238,tr,2025-09-19T12:33:20+00:00
2025-09-19,ARMGD,KAP,ARMADA GIDA TİCARET SANAYİ A.Ş. - Yönetim Kurulu Komiteleri,Yönetim Kurulu Komiteleri Kurumsal Yönetim Komitesi Üyesi Atanması,https://www.kap.org.tr/tr/Bildirim/1491237,tr,2025-09-19T12:32:23+00:00
2025-09-19,ARMGD,KAP,ARMADA GIDA TİCARET SANAYİ A.Ş. - Şirket Genel Bilgi Formu,Şirket Genel Bilgi Formu,https://www.kap.org.tr/tr/Bildirim/1491236,tr,2025-09-19T12:31:21+00:00
2025-09-19,ARMGD,KAP,ARMADA GIDA TİCARET SANAYİ A.Ş. - Özel Durum Açıklaması (Genel),Özel Durum Açıklaması (Genel) Yatırımcı İlişkileri Departman Yapılanması,https://www.kap.org.tr/tr/Bildirim/1491235,tr,2025-09-19T12:30:31+00:00
2025-09-19,ARSAN,KAP,ARSAN TEKSTİL TİCARET VE SANAYİ A.Ş. - Şirket Genel Bilgi Formu,Şirket Genel Bilgi Formu,https://www.kap.org.tr/tr/Bildirim/1491357,tr,2025-09-19T16:17:19+00:00
2025-09-19,ARSAN,KAP,ARSAN TEKSTİL TİCARET VE SANAYİ A.Ş. - Kayıtlı Sermaye Tavanı İşlemlerine İlişkin Bildirim,Kayıtlı Sermaye Tavanı İşlemlerine İlişkin Bildirim Kayıtlı Sermaye Tavanı Artırımı ve Tavan Geçerlilik Süresinin Uzatılması.,https://www.kap.org.tr/tr/Bildirim/1491347,tr,2025-09-19T16:05:29+00:00
2025-09-19,ARZUM,KAP,ARZUM ELEKTRİKLİ EV ALETLERİ SANAYİ VE TİCARET A.Ş. - Tasarruf Sahiplerine Satış Duyurusu,Tasarruf Sahiplerine Satış Duyurusu Tasarruf Sahiplerine Satış Duyurusu,https://www.kap.org.tr/tr/Bildirim/1491260,tr,2025-09-19T13:37:56+00:00
2025-09-19,ARZUM,KAP,ARZUM ELEKTRİKLİ EV ALETLERİ SANAYİ VE TİCARET A.Ş. - Sermaye Artırımı - Azaltımı İşlemlerine İlişkin Bildirim,Sermaye Artırımı - Azaltımı İşlemlerine İlişkin Bildirim Kullanılmayan Rüçhan Hakkı Tutarına İlişkin Açıklama,https://www.kap.org.tr/tr/Bildirim/1491258,tr,2025-09-19T13:35:07+00:00
2025-09-19,AVGYO,KAP,AVRASYA GAYRİMENKUL YATIRIM ORTAKLIĞI A.Ş. - Özel Durum Açıklaması (Genel),Özel Durum Açıklaması (Genel) Metro Hotel Apartments Projesi Hk.,https://www.kap.org.tr/tr/Bildirim/1491434,tr,2025-09-19T18:15:43+00:00
2025-09-19,BAGFS,KAP,BAGFAŞ BANDIRMA GÜBRE FABRİKALARI A.Ş. - Sermaye Artırımı - Azaltımı İşlemlerine İlişkin Bildirim,Sermaye Artırımı - Azaltımı İşlemlerine İlişkin Bildirim SPK Onay TarihiNİN gÜNCELLENMESİ,https://www.kap.org.tr/tr/Bildirim/1491433,tr,2025-09-19T18:15:17+00:00
2025-09-19,BEYAZ,KAP,BEYAZ FİLO OTO KİRALAMA A.Ş. - Kredi Derecelendirmesi,Kredi Derecelendirmesi Kredi Derecelendirme Notu,https://www.kap.org.tr/tr/Bildirim/1491468,tr,2025-09-19T19:45:59+00:00
2025-09-19,BORLS,KAP,BORLEASE OTOMOTİV A.Ş. - İhraç Tavanına İlişkin Bildirim,İhraç Tavanına İlişkin Bildirim Yurtiçinde Borçlanma Aracı İhraç Tavanının SPK Tarafından Onaylanması,https://www.kap.org.tr/tr/Bildirim/1491430,tr,2025-09-19T18:14:47+00:00
2025-09-19,BRKSN,KAP,BERKOSAN YALITIM VE TECRİT MADDELERİ ÜRETİM VE TİCARET A.Ş. - Özel Durum Açıklaması (Genel),Özel Durum Açıklaması (Genel) Berkosan Iberica S.A Görevden Ayrılma Hk.,https://www.kap.org.tr/tr/Bildirim/1491435,tr,2025-09-19T18:16:54+00:00
2025-09-19,BSRFK,KAP,BAŞER FİNANS FAKTORİNG A.Ş. - İhraç Belgesi,İhraç Belgesi İhraç Belgesi,https://www.kap.org.tr/tr/Bildirim/1491472,tr,2025-09-19T20:13:09+00:00
2025-09-19,BSRFK,KAP,BAŞER FİNANS FAKTORİNG A.Ş. - İhraç Tavanına İlişkin Bildirim,İhraç Tavanına İlişkin Bildirim İHRAÇ LİMİTİNİN ONAYLANMASI HK,https://www.kap.org.tr/tr/Bildirim/1491471,tr,2025-09-19T20:12:27+00:00
2025-09-19,CAGFA,KAP,ÇAĞDAŞ FAKTORİNG A.Ş. - Pay Dışında Sermaye Piyasası Aracı İşlemlerine İlişkin Bildirim (Faiz İçeren),Pay Dışında Sermaye Piyasası Aracı İşlemlerine İlişkin Bildirim (Faiz İçeren) TRSCGDF32610 ISIN Kodlu İhracın 2.Kupon Faiz Ödemesinin Gerçekleştirilmesi,https://www.kap.org.tr/tr/Bildirim/1491298,tr,2025-09-19T14:46:00+00:00
2025-09-19,CAGFA,KAP,ÇAĞDAŞ FAKTORİNG A.Ş. - Pay Dışında Sermaye Piyasası Aracı İşlemlerine İlişkin Bildirim (Faiz İçeren),Pay Dışında Sermaye Piyasası Aracı İşlemlerine İlişkin Bildirim (Faiz İçeren) TRSCGDF32610 ISIN Kodlu İhracın 2.Kupon Faiz Oranının belirlenmesi,https://www.kap.org.tr/tr/Bildirim/1491180,tr,2025-09-19T10:32:28+00:00
2025-09-19,CAGFA,KAP,ÇAĞDAŞ FAKTORİNG A.Ş. - Pay Dışında Sermaye Piyasası Aracı İşlemlerine İlişkin Bildirim (Faiz İçeren),Pay Dışında Sermaye Piyasası Aracı İşlemlerine İlişkin Bildirim (Faiz İçeren) TRFCGDF92611 ISIN Kodlu 18.09.2026 Vadeli Finansman Bonosu İhracı,https://www.kap.org.tr/tr/Bildirim/1491085,tr,2025-09-19T09:25:48+00:00
2025-09-19,CELHA,KAP,ÇELİK HALAT VE TEL SANAYİİ A.Ş. - Sermaye Artırımı - Azaltımı İşlemlerine İlişkin Bildirim,Sermaye Artırımı - Azaltımı İşlemlerine İlişkin Bildirim Sermaye Piyasası Kurulu'na Yapılan Tahsisli Sermaye Artırımı Başvurusu Hakkında,https://www.kap.org.tr/tr/Bildirim/1491446,tr,2025-09-19T18:30:25+00:00
2025-09-19,CEMAS,KAP,ÇEMAŞ DÖKÜM SANAYİ A.Ş. - Genel Kurul İşlemlerine İlişkin Bildirim,Genel Kurul İşlemlerine İlişkin Bildirim 2024 Yılı Olağan Genel Kurul Toplantı Çağrısı,https://www.kap.org.tr/tr/Bildirim/1491209,tr,2025-09-19T11:19:56+00:00
2025-09-19,CEMAS,KAP,ÇEMAŞ DÖKÜM SANAYİ A.Ş. - Pay Alım Satım Bildirimi,Pay Alım Satım Bildirimi Pay Satışı NIBAS,https://www.kap.org.tr/tr/Bildirim/1491066,tr,2025-09-19T08:46:07+00:00
2025-09-19,CLKMT,KAP,ÇELİK MOTOR TİCARET A.Ş. - İhraç Tavanına İlişkin Bildirim,İhraç Tavanına İlişkin Bildirim Borçlanma aracı ihracı için yetki verilmesine ilişkin Yönetim Kurulu Kararı,https://www.kap.org.tr/tr/Bildirim/1491456,tr,2025-09-19T18:40:28+00:00
2025-09-19,CLKMT,KAP,ÇELİK MOTOR TİCARET A.Ş. - Pay Dışında Sermaye Piyasası Aracı İşlemlerine İlişkin Bildirim (Faiz İçeren),Pay Dışında Sermaye Piyasası Aracı İşlemlerine İlişkin Bildirim (Faiz İçeren) TRSCLKM42610 ISIN kodlu kıymet 2.kupon ödemesi,https://www.kap.org.tr/tr/Bildirim/1491455,tr,2025-09-19T18:39:04+00:00
2025-09-19,CLKMT,KAP,ÇELİK MOTOR TİCARET A.Ş. - Pay Dışında Sermaye Piyasası Aracı İşlemlerine İlişkin Bildirim (Faiz İçeren),Pay Dışında Sermaye Piyasası Aracı İşlemlerine İlişkin Bildirim (Faiz İçeren) Kupon Oranı Belirlenmesi,https://www.kap.org.tr/tr/Bildirim/1491067,tr,2025-09-19T08:54:14+00:00
2025-09-19,CMENT,KAP,ÇİMENTAŞ İZMİR ÇİMENTO FABRİKASI T.A.Ş. - Özel Durum Açıklaması (Genel),Özel Durum Açıklaması (Genel) Bağlı Ortaklık Satışı Hakkında Güncelleme,https://www.kap.org.tr/tr/Bildirim/1491257,tr,2025-09-19T13:27:11+00:00
2025-09-19,DGRVK,KAP,DEĞER VARLIK KİRALAMA A.Ş. - Pay Dışında Sermaye Piyasası Aracı İşlemlerine İlişkin Bildirim (Faizsiz),Pay Dışında Sermaye Piyasası Aracı İşlemlerine İlişkin Bildirim (Faizsiz) TRDDGER12649 ISIN Kodlu Vaden Otomotiv Sanayi ve Ticaret A.Ş. Yurtiçi Kira Sertifikası İhracının Satışının Tamamlanması Hk.,https://www.kap.org.tr/tr/Bildirim/1491103,tr,2025-09-19T09:43:24+00:00
2025-09-19,DNYVA,KAP,DÜNYA VARLIK YÖNETİM A.Ş. - Pay Dışında Sermaye Piyasası Aracı İşlemlerine İlişkin Bildirim (Faiz İçeren),Pay Dışında Sermaye Piyasası Aracı İşlemlerine İlişkin Bildirim (Faiz İçeren) TRSDVYS92610 ISIN kodlu tahvilin 2.kupon ödemesi,https://www.kap.org.tr/tr/Bildirim/1491204,tr,2025-09-19T10:57:04+00:00
2025-09-19,ENERY,KAP,ENERYA ENERJİ A.Ş. - Payların Geri Alınmasına İlişkin Bildirim,Payların Geri Alınmasına İlişkin Bildirim 19.09.2025 Tarihli Pay Geri Alım İşlemleri,https://www.kap.org.tr/tr/Bildirim/1491451,tr,2025-09-19T18:31:52+00:00
2025-09-19,ENERY,KAP,ENERYA ENERJİ A.Ş. - Özel Durum Açıklaması (Genel),Özel Durum Açıklaması (Genel) Bağlı Ortaklık Lisans Genişlemesi Hk.,https://www.kap.org.tr/tr/Bildirim/1491228,tr,2025-09-19T12:00:07+00:00
2025-09-19,ENPRA,KAP,ENPARA BANK A.Ş. - İhraç Belgesi,İhraç Belgesi Kısmi bölünme ve sermaye artırımına ilişkin bilgileri içeren SPK onaylı İhraç Belgesi,https://www.kap.org.tr/tr/Bildirim/1491215,tr,2025-09-19T11:30:58+00:00
2025-09-19,ETYAT,KAP,EURO TREND YATIRIM ORTAKLIĞI A.Ş. - Özel Durum Açıklaması (Genel),"Özel Durum Açıklaması (Genel) BİAŞ'da oluşan ağırlıklı ortalama fiyatın,pay başına net aktif değerin 2 katını aşması",https://www.kap.org.tr/tr/Bildirim/1491288,tr,2025-09-19T14:35:38+00:00
2025-09-19,EUKYO,KAP,EURO KAPİTAL YATIRIM ORTAKLIĞI A.Ş. - Özel Durum Açıklaması (Genel),"Özel Durum Açıklaması (Genel) BİAŞ'da oluşan ağırlıklı ortalama fiyatın,pay başına net aktif değerin 2 katını aşması",https://www.kap.org.tr/tr/Bildirim/1491291,tr,2025-09-19T14:37:48+00:00
2025-09-19,EUYO,KAP,EURO MENKUL KIYMET YATIRIM ORTAKLIĞI A.Ş. - Özel Durum Açıklaması (Genel),"Özel Durum Açıklaması (Genel) BİAŞ'da oluşan ağırlıklı ortalama fiyatın,pay başına net aktif değerin 2 katını aşması",https://www.kap.org.tr/tr/Bildirim/1491283,tr,2025-09-19T14:34:22+00:00
2025-09-19,EXIMB,KAP,TÜRKİYE İHRACAT KREDİ BANKASI A.Ş. - Pay Dışında Sermaye Piyasası Aracı İşlemlerine İlişkin Bildirim (Faiz İçeren),Pay Dışında Sermaye Piyasası Aracı İşlemlerine İlişkin Bildirim (Faiz İçeren) XS3030311628 ISIN Kodlu Finansman Bonosunun İtfası Hk,https://www.kap.org.tr/tr/Bildirim/1491136,tr,2025-09-19T09:58:11+00:00
2025-09-19,EXIMB,KAP,TÜRKİYE İHRACAT KREDİ BANKASI A.Ş. - İhraç Tavanına İlişkin Bildirim,İhraç Tavanına İlişkin Bildirim Yurt Dışı Tahvil İhracı,https://www.kap.org.tr/tr/Bildirim/1491089,tr,2025-09-19T09:36:14+00:00
2025-09-19,FIN,KAP,QNB BANK A.Ş. - Pay Dışında Sermaye Piyasası Aracı İşlemlerine İlişkin Bildirim (Faiz İçeren),Pay Dışında Sermaye Piyasası Aracı İşlemlerine İlişkin Bildirim (Faiz İçeren) QNB Bank A.Ş. Borçlanma Aracı Satışın Tamamlanması hk.,https://www.kap.org.tr/tr/Bildirim/1491137,tr,2025-09-19T09:58:45+00:00
2025-09-19,GARAN,KAP,TÜRKİYE GARANTİ BANKASI A.Ş. - Pay Dışında Sermaye Piyasası Aracı İşlemlerine İlişkin Bildirim (Faiz İçeren),Pay Dışında Sermaye Piyasası Aracı İşlemlerine İlişkin Bildirim (Faiz İçeren) Yurtdışı Piyasalara Tahvil İhracı SPK Onayı,https://www.kap.org.tr/tr/Bildirim/1491462,tr,2025-09-19T19:17:52+00:00
2025-09-19,GEDIK,KAP,GEDİK YATIRIM MENKUL DEĞERLER A.Ş. - Özel Durum Açıklaması (Genel),Özel Durum Açıklaması (Genel) Turpe GSYO Hakkında,https://www.kap.org.tr/tr/Bildirim/1491425,tr,2025-09-19T18:12:39+00:00
2025-09-19,GLCVY,KAP,GELECEK VARLIK YÖNETİMİ A.Ş. - Özel Durum Açıklaması (Genel),"Özel Durum Açıklaması (Genel) Tahsili Gecikmiş Alacak Portföyü Alımı FBB, FBBNK",https://www.kap.org.tr/tr/Bildirim/1491477,tr,2025-09-19T23:19:23+00:00
2025-09-19,GLRMK,KAP,GÜLERMAK AĞIR SANAYİ İNŞAAT VE TAAHHÜT A.Ş. - İhale Süreci / Sonucu,İhale Süreci / Sonucu Polonya Varşova Metrosu 1. Hattı'nın Telsiz Sistemlerinin Modernizasyonu,https://www.kap.org.tr/tr/Bildirim/1491440,tr,2025-09-19T18:25:56+00:00
2025-09-19,GRNYO,KAP,GARANTİ YATIRIM ORTAKLIĞI A.Ş. - Özel Durum Açıklaması (Genel),"Özel Durum Açıklaması (Genel) Paylarının BİAŞ'ta oluşan ağırlıklı ortalama fiyatının, pay başına net aktif değerinin 2 katını aşması hakkında.",https://www.kap.org.tr/tr/Bildirim/1491169,tr,2025-09-19T10:14:32+00:00
2025-09-19,HDFFL,KAP,HEDEF ARAÇ KİRALAMA VE SERVİS A.Ş. - İhraç Tavanına İlişkin Bildirim,İhraç Tavanına İlişkin Bildirim Sermaye Piyasası Aracı İhracına İlişkin Yönetim Kurulu Kararı,https://www.kap.org.tr/tr/Bildirim/1491401,tr,2025-09-19T17:44:51+00:00
2025-09-19,IEYHO,KAP,IŞIKLAR ENERJİ VE YAPI HOLDİNG A.Ş. - Ortaklık Aleyhine Dava Açılması veya Davaya İlişkin Gelişmeler,Ortaklık Aleyhine Dava Açılması veya Davaya İlişkin Gelişmeler Ortaklık aleyhine dava açılması,https://www.kap.org.tr/tr/Bildirim/1491444,tr,2025-09-19T18:28:29+00:00
2025-09-19,IMASM,KAP,İMAŞ MAKİNA SANAYİ A.Ş. - Özel Durum Açıklaması (Genel),Özel Durum Açıklaması (Genel) Yeni Siparişlerin Alınması Hk.,https://www.kap.org.tr/tr/Bildirim/1491437,tr,2025-09-19T18:23:00+00:00
2025-09-19,INVEO,KAP,INVEO YATIRIM HOLDİNG A.Ş. - Özel Durum Açıklaması (Genel),Özel Durum Açıklaması (Genel) Turpe GSYO Hakkında,https://www.kap.org.tr/tr/Bildirim/1491429,tr,2025-09-19T18:13:05+00:00
2025-09-19,ISATR,KAP,TÜRKİYE İŞ BANKASI A.Ş. - Pay Dışında Sermaye Piyasası Aracı İşlemlerine İlişkin Bildirim (Faiz İçeren),Pay Dışında Sermaye Piyasası Aracı İşlemlerine İlişkin Bildirim (Faiz İçeren) Yeşil Özel Sektör Tahvili Kupon Ödemesi,https://www.kap.org.tr/tr/Bildirim/1491200,tr,2025-09-19T10:43:05+00:00
2025-09-19,ISBTR,KAP,TÜRKİYE İŞ BANKASI A.Ş. - Pay Dışında Sermaye Piyasası Aracı İşlemlerine İlişkin Bildirim (Faiz İçeren),Pay Dışında Sermaye Piyasası Aracı İşlemlerine İlişkin Bildirim (Faiz İçeren) Yeşil Özel Sektör Tahvili Kupon Ödemesi,https://www.kap.org.tr/tr/Bildirim/1491200,tr,2025-09-19T10:43:05+00:00
2025-09-19,ISCTR,KAP,TÜRKİYE İŞ BANKASI A.Ş. - Pay Dışında Sermaye Piyasası Aracı İşlemlerine İlişkin Bildirim (Faiz İçeren),Pay Dışında Sermaye Piyasası Aracı İşlemlerine İlişkin Bildirim (Faiz İçeren) Yeşil Özel Sektör Tahvili Kupon Ödemesi,https://www.kap.org.tr/tr/Bildirim/1491200,tr,2025-09-19T10:43:05+00:00
2025-09-19,ISKUR,KAP,TÜRKİYE İŞ BANKASI A.Ş. - Pay Dışında Sermaye Piyasası Aracı İşlemlerine İlişkin Bildirim (Faiz İçeren),Pay Dışında Sermaye Piyasası Aracı İşlemlerine İlişkin Bildirim (Faiz İçeren) Yeşil Özel Sektör Tahvili Kupon Ödemesi,https://www.kap.org.tr/tr/Bildirim/1491200,tr,2025-09-19T10:43:05+00:00
2025-09-19,ISMEN,KAP,İŞ YATIRIM MENKUL DEĞERLER A.Ş. - Yatırım Kuruluşu Varant - Sertifika - Senetlerine İlişkin Bildirim,Yatırım Kuruluşu Varant - Sertifika - Senetlerine İlişkin Bildirim İş Yatırım Sertifika ve Varant Alım Satım İşlemleri,https://www.kap.org.tr/tr/Bildirim/1491405,tr,2025-09-19T17:50:21+00:00
2025-09-19,ISMEN,KAP,İŞ YATIRIM MENKUL DEĞERLER A.Ş. - Piyasa Yapıcılığı Kapsamında Gerçekleştirilen İşlemler Bildirimi,Piyasa Yapıcılığı Kapsamında Gerçekleştirilen İşlemler Bildirimi Borsa Yatırım Fonu Piyasa Yapıcılığı İşlemleri ISGLK,https://www.kap.org.tr/tr/Bildirim/1491403,tr,2025-09-19T17:48:09+00:00
2025-09-19,ISYAT,KAP,İŞ YATIRIM ORTAKLIĞI A.Ş. - Özel Durum Açıklaması (Genel),"Özel Durum Açıklaması (Genel) Ortaklık paylarının BİAŞ'ta oluşan ağırlıklı ortalama fiyatının, pay başına net aktif değerinin 2 katını aşması hakkında",https://www.kap.org.tr/tr/Bildirim/1491240,tr,2025-09-19T12:40:36+00:00
2025-09-19,IYM,KAP,İŞ YATIRIM MENKUL DEĞERLER A.Ş. - Yatırım Kuruluşu Varant - Sertifika - Senetlerine İlişkin Bildirim,Yatırım Kuruluşu Varant - Sertifika - Senetlerine İlişkin Bildirim İş Yatırım Sertifika ve Varant Alım Satım İşlemleri,https://www.kap.org.tr/tr/Bildirim/1491405,tr,2025-09-19T17:50:21+00:00
2025-09-19,IYM,KAP,İŞ YATIRIM MENKUL DEĞERLER A.Ş. - Piyasa Yapıcılığı Kapsamında Gerçekleştirilen İşlemler Bildirimi,Piyasa Yapıcılığı Kapsamında Gerçekleştirilen İşlemler Bildirimi Borsa Yatırım Fonu Piyasa Yapıcılığı İşlemleri ISGLK,https://www.kap.org.tr/tr/Bildirim/1491403,tr,2025-09-19T17:48:09+00:00
2025-09-19,KERVN,KAP,KERVANSARAY YATIRIM HOLDİNG A.Ş. - Esas Sözleşme,Esas Sözleşme Esas Sözleşme,https://www.kap.org.tr/tr/Bildirim/1491380,tr,2025-09-19T17:23:01+00:00
2025-09-19,KLMSN,KAP,KLİMASAN KLİMA SANAYİ VE TİCARET A.Ş. - Özel Durum Açıklaması (Genel),Özel Durum Açıklaması (Genel) Bina İnşaatı Hakkında Bilgilendirme,https://www.kap.org.tr/tr/Bildirim/1491463,tr,2025-09-19T19:18:42+00:00
2025-09-19,KLRHO,KAP,KİLER HOLDİNG A.Ş. - Özel Durum Açıklaması (Genel),Özel Durum Açıklaması (Genel) İştirakimiz Hakkında Bilgilendirme,https://www.kap.org.tr/tr/Bildirim/1491074,tr,2025-09-19T09:18:04+00:00
2025-09-19,KNTFA,KAP,KENT FİNANS FAKTORİNG A.Ş. - Pay Dışında Sermaye Piyasası Aracı İşlemlerine İlişkin Bildirim (Faiz İçeren),Pay Dışında Sermaye Piyasası Aracı İşlemlerine İlişkin Bildirim (Faiz İçeren) Finansman bonosu ve Kupon ödemesi hk,https://www.kap.org.tr/tr/Bildirim/1491217,tr,2025-09-19T11:35:56+00:00
2025-09-19,KOCMT,KAP,KOÇ METALURJİ A.Ş. - Sermaye Artırımı - Azaltımı İşlemlerine İlişkin Bildirim,Sermaye Artırımı - Azaltımı İşlemlerine İlişkin Bildirim Bedelsiz Sermaye Artırımına İlişkin SPK Onayı,https://www.kap.org.tr/tr/Bildirim/1491222,tr,2025-09-19T11:51:49+00:00
2025-09-19,KORTS,KAP,KORTEKS MENSUCAT SANAYİ VE TİCARET A.Ş. - Pay Dışında Sermaye Piyasası Aracı İşlemlerine İlişkin Bildirim (Faiz İçeren),Pay Dışında Sermaye Piyasası Aracı İşlemlerine İlişkin Bildirim (Faiz İçeren) TRSKORT52616 ISIN kodlu Korteks ihracının 5. kupon ödeme dönemine ilişkin açıklama,https://www.kap.org.tr/tr/Bildirim/1491275,tr,2025-09-19T14:16:19+00:00
2025-09-19,KRDMA,KAP,KARDEMİR KARABÜK DEMİR ÇELİK SANAYİ VE TİCARET A.Ş. - Şirket Genel Bilgi Formu,Şirket Genel Bilgi Formu,https://www.kap.org.tr/tr/Bildirim/1491465,tr,2025-09-19T19:26:51+00:00
2025-09-19,KRDMA,KAP,KARDEMİR KARABÜK DEMİR ÇELİK SANAYİ VE TİCARET A.Ş. - Yönetim Kurulu Komiteleri,Yönetim Kurulu Komiteleri Yönetim Kurulu Komiteleri hk.,https://www.kap.org.tr/tr/Bildirim/1491457,tr,2025-09-19T18:42:18+00:00
2025-09-19,KRDMA,KAP,KARDEMİR KARABÜK DEMİR ÇELİK SANAYİ VE TİCARET A.Ş. - Özel Durum Açıklaması (Genel),Özel Durum Açıklaması (Genel) Yönetim Kurulu Üyeliği Hk,https://www.kap.org.tr/tr/Bildirim/1491427,tr,2025-09-19T18:12:44+00:00
2025-09-19,KRDMA,KAP,KARDEMİR KARABÜK DEMİR ÇELİK SANAYİ VE TİCARET A.Ş. - Özel Durum Açıklaması (Genel),Özel Durum Açıklaması (Genel) Yönetim Kurulu Başkanlığı Hk.,https://www.kap.org.tr/tr/Bildirim/1491424,tr,2025-09-19T18:11:42+00:00
2025-09-19,KRDMB,KAP,KARDEMİR KARABÜK DEMİR ÇELİK SANAYİ VE TİCARET A.Ş. - Şirket Genel Bilgi Formu,Şirket Genel Bilgi Formu,https://www.kap.org.tr/tr/Bildirim/1491465,tr,2025-09-19T19:26:51+00:00
2025-09-19,KRDMB,KAP,KARDEMİR KARABÜK DEMİR ÇELİK SANAYİ VE TİCARET A.Ş. - Yönetim Kurulu Komiteleri,Yönetim Kurulu Komiteleri Yönetim Kurulu Komiteleri hk.,https://www.kap.org.tr/tr/Bildirim/1491457,tr,2025-09-19T18:42:18+00:00
2025-09-19,KRDMB,KAP,KARDEMİR KARABÜK DEMİR ÇELİK SANAYİ VE TİCARET A.Ş. - Özel Durum Açıklaması (Genel),Özel Durum Açıklaması (Genel) Yönetim Kurulu Üyeliği Hk,https://www.kap.org.tr/tr/Bildirim/1491427,tr,2025-09-19T18:12:44+00:00
2025-09-19,KRDMB,KAP,KARDEMİR KARABÜK DEMİR ÇELİK SANAYİ VE TİCARET A.Ş. - Özel Durum Açıklaması (Genel),Özel Durum Açıklaması (Genel) Yönetim Kurulu Başkanlığı Hk.,https://www.kap.org.tr/tr/Bildirim/1491424,tr,2025-09-19T18:11:42+00:00
2025-09-19,KRDMD,KAP,KARDEMİR KARABÜK DEMİR ÇELİK SANAYİ VE TİCARET A.Ş. - Şirket Genel Bilgi Formu,Şirket Genel Bilgi Formu,https://www.kap.org.tr/tr/Bildirim/1491465,tr,2025-09-19T19:26:51+00:00
2025-09-19,KRDMD,KAP,KARDEMİR KARABÜK DEMİR ÇELİK SANAYİ VE TİCARET A.Ş. - Yönetim Kurulu Komiteleri,Yönetim Kurulu Komiteleri Yönetim Kurulu Komiteleri hk.,https://www.kap.org.tr/tr/Bildirim/1491457,tr,2025-09-19T18:42:18+00:00
2025-09-19,KRDMD,KAP,KARDEMİR KARABÜK DEMİR ÇELİK SANAYİ VE TİCARET A.Ş. - Özel Durum Açıklaması (Genel),Özel Durum Açıklaması (Genel) Yönetim Kurulu Üyeliği Hk,https://www.kap.org.tr/tr/Bildirim/1491427,tr,2025-09-19T18:12:44+00:00
2025-09-19,KRDMD,KAP,KARDEMİR KARABÜK DEMİR ÇELİK SANAYİ VE TİCARET A.Ş. - Özel Durum Açıklaması (Genel),Özel Durum Açıklaması (Genel) Yönetim Kurulu Başkanlığı Hk.,https://www.kap.org.tr/tr/Bildirim/1491424,tr,2025-09-19T18:11:42+00:00
2025-09-19,KTSKR,KAP,KÜTAHYA ŞEKER FABRİKASI A.Ş. - Özel Durum Açıklaması (Genel),Özel Durum Açıklaması (Genel) Şeker Üretimi Hakkında,https://www.kap.org.tr/tr/Bildirim/1491409,tr,2025-09-19T18:01:39+00:00
2025-09-19,LKMNH,KAP,LOKMAN HEKİM ENGÜRÜSAĞ SAĞLIK TURİZM EĞİTİM HİZMETLERİ VE İNŞAAT TAAHHÜT A.Ş. - Payların Geri Alınmasına İlişkin Bildirim,Payların Geri Alınmasına İlişkin Bildirim Hisse Geri Alımı,https://www.kap.org.tr/tr/Bildirim/1491458,tr,2025-09-19T18:44:09+00:00
2025-09-19,MARMR,KAP,MARMARA HOLDİNG A.Ş. - Esas Sözleşme,Esas Sözleşme Esas Sözleşme,https://www.kap.org.tr/tr/Bildirim/1491467,tr,2025-09-19T19:43:51+00:00
2025-09-19,MARMR,KAP,MARMARA HOLDİNG A.Ş. - Şirket Genel Bilgi Formu,Şirket Genel Bilgi Formu,https://www.kap.org.tr/tr/Bildirim/1491466,tr,2025-09-19T19:43:00+00:00
2025-09-19,MARTI,KAP,MARTI OTEL İŞLETMELERİ A.Ş. - Genel Kurul İşlemlerine İlişkin Bildirim,Genel Kurul İşlemlerine İlişkin Bildirim Olağan Genel Kurul Kararları Tescili,https://www.kap.org.tr/tr/Bildirim/1491461,tr,2025-09-19T19:03:55+00:00
2025-09-19,MAVI,KAP,MAVİ GİYİM SANAYİ VE TİCARET A.Ş. - Payların Geri Alınmasına İlişkin Bildirim,Payların Geri Alınmasına İlişkin Bildirim 19.09.2025 Tarihli Pay Geri Alım İşlemleri,https://www.kap.org.tr/tr/Bildirim/1491475,tr,2025-09-19T21:58:06+00:00
2025-09-19,MERKO,KAP,MERKO GIDA SANAYİ VE TİCARET A.Ş. - Pay Alım Satım Bildirimi,Pay Alım Satım Bildirimi Pay Satım Bildirimi Hk. FRIGO,https://www.kap.org.tr/tr/Bildirim/1491470,tr,2025-09-19T19:54:53+00:00
2025-09-19,MERKO,KAP,MERKO GIDA SANAYİ VE TİCARET A.Ş. - Özel Durum Açıklaması (Genel),Özel Durum Açıklaması (Genel) Tahsisli Sermaye Artışı Kararımızın Olumlu Sonuçlanması Hk.,https://www.kap.org.tr/tr/Bildirim/1491105,tr,2025-09-19T09:43:37+00:00
2025-09-19,MMCAS,KAP,MMC SANAYİ VE TİCARİ YATIRIMLAR A.Ş. - Sermaye Artırımı - Azaltımı İşlemlerine İlişkin Bildirim,Sermaye Artırımı - Azaltımı İşlemlerine İlişkin Bildirim Tahsisli Sermaye Arttırımına İlişkin Yönetim Kurulu Kararı,https://www.kap.org.tr/tr/Bildirim/1491278,tr,2025-09-19T14:28:08+00:00
2025-09-19,MRBAS,KAP,MARBAŞ MENKUL DEĞERLER A.Ş. - Pay Dışında Sermaye Piyasası Aracı İşlemlerine İlişkin Bildirim (Faiz İçeren),Pay Dışında Sermaye Piyasası Aracı İşlemlerine İlişkin Bildirim (Faiz İçeren) Finansman Bonosu Kupon Faiz Oranı Hk.,https://www.kap.org.tr/tr/Bildirim/1491441,tr,2025-09-19T18:26:02+00:00
2025-09-19,MRBKF,KAP,MERCEDES BENZ KAMYON FİNANSMAN A.Ş. - Pay Dışında Sermaye Piyasası Aracı İşlemlerine İlişkin Bildirim (Faiz İçeren),Pay Dışında Sermaye Piyasası Aracı İşlemlerine İlişkin Bildirim (Faiz İçeren) TRSMBKF92619 ISIN Kodlu Tahvil İhracı - Dönemsel kupon oranının düzeltilmesi,https://www.kap.org.tr/tr/Bildirim/1491340,tr,2025-09-19T15:50:09+00:00
2025-09-19,MRS,KAP,MARBAŞ MENKUL DEĞERLER A.Ş. - Pay Dışında Sermaye Piyasası Aracı İşlemlerine İlişkin Bildirim (Faiz İçeren),Pay Dışında Sermaye Piyasası Aracı İşlemlerine İlişkin Bildirim (Faiz İçeren) Finansman Bonosu Kupon Faiz Oranı Hk.,https://www.kap.org.tr/tr/Bildirim/1491441,tr,2025-09-19T18:26:02+00:00
2025-09-19,NTGAZ,KAP,NATURELGAZ SANAYİ VE TİCARET A.Ş. - Şirket Genel Bilgi Formu,Şirket Genel Bilgi Formu,https://www.kap.org.tr/tr/Bildirim/1491420,tr,2025-09-19T18:10:28+00:00
2025-09-19,NTHOL,KAP,NET HOLDİNG A.Ş. - Pay Alım Satım Bildirimi,Pay Alım Satım Bildirimi Şirketimizin MERİT paylarının alışı hk. MERIT,https://www.kap.org.tr/tr/Bildirim/1491454,tr,2025-09-19T18:38:17+00:00
2025-09-19,NTHOL,KAP,NET HOLDİNG A.Ş. - Payların Geri Alınmasına İlişkin Bildirim,Payların Geri Alınmasına İlişkin Bildirim Şirketimizin kendi paylarının geri alımı hakkında,https://www.kap.org.tr/tr/Bildirim/1491453,tr,2025-09-19T18:38:08+00:00
2025-09-19,NTHOL,KAP,NET HOLDİNG A.Ş. - Özel Durum Açıklaması (Genel),Özel Durum Açıklaması (Genel) Şans Oyunları ve Otel faaliyetlerimiz hakkında,https://www.kap.org.tr/tr/Bildirim/1491276,tr,2025-09-19T14:24:05+00:00
2025-09-19,NURVK,KAP,NUROL VARLIK KİRALAMA A.Ş. - İhraç Tavanına İlişkin Bildirim,İhraç Tavanına İlişkin Bildirim Kira Sertifikası İhracına İlişkin Yönetim Kurulu Kararı Alınması HSTAS,https://www.kap.org.tr/tr/Bildirim/1491268,tr,2025-09-19T13:56:44+00:00
2025-09-19,NURVK,KAP,NUROL VARLIK KİRALAMA A.Ş. - İhraç Tavanına İlişkin Bildirim,İhraç Tavanına İlişkin Bildirim Kira Sertifikası İhracına İlişkin Yönetim Kurulu Kararı Alınması NRBNK,https://www.kap.org.tr/tr/Bildirim/1491267,tr,2025-09-19T13:56:37+00:00
2025-09-19,OFSYM,KAP,OFİS YEM GIDA SANAYİ TİCARET A.Ş. - Şirket Genel Bilgi Formu,Şirket Genel Bilgi Formu,https://www.kap.org.tr/tr/Bildirim/1491460,tr,2025-09-19T18:48:28+00:00
2025-09-19,OFSYM,KAP,OFİS YEM GIDA SANAYİ TİCARET A.Ş. - Şirket Merkezi Değişikliği,Şirket Merkezi Değişikliği Şirket Merkezi ve Şube Adres Değişikliğinin Tescili Hakkında,https://www.kap.org.tr/tr/Bildirim/1491459,tr,2025-09-19T18:48:06+00:00
2025-09-19,ORFIN,KAP,ORFİN FİNANSMAN A.Ş. - Pay Dışında Sermaye Piyasası Aracı İşlemlerine İlişkin Bildirim (Faiz İçeren),Pay Dışında Sermaye Piyasası Aracı İşlemlerine İlişkin Bildirim (Faiz İçeren) TRSORFN72617 KUPON ÖDEMESİ,https://www.kap.org.tr/tr/Bildirim/1491087,tr,2025-09-19T09:32:59+00:00
2025-09-19,OYA,KAP,OYAK YATIRIM MENKUL DEĞERLER A.Ş. - Piyasa Yapıcılığı Kapsamında Gerçekleştirilen İşlemler Bildirimi,Piyasa Yapıcılığı Kapsamında Gerçekleştirilen İşlemler Bildirimi 19/09/2025 TARİHLİ OYAYO PİYASA YAPICILIĞI İŞLEMLERİ OYAYO,https://www.kap.org.tr/tr/Bildirim/1491449,tr,2025-09-19T18:31:34+00:00
2025-09-19,OYA,KAP,OYAK YATIRIM MENKUL DEĞERLER A.Ş. - Şirket Genel Bilgi Formu,Şirket Genel Bilgi Formu,https://www.kap.org.tr/tr/Bildirim/1491443,tr,2025-09-19T18:28:00+00:00
2025-09-19,OYA,KAP,OYAK YATIRIM MENKUL DEĞERLER A.Ş. - Pay Dışında Sermaye Piyasası Aracı İşlemlerine İlişkin Bildirim (Faiz İçeren),Pay Dışında Sermaye Piyasası Aracı İşlemlerine İlişkin Bildirim (Faiz İçeren) TRFOYMD92532 Finansman Bono İtfası,https://www.kap.org.tr/tr/Bildirim/1491442,tr,2025-09-19T18:27:25+00:00
2025-09-19,OYA,KAP,OYAK YATIRIM MENKUL DEĞERLER A.Ş. - Pay Dışında Sermaye Piyasası Aracı İşlemlerine İlişkin Bildirim (Faiz İçeren),Pay Dışında Sermaye Piyasası Aracı İşlemlerine İlişkin Bildirim (Faiz İçeren) TRFOYMDK2523 Finansman Bonosu İhracı,https://www.kap.org.tr/tr/Bildirim/1491170,tr,2025-09-19T10:19:56+00:00
2025-09-19,OYAYO,KAP,OYAK YATIRIM ORTAKLIĞI A.Ş. - Özel Durum Açıklaması (Genel),"Özel Durum Açıklaması (Genel) Ortaklık paylarının BİAŞ'ta oluşan ağırlıklı ortalama fiyatının, pay başına net aktif değerinin 2 katını aşması hakkında",https://www.kap.org.tr/tr/Bildirim/1491193,tr,2025-09-19T10:35:47+00:00
2025-09-19,OYYAT,KAP,OYAK YATIRIM MENKUL DEĞERLER A.Ş. - Piyasa Yapıcılığı Kapsamında Gerçekleştirilen İşlemler Bildirimi,Piyasa Yapıcılığı Kapsamında Gerçekleştirilen İşlemler Bildirimi 19/09/2025 TARİHLİ OYAYO PİYASA YAPICILIĞI İŞLEMLERİ OYAYO,https://www.kap.org.tr/tr/Bildirim/1491449,tr,2025-09-19T18:31:34+00:00
2025-09-19,OYYAT,KAP,OYAK YATIRIM MENKUL DEĞERLER A.Ş. - Şirket Genel Bilgi Formu,Şirket Genel Bilgi Formu,https://www.kap.org.tr/tr/Bildirim/1491443,tr,2025-09-19T18:28:00+00:00
2025-09-19,OYYAT,KAP,OYAK YATIRIM MENKUL DEĞERLER A.Ş. - Pay Dışında Sermaye Piyasası Aracı İşlemlerine İlişkin Bildirim (Faiz İçeren),Pay Dışında Sermaye Piyasası Aracı İşlemlerine İlişkin Bildirim (Faiz İçeren) TRFOYMD92532 Finansman Bono İtfası,https://www.kap.org.tr/tr/Bildirim/1491442,tr,2025-09-19T18:27:25+00:00
2025-09-19,OYYAT,KAP,OYAK YATIRIM MENKUL DEĞERLER A.Ş. - Pay Dışında Sermaye Piyasası Aracı İşlemlerine İlişkin Bildirim (Faiz İçeren),Pay Dışında Sermaye Piyasası Aracı İşlemlerine İlişkin Bildirim (Faiz İçeren) TRFOYMDK2523 Finansman Bonosu İhracı,https://www.kap.org.tr/tr/Bildirim/1491170,tr,2025-09-19T10:19:56+00:00
2025-09-19,PCILT,KAP,PC İLETİŞİM VE MEDYA HİZMETLERİ SANAYİ TİCARET A.Ş. - Bağımsız Denetim Kuruluşunun Belirlenmesi,Bağımsız Denetim Kuruluşunun Belirlenmesi Bağımsız Denetim Kuruluşu seçiminin Genel Kurul'ca onaylanması,https://www.kap.org.tr/tr/Bildirim/1491436,tr,2025-09-19T18:21:15+00:00
2025-09-19,PCILT,KAP,PC İLETİŞİM VE MEDYA HİZMETLERİ SANAYİ TİCARET A.Ş. - Kar Payı Dağıtım İşlemlerine İlişkin Bildirim,Kar Payı Dağıtım İşlemlerine İlişkin Bildirim Kar Payı Dağıtımına İlişkin Genel Kurul Kararı,https://www.kap.org.tr/tr/Bildirim/1491423,tr,2025-09-19T18:11:13+00:00
2025-09-19,PCILT,KAP,PC İLETİŞİM VE MEDYA HİZMETLERİ SANAYİ TİCARET A.Ş. - Genel Kurul İşlemlerine İlişkin Bildirim,Genel Kurul İşlemlerine İlişkin Bildirim Olağan Genel Kurul Toplantı Sonucu,https://www.kap.org.tr/tr/Bildirim/1491408,tr,2025-09-19T18:01:28+00:00
2025-09-19,PETUN,KAP,PINAR ENTEGRE ET VE UN SANAYİİ A.Ş. - Pay Dışında Sermaye Piyasası Aracı İşlemlerine İlişkin Bildirim (Faiz İçeren),Pay Dışında Sermaye Piyasası Aracı İşlemlerine İlişkin Bildirim (Faiz İçeren) TRFPTUN92515 ISIN kodlu Finansman Bonosu İtfası,https://www.kap.org.tr/tr/Bildirim/1491318,tr,2025-09-19T15:05:10+00:00
2025-09-19,PETUN,KAP,PINAR ENTEGRE ET VE UN SANAYİİ A.Ş. - Pay Dışında Sermaye Piyasası Aracı İşlemlerine İlişkin Bildirim (Faiz İçeren),Pay Dışında Sermaye Piyasası Aracı İşlemlerine İlişkin Bildirim (Faiz İçeren) Nitelikli Yatırımcılara Satılmak Üzere Finansman Bonosu İhracı,https://www.kap.org.tr/tr/Bildirim/1491194,tr,2025-09-19T10:35:51+00:00
2025-09-19,PNLSN,KAP,PANELSAN ÇATI CEPHE SİSTEMLERİ SANAYİ VE TİCARET A.Ş. - Payların Geri Alınmasına İlişkin Bildirim,Payların Geri Alınmasına İlişkin Bildirim Pay Geri Alım İşlemlerine İlişkin Bildirim hk.,https://www.kap.org.tr/tr/Bildirim/1491473,tr,2025-09-19T20:55:33+00:00
2025-09-19,POLHO,KAP,POLİSAN HOLDİNG A.Ş. - Şirket Genel Bilgi Formu,Şirket Genel Bilgi Formu,https://www.kap.org.tr/tr/Bildirim/1491469,tr,2025-09-19T19:46:26+00:00
2025-09-19,PRZMA,KAP,PRİZMA PRES MATBAACILIK YAYINCILIK SANAYİ VE TİCARET A.Ş. - Sermaye Artırımı - Azaltımı İşlemlerine İlişkin Bildirim,Sermaye Artırımı - Azaltımı İşlemlerine İlişkin Bildirim Tahsisli Sermaye Artırımına İlişkin SPK Onayı ve Satış Fiyatının Tespiti Amacıyla Borsa'ya Başvuru Yapılması Hk.,https://www.kap.org.tr/tr/Bildirim/1491374,tr,2025-09-19T16:51:00+00:00
2025-09-19,QNBTR,KAP,QNB BANK A.Ş. - Pay Dışında Sermaye Piyasası Aracı İşlemlerine İlişkin Bildirim (Faiz İçeren),Pay Dışında Sermaye Piyasası Aracı İşlemlerine İlişkin Bildirim (Faiz İçeren) QNB Bank A.Ş. Borçlanma Aracı Satışın Tamamlanması hk.,https://www.kap.org.tr/tr/Bildirim/1491137,tr,2025-09-19T09:58:45+00:00
2025-09-19,REEDR,KAP,REEDER TEKNOLOJİ SANAYİ VE TİCARET A.Ş. - Sermaye Artırımı - Azaltımı İşlemlerine İlişkin Bildirim,Sermaye Artırımı - Azaltımı İşlemlerine İlişkin Bildirim Bedelsiz Sermaye Artırımı Hk.,https://www.kap.org.tr/tr/Bildirim/1491464,tr,2025-09-19T19:20:17+00:00
2025-09-19,SAMAT,KAP,SARAY MATBAACILIK KAĞITÇILIK KIRTASİYECİLİK TİCARET VE SANAYİ A.Ş. - Katılım Finansı İlkeleri Bilgi Formu,Katılım Finansı İlkeleri Bilgi Formu,https://www.kap.org.tr/tr/Bildirim/1491064,tr,2025-09-19T02:47:40+00:00
2025-09-19,SANEL,KAP,SAN-EL MÜHENDİSLİK ELEKTRİK TAAHHÜT SANAYİ VE TİCARET A.Ş. - Katılım Finansı İlkeleri Bilgi Formu,Katılım Finansı İlkeleri Bilgi Formu,https://www.kap.org.tr/tr/Bildirim/1491063,tr,2025-09-19T02:37:27+00:00
2025-09-19,SANFM,KAP,SANİFOAM ENDÜSTRİ VE TÜKETİM ÜRÜNLERİ SANAYİ TİCARET A.Ş. - Sermaye Artırımı - Azaltımı İşlemlerine İlişkin Bildirim,Sermaye Artırımı - Azaltımı İşlemlerine İlişkin Bildirim Bedelsiz Sermaye Artırımı SPK Onayı Hk.,https://www.kap.org.tr/tr/Bildirim/1491069,tr,2025-09-19T09:01:07+00:00
2025-09-19,SARKY,KAP,SARKUYSAN ELEKTROLİTİK BAKIR SANAYİ VE TİCARET A.Ş. - Payların Geri Alınmasına İlişkin Bildirim,Payların Geri Alınmasına İlişkin Bildirim Payların Geri Alınmasına İlişkin Bildirim,https://www.kap.org.tr/tr/Bildirim/1491100,tr,2025-09-19T09:42:52+00:00
2025-09-19,SISE,KAP,TÜRKİYE ŞİŞE VE CAM FABRİKALARI A.Ş. - Pay Dışında Sermaye Piyasası Aracı İşlemlerine İlişkin Bildirim (Faiz İçeren),Pay Dışında Sermaye Piyasası Aracı İşlemlerine İlişkin Bildirim (Faiz İçeren) TRSSISE32621 Numaralı Tahvilin Kupon Ödemesi,https://www.kap.org.tr/tr/Bildirim/1491256,tr,2025-09-19T13:26:54+00:00
2025-09-19,SISE,KAP,TÜRKİYE ŞİŞE VE CAM FABRİKALARI A.Ş. - Özel Durum Açıklaması (Genel),Özel Durum Açıklaması (Genel) Mersin/Tarsus Yeni Buzlu Cam Fırını ve Enerji Camı İşleme Kapasiteli Yeni Hat Yatırımları,https://www.kap.org.tr/tr/Bildirim/1491226,tr,2025-09-19T11:56:20+00:00
2025-09-19,SRVGY,KAP,SERVET GAYRİMENKUL YATIRIM ORTAKLIĞI A.Ş. - Bağımsız Denetim Kuruluşunun Belirlenmesi,Bağımsız Denetim Kuruluşunun Belirlenmesi Bağımsız Denetim Kuruluşunun Tescili,https://www.kap.org.tr/tr/Bildirim/1491338,tr,2025-09-19T15:49:46+00:00
2025-09-19,SRVGY,KAP,SERVET GAYRİMENKUL YATIRIM ORTAKLIĞI A.Ş. - Esas Sözleşme Tadili,Esas Sözleşme Tadili Esas Sözleşme Tadilinin Tescili,https://www.kap.org.tr/tr/Bildirim/1491330,tr,2025-09-19T15:40:20+00:00
2025-09-19,SRVGY,KAP,SERVET GAYRİMENKUL YATIRIM ORTAKLIĞI A.Ş. - Kayıtlı Sermaye Tavanı İşlemlerine İlişkin Bildirim,Kayıtlı Sermaye Tavanı İşlemlerine İlişkin Bildirim Kayıtlı Sermaye Tavanının Ticaret Sicili Tarafından Tescili Hakkında Bildirim,https://www.kap.org.tr/tr/Bildirim/1491327,tr,2025-09-19T15:21:32+00:00
2025-09-19,SRVGY,KAP,SERVET GAYRİMENKUL YATIRIM ORTAKLIĞI A.Ş. - Genel Kurul İşlemlerine İlişkin Bildirim,Genel Kurul İşlemlerine İlişkin Bildirim 2024 Yılı Olağan Genel Kurul Kararlarının Tescili Hakkında,https://www.kap.org.tr/tr/Bildirim/1491324,tr,2025-09-19T15:13:38+00:00
2025-09-19,TATGD,KAP,TAT GIDA SANAYİ A.Ş. - Sürdürülebilirlik Raporu,Sürdürülebilirlik Raporu 2024 yılı TSRS raporu hakkında,https://www.kap.org.tr/tr/Bildirim/1491474,tr,2025-09-19T21:51:25+00:00
2025-09-19,TGB,KAP,TÜRKİYE GARANTİ BANKASI A.Ş. - Pay Dışında Sermaye Piyasası Aracı İşlemlerine İlişkin Bildirim (Faiz İçeren),Pay Dışında Sermaye Piyasası Aracı İşlemlerine İlişkin Bildirim (Faiz İçeren) Yurtdışı Piyasalara Tahvil İhracı SPK Onayı,https://www.kap.org.tr/tr/Bildirim/1491462,tr,2025-09-19T19:17:52+00:00
2025-09-19,TGSAS,KAP,TGS DIŞ TİCARET A.Ş. - Özel Durum Açıklaması (Genel),Özel Durum Açıklaması (Genel) Onaylanmış Kişi Statü Belgesi,https://www.kap.org.tr/tr/Bildirim/1491397,tr,2025-09-19T17:42:25+00:00
2025-09-19,THR,KAP,TÜRKİYE İHRACAT KREDİ BANKASI A.Ş. - Pay Dışında Sermaye Piyasası Aracı İşlemlerine İlişkin Bildirim (Faiz İçeren),Pay Dışında Sermaye Piyasası Aracı İşlemlerine İlişkin Bildirim (Faiz İçeren) XS3030311628 ISIN Kodlu Finansman Bonosunun İtfası Hk,https://www.kap.org.tr/tr/Bildirim/1491136,tr,2025-09-19T09:58:11+00:00
2025-09-19,THR,KAP,TÜRKİYE İHRACAT KREDİ BANKASI A.Ş. - İhraç Tavanına İlişkin Bildirim,İhraç Tavanına İlişkin Bildirim Yurt Dışı Tahvil İhracı,https://www.kap.org.tr/tr/Bildirim/1491089,tr,2025-09-19T09:36:14+00:00
2025-09-19,TIB,KAP,TÜRKİYE İŞ BANKASI A.Ş. - Pay Dışında Sermaye Piyasası Aracı İşlemlerine İlişkin Bildirim (Faiz İçeren),Pay Dışında Sermaye Piyasası Aracı İşlemlerine İlişkin Bildirim (Faiz İçeren) Yeşil Özel Sektör Tahvili Kupon Ödemesi,https://www.kap.org.tr/tr/Bildirim/1491200,tr,2025-09-19T10:43:05+00:00
2025-09-19,TRILC,KAP,TURK İLAÇ VE SERUM SANAYİ A.Ş. - İhraç Tavanına İlişkin Bildirim,İhraç Tavanına İlişkin Bildirim Borçlanma Aracı İhraç Tavanının SPK Tarafından Onaylanması,https://www.kap.org.tr/tr/Bildirim/1491476,tr,2025-09-19T22:38:13+00:00
2025-09-19,TRYKI,KAP,TİRYAKİ AGRO GIDA SANAYİ VE TİCARET A.Ş. - Pay Dışında Sermaye Piyasası Aracı İşlemlerine İlişkin Bildirim (Faiz İçeren),Pay Dışında Sermaye Piyasası Aracı İşlemlerine İlişkin Bildirim (Faiz İçeren) Finansman Bonosu İhracı,https://www.kap.org.tr/tr/Bildirim/1491140,tr,2025-09-19T09:59:37+00:00
2025-09-19,TUREX,KAP,TUREKS TURİZM TAŞIMACILIK A.Ş. - Şirket Genel Bilgi Formu,Şirket Genel Bilgi Formu,https://www.kap.org.tr/tr/Bildirim/1491414,tr,2025-09-19T18:01:55+00:00
2025-09-19,TUREX,KAP,TUREKS TURİZM TAŞIMACILIK A.Ş. - Şirket Genel Bilgi Formu,Şirket Genel Bilgi Formu,https://www.kap.org.tr/tr/Bildirim/1491381,tr,2025-09-19T17:25:56+00:00
2025-09-19,TV8TV,KAP,TV8 TV YAYINCILIK A.Ş. - Pay Dışında Sermaye Piyasası Aracı İşlemlerine İlişkin Bildirim (Faiz İçeren),Pay Dışında Sermaye Piyasası Aracı İşlemlerine İlişkin Bildirim (Faiz İçeren) Finansman Bonosu İhracının Tamamlanması,https://www.kap.org.tr/tr/Bildirim/1491212,tr,2025-09-19T11:24:49+00:00
2025-09-19,TV8TV,KAP,TV8 TV YAYINCILIK A.Ş. - Pay Dışında Sermaye Piyasası Aracı İşlemlerine İlişkin Bildirim (Faiz İçeren),Pay Dışında Sermaye Piyasası Aracı İşlemlerine İlişkin Bildirim (Faiz İçeren) Finansman Bonosu İtfası,https://www.kap.org.tr/tr/Bildirim/1491211,tr,2025-09-19T11:22:26+00:00
2025-09-19,TVB,KAP,TÜRKİYE VAKIFLAR BANKASI T.A.O. - Şirket Genel Bilgi Formu,Şirket Genel Bilgi Formu,https://www.kap.org.tr/tr/Bildirim/1491376,tr,2025-09-19T16:59:05+00:00
2025-09-19,TVB,KAP,TÜRKİYE VAKIFLAR BANKASI T.A.O. - Pay Dışında Sermaye Piyasası Aracı İşlemlerine İlişkin Bildirim (Faiz İçeren),Pay Dışında Sermaye Piyasası Aracı İşlemlerine İlişkin Bildirim (Faiz İçeren) Yurt İçinde Nitelikli Yatırımcılara İhraç Edilen Sermaye Benzeri Tahvilin 24. Kupon Ödemesi,https://www.kap.org.tr/tr/Bildirim/1491218,tr,2025-09-19T11:44:08+00:00
2025-09-19,TVB,KAP,TÜRKİYE VAKIFLAR BANKASI T.A.O. - Pay Dışında Sermaye Piyasası Aracı İşlemlerine İlişkin Bildirim (Faiz İçeren),Pay Dışında Sermaye Piyasası Aracı İşlemlerine İlişkin Bildirim (Faiz İçeren) Yurt İçinde Nitelikli Yatırımcılara İhraç Edilen Sermaye Benzeri Tahvilin 24. Kupon Ödemesi,https://www.kap.org.tr/tr/Bildirim/1491213,tr,2025-09-19T11:29:19+00:00
2025-09-19,USAK,KAP,UŞAK SERAMİK SANAYİ A.Ş. - Pay Dışında Sermaye Piyasası Aracı İşlemlerine İlişkin Bildirim (Faiz İçeren),Pay Dışında Sermaye Piyasası Aracı İşlemlerine İlişkin Bildirim (Faiz İçeren) Kupon Ödemesi Hakkında,https://www.kap.org.tr/tr/Bildirim/1491242,tr,2025-09-19T12:50:47+00:00
2025-09-19,VAKBN,KAP,TÜRKİYE VAKIFLAR BANKASI T.A.O. - Şirket Genel Bilgi Formu,Şirket Genel Bilgi Formu,https://www.kap.org.tr/tr/Bildirim/1491376,tr,2025-09-19T16:59:05+00:00
2025-09-19,VAKBN,KAP,TÜRKİYE VAKIFLAR BANKASI T.A.O. - Pay Dışında Sermaye Piyasası Aracı İşlemlerine İlişkin Bildirim (Faiz İçeren),Pay Dışında Sermaye Piyasası Aracı İşlemlerine İlişkin Bildirim (Faiz İçeren) Yurt İçinde Nitelikli Yatırımcılara İhraç Edilen Sermaye Benzeri Tahvilin 24. Kupon Ödemesi,https://www.kap.org.tr/tr/Bildirim/1491218,tr,2025-09-19T11:44:08+00:00
2025-09-19,VAKBN,KAP,TÜRKİYE VAKIFLAR BANKASI T.A.O. - Pay Dışında Sermaye Piyasası Aracı İşlemlerine İlişkin Bildirim (Faiz İçeren),Pay Dışında Sermaye Piyasası Aracı İşlemlerine İlişkin Bildirim (Faiz İçeren) Yurt İçinde Nitelikli Yatırımcılara İhraç Edilen Sermaye Benzeri Tahvilin 24. Kupon Ödemesi,https://www.kap.org.tr/tr/Bildirim/1491213,tr,2025-09-19T11:29:19+00:00
2025-09-19,VKFYO,KAP,VAKIF MENKUL KIYMET YATIRIM ORTAKLIĞI A.Ş. - Özel Durum Açıklaması (Genel),"Özel Durum Açıklaması (Genel) Şirketimizin BİAŞ'da oluşan ağırlıklı ortalama fiyatın, pay başına net aktif değerin 2 katını aşması sebebiyle yapılan açıklamadır.",https://www.kap.org.tr/tr/Bildirim/1491269,tr,2025-09-19T13:56:54+00:00
2025-09-19,VKGYO,KAP,VAKIF GAYRİMENKUL YATIRIM ORTAKLIĞI A.Ş. - Kurumsal Yönetim İlkelerine Uyum Derecelendirmesi,Kurumsal Yönetim İlkelerine Uyum Derecelendirmesi Kurumsal Yönetim İlkelerine Uyum Derecelendirmesi,https://www.kap.org.tr/tr/Bildirim/1491233,tr,2025-09-19T12:14:44+00:00
2025-09-19,YYAPI,KAP,YEŞİL YAPI ENDÜSTRİSİ A.Ş. - Sermaye Artırımı - Azaltımı İşlemlerine İlişkin Bildirim,Sermaye Artırımı - Azaltımı İşlemlerine İlişkin Bildirim Tasarruf Sahiplerine Satış Duyurusu,https://www.kap.org.tr/tr/Bildirim/1491329,tr,2025-09-19T15:36:29+00:00
2025-09-19,YYAPI,KAP,YEŞİL YAPI ENDÜSTRİSİ A.Ş. - Sermaye Artırımı - Azaltımı İşlemlerine İlişkin Bildirim,"Sermaye Artırımı - Azaltımı İşlemlerine İlişkin Bildirim Bedelli Sermaye Artırımında Kullanılmayan Paylar Hakkında,",https://www.kap.org.tr/tr/Bildirim/1491254,tr,2025-09-19T13:25:21+00:00
2025-09-19,ZKBVR,KAP,ZKB VARLIK KİRALAMA A.Ş. - Şirket Genel Bilgi Formu,Şirket Genel Bilgi Formu,https://www.kap.org.tr/tr/Bildirim/1491079,tr,2025-09-19T09:20:28+00:00
2025-09-19,ZKBVR,KAP,ZKB VARLIK KİRALAMA A.Ş. - Pay Dışında Sermaye Piyasası Aracı İşlemlerine İlişkin Bildirim (Faizsiz),Pay Dışında Sermaye Piyasası Aracı İşlemlerine İlişkin Bildirim (Faizsiz) TRDZKBVA2562 ISIN Kodlu Yurtiçi Kira Sertifikası İhracının Satışının Tamamlanması Hk TKMRT,https://www.kap.org.tr/tr/Bildirim/1491072,tr,2025-09-19T09:12:47+00:00
2025-09-21,BIMAS,KAP,BİM BİRLEŞİK MAĞAZALAR A.Ş. - Yönetim Kurulu Komiteleri,"Yönetim Kurulu Komiteleri Kurumsal Yönetim Komitesi, Sürdürülebilirlik Komitesi ve Denetim Komitesi Çalışma Esaslarının Güncellenmesi",https://www.kap.org.tr/tr/Bildirim/1491545,tr,2025-09-21T22:58:05+00:00
2025-09-21,BIMAS,KAP,BİM BİRLEŞİK MAĞAZALAR A.Ş. - Özel Durum Açıklaması (Genel),Özel Durum Açıklaması (Genel) Politikalar Hakkında,https://www.kap.org.tr/tr/Bildirim/1491544,tr,2025-09-21T22:56:08+00:00
2025-09-21,BIMAS,KAP,BİM BİRLEŞİK MAĞAZALAR A.Ş. - Kar Dağıtım Politikası,Kar Dağıtım Politikası Kar Dağıtım Politikasının Güncellenmesi,https://www.kap.org.tr/tr/Bildirim/1491543,tr,2025-09-21T22:55:46+00:00
2025-09-22,A1CAP,KAP,A1 CAPİTAL YATIRIM MENKUL DEĞERLER A.Ş. - Özel Durum Açıklaması (Genel),Özel Durum Açıklaması (Genel) Egeli & Co Tarım Girişim Sermayesi Yatırım Ortaklığı A.Ş. (Egeli & Co) Pay Sahiplerine Zorunlu Pay Alım Teklifi Hk.,https://www.kap.org.tr/tr/Bildirim/1491856,tr,2025-09-22T18:10:12+00:00
2025-09-22,ACP,KAP,A1 CAPİTAL YATIRIM MENKUL DEĞERLER A.Ş. - Özel Durum Açıklaması (Genel),Özel Durum Açıklaması (Genel) Egeli & Co Tarım Girişim Sermayesi Yatırım Ortaklığı A.Ş. (Egeli & Co) Pay Sahiplerine Zorunlu Pay Alım Teklifi Hk.,https://www.kap.org.tr/tr/Bildirim/1491856,tr,2025-09-22T18:10:12+00:00
2025-09-22,ADEL,KAP,ADEL KALEMCİLİK TİCARET VE SANAYİ A.Ş. - Pay Dışında Sermaye Piyasası Aracı İşlemlerine İlişkin Bildirim (Faiz İçeren),Pay Dışında Sermaye Piyasası Aracı İşlemlerine İlişkin Bildirim (Faiz İçeren) TRSADEL92611 ISIN Kodlu Tahvilin Faiz Oranının Belirlenmesi,https://www.kap.org.tr/tr/Bildirim/1491900,tr,2025-09-22T18:48:44+00:00
2025-09-22,AFB,KAP,AKTİF YATIRIM BANKASI A.Ş. - Pay Dışında Sermaye Piyasası Aracı İşlemlerine İlişkin Bildirim (Faiz İçeren),Pay Dışında Sermaye Piyasası Aracı İşlemlerine İlişkin Bildirim (Faiz İçeren) Kupon Ödemesi,https://www.kap.org.tr/tr/Bildirim/1491601,tr,2025-09-22T10:11:11+00:00
2025-09-22,AHGAZ,KAP,AHLATCI DOĞAL GAZ DAĞITIM ENERJİ VE YATIRIM A.Ş. - Payların Geri Alınmasına İlişkin Bildirim,Payların Geri Alınmasına İlişkin Bildirim 22.09.2025 Tarihli Pay Geri Alım İşlemleri,https://www.kap.org.tr/tr/Bildirim/1491888,tr,2025-09-22T18:30:22+00:00
2025-09-22,AHGAZ,KAP,AHLATCI DOĞAL GAZ DAĞITIM ENERJİ VE YATIRIM A.Ş. - Özel Durum Açıklaması (Genel),Özel Durum Açıklaması (Genel) Dolaylı Bağlı Ortaklığın Lisans Genişlemesi Hk.,https://www.kap.org.tr/tr/Bildirim/1491778,tr,2025-09-22T15:42:51+00:00
2025-09-22,AKDFA,KAP,AKDENİZ FAKTORİNG A.Ş. - Pay Dışında Sermaye Piyasası Aracı İşlemlerine İlişkin Bildirim (Faiz İçeren),Pay Dışında Sermaye Piyasası Aracı İşlemlerine İlişkin Bildirim (Faiz İçeren) TRFAKDN32625 ihracın 1. kupon faizi hk,https://www.kap.org.tr/tr/Bildirim/1491800,tr,2025-09-22T16:27:08+00:00
2025-09-22,AKFIS,KAP,AKFEN İNŞAAT TURİZM VE TİCARET A.Ş. - Payların Geri Alınmasına İlişkin Bildirim,Payların Geri Alınmasına İlişkin Bildirim 22.09.2025 Tarihli Pay Geri Alım İşlemleri Hk.,https://www.kap.org.tr/tr/Bildirim/1491867,tr,2025-09-22T18:14:57+00:00
2025-09-22,AKFK,KAP,AK FİNANSAL KİRALAMA A.Ş. - İhraç Tavanına İlişkin Bildirim,İhraç Tavanına İlişkin Bildirim Borçlanma Aracı İhracı için SPK' ya Başvuru Yapılması Hk.,https://www.kap.org.tr/tr/Bildirim/1491922,tr,2025-09-22T20:43:57+00:00
2025-09-22,AKFYE,KAP,AKFEN YENİLENEBİLİR ENERJİ A.Ş. - Payların Geri Alınmasına İlişkin Bildirim,Payların Geri Alınmasına İlişkin Bildirim 22.09.2025 Tarihli Pay Geri Alım İşlemleri Hk.,https://www.kap.org.tr/tr/Bildirim/1491876,tr,2025-09-22T18:16:46+00:00
2025-09-22,AKM,KAP,AK YATIRIM MENKUL DEĞERLER A.Ş. - Özel Durum Açıklaması (Genel),Özel Durum Açıklaması (Genel) Likidite Sağlayıcılığı Aracılık Sözleşmesi Feshi KRVGD,https://www.kap.org.tr/tr/Bildirim/1491786,tr,2025-09-22T15:57:44+00:00
2025-09-22,AKM,KAP,AK YATIRIM MENKUL DEĞERLER A.Ş. - Likidite Sağlayıcılık Kapsamındaki İşlemler,Likidite Sağlayıcılık Kapsamındaki İşlemler KRVGD Paylarında Likidite Sağlayıcılığı Kapsamında Gerçekleştirilen İşlemler 08.09.2025 - 19.09.2025 KRVGD,https://www.kap.org.tr/tr/Bildirim/1491687,tr,2025-09-22T11:24:59+00:00
2025-09-22,AKM,KAP,AK YATIRIM MENKUL DEĞERLER A.Ş. - Likidite Sağlayıcılık Kapsamındaki İşlemler,Likidite Sağlayıcılık Kapsamındaki İşlemler LOGO Paylarında Likidite Sağlayıcılığı Kapsamında Gerçekleştirilen İşlemler 08.09.2025 - 19.09.2025 LOGO,https://www.kap.org.tr/tr/Bildirim/1491686,tr,2025-09-22T11:24:52+00:00
2025-09-22,AKM,KAP,AK YATIRIM MENKUL DEĞERLER A.Ş. - Likidite Sağlayıcılık Kapsamındaki İşlemler,Likidite Sağlayıcılık Kapsamındaki İşlemler ORGE Paylarında Likidite Sağlayıcılığı Kapsamında Gerçekleştirilen İşlemler 08.09.2025 - 19.09.2025 ORGE,https://www.kap.org.tr/tr/Bildirim/1491685,tr,2025-09-22T11:24:45+00:00
2025-09-22,AKMEN,KAP,AK YATIRIM MENKUL DEĞERLER A.Ş. - Özel Durum Açıklaması (Genel),Özel Durum Açıklaması (Genel) Likidite Sağlayıcılığı Aracılık Sözleşmesi Feshi KRVGD,https://www.kap.org.tr/tr/Bildirim/1491786,tr,2025-09-22T15:57:44+00:00
2025-09-22,AKMEN,KAP,AK YATIRIM MENKUL DEĞERLER A.Ş. - Likidite Sağlayıcılık Kapsamındaki İşlemler,Likidite Sağlayıcılık Kapsamındaki İşlemler KRVGD Paylarında Likidite Sağlayıcılığı Kapsamında Gerçekleştirilen İşlemler 08.09.2025 - 19.09.2025 KRVGD,https://www.kap.org.tr/tr/Bildirim/1491687,tr,2025-09-22T11:24:59+00:00
2025-09-22,AKMEN,KAP,AK YATIRIM MENKUL DEĞERLER A.Ş. - Likidite Sağlayıcılık Kapsamındaki İşlemler,Likidite Sağlayıcılık Kapsamındaki İşlemler LOGO Paylarında Likidite Sağlayıcılığı Kapsamında Gerçekleştirilen İşlemler 08.09.2025 - 19.09.2025 LOGO,https://www.kap.org.tr/tr/Bildirim/1491686,tr,2025-09-22T11:24:52+00:00
2025-09-22,AKMEN,KAP,AK YATIRIM MENKUL DEĞERLER A.Ş. - Likidite Sağlayıcılık Kapsamındaki İşlemler,Likidite Sağlayıcılık Kapsamındaki İşlemler ORGE Paylarında Likidite Sağlayıcılığı Kapsamında Gerçekleştirilen İşlemler 08.09.2025 - 19.09.2025 ORGE,https://www.kap.org.tr/tr/Bildirim/1491685,tr,2025-09-22T11:24:45+00:00
2025-09-22,AKTIF,KAP,AKTİF YATIRIM BANKASI A.Ş. - Pay Dışında Sermaye Piyasası Aracı İşlemlerine İlişkin Bildirim (Faiz İçeren),Pay Dışında Sermaye Piyasası Aracı İşlemlerine İlişkin Bildirim (Faiz İçeren) Kupon Ödemesi,https://www.kap.org.tr/tr/Bildirim/1491601,tr,2025-09-22T10:11:11+00:00
2025-09-22,ALJF,KAP,ALJ FİNANSMAN A.Ş. - İhraç Tavanına İlişkin Bildirim,İhraç Tavanına İlişkin Bildirim İhraç tavanına ilişkin Sermaye Piyasası Kurulu onayı,https://www.kap.org.tr/tr/Bildirim/1491783,tr,2025-09-22T15:48:17+00:00
2025-09-22,ALJF,KAP,ALJ FİNANSMAN A.Ş. - Özel Durum Açıklaması (Genel),Özel Durum Açıklaması (Genel) İhraç tavanına ilişkin Sermaye Piyasası Kurulu onayı,https://www.kap.org.tr/tr/Bildirim/1491779,tr,2025-09-22T15:43:01+00:00
2025-09-22,ALKLC,KAP,ALTINKILIÇ GIDA VE SÜT SANAYİ TİCARET A.Ş. - Özel Durum Açıklaması (Genel),"Özel Durum Açıklaması (Genel) İrtibat Bürosu Açılışı Hakkında,",https://www.kap.org.tr/tr/Bildirim/1491791,tr,2025-09-22T16:03:26+00:00
2025-09-22,ANSGR,KAP,ANADOLU ANONİM TÜRK SİGORTA ŞİRKETİ - Özel Durum Açıklaması (Genel),Özel Durum Açıklaması (Genel) Genel Müdür Yardımcılığı Görevi Hakkında,https://www.kap.org.tr/tr/Bildirim/1491844,tr,2025-09-22T17:35:44+00:00
2025-09-22,ARENA,KAP,ARENA BİLGİSAYAR SANAYİ VE TİCARET A.Ş. - Özel Durum Açıklaması (Genel),Özel Durum Açıklaması (Genel) Bağlı Ortaklığımızın Tedarik Sözleşmesinin Devri Hakkında,https://www.kap.org.tr/tr/Bildirim/1491548,tr,2025-09-22T08:21:16+00:00
2025-09-22,ARSAN,KAP,ARSAN TEKSTİL TİCARET VE SANAYİ A.Ş. - Kayıtlı Sermaye Tavanı İşlemlerine İlişkin Bildirim,Kayıtlı Sermaye Tavanı İşlemlerine İlişkin Bildirim Kayıtlı Sermaye Tavan Artışı ve Geçerlilik Süresinin Uzatılmasına İlişkin SPK Başvurusu Hakkında.,https://www.kap.org.tr/tr/Bildirim/1491798,tr,2025-09-22T16:18:18+00:00
2025-09-22,ATLAS,KAP,ATLAS MENKUL KIYMETLER YATIRIM ORTAKLIĞI A.Ş. - Haftalık Rapor,Haftalık Rapor Haftalık Rapor,https://www.kap.org.tr/tr/Bildirim/1491709,tr,2025-09-22T12:48:25+00:00
2025-09-22,AVGYO,KAP,AVRASYA GAYRİMENKUL YATIRIM ORTAKLIĞI A.Ş. - Pay Alım Satım Bildirimi,Pay Alım Satım Bildirimi Pay Alımı Hakkında AVTUR,https://www.kap.org.tr/tr/Bildirim/1491914,tr,2025-09-22T19:42:41+00:00
2025-09-22,BAYRK,KAP,BAYRAK EBT TABAN SANAYİ VE TİCARET A.Ş. - Kredi Derecelendirmesi,Kredi Derecelendirmesi Kredi Derecelendirmesi,https://www.kap.org.tr/tr/Bildirim/1491921,tr,2025-09-22T20:08:19+00:00
2025-09-22,BJKAS,KAP,BEŞİKTAŞ FUTBOL YATIRIMLARI SANAYİ VE TİCARET A.Ş. - Kar Payı Dağıtım İşlemlerine İlişkin Bildirim,Kar Payı Dağıtım İşlemlerine İlişkin Bildirim 01.06.2024- 31.05.2025 Dönemi Kar Dağıtımı Yapılmaması Hakkında,https://www.kap.org.tr/tr/Bildirim/1491920,tr,2025-09-22T20:03:31+00:00
2025-09-22,BJKAS,KAP,BEŞİKTAŞ FUTBOL YATIRIMLARI SANAYİ VE TİCARET A.Ş. - Bağımsız Denetim Kuruluşunun Belirlenmesi,Bağımsız Denetim Kuruluşunun Belirlenmesi Sürdürülebilirlik Güvence Denetimi Kuruluşunun Belirlenmesi Hk.,https://www.kap.org.tr/tr/Bildirim/1491919,tr,2025-09-22T20:03:18+00:00
2025-09-22,BJKAS,KAP,BEŞİKTAŞ FUTBOL YATIRIMLARI SANAYİ VE TİCARET A.Ş. - Bağımsız Denetim Kuruluşunun Belirlenmesi,Bağımsız Denetim Kuruluşunun Belirlenmesi 01.06.2025-31.05.2026 Hesap Dönemi için Bağımsız Denetim Kuruluşunun Belirlenmesi Hakkında,https://www.kap.org.tr/tr/Bildirim/1491918,tr,2025-09-22T20:03:06+00:00
2025-09-22,BLS,KAP,BULLS YATIRIM MENKUL DEĞERLER A.Ş. - Toptan Alış Satış İşlemi Bildirimi,Toptan Alış Satış İşlemi Bildirimi DMRGD Unlu Mamuller Üretim Gıda Toptan Perakende İhracat A.Ş. (DMRGD) Toptan Alış-Satış Bildirimi Hk. DMRGD,https://www.kap.org.tr/tr/Bildirim/1491784,tr,2025-09-22T15:48:35+00:00
2025-09-22,BLSMD,KAP,BULLS YATIRIM MENKUL DEĞERLER A.Ş. - Toptan Alış Satış İşlemi Bildirimi,Toptan Alış Satış İşlemi Bildirimi DMRGD Unlu Mamuller Üretim Gıda Toptan Perakende İhracat A.Ş. (DMRGD) Toptan Alış-Satış Bildirimi Hk. DMRGD,https://www.kap.org.tr/tr/Bildirim/1491784,tr,2025-09-22T15:48:35+00:00
2025-09-22,BORLS,KAP,BORLEASE OTOMOTİV A.Ş. - İhraç Belgesi,İhraç Belgesi Borçlanma Aracı İhracına İlişkin İhraç Belgesi,https://www.kap.org.tr/tr/Bildirim/1491618,tr,2025-09-22T10:43:20+00:00
2025-09-22,BRKT,KAP,BEREKET VARLIK KİRALAMA A.Ş. - İhraç Tavanına İlişkin Bildirim,İhraç Tavanına İlişkin Bildirim Kira Sertifikası İhraç Tavanı Onayı Hk. ALBRK,https://www.kap.org.tr/tr/Bildirim/1491674,tr,2025-09-22T10:59:00+00:00
2025-09-22,BRKT,KAP,BEREKET VARLIK KİRALAMA A.Ş. - İhraç Belgesi,İhraç Belgesi Kira Sertifikası İhraç Tavanına İlişkin SPK Onayı Hk. ALBRK,https://www.kap.org.tr/tr/Bildirim/1491673,tr,2025-09-22T10:58:51+00:00
2025-09-22,CEMAS,KAP,ÇEMAŞ DÖKÜM SANAYİ A.Ş. - Pay Alım Satım Bildirimi,Pay Alım Satım Bildirimi Pay satışı hk.da NIBAS,https://www.kap.org.tr/tr/Bildirim/1491559,tr,2025-09-22T09:19:53+00:00
2025-09-22,CEMAS,KAP,ÇEMAŞ DÖKÜM SANAYİ A.Ş. - Özel Durum Açıklaması (Genel),Özel Durum Açıklaması (Genel) Özet Bilgi Bağlı Ortaklığımız ın NIBAS Pay Satışı hk.da NIBAS,https://www.kap.org.tr/tr/Bildirim/1491558,tr,2025-09-22T09:19:41+00:00
2025-09-22,CLKMT,KAP,ÇELİK MOTOR TİCARET A.Ş. - İhraç Tavanına İlişkin Bildirim,İhraç Tavanına İlişkin Bildirim Borçlanma aracı ihracı için SPK başvurusu,https://www.kap.org.tr/tr/Bildirim/1491924,tr,2025-09-22T21:00:13+00:00
2025-09-22,CRFSA,KAP,CARREFOURSA CARREFOUR SABANCI TİCARET MERKEZİ A.Ş. - Pay Dışında Sermaye Piyasası Aracı İşlemlerine İlişkin Bildirim (Faiz İçeren),Pay Dışında Sermaye Piyasası Aracı İşlemlerine İlişkin Bildirim (Faiz İçeren) TRSCARFE2612 ISIN kodlu tahvil ihracı,https://www.kap.org.tr/tr/Bildirim/1491730,tr,2025-09-22T14:24:30+00:00
2025-09-22,CRFSA,KAP,CARREFOURSA CARREFOUR SABANCI TİCARET MERKEZİ A.Ş. - Pay Dışında Sermaye Piyasası Aracı İşlemlerine İlişkin Bildirim (Faiz İçeren),Pay Dışında Sermaye Piyasası Aracı İşlemlerine İlişkin Bildirim (Faiz İçeren) TRSCARFE2620 ISIN kodlu tahvil ihracı,https://www.kap.org.tr/tr/Bildirim/1491723,tr,2025-09-22T13:52:05+00:00
2025-09-22,CRFSA,KAP,CARREFOURSA CARREFOUR SABANCI TİCARET MERKEZİ A.Ş. - Pay Dışında Sermaye Piyasası Aracı İşlemlerine İlişkin Bildirim (Faiz İçeren),Pay Dışında Sermaye Piyasası Aracı İşlemlerine İlişkin Bildirim (Faiz İçeren) TRFCARF92531 ISIN kodlu tahvil faiz ödemesi ve anapara itfası,https://www.kap.org.tr/tr/Bildirim/1491696,tr,2025-09-22T11:54:58+00:00
2025-09-22,CRFSA,KAP,CARREFOURSA CARREFOUR SABANCI TİCARET MERKEZİ A.Ş. - Pay Dışında Sermaye Piyasası Aracı İşlemlerine İlişkin Bildirim (Faiz İçeren),Pay Dışında Sermaye Piyasası Aracı İşlemlerine İlişkin Bildirim (Faiz İçeren) TRFCARF92523 ISIN kodlu tahvil faiz ödemesi ve anapara itfası,https://www.kap.org.tr/tr/Bildirim/1491693,tr,2025-09-22T11:51:39+00:00
2025-09-22,DAGI,KAP,DAGİ GİYİM SANAYİ VE TİCARET A.Ş. - Kurumsal Yönetim Bilgi Formu (Güncelleme) - Yönetim Kurulu-1,Kurumsal Yönetim Bilgi Formu (Güncelleme) - Yönetim Kurulu-1 Yönetim Kurulu Üyesi İstifası ve Yerine Yeni Yönetim Kurulu Üyesi Seçilmesi Nedeniyle Güncelleme,https://www.kap.org.tr/tr/Bildirim/1491868,tr,2025-09-22T18:14:59+00:00
2025-09-22,DAGI,KAP,DAGİ GİYİM SANAYİ VE TİCARET A.Ş. - Şirket Genel Bilgi Formu,Şirket Genel Bilgi Formu,https://www.kap.org.tr/tr/Bildirim/1491866,tr,2025-09-22T18:14:49+00:00
2025-09-22,DAGI,KAP,DAGİ GİYİM SANAYİ VE TİCARET A.Ş. - Özel Durum Açıklaması (Genel),Özel Durum Açıklaması (Genel) Yönetim Kurulu Üyesi İstifası ve Yerine Yeni Yönetim Kurulu Üyesi Seçilmesi,https://www.kap.org.tr/tr/Bildirim/1491865,tr,2025-09-22T18:14:39+00:00
2025-09-22,DERIM,KAP,DERİMOD KONFEKSİYON AYAKKABI DERİ SANAYİ VE TİCARET A.Ş. - Genel Kurul İşlemlerine İlişkin Bildirim,Genel Kurul İşlemlerine İlişkin Bildirim 2024 Yılı Olağan Genel Kurul Toplantısının ertelenen maddelerine ilişkin yapılan 15.08.2025 tarihli Olağanüstü Genel Kurul Toplantısının tescili hk.,https://www.kap.org.tr/tr/Bildirim/1491672,tr,2025-09-22T10:58:30+00:00
2025-09-22,DGATE,KAP,DATAGATE BİLGİSAYAR MALZEMELERİ TİCARET A.Ş. - Yeni İş İlişkisi,Yeni İş İlişkisi Vodafone Distribütörlük Sözleşmesi INDES,https://www.kap.org.tr/tr/Bildirim/1491549,tr,2025-09-22T08:30:28+00:00
2025-09-22,DOAS,KAP,DOĞUŞ OTOMOTİV SERVİS VE TİCARET A.Ş. - Sürdürülebilirlik Raporu,Sürdürülebilirlik Raporu 2024 TSRS Uyumlu Sürdürülebilirlik Raporu ve Entegre Sürdürülebilirlik Raporu,https://www.kap.org.tr/tr/Bildirim/1491899,tr,2025-09-22T18:47:08+00:00
2025-09-22,DUNYH,KAP,DÜNYA HOLDİNG A.Ş. - Şirket Genel Bilgi Formu,Şirket Genel Bilgi Formu,https://www.kap.org.tr/tr/Bildirim/1491776,tr,2025-09-22T15:42:32+00:00
2025-09-22,EKOFA,KAP,EKO FAKTORİNG A.Ş. - Pay Dışında Sermaye Piyasası Aracı İşlemlerine İlişkin Bildirim (Faiz İçeren),Pay Dışında Sermaye Piyasası Aracı İşlemlerine İlişkin Bildirim (Faiz İçeren) TRFEKOF92525 ISIN KODLU BONO 2.KUPON FAİZ ORANI,https://www.kap.org.tr/tr/Bildirim/1491837,tr,2025-09-22T17:21:43+00:00
2025-09-22,EKTVK,KAP,EMLAK KATILIM VARLIK KİRALAMA A.Ş. - Pay Dışında Sermaye Piyasası Aracı İşlemlerine İlişkin Bildirim (Faizsiz),Pay Dışında Sermaye Piyasası Aracı İşlemlerine İlişkin Bildirim (Faizsiz) TRDEVKS92619 ISIN Kodlu Kira Sertifikasının 4.Dönemsel Getiri Ödemesi Hk. EKT,https://www.kap.org.tr/tr/Bildirim/1491827,tr,2025-09-22T17:01:10+00:00
2025-09-22,EKTVK,KAP,EMLAK KATILIM VARLIK KİRALAMA A.Ş. - Şirket Genel Bilgi Formu,Şirket Genel Bilgi Formu,https://www.kap.org.tr/tr/Bildirim/1491700,tr,2025-09-22T12:15:31+00:00
2025-09-22,EMNIS,KAP,EMİNİŞ AMBALAJ SANAYİ VE TİCARET A.Ş. - Özel Durum Açıklaması (Genel),Özel Durum Açıklaması (Genel) Konkordato 46. Taksit Ödemesi,https://www.kap.org.tr/tr/Bildirim/1491753,tr,2025-09-22T15:10:15+00:00
2025-09-22,EMVAR,KAP,EMLAK VARLIK KİRALAMA A.Ş. - Pay Dışında Sermaye Piyasası Aracı İşlemlerine İlişkin Bildirim (Faizsiz),Pay Dışında Sermaye Piyasası Aracı İşlemlerine İlişkin Bildirim (Faizsiz) TRDEMVK92638 ISIN Kodlu Kira Sertifikası İhracının Nitelikli Yatırımcıya Satışının Tamamlanması Hk. ALFIN,https://www.kap.org.tr/tr/Bildirim/1491708,tr,2025-09-22T12:43:30+00:00
2025-09-22,EMVAR,KAP,EMLAK VARLIK KİRALAMA A.Ş. - Şirket Genel Bilgi Formu,Şirket Genel Bilgi Formu,https://www.kap.org.tr/tr/Bildirim/1491699,tr,2025-09-22T12:14:09+00:00
2025-09-22,ENERY,KAP,ENERYA ENERJİ A.Ş. - Payların Geri Alınmasına İlişkin Bildirim,Payların Geri Alınmasına İlişkin Bildirim 22.09.2025 Tarihli Pay Geri Alım İşlemleri,https://www.kap.org.tr/tr/Bildirim/1491889,tr,2025-09-22T18:30:43+00:00
2025-09-22,ENERY,KAP,ENERYA ENERJİ A.Ş. - Özel Durum Açıklaması (Genel),Özel Durum Açıklaması (Genel) Bağlı Ortaklık Lisans Genişlemesi Hk.,https://www.kap.org.tr/tr/Bildirim/1491777,tr,2025-09-22T15:42:35+00:00
2025-09-22,ETYAT,KAP,EURO TREND YATIRIM ORTAKLIĞI A.Ş. - Haftalık Rapor,Haftalık Rapor 19.09.2025 Tarihli Haftalık Rapor,https://www.kap.org.tr/tr/Bildirim/1491745,tr,2025-09-22T14:59:56+00:00
2025-09-22,ETYAT,KAP,EURO TREND YATIRIM ORTAKLIĞI A.Ş. - Özel Durum Açıklaması (Genel),"Özel Durum Açıklaması (Genel) BİAŞ'da oluşan ağırlıklı ortalama fiyatın,pay başına net aktif değerin 2 katını aşması",https://www.kap.org.tr/tr/Bildirim/1491744,tr,2025-09-22T14:59:47+00:00
2025-09-22,EUKYO,KAP,EURO KAPİTAL YATIRIM ORTAKLIĞI A.Ş. - Haftalık Rapor,Haftalık Rapor 19.09.2025 Tarihli Haftalık Rapor,https://www.kap.org.tr/tr/Bildirim/1491747,tr,2025-09-22T15:02:40+00:00
2025-09-22,EUKYO,KAP,EURO KAPİTAL YATIRIM ORTAKLIĞI A.Ş. - Özel Durum Açıklaması (Genel),"Özel Durum Açıklaması (Genel) BİAŞ'da oluşan ağırlıklı ortalama fiyatın,pay başına net aktif değerin 2 katını aşması",https://www.kap.org.tr/tr/Bildirim/1491746,tr,2025-09-22T15:02:26+00:00
2025-09-22,EUPWR,KAP,EUROPOWER ENERJİ VE OTOMASYON TEKNOLOJİLERİ SANAYİ TİCARET A.Ş. - Özel Durum Açıklaması (Genel),Özel Durum Açıklaması (Genel) İhale Sonucu Hakkında GESAN,https://www.kap.org.tr/tr/Bildirim/1491719,tr,2025-09-22T13:39:06+00:00
2025-09-22,EUPWR,KAP,EUROPOWER ENERJİ VE OTOMASYON TEKNOLOJİLERİ SANAYİ TİCARET A.Ş. - Özel Durum Açıklaması (Genel),Özel Durum Açıklaması (Genel) İhale Sonucu Hakkında GESAN,https://www.kap.org.tr/tr/Bildirim/1491591,tr,2025-09-22T10:04:35+00:00
2025-09-22,EUYO,KAP,EURO MENKUL KIYMET YATIRIM ORTAKLIĞI A.Ş. - Haftalık Rapor,Haftalık Rapor 19.09.2025 Tarihli Haftalık Rapor,https://www.kap.org.tr/tr/Bildirim/1491743,tr,2025-09-22T14:56:14+00:00
2025-09-22,EUYO,KAP,EURO MENKUL KIYMET YATIRIM ORTAKLIĞI A.Ş. - Özel Durum Açıklaması (Genel),"Özel Durum Açıklaması (Genel) BİAŞ'da oluşan ağırlıklı ortalama fiyatın,pay başına net aktif değerin 2 katını aşması",https://www.kap.org.tr/tr/Bildirim/1491742,tr,2025-09-22T14:56:04+00:00
2025-09-22,EXIMB,KAP,TÜRKİYE İHRACAT KREDİ BANKASI A.Ş. - Pay Dışında Sermaye Piyasası Aracı İşlemlerine İlişkin Bildirim (Faiz İçeren),Pay Dışında Sermaye Piyasası Aracı İşlemlerine İlişkin Bildirim (Faiz İçeren) XS3018113731 ISIN Kodlu Finansman Bonosunun İtfası Hk,https://www.kap.org.tr/tr/Bildirim/1491741,tr,2025-09-22T14:45:53+00:00
2025-09-22,FENER,KAP,FENERBAHÇE FUTBOL A.Ş. - Özel Durum Açıklaması (Genel),Özel Durum Açıklaması (Genel) Bağımsız Yönetim Kurulu üyesinin istifası hk.,https://www.kap.org.tr/tr/Bildirim/1491915,tr,2025-09-22T19:42:52+00:00
2025-09-22,FONET,KAP,FONET BİLGİ TEKNOLOJİLERİ A.Ş. - İhale Süreci / Sonucu,İhale Süreci / Sonucu Balıkesir İl Sağlık Müdürlüğü Tarafından Yapılan İhale Hakkında,https://www.kap.org.tr/tr/Bildirim/1491713,tr,2025-09-22T13:19:47+00:00
2025-09-22,FORMT,KAP,FORMET METAL VE CAM SANAYİ A.Ş. - Sermaye Artırımından Elde Edilecek - Edilen Fonun Kullanımına İlişkin Rapor,Sermaye Artırımından Elde Edilecek - Edilen Fonun Kullanımına İlişkin Rapor Fon kullanım raporu hakkında,https://www.kap.org.tr/tr/Bildirim/1491740,tr,2025-09-22T14:43:53+00:00
2025-09-22,FORTE,KAP,FORTE BİLGİ İLETİŞİM TEKNOLOJİLERİ VE SAVUNMA SANAYİ A.Ş. - Yeni İş İlişkisi,Yeni İş İlişkisi Yeni İş İlişkisi,https://www.kap.org.tr/tr/Bildirim/1491676,tr,2025-09-22T11:01:08+00:00
2025-09-22,FORTE,KAP,FORTE BİLGİ İLETİŞİM TEKNOLOJİLERİ VE SAVUNMA SANAYİ A.Ş. - Yeni İş İlişkisi,Yeni İş İlişkisi Yeni İş İlişkisi,https://www.kap.org.tr/tr/Bildirim/1491611,tr,2025-09-22T10:30:17+00:00
2025-09-22,GARAN,KAP,TÜRKİYE GARANTİ BANKASI A.Ş. - Pay Dışında Sermaye Piyasası Aracı İşlemlerine İlişkin Bildirim (Faiz İçeren),Pay Dışında Sermaye Piyasası Aracı İşlemlerine İlişkin Bildirim (Faiz İçeren) Yurtdışı Piyasalara Tahvil İhracı SPK Onayı,https://www.kap.org.tr/tr/Bildirim/1491857,tr,2025-09-22T18:10:14+00:00
2025-09-22,GLYHO,KAP,GLOBAL YATIRIM HOLDİNG A.Ş. - Payların Geri Alınmasına İlişkin Bildirim,Payların Geri Alınmasına İlişkin Bildirim 22.09.2025 Tarihli Pay Geri Alım İşlemleri,https://www.kap.org.tr/tr/Bildirim/1491893,tr,2025-09-22T18:34:55+00:00
2025-09-22,GRNYO,KAP,GARANTİ YATIRIM ORTAKLIĞI A.Ş. - Özel Durum Açıklaması (Genel),"Özel Durum Açıklaması (Genel) Paylarının BİAŞ'ta oluşan ağırlıklı ortalama fiyatının, pay başına net aktif değerinin 2 katını aşması hakkında.",https://www.kap.org.tr/tr/Bildirim/1491695,tr,2025-09-22T11:54:22+00:00
2025-09-22,GRNYO,KAP,GARANTİ YATIRIM ORTAKLIĞI A.Ş. - Haftalık Rapor,Haftalık Rapor 19.09.2025 tarihli haftalık rapordur.,https://www.kap.org.tr/tr/Bildirim/1491694,tr,2025-09-22T11:54:11+00:00
2025-09-22,GRTHO,KAP,GRAINTURK HOLDİNG A.Ş. - Özel Durum Açıklaması (Genel),Özel Durum Açıklaması (Genel) Özova Tarım A.Ş. ile Tera Grubu Arasında İş Birliği Görüşmeleri Hakkında,https://www.kap.org.tr/tr/Bildirim/1491885,tr,2025-09-22T18:24:05+00:00
2025-09-22,GUNDG,KAP,GÜNDOĞDU GIDA SÜT ÜRÜNLERİ SANAYİ VE DIŞ TİCARET A.Ş. - Kar Payı Dağıtım İşlemlerine İlişkin Bildirim,Kar Payı Dağıtım İşlemlerine İlişkin Bildirim Kar Payı Dağıtım Tarihi Hakkında,https://www.kap.org.tr/tr/Bildirim/1491755,tr,2025-09-22T15:14:23+00:00
2025-09-22,HDFGS,KAP,HEDEF GİRİŞİM SERMAYESİ YATIRIM ORTAKLIĞI A.Ş. - Özel Durum Açıklaması (Genel),Özel Durum Açıklaması (Genel) Startup Burada Fonu'na İlave Girişim Yatırım Yapılması Hk.,https://www.kap.org.tr/tr/Bildirim/1491752,tr,2025-09-22T15:10:09+00:00
2025-09-22,HLVKS,KAP,HALK VARLIK KİRALAMA A.Ş. - Tertip İhraç Belgesi,Tertip İhraç Belgesi Emlak Konut GYO 5.Tertip İhraç Belgesi EKGYO,https://www.kap.org.tr/tr/Bildirim/1491849,tr,2025-09-22T17:44:22+00:00
2025-09-22,HRKET,KAP,HAREKET PROJE TAŞIMACILIĞI VE YÜK MÜHENDİSLİĞİ A.Ş. - Yeni İş İlişkisi,Yeni İş İlişkisi Yeni İş İlişkisi Hk.,https://www.kap.org.tr/tr/Bildirim/1491582,tr,2025-09-22T10:00:36+00:00
2025-09-22,IHLAS,KAP,İHLAS HOLDİNG A.Ş. - Kayıtlı Sermaye Tavanı İşlemlerine İlişkin Bildirim,Kayıtlı Sermaye Tavanı İşlemlerine İlişkin Bildirim Kayıtlı Sermaye Tavanı Artırımı ve Kayıtlı Sermaye Tavanı Geçerlilik Süresinin Güncellenmesi Hakkında T.C. Ticaret Bakanlığı'na Başvuru Hk.,https://www.kap.org.tr/tr/Bildirim/1491820,tr,2025-09-22T16:46:34+00:00
2025-09-22,IHLAS,KAP,İHLAS HOLDİNG A.Ş. - Kayıtlı Sermaye Tavanı İşlemlerine İlişkin Bildirim,Kayıtlı Sermaye Tavanı İşlemlerine İlişkin Bildirim Kayıtlı sermaye tavanı artırımı ve tavan geçerlilik süresinin güncellenmesi ile ilgili SPK Onayı Hk.,https://www.kap.org.tr/tr/Bildirim/1491561,tr,2025-09-22T09:22:27+00:00
2025-09-22,INFO,KAP,İNFO YATIRIM MENKUL DEĞERLER A.Ş. - Likidite Sağlayıcılık Kapsamındaki İşlemler,Likidite Sağlayıcılık Kapsamındaki İşlemler TATEN Paylarında Likidite Sağlayıcılık Faaliyetleri Kapsamında Gerçekleştirilen İşlemler TATEN,https://www.kap.org.tr/tr/Bildirim/1491797,tr,2025-09-22T16:15:20+00:00
2025-09-22,INFO,KAP,İNFO YATIRIM MENKUL DEĞERLER A.Ş. - İzahname veya İzahnameyi Oluşturan Belgelerde Değişiklik - Ekleme,İzahname veya İzahnameyi Oluşturan Belgelerde Değişiklik - Ekleme İhraççı Bilgi Dokümanı ve Yapılan Tadil Metni,https://www.kap.org.tr/tr/Bildirim/1491796,tr,2025-09-22T16:10:07+00:00
2025-09-22,INFO,KAP,İNFO YATIRIM MENKUL DEĞERLER A.Ş. - Yatırım Kuruluşu Varant - Sertifika - Senetlerine İlişkin Bildirim,Yatırım Kuruluşu Varant - Sertifika - Senetlerine İlişkin Bildirim İnfo Yatırım Varant ve Sertifikaları Piyasa Yapıcı Alım Satım İşlemleri Bildirimi,https://www.kap.org.tr/tr/Bildirim/1491795,tr,2025-09-22T16:09:57+00:00
2025-09-22,ISATR,KAP,TÜRKİYE İŞ BANKASI A.Ş. - Özel Durum Açıklaması (Genel),Özel Durum Açıklaması (Genel) Yurt Dışında Yapılacak Katkı Sermaye Nitelikli Borçlanma Aracı İhracı Hakkında,https://www.kap.org.tr/tr/Bildirim/1491692,tr,2025-09-22T11:39:16+00:00
2025-09-22,ISBTR,KAP,TÜRKİYE İŞ BANKASI A.Ş. - Özel Durum Açıklaması (Genel),Özel Durum Açıklaması (Genel) Yurt Dışında Yapılacak Katkı Sermaye Nitelikli Borçlanma Aracı İhracı Hakkında,https://www.kap.org.tr/tr/Bildirim/1491692,tr,2025-09-22T11:39:16+00:00
2025-09-22,ISCTR,KAP,TÜRKİYE İŞ BANKASI A.Ş. - Özel Durum Açıklaması (Genel),Özel Durum Açıklaması (Genel) Yurt Dışında Yapılacak Katkı Sermaye Nitelikli Borçlanma Aracı İhracı Hakkında,https://www.kap.org.tr/tr/Bildirim/1491692,tr,2025-09-22T11:39:16+00:00
2025-09-22,ISDMR,KAP,İSKENDERUN DEMİR VE ÇELİK A.Ş. - Şirket Genel Bilgi Formu,Şirket Genel Bilgi Formu,https://www.kap.org.tr/tr/Bildirim/1491861,tr,2025-09-22T18:11:35+00:00
2025-09-22,ISKUR,KAP,TÜRKİYE İŞ BANKASI A.Ş. - Özel Durum Açıklaması (Genel),Özel Durum Açıklaması (Genel) Yurt Dışında Yapılacak Katkı Sermaye Nitelikli Borçlanma Aracı İhracı Hakkında,https://www.kap.org.tr/tr/Bildirim/1491692,tr,2025-09-22T11:39:16+00:00
2025-09-22,ISMEN,KAP,İŞ YATIRIM MENKUL DEĞERLER A.Ş. - Yatırım Kuruluşu Varant - Sertifika - Senetlerine İlişkin Bildirim,Yatırım Kuruluşu Varant - Sertifika - Senetlerine İlişkin Bildirim İş Yatırım Sertifika ve Varant Alım Satım İşlemleri,https://www.kap.org.tr/tr/Bildirim/1491717,tr,2025-09-22T13:33:59+00:00
2025-09-22,ISMEN,KAP,İŞ YATIRIM MENKUL DEĞERLER A.Ş. - Piyasa Yapıcılığı Kapsamında Gerçekleştirilen İşlemler Bildirimi,Piyasa Yapıcılığı Kapsamında Gerçekleştirilen İşlemler Bildirimi Borsa Yatırım Fonu Piyasa Yapıcılığı İşlemleri ISGLK,https://www.kap.org.tr/tr/Bildirim/1491716,tr,2025-09-22T13:31:16+00:00
2025-09-22,ISTFK,KAP,İSTANBUL FAKTORİNG A.Ş. - İhraç Tavanına İlişkin Bildirim,İhraç Tavanına İlişkin Bildirim İHRAC TAVANI ONAYLANMASI,https://www.kap.org.tr/tr/Bildirim/1491835,tr,2025-09-22T17:19:14+00:00
2025-09-22,ISYAT,KAP,İŞ YATIRIM ORTAKLIĞI A.Ş. - Haftalık Rapor,Haftalık Rapor 19.09.2025 Tarihli Haftalık Rapor,https://www.kap.org.tr/tr/Bildirim/1491823,tr,2025-09-22T16:52:21+00:00
2025-09-22,ISYAT,KAP,İŞ YATIRIM ORTAKLIĞI A.Ş. - Özel Durum Açıklaması (Genel),"Özel Durum Açıklaması (Genel) Ortaklık paylarının BİAŞ'ta oluşan ağırlıklı ortalama fiyatının, pay başına net aktif değerinin 2 katını aşması hakkında",https://www.kap.org.tr/tr/Bildirim/1491770,tr,2025-09-22T15:40:25+00:00
2025-09-22,IYF,KAP,İNFO YATIRIM MENKUL DEĞERLER A.Ş. - Likidite Sağlayıcılık Kapsamındaki İşlemler,Likidite Sağlayıcılık Kapsamındaki İşlemler TATEN Paylarında Likidite Sağlayıcılık Faaliyetleri Kapsamında Gerçekleştirilen İşlemler TATEN,https://www.kap.org.tr/tr/Bildirim/1491797,tr,2025-09-22T16:15:20+00:00
2025-09-22,IYF,KAP,İNFO YATIRIM MENKUL DEĞERLER A.Ş. - İzahname veya İzahnameyi Oluşturan Belgelerde Değişiklik - Ekleme,İzahname veya İzahnameyi Oluşturan Belgelerde Değişiklik - Ekleme İhraççı Bilgi Dokümanı ve Yapılan Tadil Metni,https://www.kap.org.tr/tr/Bildirim/1491796,tr,2025-09-22T16:10:07+00:00
2025-09-22,IYF,KAP,İNFO YATIRIM MENKUL DEĞERLER A.Ş. - Yatırım Kuruluşu Varant - Sertifika - Senetlerine İlişkin Bildirim,Yatırım Kuruluşu Varant - Sertifika - Senetlerine İlişkin Bildirim İnfo Yatırım Varant ve Sertifikaları Piyasa Yapıcı Alım Satım İşlemleri Bildirimi,https://www.kap.org.tr/tr/Bildirim/1491795,tr,2025-09-22T16:09:57+00:00
2025-09-22,IYM,KAP,İŞ YATIRIM MENKUL DEĞERLER A.Ş. - Yatırım Kuruluşu Varant - Sertifika - Senetlerine İlişkin Bildirim,Yatırım Kuruluşu Varant - Sertifika - Senetlerine İlişkin Bildirim İş Yatırım Sertifika ve Varant Alım Satım İşlemleri,https://www.kap.org.tr/tr/Bildirim/1491717,tr,2025-09-22T13:33:59+00:00
2025-09-22,IYM,KAP,İŞ YATIRIM MENKUL DEĞERLER A.Ş. - Piyasa Yapıcılığı Kapsamında Gerçekleştirilen İşlemler Bildirimi,Piyasa Yapıcılığı Kapsamında Gerçekleştirilen İşlemler Bildirimi Borsa Yatırım Fonu Piyasa Yapıcılığı İşlemleri ISGLK,https://www.kap.org.tr/tr/Bildirim/1491716,tr,2025-09-22T13:31:16+00:00
2025-09-22,KARSN,KAP,KARSAN OTOMOTİV SANAYİİ VE TİCARET A.Ş. - Özel Durum Açıklaması (Genel),Özel Durum Açıklaması (Genel) Türk Traktör ve Ziraat Makineleri A.Ş. ile Anlaşmanın Sona Ermesi,https://www.kap.org.tr/tr/Bildirim/1491894,tr,2025-09-22T18:35:24+00:00
2025-09-22,KLRHO,KAP,KİLER HOLDİNG A.Ş. - Özel Durum Açıklaması (Genel),Özel Durum Açıklaması (Genel) İştirakimizin Ges Yatırımları Hk.,https://www.kap.org.tr/tr/Bildirim/1491551,tr,2025-09-22T09:02:32+00:00
2025-09-22,KRVGD,KAP,KERVAN GIDA SANAYİ VE TİCARET A.Ş. - Özel Durum Açıklaması (Genel),"Özel Durum Açıklaması (Genel) Likidite Sağlayıcılığı Aracılık Sözleşmesi Feshi AKM, AKMEN",https://www.kap.org.tr/tr/Bildirim/1491906,tr,2025-09-22T19:23:59+00:00
2025-09-22,KTSVK,KAP,KT SUKUK VARLIK KİRALAMA A.Ş. - Tertip İhraç Belgesi,Tertip İhraç Belgesi Alves Kablo Sanayi ve Ticaret A.Ş. Kira Sertifikası İhraç Tavanına İlişkin SPK Onayı ALVES,https://www.kap.org.tr/tr/Bildirim/1491684,tr,2025-09-22T11:20:53+00:00
2025-09-22,KTSVK,KAP,KT SUKUK VARLIK KİRALAMA A.Ş. - İhraç Tavanına İlişkin Bildirim,İhraç Tavanına İlişkin Bildirim Kira Sertifikası İhraç Tavanına İlişkin SPK Onayı ALVES,https://www.kap.org.tr/tr/Bildirim/1491683,tr,2025-09-22T11:20:45+00:00
2025-09-22,KTSVK,KAP,KT SUKUK VARLIK KİRALAMA A.Ş. - Tertip İhraç Belgesi,Tertip İhraç Belgesi Tertip İhraç Belgesi 500 Milyon TL FNCLL,https://www.kap.org.tr/tr/Bildirim/1491682,tr,2025-09-22T11:20:38+00:00
2025-09-22,KZGYO,KAP,KUZUGRUP GAYRİMENKUL YATIRIM ORTAKLIĞI A.Ş. - İlişkili Taraf İşlemleri,İlişkili Taraf İşlemleri İlişkili taraftan kredi kullanılması hk.,https://www.kap.org.tr/tr/Bildirim/1491896,tr,2025-09-22T18:39:59+00:00
2025-09-22,LKMNH,KAP,LOKMAN HEKİM ENGÜRÜSAĞ SAĞLIK TURİZM EĞİTİM HİZMETLERİ VE İNŞAAT TAAHHÜT A.Ş. - Payların Geri Alınmasına İlişkin Bildirim,Payların Geri Alınmasına İlişkin Bildirim Hisse Geri Alımı,https://www.kap.org.tr/tr/Bildirim/1491897,tr,2025-09-22T18:42:17+00:00
2025-09-22,MAVI,KAP,MAVİ GİYİM SANAYİ VE TİCARET A.Ş. - Payların Geri Alınmasına İlişkin Bildirim,Payların Geri Alınmasına İlişkin Bildirim 22.09.2025 Tarihli Pay Geri Alım İşlemleri,https://www.kap.org.tr/tr/Bildirim/1491898,tr,2025-09-22T18:46:07+00:00
2025-09-22,MERCN,KAP,MERCAN KİMYA SANAYİ VE TİCARET A.Ş. - Özel Durum Açıklaması (Genel),Özel Durum Açıklaması (Genel) Yatırım Teşvik Belgesi Alınması Hakkında,https://www.kap.org.tr/tr/Bildirim/1491869,tr,2025-09-22T18:15:10+00:00
2025-09-22,MNGFA,KAP,MNG FAKTORİNG A.Ş. - İhraç Belgesi,İhraç Belgesi İhraç belgesi 600.000.000 TL- 18.09.2025,https://www.kap.org.tr/tr/Bildirim/1491751,tr,2025-09-22T15:09:53+00:00
2025-09-22,MNGFA,KAP,MNG FAKTORİNG A.Ş. - İhraç Tavanına İlişkin Bildirim,İhraç Tavanına İlişkin Bildirim 18.09.2025 tarihli ihraç tavanına ilişkin ihraç belgesi,https://www.kap.org.tr/tr/Bildirim/1491750,tr,2025-09-22T15:09:24+00:00
2025-09-22,MRBAS,KAP,MARBAŞ MENKUL DEĞERLER A.Ş. - Toptan Alış Satış İşlemi Bildirimi,Toptan Alış Satış İşlemi Bildirimi BTCIM Toptan Alış Satış İşlem Bildirimi BTCIM,https://www.kap.org.tr/tr/Bildirim/1491904,tr,2025-09-22T18:50:38+00:00
2025-09-22,MRBAS,KAP,MARBAŞ MENKUL DEĞERLER A.Ş. - Pay Dışında Sermaye Piyasası Aracı İşlemlerine İlişkin Bildirim (Faiz İçeren),Pay Dışında Sermaye Piyasası Aracı İşlemlerine İlişkin Bildirim (Faiz İçeren) Finansman Bonosu Kupon Faiz Oranı Hk.,https://www.kap.org.tr/tr/Bildirim/1491886,tr,2025-09-22T18:27:01+00:00
2025-09-22,MRBAS,KAP,MARBAŞ MENKUL DEĞERLER A.Ş. - Toptan Alış Satış İşlemi Bildirimi,Toptan Alış Satış İşlemi Bildirimi BTCIM Toptan Alış Satış İşlem Bildirimi BTCIM,https://www.kap.org.tr/tr/Bildirim/1491768,tr,2025-09-22T15:33:04+00:00
2025-09-22,MRS,KAP,MARBAŞ MENKUL DEĞERLER A.Ş. - Toptan Alış Satış İşlemi Bildirimi,Toptan Alış Satış İşlemi Bildirimi BTCIM Toptan Alış Satış İşlem Bildirimi BTCIM,https://www.kap.org.tr/tr/Bildirim/1491904,tr,2025-09-22T18:50:38+00:00
2025-09-22,MRS,KAP,MARBAŞ MENKUL DEĞERLER A.Ş. - Pay Dışında Sermaye Piyasası Aracı İşlemlerine İlişkin Bildirim (Faiz İçeren),Pay Dışında Sermaye Piyasası Aracı İşlemlerine İlişkin Bildirim (Faiz İçeren) Finansman Bonosu Kupon Faiz Oranı Hk.,https://www.kap.org.tr/tr/Bildirim/1491886,tr,2025-09-22T18:27:01+00:00
2025-09-22,MRS,KAP,MARBAŞ MENKUL DEĞERLER A.Ş. - Toptan Alış Satış İşlemi Bildirimi,Toptan Alış Satış İşlemi Bildirimi BTCIM Toptan Alış Satış İşlem Bildirimi BTCIM,https://www.kap.org.tr/tr/Bildirim/1491768,tr,2025-09-22T15:33:04+00:00
2025-09-22,MTRYO,KAP,METRO YATIRIM ORTAKLIĞI A.Ş. - Haftalık Rapor,Haftalık Rapor Haftalık Rapor,https://www.kap.org.tr/tr/Bildirim/1491703,tr,2025-09-22T12:25:20+00:00
2025-09-22,NRBNK,KAP,NUROL YATIRIM BANKASI A.Ş. - Pay Dışında Sermaye Piyasası Aracı İşlemlerine İlişkin Bildirim (Faiz İçeren),Pay Dışında Sermaye Piyasası Aracı İşlemlerine İlişkin Bildirim (Faiz İçeren) TRFNURL32621 ISIN Kodlu Finansman Bonosunun Satışının Tamamlanması,https://www.kap.org.tr/tr/Bildirim/1491726,tr,2025-09-22T14:08:06+00:00
2025-09-22,NURVK,KAP,NUROL VARLIK KİRALAMA A.Ş. - Tertip İhraç Belgesi,Tertip İhraç Belgesi Tertip İhraç Belgesi,https://www.kap.org.tr/tr/Bildirim/1491698,tr,2025-09-22T12:03:10+00:00
2025-09-22,NYB,KAP,NUROL YATIRIM BANKASI A.Ş. - Pay Dışında Sermaye Piyasası Aracı İşlemlerine İlişkin Bildirim (Faiz İçeren),Pay Dışında Sermaye Piyasası Aracı İşlemlerine İlişkin Bildirim (Faiz İçeren) TRFNURL32621 ISIN Kodlu Finansman Bonosunun Satışının Tamamlanması,https://www.kap.org.tr/tr/Bildirim/1491726,tr,2025-09-22T14:08:06+00:00
2025-09-22,ONRYT,KAP,ONUR YÜKSEK TEKNOLOJİ A.Ş. - Yeni İş İlişkisi,Yeni İş İlişkisi Yeni İş İlişkisi Süreci Hakkında Bilgilendirme,https://www.kap.org.tr/tr/Bildirim/1491882,tr,2025-09-22T18:19:56+00:00
2025-09-22,ONRYT,KAP,ONUR YÜKSEK TEKNOLOJİ A.Ş. - Yeni İş İlişkisi,Yeni İş İlişkisi Yeni İş İlişkisi Süreci Hakkında Bilgilendirme,https://www.kap.org.tr/tr/Bildirim/1491880,tr,2025-09-22T18:19:30+00:00
2025-09-22,OTTO,KAP,OTTO HOLDİNG A.Ş. - Özel Durum Açıklaması (Genel),Özel Durum Açıklaması (Genel) Ertelenmiş İçsel Bilginin Kamuya Açıklanması,https://www.kap.org.tr/tr/Bildirim/1491926,tr,2025-09-22T21:51:55+00:00
2025-09-22,OYA,KAP,OYAK YATIRIM MENKUL DEĞERLER A.Ş. - Piyasa Yapıcılığı Kapsamında Gerçekleştirilen İşlemler Bildirimi,Piyasa Yapıcılığı Kapsamında Gerçekleştirilen İşlemler Bildirimi 22/09/2025 TARİHLİ OYAYO PİYASA YAPICILIĞI İŞLEMLERİ OYAYO,https://www.kap.org.tr/tr/Bildirim/1491890,tr,2025-09-22T18:31:49+00:00
2025-09-22,OYAYO,KAP,OYAK YATIRIM ORTAKLIĞI A.Ş. - Özel Durum Açıklaması (Genel),"Özel Durum Açıklaması (Genel) Ortaklık paylarının BİAŞ'ta oluşan ağırlıklı ortalama fiyatının, pay başına net aktif değerinin 2 katını aşması hakkında",https://www.kap.org.tr/tr/Bildirim/1491619,tr,2025-09-22T10:43:22+00:00
2025-09-22,OYAYO,KAP,OYAK YATIRIM ORTAKLIĞI A.Ş. - Haftalık Rapor,Haftalık Rapor 19.09.2025 Tarihli Haftalık Rapor,https://www.kap.org.tr/tr/Bildirim/1491617,tr,2025-09-22T10:42:25+00:00
2025-09-22,OYYAT,KAP,OYAK YATIRIM MENKUL DEĞERLER A.Ş. - Piyasa Yapıcılığı Kapsamında Gerçekleştirilen İşlemler Bildirimi,Piyasa Yapıcılığı Kapsamında Gerçekleştirilen İşlemler Bildirimi 22/09/2025 TARİHLİ OYAYO PİYASA YAPICILIĞI İŞLEMLERİ OYAYO,https://www.kap.org.tr/tr/Bildirim/1491890,tr,2025-09-22T18:31:49+00:00
2025-09-22,PARSN,KAP,PARSAN MAKİNA PARÇALARI SANAYİİ A.Ş. - Şirket Genel Bilgi Formu,Şirket Genel Bilgi Formu,https://www.kap.org.tr/tr/Bildirim/1491780,tr,2025-09-22T15:44:24+00:00
2025-09-22,PCILT,KAP,PC İLETİŞİM VE MEDYA HİZMETLERİ SANAYİ TİCARET A.Ş. - Payların Geri Alınmasına İlişkin Bildirim,Payların Geri Alınmasına İlişkin Bildirim 22.09.2025 Tarihli Pay Geri Alım İşlemleri,https://www.kap.org.tr/tr/Bildirim/1491928,tr,2025-09-22T23:44:33+00:00
2025-09-22,PNLSN,KAP,PANELSAN ÇATI CEPHE SİSTEMLERİ SANAYİ VE TİCARET A.Ş. - Payların Geri Alınmasına İlişkin Bildirim,Payların Geri Alınmasına İlişkin Bildirim Payların Geri Alınması İşlemlerine İlişkin Bildirim hk.,https://www.kap.org.tr/tr/Bildirim/1491923,tr,2025-09-22T20:48:37+00:00
2025-09-22,POLHO,KAP,POLİSAN HOLDİNG A.Ş. - Esas Sözleşme,Esas Sözleşme Esas Sözleşme,https://www.kap.org.tr/tr/Bildirim/1491571,tr,2025-09-22T09:46:43+00:00
2025-09-22,QUFIN,KAP,QUICK FİNANSMAN A.Ş. - Pay Dışında Sermaye Piyasası Aracı İşlemlerine İlişkin Bildirim (Faiz İçeren),Pay Dışında Sermaye Piyasası Aracı İşlemlerine İlişkin Bildirim (Faiz İçeren) Nitelikli Yatırımcılara Tahvil Satışının Tamamlanması,https://www.kap.org.tr/tr/Bildirim/1491554,tr,2025-09-22T09:14:59+00:00
2025-09-22,QYATB,KAP,Q YATIRIM BANKASI A.Ş. - Pay Dışında Sermaye Piyasası Aracı İşlemlerine İlişkin Bildirim (Faiz İçeren),Pay Dışında Sermaye Piyasası Aracı İşlemlerine İlişkin Bildirim (Faiz İçeren) TRFQYBN92513 ISIN No'lu Kıymetin İtfası,https://www.kap.org.tr/tr/Bildirim/1491566,tr,2025-09-22T09:31:52+00:00
2025-09-22,SARKY,KAP,SARKUYSAN ELEKTROLİTİK BAKIR SANAYİ VE TİCARET A.Ş. - Payların Geri Alınmasına İlişkin Bildirim,Payların Geri Alınmasına İlişkin Bildirim 22.09.2025 Tarihli Pay Geri Alım İşlemleri,https://www.kap.org.tr/tr/Bildirim/1491871,tr,2025-09-22T18:15:35+00:00
2025-09-22,SARKY,KAP,SARKUYSAN ELEKTROLİTİK BAKIR SANAYİ VE TİCARET A.Ş. - Payların Geri Alınmasına İlişkin Bildirim,Payların Geri Alınmasına İlişkin Bildirim 19.09.2025 Tarihli Pay Geri Alım İşlemleri,https://www.kap.org.tr/tr/Bildirim/1491555,tr,2025-09-22T09:15:21+00:00
2025-09-22,SDTTR,KAP,SDT UZAY VE SAVUNMA TEKNOLOJİLERİ A.Ş. - Yeni İş İlişkisi,Yeni İş İlişkisi Yeni İş İlişkisi Hakkında,https://www.kap.org.tr/tr/Bildirim/1491691,tr,2025-09-22T11:36:03+00:00
2025-09-22,SERNT,KAP,SERANİT GRANİT SERAMİK SANAYİ VE TİCARET A.Ş. - Şirket Genel Bilgi Formu,Şirket Genel Bilgi Formu,https://www.kap.org.tr/tr/Bildirim/1491616,tr,2025-09-22T10:40:57+00:00
2025-09-22,SERNT,KAP,SERANİT GRANİT SERAMİK SANAYİ VE TİCARET A.Ş. - Kurumsal Yönetim Bilgi Formu (Güncelleme) - Yönetim Kurulu-2,Kurumsal Yönetim Bilgi Formu (Güncelleme) - Yönetim Kurulu-2 Yeni Bağımsız Yönetim Kurulu Üyelerinin Komitelerdeki Görev Dağılımı,https://www.kap.org.tr/tr/Bildirim/1491615,tr,2025-09-22T10:40:45+00:00
2025-09-22,SMRFA,KAP,SÜMER FAKTORİNG A.Ş. - İhraç Belgesi,İhraç Belgesi İhraç Belgesi Hakkında,https://www.kap.org.tr/tr/Bildirim/1491789,tr,2025-09-22T15:58:41+00:00
2025-09-22,SMRFA,KAP,SÜMER FAKTORİNG A.Ş. - İhraç Tavanına İlişkin Bildirim,İhraç Tavanına İlişkin Bildirim İhraç Belgesi Hakkında,https://www.kap.org.tr/tr/Bildirim/1491788,tr,2025-09-22T15:58:25+00:00
2025-09-22,SMRTG,KAP,SMART GÜNEŞ ENERJİSİ TEKNOLOJİLERİ ARAŞTIRMA GELİŞTİRME ÜRETİM SANAYİ VE TİCARET A.Ş. - Yeni İş İlişkisi,Yeni İş İlişkisi Yeni iş ilişkisi,https://www.kap.org.tr/tr/Bildirim/1491815,tr,2025-09-22T16:37:15+00:00
2025-09-22,SNGYO,KAP,SİNPAŞ GAYRİMENKUL YATIRIM ORTAKLIĞI A.Ş. - Özel Durum Açıklaması (Genel),Özel Durum Açıklaması (Genel) Bağımsız Yönetim Kurulu Üyesi Adayı Hakkında Sermaye Piyasası Kurulundan Uygun Görüş Alınmasına İlişkin Başvuru,https://www.kap.org.tr/tr/Bildirim/1491895,tr,2025-09-22T18:38:14+00:00
2025-09-22,SUNTK,KAP,SUN TEKSTİL SANAYİ VE TİCARET A.Ş. - Özel Durum Açıklaması (Genel),Özel Durum Açıklaması (Genel) Yatırım teşvik belgesi hakkında,https://www.kap.org.tr/tr/Bildirim/1491907,tr,2025-09-22T19:28:35+00:00
2025-09-22,TERA,KAP,TERA YATIRIM MENKUL DEĞERLER A.Ş. - Pay Dışında Sermaye Piyasası Aracı İşlemlerine İlişkin Bildirim (Faiz İçeren),Pay Dışında Sermaye Piyasası Aracı İşlemlerine İlişkin Bildirim (Faiz İçeren) TRFTERA72514 ISIN kodlu 330.000.000TL bononun kupon ödemesi ve itfası,https://www.kap.org.tr/tr/Bildirim/1491916,tr,2025-09-22T19:48:24+00:00
2025-09-22,TGB,KAP,TÜRKİYE GARANTİ BANKASI A.Ş. - Pay Dışında Sermaye Piyasası Aracı İşlemlerine İlişkin Bildirim (Faiz İçeren),Pay Dışında Sermaye Piyasası Aracı İşlemlerine İlişkin Bildirim (Faiz İçeren) Yurtdışı Piyasalara Tahvil İhracı SPK Onayı,https://www.kap.org.tr/tr/Bildirim/1491857,tr,2025-09-22T18:10:14+00:00
2025-09-22,THR,KAP,TÜRKİYE İHRACAT KREDİ BANKASI A.Ş. - Pay Dışında Sermaye Piyasası Aracı İşlemlerine İlişkin Bildirim (Faiz İçeren),Pay Dışında Sermaye Piyasası Aracı İşlemlerine İlişkin Bildirim (Faiz İçeren) XS3018113731 ISIN Kodlu Finansman Bonosunun İtfası Hk,https://www.kap.org.tr/tr/Bildirim/1491741,tr,2025-09-22T14:45:53+00:00
2025-09-22,TIB,KAP,TÜRKİYE İŞ BANKASI A.Ş. - Özel Durum Açıklaması (Genel),Özel Durum Açıklaması (Genel) Yurt Dışında Yapılacak Katkı Sermaye Nitelikli Borçlanma Aracı İhracı Hakkında,https://www.kap.org.tr/tr/Bildirim/1491692,tr,2025-09-22T11:39:16+00:00
2025-09-22,TMPOL,KAP,TEMAPOL POLİMER PLASTİK VE İNŞAAT SANAYİ TİCARET A.Ş. - Kredi Derecelendirmesi,Kredi Derecelendirmesi Kredi Derecelendirmesi,https://www.kap.org.tr/tr/Bildirim/1491905,tr,2025-09-22T18:52:24+00:00
2025-09-22,TRA,KAP,TERA YATIRIM MENKUL DEĞERLER A.Ş. - Pay Dışında Sermaye Piyasası Aracı İşlemlerine İlişkin Bildirim (Faiz İçeren),Pay Dışında Sermaye Piyasası Aracı İşlemlerine İlişkin Bildirim (Faiz İçeren) TRFTERA72514 ISIN kodlu 330.000.000TL bononun kupon ödemesi ve itfası,https://www.kap.org.tr/tr/Bildirim/1491916,tr,2025-09-22T19:48:24+00:00
2025-09-22,TRCAS,KAP,TURCAS HOLDİNG A.Ş. - Genel Kurul İşlemlerine İlişkin Bildirim,Genel Kurul İşlemlerine İlişkin Bildirim 2025 Olağanüstü Genel Kurul Çağrı İlanı,https://www.kap.org.tr/tr/Bildirim/1491833,tr,2025-09-22T17:10:22+00:00
2025-09-22,TRCAS,KAP,TURCAS HOLDİNG A.Ş. - Kar Payı Dağıtım İşlemlerine İlişkin Bildirim,Kar Payı Dağıtım İşlemlerine İlişkin Bildirim 2024 yılı kâr payı dağıtımı hakkında,https://www.kap.org.tr/tr/Bildirim/1491733,tr,2025-09-22T14:40:00+00:00
2025-09-22,TRHOL,KAP,TERA FİNANSAL YATIRIMLAR HOLDİNG A.Ş. - Katılım Finansı İlkeleri Bilgi Formu,Katılım Finansı İlkeleri Bilgi Formu,https://www.kap.org.tr/tr/Bildirim/1491913,tr,2025-09-22T19:37:07+00:00
2025-09-22,TRILC,KAP,TURK İLAÇ VE SERUM SANAYİ A.Ş. - İhraç Belgesi,İhraç Belgesi Borçlanma Aracı İhraç Belgesi,https://www.kap.org.tr/tr/Bildirim/1491927,tr,2025-09-22T23:36:26+00:00
2025-09-22,TTRAK,KAP,TÜRK TRAKTÖR VE ZİRAAT MAKİNELERİ A.Ş. - Faaliyetlerin Kısmen veya Tamamen Durdurulması ya da İmkansız Hale Gelmesi,Faaliyetlerin Kısmen veya Tamamen Durdurulması ya da İmkansız Hale Gelmesi Fabrikalarımızda stok planlaması nedeniyle üretime ara verilmesi,https://www.kap.org.tr/tr/Bildirim/1491925,tr,2025-09-22T21:20:54+00:00
2025-09-22,TUCLK,KAP,TUĞÇELİK ALÜMİNYUM VE METAL MAMÜLLERİ SANAYİ VE TİCARET A.Ş. - Genel Kurul İşlemlerine İlişkin Bildirim,Genel Kurul İşlemlerine İlişkin Bildirim 2024 Yılı Olağan Genel Kurul Toplantısı,https://www.kap.org.tr/tr/Bildirim/1491877,tr,2025-09-22T18:16:54+00:00
2025-09-22,TUKAS,KAP,TUKAŞ GIDA SANAYİ VE TİCARET A.Ş. - Geri Alınan Payların Elden Çıkarılması,Geri Alınan Payların Elden Çıkarılması Geri Alınan Payların Elden Çıkarılması,https://www.kap.org.tr/tr/Bildirim/1491863,tr,2025-09-22T18:13:45+00:00
2025-09-22,TURSG,KAP,TÜRKİYE SİGORTA A.Ş. - Özel Durum Açıklaması (Genel),Özel Durum Açıklaması (Genel) 2025 Ağustos Sonu Brüt Prim Üretimi,https://www.kap.org.tr/tr/Bildirim/1491550,tr,2025-09-22T08:40:32+00:00
2025-09-22,TV8TV,KAP,TV8 TV YAYINCILIK A.Ş. - Şirket Genel Bilgi Formu,Şirket Genel Bilgi Formu,https://www.kap.org.tr/tr/Bildirim/1491917,tr,2025-09-22T20:02:46+00:00
2025-09-22,ULAS,KAP,ULAŞLAR TURİZM ENERJİ TARIM GIDA VE İNŞAAT YATIRIMLARI A.Ş. - Özel Durum Açıklaması (Genel),Özel Durum Açıklaması (Genel) Esas Sözleşme Tadili hakkında,https://www.kap.org.tr/tr/Bildirim/1491715,tr,2025-09-22T13:21:24+00:00
2025-09-22,ULAS,KAP,ULAŞLAR TURİZM ENERJİ TARIM GIDA VE İNŞAAT YATIRIMLARI A.Ş. - Kayıtlı Sermaye Tavanı İşlemlerine İlişkin Bildirim,Kayıtlı Sermaye Tavanı İşlemlerine İlişkin Bildirim Kayıtlı sermaye tavanı tsüresinin uzatılmasına yönelik esas sözleşme değişikliği,https://www.kap.org.tr/tr/Bildirim/1491714,tr,2025-09-22T13:21:14+00:00
2025-09-22,ULKER,KAP,ÜLKER BİSKÜVİ SANAYİ A.Ş. - Sürdürülebilirlik Raporu,Sürdürülebilirlik Raporu 2024 TSRS Uyumlu Sürdürülebilirlik Raporu,https://www.kap.org.tr/tr/Bildirim/1491903,tr,2025-09-22T18:50:35+00:00
2025-09-22,ULUFA,KAP,ULUSAL FAKTORİNG A.Ş. - Pay Dışında Sermaye Piyasası Aracı İşlemlerine İlişkin Bildirim (Faiz İçeren),Pay Dışında Sermaye Piyasası Aracı İşlemlerine İlişkin Bildirim (Faiz İçeren) Şirketimiz TRFULFK12624 ISIN Kodlu Değişken Faizli Borçlanma Aracımızın Kupon Oranına İlişkin Açıklama,https://www.kap.org.tr/tr/Bildirim/1491884,tr,2025-09-22T18:23:19+00:00
2025-09-22,USAK,KAP,UŞAK SERAMİK SANAYİ A.Ş. - Kayıtlı Sermaye Tavanı İşlemlerine İlişkin Bildirim,Kayıtlı Sermaye Tavanı İşlemlerine İlişkin Bildirim Kayıtlı Sermaye Tavanının Ticaret Sicili Tarafından Tescili Hakkında Bildirim,https://www.kap.org.tr/tr/Bildirim/1491848,tr,2025-09-22T17:43:21+00:00
2025-09-22,USAK,KAP,UŞAK SERAMİK SANAYİ A.Ş. - Bağımsız Denetim Kuruluşunun Belirlenmesi,Bağımsız Denetim Kuruluşunun Belirlenmesi Bağımsız Denetim Kuruluşu seçiminin tescili ve TTSG'de ilanı,https://www.kap.org.tr/tr/Bildirim/1491846,tr,2025-09-22T17:38:52+00:00
2025-09-22,USAK,KAP,UŞAK SERAMİK SANAYİ A.Ş. - Genel Kurul İşlemlerine İlişkin Bildirim,Genel Kurul İşlemlerine İlişkin Bildirim 2024 Yılı Olağan Genel Kurul Toplantısı Tescili Hk.,https://www.kap.org.tr/tr/Bildirim/1491845,tr,2025-09-22T17:37:55+00:00
2025-09-22,USAK,KAP,UŞAK SERAMİK SANAYİ A.Ş. - Pay Dışında Sermaye Piyasası Aracı İşlemlerine İlişkin Bildirim (Faiz İçeren),Pay Dışında Sermaye Piyasası Aracı İşlemlerine İlişkin Bildirim (Faiz İçeren) Kupon Ödemesi Hakkında,https://www.kap.org.tr/tr/Bildirim/1491705,tr,2025-09-22T12:35:46+00:00
2025-09-22,VAKFA,KAP,VAKIF FAKTORİNG A.Ş. - Özel Durum Açıklaması (Genel),Özel Durum Açıklaması (Genel) İştirakimiz Vakıf Enerji ve Madencilik Anonim Şirketi Pay Satışı Hakkında,https://www.kap.org.tr/tr/Bildirim/1491875,tr,2025-09-22T18:16:32+00:00
2025-09-22,VAKVK,KAP,VAKIF VARLIK KİRALAMA A.Ş. - İhraç Tavanına İlişkin Bildirim,İhraç Tavanına İlişkin Bildirim Kira Sertifikası İhraç Tavanı SPK Başvurusu VKF,https://www.kap.org.tr/tr/Bildirim/1491887,tr,2025-09-22T18:27:59+00:00
2025-09-22,VAKVK,KAP,VAKIF VARLIK KİRALAMA A.Ş. - İhraç Tavanına İlişkin Bildirim,İhraç Tavanına İlişkin Bildirim Kira Sertifikası İhraç Tavanı SPK Başvurusu VKF,https://www.kap.org.tr/tr/Bildirim/1491854,tr,2025-09-22T18:03:44+00:00
2025-09-22,VKFYO,KAP,VAKIF MENKUL KIYMET YATIRIM ORTAKLIĞI A.Ş. - Haftalık Rapor,Haftalık Rapor 19.09.2025 Haftalık Rapor,https://www.kap.org.tr/tr/Bildirim/1491910,tr,2025-09-22T19:33:52+00:00
2025-09-22,VKFYO,KAP,VAKIF MENKUL KIYMET YATIRIM ORTAKLIĞI A.Ş. - Özel Durum Açıklaması (Genel),"Özel Durum Açıklaması (Genel) Şirketimizin BİAŞ'da oluşan ağırlıklı ortalama fiyatın, pay başına net aktif değerin 2 katını aşması sebebiyle yapılan açıklamadır.",https://www.kap.org.tr/tr/Bildirim/1491908,tr,2025-09-22T19:31:28+00:00
2025-09-22,YBQ,KAP,Q YATIRIM BANKASI A.Ş. - Pay Dışında Sermaye Piyasası Aracı İşlemlerine İlişkin Bildirim (Faiz İçeren),Pay Dışında Sermaye Piyasası Aracı İşlemlerine İlişkin Bildirim (Faiz İçeren) TRFQYBN92513 ISIN No'lu Kıymetin İtfası,https://www.kap.org.tr/tr/Bildirim/1491566,tr,2025-09-22T09:31:52+00:00
2025-09-22,YUNSA,KAP,YÜNSA YÜNLÜ SANAYİ VE TİCARET A.Ş. - Kurumsal Yönetim İlkelerine Uyum Derecelendirmesi,Kurumsal Yönetim İlkelerine Uyum Derecelendirmesi Kurumsal Yönetim Derecelendirme Raporu,https://www.kap.org.tr/tr/Bildirim/1491546,tr,2025-09-22T07:46:42+00:00
2025-09-22,ZKBVR,KAP,ZKB VARLIK KİRALAMA A.Ş. - Pay Dışında Sermaye Piyasası Aracı İşlemlerine İlişkin Bildirim (Faizsiz),Pay Dışında Sermaye Piyasası Aracı İşlemlerine İlişkin Bildirim (Faizsiz) TRDZKBVA2513 ISIN Kodlu Yeşil Kira Sertifikası 3. Kupon oranı belirlenmesi hakkında GSMTK,https://www.kap.org.tr/tr/Bildirim/1491821,tr,2025-09-22T16:47:26+00:00
2025-09-22,ZKBVR,KAP,ZKB VARLIK KİRALAMA A.Ş. - İhraç Belgesi,İhraç Belgesi İhraç belgesi BIENY,https://www.kap.org.tr/tr/Bildirim/1491573,tr,2025-09-22T09:52:48+00:00
2025-09-22,ZKBVR,KAP,ZKB VARLIK KİRALAMA A.Ş. - İhraç Tavanına İlişkin Bildirim,İhraç Tavanına İlişkin Bildirim Kira sertifikası İhraç Tavanı SPK Onayı BIENY,https://www.kap.org.tr/tr/Bildirim/1491572,tr,2025-09-22T09:48:52+00:00
2025-09-23,A1CAP,KAP,A1 CAPİTAL YATIRIM MENKUL DEĞERLER A.Ş. - Özel Durum Açıklaması (Genel),Özel Durum Açıklaması (Genel) Egeli & Co Tarım Girişim Sermayesi Yatırım Ortaklığı A.Ş. (Egeli & Co) Pay Sahiplerine Zorunlu Pay Alım Teklifi Hk.,https://www.kap.org.tr/tr/Bildirim/1492262,tr,2025-09-23T18:10:34+00:00
2025-09-23,A1CAP,KAP,A1 CAPİTAL YATIRIM MENKUL DEĞERLER A.Ş. - Toptan Alış Satış İşlemi Bildirimi,"Toptan Alış Satış İşlemi Bildirimi SANİFOAM ENDÜSTRİ VE TÜKETİM ÜRÜNLERİ SANAYİ TİCARET A.Ş. (SANFM) Toptan Alış-Satış Bildirimi Hk. ALNUS, ANC, MD1, MD2, MHF, MPO, MRBAS, MRS, MTH, SANFM",https://www.kap.org.tr/tr/Bildirim/1492097,tr,2025-09-23T14:45:18+00:00
2025-09-23,ACP,KAP,A1 CAPİTAL YATIRIM MENKUL DEĞERLER A.Ş. - Özel Durum Açıklaması (Genel),Özel Durum Açıklaması (Genel) Egeli & Co Tarım Girişim Sermayesi Yatırım Ortaklığı A.Ş. (Egeli & Co) Pay Sahiplerine Zorunlu Pay Alım Teklifi Hk.,https://www.kap.org.tr/tr/Bildirim/1492262,tr,2025-09-23T18:10:34+00:00
2025-09-23,ACP,KAP,A1 CAPİTAL YATIRIM MENKUL DEĞERLER A.Ş. - Toptan Alış Satış İşlemi Bildirimi,"Toptan Alış Satış İşlemi Bildirimi SANİFOAM ENDÜSTRİ VE TÜKETİM ÜRÜNLERİ SANAYİ TİCARET A.Ş. (SANFM) Toptan Alış-Satış Bildirimi Hk. ALNUS, ANC, MD1, MD2, MHF, MPO, MRBAS, MRS, MTH, SANFM",https://www.kap.org.tr/tr/Bildirim/1492097,tr,2025-09-23T14:45:18+00:00
2025-09-23,ADEL,KAP,ADEL KALEMCİLİK TİCARET VE SANAYİ A.Ş. - Pay Dışında Sermaye Piyasası Aracı İşlemlerine İlişkin Bildirim (Faiz İçeren),Pay Dışında Sermaye Piyasası Aracı İşlemlerine İlişkin Bildirim (Faiz İçeren) TRSADEL92611 ISIN Kodlu Tahvilin 2. Kupon Ödemesi,https://www.kap.org.tr/tr/Bildirim/1492302,tr,2025-09-23T18:48:47+00:00
2025-09-23,AHGAZ,KAP,AHLATCI DOĞAL GAZ DAĞITIM ENERJİ VE YATIRIM A.Ş. - Payların Geri Alınmasına İlişkin Bildirim,Payların Geri Alınmasına İlişkin Bildirim 23.09.2025 Tarihli Pay Geri Alım İşlemleri,https://www.kap.org.tr/tr/Bildirim/1492293,tr,2025-09-23T18:30:16+00:00
2025-09-23,AKDFA,KAP,AKDENİZ FAKTORİNG A.Ş. - Pay Dışında Sermaye Piyasası Aracı İşlemlerine İlişkin Bildirim (Faiz İçeren),Pay Dışında Sermaye Piyasası Aracı İşlemlerine İlişkin Bildirim (Faiz İçeren) TRFAKDN32625 İhracın 1. kupon ödemesi gerçekleşmiştir,https://www.kap.org.tr/tr/Bildirim/1491936,tr,2025-09-23T08:58:24+00:00
2025-09-23,AKDFA,KAP,AKDENİZ FAKTORİNG A.Ş. - İhraç Belgesi,İhraç Belgesi İhraç Belgesi,https://www.kap.org.tr/tr/Bildirim/1491930,tr,2025-09-23T08:20:24+00:00
2025-09-23,AKDFA,KAP,AKDENİZ FAKTORİNG A.Ş. - İhraç Tavanına İlişkin Bildirim,İhraç Tavanına İlişkin Bildirim İhraç Başvusunun onaylanması hk,https://www.kap.org.tr/tr/Bildirim/1491929,tr,2025-09-23T08:13:17+00:00
2025-09-23,AKFGY,KAP,AKFEN GAYRİMENKUL YATIRIM ORTAKLIĞI A.Ş. - Payların Geri Alınmasına İlişkin Bildirim,Payların Geri Alınmasına İlişkin Bildirim 23.09.2025 Tarihli Pay Geri Alım İşlemleri Hk.,https://www.kap.org.tr/tr/Bildirim/1492285,tr,2025-09-23T18:21:33+00:00
2025-09-23,AKFGY,KAP,AKFEN GAYRİMENKUL YATIRIM ORTAKLIĞI A.Ş. - Kar Dağıtım Politikası,Kar Dağıtım Politikası Kar Dağıtım Politikası hk.,https://www.kap.org.tr/tr/Bildirim/1492284,tr,2025-09-23T18:21:06+00:00
2025-09-23,AKFIS,KAP,AKFEN İNŞAAT TURİZM VE TİCARET A.Ş. - Payların Geri Alınmasına İlişkin Bildirim,Payların Geri Alınmasına İlişkin Bildirim 23.09.2025 Tarihli Pay Geri Alım İşlemleri Hk.,https://www.kap.org.tr/tr/Bildirim/1492282,tr,2025-09-23T18:19:33+00:00
2025-09-23,AKFK,KAP,AK FİNANSAL KİRALAMA A.Ş. - İhraç Tavanına İlişkin Bildirim,İhraç Tavanına İlişkin Bildirim Borçlanma Aracı İhracı için SPK' ya Başvuru Yapılması Hk.,https://www.kap.org.tr/tr/Bildirim/1492120,tr,2025-09-23T15:30:15+00:00
2025-09-23,AKFYE,KAP,AKFEN YENİLENEBİLİR ENERJİ A.Ş. - Payların Geri Alınmasına İlişkin Bildirim,Payların Geri Alınmasına İlişkin Bildirim 23.09.2025 Tarihli Pay Geri Alım İşlemleri Hk.,https://www.kap.org.tr/tr/Bildirim/1492283,tr,2025-09-23T18:20:17+00:00
2025-09-23,ALJF,KAP,ALJ FİNANSMAN A.Ş. - Özel Durum Açıklaması (Genel),Özel Durum Açıklaması (Genel) Sermaye Piyasası Aracı İhracına İlişkin Yönetim Kurulu Kararı,https://www.kap.org.tr/tr/Bildirim/1492205,tr,2025-09-23T17:14:30+00:00
2025-09-23,ALJF,KAP,ALJ FİNANSMAN A.Ş. - İhraç Belgesi,İhraç Belgesi İhraç tavanına ilişkin Sermaye Piyasası Kurulu onayı,https://www.kap.org.tr/tr/Bildirim/1492069,tr,2025-09-23T13:10:21+00:00
2025-09-23,ALNUS,KAP,ALNUS YATIRIM MENKUL DEĞERLER A.Ş. - İhraç Tavanına İlişkin Bildirim,İhraç Tavanına İlişkin Bildirim Borçlanma Aracı İhracına İlişkin Yönetim Kurulu Kararı,https://www.kap.org.tr/tr/Bildirim/1492248,tr,2025-09-23T17:54:49+00:00
2025-09-23,ALVES,KAP,ALVES KABLO SANAYİ VE TİCARET A.Ş. - Yeni İş İlişkisi,Yeni İş İlişkisi Yurt dışı yeni iş ilişkisi,https://www.kap.org.tr/tr/Bildirim/1492092,tr,2025-09-23T14:26:48+00:00
2025-09-23,ANC,KAP,ALNUS YATIRIM MENKUL DEĞERLER A.Ş. - İhraç Tavanına İlişkin Bildirim,İhraç Tavanına İlişkin Bildirim Borçlanma Aracı İhracına İlişkin Yönetim Kurulu Kararı,https://www.kap.org.tr/tr/Bildirim/1492248,tr,2025-09-23T17:54:49+00:00
2025-09-23,ASTOR,KAP,ASTOR ENERJİ A.Ş. - Şirket Genel Bilgi Formu,Şirket Genel Bilgi Formu,https://www.kap.org.tr/tr/Bildirim/1492076,tr,2025-09-23T13:43:24+00:00
2025-09-23,ATAVK,KAP,ATA VARLIK KİRALAMA A.Ş. - Pay Dışında Sermaye Piyasası Aracı İşlemlerine İlişkin Bildirim (Faizsiz),Pay Dışında Sermaye Piyasası Aracı İşlemlerine İlişkin Bildirim (Faizsiz) TRDATAV92525 ISIN kodlu Yurtiçi Kira Sertifikalarının İtfa ve Getiri Ödeme İşlemlerinin Tamamlanması Hk FSDAT,https://www.kap.org.tr/tr/Bildirim/1492061,tr,2025-09-23T13:01:26+00:00
2025-09-23,ATAVK,KAP,ATA VARLIK KİRALAMA A.Ş. - Pay Dışında Sermaye Piyasası Aracı İşlemlerine İlişkin Bildirim (Faizsiz),Pay Dışında Sermaye Piyasası Aracı İşlemlerine İlişkin Bildirim (Faizsiz) TRDATAV92517 ISIN kodlu Yurtiçi Kira Sertifikalarının İtfa ve Getiri Ödeme İşlemlerinin Tamamlanması Hk FSDAT,https://www.kap.org.tr/tr/Bildirim/1492060,tr,2025-09-23T13:00:47+00:00
2025-09-23,ATAVK,KAP,ATA VARLIK KİRALAMA A.Ş. - Pay Dışında Sermaye Piyasası Aracı İşlemlerine İlişkin Bildirim (Faizsiz),Pay Dışında Sermaye Piyasası Aracı İşlemlerine İlişkin Bildirim (Faizsiz) TRDATAV32612 ISIN Kodlu Yurtiçi Kira sertifikası İhracının Satışının Tamamlanması Hk. FSDAT,https://www.kap.org.tr/tr/Bildirim/1491937,tr,2025-09-23T09:03:30+00:00
2025-09-23,AYDEM,KAP,AYDEM YENİLENEBİLİR ENERJİ A.Ş. - İhraç Tavanına İlişkin Bildirim,İhraç Tavanına İlişkin Bildirim Talep Toplama Sürecinin Tamamlanması,https://www.kap.org.tr/tr/Bildirim/1492307,tr,2025-09-23T19:49:22+00:00
2025-09-23,BANVT,KAP,BANVİT BANDIRMA VİTAMİNLİ YEM SANAYİ A.Ş. - Özel Durum Açıklaması (Genel),Özel Durum Açıklaması (Genel) Dolaylı Hakim Pay Sahibi BRF S.A.?ya İlişkin Bildirim,https://www.kap.org.tr/tr/Bildirim/1492303,tr,2025-09-23T18:52:44+00:00
2025-09-23,BLS,KAP,BULLS YATIRIM MENKUL DEĞERLER A.Ş. - Özel Durum Açıklaması (Genel),Özel Durum Açıklaması (Genel) Şirket Paylarının Devri Hk.,https://www.kap.org.tr/tr/Bildirim/1492289,tr,2025-09-23T18:26:04+00:00
2025-09-23,BLSMD,KAP,BULLS YATIRIM MENKUL DEĞERLER A.Ş. - Özel Durum Açıklaması (Genel),Özel Durum Açıklaması (Genel) Şirket Paylarının Devri Hk.,https://www.kap.org.tr/tr/Bildirim/1492289,tr,2025-09-23T18:26:04+00:00
2025-09-23,BRGFK,KAP,BURGAN FİNANSAL KİRALAMA A.Ş. - Pay Dışında Sermaye Piyasası Aracı İşlemlerine İlişkin Bildirim (Faiz İçeren),Pay Dışında Sermaye Piyasası Aracı İşlemlerine İlişkin Bildirim (Faiz İçeren) TRFBUFKA2516 ISIN Kodlu Bono 1.Kupon Faiz Oranı,https://www.kap.org.tr/tr/Bildirim/1492174,tr,2025-09-23T16:48:22+00:00
2025-09-23,BSOKE,KAP,BATISÖKE SÖKE ÇİMENTO SANAYİİ T.A.Ş. - Kredi Derecelendirmesi,Kredi Derecelendirmesi Kredi Derecelendirme Notu Hk.,https://www.kap.org.tr/tr/Bildirim/1492111,tr,2025-09-23T15:12:20+00:00
2025-09-23,BTCIM,KAP,BATIÇİM BATI ANADOLU ÇİMENTO SANAYİİ A.Ş. - Kredi Derecelendirmesi,Kredi Derecelendirmesi Kredi Derecelendirme Notu Hk.,https://www.kap.org.tr/tr/Bildirim/1492110,tr,2025-09-23T15:11:42+00:00
2025-09-23,CCOLA,KAP,COCA-COLA İÇECEK A.Ş. - Pay Dışında Sermaye Piyasası Aracı İşlemlerine İlişkin Bildirim (Faiz İçeren),Pay Dışında Sermaye Piyasası Aracı İşlemlerine İlişkin Bildirim (Faiz İçeren) TRSCOLA92612 ISIN Kodlu Tahvilin 4. Kupon Faiz Oranının Belirlenmesi,https://www.kap.org.tr/tr/Bildirim/1492163,tr,2025-09-23T16:37:01+00:00
2025-09-23,CEMAS,KAP,ÇEMAŞ DÖKÜM SANAYİ A.Ş. - Özel Durum Açıklaması (Genel),Özel Durum Açıklaması (Genel) Özet Bilgi Bağlı Ortaklığımız ın NIBAS Pay Satışı hk.da NIBAS,https://www.kap.org.tr/tr/Bildirim/1491932,tr,2025-09-23T08:38:06+00:00
2025-09-23,DERHL,KAP,DERLÜKS YATIRIM HOLDİNG A.Ş. - Özel Durum Açıklaması (Genel),Özel Durum Açıklaması (Genel) 2025 Faaliyet Yılı Sürdürebilirlik Denetçisi Seçimi,https://www.kap.org.tr/tr/Bildirim/1492270,tr,2025-09-23T18:12:46+00:00
2025-09-23,DOFRB,KAP,DOF ROBOTİK SANAYİ A.Ş. - Şirket Genel Bilgi Formu,Şirket Genel Bilgi Formu,https://www.kap.org.tr/tr/Bildirim/1492079,tr,2025-09-23T14:01:14+00:00
2025-09-23,DYBNK,KAP,D YATIRIM BANKASI A.Ş. - Kredi Derecelendirmesi,Kredi Derecelendirmesi JCR Eurasia Rating Kredi Derecelendirme Notları Hakkında,https://www.kap.org.tr/tr/Bildirim/1492132,tr,2025-09-23T15:50:28+00:00
2025-09-23,EKOFA,KAP,EKO FAKTORİNG A.Ş. - Pay Dışında Sermaye Piyasası Aracı İşlemlerine İlişkin Bildirim (Faiz İçeren),Pay Dışında Sermaye Piyasası Aracı İşlemlerine İlişkin Bildirim (Faiz İçeren) TRFEKOF92517 ISIN KODLU BONO 4.KUPON FAİZ ORANI,https://www.kap.org.tr/tr/Bildirim/1492292,tr,2025-09-23T18:27:20+00:00
2025-09-23,EKOFA,KAP,EKO FAKTORİNG A.Ş. - Pay Dışında Sermaye Piyasası Aracı İşlemlerine İlişkin Bildirim (Faiz İçeren),Pay Dışında Sermaye Piyasası Aracı İşlemlerine İlişkin Bildirim (Faiz İçeren) TRFEKOF92525 ISIN KODLU BONO İTFASI,https://www.kap.org.tr/tr/Bildirim/1492291,tr,2025-09-23T18:27:06+00:00
2025-09-23,EMVAR,KAP,EMLAK VARLIK KİRALAMA A.Ş. - Tertip İhraç Belgesi,Tertip İhraç Belgesi Tertip İhraç Belgesi,https://www.kap.org.tr/tr/Bildirim/1492026,tr,2025-09-23T11:25:57+00:00
2025-09-23,EMVAR,KAP,EMLAK VARLIK KİRALAMA A.Ş. - Pay Dışında Sermaye Piyasası Aracı İşlemlerine İlişkin Bildirim (Faizsiz),Pay Dışında Sermaye Piyasası Aracı İşlemlerine İlişkin Bildirim (Faizsiz) TRDEMVKA2523 ISIN Kodlu Kira Sertifikasının 3.Dönemsel Getiri Ödemesi Hk. ALFIN,https://www.kap.org.tr/tr/Bildirim/1492025,tr,2025-09-23T11:23:56+00:00
2025-09-23,ENERY,KAP,ENERYA ENERJİ A.Ş. - Payların Geri Alınmasına İlişkin Bildirim,Payların Geri Alınmasına İlişkin Bildirim 23.09.2025 Tarihli Pay Geri Alım İşlemleri,https://www.kap.org.tr/tr/Bildirim/1492294,tr,2025-09-23T18:30:47+00:00
2025-09-23,ENJSA,KAP,ENERJİSA ENERJİ A.Ş. - Özel Durum Açıklaması (Genel),Özel Durum Açıklaması (Genel) Bilgilendirme Politikasının Güncellenmesi,https://www.kap.org.tr/tr/Bildirim/1492335,tr,2025-09-23T21:45:19+00:00
2025-09-23,ENJSA,KAP,ENERJİSA ENERJİ A.Ş. - Yönetim Kurulu Komiteleri,Yönetim Kurulu Komiteleri Kurumsal Yönetim Komitesi Çalışma Esasları,https://www.kap.org.tr/tr/Bildirim/1492028,tr,2025-09-23T11:30:30+00:00
2025-09-23,ENTRA,KAP,IC ENTERRA YENİLENEBİLİR ENERJİ A.Ş. - Sermaye Artırımı - Azaltımı İşlemlerine İlişkin Bildirim,Sermaye Artırımı - Azaltımı İşlemlerine İlişkin Bildirim Bedelsiz ve Bedelli Sermaye Artırımı,https://www.kap.org.tr/tr/Bildirim/1492308,tr,2025-09-23T20:15:09+00:00
2025-09-23,ETYAT,KAP,EURO TREND YATIRIM ORTAKLIĞI A.Ş. - Özel Durum Açıklaması (Genel),"Özel Durum Açıklaması (Genel) BİAŞ'da oluşan ağırlıklı ortalama fiyatın,pay başına net aktif değerin 2 katını aşması",https://www.kap.org.tr/tr/Bildirim/1492147,tr,2025-09-23T16:15:15+00:00
2025-09-23,EUKYO,KAP,EURO KAPİTAL YATIRIM ORTAKLIĞI A.Ş. - Özel Durum Açıklaması (Genel),"Özel Durum Açıklaması (Genel) BİAŞ'da oluşan ağırlıklı ortalama fiyatın,pay başına net aktif değerin 2 katını aşması",https://www.kap.org.tr/tr/Bildirim/1492148,tr,2025-09-23T16:15:50+00:00
2025-09-23,EUYO,KAP,EURO MENKUL KIYMET YATIRIM ORTAKLIĞI A.Ş. - Özel Durum Açıklaması (Genel),"Özel Durum Açıklaması (Genel) BİAŞ'da oluşan ağırlıklı ortalama fiyatın,pay başına net aktif değerin 2 katını aşması",https://www.kap.org.tr/tr/Bildirim/1492146,tr,2025-09-23T16:14:38+00:00
2025-09-23,FBB,KAP,FİBABANKA A.Ş. - Şirket Genel Bilgi Formu,Şirket Genel Bilgi Formu,https://www.kap.org.tr/tr/Bildirim/1492200,tr,2025-09-23T17:03:05+00:00
2025-09-23,FBBNK,KAP,FİBABANKA A.Ş. - Şirket Genel Bilgi Formu,Şirket Genel Bilgi Formu,https://www.kap.org.tr/tr/Bildirim/1492200,tr,2025-09-23T17:03:05+00:00
2025-09-23,FENER,KAP,FENERBAHÇE FUTBOL A.Ş. - Esas Sözleşme,Esas Sözleşme Şirketimizin Güncel Esas Sözleşmesi,https://www.kap.org.tr/tr/Bildirim/1492211,tr,2025-09-23T17:23:47+00:00
2025-09-23,FENER,KAP,FENERBAHÇE FUTBOL A.Ş. - Bağımsız Denetim Kuruluşunun Belirlenmesi,Bağımsız Denetim Kuruluşunun Belirlenmesi Bağımsız Denetim Kuruluşunun Tescili ve TTSG'de İlanı,https://www.kap.org.tr/tr/Bildirim/1492210,tr,2025-09-23T17:23:36+00:00
2025-09-23,FENER,KAP,FENERBAHÇE FUTBOL A.Ş. - Kayıtlı Sermaye Tavanı İşlemlerine İlişkin Bildirim,Kayıtlı Sermaye Tavanı İşlemlerine İlişkin Bildirim Kayıtlı Sermaye Tavanı Artırılmasının Tescili Hk.,https://www.kap.org.tr/tr/Bildirim/1492130,tr,2025-09-23T15:46:39+00:00
2025-09-23,FENER,KAP,FENERBAHÇE FUTBOL A.Ş. - Kar Payı Dağıtım İşlemlerine İlişkin Bildirim,Kar Payı Dağıtım İşlemlerine İlişkin Bildirim Kar Dağıtımı Yapılmaması Hakkında,https://www.kap.org.tr/tr/Bildirim/1492129,tr,2025-09-23T15:46:22+00:00
2025-09-23,FENER,KAP,FENERBAHÇE FUTBOL A.Ş. - Genel Kurul İşlemlerine İlişkin Bildirim,Genel Kurul İşlemlerine İlişkin Bildirim Olağan Genel Kurulun Tescili Hk.,https://www.kap.org.tr/tr/Bildirim/1492122,tr,2025-09-23T15:40:30+00:00
2025-09-23,FENER,KAP,FENERBAHÇE FUTBOL A.Ş. - Şirket Genel Bilgi Formu,Şirket Genel Bilgi Formu,https://www.kap.org.tr/tr/Bildirim/1492121,tr,2025-09-23T15:40:19+00:00
2025-09-23,FIN,KAP,QNB BANK A.Ş. - Pay Dışında Sermaye Piyasası Aracı İşlemlerine İlişkin Bildirim (Faiz İçeren),Pay Dışında Sermaye Piyasası Aracı İşlemlerine İlişkin Bildirim (Faiz İçeren) MTN programı kapsamında yurtdışında ihraç edilen borçlanma aracının ihracı,https://www.kap.org.tr/tr/Bildirim/1492037,tr,2025-09-23T11:39:32+00:00
2025-09-23,FIN,KAP,QNB BANK A.Ş. - Pay Dışında Sermaye Piyasası Aracı İşlemlerine İlişkin Bildirim (Faiz İçeren),Pay Dışında Sermaye Piyasası Aracı İşlemlerine İlişkin Bildirim (Faiz İçeren) MTN programı kapsamında yurtdışında ihraç edilen borçlanma aracının ihracı,https://www.kap.org.tr/tr/Bildirim/1492036,tr,2025-09-23T11:39:10+00:00
2025-09-23,FONET,KAP,FONET BİLGİ TEKNOLOJİLERİ A.Ş. - İhale Süreci / Sonucu,İhale Süreci / Sonucu Kahramanmaraş İl Sağlık Müdürlüğü Tarafından Yapılan İhale Hakkında,https://www.kap.org.tr/tr/Bildirim/1492208,tr,2025-09-23T17:20:19+00:00
2025-09-23,FORMT,KAP,FORMET METAL VE CAM SANAYİ A.Ş. - Sermaye Artırımı - Azaltımı İşlemlerine İlişkin Bildirim,Sermaye Artırımı - Azaltımı İşlemlerine İlişkin Bildirim Tahsisli sermaye artırımı işlemleri kapsamında Sermaye Piyasası Kurulu'na başvuru yapılması.,https://www.kap.org.tr/tr/Bildirim/1491935,tr,2025-09-23T08:53:06+00:00
2025-09-23,GARAN,KAP,TÜRKİYE GARANTİ BANKASI A.Ş. - Şirket Genel Bilgi Formu,Şirket Genel Bilgi Formu,https://www.kap.org.tr/tr/Bildirim/1492203,tr,2025-09-23T17:12:59+00:00
2025-09-23,GLCVY,KAP,GELECEK VARLIK YÖNETİMİ A.Ş. - Özel Durum Açıklaması (Genel),Özel Durum Açıklaması (Genel) İhale sonrası Devir ve Temlik İşlemlerinin tamamlanması hk.,https://www.kap.org.tr/tr/Bildirim/1492334,tr,2025-09-23T21:32:59+00:00
2025-09-23,GLYHO,KAP,GLOBAL YATIRIM HOLDİNG A.Ş. - Payların Geri Alınmasına İlişkin Bildirim,Payların Geri Alınmasına İlişkin Bildirim 23.09.2025 Tarihli Pay Geri Alım İşlemleri,https://www.kap.org.tr/tr/Bildirim/1492290,tr,2025-09-23T18:26:19+00:00
2025-09-23,GRNYO,KAP,GARANTİ YATIRIM ORTAKLIĞI A.Ş. - Özel Durum Açıklaması (Genel),"Özel Durum Açıklaması (Genel) Paylarının BİAŞ'ta oluşan ağırlıklı ortalama fiyatının, pay başına net aktif değerinin 2 katını aşması hakkında.",https://www.kap.org.tr/tr/Bildirim/1491997,tr,2025-09-23T10:36:01+00:00
2025-09-23,HLVKS,KAP,HALK VARLIK KİRALAMA A.Ş. - Pay Dışında Sermaye Piyasası Aracı İşlemlerine İlişkin Bildirim (Faizsiz),Pay Dışında Sermaye Piyasası Aracı İşlemlerine İlişkin Bildirim (Faizsiz) Yurt İçi Kira Sertifikası İhracı Nitelikli Yatırımcıya Satışın Tamamlanması hk. HLGYO,https://www.kap.org.tr/tr/Bildirim/1492281,tr,2025-09-23T18:17:10+00:00
2025-09-23,HRKET,KAP,HAREKET PROJE TAŞIMACILIĞI VE YÜK MÜHENDİSLİĞİ A.Ş. - Şirket Genel Bilgi Formu,Şirket Genel Bilgi Formu,https://www.kap.org.tr/tr/Bildirim/1492214,tr,2025-09-23T17:31:04+00:00
2025-09-23,HRKET,KAP,HAREKET PROJE TAŞIMACILIĞI VE YÜK MÜHENDİSLİĞİ A.Ş. - Özel Durum Açıklaması (Genel),Özel Durum Açıklaması (Genel) Üst Düzey Yönetici Ataması,https://www.kap.org.tr/tr/Bildirim/1492213,tr,2025-09-23T17:30:44+00:00
2025-09-23,HUBVC,KAP,HUB GİRİŞİM SERMAYESİ YATIRIM ORTAKLIĞI A.Ş. - Özel Durum Açıklaması (Genel),Özel Durum Açıklaması (Genel) İştirakimiz Eyedius Teknoloji A.Ş.'deki Payımız Hk.,https://www.kap.org.tr/tr/Bildirim/1492266,tr,2025-09-23T18:11:22+00:00
2025-09-23,HUBVC,KAP,HUB GİRİŞİM SERMAYESİ YATIRIM ORTAKLIĞI A.Ş. - Şirket Genel Bilgi Formu,Şirket Genel Bilgi Formu,https://www.kap.org.tr/tr/Bildirim/1492259,tr,2025-09-23T18:07:57+00:00
2025-09-23,HURGZ,KAP,HÜRRİYET GAZETECİLİK VE MATBAACILIK A.Ş. - Kurumsal Yönetim İlkelerine Uyum Derecelendirmesi,Kurumsal Yönetim İlkelerine Uyum Derecelendirmesi Kurumsal Yönetim İlkelerine Uyum Derecelendirmesi,https://www.kap.org.tr/tr/Bildirim/1492116,tr,2025-09-23T15:23:31+00:00
2025-09-23,HUZFA,KAP,HUZUR FAKTORİNG A.Ş. - Pay Dışında Sermaye Piyasası Aracı İşlemlerine İlişkin Bildirim (Faiz İçeren),Pay Dışında Sermaye Piyasası Aracı İşlemlerine İlişkin Bildirim (Faiz İçeren) TRFHZRF92511 ISIN KODLU BONONUN 4. KUPON ORANI BELİRLENMESİ,https://www.kap.org.tr/tr/Bildirim/1492179,tr,2025-09-23T16:50:01+00:00
2025-09-23,IAZ,KAP,INVEST-AZ YATIRIM MENKUL DEĞERLER A.Ş. - Pay Dışında Sermaye Piyasası Aracı İşlemlerine İlişkin Bildirim (Faiz İçeren),Pay Dışında Sermaye Piyasası Aracı İşlemlerine İlişkin Bildirim (Faiz İçeren) Borçlanma Aracı İhracı hk. (Talep toplama),https://www.kap.org.tr/tr/Bildirim/1492114,tr,2025-09-23T15:16:44+00:00
2025-09-23,INFO,KAP,İNFO YATIRIM MENKUL DEĞERLER A.Ş. - Pay Alım Teklifi Bilgi Formu,"Pay Alım Teklifi Bilgi Formu Pergamon Status Dış Ticaret A.Ş. Pay Sahiplerine Zorunlu Pay Alım Teklifi Hk. HEDEF, PSDTC",https://www.kap.org.tr/tr/Bildirim/1492154,tr,2025-09-23T16:33:26+00:00
2025-09-23,INFO,KAP,İNFO YATIRIM MENKUL DEĞERLER A.Ş. - Özel Durum Açıklaması (Genel),Özel Durum Açıklaması (Genel) Sermaye Yapısı Değişikliği Hakkında İzin Başvurusu HEDEF,https://www.kap.org.tr/tr/Bildirim/1491951,tr,2025-09-23T09:17:22+00:00
2025-09-23,INVAZ,KAP,INVEST-AZ YATIRIM MENKUL DEĞERLER A.Ş. - Pay Dışında Sermaye Piyasası Aracı İşlemlerine İlişkin Bildirim (Faiz İçeren),Pay Dışında Sermaye Piyasası Aracı İşlemlerine İlişkin Bildirim (Faiz İçeren) Borçlanma Aracı İhracı hk. (Talep toplama),https://www.kap.org.tr/tr/Bildirim/1492114,tr,2025-09-23T15:16:44+00:00
2025-09-23,ISATR,KAP,TÜRKİYE İŞ BANKASI A.Ş. - Pay Dışında Sermaye Piyasası Aracı İşlemlerine İlişkin Bildirim (Faiz İçeren),Pay Dışında Sermaye Piyasası Aracı İşlemlerine İlişkin Bildirim (Faiz İçeren) Yurt Dışında Katkı Sermayeye Dâhil Edilebilir Borçlanma Aracı İhracı SPK Onayı,https://www.kap.org.tr/tr/Bildirim/1492222,tr,2025-09-23T17:40:59+00:00
2025-09-23,ISATR,KAP,TÜRKİYE İŞ BANKASI A.Ş. - Pay Dışında Sermaye Piyasası Aracı İşlemlerine İlişkin Bildirim (Faiz İçeren),Pay Dışında Sermaye Piyasası Aracı İşlemlerine İlişkin Bildirim (Faiz İçeren) Yurt Dışında Katkı Sermayeye Dâhil Edilebilir Borçlanma Aracı İhracı Hakkında,https://www.kap.org.tr/tr/Bildirim/1492000,tr,2025-09-23T11:01:57+00:00
2025-09-23,ISBTR,KAP,TÜRKİYE İŞ BANKASI A.Ş. - Pay Dışında Sermaye Piyasası Aracı İşlemlerine İlişkin Bildirim (Faiz İçeren),Pay Dışında Sermaye Piyasası Aracı İşlemlerine İlişkin Bildirim (Faiz İçeren) Yurt Dışında Katkı Sermayeye Dâhil Edilebilir Borçlanma Aracı İhracı SPK Onayı,https://www.kap.org.tr/tr/Bildirim/1492222,tr,2025-09-23T17:40:59+00:00
2025-09-23,ISBTR,KAP,TÜRKİYE İŞ BANKASI A.Ş. - Pay Dışında Sermaye Piyasası Aracı İşlemlerine İlişkin Bildirim (Faiz İçeren),Pay Dışında Sermaye Piyasası Aracı İşlemlerine İlişkin Bildirim (Faiz İçeren) Yurt Dışında Katkı Sermayeye Dâhil Edilebilir Borçlanma Aracı İhracı Hakkında,https://www.kap.org.tr/tr/Bildirim/1492000,tr,2025-09-23T11:01:57+00:00
2025-09-23,ISCTR,KAP,TÜRKİYE İŞ BANKASI A.Ş. - Pay Dışında Sermaye Piyasası Aracı İşlemlerine İlişkin Bildirim (Faiz İçeren),Pay Dışında Sermaye Piyasası Aracı İşlemlerine İlişkin Bildirim (Faiz İçeren) Yurt Dışında Katkı Sermayeye Dâhil Edilebilir Borçlanma Aracı İhracı SPK Onayı,https://www.kap.org.tr/tr/Bildirim/1492222,tr,2025-09-23T17:40:59+00:00
2025-09-23,ISCTR,KAP,TÜRKİYE İŞ BANKASI A.Ş. - Pay Dışında Sermaye Piyasası Aracı İşlemlerine İlişkin Bildirim (Faiz İçeren),Pay Dışında Sermaye Piyasası Aracı İşlemlerine İlişkin Bildirim (Faiz İçeren) Yurt Dışında Katkı Sermayeye Dâhil Edilebilir Borçlanma Aracı İhracı Hakkında,https://www.kap.org.tr/tr/Bildirim/1492000,tr,2025-09-23T11:01:57+00:00
2025-09-23,ISKUR,KAP,TÜRKİYE İŞ BANKASI A.Ş. - Pay Dışında Sermaye Piyasası Aracı İşlemlerine İlişkin Bildirim (Faiz İçeren),Pay Dışında Sermaye Piyasası Aracı İşlemlerine İlişkin Bildirim (Faiz İçeren) Yurt Dışında Katkı Sermayeye Dâhil Edilebilir Borçlanma Aracı İhracı SPK Onayı,https://www.kap.org.tr/tr/Bildirim/1492222,tr,2025-09-23T17:40:59+00:00
2025-09-23,ISKUR,KAP,TÜRKİYE İŞ BANKASI A.Ş. - Pay Dışında Sermaye Piyasası Aracı İşlemlerine İlişkin Bildirim (Faiz İçeren),Pay Dışında Sermaye Piyasası Aracı İşlemlerine İlişkin Bildirim (Faiz İçeren) Yurt Dışında Katkı Sermayeye Dâhil Edilebilir Borçlanma Aracı İhracı Hakkında,https://www.kap.org.tr/tr/Bildirim/1492000,tr,2025-09-23T11:01:57+00:00
2025-09-23,ISMEN,KAP,İŞ YATIRIM MENKUL DEĞERLER A.Ş. - Yatırım Kuruluşu Varant - Sertifika - Senetlerine İlişkin Bildirim,Yatırım Kuruluşu Varant - Sertifika - Senetlerine İlişkin Bildirim İş Yatırım Sertifika ve Varant Alım Satım İşlemleri,https://www.kap.org.tr/tr/Bildirim/1492082,tr,2025-09-23T14:05:45+00:00
2025-09-23,ISMEN,KAP,İŞ YATIRIM MENKUL DEĞERLER A.Ş. - Piyasa Yapıcılığı Kapsamında Gerçekleştirilen İşlemler Bildirimi,Piyasa Yapıcılığı Kapsamında Gerçekleştirilen İşlemler Bildirimi Borsa Yatırım Fonu Piyasa Yapıcılığı İşlemleri ISGLK,https://www.kap.org.tr/tr/Bildirim/1492080,tr,2025-09-23T14:03:15+00:00
2025-09-23,ISTFK,KAP,İSTANBUL FAKTORİNG A.Ş. - İhraç Belgesi,İhraç Belgesi İHRAÇ BELGESİ,https://www.kap.org.tr/tr/Bildirim/1492075,tr,2025-09-23T13:36:40+00:00
2025-09-23,ISYAT,KAP,İŞ YATIRIM ORTAKLIĞI A.Ş. - Özel Durum Açıklaması (Genel),"Özel Durum Açıklaması (Genel) Ortaklık paylarının BİAŞ'ta oluşan ağırlıklı ortalama fiyatının, pay başına net aktif değerinin 2 katını aşması hakkında",https://www.kap.org.tr/tr/Bildirim/1492059,tr,2025-09-23T12:54:51+00:00
2025-09-23,IYF,KAP,İNFO YATIRIM MENKUL DEĞERLER A.Ş. - Pay Alım Teklifi Bilgi Formu,"Pay Alım Teklifi Bilgi Formu Pergamon Status Dış Ticaret A.Ş. Pay Sahiplerine Zorunlu Pay Alım Teklifi Hk. HEDEF, PSDTC",https://www.kap.org.tr/tr/Bildirim/1492154,tr,2025-09-23T16:33:26+00:00
2025-09-23,IYF,KAP,İNFO YATIRIM MENKUL DEĞERLER A.Ş. - Özel Durum Açıklaması (Genel),Özel Durum Açıklaması (Genel) Sermaye Yapısı Değişikliği Hakkında İzin Başvurusu HEDEF,https://www.kap.org.tr/tr/Bildirim/1491951,tr,2025-09-23T09:17:22+00:00
2025-09-23,IYM,KAP,İŞ YATIRIM MENKUL DEĞERLER A.Ş. - Yatırım Kuruluşu Varant - Sertifika - Senetlerine İlişkin Bildirim,Yatırım Kuruluşu Varant - Sertifika - Senetlerine İlişkin Bildirim İş Yatırım Sertifika ve Varant Alım Satım İşlemleri,https://www.kap.org.tr/tr/Bildirim/1492082,tr,2025-09-23T14:05:45+00:00
2025-09-23,IYM,KAP,İŞ YATIRIM MENKUL DEĞERLER A.Ş. - Piyasa Yapıcılığı Kapsamında Gerçekleştirilen İşlemler Bildirimi,Piyasa Yapıcılığı Kapsamında Gerçekleştirilen İşlemler Bildirimi Borsa Yatırım Fonu Piyasa Yapıcılığı İşlemleri ISGLK,https://www.kap.org.tr/tr/Bildirim/1492080,tr,2025-09-23T14:03:15+00:00
2025-09-23,KAREL,KAP,KAREL ELEKTRONİK SANAYİ VE TİCARET A.Ş. - Şirket Genel Bilgi Formu,Şirket Genel Bilgi Formu,https://www.kap.org.tr/tr/Bildirim/1492112,tr,2025-09-23T15:14:30+00:00
2025-09-23,KATMR,KAP,KATMERCİLER ARAÇ ÜSTÜ EKİPMAN SANAYİ VE TİCARET A.Ş. - Kredi Derecelendirmesi,Kredi Derecelendirmesi KREDİ DERECELENDİRME BİLDİRİMİ,https://www.kap.org.tr/tr/Bildirim/1492295,tr,2025-09-23T18:30:49+00:00
2025-09-23,KBORU,KAP,KUZEY BORU A.Ş. - İhale Süreci / Sonucu,İhale Süreci / Sonucu İhale Süreci Bildirimi,https://www.kap.org.tr/tr/Bildirim/1492124,tr,2025-09-23T15:44:48+00:00
2025-09-23,KFEIN,KAP,KAFEİN YAZILIM HİZMETLERİ TİCARET A.Ş. - Özel Durum Açıklaması (Genel),Özel Durum Açıklaması (Genel) Veri Güvenliği Ürünlerimiz DataTouch ve DataSkope a İlişkin Sözleşme İmzalanması,https://www.kap.org.tr/tr/Bildirim/1492170,tr,2025-09-23T16:43:09+00:00
2025-09-23,KIMMR,KAP,ERSAN ALIŞVERİŞ HİZMETLERİ VE GIDA SANAYİ TİCARET A.Ş. - Maddi Duran Varlık Alımı,Maddi Duran Varlık Alımı Maddi Duran Varlık Alımı Hk.,https://www.kap.org.tr/tr/Bildirim/1492313,tr,2025-09-23T20:56:56+00:00
2025-09-23,KLN,KAP,TÜRKİYE KALKINMA VE YATIRIM BANKASI A.Ş. - Pay Dışında Sermaye Piyasası Aracı İşlemlerine İlişkin Bildirim (Faiz İçeren),Pay Dışında Sermaye Piyasası Aracı İşlemlerine İlişkin Bildirim (Faiz İçeren) Sürdürülebilir Borçlanma Aracı Kupon Ödemesi,https://www.kap.org.tr/tr/Bildirim/1492151,tr,2025-09-23T16:26:27+00:00
2025-09-23,KLNMA,KAP,TÜRKİYE KALKINMA VE YATIRIM BANKASI A.Ş. - Pay Dışında Sermaye Piyasası Aracı İşlemlerine İlişkin Bildirim (Faiz İçeren),Pay Dışında Sermaye Piyasası Aracı İşlemlerine İlişkin Bildirim (Faiz İçeren) Sürdürülebilir Borçlanma Aracı Kupon Ödemesi,https://www.kap.org.tr/tr/Bildirim/1492151,tr,2025-09-23T16:26:27+00:00
2025-09-23,KLRHO,KAP,KİLER HOLDİNG A.Ş. - Özel Durum Açıklaması (Genel),Özel Durum Açıklaması (Genel) İştirakimiz Hakkında Bilgilendirme ARASE,https://www.kap.org.tr/tr/Bildirim/1491953,tr,2025-09-23T09:19:22+00:00
2025-09-23,KOCMT,KAP,KOÇ METALURJİ A.Ş. - Sermaye Artırımı - Azaltımı İşlemlerine İlişkin Bildirim,Sermaye Artırımı - Azaltımı İşlemlerine İlişkin Bildirim Bedelsiz Sermaye Artırımı Hak Kullanım Başlangıç Tarihinin Belirlenmesi Pay Grubu Bilgisinın revize edilmesi,https://www.kap.org.tr/tr/Bildirim/1491981,tr,2025-09-23T10:09:33+00:00
2025-09-23,KOCMT,KAP,KOÇ METALURJİ A.Ş. - Sermaye Artırımı - Azaltımı İşlemlerine İlişkin Bildirim,Sermaye Artırımı - Azaltımı İşlemlerine İlişkin Bildirim Bedelsiz Sermaye Artırımı Hak Kullanım Başlangıç Tarihinin Belirlenmesi,https://www.kap.org.tr/tr/Bildirim/1491963,tr,2025-09-23T09:33:13+00:00
2025-09-23,KRDMA,KAP,KARDEMİR KARABÜK DEMİR ÇELİK SANAYİ VE TİCARET A.Ş. - Özel Durum Açıklaması (Genel),Özel Durum Açıklaması (Genel) Satış Duyurusu Hk.,https://www.kap.org.tr/tr/Bildirim/1492269,tr,2025-09-23T18:12:41+00:00
2025-09-23,KRDMB,KAP,KARDEMİR KARABÜK DEMİR ÇELİK SANAYİ VE TİCARET A.Ş. - Özel Durum Açıklaması (Genel),Özel Durum Açıklaması (Genel) Satış Duyurusu Hk.,https://www.kap.org.tr/tr/Bildirim/1492269,tr,2025-09-23T18:12:41+00:00
2025-09-23,KRDMD,KAP,KARDEMİR KARABÜK DEMİR ÇELİK SANAYİ VE TİCARET A.Ş. - Özel Durum Açıklaması (Genel),Özel Durum Açıklaması (Genel) Satış Duyurusu Hk.,https://www.kap.org.tr/tr/Bildirim/1492269,tr,2025-09-23T18:12:41+00:00
2025-09-23,KRSTL,KAP,KRİSTAL KOLA VE MEŞRUBAT SANAYİ TİCARET A.Ş. - Özel Durum Açıklaması (Genel),Özel Durum Açıklaması (Genel) Kırıkkale PET Hattı Yatırımı Hk.,https://www.kap.org.tr/tr/Bildirim/1492288,tr,2025-09-23T18:25:09+00:00
2025-09-23,KTSVK,KAP,KT SUKUK VARLIK KİRALAMA A.Ş. - Pay Dışında Sermaye Piyasası Aracı İşlemlerine İlişkin Bildirim (Faizsiz),Pay Dışında Sermaye Piyasası Aracı İşlemlerine İlişkin Bildirim (Faizsiz) TRDKTSK92560 ISIN Kodlu Kira Sertifikası Kupon ve Anapara Ödeme İşlemi Hk. TMSN,https://www.kap.org.tr/tr/Bildirim/1492140,tr,2025-09-23T16:03:25+00:00
2025-09-23,KTSVK,KAP,KT SUKUK VARLIK KİRALAMA A.Ş. - Pay Dışında Sermaye Piyasası Aracı İşlemlerine İlişkin Bildirim (Faizsiz),Pay Dışında Sermaye Piyasası Aracı İşlemlerine İlişkin Bildirim (Faizsiz) TRDKTSKA2598 ISIN Kodlu Yurtiçi Kira Sertifikası İhracının Nitelikli Yatırımcıya Satışının Tamamlanması Hk. TMSN,https://www.kap.org.tr/tr/Bildirim/1491983,tr,2025-09-23T10:15:53+00:00
2025-09-23,LINK,KAP,LİNK BİLGİSAYAR SİSTEMLERİ YAZILIMI VE DONANIMI SANAYİ VE TİCARET A.Ş. - Özel Durum Açıklaması (Genel),Özel Durum Açıklaması (Genel) Eskişehir Emniyet Müdürlüğü KGYS ve ÇGKS Mal Alımı işleminin tamamlanması hk.,https://www.kap.org.tr/tr/Bildirim/1492299,tr,2025-09-23T18:41:47+00:00
2025-09-23,LINK,KAP,LİNK BİLGİSAYAR SİSTEMLERİ YAZILIMI VE DONANIMI SANAYİ VE TİCARET A.Ş. - Özel Durum Açıklaması (Genel),Özel Durum Açıklaması (Genel) Olağan dışı fiyat hareketleri hk.,https://www.kap.org.tr/tr/Bildirim/1492070,tr,2025-09-23T13:15:53+00:00
2025-09-23,LKMNH,KAP,LOKMAN HEKİM ENGÜRÜSAĞ SAĞLIK TURİZM EĞİTİM HİZMETLERİ VE İNŞAAT TAAHHÜT A.Ş. - Payların Geri Alınmasına İlişkin Bildirim,Payların Geri Alınmasına İlişkin Bildirim Hisse Geri Alımı,https://www.kap.org.tr/tr/Bildirim/1492301,tr,2025-09-23T18:45:52+00:00
2025-09-23,MAVI,KAP,MAVİ GİYİM SANAYİ VE TİCARET A.Ş. - Payların Geri Alınmasına İlişkin Bildirim,Payların Geri Alınmasına İlişkin Bildirim 23.09.2025 Tarihli Pay Geri Alım İşlemleri,https://www.kap.org.tr/tr/Bildirim/1492297,tr,2025-09-23T18:38:56+00:00
2025-09-23,MERKO,KAP,MERKO GIDA SANAYİ VE TİCARET A.Ş. - Pay Alım Satım Bildirimi,Pay Alım Satım Bildirimi Pay Satım Bildirimi Hk. FRIGO,https://www.kap.org.tr/tr/Bildirim/1492339,tr,2025-09-23T22:35:42+00:00
2025-09-23,MERKO,KAP,MERKO GIDA SANAYİ VE TİCARET A.Ş. - Sermaye Artırımı - Azaltımı İşlemlerine İlişkin Bildirim,Sermaye Artırımı - Azaltımı İşlemlerine İlişkin Bildirim Tahsisli Sermaye Artışı Kararımızın Olumlu Sonuçlanması Hk.,https://www.kap.org.tr/tr/Bildirim/1491945,tr,2025-09-23T09:12:43+00:00
2025-09-23,MHRGY,KAP,MHR GAYRİMENKUL YATIRIM ORTAKLIĞI A.Ş. - Şirket Genel Bilgi Formu,Şirket Genel Bilgi Formu,https://www.kap.org.tr/tr/Bildirim/1492261,tr,2025-09-23T18:08:21+00:00
2025-09-23,MHRGY,KAP,MHR GAYRİMENKUL YATIRIM ORTAKLIĞI A.Ş. - Esas Sözleşme,Esas Sözleşme Şirketimiz Esas Sözleşmesi hk.,https://www.kap.org.tr/tr/Bildirim/1492255,tr,2025-09-23T17:59:09+00:00
2025-09-23,MHRGY,KAP,MHR GAYRİMENKUL YATIRIM ORTAKLIĞI A.Ş. - Sermaye Artırımı - Azaltımı İşlemlerine İlişkin Bildirim,Sermaye Artırımı - Azaltımı İşlemlerine İlişkin Bildirim Şirketimiz İç Kaynaklardan Bedelsiz Sermaye Artışı Tescili hk.,https://www.kap.org.tr/tr/Bildirim/1492254,tr,2025-09-23T17:58:57+00:00
2025-09-23,MRBAS,KAP,MARBAŞ MENKUL DEĞERLER A.Ş. - Likidite Sağlayıcılık Kapsamındaki İşlemler,Likidite Sağlayıcılık Kapsamındaki İşlemler ÖZSU BALIK ÜRETİM A.Ş. (OZSUB) Paylarında Likidite Sağlayıcılık Kapsamında Gerçekleştirilen İşlemler OZSUB,https://www.kap.org.tr/tr/Bildirim/1492089,tr,2025-09-23T14:16:46+00:00
2025-09-23,MRBAS,KAP,MARBAŞ MENKUL DEĞERLER A.Ş. - Pay Dışında Sermaye Piyasası Aracı İşlemlerine İlişkin Bildirim (Faiz İçeren),Pay Dışında Sermaye Piyasası Aracı İşlemlerine İlişkin Bildirim (Faiz İçeren) Finansman Bonosu Kupon Ödemesi Hk.,https://www.kap.org.tr/tr/Bildirim/1492051,tr,2025-09-23T12:28:06+00:00
2025-09-23,MRS,KAP,MARBAŞ MENKUL DEĞERLER A.Ş. - Likidite Sağlayıcılık Kapsamındaki İşlemler,Likidite Sağlayıcılık Kapsamındaki İşlemler ÖZSU BALIK ÜRETİM A.Ş. (OZSUB) Paylarında Likidite Sağlayıcılık Kapsamında Gerçekleştirilen İşlemler OZSUB,https://www.kap.org.tr/tr/Bildirim/1492089,tr,2025-09-23T14:16:46+00:00
2025-09-23,MRS,KAP,MARBAŞ MENKUL DEĞERLER A.Ş. - Pay Dışında Sermaye Piyasası Aracı İşlemlerine İlişkin Bildirim (Faiz İçeren),Pay Dışında Sermaye Piyasası Aracı İşlemlerine İlişkin Bildirim (Faiz İçeren) Finansman Bonosu Kupon Ödemesi Hk.,https://www.kap.org.tr/tr/Bildirim/1492051,tr,2025-09-23T12:28:06+00:00
2025-09-23,NUGYO,KAP,NUROL GAYRİMENKUL YATIRIM ORTAKLIĞI A.Ş. - Özel Durum Açıklaması (Genel),Özel Durum Açıklaması (Genel) Adi Ortaklık Kurulması Hakkında,https://www.kap.org.tr/tr/Bildirim/1492286,tr,2025-09-23T18:23:02+00:00
2025-09-23,NURVK,KAP,NUROL VARLIK KİRALAMA A.Ş. - Pay Dışında Sermaye Piyasası Aracı İşlemlerine İlişkin Bildirim (Faizsiz),Pay Dışında Sermaye Piyasası Aracı İşlemlerine İlişkin Bildirim (Faizsiz) TRDNVKA92717 ISIN Kodlu Kira Sertifikasının Satışının Tamamlanması,https://www.kap.org.tr/tr/Bildirim/1491998,tr,2025-09-23T10:51:57+00:00
2025-09-23,ONRYT,KAP,ONUR YÜKSEK TEKNOLOJİ A.Ş. - Kredi Derecelendirmesi,Kredi Derecelendirmesi Kredi Derecelendirme Sözleşmesi Hakkında,https://www.kap.org.tr/tr/Bildirim/1492155,tr,2025-09-23T16:33:30+00:00
2025-09-23,ORGE,KAP,ORGE ENERJİ ELEKTRİK TAAHHÜT A.Ş. - Özel Durum Açıklaması (Genel),Özel Durum Açıklaması (Genel) Analist Sunumu hakkında,https://www.kap.org.tr/tr/Bildirim/1492086,tr,2025-09-23T14:08:53+00:00
2025-09-23,OSTIM,KAP,OSTİM ENDÜSTRİYEL YATIRIMLAR VE İŞLETME A.Ş. - Özel Durum Açıklaması (Genel),Özel Durum Açıklaması (Genel) Geçmiş Dönemde Şirkemizde Yapılan Usulsüzlükle İlgili Mahkeme Sonucu Hk.,https://www.kap.org.tr/tr/Bildirim/1492144,tr,2025-09-23T16:09:58+00:00
2025-09-23,OYA,KAP,OYAK YATIRIM MENKUL DEĞERLER A.Ş. - Şirket Genel Bilgi Formu,Şirket Genel Bilgi Formu,https://www.kap.org.tr/tr/Bildirim/1492306,tr,2025-09-23T19:02:40+00:00
2025-09-23,OYA,KAP,OYAK YATIRIM MENKUL DEĞERLER A.Ş. - Piyasa Yapıcılığı Kapsamında Gerçekleştirilen İşlemler Bildirimi,Piyasa Yapıcılığı Kapsamında Gerçekleştirilen İşlemler Bildirimi 23/09/2025 TARİHLİ OYAYO PİYASA YAPICILIĞI İŞLEMLERİ OYAYO,https://www.kap.org.tr/tr/Bildirim/1492296,tr,2025-09-23T18:31:27+00:00
2025-09-23,OYAYO,KAP,OYAK YATIRIM ORTAKLIĞI A.Ş. - Özel Durum Açıklaması (Genel),"Özel Durum Açıklaması (Genel) Ortaklık paylarının BİAŞ'ta oluşan ağırlıklı ortalama fiyatının, pay başına net aktif değerinin 2 katını aşması hakkında",https://www.kap.org.tr/tr/Bildirim/1492055,tr,2025-09-23T12:38:46+00:00
2025-09-23,OYYAT,KAP,OYAK YATIRIM MENKUL DEĞERLER A.Ş. - Şirket Genel Bilgi Formu,Şirket Genel Bilgi Formu,https://www.kap.org.tr/tr/Bildirim/1492306,tr,2025-09-23T19:02:40+00:00
2025-09-23,OYYAT,KAP,OYAK YATIRIM MENKUL DEĞERLER A.Ş. - Piyasa Yapıcılığı Kapsamında Gerçekleştirilen İşlemler Bildirimi,Piyasa Yapıcılığı Kapsamında Gerçekleştirilen İşlemler Bildirimi 23/09/2025 TARİHLİ OYAYO PİYASA YAPICILIĞI İŞLEMLERİ OYAYO,https://www.kap.org.tr/tr/Bildirim/1492296,tr,2025-09-23T18:31:27+00:00
2025-09-23,OZATD,KAP,ÖZATA DENİZCİLİK SANAYİ VE TİCARET A.Ş. - Şirket Genel Bilgi Formu,Şirket Genel Bilgi Formu,https://www.kap.org.tr/tr/Bildirim/1492201,tr,2025-09-23T17:03:38+00:00
2025-09-23,OZATD,KAP,ÖZATA DENİZCİLİK SANAYİ VE TİCARET A.Ş. - Yeni İş İlişkisi,Yeni İş İlişkisi YENİ İŞ İLİŞKİSİ,https://www.kap.org.tr/tr/Bildirim/1492195,tr,2025-09-23T16:54:47+00:00
2025-09-23,OZSUB,KAP,ÖZSU BALIK ÜRETİM A.Ş. - Kayıtlı Sermaye Tavanı İşlemlerine İlişkin Bildirim,Kayıtlı Sermaye Tavanı İşlemlerine İlişkin Bildirim Kayıtlı Sermaye Tavanı Artırımı,https://www.kap.org.tr/tr/Bildirim/1492090,tr,2025-09-23T14:21:21+00:00
2025-09-23,PCILT,KAP,PC İLETİŞİM VE MEDYA HİZMETLERİ SANAYİ TİCARET A.Ş. - Payların Geri Alınmasına İlişkin Bildirim,Payların Geri Alınmasına İlişkin Bildirim 23.09.2025 Tarihli Pay Geri Alım İşlemleri,https://www.kap.org.tr/tr/Bildirim/1492341,tr,2025-09-23T22:55:43+00:00
2025-09-23,PNLSN,KAP,PANELSAN ÇATI CEPHE SİSTEMLERİ SANAYİ VE TİCARET A.Ş. - Payların Geri Alınmasına İlişkin Bildirim,Payların Geri Alınmasına İlişkin Bildirim Payların Geri Alınması İşlemlerine İlişkin Bildirim hk.,https://www.kap.org.tr/tr/Bildirim/1492342,tr,2025-09-23T23:08:53+00:00
2025-09-23,PRZMA,KAP,PRİZMA PRES MATBAACILIK YAYINCILIK SANAYİ VE TİCARET A.Ş. - Sermaye Artırımı - Azaltımı İşlemlerine İlişkin Bildirim,Sermaye Artırımı - Azaltımı İşlemlerine İlişkin Bildirim Satış Fiyatının ve Nihai Artırım Tutarının Belirlenmesi ile İhraç Belgesinin Onaylanması İçin SPK'ya Başvurulması,https://www.kap.org.tr/tr/Bildirim/1492271,tr,2025-09-23T18:12:47+00:00
2025-09-23,QNBTR,KAP,QNB BANK A.Ş. - Pay Dışında Sermaye Piyasası Aracı İşlemlerine İlişkin Bildirim (Faiz İçeren),Pay Dışında Sermaye Piyasası Aracı İşlemlerine İlişkin Bildirim (Faiz İçeren) MTN programı kapsamında yurtdışında ihraç edilen borçlanma aracının ihracı,https://www.kap.org.tr/tr/Bildirim/1492037,tr,2025-09-23T11:39:32+00:00
2025-09-23,QNBTR,KAP,QNB BANK A.Ş. - Pay Dışında Sermaye Piyasası Aracı İşlemlerine İlişkin Bildirim (Faiz İçeren),Pay Dışında Sermaye Piyasası Aracı İşlemlerine İlişkin Bildirim (Faiz İçeren) MTN programı kapsamında yurtdışında ihraç edilen borçlanma aracının ihracı,https://www.kap.org.tr/tr/Bildirim/1492036,tr,2025-09-23T11:39:10+00:00
2025-09-23,REEDR,KAP,REEDER TEKNOLOJİ SANAYİ VE TİCARET A.Ş. - Sermaye Artırımı - Azaltımı İşlemlerine İlişkin Bildirim,Sermaye Artırımı - Azaltımı İşlemlerine İlişkin Bildirim Bedelsiz Sermaye Artırımı Hk.,https://www.kap.org.tr/tr/Bildirim/1492343,tr,2025-09-23T23:11:42+00:00
2025-09-23,SANFM,KAP,SANİFOAM ENDÜSTRİ VE TÜKETİM ÜRÜNLERİ SANAYİ TİCARET A.Ş. - Sermaye Artırımı - Azaltımı İşlemlerine İlişkin Bildirim,Sermaye Artırımı - Azaltımı İşlemlerine İlişkin Bildirim Bedelsiz Sermaye Artırımı SPK İhraç Belgesi Hk.,https://www.kap.org.tr/tr/Bildirim/1492042,tr,2025-09-23T11:58:55+00:00
2025-09-23,SILVR,KAP,SİLVERLİNE ENDÜSTRİ VE TİCARET A.Ş. - İhraç Belgesi,İhraç Belgesi İhraç Belgesinin Onaylanması,https://www.kap.org.tr/tr/Bildirim/1492108,tr,2025-09-23T15:09:05+00:00
2025-09-23,SMART,KAP,SMARTİKS YAZILIM A.Ş. - Kayıtlı Sermaye Tavanı İşlemlerine İlişkin Bildirim,Kayıtlı Sermaye Tavanı İşlemlerine İlişkin Bildirim Kayıtlı Sermaye Tavanının Güncellenmesine İlişkin SPK Onayı Hk.,https://www.kap.org.tr/tr/Bildirim/1492091,tr,2025-09-23T14:22:44+00:00
2025-09-23,SRVGY,KAP,SERVET GAYRİMENKUL YATIRIM ORTAKLIĞI A.Ş. - Özel Durum Açıklaması (Genel),Özel Durum Açıklaması (Genel) Yönetim Kurulu Komitelerinin Oluşturulması Hakkında,https://www.kap.org.tr/tr/Bildirim/1492087,tr,2025-09-23T14:09:53+00:00
2025-09-23,SRVGY,KAP,SERVET GAYRİMENKUL YATIRIM ORTAKLIĞI A.Ş. - Kurumsal Yönetim Bilgi Formu (Güncelleme) - Yönetim Kurulu-3,Kurumsal Yönetim Bilgi Formu (Güncelleme) - Yönetim Kurulu-3 Kurumsal Yönetim Bilgi Formu - III Güncelleme,https://www.kap.org.tr/tr/Bildirim/1492054,tr,2025-09-23T12:36:03+00:00
2025-09-23,SRVGY,KAP,SERVET GAYRİMENKUL YATIRIM ORTAKLIĞI A.Ş. - Kurumsal Yönetim Bilgi Formu (Güncelleme) - Yönetim Kurulu-2,Kurumsal Yönetim Bilgi Formu (Güncelleme) - Yönetim Kurulu-2 Yönetim Kurulu - II Güncelleme,https://www.kap.org.tr/tr/Bildirim/1492052,tr,2025-09-23T12:30:56+00:00
2025-09-23,SRVGY,KAP,SERVET GAYRİMENKUL YATIRIM ORTAKLIĞI A.Ş. - Kurumsal Yönetim Bilgi Formu (Güncelleme) - Yönetim Kurulu-1,Kurumsal Yönetim Bilgi Formu (Güncelleme) - Yönetim Kurulu-1 Yönetim Kurulu - I,https://www.kap.org.tr/tr/Bildirim/1492050,tr,2025-09-23T12:24:31+00:00
2025-09-23,TAMFA,KAP,TAM FİNANS FAKTORİNG A.Ş. - Pay Dışında Sermaye Piyasası Aracı İşlemlerine İlişkin Bildirim (Faiz İçeren),Pay Dışında Sermaye Piyasası Aracı İşlemlerine İlişkin Bildirim (Faiz İçeren) Tam Finans Faktoring A.Ş. Finansman Bonosu İhracının Tamamlanması Hk.,https://www.kap.org.tr/tr/Bildirim/1492243,tr,2025-09-23T17:49:09+00:00
2025-09-23,TBORG,KAP,TÜRK TUBORG BİRA VE MALT SANAYİİ A.Ş. - Finansal Duran Varlık Edinimi,Finansal Duran Varlık Edinimi Antalya Alkollü ve Alkolsüz İçecek Sanayi ve Ticaret A.Ş. Hisselerinin Devralınmasına İlişkin Rekabet Kurulu İzni,https://www.kap.org.tr/tr/Bildirim/1492280,tr,2025-09-23T18:16:57+00:00
2025-09-23,TCKRC,KAP,KIRAÇ GALVANİZ TELEKOMİNİKASYON METAL MAKİNE İNŞAAT ELEKTRİK SANAYİ VE TİCARET A.Ş. - Kredi Derecelendirmesi,Kredi Derecelendirmesi Kredi Derecelendirme Notu,https://www.kap.org.tr/tr/Bildirim/1492287,tr,2025-09-23T18:23:49+00:00
2025-09-23,TGB,KAP,TÜRKİYE GARANTİ BANKASI A.Ş. - Şirket Genel Bilgi Formu,Şirket Genel Bilgi Formu,https://www.kap.org.tr/tr/Bildirim/1492203,tr,2025-09-23T17:12:59+00:00
2025-09-23,TIB,KAP,TÜRKİYE İŞ BANKASI A.Ş. - Pay Dışında Sermaye Piyasası Aracı İşlemlerine İlişkin Bildirim (Faiz İçeren),Pay Dışında Sermaye Piyasası Aracı İşlemlerine İlişkin Bildirim (Faiz İçeren) Yurt Dışında Katkı Sermayeye Dâhil Edilebilir Borçlanma Aracı İhracı SPK Onayı,https://www.kap.org.tr/tr/Bildirim/1492222,tr,2025-09-23T17:40:59+00:00
2025-09-23,TIB,KAP,TÜRKİYE İŞ BANKASI A.Ş. - Pay Dışında Sermaye Piyasası Aracı İşlemlerine İlişkin Bildirim (Faiz İçeren),Pay Dışında Sermaye Piyasası Aracı İşlemlerine İlişkin Bildirim (Faiz İçeren) Yurt Dışında Katkı Sermayeye Dâhil Edilebilir Borçlanma Aracı İhracı Hakkında,https://www.kap.org.tr/tr/Bildirim/1492000,tr,2025-09-23T11:01:57+00:00
2025-09-23,TIMUR,KAP,TİMUR GAYRİMENKUL GELİŞTİRME YAPI VE YATIRIM A.Ş. - Pay Dışında Sermaye Piyasası Aracı İşlemlerine İlişkin Bildirim (Faiz İçeren),Pay Dışında Sermaye Piyasası Aracı İşlemlerine İlişkin Bildirim (Faiz İçeren) TRFTIMG32616 ISIN Kodlu 178 Gün Vadeli Borçlanma Aracı İhracı,https://www.kap.org.tr/tr/Bildirim/1492085,tr,2025-09-23T14:08:14+00:00
2025-09-23,TKFEN,KAP,TEKFEN HOLDİNG A.Ş. - Özel Durum Açıklaması (Genel),Özel Durum Açıklaması (Genel) ARY Holding AŞ tarafından açılan yönetim kurulu üyelerinin seçiminin iptali davasında mahkeme seçim kararının yürütülmesinin durdurulması talebini ret etmiştir.,https://www.kap.org.tr/tr/Bildirim/1492337,tr,2025-09-23T22:02:42+00:00
2025-09-23,TKFEN,KAP,TEKFEN HOLDİNG A.Ş. - Özel Durum Açıklaması (Genel),Özel Durum Açıklaması (Genel) Yönetim Kurulu Üyeliğine Atama,https://www.kap.org.tr/tr/Bildirim/1492336,tr,2025-09-23T22:01:51+00:00
2025-09-23,TMPOL,KAP,TEMAPOL POLİMER PLASTİK VE İNŞAAT SANAYİ TİCARET A.Ş. - Şirket Genel Bilgi Formu,Şirket Genel Bilgi Formu,https://www.kap.org.tr/tr/Bildirim/1492267,tr,2025-09-23T18:11:41+00:00
2025-09-23,TRMEN,KAP,TRIVE YATIRIM MENKUL DEĞERLER A.Ş. - Pay Dışında Sermaye Piyasası Aracı İşlemlerine İlişkin Bildirim (Faiz İçeren),Pay Dışında Sermaye Piyasası Aracı İşlemlerine İlişkin Bildirim (Faiz İçeren) TRFISKM92515 ISIN Kodlu Bono İtfası,https://www.kap.org.tr/tr/Bildirim/1492077,tr,2025-09-23T13:47:58+00:00
2025-09-23,TRMEN,KAP,TRIVE YATIRIM MENKUL DEĞERLER A.Ş. - Pay Dışında Sermaye Piyasası Aracı İşlemlerine İlişkin Bildirim (Faiz İçeren),Pay Dışında Sermaye Piyasası Aracı İşlemlerine İlişkin Bildirim (Faiz İçeren) Borçlanma Aracı İhracı - Satışın Tamamlanması,https://www.kap.org.tr/tr/Bildirim/1492044,tr,2025-09-23T12:02:47+00:00
2025-09-23,TRMEN,KAP,TRIVE YATIRIM MENKUL DEĞERLER A.Ş. - Pay Dışında Sermaye Piyasası Aracı İşlemlerine İlişkin Bildirim (Faiz İçeren),Pay Dışında Sermaye Piyasası Aracı İşlemlerine İlişkin Bildirim (Faiz İçeren) Borçlanma Aracı İhracı - Satışın Tamamlanması,https://www.kap.org.tr/tr/Bildirim/1492027,tr,2025-09-23T11:27:46+00:00
2025-09-23,TVM,KAP,TRIVE YATIRIM MENKUL DEĞERLER A.Ş. - Pay Dışında Sermaye Piyasası Aracı İşlemlerine İlişkin Bildirim (Faiz İçeren),Pay Dışında Sermaye Piyasası Aracı İşlemlerine İlişkin Bildirim (Faiz İçeren) TRFISKM92515 ISIN Kodlu Bono İtfası,https://www.kap.org.tr/tr/Bildirim/1492077,tr,2025-09-23T13:47:58+00:00
2025-09-23,TVM,KAP,TRIVE YATIRIM MENKUL DEĞERLER A.Ş. - Pay Dışında Sermaye Piyasası Aracı İşlemlerine İlişkin Bildirim (Faiz İçeren),Pay Dışında Sermaye Piyasası Aracı İşlemlerine İlişkin Bildirim (Faiz İçeren) Borçlanma Aracı İhracı - Satışın Tamamlanması,https://www.kap.org.tr/tr/Bildirim/1492044,tr,2025-09-23T12:02:47+00:00
2025-09-23,TVM,KAP,TRIVE YATIRIM MENKUL DEĞERLER A.Ş. - Pay Dışında Sermaye Piyasası Aracı İşlemlerine İlişkin Bildirim (Faiz İçeren),Pay Dışında Sermaye Piyasası Aracı İşlemlerine İlişkin Bildirim (Faiz İçeren) Borçlanma Aracı İhracı - Satışın Tamamlanması,https://www.kap.org.tr/tr/Bildirim/1492027,tr,2025-09-23T11:27:46+00:00
2025-09-23,ULKER,KAP,ÜLKER BİSKÜVİ SANAYİ A.Ş. - Kredi Derecelendirmesi,Kredi Derecelendirmesi JCR Eurasia Derecelendirmesine İlişkin Özel Durum Açıklaması,https://www.kap.org.tr/tr/Bildirim/1492279,tr,2025-09-23T18:16:39+00:00
2025-09-23,ULUFA,KAP,ULUSAL FAKTORİNG A.Ş. - Pay Dışında Sermaye Piyasası Aracı İşlemlerine İlişkin Bildirim (Faiz İçeren),Pay Dışında Sermaye Piyasası Aracı İşlemlerine İlişkin Bildirim (Faiz İçeren) Şirketimiz TRFULFK12624 ISIN Kodlu Değişken Faizli Borçlanma Aracımızın Kupon Ödemesine İlişkin Açıklama,https://www.kap.org.tr/tr/Bildirim/1492045,tr,2025-09-23T12:09:16+00:00
2025-09-23,USAK,KAP,UŞAK SERAMİK SANAYİ A.Ş. - Sermaye Artırımı - Azaltımı İşlemlerine İlişkin Bildirim,Sermaye Artırımı - Azaltımı İşlemlerine İlişkin Bildirim Bedelli Sermaye Artırımı Yönetim Kurulu Kararı,https://www.kap.org.tr/tr/Bildirim/1492264,tr,2025-09-23T18:11:06+00:00
2025-09-23,USAK,KAP,UŞAK SERAMİK SANAYİ A.Ş. - Esas Sözleşme,Esas Sözleşme Esas Sözleşme,https://www.kap.org.tr/tr/Bildirim/1492137,tr,2025-09-23T15:54:03+00:00
2025-09-23,VAKFA,KAP,VAKIF FAKTORİNG A.Ş. - Şirket Genel Bilgi Formu,Şirket Genel Bilgi Formu,https://www.kap.org.tr/tr/Bildirim/1491957,tr,2025-09-23T09:27:00+00:00
2025-09-23,VBTYZ,KAP,VBT YAZILIM A.Ş. - Şirket Genel Bilgi Formu,Şirket Genel Bilgi Formu,https://www.kap.org.tr/tr/Bildirim/1492217,tr,2025-09-23T17:34:04+00:00
2025-09-23,VBTYZ,KAP,VBT YAZILIM A.Ş. - Kurumsal Yönetim Bilgi Formu (Güncelleme) - Yönetim Kurulu-2,Kurumsal Yönetim Bilgi Formu (Güncelleme) - Yönetim Kurulu-2 Güncelleme,https://www.kap.org.tr/tr/Bildirim/1492215,tr,2025-09-23T17:33:26+00:00
2025-09-23,VBTYZ,KAP,VBT YAZILIM A.Ş. - Yönetim Kurulu Komiteleri,"Yönetim Kurulu Komiteleri Sürdürülebilirlik Komitesi Kurulması Hakkında,",https://www.kap.org.tr/tr/Bildirim/1492209,tr,2025-09-23T17:22:38+00:00
2025-09-23,VESTL,KAP,VESTEL ELEKTRONİK SANAYİ VE TİCARET A.Ş. - Şirket Genel Bilgi Formu,Şirket Genel Bilgi Formu,https://www.kap.org.tr/tr/Bildirim/1492305,tr,2025-09-23T18:59:40+00:00
2025-09-23,VESTL,KAP,VESTEL ELEKTRONİK SANAYİ VE TİCARET A.Ş. - Özel Durum Açıklaması (Genel),Özel Durum Açıklaması (Genel) Organizasyon ve Üst Yönetim Değişikliği,https://www.kap.org.tr/tr/Bildirim/1492304,tr,2025-09-23T18:59:06+00:00
2025-09-23,VKFYO,KAP,VAKIF MENKUL KIYMET YATIRIM ORTAKLIĞI A.Ş. - Özel Durum Açıklaması (Genel),"Özel Durum Açıklaması (Genel) Şirketimizin BİAŞ'da oluşan ağırlıklı ortalama fiyatın, pay başına net aktif değerin 2 katını aşması sebebiyle yapılan açıklamadır.",https://www.kap.org.tr/tr/Bildirim/1492258,tr,2025-09-23T18:05:38+00:00
2025-09-23,YKB,KAP,YAPI VE KREDİ BANKASI A.Ş. - Pay Dışında Sermaye Piyasası Aracı İşlemlerine İlişkin Bildirim (Faiz İçeren),Pay Dışında Sermaye Piyasası Aracı İşlemlerine İlişkin Bildirim (Faiz İçeren) Özkaynak hesaplamasına dahil edilebilir nitelikte yurtiçinde ihraç edilen borçlanma aracının kupon oranı,https://www.kap.org.tr/tr/Bildirim/1492204,tr,2025-09-23T17:13:47+00:00
2025-09-23,YKBNK,KAP,YAPI VE KREDİ BANKASI A.Ş. - Pay Dışında Sermaye Piyasası Aracı İşlemlerine İlişkin Bildirim (Faiz İçeren),Pay Dışında Sermaye Piyasası Aracı İşlemlerine İlişkin Bildirim (Faiz İçeren) Özkaynak hesaplamasına dahil edilebilir nitelikte yurtiçinde ihraç edilen borçlanma aracının kupon oranı,https://www.kap.org.tr/tr/Bildirim/1492204,tr,2025-09-23T17:13:47+00:00
2025-09-23,ZKBVR,KAP,ZKB VARLIK KİRALAMA A.Ş. - İhraç Tavanına İlişkin Bildirim,İhraç Tavanına İlişkin Bildirim Kira Sertifikası İhracına İlişkin Yönetim Kurulu Kararı Alınması FZLGY,https://www.kap.org.tr/tr/Bildirim/1492219,tr,2025-09-23T17:35:09+00:00
2025-09-23,ZKBVR,KAP,ZKB VARLIK KİRALAMA A.Ş. - Pay Dışında Sermaye Piyasası Aracı İşlemlerine İlişkin Bildirim (Faizsiz),Pay Dışında Sermaye Piyasası Aracı İşlemlerine İlişkin Bildirim (Faizsiz) TRDZKBVA2513 ISIN Kodlu Yeşil Kira Sertifikasının 3. Kupon ödemesi GSMTK,https://www.kap.org.tr/tr/Bildirim/1492073,tr,2025-09-23T13:30:21+00:00
2025-09-24,A1CAP,KAP,A1 CAPİTAL YATIRIM MENKUL DEĞERLER A.Ş. - Özel Durum Açıklaması (Genel),Özel Durum Açıklaması (Genel) Egeli & Co Tarım Girişim Sermayesi Yatırım Ortaklığı A.Ş. (Egeli & Co) Pay Sahiplerine Zorunlu Pay Alım Teklifi Hk.,https://www.kap.org.tr/tr/Bildirim/1492654,tr,2025-09-24T18:10:28+00:00
2025-09-24,ACP,KAP,A1 CAPİTAL YATIRIM MENKUL DEĞERLER A.Ş. - Özel Durum Açıklaması (Genel),Özel Durum Açıklaması (Genel) Egeli & Co Tarım Girişim Sermayesi Yatırım Ortaklığı A.Ş. (Egeli & Co) Pay Sahiplerine Zorunlu Pay Alım Teklifi Hk.,https://www.kap.org.tr/tr/Bildirim/1492654,tr,2025-09-24T18:10:28+00:00
2025-09-24,AGHOL,KAP,AG ANADOLU GRUBU HOLDİNG A.Ş. - Pay Dışında Sermaye Piyasası Aracı İşlemlerine İlişkin Bildirim (Faiz İçeren),Pay Dışında Sermaye Piyasası Aracı İşlemlerine İlişkin Bildirim (Faiz İçeren) TRFYAZI62618 ISIN Kodlu tahvilin birinci kupon faiz oranı hakkında,https://www.kap.org.tr/tr/Bildirim/1492659,tr,2025-09-24T18:16:03+00:00
2025-09-24,AHGAZ,KAP,AHLATCI DOĞAL GAZ DAĞITIM ENERJİ VE YATIRIM A.Ş. - Payların Geri Alınmasına İlişkin Bildirim,Payların Geri Alınmasına İlişkin Bildirim 24.09.2025 Tarihli Pay Geri Alım İşlemleri,https://www.kap.org.tr/tr/Bildirim/1492670,tr,2025-09-24T18:30:05+00:00
2025-09-24,AKFGY,KAP,AKFEN GAYRİMENKUL YATIRIM ORTAKLIĞI A.Ş. - Özel Durum Açıklaması (Genel),Özel Durum Açıklaması (Genel) Sürdürülebilirlik Güvence Denetimi Kuruluşunun Belirlenmesi Hk.,https://www.kap.org.tr/tr/Bildirim/1492663,tr,2025-09-24T18:20:43+00:00
2025-09-24,AKFGY,KAP,AKFEN GAYRİMENKUL YATIRIM ORTAKLIĞI A.Ş. - Payların Geri Alınmasına İlişkin Bildirim,Payların Geri Alınmasına İlişkin Bildirim 24.09.2025 Tarihli Pay Geri Alım İşlemleri Hk.,https://www.kap.org.tr/tr/Bildirim/1492661,tr,2025-09-24T18:20:21+00:00
2025-09-24,AKFYE,KAP,AKFEN YENİLENEBİLİR ENERJİ A.Ş. - Özel Durum Açıklaması (Genel),Özel Durum Açıklaması (Genel) Sürdürülebilirlik Güvence Denetimi Kuruluşunun Belirlenmesi Hk.,https://www.kap.org.tr/tr/Bildirim/1492666,tr,2025-09-24T18:21:28+00:00
2025-09-24,AKFYE,KAP,AKFEN YENİLENEBİLİR ENERJİ A.Ş. - Payların Geri Alınmasına İlişkin Bildirim,Payların Geri Alınmasına İlişkin Bildirim 24.09.2025 Tarihli Pay Geri Alım İşlemleri Hk.,https://www.kap.org.tr/tr/Bildirim/1492665,tr,2025-09-24T18:21:17+00:00
2025-09-24,AKM,KAP,AK YATIRIM MENKUL DEĞERLER A.Ş. - Pay Dışında Sermaye Piyasası Aracı İşlemlerine İlişkin Bildirim (Faiz İçeren),Pay Dışında Sermaye Piyasası Aracı İşlemlerine İlişkin Bildirim (Faiz İçeren) 24.09.2025 Vadeli Borçlanma Aracının İtfası,https://www.kap.org.tr/tr/Bildirim/1492399,tr,2025-09-24T09:44:28+00:00
2025-09-24,AKMEN,KAP,AK YATIRIM MENKUL DEĞERLER A.Ş. - Pay Dışında Sermaye Piyasası Aracı İşlemlerine İlişkin Bildirim (Faiz İçeren),Pay Dışında Sermaye Piyasası Aracı İşlemlerine İlişkin Bildirim (Faiz İçeren) 24.09.2025 Vadeli Borçlanma Aracının İtfası,https://www.kap.org.tr/tr/Bildirim/1492399,tr,2025-09-24T09:44:28+00:00
2025-09-24,ALJF,KAP,ALJ FİNANSMAN A.Ş. - Pay Dışında Sermaye Piyasası Aracı İşlemlerine İlişkin Bildirim (Faiz İçeren),Pay Dışında Sermaye Piyasası Aracı İşlemlerine İlişkin Bildirim (Faiz İçeren) TRFALJF92513 ISIN Kodlu Tahvilin İtfa Ödemesi Hakkında,https://www.kap.org.tr/tr/Bildirim/1492506,tr,2025-09-24T13:46:14+00:00
2025-09-24,ALKLC,KAP,ALTINKILIÇ GIDA VE SÜT SANAYİ TİCARET A.Ş. - Pay Dışında Sermaye Piyasası Aracı İşlemlerine İlişkin Bildirim (Faiz İçeren),Pay Dışında Sermaye Piyasası Aracı İşlemlerine İlişkin Bildirim (Faiz İçeren) TRFALTK92520 ISIN Kodlu Bononun 1. Kupon Faiz Oranının Belirlenmesi,https://www.kap.org.tr/tr/Bildirim/1492641,tr,2025-09-24T17:48:12+00:00
2025-09-24,ALKLC,KAP,ALTINKILIÇ GIDA VE SÜT SANAYİ TİCARET A.Ş. - Pay Dışında Sermaye Piyasası Aracı İşlemlerine İlişkin Bildirim (Faiz İçeren),Pay Dışında Sermaye Piyasası Aracı İşlemlerine İlişkin Bildirim (Faiz İçeren) TRFALTK92512 ISIN Kodlu Bononun 1. Kupon Faiz Oranının Belirlenmesi,https://www.kap.org.tr/tr/Bildirim/1492640,tr,2025-09-24T17:48:02+00:00
2025-09-24,ALKLC,KAP,ALTINKILIÇ GIDA VE SÜT SANAYİ TİCARET A.Ş. - Yeni İş İlişkisi,"Yeni İş İlişkisi Yeni İş İlişkisi Hakkında,",https://www.kap.org.tr/tr/Bildirim/1492432,tr,2025-09-24T10:55:34+00:00
2025-09-24,ALNUS,KAP,ALNUS YATIRIM MENKUL DEĞERLER A.Ş. - İhraç Tavanına İlişkin Bildirim,İhraç Tavanına İlişkin Bildirim Borçlanma Aracı İhracına İlişkin SPK Başvurusu,https://www.kap.org.tr/tr/Bildirim/1492652,tr,2025-09-24T17:57:38+00:00
2025-09-24,ANC,KAP,ALNUS YATIRIM MENKUL DEĞERLER A.Ş. - İhraç Tavanına İlişkin Bildirim,İhraç Tavanına İlişkin Bildirim Borçlanma Aracı İhracına İlişkin SPK Başvurusu,https://www.kap.org.tr/tr/Bildirim/1492652,tr,2025-09-24T17:57:38+00:00
2025-09-24,ARZUM,KAP,ARZUM ELEKTRİKLİ EV ALETLERİ SANAYİ VE TİCARET A.Ş. - Sermaye Artırımı - Azaltımı İşlemlerine İlişkin Bildirim,Sermaye Artırımı - Azaltımı İşlemlerine İlişkin Bildirim Rüçhan Haklarının Kullanılmasının Ardından Kalan Payların Borsada Satışının Tamamlanması Hk.,https://www.kap.org.tr/tr/Bildirim/1492491,tr,2025-09-24T13:27:56+00:00
2025-09-24,AVPGY,KAP,AVRUPAKENT GAYRİMENKUL YATIRIM ORTAKLIĞI A.Ş. - Kar Payı Dağıtım İşlemlerine İlişkin Bildirim,Kar Payı Dağıtım İşlemlerine İlişkin Bildirim Temettü 3. Taksit Ödeme Tutar ve Tarihinin Belirlenmesine İlişkin Karar hk.,https://www.kap.org.tr/tr/Bildirim/1492525,tr,2025-09-24T14:39:58+00:00
2025-09-24,AYDEM,KAP,AYDEM YENİLENEBİLİR ENERJİ A.Ş. - Pay Dışında Sermaye Piyasası Aracı İşlemlerine İlişkin Bildirim (Faiz İçeren),Pay Dışında Sermaye Piyasası Aracı İşlemlerine İlişkin Bildirim (Faiz İçeren) Talep Toplama Sürecinin Tamamlanması,https://www.kap.org.tr/tr/Bildirim/1492564,tr,2025-09-24T16:00:34+00:00
2025-09-24,BASGZ,KAP,BAŞKENT DOĞALGAZ DAĞITIM GAYRİMENKUL YATIRIM ORTAKLIĞI A.Ş. - Şirket Genel Bilgi Formu,Şirket Genel Bilgi Formu,https://www.kap.org.tr/tr/Bildirim/1492655,tr,2025-09-24T18:11:38+00:00
2025-09-24,BORLS,KAP,BORLEASE OTOMOTİV A.Ş. - Pay Dışında Sermaye Piyasası Aracı İşlemlerine İlişkin Bildirim (Faiz İçeren),Pay Dışında Sermaye Piyasası Aracı İşlemlerine İlişkin Bildirim (Faiz İçeren) BORÇLANMA ARACI KUPON ÖDEMESİ (TRFBORL32611),https://www.kap.org.tr/tr/Bildirim/1492539,tr,2025-09-24T15:15:18+00:00
2025-09-24,BORLS,KAP,BORLEASE OTOMOTİV A.Ş. - Pay Dışında Sermaye Piyasası Aracı İşlemlerine İlişkin Bildirim (Faiz İçeren),Pay Dışında Sermaye Piyasası Aracı İşlemlerine İlişkin Bildirim (Faiz İçeren) TRFBORL32611 ISIN KODLU BORÇLANMA ARACININ KUPON ORANININ BELİRLENMESİ,https://www.kap.org.tr/tr/Bildirim/1492388,tr,2025-09-24T09:19:51+00:00
2025-09-24,BRGFK,KAP,BURGAN FİNANSAL KİRALAMA A.Ş. - Pay Dışında Sermaye Piyasası Aracı İşlemlerine İlişkin Bildirim (Faiz İçeren),Pay Dışında Sermaye Piyasası Aracı İşlemlerine İlişkin Bildirim (Faiz İçeren) TRFBUFKA2516 ISIN Kodlu Bono 1.Kupon Ödemesi,https://www.kap.org.tr/tr/Bildirim/1492418,tr,2025-09-24T10:24:33+00:00
2025-09-24,BURVA,KAP,BURÇELİK VANA SANAYİ VE TİCARET A.Ş. - Yeni İş İlişkisi,Yeni İş İlişkisi Vana Siparişi Hakkında,https://www.kap.org.tr/tr/Bildirim/1492474,tr,2025-09-24T13:18:39+00:00
2025-09-24,CAGFA,KAP,ÇAĞDAŞ FAKTORİNG A.Ş. - Pay Dışında Sermaye Piyasası Aracı İşlemlerine İlişkin Bildirim (Faiz İçeren),Pay Dışında Sermaye Piyasası Aracı İşlemlerine İlişkin Bildirim (Faiz İçeren) TRFCGDF32633 ISIN kodlu ihracın 2.Kupon Faiz Oranının Belirlenmesi,https://www.kap.org.tr/tr/Bildirim/1492586,tr,2025-09-24T16:48:27+00:00
2025-09-24,CAGFA,KAP,ÇAĞDAŞ FAKTORİNG A.Ş. - Pay Dışında Sermaye Piyasası Aracı İşlemlerine İlişkin Bildirim (Faiz İçeren),Pay Dışında Sermaye Piyasası Aracı İşlemlerine İlişkin Bildirim (Faiz İçeren) TRSCGDF62617 ISIN kodlu ihracın 1.Kupon Faiz Oranının Belirlenmesi,https://www.kap.org.tr/tr/Bildirim/1492585,tr,2025-09-24T16:48:19+00:00
2025-09-24,CCOLA,KAP,COCA-COLA İÇECEK A.Ş. - Pay Dışında Sermaye Piyasası Aracı İşlemlerine İlişkin Bildirim (Faiz İçeren),Pay Dışında Sermaye Piyasası Aracı İşlemlerine İlişkin Bildirim (Faiz İçeren) TRSCOLA92612 ISIN Kodlu Tahvilin 4. Kupon Ödemesi,https://www.kap.org.tr/tr/Bildirim/1492527,tr,2025-09-24T14:51:02+00:00
2025-09-24,CEMAS,KAP,ÇEMAŞ DÖKÜM SANAYİ A.Ş. - Özel Durum Açıklaması (Genel),Özel Durum Açıklaması (Genel) Bağlı Ortaklığımız ın NIBAS Pay Satışı hk.da NIBAS,https://www.kap.org.tr/tr/Bildirim/1492345,tr,2025-09-24T08:59:43+00:00
2025-09-24,CEMZY,KAP,CEM ZEYTİN A.Ş. - Pay Satış Bilgi Formu,Pay Satış Bilgi Formu Pay satış bilgi formu onayı için SPK?ya yapılan başvuru hakkında.,https://www.kap.org.tr/tr/Bildirim/1492657,tr,2025-09-24T18:13:53+00:00
2025-09-24,CEMZY,KAP,CEM ZEYTİN A.Ş. - Pay Satış Bilgi Formu,Pay Satış Bilgi Formu Pay satış bilgi formu onayı için SPK?ya yapılan başvuru hakkında.,https://www.kap.org.tr/tr/Bildirim/1492656,tr,2025-09-24T18:13:25+00:00
2025-09-24,CVKMD,KAP,CVK MADEN İŞLETMELERİ SANAYİ VE TİCARET A.Ş. - Özel Durum Açıklaması (Genel),Özel Durum Açıklaması (Genel) Bağlı Ortaklığımız Hayri Ögelman Madencilik A.Ş. Sermaye Artırımı Tescili Hk.,https://www.kap.org.tr/tr/Bildirim/1492565,tr,2025-09-24T16:02:52+00:00
2025-09-24,DESPC,KAP,DESPEC BİLGİSAYAR PAZARLAMA VE TİCARET A.Ş. - Yönetim Kurulu Komiteleri,Yönetim Kurulu Komiteleri Sürdürülebilirlik Komitesi?nin Oluşturulması,https://www.kap.org.tr/tr/Bildirim/1492378,tr,2025-09-24T09:06:31+00:00
2025-09-24,DGATE,KAP,DATAGATE BİLGİSAYAR MALZEMELERİ TİCARET A.Ş. - Yönetim Kurulu Komiteleri,Yönetim Kurulu Komiteleri Sürdürülebilirlik Komitesi?nin Oluşturulması,https://www.kap.org.tr/tr/Bildirim/1492377,tr,2025-09-24T09:06:15+00:00
2025-09-24,DGGYO,KAP,DOĞUŞ GAYRİMENKUL YATIRIM ORTAKLIĞI A.Ş. - Özel Durum Açıklaması (Genel),Özel Durum Açıklaması (Genel) Yönetici Sorumluluk Sigortası Hakkında,https://www.kap.org.tr/tr/Bildirim/1492581,tr,2025-09-24T16:31:35+00:00
2025-09-24,DSTKF,KAP,DESTEK FİNANS FAKTORİNG A.Ş. - İhraç Tavanına İlişkin Bildirim,İhraç Tavanına İlişkin Bildirim Borçlanma Aracı İhraç Başvurusu,https://www.kap.org.tr/tr/Bildirim/1492633,tr,2025-09-24T17:36:40+00:00
2025-09-24,EGEGY,KAP,EGEYAPI AVRUPA GAYRİMENKUL YATIRIM ORTAKLIĞI A.Ş. - Kurumsal Yönetim Bilgi Formu (Güncelleme) - Yönetim Kurulu-2,Kurumsal Yönetim Bilgi Formu (Güncelleme) - Yönetim Kurulu-2 Komite Üyeleri Bilgi Güncellemesi,https://www.kap.org.tr/tr/Bildirim/1492579,tr,2025-09-24T16:31:09+00:00
2025-09-24,EGEGY,KAP,EGEYAPI AVRUPA GAYRİMENKUL YATIRIM ORTAKLIĞI A.Ş. - Şirket Genel Bilgi Formu,Şirket Genel Bilgi Formu,https://www.kap.org.tr/tr/Bildirim/1492578,tr,2025-09-24T16:30:45+00:00
2025-09-24,EKOFA,KAP,EKO FAKTORİNG A.Ş. - Pay Dışında Sermaye Piyasası Aracı İşlemlerine İlişkin Bildirim (Faiz İçeren),Pay Dışında Sermaye Piyasası Aracı İşlemlerine İlişkin Bildirim (Faiz İçeren) TRFEKOF92517 ISIN KODLU BONO İTFASI,https://www.kap.org.tr/tr/Bildirim/1492639,tr,2025-09-24T17:44:44+00:00
2025-09-24,EMVAR,KAP,EMLAK VARLIK KİRALAMA A.Ş. - Pay Dışında Sermaye Piyasası Aracı İşlemlerine İlişkin Bildirim (Faizsiz),Pay Dışında Sermaye Piyasası Aracı İşlemlerine İlişkin Bildirim (Faizsiz) TRDEMVK32618 ISIN Kodlu Kira Sertifikasının 6. Dönemsel Getiri Ödemesi Hk. AKFK,https://www.kap.org.tr/tr/Bildirim/1492500,tr,2025-09-24T13:34:15+00:00
2025-09-24,ENERY,KAP,ENERYA ENERJİ A.Ş. - Payların Geri Alınmasına İlişkin Bildirim,Payların Geri Alınmasına İlişkin Bildirim 24.09.2025 Tarihli Pay Geri Alım İşlemleri,https://www.kap.org.tr/tr/Bildirim/1492672,tr,2025-09-24T18:30:32+00:00
2025-09-24,ENJSA,KAP,ENERJİSA ENERJİ A.Ş. - Bilgilendirme Politikası,Bilgilendirme Politikası Bilgilendirme Politikasının Güncellenmesi,https://www.kap.org.tr/tr/Bildirim/1492603,tr,2025-09-24T17:18:14+00:00
2025-09-24,ETYAT,KAP,EURO TREND YATIRIM ORTAKLIĞI A.Ş. - Özel Durum Açıklaması (Genel),"Özel Durum Açıklaması (Genel) BİAŞ'da oluşan ağırlıklı ortalama fiyatın,pay başına net aktif değerin 2 katını aşması",https://www.kap.org.tr/tr/Bildirim/1492522,tr,2025-09-24T14:34:15+00:00
2025-09-24,EUKYO,KAP,EURO KAPİTAL YATIRIM ORTAKLIĞI A.Ş. - Özel Durum Açıklaması (Genel),"Özel Durum Açıklaması (Genel) BİAŞ'da oluşan ağırlıklı ortalama fiyatın,pay başına net aktif değerin 2 katını aşması",https://www.kap.org.tr/tr/Bildirim/1492523,tr,2025-09-24T14:34:49+00:00
2025-09-24,EUREN,KAP,EUROPEN ENDÜSTRİ İNŞAAT SANAYİ VE TİCARET A.Ş. - Özel Durum Açıklaması (Genel),Özel Durum Açıklaması (Genel) Üst Düzey Yönetici Ataması,https://www.kap.org.tr/tr/Bildirim/1492660,tr,2025-09-24T18:16:49+00:00
2025-09-24,EUYO,KAP,EURO MENKUL KIYMET YATIRIM ORTAKLIĞI A.Ş. - Özel Durum Açıklaması (Genel),"Özel Durum Açıklaması (Genel) BİAŞ'da oluşan ağırlıklı ortalama fiyatın,pay başına net aktif değerin 2 katını aşması",https://www.kap.org.tr/tr/Bildirim/1492521,tr,2025-09-24T14:33:41+00:00
2025-09-24,FBB,KAP,FİBABANKA A.Ş. - Pay Dışında Sermaye Piyasası Aracı İşlemlerine İlişkin Bildirim (Faiz İçeren),Pay Dışında Sermaye Piyasası Aracı İşlemlerine İlişkin Bildirim (Faiz İçeren) FİBABANKA A.Ş. BİRİNCİ VARLIK FİNANSMANI FONU VDMK İTFASI,https://www.kap.org.tr/tr/Bildirim/1492454,tr,2025-09-24T11:34:45+00:00
2025-09-24,FBBNK,KAP,FİBABANKA A.Ş. - Pay Dışında Sermaye Piyasası Aracı İşlemlerine İlişkin Bildirim (Faiz İçeren),Pay Dışında Sermaye Piyasası Aracı İşlemlerine İlişkin Bildirim (Faiz İçeren) FİBABANKA A.Ş. BİRİNCİ VARLIK FİNANSMANI FONU VDMK İTFASI,https://www.kap.org.tr/tr/Bildirim/1492454,tr,2025-09-24T11:34:45+00:00
2025-09-24,FORMT,KAP,FORMET METAL VE CAM SANAYİ A.Ş. - Sermaye Artırımı - Azaltımı İşlemlerine İlişkin Bildirim,"Sermaye Artırımı - Azaltımı İşlemlerine İlişkin Bildirim Tahsisli sermaye artırımı ile ilgili artırım oranı kısmı, sehven girilmiş olduğundan işbu nedenle bu bildirim yapılmıştır.",https://www.kap.org.tr/tr/Bildirim/1492673,tr,2025-09-24T18:30:40+00:00
2025-09-24,GGBVK,KAP,GOLDEN GLOBAL VARLIK KİRALAMA A.Ş. - Tertip İhraç Belgesi,Tertip İhraç Belgesi Tertip İhraç Belgesi Hk. GGI,https://www.kap.org.tr/tr/Bildirim/1492703,tr,2025-09-24T19:37:45+00:00
2025-09-24,GGBVK,KAP,GOLDEN GLOBAL VARLIK KİRALAMA A.Ş. - Tertip İhraç Belgesi,Tertip İhraç Belgesi Tertip İhraç Belgesi Hk. GGI,https://www.kap.org.tr/tr/Bildirim/1492702,tr,2025-09-24T19:35:59+00:00
2025-09-24,GLCVY,KAP,GELECEK VARLIK YÖNETİMİ A.Ş. - Özel Durum Açıklaması (Genel),"Özel Durum Açıklaması (Genel) İhale sonrası Devir ve Temlik İşlemlerinin tamamlanması hk. YKB, YKBNK",https://www.kap.org.tr/tr/Bildirim/1492709,tr,2025-09-24T20:25:18+00:00
2025-09-24,GRNYO,KAP,GARANTİ YATIRIM ORTAKLIĞI A.Ş. - Özel Durum Açıklaması (Genel),"Özel Durum Açıklaması (Genel) Paylarının BİAŞ'ta oluşan ağırlıklı ortalama fiyatının, pay başına net aktif değerinin 2 katını aşması hakkında.",https://www.kap.org.tr/tr/Bildirim/1492403,tr,2025-09-24T09:58:10+00:00
2025-09-24,HLVKS,KAP,HALK VARLIK KİRALAMA A.Ş. - Pay Dışında Sermaye Piyasası Aracı İşlemlerine İlişkin Bildirim (Faizsiz),Pay Dışında Sermaye Piyasası Aracı İşlemlerine İlişkin Bildirim (Faizsiz) Yurtiçi Kira Sertifikası İhracı Nitelikli Yatırımcıya Satışın Tamamlanması Hk. EKGYO,https://www.kap.org.tr/tr/Bildirim/1492668,tr,2025-09-24T18:27:40+00:00
2025-09-24,HLVKS,KAP,HALK VARLIK KİRALAMA A.Ş. - Pay Dışında Sermaye Piyasası Aracı İşlemlerine İlişkin Bildirim (Faizsiz),Pay Dışında Sermaye Piyasası Aracı İşlemlerine İlişkin Bildirim (Faizsiz) Yurtiçi Kira Sertifikası İtfa ve Getiri Ödemesi HLGYO,https://www.kap.org.tr/tr/Bildirim/1492508,tr,2025-09-24T13:56:50+00:00
2025-09-24,HUZFA,KAP,HUZUR FAKTORİNG A.Ş. - Pay Dışında Sermaye Piyasası Aracı İşlemlerine İlişkin Bildirim (Faiz İçeren),Pay Dışında Sermaye Piyasası Aracı İşlemlerine İlişkin Bildirim (Faiz İçeren) TRFHZRF92511 ISIN KODLU FİNANSMAN BONOSU 4.KUPON ÖDEMESİ VE İTFASI,https://www.kap.org.tr/tr/Bildirim/1492400,tr,2025-09-24T09:47:07+00:00
2025-09-24,HUZFA,KAP,HUZUR FAKTORİNG A.Ş. - Pay Dışında Sermaye Piyasası Aracı İşlemlerine İlişkin Bildirim (Faiz İçeren),Pay Dışında Sermaye Piyasası Aracı İşlemlerine İlişkin Bildirim (Faiz İçeren) TRFHZRF32616 ISIN KODLU FİNANSMAN BONOSU İHRACI,https://www.kap.org.tr/tr/Bildirim/1492376,tr,2025-09-24T09:05:57+00:00
2025-09-24,IAZ,KAP,INVEST-AZ YATIRIM MENKUL DEĞERLER A.Ş. - Pay Dışında Sermaye Piyasası Aracı İşlemlerine İlişkin Bildirim (Faiz İçeren),Pay Dışında Sermaye Piyasası Aracı İşlemlerine İlişkin Bildirim (Faiz İçeren) TRFIAZY92516 Finansman Bonosu İtfası Hk.,https://www.kap.org.tr/tr/Bildirim/1492599,tr,2025-09-24T17:14:35+00:00
2025-09-24,IAZ,KAP,INVEST-AZ YATIRIM MENKUL DEĞERLER A.Ş. - Pay Dışında Sermaye Piyasası Aracı İşlemlerine İlişkin Bildirim (Faiz İçeren),Pay Dışında Sermaye Piyasası Aracı İşlemlerine İlişkin Bildirim (Faiz İçeren) TRFIAZY12613 Finansman Bonosu Satışının Tamamlanması hk.,https://www.kap.org.tr/tr/Bildirim/1492404,tr,2025-09-24T09:58:58+00:00
2025-09-24,IEYHO,KAP,IŞIKLAR ENERJİ VE YAPI HOLDİNG A.Ş. - Olağan Dışı Fiyat ve Miktar Hareketleri,Olağan Dışı Fiyat ve Miktar Hareketleri Olağandışı Fiyat ve Miktar Hareketleri Hk.da,https://www.kap.org.tr/tr/Bildirim/1492558,tr,2025-09-24T15:43:46+00:00
2025-09-24,IHGZT,KAP,İHLAS GAZETECİLİK A.Ş. - Yönetim Kurulu Komiteleri,Yönetim Kurulu Komiteleri Sürdürülebilirlik Komitesi Hakkında,https://www.kap.org.tr/tr/Bildirim/1492707,tr,2025-09-24T20:12:30+00:00
2025-09-24,IMASM,KAP,İMAŞ MAKİNA SANAYİ A.Ş. - Bölünme İşlemlerine İlişkin Bildirim,Bölünme İşlemlerine İlişkin Bildirim İştirak modeliyle kolaylaştırılmış usulde kısmi bölünmeye ilişkin Sermaye Piyasası Kurulu Onayı,https://www.kap.org.tr/tr/Bildirim/1492684,tr,2025-09-24T18:52:18+00:00
2025-09-24,INDES,KAP,İNDEKS BİLGİSAYAR SİSTEMLERİ MÜHENDİSLİK SANAYİ VE TİCARET A.Ş. - Yönetim Kurulu Komiteleri,Yönetim Kurulu Komiteleri Sürdürülebilirlik Komitesi?nin Oluşturulması,https://www.kap.org.tr/tr/Bildirim/1492375,tr,2025-09-24T09:04:46+00:00
2025-09-24,INFO,KAP,İNFO YATIRIM MENKUL DEĞERLER A.Ş. - Yatırım Kuruluşu Varant - Sertifika - Senetlerine İlişkin Bildirim,Yatırım Kuruluşu Varant - Sertifika - Senetlerine İlişkin Bildirim Yatırım Kuruluşu Varantı/Sertifikası İhracına İlişkin Özet,https://www.kap.org.tr/tr/Bildirim/1492650,tr,2025-09-24T17:52:16+00:00
2025-09-24,INFO,KAP,İNFO YATIRIM MENKUL DEĞERLER A.Ş. - Yatırım Kuruluşu Varant - Sertifika - Senetlerine İlişkin Bildirim,Yatırım Kuruluşu Varant - Sertifika - Senetlerine İlişkin Bildirim Yatırım Kuruluşu Varantı/Sertifikası İhracına İlişkin Sermaye Piyasası Aracı Notu,https://www.kap.org.tr/tr/Bildirim/1492644,tr,2025-09-24T17:51:10+00:00
2025-09-24,INVAZ,KAP,INVEST-AZ YATIRIM MENKUL DEĞERLER A.Ş. - Pay Dışında Sermaye Piyasası Aracı İşlemlerine İlişkin Bildirim (Faiz İçeren),Pay Dışında Sermaye Piyasası Aracı İşlemlerine İlişkin Bildirim (Faiz İçeren) TRFIAZY92516 Finansman Bonosu İtfası Hk.,https://www.kap.org.tr/tr/Bildirim/1492599,tr,2025-09-24T17:14:35+00:00
2025-09-24,INVAZ,KAP,INVEST-AZ YATIRIM MENKUL DEĞERLER A.Ş. - Pay Dışında Sermaye Piyasası Aracı İşlemlerine İlişkin Bildirim (Faiz İçeren),Pay Dışında Sermaye Piyasası Aracı İşlemlerine İlişkin Bildirim (Faiz İçeren) TRFIAZY12613 Finansman Bonosu Satışının Tamamlanması hk.,https://www.kap.org.tr/tr/Bildirim/1492404,tr,2025-09-24T09:58:58+00:00
2025-09-24,ISMEN,KAP,İŞ YATIRIM MENKUL DEĞERLER A.Ş. - Yatırım Kuruluşu Varant - Sertifika - Senetlerine İlişkin Bildirim,Yatırım Kuruluşu Varant - Sertifika - Senetlerine İlişkin Bildirim İş Yatırım Sertifika ve Varant Alım Satım İşlemleri,https://www.kap.org.tr/tr/Bildirim/1492472,tr,2025-09-24T13:15:10+00:00
2025-09-24,ISMEN,KAP,İŞ YATIRIM MENKUL DEĞERLER A.Ş. - Piyasa Yapıcılığı Kapsamında Gerçekleştirilen İşlemler Bildirimi,Piyasa Yapıcılığı Kapsamında Gerçekleştirilen İşlemler Bildirimi Borsa Yatırım Fonu Piyasa Yapıcılığı İşlemleri ISGLK,https://www.kap.org.tr/tr/Bildirim/1492471,tr,2025-09-24T13:12:43+00:00
2025-09-24,ISMEN,KAP,İŞ YATIRIM MENKUL DEĞERLER A.Ş. - Pay Dışında Sermaye Piyasası Aracı İşlemlerine İlişkin Bildirim (Faiz İçeren),Pay Dışında Sermaye Piyasası Aracı İşlemlerine İlişkin Bildirim (Faiz İçeren) Borçlanma Aracı İhracı-Satışın Tamamlanması,https://www.kap.org.tr/tr/Bildirim/1492470,tr,2025-09-24T12:56:17+00:00
2025-09-24,ISYAT,KAP,İŞ YATIRIM ORTAKLIĞI A.Ş. - Özel Durum Açıklaması (Genel),"Özel Durum Açıklaması (Genel) Ortaklık paylarının BİAŞ'ta oluşan ağırlıklı ortalama fiyatının, pay başına net aktif değerinin 2 katını aşması hakkında",https://www.kap.org.tr/tr/Bildirim/1492551,tr,2025-09-24T15:23:39+00:00
2025-09-24,IYF,KAP,İNFO YATIRIM MENKUL DEĞERLER A.Ş. - Yatırım Kuruluşu Varant - Sertifika - Senetlerine İlişkin Bildirim,Yatırım Kuruluşu Varant - Sertifika - Senetlerine İlişkin Bildirim Yatırım Kuruluşu Varantı/Sertifikası İhracına İlişkin Özet,https://www.kap.org.tr/tr/Bildirim/1492650,tr,2025-09-24T17:52:16+00:00
2025-09-24,IYF,KAP,İNFO YATIRIM MENKUL DEĞERLER A.Ş. - Yatırım Kuruluşu Varant - Sertifika - Senetlerine İlişkin Bildirim,Yatırım Kuruluşu Varant - Sertifika - Senetlerine İlişkin Bildirim Yatırım Kuruluşu Varantı/Sertifikası İhracına İlişkin Sermaye Piyasası Aracı Notu,https://www.kap.org.tr/tr/Bildirim/1492644,tr,2025-09-24T17:51:10+00:00
2025-09-24,IYM,KAP,İŞ YATIRIM MENKUL DEĞERLER A.Ş. - Yatırım Kuruluşu Varant - Sertifika - Senetlerine İlişkin Bildirim,Yatırım Kuruluşu Varant - Sertifika - Senetlerine İlişkin Bildirim İş Yatırım Sertifika ve Varant Alım Satım İşlemleri,https://www.kap.org.tr/tr/Bildirim/1492472,tr,2025-09-24T13:15:10+00:00
2025-09-24,IYM,KAP,İŞ YATIRIM MENKUL DEĞERLER A.Ş. - Piyasa Yapıcılığı Kapsamında Gerçekleştirilen İşlemler Bildirimi,Piyasa Yapıcılığı Kapsamında Gerçekleştirilen İşlemler Bildirimi Borsa Yatırım Fonu Piyasa Yapıcılığı İşlemleri ISGLK,https://www.kap.org.tr/tr/Bildirim/1492471,tr,2025-09-24T13:12:43+00:00
2025-09-24,IYM,KAP,İŞ YATIRIM MENKUL DEĞERLER A.Ş. - Pay Dışında Sermaye Piyasası Aracı İşlemlerine İlişkin Bildirim (Faiz İçeren),Pay Dışında Sermaye Piyasası Aracı İşlemlerine İlişkin Bildirim (Faiz İçeren) Borçlanma Aracı İhracı-Satışın Tamamlanması,https://www.kap.org.tr/tr/Bildirim/1492470,tr,2025-09-24T12:56:17+00:00
2025-09-24,KARSN,KAP,KARSAN OTOMOTİV SANAYİİ VE TİCARET A.Ş. - Özel Durum Açıklaması (Genel),Özel Durum Açıklaması (Genel) Türk Traktör ve Ziraat Makineleri A.Ş. ile Anlaşmanın Sona Ermesi TTRAK,https://www.kap.org.tr/tr/Bildirim/1492385,tr,2025-09-24T09:16:21+00:00
2025-09-24,KARTN,KAP,KARTONSAN KARTON SANAYİ VE TİCARET A.Ş. - Sermaye Artırımından Elde Edilecek - Edilen Fonun Kullanımına İlişkin Rapor,Sermaye Artırımından Elde Edilecek - Edilen Fonun Kullanımına İlişkin Rapor Sermaye Artırımından Elde Edilecek Fonun Kullanım Yerlerine İlişkin Rapor,https://www.kap.org.tr/tr/Bildirim/1492677,tr,2025-09-24T18:38:50+00:00
2025-09-24,KARTN,KAP,KARTONSAN KARTON SANAYİ VE TİCARET A.Ş. - Sermaye Artırımı - Azaltımı İşlemlerine İlişkin Bildirim,Sermaye Artırımı - Azaltımı İşlemlerine İlişkin Bildirim Bedelli Sermaye Artırımına İlişkin Yönetim Kurulu Kararı,https://www.kap.org.tr/tr/Bildirim/1492676,tr,2025-09-24T18:38:37+00:00
2025-09-24,KERVN,KAP,KERVANSARAY YATIRIM HOLDİNG A.Ş. - Bağımsız Denetim Kuruluşunun Belirlenmesi,Bağımsız Denetim Kuruluşunun Belirlenmesi Bağımsız Denetim Kuruluşunun Tescil Edilmesi Hakkında,https://www.kap.org.tr/tr/Bildirim/1492695,tr,2025-09-24T19:09:02+00:00
2025-09-24,KERVN,KAP,KERVANSARAY YATIRIM HOLDİNG A.Ş. - Genel Kurul İşlemlerine İlişkin Bildirim,Genel Kurul İşlemlerine İlişkin Bildirim Genel Kurul Toplantı Kararları Tescili Hakkında.,https://www.kap.org.tr/tr/Bildirim/1492692,tr,2025-09-24T19:05:00+00:00
2025-09-24,KGYO,KAP,KORAY GAYRİMENKUL YATIRIM ORTAKLIĞI A.Ş. - Pay Dışında Sermaye Piyasası Aracı İşlemlerine İlişkin Bildirim (Faiz İçeren),Pay Dışında Sermaye Piyasası Aracı İşlemlerine İlişkin Bildirim (Faiz İçeren) Finansman Bonosu İhracının Tamamlanması,https://www.kap.org.tr/tr/Bildirim/1492401,tr,2025-09-24T09:48:03+00:00
2025-09-24,KLMSN,KAP,KLİMASAN KLİMA SANAYİ VE TİCARET A.Ş. - Olağan Dışı Fiyat ve Miktar Hareketleri,Olağan Dışı Fiyat ve Miktar Hareketleri Olağandışı Fiyat ve Miktar Hareketleri Hk.,https://www.kap.org.tr/tr/Bildirim/1492682,tr,2025-09-24T18:49:25+00:00
2025-09-24,KORTS,KAP,KORTEKS MENSUCAT SANAYİ VE TİCARET A.Ş. - Pay Dışında Sermaye Piyasası Aracı İşlemlerine İlişkin Bildirim (Faiz İçeren),Pay Dışında Sermaye Piyasası Aracı İşlemlerine İlişkin Bildirim (Faiz İçeren) TRSKORT92513 ISIN kodlu borçlanma aracının 4. kupon ödeme ve itfa dönemine ilişkin açıklama,https://www.kap.org.tr/tr/Bildirim/1492456,tr,2025-09-24T11:44:50+00:00
2025-09-24,KORTS,KAP,KORTEKS MENSUCAT SANAYİ VE TİCARET A.Ş. - Pay Dışında Sermaye Piyasası Aracı İşlemlerine İlişkin Bildirim (Faiz İçeren),Pay Dışında Sermaye Piyasası Aracı İşlemlerine İlişkin Bildirim (Faiz İçeren) 24.09.2025 Korteks Borçlanma Aracı İhracının Tamamlanması (Nitelikli Yatırımcıya Satış),https://www.kap.org.tr/tr/Bildirim/1492450,tr,2025-09-24T11:26:53+00:00
2025-09-24,KORTS,KAP,KORTEKS MENSUCAT SANAYİ VE TİCARET A.Ş. - Pay Dışında Sermaye Piyasası Aracı İşlemlerine İlişkin Bildirim (Faiz İçeren),Pay Dışında Sermaye Piyasası Aracı İşlemlerine İlişkin Bildirim (Faiz İçeren) 24.09.2025 Korteks Borçlanma Aracı İhracının Tamamlanması (Nitelikli Yatırımcıya Satış),https://www.kap.org.tr/tr/Bildirim/1492434,tr,2025-09-24T11:04:13+00:00
2025-09-24,KRGYO,KAP,KÖRFEZ GAYRİMENKUL YATIRIM ORTAKLIĞI A.Ş. - Esas Sözleşme,Esas Sözleşme Körfez GYO A.Ş Esas Sözleşme,https://www.kap.org.tr/tr/Bildirim/1492515,tr,2025-09-24T14:28:36+00:00
2025-09-24,KRGYO,KAP,KÖRFEZ GAYRİMENKUL YATIRIM ORTAKLIĞI A.Ş. - Sermaye Artırımı - Azaltımı İşlemlerine İlişkin Bildirim,Sermaye Artırımı - Azaltımı İşlemlerine İlişkin Bildirim Sermaye Artırımının Tamamlanması ve Esas Sözleşme Tadil Metninin Tescili Hakkında KVY,https://www.kap.org.tr/tr/Bildirim/1492459,tr,2025-09-24T11:52:36+00:00
2025-09-24,KRVGD,KAP,KERVAN GIDA SANAYİ VE TİCARET A.Ş. - Özel Durum Açıklaması (Genel),Özel Durum Açıklaması (Genel) Avrupa İmar ve Kalkınma Bankası (EBRD) ile Kredi Sözleşmesi İmzalanması Hk.,https://www.kap.org.tr/tr/Bildirim/1492526,tr,2025-09-24T14:41:56+00:00
2025-09-24,KTSVK,KAP,KT SUKUK VARLIK KİRALAMA A.Ş. - Pay Dışında Sermaye Piyasası Aracı İşlemlerine İlişkin Bildirim (Faizsiz),Pay Dışında Sermaye Piyasası Aracı İşlemlerine İlişkin Bildirim (Faizsiz) TRDKTSK92537 ISIN Kodlu Kira Sertifikası Kupon ve Anapara Ödeme İşlemi Hk. AKFK,https://www.kap.org.tr/tr/Bildirim/1492505,tr,2025-09-24T13:46:05+00:00
2025-09-24,KTSVK,KAP,KT SUKUK VARLIK KİRALAMA A.Ş. - Tertip İhraç Belgesi,Tertip İhraç Belgesi Tertip İhraç Belgesi 200 Milyon TL LKMNH,https://www.kap.org.tr/tr/Bildirim/1492441,tr,2025-09-24T11:11:02+00:00
2025-09-24,KTSVK,KAP,KT SUKUK VARLIK KİRALAMA A.Ş. - Tertip İhraç Belgesi,Tertip İhraç Belgesi Tertip İhraç Belgesi 300 Milyon TL LKMNH,https://www.kap.org.tr/tr/Bildirim/1492440,tr,2025-09-24T11:10:44+00:00
2025-09-24,KTSVK,KAP,KT SUKUK VARLIK KİRALAMA A.Ş. - Pay Dışında Sermaye Piyasası Aracı İşlemlerine İlişkin Bildirim (Faizsiz),Pay Dışında Sermaye Piyasası Aracı İşlemlerine İlişkin Bildirim (Faizsiz) TRDKTSK32624 ISIN Kodlu Yurtiçi Kira Sertifikası İhracının Satışının Tamamlanması AKFK,https://www.kap.org.tr/tr/Bildirim/1492344,tr,2025-09-24T08:49:00+00:00
2025-09-24,LKMNH,KAP,LOKMAN HEKİM ENGÜRÜSAĞ SAĞLIK TURİZM EĞİTİM HİZMETLERİ VE İNŞAAT TAAHHÜT A.Ş. - Payların Geri Alınmasına İlişkin Bildirim,Payların Geri Alınmasına İlişkin Bildirim Hisse Geri Alımı,https://www.kap.org.tr/tr/Bildirim/1492697,tr,2025-09-24T19:18:26+00:00
2025-09-24,MACKO,KAP,MACKOLİK İNTERNET HİZMETLERİ TİCARET A.Ş. - Özel Durum Açıklaması (Genel),Özel Durum Açıklaması (Genel) Performans Göstergeleri Hk.,https://www.kap.org.tr/tr/Bildirim/1492449,tr,2025-09-24T11:25:12+00:00
2025-09-24,MAVI,KAP,MAVİ GİYİM SANAYİ VE TİCARET A.Ş. - Payların Geri Alınmasına İlişkin Bildirim,Payların Geri Alınmasına İlişkin Bildirim 24.09.2025 Tarihli Pay Geri Alım İşlemleri,https://www.kap.org.tr/tr/Bildirim/1492701,tr,2025-09-24T19:30:09+00:00
2025-09-24,MHRGY,KAP,MHR GAYRİMENKUL YATIRIM ORTAKLIĞI A.Ş. - Şirket Genel Bilgi Formu,Şirket Genel Bilgi Formu,https://www.kap.org.tr/tr/Bildirim/1492407,tr,2025-09-24T10:04:43+00:00
2025-09-24,MIATK,KAP,MİA TEKNOLOJİ A.Ş. - Özel Durum Açıklaması (Genel),Özel Durum Açıklaması (Genel) TÜBİTAK ile METAVERSE Projesi hk.,https://www.kap.org.tr/tr/Bildirim/1492694,tr,2025-09-24T19:07:12+00:00
2025-09-24,MNGFA,KAP,MNG FAKTORİNG A.Ş. - Pay Dışında Sermaye Piyasası Aracı İşlemlerine İlişkin Bildirim (Faiz İçeren),Pay Dışında Sermaye Piyasası Aracı İşlemlerine İlişkin Bildirim (Faiz İçeren) TRFMNGFA2518 ISIN Kodlu Borçlanma Aracı Kupon Ödemesi,https://www.kap.org.tr/tr/Bildirim/1492513,tr,2025-09-24T14:12:51+00:00
2025-09-24,MNGFA,KAP,MNG FAKTORİNG A.Ş. - Pay Dışında Sermaye Piyasası Aracı İşlemlerine İlişkin Bildirim (Faiz İçeren),Pay Dışında Sermaye Piyasası Aracı İşlemlerine İlişkin Bildirim (Faiz İçeren) kupon oranı açıklaması,https://www.kap.org.tr/tr/Bildirim/1492452,tr,2025-09-24T11:31:33+00:00
2025-09-24,NRBNK,KAP,NUROL YATIRIM BANKASI A.Ş. - İhraç Belgesi,İhraç Belgesi Borçlanma Aracı İhraç Belgesi Onayı,https://www.kap.org.tr/tr/Bildirim/1492458,tr,2025-09-24T11:49:59+00:00
2025-09-24,NRBNK,KAP,NUROL YATIRIM BANKASI A.Ş. - İhraç Tavanına İlişkin Bildirim,İhraç Tavanına İlişkin Bildirim Borçlanma Aracı İhraç Belgesi Onayı,https://www.kap.org.tr/tr/Bildirim/1492457,tr,2025-09-24T11:49:52+00:00
2025-09-24,NUGYO,KAP,NUROL GAYRİMENKUL YATIRIM ORTAKLIĞI A.Ş. - Özel Durum Açıklaması (Genel),Özel Durum Açıklaması (Genel) Konsolide Mali Tablo Hazırlanması Hakkında,https://www.kap.org.tr/tr/Bildirim/1492669,tr,2025-09-24T18:29:44+00:00
2025-09-24,NYB,KAP,NUROL YATIRIM BANKASI A.Ş. - İhraç Belgesi,İhraç Belgesi Borçlanma Aracı İhraç Belgesi Onayı,https://www.kap.org.tr/tr/Bildirim/1492458,tr,2025-09-24T11:49:59+00:00
2025-09-24,NYB,KAP,NUROL YATIRIM BANKASI A.Ş. - İhraç Tavanına İlişkin Bildirim,İhraç Tavanına İlişkin Bildirim Borçlanma Aracı İhraç Belgesi Onayı,https://www.kap.org.tr/tr/Bildirim/1492457,tr,2025-09-24T11:49:52+00:00
2025-09-24,OYA,KAP,OYAK YATIRIM MENKUL DEĞERLER A.Ş. - Piyasa Yapıcılığı Kapsamında Gerçekleştirilen İşlemler Bildirimi,Piyasa Yapıcılığı Kapsamında Gerçekleştirilen İşlemler Bildirimi 24/09/2025 TARİHLİ OYAYO PİYASA YAPICILIĞI İŞLEMLERİ OYAYO,https://www.kap.org.tr/tr/Bildirim/1492671,tr,2025-09-24T18:30:26+00:00
2025-09-24,OYAYO,KAP,OYAK YATIRIM ORTAKLIĞI A.Ş. - Özel Durum Açıklaması (Genel),"Özel Durum Açıklaması (Genel) Ortaklık paylarının BİAŞ'ta oluşan ağırlıklı ortalama fiyatının, pay başına net aktif değerinin 2 katını aşması hakkında",https://www.kap.org.tr/tr/Bildirim/1492398,tr,2025-09-24T09:42:49+00:00
2025-09-24,OYYAT,KAP,OYAK YATIRIM MENKUL DEĞERLER A.Ş. - Piyasa Yapıcılığı Kapsamında Gerçekleştirilen İşlemler Bildirimi,Piyasa Yapıcılığı Kapsamında Gerçekleştirilen İşlemler Bildirimi 24/09/2025 TARİHLİ OYAYO PİYASA YAPICILIĞI İŞLEMLERİ OYAYO,https://www.kap.org.tr/tr/Bildirim/1492671,tr,2025-09-24T18:30:26+00:00
2025-09-24,OZYSR,KAP,ÖZYAŞAR TEL VE GALVANİZLEME SANAYİ A.Ş. - Kredi Derecelendirmesi,Kredi Derecelendirmesi Kredi Derecelendirme Notu,https://www.kap.org.tr/tr/Bildirim/1492395,tr,2025-09-24T09:32:36+00:00
2025-09-24,PARSN,KAP,PARSAN MAKİNA PARÇALARI SANAYİİ A.Ş. - Özel Durum Açıklaması (Genel),Özel Durum Açıklaması (Genel) Finansal Tabloların 30.09.2025 tarihi itibarıyla bireysel olarak düzenlenmesi hk.,https://www.kap.org.tr/tr/Bildirim/1492710,tr,2025-09-24T21:57:03+00:00
2025-09-24,PCILT,KAP,PC İLETİŞİM VE MEDYA HİZMETLERİ SANAYİ TİCARET A.Ş. - Payların Geri Alınmasına İlişkin Bildirim,Payların Geri Alınmasına İlişkin Bildirim 24.09.2025 Tarihli Pay Geri Alım İşlemleri,https://www.kap.org.tr/tr/Bildirim/1492713,tr,2025-09-24T23:16:31+00:00
2025-09-24,PNLSN,KAP,PANELSAN ÇATI CEPHE SİSTEMLERİ SANAYİ VE TİCARET A.Ş. - Payların Geri Alınmasına İlişkin Bildirim,Payların Geri Alınmasına İlişkin Bildirim Payların Geri Alınması İşlemlerine İlişkin Bildirim hk.,https://www.kap.org.tr/tr/Bildirim/1492706,tr,2025-09-24T20:03:43+00:00
2025-09-24,PNLSN,KAP,PANELSAN ÇATI CEPHE SİSTEMLERİ SANAYİ VE TİCARET A.Ş. - Payların Geri Alınmasına İlişkin Bildirim,Payların Geri Alınmasına İlişkin Bildirim Payların Geri Alınması İşlemlerine İlişkin Bildirim hk.,https://www.kap.org.tr/tr/Bildirim/1492430,tr,2025-09-24T10:50:08+00:00
2025-09-24,QFINF,KAP,Q FİNANS FAKTORİNG A.Ş. - Pay Dışında Sermaye Piyasası Aracı İşlemlerine İlişkin Bildirim (Faiz İçeren),Pay Dışında Sermaye Piyasası Aracı İşlemlerine İlişkin Bildirim (Faiz İçeren) Finansman Bonosu İhracının Tamamlanması,https://www.kap.org.tr/tr/Bildirim/1492453,tr,2025-09-24T11:34:15+00:00
2025-09-24,RUZYE,KAP,RUZY MADENCİLİK VE ENERJİ YATIRIMLARI SANAYİ VE TİCARET A.Ş. - Olağan Dışı Fiyat ve Miktar Hareketleri,Olağan Dışı Fiyat ve Miktar Hareketleri Olağandışı fiyat ve miktar hareketi hk.,https://www.kap.org.tr/tr/Bildirim/1492529,tr,2025-09-24T15:00:10+00:00
2025-09-24,SAMAT,KAP,SARAY MATBAACILIK KAĞITÇILIK KIRTASİYECİLİK TİCARET VE SANAYİ A.Ş. - Sermaye Artırımı - Azaltımı İşlemlerine İlişkin Bildirim,Sermaye Artırımı - Azaltımı İşlemlerine İlişkin Bildirim Bedelsiz Sermaye Artırımımızın Tescil Edilmesi Hakkında,https://www.kap.org.tr/tr/Bildirim/1492679,tr,2025-09-24T18:48:14+00:00
2025-09-24,SELVA,KAP,SELVA GIDA SANAYİ A.Ş. - Olağan Dışı Fiyat ve Miktar Hareketleri,Olağan Dışı Fiyat ve Miktar Hareketleri Olağan Dışı Fiyat ve Miktar Hareketi hk.,https://www.kap.org.tr/tr/Bildirim/1492574,tr,2025-09-24T16:17:08+00:00
2025-09-24,SMART,KAP,SMARTİKS YAZILIM A.Ş. - Kayıtlı Sermaye Tavanı İşlemlerine İlişkin Bildirim,Kayıtlı Sermaye Tavanı İşlemlerine İlişkin Bildirim Kayıtlı Sermaye Tavanı Artırımının T.C Ticaret Bakanlığı Tarafından Onaylanması Hk.,https://www.kap.org.tr/tr/Bildirim/1492566,tr,2025-09-24T16:07:58+00:00
2025-09-24,SRVGY,KAP,SERVET GAYRİMENKUL YATIRIM ORTAKLIĞI A.Ş. - Esas Sözleşme,Esas Sözleşme 14.08.2025 Tarihli 2024 Yılı Olağan Genel Kurul Toplantısı Sonucu Oluşan Yeni Esas Sözleşme,https://www.kap.org.tr/tr/Bildirim/1492464,tr,2025-09-24T12:34:58+00:00
2025-09-24,TCELL,KAP,TURKCELL İLETİŞİM HİZMETLERİ A.Ş. - İhale Süreci / Sonucu,İhale Süreci / Sonucu BTK İhalesine Katılım,https://www.kap.org.tr/tr/Bildirim/1492708,tr,2025-09-24T20:17:24+00:00
2025-09-24,TGSAS,KAP,TGS DIŞ TİCARET A.Ş. - Şirket Genel Bilgi Formu,Şirket Genel Bilgi Formu,https://www.kap.org.tr/tr/Bildirim/1492421,tr,2025-09-24T10:34:00+00:00
2025-09-24,TGSAS,KAP,TGS DIŞ TİCARET A.Ş. - Yönetim Kurulu Komiteleri,Yönetim Kurulu Komiteleri Yönetim Kurulu Komitelerine Üye Ataması,https://www.kap.org.tr/tr/Bildirim/1492402,tr,2025-09-24T09:56:16+00:00
2025-09-24,TTKOM,KAP,TÜRK TELEKOMÜNİKASYON A.Ş. - Finansal Duran Varlık Edinimi,Finansal Duran Varlık Edinimi Kuzey Kıbrıs Türk Cumhuriyeti?nde Şirket Kuruluşu Hakkında,https://www.kap.org.tr/tr/Bildirim/1492705,tr,2025-09-24T19:47:29+00:00
2025-09-24,TTKOM,KAP,TÜRK TELEKOMÜNİKASYON A.Ş. - Finansal Duran Varlık Edinimi,Finansal Duran Varlık Edinimi Kuzey Kıbrıs Türkiye Cumhuriyeti?nde Şirket Kuruluşu Hakkında,https://www.kap.org.tr/tr/Bildirim/1492704,tr,2025-09-24T19:47:01+00:00
2025-09-24,TTKOM,KAP,TÜRK TELEKOMÜNİKASYON A.Ş. - Özel Durum Açıklaması (Genel),Özel Durum Açıklaması (Genel) GSM (2G) İmtiyaz Sözleşmesi Süre Uzatımı Hakkında,https://www.kap.org.tr/tr/Bildirim/1492667,tr,2025-09-24T18:22:16+00:00
2025-09-24,TUCLK,KAP,TUĞÇELİK ALÜMİNYUM VE METAL MAMÜLLERİ SANAYİ VE TİCARET A.Ş. - Kar Payı Dağıtım İşlemlerine İlişkin Bildirim,Kar Payı Dağıtım İşlemlerine İlişkin Bildirim Kar Payı Dağıtım İşlemlerine İlişkin Bildirim,https://www.kap.org.tr/tr/Bildirim/1492582,tr,2025-09-24T16:39:12+00:00
2025-09-24,UFUK,KAP,UFUK YATIRIM YÖNETİM VE GAYRİMENKUL A.Ş. - Olağan Dışı Fiyat ve Miktar Hareketleri,Olağan Dışı Fiyat ve Miktar Hareketleri Olağan Dışı Fiyat ve Miktar Hareketleri Hakkında,https://www.kap.org.tr/tr/Bildirim/1492598,tr,2025-09-24T17:12:30+00:00
2025-09-24,USAK,KAP,UŞAK SERAMİK SANAYİ A.Ş. - Sermaye Artırımı - Azaltımı İşlemlerine İlişkin Bildirim,Sermaye Artırımı - Azaltımı İşlemlerine İlişkin Bildirim Sermaye Artırımına ilişkin SPK Başvurusu Hk.,https://www.kap.org.tr/tr/Bildirim/1492678,tr,2025-09-24T18:42:59+00:00
2025-09-24,VBTYZ,KAP,VBT YAZILIM A.Ş. - Sermaye Artırımından Elde Edilecek - Edilen Fonun Kullanımına İlişkin Rapor,"Sermaye Artırımından Elde Edilecek - Edilen Fonun Kullanımına İlişkin Rapor Sermaye Artırımından Elde Edilecek Fonun Kullanımına İlişkin Rapor Hakkında,",https://www.kap.org.tr/tr/Bildirim/1492700,tr,2025-09-24T19:23:04+00:00
2025-09-24,VBTYZ,KAP,VBT YAZILIM A.Ş. - Sermaye Artırımı - Azaltımı İşlemlerine İlişkin Bildirim,"Sermaye Artırımı - Azaltımı İşlemlerine İlişkin Bildirim Bedelli Sermaye Artırımı Başvurusu Hakkında,",https://www.kap.org.tr/tr/Bildirim/1492698,tr,2025-09-24T19:21:48+00:00
2025-09-24,VKFYO,KAP,VAKIF MENKUL KIYMET YATIRIM ORTAKLIĞI A.Ş. - Özel Durum Açıklaması (Genel),"Özel Durum Açıklaması (Genel) Şirketimizin BİAŞ'da oluşan ağırlıklı ortalama fiyatın, pay başına net aktif değerin 2 katını aşması sebebiyle yapılan açıklamadır.",https://www.kap.org.tr/tr/Bildirim/1492530,tr,2025-09-24T15:04:15+00:00
2025-09-24,YKB,KAP,YAPI VE KREDİ BANKASI A.Ş. - İhraç Tavanına İlişkin Bildirim,İhraç Tavanına İlişkin Bildirim Yurtdışında İpotek Teminatlı Menkul Kıymet ihraç tavanına ilişkin SPK başvurusu,https://www.kap.org.tr/tr/Bildirim/1492664,tr,2025-09-24T18:21:14+00:00
2025-09-24,YKB,KAP,YAPI VE KREDİ BANKASI A.Ş. - Pay Dışında Sermaye Piyasası Aracı İşlemlerine İlişkin Bildirim (Faiz İçeren),Pay Dışında Sermaye Piyasası Aracı İşlemlerine İlişkin Bildirim (Faiz İçeren) Özkaynak hesaplamasına dahil edilebilir nitelikte yurtiçinde ihraç edilen borçlanma aracının kupon oranı,https://www.kap.org.tr/tr/Bildirim/1492591,tr,2025-09-24T16:56:30+00:00
2025-09-24,YKB,KAP,YAPI VE KREDİ BANKASI A.Ş. - Pay Dışında Sermaye Piyasası Aracı İşlemlerine İlişkin Bildirim (Faiz İçeren),Pay Dışında Sermaye Piyasası Aracı İşlemlerine İlişkin Bildirim (Faiz İçeren) Özkaynak hesaplamasına dahil edilebilir nitelikte yurtiçinde ihraç edilen borçlanma aracının kupon ödemesi,https://www.kap.org.tr/tr/Bildirim/1492528,tr,2025-09-24T15:00:05+00:00
2025-09-24,YKBNK,KAP,YAPI VE KREDİ BANKASI A.Ş. - İhraç Tavanına İlişkin Bildirim,İhraç Tavanına İlişkin Bildirim Yurtdışında İpotek Teminatlı Menkul Kıymet ihraç tavanına ilişkin SPK başvurusu,https://www.kap.org.tr/tr/Bildirim/1492664,tr,2025-09-24T18:21:14+00:00
2025-09-24,YKBNK,KAP,YAPI VE KREDİ BANKASI A.Ş. - Pay Dışında Sermaye Piyasası Aracı İşlemlerine İlişkin Bildirim (Faiz İçeren),Pay Dışında Sermaye Piyasası Aracı İşlemlerine İlişkin Bildirim (Faiz İçeren) Özkaynak hesaplamasına dahil edilebilir nitelikte yurtiçinde ihraç edilen borçlanma aracının kupon oranı,https://www.kap.org.tr/tr/Bildirim/1492591,tr,2025-09-24T16:56:30+00:00
2025-09-24,YKBNK,KAP,YAPI VE KREDİ BANKASI A.Ş. - Pay Dışında Sermaye Piyasası Aracı İşlemlerine İlişkin Bildirim (Faiz İçeren),Pay Dışında Sermaye Piyasası Aracı İşlemlerine İlişkin Bildirim (Faiz İçeren) Özkaynak hesaplamasına dahil edilebilir nitelikte yurtiçinde ihraç edilen borçlanma aracının kupon ödemesi,https://www.kap.org.tr/tr/Bildirim/1492528,tr,2025-09-24T15:00:05+00:00
2025-09-24,YYAPI,KAP,YEŞİL YAPI ENDÜSTRİSİ A.Ş. - Sermaye Artırımı - Azaltımı İşlemlerine İlişkin Bildirim,"Sermaye Artırımı - Azaltımı İşlemlerine İlişkin Bildirim Sermaye Artırımının Tamamlanması ve Toplanan Fon Miktarı Hakkında,",https://www.kap.org.tr/tr/Bildirim/1492629,tr,2025-09-24T17:33:44+00:00
2025-09-24,ZKBVK,KAP,ZİRAAT KATILIM VARLIK KİRALAMA A.Ş. - Tertip İhraç Belgesi,Tertip İhraç Belgesi Tertip İhraç Belgesi ZTB,https://www.kap.org.tr/tr/Bildirim/1492437,tr,2025-09-24T11:06:11+00:00
2025-09-24,ZKBVR,KAP,ZKB VARLIK KİRALAMA A.Ş. - Pay Dışında Sermaye Piyasası Aracı İşlemlerine İlişkin Bildirim (Faizsiz),Pay Dışında Sermaye Piyasası Aracı İşlemlerine İlişkin Bildirim (Faizsiz) TRDZKBV12626 ISIN Kodlu Yurtiçi Kira Sertifikası İhracının Satışının Tamamlanması Hk TRYKI,https://www.kap.org.tr/tr/Bildirim/1492397,tr,2025-09-24T09:35:03+00:00
2025-09-24,ZOREN,KAP,ZORLU ENERJİ ELEKTRİK ÜRETİM A.Ş. - Özel Durum Açıklaması (Genel),Özel Durum Açıklaması (Genel) EPDK Lisans Onayı Hakkında,https://www.kap.org.tr/tr/Bildirim/1492419,tr,2025-09-24T10:26:18+00:00
2025-09-25,A1CAP,KAP,A1 CAPİTAL YATIRIM MENKUL DEĞERLER A.Ş. - Toptan Alış Satış İşlemi Bildirimi,"Toptan Alış Satış İşlemi Bildirimi CW ENERJİ MÜHENDİSLİK TİCARET VE SANAYİ A.Ş. (CWENE) Toptan Alış-Satış Bildirimi Hk. BDS, BIH, BLP, BLS, BLSMD, BULGS, CWENE, FIF, IPB, ISY, KHA, PSP",https://www.kap.org.tr/tr/Bildirim/1493073,tr,2025-09-25T18:11:38+00:00
2025-09-25,A1CAP,KAP,A1 CAPİTAL YATIRIM MENKUL DEĞERLER A.Ş. - Şirket Genel Bilgi Formu,Şirket Genel Bilgi Formu,https://www.kap.org.tr/tr/Bildirim/1493068,tr,2025-09-25T18:10:32+00:00
2025-09-25,A1CAP,KAP,A1 CAPİTAL YATIRIM MENKUL DEĞERLER A.Ş. - Özel Durum Açıklaması (Genel),Özel Durum Açıklaması (Genel) Egeli & Co Tarım Girişim Sermayesi Yatırım Ortaklığı A.Ş. (Egeli & Co) Pay Sahiplerine Zorunlu Pay Alım Teklifi Hk.,https://www.kap.org.tr/tr/Bildirim/1493067,tr,2025-09-25T18:10:25+00:00
2025-09-25,A1CAP,KAP,A1 CAPİTAL YATIRIM MENKUL DEĞERLER A.Ş. - Toptan Alış Satış İşlemi Bildirimi,"Toptan Alış Satış İşlemi Bildirimi CW ENERJİ MÜHENDİSLİK TİCARET VE SANAYİ A.Ş. (CWENE) Toptan Alış-Satış Bildirimi Hk. BDS, BIH, BLP, BLS, BLSMD, BULGS, FIF, IPB, ISY, KHA, PSP",https://www.kap.org.tr/tr/Bildirim/1492941,tr,2025-09-25T15:39:35+00:00
2025-09-25,A1CAP,KAP,A1 CAPİTAL YATIRIM MENKUL DEĞERLER A.Ş. - Pay Dışında Sermaye Piyasası Aracı İşlemlerine İlişkin Bildirim (Faiz İçeren),Pay Dışında Sermaye Piyasası Aracı İşlemlerine İlişkin Bildirim (Faiz İçeren) Borçlanma Aracı İhracı Hk.,https://www.kap.org.tr/tr/Bildirim/1492733,tr,2025-09-25T09:32:02+00:00
2025-09-25,ACP,KAP,A1 CAPİTAL YATIRIM MENKUL DEĞERLER A.Ş. - Toptan Alış Satış İşlemi Bildirimi,"Toptan Alış Satış İşlemi Bildirimi CW ENERJİ MÜHENDİSLİK TİCARET VE SANAYİ A.Ş. (CWENE) Toptan Alış-Satış Bildirimi Hk. BDS, BIH, BLP, BLS, BLSMD, BULGS, CWENE, FIF, IPB, ISY, KHA, PSP",https://www.kap.org.tr/tr/Bildirim/1493073,tr,2025-09-25T18:11:38+00:00
2025-09-25,ACP,KAP,A1 CAPİTAL YATIRIM MENKUL DEĞERLER A.Ş. - Şirket Genel Bilgi Formu,Şirket Genel Bilgi Formu,https://www.kap.org.tr/tr/Bildirim/1493068,tr,2025-09-25T18:10:32+00:00
2025-09-25,ACP,KAP,A1 CAPİTAL YATIRIM MENKUL DEĞERLER A.Ş. - Özel Durum Açıklaması (Genel),Özel Durum Açıklaması (Genel) Egeli & Co Tarım Girişim Sermayesi Yatırım Ortaklığı A.Ş. (Egeli & Co) Pay Sahiplerine Zorunlu Pay Alım Teklifi Hk.,https://www.kap.org.tr/tr/Bildirim/1493067,tr,2025-09-25T18:10:25+00:00
2025-09-25,ACP,KAP,A1 CAPİTAL YATIRIM MENKUL DEĞERLER A.Ş. - Toptan Alış Satış İşlemi Bildirimi,"Toptan Alış Satış İşlemi Bildirimi CW ENERJİ MÜHENDİSLİK TİCARET VE SANAYİ A.Ş. (CWENE) Toptan Alış-Satış Bildirimi Hk. BDS, BIH, BLP, BLS, BLSMD, BULGS, FIF, IPB, ISY, KHA, PSP",https://www.kap.org.tr/tr/Bildirim/1492941,tr,2025-09-25T15:39:35+00:00
2025-09-25,ACP,KAP,A1 CAPİTAL YATIRIM MENKUL DEĞERLER A.Ş. - Pay Dışında Sermaye Piyasası Aracı İşlemlerine İlişkin Bildirim (Faiz İçeren),Pay Dışında Sermaye Piyasası Aracı İşlemlerine İlişkin Bildirim (Faiz İçeren) Borçlanma Aracı İhracı Hk.,https://www.kap.org.tr/tr/Bildirim/1492733,tr,2025-09-25T09:32:02+00:00
2025-09-25,ADESE,KAP,ADESE GAYRİMENKUL YATIRIM A.Ş. - Özel Durum Açıklaması (Genel),Özel Durum Açıklaması (Genel) Bağlı Ortaklığımızın Araç Alım Devirlerinin Gerçekleşmesi Hk.,https://www.kap.org.tr/tr/Bildirim/1493109,tr,2025-09-25T18:37:42+00:00
2025-09-25,AEFES,KAP,ANADOLU EFES BİRACILIK VE MALT SANAYİİ A.Ş. - Özel Durum Açıklaması (Genel),Özel Durum Açıklaması (Genel) Rusya Operasyonlarına İlişkin Çıkan Haberler Hk.,https://www.kap.org.tr/tr/Bildirim/1492834,tr,2025-09-25T12:03:11+00:00
2025-09-25,AFB,KAP,AKTİF YATIRIM BANKASI A.Ş. - Pay Dışında Sermaye Piyasası Aracı İşlemlerine İlişkin Bildirim (Faiz İçeren),Pay Dışında Sermaye Piyasası Aracı İşlemlerine İlişkin Bildirim (Faiz İçeren) Kuponlu Tahvil İhracı ISIN : TRSAKYB92623,https://www.kap.org.tr/tr/Bildirim/1492766,tr,2025-09-25T10:06:30+00:00
2025-09-25,AGHOL,KAP,AG ANADOLU GRUBU HOLDİNG A.Ş. - Pay Dışında Sermaye Piyasası Aracı İşlemlerine İlişkin Bildirim (Faiz İçeren),Pay Dışında Sermaye Piyasası Aracı İşlemlerine İlişkin Bildirim (Faiz İçeren) TRFYAZI62618 ISIN Kodlu TLREF endeksli finansman bonosunun birinci kupon faiz ödemesi,https://www.kap.org.tr/tr/Bildirim/1493088,tr,2025-09-25T18:16:05+00:00
2025-09-25,AHGAZ,KAP,AHLATCI DOĞAL GAZ DAĞITIM ENERJİ VE YATIRIM A.Ş. - Payların Geri Alınmasına İlişkin Bildirim,Payların Geri Alınmasına İlişkin Bildirim 25.09.2025 Tarihli Pay Geri Alım İşlemleri,https://www.kap.org.tr/tr/Bildirim/1493101,tr,2025-09-25T18:30:09+00:00
2025-09-25,AKBNK,KAP,AKBANK T.A.Ş. - Pay Dışında Sermaye Piyasası Aracı İşlemlerine İlişkin Bildirim (Faiz İçeren),Pay Dışında Sermaye Piyasası Aracı İşlemlerine İlişkin Bildirim (Faiz İçeren) Yurtdışı Piyasalara Tahvil İhracı,https://www.kap.org.tr/tr/Bildirim/1493064,tr,2025-09-25T18:04:52+00:00
2025-09-25,AKFGY,KAP,AKFEN GAYRİMENKUL YATIRIM ORTAKLIĞI A.Ş. - Yatırımcı Raporu,Yatırımcı Raporu Aylık Yatırımcı Raporu,https://www.kap.org.tr/tr/Bildirim/1492745,tr,2025-09-25T09:45:19+00:00
2025-09-25,AKFIS,KAP,AKFEN İNŞAAT TURİZM VE TİCARET A.Ş. - Payların Geri Alınmasına İlişkin Bildirim,Payların Geri Alınmasına İlişkin Bildirim 25.09.2025 Tarihli Pay Geri Alım İşlemleri Hk.,https://www.kap.org.tr/tr/Bildirim/1493086,tr,2025-09-25T18:15:46+00:00
2025-09-25,AKFYE,KAP,AKFEN YENİLENEBİLİR ENERJİ A.Ş. - Payların Geri Alınmasına İlişkin Bildirim,Payların Geri Alınmasına İlişkin Bildirim 25.09.2025 Tarihli Pay Geri Alım İşlemleri Hk.,https://www.kap.org.tr/tr/Bildirim/1493087,tr,2025-09-25T18:15:46+00:00
2025-09-25,AKM,KAP,AK YATIRIM MENKUL DEĞERLER A.Ş. - Piyasa Yapıcılığı Kapsamında Gerçekleştirilen İşlemler Bildirimi,Piyasa Yapıcılığı Kapsamında Gerçekleştirilen İşlemler Bildirimi 24.09.2025 Tarihli Borsa Yatırım Fonları Piyasa Yapıcı İşlemleri APX30,https://www.kap.org.tr/tr/Bildirim/1492997,tr,2025-09-25T17:09:12+00:00
2025-09-25,AKM,KAP,AK YATIRIM MENKUL DEĞERLER A.Ş. - Piyasa Yapıcılığı Kapsamında Gerçekleştirilen İşlemler Bildirimi,Piyasa Yapıcılığı Kapsamında Gerçekleştirilen İşlemler Bildirimi 18.09.2025 Tarihli Borsa Yatırım Fonları Piyasa Yapıcı İşlemleri APMDL,https://www.kap.org.tr/tr/Bildirim/1492811,tr,2025-09-25T11:32:59+00:00
2025-09-25,AKM,KAP,AK YATIRIM MENKUL DEĞERLER A.Ş. - Pay Dışında Sermaye Piyasası Aracı İşlemlerine İlişkin Bildirim (Faiz İçeren),Pay Dışında Sermaye Piyasası Aracı İşlemlerine İlişkin Bildirim (Faiz İçeren) Nitelikli Yatırımcıya Borçlanma Aracı İhracı,https://www.kap.org.tr/tr/Bildirim/1492810,tr,2025-09-25T11:32:10+00:00
2025-09-25,AKMEN,KAP,AK YATIRIM MENKUL DEĞERLER A.Ş. - Piyasa Yapıcılığı Kapsamında Gerçekleştirilen İşlemler Bildirimi,Piyasa Yapıcılığı Kapsamında Gerçekleştirilen İşlemler Bildirimi 24.09.2025 Tarihli Borsa Yatırım Fonları Piyasa Yapıcı İşlemleri APX30,https://www.kap.org.tr/tr/Bildirim/1492997,tr,2025-09-25T17:09:12+00:00
2025-09-25,AKMEN,KAP,AK YATIRIM MENKUL DEĞERLER A.Ş. - Piyasa Yapıcılığı Kapsamında Gerçekleştirilen İşlemler Bildirimi,Piyasa Yapıcılığı Kapsamında Gerçekleştirilen İşlemler Bildirimi 18.09.2025 Tarihli Borsa Yatırım Fonları Piyasa Yapıcı İşlemleri APMDL,https://www.kap.org.tr/tr/Bildirim/1492811,tr,2025-09-25T11:32:59+00:00
2025-09-25,AKMEN,KAP,AK YATIRIM MENKUL DEĞERLER A.Ş. - Pay Dışında Sermaye Piyasası Aracı İşlemlerine İlişkin Bildirim (Faiz İçeren),Pay Dışında Sermaye Piyasası Aracı İşlemlerine İlişkin Bildirim (Faiz İçeren) Nitelikli Yatırımcıya Borçlanma Aracı İhracı,https://www.kap.org.tr/tr/Bildirim/1492810,tr,2025-09-25T11:32:10+00:00
2025-09-25,AKTIF,KAP,AKTİF YATIRIM BANKASI A.Ş. - Pay Dışında Sermaye Piyasası Aracı İşlemlerine İlişkin Bildirim (Faiz İçeren),Pay Dışında Sermaye Piyasası Aracı İşlemlerine İlişkin Bildirim (Faiz İçeren) Kuponlu Tahvil İhracı ISIN : TRSAKYB92623,https://www.kap.org.tr/tr/Bildirim/1492766,tr,2025-09-25T10:06:30+00:00
2025-09-25,ALJF,KAP,ALJ FİNANSMAN A.Ş. - Pay Dışında Sermaye Piyasası Aracı İşlemlerine İlişkin Bildirim (Faiz İçeren),Pay Dışında Sermaye Piyasası Aracı İşlemlerine İlişkin Bildirim (Faiz İçeren) TRSALJF92615 ISIN Kodlu Tahvil İhracı Hakkında,https://www.kap.org.tr/tr/Bildirim/1492771,tr,2025-09-25T10:14:54+00:00
2025-09-25,ALJF,KAP,ALJ FİNANSMAN A.Ş. - Özel Durum Açıklaması (Genel),Özel Durum Açıklaması (Genel) Sermaye Piyasası Aracı İhracına İlişkin Yönetim Kurulu Kararı,https://www.kap.org.tr/tr/Bildirim/1492756,tr,2025-09-25T09:59:44+00:00
2025-09-25,ALKA,KAP,ALKİM KAĞIT SANAYİ VE TİCARET A.Ş. - Olağan Dışı Fiyat ve Miktar Hareketleri,Olağan Dışı Fiyat ve Miktar Hareketleri Olağandışı Fiyat ve Miktar Harketi Hk.,https://www.kap.org.tr/tr/Bildirim/1492719,tr,2025-09-25T09:03:10+00:00
2025-09-25,ALKLC,KAP,ALTINKILIÇ GIDA VE SÜT SANAYİ TİCARET A.Ş. - Pay Dışında Sermaye Piyasası Aracı İşlemlerine İlişkin Bildirim (Faiz İçeren),Pay Dışında Sermaye Piyasası Aracı İşlemlerine İlişkin Bildirim (Faiz İçeren) TRFALTK92520 ISIN Kodlu Bononun İtfası,https://www.kap.org.tr/tr/Bildirim/1492937,tr,2025-09-25T15:37:38+00:00
2025-09-25,ALKLC,KAP,ALTINKILIÇ GIDA VE SÜT SANAYİ TİCARET A.Ş. - Pay Dışında Sermaye Piyasası Aracı İşlemlerine İlişkin Bildirim (Faiz İçeren),Pay Dışında Sermaye Piyasası Aracı İşlemlerine İlişkin Bildirim (Faiz İçeren) TRFALTK92512 ISIN Kodlu Bononun İtfası,https://www.kap.org.tr/tr/Bildirim/1492936,tr,2025-09-25T15:37:17+00:00
2025-09-25,ALKLC,KAP,ALTINKILIÇ GIDA VE SÜT SANAYİ TİCARET A.Ş. - Pay Dışında Sermaye Piyasası Aracı İşlemlerine İlişkin Bildirim (Faiz İçeren),Pay Dışında Sermaye Piyasası Aracı İşlemlerine İlişkin Bildirim (Faiz İçeren) Finansman Bonosu İhracı,https://www.kap.org.tr/tr/Bildirim/1492795,tr,2025-09-25T10:52:36+00:00
2025-09-25,ALNUS,KAP,ALNUS YATIRIM MENKUL DEĞERLER A.Ş. - Şirket Genel Bilgi Formu,Şirket Genel Bilgi Formu,https://www.kap.org.tr/tr/Bildirim/1492818,tr,2025-09-25T11:52:08+00:00
2025-09-25,ANC,KAP,ALNUS YATIRIM MENKUL DEĞERLER A.Ş. - Şirket Genel Bilgi Formu,Şirket Genel Bilgi Formu,https://www.kap.org.tr/tr/Bildirim/1492818,tr,2025-09-25T11:52:08+00:00
2025-09-25,ARCLK,KAP,ARÇELİK A.Ş. - Pay Dışında Sermaye Piyasası Aracı İşlemlerine İlişkin Bildirim (Faiz İçeren),Pay Dışında Sermaye Piyasası Aracı İşlemlerine İlişkin Bildirim (Faiz İçeren) XS2695038401 ISIN Kodlu Tahvilin Kupon Ödemesi,https://www.kap.org.tr/tr/Bildirim/1493097,tr,2025-09-25T18:23:56+00:00
2025-09-25,ARCLK,KAP,ARÇELİK A.Ş. - Pay Dışında Sermaye Piyasası Aracı İşlemlerine İlişkin Bildirim (Faiz İçeren),Pay Dışında Sermaye Piyasası Aracı İşlemlerine İlişkin Bildirim (Faiz İçeren) XS2721520802 ISIN kodlu Tahvilin Kupon Ödemesi,https://www.kap.org.tr/tr/Bildirim/1493096,tr,2025-09-25T18:23:36+00:00
2025-09-25,ASELS,KAP,ASELSAN ELEKTRONİK SANAYİ VE TİCARET A.Ş. - Şirket Genel Bilgi Formu,Şirket Genel Bilgi Formu,https://www.kap.org.tr/tr/Bildirim/1492947,tr,2025-09-25T15:51:35+00:00
2025-09-25,ASELS,KAP,ASELSAN ELEKTRONİK SANAYİ VE TİCARET A.Ş. - Sürdürülebilirlik Raporu,Sürdürülebilirlik Raporu ASELSAN Elektronik Sanayi ve Ticaret A.Ş. 2024 yılı Sürdürülebilirlik Raporu,https://www.kap.org.tr/tr/Bildirim/1492946,tr,2025-09-25T15:51:15+00:00
2025-09-25,AYDEM,KAP,AYDEM YENİLENEBİLİR ENERJİ A.Ş. - Tertip İhraç Belgesi,Tertip İhraç Belgesi Tertip İhraç Onayı,https://www.kap.org.tr/tr/Bildirim/1493108,tr,2025-09-25T18:35:40+00:00
2025-09-25,BEGYO,KAP,BATI EGE GAYRİMENKUL YATIRIM ORTAKLIĞI A.Ş. - Bağımsız Denetim Kuruluşunun Belirlenmesi,Bağımsız Denetim Kuruluşunun Belirlenmesi Bağımsız Denetim Kuruluşu Seçiminin Genel Kurulda Onaylanması,https://www.kap.org.tr/tr/Bildirim/1492907,tr,2025-09-25T14:33:22+00:00
2025-09-25,BEGYO,KAP,BATI EGE GAYRİMENKUL YATIRIM ORTAKLIĞI A.Ş. - Kar Payı Dağıtım İşlemlerine İlişkin Bildirim,Kar Payı Dağıtım İşlemlerine İlişkin Bildirim Kar Payı Dağıtımına İlişkin Genel Kurulu Kararı,https://www.kap.org.tr/tr/Bildirim/1492906,tr,2025-09-25T14:32:43+00:00
2025-09-25,BEGYO,KAP,BATI EGE GAYRİMENKUL YATIRIM ORTAKLIĞI A.Ş. - Genel Kurul İşlemlerine İlişkin Bildirim,Genel Kurul İşlemlerine İlişkin Bildirim 2024 Yılı Olağan Genel Kurul Toplantısı Sonucu,https://www.kap.org.tr/tr/Bildirim/1492892,tr,2025-09-25T14:21:42+00:00
2025-09-25,BIGTK,KAP,DOĞAN BURDA DERGİ YAYINCILIK VE PAZARLAMA A.Ş. - Kayıtlı Sermaye Tavanı İşlemlerine İlişkin Bildirim,Kayıtlı Sermaye Tavanı İşlemlerine İlişkin Bildirim OlağanÜstü Genel Kurul Toplantı Sonuç Bildirimi,https://www.kap.org.tr/tr/Bildirim/1492933,tr,2025-09-25T15:17:41+00:00
2025-09-25,BIGTK,KAP,DOĞAN BURDA DERGİ YAYINCILIK VE PAZARLAMA A.Ş. - Genel Kurul İşlemlerine İlişkin Bildirim,Genel Kurul İşlemlerine İlişkin Bildirim OlağanÜstü Genel Kurul Toplantı Sonuç Bildirimi,https://www.kap.org.tr/tr/Bildirim/1492929,tr,2025-09-25T15:12:58+00:00
2025-09-25,BOBET,KAP,BOĞAZİÇİ BETON SANAYİ VE TİCARET A.Ş. - Payların Geri Alınmasına İlişkin Bildirim,"Payların Geri Alınmasına İlişkin Bildirim 25.09.2025 Tarihli Pay Geri Alım İşlemleri Hakkında,",https://www.kap.org.tr/tr/Bildirim/1493071,tr,2025-09-25T18:11:15+00:00
2025-09-25,BRKO,KAP,BİRKO BİRLEŞİK KOYUNLULULAR MENSUCAT TİCARET VE SANAYİ A.Ş. - Şirket Genel Bilgi Formu,Şirket Genel Bilgi Formu,https://www.kap.org.tr/tr/Bildirim/1492977,tr,2025-09-25T16:35:23+00:00
2025-09-25,BRKVY,KAP,BİRİKİM VARLIK YÖNETİM A.Ş. - Kayıtlı Sermaye Tavanı İşlemlerine İlişkin Bildirim,Kayıtlı Sermaye Tavanı İşlemlerine İlişkin Bildirim Kayıtlı Sermaye Tavanının Arttırılması ve Esas Sözleşme Değişikliğine İlişkin SPK Onayı Hakkında,https://www.kap.org.tr/tr/Bildirim/1492923,tr,2025-09-25T15:06:18+00:00
2025-09-25,CAGFA,KAP,ÇAĞDAŞ FAKTORİNG A.Ş. - Pay Dışında Sermaye Piyasası Aracı İşlemlerine İlişkin Bildirim (Faiz İçeren),Pay Dışında Sermaye Piyasası Aracı İşlemlerine İlişkin Bildirim (Faiz İçeren) TRFCGDF32641 ISIN kodlu ihracın 2.kupon faiz oranının belirlenmesi,https://www.kap.org.tr/tr/Bildirim/1492990,tr,2025-09-25T16:51:38+00:00
2025-09-25,CAGFA,KAP,ÇAĞDAŞ FAKTORİNG A.Ş. - Pay Dışında Sermaye Piyasası Aracı İşlemlerine İlişkin Bildirim (Faiz İçeren),Pay Dışında Sermaye Piyasası Aracı İşlemlerine İlişkin Bildirim (Faiz İçeren) TRSCGDF62617 ISIN kodlu ihracın 1.kupon faiz ödemesinin gerçekleştirilmesi,https://www.kap.org.tr/tr/Bildirim/1492989,tr,2025-09-25T16:51:19+00:00
2025-09-25,CAGFA,KAP,ÇAĞDAŞ FAKTORİNG A.Ş. - Pay Dışında Sermaye Piyasası Aracı İşlemlerine İlişkin Bildirim (Faiz İçeren),Pay Dışında Sermaye Piyasası Aracı İşlemlerine İlişkin Bildirim (Faiz İçeren) TRFCGDF32633 ISIN kodlu ihracın 2.kupon faiz ödemesinin gerçekleştirilmesi,https://www.kap.org.tr/tr/Bildirim/1492988,tr,2025-09-25T16:50:54+00:00
2025-09-25,CAGFA,KAP,ÇAĞDAŞ FAKTORİNG A.Ş. - Pay Dışında Sermaye Piyasası Aracı İşlemlerine İlişkin Bildirim (Faiz İçeren),Pay Dışında Sermaye Piyasası Aracı İşlemlerine İlişkin Bildirim (Faiz İçeren) TRFCGDF92512 ISIN kodlu ihracın 1.kupon faiz oranının belirlenmesi,https://www.kap.org.tr/tr/Bildirim/1492987,tr,2025-09-25T16:50:31+00:00
2025-09-25,CWENE,KAP,CW ENERJİ MÜHENDİSLİK TİCARET VE SANAYİ A.Ş. - Şirket Genel Bilgi Formu,Şirket Genel Bilgi Formu,https://www.kap.org.tr/tr/Bildirim/1493117,tr,2025-09-25T19:02:53+00:00
2025-09-25,CWENE,KAP,CW ENERJİ MÜHENDİSLİK TİCARET VE SANAYİ A.Ş. - Özel Durum Açıklaması (Genel),Özel Durum Açıklaması (Genel) Toptan Satışlar Pazarında Kurumsal Yatırımcılara Satış hakkında,https://www.kap.org.tr/tr/Bildirim/1493116,tr,2025-09-25T19:02:34+00:00
2025-09-25,CWENE,KAP,CW ENERJİ MÜHENDİSLİK TİCARET VE SANAYİ A.Ş. - Hak Kullanım Süreç İptal Bildirimi,Hak Kullanım Süreç İptal Bildirimi Pay Geri Alım İşlemleri İptal Kararı Hakkında,https://www.kap.org.tr/tr/Bildirim/1492920,tr,2025-09-25T14:54:42+00:00
2025-09-25,DENVA,KAP,DENGE VARLIK YÖNETİM A.Ş. - Özel Durum Açıklaması (Genel),"Özel Durum Açıklaması (Genel) İhale sonrası Devir ve Temlik İşlemlerinin tamamlanması YKB, YKBNK",https://www.kap.org.tr/tr/Bildirim/1492767,tr,2025-09-25T10:07:24+00:00
2025-09-25,DVRLK,KAP,D VARLIK KİRALAMA A.Ş. - Tertip İhraç Belgesi,Tertip İhraç Belgesi Tertip İhraç Belgesi Hk. DYBNK,https://www.kap.org.tr/tr/Bildirim/1492806,tr,2025-09-25T11:08:23+00:00
2025-09-25,ECOGR,KAP,ECOGREEN ENERJİ HOLDİNG A.Ş. - İhraç Tavanına İlişkin Bildirim,İhraç Tavanına İlişkin Bildirim Borçlanma Aracı İhraç Belgesi Onayı,https://www.kap.org.tr/tr/Bildirim/1492980,tr,2025-09-25T16:41:59+00:00
2025-09-25,EGEEN,KAP,EGE ENDÜSTRİ VE TİCARET A.Ş. - Özel Durum Açıklaması (Genel),Özel Durum Açıklaması (Genel) Bağlı Ortaklığımızın sermaye artırımına iştirak kararı,https://www.kap.org.tr/tr/Bildirim/1493066,tr,2025-09-25T18:10:10+00:00
2025-09-25,EMVAR,KAP,EMLAK VARLIK KİRALAMA A.Ş. - Tertip İhraç Belgesi,Tertip İhraç Belgesi Tertip İhraç Belgesi,https://www.kap.org.tr/tr/Bildirim/1492999,tr,2025-09-25T17:18:26+00:00
2025-09-25,EMVAR,KAP,EMLAK VARLIK KİRALAMA A.Ş. - Pay Dışında Sermaye Piyasası Aracı İşlemlerine İlişkin Bildirim (Faizsiz),Pay Dışında Sermaye Piyasası Aracı İşlemlerine İlişkin Bildirim (Faizsiz) TRDEMVK32634 ISIN Kodlu Kira Sertifikası İhracının Nitelikli Yatırımcıya Satışının Tamamlanması Hk.,https://www.kap.org.tr/tr/Bildirim/1492744,tr,2025-09-25T09:43:00+00:00
2025-09-25,ENERY,KAP,ENERYA ENERJİ A.Ş. - Payların Geri Alınmasına İlişkin Bildirim,Payların Geri Alınmasına İlişkin Bildirim 25.09.2025 Tarihli Pay Geri Alım İşlemleri,https://www.kap.org.tr/tr/Bildirim/1493102,tr,2025-09-25T18:30:39+00:00
2025-09-25,ENJSA,KAP,ENERJİSA ENERJİ A.Ş. - Pay Dışında Sermaye Piyasası Aracı İşlemlerine İlişkin Bildirim (Faiz İçeren),Pay Dışında Sermaye Piyasası Aracı İşlemlerine İlişkin Bildirim (Faiz İçeren) TRSENSA92516 ISIN kodlu tahvilin 8.kupon ve itfa ödemesi,https://www.kap.org.tr/tr/Bildirim/1492998,tr,2025-09-25T17:17:24+00:00
2025-09-25,ENTRA,KAP,IC ENTERRA YENİLENEBİLİR ENERJİ A.Ş. - İzahname (SPK Onayına Sunulan),İzahname (SPK Onayına Sunulan) İzahname (SPK Onayına Sunulan),https://www.kap.org.tr/tr/Bildirim/1493010,tr,2025-09-25T17:29:44+00:00
2025-09-25,ENTRA,KAP,IC ENTERRA YENİLENEBİLİR ENERJİ A.Ş. - Sermaye Artırımından Elde Edilecek - Edilen Fonun Kullanımına İlişkin Rapor,Sermaye Artırımından Elde Edilecek - Edilen Fonun Kullanımına İlişkin Rapor Sermaye Artırımından Elde Edilecek Fonun Kullanımına İlişkin Rapor,https://www.kap.org.tr/tr/Bildirim/1493009,tr,2025-09-25T17:29:07+00:00
2025-09-25,ENTRA,KAP,IC ENTERRA YENİLENEBİLİR ENERJİ A.Ş. - Sermaye Artırımı - Azaltımı İşlemlerine İlişkin Bildirim,Sermaye Artırımı - Azaltımı İşlemlerine İlişkin Bildirim Bedelsiz ve Bedelli Sermaye Artırımı,https://www.kap.org.tr/tr/Bildirim/1493008,tr,2025-09-25T17:28:45+00:00
2025-09-25,ESCOM,KAP,ESCORT TEKNOLOJİ YATIRIM A.Ş. - Genel Kurul İşlemlerine İlişkin Bildirim,"Genel Kurul İşlemlerine İlişkin Bildirim 2024 Yılı Olağan Genel Kurul Toplantı sonucu hakkında,",https://www.kap.org.tr/tr/Bildirim/1493080,tr,2025-09-25T18:14:27+00:00
2025-09-25,ETYAT,KAP,EURO TREND YATIRIM ORTAKLIĞI A.Ş. - Özel Durum Açıklaması (Genel),"Özel Durum Açıklaması (Genel) BİAŞ'da oluşan ağırlıklı ortalama fiyatın,pay başına net aktif değerin 2 katını aşması",https://www.kap.org.tr/tr/Bildirim/1492916,tr,2025-09-25T14:47:35+00:00
2025-09-25,EUKYO,KAP,EURO KAPİTAL YATIRIM ORTAKLIĞI A.Ş. - Özel Durum Açıklaması (Genel),"Özel Durum Açıklaması (Genel) BİAŞ'da oluşan ağırlıklı ortalama fiyatın,pay başına net aktif değerin 2 katını aşması",https://www.kap.org.tr/tr/Bildirim/1492918,tr,2025-09-25T14:48:15+00:00
2025-09-25,EUYO,KAP,EURO MENKUL KIYMET YATIRIM ORTAKLIĞI A.Ş. - Özel Durum Açıklaması (Genel),"Özel Durum Açıklaması (Genel) BİAŞ'da oluşan ağırlıklı ortalama fiyatın,pay başına net aktif değerin 2 katını aşması",https://www.kap.org.tr/tr/Bildirim/1492912,tr,2025-09-25T14:37:36+00:00
2025-09-25,EXIMB,KAP,TÜRKİYE İHRACAT KREDİ BANKASI A.Ş. - Pay Dışında Sermaye Piyasası Aracı İşlemlerine İlişkin Bildirim (Faiz İçeren),Pay Dışında Sermaye Piyasası Aracı İşlemlerine İlişkin Bildirim (Faiz İçeren) GMTN programı çerçevesinde yurt dışında borçlanma aracı ihracı,https://www.kap.org.tr/tr/Bildirim/1493078,tr,2025-09-25T18:13:57+00:00
2025-09-25,EXIMB,KAP,TÜRKİYE İHRACAT KREDİ BANKASI A.Ş. - Pay Dışında Sermaye Piyasası Aracı İşlemlerine İlişkin Bildirim (Faiz İçeren),Pay Dışında Sermaye Piyasası Aracı İşlemlerine İlişkin Bildirim (Faiz İçeren) ISIN Kodlu Finansman Bonosunun İtfası Hk,https://www.kap.org.tr/tr/Bildirim/1492991,tr,2025-09-25T16:56:01+00:00
2025-09-25,FIN,KAP,QNB BANK A.Ş. - Pay Dışında Sermaye Piyasası Aracı İşlemlerine İlişkin Bildirim (Faiz İçeren),Pay Dışında Sermaye Piyasası Aracı İşlemlerine İlişkin Bildirim (Faiz İçeren) MTN programı kapsamında yurtdışında ihraç edilen borçlanma aracının ihracı,https://www.kap.org.tr/tr/Bildirim/1492863,tr,2025-09-25T12:20:31+00:00
2025-09-25,FIN,KAP,QNB BANK A.Ş. - Pay Dışında Sermaye Piyasası Aracı İşlemlerine İlişkin Bildirim (Faiz İçeren),Pay Dışında Sermaye Piyasası Aracı İşlemlerine İlişkin Bildirim (Faiz İçeren) MTN programı kapsamında yurtdışında ihraç edilen borçlanma aracının ihracı,https://www.kap.org.tr/tr/Bildirim/1492862,tr,2025-09-25T12:20:10+00:00
2025-09-25,FIN,KAP,QNB BANK A.Ş. - Pay Dışında Sermaye Piyasası Aracı İşlemlerine İlişkin Bildirim (Faiz İçeren),Pay Dışında Sermaye Piyasası Aracı İşlemlerine İlişkin Bildirim (Faiz İçeren) MTN programı kapsamında yurtdışında ihraç edilen borçlanma aracının itfası,https://www.kap.org.tr/tr/Bildirim/1492861,tr,2025-09-25T12:19:36+00:00
2025-09-25,GEDIK,KAP,GEDİK YATIRIM MENKUL DEĞERLER A.Ş. - Pay Dışında Sermaye Piyasası Aracı İşlemlerine İlişkin Bildirim (Faiz İçeren),Pay Dışında Sermaye Piyasası Aracı İşlemlerine İlişkin Bildirim (Faiz İçeren) Finansman bono itfası hk.,https://www.kap.org.tr/tr/Bildirim/1492787,tr,2025-09-25T10:46:04+00:00
2025-09-25,GGBVK,KAP,GOLDEN GLOBAL VARLIK KİRALAMA A.Ş. - Pay Dışında Sermaye Piyasası Aracı İşlemlerine İlişkin Bildirim (Faizsiz),Pay Dışında Sermaye Piyasası Aracı İşlemlerine İlişkin Bildirim (Faizsiz) Yurtiçinde Kira Sertifikası İhracının Nitelikli Yatırımcıya Satışının Tamamlanması Hk. GGI,https://www.kap.org.tr/tr/Bildirim/1492770,tr,2025-09-25T10:13:28+00:00
2025-09-25,GGBVK,KAP,GOLDEN GLOBAL VARLIK KİRALAMA A.Ş. - Pay Dışında Sermaye Piyasası Aracı İşlemlerine İlişkin Bildirim (Faizsiz),Pay Dışında Sermaye Piyasası Aracı İşlemlerine İlişkin Bildirim (Faizsiz) Yurtiçinde Kira Sertifikası İhracının Nitelikli Yatırımcıya Satışının Tamamlanması Hk. GGI,https://www.kap.org.tr/tr/Bildirim/1492753,tr,2025-09-25T09:57:39+00:00
2025-09-25,GLCVY,KAP,GELECEK VARLIK YÖNETİMİ A.Ş. - Özel Durum Açıklaması (Genel),"Özel Durum Açıklaması (Genel) Tahsili Gecikmiş Alacak Portföyü Alımı FBB, FBBNK",https://www.kap.org.tr/tr/Bildirim/1493122,tr,2025-09-25T22:39:58+00:00
2025-09-25,GRNYO,KAP,GARANTİ YATIRIM ORTAKLIĞI A.Ş. - Özel Durum Açıklaması (Genel),"Özel Durum Açıklaması (Genel) Paylarının BİAŞ'ta oluşan ağırlıklı ortalama fiyatının, pay başına net aktif değerinin 2 katını aşması hakkında.",https://www.kap.org.tr/tr/Bildirim/1492755,tr,2025-09-25T09:59:35+00:00
2025-09-25,HALKB,KAP,TÜRKİYE HALK BANKASI A.Ş. - Pay Dışında Sermaye Piyasası Aracı İşlemlerine İlişkin Bildirim (Faiz İçeren),Pay Dışında Sermaye Piyasası Aracı İşlemlerine İlişkin Bildirim (Faiz İçeren) Yurtiçinde Nitelikli Yatırımcılara Sermaye Benzeri Tahvil Kupon Oranı,https://www.kap.org.tr/tr/Bildirim/1493063,tr,2025-09-25T17:55:26+00:00
2025-09-25,HATSN,KAP,HAT-SAN GEMİ İNŞAA BAKIM ONARIM DENİZ NAKLİYAT SANAYİ VE TİCARET A.Ş. - Özel Durum Açıklaması (Genel),"Özel Durum Açıklaması (Genel) GEMİ TAMİR, BAKIM VE ONARIM PROJESİNİN TESLİMİ HAKKINDA,",https://www.kap.org.tr/tr/Bildirim/1493091,tr,2025-09-25T18:18:57+00:00
2025-09-25,HEDEF,KAP,HEDEF HOLDİNG A.Ş. - Özel Durum Açıklaması (Genel),"Özel Durum Açıklaması (Genel) Ortaklarımız Arasında İmzalanan Pay Devir Sözleşmesi Hk. COL, HDFGS, HDFYB, HFP, INFO, PSDTC",https://www.kap.org.tr/tr/Bildirim/1492748,tr,2025-09-25T09:50:07+00:00
2025-09-25,HLVKS,KAP,HALK VARLIK KİRALAMA A.Ş. - Pay Dışında Sermaye Piyasası Aracı İşlemlerine İlişkin Bildirim (Faizsiz),Pay Dışında Sermaye Piyasası Aracı İşlemlerine İlişkin Bildirim (Faizsiz) Yurtiçi Kira Sertifikası İhracı Nitelikli Yatırımcıya Satışın Tamamlanması hk. PYCLL,https://www.kap.org.tr/tr/Bildirim/1493107,tr,2025-09-25T18:33:50+00:00
2025-09-25,HLVKS,KAP,HALK VARLIK KİRALAMA A.Ş. - Pay Dışında Sermaye Piyasası Aracı İşlemlerine İlişkin Bildirim (Faizsiz),Pay Dışında Sermaye Piyasası Aracı İşlemlerine İlişkin Bildirim (Faizsiz) Yurtiçi Kira Sertifikası İtfa ve Getiri Ödemesi EKGYO,https://www.kap.org.tr/tr/Bildirim/1492874,tr,2025-09-25T13:44:41+00:00
2025-09-25,INFO,KAP,İNFO YATIRIM MENKUL DEĞERLER A.Ş. - Pay Alım Teklifi Yoluyla Pay Toplanmasına İlişkin Bildirim,"Pay Alım Teklifi Yoluyla Pay Toplanmasına İlişkin Bildirim Pergamon Status Dış Ticaret A.Ş. Pay Sahiplerine Zorunlu Pay Alım Teklifi Hk. HEDEF, PSDTC",https://www.kap.org.tr/tr/Bildirim/1493013,tr,2025-09-25T17:35:28+00:00
2025-09-25,INFO,KAP,İNFO YATIRIM MENKUL DEĞERLER A.Ş. - Yatırım Kuruluşu Varant - Sertifika - Senetlerine İlişkin Bildirim,Yatırım Kuruluşu Varant - Sertifika - Senetlerine İlişkin Bildirim Yatırım Kuruluşu Varantları İlk Satış Fiyatları,https://www.kap.org.tr/tr/Bildirim/1493011,tr,2025-09-25T17:33:06+00:00
2025-09-25,INFO,KAP,İNFO YATIRIM MENKUL DEĞERLER A.Ş. - Özel Durum Açıklaması (Genel),Özel Durum Açıklaması (Genel) Likidite Sağlayıcılık Sözleşmesi İmzalanması Hk. KRVGD,https://www.kap.org.tr/tr/Bildirim/1492958,tr,2025-09-25T16:16:55+00:00
2025-09-25,ISATR,KAP,TÜRKİYE İŞ BANKASI A.Ş. - Pay Dışında Sermaye Piyasası Aracı İşlemlerine İlişkin Bildirim (Faiz İçeren),Pay Dışında Sermaye Piyasası Aracı İşlemlerine İlişkin Bildirim (Faiz İçeren) Nitelikli Yatırımcılara Finansman Bonosu Satışının Tamamlanması,https://www.kap.org.tr/tr/Bildirim/1492743,tr,2025-09-25T09:41:46+00:00
2025-09-25,ISBTR,KAP,TÜRKİYE İŞ BANKASI A.Ş. - Pay Dışında Sermaye Piyasası Aracı İşlemlerine İlişkin Bildirim (Faiz İçeren),Pay Dışında Sermaye Piyasası Aracı İşlemlerine İlişkin Bildirim (Faiz İçeren) Nitelikli Yatırımcılara Finansman Bonosu Satışının Tamamlanması,https://www.kap.org.tr/tr/Bildirim/1492743,tr,2025-09-25T09:41:46+00:00
2025-09-25,ISCTR,KAP,TÜRKİYE İŞ BANKASI A.Ş. - Pay Dışında Sermaye Piyasası Aracı İşlemlerine İlişkin Bildirim (Faiz İçeren),Pay Dışında Sermaye Piyasası Aracı İşlemlerine İlişkin Bildirim (Faiz İçeren) Nitelikli Yatırımcılara Finansman Bonosu Satışının Tamamlanması,https://www.kap.org.tr/tr/Bildirim/1492743,tr,2025-09-25T09:41:46+00:00
2025-09-25,ISKUR,KAP,TÜRKİYE İŞ BANKASI A.Ş. - Pay Dışında Sermaye Piyasası Aracı İşlemlerine İlişkin Bildirim (Faiz İçeren),Pay Dışında Sermaye Piyasası Aracı İşlemlerine İlişkin Bildirim (Faiz İçeren) Nitelikli Yatırımcılara Finansman Bonosu Satışının Tamamlanması,https://www.kap.org.tr/tr/Bildirim/1492743,tr,2025-09-25T09:41:46+00:00
2025-09-25,ISMEN,KAP,İŞ YATIRIM MENKUL DEĞERLER A.Ş. - Piyasa Yapıcılığı Kapsamında Gerçekleştirilen İşlemler Bildirimi,Piyasa Yapıcılığı Kapsamında Gerçekleştirilen İşlemler Bildirimi Borsa Yatırım Fonu Piyasa Yapıcılığı İşlemleri ISGLK,https://www.kap.org.tr/tr/Bildirim/1492888,tr,2025-09-25T14:17:36+00:00
2025-09-25,ISMEN,KAP,İŞ YATIRIM MENKUL DEĞERLER A.Ş. - Yatırım Kuruluşu Varant - Sertifika - Senetlerine İlişkin Bildirim,Yatırım Kuruluşu Varant - Sertifika - Senetlerine İlişkin Bildirim İş Yatırım Sertifika ve Varant Alım Satım İşlemleri,https://www.kap.org.tr/tr/Bildirim/1492886,tr,2025-09-25T14:15:20+00:00
2025-09-25,ISTFK,KAP,İSTANBUL FAKTORİNG A.Ş. - Pay Dışında Sermaye Piyasası Aracı İşlemlerine İlişkin Bildirim (Faiz İçeren),Pay Dışında Sermaye Piyasası Aracı İşlemlerine İlişkin Bildirim (Faiz İçeren) TRFIFASA2523 ISIN kodlu finansman bonosunun 1. kupon oranına ilişkin açıklama,https://www.kap.org.tr/tr/Bildirim/1492996,tr,2025-09-25T17:09:11+00:00
2025-09-25,ISYAT,KAP,İŞ YATIRIM ORTAKLIĞI A.Ş. - Özel Durum Açıklaması (Genel),"Özel Durum Açıklaması (Genel) Ortaklık paylarının BİAŞ'ta oluşan ağırlıklı ortalama fiyatının, pay başına net aktif değerinin 2 katını aşması hakkında",https://www.kap.org.tr/tr/Bildirim/1492790,tr,2025-09-25T10:48:58+00:00
2025-09-25,IYF,KAP,İNFO YATIRIM MENKUL DEĞERLER A.Ş. - Pay Alım Teklifi Yoluyla Pay Toplanmasına İlişkin Bildirim,"Pay Alım Teklifi Yoluyla Pay Toplanmasına İlişkin Bildirim Pergamon Status Dış Ticaret A.Ş. Pay Sahiplerine Zorunlu Pay Alım Teklifi Hk. HEDEF, PSDTC",https://www.kap.org.tr/tr/Bildirim/1493013,tr,2025-09-25T17:35:28+00:00
2025-09-25,IYF,KAP,İNFO YATIRIM MENKUL DEĞERLER A.Ş. - Yatırım Kuruluşu Varant - Sertifika - Senetlerine İlişkin Bildirim,Yatırım Kuruluşu Varant - Sertifika - Senetlerine İlişkin Bildirim Yatırım Kuruluşu Varantları İlk Satış Fiyatları,https://www.kap.org.tr/tr/Bildirim/1493011,tr,2025-09-25T17:33:06+00:00
2025-09-25,IYF,KAP,İNFO YATIRIM MENKUL DEĞERLER A.Ş. - Özel Durum Açıklaması (Genel),Özel Durum Açıklaması (Genel) Likidite Sağlayıcılık Sözleşmesi İmzalanması Hk. KRVGD,https://www.kap.org.tr/tr/Bildirim/1492958,tr,2025-09-25T16:16:55+00:00
2025-09-25,IYM,KAP,İŞ YATIRIM MENKUL DEĞERLER A.Ş. - Piyasa Yapıcılığı Kapsamında Gerçekleştirilen İşlemler Bildirimi,Piyasa Yapıcılığı Kapsamında Gerçekleştirilen İşlemler Bildirimi Borsa Yatırım Fonu Piyasa Yapıcılığı İşlemleri ISGLK,https://www.kap.org.tr/tr/Bildirim/1492888,tr,2025-09-25T14:17:36+00:00
2025-09-25,IYM,KAP,İŞ YATIRIM MENKUL DEĞERLER A.Ş. - Yatırım Kuruluşu Varant - Sertifika - Senetlerine İlişkin Bildirim,Yatırım Kuruluşu Varant - Sertifika - Senetlerine İlişkin Bildirim İş Yatırım Sertifika ve Varant Alım Satım İşlemleri,https://www.kap.org.tr/tr/Bildirim/1492886,tr,2025-09-25T14:15:20+00:00
2025-09-25,KLGYO,KAP,KİLER GAYRİMENKUL YATIRIM ORTAKLIĞI A.Ş. - Şirket Genel Bilgi Formu,Şirket Genel Bilgi Formu,https://www.kap.org.tr/tr/Bildirim/1493115,tr,2025-09-25T19:02:08+00:00
2025-09-25,KLN,KAP,TÜRKİYE KALKINMA VE YATIRIM BANKASI A.Ş. - Maddi Duran Varlık Satımı,Maddi Duran Varlık Satımı Maddi Duran Varlık Satışı,https://www.kap.org.tr/tr/Bildirim/1492913,tr,2025-09-25T14:43:44+00:00
2025-09-25,KLNMA,KAP,TÜRKİYE KALKINMA VE YATIRIM BANKASI A.Ş. - Maddi Duran Varlık Satımı,Maddi Duran Varlık Satımı Maddi Duran Varlık Satışı,https://www.kap.org.tr/tr/Bildirim/1492913,tr,2025-09-25T14:43:44+00:00
2025-09-25,KNTFA,KAP,KENT FİNANS FAKTORİNG A.Ş. - Pay Dışında Sermaye Piyasası Aracı İşlemlerine İlişkin Bildirim (Faiz İçeren),Pay Dışında Sermaye Piyasası Aracı İşlemlerine İlişkin Bildirim (Faiz İçeren) Finansman Bonosu İhracı Hk.,https://www.kap.org.tr/tr/Bildirim/1492742,tr,2025-09-25T09:41:09+00:00
2025-09-25,KOCMT,KAP,KOÇ METALURJİ A.Ş. - Maddi Duran Varlık Alımı,Maddi Duran Varlık Alımı Haddehane Yatırımı Kapsamında Arsa Alımı,https://www.kap.org.tr/tr/Bildirim/1493069,tr,2025-09-25T18:10:56+00:00
2025-09-25,KTSVK,KAP,KT SUKUK VARLIK KİRALAMA A.Ş. - Tertip İhraç Belgesi,Tertip İhraç Belgesi Tertip İhraç Belgesi 300 Milyon TL-2,https://www.kap.org.tr/tr/Bildirim/1492805,tr,2025-09-25T11:06:34+00:00
2025-09-25,KTSVK,KAP,KT SUKUK VARLIK KİRALAMA A.Ş. - Tertip İhraç Belgesi,Tertip İhraç Belgesi Tertip İhraç Belgesi 300 Milyon TL-1,https://www.kap.org.tr/tr/Bildirim/1492804,tr,2025-09-25T11:05:56+00:00
2025-09-25,KTSVK,KAP,KT SUKUK VARLIK KİRALAMA A.Ş. - Tertip İhraç Belgesi,Tertip İhraç Belgesi Tertip İhraç Belgesi 250 Milyon TL-2,https://www.kap.org.tr/tr/Bildirim/1492803,tr,2025-09-25T11:05:03+00:00
2025-09-25,KTSVK,KAP,KT SUKUK VARLIK KİRALAMA A.Ş. - Tertip İhraç Belgesi,Tertip İhraç Belgesi Tertip İhraç Belgesi 250 Milyon TL-1,https://www.kap.org.tr/tr/Bildirim/1492802,tr,2025-09-25T11:04:03+00:00
2025-09-25,KTSVK,KAP,KT SUKUK VARLIK KİRALAMA A.Ş. - Tertip İhraç Belgesi,Tertip İhraç Belgesi Tertip İhraç Belgesi 400 Milyon TL,https://www.kap.org.tr/tr/Bildirim/1492801,tr,2025-09-25T11:03:04+00:00
2025-09-25,LIDFA,KAP,LİDER FAKTORİNG A.Ş. - Özel Durum Açıklaması (Genel),"Özel Durum Açıklaması (Genel) İhale sonrası Devir ve Temlik İşlemlerinin tamamlanması YKB, YKBNK",https://www.kap.org.tr/tr/Bildirim/1492751,tr,2025-09-25T09:55:10+00:00
2025-09-25,LKMNH,KAP,LOKMAN HEKİM ENGÜRÜSAĞ SAĞLIK TURİZM EĞİTİM HİZMETLERİ VE İNŞAAT TAAHHÜT A.Ş. - Payların Geri Alınmasına İlişkin Bildirim,Payların Geri Alınmasına İlişkin Bildirim Hisse Geri Alımı,https://www.kap.org.tr/tr/Bildirim/1493113,tr,2025-09-25T18:48:27+00:00
2025-09-25,MAVI,KAP,MAVİ GİYİM SANAYİ VE TİCARET A.Ş. - Payların Geri Alınmasına İlişkin Bildirim,Payların Geri Alınmasına İlişkin Bildirim 25.09.2025 Tarihli Pay Geri Alım İşlemleri,https://www.kap.org.tr/tr/Bildirim/1493119,tr,2025-09-25T19:31:00+00:00
2025-09-25,MEKMD,KAP,MEKSA YATIRIM MENKUL DEĞERLER A.Ş. - Şirket Genel Bilgi Formu,Şirket Genel Bilgi Formu,https://www.kap.org.tr/tr/Bildirim/1492868,tr,2025-09-25T12:34:14+00:00
2025-09-25,MNDTR,KAP,MONDİ TURKEY OLUKLU MUKAVVA KAĞIT VE AMBALAJ SANAYİ A.Ş. - Özel Durum Açıklaması (Genel),Özel Durum Açıklaması (Genel) Riskin Erken Saptanması Komitesi Tadili,https://www.kap.org.tr/tr/Bildirim/1492808,tr,2025-09-25T11:10:55+00:00
2025-09-25,MSA,KAP,MEKSA YATIRIM MENKUL DEĞERLER A.Ş. - Şirket Genel Bilgi Formu,Şirket Genel Bilgi Formu,https://www.kap.org.tr/tr/Bildirim/1492868,tr,2025-09-25T12:34:14+00:00
2025-09-25,NRBNK,KAP,NUROL YATIRIM BANKASI A.Ş. - Pay Dışında Sermaye Piyasası Aracı İşlemlerine İlişkin Bildirim (Faiz İçeren),Pay Dışında Sermaye Piyasası Aracı İşlemlerine İlişkin Bildirim (Faiz İçeren) TRFNURL92526 ISIN Kodlu Finansman Bonosu İtfası,https://www.kap.org.tr/tr/Bildirim/1492830,tr,2025-09-25T12:02:08+00:00
2025-09-25,NRBNK,KAP,NUROL YATIRIM BANKASI A.Ş. - Pay Dışında Sermaye Piyasası Aracı İşlemlerine İlişkin Bildirim (Faiz İçeren),Pay Dışında Sermaye Piyasası Aracı İşlemlerine İlişkin Bildirim (Faiz İçeren) TRFNURL32639 ISIN Kodlu Finansman Bonosunun Satışının Tamamlanması,https://www.kap.org.tr/tr/Bildirim/1492773,tr,2025-09-25T10:18:40+00:00
2025-09-25,NYB,KAP,NUROL YATIRIM BANKASI A.Ş. - Pay Dışında Sermaye Piyasası Aracı İşlemlerine İlişkin Bildirim (Faiz İçeren),Pay Dışında Sermaye Piyasası Aracı İşlemlerine İlişkin Bildirim (Faiz İçeren) TRFNURL92526 ISIN Kodlu Finansman Bonosu İtfası,https://www.kap.org.tr/tr/Bildirim/1492830,tr,2025-09-25T12:02:08+00:00
2025-09-25,NYB,KAP,NUROL YATIRIM BANKASI A.Ş. - Pay Dışında Sermaye Piyasası Aracı İşlemlerine İlişkin Bildirim (Faiz İçeren),Pay Dışında Sermaye Piyasası Aracı İşlemlerine İlişkin Bildirim (Faiz İçeren) TRFNURL32639 ISIN Kodlu Finansman Bonosunun Satışının Tamamlanması,https://www.kap.org.tr/tr/Bildirim/1492773,tr,2025-09-25T10:18:40+00:00
2025-09-25,OYA,KAP,OYAK YATIRIM MENKUL DEĞERLER A.Ş. - Piyasa Yapıcılığı Kapsamında Gerçekleştirilen İşlemler Bildirimi,Piyasa Yapıcılığı Kapsamında Gerçekleştirilen İşlemler Bildirimi 25/09/2025 TARİHLİ OYAYO PİYASA YAPICILIĞI İŞLEMLERİ OYAYO,https://www.kap.org.tr/tr/Bildirim/1493103,tr,2025-09-25T18:32:02+00:00
2025-09-25,OYAYO,KAP,OYAK YATIRIM ORTAKLIĞI A.Ş. - Özel Durum Açıklaması (Genel),"Özel Durum Açıklaması (Genel) Ortaklık paylarının BİAŞ'ta oluşan ağırlıklı ortalama fiyatının, pay başına net aktif değerinin 2 katını aşması hakkında",https://www.kap.org.tr/tr/Bildirim/1492864,tr,2025-09-25T12:25:01+00:00
2025-09-25,OYYAT,KAP,OYAK YATIRIM MENKUL DEĞERLER A.Ş. - Piyasa Yapıcılığı Kapsamında Gerçekleştirilen İşlemler Bildirimi,Piyasa Yapıcılığı Kapsamında Gerçekleştirilen İşlemler Bildirimi 25/09/2025 TARİHLİ OYAYO PİYASA YAPICILIĞI İŞLEMLERİ OYAYO,https://www.kap.org.tr/tr/Bildirim/1493103,tr,2025-09-25T18:32:02+00:00
2025-09-25,PCILT,KAP,PC İLETİŞİM VE MEDYA HİZMETLERİ SANAYİ TİCARET A.Ş. - Payların Geri Alınmasına İlişkin Bildirim,Payların Geri Alınmasına İlişkin Bildirim 25.09.2025 Tarihli Pay Geri Alım İşlemleri,https://www.kap.org.tr/tr/Bildirim/1493114,tr,2025-09-25T18:51:39+00:00
2025-09-25,PCILT,KAP,PC İLETİŞİM VE MEDYA HİZMETLERİ SANAYİ TİCARET A.Ş. - Genel Kurul İşlemlerine İlişkin Bildirim,Genel Kurul İşlemlerine İlişkin Bildirim Olağan Genel Kurul Kararlarının Tescili,https://www.kap.org.tr/tr/Bildirim/1493015,tr,2025-09-25T17:37:31+00:00
2025-09-25,PETUN,KAP,PINAR ENTEGRE ET VE UN SANAYİİ A.Ş. - Pay Dışında Sermaye Piyasası Aracı İşlemlerine İlişkin Bildirim (Faiz İçeren),Pay Dışında Sermaye Piyasası Aracı İşlemlerine İlişkin Bildirim (Faiz İçeren) TRFPTUN62617 ISIN Kodlu Finansman Bonosu 1. Kupon Dönemine İlişkin Faiz Oranı Hakkında,https://www.kap.org.tr/tr/Bildirim/1493001,tr,2025-09-25T17:22:45+00:00
2025-09-25,QNBTR,KAP,QNB BANK A.Ş. - Pay Dışında Sermaye Piyasası Aracı İşlemlerine İlişkin Bildirim (Faiz İçeren),Pay Dışında Sermaye Piyasası Aracı İşlemlerine İlişkin Bildirim (Faiz İçeren) MTN programı kapsamında yurtdışında ihraç edilen borçlanma aracının ihracı,https://www.kap.org.tr/tr/Bildirim/1492863,tr,2025-09-25T12:20:31+00:00
2025-09-25,QNBTR,KAP,QNB BANK A.Ş. - Pay Dışında Sermaye Piyasası Aracı İşlemlerine İlişkin Bildirim (Faiz İçeren),Pay Dışında Sermaye Piyasası Aracı İşlemlerine İlişkin Bildirim (Faiz İçeren) MTN programı kapsamında yurtdışında ihraç edilen borçlanma aracının ihracı,https://www.kap.org.tr/tr/Bildirim/1492862,tr,2025-09-25T12:20:10+00:00
2025-09-25,QNBTR,KAP,QNB BANK A.Ş. - Pay Dışında Sermaye Piyasası Aracı İşlemlerine İlişkin Bildirim (Faiz İçeren),Pay Dışında Sermaye Piyasası Aracı İşlemlerine İlişkin Bildirim (Faiz İçeren) MTN programı kapsamında yurtdışında ihraç edilen borçlanma aracının itfası,https://www.kap.org.tr/tr/Bildirim/1492861,tr,2025-09-25T12:19:36+00:00
2025-09-25,QUAGR,KAP,QUA GRANITE HAYAL YAPI VE ÜRÜNLERİ SANAYİ TİCARET A.Ş. - Şirket Genel Bilgi Formu,Şirket Genel Bilgi Formu,https://www.kap.org.tr/tr/Bildirim/1492782,tr,2025-09-25T10:27:30+00:00
2025-09-25,RGYAS,KAP,RÖNESANS GAYRİMENKUL YATIRIM A.Ş. - Özel Durum Açıklaması (Genel),Özel Durum Açıklaması (Genel) Müşterek Yönetime Tabi Ortaklıklarımızın Paylarının Alımı Hk.,https://www.kap.org.tr/tr/Bildirim/1493111,tr,2025-09-25T18:39:26+00:00
2025-09-25,RGYAS,KAP,RÖNESANS GAYRİMENKUL YATIRIM A.Ş. - Sürdürülebilirlik Raporu,Sürdürülebilirlik Raporu 2024 TSRS Uyumlu Sürdürülebilirlik Raporu,https://www.kap.org.tr/tr/Bildirim/1493110,tr,2025-09-25T18:38:22+00:00
2025-09-25,SANFM,KAP,SANİFOAM ENDÜSTRİ VE TÜKETİM ÜRÜNLERİ SANAYİ TİCARET A.Ş. - Sermaye Artırımı - Azaltımı İşlemlerine İlişkin Bildirim,Sermaye Artırımı - Azaltımı İşlemlerine İlişkin Bildirim Bedelsiz Sermaye Artırımı Tescil ve İlanı Hk.,https://www.kap.org.tr/tr/Bildirim/1493076,tr,2025-09-25T18:13:40+00:00
2025-09-25,SASA,KAP,SASA POLYESTER SANAYİ A.Ş. - Özel Durum Açıklaması (Genel),Özel Durum Açıklaması (Genel) Yeni Elyaf bölümünde üretime başlanması,https://www.kap.org.tr/tr/Bildirim/1492718,tr,2025-09-25T09:00:12+00:00
2025-09-25,SILVR,KAP,SİLVERLİNE ENDÜSTRİ VE TİCARET A.Ş. - Sermaye Artırımı - Azaltımı İşlemlerine İlişkin Bildirim,Sermaye Artırımı - Azaltımı İşlemlerine İlişkin Bildirim Bedelsiz Sermaye Artırımı Tescili,https://www.kap.org.tr/tr/Bildirim/1492772,tr,2025-09-25T10:16:48+00:00
2025-09-25,SILVR,KAP,SİLVERLİNE ENDÜSTRİ VE TİCARET A.Ş. - Kar Payı Dağıtım İşlemlerine İlişkin Bildirim,Kar Payı Dağıtım İşlemlerine İlişkin Bildirim 2024 Yılı Genel Kurul Toplantısı Sonucunda Alınan Kar Dağıtım Kararı,https://www.kap.org.tr/tr/Bildirim/1492769,tr,2025-09-25T10:09:55+00:00
2025-09-25,SILVR,KAP,SİLVERLİNE ENDÜSTRİ VE TİCARET A.Ş. - Genel Kurul İşlemlerine İlişkin Bildirim,Genel Kurul İşlemlerine İlişkin Bildirim 13.06.2025 Tarihli Olağan Genel Kurul Tescili,https://www.kap.org.tr/tr/Bildirim/1492765,tr,2025-09-25T10:06:26+00:00
2025-09-25,SKY,KAP,ŞEKER YATIRIM MENKUL DEĞERLER A.Ş. - Şirket Genel Bilgi Formu,Şirket Genel Bilgi Formu,https://www.kap.org.tr/tr/Bildirim/1493017,tr,2025-09-25T17:37:58+00:00
2025-09-25,SKY,KAP,ŞEKER YATIRIM MENKUL DEĞERLER A.Ş. - Pay Dışında Sermaye Piyasası Aracı İşlemlerine İlişkin Bildirim (Faiz İçeren),Pay Dışında Sermaye Piyasası Aracı İşlemlerine İlişkin Bildirim (Faiz İçeren) TRFSKMDA2519 ISIN kodlu 83 gün vadeli iskontolu finansman bonosunun ihracı,https://www.kap.org.tr/tr/Bildirim/1492714,tr,2025-09-25T07:39:24+00:00
2025-09-25,SKYMD,KAP,ŞEKER YATIRIM MENKUL DEĞERLER A.Ş. - Şirket Genel Bilgi Formu,Şirket Genel Bilgi Formu,https://www.kap.org.tr/tr/Bildirim/1493017,tr,2025-09-25T17:37:58+00:00
2025-09-25,SKYMD,KAP,ŞEKER YATIRIM MENKUL DEĞERLER A.Ş. - Pay Dışında Sermaye Piyasası Aracı İşlemlerine İlişkin Bildirim (Faiz İçeren),Pay Dışında Sermaye Piyasası Aracı İşlemlerine İlişkin Bildirim (Faiz İçeren) TRFSKMDA2519 ISIN kodlu 83 gün vadeli iskontolu finansman bonosunun ihracı,https://www.kap.org.tr/tr/Bildirim/1492714,tr,2025-09-25T07:39:24+00:00
2025-09-25,SMRVA,KAP,SÜMER VARLIK YÖNETİM A.Ş. - Pay Dışında Sermaye Piyasası Aracı İşlemlerine İlişkin Bildirim (Faiz İçeren),Pay Dışında Sermaye Piyasası Aracı İşlemlerine İlişkin Bildirim (Faiz İçeren) Kupon Oranı Belirlenmesi,https://www.kap.org.tr/tr/Bildirim/1492978,tr,2025-09-25T16:39:15+00:00
2025-09-25,TCKRC,KAP,KIRAÇ GALVANİZ TELEKOMİNİKASYON METAL MAKİNE İNŞAAT ELEKTRİK SANAYİ VE TİCARET A.Ş. - Payların Geri Alınmasına İlişkin Bildirim,Payların Geri Alınmasına İlişkin Bildirim Payların Geri Alınmasına İlişkin Bildirim,https://www.kap.org.tr/tr/Bildirim/1493081,tr,2025-09-25T18:14:32+00:00
2025-09-25,TCKRC,KAP,KIRAÇ GALVANİZ TELEKOMİNİKASYON METAL MAKİNE İNŞAAT ELEKTRİK SANAYİ VE TİCARET A.Ş. - Payların Geri Alınmasına İlişkin Bildirim,Payların Geri Alınmasına İlişkin Bildirim Payların Geri Alınmasına İlişkin Bildirim,https://www.kap.org.tr/tr/Bildirim/1492717,tr,2025-09-25T08:46:39+00:00
2025-09-25,TDGYO,KAP,TREND GAYRİMENKUL YATIRIM ORTAKLIĞI A.Ş. - Şirket Genel Bilgi Formu,Şirket Genel Bilgi Formu,https://www.kap.org.tr/tr/Bildirim/1493092,tr,2025-09-25T18:20:57+00:00
2025-09-25,TERA,KAP,TERA YATIRIM MENKUL DEĞERLER A.Ş. - Özel Durum Açıklaması (Genel),"Özel Durum Açıklaması (Genel) Gerçeği yansıtmayan bilgilerin paylaşımı hakında PEKGY, TEHOL, TRHOL",https://www.kap.org.tr/tr/Bildirim/1493118,tr,2025-09-25T19:21:31+00:00
2025-09-25,TFNVK,KAP,TF VARLIK KİRALAMA A.Ş. - Özel Durum Açıklaması (Genel),Özel Durum Açıklaması (Genel) Kira Sertifikası İhracına İlişkin SPK Başvurusu hk.,https://www.kap.org.tr/tr/Bildirim/1492922,tr,2025-09-25T15:02:00+00:00
2025-09-25,TGSAS,KAP,TGS DIŞ TİCARET A.Ş. - Kurumsal Yönetim Bilgi Formu (Güncelleme) - Yönetim Kurulu-1,Kurumsal Yönetim Bilgi Formu (Güncelleme) - Yönetim Kurulu-1 Yönetim Kurulu Bilgileri,https://www.kap.org.tr/tr/Bildirim/1492716,tr,2025-09-25T08:28:53+00:00
2025-09-25,TGSAS,KAP,TGS DIŞ TİCARET A.Ş. - Kurumsal Yönetim Bilgi Formu (Güncelleme) - Yönetim Kurulu-2,Kurumsal Yönetim Bilgi Formu (Güncelleme) - Yönetim Kurulu-2 Komite Atamaları,https://www.kap.org.tr/tr/Bildirim/1492715,tr,2025-09-25T08:28:42+00:00
2025-09-25,THL,KAP,TÜRKİYE HALK BANKASI A.Ş. - Pay Dışında Sermaye Piyasası Aracı İşlemlerine İlişkin Bildirim (Faiz İçeren),Pay Dışında Sermaye Piyasası Aracı İşlemlerine İlişkin Bildirim (Faiz İçeren) Yurtiçinde Nitelikli Yatırımcılara Sermaye Benzeri Tahvil Kupon Oranı,https://www.kap.org.tr/tr/Bildirim/1493063,tr,2025-09-25T17:55:26+00:00
2025-09-25,THR,KAP,TÜRKİYE İHRACAT KREDİ BANKASI A.Ş. - Pay Dışında Sermaye Piyasası Aracı İşlemlerine İlişkin Bildirim (Faiz İçeren),Pay Dışında Sermaye Piyasası Aracı İşlemlerine İlişkin Bildirim (Faiz İçeren) GMTN programı çerçevesinde yurt dışında borçlanma aracı ihracı,https://www.kap.org.tr/tr/Bildirim/1493078,tr,2025-09-25T18:13:57+00:00
2025-09-25,THR,KAP,TÜRKİYE İHRACAT KREDİ BANKASI A.Ş. - Pay Dışında Sermaye Piyasası Aracı İşlemlerine İlişkin Bildirim (Faiz İçeren),Pay Dışında Sermaye Piyasası Aracı İşlemlerine İlişkin Bildirim (Faiz İçeren) ISIN Kodlu Finansman Bonosunun İtfası Hk,https://www.kap.org.tr/tr/Bildirim/1492991,tr,2025-09-25T16:56:01+00:00
2025-09-25,TIB,KAP,TÜRKİYE İŞ BANKASI A.Ş. - Pay Dışında Sermaye Piyasası Aracı İşlemlerine İlişkin Bildirim (Faiz İçeren),Pay Dışında Sermaye Piyasası Aracı İşlemlerine İlişkin Bildirim (Faiz İçeren) Nitelikli Yatırımcılara Finansman Bonosu Satışının Tamamlanması,https://www.kap.org.tr/tr/Bildirim/1492743,tr,2025-09-25T09:41:46+00:00
2025-09-25,TRA,KAP,TERA YATIRIM MENKUL DEĞERLER A.Ş. - Özel Durum Açıklaması (Genel),"Özel Durum Açıklaması (Genel) Gerçeği yansıtmayan bilgilerin paylaşımı hakında PEKGY, TEHOL, TRHOL",https://www.kap.org.tr/tr/Bildirim/1493118,tr,2025-09-25T19:21:31+00:00
2025-09-25,TRALT,KAP,KOZA ALTIN İŞLETMELERİ A.Ş. - Özel Durum Açıklaması (Genel),Özel Durum Açıklaması (Genel) Bağımsız Yönetim Kurulu Üye Adaylarının Belirlenmesi Hk.,https://www.kap.org.tr/tr/Bildirim/1493089,tr,2025-09-25T18:16:11+00:00
2025-09-25,TRALT,KAP,KOZA ALTIN İŞLETMELERİ A.Ş. - Kar Payı Dağıtım İşlemlerine İlişkin Bildirim,Kar Payı Dağıtım İşlemlerine İlişkin Bildirim 2023 - 2024 Yılı Kar Payı Dağıtımı Hakkında Yönetim Kurulu Teklifi,https://www.kap.org.tr/tr/Bildirim/1493085,tr,2025-09-25T18:15:45+00:00
2025-09-25,TRALT,KAP,KOZA ALTIN İŞLETMELERİ A.Ş. - Genel Kurul İşlemlerine İlişkin Bildirim,Genel Kurul İşlemlerine İlişkin Bildirim 2016 - 2024 Yılı Hesap Dönemi Olağan Genel Kurul Toplantı Çağrısı,https://www.kap.org.tr/tr/Bildirim/1493084,tr,2025-09-25T18:15:20+00:00
2025-09-25,TRENJ,KAP,İPEK DOĞAL ENERJİ KAYNAKLARI ARAŞTIRMA VE ÜRETİM A.Ş. - Özel Durum Açıklaması (Genel),Özel Durum Açıklaması (Genel) Bağımsız Yönetim Kurulu Üye Adaylarının Belirlenmesi Hk.,https://www.kap.org.tr/tr/Bildirim/1493082,tr,2025-09-25T18:14:43+00:00
2025-09-25,TRENJ,KAP,İPEK DOĞAL ENERJİ KAYNAKLARI ARAŞTIRMA VE ÜRETİM A.Ş. - Kar Payı Dağıtım İşlemlerine İlişkin Bildirim,Kar Payı Dağıtım İşlemlerine İlişkin Bildirim 2016 - 2024 Yılı Kar Payı Dağıtımı Hakkında Yönetim Kurulu Teklifi,https://www.kap.org.tr/tr/Bildirim/1493079,tr,2025-09-25T18:14:16+00:00
2025-09-25,TRENJ,KAP,İPEK DOĞAL ENERJİ KAYNAKLARI ARAŞTIRMA VE ÜRETİM A.Ş. - Genel Kurul İşlemlerine İlişkin Bildirim,Genel Kurul İşlemlerine İlişkin Bildirim 2016 - 2024 Yılı Hesap Dönemi Olağan Genel Kurul Toplantı Çağrısı,https://www.kap.org.tr/tr/Bildirim/1493077,tr,2025-09-25T18:13:49+00:00
2025-09-25,TRILC,KAP,TURK İLAÇ VE SERUM SANAYİ A.Ş. - Pay Dışında Sermaye Piyasası Aracı İşlemlerine İlişkin Bildirim (Faiz İçeren),Pay Dışında Sermaye Piyasası Aracı İşlemlerine İlişkin Bildirim (Faiz İçeren) Borçlanma Aracı İhracı Hakkında,https://www.kap.org.tr/tr/Bildirim/1492950,tr,2025-09-25T15:55:07+00:00
2025-09-25,TRMET,KAP,KOZA ANADOLU METAL MADENCİLİK İŞLETMELERİ A.Ş. - Özel Durum Açıklaması (Genel),Özel Durum Açıklaması (Genel) Bağımsız Yönetim Kurulu Üye Adaylarının Belirlenmesi Hk.,https://www.kap.org.tr/tr/Bildirim/1493075,tr,2025-09-25T18:12:55+00:00
2025-09-25,TRMET,KAP,KOZA ANADOLU METAL MADENCİLİK İŞLETMELERİ A.Ş. - Kar Payı Dağıtım İşlemlerine İlişkin Bildirim,Kar Payı Dağıtım İşlemlerine İlişkin Bildirim 2016 - 2024 Yılı Kar Payı Dağıtımı Hakkında Yönetim Kurulu Teklifi,https://www.kap.org.tr/tr/Bildirim/1493074,tr,2025-09-25T18:12:15+00:00
2025-09-25,TRMET,KAP,KOZA ANADOLU METAL MADENCİLİK İŞLETMELERİ A.Ş. - Genel Kurul İşlemlerine İlişkin Bildirim,Genel Kurul İşlemlerine İlişkin Bildirim 2016 - 2024 Yılı Hesap Dönemi Olağan Genel Kurul Toplantı Çağrısı,https://www.kap.org.tr/tr/Bildirim/1493072,tr,2025-09-25T18:11:30+00:00
2025-09-25,TTKOM,KAP,TÜRK TELEKOMÜNİKASYON A.Ş. - İhraç Belgesi,İhraç Belgesi Borçlanma Aracı İhracına İlişkin Sermaye Piyasası Kurulu Onayı,https://www.kap.org.tr/tr/Bildirim/1493106,tr,2025-09-25T18:32:32+00:00
2025-09-25,TTKOM,KAP,TÜRK TELEKOMÜNİKASYON A.Ş. - Yeşil veya Sürdürülebilir Temalı Sermaye Piyasası Aracına İlişkin Bildirim,Yeşil veya Sürdürülebilir Temalı Sermaye Piyasası Aracına İlişkin Bildirim Borçlanma Aracı İhracına İlişkin Sermaye Piyasası Kurulu Onayı,https://www.kap.org.tr/tr/Bildirim/1493105,tr,2025-09-25T18:32:20+00:00
2025-09-25,TTKOM,KAP,TÜRK TELEKOMÜNİKASYON A.Ş. - İhraç Tavanına İlişkin Bildirim,İhraç Tavanına İlişkin Bildirim Borçlanma Aracı İhracına İlişkin Sermaye Piyasası Kurulu Onayı,https://www.kap.org.tr/tr/Bildirim/1493104,tr,2025-09-25T18:32:08+00:00
2025-09-25,TTKOM,KAP,TÜRK TELEKOMÜNİKASYON A.Ş. - Şirket Genel Bilgi Formu,Şirket Genel Bilgi Formu,https://www.kap.org.tr/tr/Bildirim/1492740,tr,2025-09-25T09:38:32+00:00
2025-09-25,TTKOM,KAP,TÜRK TELEKOMÜNİKASYON A.Ş. - Özel Durum Açıklaması (Genel),Özel Durum Açıklaması (Genel) Türkiye Cumhuriyeti Hükümeti ile Kuzey Kıbrıs Türk Cumhuriyeti Hükümeti Arasında İmzalanan Protokol,https://www.kap.org.tr/tr/Bildirim/1492732,tr,2025-09-25T09:22:13+00:00
2025-09-25,TVB,KAP,TÜRKİYE VAKIFLAR BANKASI T.A.O. - İhraç Tavanına İlişkin Bildirim,İhraç Tavanına İlişkin Bildirim İpotek Teminatlı Menkul Kıymet İhracı,https://www.kap.org.tr/tr/Bildirim/1492789,tr,2025-09-25T10:48:29+00:00
2025-09-25,USAK,KAP,UŞAK SERAMİK SANAYİ A.Ş. - Sermaye Artırımından Elde Edilecek - Edilen Fonun Kullanımına İlişkin Rapor,Sermaye Artırımından Elde Edilecek - Edilen Fonun Kullanımına İlişkin Rapor Sermaye Artırımından Elde Edilecek Fonun Kullanımına İlişkin Rapor Hk.,https://www.kap.org.tr/tr/Bildirim/1492979,tr,2025-09-25T16:41:03+00:00
2025-09-25,VAKBN,KAP,TÜRKİYE VAKIFLAR BANKASI T.A.O. - İhraç Tavanına İlişkin Bildirim,İhraç Tavanına İlişkin Bildirim İpotek Teminatlı Menkul Kıymet İhracı,https://www.kap.org.tr/tr/Bildirim/1492789,tr,2025-09-25T10:48:29+00:00
2025-09-25,VAKVK,KAP,VAKIF VARLIK KİRALAMA A.Ş. - Pay Dışında Sermaye Piyasası Aracı İşlemlerine İlişkin Bildirim (Faizsiz),Pay Dışında Sermaye Piyasası Aracı İşlemlerine İlişkin Bildirim (Faizsiz) TRDVVRK92516 Yurtiçi Kira Sertifikası İhracının İtfa ve Kupon Ödemesi,https://www.kap.org.tr/tr/Bildirim/1492986,tr,2025-09-25T16:48:24+00:00
2025-09-25,VAKVK,KAP,VAKIF VARLIK KİRALAMA A.Ş. - Pay Dışında Sermaye Piyasası Aracı İşlemlerine İlişkin Bildirim (Faizsiz),Pay Dışında Sermaye Piyasası Aracı İşlemlerine İlişkin Bildirim (Faizsiz) TRDVVRKA2535 ISIN Kodlu Yurtiçi Kira Sertifikası İhracının Satışının Tamamlanması,https://www.kap.org.tr/tr/Bildirim/1492820,tr,2025-09-25T11:57:22+00:00
2025-09-25,VKFYO,KAP,VAKIF MENKUL KIYMET YATIRIM ORTAKLIĞI A.Ş. - Özel Durum Açıklaması (Genel),"Özel Durum Açıklaması (Genel) Şirketimizin BİAŞ'da oluşan ağırlıklı ortalama fiyatın, pay başına net aktif değerin 2 katını aşması sebebiyle yapılan açıklamadır.",https://www.kap.org.tr/tr/Bildirim/1493120,tr,2025-09-25T19:34:19+00:00
2025-09-25,YKB,KAP,YAPI VE KREDİ BANKASI A.Ş. - Pay Dışında Sermaye Piyasası Aracı İşlemlerine İlişkin Bildirim (Faiz İçeren),Pay Dışında Sermaye Piyasası Aracı İşlemlerine İlişkin Bildirim (Faiz İçeren) Özkaynak hesaplamasına dahil edilebilir nitelikte yurtiçinde ihraç edilen borçlanma aracının kupon ödemesi,https://www.kap.org.tr/tr/Bildirim/1492866,tr,2025-09-25T12:33:37+00:00
2025-09-25,YKBNK,KAP,YAPI VE KREDİ BANKASI A.Ş. - Pay Dışında Sermaye Piyasası Aracı İşlemlerine İlişkin Bildirim (Faiz İçeren),Pay Dışında Sermaye Piyasası Aracı İşlemlerine İlişkin Bildirim (Faiz İçeren) Özkaynak hesaplamasına dahil edilebilir nitelikte yurtiçinde ihraç edilen borçlanma aracının kupon ödemesi,https://www.kap.org.tr/tr/Bildirim/1492866,tr,2025-09-25T12:33:37+00:00
2025-09-25,ZOREN,KAP,ZORLU ENERJİ ELEKTRİK ÜRETİM A.Ş. - Özel Durum Açıklaması (Genel),Özel Durum Açıklaması (Genel) Kısmi Bölünme ile Yeni Şirket Kurulması Hakkında,https://www.kap.org.tr/tr/Bildirim/1492982,tr,2025-09-25T16:44:12+00:00
2025-09-26,A1CAP,KAP,A1 CAPİTAL YATIRIM MENKUL DEĞERLER A.Ş. - Özel Durum Açıklaması (Genel),Özel Durum Açıklaması (Genel) Egeli & Co Tarım Girişim Sermayesi Yatırım Ortaklığı A.Ş. (Egeli & Co) Pay Sahiplerine Zorunlu Pay Alım Teklifi Hk.,https://www.kap.org.tr/tr/Bildirim/1493458,tr,2025-09-26T18:10:55+00:00
2025-09-26,A1CAP,KAP,A1 CAPİTAL YATIRIM MENKUL DEĞERLER A.Ş. - Pay Dışında Sermaye Piyasası Aracı İşlemlerine İlişkin Bildirim (Faiz İçeren),Pay Dışında Sermaye Piyasası Aracı İşlemlerine İlişkin Bildirim (Faiz İçeren) Finansman Bonosu İtfası Hk.,https://www.kap.org.tr/tr/Bildirim/1493146,tr,2025-09-26T09:25:03+00:00
2025-09-26,A1CAP,KAP,A1 CAPİTAL YATIRIM MENKUL DEĞERLER A.Ş. - Pay Dışında Sermaye Piyasası Aracı İşlemlerine İlişkin Bildirim (Faiz İçeren),Pay Dışında Sermaye Piyasası Aracı İşlemlerine İlişkin Bildirim (Faiz İçeren) Borçlanma Aracı İhracı Hk.,https://www.kap.org.tr/tr/Bildirim/1493145,tr,2025-09-26T09:24:56+00:00
2025-09-26,A1YEN,KAP,A1 YENİLENEBİLİR ENERJİ ÜRETİM A.Ş. - Kayıtlı Sermaye Tavanı İşlemlerine İlişkin Bildirim,Kayıtlı Sermaye Tavanı İşlemlerine İlişkin Bildirim Kayıtlı Sermaye Tavanı Artırımının T.C. Ticaret Bakanlığı Tarafından Onaylanması Hk.,https://www.kap.org.tr/tr/Bildirim/1493454,tr,2025-09-26T18:10:23+00:00
2025-09-26,ACP,KAP,A1 CAPİTAL YATIRIM MENKUL DEĞERLER A.Ş. - Özel Durum Açıklaması (Genel),Özel Durum Açıklaması (Genel) Egeli & Co Tarım Girişim Sermayesi Yatırım Ortaklığı A.Ş. (Egeli & Co) Pay Sahiplerine Zorunlu Pay Alım Teklifi Hk.,https://www.kap.org.tr/tr/Bildirim/1493458,tr,2025-09-26T18:10:55+00:00
2025-09-26,ACP,KAP,A1 CAPİTAL YATIRIM MENKUL DEĞERLER A.Ş. - Pay Dışında Sermaye Piyasası Aracı İşlemlerine İlişkin Bildirim (Faiz İçeren),Pay Dışında Sermaye Piyasası Aracı İşlemlerine İlişkin Bildirim (Faiz İçeren) Finansman Bonosu İtfası Hk.,https://www.kap.org.tr/tr/Bildirim/1493146,tr,2025-09-26T09:25:03+00:00
2025-09-26,ACP,KAP,A1 CAPİTAL YATIRIM MENKUL DEĞERLER A.Ş. - Pay Dışında Sermaye Piyasası Aracı İşlemlerine İlişkin Bildirim (Faiz İçeren),Pay Dışında Sermaye Piyasası Aracı İşlemlerine İlişkin Bildirim (Faiz İçeren) Borçlanma Aracı İhracı Hk.,https://www.kap.org.tr/tr/Bildirim/1493145,tr,2025-09-26T09:24:56+00:00
2025-09-26,AFB,KAP,AKTİF YATIRIM BANKASI A.Ş. - İhraç Tavanına İlişkin Bildirim,İhraç Tavanına İlişkin Bildirim Yurt dışında borçlanma aracı ihraç kararı alınması hk.,https://www.kap.org.tr/tr/Bildirim/1493391,tr,2025-09-26T16:58:56+00:00
2025-09-26,AFB,KAP,AKTİF YATIRIM BANKASI A.Ş. - Pay Dışında Sermaye Piyasası Aracı İşlemlerine İlişkin Bildirim (Faiz İçeren),Pay Dışında Sermaye Piyasası Aracı İşlemlerine İlişkin Bildirim (Faiz İçeren) Eurobond İhracı ISIN : XS3191348757,https://www.kap.org.tr/tr/Bildirim/1493224,tr,2025-09-26T11:01:48+00:00
2025-09-26,AGHOL,KAP,AG ANADOLU GRUBU HOLDİNG A.Ş. - İhraç Belgesi,İhraç Belgesi Borçlanma Aracı İhraç Belgesi,https://www.kap.org.tr/tr/Bildirim/1493477,tr,2025-09-26T18:18:38+00:00
2025-09-26,AGHOL,KAP,AG ANADOLU GRUBU HOLDİNG A.Ş. - İhraç Tavanına İlişkin Bildirim,İhraç Tavanına İlişkin Bildirim Borçlanma aracı için SPK onayı,https://www.kap.org.tr/tr/Bildirim/1493476,tr,2025-09-26T18:17:54+00:00
2025-09-26,AHGAZ,KAP,AHLATCI DOĞAL GAZ DAĞITIM ENERJİ VE YATIRIM A.Ş. - Payların Geri Alınmasına İlişkin Bildirim,Payların Geri Alınmasına İlişkin Bildirim 26.09.2025 Tarihli Pay Geri Alım İşlemleri,https://www.kap.org.tr/tr/Bildirim/1493487,tr,2025-09-26T18:30:07+00:00
2025-09-26,AKCVR,KAP,AKADEMİ ÇEVRE ENTEGRE ATIK YÖNETİMİ ENDÜSTRİ A.Ş. - Pay Dışında Sermaye Piyasası Aracı İşlemlerine İlişkin Bildirim (Faiz İçeren),Pay Dışında Sermaye Piyasası Aracı İşlemlerine İlişkin Bildirim (Faiz İçeren) TRFAKAD32614 ISIN Kodlu Değişken Faizli Finansman Bonosu Satışının Tamamlanması,https://www.kap.org.tr/tr/Bildirim/1493179,tr,2025-09-26T09:59:02+00:00
2025-09-26,AKDFA,KAP,AKDENİZ FAKTORİNG A.Ş. - Pay Dışında Sermaye Piyasası Aracı İşlemlerine İlişkin Bildirim (Faiz İçeren),"Pay Dışında Sermaye Piyasası Aracı İşlemlerine İlişkin Bildirim (Faiz İçeren) Akdeniz Faktoring A.Ş 02/04/2026 vadeli, 188 günlük 2 kupon ödemeli 35.000.000 TL Nominal bono ihracı (ISIN Kodu: TRFAKDN42624)",https://www.kap.org.tr/tr/Bildirim/1493144,tr,2025-09-26T09:18:22+00:00
2025-09-26,AKFGY,KAP,AKFEN GAYRİMENKUL YATIRIM ORTAKLIĞI A.Ş. - Payların Geri Alınmasına İlişkin Bildirim,Payların Geri Alınmasına İlişkin Bildirim 26.09.2025 Tarihli Pay Geri Alım İşlemleri Hk.,https://www.kap.org.tr/tr/Bildirim/1493486,tr,2025-09-26T18:28:27+00:00
2025-09-26,AKFIS,KAP,AKFEN İNŞAAT TURİZM VE TİCARET A.Ş. - Payların Geri Alınmasına İlişkin Bildirim,Payların Geri Alınmasına İlişkin Bildirim 26.09.2025 Tarihli Pay Geri Alım İşlemleri Hk.,https://www.kap.org.tr/tr/Bildirim/1493478,tr,2025-09-26T18:19:17+00:00
2025-09-26,AKFYE,KAP,AKFEN YENİLENEBİLİR ENERJİ A.Ş. - Payların Geri Alınmasına İlişkin Bildirim,Payların Geri Alınmasına İlişkin Bildirim 26.09.2025 Tarihli Pay Geri Alım İşlemleri Hk.,https://www.kap.org.tr/tr/Bildirim/1493466,tr,2025-09-26T18:13:21+00:00
2025-09-26,AKM,KAP,AK YATIRIM MENKUL DEĞERLER A.Ş. - Yatırım Kuruluşu Varant - Sertifika - Senetlerine İlişkin Bildirim,Yatırım Kuruluşu Varant - Sertifika - Senetlerine İlişkin Bildirim 25.09.2025 Vadeli Brent Petrol Varantlarının İtfa Fiyatları,https://www.kap.org.tr/tr/Bildirim/1493210,tr,2025-09-26T10:38:14+00:00
2025-09-26,AKMEN,KAP,AK YATIRIM MENKUL DEĞERLER A.Ş. - Yatırım Kuruluşu Varant - Sertifika - Senetlerine İlişkin Bildirim,Yatırım Kuruluşu Varant - Sertifika - Senetlerine İlişkin Bildirim 25.09.2025 Vadeli Brent Petrol Varantlarının İtfa Fiyatları,https://www.kap.org.tr/tr/Bildirim/1493210,tr,2025-09-26T10:38:14+00:00
2025-09-26,AKSUE,KAP,AKSU ENERJİ VE TİCARET A.Ş. - Özel Durum Açıklaması (Genel),Özel Durum Açıklaması (Genel) Enerji Sektöründe Faaliyet Gösteren Bir Firma ile Başlatılan Stratejik Görüşmeler Hakkında,https://www.kap.org.tr/tr/Bildirim/1493455,tr,2025-09-26T18:10:38+00:00
2025-09-26,AKTIF,KAP,AKTİF YATIRIM BANKASI A.Ş. - İhraç Tavanına İlişkin Bildirim,İhraç Tavanına İlişkin Bildirim Yurt dışında borçlanma aracı ihraç kararı alınması hk.,https://www.kap.org.tr/tr/Bildirim/1493391,tr,2025-09-26T16:58:56+00:00
2025-09-26,AKTIF,KAP,AKTİF YATIRIM BANKASI A.Ş. - Pay Dışında Sermaye Piyasası Aracı İşlemlerine İlişkin Bildirim (Faiz İçeren),Pay Dışında Sermaye Piyasası Aracı İşlemlerine İlişkin Bildirim (Faiz İçeren) Eurobond İhracı ISIN : XS3191348757,https://www.kap.org.tr/tr/Bildirim/1493224,tr,2025-09-26T11:01:48+00:00
2025-09-26,ARSAN,KAP,ARSAN TEKSTİL TİCARET VE SANAYİ A.Ş. - Kayıtlı Sermaye Tavanı İşlemlerine İlişkin Bildirim,Kayıtlı Sermaye Tavanı İşlemlerine İlişkin Bildirim Kayıtlı sermaye tavanı artırımı ve süre uzatımı başvurusu ile ilgili SPK Onayı Hakkında.,https://www.kap.org.tr/tr/Bildirim/1493403,tr,2025-09-26T17:13:20+00:00
2025-09-26,ATAVK,KAP,ATA VARLIK KİRALAMA A.Ş. - Tertip İhraç Belgesi,Tertip İhraç Belgesi Tertip İhraç Belgesi Spk Onayı,https://www.kap.org.tr/tr/Bildirim/1493340,tr,2025-09-26T16:14:06+00:00
2025-09-26,ATSYH,KAP,ATLANTİS YATIRIM HOLDİNG A.Ş. - Genel Kurul İşlemlerine İlişkin Bildirim,Genel Kurul İşlemlerine İlişkin Bildirim 2024 yılı olağan Genel Kurul toplantısı nisab toplanamadığından 31.10.2025 cuma günü saat 15.00 ertelenmiştir.,https://www.kap.org.tr/tr/Bildirim/1493124,tr,2025-09-26T00:00:22+00:00
2025-09-26,AVOD,KAP,A.V.O.D. KURUTULMUŞ GIDA VE TARIM ÜRÜNLERİ SANAYİ TİCARET A.Ş. - Özel Durum Açıklaması (Genel),Özel Durum Açıklaması (Genel) 2024 Yılı Sürdürülebilirlik Denetimi için Denetim Şirketi Seçimi,https://www.kap.org.tr/tr/Bildirim/1493246,tr,2025-09-26T12:12:06+00:00
2025-09-26,AVTUR,KAP,AVRASYA PETROL VE TURİSTİK TESİSLER YATIRIMLAR A.Ş. - Ayrılma Hakkı Kullanımına İlişkin Bildirim,Ayrılma Hakkı Kullanımına İlişkin Bildirim Metro Turizm Otelcilik ve Petrol Ürünleri Ticaret A.Ş'nin Satışından Kaynaklı Ayrılma Hakkı Hk. AVGYO,https://www.kap.org.tr/tr/Bildirim/1493480,tr,2025-09-26T18:20:05+00:00
2025-09-26,AVTUR,KAP,AVRASYA PETROL VE TURİSTİK TESİSLER YATIRIMLAR A.Ş. - Genel Kurul İşlemlerine İlişkin Bildirim,Genel Kurul İşlemlerine İlişkin Bildirim Olağanüstü Genel Kurul Toplantısının Sonucu,https://www.kap.org.tr/tr/Bildirim/1493470,tr,2025-09-26T18:15:44+00:00
2025-09-26,AYGAZ,KAP,AYGAZ A.Ş. - Maddi Duran Varlık Satımı,"Maddi Duran Varlık Satımı Maddi Duran Varlık Satımı KCHOL, TOASO",https://www.kap.org.tr/tr/Bildirim/1493481,tr,2025-09-26T18:20:09+00:00
2025-09-26,BEGYO,KAP,BATI EGE GAYRİMENKUL YATIRIM ORTAKLIĞI A.Ş. - Kar Payı Dağıtım İşlemlerine İlişkin Bildirim,Kar Payı Dağıtım İşlemlerine İlişkin Bildirim Kar Payı Dağıtımına İlişkin 1. Taksit Ödeme Tarihinin Düzeltilmesi,https://www.kap.org.tr/tr/Bildirim/1493228,tr,2025-09-26T11:12:58+00:00
2025-09-26,BEYAZ,KAP,BEYAZ FİLO OTO KİRALAMA A.Ş. - Sürdürülebilirlik Raporu,Sürdürülebilirlik Raporu 2024 Yılı TSRS Uyumlu Sürdürülebilirlik Raporu,https://www.kap.org.tr/tr/Bildirim/1493522,tr,2025-09-26T19:22:09+00:00
2025-09-26,BIMAS,KAP,BİM BİRLEŞİK MAĞAZALAR A.Ş. - Payların Geri Alınmasına İlişkin Bildirim,Payların Geri Alınmasına İlişkin Bildirim 26 Eylül 2025 Tarihli Pay Geri Alım İşlemleri,https://www.kap.org.tr/tr/Bildirim/1493529,tr,2025-09-26T23:20:00+00:00
2025-09-26,BOBET,KAP,BOĞAZİÇİ BETON SANAYİ VE TİCARET A.Ş. - Payların Geri Alınmasına İlişkin Bildirim,"Payların Geri Alınmasına İlişkin Bildirim 26.09.2025 Tarihli Pay Geri Alım İşlemleri Hakkında,",https://www.kap.org.tr/tr/Bildirim/1493462,tr,2025-09-26T18:11:13+00:00
2025-09-26,BRKT,KAP,BEREKET VARLIK KİRALAMA A.Ş. - Pay Dışında Sermaye Piyasası Aracı İşlemlerine İlişkin Bildirim (Faizsiz),Pay Dışında Sermaye Piyasası Aracı İşlemlerine İlişkin Bildirim (Faizsiz) TRDBRKTA2525 ISIN Kodlu Yurt İçi Kira Sertifikası Satışının Tamamlanması Hk. ALBRK,https://www.kap.org.tr/tr/Bildirim/1493185,tr,2025-09-26T10:01:16+00:00
2025-09-26,BRKT,KAP,BEREKET VARLIK KİRALAMA A.Ş. - Pay Dışında Sermaye Piyasası Aracı İşlemlerine İlişkin Bildirim (Faizsiz),Pay Dışında Sermaye Piyasası Aracı İşlemlerine İlişkin Bildirim (Faizsiz) TRDBRKT92538 ISIN Kodlu Kira Sertifikasının İtfası Hk. ALBRK,https://www.kap.org.tr/tr/Bildirim/1493180,tr,2025-09-26T09:59:29+00:00
2025-09-26,BVSAN,KAP,BÜLBÜLOĞLU VİNÇ SANAYİ VE TİCARET A.Ş. - Yeni İş İlişkisi,Yeni İş İlişkisi Yeni İş İlişkisi Hakkında,https://www.kap.org.tr/tr/Bildirim/1493402,tr,2025-09-26T17:11:13+00:00
2025-09-26,CAGFA,KAP,ÇAĞDAŞ FAKTORİNG A.Ş. - Pay Dışında Sermaye Piyasası Aracı İşlemlerine İlişkin Bildirim (Faiz İçeren),Pay Dışında Sermaye Piyasası Aracı İşlemlerine İlişkin Bildirim (Faiz İçeren) TRFCGDF92512 ISIN kodlu 26/09/2025 vadeli ihracın itfası,https://www.kap.org.tr/tr/Bildirim/1493415,tr,2025-09-26T17:23:14+00:00
2025-09-26,CAGFA,KAP,ÇAĞDAŞ FAKTORİNG A.Ş. - Pay Dışında Sermaye Piyasası Aracı İşlemlerine İlişkin Bildirim (Faiz İçeren),Pay Dışında Sermaye Piyasası Aracı İşlemlerine İlişkin Bildirim (Faiz İçeren) TRFCGDF32641 ISIN kodlu ihracın 2.kupon faiz ödemesinin gerçekleştirilmesi,https://www.kap.org.tr/tr/Bildirim/1493414,tr,2025-09-26T17:23:07+00:00
2025-09-26,DEVA,KAP,DEVA HOLDİNG A.Ş. - Özel Durum Açıklaması (Genel),Özel Durum Açıklaması (Genel) İpotek fekki,https://www.kap.org.tr/tr/Bildirim/1493378,tr,2025-09-26T16:46:39+00:00
2025-09-26,DIRIT,KAP,DİRİTEKS DİRİLİŞ TEKSTİL SANAYİ VE TİCARET A.Ş. - Sorumluluk Beyanı (Konsolide),Sorumluluk Beyanı (Konsolide) Sorumlluk Beyanı,https://www.kap.org.tr/tr/Bildirim/1493527,tr,2025-09-26T21:49:26+00:00
2025-09-26,DIRIT,KAP,DİRİTEKS DİRİLİŞ TEKSTİL SANAYİ VE TİCARET A.Ş. - Faaliyet Raporu (Konsolide),Faaliyet Raporu (Konsolide) Faaliyet Raporu,https://www.kap.org.tr/tr/Bildirim/1493526,tr,2025-09-26T21:41:15+00:00
2025-09-26,DIRIT,KAP,DİRİTEKS DİRİLİŞ TEKSTİL SANAYİ VE TİCARET A.Ş. - Finansal Rapor,Finansal Rapor,https://www.kap.org.tr/tr/Bildirim/1493525,tr,2025-09-26T21:37:43+00:00
2025-09-26,DNFIN,KAP,DENİZ FİNANSAL KİRALAMA A.Ş. - İhraç Tavanına İlişkin Bildirim,İhraç Tavanına İlişkin Bildirim Borçlanma Aracı İhracına İlişkin Sermaye Piyasası Kurulu Onayı,https://www.kap.org.tr/tr/Bildirim/1493436,tr,2025-09-26T17:50:25+00:00
2025-09-26,DNFIN,KAP,DENİZ FİNANSAL KİRALAMA A.Ş. - İhraç Belgesi,İhraç Belgesi Borçlanma Aracı İhraç Blgesi,https://www.kap.org.tr/tr/Bildirim/1493435,tr,2025-09-26T17:49:54+00:00
2025-09-26,DYOBY,KAP,DYO BOYA FABRİKALARI SANAYİ VE TİCARET A.Ş. - Pay Dışında Sermaye Piyasası Aracı İşlemlerine İlişkin Bildirim (Faiz İçeren),Pay Dışında Sermaye Piyasası Aracı İşlemlerine İlişkin Bildirim (Faiz İçeren) TRFDYBY92526 ISIN kodlu Finansman Bonosu İtfası,https://www.kap.org.tr/tr/Bildirim/1493317,tr,2025-09-26T15:28:27+00:00
2025-09-26,DYOBY,KAP,DYO BOYA FABRİKALARI SANAYİ VE TİCARET A.Ş. - Pay Dışında Sermaye Piyasası Aracı İşlemlerine İlişkin Bildirim (Faiz İçeren),Pay Dışında Sermaye Piyasası Aracı İşlemlerine İlişkin Bildirim (Faiz İçeren) Nitelikli Yatırımcılara Satılmak Üzere Finansman Bonosu İhracı,https://www.kap.org.tr/tr/Bildirim/1493196,tr,2025-09-26T10:14:05+00:00
2025-09-26,EKOFA,KAP,EKO FAKTORİNG A.Ş. - İhraç Belgesi,İhraç Belgesi İHRAÇ BELGESİNİN SPK TARAFINDAN ONAYLANMASI,https://www.kap.org.tr/tr/Bildirim/1493523,tr,2025-09-26T19:22:16+00:00
2025-09-26,EKOFA,KAP,EKO FAKTORİNG A.Ş. - İhraç Tavanına İlişkin Bildirim,İhraç Tavanına İlişkin Bildirim İHRAÇ BELGESİNİN SPK T6ARAFINDAN ONAYLANMASI,https://www.kap.org.tr/tr/Bildirim/1493519,tr,2025-09-26T19:18:34+00:00
2025-09-26,EKTVK,KAP,EMLAK KATILIM VARLIK KİRALAMA A.Ş. - Pay Dışında Sermaye Piyasası Aracı İşlemlerine İlişkin Bildirim (Faizsiz),Pay Dışında Sermaye Piyasası Aracı İşlemlerine İlişkin Bildirim (Faizsiz) Şirketimiz Tarafından İhraç Edilmiş Olan TRDEVKS92528 ISIN Kodlu Kira Sertifikasının İtfası Hk EKT,https://www.kap.org.tr/tr/Bildirim/1493148,tr,2025-09-26T09:33:12+00:00
2025-09-26,EMIRV,KAP,EMİR VARLIK YÖNETİM A.Ş. - Pay Dışında Sermaye Piyasası Aracı İşlemlerine İlişkin Bildirim (Faiz İçeren),Pay Dışında Sermaye Piyasası Aracı İşlemlerine İlişkin Bildirim (Faiz İçeren) TRFEMIR92619 Finansman Bonosu İhracının Gerçekleşmesi,https://www.kap.org.tr/tr/Bildirim/1493211,tr,2025-09-26T10:40:11+00:00
2025-09-26,EMVAR,KAP,EMLAK VARLIK KİRALAMA A.Ş. - Pay Dışında Sermaye Piyasası Aracı İşlemlerine İlişkin Bildirim (Faizsiz),Pay Dışında Sermaye Piyasası Aracı İşlemlerine İlişkin Bildirim (Faizsiz) TRDEMVK92646 ISIN Kodlu Kira Sertifikası İhracının Nitelikli Yatırımcıya Satışının Tamamlanması Hk. ALFIN,https://www.kap.org.tr/tr/Bildirim/1493192,tr,2025-09-26T10:08:44+00:00
2025-09-26,EMVAR,KAP,EMLAK VARLIK KİRALAMA A.Ş. - Pay Dışında Sermaye Piyasası Aracı İşlemlerine İlişkin Bildirim (Faizsiz),Pay Dışında Sermaye Piyasası Aracı İşlemlerine İlişkin Bildirim (Faizsiz) TRDEMVK92646 ISIN Kodlu Kira Sertifikası İhracının Nitelikli Yatırımcıya Satışının Tamamlanması Hk. ALFIN,https://www.kap.org.tr/tr/Bildirim/1493153,tr,2025-09-26T09:39:46+00:00
2025-09-26,ENERY,KAP,ENERYA ENERJİ A.Ş. - Payların Geri Alınmasına İlişkin Bildirim,Payların Geri Alınmasına İlişkin Bildirim 26.09.2025 Tarihli Pay Geri Alım İşlemleri,https://www.kap.org.tr/tr/Bildirim/1493489,tr,2025-09-26T18:30:26+00:00
2025-09-26,ERCB,KAP,ERCİYAS ÇELİK BORU SANAYİ A.Ş. - Kredi Derecelendirmesi,Kredi Derecelendirmesi Kredi Derecelendirme Notu,https://www.kap.org.tr/tr/Bildirim/1493493,tr,2025-09-26T18:34:07+00:00
2025-09-26,ETYAT,KAP,EURO TREND YATIRIM ORTAKLIĞI A.Ş. - Özel Durum Açıklaması (Genel),"Özel Durum Açıklaması (Genel) BİAŞ'da oluşan ağırlıklı ortalama fiyatın,pay başına net aktif değerin 2 katını aşması",https://www.kap.org.tr/tr/Bildirim/1493276,tr,2025-09-26T14:43:02+00:00
2025-09-26,EUKYO,KAP,EURO KAPİTAL YATIRIM ORTAKLIĞI A.Ş. - Özel Durum Açıklaması (Genel),"Özel Durum Açıklaması (Genel) BİAŞ'da oluşan ağırlıklı ortalama fiyatın,pay başına net aktif değerin 2 katını aşması",https://www.kap.org.tr/tr/Bildirim/1493277,tr,2025-09-26T14:43:31+00:00
2025-09-26,EUYO,KAP,EURO MENKUL KIYMET YATIRIM ORTAKLIĞI A.Ş. - Özel Durum Açıklaması (Genel),"Özel Durum Açıklaması (Genel) BİAŞ'da oluşan ağırlıklı ortalama fiyatın,pay başına net aktif değerin 2 katını aşması",https://www.kap.org.tr/tr/Bildirim/1493275,tr,2025-09-26T14:42:24+00:00
2025-09-26,FROTO,KAP,FORD OTOMOTİV SANAYİ A.Ş. - Kayıtlı Sermaye Tavanı İşlemlerine İlişkin Bildirim,Kayıtlı Sermaye Tavanı İşlemlerine İlişkin Bildirim Kayıtlı sermaye geçerlilik süresinin uzatılması ve tavan artırımı için Sermaye Piyasası Kurulu'na başvurulması,https://www.kap.org.tr/tr/Bildirim/1493494,tr,2025-09-26T18:34:23+00:00
2025-09-26,GARFA,KAP,GARANTİ FAKTORİNG A.Ş. - Pay Dışında Sermaye Piyasası Aracı İşlemlerine İlişkin Bildirim (Faiz İçeren),Pay Dışında Sermaye Piyasası Aracı İşlemlerine İlişkin Bildirim (Faiz İçeren) Bono İtfası,https://www.kap.org.tr/tr/Bildirim/1493222,tr,2025-09-26T10:59:08+00:00
2025-09-26,GLYHO,KAP,GLOBAL YATIRIM HOLDİNG A.Ş. - Payların Geri Alınmasına İlişkin Bildirim,Payların Geri Alınmasına İlişkin Bildirim 26.09.2025 Tarihli Pay Geri Alım İşlemleri,https://www.kap.org.tr/tr/Bildirim/1493482,tr,2025-09-26T18:20:38+00:00
2025-09-26,GRNYO,KAP,GARANTİ YATIRIM ORTAKLIĞI A.Ş. - Özel Durum Açıklaması (Genel),"Özel Durum Açıklaması (Genel) Paylarının BİAŞ'ta oluşan ağırlıklı ortalama fiyatının, pay başına net aktif değerinin 2 katını aşması hakkında.",https://www.kap.org.tr/tr/Bildirim/1493195,tr,2025-09-26T10:12:59+00:00
2025-09-26,GUBRF,KAP,GÜBRE FABRİKALARI T.A.Ş. - Özel Durum Açıklaması (Genel),Özel Durum Açıklaması (Genel) İhale Sürecine İlişkin Bilgilendirme,https://www.kap.org.tr/tr/Bildirim/1493409,tr,2025-09-26T17:18:28+00:00
2025-09-26,HALKB,KAP,TÜRKİYE HALK BANKASI A.Ş. - Pay Dışında Sermaye Piyasası Aracı İşlemlerine İlişkin Bildirim (Faiz İçeren),Pay Dışında Sermaye Piyasası Aracı İşlemlerine İlişkin Bildirim (Faiz İçeren) Yurtiçinde Nitelikli Yatırımcılara Sermaye Benzeri Tahvil Kupon İtfası,https://www.kap.org.tr/tr/Bildirim/1493229,tr,2025-09-26T11:27:21+00:00
2025-09-26,HALKI,KAP,HALK YATIRIM MENKUL DEĞERLER A.Ş. - Şirket Genel Bilgi Formu,Şirket Genel Bilgi Formu,https://www.kap.org.tr/tr/Bildirim/1493142,tr,2025-09-26T09:12:20+00:00
2025-09-26,HATEK,KAP,HATEKS HATAY TEKSTİL İŞLETMELERİ A.Ş. - Özel Durum Açıklaması (Genel),"Özel Durum Açıklaması (Genel) Şirketimizin,Ziraat Bankası, Ziraat Katılım Bankası,Vakıflar Bankası, YKB, İş Bankası ve Garanti Bankasından kullanmış olduğu kısa vadeli kredilerden kaynaklı mevcut riskin uzun vadeye yayılması",https://www.kap.org.tr/tr/Bildirim/1493307,tr,2025-09-26T15:18:08+00:00
2025-09-26,HDFGS,KAP,HEDEF GİRİŞİM SERMAYESİ YATIRIM ORTAKLIĞI A.Ş. - Özel Durum Açıklaması (Genel),Özel Durum Açıklaması (Genel) İstanbul Portföy Yönetimi A.Ş.Pre-IPO GSYF Temettü Geliri Hk.,https://www.kap.org.tr/tr/Bildirim/1493461,tr,2025-09-26T18:11:10+00:00
2025-09-26,HLGYO,KAP,HALK GAYRİMENKUL YATIRIM ORTAKLIĞI A.Ş. - Esas Sözleşme,Esas Sözleşme Esas Sözleşme,https://www.kap.org.tr/tr/Bildirim/1493464,tr,2025-09-26T18:11:17+00:00
2025-09-26,HLGYO,KAP,HALK GAYRİMENKUL YATIRIM ORTAKLIĞI A.Ş. - Sermaye Artırımı - Azaltımı İşlemlerine İlişkin Bildirim,Sermaye Artırımı - Azaltımı İşlemlerine İlişkin Bildirim Bedelsiz Sermaye Artırımına İlişkin Esas Sözleşme Değişikliğinin Tescili,https://www.kap.org.tr/tr/Bildirim/1493460,tr,2025-09-26T18:11:01+00:00
2025-09-26,HLVKS,KAP,HALK VARLIK KİRALAMA A.Ş. - Pay Dışında Sermaye Piyasası Aracı İşlemlerine İlişkin Bildirim (Faizsiz),Pay Dışında Sermaye Piyasası Aracı İşlemlerine İlişkin Bildirim (Faizsiz) Yurtiçi Kira Sertifikası İtfa ve Getiri Ödemesi PYCLL,https://www.kap.org.tr/tr/Bildirim/1493241,tr,2025-09-26T12:02:24+00:00
2025-09-26,HLVKS,KAP,HALK VARLIK KİRALAMA A.Ş. - Pay Dışında Sermaye Piyasası Aracı İşlemlerine İlişkin Bildirim (Faizsiz),Pay Dışında Sermaye Piyasası Aracı İşlemlerine İlişkin Bildirim (Faizsiz) Yurtiçi Kira Sertifikası İhracı Nitelikli Yatırımcıya Satışın Tamamlanması hk. PYCLL,https://www.kap.org.tr/tr/Bildirim/1493203,tr,2025-09-26T10:29:22+00:00
2025-09-26,HLY,KAP,HALK YATIRIM MENKUL DEĞERLER A.Ş. - Şirket Genel Bilgi Formu,Şirket Genel Bilgi Formu,https://www.kap.org.tr/tr/Bildirim/1493142,tr,2025-09-26T09:12:20+00:00
2025-09-26,IAZ,KAP,INVEST-AZ YATIRIM MENKUL DEĞERLER A.Ş. - Toptan Alış Satış İşlemi Bildirimi,Toptan Alış Satış İşlemi Bildirimi PRZMA tahsisli sermaye arttırımı kapsamında Toptan Alış Satış İşlemi hk. PRZMA,https://www.kap.org.tr/tr/Bildirim/1493253,tr,2025-09-26T12:31:27+00:00
2025-09-26,IEYHO,KAP,IŞIKLAR ENERJİ VE YAPI HOLDİNG A.Ş. - Şirket Genel Bilgi Formu,Şirket Genel Bilgi Formu,https://www.kap.org.tr/tr/Bildirim/1493393,tr,2025-09-26T17:00:45+00:00
2025-09-26,IEYHO,KAP,IŞIKLAR ENERJİ VE YAPI HOLDİNG A.Ş. - Hak Kullanım Süreç İptal Bildirimi,Hak Kullanım Süreç İptal Bildirimi Genel Kurul İptali,https://www.kap.org.tr/tr/Bildirim/1493339,tr,2025-09-26T16:13:07+00:00
2025-09-26,IEYHO,KAP,IŞIKLAR ENERJİ VE YAPI HOLDİNG A.Ş. - Genel Kurul İşlemlerine İlişkin Bildirim,Genel Kurul İşlemlerine İlişkin Bildirim Genel Kurul İptali,https://www.kap.org.tr/tr/Bildirim/1493337,tr,2025-09-26T16:09:58+00:00
2025-09-26,IEYHO,KAP,IŞIKLAR ENERJİ VE YAPI HOLDİNG A.Ş. - Yönetim Kurulu Komiteleri,Yönetim Kurulu Komiteleri Yönetim Komiteleri,https://www.kap.org.tr/tr/Bildirim/1493336,tr,2025-09-26T16:09:07+00:00
2025-09-26,INFO,KAP,İNFO YATIRIM MENKUL DEĞERLER A.Ş. - Pay Alım Teklifi Yoluyla Pay Toplanmasına İlişkin Bildirim,"Pay Alım Teklifi Yoluyla Pay Toplanmasına İlişkin Bildirim Pergamon Status Dış Ticaret A.Ş. Pay Sahiplerine Zorunlu Pay Alım Teklifi Hk. HEDEF, PSDTC",https://www.kap.org.tr/tr/Bildirim/1493421,tr,2025-09-26T17:31:00+00:00
2025-09-26,INFO,KAP,İNFO YATIRIM MENKUL DEĞERLER A.Ş. - Özel Durum Açıklaması (Genel),Özel Durum Açıklaması (Genel) KRVGD Likidite Sağlayıcılık Başvurusunun Yapılması Hk. KRVGD,https://www.kap.org.tr/tr/Bildirim/1493258,tr,2025-09-26T12:59:09+00:00
2025-09-26,INFO,KAP,İNFO YATIRIM MENKUL DEĞERLER A.Ş. - Yatırım Kuruluşu Varant - Sertifika - Senetlerine İlişkin Bildirim,Yatırım Kuruluşu Varant - Sertifika - Senetlerine İlişkin Bildirim 25.09.2025 Vadeli Varantların İtfası,https://www.kap.org.tr/tr/Bildirim/1493239,tr,2025-09-26T11:51:54+00:00
2025-09-26,INTEM,KAP,İNTEMA İNŞAAT VE TESİSAT MALZEMELERİ YATIRIM VE PAZARLAMA A.Ş. - Özel Durum Açıklaması (Genel),Özel Durum Açıklaması (Genel) Rekabet Kurulu'nun Gerekçeli Uzlaşma Nihai Kararı,https://www.kap.org.tr/tr/Bildirim/1493495,tr,2025-09-26T18:34:37+00:00
2025-09-26,INVAZ,KAP,INVEST-AZ YATIRIM MENKUL DEĞERLER A.Ş. - Toptan Alış Satış İşlemi Bildirimi,Toptan Alış Satış İşlemi Bildirimi PRZMA tahsisli sermaye arttırımı kapsamında Toptan Alış Satış İşlemi hk. PRZMA,https://www.kap.org.tr/tr/Bildirim/1493253,tr,2025-09-26T12:31:27+00:00
2025-09-26,ISATR,KAP,TÜRKİYE İŞ BANKASI A.Ş. - Pay Dışında Sermaye Piyasası Aracı İşlemlerine İlişkin Bildirim (Faiz İçeren),Pay Dışında Sermaye Piyasası Aracı İşlemlerine İlişkin Bildirim (Faiz İçeren) Yurtdışı Piyasalara Tahvil İhracı,https://www.kap.org.tr/tr/Bildirim/1493450,tr,2025-09-26T18:03:37+00:00
2025-09-26,ISBTR,KAP,TÜRKİYE İŞ BANKASI A.Ş. - Pay Dışında Sermaye Piyasası Aracı İşlemlerine İlişkin Bildirim (Faiz İçeren),Pay Dışında Sermaye Piyasası Aracı İşlemlerine İlişkin Bildirim (Faiz İçeren) Yurtdışı Piyasalara Tahvil İhracı,https://www.kap.org.tr/tr/Bildirim/1493450,tr,2025-09-26T18:03:37+00:00
2025-09-26,ISCTR,KAP,TÜRKİYE İŞ BANKASI A.Ş. - Pay Dışında Sermaye Piyasası Aracı İşlemlerine İlişkin Bildirim (Faiz İçeren),Pay Dışında Sermaye Piyasası Aracı İşlemlerine İlişkin Bildirim (Faiz İçeren) Yurtdışı Piyasalara Tahvil İhracı,https://www.kap.org.tr/tr/Bildirim/1493450,tr,2025-09-26T18:03:37+00:00
2025-09-26,ISKUR,KAP,TÜRKİYE İŞ BANKASI A.Ş. - Pay Dışında Sermaye Piyasası Aracı İşlemlerine İlişkin Bildirim (Faiz İçeren),Pay Dışında Sermaye Piyasası Aracı İşlemlerine İlişkin Bildirim (Faiz İçeren) Yurtdışı Piyasalara Tahvil İhracı,https://www.kap.org.tr/tr/Bildirim/1493450,tr,2025-09-26T18:03:37+00:00
2025-09-26,ISMEN,KAP,İŞ YATIRIM MENKUL DEĞERLER A.Ş. - Piyasa Yapıcılığı Kapsamında Gerçekleştirilen İşlemler Bildirimi,Piyasa Yapıcılığı Kapsamında Gerçekleştirilen İşlemler Bildirimi Borsa Yatırım Fonu Piyasa Yapıcılığı İşlemleri ISGLK,https://www.kap.org.tr/tr/Bildirim/1493291,tr,2025-09-26T14:58:44+00:00
2025-09-26,ISMEN,KAP,İŞ YATIRIM MENKUL DEĞERLER A.Ş. - Yatırım Kuruluşu Varant - Sertifika - Senetlerine İlişkin Bildirim,Yatırım Kuruluşu Varant - Sertifika - Senetlerine İlişkin Bildirim İş Yatırım Sertifika ve Varant Alım Satım İşlemleri,https://www.kap.org.tr/tr/Bildirim/1493290,tr,2025-09-26T14:56:41+00:00
2025-09-26,ISMEN,KAP,İŞ YATIRIM MENKUL DEĞERLER A.Ş. - Yatırım Kuruluşu Varant - Sertifika - Senetlerine İlişkin Bildirim,Yatırım Kuruluşu Varant - Sertifika - Senetlerine İlişkin Bildirim İş Yatırım Aracı Kuruluş Varantlarının İtfa Bildirimi,https://www.kap.org.tr/tr/Bildirim/1493166,tr,2025-09-26T09:51:24+00:00
2025-09-26,ISTFK,KAP,İSTANBUL FAKTORİNG A.Ş. - Pay Dışında Sermaye Piyasası Aracı İşlemlerine İlişkin Bildirim (Faiz İçeren),Pay Dışında Sermaye Piyasası Aracı İşlemlerine İlişkin Bildirim (Faiz İçeren) TRFIFASA2523 ISIN kodlu finansman bonosunun 1.kupon ödemesi,https://www.kap.org.tr/tr/Bildirim/1493320,tr,2025-09-26T15:39:39+00:00
2025-09-26,ISYAT,KAP,İŞ YATIRIM ORTAKLIĞI A.Ş. - Özel Durum Açıklaması (Genel),"Özel Durum Açıklaması (Genel) Ortaklık paylarının BİAŞ'ta oluşan ağırlıklı ortalama fiyatının, pay başına net aktif değerinin 2 katını aşması hakkında",https://www.kap.org.tr/tr/Bildirim/1493250,tr,2025-09-26T12:16:27+00:00
2025-09-26,IYF,KAP,İNFO YATIRIM MENKUL DEĞERLER A.Ş. - Pay Alım Teklifi Yoluyla Pay Toplanmasına İlişkin Bildirim,"Pay Alım Teklifi Yoluyla Pay Toplanmasına İlişkin Bildirim Pergamon Status Dış Ticaret A.Ş. Pay Sahiplerine Zorunlu Pay Alım Teklifi Hk. HEDEF, PSDTC",https://www.kap.org.tr/tr/Bildirim/1493421,tr,2025-09-26T17:31:00+00:00
2025-09-26,IYF,KAP,İNFO YATIRIM MENKUL DEĞERLER A.Ş. - Özel Durum Açıklaması (Genel),Özel Durum Açıklaması (Genel) KRVGD Likidite Sağlayıcılık Başvurusunun Yapılması Hk. KRVGD,https://www.kap.org.tr/tr/Bildirim/1493258,tr,2025-09-26T12:59:09+00:00
2025-09-26,IYF,KAP,İNFO YATIRIM MENKUL DEĞERLER A.Ş. - Yatırım Kuruluşu Varant - Sertifika - Senetlerine İlişkin Bildirim,Yatırım Kuruluşu Varant - Sertifika - Senetlerine İlişkin Bildirim 25.09.2025 Vadeli Varantların İtfası,https://www.kap.org.tr/tr/Bildirim/1493239,tr,2025-09-26T11:51:54+00:00
2025-09-26,IYM,KAP,İŞ YATIRIM MENKUL DEĞERLER A.Ş. - Piyasa Yapıcılığı Kapsamında Gerçekleştirilen İşlemler Bildirimi,Piyasa Yapıcılığı Kapsamında Gerçekleştirilen İşlemler Bildirimi Borsa Yatırım Fonu Piyasa Yapıcılığı İşlemleri ISGLK,https://www.kap.org.tr/tr/Bildirim/1493291,tr,2025-09-26T14:58:44+00:00
2025-09-26,IYM,KAP,İŞ YATIRIM MENKUL DEĞERLER A.Ş. - Yatırım Kuruluşu Varant - Sertifika - Senetlerine İlişkin Bildirim,Yatırım Kuruluşu Varant - Sertifika - Senetlerine İlişkin Bildirim İş Yatırım Sertifika ve Varant Alım Satım İşlemleri,https://www.kap.org.tr/tr/Bildirim/1493290,tr,2025-09-26T14:56:41+00:00
2025-09-26,IYM,KAP,İŞ YATIRIM MENKUL DEĞERLER A.Ş. - Yatırım Kuruluşu Varant - Sertifika - Senetlerine İlişkin Bildirim,Yatırım Kuruluşu Varant - Sertifika - Senetlerine İlişkin Bildirim İş Yatırım Aracı Kuruluş Varantlarının İtfa Bildirimi,https://www.kap.org.tr/tr/Bildirim/1493166,tr,2025-09-26T09:51:24+00:00
2025-09-26,IZMDC,KAP,İZMİR DEMİR ÇELİK SANAYİ A.Ş. - Özel Durum Açıklaması (Genel),Özel Durum Açıklaması (Genel) Bağlı Ortaklığımız İDÇ Liman İşletmeleri A.Ş.'nin Halka Arzı Hakkında Esas Sözleşme Tadil Onayı,https://www.kap.org.tr/tr/Bildirim/1493396,tr,2025-09-26T17:05:54+00:00
2025-09-26,KAREL,KAP,KAREL ELEKTRONİK SANAYİ VE TİCARET A.Ş. - Kayıtlı Sermaye Tavanı İşlemlerine İlişkin Bildirim,Kayıtlı Sermaye Tavanı İşlemlerine İlişkin Bildirim Kayıtlı Sermaye Tavanının Artırılması ve Esas Sözleşme Tadili için SPK Onayı,https://www.kap.org.tr/tr/Bildirim/1493388,tr,2025-09-26T16:53:06+00:00
2025-09-26,KARTN,KAP,KARTONSAN KARTON SANAYİ VE TİCARET A.Ş. - İzahname (SPK Onayına Sunulan),İzahname (SPK Onayına Sunulan) Bedelli Sermaye Artırımına İlişkin SPK Onayına Sunulan Taslak İzahname Bölüm 3,https://www.kap.org.tr/tr/Bildirim/1493331,tr,2025-09-26T16:01:19+00:00
2025-09-26,KARTN,KAP,KARTONSAN KARTON SANAYİ VE TİCARET A.Ş. - İzahname (SPK Onayına Sunulan),İzahname (SPK Onayına Sunulan) Bedelli Sermaye Artırımına İlişkin SPK Onayına Sunulan Taslak İzahname Bölüm 2,https://www.kap.org.tr/tr/Bildirim/1493330,tr,2025-09-26T16:01:09+00:00
2025-09-26,KARTN,KAP,KARTONSAN KARTON SANAYİ VE TİCARET A.Ş. - İzahname (SPK Onayına Sunulan),İzahname (SPK Onayına Sunulan) Bedelli Sermaye Artırımına İlişkin SPK Onayına Sunulan Taslak İzahname Bölüm 1,https://www.kap.org.tr/tr/Bildirim/1493329,tr,2025-09-26T16:00:57+00:00
2025-09-26,KARTN,KAP,KARTONSAN KARTON SANAYİ VE TİCARET A.Ş. - Sermaye Artırımı - Azaltımı İşlemlerine İlişkin Bildirim,Sermaye Artırımı - Azaltımı İşlemlerine İlişkin Bildirim Bedelli Sermaye Artırımına İlişkin SPK Başvurusu Hakkında,https://www.kap.org.tr/tr/Bildirim/1493328,tr,2025-09-26T16:00:42+00:00
2025-09-26,KLMSN,KAP,KLİMASAN KLİMA SANAYİ VE TİCARET A.Ş. - Pay Alım Satım Bildirimi,Pay Alım Satım Bildirimi Pay Alım Satım Bildirimi,https://www.kap.org.tr/tr/Bildirim/1493125,tr,2025-09-26T00:01:36+00:00
2025-09-26,KLVKS,KAP,KALKINMA YATIRIM VARLIK KİRALAMA A.Ş. - Pay Dışında Sermaye Piyasası Aracı İşlemlerine İlişkin Bildirim (Faizsiz),"Pay Dışında Sermaye Piyasası Aracı İşlemlerine İlişkin Bildirim (Faizsiz) TRDKLVK92512 ISIn Kodlu Yurtiçi Kira Sertifikalarının İtfa ve Getiri Ödeme İşlemlerinin Tamamlanması Hk. TARFN, UNLUS, UNS",https://www.kap.org.tr/tr/Bildirim/1493269,tr,2025-09-26T14:14:29+00:00
2025-09-26,KOCMT,KAP,KOÇ METALURJİ A.Ş. - Maddi Duran Varlık Alımı,Maddi Duran Varlık Alımı Güneş Enerjisi Santrali (GES) Yatırımı İle İlgili Arsa Alımı,https://www.kap.org.tr/tr/Bildirim/1493456,tr,2025-09-26T18:10:46+00:00
2025-09-26,KORDS,KAP,KORDSA TEKNİK TEKSTİL A.Ş. - İzahname (SPK Onayına Sunulan),İzahname (SPK Onayına Sunulan) Sermaye Artırımı Başvurusu Kapsamında SPK Onayına Sunulan İzahname,https://www.kap.org.tr/tr/Bildirim/1493475,tr,2025-09-26T18:17:17+00:00
2025-09-26,KORDS,KAP,KORDSA TEKNİK TEKSTİL A.Ş. - Sermaye Artırımı - Azaltımı İşlemlerine İlişkin Bildirim,Sermaye Artırımı - Azaltımı İşlemlerine İlişkin Bildirim Sermaye Artırımına İlişkin SPK Başvurusu,https://www.kap.org.tr/tr/Bildirim/1493474,tr,2025-09-26T18:17:05+00:00
2025-09-26,KORDS,KAP,KORDSA TEKNİK TEKSTİL A.Ş. - Sermaye Artırımından Elde Edilecek - Edilen Fonun Kullanımına İlişkin Rapor,Sermaye Artırımından Elde Edilecek - Edilen Fonun Kullanımına İlişkin Rapor Bedelli Sermaye Artırımından Elde Edilecek Fonun Kullanımına İlişkin Rapor,https://www.kap.org.tr/tr/Bildirim/1493473,tr,2025-09-26T18:16:55+00:00
2025-09-26,KUVVA,KAP,KUVVA GIDA TİCARET VE SANAYİ YATIRIMLARI A.Ş. - Katılım Finansı İlkeleri Bilgi Formu,Katılım Finansı İlkeleri Bilgi Formu,https://www.kap.org.tr/tr/Bildirim/1493531,tr,2025-09-26T23:55:36+00:00
2025-09-26,LKMNH,KAP,LOKMAN HEKİM ENGÜRÜSAĞ SAĞLIK TURİZM EĞİTİM HİZMETLERİ VE İNŞAAT TAAHHÜT A.Ş. - Payların Geri Alınmasına İlişkin Bildirim,Payların Geri Alınmasına İlişkin Bildirim Hisse Geri Alımı,https://www.kap.org.tr/tr/Bildirim/1493496,tr,2025-09-26T18:37:35+00:00
2025-09-26,MACKO,KAP,MACKOLİK İNTERNET HİZMETLERİ TİCARET A.Ş. - Özel Durum Açıklaması (Genel),Özel Durum Açıklaması (Genel) Üst Düzey Yönetici Değişikliği,https://www.kap.org.tr/tr/Bildirim/1493272,tr,2025-09-26T14:34:15+00:00
2025-09-26,MAGEN,KAP,MARGÜN ENERJİ ÜRETİM SANAYİ VE TİCARET A.Ş. - Sermaye Artırımı - Azaltımı İşlemlerine İlişkin Bildirim,Sermaye Artırımı - Azaltımı İşlemlerine İlişkin Bildirim Bedelsiz Sermaye Artırımı ve Esas Sözleşme Tadili `ne İlişkin SPK Onayı Hk.,https://www.kap.org.tr/tr/Bildirim/1493422,tr,2025-09-26T17:31:18+00:00
2025-09-26,MAVI,KAP,MAVİ GİYİM SANAYİ VE TİCARET A.Ş. - Payların Geri Alınmasına İlişkin Bildirim,Payların Geri Alınmasına İlişkin Bildirim 26.09.2025 Tarihli Pay Geri Alım İşlemleri,https://www.kap.org.tr/tr/Bildirim/1493479,tr,2025-09-26T18:19:23+00:00
2025-09-26,MBFTR,KAP,MERCEDES-BENZ FİNANSMAN TÜRK A.Ş. - Özel Durum Açıklaması (Genel),Özel Durum Açıklaması (Genel) Yatırımcı Bilgi Notu,https://www.kap.org.tr/tr/Bildirim/1493263,tr,2025-09-26T13:43:34+00:00
2025-09-26,MBFTR,KAP,MERCEDES-BENZ FİNANSMAN TÜRK A.Ş. - Pay Dışında Sermaye Piyasası Aracı İşlemlerine İlişkin Bildirim (Faiz İçeren),Pay Dışında Sermaye Piyasası Aracı İşlemlerine İlişkin Bildirim (Faiz İçeren) TRSMCBFE2616 Isın Kodlu Tahvil İhracı,https://www.kap.org.tr/tr/Bildirim/1493262,tr,2025-09-26T13:42:14+00:00
2025-09-26,MMCAS,KAP,MMC SANAYİ VE TİCARİ YATIRIMLAR A.Ş. - Sermaye Artırımından Elde Edilecek - Edilen Fonun Kullanımına İlişkin Rapor,Sermaye Artırımından Elde Edilecek - Edilen Fonun Kullanımına İlişkin Rapor Fon Kullanım Raporu,https://www.kap.org.tr/tr/Bildirim/1493452,tr,2025-09-26T18:06:20+00:00
2025-09-26,MOBTL,KAP,MOBİLTEL İLETİŞİM HİZMETLERİ SANAYİ VE TİCARET A.Ş. - İhraç Tavanına İlişkin Bildirim,İhraç Tavanına İlişkin Bildirim Yurtiçi Borçlanma Aracı İhraç Belgesinin SPK Onayı,https://www.kap.org.tr/tr/Bildirim/1493428,tr,2025-09-26T17:45:57+00:00
2025-09-26,MRMAG,KAP,MARKA MAĞAZACILIK A.Ş. - Pay Dışında Sermaye Piyasası Aracı İşlemlerine İlişkin Bildirim (Faiz İçeren),Pay Dışında Sermaye Piyasası Aracı İşlemlerine İlişkin Bildirim (Faiz İçeren) TRFMRKA62616 ISIN kodlu ihracın 1.kupon faiz oranının belirlenmesi,https://www.kap.org.tr/tr/Bildirim/1493408,tr,2025-09-26T17:17:51+00:00
2025-09-26,OFSYM,KAP,OFİS YEM GIDA SANAYİ TİCARET A.Ş. - Payların Geri Alınmasına İlişkin Bildirim,Payların Geri Alınmasına İlişkin Bildirim 26.09.2025 Tarihli Pay Geri Alım İşlemler,https://www.kap.org.tr/tr/Bildirim/1493524,tr,2025-09-26T19:45:46+00:00
2025-09-26,OYA,KAP,OYAK YATIRIM MENKUL DEĞERLER A.Ş. - Piyasa Yapıcılığı Kapsamında Gerçekleştirilen İşlemler Bildirimi,Piyasa Yapıcılığı Kapsamında Gerçekleştirilen İşlemler Bildirimi 26/09/2025 TARİHLİ OYAYO PİYASA YAPICILIĞI İŞLEMLERİ OYAYO,https://www.kap.org.tr/tr/Bildirim/1493492,tr,2025-09-26T18:33:06+00:00
2025-09-26,OYA,KAP,OYAK YATIRIM MENKUL DEĞERLER A.Ş. - Pay Dışında Sermaye Piyasası Aracı İşlemlerine İlişkin Bildirim (Faiz İçeren),Pay Dışında Sermaye Piyasası Aracı İşlemlerine İlişkin Bildirim (Faiz İçeren) TRFOYMD92540 Finansman Bono İtfası,https://www.kap.org.tr/tr/Bildirim/1493490,tr,2025-09-26T18:31:08+00:00
2025-09-26,OYA,KAP,OYAK YATIRIM MENKUL DEĞERLER A.Ş. - Şirket Genel Bilgi Formu,Şirket Genel Bilgi Formu,https://www.kap.org.tr/tr/Bildirim/1493488,tr,2025-09-26T18:30:10+00:00
2025-09-26,OYA,KAP,OYAK YATIRIM MENKUL DEĞERLER A.Ş. - Pay Dışında Sermaye Piyasası Aracı İşlemlerine İlişkin Bildirim (Faiz İçeren),Pay Dışında Sermaye Piyasası Aracı İşlemlerine İlişkin Bildirim (Faiz İçeren) TRFOYMDK2531 Finansman Bonosu İhracı,https://www.kap.org.tr/tr/Bildirim/1493194,tr,2025-09-26T10:11:36+00:00
2025-09-26,OYAYO,KAP,OYAK YATIRIM ORTAKLIĞI A.Ş. - Özel Durum Açıklaması (Genel),"Özel Durum Açıklaması (Genel) Ortaklık paylarının BİAŞ'ta oluşan ağırlıklı ortalama fiyatının, pay başına net aktif değerinin 2 katını aşması hakkında",https://www.kap.org.tr/tr/Bildirim/1493205,tr,2025-09-26T10:31:18+00:00
2025-09-26,OYYAT,KAP,OYAK YATIRIM MENKUL DEĞERLER A.Ş. - Piyasa Yapıcılığı Kapsamında Gerçekleştirilen İşlemler Bildirimi,Piyasa Yapıcılığı Kapsamında Gerçekleştirilen İşlemler Bildirimi 26/09/2025 TARİHLİ OYAYO PİYASA YAPICILIĞI İŞLEMLERİ OYAYO,https://www.kap.org.tr/tr/Bildirim/1493492,tr,2025-09-26T18:33:06+00:00
2025-09-26,OYYAT,KAP,OYAK YATIRIM MENKUL DEĞERLER A.Ş. - Pay Dışında Sermaye Piyasası Aracı İşlemlerine İlişkin Bildirim (Faiz İçeren),Pay Dışında Sermaye Piyasası Aracı İşlemlerine İlişkin Bildirim (Faiz İçeren) TRFOYMD92540 Finansman Bono İtfası,https://www.kap.org.tr/tr/Bildirim/1493490,tr,2025-09-26T18:31:08+00:00
2025-09-26,OYYAT,KAP,OYAK YATIRIM MENKUL DEĞERLER A.Ş. - Şirket Genel Bilgi Formu,Şirket Genel Bilgi Formu,https://www.kap.org.tr/tr/Bildirim/1493488,tr,2025-09-26T18:30:10+00:00
2025-09-26,OYYAT,KAP,OYAK YATIRIM MENKUL DEĞERLER A.Ş. - Pay Dışında Sermaye Piyasası Aracı İşlemlerine İlişkin Bildirim (Faiz İçeren),Pay Dışında Sermaye Piyasası Aracı İşlemlerine İlişkin Bildirim (Faiz İçeren) TRFOYMDK2531 Finansman Bonosu İhracı,https://www.kap.org.tr/tr/Bildirim/1493194,tr,2025-09-26T10:11:36+00:00
2025-09-26,PCILT,KAP,PC İLETİŞİM VE MEDYA HİZMETLERİ SANAYİ TİCARET A.Ş. - Payların Geri Alınmasına İlişkin Bildirim,Payların Geri Alınmasına İlişkin Bildirim 26.09.2025 Tarihli Pay Geri Alım İşlemleri,https://www.kap.org.tr/tr/Bildirim/1493528,tr,2025-09-26T23:03:51+00:00
2025-09-26,PETUN,KAP,PINAR ENTEGRE ET VE UN SANAYİİ A.Ş. - Pay Dışında Sermaye Piyasası Aracı İşlemlerine İlişkin Bildirim (Faiz İçeren),Pay Dışında Sermaye Piyasası Aracı İşlemlerine İlişkin Bildirim (Faiz İçeren) TRFPTUN62617 ISIN Kodlu Finansman Bonosunun Kupon Ödemesi,https://www.kap.org.tr/tr/Bildirim/1493245,tr,2025-09-26T12:07:49+00:00
2025-09-26,PRZMA,KAP,PRİZMA PRES MATBAACILIK YAYINCILIK SANAYİ VE TİCARET A.Ş. - Sermaye Artırımı - Azaltımı İşlemlerine İlişkin Bildirim,Sermaye Artırımı - Azaltımı İşlemlerine İlişkin Bildirim Tahsisli Sermaye Artırımına İlişkin SPK Onaylı İhraç Belgesi Hk.,https://www.kap.org.tr/tr/Bildirim/1493249,tr,2025-09-26T12:15:04+00:00
2025-09-26,PRZMA,KAP,PRİZMA PRES MATBAACILIK YAYINCILIK SANAYİ VE TİCARET A.Ş. - İhraç Belgesi,İhraç Belgesi İhraç Belgesi Hk.,https://www.kap.org.tr/tr/Bildirim/1493248,tr,2025-09-26T12:14:50+00:00
2025-09-26,RUZYE,KAP,RUZY MADENCİLİK VE ENERJİ YATIRIMLARI SANAYİ VE TİCARET A.Ş. - Maddi Duran Varlık Alımı,Maddi Duran Varlık Alımı Taşınmaz Alımı Hk.,https://www.kap.org.tr/tr/Bildirim/1493423,tr,2025-09-26T17:31:51+00:00
2025-09-26,SANFM,KAP,SANİFOAM ENDÜSTRİ VE TÜKETİM ÜRÜNLERİ SANAYİ TİCARET A.Ş. - Esas Sözleşme,Esas Sözleşme Esas Sözleşme Hk.,https://www.kap.org.tr/tr/Bildirim/1493265,tr,2025-09-26T13:45:13+00:00
2025-09-26,SANFM,KAP,SANİFOAM ENDÜSTRİ VE TÜKETİM ÜRÜNLERİ SANAYİ TİCARET A.Ş. - Sermaye Artırımı - Azaltımı İşlemlerine İlişkin Bildirim,Sermaye Artırımı - Azaltımı İşlemlerine İlişkin Bildirim Bedelsiz Pay Alma Hak Kullanım Tarihi Hk.,https://www.kap.org.tr/tr/Bildirim/1493264,tr,2025-09-26T13:44:46+00:00
2025-09-26,SARKY,KAP,SARKUYSAN ELEKTROLİTİK BAKIR SANAYİ VE TİCARET A.Ş. - Şirket Genel Bilgi Formu,Şirket Genel Bilgi Formu,https://www.kap.org.tr/tr/Bildirim/1493244,tr,2025-09-26T12:07:04+00:00
2025-09-26,SEYKM,KAP,SEYİTLER KİMYA SANAYİ A.Ş. - Kar Payı Dağıtım İşlemlerine İlişkin Bildirim,Kar Payı Dağıtım İşlemlerine İlişkin Bildirim Kar Payı Dağıtımı Hk.,https://www.kap.org.tr/tr/Bildirim/1493420,tr,2025-09-26T17:30:46+00:00
2025-09-26,SEYKM,KAP,SEYİTLER KİMYA SANAYİ A.Ş. - Genel Kurul İşlemlerine İlişkin Bildirim,Genel Kurul İşlemlerine İlişkin Bildirim 2024 Yılı Olağan Genel Kurul Toplantı Sonucu Hk.,https://www.kap.org.tr/tr/Bildirim/1493404,tr,2025-09-26T17:13:27+00:00
2025-09-26,SILVR,KAP,SİLVERLİNE ENDÜSTRİ VE TİCARET A.Ş. - Esas Sözleşme,Esas Sözleşme Şirket Esas Sözleşmesi,https://www.kap.org.tr/tr/Bildirim/1493273,tr,2025-09-26T14:34:45+00:00
2025-09-26,SKTAS,KAP,SÖKTAŞ TEKSTİL SANAYİ VE TİCARET A.Ş. - Şirket Genel Bilgi Formu,Şirket Genel Bilgi Formu,https://www.kap.org.tr/tr/Bildirim/1493521,tr,2025-09-26T19:20:36+00:00
2025-09-26,SKTAS,KAP,SÖKTAŞ TEKSTİL SANAYİ VE TİCARET A.Ş. - Sermaye Artırımı - Azaltımı İşlemlerine İlişkin Bildirim,Sermaye Artırımı - Azaltımı İşlemlerine İlişkin Bildirim Şirketimizin Bedelli Sermaye Artırımının Tamamlanması Hakkında Yönetim Kurulu Kararı,https://www.kap.org.tr/tr/Bildirim/1493520,tr,2025-09-26T19:20:24+00:00
2025-09-26,SMRVA,KAP,SÜMER VARLIK YÖNETİM A.Ş. - Pay Dışında Sermaye Piyasası Aracı İşlemlerine İlişkin Bildirim (Faiz İçeren),Pay Dışında Sermaye Piyasası Aracı İşlemlerine İlişkin Bildirim (Faiz İçeren) Kupon Ödemesi,https://www.kap.org.tr/tr/Bildirim/1493259,tr,2025-09-26T13:31:41+00:00
2025-09-26,TERA,KAP,TERA YATIRIM MENKUL DEĞERLER A.Ş. - Haber ve Söylentilere İlişkin Açıklama,"Haber ve Söylentilere İlişkin Açıklama Gerçeği yansıtmayan bilgilerin paylaşımı hakında PEKGY, TEHOL, TRHOL",https://www.kap.org.tr/tr/Bildirim/1493257,tr,2025-09-26T12:56:51+00:00
2025-09-26,TFNVK,KAP,TF VARLIK KİRALAMA A.Ş. - Özel Durum Açıklaması (Genel),Özel Durum Açıklaması (Genel) Kira Sertifikası İhracına İlişkin SPK Başvurusu hk.,https://www.kap.org.tr/tr/Bildirim/1493212,tr,2025-09-26T10:40:57+00:00
2025-09-26,THL,KAP,TÜRKİYE HALK BANKASI A.Ş. - Pay Dışında Sermaye Piyasası Aracı İşlemlerine İlişkin Bildirim (Faiz İçeren),Pay Dışında Sermaye Piyasası Aracı İşlemlerine İlişkin Bildirim (Faiz İçeren) Yurtiçinde Nitelikli Yatırımcılara Sermaye Benzeri Tahvil Kupon İtfası,https://www.kap.org.tr/tr/Bildirim/1493229,tr,2025-09-26T11:27:21+00:00
2025-09-26,THYAO,KAP,TÜRK HAVA YOLLARI A.O. - Özel Durum Açıklaması (Genel),Özel Durum Açıklaması (Genel) Ortaklığımızın Stratejik Planı Çerçevesindeki Uçak Siparişleri,https://www.kap.org.tr/tr/Bildirim/1493126,tr,2025-09-26T07:03:47+00:00
2025-09-26,TIB,KAP,TÜRKİYE İŞ BANKASI A.Ş. - Pay Dışında Sermaye Piyasası Aracı İşlemlerine İlişkin Bildirim (Faiz İçeren),Pay Dışında Sermaye Piyasası Aracı İşlemlerine İlişkin Bildirim (Faiz İçeren) Yurtdışı Piyasalara Tahvil İhracı,https://www.kap.org.tr/tr/Bildirim/1493450,tr,2025-09-26T18:03:37+00:00
2025-09-26,TNZTP,KAP,TAPDİ OKSİJEN ÖZEL SAĞLIK VE EĞİTİM HİZMETLERİ SANAYİ TİCARET A.Ş. - Esas Sözleşme,Esas Sözleşme Esas Sözleşme,https://www.kap.org.tr/tr/Bildirim/1493294,tr,2025-09-26T15:05:34+00:00
2025-09-26,TNZTP,KAP,TAPDİ OKSİJEN ÖZEL SAĞLIK VE EĞİTİM HİZMETLERİ SANAYİ TİCARET A.Ş. - Sermaye Artırımı - Azaltımı İşlemlerine İlişkin Bildirim,Sermaye Artırımı - Azaltımı İşlemlerine İlişkin Bildirim Bedelsiz Sermaye Artırımı Tescil ve İlanı Hk.,https://www.kap.org.tr/tr/Bildirim/1493292,tr,2025-09-26T15:01:05+00:00
2025-09-26,TOASO,KAP,TOFAŞ TÜRK OTOMOBİL FABRİKASI A.Ş. - Maddi Duran Varlık Satımı,"Maddi Duran Varlık Satımı Maddi Duran Varlık Satımı AYGAZ, KCHOL",https://www.kap.org.tr/tr/Bildirim/1493483,tr,2025-09-26T18:21:06+00:00
2025-09-26,TRA,KAP,TERA YATIRIM MENKUL DEĞERLER A.Ş. - Haber ve Söylentilere İlişkin Açıklama,"Haber ve Söylentilere İlişkin Açıklama Gerçeği yansıtmayan bilgilerin paylaşımı hakında PEKGY, TEHOL, TRHOL",https://www.kap.org.tr/tr/Bildirim/1493257,tr,2025-09-26T12:56:51+00:00
2025-09-26,TTKOM,KAP,TÜRK TELEKOMÜNİKASYON A.Ş. - Özel Durum Açıklaması (Genel),Özel Durum Açıklaması (Genel) Uzun Vadeli Kredi Anlaşması,https://www.kap.org.tr/tr/Bildirim/1493530,tr,2025-09-26T23:52:54+00:00
2025-09-26,TTRAK,KAP,TÜRK TRAKTÖR VE ZİRAAT MAKİNELERİ A.Ş. - Kurumsal Yönetim İlkelerine Uyum Derecelendirmesi,Kurumsal Yönetim İlkelerine Uyum Derecelendirmesi Kurumsal Yönetim İlkelerine Uyum Derecelendirmesi,https://www.kap.org.tr/tr/Bildirim/1493515,tr,2025-09-26T18:50:21+00:00
2025-09-26,TURSG,KAP,TÜRKİYE SİGORTA A.Ş. - Kredi Derecelendirmesi,Kredi Derecelendirmesi JCR Derecelendirme Notu Hakkında,https://www.kap.org.tr/tr/Bildirim/1493497,tr,2025-09-26T18:38:29+00:00
2025-09-26,TV8TV,KAP,TV8 TV YAYINCILIK A.Ş. - İhraç Tavanına İlişkin Bildirim,İhraç Tavanına İlişkin Bildirim Borçlanma Aracı İhracına İlişkin Yönetim Kurulu Kararı,https://www.kap.org.tr/tr/Bildirim/1493199,tr,2025-09-26T10:16:06+00:00
2025-09-26,TVB,KAP,TÜRKİYE VAKIFLAR BANKASI T.A.O. - İhraç Tavanına İlişkin Bildirim,İhraç Tavanına İlişkin Bildirim İpotek Teminatlı Menkul Kıymet İhracına İlişkin SPK ve BDDK Başvurusu,https://www.kap.org.tr/tr/Bildirim/1493400,tr,2025-09-26T17:08:06+00:00
2025-09-26,TVB,KAP,TÜRKİYE VAKIFLAR BANKASI T.A.O. - Pay Dışında Sermaye Piyasası Aracı İşlemlerine İlişkin Bildirim (Faiz İçeren),Pay Dışında Sermaye Piyasası Aracı İşlemlerine İlişkin Bildirim (Faiz İçeren) Borçlanma Araçlarına İlişkin SPK Başvurusu,https://www.kap.org.tr/tr/Bildirim/1493302,tr,2025-09-26T15:13:32+00:00
2025-09-26,VAKBN,KAP,TÜRKİYE VAKIFLAR BANKASI T.A.O. - İhraç Tavanına İlişkin Bildirim,İhraç Tavanına İlişkin Bildirim İpotek Teminatlı Menkul Kıymet İhracına İlişkin SPK ve BDDK Başvurusu,https://www.kap.org.tr/tr/Bildirim/1493400,tr,2025-09-26T17:08:06+00:00
2025-09-26,VAKBN,KAP,TÜRKİYE VAKIFLAR BANKASI T.A.O. - Pay Dışında Sermaye Piyasası Aracı İşlemlerine İlişkin Bildirim (Faiz İçeren),Pay Dışında Sermaye Piyasası Aracı İşlemlerine İlişkin Bildirim (Faiz İçeren) Borçlanma Araçlarına İlişkin SPK Başvurusu,https://www.kap.org.tr/tr/Bildirim/1493302,tr,2025-09-26T15:13:32+00:00
2025-09-26,VAKKO,KAP,VAKKO TEKSTİL VE HAZIR GİYİM SANAYİ İŞLETMELERİ A.Ş. - Özel Durum Açıklaması (Genel),Özel Durum Açıklaması (Genel) YATIRIMCI İLİŞKİLERİ ATAMA,https://www.kap.org.tr/tr/Bildirim/1493467,tr,2025-09-26T18:13:36+00:00
2025-09-26,VKFYO,KAP,VAKIF MENKUL KIYMET YATIRIM ORTAKLIĞI A.Ş. - Özel Durum Açıklaması (Genel),"Özel Durum Açıklaması (Genel) Şirketimizin BİAŞ'da oluşan ağırlıklı ortalama fiyatın, pay başına net aktif değerin 2 katını aşması sebebiyle yapılan açıklamadır.",https://www.kap.org.tr/tr/Bildirim/1493347,tr,2025-09-26T16:23:40+00:00
2025-09-27,EXIMB,KAP,TÜRKİYE İHRACAT KREDİ BANKASI A.Ş. - Pay Dışında Sermaye Piyasası Aracı İşlemlerine İlişkin Bildirim (Faiz İçeren),Pay Dışında Sermaye Piyasası Aracı İşlemlerine İlişkin Bildirim (Faiz İçeren) XS3036674151 ISIN Kodlu Finansman Bonosunun İtfası Hk,https://www.kap.org.tr/tr/Bildirim/1493532,tr,2025-09-27T14:50:08+00:00
2025-09-27,THR,KAP,TÜRKİYE İHRACAT KREDİ BANKASI A.Ş. - Pay Dışında Sermaye Piyasası Aracı İşlemlerine İlişkin Bildirim (Faiz İçeren),Pay Dışında Sermaye Piyasası Aracı İşlemlerine İlişkin Bildirim (Faiz İçeren) XS3036674151 ISIN Kodlu Finansman Bonosunun İtfası Hk,https://www.kap.org.tr/tr/Bildirim/1493532,tr,2025-09-27T14:50:08+00:00
2025-09-27,TV8TV,KAP,TV8 TV YAYINCILIK A.Ş. - İhraç Tavanına İlişkin Bildirim,İhraç Tavanına İlişkin Bildirim Borçlanma Aracı İhracına İlişkin SPK Başvurusu,https://www.kap.org.tr/tr/Bildirim/1493533,tr,2025-09-27T18:42:13+00:00
2025-09-28,SAMAT,KAP,SARAY MATBAACILIK KAĞITÇILIK KIRTASİYECİLİK TİCARET VE SANAYİ A.Ş. - Esas Sözleşme,Esas Sözleşme Esas Sözleşmemiz Hakkında,https://www.kap.org.tr/tr/Bildirim/1493536,tr,2025-09-28T22:37:28+00:00
2025-09-28,TKFEN,KAP,TEKFEN HOLDİNG A.Ş. - Şirket Genel Bilgi Formu,Şirket Genel Bilgi Formu,https://www.kap.org.tr/tr/Bildirim/1493535,tr,2025-09-28T21:20:08+00:00
2025-09-28,TKFEN,KAP,TEKFEN HOLDİNG A.Ş. - Şirket Genel Bilgi Formu,Şirket Genel Bilgi Formu,https://www.kap.org.tr/tr/Bildirim/1493534,tr,2025-09-28T20:43:25+00:00
2025-09-29,A1CAP,KAP,A1 CAPİTAL YATIRIM MENKUL DEĞERLER A.Ş. - Özel Durum Açıklaması (Genel),Özel Durum Açıklaması (Genel) Egeli & Co Tarım Girişim Sermayesi Yatırım Ortaklığı A.Ş. (Egeli & Co) Pay Sahiplerine Zorunlu Pay Alım Teklifi Hk.,https://www.kap.org.tr/tr/Bildirim/1493883,tr,2025-09-29T18:10:06+00:00
2025-09-29,ACP,KAP,A1 CAPİTAL YATIRIM MENKUL DEĞERLER A.Ş. - Özel Durum Açıklaması (Genel),Özel Durum Açıklaması (Genel) Egeli & Co Tarım Girişim Sermayesi Yatırım Ortaklığı A.Ş. (Egeli & Co) Pay Sahiplerine Zorunlu Pay Alım Teklifi Hk.,https://www.kap.org.tr/tr/Bildirim/1493883,tr,2025-09-29T18:10:06+00:00
2025-09-29,AHGAZ,KAP,AHLATCI DOĞAL GAZ DAĞITIM ENERJİ VE YATIRIM A.Ş. - Payların Geri Alınmasına İlişkin Bildirim,Payların Geri Alınmasına İlişkin Bildirim 29.09.2025 Tarihli Pay Geri Alım İşlemleri,https://www.kap.org.tr/tr/Bildirim/1493904,tr,2025-09-29T18:30:09+00:00
2025-09-29,AKENR,KAP,AKENERJİ ELEKTRİK ÜRETİM A.Ş. - Özel Durum Açıklaması (Genel),Özel Durum Açıklaması (Genel) Yönetici Sorumluluk Sigortası,https://www.kap.org.tr/tr/Bildirim/1493594,tr,2025-09-29T10:19:03+00:00
2025-09-29,AKFIS,KAP,AKFEN İNŞAAT TURİZM VE TİCARET A.Ş. - Payların Geri Alınmasına İlişkin Bildirim,Payların Geri Alınmasına İlişkin Bildirim 29.09.2025 Tarihli Pay Geri Alım İşlemleri Hk.,https://www.kap.org.tr/tr/Bildirim/1493897,tr,2025-09-29T18:18:50+00:00
2025-09-29,AKFYE,KAP,AKFEN YENİLENEBİLİR ENERJİ A.Ş. - Payların Geri Alınmasına İlişkin Bildirim,Payların Geri Alınmasına İlişkin Bildirim 29.09.2025 Tarihli Pay Geri Alım İşlemleri Hk.,https://www.kap.org.tr/tr/Bildirim/1493900,tr,2025-09-29T18:24:32+00:00
2025-09-29,AKM,KAP,AK YATIRIM MENKUL DEĞERLER A.Ş. - Pay Dışında Sermaye Piyasası Aracı İşlemlerine İlişkin Bildirim (Faiz İçeren),Pay Dışında Sermaye Piyasası Aracı İşlemlerine İlişkin Bildirim (Faiz İçeren) 29.09.2025 Vadeli Borçlanma Aracının İtfası,https://www.kap.org.tr/tr/Bildirim/1493614,tr,2025-09-29T10:50:06+00:00
2025-09-29,AKM,KAP,AK YATIRIM MENKUL DEĞERLER A.Ş. - Likidite Sağlayıcılık Kapsamındaki İşlemler,Likidite Sağlayıcılık Kapsamındaki İşlemler AGESA Paylarında Likidite Sağlayıcılığı Kapsamında Gerçekleştirilen İşlemler 15.09.2025 - 26.09.2025 AGESA,https://www.kap.org.tr/tr/Bildirim/1493613,tr,2025-09-29T10:49:58+00:00
2025-09-29,AKM,KAP,AK YATIRIM MENKUL DEĞERLER A.Ş. - Likidite Sağlayıcılık Kapsamındaki İşlemler,Likidite Sağlayıcılık Kapsamındaki İşlemler KLSYN Paylarında Likidite Sağlayıcılığı Kapsamında Gerçekleştirilen İşlemler 15.09.2025 - 26.09.2025 KLSYN,https://www.kap.org.tr/tr/Bildirim/1493612,tr,2025-09-29T10:49:35+00:00
2025-09-29,AKM,KAP,AK YATIRIM MENKUL DEĞERLER A.Ş. - Yatırım Kuruluşu Varant - Sertifika - Senetlerine İlişkin Bildirim,Yatırım Kuruluşu Varant - Sertifika - Senetlerine İlişkin Bildirim Varant ve Sertifika PY Alım Satım Bildirimi,https://www.kap.org.tr/tr/Bildirim/1493611,tr,2025-09-29T10:49:25+00:00
2025-09-29,AKM,KAP,AK YATIRIM MENKUL DEĞERLER A.Ş. - Pay Dışında Sermaye Piyasası Aracı İşlemlerine İlişkin Bildirim (Faiz İçeren),Pay Dışında Sermaye Piyasası Aracı İşlemlerine İlişkin Bildirim (Faiz İçeren) Nitelikli Yatırımcıya Borçlanma Aracı İtfa ve Kupon Ödemesi,https://www.kap.org.tr/tr/Bildirim/1493610,tr,2025-09-29T10:49:17+00:00
2025-09-29,AKM,KAP,AK YATIRIM MENKUL DEĞERLER A.Ş. - Pay Dışında Sermaye Piyasası Aracı İşlemlerine İlişkin Bildirim (Faiz İçeren),Pay Dışında Sermaye Piyasası Aracı İşlemlerine İlişkin Bildirim (Faiz İçeren) TRFAKYMA2514 Isın Kodlu Bono İhracı Hakkında,https://www.kap.org.tr/tr/Bildirim/1493609,tr,2025-09-29T10:49:08+00:00
2025-09-29,AKMEN,KAP,AK YATIRIM MENKUL DEĞERLER A.Ş. - Pay Dışında Sermaye Piyasası Aracı İşlemlerine İlişkin Bildirim (Faiz İçeren),Pay Dışında Sermaye Piyasası Aracı İşlemlerine İlişkin Bildirim (Faiz İçeren) 29.09.2025 Vadeli Borçlanma Aracının İtfası,https://www.kap.org.tr/tr/Bildirim/1493614,tr,2025-09-29T10:50:06+00:00
2025-09-29,AKMEN,KAP,AK YATIRIM MENKUL DEĞERLER A.Ş. - Likidite Sağlayıcılık Kapsamındaki İşlemler,Likidite Sağlayıcılık Kapsamındaki İşlemler AGESA Paylarında Likidite Sağlayıcılığı Kapsamında Gerçekleştirilen İşlemler 15.09.2025 - 26.09.2025 AGESA,https://www.kap.org.tr/tr/Bildirim/1493613,tr,2025-09-29T10:49:58+00:00
2025-09-29,AKMEN,KAP,AK YATIRIM MENKUL DEĞERLER A.Ş. - Likidite Sağlayıcılık Kapsamındaki İşlemler,Likidite Sağlayıcılık Kapsamındaki İşlemler KLSYN Paylarında Likidite Sağlayıcılığı Kapsamında Gerçekleştirilen İşlemler 15.09.2025 - 26.09.2025 KLSYN,https://www.kap.org.tr/tr/Bildirim/1493612,tr,2025-09-29T10:49:35+00:00
2025-09-29,AKMEN,KAP,AK YATIRIM MENKUL DEĞERLER A.Ş. - Yatırım Kuruluşu Varant - Sertifika - Senetlerine İlişkin Bildirim,Yatırım Kuruluşu Varant - Sertifika - Senetlerine İlişkin Bildirim Varant ve Sertifika PY Alım Satım Bildirimi,https://www.kap.org.tr/tr/Bildirim/1493611,tr,2025-09-29T10:49:25+00:00
2025-09-29,AKMEN,KAP,AK YATIRIM MENKUL DEĞERLER A.Ş. - Pay Dışında Sermaye Piyasası Aracı İşlemlerine İlişkin Bildirim (Faiz İçeren),Pay Dışında Sermaye Piyasası Aracı İşlemlerine İlişkin Bildirim (Faiz İçeren) Nitelikli Yatırımcıya Borçlanma Aracı İtfa ve Kupon Ödemesi,https://www.kap.org.tr/tr/Bildirim/1493610,tr,2025-09-29T10:49:17+00:00
2025-09-29,AKMEN,KAP,AK YATIRIM MENKUL DEĞERLER A.Ş. - Pay Dışında Sermaye Piyasası Aracı İşlemlerine İlişkin Bildirim (Faiz İçeren),Pay Dışında Sermaye Piyasası Aracı İşlemlerine İlişkin Bildirim (Faiz İçeren) TRFAKYMA2514 Isın Kodlu Bono İhracı Hakkında,https://www.kap.org.tr/tr/Bildirim/1493609,tr,2025-09-29T10:49:08+00:00
2025-09-29,ARDYZ,KAP,ARD GRUP BİLİŞİM TEKNOLOJİLERİ A.Ş. - Özel Durum Açıklaması (Genel),Özel Durum Açıklaması (Genel) Kütahya Hastane İşletmeleri Yatırım A.Ş. ile Bağlı Ortaklığımız Signum TTE Arasında Hizmet Sözleşmesi İmzalanması Hk.,https://www.kap.org.tr/tr/Bildirim/1493925,tr,2025-09-29T20:52:11+00:00
2025-09-29,ATLAS,KAP,ATLAS MENKUL KIYMETLER YATIRIM ORTAKLIĞI A.Ş. - Haftalık Rapor,Haftalık Rapor Haftalık Rapor,https://www.kap.org.tr/tr/Bildirim/1493664,tr,2025-09-29T12:04:32+00:00
2025-09-29,BANVT,KAP,BANVİT BANDIRMA VİTAMİNLİ YEM SANAYİ A.Ş. - Özel Durum Açıklaması (Genel),Özel Durum Açıklaması (Genel) Rekabet Kurulu Kararı,https://www.kap.org.tr/tr/Bildirim/1493541,tr,2025-09-29T08:56:17+00:00
2025-09-29,BARMA,KAP,BAREM AMBALAJ SANAYİ VE TİCARET A.Ş. - Özel Durum Açıklaması (Genel),Özel Durum Açıklaması (Genel) Konya Ereğli Kağıt Fabrikası Hakkında,https://www.kap.org.tr/tr/Bildirim/1493778,tr,2025-09-29T16:19:28+00:00
2025-09-29,BUCIM,KAP,BURSA ÇİMENTO FABRİKASI A.Ş. - Özel Durum Açıklaması (Genel),Özel Durum Açıklaması (Genel) Genel Koordinatör Yardımcılığına Atama,https://www.kap.org.tr/tr/Bildirim/1493699,tr,2025-09-29T14:37:01+00:00
2025-09-29,BULGS,KAP,BULLS GİRİŞİM SERMAYESİ YATIRIM ORTAKLIĞI A.Ş. - Özel Durum Açıklaması (Genel),"Özel Durum Açıklaması (Genel) Girişim Sermayesi Yatırımı Yapılması Hk. NLB, NRL",https://www.kap.org.tr/tr/Bildirim/1493869,tr,2025-09-29T17:52:49+00:00
2025-09-29,CCOLA,KAP,COCA-COLA İÇECEK A.Ş. - Finansal Takvim,Finansal Takvim 2025 3. Çeyrek Finansal ve Operasyonel Sonuç Açıklama Takvimi,https://www.kap.org.tr/tr/Bildirim/1493593,tr,2025-09-29T10:17:04+00:00
2025-09-29,CEMTS,KAP,ÇEMTAŞ ÇELİK MAKİNA SANAYİ VE TİCARET A.Ş. - Özel Durum Açıklaması (Genel),Özel Durum Açıklaması (Genel) Genel Koordinatör Yardımcılığı atama hk,https://www.kap.org.tr/tr/Bildirim/1493702,tr,2025-09-29T14:44:26+00:00
2025-09-29,CRDFA,KAP,CREDITWEST FAKTORİNG A.Ş. - Olağan Dışı Fiyat ve Miktar Hareketleri,Olağan Dışı Fiyat ve Miktar Hareketleri Olağan Dışı Fiyat ve Miktar Hareketleri Hk,https://www.kap.org.tr/tr/Bildirim/1493710,tr,2025-09-29T15:01:51+00:00
2025-09-29,DAPGM,KAP,DAP GAYRİMENKUL GELİŞTİRME A.Ş. - Bağımsız Denetim Kuruluşunun Belirlenmesi,Bağımsız Denetim Kuruluşunun Belirlenmesi Sürdürülebilirlik Bağımsız Denetim Kuruluşu Seçimi Hk,https://www.kap.org.tr/tr/Bildirim/1493886,tr,2025-09-29T18:12:10+00:00
2025-09-29,DARDL,KAP,DARDANEL ÖNENTAŞ GIDA SANAYİ A.Ş. - Kredi Derecelendirmesi,Kredi Derecelendirmesi JCR Avrasya Kredi Derecelendirme Notu Hk.,https://www.kap.org.tr/tr/Bildirim/1493903,tr,2025-09-29T18:29:44+00:00
2025-09-29,DARDL,KAP,DARDANEL ÖNENTAŞ GIDA SANAYİ A.Ş. - Pay Dışında Sermaye Piyasası Aracı İşlemlerine İlişkin Bildirim (Faiz İçeren),Pay Dışında Sermaye Piyasası Aracı İşlemlerine İlişkin Bildirim (Faiz İçeren) TRFDRDL12620 ISIN kodlu finansman bonosunun 1.ci kupon ödemesi hk.,https://www.kap.org.tr/tr/Bildirim/1493675,tr,2025-09-29T12:26:24+00:00
2025-09-29,DENVA,KAP,DENGE VARLIK YÖNETİM A.Ş. - Özel Durum Açıklaması (Genel),Özel Durum Açıklaması (Genel) Kurumsal Yönetim İlkelerine Uyum Derecelendirmesi,https://www.kap.org.tr/tr/Bildirim/1493770,tr,2025-09-29T16:10:25+00:00
2025-09-29,DIRIT,KAP,DİRİTEKS DİRİLİŞ TEKSTİL SANAYİ VE TİCARET A.Ş. - Finansal Rapor,Finansal Rapor,https://www.kap.org.tr/tr/Bildirim/1493923,tr,2025-09-29T20:36:08+00:00
2025-09-29,DIRIT,KAP,DİRİTEKS DİRİLİŞ TEKSTİL SANAYİ VE TİCARET A.Ş. - Finansal Tablo ve-veya Dipnot Değişikliği,Finansal Tablo ve-veya Dipnot Değişikliği Finalsal tablo düzeltme talabimiz,https://www.kap.org.tr/tr/Bildirim/1493711,tr,2025-09-29T15:02:50+00:00
2025-09-29,DNFIN,KAP,DENİZ FİNANSAL KİRALAMA A.Ş. - Şirket Genel Bilgi Formu,Şirket Genel Bilgi Formu,https://www.kap.org.tr/tr/Bildirim/1493762,tr,2025-09-29T16:04:05+00:00
2025-09-29,DNYVA,KAP,DÜNYA VARLIK YÖNETİM A.Ş. - İhraç Belgesi,İhraç Belgesi İhraç Tavanına İlişkin SPK Onaylı İhraç Belgesi ve Eki,https://www.kap.org.tr/tr/Bildirim/1493833,tr,2025-09-29T17:11:44+00:00
2025-09-29,DNYVA,KAP,DÜNYA VARLIK YÖNETİM A.Ş. - İhraç Tavanına İlişkin Bildirim,İhraç Tavanına İlişkin Bildirim Sermaye Piyasası Kurulu İhraç Tavanı Onayı,https://www.kap.org.tr/tr/Bildirim/1493832,tr,2025-09-29T17:11:34+00:00
2025-09-29,ECILC,KAP,EİS ECZACIBAŞI İLAÇ SINAİ VE FİNANSAL YATIRIMLAR SANAYİ VE TİCARET A.Ş. - Özel Durum Açıklaması (Genel),Özel Durum Açıklaması (Genel) Eczacıbaşı Holding A.Ş. Tarafından Ödenen Temettü Hakkında,https://www.kap.org.tr/tr/Bildirim/1493916,tr,2025-09-29T18:56:42+00:00
2025-09-29,ECZYT,KAP,ECZACIBAŞI YATIRIM HOLDİNG ORTAKLIĞI A.Ş. - Özel Durum Açıklaması (Genel),Özel Durum Açıklaması (Genel) Eczacıbaşı Holding A.Ş. Tarafından Ödenen Temettü Hakkında,https://www.kap.org.tr/tr/Bildirim/1493917,tr,2025-09-29T18:56:49+00:00
2025-09-29,ELITE,KAP,ELİTE NATUREL ORGANİK GIDA SANAYİ VE TİCARET A.Ş. - Özel Durum Açıklaması (Genel),Özel Durum Açıklaması (Genel) KeHE Distributors Şirketi ile Dağıtım Sözleşmesinin İmzalanması,https://www.kap.org.tr/tr/Bildirim/1493549,tr,2025-09-29T09:13:50+00:00
2025-09-29,ENERY,KAP,ENERYA ENERJİ A.Ş. - Payların Geri Alınmasına İlişkin Bildirim,Payların Geri Alınmasına İlişkin Bildirim 29.09.2025 Tarihli Pay Geri Alım İşlemleri,https://www.kap.org.tr/tr/Bildirim/1493906,tr,2025-09-29T18:30:23+00:00
2025-09-29,ERGLI,KAP,EREĞLİ TEKSTİL TURİZM SANAYİ VE TİCARET A.Ş. - İhraç Tavanına İlişkin Bildirim,İhraç Tavanına İlişkin Bildirim Borçlanma Aracı İhracına İlişkin Yönetim Kurulu Kararı,https://www.kap.org.tr/tr/Bildirim/1493914,tr,2025-09-29T18:48:00+00:00
2025-09-29,ERGLI,KAP,EREĞLİ TEKSTİL TURİZM SANAYİ VE TİCARET A.Ş. - Pay Dışında Sermaye Piyasası Aracı İşlemlerine İlişkin Bildirim (Faiz İçeren),Pay Dışında Sermaye Piyasası Aracı İşlemlerine İlişkin Bildirim (Faiz İçeren) Finansman Bonosu İhracının Tamamlanması,https://www.kap.org.tr/tr/Bildirim/1493583,tr,2025-09-29T10:08:30+00:00
2025-09-29,ESCAR,KAP,ESCAR FİLO KİRALAMA HİZMETLERİ A.Ş. - Payların Geri Alınmasına İlişkin Bildirim,Payların Geri Alınmasına İlişkin Bildirim Şirket paylarının geri alımına ilişkin bildirim hk.,https://www.kap.org.tr/tr/Bildirim/1493905,tr,2025-09-29T18:30:12+00:00
2025-09-29,ESCAR,KAP,ESCAR FİLO KİRALAMA HİZMETLERİ A.Ş. - Şirket Genel Bilgi Formu,Şirket Genel Bilgi Formu,https://www.kap.org.tr/tr/Bildirim/1493804,tr,2025-09-29T16:56:24+00:00
2025-09-29,ESCAR,KAP,ESCAR FİLO KİRALAMA HİZMETLERİ A.Ş. - Şirket Genel Bilgi Formu,Şirket Genel Bilgi Formu,https://www.kap.org.tr/tr/Bildirim/1493799,tr,2025-09-29T16:51:32+00:00
2025-09-29,ESCAR,KAP,ESCAR FİLO KİRALAMA HİZMETLERİ A.Ş. - Kredi Derecelendirmesi,Kredi Derecelendirmesi JCR Avrasya Kredi Derecelendirme Notu,https://www.kap.org.tr/tr/Bildirim/1493772,tr,2025-09-29T16:12:24+00:00
2025-09-29,ETILR,KAP,ETİLER GIDA VE TİCARİ YATIRIMLAR SANAYİ VE TİCARET A.Ş. - Esas Sözleşme Tadili,Esas Sözleşme Tadili Esas Sözleşme 6. No lu Sermaye ve Hisse Senetleri Başlıklı Maddenin Tadili Hk.,https://www.kap.org.tr/tr/Bildirim/1493919,tr,2025-09-29T19:16:56+00:00
2025-09-29,ETILR,KAP,ETİLER GIDA VE TİCARİ YATIRIMLAR SANAYİ VE TİCARET A.Ş. - Sermaye Artırımı - Azaltımı İşlemlerine İlişkin Bildirim,Sermaye Artırımı - Azaltımı İşlemlerine İlişkin Bildirim Esas Sözleşmenin Sermaye Maddesinin Tadiline İlişkin SPK Başvurusu Hk.,https://www.kap.org.tr/tr/Bildirim/1493918,tr,2025-09-29T19:16:26+00:00
2025-09-29,ETYAT,KAP,EURO TREND YATIRIM ORTAKLIĞI A.Ş. - Haftalık Rapor,Haftalık Rapor 26.09.2025 Tarihli Kağıt Bazlı Haftalık Rapor,https://www.kap.org.tr/tr/Bildirim/1493766,tr,2025-09-29T16:06:53+00:00
2025-09-29,ETYAT,KAP,EURO TREND YATIRIM ORTAKLIĞI A.Ş. - Özel Durum Açıklaması (Genel),"Özel Durum Açıklaması (Genel) BİAŞ'da oluşan ağırlıklı ortalama fiyatın,pay başına net aktif değerin 2 katını aşması",https://www.kap.org.tr/tr/Bildirim/1493758,tr,2025-09-29T16:00:55+00:00
2025-09-29,EUKYO,KAP,EURO KAPİTAL YATIRIM ORTAKLIĞI A.Ş. - Haftalık Rapor,Haftalık Rapor 26.09.2025 Tarihli Kağıt Bazlı Haftalık Rapor,https://www.kap.org.tr/tr/Bildirim/1493765,tr,2025-09-29T16:05:59+00:00
2025-09-29,EUKYO,KAP,EURO KAPİTAL YATIRIM ORTAKLIĞI A.Ş. - Özel Durum Açıklaması (Genel),"Özel Durum Açıklaması (Genel) BİAŞ'da oluşan ağırlıklı ortalama fiyatın,pay başına net aktif değerin 2 katını aşması",https://www.kap.org.tr/tr/Bildirim/1493761,tr,2025-09-29T16:03:50+00:00
2025-09-29,EUYO,KAP,EURO MENKUL KIYMET YATIRIM ORTAKLIĞI A.Ş. - Haftalık Rapor,Haftalık Rapor 26.09.2025 Tarihli Kağıt Bazlı Haftalık Rapor,https://www.kap.org.tr/tr/Bildirim/1493757,tr,2025-09-29T15:59:45+00:00
2025-09-29,EUYO,KAP,EURO MENKUL KIYMET YATIRIM ORTAKLIĞI A.Ş. - Özel Durum Açıklaması (Genel),"Özel Durum Açıklaması (Genel) BİAŞ'da oluşan ağırlıklı ortalama fiyatın,pay başına net aktif değerin 2 katını aşması",https://www.kap.org.tr/tr/Bildirim/1493755,tr,2025-09-29T15:58:11+00:00
2025-09-29,EXIMB,KAP,TÜRKİYE İHRACAT KREDİ BANKASI A.Ş. - Pay Dışında Sermaye Piyasası Aracı İşlemlerine İlişkin Bildirim (Faiz İçeren),Pay Dışında Sermaye Piyasası Aracı İşlemlerine İlişkin Bildirim (Faiz İçeren) GMTN programı çerçevesinde yurt dışında borçlanma aracı ihracı,https://www.kap.org.tr/tr/Bildirim/1493784,tr,2025-09-29T16:39:48+00:00
2025-09-29,EXIMB,KAP,TÜRKİYE İHRACAT KREDİ BANKASI A.Ş. - Pay Dışında Sermaye Piyasası Aracı İşlemlerine İlişkin Bildirim (Faiz İçeren),Pay Dışında Sermaye Piyasası Aracı İşlemlerine İlişkin Bildirim (Faiz İçeren) XS3021376689 ISIN Kodlu Finansman Bonosunun İtfası Hk,https://www.kap.org.tr/tr/Bildirim/1493775,tr,2025-09-29T16:13:19+00:00
2025-09-29,EXIMB,KAP,TÜRKİYE İHRACAT KREDİ BANKASI A.Ş. - Pay Dışında Sermaye Piyasası Aracı İşlemlerine İlişkin Bildirim (Faiz İçeren),Pay Dışında Sermaye Piyasası Aracı İşlemlerine İlişkin Bildirim (Faiz İçeren) XS3036573981 ISIN Kodlu Finansman Bonosunun İtfası Hk,https://www.kap.org.tr/tr/Bildirim/1493773,tr,2025-09-29T16:12:41+00:00
2025-09-29,EXIMB,KAP,TÜRKİYE İHRACAT KREDİ BANKASI A.Ş. - Pay Dışında Sermaye Piyasası Aracı İşlemlerine İlişkin Bildirim (Faiz İçeren),Pay Dışında Sermaye Piyasası Aracı İşlemlerine İlişkin Bildirim (Faiz İçeren) XS3037106989 ISIN Kodlu Finansman Bonosunun İtfası Hk,https://www.kap.org.tr/tr/Bildirim/1493771,tr,2025-09-29T16:12:10+00:00
2025-09-29,FBB,KAP,FİBABANKA A.Ş. - İhraç Tavanına İlişkin Bildirim,İhraç Tavanına İlişkin Bildirim VDMK İhracına İlişkin Yönetim Kurulu Kararı,https://www.kap.org.tr/tr/Bildirim/1493752,tr,2025-09-29T15:48:41+00:00
2025-09-29,FBBNK,KAP,FİBABANKA A.Ş. - İhraç Tavanına İlişkin Bildirim,İhraç Tavanına İlişkin Bildirim VDMK İhracına İlişkin Yönetim Kurulu Kararı,https://www.kap.org.tr/tr/Bildirim/1493752,tr,2025-09-29T15:48:41+00:00
2025-09-29,GLB,KAP,GLOBAL MENKUL DEĞERLER A.Ş. - Yetki ve İzin Belgelerine İlişkin Bildirim,Yetki ve İzin Belgelerine İlişkin Bildirim Yurt Dışında Emir İletimine Aracılık Faaliyetine İlişkin İzin Hakkında,https://www.kap.org.tr/tr/Bildirim/1493760,tr,2025-09-29T16:03:16+00:00
2025-09-29,GLBMD,KAP,GLOBAL MENKUL DEĞERLER A.Ş. - Yetki ve İzin Belgelerine İlişkin Bildirim,Yetki ve İzin Belgelerine İlişkin Bildirim Yurt Dışında Emir İletimine Aracılık Faaliyetine İlişkin İzin Hakkında,https://www.kap.org.tr/tr/Bildirim/1493760,tr,2025-09-29T16:03:16+00:00
2025-09-29,GLYHO,KAP,GLOBAL YATIRIM HOLDİNG A.Ş. - İhraç Tavanına İlişkin Bildirim,İhraç Tavanına İlişkin Bildirim Borçlanma Aracı İhraç Belgesi başvurusu hk.,https://www.kap.org.tr/tr/Bildirim/1493907,tr,2025-09-29T18:31:07+00:00
2025-09-29,GLYHO,KAP,GLOBAL YATIRIM HOLDİNG A.Ş. - İhraç Tavanına İlişkin Bildirim,İhraç Tavanına İlişkin Bildirim Borçlanma Aracı İhraç Belgesi başvurusu hk.,https://www.kap.org.tr/tr/Bildirim/1493690,tr,2025-09-29T13:56:07+00:00
2025-09-29,GLYHO,KAP,GLOBAL YATIRIM HOLDİNG A.Ş. - Kar Payı Dağıtım İşlemlerine İlişkin Bildirim,Kar Payı Dağıtım İşlemlerine İlişkin Bildirim Kesinleşen Nakit Kar Payı Hak Kullanım Tarihi,https://www.kap.org.tr/tr/Bildirim/1493678,tr,2025-09-29T12:53:14+00:00
2025-09-29,GRNYO,KAP,GARANTİ YATIRIM ORTAKLIĞI A.Ş. - Özel Durum Açıklaması (Genel),"Özel Durum Açıklaması (Genel) Paylarının BİAŞ'ta oluşan ağırlıklı ortalama fiyatının, pay başına net aktif değerinin 2 katını aşması hakkında.",https://www.kap.org.tr/tr/Bildirim/1493644,tr,2025-09-29T11:46:18+00:00
2025-09-29,GRNYO,KAP,GARANTİ YATIRIM ORTAKLIĞI A.Ş. - Haftalık Rapor,Haftalık Rapor 26.09.2025 tarihli haftalık rapordur.,https://www.kap.org.tr/tr/Bildirim/1493643,tr,2025-09-29T11:46:07+00:00
2025-09-29,GUBRF,KAP,GÜBRE FABRİKALARI T.A.Ş. - Payların Geri Alınmasına İlişkin Bildirim,Payların Geri Alınmasına İlişkin Bildirim Pay Geri Alım Programına İlişkin Bilgilendrme,https://www.kap.org.tr/tr/Bildirim/1493921,tr,2025-09-29T19:39:08+00:00
2025-09-29,GUBRF,KAP,GÜBRE FABRİKALARI T.A.Ş. - Özel Durum Açıklaması (Genel),Özel Durum Açıklaması (Genel) İhale Sürecine İlişkin Bilgilendirme,https://www.kap.org.tr/tr/Bildirim/1493650,tr,2025-09-29T11:48:46+00:00
2025-09-29,HALKI,KAP,HALK YATIRIM MENKUL DEĞERLER A.Ş. - Likidite Sağlayıcılık Kapsamındaki İşlemler,"Likidite Sağlayıcılık Kapsamındaki İşlemler Emlak Konut Damlakent Projesi Gayrimenkul Sertifikalarında (DMLKT.G) Likidite Sağlayacılık Kapsamında Gerçekleştirilen İşlemler 15.09.2025-26.09.2025 DMLKT, EKGYO",https://www.kap.org.tr/tr/Bildirim/1493570,tr,2025-09-29T09:57:31+00:00
2025-09-29,HLY,KAP,HALK YATIRIM MENKUL DEĞERLER A.Ş. - Likidite Sağlayıcılık Kapsamındaki İşlemler,"Likidite Sağlayıcılık Kapsamındaki İşlemler Emlak Konut Damlakent Projesi Gayrimenkul Sertifikalarında (DMLKT.G) Likidite Sağlayacılık Kapsamında Gerçekleştirilen İşlemler 15.09.2025-26.09.2025 DMLKT, EKGYO",https://www.kap.org.tr/tr/Bildirim/1493570,tr,2025-09-29T09:57:31+00:00
2025-09-29,IHEVA,KAP,İHLAS EV ALETLERİ İMALAT SANAYİ VE TİCARET A.Ş. - Yönetim Kurulu Komiteleri,Yönetim Kurulu Komiteleri Sürdürülebilirlik Komitesi Hakkında,https://www.kap.org.tr/tr/Bildirim/1493728,tr,2025-09-29T15:17:56+00:00
2025-09-29,IHLAS,KAP,İHLAS HOLDİNG A.Ş. - Genel Kurul İşlemlerine İlişkin Bildirim,Genel Kurul İşlemlerine İlişkin Bildirim Olağanüstü Genel Kurul Toplantısı Hk.,https://www.kap.org.tr/tr/Bildirim/1493834,tr,2025-09-29T17:12:21+00:00
2025-09-29,IHLAS,KAP,İHLAS HOLDİNG A.Ş. - Kayıtlı Sermaye Tavanı İşlemlerine İlişkin Bildirim,Kayıtlı Sermaye Tavanı İşlemlerine İlişkin Bildirim Kayıtlı Sermaye Tavanı Artırımı ve Kayıtlı Sermaye Tavanı Geçerlilik Süresinin Güncellenmesi Hakkında T.C. Ticaret Bakanlığı Onayı Hk.,https://www.kap.org.tr/tr/Bildirim/1493727,tr,2025-09-29T15:16:36+00:00
2025-09-29,INFO,KAP,İNFO YATIRIM MENKUL DEĞERLER A.Ş. - Pay Alım Teklifi Yoluyla Pay Toplanmasına İlişkin Bildirim,"Pay Alım Teklifi Yoluyla Pay Toplanmasına İlişkin Bildirim Pergamon Status Dış Ticaret A.Ş. Pay Sahiplerine Zorunlu Pay Alım Teklifi Hk. HEDEF, PSDTC",https://www.kap.org.tr/tr/Bildirim/1493840,tr,2025-09-29T17:20:50+00:00
2025-09-29,INFO,KAP,İNFO YATIRIM MENKUL DEĞERLER A.Ş. - Yatırım Kuruluşu Varant - Sertifika - Senetlerine İlişkin Bildirim,Yatırım Kuruluşu Varant - Sertifika - Senetlerine İlişkin Bildirim İnfo Yatırım Varant ve Sertifikaları Piyasa Yapıcı Alım Satım İşlemleri Bildirimi,https://www.kap.org.tr/tr/Bildirim/1493646,tr,2025-09-29T11:46:55+00:00
2025-09-29,ISATR,KAP,TÜRKİYE İŞ BANKASI A.Ş. - Pay Dışında Sermaye Piyasası Aracı İşlemlerine İlişkin Bildirim (Faiz İçeren),Pay Dışında Sermaye Piyasası Aracı İşlemlerine İlişkin Bildirim (Faiz İçeren) Yurt Dışında Katkı Sermayeye Dahil Edilebilir Borçlanma Aracı İhracının Tamamlanması,https://www.kap.org.tr/tr/Bildirim/1493859,tr,2025-09-29T17:47:10+00:00
2025-09-29,ISBTR,KAP,TÜRKİYE İŞ BANKASI A.Ş. - Pay Dışında Sermaye Piyasası Aracı İşlemlerine İlişkin Bildirim (Faiz İçeren),Pay Dışında Sermaye Piyasası Aracı İşlemlerine İlişkin Bildirim (Faiz İçeren) Yurt Dışında Katkı Sermayeye Dahil Edilebilir Borçlanma Aracı İhracının Tamamlanması,https://www.kap.org.tr/tr/Bildirim/1493859,tr,2025-09-29T17:47:10+00:00
2025-09-29,ISCTR,KAP,TÜRKİYE İŞ BANKASI A.Ş. - Pay Dışında Sermaye Piyasası Aracı İşlemlerine İlişkin Bildirim (Faiz İçeren),Pay Dışında Sermaye Piyasası Aracı İşlemlerine İlişkin Bildirim (Faiz İçeren) Yurt Dışında Katkı Sermayeye Dahil Edilebilir Borçlanma Aracı İhracının Tamamlanması,https://www.kap.org.tr/tr/Bildirim/1493859,tr,2025-09-29T17:47:10+00:00
2025-09-29,ISKUR,KAP,TÜRKİYE İŞ BANKASI A.Ş. - Pay Dışında Sermaye Piyasası Aracı İşlemlerine İlişkin Bildirim (Faiz İçeren),Pay Dışında Sermaye Piyasası Aracı İşlemlerine İlişkin Bildirim (Faiz İçeren) Yurt Dışında Katkı Sermayeye Dahil Edilebilir Borçlanma Aracı İhracının Tamamlanması,https://www.kap.org.tr/tr/Bildirim/1493859,tr,2025-09-29T17:47:10+00:00
2025-09-29,ISMEN,KAP,İŞ YATIRIM MENKUL DEĞERLER A.Ş. - Piyasa Yapıcılığı Kapsamında Gerçekleştirilen İşlemler Bildirimi,Piyasa Yapıcılığı Kapsamında Gerçekleştirilen İşlemler Bildirimi Borsa Yatırım Fonu Piyasa Yapıcılığı İşlemleri ISGLK,https://www.kap.org.tr/tr/Bildirim/1493756,tr,2025-09-29T15:59:03+00:00
2025-09-29,ISMEN,KAP,İŞ YATIRIM MENKUL DEĞERLER A.Ş. - Yatırım Kuruluşu Varant - Sertifika - Senetlerine İlişkin Bildirim,Yatırım Kuruluşu Varant - Sertifika - Senetlerine İlişkin Bildirim İş Yatırım Sertifika ve Varant Alım Satım İşlemleri,https://www.kap.org.tr/tr/Bildirim/1493754,tr,2025-09-29T15:57:56+00:00
2025-09-29,ISYAT,KAP,İŞ YATIRIM ORTAKLIĞI A.Ş. - Haftalık Rapor,Haftalık Rapor 26.09.2025 Tarihli Haftalık Rapor,https://www.kap.org.tr/tr/Bildirim/1493847,tr,2025-09-29T17:33:02+00:00
2025-09-29,ISYAT,KAP,İŞ YATIRIM ORTAKLIĞI A.Ş. - Özel Durum Açıklaması (Genel),"Özel Durum Açıklaması (Genel) Ortaklık paylarının BİAŞ'ta oluşan ağırlıklı ortalama fiyatının, pay başına net aktif değerinin 2 katını aşması hakkında",https://www.kap.org.tr/tr/Bildirim/1493696,tr,2025-09-29T14:24:02+00:00
2025-09-29,IYF,KAP,İNFO YATIRIM MENKUL DEĞERLER A.Ş. - Pay Alım Teklifi Yoluyla Pay Toplanmasına İlişkin Bildirim,"Pay Alım Teklifi Yoluyla Pay Toplanmasına İlişkin Bildirim Pergamon Status Dış Ticaret A.Ş. Pay Sahiplerine Zorunlu Pay Alım Teklifi Hk. HEDEF, PSDTC",https://www.kap.org.tr/tr/Bildirim/1493840,tr,2025-09-29T17:20:50+00:00
2025-09-29,IYF,KAP,İNFO YATIRIM MENKUL DEĞERLER A.Ş. - Yatırım Kuruluşu Varant - Sertifika - Senetlerine İlişkin Bildirim,Yatırım Kuruluşu Varant - Sertifika - Senetlerine İlişkin Bildirim İnfo Yatırım Varant ve Sertifikaları Piyasa Yapıcı Alım Satım İşlemleri Bildirimi,https://www.kap.org.tr/tr/Bildirim/1493646,tr,2025-09-29T11:46:55+00:00
2025-09-29,IYM,KAP,İŞ YATIRIM MENKUL DEĞERLER A.Ş. - Piyasa Yapıcılığı Kapsamında Gerçekleştirilen İşlemler Bildirimi,Piyasa Yapıcılığı Kapsamında Gerçekleştirilen İşlemler Bildirimi Borsa Yatırım Fonu Piyasa Yapıcılığı İşlemleri ISGLK,https://www.kap.org.tr/tr/Bildirim/1493756,tr,2025-09-29T15:59:03+00:00
2025-09-29,IYM,KAP,İŞ YATIRIM MENKUL DEĞERLER A.Ş. - Yatırım Kuruluşu Varant - Sertifika - Senetlerine İlişkin Bildirim,Yatırım Kuruluşu Varant - Sertifika - Senetlerine İlişkin Bildirim İş Yatırım Sertifika ve Varant Alım Satım İşlemleri,https://www.kap.org.tr/tr/Bildirim/1493754,tr,2025-09-29T15:57:56+00:00
2025-09-29,KENT,KAP,KENT GIDA MADDELERİ SANAYİİ VE TİCARET A.Ş. - Kurumsal Yönetim Bilgi Formu (Güncelleme) - Yönetim Kurulu-1,Kurumsal Yönetim Bilgi Formu (Güncelleme) - Yönetim Kurulu-1 Kurumsal Yönetim Bilgi Formu Güncelleme,https://www.kap.org.tr/tr/Bildirim/1493619,tr,2025-09-29T10:58:53+00:00
2025-09-29,KENT,KAP,KENT GIDA MADDELERİ SANAYİİ VE TİCARET A.Ş. - Şirket Genel Bilgi Formu,Şirket Genel Bilgi Formu,https://www.kap.org.tr/tr/Bildirim/1493618,tr,2025-09-29T10:58:36+00:00
2025-09-29,KGYO,KAP,KORAY GAYRİMENKUL YATIRIM ORTAKLIĞI A.Ş. - Pay Satış Bilgi Formu,Pay Satış Bilgi Formu SPK VII-128.1 Sayılı Pay Tebliği'nin 27. Maddesi Kapsamında Yapılan Başvuru Hk.,https://www.kap.org.tr/tr/Bildirim/1493780,tr,2025-09-29T16:26:56+00:00
2025-09-29,KOCFN,KAP,KOÇ FİNANSMAN A.Ş. - İhraç Tavanına İlişkin Bildirim,İhraç Tavanına İlişkin Bildirim Sermaye Piyasası Kurulu' nun 25/09/2025 tarih ve 52/1742 sayılı kararı ile borçlanma aracı ihraç tavanına ilişkin ihraç belgemiz onaylanmıştır.,https://www.kap.org.tr/tr/Bildirim/1493706,tr,2025-09-29T14:49:23+00:00
2025-09-29,KOCFN,KAP,KOÇ FİNANSMAN A.Ş. - İhraç Belgesi,İhraç Belgesi Sermaye Piyasası Kurulu' nun 25.09.2025 tarih ve 52/1742 sayılı kararı ile borçlanma aracı ihraç tavanına ilişkin ihraç belgemiz onaylanmıştır.,https://www.kap.org.tr/tr/Bildirim/1493705,tr,2025-09-29T14:48:36+00:00
2025-09-29,KOCMT,KAP,KOÇ METALURJİ A.Ş. - Şirket Genel Bilgi Formu,Şirket Genel Bilgi Formu,https://www.kap.org.tr/tr/Bildirim/1493667,tr,2025-09-29T12:11:39+00:00
2025-09-29,KOCMT,KAP,KOÇ METALURJİ A.Ş. - Esas Sözleşme,Esas Sözleşme Esas Sözleşme Hk.,https://www.kap.org.tr/tr/Bildirim/1493655,tr,2025-09-29T11:57:58+00:00
2025-09-29,KOCMT,KAP,KOÇ METALURJİ A.Ş. - Sermaye Artırımı - Azaltımı İşlemlerine İlişkin Bildirim,Sermaye Artırımı - Azaltımı İşlemlerine İlişkin Bildirim Bedelsiz Sermaye Artırımının Tescili ve İlanı Hk,https://www.kap.org.tr/tr/Bildirim/1493640,tr,2025-09-29T11:36:42+00:00
2025-09-29,KORDS,KAP,KORDSA TEKNİK TEKSTİL A.Ş. - Sermaye Artırımı - Azaltımı İşlemlerine İlişkin Bildirim,Sermaye Artırımı - Azaltımı İşlemlerine İlişkin Bildirim Sermaye Artırımına İlişkin SPK Başvurusu Güncelleme,https://www.kap.org.tr/tr/Bildirim/1493689,tr,2025-09-29T13:53:47+00:00
2025-09-29,KRVGD,KAP,KERVAN GIDA SANAYİ VE TİCARET A.Ş. - Özel Durum Açıklaması (Genel),Özel Durum Açıklaması (Genel) Polonya'da Üretim Hattı Satışı Hk.,https://www.kap.org.tr/tr/Bildirim/1493658,tr,2025-09-29T12:02:00+00:00
2025-09-29,KTLEV,KAP,KATILIMEVİM TASARRUF FİNANSMAN A.Ş. - Özel Durum Açıklaması (Genel),Özel Durum Açıklaması (Genel) Bursa Nilüfer Şube Açılışı Hk.,https://www.kap.org.tr/tr/Bildirim/1493595,tr,2025-09-29T10:20:12+00:00
2025-09-29,KTSVK,KAP,KT SUKUK VARLIK KİRALAMA A.Ş. - Tertip İhraç Belgesi,Tertip İhraç Belgesi Tertip İhraç Belgesi 200 Milyon TL-3 ALVES,https://www.kap.org.tr/tr/Bildirim/1493599,tr,2025-09-29T10:21:49+00:00
2025-09-29,KTSVK,KAP,KT SUKUK VARLIK KİRALAMA A.Ş. - Tertip İhraç Belgesi,Tertip İhraç Belgesi Tertip İhraç Belgesi 200 Milyon TL-2 ALVES,https://www.kap.org.tr/tr/Bildirim/1493598,tr,2025-09-29T10:21:21+00:00
2025-09-29,KTSVK,KAP,KT SUKUK VARLIK KİRALAMA A.Ş. - Tertip İhraç Belgesi,Tertip İhraç Belgesi Tertip İhraç Belgesi 200 Milyon TL-1 ALVES,https://www.kap.org.tr/tr/Bildirim/1493596,tr,2025-09-29T10:20:44+00:00
2025-09-29,KTSVK,KAP,KT SUKUK VARLIK KİRALAMA A.Ş. - Pay Dışında Sermaye Piyasası Aracı İşlemlerine İlişkin Bildirim (Faizsiz),Pay Dışında Sermaye Piyasası Aracı İşlemlerine İlişkin Bildirim (Faizsiz) TRDKTSKA25A6 ISIN Kodlu Yurtiçi Kira Sertifikası İhracının Nitelikli Yatırımcıya Satışının Tamamlanması,https://www.kap.org.tr/tr/Bildirim/1493542,tr,2025-09-29T09:02:28+00:00
2025-09-29,LKMNH,KAP,LOKMAN HEKİM ENGÜRÜSAĞ SAĞLIK TURİZM EĞİTİM HİZMETLERİ VE İNŞAAT TAAHHÜT A.Ş. - Payların Geri Alınmasına İlişkin Bildirim,Payların Geri Alınmasına İlişkin Bildirim Hisse Geri Alımı,https://www.kap.org.tr/tr/Bildirim/1493915,tr,2025-09-29T18:52:23+00:00
2025-09-29,MAGEN,KAP,MARGÜN ENERJİ ÜRETİM SANAYİ VE TİCARET A.Ş. - Sermaye Artırımı - Azaltımı İşlemlerine İlişkin Bildirim,Sermaye Artırımı - Azaltımı İşlemlerine İlişkin Bildirim Bedelsiz Sermaye Artırım Tarihinin Belirlenmesi Hk.,https://www.kap.org.tr/tr/Bildirim/1493657,tr,2025-09-29T12:01:29+00:00
2025-09-29,MAVI,KAP,MAVİ GİYİM SANAYİ VE TİCARET A.Ş. - Payların Geri Alınmasına İlişkin Bildirim,Payların Geri Alınmasına İlişkin Bildirim 29.09.2025 Tarihli Pay Geri Alım İşlemleri,https://www.kap.org.tr/tr/Bildirim/1493912,tr,2025-09-29T18:37:34+00:00
2025-09-29,MPARK,KAP,MLP SAĞLIK HİZMETLERİ A.Ş. - Pay Dışında Sermaye Piyasası Aracı İşlemlerine İlişkin Bildirim (Faiz İçeren),Pay Dışında Sermaye Piyasası Aracı İşlemlerine İlişkin Bildirim (Faiz İçeren) TRSMLPC62724 ISIN Kodlu Yeşil Tahvilin 1. Kupon Dönemine İlişkin Faiz Ödemesi Hakkında,https://www.kap.org.tr/tr/Bildirim/1493617,tr,2025-09-29T10:54:56+00:00
2025-09-29,MPARK,KAP,MLP SAĞLIK HİZMETLERİ A.Ş. - Pay Dışında Sermaye Piyasası Aracı İşlemlerine İlişkin Bildirim (Faiz İçeren),Pay Dışında Sermaye Piyasası Aracı İşlemlerine İlişkin Bildirim (Faiz İçeren) TRSMLPC62716 ISIN Kodlu Tahvilin 1. Kupon Dönemine İlişkin Faiz Ödemesi Hakkında,https://www.kap.org.tr/tr/Bildirim/1493616,tr,2025-09-29T10:54:47+00:00
2025-09-29,MRBKF,KAP,MERCEDES BENZ KAMYON FİNANSMAN A.Ş. - Pay Dışında Sermaye Piyasası Aracı İşlemlerine İlişkin Bildirim (Faiz İçeren),Pay Dışında Sermaye Piyasası Aracı İşlemlerine İlişkin Bildirim (Faiz İçeren) TRSMBKFE2616 ISIN Kodlu Tahvil İhracı,https://www.kap.org.tr/tr/Bildirim/1493642,tr,2025-09-29T11:45:24+00:00
2025-09-29,MRMAG,KAP,MARKA MAĞAZACILIK A.Ş. - Pay Dışında Sermaye Piyasası Aracı İşlemlerine İlişkin Bildirim (Faiz İçeren),Pay Dışında Sermaye Piyasası Aracı İşlemlerine İlişkin Bildirim (Faiz İçeren) TRFMRKA62616 ISIN kodlu ihracın 1.kupon faiz ödemesinin gerçekleştirilmesi,https://www.kap.org.tr/tr/Bildirim/1493719,tr,2025-09-29T15:08:39+00:00
2025-09-29,MRSHL,KAP,MARSHALL BOYA VE VERNİK SANAYİİ A.Ş. - Sürdürülebilirlik Raporu,Sürdürülebilirlik Raporu TSRS Uyumlu 2024 Yılı Sürdürülebilirlik Raporu,https://www.kap.org.tr/tr/Bildirim/1493913,tr,2025-09-29T18:42:06+00:00
2025-09-29,MTRYO,KAP,METRO YATIRIM ORTAKLIĞI A.Ş. - Haftalık Rapor,Haftalık Rapor Haftalık Rapor,https://www.kap.org.tr/tr/Bildirim/1493641,tr,2025-09-29T11:36:47+00:00
2025-09-29,NRBNK,KAP,NUROL YATIRIM BANKASI A.Ş. - Pay Dışında Sermaye Piyasası Aracı İşlemlerine İlişkin Bildirim (Faiz İçeren),Pay Dışında Sermaye Piyasası Aracı İşlemlerine İlişkin Bildirim (Faiz İçeren) Nurol Yatırım Bankası A.Ş. Otosor Varlık Finansman Fonu TRPNROS92515 ISIN Kodlu VDMK İtfası OTOSR,https://www.kap.org.tr/tr/Bildirim/1493781,tr,2025-09-29T16:27:20+00:00
2025-09-29,NYB,KAP,NUROL YATIRIM BANKASI A.Ş. - Pay Dışında Sermaye Piyasası Aracı İşlemlerine İlişkin Bildirim (Faiz İçeren),Pay Dışında Sermaye Piyasası Aracı İşlemlerine İlişkin Bildirim (Faiz İçeren) Nurol Yatırım Bankası A.Ş. Otosor Varlık Finansman Fonu TRPNROS92515 ISIN Kodlu VDMK İtfası OTOSR,https://www.kap.org.tr/tr/Bildirim/1493781,tr,2025-09-29T16:27:20+00:00
2025-09-29,OBAMS,KAP,OBA MAKARNACILIK SANAYİ VE TİCARET A.Ş. - Özel Durum Açıklaması (Genel),"Özel Durum Açıklaması (Genel) Sakarya Hendek Fabrikamız Hakkında,",https://www.kap.org.tr/tr/Bildirim/1493600,tr,2025-09-29T10:26:03+00:00
2025-09-29,OPET,KAP,OPET PETROLCÜLÜK A.Ş. - Genel Kurul Bildirimi,Genel Kurul Bildirimi OLAĞANÜSTÜ GENEL KURUL TOPLANTI SONUCU,https://www.kap.org.tr/tr/Bildirim/1493845,tr,2025-09-29T17:25:40+00:00
2025-09-29,OYA,KAP,OYAK YATIRIM MENKUL DEĞERLER A.Ş. - Piyasa Yapıcılığı Kapsamında Gerçekleştirilen İşlemler Bildirimi,Piyasa Yapıcılığı Kapsamında Gerçekleştirilen İşlemler Bildirimi 29/09/2025 TARİHLİ OYAYO PİYASA YAPICILIĞI İŞLEMLERİ OYAYO,https://www.kap.org.tr/tr/Bildirim/1493908,tr,2025-09-29T18:33:02+00:00
2025-09-29,OYAKC,KAP,OYAK ÇİMENTO FABRİKALARI A.Ş. - Kredi Derecelendirmesi,Kredi Derecelendirmesi Kredi Derecelendirme Notu,https://www.kap.org.tr/tr/Bildirim/1493920,tr,2025-09-29T19:19:10+00:00
2025-09-29,OYAYO,KAP,OYAK YATIRIM ORTAKLIĞI A.Ş. - Özel Durum Açıklaması (Genel),"Özel Durum Açıklaması (Genel) Ortaklık paylarının BİAŞ'ta oluşan ağırlıklı ortalama fiyatının, pay başına net aktif değerinin 2 katını aşması hakkında",https://www.kap.org.tr/tr/Bildirim/1493709,tr,2025-09-29T14:56:56+00:00
2025-09-29,OYYAT,KAP,OYAK YATIRIM MENKUL DEĞERLER A.Ş. - Piyasa Yapıcılığı Kapsamında Gerçekleştirilen İşlemler Bildirimi,Piyasa Yapıcılığı Kapsamında Gerçekleştirilen İşlemler Bildirimi 29/09/2025 TARİHLİ OYAYO PİYASA YAPICILIĞI İŞLEMLERİ OYAYO,https://www.kap.org.tr/tr/Bildirim/1493908,tr,2025-09-29T18:33:02+00:00
2025-09-29,OZKGY,KAP,ÖZAK GAYRİMENKUL YATIRIM ORTAKLIĞI A.Ş. - Özel Durum Açıklaması (Genel),Özel Durum Açıklaması (Genel) %100 Bağlı Ortaklığımız olarak yeni bir işletmeci Anonim Şirket kuruluması hk.,https://www.kap.org.tr/tr/Bildirim/1493885,tr,2025-09-29T18:11:33+00:00
2025-09-29,PCILT,KAP,PC İLETİŞİM VE MEDYA HİZMETLERİ SANAYİ TİCARET A.Ş. - Payların Geri Alınmasına İlişkin Bildirim,Payların Geri Alınmasına İlişkin Bildirim 29.09.2025 Tarihli Pay Geri Alım İşlemleri,https://www.kap.org.tr/tr/Bildirim/1493927,tr,2025-09-29T22:26:15+00:00
2025-09-29,PETKM,KAP,PETKİM PETROKİMYA HOLDİNG A.Ş. - Kredi Derecelendirmesi,Kredi Derecelendirmesi Fitch Ratings Kredi Derecelendirmesi,https://www.kap.org.tr/tr/Bildirim/1493926,tr,2025-09-29T22:11:10+00:00
2025-09-29,PRKAB,KAP,TÜRK PRYSMİAN KABLO VE SİSTEMLERİ A.Ş. - Kredi Derecelendirmesi,Kredi Derecelendirmesi JCR-ER Kredi Derecelendirme Notu,https://www.kap.org.tr/tr/Bildirim/1493537,tr,2025-09-29T07:30:04+00:00
2025-09-29,PRKME,KAP,PARK ELEKTRİK ÜRETİM MADENCİLİK SANAYİ VE TİCARET A.Ş. - Haber ve Söylentilere İlişkin Açıklama,Haber ve Söylentilere İlişkin Açıklama Medya ve Basında Çıkan Haberler Hakkında,https://www.kap.org.tr/tr/Bildirim/1493569,tr,2025-09-29T09:54:50+00:00
2025-09-29,REEDR,KAP,REEDER TEKNOLOJİ SANAYİ VE TİCARET A.Ş. - Genel Kurul İşlemlerine İlişkin Bildirim,Genel Kurul İşlemlerine İlişkin Bildirim 30.10.2025 Tarihinde Gerçekleşecek Olan 2025 Yılı Olağanüstü Genel Kurul Hakkında Bilgilendirme,https://www.kap.org.tr/tr/Bildirim/1493956,tr,2025-09-29T23:10:53+00:00
2025-09-29,RUZYE,KAP,RUZY MADENCİLİK VE ENERJİ YATIRIMLARI SANAYİ VE TİCARET A.Ş. - Özel Durum Açıklaması (Genel),Özel Durum Açıklaması (Genel) Şirketimiz Nakit Varlıkları Hk. NRL,https://www.kap.org.tr/tr/Bildirim/1493783,tr,2025-09-29T16:33:09+00:00
2025-09-29,SANFM,KAP,SANİFOAM ENDÜSTRİ VE TÜKETİM ÜRÜNLERİ SANAYİ TİCARET A.Ş. - Özel Durum Açıklaması (Genel),Özel Durum Açıklaması (Genel) Şirket Ortağından Finansman Sağlanması Hk.,https://www.kap.org.tr/tr/Bildirim/1493717,tr,2025-09-29T15:07:25+00:00
2025-09-29,SEK,KAP,ŞEKERBANK T.A.Ş. - Özel Durum Açıklaması (Genel),Özel Durum Açıklaması (Genel) International Finance Corporation (IFC)?den temin edilen kredi hk.,https://www.kap.org.tr/tr/Bildirim/1493836,tr,2025-09-29T17:14:54+00:00
2025-09-29,SEYKM,KAP,SEYİTLER KİMYA SANAYİ A.Ş. - Bağımsız Denetim Kuruluşunun Belirlenmesi,Bağımsız Denetim Kuruluşunun Belirlenmesi Bağımsız Denetim Kuruluşunun Belirlenmesi,https://www.kap.org.tr/tr/Bildirim/1493878,tr,2025-09-29T18:03:44+00:00
2025-09-29,SEYKM,KAP,SEYİTLER KİMYA SANAYİ A.Ş. - Genel Kurul İşlemlerine İlişkin Bildirim,Genel Kurul İşlemlerine İlişkin Bildirim Genel Kurul Tescili Hk.,https://www.kap.org.tr/tr/Bildirim/1493877,tr,2025-09-29T18:02:37+00:00
2025-09-29,SKBNK,KAP,ŞEKERBANK T.A.Ş. - Özel Durum Açıklaması (Genel),Özel Durum Açıklaması (Genel) International Finance Corporation (IFC)?den temin edilen kredi hk.,https://www.kap.org.tr/tr/Bildirim/1493836,tr,2025-09-29T17:14:54+00:00
2025-09-29,SKYLP,KAP,SKYALP FİNANSAL TEKNOLOJİLER VE DANIŞMANLIK A.Ş. - Özel Durum Açıklaması (Genel),Özel Durum Açıklaması (Genel) Hedef Portföy Yönetimi A.Ş. Verim Girişim Sermayesi Yatırım Fonu?na Yatırım Yapılması Hk.,https://www.kap.org.tr/tr/Bildirim/1493870,tr,2025-09-29T17:53:49+00:00
2025-09-29,SMART,KAP,SMARTİKS YAZILIM A.Ş. - Şirket Genel Bilgi Formu,Şirket Genel Bilgi Formu,https://www.kap.org.tr/tr/Bildirim/1493686,tr,2025-09-29T13:33:17+00:00
2025-09-29,SMRFA,KAP,SÜMER FAKTORİNG A.Ş. - Pay Dışında Sermaye Piyasası Aracı İşlemlerine İlişkin Bildirim (Faiz İçeren),"Pay Dışında Sermaye Piyasası Aracı İşlemlerine İlişkin Bildirim (Faiz İçeren) Şirketimizin TRFSUMF92619 ISIN Kodlu, 135.000.000-TL nominal tutarlı ve 364 gün vadeli, değişken getirili 3 ayda bir kupon ödemeli Finansman Bonosu İhracının Gerçekleşmesi Hakkında",https://www.kap.org.tr/tr/Bildirim/1493539,tr,2025-09-29T08:30:07+00:00
2025-09-29,TATGD,KAP,TAT GIDA SANAYİ A.Ş. - Geleceğe Dönük Değerlendirmeler,Geleceğe Dönük Değerlendirmeler Geleceğe Yönelik Değerlendirmeler,https://www.kap.org.tr/tr/Bildirim/1493892,tr,2025-09-29T18:16:15+00:00
2025-09-29,TCKRC,KAP,KIRAÇ GALVANİZ TELEKOMİNİKASYON METAL MAKİNE İNŞAAT ELEKTRİK SANAYİ VE TİCARET A.Ş. - Payların Geri Alınmasına İlişkin Bildirim,Payların Geri Alınmasına İlişkin Bildirim Payların Geri Alınmasına İlişkin Bildirim,https://www.kap.org.tr/tr/Bildirim/1493540,tr,2025-09-29T08:35:14+00:00
2025-09-29,TEHOL,KAP,TERA YATIRIM TEKNOLOJİ HOLDİNG A.Ş. - Özel Durum Açıklaması (Genel),Özel Durum Açıklaması (Genel) Sampo-Rosenlew Oy paylarının satın alımına ilişkin pay alım sözleşmesi imzalanması TERA,https://www.kap.org.tr/tr/Bildirim/1493887,tr,2025-09-29T18:12:37+00:00
2025-09-29,TFNVK,KAP,TF VARLIK KİRALAMA A.Ş. - İhraç Tavanına İlişkin Bildirim,İhraç Tavanına İlişkin Bildirim Kira Sertifikası İhraç Tavanı Alınmasına İlişkin Yönetim Kurulu,https://www.kap.org.tr/tr/Bildirim/1493693,tr,2025-09-29T14:08:08+00:00
2025-09-29,THR,KAP,TÜRKİYE İHRACAT KREDİ BANKASI A.Ş. - Pay Dışında Sermaye Piyasası Aracı İşlemlerine İlişkin Bildirim (Faiz İçeren),Pay Dışında Sermaye Piyasası Aracı İşlemlerine İlişkin Bildirim (Faiz İçeren) GMTN programı çerçevesinde yurt dışında borçlanma aracı ihracı,https://www.kap.org.tr/tr/Bildirim/1493784,tr,2025-09-29T16:39:48+00:00
2025-09-29,THR,KAP,TÜRKİYE İHRACAT KREDİ BANKASI A.Ş. - Pay Dışında Sermaye Piyasası Aracı İşlemlerine İlişkin Bildirim (Faiz İçeren),Pay Dışında Sermaye Piyasası Aracı İşlemlerine İlişkin Bildirim (Faiz İçeren) XS3021376689 ISIN Kodlu Finansman Bonosunun İtfası Hk,https://www.kap.org.tr/tr/Bildirim/1493775,tr,2025-09-29T16:13:19+00:00
2025-09-29,THR,KAP,TÜRKİYE İHRACAT KREDİ BANKASI A.Ş. - Pay Dışında Sermaye Piyasası Aracı İşlemlerine İlişkin Bildirim (Faiz İçeren),Pay Dışında Sermaye Piyasası Aracı İşlemlerine İlişkin Bildirim (Faiz İçeren) XS3036573981 ISIN Kodlu Finansman Bonosunun İtfası Hk,https://www.kap.org.tr/tr/Bildirim/1493773,tr,2025-09-29T16:12:41+00:00
2025-09-29,THR,KAP,TÜRKİYE İHRACAT KREDİ BANKASI A.Ş. - Pay Dışında Sermaye Piyasası Aracı İşlemlerine İlişkin Bildirim (Faiz İçeren),Pay Dışında Sermaye Piyasası Aracı İşlemlerine İlişkin Bildirim (Faiz İçeren) XS3037106989 ISIN Kodlu Finansman Bonosunun İtfası Hk,https://www.kap.org.tr/tr/Bildirim/1493771,tr,2025-09-29T16:12:10+00:00
2025-09-29,TIB,KAP,TÜRKİYE İŞ BANKASI A.Ş. - Pay Dışında Sermaye Piyasası Aracı İşlemlerine İlişkin Bildirim (Faiz İçeren),Pay Dışında Sermaye Piyasası Aracı İşlemlerine İlişkin Bildirim (Faiz İçeren) Yurt Dışında Katkı Sermayeye Dahil Edilebilir Borçlanma Aracı İhracının Tamamlanması,https://www.kap.org.tr/tr/Bildirim/1493859,tr,2025-09-29T17:47:10+00:00
2025-09-29,TRILC,KAP,TURK İLAÇ VE SERUM SANAYİ A.Ş. - Pay Dışında Sermaye Piyasası Aracı İşlemlerine İlişkin Bildirim (Faiz İçeren),Pay Dışında Sermaye Piyasası Aracı İşlemlerine İlişkin Bildirim (Faiz İçeren) Finansman Bonosu İtfası Hakkında,https://www.kap.org.tr/tr/Bildirim/1493724,tr,2025-09-29T15:13:32+00:00
2025-09-29,TRILC,KAP,TURK İLAÇ VE SERUM SANAYİ A.Ş. - Pay Dışında Sermaye Piyasası Aracı İşlemlerine İlişkin Bildirim (Faiz İçeren),Pay Dışında Sermaye Piyasası Aracı İşlemlerine İlişkin Bildirim (Faiz İçeren) Satışın Tamamlanması Hakkında,https://www.kap.org.tr/tr/Bildirim/1493538,tr,2025-09-29T08:01:58+00:00
2025-09-29,TRKFN,KAP,TURK FİNANSMAN A.Ş. - Sorumluluk Beyanı (Konsolide Olmayan),Sorumluluk Beyanı (Konsolide Olmayan) Sorumluluk Beyanı,https://www.kap.org.tr/tr/Bildirim/1493950,tr,2025-09-29T22:57:46+00:00
2025-09-29,TRKFN,KAP,TURK FİNANSMAN A.Ş. - Faaliyet Raporu (Konsolide Olmayan),Faaliyet Raporu (Konsolide Olmayan) 2024 Yılı Faaliyet Raporu,https://www.kap.org.tr/tr/Bildirim/1493931,tr,2025-09-29T22:35:21+00:00
2025-09-29,TRKFN,KAP,TURK FİNANSMAN A.Ş. - Finansal Rapor,Finansal Rapor,https://www.kap.org.tr/tr/Bildirim/1493928,tr,2025-09-29T22:32:00+00:00
2025-09-29,TRMEN,KAP,TRIVE YATIRIM MENKUL DEĞERLER A.Ş. - İhraç Tavanına İlişkin Bildirim,İhraç Tavanına İlişkin Bildirim İhraç Tavanına İlişkin Sermaye Piyasası Kurulu'nun Başvuru Onayı,https://www.kap.org.tr/tr/Bildirim/1493701,tr,2025-09-29T14:39:03+00:00
2025-09-29,TVB,KAP,TÜRKİYE VAKIFLAR BANKASI T.A.O. - Pay Dışında Sermaye Piyasası Aracı İşlemlerine İlişkin Bildirim (Faiz İçeren),Pay Dışında Sermaye Piyasası Aracı İşlemlerine İlişkin Bildirim (Faiz İçeren) Yurtdışı Piyasalara İlave Ana Sermayeye Dâhil Edilebilir Tahvil İhracı,https://www.kap.org.tr/tr/Bildirim/1493924,tr,2025-09-29T20:39:23+00:00
2025-09-29,TVB,KAP,TÜRKİYE VAKIFLAR BANKASI T.A.O. - Özel Durum Açıklaması (Genel),Özel Durum Açıklaması (Genel) AT-1 ihracı Hakkında,https://www.kap.org.tr/tr/Bildirim/1493605,tr,2025-09-29T10:37:58+00:00
2025-09-29,TVM,KAP,TRIVE YATIRIM MENKUL DEĞERLER A.Ş. - İhraç Tavanına İlişkin Bildirim,İhraç Tavanına İlişkin Bildirim İhraç Tavanına İlişkin Sermaye Piyasası Kurulu'nun Başvuru Onayı,https://www.kap.org.tr/tr/Bildirim/1493701,tr,2025-09-29T14:39:03+00:00
2025-09-29,ULAS,KAP,ULAŞLAR TURİZM ENERJİ TARIM GIDA VE İNŞAAT YATIRIMLARI A.Ş. - Kayıtlı Sermaye Tavanı İşlemlerine İlişkin Bildirim,Kayıtlı Sermaye Tavanı İşlemlerine İlişkin Bildirim Kayıtlı sermaye tavanı süresinin uzatılmasına yönelik esas sözleşme değişikliği,https://www.kap.org.tr/tr/Bildirim/1493676,tr,2025-09-29T12:34:31+00:00
2025-09-29,VAKBN,KAP,TÜRKİYE VAKIFLAR BANKASI T.A.O. - Pay Dışında Sermaye Piyasası Aracı İşlemlerine İlişkin Bildirim (Faiz İçeren),Pay Dışında Sermaye Piyasası Aracı İşlemlerine İlişkin Bildirim (Faiz İçeren) Yurtdışı Piyasalara İlave Ana Sermayeye Dâhil Edilebilir Tahvil İhracı,https://www.kap.org.tr/tr/Bildirim/1493924,tr,2025-09-29T20:39:23+00:00
2025-09-29,VAKBN,KAP,TÜRKİYE VAKIFLAR BANKASI T.A.O. - Özel Durum Açıklaması (Genel),Özel Durum Açıklaması (Genel) AT-1 ihracı Hakkında,https://www.kap.org.tr/tr/Bildirim/1493605,tr,2025-09-29T10:37:58+00:00
2025-09-29,VAKFA,KAP,VAKIF FAKTORİNG A.Ş. - Şirket Genel Bilgi Formu,Şirket Genel Bilgi Formu,https://www.kap.org.tr/tr/Bildirim/1493674,tr,2025-09-29T12:25:22+00:00
2025-09-29,VAKKO,KAP,VAKKO TEKSTİL VE HAZIR GİYİM SANAYİ İŞLETMELERİ A.Ş. - Kurumsal Yönetim Bilgi Formu (Güncelleme) - Yönetim Kurulu-2,Kurumsal Yönetim Bilgi Formu (Güncelleme) - Yönetim Kurulu-2 Yönetim Kurulu Komiteleri,https://www.kap.org.tr/tr/Bildirim/1493922,tr,2025-09-29T19:49:46+00:00
2025-09-29,VANGD,KAP,VANET GIDA SANAYİ İÇ VE DIŞ TİCARET A.Ş. - Olağan Dışı Fiyat ve Miktar Hareketleri,Olağan Dışı Fiyat ve Miktar Hareketleri Olağandışı fiyat miktar hareketleri hakkında,https://www.kap.org.tr/tr/Bildirim/1493732,tr,2025-09-29T15:27:12+00:00
2025-09-29,VKFYO,KAP,VAKIF MENKUL KIYMET YATIRIM ORTAKLIĞI A.Ş. - Özel Durum Açıklaması (Genel),"Özel Durum Açıklaması (Genel) Şirketimizin BİAŞ'da oluşan ağırlıklı ortalama fiyatın, pay başına net aktif değerin 2 katını aşması sebebiyle yapılan açıklamadır.",https://www.kap.org.tr/tr/Bildirim/1493957,tr,2025-09-29T23:20:41+00:00
2025-09-29,YYLGD,KAP,YAYLA AGRO GIDA SANAYİ VE TİCARET A.Ş. - Geleceğe Dönük Değerlendirmeler,Geleceğe Dönük Değerlendirmeler Niğde Fabrika Yatırımı Hakkında,https://www.kap.org.tr/tr/Bildirim/1493901,tr,2025-09-29T18:24:58+00:00
2025-09-30,A1CAP,KAP,A1 CAPİTAL YATIRIM MENKUL DEĞERLER A.Ş. - Özel Durum Açıklaması (Genel),Özel Durum Açıklaması (Genel) Egeli & Co Tarım Girişim Sermayesi Yatırım Ortaklığı A.Ş. (Egeli & Co) Pay Sahiplerine Zorunlu Pay Alım Teklifi Hk.,https://www.kap.org.tr/tr/Bildirim/1494491,tr,2025-09-30T21:16:01+00:00
2025-09-30,ACP,KAP,A1 CAPİTAL YATIRIM MENKUL DEĞERLER A.Ş. - Özel Durum Açıklaması (Genel),Özel Durum Açıklaması (Genel) Egeli & Co Tarım Girişim Sermayesi Yatırım Ortaklığı A.Ş. (Egeli & Co) Pay Sahiplerine Zorunlu Pay Alım Teklifi Hk.,https://www.kap.org.tr/tr/Bildirim/1494491,tr,2025-09-30T21:16:01+00:00
2025-09-30,AHGAZ,KAP,AHLATCI DOĞAL GAZ DAĞITIM ENERJİ VE YATIRIM A.Ş. - Payların Geri Alınmasına İlişkin Bildirim,Payların Geri Alınmasına İlişkin Bildirim 30.09.2025 Tarihli Pay Geri Alım İşlemleri,https://www.kap.org.tr/tr/Bildirim/1494371,tr,2025-09-30T18:31:14+00:00
2025-09-30,AKBNK,KAP,AKBANK T.A.Ş. - Özel Durum Açıklaması (Genel),Özel Durum Açıklaması (Genel) Takipteki Kredi Alacakları Portföyünün Satışı ISTVY,https://www.kap.org.tr/tr/Bildirim/1493977,tr,2025-09-30T09:37:06+00:00
2025-09-30,AKDFA,KAP,AKDENİZ FAKTORİNG A.Ş. - Pay Dışında Sermaye Piyasası Aracı İşlemlerine İlişkin Bildirim (Faiz İçeren),Pay Dışında Sermaye Piyasası Aracı İşlemlerine İlişkin Bildirim (Faiz İçeren) TRFAKDN42616 İHRAÇ KUPON FAİZ ORANI HN,https://www.kap.org.tr/tr/Bildirim/1494280,tr,2025-09-30T17:15:21+00:00
2025-09-30,AKFGY,KAP,AKFEN GAYRİMENKUL YATIRIM ORTAKLIĞI A.Ş. - Payların Geri Alınmasına İlişkin Bildirim,Payların Geri Alınmasına İlişkin Bildirim 30.09.2025 Tarihli Pay Geri Alım İşlemleri Hk.,https://www.kap.org.tr/tr/Bildirim/1494335,tr,2025-09-30T18:14:47+00:00
2025-09-30,AKFYE,KAP,AKFEN YENİLENEBİLİR ENERJİ A.Ş. - Payların Geri Alınmasına İlişkin Bildirim,Payların Geri Alınmasına İlişkin Bildirim 30.09.2025 Tarihli Pay Geri Alım İşlemleri Hk.,https://www.kap.org.tr/tr/Bildirim/1494343,tr,2025-09-30T18:17:25+00:00
2025-09-30,AKM,KAP,AK YATIRIM MENKUL DEĞERLER A.Ş. - Yatırım Kuruluşu Varant - Sertifika - Senetlerine İlişkin Bildirim,"Yatırım Kuruluşu Varant - Sertifika - Senetlerine İlişkin Bildirim 30.09.2025 Vadeli Ons Altın, Ons Gümüş, BIST30 Endeksi, BIST Spot Altın Endeksi, USDTRY Döviz Kuru ve Pay Senedi Varantlarının İtfası",https://www.kap.org.tr/tr/Bildirim/1494489,tr,2025-09-30T20:34:19+00:00
2025-09-30,AKM,KAP,AK YATIRIM MENKUL DEĞERLER A.Ş. - Pay Dışında Sermaye Piyasası Aracı İşlemlerine İlişkin Bildirim (Faiz İçeren),Pay Dışında Sermaye Piyasası Aracı İşlemlerine İlişkin Bildirim (Faiz İçeren) Nitelikli Yatırımcıya Borçlanma Aracı İhracı,https://www.kap.org.tr/tr/Bildirim/1494017,tr,2025-09-30T10:53:25+00:00
2025-09-30,AKM,KAP,AK YATIRIM MENKUL DEĞERLER A.Ş. - Pay Dışında Sermaye Piyasası Aracı İşlemlerine İlişkin Bildirim (Faiz İçeren),Pay Dışında Sermaye Piyasası Aracı İşlemlerine İlişkin Bildirim (Faiz İçeren) Nitelikli Yatırımcıya Borçlanma Aracı İhracı,https://www.kap.org.tr/tr/Bildirim/1494016,tr,2025-09-30T10:53:18+00:00
2025-09-30,AKMEN,KAP,AK YATIRIM MENKUL DEĞERLER A.Ş. - Yatırım Kuruluşu Varant - Sertifika - Senetlerine İlişkin Bildirim,"Yatırım Kuruluşu Varant - Sertifika - Senetlerine İlişkin Bildirim 30.09.2025 Vadeli Ons Altın, Ons Gümüş, BIST30 Endeksi, BIST Spot Altın Endeksi, USDTRY Döviz Kuru ve Pay Senedi Varantlarının İtfası",https://www.kap.org.tr/tr/Bildirim/1494489,tr,2025-09-30T20:34:19+00:00
2025-09-30,AKMEN,KAP,AK YATIRIM MENKUL DEĞERLER A.Ş. - Pay Dışında Sermaye Piyasası Aracı İşlemlerine İlişkin Bildirim (Faiz İçeren),Pay Dışında Sermaye Piyasası Aracı İşlemlerine İlişkin Bildirim (Faiz İçeren) Nitelikli Yatırımcıya Borçlanma Aracı İhracı,https://www.kap.org.tr/tr/Bildirim/1494017,tr,2025-09-30T10:53:25+00:00
2025-09-30,AKMEN,KAP,AK YATIRIM MENKUL DEĞERLER A.Ş. - Pay Dışında Sermaye Piyasası Aracı İşlemlerine İlişkin Bildirim (Faiz İçeren),Pay Dışında Sermaye Piyasası Aracı İşlemlerine İlişkin Bildirim (Faiz İçeren) Nitelikli Yatırımcıya Borçlanma Aracı İhracı,https://www.kap.org.tr/tr/Bildirim/1494016,tr,2025-09-30T10:53:18+00:00
2025-09-30,ALARK,KAP,ALARKO HOLDİNG A.Ş. - Şirket Genel Bilgi Formu,Şirket Genel Bilgi Formu,https://www.kap.org.tr/tr/Bildirim/1494407,tr,2025-09-30T19:23:39+00:00
2025-09-30,ALTNY,KAP,ALTINAY SAVUNMA TEKNOLOJİLERİ A.Ş. - Özel Durum Açıklaması (Genel),Özel Durum Açıklaması (Genel) Halka Arzdan Elde Edilmiş Fonun Kullanım Yeri Değişikliği Hk.,https://www.kap.org.tr/tr/Bildirim/1494486,tr,2025-09-30T20:12:59+00:00
2025-09-30,ALVES,KAP,ALVES KABLO SANAYİ VE TİCARET A.Ş. - Özel Durum Açıklaması (Genel),"Özel Durum Açıklaması (Genel) Sürdürülebilirlik Politikası, Sürdürülebilirlik Komitesi, Sürdürülebilirlik Komitesi Çalışma Esasları, Kurumsal Risk Yönetimi Prosedürü",https://www.kap.org.tr/tr/Bildirim/1494286,tr,2025-09-30T17:21:44+00:00
2025-09-30,ANGEN,KAP,ANATOLİA TANI VE BİYOTEKNOLOJİ ÜRÜNLERİ ARAŞTIRMA GELİŞTİRME SANAYİ VE TİCARET A.Ş. - Şirket Genel Bilgi Formu,Şirket Genel Bilgi Formu,https://www.kap.org.tr/tr/Bildirim/1494334,tr,2025-09-30T18:14:41+00:00
2025-09-30,ANGEN,KAP,ANATOLİA TANI VE BİYOTEKNOLOJİ ÜRÜNLERİ ARAŞTIRMA GELİŞTİRME SANAYİ VE TİCARET A.Ş. - Özel Durum Açıklaması (Genel),Özel Durum Açıklaması (Genel) Mali İşler Direktörünün Görevinden Ayrılması Hk.,https://www.kap.org.tr/tr/Bildirim/1494333,tr,2025-09-30T18:13:23+00:00
2025-09-30,ARCLK,KAP,ARÇELİK A.Ş. - Şirket Genel Bilgi Formu,Şirket Genel Bilgi Formu,https://www.kap.org.tr/tr/Bildirim/1494409,tr,2025-09-30T19:25:13+00:00
2025-09-30,ARDYZ,KAP,ARD GRUP BİLİŞİM TEKNOLOJİLERİ A.Ş. - Bağımsız Denetim Kuruluşunun Belirlenmesi,Bağımsız Denetim Kuruluşunun Belirlenmesi Bağımsız Denetim Şirketinin Seçimi Hakkında Genel Kurul Sonucu,https://www.kap.org.tr/tr/Bildirim/1494366,tr,2025-09-30T18:30:03+00:00
2025-09-30,ARDYZ,KAP,ARD GRUP BİLİŞİM TEKNOLOJİLERİ A.Ş. - Kar Payı Dağıtım İşlemlerine İlişkin Bildirim,Kar Payı Dağıtım İşlemlerine İlişkin Bildirim 2024 Yılı Kar Payı Dağıtımına İlişkin Genel Kurul Kararı,https://www.kap.org.tr/tr/Bildirim/1494362,tr,2025-09-30T18:27:34+00:00
2025-09-30,ARDYZ,KAP,ARD GRUP BİLİŞİM TEKNOLOJİLERİ A.Ş. - Genel Kurul İşlemlerine İlişkin Bildirim,Genel Kurul İşlemlerine İlişkin Bildirim 2024 Yılı Olağan Genel Kurul Toplantı Sonucu,https://www.kap.org.tr/tr/Bildirim/1494318,tr,2025-09-30T18:05:54+00:00
2025-09-30,ARENA,KAP,ARENA BİLGİSAYAR SANAYİ VE TİCARET A.Ş. - Bağımsız Denetim Kuruluşunun Belirlenmesi,Bağımsız Denetim Kuruluşunun Belirlenmesi 01.01.2025-31.03.2025 Dönemine İlişkin Sürdürülebilirlik Raporunun Sınırlı Güvence Denetimi için Bağımsız Denetim Kuruluşunun Belirlenmesi,https://www.kap.org.tr/tr/Bildirim/1494295,tr,2025-09-30T17:37:12+00:00
2025-09-30,ASGYO,KAP,ASCE GAYRİMENKUL YATIRIM ORTAKLIĞI A.Ş. - Payların Geri Alınmasına İlişkin Bildirim,Payların Geri Alınmasına İlişkin Bildirim Pay geri alım programının sonlandırılması,https://www.kap.org.tr/tr/Bildirim/1494410,tr,2025-09-30T19:26:28+00:00
2025-09-30,ASGYO,KAP,ASCE GAYRİMENKUL YATIRIM ORTAKLIĞI A.Ş. - Payların Geri Alınmasına İlişkin Bildirim,Payların Geri Alınmasına İlişkin Bildirim 30.09.2025 Tarihli Pay Geri Alım İşlemleri,https://www.kap.org.tr/tr/Bildirim/1494397,tr,2025-09-30T18:55:09+00:00
2025-09-30,ASUZU,KAP,ANADOLU ISUZU OTOMOTİV SANAYİ VE TİCARET A.Ş. - Özel Durum Açıklaması (Genel),Özel Durum Açıklaması (Genel) JV SamAuto LLC?ye iştirak edilmesine yönelik olarak Özbekistan Cumhuriyeti Devlet Varlık Yönetim Ajansı?na sunulan teklifin kabulü,https://www.kap.org.tr/tr/Bildirim/1493961,tr,2025-09-30T08:59:50+00:00
2025-09-30,AYDEM,KAP,AYDEM YENİLENEBİLİR ENERJİ A.Ş. - Pay Dışında Sermaye Piyasası Aracı İşlemlerine İlişkin Bildirim (Faiz İçeren),Pay Dışında Sermaye Piyasası Aracı İşlemlerine İlişkin Bildirim (Faiz İçeren) Yurt Dışında Satılmak Üzere Borçlanma Aracı İhracı ve Satışının Tamamlanması,https://www.kap.org.tr/tr/Bildirim/1494387,tr,2025-09-30T18:40:53+00:00
2025-09-30,BASCM,KAP,BAŞTAŞ BAŞKENT ÇİMENTO SANAYİ VE TİCARET A.Ş. - Sürdürülebilirlik Raporu,Sürdürülebilirlik Raporu TSRS Uyumlu Sürdürülebilirlik Raporu 2024,https://www.kap.org.tr/tr/Bildirim/1494289,tr,2025-09-30T17:26:35+00:00
2025-09-30,BIMAS,KAP,BİM BİRLEŞİK MAĞAZALAR A.Ş. - Kayıtlı Sermaye Tavanı İşlemlerine İlişkin Bildirim,Kayıtlı Sermaye Tavanı İşlemlerine İlişkin Bildirim Kayıtlı Sermaye Tavan Sistemine Geçiş İle İlgili Yönetim Kurulu Kararı ve Esas Sözleşme Tadili,https://www.kap.org.tr/tr/Bildirim/1494050,tr,2025-09-30T12:26:16+00:00
2025-09-30,BIMAS,KAP,BİM BİRLEŞİK MAĞAZALAR A.Ş. - Esas Sözleşme Tadili,Esas Sözleşme Tadili Esas Sözleşme Tadili,https://www.kap.org.tr/tr/Bildirim/1494049,tr,2025-09-30T12:25:31+00:00
2025-09-30,BLUME,KAP,BLUME METAL KİMYA A.Ş. - Şirket Genel Bilgi Formu,Şirket Genel Bilgi Formu,https://www.kap.org.tr/tr/Bildirim/1494498,tr,2025-09-30T22:54:30+00:00
2025-09-30,BYDNR,KAP,BAYDÖNER RESTORANLARI A.Ş. - Özel Durum Açıklaması (Genel),Özel Durum Açıklaması (Genel) Restoran Açılışı Hakkında,https://www.kap.org.tr/tr/Bildirim/1494332,tr,2025-09-30T18:12:31+00:00
2025-09-30,CEMAS,KAP,ÇEMAŞ DÖKÜM SANAYİ A.Ş. - Şirket Genel Bilgi Formu,Şirket Genel Bilgi Formu,https://www.kap.org.tr/tr/Bildirim/1494165,tr,2025-09-30T15:06:04+00:00
2025-09-30,CVKMD,KAP,CVK MADEN İŞLETMELERİ SANAYİ VE TİCARET A.Ş. - Özel Durum Açıklaması (Genel),Özel Durum Açıklaması (Genel) Trafigura Pte. Ltd. Tarafından Yatırılan Tutar Hk.,https://www.kap.org.tr/tr/Bildirim/1494287,tr,2025-09-30T17:23:55+00:00
2025-09-30,CVKMD,KAP,CVK MADEN İŞLETMELERİ SANAYİ VE TİCARET A.Ş. - Yeni İş İlişkisi,Yeni İş İlişkisi Krom Cevheri Satışına Yönelik Olarak Trafigura Pte. Ltd. ile İmzalanan Off-Take Anlaşması Hk.,https://www.kap.org.tr/tr/Bildirim/1494067,tr,2025-09-30T12:54:29+00:00
2025-09-30,DITAS,KAP,DİTAŞ DOĞAN YEDEK PARÇA İMALAT VE TEKNİK A.Ş. - Şirket Genel Bilgi Formu,Şirket Genel Bilgi Formu,https://www.kap.org.tr/tr/Bildirim/1494357,tr,2025-09-30T18:24:14+00:00
2025-09-30,DITAS,KAP,DİTAŞ DOĞAN YEDEK PARÇA İMALAT VE TEKNİK A.Ş. - Özel Durum Açıklaması (Genel),Özel Durum Açıklaması (Genel) Görevden Ayrılma,https://www.kap.org.tr/tr/Bildirim/1494356,tr,2025-09-30T18:23:53+00:00
2025-09-30,DITAS,KAP,DİTAŞ DOĞAN YEDEK PARÇA İMALAT VE TEKNİK A.Ş. - Sürdürülebilirlik Raporu,Sürdürülebilirlik Raporu TSRS Uyumlu 2024 Yılı Sürdürülebilirlik Raporu,https://www.kap.org.tr/tr/Bildirim/1494355,tr,2025-09-30T18:23:14+00:00
2025-09-30,DKVRL,KAP,DK VARLIK KİRALAMA A.Ş. - Tertip İhraç Belgesi,"Tertip İhraç Belgesi Tertip İhraç Belgesi ADA, AHGAZ, ENERY",https://www.kap.org.tr/tr/Bildirim/1494374,tr,2025-09-30T18:33:11+00:00
2025-09-30,DUNYH,KAP,DÜNYA HOLDİNG A.Ş. - İhraç Belgesi,İhraç Belgesi Birleşme Kapsamında Onaylı İhraç Belgesi,https://www.kap.org.tr/tr/Bildirim/1494497,tr,2025-09-30T22:50:15+00:00
2025-09-30,ECOGR,KAP,ECOGREEN ENERJİ HOLDİNG A.Ş. - İhraç Belgesi,İhraç Belgesi Borçlanma Aracı İhraç Belgesi Onayı,https://www.kap.org.tr/tr/Bildirim/1494062,tr,2025-09-30T12:36:04+00:00
2025-09-30,EDIP,KAP,EDİP GAYRİMENKUL YATIRIM SANAYİ VE TİCARET A.Ş. - Kredi Derecelendirmesi,Kredi Derecelendirmesi Kredi Derecelendirme Notu,https://www.kap.org.tr/tr/Bildirim/1494346,tr,2025-09-30T18:19:02+00:00
2025-09-30,EKGYO,KAP,EMLAK KONUT GAYRİMENKUL YATIRIM ORTAKLIĞI A.Ş. - Özel Durum Açıklaması (Genel),Özel Durum Açıklaması (Genel) Damla Kent Projesi A Etabı 1. Kısım İhalesi DMLKT,https://www.kap.org.tr/tr/Bildirim/1494403,tr,2025-09-30T19:03:45+00:00
2025-09-30,EKGYO,KAP,EMLAK KONUT GAYRİMENKUL YATIRIM ORTAKLIĞI A.Ş. - Özel Durum Açıklaması (Genel),Özel Durum Açıklaması (Genel) Damla Kent Projesi Hakkında DMLKT,https://www.kap.org.tr/tr/Bildirim/1493983,tr,2025-09-30T09:54:43+00:00
2025-09-30,EKOFA,KAP,EKO FAKTORİNG A.Ş. - Pay Dışında Sermaye Piyasası Aracı İşlemlerine İlişkin Bildirim (Faiz İçeren),Pay Dışında Sermaye Piyasası Aracı İşlemlerine İlişkin Bildirim (Faiz İçeren) NİTELİKLİ YATIRIMCIYA BORÇLANMA ARACI İHRACI,https://www.kap.org.tr/tr/Bildirim/1493976,tr,2025-09-30T09:28:09+00:00
2025-09-30,EMKEL,KAP,EMEK ELEKTRİK ENDÜSTRİSİ A.Ş. - Yeni İş İlişkisi,Yeni İş İlişkisi Yeni İş İlişkisi Hk.,https://www.kap.org.tr/tr/Bildirim/1493982,tr,2025-09-30T09:51:56+00:00
2025-09-30,EMVAR,KAP,EMLAK VARLIK KİRALAMA A.Ş. - Pay Dışında Sermaye Piyasası Aracı İşlemlerine İlişkin Bildirim (Faizsiz),Pay Dışında Sermaye Piyasası Aracı İşlemlerine İlişkin Bildirim (Faizsiz) Şirketimiz Tarafından İhraç Edilmiş Olan TRDEMVK92513 ISIN Kodlu Kira Sertifikasının İtfası Hk. GARFL,https://www.kap.org.tr/tr/Bildirim/1494045,tr,2025-09-30T12:19:11+00:00
2025-09-30,EMVAR,KAP,EMLAK VARLIK KİRALAMA A.Ş. - Pay Dışında Sermaye Piyasası Aracı İşlemlerine İlişkin Bildirim (Faizsiz),Pay Dışında Sermaye Piyasası Aracı İşlemlerine İlişkin Bildirim (Faizsiz) TRDEMVK32642 ISIN Kodlu Kira Sertifikası İhracının Nitelikli Yatırımcıya Satışının Tamamlanması Hk.,https://www.kap.org.tr/tr/Bildirim/1493979,tr,2025-09-30T09:38:59+00:00
2025-09-30,ENERY,KAP,ENERYA ENERJİ A.Ş. - Payların Geri Alınmasına İlişkin Bildirim,Payların Geri Alınmasına İlişkin Bildirim 30.09.2025 Tarihli Pay Geri Alım İşlemleri,https://www.kap.org.tr/tr/Bildirim/1494372,tr,2025-09-30T18:31:30+00:00
2025-09-30,ERCB,KAP,ERCİYAS ÇELİK BORU SANAYİ A.Ş. - Özel Durum Açıklaması (Genel),Özel Durum Açıklaması (Genel) Yönetimde Değişiklik,https://www.kap.org.tr/tr/Bildirim/1494331,tr,2025-09-30T18:11:02+00:00
2025-09-30,ETYAT,KAP,EURO TREND YATIRIM ORTAKLIĞI A.Ş. - Özel Durum Açıklaması (Genel),"Özel Durum Açıklaması (Genel) BİAŞ'da oluşan ağırlıklı ortalama fiyatın,pay başına net aktif değerin 2 katını aşması",https://www.kap.org.tr/tr/Bildirim/1494100,tr,2025-09-30T13:51:21+00:00
2025-09-30,EUKYO,KAP,EURO KAPİTAL YATIRIM ORTAKLIĞI A.Ş. - Özel Durum Açıklaması (Genel),"Özel Durum Açıklaması (Genel) BİAŞ'da oluşan ağırlıklı ortalama fiyatın,pay başına net aktif değerin 2 katını aşması",https://www.kap.org.tr/tr/Bildirim/1494101,tr,2025-09-30T13:52:27+00:00
2025-09-30,EUYO,KAP,EURO MENKUL KIYMET YATIRIM ORTAKLIĞI A.Ş. - Özel Durum Açıklaması (Genel),"Özel Durum Açıklaması (Genel) BİAŞ'da oluşan ağırlıklı ortalama fiyatın,pay başına net aktif değerin 2 katını aşması",https://www.kap.org.tr/tr/Bildirim/1494099,tr,2025-09-30T13:50:41+00:00
2025-09-30,EXIMB,KAP,TÜRKİYE İHRACAT KREDİ BANKASI A.Ş. - Pay Dışında Sermaye Piyasası Aracı İşlemlerine İlişkin Bildirim (Faiz İçeren),Pay Dışında Sermaye Piyasası Aracı İşlemlerine İlişkin Bildirim (Faiz İçeren) XS3040597968 ISIN Kodlu Finansman Bonosunun İtfası Hk,https://www.kap.org.tr/tr/Bildirim/1494183,tr,2025-09-30T15:54:23+00:00
2025-09-30,EXIMB,KAP,TÜRKİYE İHRACAT KREDİ BANKASI A.Ş. - Pay Dışında Sermaye Piyasası Aracı İşlemlerine İlişkin Bildirim (Faiz İçeren),Pay Dışında Sermaye Piyasası Aracı İşlemlerine İlişkin Bildirim (Faiz İçeren) XS3040402037 ISIN Kodlu Finansman Bonosunun İtfası Hk,https://www.kap.org.tr/tr/Bildirim/1494180,tr,2025-09-30T15:50:46+00:00
2025-09-30,EXIMB,KAP,TÜRKİYE İHRACAT KREDİ BANKASI A.Ş. - Pay Dışında Sermaye Piyasası Aracı İşlemlerine İlişkin Bildirim (Faiz İçeren),Pay Dışında Sermaye Piyasası Aracı İşlemlerine İlişkin Bildirim (Faiz İçeren) XS3036678814 ISIN Kodlu Finansman Bonosunun İtfası Hk,https://www.kap.org.tr/tr/Bildirim/1494177,tr,2025-09-30T15:46:17+00:00
2025-09-30,EXIMB,KAP,TÜRKİYE İHRACAT KREDİ BANKASI A.Ş. - Pay Dışında Sermaye Piyasası Aracı İşlemlerine İlişkin Bildirim (Faiz İçeren),Pay Dışında Sermaye Piyasası Aracı İşlemlerine İlişkin Bildirim (Faiz İçeren) XS3040597703 ISIN Kodlu Finansman Bonosunun İtfası Hk,https://www.kap.org.tr/tr/Bildirim/1494171,tr,2025-09-30T15:31:58+00:00
2025-09-30,EYGYO,KAP,EYG GAYRİMENKUL YATIRIM ORTAKLIĞI A.Ş. - Genel Kurul İşlemlerine İlişkin Bildirim,Genel Kurul İşlemlerine İlişkin Bildirim Genel Kurul Toplantısı Hk.,https://www.kap.org.tr/tr/Bildirim/1494338,tr,2025-09-30T18:15:15+00:00
2025-09-30,EYGYO,KAP,EYG GAYRİMENKUL YATIRIM ORTAKLIĞI A.Ş. - Kar Payı Dağıtım İşlemlerine İlişkin Bildirim,Kar Payı Dağıtım İşlemlerine İlişkin Bildirim Kar Payı Dağıtımı Hk.,https://www.kap.org.tr/tr/Bildirim/1494336,tr,2025-09-30T18:15:04+00:00
2025-09-30,FBB,KAP,FİBABANKA A.Ş. - Özel Durum Açıklaması (Genel),Özel Durum Açıklaması (Genel) Varlık Finansmanı Fonu İçtüzük Değişiklikleri,https://www.kap.org.tr/tr/Bildirim/1494296,tr,2025-09-30T17:39:20+00:00
2025-09-30,FBBNK,KAP,FİBABANKA A.Ş. - Özel Durum Açıklaması (Genel),Özel Durum Açıklaması (Genel) Varlık Finansmanı Fonu İçtüzük Değişiklikleri,https://www.kap.org.tr/tr/Bildirim/1494296,tr,2025-09-30T17:39:20+00:00
2025-09-30,FZLGY,KAP,FUZUL GAYRİMENKUL YATIRIM ORTAKLIĞI A.Ş. - Kar Payı Dağıtım İşlemlerine İlişkin Bildirim,Kar Payı Dağıtım İşlemlerine İlişkin Bildirim Kâr Payı Dağıtımı ile İlgili Genel Kurul Sonucu,https://www.kap.org.tr/tr/Bildirim/1494277,tr,2025-09-30T17:03:08+00:00
2025-09-30,FZLGY,KAP,FUZUL GAYRİMENKUL YATIRIM ORTAKLIĞI A.Ş. - Genel Kurul İşlemlerine İlişkin Bildirim,Genel Kurul İşlemlerine İlişkin Bildirim 2024 Yılı Olağan Genel Kurul Toplantı Sonucu,https://www.kap.org.tr/tr/Bildirim/1494243,tr,2025-09-30T16:53:31+00:00
2025-09-30,GARAN,KAP,TÜRKİYE GARANTİ BANKASI A.Ş. - Kredi Derecelendirmesi,Kredi Derecelendirmesi JCR Kredi Derecelendirme Notu Hakkında,https://www.kap.org.tr/tr/Bildirim/1494353,tr,2025-09-30T18:22:25+00:00
2025-09-30,GARAN,KAP,TÜRKİYE GARANTİ BANKASI A.Ş. - Pay Dışında Sermaye Piyasası Aracı İşlemlerine İlişkin Bildirim (Faiz İçeren),Pay Dışında Sermaye Piyasası Aracı İşlemlerine İlişkin Bildirim (Faiz İçeren) Yurtdışı Piyasalara Tahvil İhracı SPK Onayı,https://www.kap.org.tr/tr/Bildirim/1494352,tr,2025-09-30T18:21:42+00:00
2025-09-30,GARAN,KAP,TÜRKİYE GARANTİ BANKASI A.Ş. - Pay Dışında Sermaye Piyasası Aracı İşlemlerine İlişkin Bildirim (Faiz İçeren),Pay Dışında Sermaye Piyasası Aracı İşlemlerine İlişkin Bildirim (Faiz İçeren) Yurtdışı Piyasalara Tahvil İhracı SPK Onayı,https://www.kap.org.tr/tr/Bildirim/1494350,tr,2025-09-30T18:21:16+00:00
2025-09-30,GENIL,KAP,GEN İLAÇ VE SAĞLIK ÜRÜNLERİ SANAYİ VE TİCARET A.Ş. - Şirket Genel Bilgi Formu,Şirket Genel Bilgi Formu,https://www.kap.org.tr/tr/Bildirim/1494329,tr,2025-09-30T18:10:37+00:00
2025-09-30,GENIL,KAP,GEN İLAÇ VE SAĞLIK ÜRÜNLERİ SANAYİ VE TİCARET A.Ş. - Özel Durum Açıklaması (Genel),Özel Durum Açıklaması (Genel) Yatırımcı İlişkileri Müdürü Görevden Ayrılma,https://www.kap.org.tr/tr/Bildirim/1494327,tr,2025-09-30T18:10:25+00:00
2025-09-30,GENIL,KAP,GEN İLAÇ VE SAĞLIK ÜRÜNLERİ SANAYİ VE TİCARET A.Ş. - Sürdürülebilirlik Raporu,Sürdürülebilirlik Raporu Türkiye Sürdürülebilirlik Raporlama Standartları Uyumlu Sürdürülebilirlik Raporu,https://www.kap.org.tr/tr/Bildirim/1494323,tr,2025-09-30T18:10:10+00:00
2025-09-30,GENTS,KAP,GENTAŞ DEKORATİF YÜZEYLER SANAYİ VE TİCARET A.Ş. - Özel Durum Açıklaması (Genel),Özel Durum Açıklaması (Genel) Şirketimiz Yönetici Sorumluluk Sigortası Yenilenmesi,https://www.kap.org.tr/tr/Bildirim/1494172,tr,2025-09-30T15:32:55+00:00
2025-09-30,GEREL,KAP,GERSAN ELEKTRİK TİCARET VE SANAYİ A.Ş. - Sürdürülebilirlik Raporu,Sürdürülebilirlik Raporu TSRS Uyumlu 2024 Yılı Sürdürülebilirlik Raporu,https://www.kap.org.tr/tr/Bildirim/1494316,tr,2025-09-30T18:03:44+00:00
2025-09-30,GRNYO,KAP,GARANTİ YATIRIM ORTAKLIĞI A.Ş. - Özel Durum Açıklaması (Genel),"Özel Durum Açıklaması (Genel) Paylarının BİAŞ'ta oluşan ağırlıklı ortalama fiyatının, pay başına net aktif değerinin 2 katını aşması hakkında.",https://www.kap.org.tr/tr/Bildirim/1493998,tr,2025-09-30T10:34:19+00:00
2025-09-30,GRSEL,KAP,GÜR-SEL TURİZM TAŞIMACILIK VE SERVİS TİCARET A.Ş. - Kredi Derecelendirmesi,Kredi Derecelendirmesi Şirketimizin JCR kredi derecelendirmesi.,https://www.kap.org.tr/tr/Bildirim/1494185,tr,2025-09-30T15:55:10+00:00
2025-09-30,GUBRF,KAP,GÜBRE FABRİKALARI T.A.Ş. - Payların Geri Alınmasına İlişkin Bildirim,Payların Geri Alınmasına İlişkin Bildirim Pay Geri Alım Programına İlişkin Bilgilendrme,https://www.kap.org.tr/tr/Bildirim/1494401,tr,2025-09-30T19:01:08+00:00
2025-09-30,HDFFL,KAP,HEDEF ARAÇ KİRALAMA VE SERVİS A.Ş. - Pay Dışında Sermaye Piyasası Aracı İşlemlerine İlişkin Bildirim (Faiz İçeren),Pay Dışında Sermaye Piyasası Aracı İşlemlerine İlişkin Bildirim (Faiz İçeren) 1.Kupon Oranının Belirlenmesi,https://www.kap.org.tr/tr/Bildirim/1494221,tr,2025-09-30T16:45:15+00:00
2025-09-30,HLGYO,KAP,HALK GAYRİMENKUL YATIRIM ORTAKLIĞI A.Ş. - Şirket Genel Bilgi Formu,Şirket Genel Bilgi Formu,https://www.kap.org.tr/tr/Bildirim/1494345,tr,2025-09-30T18:18:56+00:00
2025-09-30,HLVKS,KAP,HALK VARLIK KİRALAMA A.Ş. - Yatırımcı Raporu,Yatırımcı Raporu Halk Varlık Kiralama A.Ş. Yatırımcı Raporu,https://www.kap.org.tr/tr/Bildirim/1494186,tr,2025-09-30T15:56:57+00:00
2025-09-30,HTTBT,KAP,HİTİT BİLGİSAYAR HİZMETLERİ A.Ş. - Özel Durum Açıklaması (Genel),Özel Durum Açıklaması (Genel) Ortaklar tarafından Fiyat İstikrarı Sağlayıcı İşlemler Kapsamında Geri Alınan Payların Blok Satışı,https://www.kap.org.tr/tr/Bildirim/1494404,tr,2025-09-30T19:13:07+00:00
2025-09-30,HUNER,KAP,HUN YENİLENEBİLİR ENERJİ ÜRETİM A.Ş. - Şirket Genel Bilgi Formu,Şirket Genel Bilgi Formu,https://www.kap.org.tr/tr/Bildirim/1494389,tr,2025-09-30T18:43:36+00:00
2025-09-30,INFO,KAP,İNFO YATIRIM MENKUL DEĞERLER A.Ş. - Yatırım Kuruluşu Varant - Sertifika - Senetlerine İlişkin Bildirim,Yatırım Kuruluşu Varant - Sertifika - Senetlerine İlişkin Bildirim 30.09.2025 Vadeli Varantların İtfası,https://www.kap.org.tr/tr/Bildirim/1494384,tr,2025-09-30T18:39:24+00:00
2025-09-30,INFO,KAP,İNFO YATIRIM MENKUL DEĞERLER A.Ş. - Pay Alım Teklifi Yoluyla Pay Toplanmasına İlişkin Bildirim,"Pay Alım Teklifi Yoluyla Pay Toplanmasına İlişkin Bildirim Pergamon Status Dış Ticaret A.Ş. Pay Sahiplerine Zorunlu Pay Alım Teklifi Hk. HEDEF, PSDTC",https://www.kap.org.tr/tr/Bildirim/1494285,tr,2025-09-30T17:20:09+00:00
2025-09-30,ISMEN,KAP,İŞ YATIRIM MENKUL DEĞERLER A.Ş. - Yatırım Kuruluşu Varant - Sertifika - Senetlerine İlişkin Bildirim,Yatırım Kuruluşu Varant - Sertifika - Senetlerine İlişkin Bildirim İş Yatırım Aracı Kuruluş Varantlarının İtfa Bildirimi,https://www.kap.org.tr/tr/Bildirim/1494400,tr,2025-09-30T19:00:49+00:00
2025-09-30,ISMEN,KAP,İŞ YATIRIM MENKUL DEĞERLER A.Ş. - Piyasa Yapıcılığı Kapsamında Gerçekleştirilen İşlemler Bildirimi,Piyasa Yapıcılığı Kapsamında Gerçekleştirilen İşlemler Bildirimi Borsa Yatırım Fonu Piyasa Yapıcılığı İşlemleri ISGLK,https://www.kap.org.tr/tr/Bildirim/1494011,tr,2025-09-30T10:47:33+00:00
2025-09-30,ISMEN,KAP,İŞ YATIRIM MENKUL DEĞERLER A.Ş. - Yatırım Kuruluşu Varant - Sertifika - Senetlerine İlişkin Bildirim,Yatırım Kuruluşu Varant - Sertifika - Senetlerine İlişkin Bildirim İş Yatırım Sertifika ve Varant Alım Satım İşlemleri,https://www.kap.org.tr/tr/Bildirim/1494000,tr,2025-09-30T10:37:55+00:00
2025-09-30,ISYAT,KAP,İŞ YATIRIM ORTAKLIĞI A.Ş. - Özel Durum Açıklaması (Genel),"Özel Durum Açıklaması (Genel) Ortaklık paylarının BİAŞ'ta oluşan ağırlıklı ortalama fiyatının, pay başına net aktif değerinin 2 katını aşması hakkında",https://www.kap.org.tr/tr/Bildirim/1494034,tr,2025-09-30T11:47:13+00:00
2025-09-30,IYF,KAP,İNFO YATIRIM MENKUL DEĞERLER A.Ş. - Yatırım Kuruluşu Varant - Sertifika - Senetlerine İlişkin Bildirim,Yatırım Kuruluşu Varant - Sertifika - Senetlerine İlişkin Bildirim 30.09.2025 Vadeli Varantların İtfası,https://www.kap.org.tr/tr/Bildirim/1494384,tr,2025-09-30T18:39:24+00:00
2025-09-30,IYF,KAP,İNFO YATIRIM MENKUL DEĞERLER A.Ş. - Pay Alım Teklifi Yoluyla Pay Toplanmasına İlişkin Bildirim,"Pay Alım Teklifi Yoluyla Pay Toplanmasına İlişkin Bildirim Pergamon Status Dış Ticaret A.Ş. Pay Sahiplerine Zorunlu Pay Alım Teklifi Hk. HEDEF, PSDTC",https://www.kap.org.tr/tr/Bildirim/1494285,tr,2025-09-30T17:20:09+00:00
2025-09-30,IYM,KAP,İŞ YATIRIM MENKUL DEĞERLER A.Ş. - Yatırım Kuruluşu Varant - Sertifika - Senetlerine İlişkin Bildirim,Yatırım Kuruluşu Varant - Sertifika - Senetlerine İlişkin Bildirim İş Yatırım Aracı Kuruluş Varantlarının İtfa Bildirimi,https://www.kap.org.tr/tr/Bildirim/1494400,tr,2025-09-30T19:00:49+00:00
2025-09-30,IYM,KAP,İŞ YATIRIM MENKUL DEĞERLER A.Ş. - Piyasa Yapıcılığı Kapsamında Gerçekleştirilen İşlemler Bildirimi,Piyasa Yapıcılığı Kapsamında Gerçekleştirilen İşlemler Bildirimi Borsa Yatırım Fonu Piyasa Yapıcılığı İşlemleri ISGLK,https://www.kap.org.tr/tr/Bildirim/1494011,tr,2025-09-30T10:47:33+00:00
2025-09-30,IYM,KAP,İŞ YATIRIM MENKUL DEĞERLER A.Ş. - Yatırım Kuruluşu Varant - Sertifika - Senetlerine İlişkin Bildirim,Yatırım Kuruluşu Varant - Sertifika - Senetlerine İlişkin Bildirim İş Yatırım Sertifika ve Varant Alım Satım İşlemleri,https://www.kap.org.tr/tr/Bildirim/1494000,tr,2025-09-30T10:37:55+00:00
2025-09-30,KGYO,KAP,KORAY GAYRİMENKUL YATIRIM ORTAKLIĞI A.Ş. - Finansal Duran Varlık Edinimi,Finansal Duran Varlık Edinimi Prag'da Şirket Kuruluşu Hk.,https://www.kap.org.tr/tr/Bildirim/1494388,tr,2025-09-30T18:43:00+00:00
2025-09-30,KONYA,KAP,KONYA ÇİMENTO SANAYİİ A.Ş. - Sürdürülebilirlik Raporu,Sürdürülebilirlik Raporu TSRS Uyumlu Sürdürülebilirlik Raporu 2024,https://www.kap.org.tr/tr/Bildirim/1494288,tr,2025-09-30T17:24:56+00:00
2025-09-30,KTLEV,KAP,KATILIMEVİM TASARRUF FİNANSMAN A.Ş. - Sermaye Artırımından Elde Edilecek - Edilen Fonun Kullanımına İlişkin Rapor,Sermaye Artırımından Elde Edilecek - Edilen Fonun Kullanımına İlişkin Rapor Sermaye Artırımından Elde Edilecek Fonun Kullanımına İlişkin Rapor,https://www.kap.org.tr/tr/Bildirim/1494393,tr,2025-09-30T18:49:16+00:00
2025-09-30,KTLEV,KAP,KATILIMEVİM TASARRUF FİNANSMAN A.Ş. - Sermaye Artırımı - Azaltımı İşlemlerine İlişkin Bildirim,Sermaye Artırımı - Azaltımı İşlemlerine İlişkin Bildirim Bedelli Sermaye Artırımına İlişkin Yönetim Kurulu Kararı,https://www.kap.org.tr/tr/Bildirim/1494382,tr,2025-09-30T18:38:46+00:00
2025-09-30,LINK,KAP,LİNK BİLGİSAYAR SİSTEMLERİ YAZILIMI VE DONANIMI SANAYİ VE TİCARET A.Ş. - Yeni İş İlişkisi,Yeni İş İlişkisi Satış Anlaşması Hakkında,https://www.kap.org.tr/tr/Bildirim/1494496,tr,2025-09-30T22:14:20+00:00
2025-09-30,LKMNH,KAP,LOKMAN HEKİM ENGÜRÜSAĞ SAĞLIK TURİZM EĞİTİM HİZMETLERİ VE İNŞAAT TAAHHÜT A.Ş. - Payların Geri Alınmasına İlişkin Bildirim,Payların Geri Alınmasına İlişkin Bildirim Hisse Geri Alımı,https://www.kap.org.tr/tr/Bildirim/1494369,tr,2025-09-30T18:30:57+00:00
2025-09-30,LYDHO,KAP,LYDİA HOLDİNG A.Ş. - Birleşme İşlemlerine İlişkin Bildirim,Birleşme İşlemlerine İlişkin Bildirim Devralma Şeklinde Birleşmeye ilişkin SPK Başvurusu Hakkında,https://www.kap.org.tr/tr/Bildirim/1494490,tr,2025-09-30T20:34:49+00:00
2025-09-30,MACKO,KAP,MACKOLİK İNTERNET HİZMETLERİ TİCARET A.Ş. - Özel Durum Açıklaması (Genel),Özel Durum Açıklaması (Genel) Yurtdışı İş Birlikleri Hk.,https://www.kap.org.tr/tr/Bildirim/1494126,tr,2025-09-30T14:19:15+00:00
2025-09-30,MAVI,KAP,MAVİ GİYİM SANAYİ VE TİCARET A.Ş. - Payların Geri Alınmasına İlişkin Bildirim,Payların Geri Alınmasına İlişkin Bildirim 30.09.2025 Tarihli Pay Geri Alım İşlemleri,https://www.kap.org.tr/tr/Bildirim/1494399,tr,2025-09-30T19:00:33+00:00
2025-09-30,MERKO,KAP,MERKO GIDA SANAYİ VE TİCARET A.Ş. - Pay Alım Satım Bildirimi,Pay Alım Satım Bildirimi Pay Satım Bildirimi Hk.,https://www.kap.org.tr/tr/Bildirim/1494411,tr,2025-09-30T19:27:49+00:00
2025-09-30,MPARK,KAP,MLP SAĞLIK HİZMETLERİ A.Ş. - Özel Durum Açıklaması (Genel),Özel Durum Açıklaması (Genel) Yönetici Sorumluluk Poliçesine İlişkin Açıklama,https://www.kap.org.tr/tr/Bildirim/1494347,tr,2025-09-30T18:19:46+00:00
2025-09-30,MRBAS,KAP,MARBAŞ MENKUL DEĞERLER A.Ş. - Özel Durum Açıklaması (Genel),Özel Durum Açıklaması (Genel) BAREM AMBALAJ SANAYİ VE TİCARET A.Ş. Likidite Sağlayıcılığı Başvurusu Hakkında BARMA,https://www.kap.org.tr/tr/Bildirim/1494161,tr,2025-09-30T14:55:00+00:00
2025-09-30,MRS,KAP,MARBAŞ MENKUL DEĞERLER A.Ş. - Özel Durum Açıklaması (Genel),Özel Durum Açıklaması (Genel) BAREM AMBALAJ SANAYİ VE TİCARET A.Ş. Likidite Sağlayıcılığı Başvurusu Hakkında BARMA,https://www.kap.org.tr/tr/Bildirim/1494161,tr,2025-09-30T14:55:00+00:00
2025-09-30,NTHOL,KAP,NET HOLDİNG A.Ş. - Pay Alım Satım Bildirimi,Pay Alım Satım Bildirimi Şirketimizin MERİT paylarının alışı hk. MERIT,https://www.kap.org.tr/tr/Bildirim/1494373,tr,2025-09-30T18:31:59+00:00
2025-09-30,NTHOL,KAP,NET HOLDİNG A.Ş. - Payların Geri Alınmasına İlişkin Bildirim,Payların Geri Alınmasına İlişkin Bildirim Şirketimizin kendi paylarının geri alımı hakkında,https://www.kap.org.tr/tr/Bildirim/1494370,tr,2025-09-30T18:31:00+00:00
2025-09-30,ODINE,KAP,ODİNE SOLUTİONS TEKNOLOJİ TİCARET VE SANAYİ A.Ş. - Yeni İş İlişkisi,Yeni İş İlişkisi TD SYNNEX İş Ortaklığı Anlaşması Hk.,https://www.kap.org.tr/tr/Bildirim/1493959,tr,2025-09-30T08:39:40+00:00
2025-09-30,ORGE,KAP,ORGE ENERJİ ELEKTRİK TAAHHÜT A.Ş. - Payların Geri Alınmasına İlişkin Bildirim,Payların Geri Alınmasına İlişkin Bildirim 30.09.2025 Tarihli Pay Geri Alım İşlemi,https://www.kap.org.tr/tr/Bildirim/1494395,tr,2025-09-30T18:53:47+00:00
2025-09-30,OYA,KAP,OYAK YATIRIM MENKUL DEĞERLER A.Ş. - Piyasa Yapıcılığı Kapsamında Gerçekleştirilen İşlemler Bildirimi,Piyasa Yapıcılığı Kapsamında Gerçekleştirilen İşlemler Bildirimi 30/09/2025 TARİHLİ OYAYO PİYASA YAPICILIĞI İŞLEMLERİ OYAYO,https://www.kap.org.tr/tr/Bildirim/1494365,tr,2025-09-30T18:29:42+00:00
2025-09-30,OYAKC,KAP,OYAK ÇİMENTO FABRİKALARI A.Ş. - Entegre Rapor,Entegre Rapor 2024 Yılı Entegre Raporu,https://www.kap.org.tr/tr/Bildirim/1494406,tr,2025-09-30T19:19:27+00:00
2025-09-30,OYAYO,KAP,OYAK YATIRIM ORTAKLIĞI A.Ş. - Özel Durum Açıklaması (Genel),"Özel Durum Açıklaması (Genel) Ortaklık paylarının BİAŞ'ta oluşan ağırlıklı ortalama fiyatının, pay başına net aktif değerinin 2 katını aşması hakkında",https://www.kap.org.tr/tr/Bildirim/1493995,tr,2025-09-30T10:12:48+00:00
2025-09-30,OYAYO,KAP,OYAK YATIRIM ORTAKLIĞI A.Ş. - Haftalık Rapor,Haftalık Rapor 26.09.2025 Tarihli Haftalık Rapor,https://www.kap.org.tr/tr/Bildirim/1493962,tr,2025-09-30T09:09:47+00:00
2025-09-30,OYYAT,KAP,OYAK YATIRIM MENKUL DEĞERLER A.Ş. - Piyasa Yapıcılığı Kapsamında Gerçekleştirilen İşlemler Bildirimi,Piyasa Yapıcılığı Kapsamında Gerçekleştirilen İşlemler Bildirimi 30/09/2025 TARİHLİ OYAYO PİYASA YAPICILIĞI İŞLEMLERİ OYAYO,https://www.kap.org.tr/tr/Bildirim/1494365,tr,2025-09-30T18:29:42+00:00
2025-09-30,PARSN,KAP,PARSAN MAKİNA PARÇALARI SANAYİİ A.Ş. - Şirket Genel Bilgi Formu,Şirket Genel Bilgi Formu,https://www.kap.org.tr/tr/Bildirim/1494279,tr,2025-09-30T17:12:18+00:00
2025-09-30,PBT,KAP,PASHA YATIRIM BANKASI A.Ş. - Kredi Derecelendirmesi,Kredi Derecelendirmesi PASHA Yatırım Bankası A.Ş. 30 EYLÜL 2025 tarihli JCR Eurasia Rating Kredi Derecelendirme Raporu,https://www.kap.org.tr/tr/Bildirim/1494234,tr,2025-09-30T16:51:15+00:00
2025-09-30,PBT,KAP,PASHA YATIRIM BANKASI A.Ş. - Pay Dışında Sermaye Piyasası Aracı İşlemlerine İlişkin Bildirim (Faiz İçeren),Pay Dışında Sermaye Piyasası Aracı İşlemlerine İlişkin Bildirim (Faiz İçeren) PASHA Yatırım Bankası A.Ş. VDMK İtfası,https://www.kap.org.tr/tr/Bildirim/1494069,tr,2025-09-30T13:02:11+00:00
2025-09-30,PBTR,KAP,PASHA YATIRIM BANKASI A.Ş. - Kredi Derecelendirmesi,Kredi Derecelendirmesi PASHA Yatırım Bankası A.Ş. 30 EYLÜL 2025 tarihli JCR Eurasia Rating Kredi Derecelendirme Raporu,https://www.kap.org.tr/tr/Bildirim/1494234,tr,2025-09-30T16:51:15+00:00
2025-09-30,PBTR,KAP,PASHA YATIRIM BANKASI A.Ş. - Pay Dışında Sermaye Piyasası Aracı İşlemlerine İlişkin Bildirim (Faiz İçeren),Pay Dışında Sermaye Piyasası Aracı İşlemlerine İlişkin Bildirim (Faiz İçeren) PASHA Yatırım Bankası A.Ş. VDMK İtfası,https://www.kap.org.tr/tr/Bildirim/1494069,tr,2025-09-30T13:02:11+00:00
2025-09-30,PCILT,KAP,PC İLETİŞİM VE MEDYA HİZMETLERİ SANAYİ TİCARET A.Ş. - Payların Geri Alınmasına İlişkin Bildirim,Payların Geri Alınmasına İlişkin Bildirim 30.09.2025 Tarihli Pay Geri Alım İşlemleri,https://www.kap.org.tr/tr/Bildirim/1494468,tr,2025-09-30T19:54:20+00:00
2025-09-30,PENTA,KAP,PENTA TEKNOLOJİ ÜRÜNLERİ DAĞITIM TİCARET A.Ş. - Kredi Derecelendirmesi,Kredi Derecelendirmesi JCR Eurasia Derecelendirmesine İlişkin Özel Durum Açıklaması,https://www.kap.org.tr/tr/Bildirim/1494414,tr,2025-09-30T19:30:24+00:00
2025-09-30,PETKM,KAP,PETKİM PETROKİMYA HOLDİNG A.Ş. - Özel Durum Açıklaması (Genel),Özel Durum Açıklaması (Genel) STAR Rafineri A.Ş. lehine tesis edilen üst hakkı bedellerinin güncel tarihli değerleme raporuna istinaden peşin alınması.,https://www.kap.org.tr/tr/Bildirim/1494493,tr,2025-09-30T21:33:35+00:00
2025-09-30,PINSU,KAP,PINAR SU VE İÇECEK SANAYİ VE TİCARET A.Ş. - Kredi Derecelendirmesi,Kredi Derecelendirmesi JCR Avrasya Derecelendirme A.Ş. tarafından Şirketimize Verilen Kredi Derecelendirme Notu,https://www.kap.org.tr/tr/Bildirim/1494359,tr,2025-09-30T18:25:36+00:00
2025-09-30,PRZMA,KAP,PRİZMA PRES MATBAACILIK YAYINCILIK SANAYİ VE TİCARET A.Ş. - Sermaye Artırımı - Azaltımı İşlemlerine İlişkin Bildirim,Sermaye Artırımı - Azaltımı İşlemlerine İlişkin Bildirim Tahsisli Sermaye Artırımına İlişkin SPK Onaylı İhraç Belgesi Hk.,https://www.kap.org.tr/tr/Bildirim/1494203,tr,2025-09-30T16:26:59+00:00
2025-09-30,RALYH,KAP,RAL YATIRIM HOLDİNG A.Ş. - Kurumsal Yönetim Bilgi Formu (Güncelleme) - Yönetim Kurulu-2,Kurumsal Yönetim Bilgi Formu (Güncelleme) - Yönetim Kurulu-2 Sürdürebilirlik Komitesinin Oluşturulması,https://www.kap.org.tr/tr/Bildirim/1494381,tr,2025-09-30T18:37:40+00:00
2025-09-30,RALYH,KAP,RAL YATIRIM HOLDİNG A.Ş. - Şirket Genel Bilgi Formu,Şirket Genel Bilgi Formu,https://www.kap.org.tr/tr/Bildirim/1494344,tr,2025-09-30T18:17:37+00:00
2025-09-30,RALYH,KAP,RAL YATIRIM HOLDİNG A.Ş. - Yönetim Kurulu Komiteleri,Yönetim Kurulu Komiteleri Sürdürülebilirlik Komitesi Çalışma Usul ve Esasları,https://www.kap.org.tr/tr/Bildirim/1494326,tr,2025-09-30T18:10:19+00:00
2025-09-30,REEDR,KAP,REEDER TEKNOLOJİ SANAYİ VE TİCARET A.Ş. - Özel Durum Açıklaması (Genel),Özel Durum Açıklaması (Genel) Yönetim Kurulu Üyesi İstifası Hk.,https://www.kap.org.tr/tr/Bildirim/1494495,tr,2025-09-30T22:06:09+00:00
2025-09-30,RGYAS,KAP,RÖNESANS GAYRİMENKUL YATIRIM A.Ş. - Finansal Duran Varlık Edinimi,Finansal Duran Varlık Edinimi Müşterek Yönetime Tabi Ortaklığımızın Paylarının Alımı Hk.,https://www.kap.org.tr/tr/Bildirim/1494375,tr,2025-09-30T18:33:30+00:00
2025-09-30,RYGYO,KAP,REYSAŞ GAYRİMENKUL YATIRIM ORTAKLIĞI A.Ş. - Pay Alım Satım Bildirimi,Pay Alım Satım Bildirimi Pay Alımı Hk.,https://www.kap.org.tr/tr/Bildirim/1493975,tr,2025-09-30T09:25:56+00:00
2025-09-30,SANFM,KAP,SANİFOAM ENDÜSTRİ VE TÜKETİM ÜRÜNLERİ SANAYİ TİCARET A.Ş. - Kar Payı Dağıtım İşlemlerine İlişkin Bildirim,Kar Payı Dağıtım İşlemlerine İlişkin Bildirim Sermaye Artırımı Nedeniyle Kar Payı Dağıtım Oranlarının Güncellenmesi Hk.,https://www.kap.org.tr/tr/Bildirim/1493978,tr,2025-09-30T09:37:18+00:00
2025-09-30,SASA,KAP,SASA POLYESTER SANAYİ A.Ş. - Pay Alım Satım Bildirimi,Pay Alım Satım Bildirimi Sürekli Bilgilere İlişkin Özel Durum Açıklaması,https://www.kap.org.tr/tr/Bildirim/1494485,tr,2025-09-30T20:09:58+00:00
2025-09-30,SASA,KAP,SASA POLYESTER SANAYİ A.Ş. - Özel Durum Açıklaması (Genel),Özel Durum Açıklaması (Genel) Nitelikli kurumsal yatırımcılara yönelik hızlandırılmış talep toplama sürecinin başlaması,https://www.kap.org.tr/tr/Bildirim/1494442,tr,2025-09-30T19:46:12+00:00
2025-09-30,SASA,KAP,SASA POLYESTER SANAYİ A.Ş. - Pay Alım Satım Bildirimi,Pay Alım Satım Bildirimi SÜREKLİ BİLGİLERE İLİŞKİN ÖZEL DURUM AÇIKLAMASI,https://www.kap.org.tr/tr/Bildirim/1494438,tr,2025-09-30T19:44:16+00:00
2025-09-30,SKTAS,KAP,SÖKTAŞ TEKSTİL SANAYİ VE TİCARET A.Ş. - Sürdürülebilirlik Raporu,Sürdürülebilirlik Raporu 2024 yılı Türkiye Sürdürülebilirlik Raporlama Standartları (TSRS) Uyumlu Sürdürülebilirlik Raporu,https://www.kap.org.tr/tr/Bildirim/1494396,tr,2025-09-30T18:55:08+00:00
2025-09-30,SKTAS,KAP,SÖKTAŞ TEKSTİL SANAYİ VE TİCARET A.Ş. - Sermaye Artırımı - Azaltımı İşlemlerine İlişkin Bildirim,Sermaye Artırımı - Azaltımı İşlemlerine İlişkin Bildirim Şirketimiz Ana Sözleşmesinin Tadiline İlişkin SPK Başvurusu,https://www.kap.org.tr/tr/Bildirim/1494392,tr,2025-09-30T18:45:55+00:00
2025-09-30,SKYLP,KAP,SKYALP FİNANSAL TEKNOLOJİLER VE DANIŞMANLIK A.Ş. - Şirket Genel Bilgi Formu,Şirket Genel Bilgi Formu,https://www.kap.org.tr/tr/Bildirim/1494196,tr,2025-09-30T16:15:26+00:00
2025-09-30,SKYLP,KAP,SKYALP FİNANSAL TEKNOLOJİLER VE DANIŞMANLIK A.Ş. - Finansal Duran Varlık Satışı,Finansal Duran Varlık Satışı Finansal Duran Varlık Satışı Hk.,https://www.kap.org.tr/tr/Bildirim/1494194,tr,2025-09-30T16:14:06+00:00
2025-09-30,TAC,KAP,TACİRLER YATIRIM MENKUL DEĞERLER A.Ş. - Pay Dışında Sermaye Piyasası Aracı İşlemlerine İlişkin Bildirim (Faiz İçeren),Pay Dışında Sermaye Piyasası Aracı İşlemlerine İlişkin Bildirim (Faiz İçeren) TRFTCMD32624 ISIN Kodlu Bono İhracı Hk.,https://www.kap.org.tr/tr/Bildirim/1494036,tr,2025-09-30T11:59:01+00:00
2025-09-30,TATEN,KAP,TATLIPINAR ENERJİ ÜRETİM A.Ş. - Şirket Genel Bilgi Formu,Şirket Genel Bilgi Formu,https://www.kap.org.tr/tr/Bildirim/1494179,tr,2025-09-30T15:50:32+00:00
2025-09-30,TCKRC,KAP,KIRAÇ GALVANİZ TELEKOMİNİKASYON METAL MAKİNE İNŞAAT ELEKTRİK SANAYİ VE TİCARET A.Ş. - Payların Geri Alınmasına İlişkin Bildirim,Payların Geri Alınmasına İlişkin Bildirim Payların Geri Alınmasına İlişkin Bildirim,https://www.kap.org.tr/tr/Bildirim/1494363,tr,2025-09-30T18:28:01+00:00
2025-09-30,TCRYT,KAP,TACİRLER YATIRIM MENKUL DEĞERLER A.Ş. - Pay Dışında Sermaye Piyasası Aracı İşlemlerine İlişkin Bildirim (Faiz İçeren),Pay Dışında Sermaye Piyasası Aracı İşlemlerine İlişkin Bildirim (Faiz İçeren) TRFTCMD32624 ISIN Kodlu Bono İhracı Hk.,https://www.kap.org.tr/tr/Bildirim/1494036,tr,2025-09-30T11:59:01+00:00
2025-09-30,TERA,KAP,TERA YATIRIM MENKUL DEĞERLER A.Ş. - Toptan Alış Satış İşlemi Bildirimi,Toptan Alış Satış İşlemi Bildirimi ALVES Toptan Alış Satış İşlem Bildirimi ALVES,https://www.kap.org.tr/tr/Bildirim/1494219,tr,2025-09-30T16:39:42+00:00
2025-09-30,TGB,KAP,TÜRKİYE GARANTİ BANKASI A.Ş. - Kredi Derecelendirmesi,Kredi Derecelendirmesi JCR Kredi Derecelendirme Notu Hakkında,https://www.kap.org.tr/tr/Bildirim/1494353,tr,2025-09-30T18:22:25+00:00
2025-09-30,TGB,KAP,TÜRKİYE GARANTİ BANKASI A.Ş. - Pay Dışında Sermaye Piyasası Aracı İşlemlerine İlişkin Bildirim (Faiz İçeren),Pay Dışında Sermaye Piyasası Aracı İşlemlerine İlişkin Bildirim (Faiz İçeren) Yurtdışı Piyasalara Tahvil İhracı SPK Onayı,https://www.kap.org.tr/tr/Bildirim/1494352,tr,2025-09-30T18:21:42+00:00
2025-09-30,TGB,KAP,TÜRKİYE GARANTİ BANKASI A.Ş. - Pay Dışında Sermaye Piyasası Aracı İşlemlerine İlişkin Bildirim (Faiz İçeren),Pay Dışında Sermaye Piyasası Aracı İşlemlerine İlişkin Bildirim (Faiz İçeren) Yurtdışı Piyasalara Tahvil İhracı SPK Onayı,https://www.kap.org.tr/tr/Bildirim/1494350,tr,2025-09-30T18:21:16+00:00
2025-09-30,THR,KAP,TÜRKİYE İHRACAT KREDİ BANKASI A.Ş. - Pay Dışında Sermaye Piyasası Aracı İşlemlerine İlişkin Bildirim (Faiz İçeren),Pay Dışında Sermaye Piyasası Aracı İşlemlerine İlişkin Bildirim (Faiz İçeren) XS3040597968 ISIN Kodlu Finansman Bonosunun İtfası Hk,https://www.kap.org.tr/tr/Bildirim/1494183,tr,2025-09-30T15:54:23+00:00
2025-09-30,THR,KAP,TÜRKİYE İHRACAT KREDİ BANKASI A.Ş. - Pay Dışında Sermaye Piyasası Aracı İşlemlerine İlişkin Bildirim (Faiz İçeren),Pay Dışında Sermaye Piyasası Aracı İşlemlerine İlişkin Bildirim (Faiz İçeren) XS3040402037 ISIN Kodlu Finansman Bonosunun İtfası Hk,https://www.kap.org.tr/tr/Bildirim/1494180,tr,2025-09-30T15:50:46+00:00
2025-09-30,THR,KAP,TÜRKİYE İHRACAT KREDİ BANKASI A.Ş. - Pay Dışında Sermaye Piyasası Aracı İşlemlerine İlişkin Bildirim (Faiz İçeren),Pay Dışında Sermaye Piyasası Aracı İşlemlerine İlişkin Bildirim (Faiz İçeren) XS3036678814 ISIN Kodlu Finansman Bonosunun İtfası Hk,https://www.kap.org.tr/tr/Bildirim/1494177,tr,2025-09-30T15:46:17+00:00
2025-09-30,THR,KAP,TÜRKİYE İHRACAT KREDİ BANKASI A.Ş. - Pay Dışında Sermaye Piyasası Aracı İşlemlerine İlişkin Bildirim (Faiz İçeren),Pay Dışında Sermaye Piyasası Aracı İşlemlerine İlişkin Bildirim (Faiz İçeren) XS3040597703 ISIN Kodlu Finansman Bonosunun İtfası Hk,https://www.kap.org.tr/tr/Bildirim/1494171,tr,2025-09-30T15:31:58+00:00
2025-09-30,THYAO,KAP,TÜRK HAVA YOLLARI A.O. - Özel Durum Açıklaması (Genel),Özel Durum Açıklaması (Genel) Yeni Hat Açılışı,https://www.kap.org.tr/tr/Bildirim/1494220,tr,2025-09-30T16:44:49+00:00
2025-09-30,TRA,KAP,TERA YATIRIM MENKUL DEĞERLER A.Ş. - Toptan Alış Satış İşlemi Bildirimi,Toptan Alış Satış İşlemi Bildirimi ALVES Toptan Alış Satış İşlem Bildirimi ALVES,https://www.kap.org.tr/tr/Bildirim/1494219,tr,2025-09-30T16:39:42+00:00
2025-09-30,TRALT,KAP,KOZA ALTIN İŞLETMELERİ A.Ş. - Özel Durum Açıklaması (Genel),Özel Durum Açıklaması (Genel) İstanbul İli Beşiktaş İlçesi Bebek Mahallesi 1259 Ada 132 -133 Parselde Bulunan Gayrimenkulümüzün Satışı Hk.,https://www.kap.org.tr/tr/Bildirim/1494330,tr,2025-09-30T18:10:41+00:00
2025-09-30,TRYKI,KAP,TİRYAKİ AGRO GIDA SANAYİ VE TİCARET A.Ş. - Finansal Rapor,Finansal Rapor,https://www.kap.org.tr/tr/Bildirim/1494500,tr,2025-09-30T23:55:59+00:00
2025-09-30,TRYKI,KAP,TİRYAKİ AGRO GIDA SANAYİ VE TİCARET A.Ş. - Faaliyet Raporu (Konsolide),Faaliyet Raporu (Konsolide) Tiryaki Agro 2025 Faaliyet Raporu,https://www.kap.org.tr/tr/Bildirim/1494499,tr,2025-09-30T23:55:42+00:00
2025-09-30,TTKOM,KAP,TÜRK TELEKOMÜNİKASYON A.Ş. - İhraç Belgesi,İhraç Belgesi Borçlanma Aracı İhracına İlişkin Sermaye Piyasası Kurulu Onayı,https://www.kap.org.tr/tr/Bildirim/1494494,tr,2025-09-30T21:40:26+00:00
2025-09-30,TTKOM,KAP,TÜRK TELEKOMÜNİKASYON A.Ş. - İhraç Tavanına İlişkin Bildirim,İhraç Tavanına İlişkin Bildirim Yeşil Tahvil İhracına İlişkin Derecelendirme ve Yetkilendirme,https://www.kap.org.tr/tr/Bildirim/1494046,tr,2025-09-30T12:19:36+00:00
2025-09-30,TTKOM,KAP,TÜRK TELEKOMÜNİKASYON A.Ş. - Özel Durum Açıklaması (Genel),Özel Durum Açıklaması (Genel) Uzun Vadeli Kredi Anlaşması,https://www.kap.org.tr/tr/Bildirim/1493963,tr,2025-09-30T09:10:08+00:00
2025-09-30,TURGG,KAP,TÜRKER PROJE GAYRİMENKUL VE YATIRIM GELİŞTİRME A.Ş. - Kayıtlı Sermaye Tavanı İşlemlerine İlişkin Bildirim,Kayıtlı Sermaye Tavanı İşlemlerine İlişkin Bildirim Kayıtlı Sermaye Tavanı Artırımı Konulu Esas Sözleşme Değişikliğine İlişkin SPK Başvurusu,https://www.kap.org.tr/tr/Bildirim/1494386,tr,2025-09-30T18:40:48+00:00
2025-09-30,TURGG,KAP,TÜRKER PROJE GAYRİMENKUL VE YATIRIM GELİŞTİRME A.Ş. - Sermaye Artırımı - Azaltımı İşlemlerine İlişkin Bildirim,Sermaye Artırımı - Azaltımı İşlemlerine İlişkin Bildirim Sermaye Artırımının Tamamlanması ve Esas Sözleşme Değişikliği için SPK'ya Başvurulması,https://www.kap.org.tr/tr/Bildirim/1494385,tr,2025-09-30T18:40:39+00:00
2025-09-30,USAK,KAP,UŞAK SERAMİK SANAYİ A.Ş. - İzahname (SPK Onayına Sunulan),İzahname (SPK Onayına Sunulan) Bedelli Sermaye Artırımına İlişkin SPK Onayına Sunulan Taslak İzahname,https://www.kap.org.tr/tr/Bildirim/1494198,tr,2025-09-30T16:17:41+00:00
2025-09-30,VBTYZ,KAP,VBT YAZILIM A.Ş. - Bağımsız Denetim Kuruluşunun Belirlenmesi,Bağımsız Denetim Kuruluşunun Belirlenmesi Sürdürülebilirilk Raporlaması Bağımsız Denetim Şirketi Seçimi,https://www.kap.org.tr/tr/Bildirim/1494222,tr,2025-09-30T16:48:20+00:00
2025-09-30,VKFYO,KAP,VAKIF MENKUL KIYMET YATIRIM ORTAKLIĞI A.Ş. - Özel Durum Açıklaması (Genel),"Özel Durum Açıklaması (Genel) Şirketimizin BİAŞ'da oluşan ağırlıklı ortalama fiyatın, pay başına net aktif değerin 2 katını aşması sebebiyle yapılan açıklamadır.",https://www.kap.org.tr/tr/Bildirim/1494492,tr,2025-09-30T21:20:19+00:00
2025-09-30,VKFYO,KAP,VAKIF MENKUL KIYMET YATIRIM ORTAKLIĞI A.Ş. - Haftalık Rapor,Haftalık Rapor 26.09.2025 Tarihli Haftalık Rapor,https://www.kap.org.tr/tr/Bildirim/1493958,tr,2025-09-30T01:14:11+00:00
2025-09-30,YKB,KAP,YAPI VE KREDİ BANKASI A.Ş. - Kurumsal Yönetim İlkelerine Uyum Derecelendirmesi,Kurumsal Yönetim İlkelerine Uyum Derecelendirmesi Kurumsal Yönetim Derecelendirme Sözleşmesi hk.,https://www.kap.org.tr/tr/Bildirim/1494163,tr,2025-09-30T14:58:17+00:00
2025-09-30,YKBNK,KAP,YAPI VE KREDİ BANKASI A.Ş. - Kurumsal Yönetim İlkelerine Uyum Derecelendirmesi,Kurumsal Yönetim İlkelerine Uyum Derecelendirmesi Kurumsal Yönetim Derecelendirme Sözleşmesi hk.,https://www.kap.org.tr/tr/Bildirim/1494163,tr,2025-09-30T14:58:17+00:00
